Date,close,high,low,open,volume
2014-01-02,0.20000000298023224,0.25,0.20000000298023224,0.20000000298023224,11000
2014-01-03,0.20000000298023224,0.20000000298023224,0.20000000298023224,0.20000000298023224,0
2014-01-06,0.20000000298023224,0.20000000298023224,0.20000000298023224,0.20000000298023224,0
2014-01-07,0.25,0.25,0.25,0.25,2000
2014-01-08,0.25,0.25,0.25,0.25,0
2014-01-09,0.20000000298023224,0.20000000298023224,0.20000000298023224,0.20000000298023224,1000
2014-01-10,0.25,0.25,0.20000000298023224,0.20000000298023224,26300
2014-01-13,0.25,0.25,0.25,0.25,8000
2014-01-14,0.30000001192092896,0.30000001192092896,0.25,0.25,18220
2014-01-15,0.30000001192092896,0.30000001192092896,0.30000001192092896,0.30000001192092896,620
2014-01-16,0.30000001192092896,0.30000001192092896,0.30000001192092896,0.30000001192092896,2200
2014-01-17,0.30000001192092896,0.30000001192092896,0.30000001192092896,0.30000001192092896,24280
2014-01-21,0.30000001192092896,0.30000001192092896,0.30000001192092896,0.30000001192092896,25260
2014-01-22,0.3499999940395355,0.3499999940395355,0.30000001192092896,0.30000001192092896,15640
2014-01-23,0.30000001192092896,0.30000001192092896,0.30000001192092896,0.30000001192092896,1600
2014-01-24,0.3499999940395355,0.3499999940395355,0.30000001192092896,0.30000001192092896,11180
2014-01-27,0.3499999940395355,0.3499999940395355,0.30000001192092896,0.30000001192092896,35000
2014-01-28,0.30000001192092896,0.30000001192092896,0.30000001192092896,0.30000001192092896,8600
2014-01-29,0.30000001192092896,0.30000001192092896,0.30000001192092896,0.30000001192092896,0
2014-01-30,0.30000001192092896,0.30000001192092896,0.30000001192092896,0.30000001192092896,100
2014-01-31,0.30000001192092896,0.30000001192092896,0.30000001192092896,0.30000001192092896,0
2014-02-03,0.30000001192092896,0.30000001192092896,0.30000001192092896,0.30000001192092896,0
2014-02-04,0.4000000059604645,0.4000000059604645,0.30000001192092896,0.30000001192092896,37400
2014-02-05,0.4000000059604645,0.4000000059604645,0.4000000059604645,0.4000000059604645,27220
2014-02-06,0.4000000059604645,0.4000000059604645,0.4000000059604645,0.4000000059604645,4040
2014-02-07,0.4000000059604645,0.4000000059604645,0.3499999940395355,0.4000000059604645,10200
2014-02-10,0.4000000059604645,0.44999998807907104,0.4000000059604645,0.4000000059604645,20120
2014-02-11,0.44999998807907104,0.44999998807907104,0.4000000059604645,0.4000000059604645,36620
2014-02-12,0.4000000059604645,0.4000000059604645,0.4000000059604645,0.4000000059604645,9260
2014-02-13,0.44999998807907104,0.5,0.44999998807907104,0.44999998807907104,32300
2014-02-14,0.550000011920929,0.550000011920929,0.44999998807907104,0.44999998807907104,12460
2014-02-18,0.6000000238418579,0.6000000238418579,0.550000011920929,0.550000011920929,43780
2014-02-19,0.550000011920929,0.6000000238418579,0.550000011920929,0.550000011920929,13820
2014-02-20,0.6000000238418579,0.6000000238418579,0.6000000238418579,0.6000000238418579,2100
2014-02-21,0.5,0.550000011920929,0.5,0.550000011920929,19340
2014-02-24,0.44999998807907104,0.550000011920929,0.4000000059604645,0.550000011920929,149540
2014-02-25,0.5,0.550000011920929,0.44999998807907104,0.5,74600
2014-02-26,0.550000011920929,0.550000011920929,0.5,0.550000011920929,223620
2014-02-27,0.550000011920929,0.550000011920929,0.44999998807907104,0.5,34860
2014-02-28,0.5,0.550000011920929,0.5,0.550000011920929,3300
2014-03-03,0.5,0.550000011920929,0.5,0.550000011920929,1360
2014-03-04,0.550000011920929,0.550000011920929,0.5,0.5,3300
2014-03-05,0.5,0.5,0.5,0.5,21300
2014-03-06,0.5,0.5,0.44999998807907104,0.44999998807907104,3940
2014-03-07,0.5,0.5,0.44999998807907104,0.5,14100
2014-03-10,0.44999998807907104,0.44999998807907104,0.44999998807907104,0.44999998807907104,4000
2014-03-11,0.44999998807907104,0.5,0.4000000059604645,0.44999998807907104,25600
2014-03-12,0.44999998807907104,0.44999998807907104,0.3499999940395355,0.3499999940395355,23220
2014-03-13,0.44999998807907104,0.5,0.4000000059604645,0.44999998807907104,30160
2014-03-14,0.5,0.5,0.44999998807907104,0.5,6120
2014-03-17,0.44999998807907104,0.5,0.4000000059604645,0.44999998807907104,7720
2014-03-18,0.44999998807907104,0.5,0.4000000059604645,0.44999998807907104,31640
2014-03-19,0.5,0.5,0.4000000059604645,0.4000000059604645,11840
2014-03-20,0.44999998807907104,0.44999998807907104,0.44999998807907104,0.44999998807907104,7060
2014-03-21,0.44999998807907104,0.5,0.44999998807907104,0.5,6700
2014-03-24,0.44999998807907104,0.44999998807907104,0.44999998807907104,0.44999998807907104,9860
2014-03-25,0.44999998807907104,0.44999998807907104,0.4000000059604645,0.44999998807907104,20680
2014-03-26,0.44999998807907104,0.44999998807907104,0.44999998807907104,0.44999998807907104,17140
2014-03-27,0.44999998807907104,0.44999998807907104,0.44999998807907104,0.44999998807907104,11000
2014-03-28,0.44999998807907104,0.44999998807907104,0.44999998807907104,0.44999998807907104,5220
2014-03-31,0.44999998807907104,0.44999998807907104,0.44999998807907104,0.44999998807907104,1280
2014-04-01,0.44999998807907104,0.44999998807907104,0.44999998807907104,0.44999998807907104,0
2014-04-02,0.4000000059604645,0.44999998807907104,0.4000000059604645,0.44999998807907104,28800
2014-04-03,0.44999998807907104,0.44999998807907104,0.44999998807907104,0.44999998807907104,6800
2014-04-04,0.5,0.5,0.44999998807907104,0.44999998807907104,8740
2014-04-07,0.5,0.5,0.44999998807907104,0.5,8520
2014-04-08,0.5,0.5,0.5,0.5,200
2014-04-09,0.5,0.5,0.5,0.5,0
2014-04-10,0.5,0.5,0.5,0.5,600
2014-04-11,0.44999998807907104,0.44999998807907104,0.4000000059604645,0.44999998807907104,56660
2014-04-14,0.5,0.5,0.44999998807907104,0.44999998807907104,4120
2014-04-15,0.44999998807907104,0.44999998807907104,0.44999998807907104,0.44999998807907104,26360
2014-04-16,0.44999998807907104,0.44999998807907104,0.4000000059604645,0.44999998807907104,1320
2014-04-17,0.44999998807907104,0.44999998807907104,0.44999998807907104,0.44999998807907104,4300
2014-04-21,0.4000000059604645,0.4000000059604645,0.4000000059604645,0.4000000059604645,12000
2014-04-22,0.4000000059604645,0.4000000059604645,0.4000000059604645,0.4000000059604645,0
2014-04-23,0.4000000059604645,0.44999998807907104,0.4000000059604645,0.4000000059604645,480
2014-04-24,0.4000000059604645,0.4000000059604645,0.4000000059604645,0.4000000059604645,5280
2014-04-25,0.4000000059604645,0.4000000059604645,0.4000000059604645,0.4000000059604645,14800
2014-04-28,0.44999998807907104,0.44999998807907104,0.44999998807907104,0.44999998807907104,60
2014-04-29,0.4000000059604645,0.4000000059604645,0.4000000059604645,0.4000000059604645,8660
2014-04-30,0.4000000059604645,0.4000000059604645,0.4000000059604645,0.4000000059604645,20700
2014-05-01,0.4000000059604645,0.4000000059604645,0.4000000059604645,0.4000000059604645,4000
2014-05-02,0.4000000059604645,0.4000000059604645,0.4000000059604645,0.4000000059604645,24820
2014-05-05,0.4000000059604645,0.4000000059604645,0.4000000059604645,0.4000000059604645,36300
2014-05-06,0.3499999940395355,0.4000000059604645,0.30000001192092896,0.4000000059604645,173740
2014-05-07,0.3499999940395355,0.3499999940395355,0.30000001192092896,0.30000001192092896,8000
2014-05-08,0.3499999940395355,0.3499999940395355,0.3499999940395355,0.3499999940395355,0
2014-05-09,0.3499999940395355,0.3499999940395355,0.3499999940395355,0.3499999940395355,0
2014-05-12,0.4000000059604645,0.4000000059604645,0.4000000059604645,0.4000000059604645,320
2014-05-13,0.4000000059604645,0.4000000059604645,0.4000000059604645,0.4000000059604645,0
2014-05-14,0.3499999940395355,0.3499999940395355,0.3499999940395355,0.3499999940395355,8000
2014-05-15,0.4000000059604645,0.4000000059604645,0.30000001192092896,0.3499999940395355,37880
2014-05-16,0.30000001192092896,0.30000001192092896,0.30000001192092896,0.30000001192092896,46620
2014-05-19,0.30000001192092896,0.30000001192092896,0.30000001192092896,0.30000001192092896,2000
2014-05-20,0.30000001192092896,0.30000001192092896,0.30000001192092896,0.30000001192092896,3200
2014-05-21,0.30000001192092896,0.30000001192092896,0.30000001192092896,0.30000001192092896,4000
2014-05-22,0.30000001192092896,0.30000001192092896,0.30000001192092896,0.30000001192092896,600
2014-05-23,0.30000001192092896,0.30000001192092896,0.30000001192092896,0.30000001192092896,0
2014-05-27,0.25,0.30000001192092896,0.25,0.30000001192092896,400
2014-05-28,0.25,0.25,0.25,0.25,0
2014-05-29,0.25,0.25,0.25,0.25,0
2014-05-30,0.30000001192092896,0.30000001192092896,0.30000001192092896,0.30000001192092896,4600
2014-06-02,0.30000001192092896,0.30000001192092896,0.30000001192092896,0.30000001192092896,1060
2014-06-03,0.30000001192092896,0.30000001192092896,0.30000001192092896,0.30000001192092896,0
2014-06-04,0.30000001192092896,0.30000001192092896,0.30000001192092896,0.30000001192092896,0
2014-06-05,0.30000001192092896,0.30000001192092896,0.30000001192092896,0.30000001192092896,0
2014-06-06,0.3499999940395355,0.3499999940395355,0.3499999940395355,0.3499999940395355,2000
2014-06-09,0.30000001192092896,0.30000001192092896,0.30000001192092896,0.30000001192092896,400
2014-06-10,0.30000001192092896,0.30000001192092896,0.30000001192092896,0.30000001192092896,400
2014-06-11,0.30000001192092896,0.30000001192092896,0.30000001192092896,0.30000001192092896,400
2014-06-12,0.3499999940395355,0.3499999940395355,0.3499999940395355,0.3499999940395355,4400
2014-06-13,0.3499999940395355,0.3499999940395355,0.3499999940395355,0.3499999940395355,0
2014-06-16,0.4000000059604645,0.4000000059604645,0.4000000059604645,0.4000000059604645,2420
2014-06-17,0.3499999940395355,0.3499999940395355,0.3499999940395355,0.3499999940395355,3000
2014-06-18,0.30000001192092896,0.44999998807907104,0.30000001192092896,0.3499999940395355,6420
2014-06-19,0.3499999940395355,0.44999998807907104,0.30000001192092896,0.30000001192092896,27820
2014-06-20,0.4000000059604645,0.4000000059604645,0.4000000059604645,0.4000000059604645,8200
2014-06-23,0.4000000059604645,0.4000000059604645,0.4000000059604645,0.4000000059604645,140
2014-06-24,0.4000000059604645,0.4000000059604645,0.3499999940395355,0.3499999940395355,1400
2014-06-25,0.44999998807907104,0.44999998807907104,0.4000000059604645,0.4000000059604645,2900
2014-06-26,0.3499999940395355,0.3499999940395355,0.3499999940395355,0.3499999940395355,1000
2014-06-27,0.4000000059604645,0.4000000059604645,0.3499999940395355,0.3499999940395355,7440
2014-06-30,0.3499999940395355,0.3499999940395355,0.3499999940395355,0.3499999940395355,4000
2014-07-01,0.3499999940395355,0.3499999940395355,0.30000001192092896,0.30000001192092896,2160
2014-07-02,0.3499999940395355,0.3499999940395355,0.3499999940395355,0.3499999940395355,0
2014-07-03,0.3499999940395355,0.3499999940395355,0.3499999940395355,0.3499999940395355,0
2014-07-07,0.3499999940395355,0.4000000059604645,0.3499999940395355,0.3499999940395355,16380
2014-07-08,0.44999998807907104,0.44999998807907104,0.44999998807907104,0.44999998807907104,1600
2014-07-09,0.4000000059604645,0.4000000059604645,0.3499999940395355,0.3499999940395355,6580
2014-07-10,0.4000000059604645,0.4000000059604645,0.4000000059604645,0.4000000059604645,6700
2014-07-11,0.3499999940395355,0.44999998807907104,0.3499999940395355,0.44999998807907104,4220
2014-07-14,0.4000000059604645,0.4000000059604645,0.3499999940395355,0.4000000059604645,19800
2014-07-15,0.4000000059604645,0.4000000059604645,0.4000000059604645,0.4000000059604645,3000
2014-07-16,0.5,0.5,0.44999998807907104,0.44999998807907104,54460
2014-07-17,0.5,0.5,0.3499999940395355,0.5,42720
2014-07-18,0.44999998807907104,0.5,0.44999998807907104,0.5,3400
2014-07-21,0.5,0.5,0.4000000059604645,0.4000000059604645,5000
2014-07-22,0.44999998807907104,0.44999998807907104,0.44999998807907104,0.44999998807907104,36140
2014-07-23,0.44999998807907104,0.44999998807907104,0.4000000059604645,0.44999998807907104,7640
2014-07-24,0.4000000059604645,0.44999998807907104,0.4000000059604645,0.4000000059604645,24060
2014-07-25,0.4000000059604645,0.44999998807907104,0.4000000059604645,0.4000000059604645,40260
2014-07-28,0.44999998807907104,0.44999998807907104,0.44999998807907104,0.44999998807907104,27100
2014-07-29,0.44999998807907104,0.44999998807907104,0.4000000059604645,0.44999998807907104,7280
2014-07-30,0.44999998807907104,0.44999998807907104,0.44999998807907104,0.44999998807907104,0
2014-07-31,0.44999998807907104,0.44999998807907104,0.44999998807907104,0.44999998807907104,0
2014-08-01,0.44999998807907104,0.44999998807907104,0.4000000059604645,0.44999998807907104,8300
2014-08-04,0.4000000059604645,0.44999998807907104,0.4000000059604645,0.44999998807907104,33600
2014-08-05,0.4000000059604645,0.4000000059604645,0.4000000059604645,0.4000000059604645,5920
2014-08-06,0.4000000059604645,0.4000000059604645,0.4000000059604645,0.4000000059604645,0
2014-08-07,0.4000000059604645,0.4000000059604645,0.4000000059604645,0.4000000059604645,1000
2014-08-08,0.4000000059604645,0.4000000059604645,0.4000000059604645,0.4000000059604645,1100
2014-08-11,0.4000000059604645,0.5,0.4000000059604645,0.44999998807907104,3900
2014-08-12,0.4000000059604645,0.4000000059604645,0.4000000059604645,0.4000000059604645,2000
2014-08-13,0.4000000059604645,0.4000000059604645,0.4000000059604645,0.4000000059604645,1020
2014-08-14,0.4000000059604645,0.4000000059604645,0.4000000059604645,0.4000000059604645,740
2014-08-15,0.4000000059604645,0.4000000059604645,0.4000000059604645,0.4000000059604645,0
2014-08-18,0.4000000059604645,0.4000000059604645,0.4000000059604645,0.4000000059604645,20220
2014-08-19,0.4000000059604645,0.4000000059604645,0.4000000059604645,0.4000000059604645,1200
2014-08-20,0.4000000059604645,0.4000000059604645,0.4000000059604645,0.4000000059604645,560
2014-08-21,0.4000000059604645,0.4000000059604645,0.4000000059604645,0.4000000059604645,580
2014-08-22,0.4000000059604645,0.4000000059604645,0.4000000059604645,0.4000000059604645,1200
2014-08-25,0.4000000059604645,0.4000000059604645,0.4000000059604645,0.4000000059604645,2200
2014-08-26,0.3499999940395355,0.4000000059604645,0.3499999940395355,0.4000000059604645,15600
2014-08-27,0.4000000059604645,0.4000000059604645,0.4000000059604645,0.4000000059604645,1000
2014-08-28,0.3499999940395355,0.4000000059604645,0.3499999940395355,0.4000000059604645,1200
2014-08-29,0.4000000059604645,0.4000000059604645,0.3499999940395355,0.3499999940395355,13920
2014-09-02,0.4000000059604645,0.4000000059604645,0.3499999940395355,0.3499999940395355,2800
2014-09-03,0.3499999940395355,0.4000000059604645,0.3499999940395355,0.4000000059604645,55200
2014-09-04,0.3499999940395355,0.3499999940395355,0.30000001192092896,0.3499999940395355,7420
2014-09-05,0.3499999940395355,0.3499999940395355,0.3499999940395355,0.3499999940395355,3080
2014-09-08,0.30000001192092896,0.3499999940395355,0.30000001192092896,0.3499999940395355,7800
2014-09-09,0.30000001192092896,0.30000001192092896,0.30000001192092896,0.30000001192092896,0
2014-09-10,0.30000001192092896,0.30000001192092896,0.30000001192092896,0.30000001192092896,0
2014-09-11,0.3499999940395355,0.3499999940395355,0.3499999940395355,0.3499999940395355,420
2014-09-12,0.3499999940395355,0.3499999940395355,0.3499999940395355,0.3499999940395355,6400
2014-09-15,0.3499999940395355,0.3499999940395355,0.3499999940395355,0.3499999940395355,0
2014-09-16,0.3499999940395355,0.3499999940395355,0.3499999940395355,0.3499999940395355,5600
2014-09-17,0.3499999940395355,0.3499999940395355,0.3499999940395355,0.3499999940395355,0
2014-09-18,0.3499999940395355,0.3499999940395355,0.30000001192092896,0.30000001192092896,5300
2014-09-19,0.30000001192092896,0.3499999940395355,0.30000001192092896,0.3499999940395355,23700
2014-09-22,0.30000001192092896,0.30000001192092896,0.30000001192092896,0.30000001192092896,0
2014-09-23,0.3499999940395355,0.3499999940395355,0.30000001192092896,0.30000001192092896,1020
2014-09-24,0.3499999940395355,0.3499999940395355,0.3499999940395355,0.3499999940395355,0
2014-09-25,0.3499999940395355,0.3499999940395355,0.3499999940395355,0.3499999940395355,7060
2014-09-26,0.30000001192092896,0.30000001192092896,0.30000001192092896,0.30000001192092896,4000
2014-09-29,0.30000001192092896,0.3499999940395355,0.30000001192092896,0.3499999940395355,3000
2014-09-30,0.25,0.30000001192092896,0.20000000298023224,0.30000001192092896,5540
2014-10-01,0.25,0.30000001192092896,0.20000000298023224,0.20000000298023224,11180
2014-10-02,0.25,0.25,0.25,0.25,0
2014-10-03,0.25,0.25,0.25,0.25,4600
2014-10-06,0.30000001192092896,0.30000001192092896,0.25,0.25,4200
2014-10-07,0.30000001192092896,0.30000001192092896,0.30000001192092896,0.30000001192092896,4200
2014-10-08,0.30000001192092896,0.30000001192092896,0.30000001192092896,0.30000001192092896,1200
2014-10-09,0.25,0.25,0.25,0.25,160
2014-10-10,0.25,0.25,0.25,0.25,0
2014-10-13,0.25,0.30000001192092896,0.25,0.30000001192092896,4800
2014-10-14,0.25,0.25,0.25,0.25,0
2014-10-15,0.25,0.25,0.25,0.25,19900
2014-10-16,0.25,0.25,0.25,0.25,9900
2014-10-17,0.25,0.25,0.25,0.25,22260
2014-10-20,0.25,0.25,0.25,0.25,39200
2014-10-21,0.25,0.25,0.25,0.25,0
2014-10-22,0.25,0.25,0.25,0.25,0
2014-10-23,0.25,0.25,0.25,0.25,0
2014-10-24,0.25,0.25,0.25,0.25,0
2014-10-27,0.20000000298023224,0.20000000298023224,0.20000000298023224,0.20000000298023224,400
2014-10-28,0.25,0.25,0.25,0.25,2600
2014-10-29,0.25,0.25,0.25,0.25,180
2014-10-30,0.20000000298023224,0.25,0.20000000298023224,0.20000000298023224,24840
2014-10-31,0.20000000298023224,0.20000000298023224,0.20000000298023224,0.20000000298023224,23660
2014-11-03,0.15000000596046448,0.20000000298023224,0.15000000596046448,0.20000000298023224,59820
2014-11-04,0.15000000596046448,0.15000000596046448,0.15000000596046448,0.15000000596046448,88400
2014-11-05,0.15000000596046448,0.15000000596046448,0.15000000596046448,0.15000000596046448,16860
2014-11-06,0.20000000298023224,0.20000000298023224,0.15000000596046448,0.15000000596046448,800
2014-11-07,0.25,0.25,0.20000000298023224,0.20000000298023224,5240
2014-11-10,0.25,0.25,0.25,0.25,0
2014-11-11,0.20000000298023224,0.20000000298023224,0.20000000298023224,0.20000000298023224,200
2014-11-12,0.20000000298023224,0.20000000298023224,0.20000000298023224,0.20000000298023224,23760
2014-11-13,0.20000000298023224,0.20000000298023224,0.20000000298023224,0.20000000298023224,0
2014-11-14,0.15000000596046448,0.20000000298023224,0.15000000596046448,0.20000000298023224,16140
2014-11-17,0.20000000298023224,0.20000000298023224,0.20000000298023224,0.20000000298023224,2000
2014-11-18,0.20000000298023224,0.20000000298023224,0.20000000298023224,0.20000000298023224,0
2014-11-19,0.15000000596046448,0.20000000298023224,0.15000000596046448,0.20000000298023224,13400
2014-11-20,0.15000000596046448,0.15000000596046448,0.15000000596046448,0.15000000596046448,3600
2014-11-21,0.15000000596046448,0.20000000298023224,0.15000000596046448,0.20000000298023224,39540
2014-11-24,0.15000000596046448,0.15000000596046448,0.15000000596046448,0.15000000596046448,14400
2014-11-25,0.15000000596046448,0.15000000596046448,0.15000000596046448,0.15000000596046448,1780
2014-11-26,0.20000000298023224,0.20000000298023224,0.20000000298023224,0.20000000298023224,33480
2014-11-28,0.15000000596046448,0.20000000298023224,0.15000000596046448,0.20000000298023224,16960
2014-12-01,0.15000000596046448,0.15000000596046448,0.10000000149011612,0.15000000596046448,85000
2014-12-02,0.15000000596046448,0.15000000596046448,0.15000000596046448,0.15000000596046448,0
2014-12-03,0.10000000149011612,0.10000000149011612,0.10000000149011612,0.10000000149011612,12000
2014-12-04,0.10000000149011612,0.10000000149011612,0.10000000149011612,0.10000000149011612,0
2014-12-05,0.10000000149011612,0.10000000149011612,0.10000000149011612,0.10000000149011612,200
2014-12-08,0.10000000149011612,0.10000000149011612,0.10000000149011612,0.10000000149011612,600
2014-12-09,0.15000000596046448,0.20000000298023224,0.15000000596046448,0.15000000596046448,14000
2014-12-10,0.15000000596046448,0.15000000596046448,0.10000000149011612,0.15000000596046448,18080
2014-12-11,0.15000000596046448,0.15000000596046448,0.15000000596046448,0.15000000596046448,0
2014-12-12,0.15000000596046448,0.15000000596046448,0.15000000596046448,0.15000000596046448,3640
2014-12-15,0.15000000596046448,0.15000000596046448,0.15000000596046448,0.15000000596046448,57740
2014-12-16,0.10000000149011612,0.10000000149011612,0.10000000149011612,0.10000000149011612,400
2014-12-17,0.10000000149011612,0.10000000149011612,0.10000000149011612,0.10000000149011612,0
2014-12-18,0.15000000596046448,0.15000000596046448,0.15000000596046448,0.15000000596046448,24240
2014-12-19,0.15000000596046448,0.15000000596046448,0.15000000596046448,0.15000000596046448,36560
2014-12-22,0.15000000596046448,0.15000000596046448,0.10000000149011612,0.15000000596046448,6280
2014-12-23,0.15000000596046448,0.15000000596046448,0.10000000149011612,0.10000000149011612,16660
2014-12-24,0.15000000596046448,0.15000000596046448,0.10000000149011612,0.10000000149011612,5300
2014-12-26,0.15000000596046448,0.15000000596046448,0.15000000596046448,0.15000000596046448,311420
2014-12-29,0.15000000596046448,0.15000000596046448,0.10000000149011612,0.10000000149011612,6160
2014-12-30,0.15000000596046448,0.15000000596046448,0.10000000149011612,0.10000000149011612,31160
2014-12-31,0.10000000149011612,0.15000000596046448,0.10000000149011612,0.10000000149011612,61420
2015-01-02,0.10000000149011612,0.15000000596046448,0.10000000149011612,0.15000000596046448,7800
2015-01-05,0.10000000149011612,0.10000000149011612,0.10000000149011612,0.10000000149011612,0
2015-01-06,0.15000000596046448,0.15000000596046448,0.10000000149011612,0.15000000596046448,51300
2015-01-07,0.15000000596046448,0.15000000596046448,0.10000000149011612,0.10000000149011612,3900
2015-01-08,0.15000000596046448,0.15000000596046448,0.15000000596046448,0.15000000596046448,4000
2015-01-09,0.10000000149011612,0.10000000149011612,0.10000000149011612,0.10000000149011612,300
2015-01-12,0.10000000149011612,0.10000000149011612,0.10000000149011612,0.10000000149011612,0
2015-01-13,0.10000000149011612,0.10000000149011612,0.10000000149011612,0.10000000149011612,0
2015-01-14,0.15000000596046448,0.15000000596046448,0.15000000596046448,0.15000000596046448,4900
2015-01-15,0.15000000596046448,0.15000000596046448,0.15000000596046448,0.15000000596046448,3600
2015-01-16,0.15000000596046448,0.15000000596046448,0.15000000596046448,0.15000000596046448,5000
2015-01-20,0.10000000149011612,0.10000000149011612,0.10000000149011612,0.10000000149011612,5800
2015-01-21,0.15000000596046448,0.15000000596046448,0.15000000596046448,0.15000000596046448,10280
2015-01-22,0.15000000596046448,0.15000000596046448,0.15000000596046448,0.15000000596046448,0
2015-01-23,0.15000000596046448,0.15000000596046448,0.15000000596046448,0.15000000596046448,0
2015-01-26,0.15000000596046448,0.15000000596046448,0.10000000149011612,0.10000000149011612,5700
2015-01-27,0.15000000596046448,0.15000000596046448,0.15000000596046448,0.15000000596046448,0
2015-01-28,0.15000000596046448,0.15000000596046448,0.15000000596046448,0.15000000596046448,5000
2015-01-29,0.15000000596046448,0.15000000596046448,0.15000000596046448,0.15000000596046448,1300
2015-01-30,0.15000000596046448,0.15000000596046448,0.15000000596046448,0.15000000596046448,0
2015-02-02,0.15000000596046448,0.15000000596046448,0.15000000596046448,0.15000000596046448,0
2015-02-03,0.10000000149011612,0.15000000596046448,0.10000000149011612,0.15000000596046448,13000
2015-02-04,0.15000000596046448,0.15000000596046448,0.15000000596046448,0.15000000596046448,2600
2015-02-05,0.15000000596046448,0.15000000596046448,0.15000000596046448,0.15000000596046448,22400
2015-02-06,0.15000000596046448,0.15000000596046448,0.15000000596046448,0.15000000596046448,0
2015-02-09,0.10000000149011612,0.15000000596046448,0.10000000149011612,0.15000000596046448,34620
2015-02-10,0.10000000149011612,0.10000000149011612,0.10000000149011612,0.10000000149011612,0
2015-02-11,0.15000000596046448,0.15000000596046448,0.10000000149011612,0.10000000149011612,29280
2015-02-12,0.15000000596046448,0.15000000596046448,0.15000000596046448,0.15000000596046448,0
2015-02-13,0.10000000149011612,0.10000000149011612,0.10000000149011612,0.10000000149011612,20180
2015-02-17,0.15000000596046448,0.15000000596046448,0.10000000149011612,0.10000000149011612,20200
2015-02-18,0.10000000149011612,0.15000000596046448,0.10000000149011612,0.15000000596046448,38300
2015-02-19,0.15000000596046448,0.15000000596046448,0.15000000596046448,0.15000000596046448,40
2015-02-20,0.10000000149011612,0.10000000149011612,0.10000000149011612,0.10000000149011612,2000
2015-02-23,0.10000000149011612,0.10000000149011612,0.10000000149011612,0.10000000149011612,10300
2015-02-24,0.15000000596046448,0.15000000596046448,0.15000000596046448,0.15000000596046448,19860
2015-02-25,0.20000000298023224,0.20000000298023224,0.15000000596046448,0.15000000596046448,27660
2015-02-26,0.25,0.25,0.20000000298023224,0.20000000298023224,41000
2015-02-27,0.15000000596046448,0.25,0.15000000596046448,0.25,356940
2015-03-02,0.20000000298023224,0.20000000298023224,0.15000000596046448,0.20000000298023224,12400
2015-03-03,0.20000000298023224,0.20000000298023224,0.20000000298023224,0.20000000298023224,22000
2015-03-04,0.15000000596046448,0.20000000298023224,0.15000000596046448,0.20000000298023224,16760
2015-03-05,0.15000000596046448,0.15000000596046448,0.15000000596046448,0.15000000596046448,2120
2015-03-06,0.15000000596046448,0.15000000596046448,0.15000000596046448,0.15000000596046448,22640
2015-03-09,0.20000000298023224,0.20000000298023224,0.15000000596046448,0.15000000596046448,19980
2015-03-10,0.15000000596046448,0.15000000596046448,0.15000000596046448,0.15000000596046448,100120
2015-03-11,0.10000000149011612,0.15000000596046448,0.10000000149011612,0.10000000149011612,47200
2015-03-12,0.10000000149011612,0.10000000149011612,0.10000000149011612,0.10000000149011612,19880
2015-03-13,0.10000000149011612,0.15000000596046448,0.10000000149011612,0.10000000149011612,9240
2015-03-16,0.10000000149011612,0.10000000149011612,0.10000000149011612,0.10000000149011612,200
2015-03-17,0.10000000149011612,0.10000000149011612,0.10000000149011612,0.10000000149011612,14840
2015-03-18,0.15000000596046448,0.15000000596046448,0.15000000596046448,0.15000000596046448,2000
2015-03-19,0.15000000596046448,0.15000000596046448,0.15000000596046448,0.15000000596046448,3860
2015-03-20,0.15000000596046448,0.15000000596046448,0.10000000149011612,0.10000000149011612,15400
2015-03-23,0.10000000149011612,0.15000000596046448,0.10000000149011612,0.15000000596046448,2020
2015-03-24,0.15000000596046448,0.15000000596046448,0.15000000596046448,0.15000000596046448,1600
2015-03-25,0.15000000596046448,0.15000000596046448,0.15000000596046448,0.15000000596046448,2000
2015-03-26,0.15000000596046448,0.15000000596046448,0.10000000149011612,0.10000000149011612,24040
2015-03-27,0.15000000596046448,0.15000000596046448,0.15000000596046448,0.15000000596046448,26140
2015-03-30,0.15000000596046448,0.15000000596046448,0.15000000596046448,0.15000000596046448,0
2015-03-31,0.15000000596046448,0.15000000596046448,0.15000000596046448,0.15000000596046448,0
2015-04-01,0.15000000596046448,0.15000000596046448,0.15000000596046448,0.15000000596046448,0
2015-04-02,0.15000000596046448,0.15000000596046448,0.15000000596046448,0.15000000596046448,3500
2015-04-06,0.10000000149011612,0.15000000596046448,0.10000000149011612,0.15000000596046448,19920
2015-04-07,0.10000000149011612,0.10000000149011612,0.10000000149011612,0.10000000149011612,0
2015-04-08,0.10000000149011612,0.10000000149011612,0.10000000149011612,0.10000000149011612,1000
2015-04-09,0.10000000149011612,0.10000000149011612,0.10000000149011612,0.10000000149011612,0
2015-04-10,0.10000000149011612,0.10000000149011612,0.10000000149011612,0.10000000149011612,0
2015-04-13,0.15000000596046448,0.15000000596046448,0.15000000596046448,0.15000000596046448,10720
2015-04-14,0.15000000596046448,0.15000000596046448,0.10000000149011612,0.15000000596046448,39800
2015-04-15,0.15000000596046448,0.15000000596046448,0.15000000596046448,0.15000000596046448,300
2015-04-16,0.15000000596046448,0.15000000596046448,0.15000000596046448,0.15000000596046448,22400
2015-04-17,0.15000000596046448,0.15000000596046448,0.15000000596046448,0.15000000596046448,8000
2015-04-20,0.15000000596046448,0.15000000596046448,0.10000000149011612,0.10000000149011612,13600
2015-04-21,0.15000000596046448,0.15000000596046448,0.15000000596046448,0.15000000596046448,0
2015-04-22,0.15000000596046448,0.15000000596046448,0.15000000596046448,0.15000000596046448,0
2015-04-23,0.10000000149011612,0.10000000149011612,0.10000000149011612,0.10000000149011612,40
2015-04-24,0.10000000149011612,0.10000000149011612,0.10000000149011612,0.10000000149011612,0
2015-04-27,0.10000000149011612,0.10000000149011612,0.10000000149011612,0.10000000149011612,30400
2015-04-28,0.15000000596046448,0.15000000596046448,0.15000000596046448,0.15000000596046448,25000
2015-04-29,0.15000000596046448,0.15000000596046448,0.15000000596046448,0.15000000596046448,2000
2015-04-30,0.15000000596046448,0.15000000596046448,0.15000000596046448,0.15000000596046448,5500
2015-05-01,0.15000000596046448,0.15000000596046448,0.15000000596046448,0.15000000596046448,0
2015-05-04,0.15000000596046448,0.15000000596046448,0.15000000596046448,0.15000000596046448,0
2015-05-05,0.15000000596046448,0.15000000596046448,0.15000000596046448,0.15000000596046448,6400
2015-05-06,0.15000000596046448,0.15000000596046448,0.15000000596046448,0.15000000596046448,0
2015-05-07,0.15000000596046448,0.20000000298023224,0.15000000596046448,0.20000000298023224,32000
2015-05-08,0.15000000596046448,0.15000000596046448,0.15000000596046448,0.15000000596046448,5000
2015-05-11,0.15000000596046448,0.15000000596046448,0.15000000596046448,0.15000000596046448,0
2015-05-12,0.20000000298023224,0.20000000298023224,0.20000000298023224,0.20000000298023224,17800
2015-05-13,0.20000000298023224,0.20000000298023224,0.20000000298023224,0.20000000298023224,0
2015-05-14,0.20000000298023224,0.20000000298023224,0.20000000298023224,0.20000000298023224,0
2015-05-15,0.20000000298023224,0.20000000298023224,0.20000000298023224,0.20000000298023224,0
2015-05-18,0.20000000298023224,0.20000000298023224,0.20000000298023224,0.20000000298023224,0
2015-05-19,0.20000000298023224,0.20000000298023224,0.20000000298023224,0.20000000298023224,1600
2015-05-20,0.20000000298023224,0.20000000298023224,0.20000000298023224,0.20000000298023224,2800
2015-05-21,0.20000000298023224,0.20000000298023224,0.20000000298023224,0.20000000298023224,11000
2015-05-22,0.20000000298023224,0.20000000298023224,0.20000000298023224,0.20000000298023224,0
2015-05-26,0.15000000596046448,0.15000000596046448,0.15000000596046448,0.15000000596046448,4000
2015-05-27,0.15000000596046448,0.15000000596046448,0.15000000596046448,0.15000000596046448,18000
2015-05-28,0.20000000298023224,0.20000000298023224,0.15000000596046448,0.15000000596046448,24600
2015-05-29,0.20000000298023224,0.20000000298023224,0.20000000298023224,0.20000000298023224,0
2015-06-01,0.20000000298023224,0.20000000298023224,0.20000000298023224,0.20000000298023224,4740
2015-06-02,0.20000000298023224,0.20000000298023224,0.20000000298023224,0.20000000298023224,600
2015-06-03,0.20000000298023224,0.20000000298023224,0.20000000298023224,0.20000000298023224,1400
2015-06-04,0.15000000596046448,0.20000000298023224,0.15000000596046448,0.20000000298023224,8780
2015-06-05,0.15000000596046448,0.15000000596046448,0.15000000596046448,0.15000000596046448,0
2015-06-08,0.20000000298023224,0.20000000298023224,0.20000000298023224,0.20000000298023224,400
2015-06-09,0.25,0.30000001192092896,0.20000000298023224,0.20000000298023224,7280
2015-06-10,0.25,0.25,0.25,0.25,0
2015-06-11,0.20000000298023224,0.25,0.20000000298023224,0.25,2020
2015-06-12,0.20000000298023224,0.20000000298023224,0.20000000298023224,0.20000000298023224,0
2015-06-15,0.20000000298023224,0.20000000298023224,0.20000000298023224,0.20000000298023224,0
2015-06-16,0.20000000298023224,0.20000000298023224,0.20000000298023224,0.20000000298023224,8760
2015-06-17,0.20000000298023224,0.20000000298023224,0.20000000298023224,0.20000000298023224,0
2015-06-18,0.15000000596046448,0.15000000596046448,0.15000000596046448,0.15000000596046448,2380
2015-06-19,0.15000000596046448,0.15000000596046448,0.15000000596046448,0.15000000596046448,0
2015-06-22,0.15000000596046448,0.15000000596046448,0.15000000596046448,0.15000000596046448,0
2015-06-23,0.20000000298023224,0.20000000298023224,0.15000000596046448,0.15000000596046448,1760
2015-06-24,0.20000000298023224,0.20000000298023224,0.20000000298023224,0.20000000298023224,0
2015-06-25,0.20000000298023224,0.20000000298023224,0.20000000298023224,0.20000000298023224,0
2015-06-26,0.20000000298023224,0.20000000298023224,0.20000000298023224,0.20000000298023224,0
2015-06-29,0.20000000298023224,0.20000000298023224,0.20000000298023224,0.20000000298023224,160
2015-06-30,0.25,0.25,0.20000000298023224,0.20000000298023224,2100
2015-07-01,0.20000000298023224,0.20000000298023224,0.20000000298023224,0.20000000298023224,9400
2015-07-02,0.3499999940395355,0.3499999940395355,0.25,0.25,45240
2015-07-06,0.30000001192092896,0.3499999940395355,0.25,0.3499999940395355,153520
2015-07-07,0.20000000298023224,0.30000001192092896,0.15000000596046448,0.30000001192092896,115940
2015-07-08,0.25,0.30000001192092896,0.25,0.25,14400
2015-07-09,0.20000000298023224,0.25,0.20000000298023224,0.25,10400
2015-07-10,0.25,0.25,0.25,0.25,4000
2015-07-13,0.25,0.25,0.20000000298023224,0.20000000298023224,600
2015-07-14,0.25,0.25,0.25,0.25,0
2015-07-15,0.25,0.25,0.25,0.25,0
2015-07-16,0.25,0.25,0.25,0.25,0
2015-07-17,0.20000000298023224,0.20000000298023224,0.20000000298023224,0.20000000298023224,6200
2015-07-20,0.20000000298023224,0.20000000298023224,0.20000000298023224,0.20000000298023224,0
2015-07-21,0.20000000298023224,0.20000000298023224,0.20000000298023224,0.20000000298023224,11900
2015-07-22,0.20000000298023224,0.25,0.20000000298023224,0.20000000298023224,6140
2015-07-23,0.25,0.25,0.25,0.25,2560
2015-07-24,0.25,0.25,0.25,0.25,4800
2015-07-27,0.25,0.25,0.20000000298023224,0.25,7200
2015-07-28,0.25,0.25,0.20000000298023224,0.25,5000
2015-07-29,0.20000000298023224,0.20000000298023224,0.20000000298023224,0.20000000298023224,6600
2015-07-30,0.25,0.25,0.25,0.25,6000
2015-07-31,0.25,0.25,0.20000000298023224,0.20000000298023224,5400
2015-08-03,0.20000000298023224,0.20000000298023224,0.20000000298023224,0.20000000298023224,11220
2015-08-04,0.20000000298023224,0.20000000298023224,0.20000000298023224,0.20000000298023224,14740
2015-08-05,0.20000000298023224,0.20000000298023224,0.20000000298023224,0.20000000298023224,1400
2015-08-06,0.20000000298023224,0.20000000298023224,0.20000000298023224,0.20000000298023224,3040
2015-08-07,0.25,0.25,0.20000000298023224,0.20000000298023224,2420
2015-08-10,0.20000000298023224,0.20000000298023224,0.20000000298023224,0.20000000298023224,1020
2015-08-11,0.20000000298023224,0.20000000298023224,0.20000000298023224,0.20000000298023224,8000
2015-08-12,0.25,0.25,0.25,0.25,5580
2015-08-13,0.25,0.25,0.25,0.25,0
2015-08-14,0.25,0.25,0.25,0.25,0
2015-08-17,0.25,0.25,0.25,0.25,0
2015-08-18,0.25,0.25,0.25,0.25,4760
2015-08-19,0.25,0.25,0.25,0.25,4920
2015-08-20,0.25,0.25,0.25,0.25,0
2015-08-21,0.25,0.25,0.25,0.25,0
2015-08-24,0.20000000298023224,0.25,0.20000000298023224,0.25,6000
2015-08-25,0.20000000298023224,0.25,0.20000000298023224,0.25,25000
2015-08-26,0.20000000298023224,0.20000000298023224,0.20000000298023224,0.20000000298023224,2000
2015-08-27,0.20000000298023224,0.20000000298023224,0.20000000298023224,0.20000000298023224,51200
2015-08-28,0.20000000298023224,0.20000000298023224,0.20000000298023224,0.20000000298023224,0
2015-08-31,0.20000000298023224,0.20000000298023224,0.20000000298023224,0.20000000298023224,14400
2015-09-01,0.25,0.25,0.20000000298023224,0.20000000298023224,28180
2015-09-02,0.25,0.25,0.25,0.25,0
2015-09-03,0.25,0.25,0.25,0.25,0
2015-09-04,0.25,0.25,0.25,0.25,0
2015-09-08,0.20000000298023224,0.25,0.15000000596046448,0.15000000596046448,3900
2015-09-09,0.20000000298023224,0.20000000298023224,0.20000000298023224,0.20000000298023224,0
2015-09-10,0.20000000298023224,0.20000000298023224,0.20000000298023224,0.20000000298023224,3300
2015-09-11,0.20000000298023224,0.20000000298023224,0.20000000298023224,0.20000000298023224,1800
2015-09-14,0.25,0.25,0.20000000298023224,0.20000000298023224,4600
2015-09-15,0.25,0.25,0.25,0.25,1000
2015-09-16,0.25,0.25,0.25,0.25,5000
2015-09-17,0.25,0.25,0.20000000298023224,0.20000000298023224,7760
2015-09-18,0.20000000298023224,0.20000000298023224,0.20000000298023224,0.20000000298023224,1280
2015-09-21,0.20000000298023224,0.20000000298023224,0.20000000298023224,0.20000000298023224,0
2015-09-22,0.20000000298023224,0.20000000298023224,0.20000000298023224,0.20000000298023224,0
2015-09-23,0.20000000298023224,0.20000000298023224,0.20000000298023224,0.20000000298023224,1000
2015-09-24,0.20000000298023224,0.20000000298023224,0.20000000298023224,0.20000000298023224,0
2015-09-25,0.20000000298023224,0.20000000298023224,0.20000000298023224,0.20000000298023224,0
2015-09-28,0.25,0.25,0.20000000298023224,0.20000000298023224,2360
2015-09-29,0.25,0.25,0.25,0.25,0
2015-09-30,0.20000000298023224,0.25,0.20000000298023224,0.25,3680
2015-10-01,0.25,0.25,0.25,0.25,2000
2015-10-02,0.25,0.25,0.25,0.25,360
2015-10-05,0.25,0.25,0.25,0.25,0
2015-10-06,0.25,0.25,0.25,0.25,0
2015-10-07,0.25,0.25,0.25,0.25,0
2015-10-08,0.25,0.30000001192092896,0.25,0.25,13480
2015-10-09,0.25,0.25,0.25,0.25,7800
2015-10-12,0.25,0.25,0.25,0.25,0
2015-10-13,0.30000001192092896,0.30000001192092896,0.30000001192092896,0.30000001192092896,400
2015-10-14,0.25,0.30000001192092896,0.25,0.30000001192092896,4800
2015-10-15,0.25,0.25,0.20000000298023224,0.25,3800
2015-10-16,0.20000000298023224,0.20000000298023224,0.20000000298023224,0.20000000298023224,200
2015-10-19,0.30000001192092896,0.3499999940395355,0.25,0.3499999940395355,7620
2015-10-20,0.30000001192092896,0.3499999940395355,0.30000001192092896,0.3499999940395355,21540
2015-10-21,0.30000001192092896,0.30000001192092896,0.30000001192092896,0.30000001192092896,0
2015-10-22,0.30000001192092896,0.30000001192092896,0.30000001192092896,0.30000001192092896,0
2015-10-23,0.25,0.25,0.25,0.25,4200
2015-10-26,0.25,0.30000001192092896,0.25,0.30000001192092896,3360
2015-10-27,0.25,0.25,0.20000000298023224,0.25,47960
2015-10-28,0.25,0.25,0.25,0.25,2800
2015-10-29,0.25,0.25,0.25,0.25,0
2015-10-30,0.25,0.25,0.25,0.25,23800
2015-11-02,0.25,0.25,0.25,0.25,10400
2015-11-03,0.25,0.25,0.25,0.25,2800
2015-11-04,0.25,0.25,0.25,0.25,480
2015-11-05,0.25,0.25,0.25,0.25,0
2015-11-06,0.25,0.25,0.25,0.25,0
2015-11-09,0.25,0.25,0.25,0.25,5200
2015-11-10,0.25,0.25,0.25,0.25,1000
2015-11-11,0.25,0.25,0.25,0.25,4180
2015-11-12,0.25,0.25,0.25,0.25,0
2015-11-13,0.25,0.25,0.25,0.25,0
2015-11-16,0.20000000298023224,0.20000000298023224,0.20000000298023224,0.20000000298023224,6180
2015-11-17,0.20000000298023224,0.20000000298023224,0.20000000298023224,0.20000000298023224,520
2015-11-18,0.20000000298023224,0.20000000298023224,0.20000000298023224,0.20000000298023224,0
2015-11-19,0.20000000298023224,0.20000000298023224,0.20000000298023224,0.20000000298023224,35840
2015-11-20,0.20000000298023224,0.20000000298023224,0.20000000298023224,0.20000000298023224,2000
2015-11-23,0.20000000298023224,0.20000000298023224,0.20000000298023224,0.20000000298023224,4000
2015-11-24,0.20000000298023224,0.20000000298023224,0.20000000298023224,0.20000000298023224,1460
2015-11-25,0.20000000298023224,0.25,0.20000000298023224,0.20000000298023224,1560
2015-11-27,0.20000000298023224,0.20000000298023224,0.20000000298023224,0.20000000298023224,0
2015-11-30,0.25,0.25,0.20000000298023224,0.20000000298023224,6220
2015-12-01,0.20000000298023224,0.20000000298023224,0.20000000298023224,0.20000000298023224,1340
2015-12-02,0.20000000298023224,0.20000000298023224,0.20000000298023224,0.20000000298023224,0
2015-12-03,0.25,0.25,0.25,0.25,6880
2015-12-04,0.25,0.25,0.20000000298023224,0.25,14600
2015-12-07,0.25,0.25,0.25,0.25,0
2015-12-08,0.25,0.25,0.20000000298023224,0.20000000298023224,1200
2015-12-09,0.20000000298023224,0.25,0.20000000298023224,0.25,4460
2015-12-10,0.25,0.25,0.25,0.25,400
2015-12-11,0.25,0.25,0.25,0.25,0
2015-12-14,0.25,0.25,0.25,0.25,14980
2015-12-15,0.20000000298023224,0.20000000298023224,0.20000000298023224,0.20000000298023224,11260
2015-12-16,0.20000000298023224,0.20000000298023224,0.20000000298023224,0.20000000298023224,5440
2015-12-17,0.20000000298023224,0.20000000298023224,0.20000000298023224,0.20000000298023224,7560
2015-12-18,0.20000000298023224,0.20000000298023224,0.20000000298023224,0.20000000298023224,4360
2015-12-21,0.20000000298023224,0.20000000298023224,0.20000000298023224,0.20000000298023224,7480
2015-12-22,0.15000000596046448,0.20000000298023224,0.15000000596046448,0.20000000298023224,120240
2015-12-23,0.20000000298023224,0.20000000298023224,0.15000000596046448,0.15000000596046448,8800
2015-12-24,0.20000000298023224,0.20000000298023224,0.20000000298023224,0.20000000298023224,24000
2015-12-28,0.20000000298023224,0.20000000298023224,0.20000000298023224,0.20000000298023224,0
2015-12-29,0.20000000298023224,0.20000000298023224,0.20000000298023224,0.20000000298023224,1600
2015-12-30,0.15000000596046448,0.20000000298023224,0.15000000596046448,0.20000000298023224,10200
2015-12-31,0.15000000596046448,0.15000000596046448,0.15000000596046448,0.15000000596046448,1080
2016-01-04,0.15000000596046448,0.15000000596046448,0.15000000596046448,0.15000000596046448,940
2016-01-05,0.20000000298023224,0.20000000298023224,0.20000000298023224,0.20000000298023224,4620
2016-01-06,0.20000000298023224,0.20000000298023224,0.20000000298023224,0.20000000298023224,4000
2016-01-07,0.20000000298023224,0.20000000298023224,0.20000000298023224,0.20000000298023224,8000
2016-01-08,0.20000000298023224,0.20000000298023224,0.20000000298023224,0.20000000298023224,12840
2016-01-11,0.15000000596046448,0.20000000298023224,0.15000000596046448,0.20000000298023224,28500
2016-01-12,0.15000000596046448,0.15000000596046448,0.15000000596046448,0.15000000596046448,30600
2016-01-13,0.20000000298023224,0.20000000298023224,0.20000000298023224,0.20000000298023224,4000
2016-01-14,0.20000000298023224,0.20000000298023224,0.20000000298023224,0.20000000298023224,0
2016-01-15,0.20000000298023224,0.20000000298023224,0.20000000298023224,0.20000000298023224,30860
2016-01-19,0.20000000298023224,0.20000000298023224,0.15000000596046448,0.20000000298023224,11040
2016-01-20,0.20000000298023224,0.20000000298023224,0.20000000298023224,0.20000000298023224,31960
2016-01-21,0.20000000298023224,0.20000000298023224,0.20000000298023224,0.20000000298023224,2700
2016-01-22,0.20000000298023224,0.20000000298023224,0.20000000298023224,0.20000000298023224,0
2016-01-25,0.20000000298023224,0.20000000298023224,0.20000000298023224,0.20000000298023224,17800
2016-01-26,0.25,0.25,0.25,0.25,8960
2016-01-27,0.25,0.30000001192092896,0.25,0.25,22340
2016-01-28,0.30000001192092896,0.3499999940395355,0.25,0.25,27660
2016-01-29,0.30000001192092896,0.3499999940395355,0.30000001192092896,0.3499999940395355,31400
2016-02-01,0.3499999940395355,0.4000000059604645,0.30000001192092896,0.3499999940395355,20660
2016-02-02,0.30000001192092896,0.3499999940395355,0.30000001192092896,0.3499999940395355,19560
2016-02-03,0.30000001192092896,0.30000001192092896,0.30000001192092896,0.30000001192092896,6100
2016-02-04,0.3499999940395355,0.3499999940395355,0.30000001192092896,0.30000001192092896,1400
2016-02-05,0.3499999940395355,0.3499999940395355,0.30000001192092896,0.30000001192092896,31800
2016-02-08,0.3499999940395355,0.3499999940395355,0.3499999940395355,0.3499999940395355,6580
2016-02-09,0.3499999940395355,0.3499999940395355,0.3499999940395355,0.3499999940395355,32640
2016-02-10,0.3499999940395355,0.3499999940395355,0.3499999940395355,0.3499999940395355,16500
2016-02-11,0.3499999940395355,0.3499999940395355,0.3499999940395355,0.3499999940395355,800
2016-02-12,0.3499999940395355,0.3499999940395355,0.30000001192092896,0.3499999940395355,50080
2016-02-16,0.30000001192092896,0.4000000059604645,0.30000001192092896,0.4000000059604645,49760
2016-02-17,0.30000001192092896,0.3499999940395355,0.30000001192092896,0.30000001192092896,22740
2016-02-18,0.3499999940395355,0.3499999940395355,0.30000001192092896,0.30000001192092896,23300
2016-02-19,0.3499999940395355,0.3499999940395355,0.3499999940395355,0.3499999940395355,12000
2016-02-22,0.30000001192092896,0.3499999940395355,0.30000001192092896,0.3499999940395355,35360
2016-02-23,0.3499999940395355,0.3499999940395355,0.3499999940395355,0.3499999940395355,4920
2016-02-24,0.3499999940395355,0.3499999940395355,0.3499999940395355,0.3499999940395355,10000
2016-02-25,0.3499999940395355,0.3499999940395355,0.3499999940395355,0.3499999940395355,10000
2016-02-26,0.3499999940395355,0.3499999940395355,0.3499999940395355,0.3499999940395355,12040
2016-02-29,0.3499999940395355,0.3499999940395355,0.3499999940395355,0.3499999940395355,73000
2016-03-01,0.3499999940395355,0.3499999940395355,0.3499999940395355,0.3499999940395355,15940
2016-03-02,0.3499999940395355,0.3499999940395355,0.3499999940395355,0.3499999940395355,3600
2016-03-03,0.4000000059604645,0.4000000059604645,0.3499999940395355,0.4000000059604645,60460
2016-03-04,0.44999998807907104,0.44999998807907104,0.3499999940395355,0.4000000059604645,54000
2016-03-07,0.44999998807907104,0.5,0.4000000059604645,0.5,24380
2016-03-08,0.44999998807907104,0.44999998807907104,0.4000000059604645,0.44999998807907104,32800
2016-03-09,0.44999998807907104,0.44999998807907104,0.44999998807907104,0.44999998807907104,21940
2016-03-10,0.44999998807907104,0.44999998807907104,0.44999998807907104,0.44999998807907104,16740
2016-03-11,0.44999998807907104,0.44999998807907104,0.44999998807907104,0.44999998807907104,6000
2016-03-14,0.4000000059604645,0.44999998807907104,0.4000000059604645,0.44999998807907104,43000
2016-03-15,0.44999998807907104,0.44999998807907104,0.4000000059604645,0.4000000059604645,20280
2016-03-16,0.44999998807907104,0.44999998807907104,0.4000000059604645,0.4000000059604645,64240
2016-03-17,0.44999998807907104,0.44999998807907104,0.4000000059604645,0.44999998807907104,46100
2016-03-18,0.4000000059604645,0.44999998807907104,0.4000000059604645,0.44999998807907104,14020
2016-03-21,0.44999998807907104,0.5,0.4000000059604645,0.44999998807907104,97960
2016-03-22,0.44999998807907104,0.44999998807907104,0.4000000059604645,0.4000000059604645,9760
2016-03-23,0.44999998807907104,0.44999998807907104,0.4000000059604645,0.4000000059604645,68760
2016-03-24,0.44999998807907104,0.44999998807907104,0.44999998807907104,0.44999998807907104,4260
2016-03-28,0.44999998807907104,0.44999998807907104,0.4000000059604645,0.4000000059604645,24600
2016-03-29,0.44999998807907104,0.44999998807907104,0.4000000059604645,0.44999998807907104,23540
2016-03-30,0.44999998807907104,0.44999998807907104,0.4000000059604645,0.44999998807907104,27260
2016-03-31,0.44999998807907104,0.44999998807907104,0.44999998807907104,0.44999998807907104,45260
2016-04-01,0.44999998807907104,0.44999998807907104,0.44999998807907104,0.44999998807907104,14680
2016-04-04,0.44999998807907104,0.44999998807907104,0.4000000059604645,0.44999998807907104,45920
2016-04-05,0.44999998807907104,0.44999998807907104,0.44999998807907104,0.44999998807907104,33400
2016-04-06,0.44999998807907104,0.44999998807907104,0.4000000059604645,0.44999998807907104,13420
2016-04-07,0.44999998807907104,0.44999998807907104,0.44999998807907104,0.44999998807907104,54060
2016-04-08,0.44999998807907104,0.44999998807907104,0.44999998807907104,0.44999998807907104,10860
2016-04-11,0.44999998807907104,0.44999998807907104,0.44999998807907104,0.44999998807907104,42740
2016-04-12,0.44999998807907104,0.44999998807907104,0.44999998807907104,0.44999998807907104,59240
2016-04-13,0.44999998807907104,0.5,0.44999998807907104,0.44999998807907104,51620
2016-04-14,0.44999998807907104,0.44999998807907104,0.44999998807907104,0.44999998807907104,6980
2016-04-15,0.5,0.5,0.44999998807907104,0.44999998807907104,23780
2016-04-18,0.5,0.5,0.4000000059604645,0.5,30680
2016-04-19,0.5,0.6000000238418579,0.44999998807907104,0.550000011920929,199280
2016-04-20,0.44999998807907104,0.550000011920929,0.44999998807907104,0.550000011920929,42220
2016-04-21,0.44999998807907104,0.550000011920929,0.44999998807907104,0.550000011920929,26460
2016-04-22,0.5,0.5,0.44999998807907104,0.44999998807907104,17000
2016-04-25,0.5,0.5,0.44999998807907104,0.44999998807907104,21640
2016-04-26,0.44999998807907104,0.5,0.44999998807907104,0.5,51500
2016-04-27,0.5,0.5,0.44999998807907104,0.5,53760
2016-04-28,0.5,0.5,0.44999998807907104,0.5,92080
2016-04-29,0.5,0.5,0.44999998807907104,0.5,161220
2016-05-02,0.44999998807907104,0.5,0.44999998807907104,0.5,91340
2016-05-03,0.4000000059604645,0.44999998807907104,0.3499999940395355,0.44999998807907104,173920
2016-05-04,0.4000000059604645,0.4000000059604645,0.4000000059604645,0.4000000059604645,113100
2016-05-05,0.4000000059604645,0.4000000059604645,0.4000000059604645,0.4000000059604645,122180
2016-05-06,0.4000000059604645,0.4000000059604645,0.3499999940395355,0.4000000059604645,134640
2016-05-09,0.30000001192092896,0.4000000059604645,0.25,0.4000000059604645,327920
2016-05-10,0.25,0.30000001192092896,0.25,0.30000001192092896,475540
2016-05-11,0.25,0.25,0.20000000298023224,0.25,97940
2016-05-12,0.25,0.25,0.25,0.25,28040
2016-05-13,0.30000001192092896,0.30000001192092896,0.25,0.25,179920
2016-05-16,0.30000001192092896,0.3499999940395355,0.30000001192092896,0.30000001192092896,185600
2016-05-17,0.30000001192092896,0.30000001192092896,0.30000001192092896,0.30000001192092896,79740
2016-05-18,0.25,0.30000001192092896,0.25,0.30000001192092896,169840
2016-05-19,0.25,0.25,0.25,0.25,102500
2016-05-20,0.25,0.25,0.25,0.25,91260
2016-05-23,0.25,0.25,0.25,0.25,62800
2016-05-24,0.25,0.25,0.20000000298023224,0.25,223900
2016-05-25,0.20000000298023224,0.25,0.20000000298023224,0.20000000298023224,41160
2016-05-26,0.25,0.25,0.25,0.25,11900
2016-05-27,0.25,0.25,0.25,0.25,26720
2016-05-31,0.25,0.25,0.25,0.25,5960
2016-06-01,0.25,0.25,0.25,0.25,20800
2016-06-02,0.25,0.25,0.25,0.25,226060
2016-06-03,0.25,0.25,0.25,0.25,103440
2016-06-06,0.25,0.25,0.25,0.25,51500
2016-06-07,0.25,0.25,0.20000000298023224,0.25,55860
2016-06-08,0.30000001192092896,0.3499999940395355,0.25,0.25,316420
2016-06-09,0.30000001192092896,0.3499999940395355,0.30000001192092896,0.30000001192092896,114660
2016-06-10,0.30000001192092896,0.30000001192092896,0.30000001192092896,0.30000001192092896,30400
2016-06-13,0.30000001192092896,0.30000001192092896,0.30000001192092896,0.30000001192092896,96140
2016-06-14,0.30000001192092896,0.30000001192092896,0.30000001192092896,0.30000001192092896,22420
2016-06-15,0.30000001192092896,0.30000001192092896,0.30000001192092896,0.30000001192092896,101980
2016-06-16,0.30000001192092896,0.30000001192092896,0.30000001192092896,0.30000001192092896,63000
2016-06-17,0.3499999940395355,0.3499999940395355,0.30000001192092896,0.30000001192092896,47360
2016-06-20,0.3499999940395355,0.3499999940395355,0.30000001192092896,0.30000001192092896,36820
2016-06-21,0.3499999940395355,0.3499999940395355,0.30000001192092896,0.3499999940395355,55760
2016-06-22,0.3499999940395355,0.3499999940395355,0.30000001192092896,0.3499999940395355,16960
2016-06-23,0.30000001192092896,0.3499999940395355,0.30000001192092896,0.30000001192092896,21740
2016-06-24,0.30000001192092896,0.3499999940395355,0.30000001192092896,0.30000001192092896,64520
2016-06-27,0.3499999940395355,0.3499999940395355,0.30000001192092896,0.3499999940395355,33220
2016-06-28,0.3499999940395355,0.3499999940395355,0.30000001192092896,0.3499999940395355,45600
2016-06-29,0.30000001192092896,0.3499999940395355,0.30000001192092896,0.3499999940395355,37140
2016-06-30,0.30000001192092896,0.30000001192092896,0.30000001192092896,0.30000001192092896,111600
2016-07-01,0.4000000059604645,0.44999998807907104,0.30000001192092896,0.30000001192092896,95640
2016-07-05,0.3499999940395355,0.3499999940395355,0.30000001192092896,0.3499999940395355,127720
2016-07-06,0.3499999940395355,0.3499999940395355,0.30000001192092896,0.3499999940395355,152060
2016-07-07,0.3499999940395355,0.3499999940395355,0.3499999940395355,0.3499999940395355,15460
2016-07-08,0.3499999940395355,0.3499999940395355,0.3499999940395355,0.3499999940395355,86080
2016-07-11,0.3499999940395355,0.3499999940395355,0.3499999940395355,0.3499999940395355,70080
2016-07-12,0.3499999940395355,0.3499999940395355,0.30000001192092896,0.3499999940395355,171900
2016-07-13,0.3499999940395355,0.3499999940395355,0.3499999940395355,0.3499999940395355,47560
2016-07-14,0.3499999940395355,0.4000000059604645,0.3499999940395355,0.3499999940395355,50480
2016-07-15,0.4000000059604645,0.4000000059604645,0.3499999940395355,0.4000000059604645,11200
2016-07-18,0.3499999940395355,0.3499999940395355,0.3499999940395355,0.3499999940395355,61420
2016-07-19,0.3499999940395355,0.4000000059604645,0.3499999940395355,0.3499999940395355,30480
2016-07-20,0.3499999940395355,0.4000000059604645,0.3499999940395355,0.4000000059604645,46640
2016-07-21,0.3499999940395355,0.3499999940395355,0.3499999940395355,0.3499999940395355,46520
2016-07-22,0.3499999940395355,0.3499999940395355,0.3499999940395355,0.3499999940395355,9780
2016-07-25,0.3499999940395355,0.3499999940395355,0.3499999940395355,0.3499999940395355,21580
2016-07-26,0.30000001192092896,0.3499999940395355,0.30000001192092896,0.3499999940395355,16000
2016-07-27,0.3499999940395355,0.3499999940395355,0.3499999940395355,0.3499999940395355,5740
2016-07-28,0.3499999940395355,0.3499999940395355,0.3499999940395355,0.3499999940395355,3160
2016-07-29,0.3499999940395355,0.3499999940395355,0.3499999940395355,0.3499999940395355,71140
2016-08-01,0.3499999940395355,0.3499999940395355,0.3499999940395355,0.3499999940395355,10820
2016-08-02,0.4000000059604645,0.4000000059604645,0.3499999940395355,0.3499999940395355,25760
2016-08-03,0.3499999940395355,0.4000000059604645,0.3499999940395355,0.4000000059604645,25500
2016-08-04,0.4000000059604645,0.4000000059604645,0.3499999940395355,0.3499999940395355,30300
2016-08-05,0.3499999940395355,0.4000000059604645,0.3499999940395355,0.4000000059604645,18320
2016-08-08,0.4000000059604645,0.4000000059604645,0.3499999940395355,0.4000000059604645,36520
2016-08-09,0.4000000059604645,0.4000000059604645,0.3499999940395355,0.3499999940395355,18820
2016-08-10,0.4000000059604645,0.4000000059604645,0.4000000059604645,0.4000000059604645,11900
2016-08-11,0.4000000059604645,0.4000000059604645,0.4000000059604645,0.4000000059604645,24700
2016-08-12,0.4000000059604645,0.4000000059604645,0.4000000059604645,0.4000000059604645,32160
2016-08-15,0.44999998807907104,0.44999998807907104,0.4000000059604645,0.4000000059604645,99080
2016-08-16,0.44999998807907104,0.44999998807907104,0.44999998807907104,0.44999998807907104,20820
2016-08-17,0.44999998807907104,0.44999998807907104,0.44999998807907104,0.44999998807907104,8780
2016-08-18,0.5,0.5,0.44999998807907104,0.5,93020
2016-08-19,0.5,0.5,0.4000000059604645,0.44999998807907104,47140
2016-08-22,0.44999998807907104,0.5,0.4000000059604645,0.4000000059604645,22160
2016-08-23,0.44999998807907104,0.44999998807907104,0.44999998807907104,0.44999998807907104,30260
2016-08-24,0.44999998807907104,0.44999998807907104,0.44999998807907104,0.44999998807907104,68240
2016-08-25,0.44999998807907104,0.44999998807907104,0.44999998807907104,0.44999998807907104,60400
2016-08-26,0.44999998807907104,0.44999998807907104,0.44999998807907104,0.44999998807907104,61720
2016-08-29,0.4000000059604645,0.44999998807907104,0.4000000059604645,0.44999998807907104,159760
2016-08-30,0.4000000059604645,0.4000000059604645,0.4000000059604645,0.4000000059604645,35040
2016-08-31,0.4000000059604645,0.4000000059604645,0.4000000059604645,0.4000000059604645,59420
2016-09-01,0.3499999940395355,0.4000000059604645,0.3499999940395355,0.4000000059604645,4840
2016-09-02,0.4000000059604645,0.4000000059604645,0.3499999940395355,0.4000000059604645,31980
2016-09-06,0.4000000059604645,0.4000000059604645,0.3499999940395355,0.3499999940395355,41880
2016-09-07,0.3499999940395355,0.4000000059604645,0.3499999940395355,0.4000000059604645,17880
2016-09-08,0.4000000059604645,0.44999998807907104,0.4000000059604645,0.4000000059604645,31700
2016-09-09,0.4000000059604645,0.4000000059604645,0.4000000059604645,0.4000000059604645,620
2016-09-12,0.4000000059604645,0.4000000059604645,0.4000000059604645,0.4000000059604645,8480
2016-09-13,0.4000000059604645,0.4000000059604645,0.3499999940395355,0.4000000059604645,61200
2016-09-14,0.4000000059604645,0.4000000059604645,0.4000000059604645,0.4000000059604645,7620
2016-09-15,0.4000000059604645,0.4000000059604645,0.4000000059604645,0.4000000059604645,7900
2016-09-16,0.4000000059604645,0.4000000059604645,0.3499999940395355,0.3499999940395355,18300
2016-09-19,0.4000000059604645,0.4000000059604645,0.4000000059604645,0.4000000059604645,16300
2016-09-20,0.4000000059604645,0.44999998807907104,0.4000000059604645,0.4000000059604645,28200
2016-09-21,0.44999998807907104,0.5,0.4000000059604645,0.4000000059604645,86480
2016-09-22,0.5,0.550000011920929,0.5,0.550000011920929,303000
2016-09-23,0.5,0.5,0.5,0.5,202320
2016-09-26,0.5,0.5,0.44999998807907104,0.5,11440
2016-09-27,0.44999998807907104,0.44999998807907104,0.44999998807907104,0.44999998807907104,5600
2016-09-28,0.5,0.5,0.44999998807907104,0.44999998807907104,14700
2016-09-29,0.44999998807907104,0.44999998807907104,0.44999998807907104,0.44999998807907104,200
2016-09-30,0.5,0.5,0.44999998807907104,0.5,14600
2016-10-03,0.5,0.5,0.44999998807907104,0.5,2500
2016-10-04,0.44999998807907104,0.44999998807907104,0.4000000059604645,0.44999998807907104,72860
2016-10-05,0.44999998807907104,0.44999998807907104,0.44999998807907104,0.44999998807907104,8700
2016-10-06,0.5,0.5,0.44999998807907104,0.44999998807907104,21460
2016-10-07,0.5,0.5,0.44999998807907104,0.44999998807907104,12680
2016-10-10,0.5,0.5,0.5,0.5,1360
2016-10-11,0.44999998807907104,0.44999998807907104,0.44999998807907104,0.44999998807907104,15660
2016-10-12,0.44999998807907104,0.44999998807907104,0.44999998807907104,0.44999998807907104,20
2016-10-13,0.44999998807907104,0.44999998807907104,0.44999998807907104,0.44999998807907104,2400
2016-10-14,0.44999998807907104,0.5,0.44999998807907104,0.44999998807907104,12400
2016-10-17,0.44999998807907104,0.44999998807907104,0.44999998807907104,0.44999998807907104,820
2016-10-18,0.44999998807907104,0.5,0.44999998807907104,0.5,23000
2016-10-19,0.5,0.5,0.5,0.5,2100
2016-10-20,0.5,0.5,0.5,0.5,0
2016-10-21,0.4000000059604645,0.4000000059604645,0.4000000059604645,0.4000000059604645,200
2016-10-24,0.44999998807907104,0.44999998807907104,0.44999998807907104,0.44999998807907104,20800
2016-10-25,0.44999998807907104,0.44999998807907104,0.44999998807907104,0.44999998807907104,19100
2016-10-26,0.44999998807907104,0.44999998807907104,0.44999998807907104,0.44999998807907104,4520
2016-10-27,0.4000000059604645,0.4000000059604645,0.4000000059604645,0.4000000059604645,1200
2016-10-28,0.4000000059604645,0.4000000059604645,0.4000000059604645,0.4000000059604645,0
2016-10-31,0.4000000059604645,0.44999998807907104,0.4000000059604645,0.4000000059604645,15940
2016-11-01,0.4000000059604645,0.4000000059604645,0.4000000059604645,0.4000000059604645,40420
2016-11-02,0.4000000059604645,0.44999998807907104,0.4000000059604645,0.4000000059604645,131280
2016-11-03,0.4000000059604645,0.44999998807907104,0.4000000059604645,0.44999998807907104,43940
2016-11-04,0.4000000059604645,0.4000000059604645,0.4000000059604645,0.4000000059604645,1000
2016-11-07,0.4000000059604645,0.4000000059604645,0.4000000059604645,0.4000000059604645,5800
2016-11-08,0.4000000059604645,0.4000000059604645,0.4000000059604645,0.4000000059604645,5780
2016-11-09,0.4000000059604645,0.4000000059604645,0.4000000059604645,0.4000000059604645,17440
2016-11-10,0.3499999940395355,0.4000000059604645,0.3499999940395355,0.4000000059604645,53740
2016-11-11,0.3499999940395355,0.3499999940395355,0.30000001192092896,0.30000001192092896,34000
2016-11-14,0.30000001192092896,0.3499999940395355,0.30000001192092896,0.3499999940395355,10800
2016-11-15,0.30000001192092896,0.3499999940395355,0.30000001192092896,0.30000001192092896,20600
2016-11-16,0.30000001192092896,0.3499999940395355,0.30000001192092896,0.3499999940395355,28600
2016-11-17,0.3499999940395355,0.3499999940395355,0.3499999940395355,0.3499999940395355,5400
2016-11-18,0.30000001192092896,0.30000001192092896,0.30000001192092896,0.30000001192092896,29820
2016-11-21,0.30000001192092896,0.30000001192092896,0.30000001192092896,0.30000001192092896,5600
2016-11-22,0.30000001192092896,0.30000001192092896,0.30000001192092896,0.30000001192092896,4620
2016-11-23,0.30000001192092896,0.30000001192092896,0.30000001192092896,0.30000001192092896,20640
2016-11-25,0.30000001192092896,0.3499999940395355,0.30000001192092896,0.30000001192092896,15500
2016-11-28,0.3499999940395355,0.3499999940395355,0.3499999940395355,0.3499999940395355,10600
2016-11-29,0.3499999940395355,0.3499999940395355,0.3499999940395355,0.3499999940395355,3800
2016-11-30,0.3499999940395355,0.3499999940395355,0.30000001192092896,0.3499999940395355,46320
2016-12-01,0.3499999940395355,0.3499999940395355,0.30000001192092896,0.3499999940395355,15900
2016-12-02,0.3499999940395355,0.3499999940395355,0.3499999940395355,0.3499999940395355,12940
2016-12-05,0.3499999940395355,0.3499999940395355,0.3499999940395355,0.3499999940395355,120
2016-12-06,0.3499999940395355,0.3499999940395355,0.30000001192092896,0.30000001192092896,2600
2016-12-07,0.3499999940395355,0.3499999940395355,0.3499999940395355,0.3499999940395355,0
2016-12-08,0.30000001192092896,0.3499999940395355,0.30000001192092896,0.3499999940395355,28600
2016-12-09,0.3499999940395355,0.3499999940395355,0.30000001192092896,0.30000001192092896,13360
2016-12-12,0.3499999940395355,0.3499999940395355,0.3499999940395355,0.3499999940395355,11800
2016-12-13,0.3499999940395355,0.3499999940395355,0.3499999940395355,0.3499999940395355,0
2016-12-14,0.30000001192092896,0.3499999940395355,0.30000001192092896,0.3499999940395355,43900
2016-12-15,0.30000001192092896,0.30000001192092896,0.30000001192092896,0.30000001192092896,71480
2016-12-16,0.30000001192092896,0.30000001192092896,0.30000001192092896,0.30000001192092896,98320
2016-12-19,0.30000001192092896,0.30000001192092896,0.30000001192092896,0.30000001192092896,14960
2016-12-20,0.30000001192092896,0.30000001192092896,0.25,0.30000001192092896,46180
2016-12-21,0.25,0.25,0.25,0.25,1100
2016-12-22,0.25,0.25,0.25,0.25,0
2016-12-23,0.30000001192092896,0.30000001192092896,0.25,0.25,940
2016-12-27,0.30000001192092896,0.30000001192092896,0.25,0.25,50200
2016-12-28,0.30000001192092896,0.30000001192092896,0.25,0.30000001192092896,31180
2016-12-29,0.30000001192092896,0.30000001192092896,0.30000001192092896,0.30000001192092896,31060
2016-12-30,0.30000001192092896,0.30000001192092896,0.30000001192092896,0.30000001192092896,23460
2017-01-03,0.30000001192092896,0.30000001192092896,0.30000001192092896,0.30000001192092896,186140
2017-01-04,0.30000001192092896,0.30000001192092896,0.30000001192092896,0.30000001192092896,19860
2017-01-05,0.30000001192092896,0.30000001192092896,0.30000001192092896,0.30000001192092896,332760
2017-01-06,0.30000001192092896,0.30000001192092896,0.30000001192092896,0.30000001192092896,139820
2017-01-09,0.30000001192092896,0.30000001192092896,0.30000001192092896,0.30000001192092896,64660
2017-01-10,0.30000001192092896,0.30000001192092896,0.25,0.25,18140
2017-01-11,0.30000001192092896,0.30000001192092896,0.30000001192092896,0.30000001192092896,12660
2017-01-12,0.30000001192092896,0.30000001192092896,0.30000001192092896,0.30000001192092896,303000
2017-01-13,0.30000001192092896,0.30000001192092896,0.30000001192092896,0.30000001192092896,3540
2017-01-17,0.30000001192092896,0.3499999940395355,0.30000001192092896,0.30000001192092896,26220
2017-01-18,0.30000001192092896,0.30000001192092896,0.30000001192092896,0.30000001192092896,28400
2017-01-19,0.30000001192092896,0.30000001192092896,0.30000001192092896,0.30000001192092896,2800
2017-01-20,0.30000001192092896,0.30000001192092896,0.30000001192092896,0.30000001192092896,41680
2017-01-23,0.30000001192092896,0.30000001192092896,0.30000001192092896,0.30000001192092896,20560
2017-01-24,0.30000001192092896,0.30000001192092896,0.30000001192092896,0.30000001192092896,33000
2017-01-25,0.30000001192092896,0.30000001192092896,0.30000001192092896,0.30000001192092896,1000
2017-01-26,0.30000001192092896,0.30000001192092896,0.30000001192092896,0.30000001192092896,13860
2017-01-27,0.30000001192092896,0.30000001192092896,0.30000001192092896,0.30000001192092896,19200
2017-01-30,0.30000001192092896,0.30000001192092896,0.30000001192092896,0.30000001192092896,0
2017-01-31,0.3499999940395355,0.3499999940395355,0.30000001192092896,0.30000001192092896,123460
2017-02-01,0.30000001192092896,0.3499999940395355,0.30000001192092896,0.3499999940395355,44220
2017-02-02,0.30000001192092896,0.30000001192092896,0.30000001192092896,0.30000001192092896,57020
2017-02-03,0.30000001192092896,0.30000001192092896,0.30000001192092896,0.30000001192092896,56040
2017-02-06,0.3499999940395355,0.3499999940395355,0.30000001192092896,0.30000001192092896,126200
2017-02-07,0.30000001192092896,0.3499999940395355,0.30000001192092896,0.3499999940395355,130620
2017-02-08,0.3499999940395355,0.3499999940395355,0.30000001192092896,0.30000001192092896,7960
2017-02-09,0.3499999940395355,0.3499999940395355,0.30000001192092896,0.30000001192092896,45900
2017-02-10,0.3499999940395355,0.3499999940395355,0.30000001192092896,0.30000001192092896,29080
2017-02-13,0.3499999940395355,0.3499999940395355,0.30000001192092896,0.30000001192092896,33680
2017-02-14,0.3499999940395355,0.3499999940395355,0.3499999940395355,0.3499999940395355,14800
2017-02-15,0.3499999940395355,0.3499999940395355,0.3499999940395355,0.3499999940395355,7300
2017-02-16,0.3499999940395355,0.3499999940395355,0.3499999940395355,0.3499999940395355,16100
2017-02-17,0.3499999940395355,0.3499999940395355,0.3499999940395355,0.3499999940395355,36680
2017-02-21,0.4000000059604645,0.4000000059604645,0.3499999940395355,0.3499999940395355,101400
2017-02-22,0.4000000059604645,0.4000000059604645,0.3499999940395355,0.4000000059604645,134420
2017-02-23,0.3499999940395355,0.4000000059604645,0.3499999940395355,0.4000000059604645,5600
2017-02-24,0.3499999940395355,0.4000000059604645,0.3499999940395355,0.3499999940395355,20260
2017-02-27,0.3499999940395355,0.3499999940395355,0.3499999940395355,0.3499999940395355,75660
2017-02-28,0.3499999940395355,0.3499999940395355,0.3499999940395355,0.3499999940395355,17000
2017-03-01,0.3499999940395355,0.3499999940395355,0.3499999940395355,0.3499999940395355,2180
2017-03-02,0.4000000059604645,0.4000000059604645,0.3499999940395355,0.3499999940395355,136040
2017-03-03,0.4000000059604645,0.44999998807907104,0.4000000059604645,0.4000000059604645,422480
2017-03-06,0.4000000059604645,0.4000000059604645,0.4000000059604645,0.4000000059604645,4560
2017-03-07,0.4000000059604645,0.4000000059604645,0.4000000059604645,0.4000000059604645,21520
2017-03-08,0.4000000059604645,0.4000000059604645,0.4000000059604645,0.4000000059604645,5640
2017-03-09,0.44999998807907104,0.44999998807907104,0.4000000059604645,0.4000000059604645,22580
2017-03-10,0.4000000059604645,0.44999998807907104,0.4000000059604645,0.4000000059604645,11580
2017-03-13,0.4000000059604645,0.4000000059604645,0.4000000059604645,0.4000000059604645,34560
2017-03-14,0.4000000059604645,0.44999998807907104,0.4000000059604645,0.44999998807907104,18520
2017-03-15,0.4000000059604645,0.4000000059604645,0.4000000059604645,0.4000000059604645,23280
2017-03-16,0.44999998807907104,0.44999998807907104,0.4000000059604645,0.4000000059604645,9640
2017-03-17,0.44999998807907104,0.44999998807907104,0.44999998807907104,0.44999998807907104,680
2017-03-20,0.4000000059604645,0.44999998807907104,0.4000000059604645,0.4000000059604645,18200
2017-03-21,0.4000000059604645,0.4000000059604645,0.4000000059604645,0.4000000059604645,11140
2017-03-22,0.4000000059604645,0.4000000059604645,0.4000000059604645,0.4000000059604645,4460
2017-03-23,0.4000000059604645,0.4000000059604645,0.4000000059604645,0.4000000059604645,2000
2017-03-24,0.4000000059604645,0.4000000059604645,0.4000000059604645,0.4000000059604645,2020
2017-03-27,0.4000000059604645,0.4000000059604645,0.4000000059604645,0.4000000059604645,47960
2017-03-28,0.4000000059604645,0.4000000059604645,0.3499999940395355,0.3499999940395355,11800
2017-03-29,0.4000000059604645,0.4000000059604645,0.3499999940395355,0.3499999940395355,3400
2017-03-30,0.4000000059604645,0.4000000059604645,0.4000000059604645,0.4000000059604645,80
2017-03-31,0.4000000059604645,0.4000000059604645,0.3499999940395355,0.3499999940395355,26800
2017-04-03,0.3499999940395355,0.4000000059604645,0.3499999940395355,0.3499999940395355,99800
2017-04-04,0.3499999940395355,0.4000000059604645,0.3499999940395355,0.4000000059604645,62260
2017-04-05,0.3499999940395355,0.4000000059604645,0.3499999940395355,0.4000000059604645,68920
2017-04-06,0.3499999940395355,0.3499999940395355,0.3499999940395355,0.3499999940395355,27000
2017-04-07,0.3499999940395355,0.3499999940395355,0.3499999940395355,0.3499999940395355,0
2017-04-10,0.3499999940395355,0.4000000059604645,0.3499999940395355,0.4000000059604645,15600
2017-04-11,0.4000000059604645,0.44999998807907104,0.4000000059604645,0.4000000059604645,129260
2017-04-12,0.44999998807907104,0.44999998807907104,0.44999998807907104,0.44999998807907104,50340
2017-04-13,0.4000000059604645,0.44999998807907104,0.4000000059604645,0.44999998807907104,18000
2017-04-17,0.3499999940395355,0.44999998807907104,0.3499999940395355,0.44999998807907104,101320
2017-04-18,0.4000000059604645,0.4000000059604645,0.3499999940395355,0.3499999940395355,220
2017-04-19,0.4000000059604645,0.4000000059604645,0.4000000059604645,0.4000000059604645,12600
2017-04-20,0.4000000059604645,0.4000000059604645,0.4000000059604645,0.4000000059604645,2060
2017-04-21,0.4000000059604645,0.4000000059604645,0.4000000059604645,0.4000000059604645,1000
2017-04-24,0.3499999940395355,0.4000000059604645,0.3499999940395355,0.4000000059604645,14660
2017-04-25,0.3499999940395355,0.4000000059604645,0.3499999940395355,0.4000000059604645,20300
2017-04-26,0.3499999940395355,0.4000000059604645,0.3499999940395355,0.4000000059604645,40300
2017-04-27,0.4000000059604645,0.4000000059604645,0.4000000059604645,0.4000000059604645,14460
2017-04-28,0.4000000059604645,0.4000000059604645,0.4000000059604645,0.4000000059604645,22920
2017-05-01,0.4000000059604645,0.4000000059604645,0.4000000059604645,0.4000000059604645,0
2017-05-02,0.4000000059604645,0.4000000059604645,0.4000000059604645,0.4000000059604645,11720
2017-05-03,0.4000000059604645,0.4000000059604645,0.4000000059604645,0.4000000059604645,30000
2017-05-04,0.3499999940395355,0.3499999940395355,0.3499999940395355,0.3499999940395355,95620
2017-05-05,0.3499999940395355,0.3499999940395355,0.3499999940395355,0.3499999940395355,68540
2017-05-08,0.3499999940395355,0.3499999940395355,0.3499999940395355,0.3499999940395355,2540
2017-05-09,0.3499999940395355,0.3499999940395355,0.3499999940395355,0.3499999940395355,0
2017-05-10,0.3499999940395355,0.3499999940395355,0.3499999940395355,0.3499999940395355,8200
2017-05-11,0.4000000059604645,0.4000000059604645,0.3499999940395355,0.3499999940395355,8260
2017-05-12,0.4000000059604645,0.4000000059604645,0.3499999940395355,0.3499999940395355,31080
2017-05-15,0.3499999940395355,0.3499999940395355,0.3499999940395355,0.3499999940395355,4000
2017-05-16,0.3499999940395355,0.3499999940395355,0.3499999940395355,0.3499999940395355,0
2017-05-17,0.4000000059604645,0.4000000059604645,0.3499999940395355,0.3499999940395355,14140
2017-05-18,0.4000000059604645,0.4000000059604645,0.4000000059604645,0.4000000059604645,0
2017-05-19,0.4000000059604645,0.4000000059604645,0.4000000059604645,0.4000000059604645,0
2017-05-22,0.4000000059604645,0.4000000059604645,0.4000000059604645,0.4000000059604645,2080
2017-05-23,0.3499999940395355,0.3499999940395355,0.3499999940395355,0.3499999940395355,25100
2017-05-24,0.3499999940395355,0.3499999940395355,0.3499999940395355,0.3499999940395355,18000
2017-05-25,0.3499999940395355,0.3499999940395355,0.3499999940395355,0.3499999940395355,5000
2017-05-26,0.3499999940395355,0.3499999940395355,0.3499999940395355,0.3499999940395355,43000
2017-05-30,0.3499999940395355,0.3499999940395355,0.3499999940395355,0.3499999940395355,0
2017-05-31,0.3499999940395355,0.4000000059604645,0.3499999940395355,0.3499999940395355,3100
2017-06-01,0.3499999940395355,0.3499999940395355,0.3499999940395355,0.3499999940395355,59960
2017-06-02,0.4000000059604645,0.4000000059604645,0.4000000059604645,0.4000000059604645,22120
2017-06-05,0.4000000059604645,0.4000000059604645,0.4000000059604645,0.4000000059604645,23000
2017-06-06,0.4000000059604645,0.4000000059604645,0.4000000059604645,0.4000000059604645,12100
2017-06-07,0.4000000059604645,0.4000000059604645,0.3499999940395355,0.4000000059604645,16240
2017-06-08,0.4000000059604645,0.4000000059604645,0.3499999940395355,0.3499999940395355,16800
2017-06-09,0.4000000059604645,0.4000000059604645,0.3499999940395355,0.3499999940395355,35040
2017-06-12,0.3499999940395355,0.4000000059604645,0.3499999940395355,0.4000000059604645,6260
2017-06-13,0.3499999940395355,0.4000000059604645,0.3499999940395355,0.3499999940395355,5880
2017-06-14,0.3499999940395355,0.4000000059604645,0.3499999940395355,0.4000000059604645,7900
2017-06-15,0.3499999940395355,0.4000000059604645,0.3499999940395355,0.3499999940395355,121680
2017-06-16,0.3499999940395355,0.3499999940395355,0.3499999940395355,0.3499999940395355,103400
2017-06-19,0.4000000059604645,0.4000000059604645,0.3499999940395355,0.4000000059604645,5000
2017-06-20,0.4000000059604645,0.4000000059604645,0.3499999940395355,0.4000000059604645,2060
2017-06-21,0.4000000059604645,0.4000000059604645,0.3499999940395355,0.3499999940395355,14200
2017-06-22,0.3499999940395355,0.4000000059604645,0.3499999940395355,0.3499999940395355,7120
2017-06-23,0.3499999940395355,0.3499999940395355,0.3499999940395355,0.3499999940395355,1140
2017-06-26,0.4000000059604645,0.4000000059604645,0.4000000059604645,0.4000000059604645,35060
2017-06-27,0.4000000059604645,0.4000000059604645,0.4000000059604645,0.4000000059604645,0
2017-06-28,0.4000000059604645,0.4000000059604645,0.3499999940395355,0.3499999940395355,6600
2017-06-29,0.3499999940395355,0.3499999940395355,0.3499999940395355,0.3499999940395355,200
2017-06-30,0.3499999940395355,0.3499999940395355,0.3499999940395355,0.3499999940395355,19900
2017-07-03,0.3499999940395355,0.3499999940395355,0.3499999940395355,0.3499999940395355,34940
2017-07-05,0.3499999940395355,0.3499999940395355,0.3499999940395355,0.3499999940395355,13760
2017-07-06,0.3499999940395355,0.3499999940395355,0.3499999940395355,0.3499999940395355,11600
2017-07-07,0.3499999940395355,0.3499999940395355,0.30000001192092896,0.30000001192092896,3400
2017-07-10,0.3499999940395355,0.3499999940395355,0.3499999940395355,0.3499999940395355,1480
2017-07-11,0.3499999940395355,0.3499999940395355,0.3499999940395355,0.3499999940395355,840
2017-07-12,0.3499999940395355,0.3499999940395355,0.30000001192092896,0.30000001192092896,73100
2017-07-13,0.30000001192092896,0.3499999940395355,0.30000001192092896,0.3499999940395355,15080
2017-07-14,0.30000001192092896,0.30000001192092896,0.30000001192092896,0.30000001192092896,0
2017-07-17,0.30000001192092896,0.30000001192092896,0.30000001192092896,0.30000001192092896,0
2017-07-18,0.3499999940395355,0.3499999940395355,0.30000001192092896,0.30000001192092896,16880
2017-07-19,0.3499999940395355,0.3499999940395355,0.30000001192092896,0.30000001192092896,5200
2017-07-20,0.30000001192092896,0.30000001192092896,0.30000001192092896,0.30000001192092896,69300
2017-07-21,0.3499999940395355,0.3499999940395355,0.30000001192092896,0.30000001192092896,4200
2017-07-24,0.30000001192092896,0.3499999940395355,0.30000001192092896,0.3499999940395355,11000
2017-07-25,0.3499999940395355,0.3499999940395355,0.3499999940395355,0.3499999940395355,3160
2017-07-26,0.3499999940395355,0.3499999940395355,0.3499999940395355,0.3499999940395355,200
2017-07-27,0.30000001192092896,0.3499999940395355,0.30000001192092896,0.3499999940395355,1800
2017-07-28,0.3499999940395355,0.3499999940395355,0.30000001192092896,0.30000001192092896,24600
2017-07-31,0.3499999940395355,0.3499999940395355,0.30000001192092896,0.30000001192092896,76740
2017-08-01,0.3499999940395355,0.3499999940395355,0.3499999940395355,0.3499999940395355,4000
2017-08-02,0.3499999940395355,0.3499999940395355,0.3499999940395355,0.3499999940395355,6560
2017-08-03,0.30000001192092896,0.3499999940395355,0.30000001192092896,0.3499999940395355,3780
2017-08-04,0.3499999940395355,0.3499999940395355,0.3499999940395355,0.3499999940395355,600
2017-08-07,0.3499999940395355,0.3499999940395355,0.3499999940395355,0.3499999940395355,0
2017-08-08,0.3499999940395355,0.3499999940395355,0.3499999940395355,0.3499999940395355,200
2017-08-09,0.30000001192092896,0.3499999940395355,0.30000001192092896,0.30000001192092896,29020
2017-08-10,0.30000001192092896,0.30000001192092896,0.30000001192092896,0.30000001192092896,0
2017-08-11,0.30000001192092896,0.30000001192092896,0.30000001192092896,0.30000001192092896,0
2017-08-14,0.3499999940395355,0.3499999940395355,0.3499999940395355,0.3499999940395355,28560
2017-08-15,0.3499999940395355,0.3499999940395355,0.30000001192092896,0.3499999940395355,5040
2017-08-16,0.3499999940395355,0.3499999940395355,0.3499999940395355,0.3499999940395355,0
2017-08-17,0.30000001192092896,0.30000001192092896,0.30000001192092896,0.30000001192092896,1800
2017-08-18,0.30000001192092896,0.3499999940395355,0.30000001192092896,0.3499999940395355,3800
2017-08-21,0.30000001192092896,0.30000001192092896,0.30000001192092896,0.30000001192092896,0
2017-08-22,0.3499999940395355,0.3499999940395355,0.30000001192092896,0.3499999940395355,3040
2017-08-23,0.30000001192092896,0.30000001192092896,0.30000001192092896,0.30000001192092896,400
2017-08-24,0.30000001192092896,0.30000001192092896,0.30000001192092896,0.30000001192092896,4900
2017-08-25,0.30000001192092896,0.30000001192092896,0.30000001192092896,0.30000001192092896,0
2017-08-28,0.30000001192092896,0.3499999940395355,0.30000001192092896,0.3499999940395355,4000
2017-08-29,0.3499999940395355,0.3499999940395355,0.3499999940395355,0.3499999940395355,7140
2017-08-30,0.3499999940395355,0.3499999940395355,0.3499999940395355,0.3499999940395355,0
2017-08-31,0.3499999940395355,0.3499999940395355,0.30000001192092896,0.3499999940395355,30160
2017-09-01,0.3499999940395355,0.3499999940395355,0.3499999940395355,0.3499999940395355,33960
2017-09-05,0.3499999940395355,0.3499999940395355,0.3499999940395355,0.3499999940395355,12100
2017-09-06,0.3499999940395355,0.3499999940395355,0.3499999940395355,0.3499999940395355,4040
2017-09-07,0.3499999940395355,0.3499999940395355,0.3499999940395355,0.3499999940395355,22200
2017-09-08,0.3499999940395355,0.3499999940395355,0.3499999940395355,0.3499999940395355,11120
2017-09-11,0.3499999940395355,0.3499999940395355,0.3499999940395355,0.3499999940395355,0
2017-09-12,0.3499999940395355,0.3499999940395355,0.3499999940395355,0.3499999940395355,4800
2017-09-13,0.3499999940395355,0.3499999940395355,0.3499999940395355,0.3499999940395355,1040
2017-09-14,0.3499999940395355,0.3499999940395355,0.3499999940395355,0.3499999940395355,600
2017-09-15,0.3499999940395355,0.3499999940395355,0.3499999940395355,0.3499999940395355,14000
2017-09-18,0.3499999940395355,0.3499999940395355,0.3499999940395355,0.3499999940395355,8060
2017-09-19,0.3499999940395355,0.3499999940395355,0.3499999940395355,0.3499999940395355,320
2017-09-20,0.3499999940395355,0.3499999940395355,0.3499999940395355,0.3499999940395355,29000
2017-09-21,0.30000001192092896,0.3499999940395355,0.30000001192092896,0.3499999940395355,7000
2017-09-22,0.3499999940395355,0.3499999940395355,0.30000001192092896,0.30000001192092896,2280
2017-09-25,0.30000001192092896,0.3499999940395355,0.30000001192092896,0.3499999940395355,960
2017-09-26,0.30000001192092896,0.30000001192092896,0.30000001192092896,0.30000001192092896,0
2017-09-27,0.30000001192092896,0.30000001192092896,0.30000001192092896,0.30000001192092896,0
2017-09-28,0.30000001192092896,0.30000001192092896,0.30000001192092896,0.30000001192092896,840
2017-09-29,0.3499999940395355,0.3499999940395355,0.3499999940395355,0.3499999940395355,400
2017-10-02,0.3499999940395355,0.3499999940395355,0.30000001192092896,0.30000001192092896,11660
2017-10-03,0.30000001192092896,0.30000001192092896,0.30000001192092896,0.30000001192092896,6400
2017-10-04,0.30000001192092896,0.3499999940395355,0.30000001192092896,0.30000001192092896,4400
2017-10-05,0.30000001192092896,0.30000001192092896,0.30000001192092896,0.30000001192092896,0
2017-10-06,0.3499999940395355,0.3499999940395355,0.30000001192092896,0.30000001192092896,32400
2017-10-09,0.30000001192092896,0.30000001192092896,0.30000001192092896,0.30000001192092896,100
2017-10-10,0.30000001192092896,0.30000001192092896,0.30000001192092896,0.30000001192092896,2000
2017-10-11,0.30000001192092896,0.30000001192092896,0.30000001192092896,0.30000001192092896,4000
2017-10-12,0.30000001192092896,0.30000001192092896,0.30000001192092896,0.30000001192092896,9780
2017-10-13,0.30000001192092896,0.30000001192092896,0.30000001192092896,0.30000001192092896,0
2017-10-16,0.30000001192092896,0.30000001192092896,0.30000001192092896,0.30000001192092896,2820
2017-10-17,0.30000001192092896,0.30000001192092896,0.30000001192092896,0.30000001192092896,0
2017-10-18,0.30000001192092896,0.30000001192092896,0.30000001192092896,0.30000001192092896,0
2017-10-19,0.30000001192092896,0.30000001192092896,0.30000001192092896,0.30000001192092896,20
2017-10-20,0.30000001192092896,0.3499999940395355,0.30000001192092896,0.3499999940395355,12000
2017-10-23,0.30000001192092896,0.30000001192092896,0.30000001192092896,0.30000001192092896,2000
2017-10-24,0.30000001192092896,0.30000001192092896,0.30000001192092896,0.30000001192092896,31400
2017-10-25,0.30000001192092896,0.30000001192092896,0.30000001192092896,0.30000001192092896,19900
2017-10-26,0.30000001192092896,0.30000001192092896,0.30000001192092896,0.30000001192092896,600
2017-10-27,0.30000001192092896,0.30000001192092896,0.30000001192092896,0.30000001192092896,10160
2017-10-30,0.30000001192092896,0.30000001192092896,0.30000001192092896,0.30000001192092896,0
2017-10-31,0.30000001192092896,0.30000001192092896,0.30000001192092896,0.30000001192092896,4200
2017-11-01,0.30000001192092896,0.30000001192092896,0.30000001192092896,0.30000001192092896,3600
2017-11-02,0.30000001192092896,0.30000001192092896,0.30000001192092896,0.30000001192092896,6080
2017-11-03,0.30000001192092896,0.30000001192092896,0.30000001192092896,0.30000001192092896,13880
2017-11-06,0.30000001192092896,0.30000001192092896,0.25,0.25,10080
2017-11-07,0.30000001192092896,0.30000001192092896,0.30000001192092896,0.30000001192092896,1940
2017-11-08,0.30000001192092896,0.30000001192092896,0.30000001192092896,0.30000001192092896,29480
2017-11-09,0.30000001192092896,0.30000001192092896,0.30000001192092896,0.30000001192092896,1740
2017-11-10,0.30000001192092896,0.30000001192092896,0.30000001192092896,0.30000001192092896,1200
2017-11-13,0.25,0.25,0.25,0.25,5500
2017-11-14,0.25,0.25,0.25,0.25,8000
2017-11-15,0.30000001192092896,0.30000001192092896,0.30000001192092896,0.30000001192092896,2000
2017-11-16,0.30000001192092896,0.30000001192092896,0.30000001192092896,0.30000001192092896,200
2017-11-17,0.30000001192092896,0.30000001192092896,0.25,0.25,800
2017-11-20,0.30000001192092896,0.30000001192092896,0.30000001192092896,0.30000001192092896,16000
2017-11-21,0.30000001192092896,0.30000001192092896,0.30000001192092896,0.30000001192092896,6000
2017-11-22,0.30000001192092896,0.30000001192092896,0.30000001192092896,0.30000001192092896,6000
2017-11-24,0.30000001192092896,0.30000001192092896,0.30000001192092896,0.30000001192092896,5720
2017-11-27,0.25,0.25,0.25,0.25,5200
2017-11-28,0.25,0.25,0.25,0.25,0
2017-11-29,0.30000001192092896,0.30000001192092896,0.30000001192092896,0.30000001192092896,240
2017-11-30,0.30000001192092896,0.30000001192092896,0.30000001192092896,0.30000001192092896,0
2017-12-01,0.30000001192092896,0.30000001192092896,0.30000001192092896,0.30000001192092896,33680
2017-12-04,0.25,0.25,0.25,0.25,1000
2017-12-05,0.25,0.30000001192092896,0.25,0.30000001192092896,47200
2017-12-06,0.3499999940395355,0.4000000059604645,0.30000001192092896,0.30000001192092896,195980
2017-12-07,0.30000001192092896,0.3499999940395355,0.30000001192092896,0.3499999940395355,44900
2017-12-08,0.3499999940395355,0.3499999940395355,0.3499999940395355,0.3499999940395355,2400
2017-12-11,0.30000001192092896,0.3499999940395355,0.30000001192092896,0.3499999940395355,27600
2017-12-12,0.30000001192092896,0.30000001192092896,0.30000001192092896,0.30000001192092896,480
2017-12-13,0.30000001192092896,0.3499999940395355,0.30000001192092896,0.30000001192092896,26260
2017-12-14,0.30000001192092896,0.30000001192092896,0.30000001192092896,0.30000001192092896,10000
2017-12-15,0.3499999940395355,0.3499999940395355,0.30000001192092896,0.30000001192092896,35920
2017-12-18,0.3499999940395355,0.3499999940395355,0.30000001192092896,0.3499999940395355,42320
2017-12-19,0.3499999940395355,0.3499999940395355,0.30000001192092896,0.30000001192092896,60780
2017-12-20,0.30000001192092896,0.3499999940395355,0.30000001192092896,0.3499999940395355,27680
2017-12-21,0.30000001192092896,0.30000001192092896,0.30000001192092896,0.30000001192092896,12840
2017-12-22,0.30000001192092896,0.3499999940395355,0.30000001192092896,0.30000001192092896,37840
2017-12-26,0.30000001192092896,0.30000001192092896,0.30000001192092896,0.30000001192092896,1700
2017-12-27,0.3499999940395355,0.3499999940395355,0.3499999940395355,0.3499999940395355,1000
2017-12-28,0.3499999940395355,0.3499999940395355,0.3499999940395355,0.3499999940395355,5060
2017-12-29,0.3499999940395355,0.3499999940395355,0.3499999940395355,0.3499999940395355,6800
2018-01-02,0.3499999940395355,0.3499999940395355,0.3499999940395355,0.3499999940395355,2200
2018-01-03,0.3499999940395355,0.3499999940395355,0.3499999940395355,0.3499999940395355,2240
2018-01-04,0.3499999940395355,0.3499999940395355,0.30000001192092896,0.3499999940395355,18560
2018-01-05,0.3499999940395355,0.3499999940395355,0.3499999940395355,0.3499999940395355,420
2018-01-08,0.30000001192092896,0.3499999940395355,0.30000001192092896,0.3499999940395355,15400
2018-01-09,0.3499999940395355,0.3499999940395355,0.30000001192092896,0.30000001192092896,5800
2018-01-10,0.3499999940395355,0.3499999940395355,0.30000001192092896,0.30000001192092896,10400
2018-01-11,0.30000001192092896,0.30000001192092896,0.30000001192092896,0.30000001192092896,600
2018-01-12,0.30000001192092896,0.3499999940395355,0.30000001192092896,0.3499999940395355,2700
2018-01-16,0.30000001192092896,0.30000001192092896,0.30000001192092896,0.30000001192092896,0
2018-01-17,0.30000001192092896,0.30000001192092896,0.30000001192092896,0.30000001192092896,0
2018-01-18,0.30000001192092896,0.30000001192092896,0.30000001192092896,0.30000001192092896,9920
2018-01-19,0.3499999940395355,0.3499999940395355,0.30000001192092896,0.30000001192092896,3000
2018-01-22,0.3499999940395355,0.3499999940395355,0.30000001192092896,0.30000001192092896,14160
2018-01-23,0.30000001192092896,0.3499999940395355,0.30000001192092896,0.30000001192092896,5060
2018-01-24,0.3499999940395355,0.3499999940395355,0.30000001192092896,0.30000001192092896,8000
2018-01-25,0.3499999940395355,0.3499999940395355,0.3499999940395355,0.3499999940395355,6400
2018-01-26,0.30000001192092896,0.30000001192092896,0.30000001192092896,0.30000001192092896,13400
2018-01-29,0.3499999940395355,0.3499999940395355,0.30000001192092896,0.30000001192092896,6200
2018-01-30,0.30000001192092896,0.30000001192092896,0.30000001192092896,0.30000001192092896,4000
2018-01-31,0.3499999940395355,0.3499999940395355,0.30000001192092896,0.30000001192092896,3400
2018-02-01,0.3499999940395355,0.3499999940395355,0.3499999940395355,0.3499999940395355,6000
2018-02-02,0.30000001192092896,0.30000001192092896,0.30000001192092896,0.30000001192092896,1240
2018-02-05,0.30000001192092896,0.30000001192092896,0.30000001192092896,0.30000001192092896,0
2018-02-06,0.3499999940395355,0.3499999940395355,0.25,0.30000001192092896,6060
2018-02-07,0.30000001192092896,0.30000001192092896,0.30000001192092896,0.30000001192092896,1200
2018-02-08,0.30000001192092896,0.30000001192092896,0.30000001192092896,0.30000001192092896,10800
2018-02-09,0.30000001192092896,0.30000001192092896,0.30000001192092896,0.30000001192092896,460
2018-02-12,0.30000001192092896,0.30000001192092896,0.30000001192092896,0.30000001192092896,5400
2018-02-13,0.30000001192092896,0.30000001192092896,0.30000001192092896,0.30000001192092896,0
2018-02-14,0.30000001192092896,0.30000001192092896,0.30000001192092896,0.30000001192092896,16640
2018-02-15,0.30000001192092896,0.30000001192092896,0.30000001192092896,0.30000001192092896,0
2018-02-16,0.30000001192092896,0.30000001192092896,0.30000001192092896,0.30000001192092896,0
2018-02-20,0.30000001192092896,0.30000001192092896,0.30000001192092896,0.30000001192092896,0
2018-02-21,0.30000001192092896,0.30000001192092896,0.30000001192092896,0.30000001192092896,0
2018-02-22,0.30000001192092896,0.30000001192092896,0.30000001192092896,0.30000001192092896,0
2018-02-23,0.30000001192092896,0.30000001192092896,0.30000001192092896,0.30000001192092896,7000
2018-02-26,0.30000001192092896,0.30000001192092896,0.30000001192092896,0.30000001192092896,0
2018-02-27,0.30000001192092896,0.30000001192092896,0.30000001192092896,0.30000001192092896,1380
2018-02-28,0.30000001192092896,0.30000001192092896,0.30000001192092896,0.30000001192092896,2000
2018-03-01,0.30000001192092896,0.30000001192092896,0.30000001192092896,0.30000001192092896,0
2018-03-02,0.30000001192092896,0.30000001192092896,0.30000001192092896,0.30000001192092896,0
2018-03-05,0.30000001192092896,0.30000001192092896,0.30000001192092896,0.30000001192092896,1520
2018-03-06,0.30000001192092896,0.30000001192092896,0.25,0.25,4300
2018-03-07,0.25,0.30000001192092896,0.25,0.25,13220
2018-03-08,0.25,0.25,0.25,0.25,1700
2018-03-09,0.30000001192092896,0.30000001192092896,0.25,0.25,4700
2018-03-12,0.30000001192092896,0.30000001192092896,0.30000001192092896,0.30000001192092896,0
2018-03-13,0.30000001192092896,0.30000001192092896,0.30000001192092896,0.30000001192092896,0
2018-03-14,0.30000001192092896,0.30000001192092896,0.25,0.25,6400
2018-03-15,0.25,0.25,0.25,0.25,11300
2018-03-16,0.25,0.25,0.25,0.25,1160
2018-03-19,0.25,0.25,0.25,0.25,11480
2018-03-20,0.25,0.25,0.25,0.25,2600
2018-03-21,0.25,0.25,0.25,0.25,4000
2018-03-22,0.25,0.30000001192092896,0.25,0.25,2040
2018-03-23,0.25,0.25,0.25,0.25,0
2018-03-26,0.25,0.25,0.25,0.25,1600
2018-03-27,0.30000001192092896,0.30000001192092896,0.30000001192092896,0.30000001192092896,4000
2018-03-28,0.30000001192092896,0.30000001192092896,0.30000001192092896,0.30000001192092896,0
2018-03-29,0.30000001192092896,0.30000001192092896,0.30000001192092896,0.30000001192092896,0
2018-04-02,0.25,0.25,0.25,0.25,6640
2018-04-03,0.25,0.25,0.25,0.25,3300
2018-04-04,0.25,0.25,0.25,0.25,0
2018-04-05,0.25,0.25,0.25,0.25,3140
2018-04-06,0.25,0.25,0.25,0.25,0
2018-04-09,0.25,0.25,0.20000000298023224,0.20000000298023224,14540
2018-04-10,0.25,0.30000001192092896,0.25,0.25,44100
2018-04-11,0.25,0.25,0.25,0.25,0
2018-04-12,0.25,0.25,0.25,0.25,5800
2018-04-13,0.30000001192092896,0.30000001192092896,0.30000001192092896,0.30000001192092896,9400
2018-04-16,0.30000001192092896,0.30000001192092896,0.30000001192092896,0.30000001192092896,0
2018-04-17,0.30000001192092896,0.30000001192092896,0.30000001192092896,0.30000001192092896,0
2018-04-18,0.30000001192092896,0.30000001192092896,0.30000001192092896,0.30000001192092896,1800
2018-04-19,0.30000001192092896,0.30000001192092896,0.30000001192092896,0.30000001192092896,4000
2018-04-20,0.25,0.25,0.25,0.25,20000
2018-04-23,0.25,0.25,0.25,0.25,144620
2018-04-24,0.25,0.25,0.25,0.25,0
2018-04-25,0.25,0.25,0.25,0.25,11000
2018-04-26,0.25,0.25,0.25,0.25,0
2018-04-27,0.25,0.25,0.25,0.25,0
2018-04-30,0.30000001192092896,0.30000001192092896,0.30000001192092896,0.30000001192092896,10600
2018-05-01,0.25,0.30000001192092896,0.25,0.30000001192092896,5340
2018-05-02,0.25,0.25,0.25,0.25,0
2018-05-03,0.25,0.30000001192092896,0.25,0.30000001192092896,6580
2018-05-04,0.25,0.25,0.25,0.25,0
2018-05-07,0.25,0.25,0.25,0.25,0
2018-05-08,0.30000001192092896,0.30000001192092896,0.30000001192092896,0.30000001192092896,6860
2018-05-09,0.25,0.25,0.25,0.25,5400
2018-05-10,0.25,0.25,0.25,0.25,21100
2018-05-11,0.25,0.25,0.25,0.25,17400
2018-05-14,0.25,0.25,0.25,0.25,800
2018-05-15,0.25,0.25,0.25,0.25,600
2018-05-16,0.25,0.25,0.25,0.25,0
2018-05-17,0.25,0.25,0.25,0.25,200
2018-05-18,0.25,0.25,0.25,0.25,0
2018-05-21,0.25,0.25,0.25,0.25,4400
2018-05-22,0.25,0.25,0.25,0.25,2820
2018-05-23,0.25,0.25,0.25,0.25,0
2018-05-24,0.25,0.25,0.25,0.25,400
2018-05-25,0.25,0.25,0.25,0.25,1840
2018-05-29,0.25,0.25,0.25,0.25,0
2018-05-30,0.25,0.25,0.25,0.25,800
2018-05-31,0.25,0.25,0.25,0.25,4200
2018-06-01,0.25,0.25,0.25,0.25,840
2018-06-04,0.25,0.25,0.25,0.25,1200
2018-06-05,0.25,0.25,0.25,0.25,6800
2018-06-06,0.25,0.25,0.25,0.25,0
2018-06-07,0.25,0.25,0.25,0.25,2000
2018-06-08,0.25,0.25,0.20000000298023224,0.25,34000
2018-06-11,0.25,0.25,0.25,0.25,0
2018-06-12,0.20000000298023224,0.20000000298023224,0.20000000298023224,0.20000000298023224,1600
2018-06-13,0.25,0.25,0.20000000298023224,0.20000000298023224,10800
2018-06-14,0.25,0.25,0.25,0.25,0
2018-06-15,0.25,0.25,0.20000000298023224,0.20000000298023224,3560
2018-06-18,0.20000000298023224,0.20000000298023224,0.20000000298023224,0.20000000298023224,300
2018-06-19,0.20000000298023224,0.20000000298023224,0.20000000298023224,0.20000000298023224,0
2018-06-20,0.20000000298023224,0.20000000298023224,0.20000000298023224,0.20000000298023224,5640
2018-06-21,0.20000000298023224,0.20000000298023224,0.20000000298023224,0.20000000298023224,4880
2018-06-22,0.25,0.25,0.25,0.25,2400
2018-06-25,0.25,0.25,0.25,0.25,0
2018-06-26,0.20000000298023224,0.25,0.20000000298023224,0.25,1300
2018-06-27,0.20000000298023224,0.20000000298023224,0.20000000298023224,0.20000000298023224,400
2018-06-28,0.25,0.25,0.20000000298023224,0.20000000298023224,2600
2018-06-29,0.25,0.25,0.25,0.25,300
2018-07-02,0.25,0.25,0.25,0.25,0
2018-07-03,0.25,0.25,0.25,0.25,0
2018-07-05,0.25,0.25,0.20000000298023224,0.20000000298023224,1040
2018-07-06,0.20000000298023224,0.25,0.20000000298023224,0.20000000298023224,5000
2018-07-09,0.20000000298023224,0.20000000298023224,0.20000000298023224,0.20000000298023224,10000
2018-07-10,0.20000000298023224,0.20000000298023224,0.20000000298023224,0.20000000298023224,580
2018-07-11,0.20000000298023224,0.20000000298023224,0.20000000298023224,0.20000000298023224,0
2018-07-12,0.20000000298023224,0.20000000298023224,0.20000000298023224,0.20000000298023224,7700
2018-07-13,0.20000000298023224,0.20000000298023224,0.20000000298023224,0.20000000298023224,400
2018-07-16,0.20000000298023224,0.20000000298023224,0.20000000298023224,0.20000000298023224,0
2018-07-17,0.20000000298023224,0.20000000298023224,0.20000000298023224,0.20000000298023224,0
2018-07-18,0.20000000298023224,0.20000000298023224,0.20000000298023224,0.20000000298023224,0
2018-07-19,0.20000000298023224,0.20000000298023224,0.20000000298023224,0.20000000298023224,0
2018-07-20,0.20000000298023224,0.20000000298023224,0.20000000298023224,0.20000000298023224,4000
2018-07-23,0.20000000298023224,0.20000000298023224,0.20000000298023224,0.20000000298023224,200
2018-07-24,0.20000000298023224,0.20000000298023224,0.20000000298023224,0.20000000298023224,460
2018-07-25,0.20000000298023224,0.20000000298023224,0.20000000298023224,0.20000000298023224,0
2018-07-26,0.20000000298023224,0.20000000298023224,0.20000000298023224,0.20000000298023224,2700
2018-07-27,0.20000000298023224,0.20000000298023224,0.20000000298023224,0.20000000298023224,0
2018-07-30,0.20000000298023224,0.20000000298023224,0.20000000298023224,0.20000000298023224,1600
2018-07-31,0.20000000298023224,0.20000000298023224,0.20000000298023224,0.20000000298023224,0
2018-08-01,0.20000000298023224,0.20000000298023224,0.20000000298023224,0.20000000298023224,2000
2018-08-02,0.20000000298023224,0.20000000298023224,0.20000000298023224,0.20000000298023224,600
2018-08-03,0.20000000298023224,0.20000000298023224,0.20000000298023224,0.20000000298023224,200
2018-08-06,0.20000000298023224,0.20000000298023224,0.20000000298023224,0.20000000298023224,1000
2018-08-07,0.20000000298023224,0.25,0.20000000298023224,0.25,5200
2018-08-08,0.20000000298023224,0.20000000298023224,0.20000000298023224,0.20000000298023224,0
2018-08-09,0.20000000298023224,0.20000000298023224,0.20000000298023224,0.20000000298023224,2640
2018-08-10,0.20000000298023224,0.20000000298023224,0.20000000298023224,0.20000000298023224,0
2018-08-13,0.20000000298023224,0.20000000298023224,0.20000000298023224,0.20000000298023224,8000
2018-08-14,0.20000000298023224,0.20000000298023224,0.20000000298023224,0.20000000298023224,1000
2018-08-15,0.20000000298023224,0.20000000298023224,0.20000000298023224,0.20000000298023224,560
2018-08-16,0.20000000298023224,0.20000000298023224,0.20000000298023224,0.20000000298023224,1400
2018-08-17,0.20000000298023224,0.20000000298023224,0.20000000298023224,0.20000000298023224,600
2018-08-20,0.20000000298023224,0.20000000298023224,0.15000000596046448,0.15000000596046448,340
2018-08-21,0.15000000596046448,0.20000000298023224,0.15000000596046448,0.20000000298023224,55760
2018-08-22,0.15000000596046448,0.15000000596046448,0.15000000596046448,0.15000000596046448,0
2018-08-23,0.20000000298023224,0.20000000298023224,0.15000000596046448,0.20000000298023224,6200
2018-08-24,0.20000000298023224,0.20000000298023224,0.20000000298023224,0.20000000298023224,2000
2018-08-27,0.20000000298023224,0.20000000298023224,0.20000000298023224,0.20000000298023224,0
2018-08-28,0.20000000298023224,0.20000000298023224,0.20000000298023224,0.20000000298023224,0
2018-08-29,0.20000000298023224,0.20000000298023224,0.20000000298023224,0.20000000298023224,0
2018-08-30,0.20000000298023224,0.20000000298023224,0.20000000298023224,0.20000000298023224,0
2018-08-31,0.15000000596046448,0.15000000596046448,0.15000000596046448,0.15000000596046448,840
2018-09-04,0.15000000596046448,0.15000000596046448,0.15000000596046448,0.15000000596046448,0
2018-09-05,0.20000000298023224,0.20000000298023224,0.20000000298023224,0.20000000298023224,4000
2018-09-06,0.20000000298023224,0.20000000298023224,0.20000000298023224,0.20000000298023224,4000
2018-09-07,0.20000000298023224,0.20000000298023224,0.20000000298023224,0.20000000298023224,0
2018-09-10,0.15000000596046448,0.20000000298023224,0.15000000596046448,0.20000000298023224,54700
2018-09-11,0.15000000596046448,0.15000000596046448,0.15000000596046448,0.15000000596046448,14020
2018-09-12,0.15000000596046448,0.15000000596046448,0.10000000149011612,0.15000000596046448,16220
2018-09-13,0.15000000596046448,0.15000000596046448,0.15000000596046448,0.15000000596046448,33680
2018-09-14,0.15000000596046448,0.15000000596046448,0.15000000596046448,0.15000000596046448,3900
2018-09-17,0.15000000596046448,0.15000000596046448,0.15000000596046448,0.15000000596046448,4000
2018-09-18,0.15000000596046448,0.15000000596046448,0.15000000596046448,0.15000000596046448,2400
2018-09-19,0.15000000596046448,0.15000000596046448,0.15000000596046448,0.15000000596046448,0
2018-09-20,0.15000000596046448,0.15000000596046448,0.15000000596046448,0.15000000596046448,0
2018-09-21,0.15000000596046448,0.15000000596046448,0.15000000596046448,0.15000000596046448,0
2018-09-24,0.15000000596046448,0.15000000596046448,0.15000000596046448,0.15000000596046448,12000
2018-09-25,0.15000000596046448,0.15000000596046448,0.15000000596046448,0.15000000596046448,2500
2018-09-26,0.15000000596046448,0.15000000596046448,0.15000000596046448,0.15000000596046448,10000
2018-09-27,0.15000000596046448,0.15000000596046448,0.15000000596046448,0.15000000596046448,77980
2018-09-28,0.15000000596046448,0.15000000596046448,0.15000000596046448,0.15000000596046448,1600
2018-10-01,0.15000000596046448,0.15000000596046448,0.15000000596046448,0.15000000596046448,0
2018-10-02,0.15000000596046448,0.15000000596046448,0.15000000596046448,0.15000000596046448,4800
2018-10-03,0.15000000596046448,0.15000000596046448,0.15000000596046448,0.15000000596046448,0
2018-10-04,0.15000000596046448,0.15000000596046448,0.15000000596046448,0.15000000596046448,0
2018-10-05,0.15000000596046448,0.15000000596046448,0.15000000596046448,0.15000000596046448,1000
2018-10-08,0.20000000298023224,0.20000000298023224,0.15000000596046448,0.15000000596046448,4700
2018-10-09,0.20000000298023224,0.20000000298023224,0.20000000298023224,0.20000000298023224,0
2018-10-10,0.20000000298023224,0.20000000298023224,0.20000000298023224,0.20000000298023224,0
2018-10-11,0.15000000596046448,0.15000000596046448,0.15000000596046448,0.15000000596046448,26720
2018-10-12,0.20000000298023224,0.20000000298023224,0.15000000596046448,0.15000000596046448,3000
2018-10-15,0.20000000298023224,0.20000000298023224,0.15000000596046448,0.15000000596046448,22000
2018-10-16,0.20000000298023224,0.20000000298023224,0.20000000298023224,0.20000000298023224,0
2018-10-17,0.20000000298023224,0.20000000298023224,0.20000000298023224,0.20000000298023224,0
2018-10-18,0.20000000298023224,0.20000000298023224,0.20000000298023224,0.20000000298023224,0
2018-10-19,0.15000000596046448,0.15000000596046448,0.15000000596046448,0.15000000596046448,400
2018-10-22,0.15000000596046448,0.15000000596046448,0.15000000596046448,0.15000000596046448,0
2018-10-23,0.15000000596046448,0.15000000596046448,0.15000000596046448,0.15000000596046448,8000
2018-10-24,0.15000000596046448,0.15000000596046448,0.15000000596046448,0.15000000596046448,1000
2018-10-25,0.15000000596046448,0.15000000596046448,0.15000000596046448,0.15000000596046448,0
2018-10-26,0.15000000596046448,0.15000000596046448,0.15000000596046448,0.15000000596046448,21000
2018-10-29,0.15000000596046448,0.15000000596046448,0.15000000596046448,0.15000000596046448,20
2018-10-30,0.20000000298023224,0.20000000298023224,0.20000000298023224,0.20000000298023224,8500
2018-10-31,0.15000000596046448,0.20000000298023224,0.15000000596046448,0.20000000298023224,7640
2018-11-01,0.15000000596046448,0.15000000596046448,0.15000000596046448,0.15000000596046448,2040
2018-11-02,0.15000000596046448,0.15000000596046448,0.15000000596046448,0.15000000596046448,41400
2018-11-05,0.15000000596046448,0.15000000596046448,0.15000000596046448,0.15000000596046448,400
2018-11-06,0.15000000596046448,0.15000000596046448,0.15000000596046448,0.15000000596046448,0
2018-11-07,0.15000000596046448,0.15000000596046448,0.15000000596046448,0.15000000596046448,0
2018-11-08,0.15000000596046448,0.15000000596046448,0.15000000596046448,0.15000000596046448,0
2018-11-09,0.15000000596046448,0.15000000596046448,0.15000000596046448,0.15000000596046448,0
2018-11-12,0.15000000596046448,0.15000000596046448,0.15000000596046448,0.15000000596046448,6800
2018-11-13,0.15000000596046448,0.15000000596046448,0.15000000596046448,0.15000000596046448,0
2018-11-14,0.15000000596046448,0.15000000596046448,0.15000000596046448,0.15000000596046448,400
2018-11-15,0.15000000596046448,0.15000000596046448,0.15000000596046448,0.15000000596046448,0
2018-11-16,0.15000000596046448,0.15000000596046448,0.15000000596046448,0.15000000596046448,12000
2018-11-19,0.15000000596046448,0.15000000596046448,0.15000000596046448,0.15000000596046448,0
2018-11-20,0.15000000596046448,0.15000000596046448,0.15000000596046448,0.15000000596046448,27000
2018-11-21,0.15000000596046448,0.15000000596046448,0.15000000596046448,0.15000000596046448,19040
2018-11-23,0.15000000596046448,0.15000000596046448,0.15000000596046448,0.15000000596046448,0
2018-11-26,0.15000000596046448,0.15000000596046448,0.15000000596046448,0.15000000596046448,2000
2018-11-27,0.15000000596046448,0.15000000596046448,0.15000000596046448,0.15000000596046448,0
2018-11-28,0.15000000596046448,0.15000000596046448,0.15000000596046448,0.15000000596046448,600
2018-11-29,0.15000000596046448,0.15000000596046448,0.15000000596046448,0.15000000596046448,1420
2018-11-30,0.15000000596046448,0.15000000596046448,0.15000000596046448,0.15000000596046448,0
2018-12-03,0.15000000596046448,0.15000000596046448,0.15000000596046448,0.15000000596046448,3600
2018-12-04,0.15000000596046448,0.15000000596046448,0.15000000596046448,0.15000000596046448,0
2018-12-06,0.15000000596046448,0.15000000596046448,0.15000000596046448,0.15000000596046448,0
2018-12-07,0.15000000596046448,0.15000000596046448,0.15000000596046448,0.15000000596046448,10000
2018-12-10,0.15000000596046448,0.15000000596046448,0.15000000596046448,0.15000000596046448,0
2018-12-11,0.15000000596046448,0.15000000596046448,0.15000000596046448,0.15000000596046448,7980
2018-12-12,0.20000000298023224,0.20000000298023224,0.15000000596046448,0.15000000596046448,23680
2018-12-13,0.15000000596046448,0.15000000596046448,0.15000000596046448,0.15000000596046448,2000
2018-12-14,0.15000000596046448,0.15000000596046448,0.15000000596046448,0.15000000596046448,9000
2018-12-17,0.15000000596046448,0.15000000596046448,0.15000000596046448,0.15000000596046448,1600
2018-12-18,0.15000000596046448,0.15000000596046448,0.15000000596046448,0.15000000596046448,0
2018-12-19,0.15000000596046448,0.15000000596046448,0.15000000596046448,0.15000000596046448,0
2018-12-20,0.20000000298023224,0.20000000298023224,0.15000000596046448,0.15000000596046448,15000
2018-12-21,0.20000000298023224,0.20000000298023224,0.20000000298023224,0.20000000298023224,1000
2018-12-24,0.20000000298023224,0.20000000298023224,0.20000000298023224,0.20000000298023224,8800
2018-12-26,0.20000000298023224,0.20000000298023224,0.20000000298023224,0.20000000298023224,3000
2018-12-27,0.15000000596046448,0.20000000298023224,0.15000000596046448,0.20000000298023224,16980
2018-12-28,0.20000000298023224,0.20000000298023224,0.20000000298023224,0.20000000298023224,14000
2018-12-31,0.15000000596046448,0.15000000596046448,0.15000000596046448,0.15000000596046448,1200
2019-01-02,0.20000000298023224,0.20000000298023224,0.20000000298023224,0.20000000298023224,11600
2019-01-03,0.20000000298023224,0.20000000298023224,0.15000000596046448,0.15000000596046448,8000
2019-01-04,0.20000000298023224,0.20000000298023224,0.20000000298023224,0.20000000298023224,2000
2019-01-07,0.20000000298023224,0.20000000298023224,0.20000000298023224,0.20000000298023224,3740
2019-01-08,0.20000000298023224,0.20000000298023224,0.20000000298023224,0.20000000298023224,0
2019-01-09,0.25,0.25,0.20000000298023224,0.20000000298023224,7880
2019-01-10,0.25,0.25,0.25,0.25,0
2019-01-11,0.25,0.25,0.25,0.25,2120
2019-01-14,0.25,0.25,0.25,0.25,13400
2019-01-15,0.25,0.25,0.25,0.25,1400
2019-01-16,0.25,0.25,0.25,0.25,240
2019-01-17,0.20000000298023224,0.25,0.20000000298023224,0.25,4000
2019-01-18,0.25,0.25,0.25,0.25,1060
2019-01-22,0.25,0.25,0.25,0.25,0
2019-01-23,0.25,0.25,0.25,0.25,0
2019-01-24,0.25,0.25,0.25,0.25,500
2019-01-25,0.25,0.25,0.25,0.25,40
2019-01-28,0.25,0.25,0.25,0.25,8060
2019-01-29,0.25,0.25,0.25,0.25,5800
2019-01-30,0.25,0.25,0.25,0.25,20600
2019-01-31,0.25,0.25,0.25,0.25,0
2019-02-01,0.25,0.25,0.25,0.25,0
2019-02-04,0.25,0.25,0.25,0.25,200
2019-02-05,0.25,0.25,0.25,0.25,0
2019-02-06,0.25,0.25,0.20000000298023224,0.20000000298023224,18380
2019-02-07,0.25,0.25,0.25,0.25,0
2019-02-08,0.25,0.25,0.25,0.25,0
2019-02-11,0.25,0.25,0.25,0.25,10000
2019-02-12,0.25,0.25,0.25,0.25,6200
2019-02-13,0.25,0.25,0.25,0.25,0
2019-02-14,0.25,0.25,0.25,0.25,0
2019-02-15,0.25,0.25,0.20000000298023224,0.20000000298023224,1800
2019-02-19,0.25,0.25,0.25,0.25,0
2019-02-20,0.25,0.25,0.25,0.25,0
2019-02-21,0.25,0.25,0.25,0.25,2000
2019-02-22,0.25,0.25,0.25,0.25,0
2019-02-25,0.25,0.25,0.25,0.25,0
2019-02-26,0.20000000298023224,0.20000000298023224,0.20000000298023224,0.20000000298023224,3600
2019-02-27,0.25,0.25,0.25,0.25,11780
2019-02-28,0.25,0.25,0.25,0.25,0
2019-03-01,0.25,0.25,0.25,0.25,8200
2019-03-04,0.20000000298023224,0.20000000298023224,0.20000000298023224,0.20000000298023224,99100
2019-03-05,0.20000000298023224,0.20000000298023224,0.20000000298023224,0.20000000298023224,34200
2019-03-06,0.20000000298023224,0.20000000298023224,0.20000000298023224,0.20000000298023224,0
2019-03-07,0.25,0.25,0.20000000298023224,0.20000000298023224,108800
2019-03-08,0.25,0.25,0.25,0.25,12000
2019-03-11,0.25,0.25,0.25,0.25,0
2019-03-12,0.25,0.25,0.25,0.25,0
2019-03-13,0.25,0.25,0.25,0.25,6400
2019-03-14,0.25,0.25,0.25,0.25,0
2019-03-15,0.25,0.25,0.25,0.25,7000
2019-03-18,0.25,0.25,0.25,0.25,4000
2019-03-19,0.25,0.25,0.25,0.25,280
2019-03-20,0.25,0.25,0.25,0.25,2000
2019-03-21,0.25,0.25,0.25,0.25,0
2019-03-22,0.25,0.25,0.25,0.25,0
2019-03-25,0.25,0.25,0.25,0.25,4000
2019-03-26,0.25,0.25,0.25,0.25,100
2019-03-27,0.20000000298023224,0.25,0.20000000298023224,0.20000000298023224,4500
2019-03-28,0.20000000298023224,0.20000000298023224,0.20000000298023224,0.20000000298023224,220
2019-03-29,0.20000000298023224,0.20000000298023224,0.20000000298023224,0.20000000298023224,0
2019-04-01,0.20000000298023224,0.20000000298023224,0.20000000298023224,0.20000000298023224,0
2019-04-02,0.20000000298023224,0.20000000298023224,0.20000000298023224,0.20000000298023224,1000
2019-04-03,0.20000000298023224,0.20000000298023224,0.20000000298023224,0.20000000298023224,8000
2019-04-04,0.20000000298023224,0.20000000298023224,0.20000000298023224,0.20000000298023224,3260
2019-04-05,0.20000000298023224,0.20000000298023224,0.20000000298023224,0.20000000298023224,8000
2019-04-08,0.20000000298023224,0.20000000298023224,0.20000000298023224,0.20000000298023224,5200
2019-04-09,0.20000000298023224,0.20000000298023224,0.20000000298023224,0.20000000298023224,0
2019-04-10,0.20000000298023224,0.20000000298023224,0.20000000298023224,0.20000000298023224,3000
2019-04-11,0.20000000298023224,0.20000000298023224,0.20000000298023224,0.20000000298023224,3000
2019-04-12,0.20000000298023224,0.20000000298023224,0.20000000298023224,0.20000000298023224,27660
2019-04-15,0.20000000298023224,0.20000000298023224,0.20000000298023224,0.20000000298023224,0
2019-04-16,0.20000000298023224,0.20000000298023224,0.20000000298023224,0.20000000298023224,18860
2019-04-17,0.20000000298023224,0.20000000298023224,0.20000000298023224,0.20000000298023224,0
2019-04-18,0.20000000298023224,0.25,0.20000000298023224,0.20000000298023224,15800
2019-04-22,0.20000000298023224,0.20000000298023224,0.20000000298023224,0.20000000298023224,0
2019-04-23,0.20000000298023224,0.20000000298023224,0.20000000298023224,0.20000000298023224,20
2019-04-24,0.25,0.25,0.20000000298023224,0.20000000298023224,4200
2019-04-25,0.25,0.25,0.20000000298023224,0.20000000298023224,9000
2019-04-26,0.20000000298023224,0.20000000298023224,0.20000000298023224,0.20000000298023224,600
2019-04-29,0.20000000298023224,0.20000000298023224,0.20000000298023224,0.20000000298023224,100
2019-04-30,0.20000000298023224,0.20000000298023224,0.20000000298023224,0.20000000298023224,0
2019-05-01,0.20000000298023224,0.20000000298023224,0.20000000298023224,0.20000000298023224,0
2019-05-02,0.20000000298023224,0.20000000298023224,0.20000000298023224,0.20000000298023224,2060
2019-05-03,0.20000000298023224,0.20000000298023224,0.20000000298023224,0.20000000298023224,1560
2019-05-06,0.20000000298023224,0.20000000298023224,0.20000000298023224,0.20000000298023224,8200
2019-05-07,0.20000000298023224,0.25,0.20000000298023224,0.25,2960
2019-05-08,0.20000000298023224,0.20000000298023224,0.20000000298023224,0.20000000298023224,0
2019-05-09,0.20000000298023224,0.20000000298023224,0.20000000298023224,0.20000000298023224,2000
2019-05-10,0.20000000298023224,0.20000000298023224,0.20000000298023224,0.20000000298023224,100
2019-05-13,0.20000000298023224,0.20000000298023224,0.15000000596046448,0.15000000596046448,1500
2019-05-14,0.20000000298023224,0.20000000298023224,0.20000000298023224,0.20000000298023224,1000
2019-05-15,0.20000000298023224,0.20000000298023224,0.20000000298023224,0.20000000298023224,20
2019-05-16,0.20000000298023224,0.20000000298023224,0.20000000298023224,0.20000000298023224,60
2019-05-17,0.20000000298023224,0.20000000298023224,0.20000000298023224,0.20000000298023224,2500
2019-05-20,0.20000000298023224,0.20000000298023224,0.20000000298023224,0.20000000298023224,2000
2019-05-21,0.20000000298023224,0.20000000298023224,0.20000000298023224,0.20000000298023224,0
2019-05-22,0.20000000298023224,0.20000000298023224,0.20000000298023224,0.20000000298023224,660
2019-05-23,0.20000000298023224,0.20000000298023224,0.20000000298023224,0.20000000298023224,2460
2019-05-24,0.20000000298023224,0.20000000298023224,0.20000000298023224,0.20000000298023224,600
2019-05-28,0.20000000298023224,0.20000000298023224,0.15000000596046448,0.15000000596046448,2500
2019-05-29,0.20000000298023224,0.20000000298023224,0.20000000298023224,0.20000000298023224,0
2019-05-30,0.20000000298023224,0.20000000298023224,0.20000000298023224,0.20000000298023224,0
2019-05-31,0.20000000298023224,0.20000000298023224,0.20000000298023224,0.20000000298023224,0
2019-06-03,0.20000000298023224,0.20000000298023224,0.20000000298023224,0.20000000298023224,0
2019-06-04,0.20000000298023224,0.20000000298023224,0.20000000298023224,0.20000000298023224,0
2019-06-05,0.20000000298023224,0.20000000298023224,0.20000000298023224,0.20000000298023224,3000
2019-06-06,0.20000000298023224,0.20000000298023224,0.20000000298023224,0.20000000298023224,0
2019-06-07,0.20000000298023224,0.20000000298023224,0.20000000298023224,0.20000000298023224,4500
2019-06-10,0.20000000298023224,0.20000000298023224,0.20000000298023224,0.20000000298023224,400
2019-06-11,0.20000000298023224,0.20000000298023224,0.20000000298023224,0.20000000298023224,10000
2019-06-12,0.15000000596046448,0.20000000298023224,0.15000000596046448,0.15000000596046448,13860
2019-06-13,0.20000000298023224,0.20000000298023224,0.15000000596046448,0.15000000596046448,2000
2019-06-14,0.15000000596046448,0.15000000596046448,0.15000000596046448,0.15000000596046448,4500
2019-06-17,0.15000000596046448,0.15000000596046448,0.15000000596046448,0.15000000596046448,0
2019-06-18,0.15000000596046448,0.15000000596046448,0.15000000596046448,0.15000000596046448,3700
2019-06-19,0.20000000298023224,0.20000000298023224,0.15000000596046448,0.15000000596046448,2700
2019-06-20,0.20000000298023224,0.20000000298023224,0.20000000298023224,0.20000000298023224,10000
2019-06-21,0.20000000298023224,0.20000000298023224,0.20000000298023224,0.20000000298023224,1000
2019-06-24,0.25,0.25,0.20000000298023224,0.20000000298023224,3000
2019-06-25,0.20000000298023224,0.20000000298023224,0.20000000298023224,0.20000000298023224,4480
2019-06-26,0.20000000298023224,0.20000000298023224,0.20000000298023224,0.20000000298023224,1880
2019-06-27,0.20000000298023224,0.20000000298023224,0.20000000298023224,0.20000000298023224,1000
2019-06-28,0.20000000298023224,0.20000000298023224,0.20000000298023224,0.20000000298023224,400
2019-07-01,0.20000000298023224,0.20000000298023224,0.20000000298023224,0.20000000298023224,7520
2019-07-02,0.20000000298023224,0.20000000298023224,0.20000000298023224,0.20000000298023224,0
2019-07-03,0.20000000298023224,0.20000000298023224,0.20000000298023224,0.20000000298023224,200
2019-07-05,0.20000000298023224,0.20000000298023224,0.20000000298023224,0.20000000298023224,10000
2019-07-08,0.20000000298023224,0.20000000298023224,0.20000000298023224,0.20000000298023224,6460
2019-07-09,0.20000000298023224,0.20000000298023224,0.20000000298023224,0.20000000298023224,5540
2019-07-10,0.20000000298023224,0.20000000298023224,0.20000000298023224,0.20000000298023224,600
2019-07-11,0.20000000298023224,0.20000000298023224,0.20000000298023224,0.20000000298023224,1900
2019-07-12,0.25,0.25,0.25,0.25,200
2019-07-15,0.20000000298023224,0.25,0.20000000298023224,0.25,1200
2019-07-16,0.20000000298023224,0.20000000298023224,0.20000000298023224,0.20000000298023224,0
2019-07-17,0.20000000298023224,0.20000000298023224,0.20000000298023224,0.20000000298023224,40
2019-07-18,0.20000000298023224,0.20000000298023224,0.20000000298023224,0.20000000298023224,4000
2019-07-19,0.20000000298023224,0.20000000298023224,0.20000000298023224,0.20000000298023224,0
2019-07-22,0.20000000298023224,0.20000000298023224,0.20000000298023224,0.20000000298023224,8040
2019-07-23,0.20000000298023224,0.25,0.20000000298023224,0.25,2100
2019-07-24,0.25,0.25,0.20000000298023224,0.25,63480
2019-07-25,0.25,0.25,0.25,0.25,7960
2019-07-26,0.25,0.25,0.20000000298023224,0.25,5800
2019-07-29,0.25,0.25,0.25,0.25,25800
2019-07-30,0.25,0.25,0.25,0.25,6800
2019-07-31,0.25,0.25,0.25,0.25,2600
2019-08-01,0.25,0.25,0.25,0.25,20000
2019-08-02,0.25,0.30000001192092896,0.25,0.25,90000
2019-08-05,0.30000001192092896,0.30000001192092896,0.25,0.25,18640
2019-08-06,0.25,0.25,0.25,0.25,29700
2019-08-07,0.30000001192092896,0.30000001192092896,0.25,0.30000001192092896,95620
2019-08-08,0.30000001192092896,0.30000001192092896,0.30000001192092896,0.30000001192092896,66520
2019-08-09,0.25,0.30000001192092896,0.25,0.30000001192092896,21000
2019-08-12,0.30000001192092896,0.30000001192092896,0.30000001192092896,0.30000001192092896,17160
2019-08-13,0.25,0.30000001192092896,0.25,0.30000001192092896,45040
2019-08-14,0.25,0.30000001192092896,0.25,0.30000001192092896,85600
2019-08-15,0.25,0.25,0.25,0.25,1800
2019-08-16,0.25,0.25,0.25,0.25,0
2019-08-19,0.25,0.25,0.25,0.25,0
2019-08-20,0.30000001192092896,0.30000001192092896,0.30000001192092896,0.30000001192092896,12800
2019-08-21,0.25,0.30000001192092896,0.25,0.30000001192092896,18000
2019-08-22,0.25,0.25,0.25,0.25,0
2019-08-23,0.25,0.30000001192092896,0.25,0.25,7160
2019-08-26,0.30000001192092896,0.30000001192092896,0.30000001192092896,0.30000001192092896,4000
2019-08-27,0.30000001192092896,0.30000001192092896,0.25,0.30000001192092896,34000
2019-08-28,0.30000001192092896,0.30000001192092896,0.30000001192092896,0.30000001192092896,8100
2019-08-29,0.30000001192092896,0.30000001192092896,0.25,0.25,14800
2019-08-30,0.25,0.30000001192092896,0.25,0.30000001192092896,1000
2019-09-03,0.25,0.30000001192092896,0.25,0.30000001192092896,21700
2019-09-04,0.30000001192092896,0.30000001192092896,0.25,0.30000001192092896,68400
2019-09-05,0.30000001192092896,0.30000001192092896,0.25,0.25,4660
2019-09-06,0.30000001192092896,0.30000001192092896,0.30000001192092896,0.30000001192092896,18000
2019-09-09,0.30000001192092896,0.30000001192092896,0.30000001192092896,0.30000001192092896,0
2019-09-10,0.30000001192092896,0.30000001192092896,0.30000001192092896,0.30000001192092896,0
2019-09-11,0.30000001192092896,0.30000001192092896,0.30000001192092896,0.30000001192092896,1000
2019-09-12,0.30000001192092896,0.30000001192092896,0.30000001192092896,0.30000001192092896,0
2019-09-13,0.25,0.25,0.25,0.25,800
2019-09-16,0.25,0.25,0.25,0.25,0
2019-09-17,0.25,0.30000001192092896,0.25,0.25,2460
2019-09-18,0.25,0.25,0.25,0.25,22000
2019-09-19,0.25,0.25,0.25,0.25,4000
2019-09-20,0.25,0.25,0.25,0.25,0
2019-09-23,0.25,0.25,0.25,0.25,12200
2019-09-24,0.25,0.25,0.25,0.25,38800
2019-09-25,0.25,0.25,0.25,0.25,200
2019-09-26,0.25,0.25,0.25,0.25,0
2019-09-27,0.25,0.25,0.25,0.25,200
2019-09-30,0.25,0.25,0.25,0.25,0
2019-10-01,0.25,0.25,0.25,0.25,460
2019-10-02,0.25,0.25,0.25,0.25,500
2019-10-03,0.25,0.25,0.25,0.25,0
2019-10-04,0.25,0.25,0.25,0.25,5840
2019-10-07,0.25,0.25,0.25,0.25,14680
2019-10-08,0.25,0.25,0.25,0.25,4000
2019-10-09,0.25,0.25,0.25,0.25,0
2019-10-10,0.25,0.25,0.25,0.25,5600
2019-10-11,0.25,0.25,0.25,0.25,0
2019-10-14,0.25,0.25,0.25,0.25,0
2019-10-15,0.25,0.25,0.25,0.25,12740
2019-10-16,0.25,0.25,0.25,0.25,15000
2019-10-17,0.25,0.25,0.25,0.25,1500
2019-10-18,0.25,0.25,0.25,0.25,0
2019-10-21,0.25,0.25,0.25,0.25,9000
2019-10-22,0.25,0.25,0.25,0.25,9000
2019-10-23,0.25,0.25,0.25,0.25,4000
2019-10-24,0.25,0.25,0.25,0.25,0
2019-10-25,0.25,0.25,0.25,0.25,4600
2019-10-28,0.25,0.25,0.25,0.25,0
2019-10-29,0.25,0.25,0.20000000298023224,0.20000000298023224,75440
2019-10-30,0.25,0.25,0.25,0.25,22580
2019-10-31,0.25,0.30000001192092896,0.25,0.30000001192092896,4440
2019-11-01,0.25,0.25,0.25,0.25,0
2019-11-04,0.30000001192092896,0.30000001192092896,0.25,0.25,5900
2019-11-05,0.25,0.25,0.25,0.25,6700
2019-11-06,0.25,0.25,0.25,0.25,0
2019-11-07,0.25,0.25,0.25,0.25,300
2019-11-08,0.25,0.25,0.25,0.25,0
2019-11-11,0.25,0.25,0.25,0.25,2000
2019-11-12,0.25,0.25,0.25,0.25,0
2019-11-13,0.20000000298023224,0.25,0.20000000298023224,0.25,31800
2019-11-14,0.20000000298023224,0.20000000298023224,0.20000000298023224,0.20000000298023224,0
2019-11-15,0.20000000298023224,0.25,0.20000000298023224,0.25,14440
2019-11-18,0.20000000298023224,0.25,0.20000000298023224,0.20000000298023224,5180
2019-11-19,0.20000000298023224,0.25,0.20000000298023224,0.25,8900
2019-11-20,0.25,0.25,0.25,0.25,1000
2019-11-21,0.20000000298023224,0.20000000298023224,0.20000000298023224,0.20000000298023224,10320
2019-11-22,0.20000000298023224,0.20000000298023224,0.20000000298023224,0.20000000298023224,41660
2019-11-25,0.20000000298023224,0.20000000298023224,0.20000000298023224,0.20000000298023224,0
2019-11-26,0.20000000298023224,0.20000000298023224,0.20000000298023224,0.20000000298023224,20600
2019-11-27,0.20000000298023224,0.20000000298023224,0.20000000298023224,0.20000000298023224,400
2019-11-29,0.20000000298023224,0.20000000298023224,0.20000000298023224,0.20000000298023224,14040
2019-12-02,0.20000000298023224,0.25,0.20000000298023224,0.25,56400
2019-12-03,0.20000000298023224,0.25,0.20000000298023224,0.25,34600
2019-12-04,0.25,0.25,0.20000000298023224,0.20000000298023224,600
2019-12-05,0.25,0.25,0.25,0.25,0
2019-12-06,0.25,0.25,0.20000000298023224,0.25,1800
2019-12-09,0.20000000298023224,0.25,0.20000000298023224,0.20000000298023224,21800
2019-12-10,0.20000000298023224,0.25,0.20000000298023224,0.25,8500
2019-12-11,0.25,0.25,0.20000000298023224,0.25,4200
2019-12-12,0.20000000298023224,0.20000000298023224,0.20000000298023224,0.20000000298023224,800
2019-12-13,0.20000000298023224,0.20000000298023224,0.20000000298023224,0.20000000298023224,0
2019-12-16,0.20000000298023224,0.20000000298023224,0.20000000298023224,0.20000000298023224,0
2019-12-17,0.20000000298023224,0.20000000298023224,0.20000000298023224,0.20000000298023224,10100
2019-12-18,0.20000000298023224,0.25,0.20000000298023224,0.20000000298023224,179720
2019-12-19,0.20000000298023224,0.20000000298023224,0.20000000298023224,0.20000000298023224,0
2019-12-20,0.20000000298023224,0.25,0.20000000298023224,0.25,2160
2019-12-23,0.20000000298023224,0.25,0.20000000298023224,0.20000000298023224,33900
2019-12-24,0.20000000298023224,0.25,0.20000000298023224,0.20000000298023224,11920
2019-12-26,0.25,0.25,0.25,0.25,10520
2019-12-27,0.25,0.25,0.25,0.25,4200
2019-12-30,0.20000000298023224,0.25,0.20000000298023224,0.20000000298023224,6640
2019-12-31,0.25,0.25,0.20000000298023224,0.20000000298023224,20400
2020-01-02,0.25,0.25,0.25,0.25,500
2020-01-03,0.25,0.25,0.25,0.25,6360
2020-01-06,0.25,0.25,0.25,0.25,4000
2020-01-07,0.25,0.25,0.20000000298023224,0.25,12000
2020-01-08,0.25,0.25,0.25,0.25,9200
2020-01-09,0.20000000298023224,0.20000000298023224,0.20000000298023224,0.20000000298023224,58540
2020-01-10,0.20000000298023224,0.20000000298023224,0.20000000298023224,0.20000000298023224,1000
2020-01-13,0.20000000298023224,0.20000000298023224,0.20000000298023224,0.20000000298023224,0
2020-01-14,0.25,0.25,0.25,0.25,2000
2020-01-15,0.20000000298023224,0.20000000298023224,0.20000000298023224,0.20000000298023224,32680
2020-01-16,0.25,0.25,0.20000000298023224,0.25,8080
2020-01-17,0.20000000298023224,0.25,0.20000000298023224,0.25,29900
2020-01-21,0.20000000298023224,0.20000000298023224,0.20000000298023224,0.20000000298023224,16880
2020-01-22,0.20000000298023224,0.20000000298023224,0.20000000298023224,0.20000000298023224,2000
2020-01-23,0.20000000298023224,0.20000000298023224,0.20000000298023224,0.20000000298023224,2000
2020-01-24,0.20000000298023224,0.20000000298023224,0.20000000298023224,0.20000000298023224,7400
2020-01-27,0.20000000298023224,0.20000000298023224,0.20000000298023224,0.20000000298023224,1060
2020-01-28,0.20000000298023224,0.20000000298023224,0.20000000298023224,0.20000000298023224,3280
2020-01-29,0.20000000298023224,0.20000000298023224,0.20000000298023224,0.20000000298023224,6000
2020-01-30,0.25,0.25,0.20000000298023224,0.20000000298023224,1500
2020-01-31,0.25,0.25,0.20000000298023224,0.20000000298023224,600
2020-02-03,0.20000000298023224,0.25,0.20000000298023224,0.20000000298023224,6860
2020-02-04,0.20000000298023224,0.20000000298023224,0.20000000298023224,0.20000000298023224,900
2020-02-05,0.20000000298023224,0.20000000298023224,0.20000000298023224,0.20000000298023224,2620
2020-02-06,0.20000000298023224,0.20000000298023224,0.20000000298023224,0.20000000298023224,3980
2020-02-07,0.20000000298023224,0.20000000298023224,0.20000000298023224,0.20000000298023224,3800
2020-02-10,0.20000000298023224,0.20000000298023224,0.20000000298023224,0.20000000298023224,2500
2020-02-11,0.20000000298023224,0.20000000298023224,0.20000000298023224,0.20000000298023224,160
2020-02-12,0.20000000298023224,0.20000000298023224,0.20000000298023224,0.20000000298023224,3800
2020-02-13,0.20000000298023224,0.20000000298023224,0.20000000298023224,0.20000000298023224,1440
2020-02-14,0.20000000298023224,0.20000000298023224,0.20000000298023224,0.20000000298023224,400
2020-02-18,0.20000000298023224,0.20000000298023224,0.20000000298023224,0.20000000298023224,1900
2020-02-19,0.20000000298023224,0.20000000298023224,0.20000000298023224,0.20000000298023224,4000
2020-02-20,0.20000000298023224,0.20000000298023224,0.20000000298023224,0.20000000298023224,1360
2020-02-21,0.20000000298023224,0.20000000298023224,0.20000000298023224,0.20000000298023224,5160
2020-02-24,0.20000000298023224,0.20000000298023224,0.20000000298023224,0.20000000298023224,2000
2020-02-25,0.20000000298023224,0.20000000298023224,0.20000000298023224,0.20000000298023224,1460
2020-02-26,0.20000000298023224,0.20000000298023224,0.20000000298023224,0.20000000298023224,102760
2020-02-27,0.20000000298023224,0.20000000298023224,0.20000000298023224,0.20000000298023224,700
2020-02-28,0.20000000298023224,0.20000000298023224,0.15000000596046448,0.20000000298023224,4400
2020-03-02,0.20000000298023224,0.20000000298023224,0.15000000596046448,0.15000000596046448,11920
2020-03-03,0.20000000298023224,0.20000000298023224,0.15000000596046448,0.15000000596046448,45820
2020-03-04,0.20000000298023224,0.20000000298023224,0.20000000298023224,0.20000000298023224,6000
2020-03-05,0.20000000298023224,0.20000000298023224,0.20000000298023224,0.20000000298023224,5800
2020-03-06,0.15000000596046448,0.20000000298023224,0.15000000596046448,0.20000000298023224,12040
2020-03-09,0.15000000596046448,0.20000000298023224,0.15000000596046448,0.20000000298023224,3600
2020-03-10,0.15000000596046448,0.15000000596046448,0.15000000596046448,0.15000000596046448,0
2020-03-11,0.20000000298023224,0.20000000298023224,0.20000000298023224,0.20000000298023224,200
2020-03-12,0.15000000596046448,0.15000000596046448,0.15000000596046448,0.15000000596046448,180
2020-03-13,0.15000000596046448,0.15000000596046448,0.15000000596046448,0.15000000596046448,2000
2020-03-16,0.15000000596046448,0.15000000596046448,0.15000000596046448,0.15000000596046448,10500
2020-03-17,0.10000000149011612,0.15000000596046448,0.10000000149011612,0.15000000596046448,2280
2020-03-18,0.15000000596046448,0.15000000596046448,0.15000000596046448,0.15000000596046448,1000
2020-03-19,0.10000000149011612,0.15000000596046448,0.10000000149011612,0.15000000596046448,54500
2020-03-20,0.10000000149011612,0.10000000149011612,0.10000000149011612,0.10000000149011612,0
2020-03-23,0.10000000149011612,0.15000000596046448,0.10000000149011612,0.15000000596046448,11140
2020-03-24,0.10000000149011612,0.10000000149011612,0.10000000149011612,0.10000000149011612,0
2020-03-25,0.10000000149011612,0.10000000149011612,0.10000000149011612,0.10000000149011612,40
2020-03-26,0.15000000596046448,0.15000000596046448,0.15000000596046448,0.15000000596046448,7000
2020-03-27,0.15000000596046448,0.15000000596046448,0.15000000596046448,0.15000000596046448,0
2020-03-30,0.10000000149011612,0.10000000149011612,0.10000000149011612,0.10000000149011612,4200
2020-03-31,0.15000000596046448,0.15000000596046448,0.15000000596046448,0.15000000596046448,15440
2020-04-01,0.15000000596046448,0.15000000596046448,0.15000000596046448,0.15000000596046448,40
2020-04-02,0.15000000596046448,0.15000000596046448,0.15000000596046448,0.15000000596046448,0
2020-04-03,0.15000000596046448,0.15000000596046448,0.15000000596046448,0.15000000596046448,5000
2020-04-06,0.15000000596046448,0.15000000596046448,0.15000000596046448,0.15000000596046448,20360
2020-04-07,0.15000000596046448,0.15000000596046448,0.15000000596046448,0.15000000596046448,0
2020-04-08,0.15000000596046448,0.15000000596046448,0.15000000596046448,0.15000000596046448,0
2020-04-09,0.15000000596046448,0.15000000596046448,0.15000000596046448,0.15000000596046448,0
2020-04-13,0.15000000596046448,0.15000000596046448,0.15000000596046448,0.15000000596046448,14000
2020-04-14,0.20000000298023224,0.20000000298023224,0.15000000596046448,0.15000000596046448,2320
2020-04-15,0.15000000596046448,0.20000000298023224,0.15000000596046448,0.20000000298023224,6700
2020-04-16,0.15000000596046448,0.15000000596046448,0.15000000596046448,0.15000000596046448,0
2020-04-17,0.15000000596046448,0.15000000596046448,0.15000000596046448,0.15000000596046448,480
2020-04-20,0.15000000596046448,0.15000000596046448,0.15000000596046448,0.15000000596046448,3200
2020-04-21,0.15000000596046448,0.15000000596046448,0.15000000596046448,0.15000000596046448,0
2020-04-22,0.15000000596046448,0.15000000596046448,0.15000000596046448,0.15000000596046448,2000
2020-04-23,0.20000000298023224,0.20000000298023224,0.20000000298023224,0.20000000298023224,30760
2020-04-24,0.25,0.25,0.20000000298023224,0.20000000298023224,23600
2020-04-27,0.25,0.25,0.25,0.25,3700
2020-04-28,0.25,0.25,0.25,0.25,6300
2020-04-29,0.20000000298023224,0.25,0.20000000298023224,0.25,1200
2020-04-30,0.25,0.25,0.25,0.25,9800
2020-05-01,0.25,0.25,0.20000000298023224,0.20000000298023224,1600
2020-05-04,0.20000000298023224,0.25,0.15000000596046448,0.25,19700
2020-05-05,0.15000000596046448,0.20000000298023224,0.15000000596046448,0.20000000298023224,10400
2020-05-06,0.20000000298023224,0.20000000298023224,0.20000000298023224,0.20000000298023224,760
2020-05-07,0.20000000298023224,0.20000000298023224,0.20000000298023224,0.20000000298023224,0
2020-05-08,0.20000000298023224,0.20000000298023224,0.20000000298023224,0.20000000298023224,12720
2020-05-11,0.20000000298023224,0.20000000298023224,0.20000000298023224,0.20000000298023224,15000
2020-05-12,0.20000000298023224,0.20000000298023224,0.20000000298023224,0.20000000298023224,740
2020-05-13,0.20000000298023224,0.20000000298023224,0.20000000298023224,0.20000000298023224,0
2020-05-14,0.20000000298023224,0.20000000298023224,0.20000000298023224,0.20000000298023224,0
2020-05-15,0.20000000298023224,0.20000000298023224,0.15000000596046448,0.20000000298023224,5200
2020-05-18,0.20000000298023224,0.25,0.20000000298023224,0.25,16900
2020-05-19,0.25,0.25,0.25,0.25,9800
2020-05-20,0.25,0.30000001192092896,0.25,0.25,406200
2020-05-21,0.25,0.25,0.25,0.25,40
2020-05-22,0.25,0.25,0.20000000298023224,0.25,35600
2020-05-26,0.25,0.25,0.20000000298023224,0.25,37240
2020-05-27,0.25,0.25,0.25,0.25,11980
2020-05-28,0.3499999940395355,0.3499999940395355,0.25,0.25,130160
2020-05-29,0.30000001192092896,0.30000001192092896,0.30000001192092896,0.30000001192092896,82080
2020-06-01,0.25,0.30000001192092896,0.25,0.30000001192092896,69680
2020-06-02,0.30000001192092896,0.30000001192092896,0.30000001192092896,0.30000001192092896,4200
2020-06-03,0.25,0.30000001192092896,0.25,0.25,24840
2020-06-04,0.25,0.25,0.25,0.25,7160
2020-06-05,0.25,0.25,0.25,0.25,8200
2020-06-08,0.25,0.25,0.25,0.25,800
2020-06-09,0.25,0.25,0.25,0.25,8100
2020-06-10,0.30000001192092896,0.30000001192092896,0.25,0.25,28500
2020-06-11,0.30000001192092896,0.30000001192092896,0.30000001192092896,0.30000001192092896,4600
2020-06-12,0.30000001192092896,0.30000001192092896,0.25,0.25,1400
2020-06-15,0.30000001192092896,0.30000001192092896,0.25,0.25,28860
2020-06-16,0.30000001192092896,0.30000001192092896,0.30000001192092896,0.30000001192092896,65700
2020-06-17,0.30000001192092896,0.30000001192092896,0.30000001192092896,0.30000001192092896,3020
2020-06-18,0.3499999940395355,0.3499999940395355,0.30000001192092896,0.30000001192092896,31600
2020-06-19,0.3499999940395355,0.3499999940395355,0.30000001192092896,0.3499999940395355,1740
2020-06-22,0.3499999940395355,0.3499999940395355,0.30000001192092896,0.30000001192092896,11000
2020-06-23,0.30000001192092896,0.3499999940395355,0.30000001192092896,0.30000001192092896,13740
2020-06-24,0.30000001192092896,0.3499999940395355,0.30000001192092896,0.3499999940395355,25780
2020-06-25,0.3499999940395355,0.3499999940395355,0.30000001192092896,0.30000001192092896,40400
2020-06-26,0.3499999940395355,0.3499999940395355,0.3499999940395355,0.3499999940395355,3000
2020-06-29,0.3499999940395355,0.3499999940395355,0.3499999940395355,0.3499999940395355,5000
2020-06-30,0.3499999940395355,0.4000000059604645,0.3499999940395355,0.4000000059604645,69760
2020-07-01,0.3499999940395355,0.4000000059604645,0.3499999940395355,0.4000000059604645,880
2020-07-02,0.3499999940395355,0.4000000059604645,0.3499999940395355,0.4000000059604645,3580
2020-07-06,0.4000000059604645,0.5,0.4000000059604645,0.4000000059604645,200040
2020-07-07,0.5,0.5,0.44999998807907104,0.44999998807907104,243740
2020-07-08,0.550000011920929,0.550000011920929,0.5,0.550000011920929,198960
2020-07-09,0.5,0.550000011920929,0.44999998807907104,0.5,79680
2020-07-10,0.5,0.5,0.44999998807907104,0.5,88760
2020-07-13,0.4000000059604645,0.550000011920929,0.4000000059604645,0.550000011920929,82580
2020-07-14,0.44999998807907104,0.44999998807907104,0.4000000059604645,0.44999998807907104,69940
2020-07-15,0.44999998807907104,0.44999998807907104,0.4000000059604645,0.44999998807907104,34640
2020-07-16,0.44999998807907104,0.44999998807907104,0.44999998807907104,0.44999998807907104,6220
2020-07-17,0.44999998807907104,0.44999998807907104,0.44999998807907104,0.44999998807907104,16020
2020-07-20,0.44999998807907104,0.44999998807907104,0.44999998807907104,0.44999998807907104,37420
2020-07-21,0.44999998807907104,0.44999998807907104,0.44999998807907104,0.44999998807907104,98080
2020-07-22,0.44999998807907104,0.44999998807907104,0.44999998807907104,0.44999998807907104,25380
2020-07-23,0.44999998807907104,0.44999998807907104,0.44999998807907104,0.44999998807907104,89880
2020-07-24,0.4000000059604645,0.44999998807907104,0.4000000059604645,0.44999998807907104,36120
2020-07-27,0.44999998807907104,0.44999998807907104,0.4000000059604645,0.4000000059604645,46580
2020-07-28,0.44999998807907104,0.5,0.44999998807907104,0.44999998807907104,34960
2020-07-29,0.4000000059604645,0.5,0.4000000059604645,0.5,102620
2020-07-30,0.3499999940395355,0.4000000059604645,0.3499999940395355,0.4000000059604645,35440
2020-07-31,0.4000000059604645,0.4000000059604645,0.3499999940395355,0.4000000059604645,37600
2020-08-03,0.4000000059604645,0.44999998807907104,0.4000000059604645,0.44999998807907104,10860
2020-08-04,0.4000000059604645,0.44999998807907104,0.4000000059604645,0.4000000059604645,33640
2020-08-05,0.44999998807907104,0.44999998807907104,0.4000000059604645,0.44999998807907104,72300
2020-08-06,0.44999998807907104,0.5,0.44999998807907104,0.44999998807907104,22600
2020-08-07,0.44999998807907104,0.44999998807907104,0.4000000059604645,0.44999998807907104,4800
2020-08-10,0.4000000059604645,0.44999998807907104,0.4000000059604645,0.44999998807907104,72300
2020-08-11,0.4000000059604645,0.4000000059604645,0.3499999940395355,0.4000000059604645,6100
2020-08-12,0.4000000059604645,0.4000000059604645,0.3499999940395355,0.4000000059604645,10820
2020-08-13,0.3499999940395355,0.4000000059604645,0.3499999940395355,0.3499999940395355,10600
2020-08-14,0.4000000059604645,0.4000000059604645,0.3499999940395355,0.3499999940395355,25600
2020-08-17,0.44999998807907104,0.44999998807907104,0.4000000059604645,0.4000000059604645,70760
2020-08-18,0.44999998807907104,0.44999998807907104,0.4000000059604645,0.4000000059604645,140040
2020-08-19,0.5,0.5,0.44999998807907104,0.5,91280
2020-08-20,0.44999998807907104,0.5,0.44999998807907104,0.44999998807907104,25640
2020-08-21,0.5,0.5,0.44999998807907104,0.44999998807907104,190560
2020-08-24,0.5,0.5,0.44999998807907104,0.5,1340
2020-08-25,0.4000000059604645,0.44999998807907104,0.4000000059604645,0.44999998807907104,59200
2020-08-26,0.44999998807907104,0.44999998807907104,0.44999998807907104,0.44999998807907104,9000
2020-08-27,0.44999998807907104,0.44999998807907104,0.44999998807907104,0.44999998807907104,163460
2020-08-28,0.44999998807907104,0.44999998807907104,0.44999998807907104,0.44999998807907104,10960
2020-08-31,0.44999998807907104,0.44999998807907104,0.4000000059604645,0.4000000059604645,25300
2020-09-01,0.5,0.5,0.44999998807907104,0.44999998807907104,156300
2020-09-02,0.5,0.5,0.44999998807907104,0.44999998807907104,4120
2020-09-03,0.550000011920929,0.550000011920929,0.5,0.5,69460
2020-09-04,0.5,0.6000000238418579,0.5,0.6000000238418579,13120
2020-09-08,0.550000011920929,0.550000011920929,0.44999998807907104,0.5,13960
2020-09-09,0.550000011920929,0.550000011920929,0.5,0.550000011920929,49720
2020-09-10,0.550000011920929,0.550000011920929,0.5,0.550000011920929,31180
2020-09-11,0.550000011920929,0.550000011920929,0.5,0.550000011920929,27600
2020-09-14,0.6499999761581421,0.6499999761581421,0.550000011920929,0.550000011920929,256460
2020-09-15,0.6499999761581421,0.699999988079071,0.6000000238418579,0.6499999761581421,72740
2020-09-16,0.6499999761581421,0.6499999761581421,0.6499999761581421,0.6499999761581421,20120
2020-09-17,0.6499999761581421,0.6499999761581421,0.6000000238418579,0.6499999761581421,4020
2020-09-18,0.6000000238418579,0.6499999761581421,0.6000000238418579,0.6499999761581421,14760
2020-09-21,0.550000011920929,0.6000000238418579,0.550000011920929,0.6000000238418579,19880
2020-09-22,0.5,0.6000000238418579,0.5,0.6000000238418579,12400
2020-09-23,0.44999998807907104,0.5,0.4000000059604645,0.5,22460
2020-09-24,0.44999998807907104,0.44999998807907104,0.44999998807907104,0.44999998807907104,20760
2020-09-25,0.5,0.5,0.44999998807907104,0.5,7220
2020-09-28,0.5,0.5,0.44999998807907104,0.5,36200
2020-09-29,0.5,0.5,0.5,0.5,17600
2020-09-30,0.5,0.5,0.44999998807907104,0.5,35380
2020-10-01,0.5,0.5,0.44999998807907104,0.5,8600
2020-10-02,0.5,0.5,0.44999998807907104,0.5,9520
2020-10-05,0.44999998807907104,0.5,0.44999998807907104,0.44999998807907104,11420
2020-10-06,0.5,0.5,0.44999998807907104,0.5,15800
2020-10-07,0.5,0.5,0.44999998807907104,0.5,26420
2020-10-08,0.44999998807907104,0.5,0.44999998807907104,0.44999998807907104,28880
2020-10-09,0.5,0.5,0.44999998807907104,0.44999998807907104,10000
2020-10-12,0.550000011920929,0.6000000238418579,0.5,0.5,20700
2020-10-13,0.5,0.5,0.44999998807907104,0.44999998807907104,13260
2020-10-14,0.5,0.5,0.44999998807907104,0.44999998807907104,16680
2020-10-15,0.5,0.5,0.44999998807907104,0.44999998807907104,72740
2020-10-16,0.5,0.5,0.5,0.5,8680
2020-10-19,0.5,0.550000011920929,0.44999998807907104,0.5,7900
2020-10-20,0.44999998807907104,0.5,0.44999998807907104,0.5,31200
2020-10-21,0.5,0.5,0.44999998807907104,0.5,25420
2020-10-22,0.44999998807907104,0.5,0.44999998807907104,0.44999998807907104,53980
2020-10-23,0.44999998807907104,0.44999998807907104,0.44999998807907104,0.44999998807907104,200
2020-10-26,0.4000000059604645,0.5,0.4000000059604645,0.5,28400
2020-10-27,0.5,0.5,0.44999998807907104,0.44999998807907104,154840
2020-10-28,0.44999998807907104,0.44999998807907104,0.4000000059604645,0.44999998807907104,3880
2020-10-29,0.5,0.5,0.4000000059604645,0.44999998807907104,60720
2020-10-30,0.5,0.5,0.5,0.5,11360
2020-11-02,0.5,0.5,0.5,0.5,16400
2020-11-03,0.5,0.5,0.44999998807907104,0.44999998807907104,9540
2020-11-04,0.5,0.5,0.5,0.5,54000
2020-11-05,0.6000000238418579,0.6000000238418579,0.44999998807907104,0.44999998807907104,63820
2020-11-06,0.6000000238418579,0.6499999761581421,0.550000011920929,0.6000000238418579,22640
2020-11-09,0.6000000238418579,0.6499999761581421,0.5,0.6499999761581421,25640
2020-11-10,0.550000011920929,0.6000000238418579,0.5,0.6000000238418579,5520
2020-11-11,0.5,0.5,0.5,0.5,3600
2020-11-12,0.6000000238418579,0.6000000238418579,0.550000011920929,0.550000011920929,31200
2020-11-13,0.550000011920929,0.550000011920929,0.5,0.550000011920929,70800
2020-11-16,0.6000000238418579,0.6000000238418579,0.5,0.550000011920929,475280
2020-11-17,0.6000000238418579,0.6000000238418579,0.550000011920929,0.6000000238418579,240040
2020-11-18,0.6000000238418579,0.6000000238418579,0.6000000238418579,0.6000000238418579,51620
2020-11-19,0.550000011920929,0.6000000238418579,0.550000011920929,0.6000000238418579,153540
2020-11-20,0.550000011920929,0.6000000238418579,0.550000011920929,0.6000000238418579,118720
2020-11-23,0.5,0.5,0.44999998807907104,0.5,59940
2020-11-24,0.44999998807907104,0.5,0.44999998807907104,0.5,81560
2020-11-25,0.550000011920929,0.550000011920929,0.44999998807907104,0.44999998807907104,56020
2020-11-27,0.5,0.550000011920929,0.5,0.550000011920929,18200
2020-11-30,0.550000011920929,0.550000011920929,0.5,0.5,22560
2020-12-01,0.6000000238418579,0.6000000238418579,0.5,0.5,28800
2020-12-02,0.6000000238418579,0.6000000238418579,0.550000011920929,0.6000000238418579,19640
2020-12-03,0.550000011920929,0.6000000238418579,0.550000011920929,0.550000011920929,59880
2020-12-04,0.699999988079071,0.699999988079071,0.6000000238418579,0.6000000238418579,449720
2020-12-07,0.6499999761581421,0.75,0.6000000238418579,0.699999988079071,113440
2020-12-08,0.6600000262260437,0.7799999713897705,0.6600000262260437,0.7799999713897705,3100
2020-12-09,0.6200000047683716,0.6700000166893005,0.6100000143051147,0.6700000166893005,40100
2020-12-10,0.5699999928474426,0.5899999737739563,0.5400000214576721,0.5899999737739563,40900
2020-12-11,0.6299999952316284,0.6299999952316284,0.5799999833106995,0.5799999833106995,32600
2020-12-14,0.6299999952316284,0.6299999952316284,0.5899999737739563,0.6299999952316284,21700
2020-12-15,0.6000000238418579,0.6299999952316284,0.5699999928474426,0.6200000047683716,14500
2020-12-16,0.5799999833106995,0.6100000143051147,0.5,0.6100000143051147,265100
2020-12-17,0.6899999976158142,0.6899999976158142,0.5799999833106995,0.6000000238418579,264700
2020-12-18,0.6700000166893005,0.6899999976158142,0.6499999761581421,0.6899999976158142,35400
2020-12-21,0.6399999856948853,0.6800000071525574,0.6200000047683716,0.6800000071525574,11900
2020-12-22,0.6200000047683716,0.6600000262260437,0.6000000238418579,0.6600000262260437,30000
2020-12-23,0.6299999952316284,0.6299999952316284,0.6200000047683716,0.6200000047683716,500
2020-12-24,0.6000000238418579,0.6299999952316284,0.6000000238418579,0.6299999952316284,15300
2020-12-28,0.6000000238418579,0.699999988079071,0.6000000238418579,0.699999988079071,4000
2020-12-29,0.6399999856948853,0.6499999761581421,0.6200000047683716,0.6200000047683716,1400
2020-12-30,0.6200000047683716,0.6299999952316284,0.6000000238418579,0.6299999952316284,40600
2020-12-31,0.6100000143051147,0.6200000047683716,0.6000000238418579,0.6100000143051147,20900
2021-01-04,0.6299999952316284,0.6299999952316284,0.5799999833106995,0.5899999737739563,63400
2021-01-05,0.6700000166893005,0.6800000071525574,0.6299999952316284,0.6800000071525574,84600
2021-01-06,0.6200000047683716,0.6600000262260437,0.6200000047683716,0.6600000262260437,42400
2021-01-07,0.6000000238418579,0.6499999761581421,0.5799999833106995,0.6499999761581421,11400
2021-01-08,0.5400000214576721,0.6100000143051147,0.5199999809265137,0.5699999928474426,109000
2021-01-11,0.5799999833106995,0.5799999833106995,0.5400000214576721,0.5799999833106995,28900
2021-01-12,0.550000011920929,0.6000000238418579,0.550000011920929,0.5799999833106995,44500
2021-01-13,0.5299999713897705,0.550000011920929,0.4699999988079071,0.550000011920929,61400
2021-01-14,0.5199999809265137,0.550000011920929,0.49000000953674316,0.5299999713897705,20100
2021-01-15,0.5,0.5099999904632568,0.47999998927116394,0.47999998927116394,63200
2021-01-19,0.5299999713897705,0.5600000023841858,0.5099999904632568,0.5099999904632568,32700
2021-01-20,0.6000000238418579,0.6000000238418579,0.5199999809265137,0.5299999713897705,82200
2021-01-21,0.5600000023841858,0.6100000143051147,0.5400000214576721,0.6100000143051147,45100
2021-01-22,0.5899999737739563,0.5899999737739563,0.5400000214576721,0.5400000214576721,121600
2021-01-25,0.5799999833106995,0.5899999737739563,0.5600000023841858,0.5899999737739563,75200
2021-01-26,0.5199999809265137,0.5699999928474426,0.5199999809265137,0.5400000214576721,29900
2021-01-27,0.5,0.5199999809265137,0.4699999988079071,0.5199999809265137,97500
2021-01-28,0.49000000953674316,0.5199999809265137,0.4099999964237213,0.47999998927116394,137500
2021-01-29,0.5299999713897705,0.5299999713897705,0.5,0.5,13400
2021-02-01,0.5199999809265137,0.5299999713897705,0.4300000071525574,0.5299999713897705,89300
2021-02-02,0.5,0.5299999713897705,0.5,0.5299999713897705,24900
2021-02-03,0.49000000953674316,0.5,0.47999998927116394,0.5,29800
2021-02-04,0.49000000953674316,0.49000000953674316,0.46000000834465027,0.47999998927116394,73300
2021-02-05,0.46000000834465027,0.5,0.44999998807907104,0.4699999988079071,108300
2021-02-08,0.5299999713897705,0.5600000023841858,0.4699999988079071,0.5,255300
2021-02-09,0.5699999928474426,0.5699999928474426,0.5400000214576721,0.550000011920929,50700
2021-02-10,0.5400000214576721,0.5600000023841858,0.5299999713897705,0.5600000023841858,29500
2021-02-11,0.5199999809265137,0.5400000214576721,0.5,0.5,44500
2021-02-12,0.5099999904632568,0.5199999809265137,0.5099999904632568,0.5199999809265137,16600
2021-02-16,0.47999998927116394,0.5099999904632568,0.4699999988079071,0.5099999904632568,66400
2021-02-17,0.47999998927116394,0.47999998927116394,0.44999998807907104,0.47999998927116394,44900
2021-02-18,0.46000000834465027,0.47999998927116394,0.41999998688697815,0.41999998688697815,13200
2021-02-19,0.44999998807907104,0.47999998927116394,0.44999998807907104,0.44999998807907104,123700
2021-02-22,0.47999998927116394,0.5099999904632568,0.4300000071525574,0.4300000071525574,173900
2021-02-23,0.44999998807907104,0.47999998927116394,0.44999998807907104,0.44999998807907104,15700
2021-02-24,0.4699999988079071,0.4699999988079071,0.46000000834465027,0.46000000834465027,6300
2021-02-25,0.4300000071525574,0.47999998927116394,0.4300000071525574,0.4399999976158142,79000
2021-02-26,0.41999998688697815,0.46000000834465027,0.41999998688697815,0.4399999976158142,26400
2021-03-01,0.4099999964237213,0.41999998688697815,0.4000000059604645,0.41999998688697815,77100
2021-03-02,0.4000000059604645,0.4099999964237213,0.38999998569488525,0.4099999964237213,134300
2021-03-03,0.38999998569488525,0.4000000059604645,0.36000001430511475,0.4000000059604645,45000
2021-03-04,0.36000001430511475,0.4000000059604645,0.36000001430511475,0.4000000059604645,101400
2021-03-05,0.3499999940395355,0.3799999952316284,0.3499999940395355,0.36000001430511475,62400
2021-03-08,0.3499999940395355,0.36000001430511475,0.3400000035762787,0.3499999940395355,29300
2021-03-09,0.36000001430511475,0.3799999952316284,0.3499999940395355,0.3700000047683716,342100
2021-03-10,0.3499999940395355,0.36000001430511475,0.3499999940395355,0.36000001430511475,5700
2021-03-11,0.3499999940395355,0.36000001430511475,0.3100000023841858,0.3499999940395355,159300
2021-03-12,0.36000001430511475,0.36000001430511475,0.3400000035762787,0.3499999940395355,26400
2021-03-15,0.4000000059604645,0.4099999964237213,0.3400000035762787,0.3499999940395355,233900
2021-03-16,0.4099999964237213,0.4699999988079071,0.4099999964237213,0.41999998688697815,115000
2021-03-17,0.4399999976158142,0.4399999976158142,0.4099999964237213,0.4300000071525574,77200
2021-03-18,0.4300000071525574,0.4300000071525574,0.38999998569488525,0.41999998688697815,146000
2021-03-19,0.41999998688697815,0.4300000071525574,0.4000000059604645,0.4099999964237213,18600
2021-03-22,0.41999998688697815,0.41999998688697815,0.38999998569488525,0.4099999964237213,20800
2021-03-23,0.41999998688697815,0.4300000071525574,0.41999998688697815,0.4300000071525574,7800
2021-03-24,0.4099999964237213,0.4300000071525574,0.4000000059604645,0.4300000071525574,65700
2021-03-25,0.4000000059604645,0.4000000059604645,0.3799999952316284,0.4000000059604645,32200
2021-03-26,0.38999998569488525,0.4000000059604645,0.36000001430511475,0.4000000059604645,77700
2021-03-29,0.3799999952316284,0.4000000059604645,0.3799999952316284,0.4000000059604645,6600
2021-03-30,0.3799999952316284,0.3799999952316284,0.3799999952316284,0.3799999952316284,15000
2021-03-31,0.3799999952316284,0.38999998569488525,0.3700000047683716,0.3700000047683716,50200
2021-04-01,0.3700000047683716,0.3799999952316284,0.3700000047683716,0.3799999952316284,57000
2021-04-05,0.3499999940395355,0.36000001430511475,0.3400000035762787,0.36000001430511475,96700
2021-04-06,0.3799999952316284,0.4000000059604645,0.3499999940395355,0.3499999940395355,33800
2021-04-07,0.3799999952316284,0.38999998569488525,0.3799999952316284,0.38999998569488525,12000
2021-04-08,0.3799999952316284,0.3799999952316284,0.36000001430511475,0.3700000047683716,50300
2021-04-09,0.4000000059604645,0.4000000059604645,0.3799999952316284,0.38999998569488525,60100
2021-04-12,0.38999998569488525,0.4099999964237213,0.3799999952316284,0.4099999964237213,47100
2021-04-13,0.38999998569488525,0.4000000059604645,0.3799999952316284,0.4000000059604645,19800
2021-04-14,0.38999998569488525,0.38999998569488525,0.3799999952316284,0.3799999952316284,9000
2021-04-15,0.41999998688697815,0.41999998688697815,0.3799999952316284,0.38999998569488525,29100
2021-04-16,0.4000000059604645,0.4099999964237213,0.38999998569488525,0.4099999964237213,48000
2021-04-19,0.38999998569488525,0.4000000059604645,0.3799999952316284,0.38999998569488525,160600
2021-04-20,0.3799999952316284,0.4000000059604645,0.3799999952316284,0.3799999952316284,40100
2021-04-21,0.3799999952316284,0.38999998569488525,0.3799999952316284,0.3799999952316284,17900
2021-04-22,0.4000000059604645,0.4000000059604645,0.3799999952316284,0.3799999952316284,7400
2021-04-23,0.4000000059604645,0.4000000059604645,0.38999998569488525,0.38999998569488525,1100
2021-04-26,0.4000000059604645,0.4000000059604645,0.38999998569488525,0.4000000059604645,24100
2021-04-27,0.4000000059604645,0.4000000059604645,0.4000000059604645,0.4000000059604645,0
2021-04-28,0.4000000059604645,0.4000000059604645,0.4000000059604645,0.4000000059604645,500
2021-04-29,0.4000000059604645,0.4099999964237213,0.4000000059604645,0.4099999964237213,26400
2021-04-30,0.4300000071525574,0.4300000071525574,0.4099999964237213,0.4099999964237213,37700
2021-05-03,0.4099999964237213,0.4300000071525574,0.4000000059604645,0.4099999964237213,28200
2021-05-04,0.41999998688697815,0.41999998688697815,0.4000000059604645,0.4000000059604645,46500
2021-05-05,0.4300000071525574,0.4399999976158142,0.4300000071525574,0.4300000071525574,13400
2021-05-06,0.4300000071525574,0.44999998807907104,0.4300000071525574,0.4399999976158142,24800
2021-05-07,0.4300000071525574,0.4399999976158142,0.4099999964237213,0.4399999976158142,36700
2021-05-10,0.4099999964237213,0.4300000071525574,0.4099999964237213,0.4099999964237213,10000
2021-05-11,0.41999998688697815,0.41999998688697815,0.4000000059604645,0.4099999964237213,11600
2021-05-12,0.41999998688697815,0.41999998688697815,0.41999998688697815,0.41999998688697815,0
2021-05-13,0.4000000059604645,0.41999998688697815,0.4000000059604645,0.4099999964237213,7500
2021-05-14,0.4000000059604645,0.4000000059604645,0.38999998569488525,0.38999998569488525,20700
2021-05-17,0.4300000071525574,0.4300000071525574,0.38999998569488525,0.4000000059604645,56200
2021-05-18,0.4099999964237213,0.41999998688697815,0.4000000059604645,0.41999998688697815,15900
2021-05-19,0.41999998688697815,0.41999998688697815,0.4099999964237213,0.4099999964237213,2200
2021-05-20,0.4300000071525574,0.4300000071525574,0.38999998569488525,0.38999998569488525,45900
2021-05-21,0.4099999964237213,0.4300000071525574,0.4099999964237213,0.4300000071525574,57100
2021-05-24,0.38999998569488525,0.38999998569488525,0.3700000047683716,0.3700000047683716,9200
2021-05-25,0.4099999964237213,0.4099999964237213,0.4099999964237213,0.4099999964237213,15000
2021-05-26,0.4099999964237213,0.4099999964237213,0.4000000059604645,0.4000000059604645,12800
2021-05-27,0.4099999964237213,0.4099999964237213,0.4099999964237213,0.4099999964237213,6500
2021-05-28,0.4300000071525574,0.4300000071525574,0.4099999964237213,0.4099999964237213,13600
2021-06-01,0.4099999964237213,0.44999998807907104,0.4099999964237213,0.4399999976158142,96200
2021-06-02,0.41999998688697815,0.41999998688697815,0.41999998688697815,0.41999998688697815,22400
2021-06-03,0.4000000059604645,0.4099999964237213,0.4000000059604645,0.4099999964237213,9500
2021-06-04,0.4099999964237213,0.4099999964237213,0.4000000059604645,0.4000000059604645,27500
2021-06-07,0.41999998688697815,0.41999998688697815,0.4099999964237213,0.41999998688697815,11800
2021-06-08,0.4099999964237213,0.41999998688697815,0.4000000059604645,0.4000000059604645,9200
2021-06-09,0.4000000059604645,0.4000000059604645,0.4000000059604645,0.4000000059604645,300
2021-06-10,0.41999998688697815,0.41999998688697815,0.4099999964237213,0.4099999964237213,11000
2021-06-11,0.41999998688697815,0.41999998688697815,0.41999998688697815,0.41999998688697815,11000
2021-06-14,0.4000000059604645,0.4300000071525574,0.4000000059604645,0.4300000071525574,11600
2021-06-15,0.4300000071525574,0.4300000071525574,0.4099999964237213,0.41999998688697815,6700
2021-06-16,0.4300000071525574,0.4300000071525574,0.41999998688697815,0.41999998688697815,27800
2021-06-17,0.38999998569488525,0.4099999964237213,0.38999998569488525,0.4099999964237213,23000
2021-06-18,0.38999998569488525,0.38999998569488525,0.3799999952316284,0.3799999952316284,10500
2021-06-21,0.38999998569488525,0.38999998569488525,0.38999998569488525,0.38999998569488525,0
2021-06-22,0.3799999952316284,0.38999998569488525,0.3799999952316284,0.38999998569488525,112200
2021-06-23,0.3799999952316284,0.3799999952316284,0.3799999952316284,0.3799999952316284,37300
2021-06-24,0.4000000059604645,0.4000000059604645,0.3799999952316284,0.38999998569488525,57300
2021-06-25,0.4399999976158142,0.44999998807907104,0.4099999964237213,0.4099999964237213,104700
2021-06-28,0.4099999964237213,0.4300000071525574,0.4099999964237213,0.4300000071525574,3100
2021-06-29,0.4099999964237213,0.4300000071525574,0.4099999964237213,0.4099999964237213,11000
2021-06-30,0.41999998688697815,0.41999998688697815,0.4099999964237213,0.4099999964237213,14700
2021-07-01,0.41999998688697815,0.41999998688697815,0.4099999964237213,0.4099999964237213,3200
2021-07-02,0.41999998688697815,0.41999998688697815,0.4099999964237213,0.4099999964237213,9800
2021-07-06,0.4399999976158142,0.4399999976158142,0.4099999964237213,0.4099999964237213,72500
2021-07-07,0.4399999976158142,0.4399999976158142,0.4300000071525574,0.4300000071525574,2500
2021-07-08,0.4099999964237213,0.4399999976158142,0.4000000059604645,0.41999998688697815,177400
2021-07-09,0.41999998688697815,0.4300000071525574,0.4099999964237213,0.41999998688697815,47700
2021-07-12,0.4300000071525574,0.4399999976158142,0.41999998688697815,0.4300000071525574,18000
2021-07-13,0.41999998688697815,0.4300000071525574,0.4099999964237213,0.4300000071525574,136000
2021-07-14,0.4300000071525574,0.4399999976158142,0.41999998688697815,0.41999998688697815,17900
2021-07-15,0.4300000071525574,0.4399999976158142,0.4000000059604645,0.4300000071525574,117400
2021-07-16,0.4399999976158142,0.4399999976158142,0.41999998688697815,0.4399999976158142,9200
2021-07-19,0.4000000059604645,0.44999998807907104,0.4000000059604645,0.44999998807907104,27800
2021-07-20,0.47999998927116394,0.47999998927116394,0.41999998688697815,0.41999998688697815,83200
2021-07-21,0.5400000214576721,0.550000011920929,0.47999998927116394,0.5,34700
2021-07-22,0.5299999713897705,0.5400000214576721,0.5099999904632568,0.5299999713897705,32800
2021-07-23,0.5,0.5400000214576721,0.49000000953674316,0.5400000214576721,17000
2021-07-26,0.4699999988079071,0.5199999809265137,0.46000000834465027,0.5099999904632568,75100
2021-07-27,0.4699999988079071,0.4699999988079071,0.4699999988079071,0.4699999988079071,4000
2021-07-28,0.5,0.5400000214576721,0.5,0.5199999809265137,24400
2021-07-29,0.5400000214576721,0.550000011920929,0.5400000214576721,0.5400000214576721,56000
2021-07-30,0.5099999904632568,0.5299999713897705,0.5099999904632568,0.5199999809265137,10500
2021-08-02,0.5,0.5,0.4399999976158142,0.5,19600
2021-08-03,0.5400000214576721,0.5400000214576721,0.47999998927116394,0.47999998927116394,104200
2021-08-04,0.47999998927116394,0.5400000214576721,0.47999998927116394,0.5400000214576721,32400
2021-08-05,0.47999998927116394,0.47999998927116394,0.4699999988079071,0.47999998927116394,6000
2021-08-06,0.44999998807907104,0.47999998927116394,0.4399999976158142,0.47999998927116394,77500
2021-08-09,0.44999998807907104,0.4699999988079071,0.44999998807907104,0.4699999988079071,3000
2021-08-10,0.4300000071525574,0.4300000071525574,0.38999998569488525,0.41999998688697815,154100
2021-08-11,0.4300000071525574,0.4399999976158142,0.41999998688697815,0.4300000071525574,42300
2021-08-12,0.4000000059604645,0.41999998688697815,0.4000000059604645,0.41999998688697815,136400
2021-08-13,0.4099999964237213,0.4300000071525574,0.4000000059604645,0.4099999964237213,50100
2021-08-16,0.4000000059604645,0.46000000834465027,0.38999998569488525,0.46000000834465027,131000
2021-08-17,0.36000001430511475,0.4099999964237213,0.3499999940395355,0.4000000059604645,138700
2021-08-18,0.36000001430511475,0.3700000047683716,0.36000001430511475,0.3700000047683716,87700
2021-08-19,0.36000001430511475,0.36000001430511475,0.3400000035762787,0.36000001430511475,92300
2021-08-20,0.36000001430511475,0.36000001430511475,0.3499999940395355,0.3499999940395355,30600
2021-08-23,0.36000001430511475,0.3700000047683716,0.3499999940395355,0.36000001430511475,23600
2021-08-24,0.3700000047683716,0.3700000047683716,0.3499999940395355,0.3700000047683716,27700
2021-08-25,0.3799999952316284,0.3799999952316284,0.36000001430511475,0.36000001430511475,76500
2021-08-26,0.36000001430511475,0.3799999952316284,0.3400000035762787,0.3799999952316284,73500
2021-08-27,0.38999998569488525,0.38999998569488525,0.3700000047683716,0.3799999952316284,15600
2021-08-30,0.4099999964237213,0.41999998688697815,0.3799999952316284,0.38999998569488525,21800
2021-08-31,0.4099999964237213,0.41999998688697815,0.38999998569488525,0.4099999964237213,10300
2021-09-01,0.41999998688697815,0.41999998688697815,0.4099999964237213,0.4099999964237213,24100
2021-09-02,0.4099999964237213,0.41999998688697815,0.38999998569488525,0.4099999964237213,51100
2021-09-03,0.46000000834465027,0.4699999988079071,0.41999998688697815,0.4300000071525574,51700
2021-09-07,0.4699999988079071,0.47999998927116394,0.46000000834465027,0.46000000834465027,77900
2021-09-08,0.41999998688697815,0.4699999988079071,0.41999998688697815,0.4699999988079071,53700
2021-09-09,0.44999998807907104,0.44999998807907104,0.4000000059604645,0.44999998807907104,26500
2021-09-10,0.41999998688697815,0.44999998807907104,0.41999998688697815,0.41999998688697815,67000
2021-09-13,0.4399999976158142,0.4399999976158142,0.4099999964237213,0.41999998688697815,27000
2021-09-14,0.4300000071525574,0.4300000071525574,0.4300000071525574,0.4300000071525574,400
2021-09-15,0.4300000071525574,0.4300000071525574,0.41999998688697815,0.4300000071525574,7700
2021-09-16,0.4099999964237213,0.4699999988079071,0.4099999964237213,0.4699999988079071,78500
2021-09-17,0.4000000059604645,0.4099999964237213,0.38999998569488525,0.4099999964237213,20300
2021-09-20,0.3700000047683716,0.4000000059604645,0.3700000047683716,0.38999998569488525,65900
2021-09-21,0.38999998569488525,0.38999998569488525,0.3700000047683716,0.3799999952316284,12500
2021-09-22,0.38999998569488525,0.4000000059604645,0.3799999952316284,0.38999998569488525,48900
2021-09-23,0.4099999964237213,0.4099999964237213,0.38999998569488525,0.38999998569488525,22500
2021-09-24,0.38999998569488525,0.4099999964237213,0.3700000047683716,0.4000000059604645,119500
2021-09-27,0.3700000047683716,0.3799999952316284,0.36000001430511475,0.3700000047683716,69200
2021-09-28,0.3499999940395355,0.3700000047683716,0.3499999940395355,0.3700000047683716,96700
2021-09-29,0.3199999928474426,0.3499999940395355,0.3199999928474426,0.3499999940395355,48100
2021-09-30,0.3499999940395355,0.3499999940395355,0.3499999940395355,0.3499999940395355,20500
2021-10-01,0.3499999940395355,0.3499999940395355,0.3499999940395355,0.3499999940395355,66300
2021-10-04,0.3400000035762787,0.3499999940395355,0.3400000035762787,0.3499999940395355,4000
2021-10-05,0.33000001311302185,0.3499999940395355,0.33000001311302185,0.3400000035762787,74000
2021-10-06,0.33000001311302185,0.33000001311302185,0.33000001311302185,0.33000001311302185,17800
2021-10-07,0.3400000035762787,0.3400000035762787,0.3199999928474426,0.3199999928474426,19400
2021-10-08,0.3199999928474426,0.33000001311302185,0.3199999928474426,0.33000001311302185,69500
2021-10-11,0.33000001311302185,0.33000001311302185,0.33000001311302185,0.33000001311302185,9000
2021-10-12,0.33000001311302185,0.33000001311302185,0.3199999928474426,0.3199999928474426,86600
2021-10-13,0.3400000035762787,0.3400000035762787,0.33000001311302185,0.3400000035762787,5100
2021-10-14,0.3499999940395355,0.36000001430511475,0.3400000035762787,0.36000001430511475,37600
2021-10-15,0.3499999940395355,0.3700000047683716,0.3499999940395355,0.36000001430511475,25400
2021-10-18,0.3700000047683716,0.3700000047683716,0.3499999940395355,0.36000001430511475,17000
2021-10-19,0.4000000059604645,0.4000000059604645,0.38999998569488525,0.38999998569488525,3500
2021-10-20,0.3799999952316284,0.38999998569488525,0.3700000047683716,0.38999998569488525,9200
2021-10-21,0.3799999952316284,0.3799999952316284,0.3799999952316284,0.3799999952316284,5000
2021-10-22,0.36000001430511475,0.4000000059604645,0.3499999940395355,0.3799999952316284,57100
2021-10-25,0.3700000047683716,0.38999998569488525,0.3700000047683716,0.3799999952316284,24600
2021-10-26,0.3700000047683716,0.3700000047683716,0.36000001430511475,0.3700000047683716,6200
2021-10-27,0.3700000047683716,0.3700000047683716,0.36000001430511475,0.36000001430511475,28500
2021-10-28,0.3799999952316284,0.3799999952316284,0.3700000047683716,0.3700000047683716,39800
2021-10-29,0.36000001430511475,0.36000001430511475,0.36000001430511475,0.36000001430511475,1000
2021-11-01,0.3499999940395355,0.3799999952316284,0.3499999940395355,0.3799999952316284,31700
2021-11-02,0.3499999940395355,0.3499999940395355,0.3499999940395355,0.3499999940395355,13500
2021-11-03,0.36000001430511475,0.36000001430511475,0.3400000035762787,0.3400000035762787,37700
2021-11-04,0.3499999940395355,0.36000001430511475,0.3499999940395355,0.3499999940395355,45600
2021-11-05,0.3499999940395355,0.3499999940395355,0.3499999940395355,0.3499999940395355,5400
2021-11-08,0.33000001311302185,0.3499999940395355,0.33000001311302185,0.3499999940395355,101600
2021-11-09,0.33000001311302185,0.33000001311302185,0.33000001311302185,0.33000001311302185,0
2021-11-10,0.3400000035762787,0.3700000047683716,0.3400000035762787,0.36000001430511475,172700
2021-11-11,0.38999998569488525,0.4300000071525574,0.3499999940395355,0.3499999940395355,144400
2021-11-12,0.4300000071525574,0.4300000071525574,0.4099999964237213,0.4099999964237213,9900
2021-11-15,0.4300000071525574,0.44999998807907104,0.4300000071525574,0.4399999976158142,19400
2021-11-16,0.38999998569488525,0.4099999964237213,0.38999998569488525,0.4099999964237213,121700
2021-11-17,0.38999998569488525,0.38999998569488525,0.3799999952316284,0.38999998569488525,72500
2021-11-18,0.3700000047683716,0.3799999952316284,0.3700000047683716,0.3799999952316284,41300
2021-11-19,0.36000001430511475,0.3700000047683716,0.36000001430511475,0.36000001430511475,48200
2021-11-22,0.3499999940395355,0.36000001430511475,0.3400000035762787,0.3499999940395355,203500
2021-11-23,0.3400000035762787,0.36000001430511475,0.3400000035762787,0.3499999940395355,109300
2021-11-24,0.3400000035762787,0.3499999940395355,0.3400000035762787,0.3400000035762787,14500
2021-11-26,0.33000001311302185,0.33000001311302185,0.3199999928474426,0.3199999928474426,17400
2021-11-29,0.3400000035762787,0.3400000035762787,0.3199999928474426,0.33000001311302185,74800
2021-11-30,0.3400000035762787,0.3499999940395355,0.33000001311302185,0.33000001311302185,63900
2021-12-01,0.3199999928474426,0.3499999940395355,0.3199999928474426,0.3499999940395355,93000
2021-12-02,0.33000001311302185,0.33000001311302185,0.3199999928474426,0.3199999928474426,71800
2021-12-03,0.33000001311302185,0.33000001311302185,0.30000001192092896,0.30000001192092896,3500
2021-12-06,0.33000001311302185,0.3400000035762787,0.33000001311302185,0.3400000035762787,7300
2021-12-07,0.3700000047683716,0.3700000047683716,0.3700000047683716,0.3700000047683716,200
2021-12-08,0.3400000035762787,0.36000001430511475,0.3400000035762787,0.36000001430511475,29700
2021-12-09,0.3100000023841858,0.3400000035762787,0.30000001192092896,0.3400000035762787,271900
2021-12-10,0.3100000023841858,0.3400000035762787,0.3100000023841858,0.3100000023841858,16900
2021-12-13,0.3199999928474426,0.3199999928474426,0.3100000023841858,0.3100000023841858,26500
2021-12-14,0.3199999928474426,0.3499999940395355,0.3100000023841858,0.3100000023841858,73100
2021-12-15,0.30000001192092896,0.30000001192092896,0.2800000011920929,0.30000001192092896,91700
2021-12-16,0.3199999928474426,0.33000001311302185,0.30000001192092896,0.3100000023841858,41800
2021-12-17,0.3199999928474426,0.3199999928474426,0.3100000023841858,0.3100000023841858,27700
2021-12-20,0.30000001192092896,0.3100000023841858,0.28999999165534973,0.28999999165534973,102300
2021-12-21,0.3100000023841858,0.3100000023841858,0.30000001192092896,0.30000001192092896,15100
2021-12-22,0.3199999928474426,0.3199999928474426,0.3100000023841858,0.3100000023841858,53800
2021-12-23,0.3199999928474426,0.33000001311302185,0.3100000023841858,0.33000001311302185,27600
2021-12-27,0.33000001311302185,0.3400000035762787,0.3100000023841858,0.3100000023841858,40900
2021-12-28,0.3100000023841858,0.33000001311302185,0.3100000023841858,0.33000001311302185,6900
2021-12-29,0.3100000023841858,0.3199999928474426,0.30000001192092896,0.3199999928474426,36800
2021-12-30,0.28999999165534973,0.3100000023841858,0.2800000011920929,0.30000001192092896,125200
2021-12-31,0.3100000023841858,0.3100000023841858,0.30000001192092896,0.30000001192092896,23500
2022-01-03,0.3400000035762787,0.3400000035762787,0.3400000035762787,0.3400000035762787,29000
2022-01-04,0.3199999928474426,0.3199999928474426,0.30000001192092896,0.3199999928474426,22500
2022-01-05,0.3100000023841858,0.3100000023841858,0.2800000011920929,0.2800000011920929,2000
2022-01-06,0.3100000023841858,0.3100000023841858,0.3100000023841858,0.3100000023841858,60000
2022-01-07,0.3100000023841858,0.3199999928474426,0.3100000023841858,0.3199999928474426,9000
2022-01-10,0.3100000023841858,0.3100000023841858,0.30000001192092896,0.3100000023841858,21200
2022-01-11,0.3199999928474426,0.3199999928474426,0.30000001192092896,0.3100000023841858,73500
2022-01-12,0.3199999928474426,0.33000001311302185,0.30000001192092896,0.3199999928474426,42500
2022-01-13,0.3199999928474426,0.3199999928474426,0.30000001192092896,0.3199999928474426,23300
2022-01-14,0.3199999928474426,0.3199999928474426,0.3199999928474426,0.3199999928474426,4500
2022-01-18,0.3100000023841858,0.3199999928474426,0.3100000023841858,0.3199999928474426,15800
2022-01-19,0.3100000023841858,0.3199999928474426,0.3100000023841858,0.3100000023841858,8600
2022-01-20,0.3100000023841858,0.3199999928474426,0.30000001192092896,0.3100000023841858,69500
2022-01-21,0.3100000023841858,0.3199999928474426,0.3100000023841858,0.3100000023841858,78100
2022-01-24,0.30000001192092896,0.3100000023841858,0.28999999165534973,0.3100000023841858,73400
2022-01-25,0.3100000023841858,0.3100000023841858,0.28999999165534973,0.28999999165534973,7900
2022-01-26,0.28999999165534973,0.3199999928474426,0.28999999165534973,0.3199999928474426,153600
2022-01-27,0.2800000011920929,0.28999999165534973,0.2800000011920929,0.28999999165534973,5500
2022-01-28,0.2800000011920929,0.28999999165534973,0.2800000011920929,0.28999999165534973,15800
2022-01-31,0.28999999165534973,0.28999999165534973,0.2800000011920929,0.2800000011920929,23900
2022-02-01,0.28999999165534973,0.28999999165534973,0.28999999165534973,0.28999999165534973,2000
2022-02-02,0.28999999165534973,0.28999999165534973,0.2800000011920929,0.2800000011920929,11800
2022-02-03,0.28999999165534973,0.30000001192092896,0.28999999165534973,0.30000001192092896,28700
2022-02-04,0.28999999165534973,0.28999999165534973,0.28999999165534973,0.28999999165534973,0
2022-02-07,0.3199999928474426,0.3199999928474426,0.28999999165534973,0.28999999165534973,18300
2022-02-08,0.3100000023841858,0.3199999928474426,0.3100000023841858,0.3199999928474426,5500
2022-02-09,0.33000001311302185,0.33000001311302185,0.2800000011920929,0.2800000011920929,66500
2022-02-10,0.3100000023841858,0.33000001311302185,0.3100000023841858,0.33000001311302185,7300
2022-02-11,0.3100000023841858,0.3199999928474426,0.3100000023841858,0.3100000023841858,19500
2022-02-14,0.3100000023841858,0.3100000023841858,0.3100000023841858,0.3100000023841858,7300
2022-02-15,0.3100000023841858,0.3100000023841858,0.3100000023841858,0.3100000023841858,5000
2022-02-16,0.3100000023841858,0.3100000023841858,0.3100000023841858,0.3100000023841858,100
2022-02-17,0.3100000023841858,0.3100000023841858,0.30000001192092896,0.30000001192092896,42600
2022-02-18,0.3100000023841858,0.3199999928474426,0.3100000023841858,0.3100000023841858,27600
2022-02-22,0.3100000023841858,0.3199999928474426,0.3100000023841858,0.3199999928474426,31400
2022-02-23,0.3199999928474426,0.3199999928474426,0.3100000023841858,0.3100000023841858,85200
2022-02-24,0.3100000023841858,0.3199999928474426,0.3100000023841858,0.3199999928474426,135400
2022-02-25,0.3100000023841858,0.3100000023841858,0.3100000023841858,0.3100000023841858,72800
2022-02-28,0.3100000023841858,0.3100000023841858,0.3100000023841858,0.3100000023841858,30600
2022-03-01,0.3100000023841858,0.3100000023841858,0.3100000023841858,0.3100000023841858,39600
2022-03-02,0.3199999928474426,0.3199999928474426,0.3100000023841858,0.3100000023841858,8000
2022-03-03,0.3100000023841858,0.33000001311302185,0.3100000023841858,0.33000001311302185,66100
2022-03-04,0.3100000023841858,0.3100000023841858,0.3100000023841858,0.3100000023841858,0
2022-03-07,0.3100000023841858,0.3199999928474426,0.3100000023841858,0.3100000023841858,53300
2022-03-08,0.30000001192092896,0.3199999928474426,0.28999999165534973,0.3100000023841858,94200
2022-03-09,0.30000001192092896,0.30000001192092896,0.30000001192092896,0.30000001192092896,4600
2022-03-10,0.30000001192092896,0.30000001192092896,0.30000001192092896,0.30000001192092896,36100
2022-03-11,0.3100000023841858,0.3199999928474426,0.30000001192092896,0.30000001192092896,14900
2022-03-14,0.28999999165534973,0.30000001192092896,0.28999999165534973,0.30000001192092896,16500
2022-03-15,0.28999999165534973,0.28999999165534973,0.28999999165534973,0.28999999165534973,24300
2022-03-16,0.28999999165534973,0.30000001192092896,0.28999999165534973,0.30000001192092896,27900
2022-03-17,0.28999999165534973,0.30000001192092896,0.28999999165534973,0.30000001192092896,50000
2022-03-18,0.28999999165534973,0.30000001192092896,0.28999999165534973,0.28999999165534973,6500
2022-03-21,0.28999999165534973,0.30000001192092896,0.28999999165534973,0.30000001192092896,3400
2022-03-22,0.3100000023841858,0.3100000023841858,0.2800000011920929,0.28999999165534973,43900
2022-03-23,0.3199999928474426,0.3199999928474426,0.3100000023841858,0.3100000023841858,64000
2022-03-24,0.3199999928474426,0.3199999928474426,0.3100000023841858,0.3199999928474426,55100
2022-03-25,0.3100000023841858,0.3100000023841858,0.3100000023841858,0.3100000023841858,4000
2022-03-28,0.3100000023841858,0.3100000023841858,0.30000001192092896,0.3100000023841858,23400
2022-03-29,0.30000001192092896,0.3100000023841858,0.30000001192092896,0.3100000023841858,40500
2022-03-30,0.3100000023841858,0.3100000023841858,0.3100000023841858,0.3100000023841858,6500
2022-03-31,0.30000001192092896,0.3100000023841858,0.30000001192092896,0.3100000023841858,8000
2022-04-01,0.30000001192092896,0.3100000023841858,0.30000001192092896,0.30000001192092896,28000
2022-04-04,0.30000001192092896,0.3100000023841858,0.30000001192092896,0.3100000023841858,35700
2022-04-05,0.30000001192092896,0.3100000023841858,0.28999999165534973,0.3100000023841858,50000
2022-04-06,0.28999999165534973,0.28999999165534973,0.28999999165534973,0.28999999165534973,12700
2022-04-07,0.28999999165534973,0.28999999165534973,0.28999999165534973,0.28999999165534973,5500
2022-04-08,0.28999999165534973,0.28999999165534973,0.28999999165534973,0.28999999165534973,28400
2022-04-11,0.28999999165534973,0.28999999165534973,0.28999999165534973,0.28999999165534973,10600
2022-04-12,0.28999999165534973,0.28999999165534973,0.28999999165534973,0.28999999165534973,42900
2022-04-13,0.2800000011920929,0.28999999165534973,0.2800000011920929,0.2800000011920929,51200
2022-04-14,0.2800000011920929,0.2800000011920929,0.2800000011920929,0.2800000011920929,46000
2022-04-18,0.2800000011920929,0.28999999165534973,0.2800000011920929,0.2800000011920929,61000
2022-04-19,0.28999999165534973,0.30000001192092896,0.2800000011920929,0.30000001192092896,42700
2022-04-20,0.30000001192092896,0.30000001192092896,0.28999999165534973,0.28999999165534973,27400
2022-04-21,0.30000001192092896,0.30000001192092896,0.30000001192092896,0.30000001192092896,43000
2022-04-22,0.3100000023841858,0.3199999928474426,0.30000001192092896,0.3199999928474426,83700
2022-04-25,0.30000001192092896,0.3100000023841858,0.30000001192092896,0.3100000023841858,60000
2022-04-26,0.30000001192092896,0.3100000023841858,0.30000001192092896,0.30000001192092896,33700
2022-04-27,0.3100000023841858,0.3100000023841858,0.30000001192092896,0.30000001192092896,2200
2022-04-28,0.30000001192092896,0.30000001192092896,0.30000001192092896,0.30000001192092896,1100
2022-04-29,0.30000001192092896,0.3100000023841858,0.30000001192092896,0.3100000023841858,18400
2022-05-02,0.28999999165534973,0.28999999165534973,0.28999999165534973,0.28999999165534973,10100
2022-05-03,0.30000001192092896,0.30000001192092896,0.30000001192092896,0.30000001192092896,1000
2022-05-04,0.28999999165534973,0.30000001192092896,0.28999999165534973,0.28999999165534973,28000
2022-05-05,0.30000001192092896,0.30000001192092896,0.30000001192092896,0.30000001192092896,1000
2022-05-06,0.2800000011920929,0.28999999165534973,0.2800000011920929,0.28999999165534973,33900
2022-05-09,0.2800000011920929,0.28999999165534973,0.2800000011920929,0.28999999165534973,11200
2022-05-10,0.25,0.2800000011920929,0.23999999463558197,0.2800000011920929,80600
2022-05-11,0.25999999046325684,0.25999999046325684,0.25999999046325684,0.25999999046325684,3000
2022-05-12,0.23000000417232513,0.25999999046325684,0.23000000417232513,0.25999999046325684,71000
2022-05-13,0.23000000417232513,0.23000000417232513,0.2199999988079071,0.2199999988079071,23500
2022-05-16,0.23000000417232513,0.23000000417232513,0.23000000417232513,0.23000000417232513,16900
2022-05-17,0.23000000417232513,0.23000000417232513,0.2199999988079071,0.23000000417232513,46400
2022-05-18,0.2199999988079071,0.25,0.2199999988079071,0.25,56600
2022-05-19,0.23000000417232513,0.23000000417232513,0.23000000417232513,0.23000000417232513,8500
2022-05-20,0.23000000417232513,0.23000000417232513,0.2199999988079071,0.2199999988079071,1500
2022-05-23,0.23000000417232513,0.23000000417232513,0.23000000417232513,0.23000000417232513,0
2022-05-24,0.23000000417232513,0.23000000417232513,0.2199999988079071,0.23000000417232513,14600
2022-05-25,0.23000000417232513,0.23000000417232513,0.23000000417232513,0.23000000417232513,0
2022-05-26,0.2199999988079071,0.2199999988079071,0.2199999988079071,0.2199999988079071,12300
2022-05-27,0.2199999988079071,0.23000000417232513,0.2199999988079071,0.23000000417232513,10000
2022-05-31,0.20999999344348907,0.2199999988079071,0.20999999344348907,0.2199999988079071,18700
2022-06-01,0.2199999988079071,0.2199999988079071,0.2199999988079071,0.2199999988079071,1000
2022-06-02,0.2199999988079071,0.23000000417232513,0.2199999988079071,0.2199999988079071,58400
2022-06-03,0.20999999344348907,0.23000000417232513,0.20999999344348907,0.23000000417232513,1000
2022-06-06,0.20999999344348907,0.20999999344348907,0.20999999344348907,0.20999999344348907,0
2022-06-07,0.2199999988079071,0.2199999988079071,0.20000000298023224,0.20999999344348907,12300
2022-06-08,0.2199999988079071,0.2199999988079071,0.2199999988079071,0.2199999988079071,4900
2022-06-09,0.2199999988079071,0.2199999988079071,0.2199999988079071,0.2199999988079071,0
2022-06-10,0.2199999988079071,0.23000000417232513,0.20999999344348907,0.20999999344348907,105800
2022-06-13,0.20999999344348907,0.2199999988079071,0.20999999344348907,0.20999999344348907,6800
2022-06-14,0.20999999344348907,0.20999999344348907,0.20000000298023224,0.20999999344348907,45000
2022-06-15,0.20000000298023224,0.20999999344348907,0.20000000298023224,0.20999999344348907,23500
2022-06-16,0.20000000298023224,0.20000000298023224,0.20000000298023224,0.20000000298023224,11700
2022-06-17,0.20999999344348907,0.20999999344348907,0.20999999344348907,0.20999999344348907,1400
2022-06-21,0.23000000417232513,0.23000000417232513,0.20000000298023224,0.20000000298023224,108000
2022-06-22,0.23000000417232513,0.23000000417232513,0.23000000417232513,0.23000000417232513,600
2022-06-23,0.2199999988079071,0.23000000417232513,0.2199999988079071,0.2199999988079071,40900
2022-06-24,0.2199999988079071,0.2199999988079071,0.20999999344348907,0.20999999344348907,16000
2022-06-27,0.23000000417232513,0.23000000417232513,0.2199999988079071,0.2199999988079071,4500
2022-06-28,0.23000000417232513,0.23000000417232513,0.2199999988079071,0.2199999988079071,27000
2022-06-29,0.2199999988079071,0.23000000417232513,0.2199999988079071,0.23000000417232513,31000
2022-06-30,0.23999999463558197,0.23999999463558197,0.20999999344348907,0.2199999988079071,22800
2022-07-01,0.20999999344348907,0.20999999344348907,0.1899999976158142,0.1899999976158142,4000
2022-07-05,0.20999999344348907,0.20999999344348907,0.20000000298023224,0.20999999344348907,43300
2022-07-06,0.2199999988079071,0.23000000417232513,0.20999999344348907,0.20999999344348907,23100
2022-07-07,0.2199999988079071,0.23000000417232513,0.2199999988079071,0.23000000417232513,5600
2022-07-08,0.2199999988079071,0.23000000417232513,0.2199999988079071,0.23000000417232513,23100
2022-07-11,0.2199999988079071,0.2199999988079071,0.2199999988079071,0.2199999988079071,300
2022-07-12,0.2199999988079071,0.2199999988079071,0.2199999988079071,0.2199999988079071,18500
2022-07-13,0.2199999988079071,0.2199999988079071,0.2199999988079071,0.2199999988079071,0
2022-07-14,0.2199999988079071,0.2199999988079071,0.2199999988079071,0.2199999988079071,0
2022-07-15,0.20999999344348907,0.20999999344348907,0.20999999344348907,0.20999999344348907,3300
2022-07-18,0.2199999988079071,0.2199999988079071,0.2199999988079071,0.2199999988079071,500
2022-07-19,0.23000000417232513,0.23000000417232513,0.2199999988079071,0.2199999988079071,1200
2022-07-20,0.23000000417232513,0.23000000417232513,0.23000000417232513,0.23000000417232513,32300
2022-07-21,0.2199999988079071,0.23000000417232513,0.2199999988079071,0.23000000417232513,17700
2022-07-22,0.2199999988079071,0.2199999988079071,0.2199999988079071,0.2199999988079071,1000
2022-07-25,0.2199999988079071,0.2199999988079071,0.2199999988079071,0.2199999988079071,30000
2022-07-26,0.2199999988079071,0.2199999988079071,0.2199999988079071,0.2199999988079071,5500
2022-07-27,0.2199999988079071,0.2199999988079071,0.2199999988079071,0.2199999988079071,10500
2022-07-28,0.23000000417232513,0.23000000417232513,0.2199999988079071,0.2199999988079071,17000
2022-07-29,0.23000000417232513,0.23000000417232513,0.23000000417232513,0.23000000417232513,0
2022-08-01,0.23000000417232513,0.23000000417232513,0.23000000417232513,0.23000000417232513,0
2022-08-02,0.2199999988079071,0.23000000417232513,0.2199999988079071,0.23000000417232513,17600
2022-08-03,0.23000000417232513,0.23000000417232513,0.23000000417232513,0.23000000417232513,1100
2022-08-04,0.23000000417232513,0.23000000417232513,0.23000000417232513,0.23000000417232513,13500
2022-08-05,0.23000000417232513,0.23000000417232513,0.2199999988079071,0.2199999988079071,23600
2022-08-08,0.23000000417232513,0.23000000417232513,0.2199999988079071,0.2199999988079071,23000
2022-08-09,0.23000000417232513,0.23000000417232513,0.23000000417232513,0.23000000417232513,0
2022-08-10,0.2199999988079071,0.2199999988079071,0.2199999988079071,0.2199999988079071,2000
2022-08-11,0.2199999988079071,0.2199999988079071,0.2199999988079071,0.2199999988079071,0
2022-08-12,0.2199999988079071,0.2199999988079071,0.2199999988079071,0.2199999988079071,1400
2022-08-15,0.20000000298023224,0.20999999344348907,0.20000000298023224,0.20000000298023224,4800
2022-08-16,0.20000000298023224,0.20000000298023224,0.20000000298023224,0.20000000298023224,0
2022-08-17,0.20000000298023224,0.20000000298023224,0.20000000298023224,0.20000000298023224,200
2022-08-18,0.1899999976158142,0.20000000298023224,0.1899999976158142,0.20000000298023224,33800
2022-08-19,0.20000000298023224,0.20000000298023224,0.1899999976158142,0.20000000298023224,2600
2022-08-22,0.18000000715255737,0.1899999976158142,0.17000000178813934,0.17000000178813934,9100
2022-08-23,0.18000000715255737,0.18000000715255737,0.17000000178813934,0.17000000178813934,39500
2022-08-24,0.17000000178813934,0.17000000178813934,0.17000000178813934,0.17000000178813934,1500
2022-08-25,0.1899999976158142,0.1899999976158142,0.1899999976158142,0.1899999976158142,100
2022-08-26,0.1899999976158142,0.1899999976158142,0.1899999976158142,0.1899999976158142,800
2022-08-29,0.1899999976158142,0.20000000298023224,0.1899999976158142,0.1899999976158142,19000
2022-08-30,0.1899999976158142,0.1899999976158142,0.18000000715255737,0.18000000715255737,25200
2022-08-31,0.1899999976158142,0.1899999976158142,0.1899999976158142,0.1899999976158142,42500
2022-09-01,0.1899999976158142,0.1899999976158142,0.1899999976158142,0.1899999976158142,0
2022-09-02,0.18000000715255737,0.1899999976158142,0.18000000715255737,0.1899999976158142,22300
2022-09-06,0.18000000715255737,0.18000000715255737,0.18000000715255737,0.18000000715255737,3000
2022-09-07,0.17000000178813934,0.1899999976158142,0.17000000178813934,0.1899999976158142,5900
2022-09-08,0.18000000715255737,0.18000000715255737,0.18000000715255737,0.18000000715255737,13000
2022-09-09,0.18000000715255737,0.18000000715255737,0.18000000715255737,0.18000000715255737,0
2022-09-12,0.20000000298023224,0.20000000298023224,0.18000000715255737,0.18000000715255737,20500
2022-09-13,0.20000000298023224,0.20000000298023224,0.20000000298023224,0.20000000298023224,2000
2022-09-14,0.1899999976158142,0.1899999976158142,0.18000000715255737,0.1899999976158142,23400
2022-09-15,0.2199999988079071,0.2199999988079071,0.2199999988079071,0.2199999988079071,25800
2022-09-16,0.2199999988079071,0.2199999988079071,0.2199999988079071,0.2199999988079071,100
2022-09-19,0.2199999988079071,0.2199999988079071,0.2199999988079071,0.2199999988079071,0
2022-09-20,0.20000000298023224,0.20000000298023224,0.20000000298023224,0.20000000298023224,400
2022-09-21,0.20000000298023224,0.20999999344348907,0.20000000298023224,0.20999999344348907,600
2022-09-22,0.20000000298023224,0.20000000298023224,0.20000000298023224,0.20000000298023224,500
2022-09-23,0.18000000715255737,0.18000000715255737,0.18000000715255737,0.18000000715255737,100
2022-09-26,0.18000000715255737,0.18000000715255737,0.18000000715255737,0.18000000715255737,1100
2022-09-27,0.18000000715255737,0.18000000715255737,0.18000000715255737,0.18000000715255737,17400
2022-09-28,0.18000000715255737,0.18000000715255737,0.18000000715255737,0.18000000715255737,1100
2022-09-29,0.18000000715255737,0.18000000715255737,0.17000000178813934,0.17000000178813934,14200
2022-09-30,0.1899999976158142,0.1899999976158142,0.18000000715255737,0.18000000715255737,13400
2022-10-03,0.18000000715255737,0.18000000715255737,0.17000000178813934,0.18000000715255737,49400
2022-10-04,0.18000000715255737,0.18000000715255737,0.18000000715255737,0.18000000715255737,10000
2022-10-05,0.18000000715255737,0.18000000715255737,0.18000000715255737,0.18000000715255737,0
2022-10-06,0.18000000715255737,0.18000000715255737,0.18000000715255737,0.18000000715255737,0
2022-10-07,0.1899999976158142,0.1899999976158142,0.18000000715255737,0.18000000715255737,7500
2022-10-10,0.1899999976158142,0.1899999976158142,0.1899999976158142,0.1899999976158142,0
2022-10-11,0.1899999976158142,0.1899999976158142,0.1899999976158142,0.1899999976158142,0
2022-10-12,0.1899999976158142,0.1899999976158142,0.1899999976158142,0.1899999976158142,500
2022-10-13,0.1899999976158142,0.1899999976158142,0.1899999976158142,0.1899999976158142,0
2022-10-14,0.1899999976158142,0.1899999976158142,0.1899999976158142,0.1899999976158142,0
2022-10-17,0.1899999976158142,0.1899999976158142,0.1899999976158142,0.1899999976158142,0
2022-10-18,0.1899999976158142,0.1899999976158142,0.18000000715255737,0.1899999976158142,11900
2022-10-19,0.18000000715255737,0.18000000715255737,0.18000000715255737,0.18000000715255737,2000
2022-10-20,0.18000000715255737,0.18000000715255737,0.18000000715255737,0.18000000715255737,12200
2022-10-21,0.18000000715255737,0.18000000715255737,0.18000000715255737,0.18000000715255737,1000
2022-10-24,0.17000000178813934,0.17000000178813934,0.17000000178813934,0.17000000178813934,2100
2022-10-25,0.18000000715255737,0.18000000715255737,0.18000000715255737,0.18000000715255737,5400
2022-10-26,0.18000000715255737,0.18000000715255737,0.17000000178813934,0.18000000715255737,16100
2022-10-27,0.17000000178813934,0.17000000178813934,0.17000000178813934,0.17000000178813934,23600
2022-10-28,0.18000000715255737,0.18000000715255737,0.1599999964237213,0.17000000178813934,33200
2022-10-31,0.17000000178813934,0.17000000178813934,0.17000000178813934,0.17000000178813934,3500
2022-11-01,0.1599999964237213,0.17000000178813934,0.1599999964237213,0.1599999964237213,20800
2022-11-02,0.17000000178813934,0.17000000178813934,0.1599999964237213,0.1599999964237213,10500
2022-11-03,0.17000000178813934,0.17000000178813934,0.17000000178813934,0.17000000178813934,500
2022-11-04,0.17000000178813934,0.17000000178813934,0.17000000178813934,0.17000000178813934,0
2022-11-07,0.1599999964237213,0.1599999964237213,0.15000000596046448,0.15000000596046448,11600
2022-11-08,0.17000000178813934,0.17000000178813934,0.1599999964237213,0.1599999964237213,6700
2022-11-09,0.17000000178813934,0.17000000178813934,0.17000000178813934,0.17000000178813934,3000
2022-11-10,0.17000000178813934,0.17000000178813934,0.17000000178813934,0.17000000178813934,300
2022-11-11,0.17000000178813934,0.17000000178813934,0.17000000178813934,0.17000000178813934,2900
2022-11-14,0.17000000178813934,0.17000000178813934,0.17000000178813934,0.17000000178813934,0
2022-11-15,0.17000000178813934,0.17000000178813934,0.17000000178813934,0.17000000178813934,0
2022-11-16,0.17000000178813934,0.17000000178813934,0.17000000178813934,0.17000000178813934,0
2022-11-17,0.17000000178813934,0.17000000178813934,0.17000000178813934,0.17000000178813934,0
2022-11-18,0.17000000178813934,0.17000000178813934,0.1599999964237213,0.1599999964237213,33400
2022-11-21,0.17000000178813934,0.17000000178813934,0.17000000178813934,0.17000000178813934,0
2022-11-22,0.14000000059604645,0.14000000059604645,0.14000000059604645,0.14000000059604645,100
2022-11-23,0.15000000596046448,0.15000000596046448,0.15000000596046448,0.15000000596046448,34800
2022-11-25,0.15000000596046448,0.15000000596046448,0.15000000596046448,0.15000000596046448,1000
2022-11-28,0.14000000059604645,0.15000000596046448,0.14000000059604645,0.15000000596046448,35600
2022-11-29,0.12999999523162842,0.14000000059604645,0.12999999523162842,0.14000000059604645,61700
2022-11-30,0.14000000059604645,0.14000000059604645,0.12999999523162842,0.12999999523162842,47900
2022-12-01,0.12999999523162842,0.12999999523162842,0.12999999523162842,0.12999999523162842,14500
2022-12-02,0.12999999523162842,0.12999999523162842,0.12999999523162842,0.12999999523162842,10900
2022-12-05,0.12999999523162842,0.12999999523162842,0.12999999523162842,0.12999999523162842,33200
2022-12-06,0.14000000059604645,0.14000000059604645,0.11999999731779099,0.12999999523162842,54900
2022-12-07,0.12999999523162842,0.12999999523162842,0.12999999523162842,0.12999999523162842,195000
2022-12-08,0.12999999523162842,0.12999999523162842,0.12999999523162842,0.12999999523162842,23500
2022-12-09,0.12999999523162842,0.12999999523162842,0.12999999523162842,0.12999999523162842,0
2022-12-12,0.12999999523162842,0.12999999523162842,0.12999999523162842,0.12999999523162842,22000
2022-12-13,0.12999999523162842,0.12999999523162842,0.12999999523162842,0.12999999523162842,0
2022-12-14,0.1599999964237213,0.1599999964237213,0.15000000596046448,0.15000000596046448,62500
2022-12-15,0.1599999964237213,0.1599999964237213,0.1599999964237213,0.1599999964237213,0
2022-12-16,0.15000000596046448,0.15000000596046448,0.15000000596046448,0.15000000596046448,31800
2022-12-19,0.14000000059604645,0.14000000059604645,0.14000000059604645,0.14000000059604645,49000
2022-12-20,0.14000000059604645,0.14000000059604645,0.14000000059604645,0.14000000059604645,47200
2022-12-21,0.14000000059604645,0.14000000059604645,0.14000000059604645,0.14000000059604645,37600
2022-12-22,0.14000000059604645,0.14000000059604645,0.14000000059604645,0.14000000059604645,2800
2022-12-23,0.14000000059604645,0.14000000059604645,0.14000000059604645,0.14000000059604645,0
2022-12-27,0.14000000059604645,0.14000000059604645,0.14000000059604645,0.14000000059604645,0
2022-12-28,0.12999999523162842,0.14000000059604645,0.12999999523162842,0.14000000059604645,56200
2022-12-29,0.14000000059604645,0.14000000059604645,0.12999999523162842,0.12999999523162842,13000
2022-12-30,0.14000000059604645,0.14000000059604645,0.14000000059604645,0.14000000059604645,14700
2023-01-03,0.14000000059604645,0.15000000596046448,0.14000000059604645,0.15000000596046448,7000
2023-01-04,0.14000000059604645,0.14000000059604645,0.14000000059604645,0.14000000059604645,40000
2023-01-05,0.14000000059604645,0.15000000596046448,0.12999999523162842,0.15000000596046448,32900
2023-01-06,0.14000000059604645,0.14000000059604645,0.14000000059604645,0.14000000059604645,0
2023-01-09,0.12999999523162842,0.12999999523162842,0.12999999523162842,0.12999999523162842,12000
2023-01-10,0.12999999523162842,0.12999999523162842,0.12999999523162842,0.12999999523162842,50600
2023-01-11,0.12999999523162842,0.12999999523162842,0.12999999523162842,0.12999999523162842,0
2023-01-12,0.12999999523162842,0.12999999523162842,0.12999999523162842,0.12999999523162842,41500
2023-01-13,0.14000000059604645,0.14000000059604645,0.14000000059604645,0.14000000059604645,200
2023-01-17,0.14000000059604645,0.14000000059604645,0.14000000059604645,0.14000000059604645,19000
2023-01-18,0.14000000059604645,0.14000000059604645,0.14000000059604645,0.14000000059604645,0
2023-01-19,0.14000000059604645,0.14000000059604645,0.12999999523162842,0.12999999523162842,107600
2023-01-20,0.14000000059604645,0.14000000059604645,0.14000000059604645,0.14000000059604645,0
2023-01-23,0.14000000059604645,0.14000000059604645,0.14000000059604645,0.14000000059604645,4100
2023-01-24,0.12999999523162842,0.14000000059604645,0.12999999523162842,0.14000000059604645,10900
2023-01-25,0.14000000059604645,0.14000000059604645,0.14000000059604645,0.14000000059604645,4000
2023-01-26,0.1599999964237213,0.1599999964237213,0.14000000059604645,0.14000000059604645,14800
2023-01-27,0.15000000596046448,0.15000000596046448,0.15000000596046448,0.15000000596046448,600
2023-01-30,0.14000000059604645,0.15000000596046448,0.14000000059604645,0.15000000596046448,13000
2023-01-31,0.14000000059604645,0.14000000059604645,0.14000000059604645,0.14000000059604645,0
2023-02-01,0.14000000059604645,0.14000000059604645,0.14000000059604645,0.14000000059604645,0
2023-02-02,0.15000000596046448,0.1599999964237213,0.15000000596046448,0.1599999964237213,9000
2023-02-03,0.1599999964237213,0.1599999964237213,0.1599999964237213,0.1599999964237213,1000
2023-02-06,0.18000000715255737,0.18000000715255737,0.1599999964237213,0.1599999964237213,12000
2023-02-07,0.18000000715255737,0.18000000715255737,0.17000000178813934,0.17000000178813934,18400
2023-02-08,0.17000000178813934,0.17000000178813934,0.17000000178813934,0.17000000178813934,5900
2023-02-09,0.17000000178813934,0.17000000178813934,0.17000000178813934,0.17000000178813934,0
2023-02-10,0.17000000178813934,0.17000000178813934,0.17000000178813934,0.17000000178813934,30000
2023-02-13,0.17000000178813934,0.18000000715255737,0.17000000178813934,0.18000000715255737,3800
2023-02-14,0.17000000178813934,0.17000000178813934,0.17000000178813934,0.17000000178813934,0
2023-02-15,0.1599999964237213,0.1599999964237213,0.1599999964237213,0.1599999964237213,7200
2023-02-16,0.17000000178813934,0.17000000178813934,0.17000000178813934,0.17000000178813934,200
2023-02-17,0.17000000178813934,0.17000000178813934,0.17000000178813934,0.17000000178813934,1800
2023-02-21,0.17000000178813934,0.17000000178813934,0.17000000178813934,0.17000000178813934,0
2023-02-22,0.17000000178813934,0.17000000178813934,0.17000000178813934,0.17000000178813934,200
2023-02-23,0.1599999964237213,0.1599999964237213,0.1599999964237213,0.1599999964237213,5500
2023-02-24,0.1599999964237213,0.1599999964237213,0.1599999964237213,0.1599999964237213,96500
2023-02-27,0.1599999964237213,0.1599999964237213,0.1599999964237213,0.1599999964237213,0
2023-02-28,0.15000000596046448,0.15000000596046448,0.15000000596046448,0.15000000596046448,4500
2023-03-01,0.15000000596046448,0.15000000596046448,0.15000000596046448,0.15000000596046448,7000
2023-03-02,0.15000000596046448,0.15000000596046448,0.15000000596046448,0.15000000596046448,0
2023-03-03,0.15000000596046448,0.15000000596046448,0.15000000596046448,0.15000000596046448,0
2023-03-06,0.17000000178813934,0.17000000178813934,0.17000000178813934,0.17000000178813934,31500
2023-03-07,0.14000000059604645,0.14000000059604645,0.14000000059604645,0.14000000059604645,15000
2023-03-08,0.12999999523162842,0.14000000059604645,0.12999999523162842,0.14000000059604645,5300
2023-03-09,0.12999999523162842,0.12999999523162842,0.12999999523162842,0.12999999523162842,100
2023-03-10,0.14000000059604645,0.15000000596046448,0.12999999523162842,0.12999999523162842,7000
2023-03-13,0.14000000059604645,0.14000000059604645,0.14000000059604645,0.14000000059604645,4300
2023-03-14,0.1599999964237213,0.1599999964237213,0.1599999964237213,0.1599999964237213,12400
2023-03-15,0.1599999964237213,0.1599999964237213,0.1599999964237213,0.1599999964237213,0
2023-03-16,0.1599999964237213,0.1599999964237213,0.1599999964237213,0.1599999964237213,15300
2023-03-17,0.1599999964237213,0.1599999964237213,0.1599999964237213,0.1599999964237213,10000
2023-03-20,0.1599999964237213,0.1599999964237213,0.1599999964237213,0.1599999964237213,6000
2023-03-21,0.1599999964237213,0.1599999964237213,0.1599999964237213,0.1599999964237213,24000
2023-03-22,0.1599999964237213,0.1599999964237213,0.1599999964237213,0.1599999964237213,0
2023-03-23,0.18000000715255737,0.18000000715255737,0.17000000178813934,0.17000000178813934,28200
2023-03-24,0.18000000715255737,0.18000000715255737,0.18000000715255737,0.18000000715255737,46000
2023-03-27,0.18000000715255737,0.18000000715255737,0.18000000715255737,0.18000000715255737,40100
2023-03-28,0.18000000715255737,0.1899999976158142,0.18000000715255737,0.1899999976158142,2300
2023-03-29,0.1899999976158142,0.1899999976158142,0.18000000715255737,0.1899999976158142,85200
2023-03-30,0.1899999976158142,0.1899999976158142,0.1899999976158142,0.1899999976158142,12700
2023-03-31,0.1899999976158142,0.1899999976158142,0.1899999976158142,0.1899999976158142,4400
2023-04-03,0.1899999976158142,0.20000000298023224,0.1899999976158142,0.1899999976158142,11100
2023-04-04,0.20000000298023224,0.20000000298023224,0.1899999976158142,0.1899999976158142,18000
2023-04-05,0.20000000298023224,0.20000000298023224,0.20000000298023224,0.20000000298023224,23000
2023-04-06,0.1899999976158142,0.20000000298023224,0.1899999976158142,0.20000000298023224,26000
2023-04-10,0.18000000715255737,0.18000000715255737,0.18000000715255737,0.18000000715255737,1000
2023-04-11,0.1899999976158142,0.1899999976158142,0.1899999976158142,0.1899999976158142,6000
2023-04-12,0.1899999976158142,0.20000000298023224,0.1899999976158142,0.20000000298023224,23200
2023-04-13,0.1899999976158142,0.20000000298023224,0.1899999976158142,0.20000000298023224,4000
2023-04-14,0.1899999976158142,0.1899999976158142,0.1899999976158142,0.1899999976158142,0
2023-04-17,0.1899999976158142,0.20000000298023224,0.1899999976158142,0.1899999976158142,1600
2023-04-18,0.1899999976158142,0.1899999976158142,0.1899999976158142,0.1899999976158142,0
2023-04-19,0.18000000715255737,0.1899999976158142,0.18000000715255737,0.18000000715255737,5700
2023-04-20,0.1899999976158142,0.1899999976158142,0.18000000715255737,0.1899999976158142,26600
2023-04-21,0.1899999976158142,0.1899999976158142,0.1899999976158142,0.1899999976158142,1500
2023-04-24,0.1899999976158142,0.1899999976158142,0.1899999976158142,0.1899999976158142,1800
2023-04-25,0.1899999976158142,0.1899999976158142,0.1899999976158142,0.1899999976158142,14300
2023-04-26,0.1899999976158142,0.1899999976158142,0.18000000715255737,0.18000000715255737,9100
2023-04-27,0.20000000298023224,0.20000000298023224,0.1899999976158142,0.1899999976158142,12500
2023-04-28,0.1899999976158142,0.1899999976158142,0.1899999976158142,0.1899999976158142,25000
2023-05-01,0.18000000715255737,0.1899999976158142,0.18000000715255737,0.1899999976158142,300
2023-05-02,0.1899999976158142,0.1899999976158142,0.1899999976158142,0.1899999976158142,20500
2023-05-03,0.1899999976158142,0.1899999976158142,0.1899999976158142,0.1899999976158142,200
2023-05-04,0.1899999976158142,0.20999999344348907,0.1899999976158142,0.20999999344348907,80100
2023-05-05,0.1899999976158142,0.1899999976158142,0.1899999976158142,0.1899999976158142,0
2023-05-08,0.18000000715255737,0.1899999976158142,0.18000000715255737,0.1899999976158142,53000
2023-05-09,0.18000000715255737,0.18000000715255737,0.18000000715255737,0.18000000715255737,0
2023-05-10,0.18000000715255737,0.18000000715255737,0.18000000715255737,0.18000000715255737,0
2023-05-11,0.18000000715255737,0.18000000715255737,0.18000000715255737,0.18000000715255737,0
2023-05-12,0.1899999976158142,0.1899999976158142,0.1899999976158142,0.1899999976158142,3200
2023-05-15,0.18000000715255737,0.18000000715255737,0.18000000715255737,0.18000000715255737,12500
2023-05-16,0.18000000715255737,0.1899999976158142,0.18000000715255737,0.1899999976158142,149600
2023-05-17,0.18000000715255737,0.1899999976158142,0.18000000715255737,0.18000000715255737,5300
2023-05-18,0.18000000715255737,0.18000000715255737,0.18000000715255737,0.18000000715255737,0
2023-05-19,0.18000000715255737,0.18000000715255737,0.18000000715255737,0.18000000715255737,0
2023-05-22,0.18000000715255737,0.18000000715255737,0.18000000715255737,0.18000000715255737,0
2023-05-23,0.18000000715255737,0.18000000715255737,0.18000000715255737,0.18000000715255737,0
2023-05-24,0.18000000715255737,0.18000000715255737,0.18000000715255737,0.18000000715255737,0
2023-05-25,0.18000000715255737,0.18000000715255737,0.18000000715255737,0.18000000715255737,0
2023-05-26,0.18000000715255737,0.18000000715255737,0.18000000715255737,0.18000000715255737,0
2023-05-30,0.18000000715255737,0.18000000715255737,0.17000000178813934,0.17000000178813934,10500
2023-05-31,0.17000000178813934,0.17000000178813934,0.17000000178813934,0.17000000178813934,2500
2023-06-01,0.18000000715255737,0.18000000715255737,0.18000000715255737,0.18000000715255737,6500
2023-06-02,0.18000000715255737,0.18000000715255737,0.18000000715255737,0.18000000715255737,0
2023-06-05,0.18000000715255737,0.18000000715255737,0.18000000715255737,0.18000000715255737,0
2023-06-06,0.18000000715255737,0.18000000715255737,0.18000000715255737,0.18000000715255737,0
2023-06-07,0.17000000178813934,0.18000000715255737,0.17000000178813934,0.17000000178813934,7300
2023-06-08,0.17000000178813934,0.17000000178813934,0.17000000178813934,0.17000000178813934,0
2023-06-09,0.18000000715255737,0.18000000715255737,0.18000000715255737,0.18000000715255737,12000
2023-06-12,0.1899999976158142,0.1899999976158142,0.1899999976158142,0.1899999976158142,4000
2023-06-13,0.1899999976158142,0.1899999976158142,0.1899999976158142,0.1899999976158142,500
2023-06-14,0.18000000715255737,0.18000000715255737,0.18000000715255737,0.18000000715255737,4800
2023-06-15,0.18000000715255737,0.18000000715255737,0.18000000715255737,0.18000000715255737,3000
2023-06-16,0.18000000715255737,0.18000000715255737,0.18000000715255737,0.18000000715255737,0
2023-06-20,0.18000000715255737,0.18000000715255737,0.18000000715255737,0.18000000715255737,0
2023-06-21,0.18000000715255737,0.18000000715255737,0.18000000715255737,0.18000000715255737,0
2023-06-22,0.18000000715255737,0.18000000715255737,0.18000000715255737,0.18000000715255737,0
2023-06-23,0.17000000178813934,0.17000000178813934,0.17000000178813934,0.17000000178813934,800
2023-06-26,0.17000000178813934,0.17000000178813934,0.17000000178813934,0.17000000178813934,4100
2023-06-27,0.1899999976158142,0.1899999976158142,0.1899999976158142,0.1899999976158142,5000
2023-06-28,0.1899999976158142,0.1899999976158142,0.1899999976158142,0.1899999976158142,2400
2023-06-29,0.18000000715255737,0.18000000715255737,0.18000000715255737,0.18000000715255737,9000
2023-06-30,0.18000000715255737,0.18000000715255737,0.18000000715255737,0.18000000715255737,0
2023-07-03,0.17000000178813934,0.17000000178813934,0.17000000178813934,0.17000000178813934,6000
2023-07-05,0.18000000715255737,0.18000000715255737,0.18000000715255737,0.18000000715255737,2400
2023-07-06,0.18000000715255737,0.18000000715255737,0.18000000715255737,0.18000000715255737,2300
2023-07-07,0.18000000715255737,0.18000000715255737,0.18000000715255737,0.18000000715255737,0
2023-07-10,0.18000000715255737,0.18000000715255737,0.18000000715255737,0.18000000715255737,0
2023-07-11,0.18000000715255737,0.18000000715255737,0.18000000715255737,0.18000000715255737,0
2023-07-12,0.18000000715255737,0.18000000715255737,0.18000000715255737,0.18000000715255737,0
2023-07-13,0.18000000715255737,0.18000000715255737,0.18000000715255737,0.18000000715255737,9500
2023-07-14,0.18000000715255737,0.18000000715255737,0.18000000715255737,0.18000000715255737,0
2023-07-17,0.18000000715255737,0.18000000715255737,0.18000000715255737,0.18000000715255737,0
2023-07-18,0.18000000715255737,0.18000000715255737,0.18000000715255737,0.18000000715255737,7800
2023-07-19,0.18000000715255737,0.18000000715255737,0.18000000715255737,0.18000000715255737,0
2023-07-20,0.18000000715255737,0.18000000715255737,0.18000000715255737,0.18000000715255737,0
2023-07-21,0.18000000715255737,0.18000000715255737,0.18000000715255737,0.18000000715255737,0
2023-07-24,0.18000000715255737,0.18000000715255737,0.18000000715255737,0.18000000715255737,2000
2023-07-25,0.18000000715255737,0.18000000715255737,0.18000000715255737,0.18000000715255737,0
2023-07-26,0.18000000715255737,0.18000000715255737,0.18000000715255737,0.18000000715255737,7200
2023-07-27,0.18000000715255737,0.18000000715255737,0.18000000715255737,0.18000000715255737,5000
2023-07-28,0.18000000715255737,0.18000000715255737,0.17000000178813934,0.17000000178813934,11000
2023-07-31,0.18000000715255737,0.18000000715255737,0.18000000715255737,0.18000000715255737,10000
2023-08-01,0.18000000715255737,0.18000000715255737,0.18000000715255737,0.18000000715255737,100
2023-08-02,0.18000000715255737,0.18000000715255737,0.18000000715255737,0.18000000715255737,0
2023-08-03,0.18000000715255737,0.18000000715255737,0.18000000715255737,0.18000000715255737,44000
2023-08-04,0.18000000715255737,0.18000000715255737,0.18000000715255737,0.18000000715255737,0
2023-08-07,0.18000000715255737,0.18000000715255737,0.18000000715255737,0.18000000715255737,0
2023-08-08,0.17000000178813934,0.18000000715255737,0.17000000178813934,0.17000000178813934,7900
2023-08-09,0.18000000715255737,0.18000000715255737,0.18000000715255737,0.18000000715255737,1500
2023-08-10,0.18000000715255737,0.18000000715255737,0.17000000178813934,0.17000000178813934,9000
2023-08-11,0.18000000715255737,0.18000000715255737,0.18000000715255737,0.18000000715255737,0
2023-08-14,0.18000000715255737,0.18000000715255737,0.18000000715255737,0.18000000715255737,0
2023-08-15,0.18000000715255737,0.18000000715255737,0.18000000715255737,0.18000000715255737,0
2023-08-16,0.18000000715255737,0.18000000715255737,0.18000000715255737,0.18000000715255737,6500
2023-08-17,0.17000000178813934,0.17000000178813934,0.17000000178813934,0.17000000178813934,6000
2023-08-18,0.17000000178813934,0.17000000178813934,0.17000000178813934,0.17000000178813934,9500
2023-08-21,0.17000000178813934,0.17000000178813934,0.17000000178813934,0.17000000178813934,0
2023-08-22,0.17000000178813934,0.17000000178813934,0.17000000178813934,0.17000000178813934,0
2023-08-23,0.17000000178813934,0.17000000178813934,0.17000000178813934,0.17000000178813934,0
2023-08-24,0.17000000178813934,0.17000000178813934,0.17000000178813934,0.17000000178813934,1200
2023-08-25,0.17000000178813934,0.17000000178813934,0.17000000178813934,0.17000000178813934,0
2023-08-28,0.17000000178813934,0.17000000178813934,0.17000000178813934,0.17000000178813934,1200
2023-08-29,0.18000000715255737,0.18000000715255737,0.17000000178813934,0.17000000178813934,16500
2023-08-30,0.17000000178813934,0.17000000178813934,0.17000000178813934,0.17000000178813934,800
2023-08-31,0.17000000178813934,0.17000000178813934,0.17000000178813934,0.17000000178813934,0
2023-09-01,0.17000000178813934,0.17000000178813934,0.17000000178813934,0.17000000178813934,0
2023-09-05,0.17000000178813934,0.17000000178813934,0.17000000178813934,0.17000000178813934,0
2023-09-06,0.17000000178813934,0.17000000178813934,0.17000000178813934,0.17000000178813934,18600
2023-09-07,0.1599999964237213,0.1599999964237213,0.1599999964237213,0.1599999964237213,3000
2023-09-08,0.1599999964237213,0.1599999964237213,0.1599999964237213,0.1599999964237213,0
2023-09-11,0.1599999964237213,0.17000000178813934,0.1599999964237213,0.17000000178813934,79100
2023-09-12,0.17000000178813934,0.17000000178813934,0.17000000178813934,0.17000000178813934,20000
2023-09-13,0.18000000715255737,0.18000000715255737,0.1599999964237213,0.1599999964237213,29600
2023-09-14,0.17000000178813934,0.17000000178813934,0.1599999964237213,0.17000000178813934,71400
2023-09-15,0.17000000178813934,0.17000000178813934,0.1599999964237213,0.1599999964237213,8000
2023-09-18,0.17000000178813934,0.17000000178813934,0.1599999964237213,0.1599999964237213,13600
2023-09-19,0.17000000178813934,0.17000000178813934,0.17000000178813934,0.17000000178813934,11500
2023-09-20,0.17000000178813934,0.17000000178813934,0.17000000178813934,0.17000000178813934,4000
2023-09-21,0.17000000178813934,0.17000000178813934,0.17000000178813934,0.17000000178813934,115800
2023-09-22,0.17000000178813934,0.17000000178813934,0.17000000178813934,0.17000000178813934,700
2023-09-25,0.17000000178813934,0.17000000178813934,0.17000000178813934,0.17000000178813934,0
2023-09-26,0.17000000178813934,0.17000000178813934,0.17000000178813934,0.17000000178813934,13500
2023-09-27,0.15000000596046448,0.15000000596046448,0.15000000596046448,0.15000000596046448,50000
2023-09-28,0.15000000596046448,0.15000000596046448,0.15000000596046448,0.15000000596046448,0
2023-09-29,0.15000000596046448,0.15000000596046448,0.15000000596046448,0.15000000596046448,0
2023-10-02,0.15000000596046448,0.15000000596046448,0.15000000596046448,0.15000000596046448,0
2023-10-03,0.15000000596046448,0.15000000596046448,0.15000000596046448,0.15000000596046448,0
2023-10-04,0.15000000596046448,0.15000000596046448,0.15000000596046448,0.15000000596046448,14500
2023-10-05,0.15000000596046448,0.15000000596046448,0.15000000596046448,0.15000000596046448,0
2023-10-06,0.12999999523162842,0.12999999523162842,0.12999999523162842,0.12999999523162842,4000
2023-10-09,0.14000000059604645,0.17000000178813934,0.14000000059604645,0.17000000178813934,21700
2023-10-10,0.14000000059604645,0.14000000059604645,0.14000000059604645,0.14000000059604645,0
2023-10-11,0.14000000059604645,0.14000000059604645,0.14000000059604645,0.14000000059604645,15000
2023-10-12,0.14000000059604645,0.14000000059604645,0.14000000059604645,0.14000000059604645,0
2023-10-13,0.1599999964237213,0.1599999964237213,0.1599999964237213,0.1599999964237213,6000
2023-10-16,0.15000000596046448,0.15000000596046448,0.15000000596046448,0.15000000596046448,9700
2023-10-17,0.15000000596046448,0.15000000596046448,0.15000000596046448,0.15000000596046448,0
2023-10-18,0.17000000178813934,0.17000000178813934,0.15000000596046448,0.15000000596046448,53200
2023-10-19,0.17000000178813934,0.17000000178813934,0.17000000178813934,0.17000000178813934,2500
2023-10-20,0.17000000178813934,0.17000000178813934,0.17000000178813934,0.17000000178813934,0
2023-10-23,0.17000000178813934,0.17000000178813934,0.17000000178813934,0.17000000178813934,0
2023-10-24,0.1599999964237213,0.1599999964237213,0.1599999964237213,0.1599999964237213,2000
2023-10-25,0.1599999964237213,0.1599999964237213,0.1599999964237213,0.1599999964237213,5500
2023-10-26,0.15000000596046448,0.15000000596046448,0.15000000596046448,0.15000000596046448,19600
2023-10-27,0.15000000596046448,0.15000000596046448,0.15000000596046448,0.15000000596046448,1000
2023-10-30,0.15000000596046448,0.15000000596046448,0.15000000596046448,0.15000000596046448,0
2023-10-31,0.14000000059604645,0.14000000059604645,0.14000000059604645,0.14000000059604645,1000
2023-11-01,0.14000000059604645,0.14000000059604645,0.14000000059604645,0.14000000059604645,0
2023-11-02,0.14000000059604645,0.14000000059604645,0.14000000059604645,0.14000000059604645,0
2023-11-03,0.14000000059604645,0.14000000059604645,0.14000000059604645,0.14000000059604645,0
2023-11-06,0.14000000059604645,0.14000000059604645,0.14000000059604645,0.14000000059604645,0
2023-11-07,0.1599999964237213,0.1599999964237213,0.15000000596046448,0.15000000596046448,8100
2023-11-08,0.1599999964237213,0.1599999964237213,0.1599999964237213,0.1599999964237213,0
2023-11-09,0.1599999964237213,0.1599999964237213,0.1599999964237213,0.1599999964237213,0
2023-11-10,0.1599999964237213,0.1599999964237213,0.1599999964237213,0.1599999964237213,0
2023-11-13,0.15000000596046448,0.15000000596046448,0.15000000596046448,0.15000000596046448,4000
2023-11-14,0.15000000596046448,0.15000000596046448,0.15000000596046448,0.15000000596046448,11300
2023-11-15,0.15000000596046448,0.15000000596046448,0.15000000596046448,0.15000000596046448,0
2023-11-16,0.1599999964237213,0.1599999964237213,0.1599999964237213,0.1599999964237213,10500
2023-11-17,0.1599999964237213,0.1599999964237213,0.1599999964237213,0.1599999964237213,31900
2023-11-20,0.14000000059604645,0.1599999964237213,0.12999999523162842,0.15000000596046448,150100
2023-11-21,0.14000000059604645,0.15000000596046448,0.12999999523162842,0.15000000596046448,314600
2023-11-22,0.12999999523162842,0.14000000059604645,0.11999999731779099,0.14000000059604645,131000
2023-11-24,0.15000000596046448,0.15000000596046448,0.15000000596046448,0.15000000596046448,17000
2023-11-27,0.11999999731779099,0.11999999731779099,0.11999999731779099,0.11999999731779099,200
2023-11-28,0.15000000596046448,0.15000000596046448,0.14000000059604645,0.14000000059604645,27100
2023-11-29,0.15000000596046448,0.15000000596046448,0.12999999523162842,0.12999999523162842,82700
2023-11-30,0.15000000596046448,0.15000000596046448,0.15000000596046448,0.15000000596046448,25600
2023-12-01,0.1599999964237213,0.1599999964237213,0.15000000596046448,0.15000000596046448,33200
2023-12-04,0.1599999964237213,0.1599999964237213,0.1599999964237213,0.1599999964237213,140000
2023-12-05,0.1599999964237213,0.1599999964237213,0.1599999964237213,0.1599999964237213,70000
2023-12-06,0.1599999964237213,0.1599999964237213,0.1599999964237213,0.1599999964237213,9000
2023-12-07,0.1599999964237213,0.1599999964237213,0.15000000596046448,0.15000000596046448,55900
2023-12-08,0.1599999964237213,0.1599999964237213,0.1599999964237213,0.1599999964237213,107700
2023-12-11,0.15000000596046448,0.1599999964237213,0.15000000596046448,0.1599999964237213,105000
2023-12-12,0.15000000596046448,0.1599999964237213,0.15000000596046448,0.1599999964237213,139700
2023-12-13,0.15000000596046448,0.15000000596046448,0.15000000596046448,0.15000000596046448,12000
2023-12-14,0.15000000596046448,0.15000000596046448,0.15000000596046448,0.15000000596046448,400
2023-12-15,0.1599999964237213,0.1599999964237213,0.1599999964237213,0.1599999964237213,32400
2023-12-18,0.1599999964237213,0.1599999964237213,0.1599999964237213,0.1599999964237213,15100
2023-12-19,0.15000000596046448,0.15000000596046448,0.15000000596046448,0.15000000596046448,2000
2023-12-20,0.1599999964237213,0.17000000178813934,0.15000000596046448,0.1599999964237213,37600
2023-12-21,0.15000000596046448,0.15000000596046448,0.15000000596046448,0.15000000596046448,1000
2023-12-22,0.1599999964237213,0.1599999964237213,0.1599999964237213,0.1599999964237213,3000
2023-12-26,0.1599999964237213,0.1599999964237213,0.1599999964237213,0.1599999964237213,0
2023-12-27,0.17000000178813934,0.17000000178813934,0.17000000178813934,0.17000000178813934,20500
2023-12-28,0.1599999964237213,0.1599999964237213,0.1599999964237213,0.1599999964237213,600
2023-12-29,0.1599999964237213,0.1599999964237213,0.1599999964237213,0.1599999964237213,1800
2024-01-02,0.1599999964237213,0.1599999964237213,0.1599999964237213,0.1599999964237213,0
2024-01-03,0.15000000596046448,0.1599999964237213,0.15000000596046448,0.1599999964237213,39000
2024-01-04,0.15000000596046448,0.15000000596046448,0.15000000596046448,0.15000000596046448,68600
2024-01-05,0.15000000596046448,0.15000000596046448,0.15000000596046448,0.15000000596046448,0
2024-01-08,0.1599999964237213,0.1599999964237213,0.1599999964237213,0.1599999964237213,200
2024-01-09,0.1599999964237213,0.1599999964237213,0.1599999964237213,0.1599999964237213,0
2024-01-10,0.1599999964237213,0.1599999964237213,0.1599999964237213,0.1599999964237213,0
2024-01-11,0.1599999964237213,0.1599999964237213,0.1599999964237213,0.1599999964237213,0
2024-01-12,0.1599999964237213,0.1599999964237213,0.1599999964237213,0.1599999964237213,0
2024-01-16,0.1599999964237213,0.1599999964237213,0.1599999964237213,0.1599999964237213,2400
2024-01-17,0.1599999964237213,0.1599999964237213,0.1599999964237213,0.1599999964237213,5000
2024-01-18,0.15000000596046448,0.15000000596046448,0.15000000596046448,0.15000000596046448,7700
2024-01-19,0.15000000596046448,0.15000000596046448,0.15000000596046448,0.15000000596046448,0
2024-01-22,0.15000000596046448,0.15000000596046448,0.15000000596046448,0.15000000596046448,0
2024-01-23,0.15000000596046448,0.15000000596046448,0.15000000596046448,0.15000000596046448,0
2024-01-24,0.1599999964237213,0.1599999964237213,0.1599999964237213,0.1599999964237213,500
2024-01-25,0.1599999964237213,0.1599999964237213,0.1599999964237213,0.1599999964237213,0
2024-01-26,0.1599999964237213,0.1599999964237213,0.1599999964237213,0.1599999964237213,3000
2024-01-29,0.1599999964237213,0.1599999964237213,0.1599999964237213,0.1599999964237213,500
2024-01-30,0.14000000059604645,0.14000000059604645,0.14000000059604645,0.14000000059604645,20000
2024-01-31,0.14000000059604645,0.14000000059604645,0.14000000059604645,0.14000000059604645,0
2024-02-01,0.14000000059604645,0.14000000059604645,0.14000000059604645,0.14000000059604645,0
2024-02-02,0.14000000059604645,0.14000000059604645,0.14000000059604645,0.14000000059604645,0
2024-02-05,0.14000000059604645,0.14000000059604645,0.14000000059604645,0.14000000059604645,0
2024-02-06,0.14000000059604645,0.14000000059604645,0.14000000059604645,0.14000000059604645,1600
2024-02-07,0.14000000059604645,0.14000000059604645,0.14000000059604645,0.14000000059604645,0
2024-02-08,0.14000000059604645,0.14000000059604645,0.14000000059604645,0.14000000059604645,76500
2024-02-09,0.15000000596046448,0.15000000596046448,0.14000000059604645,0.14000000059604645,500
2024-02-12,0.15000000596046448,0.15000000596046448,0.15000000596046448,0.15000000596046448,0
2024-02-13,0.14000000059604645,0.14000000059604645,0.14000000059604645,0.14000000059604645,1400
2024-02-14,0.14000000059604645,0.14000000059604645,0.14000000059604645,0.14000000059604645,0
2024-02-15,0.14000000059604645,0.14000000059604645,0.14000000059604645,0.14000000059604645,0
2024-02-16,0.14000000059604645,0.14000000059604645,0.14000000059604645,0.14000000059604645,0
2024-02-20,0.14000000059604645,0.14000000059604645,0.14000000059604645,0.14000000059604645,20700
2024-02-21,0.14000000059604645,0.14000000059604645,0.14000000059604645,0.14000000059604645,0
2024-02-22,0.14000000059604645,0.14000000059604645,0.14000000059604645,0.14000000059604645,0
2024-02-23,0.14000000059604645,0.14000000059604645,0.14000000059604645,0.14000000059604645,0
2024-02-26,0.12999999523162842,0.12999999523162842,0.12999999523162842,0.12999999523162842,400
2024-02-27,0.14000000059604645,0.14000000059604645,0.14000000059604645,0.14000000059604645,1000
2024-02-28,0.14000000059604645,0.14000000059604645,0.14000000059604645,0.14000000059604645,0
2024-02-29,0.12999999523162842,0.12999999523162842,0.12999999523162842,0.12999999523162842,35800
2024-03-01,0.14000000059604645,0.14000000059604645,0.12999999523162842,0.12999999523162842,3200
2024-03-04,0.1599999964237213,0.1599999964237213,0.14000000059604645,0.15000000596046448,20500
2024-03-05,0.1599999964237213,0.1599999964237213,0.1599999964237213,0.1599999964237213,0
2024-03-06,0.1599999964237213,0.1599999964237213,0.1599999964237213,0.1599999964237213,1000
2024-03-07,0.15000000596046448,0.15000000596046448,0.12999999523162842,0.12999999523162842,39900
2024-03-08,0.1599999964237213,0.1599999964237213,0.15000000596046448,0.15000000596046448,1100
2024-03-11,0.14000000059604645,0.15000000596046448,0.14000000059604645,0.15000000596046448,1000
2024-03-12,0.14000000059604645,0.14000000059604645,0.14000000059604645,0.14000000059604645,0
2024-03-13,0.14000000059604645,0.14000000059604645,0.14000000059604645,0.14000000059604645,2500
2024-03-14,0.15000000596046448,0.15000000596046448,0.15000000596046448,0.15000000596046448,20000
2024-03-15,0.15000000596046448,0.15000000596046448,0.15000000596046448,0.15000000596046448,0
2024-03-18,0.1599999964237213,0.1599999964237213,0.15000000596046448,0.15000000596046448,4600
2024-03-19,0.14000000059604645,0.14000000059604645,0.14000000059604645,0.14000000059604645,1000
2024-03-20,0.14000000059604645,0.14000000059604645,0.14000000059604645,0.14000000059604645,0
2024-03-21,0.1599999964237213,0.1599999964237213,0.1599999964237213,0.1599999964237213,12600
2024-03-22,0.1599999964237213,0.1599999964237213,0.1599999964237213,0.1599999964237213,0
2024-03-25,0.1599999964237213,0.1599999964237213,0.1599999964237213,0.1599999964237213,7000
2024-03-26,0.1599999964237213,0.1599999964237213,0.1599999964237213,0.1599999964237213,0
2024-03-27,0.17000000178813934,0.17000000178813934,0.17000000178813934,0.17000000178813934,1500
2024-03-28,0.18000000715255737,0.18000000715255737,0.18000000715255737,0.18000000715255737,500
2024-04-01,0.17000000178813934,0.17000000178813934,0.17000000178813934,0.17000000178813934,25500
2024-04-02,0.17000000178813934,0.17000000178813934,0.17000000178813934,0.17000000178813934,0
2024-04-03,0.17000000178813934,0.17000000178813934,0.17000000178813934,0.17000000178813934,200
2024-04-04,0.17000000178813934,0.17000000178813934,0.17000000178813934,0.17000000178813934,0
2024-04-05,0.18000000715255737,0.18000000715255737,0.18000000715255737,0.18000000715255737,4300
2024-04-08,0.18000000715255737,0.18000000715255737,0.18000000715255737,0.18000000715255737,3200
2024-04-09,0.17000000178813934,0.17000000178813934,0.17000000178813934,0.17000000178813934,67100
2024-04-10,0.17000000178813934,0.17000000178813934,0.17000000178813934,0.17000000178813934,0
2024-04-11,0.18000000715255737,0.18000000715255737,0.18000000715255737,0.18000000715255737,10100
2024-04-12,0.18000000715255737,0.18000000715255737,0.18000000715255737,0.18000000715255737,0
2024-04-15,0.18000000715255737,0.18000000715255737,0.18000000715255737,0.18000000715255737,8500
2024-04-16,0.18000000715255737,0.18000000715255737,0.18000000715255737,0.18000000715255737,15500
2024-04-17,0.18000000715255737,0.18000000715255737,0.17000000178813934,0.17000000178813934,3300
2024-04-18,0.18000000715255737,0.18000000715255737,0.18000000715255737,0.18000000715255737,10000
2024-04-19,0.1899999976158142,0.1899999976158142,0.18000000715255737,0.18000000715255737,1100
2024-04-22,0.1899999976158142,0.1899999976158142,0.1899999976158142,0.1899999976158142,0
2024-04-23,0.1899999976158142,0.1899999976158142,0.1899999976158142,0.1899999976158142,0
2024-04-24,0.18000000715255737,0.18000000715255737,0.18000000715255737,0.18000000715255737,21500
2024-04-25,0.18000000715255737,0.18000000715255737,0.18000000715255737,0.18000000715255737,0
2024-04-26,0.18000000715255737,0.18000000715255737,0.1599999964237213,0.1599999964237213,7200
2024-04-29,0.18000000715255737,0.18000000715255737,0.17000000178813934,0.17000000178813934,87000
2024-04-30,0.18000000715255737,0.18000000715255737,0.18000000715255737,0.18000000715255737,0
2024-05-01,0.18000000715255737,0.18000000715255737,0.18000000715255737,0.18000000715255737,15000
2024-05-02,0.18000000715255737,0.18000000715255737,0.18000000715255737,0.18000000715255737,0
2024-05-03,0.17000000178813934,0.17000000178813934,0.17000000178813934,0.17000000178813934,59000
2024-05-06,0.17000000178813934,0.17000000178813934,0.17000000178813934,0.17000000178813934,8000
2024-05-07,0.17000000178813934,0.17000000178813934,0.17000000178813934,0.17000000178813934,43800
2024-05-08,0.17000000178813934,0.17000000178813934,0.17000000178813934,0.17000000178813934,10000
2024-05-09,0.17000000178813934,0.17000000178813934,0.17000000178813934,0.17000000178813934,10500
2024-05-10,0.17000000178813934,0.17000000178813934,0.17000000178813934,0.17000000178813934,44000
2024-05-13,0.15000000596046448,0.15000000596046448,0.15000000596046448,0.15000000596046448,9800
2024-05-14,0.17000000178813934,0.17000000178813934,0.17000000178813934,0.17000000178813934,1000
2024-05-15,0.18000000715255737,0.18000000715255737,0.17000000178813934,0.17000000178813934,47000
2024-05-16,0.18000000715255737,0.18000000715255737,0.18000000715255737,0.18000000715255737,36000
2024-05-17,0.18000000715255737,0.18000000715255737,0.18000000715255737,0.18000000715255737,0
2024-05-20,0.18000000715255737,0.18000000715255737,0.17000000178813934,0.17000000178813934,10000
2024-05-21,0.18000000715255737,0.18000000715255737,0.18000000715255737,0.18000000715255737,11400
2024-05-22,0.18000000715255737,0.18000000715255737,0.18000000715255737,0.18000000715255737,11000
2024-05-23,0.18000000715255737,0.18000000715255737,0.18000000715255737,0.18000000715255737,0
2024-05-24,0.17000000178813934,0.17000000178813934,0.17000000178813934,0.17000000178813934,2000
2024-05-28,0.17000000178813934,0.17000000178813934,0.17000000178813934,0.17000000178813934,0
2024-05-29,0.17000000178813934,0.17000000178813934,0.17000000178813934,0.17000000178813934,2000
2024-05-30,0.17000000178813934,0.17000000178813934,0.17000000178813934,0.17000000178813934,0
2024-05-31,0.17000000178813934,0.17000000178813934,0.17000000178813934,0.17000000178813934,0
2024-06-03,0.17000000178813934,0.17000000178813934,0.17000000178813934,0.17000000178813934,0
2024-06-04,0.18000000715255737,0.18000000715255737,0.18000000715255737,0.18000000715255737,500
2024-06-05,0.17000000178813934,0.18000000715255737,0.17000000178813934,0.18000000715255737,17100
2024-06-06,0.18000000715255737,0.18000000715255737,0.17000000178813934,0.17000000178813934,9500
2024-06-07,0.18000000715255737,0.18000000715255737,0.18000000715255737,0.18000000715255737,0
2024-06-10,0.18000000715255737,0.18000000715255737,0.18000000715255737,0.18000000715255737,0
2024-06-11,0.18000000715255737,0.18000000715255737,0.18000000715255737,0.18000000715255737,0
2024-06-12,0.18000000715255737,0.18000000715255737,0.18000000715255737,0.18000000715255737,1000
2024-06-13,0.17000000178813934,0.17000000178813934,0.17000000178813934,0.17000000178813934,500
2024-06-14,0.17000000178813934,0.17000000178813934,0.17000000178813934,0.17000000178813934,0
2024-06-17,0.17000000178813934,0.17000000178813934,0.17000000178813934,0.17000000178813934,2000
2024-06-18,0.17000000178813934,0.17000000178813934,0.17000000178813934,0.17000000178813934,0
2024-06-20,0.18000000715255737,0.18000000715255737,0.18000000715255737,0.18000000715255737,1000
2024-06-21,0.18000000715255737,0.18000000715255737,0.18000000715255737,0.18000000715255737,1000
2024-06-24,0.17000000178813934,0.18000000715255737,0.17000000178813934,0.18000000715255737,30500
2024-06-25,0.1599999964237213,0.18000000715255737,0.1599999964237213,0.18000000715255737,30900
2024-06-26,0.1599999964237213,0.1599999964237213,0.1599999964237213,0.1599999964237213,0
2024-06-27,0.17000000178813934,0.17000000178813934,0.17000000178813934,0.17000000178813934,1200
2024-06-28,0.17000000178813934,0.17000000178813934,0.17000000178813934,0.17000000178813934,0
2024-07-01,0.17000000178813934,0.17000000178813934,0.17000000178813934,0.17000000178813934,1000
2024-07-02,0.1899999976158142,0.1899999976158142,0.1899999976158142,0.1899999976158142,500
2024-07-03,0.18000000715255737,0.1899999976158142,0.18000000715255737,0.1899999976158142,19700
2024-07-05,0.18000000715255737,0.18000000715255737,0.18000000715255737,0.18000000715255737,2300
2024-07-08,0.18000000715255737,0.18000000715255737,0.18000000715255737,0.18000000715255737,63000
2024-07-09,0.18000000715255737,0.18000000715255737,0.18000000715255737,0.18000000715255737,0
2024-07-10,0.18000000715255737,0.18000000715255737,0.18000000715255737,0.18000000715255737,0
2024-07-11,0.1899999976158142,0.1899999976158142,0.1899999976158142,0.1899999976158142,100
2024-07-12,0.1899999976158142,0.1899999976158142,0.1899999976158142,0.1899999976158142,11100
2024-07-15,0.1899999976158142,0.1899999976158142,0.1899999976158142,0.1899999976158142,0
2024-07-16,0.1899999976158142,0.1899999976158142,0.1899999976158142,0.1899999976158142,25000
2024-07-17,0.1899999976158142,0.1899999976158142,0.1899999976158142,0.1899999976158142,0
2024-07-18,0.1899999976158142,0.1899999976158142,0.1899999976158142,0.1899999976158142,0
2024-07-19,0.18000000715255737,0.18000000715255737,0.18000000715255737,0.18000000715255737,1000
2024-07-22,0.20000000298023224,0.20000000298023224,0.20000000298023224,0.20000000298023224,50100
2024-07-23,0.1899999976158142,0.20999999344348907,0.1899999976158142,0.20999999344348907,3000
2024-07-24,0.1899999976158142,0.1899999976158142,0.1899999976158142,0.1899999976158142,1500
2024-07-25,0.1899999976158142,0.1899999976158142,0.1899999976158142,0.1899999976158142,0
2024-07-26,0.1899999976158142,0.1899999976158142,0.1899999976158142,0.1899999976158142,0
2024-07-29,0.1899999976158142,0.1899999976158142,0.1899999976158142,0.1899999976158142,0
2024-07-30,0.20000000298023224,0.20000000298023224,0.20000000298023224,0.20000000298023224,59200
2024-07-31,0.20000000298023224,0.20000000298023224,0.18000000715255737,0.18000000715255737,41000
2024-08-01,0.20000000298023224,0.20000000298023224,0.20000000298023224,0.20000000298023224,76000
2024-08-02,0.20000000298023224,0.20000000298023224,0.20000000298023224,0.20000000298023224,2100
2024-08-05,0.18000000715255737,0.18000000715255737,0.18000000715255737,0.18000000715255737,1500
2024-08-06,0.18000000715255737,0.18000000715255737,0.18000000715255737,0.18000000715255737,20000
2024-08-07,0.20999999344348907,0.20999999344348907,0.20999999344348907,0.20999999344348907,9400
2024-08-08,0.2199999988079071,0.2199999988079071,0.2199999988079071,0.2199999988079071,500
2024-08-09,0.2199999988079071,0.2199999988079071,0.2199999988079071,0.2199999988079071,0
2024-08-12,0.20999999344348907,0.20999999344348907,0.20999999344348907,0.20999999344348907,20600
2024-08-13,0.20999999344348907,0.20999999344348907,0.20999999344348907,0.20999999344348907,0
2024-08-14,0.20999999344348907,0.2199999988079071,0.20999999344348907,0.2199999988079071,98800
2024-08-15,0.20999999344348907,0.20999999344348907,0.20999999344348907,0.20999999344348907,1000
2024-08-16,0.20000000298023224,0.20999999344348907,0.20000000298023224,0.20000000298023224,48400
2024-08-19,0.20999999344348907,0.2199999988079071,0.20999999344348907,0.20999999344348907,114300
2024-08-20,0.20999999344348907,0.20999999344348907,0.20999999344348907,0.20999999344348907,10100
2024-08-21,0.20999999344348907,0.20999999344348907,0.20999999344348907,0.20999999344348907,0
2024-08-22,0.2199999988079071,0.23000000417232513,0.2199999988079071,0.23000000417232513,600
2024-08-23,0.2199999988079071,0.2199999988079071,0.2199999988079071,0.2199999988079071,500
2024-08-26,0.20999999344348907,0.20999999344348907,0.20999999344348907,0.20999999344348907,3000
2024-08-27,0.2199999988079071,0.2199999988079071,0.2199999988079071,0.2199999988079071,11400
2024-08-28,0.2199999988079071,0.2199999988079071,0.2199999988079071,0.2199999988079071,10200
2024-08-29,0.23000000417232513,0.23000000417232513,0.23000000417232513,0.23000000417232513,29400
2024-08-30,0.23999999463558197,0.23999999463558197,0.2199999988079071,0.2199999988079071,7000
2024-09-03,0.23000000417232513,0.23000000417232513,0.23000000417232513,0.23000000417232513,14000
2024-09-04,0.23000000417232513,0.23000000417232513,0.23000000417232513,0.23000000417232513,0
2024-09-05,0.23000000417232513,0.23000000417232513,0.23000000417232513,0.23000000417232513,300
2024-09-06,0.23000000417232513,0.23000000417232513,0.23000000417232513,0.23000000417232513,0
2024-09-09,0.23999999463558197,0.23999999463558197,0.23999999463558197,0.23999999463558197,1200
2024-09-10,0.2199999988079071,0.2199999988079071,0.2199999988079071,0.2199999988079071,1400
2024-09-11,0.23999999463558197,0.25,0.23999999463558197,0.25,34000
2024-09-12,0.23999999463558197,0.23999999463558197,0.23999999463558197,0.23999999463558197,0
2024-09-13,0.25,0.25,0.25,0.25,1300
2024-09-16,0.25,0.25,0.25,0.25,0
2024-09-17,0.23000000417232513,0.23999999463558197,0.23000000417232513,0.23999999463558197,35000
2024-09-18,0.25,0.25,0.25,0.25,7500
2024-09-19,0.25,0.25,0.25,0.25,0
2024-09-20,0.25999999046325684,0.25999999046325684,0.25,0.25,7000
2024-09-23,0.25999999046325684,0.25999999046325684,0.25999999046325684,0.25999999046325684,0
2024-09-24,0.25,0.25,0.25,0.25,400
2024-09-25,0.25,0.25,0.25,0.25,7500
2024-09-26,0.25,0.27000001072883606,0.25,0.25999999046325684,69300
2024-09-27,0.25,0.25,0.25,0.25,0
2024-09-30,0.23999999463558197,0.23999999463558197,0.23999999463558197,0.23999999463558197,400
2024-10-01,0.23000000417232513,0.23000000417232513,0.23000000417232513,0.23000000417232513,100
2024-10-02,0.25,0.25,0.25,0.25,50000
2024-10-03,0.25,0.25,0.25,0.25,31900
2024-10-04,0.23000000417232513,0.23000000417232513,0.23000000417232513,0.23000000417232513,11300
2024-10-07,0.23000000417232513,0.23000000417232513,0.23000000417232513,0.23000000417232513,2500
2024-10-08,0.23000000417232513,0.23000000417232513,0.23000000417232513,0.23000000417232513,0
2024-10-09,0.23000000417232513,0.23000000417232513,0.23000000417232513,0.23000000417232513,0
2024-10-10,0.23000000417232513,0.23000000417232513,0.23000000417232513,0.23000000417232513,0
2024-10-11,0.23000000417232513,0.23000000417232513,0.23000000417232513,0.23000000417232513,0
2024-10-14,0.2199999988079071,0.2199999988079071,0.2199999988079071,0.2199999988079071,13800
2024-10-15,0.2199999988079071,0.2199999988079071,0.2199999988079071,0.2199999988079071,2200
2024-10-16,0.20999999344348907,0.20999999344348907,0.20999999344348907,0.20999999344348907,600
2024-10-17,0.20999999344348907,0.2199999988079071,0.20999999344348907,0.2199999988079071,3100
2024-10-18,0.20999999344348907,0.20999999344348907,0.20999999344348907,0.20999999344348907,7300
2024-10-21,0.20999999344348907,0.20999999344348907,0.20999999344348907,0.20999999344348907,5000
2024-10-22,0.20000000298023224,0.20000000298023224,0.20000000298023224,0.20000000298023224,10000
2024-10-23,0.20000000298023224,0.20000000298023224,0.20000000298023224,0.20000000298023224,1200
2024-10-24,0.20000000298023224,0.20000000298023224,0.20000000298023224,0.20000000298023224,0
2024-10-25,0.20999999344348907,0.20999999344348907,0.20999999344348907,0.20999999344348907,1500
2024-10-28,0.20000000298023224,0.20000000298023224,0.20000000298023224,0.20000000298023224,300
2024-10-29,0.20000000298023224,0.20999999344348907,0.20000000298023224,0.20999999344348907,15500
2024-10-30,0.1899999976158142,0.1899999976158142,0.1899999976158142,0.1899999976158142,29600
2024-10-31,0.18000000715255737,0.20000000298023224,0.18000000715255737,0.20000000298023224,73500
2024-11-01,0.20999999344348907,0.20999999344348907,0.20999999344348907,0.20999999344348907,3000
2024-11-04,0.20999999344348907,0.20999999344348907,0.20999999344348907,0.20999999344348907,0
2024-11-05,0.2199999988079071,0.2199999988079071,0.20000000298023224,0.20999999344348907,15200
2024-11-06,0.2199999988079071,0.2199999988079071,0.2199999988079071,0.2199999988079071,20000
2024-11-07,0.20999999344348907,0.20999999344348907,0.20999999344348907,0.20999999344348907,500
2024-11-08,0.20999999344348907,0.20999999344348907,0.20999999344348907,0.20999999344348907,1200
2024-11-11,0.20999999344348907,0.20999999344348907,0.20999999344348907,0.20999999344348907,2900
2024-11-12,0.20999999344348907,0.20999999344348907,0.20999999344348907,0.20999999344348907,0
2024-11-13,0.20000000298023224,0.20000000298023224,0.20000000298023224,0.20000000298023224,8000
2024-11-14,0.20999999344348907,0.20999999344348907,0.20999999344348907,0.20999999344348907,74000
2024-11-15,0.2199999988079071,0.2199999988079071,0.2199999988079071,0.2199999988079071,1500
2024-11-18,0.20999999344348907,0.20999999344348907,0.20999999344348907,0.20999999344348907,600
2024-11-19,0.20999999344348907,0.20999999344348907,0.20999999344348907,0.20999999344348907,0
2024-11-20,0.20999999344348907,0.20999999344348907,0.20999999344348907,0.20999999344348907,500
2024-11-21,0.20999999344348907,0.20999999344348907,0.20999999344348907,0.20999999344348907,0
2024-11-22,0.20999999344348907,0.20999999344348907,0.20000000298023224,0.20999999344348907,36300
2024-11-25,0.20999999344348907,0.20999999344348907,0.20000000298023224,0.20000000298023224,3900
2024-11-26,0.20999999344348907,0.20999999344348907,0.20000000298023224,0.20000000298023224,40000
2024-11-27,0.20999999344348907,0.20999999344348907,0.20999999344348907,0.20999999344348907,0
2024-11-29,0.20000000298023224,0.20000000298023224,0.20000000298023224,0.20000000298023224,800
2024-12-02,0.20999999344348907,0.20999999344348907,0.20000000298023224,0.20000000298023224,1200
2024-12-03,0.20999999344348907,0.20999999344348907,0.20999999344348907,0.20999999344348907,0
2024-12-04,0.20000000298023224,0.20000000298023224,0.1899999976158142,0.1899999976158142,1100
2024-12-05,0.1899999976158142,0.20000000298023224,0.1899999976158142,0.20000000298023224,3200
2024-12-06,0.20000000298023224,0.20000000298023224,0.20000000298023224,0.20000000298023224,7000
2024-12-09,0.20000000298023224,0.20000000298023224,0.20000000298023224,0.20000000298023224,300
2024-12-10,0.20000000298023224,0.20999999344348907,0.20000000298023224,0.20000000298023224,1300
2024-12-11,0.20000000298023224,0.20000000298023224,0.20000000298023224,0.20000000298023224,20200
2024-12-12,0.20000000298023224,0.20000000298023224,0.20000000298023224,0.20000000298023224,2000
2024-12-13,0.20000000298023224,0.20000000298023224,0.20000000298023224,0.20000000298023224,0
2024-12-16,0.20000000298023224,0.20000000298023224,0.20000000298023224,0.20000000298023224,0
2024-12-17,0.20000000298023224,0.20000000298023224,0.20000000298023224,0.20000000298023224,77900
2024-12-18,0.20000000298023224,0.20000000298023224,0.20000000298023224,0.20000000298023224,4000
2024-12-19,0.20000000298023224,0.20000000298023224,0.20000000298023224,0.20000000298023224,2000
2024-12-20,0.20000000298023224,0.20000000298023224,0.20000000298023224,0.20000000298023224,0
2024-12-23,0.1899999976158142,0.20000000298023224,0.1899999976158142,0.20000000298023224,53900
2024-12-24,0.1899999976158142,0.1899999976158142,0.1899999976158142,0.1899999976158142,0
2024-12-26,0.1899999976158142,0.1899999976158142,0.18000000715255737,0.1899999976158142,18300
2024-12-27,0.1899999976158142,0.1899999976158142,0.1899999976158142,0.1899999976158142,0
2024-12-30,0.20000000298023224,0.20000000298023224,0.1899999976158142,0.1899999976158142,124800
2024-12-31,0.18000000715255737,0.18000000715255737,0.17000000178813934,0.17000000178813934,2200
2025-01-02,0.2199999988079071,0.2199999988079071,0.2199999988079071,0.2199999988079071,3000
2025-01-03,0.2199999988079071,0.2199999988079071,0.2199999988079071,0.2199999988079071,0
2025-01-06,0.20000000298023224,0.20999999344348907,0.20000000298023224,0.20999999344348907,1500
2025-01-07,0.20000000298023224,0.20000000298023224,0.20000000298023224,0.20000000298023224,1000
2025-01-08,0.20000000298023224,0.20000000298023224,0.20000000298023224,0.20000000298023224,0
2025-01-10,0.20000000298023224,0.20000000298023224,0.20000000298023224,0.20000000298023224,0
2025-01-13,0.20000000298023224,0.20000000298023224,0.20000000298023224,0.20000000298023224,0
2025-01-14,0.20000000298023224,0.20000000298023224,0.20000000298023224,0.20000000298023224,11000
2025-01-15,0.20000000298023224,0.20000000298023224,0.20000000298023224,0.20000000298023224,0
2025-01-16,0.20000000298023224,0.20000000298023224,0.20000000298023224,0.20000000298023224,0
2025-01-17,0.20999999344348907,0.2199999988079071,0.20999999344348907,0.2199999988079071,5500
2025-01-21,0.20000000298023224,0.20999999344348907,0.20000000298023224,0.20999999344348907,1300
2025-01-22,0.20000000298023224,0.20000000298023224,0.20000000298023224,0.20000000298023224,0
2025-01-23,0.20000000298023224,0.20999999344348907,0.20000000298023224,0.20999999344348907,40000
2025-01-24,0.20000000298023224,0.20000000298023224,0.20000000298023224,0.20000000298023224,0
2025-01-27,0.20999999344348907,0.2199999988079071,0.20999999344348907,0.2199999988079071,18800
2025-01-28,0.20999999344348907,0.20999999344348907,0.20999999344348907,0.20999999344348907,22000
2025-01-29,0.20999999344348907,0.20999999344348907,0.20999999344348907,0.20999999344348907,0
2025-01-30,0.20999999344348907,0.20999999344348907,0.20999999344348907,0.20999999344348907,0
2025-01-31,0.20999999344348907,0.20999999344348907,0.20999999344348907,0.20999999344348907,0
2025-02-03,0.20000000298023224,0.20000000298023224,0.20000000298023224,0.20000000298023224,4000
2025-02-04,0.20000000298023224,0.20000000298023224,0.20000000298023224,0.20000000298023224,0
2025-02-05,0.20000000298023224,0.20000000298023224,0.20000000298023224,0.20000000298023224,0
2025-02-06,0.2199999988079071,0.2199999988079071,0.1899999976158142,0.1899999976158142,25300
2025-02-07,0.2199999988079071,0.2199999988079071,0.2199999988079071,0.2199999988079071,0
2025-02-10,0.2199999988079071,0.2199999988079071,0.2199999988079071,0.2199999988079071,1900
2025-02-11,0.2199999988079071,0.2199999988079071,0.2199999988079071,0.2199999988079071,10200
2025-02-12,0.23000000417232513,0.23000000417232513,0.20000000298023224,0.23000000417232513,55000
2025-02-13,0.23000000417232513,0.23000000417232513,0.2199999988079071,0.23000000417232513,53500
2025-02-14,0.23000000417232513,0.23000000417232513,0.23000000417232513,0.23000000417232513,0
2025-02-18,0.23999999463558197,0.25999999046325684,0.23000000417232513,0.23000000417232513,82400
2025-02-19,0.25,0.27000001072883606,0.25,0.25,22400
2025-02-20,0.25999999046325684,0.2800000011920929,0.23999999463558197,0.25,67800
2025-02-21,0.25999999046325684,0.27000001072883606,0.25999999046325684,0.27000001072883606,21200
2025-02-24,0.25999999046325684,0.25999999046325684,0.25999999046325684,0.25999999046325684,78800
2025-02-25,0.25999999046325684,0.25999999046325684,0.25999999046325684,0.25999999046325684,0
2025-02-26,0.25,0.25999999046325684,0.25,0.25999999046325684,36400
2025-02-27,0.25,0.25999999046325684,0.25,0.25999999046325684,4000
2025-02-28,0.25,0.25,0.25,0.25,14200
2025-03-03,0.23999999463558197,0.27000001072883606,0.23999999463558197,0.25,28800
2025-03-04,0.23999999463558197,0.23999999463558197,0.23000000417232513,0.23000000417232513,4500
2025-03-05,0.23999999463558197,0.25,0.23000000417232513,0.25,7000
2025-03-06,0.23999999463558197,0.23999999463558197,0.23999999463558197,0.23999999463558197,0
2025-03-07,0.25999999046325684,0.25999999046325684,0.25999999046325684,0.25999999046325684,40000
2025-03-10,0.23999999463558197,0.25999999046325684,0.23999999463558197,0.25999999046325684,58100
2025-03-11,0.23999999463558197,0.23999999463558197,0.23999999463558197,0.23999999463558197,3100
2025-03-12,0.23999999463558197,0.23999999463558197,0.23999999463558197,0.23999999463558197,0
2025-03-13,0.2199999988079071,0.2199999988079071,0.2199999988079071,0.2199999988079071,1100
2025-03-14,0.23999999463558197,0.25,0.23999999463558197,0.25,47200
2025-03-17,0.25,0.25,0.23999999463558197,0.23999999463558197,26200
2025-03-18,0.23999999463558197,0.25,0.23999999463558197,0.25,7000
2025-03-19,0.25,0.25,0.25,0.25,100
2025-03-20,0.25,0.25,0.25,0.25,1700
2025-03-21,0.25999999046325684,0.25999999046325684,0.25999999046325684,0.25999999046325684,2300
2025-03-24,0.25999999046325684,0.2800000011920929,0.25999999046325684,0.2800000011920929,3400
2025-03-25,0.25999999046325684,0.2800000011920929,0.25,0.27000001072883606,34300
2025-03-26,0.25999999046325684,0.25999999046325684,0.25999999046325684,0.25999999046325684,2100
2025-03-27,0.23999999463558197,0.23999999463558197,0.23999999463558197,0.23999999463558197,8500
2025-03-28,0.23999999463558197,0.27000001072883606,0.23999999463558197,0.25999999046325684,68300
2025-03-31,0.23000000417232513,0.23999999463558197,0.23000000417232513,0.23000000417232513,5600
2025-04-01,0.23000000417232513,0.23000000417232513,0.23000000417232513,0.23000000417232513,0
2025-04-02,0.23000000417232513,0.23000000417232513,0.23000000417232513,0.23000000417232513,0
2025-04-03,0.23000000417232513,0.23000000417232513,0.23000000417232513,0.23000000417232513,0
2025-04-04,0.23000000417232513,0.23000000417232513,0.23000000417232513,0.23000000417232513,12200
2025-04-07,0.23000000417232513,0.23000000417232513,0.23000000417232513,0.23000000417232513,0
2025-04-08,0.23999999463558197,0.23999999463558197,0.1899999976158142,0.20999999344348907,31500
2025-04-09,0.23999999463558197,0.25,0.20000000298023224,0.20999999344348907,56600
2025-04-10,0.23999999463558197,0.23999999463558197,0.23999999463558197,0.23999999463558197,0
2025-04-11,0.25,0.25,0.23999999463558197,0.23999999463558197,8500
2025-04-14,0.1899999976158142,0.1899999976158142,0.1899999976158142,0.1899999976158142,5800
2025-04-15,0.1899999976158142,0.1899999976158142,0.1899999976158142,0.1899999976158142,0
2025-04-16,0.25,0.25,0.23000000417232513,0.23000000417232513,700
2025-04-17,0.23999999463558197,0.23999999463558197,0.23999999463558197,0.23999999463558197,500
2025-04-21,0.25999999046325684,0.25999999046325684,0.25,0.25,12500
2025-04-22,0.25999999046325684,0.25999999046325684,0.25999999046325684,0.25999999046325684,0
2025-04-23,0.25999999046325684,0.25999999046325684,0.25999999046325684,0.25999999046325684,5000
2025-04-24,0.25,0.25,0.25,0.25,1000
2025-04-25,0.25,0.25,0.25,0.25,0
2025-04-28,0.25,0.25,0.25,0.25,0
2025-04-29,0.28999999165534973,0.28999999165534973,0.2800000011920929,0.2800000011920929,5200
2025-04-30,0.27000001072883606,0.3100000023841858,0.27000001072883606,0.3100000023841858,200
2025-05-01,0.25999999046325684,0.27000001072883606,0.25999999046325684,0.27000001072883606,6300
2025-05-02,0.2800000011920929,0.2800000011920929,0.25999999046325684,0.25999999046325684,6500
2025-05-05,0.25999999046325684,0.2800000011920929,0.25999999046325684,0.25999999046325684,5700
2025-05-06,0.27000001072883606,0.27000001072883606,0.27000001072883606,0.27000001072883606,100
2025-05-07,0.2800000011920929,0.2800000011920929,0.2800000011920929,0.2800000011920929,2000
2025-05-08,0.2800000011920929,0.2800000011920929,0.2800000011920929,0.2800000011920929,0
2025-05-09,0.27000001072883606,0.27000001072883606,0.27000001072883606,0.27000001072883606,2100
2025-05-12,0.25999999046325684,0.25999999046325684,0.25999999046325684,0.25999999046325684,300
2025-05-13,0.25999999046325684,0.25999999046325684,0.25999999046325684,0.25999999046325684,0
2025-05-14,0.25999999046325684,0.25999999046325684,0.25999999046325684,0.25999999046325684,5500
2025-05-15,0.25,0.25,0.25,0.25,1100
2025-05-16,0.25,0.25,0.25,0.25,0
2025-05-19,0.2199999988079071,0.25,0.2199999988079071,0.25,2000
2025-05-20,0.2199999988079071,0.2199999988079071,0.2199999988079071,0.2199999988079071,0
2025-05-21,0.27000001072883606,0.27000001072883606,0.25999999046325684,0.25999999046325684,12000
2025-05-22,0.27000001072883606,0.2800000011920929,0.27000001072883606,0.27000001072883606,10500
2025-05-23,0.27000001072883606,0.2800000011920929,0.27000001072883606,0.2800000011920929,23300
2025-05-27,0.2800000011920929,0.2800000011920929,0.2800000011920929,0.2800000011920929,700
2025-05-28,0.2800000011920929,0.2800000011920929,0.2800000011920929,0.2800000011920929,0
2025-05-29,0.25999999046325684,0.25999999046325684,0.25999999046325684,0.25999999046325684,500
2025-05-30,0.25999999046325684,0.25999999046325684,0.25999999046325684,0.25999999046325684,6500
2025-06-02,0.27000001072883606,0.27000001072883606,0.25999999046325684,0.25999999046325684,1100
2025-06-03,0.27000001072883606,0.27000001072883606,0.27000001072883606,0.27000001072883606,3000
2025-06-04,0.27000001072883606,0.27000001072883606,0.27000001072883606,0.27000001072883606,2000
2025-06-05,0.27000001072883606,0.27000001072883606,0.27000001072883606,0.27000001072883606,7200
2025-06-06,0.27000001072883606,0.27000001072883606,0.27000001072883606,0.27000001072883606,0
2025-06-09,0.2800000011920929,0.2800000011920929,0.27000001072883606,0.27000001072883606,2900
2025-06-10,0.2800000011920929,0.2800000011920929,0.2800000011920929,0.2800000011920929,9400
2025-06-11,0.2800000011920929,0.2800000011920929,0.2800000011920929,0.2800000011920929,6000
2025-06-12,0.2800000011920929,0.28999999165534973,0.27000001072883606,0.2800000011920929,19100
2025-06-13,0.28999999165534973,0.28999999165534973,0.2800000011920929,0.2800000011920929,4000
2025-06-16,0.28999999165534973,0.28999999165534973,0.28999999165534973,0.28999999165534973,2000
2025-06-17,0.27000001072883606,0.27000001072883606,0.27000001072883606,0.27000001072883606,1000
2025-06-18,0.2800000011920929,0.2800000011920929,0.2800000011920929,0.2800000011920929,500
2025-06-20,0.25999999046325684,0.25999999046325684,0.25999999046325684,0.25999999046325684,1500
2025-06-23,0.25999999046325684,0.27000001072883606,0.25999999046325684,0.27000001072883606,41000
2025-06-24,0.25,0.25999999046325684,0.25,0.25999999046325684,110000
2025-06-25,0.25,0.25,0.23000000417232513,0.23000000417232513,1100
2025-06-26,0.25,0.25,0.25,0.25,0
2025-06-27,0.25,0.25,0.23999999463558197,0.23999999463558197,400
2025-06-30,0.27000001072883606,0.2800000011920929,0.27000001072883606,0.27000001072883606,28400
2025-07-01,0.25999999046325684,0.25999999046325684,0.25999999046325684,0.25999999046325684,1000
2025-07-02,0.25999999046325684,0.25999999046325684,0.25999999046325684,0.25999999046325684,0
2025-07-03,0.25999999046325684,0.25999999046325684,0.25999999046325684,0.25999999046325684,0
2025-07-07,0.27000001072883606,0.27000001072883606,0.23999999463558197,0.23999999463558197,9100
2025-07-08,0.25999999046325684,0.25999999046325684,0.25999999046325684,0.25999999046325684,400
2025-07-09,0.25999999046325684,0.25999999046325684,0.25999999046325684,0.25999999046325684,0
2025-07-10,0.25999999046325684,0.25999999046325684,0.25999999046325684,0.25999999046325684,0
2025-07-11,0.28999999165534973,0.28999999165534973,0.25999999046325684,0.25999999046325684,56800
2025-07-14,0.25999999046325684,0.2800000011920929,0.25999999046325684,0.2800000011920929,2500
2025-07-15,0.25999999046325684,0.25999999046325684,0.25999999046325684,0.25999999046325684,700
2025-07-16,0.25999999046325684,0.25999999046325684,0.25999999046325684,0.25999999046325684,0
2025-07-17,0.25999999046325684,0.25999999046325684,0.25999999046325684,0.25999999046325684,800
2025-07-18,0.25999999046325684,0.25999999046325684,0.25999999046325684,0.25999999046325684,2500
2025-07-21,0.2800000011920929,0.28999999165534973,0.23999999463558197,0.23999999463558197,55300
2025-07-22,0.30000001192092896,0.3199999928474426,0.28999999165534973,0.28999999165534973,44200
2025-07-23,0.3199999928474426,0.3499999940395355,0.3199999928474426,0.3199999928474426,136200
2025-07-24,0.33000001311302185,0.3499999940395355,0.33000001311302185,0.3400000035762787,110500
2025-07-25,0.3400000035762787,0.3400000035762787,0.3199999928474426,0.3199999928474426,79000
2025-07-28,0.3199999928474426,0.33000001311302185,0.3199999928474426,0.33000001311302185,38400
2025-07-29,0.3400000035762787,0.3400000035762787,0.3400000035762787,0.3400000035762787,2000
2025-07-30,0.3199999928474426,0.33000001311302185,0.3199999928474426,0.33000001311302185,54300
2025-07-31,0.33000001311302185,0.33000001311302185,0.33000001311302185,0.33000001311302185,11000
2025-08-01,0.33000001311302185,0.33000001311302185,0.33000001311302185,0.33000001311302185,0
2025-08-04,0.33000001311302185,0.33000001311302185,0.30000001192092896,0.30000001192092896,7500
2025-08-05,0.33000001311302185,0.33000001311302185,0.33000001311302185,0.33000001311302185,3700
2025-08-06,0.3100000023841858,0.3100000023841858,0.3100000023841858,0.3100000023841858,6000
2025-08-07,0.3100000023841858,0.3100000023841858,0.3100000023841858,0.3100000023841858,0
2025-08-08,0.3199999928474426,0.3199999928474426,0.3199999928474426,0.3199999928474426,700
2025-08-11,0.3199999928474426,0.3199999928474426,0.3199999928474426,0.3199999928474426,0
2025-08-12,0.3199999928474426,0.3199999928474426,0.3199999928474426,0.3199999928474426,0
2025-08-13,0.33000001311302185,0.33000001311302185,0.33000001311302185,0.33000001311302185,1000
2025-08-14,0.33000001311302185,0.3400000035762787,0.33000001311302185,0.33000001311302185,14700
2025-08-15,0.33000001311302185,0.33000001311302185,0.33000001311302185,0.33000001311302185,0
2025-08-18,0.3400000035762787,0.3400000035762787,0.3400000035762787,0.3400000035762787,3000
2025-08-19,0.3400000035762787,0.3400000035762787,0.3199999928474426,0.3199999928474426,500
2025-08-20,0.3400000035762787,0.3400000035762787,0.3400000035762787,0.3400000035762787,4000
2025-08-21,0.3400000035762787,0.3400000035762787,0.33000001311302185,0.33000001311302185,11400
2025-08-22,0.3499999940395355,0.3499999940395355,0.3499999940395355,0.3499999940395355,13400
2025-08-25,0.3400000035762787,0.3499999940395355,0.3400000035762787,0.3499999940395355,6000
2025-08-26,0.3499999940395355,0.3499999940395355,0.3499999940395355,0.3499999940395355,10100
2025-08-27,0.36000001430511475,0.36000001430511475,0.3499999940395355,0.3499999940395355,1400
2025-08-28,0.36000001430511475,0.36000001430511475,0.3499999940395355,0.3499999940395355,15200
2025-08-29,0.3499999940395355,0.36000001430511475,0.3499999940395355,0.3499999940395355,12100
2025-09-02,0.3499999940395355,0.3499999940395355,0.3499999940395355,0.3499999940395355,17000
2025-09-03,0.3499999940395355,0.3499999940395355,0.3499999940395355,0.3499999940395355,7100
2025-09-04,0.3499999940395355,0.3499999940395355,0.3499999940395355,0.3499999940395355,16000
2025-09-05,0.3400000035762787,0.3400000035762787,0.3400000035762787,0.3400000035762787,2500
2025-09-08,0.33000001311302185,0.33000001311302185,0.3100000023841858,0.33000001311302185,23400
2025-09-09,0.3400000035762787,0.3400000035762787,0.3100000023841858,0.3100000023841858,12300
2025-09-10,0.3400000035762787,0.3400000035762787,0.3400000035762787,0.3400000035762787,6300
2025-09-11,0.3400000035762787,0.3400000035762787,0.3400000035762787,0.3400000035762787,1000
2025-09-12,0.3400000035762787,0.3499999940395355,0.3400000035762787,0.3499999940395355,6500
2025-09-15,0.3400000035762787,0.3499999940395355,0.33000001311302185,0.3400000035762787,11300
2025-09-16,0.33000001311302185,0.3400000035762787,0.33000001311302185,0.3400000035762787,30100
2025-09-17,0.33000001311302185,0.33000001311302185,0.33000001311302185,0.33000001311302185,0
2025-09-18,0.33000001311302185,0.33000001311302185,0.33000001311302185,0.33000001311302185,0
2025-09-19,0.33000001311302185,0.33000001311302185,0.33000001311302185,0.33000001311302185,400
2025-09-22,0.3499999940395355,0.3700000047683716,0.3199999928474426,0.3199999928474426,26100
2025-09-23,0.3499999940395355,0.36000001430511475,0.3400000035762787,0.3400000035762787,55000
2025-09-24,0.3400000035762787,0.3499999940395355,0.3400000035762787,0.3400000035762787,1500
2025-09-25,0.3400000035762787,0.3400000035762787,0.3400000035762787,0.3400000035762787,0
2025-09-26,0.3400000035762787,0.3499999940395355,0.3400000035762787,0.3499999940395355,9900
2025-09-29,0.3499999940395355,0.3499999940395355,0.3499999940395355,0.3499999940395355,3600
2025-09-30,0.3499999940395355,0.3499999940395355,0.3499999940395355,0.3499999940395355,100
2025-10-01,0.3400000035762787,0.3400000035762787,0.33000001311302185,0.3400000035762787,2900
2025-10-02,0.3499999940395355,0.3499999940395355,0.3499999940395355,0.3499999940395355,3000
2025-10-03,0.3499999940395355,0.3499999940395355,0.3400000035762787,0.3400000035762787,3100
2025-10-06,0.3199999928474426,0.3400000035762787,0.3199999928474426,0.3400000035762787,10700
2025-10-07,0.33000001311302185,0.33000001311302185,0.3199999928474426,0.3199999928474426,7800
2025-10-08,0.33000001311302185,0.3400000035762787,0.33000001311302185,0.33000001311302185,11900
2025-10-09,0.3400000035762787,0.3400000035762787,0.3199999928474426,0.33000001311302185,55100
2025-10-10,0.33000001311302185,0.3400000035762787,0.3199999928474426,0.33000001311302185,12400
2025-10-13,0.33000001311302185,0.3400000035762787,0.3199999928474426,0.3400000035762787,33300
2025-10-14,0.33000001311302185,0.3400000035762787,0.3199999928474426,0.3400000035762787,67600
2025-10-15,0.3499999940395355,0.3499999940395355,0.3499999940395355,0.3499999940395355,33700
2025-10-16,0.3499999940395355,0.3499999940395355,0.3400000035762787,0.3499999940395355,10900
2025-10-17,0.3400000035762787,0.3499999940395355,0.3400000035762787,0.3400000035762787,55200
2025-10-20,0.3400000035762787,0.3400000035762787,0.33000001311302185,0.33000001311302185,4500
2025-10-21,0.33000001311302185,0.33000001311302185,0.3199999928474426,0.33000001311302185,7500
2025-10-22,0.33000001311302185,0.33000001311302185,0.3199999928474426,0.33000001311302185,7500
2025-10-23,0.33000001311302185,0.33000001311302185,0.3199999928474426,0.3199999928474426,7000
2025-10-24,0.3199999928474426,0.3199999928474426,0.3199999928474426,0.3199999928474426,2000
2025-10-27,0.3199999928474426,0.33000001311302185,0.3199999928474426,0.33000001311302185,3200
2025-10-28,0.3199999928474426,0.3400000035762787,0.3199999928474426,0.3400000035762787,4100
2025-10-29,0.3400000035762787,0.3400000035762787,0.3400000035762787,0.3400000035762787,400
2025-10-30,0.3199999928474426,0.3199999928474426,0.3199999928474426,0.3199999928474426,200
2025-10-31,0.33000001311302185,0.33000001311302185,0.33000001311302185,0.33000001311302185,800
2025-11-03,0.3199999928474426,0.33000001311302185,0.3199999928474426,0.33000001311302185,2200
2025-11-04,0.33000001311302185,0.33000001311302185,0.33000001311302185,0.33000001311302185,10100
2025-11-05,0.33000001311302185,0.33000001311302185,0.33000001311302185,0.33000001311302185,200
2025-11-06,0.33000001311302185,0.33000001311302185,0.33000001311302185,0.33000001311302185,2500
2025-11-07,0.33000001311302185,0.33000001311302185,0.33000001311302185,0.33000001311302185,0
2025-11-10,0.3199999928474426,0.3199999928474426,0.3199999928474426,0.3199999928474426,45100
2025-11-11,0.3199999928474426,0.33000001311302185,0.3199999928474426,0.33000001311302185,9100
2025-11-12,0.3199999928474426,0.3199999928474426,0.3199999928474426,0.3199999928474426,0
2025-11-13,0.3199999928474426,0.3199999928474426,0.3199999928474426,0.3199999928474426,0
2025-11-14,0.28999999165534973,0.28999999165534973,0.28999999165534973,0.28999999165534973,200
2025-11-17,0.30000001192092896,0.30000001192092896,0.30000001192092896,0.30000001192092896,20000
2025-11-18,0.30000001192092896,0.30000001192092896,0.30000001192092896,0.30000001192092896,3000
2025-11-19,0.30000001192092896,0.30000001192092896,0.30000001192092896,0.30000001192092896,0
2025-11-20,0.3100000023841858,0.3199999928474426,0.3100000023841858,0.3199999928474426,2000
2025-11-21,0.3100000023841858,0.3100000023841858,0.3100000023841858,0.3100000023841858,0
2025-11-24,0.3100000023841858,0.3100000023841858,0.3100000023841858,0.3100000023841858,0
2025-11-25,0.30000001192092896,0.30000001192092896,0.30000001192092896,0.30000001192092896,300
2025-11-26,0.28999999165534973,0.28999999165534973,0.28999999165534973,0.28999999165534973,400
2025-11-28,0.28999999165534973,0.28999999165534973,0.28999999165534973,0.28999999165534973,0
2025-12-01,0.30000001192092896,0.3100000023841858,0.30000001192092896,0.30000001192092896,8400
2025-12-02,0.3100000023841858,0.3100000023841858,0.30000001192092896,0.30000001192092896,1000
2025-12-03,0.33000001311302185,0.33000001311302185,0.30000001192092896,0.30000001192092896,6100
2025-12-04,0.3400000035762787,0.3400000035762787,0.3400000035762787,0.3400000035762787,900
2025-12-05,0.3400000035762787,0.3499999940395355,0.3400000035762787,0.3499999940395355,500
2025-12-08,0.3400000035762787,0.3400000035762787,0.3400000035762787,0.3400000035762787,0
2025-12-09,0.3400000035762787,0.3400000035762787,0.30000001192092896,0.30000001192092896,14600
2025-12-10,0.3199999928474426,0.33000001311302185,0.3199999928474426,0.33000001311302185,1200
2025-12-11,0.33000001311302185,0.33000001311302185,0.33000001311302185,0.33000001311302185,2200
2025-12-12,0.3199999928474426,0.33000001311302185,0.3199999928474426,0.33000001311302185,3100
2025-12-15,0.3199999928474426,0.33000001311302185,0.3100000023841858,0.33000001311302185,12500
2025-12-16,0.33000001311302185,0.33000001311302185,0.30000001192092896,0.30000001192092896,6600
2025-12-17,0.33000001311302185,0.33000001311302185,0.3199999928474426,0.3199999928474426,1800
2025-12-18,0.3199999928474426,0.3199999928474426,0.3100000023841858,0.3199999928474426,21900
2025-12-19,0.33000001311302185,0.33000001311302185,0.33000001311302185,0.33000001311302185,7000
2025-12-22,0.33000001311302185,0.3400000035762787,0.33000001311302185,0.3400000035762787,18400
2025-12-23,0.33000001311302185,0.33000001311302185,0.33000001311302185,0.33000001311302185,3700
2025-12-24,0.33000001311302185,0.33000001311302185,0.33000001311302185,0.33000001311302185,0
2025-12-26,0.3499999940395355,0.3499999940395355,0.3499999940395355,0.3499999940395355,700
2025-12-29,0.3400000035762787,0.3400000035762787,0.3400000035762787,0.3400000035762787,800
2025-12-30,0.33000001311302185,0.33000001311302185,0.3100000023841858,0.3199999928474426,8000
2025-12-31,0.33000001311302185,0.36000001430511475,0.3199999928474426,0.3499999940395355,51600
2026-01-02,0.3700000047683716,0.3700000047683716,0.3700000047683716,0.3700000047683716,1000
2026-01-05,0.3199999928474426,0.3700000047683716,0.3199999928474426,0.3700000047683716,19200
2026-01-06,0.3199999928474426,0.33000001311302185,0.3199999928474426,0.3199999928474426,22400
2026-01-07,0.33000001311302185,0.33000001311302185,0.3199999928474426,0.33000001311302185,17000
2026-01-08,0.36000001430511475,0.3700000047683716,0.3499999940395355,0.36000001430511475,82400
2026-01-09,0.36000001430511475,0.38999998569488525,0.3400000035762787,0.3400000035762787,25300
2026-01-12,0.3700000047683716,0.3700000047683716,0.36000001430511475,0.36000001430511475,17100
2026-01-13,0.3700000047683716,0.3700000047683716,0.36000001430511475,0.36000001430511475,10900
2026-01-14,0.36000001430511475,0.36000001430511475,0.36000001430511475,0.36000001430511475,11600
2026-01-15,0.3700000047683716,0.3700000047683716,0.36000001430511475,0.36000001430511475,8500
2026-01-16,0.4000000059604645,0.4099999964237213,0.38999998569488525,0.38999998569488525,50000
2026-01-20,0.5099999904632568,0.5099999904632568,0.49000000953674316,0.5,107700
2026-01-21,0.5,0.5099999904632568,0.49000000953674316,0.49000000953674316,18100
2026-01-22,0.5,0.5,0.47999998927116394,0.49000000953674316,39700
2026-01-23,0.47999998927116394,0.47999998927116394,0.47999998927116394,0.47999998927116394,4300
2026-01-26,0.5199999809265137,0.550000011920929,0.47999998927116394,0.47999998927116394,43800
2026-01-27,0.5,0.5,0.47999998927116394,0.5,8500
2026-01-28,0.5,0.5099999904632568,0.49000000953674316,0.5099999904632568,11900
2026-01-29,0.47999998927116394,0.47999998927116394,0.4699999988079071,0.4699999988079071,11600
2026-01-30,0.4300000071525574,0.4699999988079071,0.4000000059604645,0.44999998807907104,37800
2026-02-02,0.44999998807907104,0.44999998807907104,0.41999998688697815,0.41999998688697815,2200
2026-02-03,0.44999998807907104,0.46000000834465027,0.4399999976158142,0.4399999976158142,19900
2026-02-04,0.44999998807907104,0.44999998807907104,0.4300000071525574,0.4399999976158142,4500
2026-02-05,0.4300000071525574,0.4300000071525574,0.4099999964237213,0.41999998688697815,11700
2026-02-06,0.4399999976158142,0.4699999988079071,0.36000001430511475,0.36000001430511475,6400
2026-02-09,0.4000000059604645,0.46000000834465027,0.4000000059604645,0.46000000834465027,21400
2026-02-10,0.4000000059604645,0.4000000059604645,0.4000000059604645,0.4000000059604645,0
2026-02-11,0.4000000059604645,0.4300000071525574,0.4000000059604645,0.4300000071525574,150200
2026-02-12,0.3700000047683716,0.41999998688697815,0.30000001192092896,0.41999998688697815,205500
2026-02-13,0.3799999952316284,0.38999998569488525,0.3799999952316284,0.38999998569488525,13600
2026-02-17,0.38999998569488525,0.4099999964237213,0.38999998569488525,0.4099999964237213,29600
2026-02-18,0.4099999964237213,0.4300000071525574,0.4099999964237213,0.4099999964237213,3600
2026-02-19,0.4099999964237213,0.4099999964237213,0.4099999964237213,0.4099999964237213,0
2026-02-20,0.41999998688697815,0.4300000071525574,0.41999998688697815,0.41999998688697815,12000
2026-02-23,0.4099999964237213,0.4099999964237213,0.4099999964237213,0.4099999964237213,3900
2026-02-24,0.4000000059604645,0.4099999964237213,0.4000000059604645,0.4099999964237213,2600
2026-02-25,0.41999998688697815,0.41999998688697815,0.41999998688697815,0.41999998688697815,4100
2026-02-26,0.49000000953674316,0.5,0.44999998807907104,0.44999998807907104,60700
2026-02-27,0.4699999988079071,0.49000000953674316,0.4699999988079071,0.49000000953674316,11300
2026-03-02,0.5,0.5099999904632568,0.49000000953674316,0.5099999904632568,26100
2026-03-03,0.47999998927116394,0.47999998927116394,0.46000000834465027,0.4699999988079071,9500
2026-03-04,0.46000000834465027,0.46000000834465027,0.44999998807907104,0.44999998807907104,16600
2026-03-05,0.4300000071525574,0.4699999988079071,0.4300000071525574,0.4699999988079071,6100
2026-03-06,0.46000000834465027,0.46000000834465027,0.46000000834465027,0.46000000834465027,12000
2026-03-09,0.4300000071525574,0.4399999976158142,0.4300000071525574,0.4399999976158142,1100
2026-03-10,0.46000000834465027,0.46000000834465027,0.46000000834465027,0.46000000834465027,2000
2026-03-11,0.46000000834465027,0.46000000834465027,0.46000000834465027,0.46000000834465027,0
2026-03-12,0.4399999976158142,0.4399999976158142,0.4399999976158142,0.4399999976158142,1100
2026-03-13,0.4300000071525574,0.4300000071525574,0.41999998688697815,0.41999998688697815,11200
2026-03-16,0.4000000059604645,0.4099999964237213,0.38999998569488525,0.38999998569488525,28900
2026-03-17,0.4099999964237213,0.44999998807907104,0.38999998569488525,0.4099999964237213,11500
2026-03-18,0.4099999964237213,0.4099999964237213,0.4099999964237213,0.4099999964237213,0
2026-03-19,0.36000001430511475,0.36000001430511475,0.36000001430511475,0.36000001430511475,6700
2026-03-20,0.4000000059604645,0.4000000059604645,0.4000000059604645,0.4000000059604645,2000
2026-03-23,0.3799999952316284,0.38999998569488525,0.3799999952316284,0.38999998569488525,37000
2026-03-24,0.3700000047683716,0.3700000047683716,0.3700000047683716,0.3700000047683716,13600
2026-03-25,0.4000000059604645,0.4000000059604645,0.3799999952316284,0.3799999952316284,10600
2026-03-26,0.3700000047683716,0.3700000047683716,0.3700000047683716,0.3700000047683716,1600
2026-03-27,0.3700000047683716,0.3700000047683716,0.3700000047683716,0.3700000047683716,0
2026-03-30,0.36000001430511475,0.3700000047683716,0.36000001430511475,0.3700000047683716,22000
2026-03-31,0.3700000047683716,0.3700000047683716,0.3700000047683716,0.3700000047683716,8000
2026-04-01,0.4000000059604645,0.41999998688697815,0.4000000059604645,0.4099999964237213,77100
2026-04-02,0.4099999964237213,0.4099999964237213,0.4099999964237213,0.4099999964237213,40500
2026-04-06,0.4099999964237213,0.4099999964237213,0.4099999964237213,0.4099999964237213,8800
2026-04-07,0.4099999964237213,0.41999998688697815,0.4099999964237213,0.41999998688697815,20100
