Date,close,high,low,open,volume
2014-01-02,7.0,7.0,6.909999847412109,6.909999847412109,1800
2014-01-03,6.929999828338623,6.940000057220459,6.929999828338623,6.940000057220459,800
2014-01-06,7.0,7.019999980926514,7.0,7.019999980926514,3900
2014-01-07,7.0,7.0,7.0,7.0,0
2014-01-08,8.350000381469727,8.5,7.239999771118164,7.239999771118164,547900
2014-01-09,8.350000381469727,8.350000381469727,8.329999923706055,8.350000381469727,322900
2014-01-10,8.550000190734863,8.550000190734863,8.550000190734863,8.550000190734863,700
2014-01-13,8.40999984741211,8.40999984741211,8.40999984741211,8.40999984741211,600
2014-01-14,8.40999984741211,8.40999984741211,8.40999984741211,8.40999984741211,0
2014-01-15,8.600000381469727,8.649999618530273,8.600000381469727,8.600000381469727,2154300
2014-01-16,8.949999809265137,9.5,8.600000381469727,8.649999618530273,952500
2014-01-17,9.0,9.0,8.75,8.75,250500
2014-01-21,9.0,9.0,8.619999885559082,8.630000114440918,21000
2014-01-22,9.0,9.0,9.0,9.0,0
2014-01-23,8.699999809265137,8.699999809265137,8.699999809265137,8.699999809265137,100600
2014-01-24,8.699999809265137,8.699999809265137,8.699999809265137,8.699999809265137,0
2014-01-27,8.619999885559082,8.619999885559082,8.619999885559082,8.619999885559082,500
2014-01-28,8.550000190734863,8.649999618530273,8.529999732971191,8.649999618530273,221700
2014-01-29,8.550000190734863,8.550000190734863,8.550000190734863,8.550000190734863,0
2014-01-30,8.550000190734863,8.550000190734863,8.550000190734863,8.550000190734863,0
2014-01-31,8.300000190734863,8.600000381469727,8.300000190734863,8.5,42700
2014-02-03,8.350000381469727,8.350000381469727,4.0,4.0,1500
2014-02-04,8.199999809265137,8.3100004196167,8.199999809265137,8.3100004196167,5100
2014-02-05,8.350000381469727,8.420000076293945,8.350000381469727,8.420000076293945,6100
2014-02-06,8.390000343322754,8.399999618530273,8.350000381469727,8.399999618530273,2800
2014-02-07,8.390000343322754,8.550000190734863,8.350000381469727,8.350000381469727,14000
2014-02-10,8.5,8.5,8.399999618530273,8.489999771118164,13300
2014-02-11,8.5,8.5,8.5,8.5,400
2014-02-12,8.739999771118164,8.739999771118164,8.739999771118164,8.739999771118164,300
2014-02-13,8.579999923706055,8.579999923706055,8.399999618530273,8.510000228881836,6100
2014-02-14,8.510000228881836,8.600000381469727,8.510000228881836,8.59000015258789,6000
2014-02-18,8.699999809265137,8.699999809265137,8.6899995803833,8.6899995803833,5700
2014-02-19,8.979999542236328,8.979999542236328,8.550000190734863,8.550000190734863,47700
2014-02-20,9.0,9.109999656677246,8.979999542236328,8.979999542236328,52900
2014-02-21,9.1899995803833,9.1899995803833,9.130000114440918,9.130000114440918,3900
2014-02-24,9.15999984741211,9.25,9.15999984741211,9.25,1600
2014-02-25,9.300000190734863,9.319999694824219,9.15999984741211,9.15999984741211,8900
2014-02-26,9.729999542236328,9.729999542236328,9.359999656677246,9.5,2000
2014-02-27,10.199999809265137,10.4399995803833,9.550000190734863,9.550000190734863,122700
2014-02-28,10.399999618530273,10.5,10.350000381469727,10.350000381469727,57300
2014-03-03,10.399999618530273,10.399999618530273,10.399999618530273,10.399999618530273,2000
2014-03-04,10.699999809265137,10.699999809265137,10.399999618530273,10.399999618530273,14000
2014-03-05,10.899999618530273,11.300000190734863,10.760000228881836,11.0,3700
2014-03-06,10.90999984741211,11.0,10.899999618530273,11.0,18900
2014-03-07,10.699999809265137,10.850000381469727,10.699999809265137,10.850000381469727,5000
2014-03-10,10.649999618530273,10.699999809265137,10.649999618530273,10.699999809265137,8500
2014-03-11,10.0,10.850000381469727,6.050000190734863,10.649999618530273,37600
2014-03-12,8.649999618530273,9.5,8.550000190734863,9.5,43700
2014-03-13,8.25,9.180000305175781,8.0,8.550000190734863,323300
2014-03-14,9.0,9.0,8.5,8.539999961853027,29800
2014-03-17,8.550000190734863,9.0,8.550000190734863,9.0,2090800
2014-03-18,8.600000381469727,8.699999809265137,8.399999618530273,8.600000381469727,32400
2014-03-19,8.75,8.75,8.260000228881836,8.449999809265137,122700
2014-03-20,9.050000190734863,9.199999809265137,8.75,8.75,20000
2014-03-21,8.930000305175781,9.0,8.930000305175781,9.0,2000
2014-03-24,8.65999984741211,8.930000305175781,8.65999984741211,8.930000305175781,4000
2014-03-25,8.84000015258789,9.0,8.699999809265137,8.890000343322754,20300
2014-03-26,8.850000381469727,8.850000381469727,8.75,8.75,2500
2014-03-27,9.0,9.050000190734863,8.899999618530273,8.899999618530273,6200
2014-03-28,9.0,9.0,8.899999618530273,9.0,16500
2014-03-31,9.0,9.0,8.789999961853027,9.0,6100
2014-04-01,8.90999984741211,8.920000076293945,8.90999984741211,8.920000076293945,1600
2014-04-02,8.699999809265137,8.699999809265137,8.699999809265137,8.699999809265137,100
2014-04-03,8.5600004196167,8.5600004196167,8.5600004196167,8.5600004196167,5000
2014-04-04,8.449999809265137,8.649999618530273,8.449999809265137,8.649999618530273,3000
2014-04-07,8.15999984741211,8.489999771118164,8.15999984741211,8.399999618530273,7400
2014-04-08,8.390000343322754,8.399999618530273,8.229999542236328,8.229999542236328,3900
2014-04-09,8.539999961853027,8.539999961853027,8.539999961853027,8.539999961853027,2300
2014-04-10,8.600000381469727,8.699999809265137,8.15999984741211,8.350000381469727,374800
2014-04-11,8.600000381469727,8.600000381469727,8.600000381469727,8.600000381469727,0
2014-04-14,8.600000381469727,8.600000381469727,8.399999618530273,8.399999618530273,2400
2014-04-15,8.699999809265137,8.75,8.699999809265137,8.699999809265137,11800
2014-04-16,8.989999771118164,8.989999771118164,8.460000038146973,8.460000038146973,52400
2014-04-17,9.0,9.010000228881836,8.899999618530273,9.0,86800
2014-04-21,8.90999984741211,8.90999984741211,8.90999984741211,8.90999984741211,1000
2014-04-22,8.90999984741211,9.069999694824219,8.899999618530273,8.899999618530273,1900
2014-04-23,8.949999809265137,9.050000190734863,8.949999809265137,9.0,21600
2014-04-24,9.100000381469727,9.229999542236328,9.050000190734863,9.050000190734863,12800
2014-04-25,9.0600004196167,9.199999809265137,9.0600004196167,9.199999809265137,1100
2014-04-28,9.25,9.300000190734863,8.949999809265137,8.960000038146973,22300
2014-04-29,9.25,9.300000190734863,9.0,9.050000190734863,34200
2014-04-30,9.25,9.329999923706055,9.109999656677246,9.329999923706055,18000
2014-05-01,9.25,9.25,9.25,9.25,0
2014-05-02,9.15999984741211,9.199999809265137,9.15999984741211,9.199999809265137,300
2014-05-05,9.25,9.25,9.239999771118164,9.239999771118164,900
2014-05-06,9.199999809265137,9.210000038146973,9.199999809265137,9.210000038146973,3600
2014-05-07,9.199999809265137,9.229999542236328,9.199999809265137,9.220000267028809,300
2014-05-08,9.0600004196167,9.15999984741211,9.0,9.15999984741211,3000
2014-05-09,9.279999732971191,9.279999732971191,9.0,9.050000190734863,16400
2014-05-12,9.279999732971191,9.279999732971191,9.279999732971191,9.279999732971191,0
2014-05-13,9.359999656677246,9.649999618530273,9.359999656677246,9.390000343322754,4000
2014-05-14,9.399999618530273,9.5,9.25,9.399999618530273,53500
2014-05-15,9.369999885559082,9.579999923706055,9.210000038146973,9.319999694824219,32400
2014-05-16,9.369999885559082,9.369999885559082,9.369999885559082,9.369999885559082,0
2014-05-19,9.369999885559082,9.510000228881836,9.300000190734863,9.300000190734863,307500
2014-05-20,9.25,9.449999809265137,9.25,9.449999809265137,800
2014-05-21,9.239999771118164,9.25,9.239999771118164,9.25,400
2014-05-22,9.210000038146973,9.210000038146973,9.140000343322754,9.140000343322754,5200
2014-05-23,9.149999618530273,9.199999809265137,8.90999984741211,8.90999984741211,22500
2014-05-27,9.25,9.289999961853027,8.920000076293945,8.920000076293945,20500
2014-05-28,9.25,9.25,9.010000228881836,9.010000228881836,20300
2014-05-29,9.300000190734863,9.300000190734863,9.199999809265137,9.199999809265137,19800
2014-05-30,9.199999809265137,9.199999809265137,9.199999809265137,9.199999809265137,100
2014-06-02,9.199999809265137,9.199999809265137,9.199999809265137,9.199999809265137,10100
2014-06-03,9.300000190734863,9.390000343322754,8.899999618530273,9.390000343322754,8800
2014-06-04,9.300000190734863,9.300000190734863,9.300000190734863,9.300000190734863,0
2014-06-05,9.010000228881836,9.010000228881836,9.010000228881836,9.010000228881836,500
2014-06-06,9.010000228881836,9.010000228881836,9.010000228881836,9.010000228881836,0
2014-06-09,9.300000190734863,9.350000381469727,9.300000190734863,9.350000381469727,10300
2014-06-10,9.399999618530273,9.399999618530273,9.260000228881836,9.260000228881836,500
2014-06-11,9.399999618530273,9.399999618530273,9.270000457763672,9.270000457763672,20500
2014-06-12,9.399999618530273,9.399999618530273,9.329999923706055,9.329999923706055,1200
2014-06-13,9.329999923706055,9.329999923706055,9.329999923706055,9.329999923706055,300
2014-06-16,9.199999809265137,9.350000381469727,9.199999809265137,9.350000381469727,1800
2014-06-17,9.1899995803833,9.210000038146973,9.1899995803833,9.1899995803833,900
2014-06-18,9.1899995803833,9.1899995803833,9.1899995803833,9.1899995803833,200
2014-06-19,9.300000190734863,9.300000190734863,9.300000190734863,9.300000190734863,13900
2014-06-20,9.300000190734863,9.300000190734863,9.300000190734863,9.300000190734863,0
2014-06-23,9.300000190734863,9.300000190734863,9.199999809265137,9.199999809265137,3400
2014-06-24,9.300000190734863,9.300000190734863,9.300000190734863,9.300000190734863,15200
2014-06-25,9.350000381469727,9.350000381469727,9.149999618530273,9.149999618530273,20900
2014-06-26,9.350000381469727,9.350000381469727,9.350000381469727,9.350000381469727,0
2014-06-27,9.470000267028809,9.470000267028809,9.470000267028809,9.470000267028809,100
2014-06-30,9.369999885559082,9.369999885559082,9.369999885559082,9.369999885559082,100
2014-07-01,9.279999732971191,9.279999732971191,9.279999732971191,9.279999732971191,2200
2014-07-02,9.279999732971191,9.279999732971191,9.279999732971191,9.279999732971191,0
2014-07-03,9.3100004196167,9.3100004196167,9.3100004196167,9.3100004196167,2000
2014-07-07,9.3100004196167,9.3100004196167,9.3100004196167,9.3100004196167,0
2014-07-08,9.25,9.270000457763672,9.170000076293945,9.270000457763672,2700
2014-07-09,9.199999809265137,9.390000343322754,9.029999732971191,9.170000076293945,4000
2014-07-10,9.25,9.25,9.25,9.25,100
2014-07-11,9.229999542236328,9.279999732971191,9.15999984741211,9.279999732971191,300
2014-07-14,9.210000038146973,9.260000228881836,9.210000038146973,9.260000228881836,500
2014-07-15,9.350000381469727,9.350000381469727,9.279999732971191,9.279999732971191,322600
2014-07-16,9.470000267028809,9.569999694824219,9.300000190734863,9.300000190734863,324400
2014-07-17,9.75,9.75,9.720000267028809,9.739999771118164,3800
2014-07-18,10.0,10.0,9.75,9.75,2300
2014-07-21,9.800000190734863,9.800000190734863,9.800000190734863,9.800000190734863,200
2014-07-22,9.850000381469727,10.0,9.8100004196167,9.8100004196167,59900
2014-07-23,10.100000381469727,10.100000381469727,10.100000381469727,10.100000381469727,50000
2014-07-24,10.119999885559082,10.119999885559082,9.829999923706055,9.829999923706055,7000
2014-07-25,10.119999885559082,10.119999885559082,10.119999885559082,10.119999885559082,0
2014-07-28,10.220000267028809,10.220000267028809,9.890000343322754,9.890000343322754,6100
2014-07-29,10.050000190734863,10.180000305175781,10.050000190734863,10.180000305175781,56900
2014-07-30,10.100000381469727,10.100000381469727,9.850000381469727,9.850000381469727,55600
2014-07-31,9.770000457763672,9.770000457763672,9.770000457763672,9.770000457763672,1000
2014-08-01,9.770000457763672,9.770000457763672,9.770000457763672,9.770000457763672,0
2014-08-04,9.899999618530273,10.0,9.899999618530273,10.0,27500
2014-08-05,9.899999618530273,9.899999618530273,9.899999618530273,9.899999618530273,0
2014-08-06,10.050000190734863,10.100000381469727,9.949999809265137,10.050000190734863,76500
2014-08-07,10.149999618530273,10.199999809265137,10.050000190734863,10.180000305175781,236500
2014-08-08,10.100000381469727,10.149999618530273,10.100000381469727,10.149999618530273,47100
2014-08-11,10.100000381469727,10.180000305175781,9.770000457763672,9.90999984741211,31800
2014-08-12,10.180000305175781,10.180000305175781,10.100000381469727,10.170000076293945,10400
2014-08-13,10.180000305175781,10.180000305175781,10.100000381469727,10.109999656677246,8400
2014-08-14,10.180000305175781,10.180000305175781,10.180000305175781,10.180000305175781,0
2014-08-15,10.100000381469727,10.199999809265137,10.0,10.1899995803833,37600
2014-08-18,10.079999923706055,10.109999656677246,9.670000076293945,10.109999656677246,4800
2014-08-19,10.100000381469727,10.100000381469727,9.65999984741211,9.65999984741211,9800
2014-08-20,10.100000381469727,10.100000381469727,10.100000381469727,10.100000381469727,0
2014-08-21,10.34000015258789,10.34000015258789,9.670000076293945,9.670000076293945,20900
2014-08-22,10.100000381469727,10.199999809265137,10.100000381469727,10.199999809265137,400
2014-08-25,10.0,10.170000076293945,9.779999732971191,10.0,5500
2014-08-26,9.850000381469727,10.0,9.850000381469727,9.850000381469727,1500
2014-08-27,10.0,10.0,10.0,10.0,400
2014-08-28,10.390000343322754,10.390000343322754,10.390000343322754,10.390000343322754,1000
2014-08-29,10.149999618530273,10.149999618530273,9.819999694824219,9.819999694824219,4900
2014-09-02,10.149999618530273,10.149999618530273,10.149999618530273,10.149999618530273,0
2014-09-03,9.800000190734863,9.960000038146973,9.289999961853027,9.960000038146973,8800
2014-09-04,9.470000267028809,9.770000457763672,9.470000267028809,9.579999923706055,1500
2014-09-05,9.350000381469727,9.4399995803833,9.350000381469727,9.4399995803833,300
2014-09-08,9.399999618530273,9.449999809265137,9.399999618530273,9.399999618530273,2500
2014-09-09,9.399999618530273,9.399999618530273,9.399999618530273,9.399999618530273,0
2014-09-10,8.770000457763672,9.199999809265137,8.770000457763672,9.170000076293945,371700
2014-09-11,9.1899995803833,9.1899995803833,9.050000190734863,9.050000190734863,500
2014-09-12,9.1899995803833,9.1899995803833,9.1899995803833,9.1899995803833,0
2014-09-15,8.850000381469727,8.859999656677246,8.850000381469727,8.859999656677246,1700
2014-09-16,8.850000381469727,8.850000381469727,8.850000381469727,8.850000381469727,0
2014-09-17,8.90999984741211,8.90999984741211,8.90999984741211,8.90999984741211,600
2014-09-18,8.75,8.760000228881836,8.75,8.760000228881836,1200
2014-09-19,8.649999618530273,8.75,8.649999618530273,8.75,22500
2014-09-22,8.199999809265137,8.600000381469727,8.199999809265137,8.600000381469727,42000
2014-09-23,8.359999656677246,8.40999984741211,8.300000190734863,8.40999984741211,852000
2014-09-24,8.300000190734863,8.4399995803833,8.300000190734863,8.4399995803833,2100
2014-09-25,8.300000190734863,8.300000190734863,8.300000190734863,8.300000190734863,0
2014-09-26,8.600000381469727,8.600000381469727,8.149999618530273,8.25,7300
2014-09-29,8.149999618530273,8.25,8.149999618530273,8.25,151400
2014-09-30,8.0,8.100000381469727,7.809999942779541,8.100000381469727,5100
2014-10-01,3.299999952316284,4.349999904632568,3.2100000381469727,4.150000095367432,2887000
2014-10-02,2.9100000858306885,3.200000047683716,2.759999990463257,3.1600000858306885,28100
2014-10-03,3.0999999046325684,3.5299999713897705,2.950000047683716,2.950000047683716,524700
2014-10-06,2.9100000858306885,3.2899999618530273,2.9100000858306885,3.259999990463257,4200
2014-10-07,2.880000114440918,3.0,2.7100000381469727,2.9000000953674316,254900
2014-10-08,2.5299999713897705,2.7200000286102295,2.4700000286102295,2.7200000286102295,191800
2014-10-09,2.549999952316284,2.5799999237060547,2.5,2.569999933242798,47300
2014-10-10,2.950000047683716,2.9600000381469727,2.630000114440918,2.6500000953674316,145400
2014-10-13,3.4700000286102295,3.5,3.0299999713897705,3.0299999713897705,418400
2014-10-14,3.509999990463257,3.9000000953674316,3.4800000190734863,3.4800000190734863,178900
2014-10-15,3.200000047683716,3.4000000953674316,3.0899999141693115,3.4000000953674316,7000
2014-10-16,3.1700000762939453,3.25,3.1700000762939453,3.25,50700
2014-10-17,3.1700000762939453,3.1700000762939453,3.1700000762939453,3.1700000762939453,0
2014-10-20,3.2300000190734863,3.2300000190734863,3.2300000190734863,3.2300000190734863,200
2014-10-21,3.119999885559082,3.1500000953674316,3.049999952316284,3.0999999046325684,421200
2014-10-22,3.200000047683716,3.200000047683716,3.1700000762939453,3.190000057220459,38000
2014-10-23,3.390000104904175,3.390000104904175,3.2100000381469727,3.240000009536743,9300
2014-10-24,3.299999952316284,3.3499999046325684,3.25,3.299999952316284,7700
2014-10-27,3.4000000953674316,3.4000000953674316,3.25,3.3499999046325684,16300
2014-10-28,3.25,3.299999952316284,3.130000114440918,3.299999952316284,4500
2014-10-29,3.0999999046325684,3.1500000953674316,3.0999999046325684,3.1500000953674316,37200
2014-10-30,3.0999999046325684,3.0999999046325684,3.0999999046325684,3.0999999046325684,3000
2014-10-31,3.1600000858306885,3.25,3.1500000953674316,3.1500000953674316,6500
2014-11-03,3.1700000762939453,3.1700000762939453,3.1700000762939453,3.1700000762939453,100
2014-11-04,3.1700000762939453,3.240000009536743,3.1700000762939453,3.240000009536743,3000
2014-11-05,3.180000066757202,3.180000066757202,3.180000066757202,3.180000066757202,100
2014-11-06,3.2699999809265137,3.2699999809265137,3.0999999046325684,3.0999999046325684,9500
2014-11-07,3.180000066757202,3.25,3.1500000953674316,3.1500000953674316,12500
2014-11-10,3.059999942779541,3.140000104904175,3.059999942779541,3.140000104904175,2200
2014-11-11,3.0899999141693115,3.0899999141693115,3.0899999141693115,3.0899999141693115,3600
2014-11-12,3.049999952316284,3.069999933242798,3.049999952316284,3.059999942779541,1200
2014-11-13,3.0999999046325684,3.0999999046325684,3.049999952316284,3.069999933242798,8800
2014-11-14,3.0399999618530273,3.0399999618530273,3.0299999713897705,3.0299999713897705,800
2014-11-17,2.9800000190734863,3.0,2.8299999237060547,3.0,704500
2014-11-18,2.940000057220459,2.9700000286102295,2.8499999046325684,2.9700000286102295,393200
2014-11-19,3.200000047683716,3.5299999713897705,2.880000114440918,2.880000114440918,8700
2014-11-20,3.359999895095825,3.450000047683716,3.200000047683716,3.200000047683716,24800
2014-11-21,3.299999952316284,3.5,3.299999952316284,3.5,4200
2014-11-24,3.25,3.309999942779541,3.25,3.309999942779541,12700
2014-11-25,3.4700000286102295,3.5,3.119999885559082,3.2300000190734863,18200
2014-11-26,3.369999885559082,3.380000114440918,3.369999885559082,3.380000114440918,3100
2014-11-28,3.309999942779541,3.4600000381469727,3.309999942779541,3.4600000381469727,200
2014-12-01,3.4600000381469727,3.4600000381469727,3.0999999046325684,3.299999952316284,700
2014-12-02,3.109999895095825,3.25,3.0999999046325684,3.0999999046325684,4200
2014-12-03,3.390000104904175,3.390000104904175,3.130000114440918,3.130000114440918,1000
2014-12-04,3.299999952316284,3.369999885559082,3.1700000762939453,3.299999952316284,36600
2014-12-05,3.0999999046325684,3.1500000953674316,3.0999999046325684,3.1500000953674316,2800
2014-12-08,3.049999952316284,3.0999999046325684,2.950000047683716,3.0999999046325684,2200
2014-12-09,3.049999952316284,3.049999952316284,3.049999952316284,3.049999952316284,7100
2014-12-10,2.950000047683716,3.009999990463257,2.9000000953674316,3.009999990463257,4700
2014-12-11,2.9000000953674316,2.950000047683716,2.8299999237060547,2.8299999237060547,2800
2014-12-12,2.809999942779541,2.9100000858306885,2.809999942779541,2.9100000858306885,7500
2014-12-15,2.799999952316284,2.809999942779541,2.75,2.809999942779541,184000
2014-12-16,2.619999885559082,2.8399999141693115,2.619999885559082,2.809999942779541,10600
2014-12-17,2.7200000286102295,2.9800000190734863,2.6700000762939453,2.7899999618530273,412800
2014-12-18,2.799999952316284,2.9000000953674316,2.75,2.9000000953674316,7900
2014-12-19,2.7799999713897705,2.869999885559082,2.75,2.819999933242798,108700
2014-12-22,2.890000104904175,2.890000104904175,2.7899999618530273,2.7899999618530273,800
2014-12-23,2.9000000953674316,2.9000000953674316,2.759999990463257,2.799999952316284,15300
2014-12-24,2.880000114440918,2.880000114440918,2.7100000381469727,2.799999952316284,52200
2014-12-26,2.880000114440918,2.880000114440918,2.759999990463257,2.809999942779541,2600
2014-12-29,2.940000057220459,3.1500000953674316,2.940000057220459,2.940000057220459,50700
2014-12-30,2.9000000953674316,2.9200000762939453,2.9000000953674316,2.9000000953674316,35400
2014-12-31,2.859999895095825,2.859999895095825,2.8499999046325684,2.8499999046325684,8100
2015-01-02,3.069999933242798,3.069999933242798,2.880000114440918,2.880000114440918,16600
2015-01-05,3.009999990463257,3.009999990463257,3.009999990463257,3.009999990463257,100
2015-01-06,2.930000066757202,3.049999952316284,2.930000066757202,3.049999952316284,25600
2015-01-07,3.0299999713897705,3.0299999713897705,3.0299999713897705,3.0299999713897705,4000
2015-01-08,2.990000009536743,3.0799999237060547,2.990000009536743,3.0299999713897705,1200
2015-01-09,2.990000009536743,2.990000009536743,2.990000009536743,2.990000009536743,0
2015-01-12,2.799999952316284,2.859999895095825,2.799999952316284,2.859999895095825,4900
2015-01-13,2.759999990463257,2.759999990463257,2.759999990463257,2.759999990463257,500
2015-01-14,2.640000104904175,2.75,2.640000104904175,2.75,2900
2015-01-15,2.569999933242798,2.6600000858306885,2.549999952316284,2.630000114440918,263200
2015-01-16,2.869999885559082,2.880000114440918,2.700000047683716,2.75,29100
2015-01-20,2.819999933242798,2.819999933242798,2.819999933242798,2.819999933242798,900
2015-01-21,2.880000114440918,2.880000114440918,2.809999942779541,2.819999933242798,11100
2015-01-22,2.9000000953674316,2.9000000953674316,2.809999942779541,2.809999942779541,10100
2015-01-23,2.819999933242798,2.819999933242798,2.819999933242798,2.819999933242798,500
2015-01-26,2.819999933242798,2.9000000953674316,2.819999933242798,2.9000000953674316,600
2015-01-27,2.809999942779541,2.859999895095825,2.809999942779541,2.859999895095825,3400
2015-01-28,3.1500000953674316,3.490000009536743,2.9600000381469727,2.9600000381469727,50600
2015-01-29,2.9200000762939453,3.0999999046325684,2.9200000762939453,3.049999952316284,1000
2015-01-30,3.0,3.0999999046325684,3.0,3.0999999046325684,200
2015-02-02,2.890000104904175,3.1600000858306885,2.890000104904175,3.1600000858306885,6400
2015-02-03,2.799999952316284,3.0,2.799999952316284,2.9800000190734863,15200
2015-02-04,2.799999952316284,2.799999952316284,2.799999952316284,2.799999952316284,0
2015-02-05,2.869999885559082,3.0,2.8499999046325684,3.0,7100
2015-02-06,3.0,3.0,2.9000000953674316,2.9000000953674316,2000
2015-02-09,3.0,3.0,3.0,3.0,0
2015-02-10,3.049999952316284,3.049999952316284,3.049999952316284,3.049999952316284,36300
2015-02-11,3.0999999046325684,3.190000057220459,3.0,3.0,4300
2015-02-12,3.25,3.25,3.0999999046325684,3.0999999046325684,41500
2015-02-13,3.319999933242798,3.4800000190734863,3.049999952316284,3.369999885559082,8500
2015-02-17,3.990000009536743,4.25,3.509999990463257,3.7200000286102295,17800
2015-02-18,3.4800000190734863,4.099999904632568,3.4800000190734863,4.099999904632568,2100
2015-02-19,3.5999999046325684,3.630000114440918,3.4800000190734863,3.4800000190734863,34100
2015-02-20,3.700000047683716,3.700000047683716,3.6700000762939453,3.6700000762939453,15600
2015-02-23,3.6500000953674316,3.6500000953674316,3.559999942779541,3.559999942779541,1500
2015-02-24,3.5999999046325684,3.6500000953674316,3.5999999046325684,3.6500000953674316,5100
2015-02-25,3.5999999046325684,3.5999999046325684,3.5999999046325684,3.5999999046325684,2500
2015-02-26,3.9000000953674316,3.9000000953674316,3.6500000953674316,3.6500000953674316,4300
2015-02-27,3.700000047683716,3.75,3.700000047683716,3.75,2800
2015-03-02,3.799999952316284,4.0,3.799999952316284,3.799999952316284,2300
2015-03-03,3.7899999618530273,3.7899999618530273,3.7899999618530273,3.7899999618530273,500
2015-03-04,3.75,3.75,3.6500000953674316,3.75,8700
2015-03-05,3.8499999046325684,3.859999895095825,3.75,3.75,4900
2015-03-06,3.8499999046325684,3.8499999046325684,3.8499999046325684,3.8499999046325684,500
2015-03-09,3.7799999713897705,3.7799999713897705,3.75,3.75,200
2015-03-10,3.700000047683716,3.75,3.5999999046325684,3.75,2100
2015-03-11,3.700000047683716,3.700000047683716,3.700000047683716,3.700000047683716,0
2015-03-12,3.700000047683716,3.7200000286102295,3.6500000953674316,3.700000047683716,72700
2015-03-13,3.75,3.75,3.75,3.75,400
2015-03-16,3.8499999046325684,3.8499999046325684,3.6500000953674316,3.6500000953674316,18800
2015-03-17,3.8299999237060547,3.8499999046325684,3.6500000953674316,3.6500000953674316,17100
2015-03-18,3.8299999237060547,3.8299999237060547,3.8299999237060547,3.8299999237060547,0
2015-03-19,3.509999990463257,3.6500000953674316,3.509999990463257,3.6500000953674316,1700
2015-03-20,3.700000047683716,3.700000047683716,3.5999999046325684,3.5999999046325684,63200
2015-03-23,3.549999952316284,3.5999999046325684,3.549999952316284,3.549999952316284,330000
2015-03-24,3.549999952316284,3.549999952316284,3.549999952316284,3.549999952316284,366700
2015-03-25,3.700000047683716,3.75,3.559999942779541,3.740000009536743,408200
2015-03-26,3.509999990463257,3.549999952316284,3.509999990463257,3.549999952316284,2700
2015-03-27,3.509999990463257,3.509999990463257,3.509999990463257,3.509999990463257,0
2015-03-30,3.509999990463257,3.509999990463257,3.509999990463257,3.509999990463257,0
2015-03-31,3.700000047683716,3.799999952316284,3.700000047683716,3.759999990463257,41700
2015-04-01,3.700000047683716,3.700000047683716,3.549999952316284,3.700000047683716,13100
2015-04-02,3.509999990463257,3.75,3.509999990463257,3.75,200
2015-04-06,3.700000047683716,3.700000047683716,3.609999895095825,3.619999885559082,900
2015-04-07,3.799999952316284,3.799999952316284,3.680000066757202,3.680000066757202,1700
2015-04-08,4.139999866485596,4.150000095367432,3.799999952316284,3.799999952316284,4400
2015-04-09,4.0,4.070000171661377,3.9700000286102295,4.03000020980835,1300
2015-04-10,4.0,4.0,4.0,4.0,0
2015-04-13,4.050000190734863,4.050000190734863,4.050000190734863,4.050000190734863,500
2015-04-14,3.7699999809265137,4.150000095367432,3.7699999809265137,4.010000228881836,14200
2015-04-15,4.150000095367432,4.150000095367432,4.150000095367432,4.150000095367432,100
2015-04-16,4.599999904632568,4.610000133514404,4.050000190734863,4.050000190734863,10700
2015-04-17,4.349999904632568,4.360000133514404,4.349999904632568,4.360000133514404,6100
2015-04-20,4.349999904632568,4.349999904632568,4.349999904632568,4.349999904632568,0
2015-04-21,4.349999904632568,4.349999904632568,4.349999904632568,4.349999904632568,0
2015-04-22,4.349999904632568,4.349999904632568,4.349999904632568,4.349999904632568,0
2015-04-23,4.349999904632568,4.349999904632568,4.349999904632568,4.349999904632568,0
2015-04-24,4.349999904632568,4.349999904632568,4.349999904632568,4.349999904632568,0
2015-04-27,4.199999809265137,4.199999809265137,4.199999809265137,4.199999809265137,200
2015-04-28,4.199999809265137,4.199999809265137,4.199999809265137,4.199999809265137,0
2015-04-29,4.199999809265137,4.199999809265137,4.199999809265137,4.199999809265137,0
2015-04-30,4.300000190734863,4.639999866485596,4.300000190734863,4.300000190734863,9800
2015-05-01,4.300000190734863,4.300000190734863,4.300000190734863,4.300000190734863,0
2015-05-04,4.550000190734863,4.550000190734863,4.320000171661377,4.320000171661377,2000
2015-05-05,4.550000190734863,4.550000190734863,4.550000190734863,4.550000190734863,0
2015-05-06,4.329999923706055,4.409999847412109,4.329999923706055,4.409999847412109,1600
2015-05-07,4.489999771118164,4.489999771118164,4.489999771118164,4.489999771118164,200
2015-05-08,4.489999771118164,4.489999771118164,4.489999771118164,4.489999771118164,0
2015-05-11,4.21999979019165,4.320000171661377,4.21999979019165,4.320000171661377,1000
2015-05-12,3.9700000286102295,4.130000114440918,3.950000047683716,4.130000114440918,3100
2015-05-13,3.9700000286102295,3.9700000286102295,3.9700000286102295,3.9700000286102295,0
2015-05-14,3.9700000286102295,4.099999904632568,3.880000114440918,4.099999904632568,2500
2015-05-15,3.9000000953674316,3.9000000953674316,3.8499999046325684,3.9000000953674316,22700
2015-05-18,3.9000000953674316,3.9000000953674316,3.9000000953674316,3.9000000953674316,0
2015-05-19,3.799999952316284,3.9000000953674316,3.7799999713897705,3.9000000953674316,4400
2015-05-20,3.7300000190734863,3.990000009536743,3.700000047683716,3.990000009536743,8900
2015-05-21,3.619999885559082,3.630000114440918,3.619999885559082,3.630000114440918,200
2015-05-22,3.549999952316284,3.700000047683716,3.549999952316284,3.700000047683716,700
2015-05-26,3.690000057220459,3.690000057220459,3.549999952316284,3.690000057220459,4800
2015-05-27,3.759999990463257,3.759999990463257,3.759999990463257,3.759999990463257,200
2015-05-28,3.759999990463257,3.759999990463257,3.759999990463257,3.759999990463257,0
2015-05-29,3.759999990463257,3.759999990463257,3.759999990463257,3.759999990463257,0
2015-06-01,3.759999990463257,3.759999990463257,3.759999990463257,3.759999990463257,0
2015-06-02,3.5999999046325684,3.5999999046325684,3.5999999046325684,3.5999999046325684,1500
2015-06-03,3.4800000190734863,3.559999942779541,3.4800000190734863,3.559999942779541,5100
2015-06-04,3.4000000953674316,3.4100000858306885,3.4000000953674316,3.4100000858306885,1100
2015-06-05,3.4000000953674316,3.4000000953674316,3.4000000953674316,3.4000000953674316,0
2015-06-08,3.440000057220459,3.450000047683716,3.319999933242798,3.390000104904175,4900
2015-06-09,3.380000114440918,3.390000104904175,3.380000114440918,3.390000104904175,8000
2015-06-10,3.259999990463257,3.299999952316284,3.259999990463257,3.299999952316284,1100
2015-06-11,3.4600000381469727,3.4600000381469727,3.200000047683716,3.259999990463257,9200
2015-06-12,3.490000009536743,3.490000009536743,3.450000047683716,3.450000047683716,6400
2015-06-15,3.490000009536743,3.490000009536743,3.440000057220459,3.4600000381469727,3700
2015-06-16,3.3499999046325684,3.450000047683716,3.3499999046325684,3.3499999046325684,1300
2015-06-17,3.299999952316284,3.3499999046325684,3.299999952316284,3.3499999046325684,400
2015-06-18,3.3299999237060547,3.3299999237060547,3.2100000381469727,3.2100000381469727,2300
2015-06-19,3.299999952316284,3.299999952316284,3.299999952316284,3.299999952316284,100
2015-06-22,3.1500000953674316,3.3499999046325684,3.1500000953674316,3.3499999046325684,800
2015-06-23,3.200000047683716,3.309999942779541,3.200000047683716,3.309999942779541,703900
2015-06-24,3.200000047683716,3.200000047683716,3.200000047683716,3.200000047683716,0
2015-06-25,3.299999952316284,3.299999952316284,3.299999952316284,3.299999952316284,1000
2015-06-26,3.380000114440918,3.380000114440918,3.3499999046325684,3.3499999046325684,200
2015-06-29,3.380000114440918,3.380000114440918,3.380000114440918,3.380000114440918,0
2015-06-30,3.390000104904175,3.390000104904175,3.25,3.25,300
2015-07-01,3.3499999046325684,3.3499999046325684,3.3499999046325684,3.3499999046325684,1100
2015-07-02,3.3499999046325684,3.3499999046325684,3.3499999046325684,3.3499999046325684,0
2015-07-06,3.3299999237060547,3.3499999046325684,3.299999952316284,3.3499999046325684,4500
2015-07-07,3.299999952316284,3.299999952316284,3.25,3.25,2600
2015-07-08,3.2799999713897705,3.299999952316284,3.2799999713897705,3.299999952316284,3800
2015-07-09,3.299999952316284,3.299999952316284,3.200000047683716,3.200000047683716,14500
2015-07-10,3.450000047683716,3.450000047683716,3.2300000190734863,3.299999952316284,10500
2015-07-13,3.3499999046325684,3.450000047683716,3.3499999046325684,3.450000047683716,4200
2015-07-14,3.3299999237060547,3.3499999046325684,3.3299999237060547,3.3499999046325684,2200
2015-07-15,3.5899999141693115,3.6500000953674316,3.4700000286102295,3.490000009536743,28900
2015-07-16,3.5799999237060547,3.799999952316284,3.450000047683716,3.700000047683716,10800
2015-07-17,3.5999999046325684,3.5999999046325684,3.549999952316284,3.549999952316284,4300
2015-07-20,3.4000000953674316,3.509999990463257,3.4000000953674316,3.509999990463257,5100
2015-07-21,3.549999952316284,3.549999952316284,3.549999952316284,3.549999952316284,3900
2015-07-22,3.700000047683716,3.700000047683716,3.5899999141693115,3.5999999046325684,8500
2015-07-23,3.75,3.75,3.690000057220459,3.690000057220459,8000
2015-07-24,3.7200000286102295,3.75,3.7200000286102295,3.7200000286102295,5000
2015-07-27,3.509999990463257,3.509999990463257,3.509999990463257,3.509999990463257,200
2015-07-28,3.6500000953674316,3.6500000953674316,3.5199999809265137,3.5199999809265137,7700
2015-07-29,3.8499999046325684,3.9200000762939453,3.6500000953674316,3.6500000953674316,16100
2015-07-30,4.0,4.0,3.75,3.869999885559082,2500
2015-07-31,4.050000190734863,4.050000190734863,3.8499999046325684,3.8499999046325684,9100
2015-08-03,3.950000047683716,3.950000047683716,3.950000047683716,3.950000047683716,1000
2015-08-04,4.070000171661377,4.070000171661377,4.070000171661377,4.070000171661377,100
2015-08-05,3.819999933242798,3.950000047683716,3.759999990463257,3.950000047683716,30700
2015-08-06,4.360000133514404,4.360000133514404,3.9000000953674316,3.950000047683716,4000
2015-08-07,3.9000000953674316,3.9000000953674316,3.9000000953674316,3.9000000953674316,500
2015-08-10,3.9000000953674316,3.9000000953674316,3.9000000953674316,3.9000000953674316,0
2015-08-11,4.0,4.0,4.0,4.0,800
2015-08-12,3.930000066757202,4.0,3.930000066757202,4.0,2200
2015-08-13,3.9700000286102295,3.9700000286102295,3.9000000953674316,3.9000000953674316,44900
2015-08-14,3.9700000286102295,3.9700000286102295,3.9700000286102295,3.9700000286102295,0
2015-08-17,3.9700000286102295,3.9700000286102295,3.9700000286102295,3.9700000286102295,0
2015-08-18,3.6500000953674316,3.700000047683716,3.6500000953674316,3.700000047683716,900
2015-08-19,3.6500000953674316,3.6500000953674316,3.6500000953674316,3.6500000953674316,200
2015-08-20,3.75,3.799999952316284,3.6500000953674316,3.6500000953674316,4700
2015-08-21,3.630000114440918,3.630000114440918,3.630000114440918,3.630000114440918,100
2015-08-24,3.630000114440918,3.630000114440918,3.630000114440918,3.630000114440918,0
2015-08-25,3.630000114440918,3.630000114440918,3.630000114440918,3.630000114440918,0
2015-08-26,3.4000000953674316,3.5999999046325684,3.4000000953674316,3.5999999046325684,400
2015-08-27,3.4000000953674316,3.4000000953674316,3.4000000953674316,3.4000000953674316,0
2015-08-28,3.549999952316284,3.549999952316284,3.549999952316284,3.549999952316284,100
2015-08-31,3.9000000953674316,3.9000000953674316,3.700000047683716,3.700000047683716,12900
2015-09-01,3.609999895095825,3.609999895095825,3.609999895095825,3.609999895095825,200
2015-09-02,3.9000000953674316,3.9000000953674316,3.799999952316284,3.799999952316284,1000
2015-09-03,3.799999952316284,3.799999952316284,3.799999952316284,3.799999952316284,2400
2015-09-04,3.7100000381469727,3.75,3.700000047683716,3.75,4600
2015-09-08,3.8499999046325684,3.8499999046325684,3.8499999046325684,3.8499999046325684,100
2015-09-09,3.799999952316284,3.8499999046325684,3.7300000190734863,3.799999952316284,1600
2015-09-10,3.9000000953674316,3.9000000953674316,3.9000000953674316,3.9000000953674316,500
2015-09-11,3.9000000953674316,3.9000000953674316,3.9000000953674316,3.9000000953674316,0
2015-09-14,3.799999952316284,3.799999952316284,3.6500000953674316,3.799999952316284,300
2015-09-15,3.799999952316284,3.799999952316284,3.799999952316284,3.799999952316284,0
2015-09-16,3.799999952316284,3.799999952316284,3.799999952316284,3.799999952316284,0
2015-09-17,3.799999952316284,3.799999952316284,3.799999952316284,3.799999952316284,0
2015-09-18,3.799999952316284,3.799999952316284,3.799999952316284,3.799999952316284,0
2015-09-21,3.609999895095825,3.6500000953674316,3.5899999141693115,3.6500000953674316,700
2015-09-22,3.609999895095825,3.609999895095825,3.609999895095825,3.609999895095825,0
2015-09-23,3.559999942779541,3.559999942779541,3.559999942779541,3.559999942779541,100
2015-09-24,3.559999942779541,3.559999942779541,3.559999942779541,3.559999942779541,0
2015-09-25,3.569999933242798,3.6700000762939453,3.569999933242798,3.6500000953674316,3800
2015-09-28,3.6500000953674316,3.6500000953674316,3.6500000953674316,3.6500000953674316,200
2015-09-29,3.6500000953674316,3.6500000953674316,3.6500000953674316,3.6500000953674316,100
2015-09-30,3.799999952316284,3.799999952316284,3.799999952316284,3.799999952316284,10400
2015-10-01,3.5999999046325684,3.640000104904175,3.5999999046325684,3.640000104904175,200
2015-10-02,3.559999942779541,3.5999999046325684,3.559999942779541,3.5999999046325684,2400
2015-10-05,3.549999952316284,3.559999942779541,3.549999952316284,3.559999942779541,1200
2015-10-06,3.700000047683716,3.8499999046325684,3.700000047683716,3.8499999046325684,7800
2015-10-07,3.75,3.75,3.700000047683716,3.700000047683716,5800
2015-10-08,3.859999895095825,3.950000047683716,3.859999895095825,3.880000114440918,6900
2015-10-09,3.859999895095825,3.859999895095825,3.859999895095825,3.859999895095825,0
2015-10-12,3.859999895095825,3.859999895095825,3.859999895095825,3.859999895095825,0
2015-10-13,3.9000000953674316,3.9000000953674316,3.809999942779541,3.809999942779541,15800
2015-10-14,4.03000020980835,4.099999904632568,3.809999942779541,3.950000047683716,23600
2015-10-15,4.0,4.050000190734863,3.9100000858306885,3.9100000858306885,5400
2015-10-16,3.9200000762939453,3.950000047683716,3.809999942779541,3.809999942779541,5300
2015-10-19,3.700000047683716,3.859999895095825,3.700000047683716,3.859999895095825,10200
2015-10-20,3.700000047683716,3.700000047683716,3.549999952316284,3.5999999046325684,2000
2015-10-21,3.609999895095825,3.609999895095825,3.609999895095825,3.609999895095825,2900
2015-10-22,3.619999885559082,3.619999885559082,3.619999885559082,3.619999885559082,1000
2015-10-23,3.619999885559082,3.619999885559082,3.619999885559082,3.619999885559082,0
2015-10-26,3.5,3.619999885559082,3.5,3.619999885559082,1100
2015-10-27,3.509999990463257,3.6500000953674316,3.509999990463257,3.6500000953674316,5000
2015-10-28,3.509999990463257,3.509999990463257,3.509999990463257,3.509999990463257,1100
2015-10-29,3.5199999809265137,3.5199999809265137,3.5199999809265137,3.5199999809265137,1300
2015-10-30,3.5199999809265137,3.5199999809265137,3.5199999809265137,3.5199999809265137,300
2015-11-02,3.6500000953674316,3.6500000953674316,3.5999999046325684,3.5999999046325684,1600
2015-11-03,3.75,3.75,3.690000057220459,3.690000057220459,1300
2015-11-04,3.799999952316284,3.799999952316284,3.7899999618530273,3.7899999618530273,2700
2015-11-05,3.8499999046325684,3.8499999046325684,3.8499999046325684,3.8499999046325684,900
2015-11-06,3.799999952316284,3.799999952316284,3.799999952316284,3.799999952316284,4000
2015-11-09,3.75,3.75,3.75,3.75,6600
2015-11-10,3.75,3.75,3.75,3.75,0
2015-11-11,3.6500000953674316,3.75,3.549999952316284,3.6700000762939453,1800
2015-11-12,3.700000047683716,3.700000047683716,3.700000047683716,3.700000047683716,500
2015-11-13,3.569999933242798,3.569999933242798,3.569999933242798,3.569999933242798,2400
2015-11-16,3.799999952316284,3.8499999046325684,3.7899999618530273,3.7899999618530273,10300
2015-11-17,3.569999933242798,3.5999999046325684,3.569999933242798,3.5999999046325684,600
2015-11-18,3.549999952316284,3.549999952316284,3.549999952316284,3.549999952316284,800
2015-11-19,3.549999952316284,3.549999952316284,3.549999952316284,3.549999952316284,800
2015-11-20,3.549999952316284,3.549999952316284,3.549999952316284,3.549999952316284,0
2015-11-23,3.5,3.549999952316284,3.5,3.549999952316284,1200
2015-11-24,3.319999933242798,3.450000047683716,3.309999942779541,3.450000047683716,252700
2015-11-25,3.5399999618530273,3.5399999618530273,3.319999933242798,3.319999933242798,400
2015-11-27,3.5399999618530273,3.5399999618530273,3.5399999618530273,3.5399999618530273,0
2015-11-30,3.130000114440918,3.450000047683716,3.109999895095825,3.450000047683716,7100
2015-12-01,3.200000047683716,3.200000047683716,3.049999952316284,3.119999885559082,7800
2015-12-02,3.200000047683716,3.200000047683716,3.200000047683716,3.200000047683716,0
2015-12-03,2.950000047683716,3.0,2.5999999046325684,3.0,803700
2015-12-04,2.809999942779541,2.809999942779541,2.809999942779541,2.809999942779541,200
2015-12-07,2.950000047683716,3.0999999046325684,2.799999952316284,2.930000066757202,1700
2015-12-08,2.950000047683716,2.950000047683716,2.950000047683716,2.950000047683716,0
2015-12-09,2.809999942779541,2.809999942779541,2.799999952316284,2.799999952316284,300
2015-12-10,2.819999933242798,2.8399999141693115,2.75,2.799999952316284,5600
2015-12-11,2.75,2.75,2.75,2.75,300
2015-12-14,2.9000000953674316,2.9000000953674316,2.890000104904175,2.890000104904175,11000
2015-12-15,2.9000000953674316,2.9000000953674316,2.9000000953674316,2.9000000953674316,0
2015-12-16,2.549999952316284,2.619999885559082,2.5,2.5,4000
2015-12-17,2.5999999046325684,2.5999999046325684,2.509999990463257,2.559999942779541,51500
2015-12-18,2.5199999809265137,2.5199999809265137,2.5199999809265137,2.5199999809265137,2200
2015-12-21,2.5399999618530273,2.5399999618530273,2.5,2.5299999713897705,2000
2015-12-22,2.4000000953674316,2.450000047683716,2.299999952316284,2.450000047683716,4600
2015-12-23,2.4100000858306885,2.5799999237060547,2.4000000953674316,2.4000000953674316,10400
2015-12-24,2.5,2.5,2.4100000858306885,2.5,9100
2015-12-28,2.309999942779541,2.309999942779541,2.299999952316284,2.299999952316284,7200
2015-12-29,2.299999952316284,2.319999933242798,2.299999952316284,2.309999942779541,8900
2015-12-30,2.299999952316284,2.299999952316284,2.1600000858306885,2.299999952316284,72700
2015-12-31,2.609999895095825,2.690000057220459,2.299999952316284,2.299999952316284,12200
2016-01-04,2.549999952316284,2.609999895095825,2.440000057220459,2.609999895095825,3400
2016-01-05,2.4800000190734863,2.549999952316284,2.4800000190734863,2.549999952316284,200
2016-01-06,2.4800000190734863,2.4800000190734863,2.4800000190734863,2.4800000190734863,0
2016-01-07,2.259999990463257,2.490000009536743,2.1700000762939453,2.490000009536743,2100
2016-01-08,2.6500000953674316,2.6500000953674316,2.450000047683716,2.450000047683716,2600
2016-01-11,2.5,2.5,2.450000047683716,2.450000047683716,8000
2016-01-12,2.4200000762939453,2.450000047683716,2.4000000953674316,2.4000000953674316,176700
2016-01-13,2.4000000953674316,2.4000000953674316,2.4000000953674316,2.4000000953674316,5800
2016-01-14,2.4000000953674316,2.4000000953674316,2.4000000953674316,2.4000000953674316,0
2016-01-15,2.200000047683716,2.380000114440918,2.200000047683716,2.319999933242798,31100
2016-01-19,2.1500000953674316,2.200000047683716,2.059999942779541,2.180000066757202,12600
2016-01-20,2.059999942779541,2.059999942779541,2.0,2.049999952316284,6900
2016-01-21,2.240000009536743,2.240000009536743,2.1500000953674316,2.1500000953674316,800
2016-01-22,2.0799999237060547,2.2699999809265137,2.0799999237060547,2.2699999809265137,83100
2016-01-25,2.1700000762939453,2.200000047683716,2.1600000858306885,2.200000047683716,1500
2016-01-26,2.1700000762939453,2.1700000762939453,2.1700000762939453,2.1700000762939453,1200
2016-01-27,2.2899999618530273,2.2899999618530273,2.2899999618530273,2.2899999618530273,100
2016-01-28,2.2899999618530273,2.2899999618530273,2.2899999618530273,2.2899999618530273,0
2016-01-29,2.2899999618530273,2.2899999618530273,2.2899999618530273,2.2899999618530273,0
2016-02-01,2.2899999618530273,2.2899999618530273,2.2899999618530273,2.2899999618530273,0
2016-02-02,2.200000047683716,2.200000047683716,2.130000114440918,2.130000114440918,2900
2016-02-03,2.200000047683716,2.200000047683716,2.200000047683716,2.200000047683716,0
2016-02-04,2.4000000953674316,2.4000000953674316,2.380000114440918,2.380000114440918,3200
2016-02-05,2.059999942779541,2.059999942779541,2.059999942779541,2.059999942779541,100
2016-02-08,2.299999952316284,2.299999952316284,2.299999952316284,2.299999952316284,200
2016-02-09,2.299999952316284,2.299999952316284,2.299999952316284,2.299999952316284,0
2016-02-10,2.119999885559082,2.1600000858306885,2.119999885559082,2.1600000858306885,200
2016-02-11,2.119999885559082,2.119999885559082,2.119999885559082,2.119999885559082,0
2016-02-12,2.119999885559082,2.119999885559082,2.119999885559082,2.119999885559082,0
2016-02-16,2.119999885559082,2.119999885559082,2.119999885559082,2.119999885559082,0
2016-02-17,2.0999999046325684,2.0999999046325684,2.0999999046325684,2.0999999046325684,300
2016-02-18,2.0999999046325684,2.0999999046325684,2.0999999046325684,2.0999999046325684,0
2016-02-19,2.1600000858306885,2.25,2.1600000858306885,2.25,2700
2016-02-22,2.299999952316284,2.299999952316284,2.299999952316284,2.299999952316284,200
2016-02-23,2.3499999046325684,2.3499999046325684,2.299999952316284,2.299999952316284,13100
2016-02-24,2.3499999046325684,2.3499999046325684,2.3499999046325684,2.3499999046325684,0
2016-02-25,2.450000047683716,2.5,2.3499999046325684,2.3499999046325684,7300
2016-02-26,2.450000047683716,2.450000047683716,2.450000047683716,2.450000047683716,1800
2016-02-29,2.359999895095825,2.380000114440918,2.259999990463257,2.380000114440918,2700
2016-03-01,2.3299999237060547,2.490000009536743,2.3299999237060547,2.4600000381469727,3900
2016-03-02,2.3299999237060547,2.3299999237060547,2.3299999237060547,2.3299999237060547,0
2016-03-03,2.3299999237060547,2.3299999237060547,2.3299999237060547,2.3299999237060547,0
2016-03-04,2.4100000858306885,2.440000057220459,2.4100000858306885,2.440000057220459,1100
2016-03-07,2.25,2.4000000953674316,2.1500000953674316,2.4000000953674316,1200
2016-03-08,2.299999952316284,2.299999952316284,2.259999990463257,2.259999990463257,4600
2016-03-09,2.299999952316284,2.299999952316284,2.299999952316284,2.299999952316284,1100
2016-03-10,2.299999952316284,2.299999952316284,2.299999952316284,2.299999952316284,0
2016-03-11,2.299999952316284,2.299999952316284,2.299999952316284,2.299999952316284,500
2016-03-14,2.299999952316284,2.299999952316284,2.299999952316284,2.299999952316284,0
2016-03-15,2.1500000953674316,2.25,2.1500000953674316,2.25,800
2016-03-16,2.1600000858306885,2.1600000858306885,2.1500000953674316,2.1600000858306885,3900
2016-03-17,2.1500000953674316,2.1500000953674316,2.1500000953674316,2.1500000953674316,1500
2016-03-18,2.1500000953674316,2.1500000953674316,2.1500000953674316,2.1500000953674316,0
2016-03-21,2.1500000953674316,2.1700000762939453,2.1500000953674316,2.1700000762939453,600
2016-03-22,2.1500000953674316,2.1500000953674316,2.1500000953674316,2.1500000953674316,0
2016-03-23,2.200000047683716,2.200000047683716,2.200000047683716,2.200000047683716,400
2016-03-24,2.200000047683716,2.200000047683716,2.200000047683716,2.200000047683716,0
2016-03-28,2.200000047683716,2.200000047683716,2.200000047683716,2.200000047683716,0
2016-03-29,2.1500000953674316,2.2300000190734863,2.1500000953674316,2.2300000190734863,3700
2016-03-30,2.1500000953674316,2.1500000953674316,2.1500000953674316,2.1500000953674316,0
2016-03-31,2.1500000953674316,2.1500000953674316,2.1500000953674316,2.1500000953674316,3300
2016-04-01,2.1500000953674316,2.1500000953674316,2.1500000953674316,2.1500000953674316,200
2016-04-04,2.009999990463257,2.1500000953674316,2.009999990463257,2.1500000953674316,2000
2016-04-05,2.109999895095825,2.1500000953674316,2.0999999046325684,2.0999999046325684,178900
2016-04-06,2.109999895095825,2.109999895095825,2.109999895095825,2.109999895095825,0
2016-04-07,2.109999895095825,2.109999895095825,2.109999895095825,2.109999895095825,0
2016-04-08,2.109999895095825,2.109999895095825,2.109999895095825,2.109999895095825,0
2016-04-11,2.109999895095825,2.109999895095825,2.109999895095825,2.109999895095825,0
2016-04-12,2.75,2.75,2.4600000381469727,2.4600000381469727,30700
2016-04-13,3.190000057220459,3.359999895095825,3.0,3.0,4600
2016-04-14,3.3499999046325684,3.3499999046325684,3.190000057220459,3.190000057220459,700
2016-04-15,3.25,3.75,3.25,3.5,24800
2016-04-18,3.6500000953674316,3.6500000953674316,3.5999999046325684,3.5999999046325684,900
2016-04-19,3.009999990463257,3.009999990463257,3.009999990463257,3.009999990463257,300
2016-04-20,3.009999990463257,3.009999990463257,3.009999990463257,3.009999990463257,1200
2016-04-21,3.0199999809265137,3.0199999809265137,3.0199999809265137,3.0199999809265137,2000
2016-04-22,3.009999990463257,3.0199999809265137,3.009999990463257,3.0199999809265137,7000
2016-04-25,3.009999990463257,3.009999990463257,3.009999990463257,3.009999990463257,0
2016-04-26,3.009999990463257,3.009999990463257,3.009999990463257,3.009999990463257,0
2016-04-27,3.009999990463257,3.009999990463257,3.009999990463257,3.009999990463257,0
2016-04-28,3.009999990463257,3.009999990463257,3.009999990463257,3.009999990463257,0
2016-04-29,3.009999990463257,3.009999990463257,3.009999990463257,3.009999990463257,0
2016-05-02,3.009999990463257,3.009999990463257,3.009999990463257,3.009999990463257,0
2016-05-03,3.009999990463257,3.049999952316284,3.009999990463257,3.049999952316284,600
2016-05-04,2.950000047683716,3.0199999809265137,2.950000047683716,3.0199999809265137,200
2016-05-05,2.7799999713897705,2.9000000953674316,2.450000047683716,2.9000000953674316,14500
2016-05-06,2.9000000953674316,2.9000000953674316,2.9000000953674316,2.9000000953674316,100
2016-05-09,2.799999952316284,3.200000047683716,2.799999952316284,3.200000047683716,300
2016-05-10,2.799999952316284,2.799999952316284,2.799999952316284,2.799999952316284,0
2016-05-11,2.799999952316284,2.799999952316284,2.799999952316284,2.799999952316284,0
2016-05-12,2.799999952316284,2.799999952316284,2.799999952316284,2.799999952316284,0
2016-05-13,2.799999952316284,2.799999952316284,2.799999952316284,2.799999952316284,0
2016-05-16,2.7699999809265137,2.819999933242798,2.7699999809265137,2.819999933242798,600
2016-05-17,2.5,2.799999952316284,2.5,2.799999952316284,1500
2016-05-18,2.5,2.5,2.5,2.5,0
2016-05-19,2.5,2.5,2.5,2.5,200
2016-05-20,3.200000047683716,3.200000047683716,3.0,3.0,2700
2016-05-23,3.25,3.549999952316284,3.25,3.549999952316284,2300
2016-05-24,3.5,3.5,3.0,3.319999933242798,61200
2016-05-25,3.299999952316284,3.3499999046325684,3.2699999809265137,3.3399999141693115,2100
2016-05-26,3.299999952316284,3.299999952316284,3.299999952316284,3.299999952316284,400
2016-05-27,3.490000009536743,3.509999990463257,3.299999952316284,3.299999952316284,438700
2016-05-31,3.490000009536743,3.490000009536743,3.490000009536743,3.490000009536743,0
2016-06-01,3.2799999713897705,3.5,3.2799999713897705,3.5,3900
2016-06-02,3.559999942779541,3.559999942779541,3.490000009536743,3.5,39700
2016-06-03,3.549999952316284,3.5999999046325684,3.5299999713897705,3.5299999713897705,70400
2016-06-06,3.569999933242798,3.5999999046325684,3.5,3.5999999046325684,151800
2016-06-07,3.549999952316284,3.7300000190734863,3.5199999809265137,3.559999942779541,58300
2016-06-08,3.549999952316284,3.549999952316284,3.4600000381469727,3.5,102300
2016-06-09,3.549999952316284,3.549999952316284,3.5399999618530273,3.5399999618530273,55600
2016-06-10,3.309999942779541,3.5199999809265137,3.309999942779541,3.5199999809265137,7600
2016-06-13,3.549999952316284,3.549999952316284,3.359999895095825,3.430000066757202,15600
2016-06-14,3.4000000953674316,3.450000047683716,3.4000000953674316,3.450000047683716,300
2016-06-15,3.4000000953674316,3.450000047683716,3.4000000953674316,3.450000047683716,500
2016-06-16,3.430000066757202,3.430000066757202,3.430000066757202,3.430000066757202,100
2016-06-17,3.450000047683716,3.5,3.450000047683716,3.490000009536743,10200
2016-06-20,3.5399999618530273,3.5399999618530273,3.5,3.5,28400
2016-06-21,3.490000009536743,3.5399999618530273,3.4000000953674316,3.5399999618530273,16900
2016-06-22,3.450000047683716,3.4600000381469727,3.450000047683716,3.4600000381469727,59000
2016-06-23,3.4000000953674316,3.430000066757202,3.299999952316284,3.430000066757202,700
2016-06-24,3.299999952316284,3.299999952316284,3.299999952316284,3.299999952316284,1200
2016-06-27,3.299999952316284,3.299999952316284,3.299999952316284,3.299999952316284,0
2016-06-28,3.450000047683716,3.450000047683716,3.450000047683716,3.450000047683716,100
2016-06-29,3.450000047683716,3.450000047683716,3.450000047683716,3.450000047683716,0
2016-06-30,3.299999952316284,3.299999952316284,3.299999952316284,3.299999952316284,300
2016-07-01,3.309999942779541,3.549999952316284,3.2899999618530273,3.4200000762939453,800
2016-07-05,3.2799999713897705,3.5,3.2799999713897705,3.299999952316284,21100
2016-07-06,3.3499999046325684,3.3499999046325684,3.3499999046325684,3.3499999046325684,100
2016-07-07,3.2699999809265137,3.2799999713897705,3.2699999809265137,3.2799999713897705,1800
2016-07-08,3.2699999809265137,3.2699999809265137,3.2699999809265137,3.2699999809265137,200
2016-07-11,3.200000047683716,3.2699999809265137,3.190000057220459,3.2699999809265137,2300
2016-07-12,3.2300000190734863,3.2300000190734863,3.1700000762939453,3.2100000381469727,9900
2016-07-13,3.2899999618530273,3.2899999618530273,3.2899999618530273,3.2899999618530273,6000
2016-07-14,3.200000047683716,3.25,3.200000047683716,3.25,6900
2016-07-15,3.2200000286102295,3.2200000286102295,3.2200000286102295,3.2200000286102295,4500
2016-07-18,3.25,3.25,3.190000057220459,3.200000047683716,19900
2016-07-19,3.190000057220459,3.240000009536743,3.190000057220459,3.240000009536743,6300
2016-07-20,3.190000057220459,3.190000057220459,3.190000057220459,3.190000057220459,0
2016-07-21,3.190000057220459,3.190000057220459,3.190000057220459,3.190000057220459,0
2016-07-22,3.190000057220459,3.190000057220459,3.190000057220459,3.190000057220459,0
2016-07-25,3.1500000953674316,3.200000047683716,3.1500000953674316,3.200000047683716,300
2016-07-26,3.1500000953674316,3.1500000953674316,3.1500000953674316,3.1500000953674316,600
2016-07-27,3.049999952316284,3.1700000762939453,3.049999952316284,3.1600000858306885,342900
2016-07-28,3.0999999046325684,3.0999999046325684,3.0999999046325684,3.0999999046325684,200
2016-07-29,3.119999885559082,3.1500000953674316,3.119999885559082,3.119999885559082,7400
2016-08-01,3.119999885559082,3.119999885559082,3.119999885559082,3.119999885559082,0
2016-08-02,3.119999885559082,3.119999885559082,3.119999885559082,3.119999885559082,0
2016-08-03,3.1700000762939453,3.2200000286102295,3.140000104904175,3.140000104904175,13800
2016-08-04,3.2300000190734863,3.2300000190734863,3.2300000190734863,3.2300000190734863,2300
2016-08-05,3.109999895095825,3.109999895095825,3.109999895095825,3.109999895095825,1100
2016-08-08,3.25,3.25,3.25,3.25,28300
2016-08-09,3.119999885559082,3.25,3.069999933242798,3.1500000953674316,25700
2016-08-10,3.25,3.25,3.2200000286102295,3.240000009536743,13200
2016-08-11,3.4800000190734863,3.4800000190734863,3.4800000190734863,3.4800000190734863,600
2016-08-12,3.4800000190734863,3.4800000190734863,3.4800000190734863,3.4800000190734863,0
2016-08-15,3.25,3.25,3.25,3.25,200
2016-08-16,3.25,3.25,3.25,3.25,500
2016-08-17,3.25,3.2699999809265137,3.200000047683716,3.200000047683716,294800
2016-08-18,3.2100000381469727,3.2100000381469727,3.0999999046325684,3.140000104904175,4000
2016-08-19,3.130000114440918,3.200000047683716,3.130000114440918,3.130000114440918,9100
2016-08-22,3.119999885559082,3.119999885559082,3.119999885559082,3.119999885559082,200
2016-08-23,3.1600000858306885,3.25,3.1600000858306885,3.2100000381469727,4800
2016-08-24,3.0999999046325684,3.2100000381469727,3.0999999046325684,3.1700000762939453,7800
2016-08-25,2.9200000762939453,3.0399999618530273,2.9200000762939453,3.0399999618530273,4600
2016-08-26,2.930000066757202,3.0,2.9200000762939453,2.9200000762939453,3000
2016-08-29,2.9100000858306885,2.940000057220459,2.9100000858306885,2.940000057220459,30300
2016-08-30,2.9800000190734863,2.9800000190734863,2.759999990463257,2.759999990463257,1300
2016-08-31,2.759999990463257,2.880000114440918,2.759999990463257,2.880000114440918,300
2016-09-01,3.0999999046325684,3.0999999046325684,3.0,3.0,1654000
2016-09-02,3.0,3.0,2.7699999809265137,2.7699999809265137,400
2016-09-06,2.509999990463257,2.759999990463257,2.509999990463257,2.759999990463257,800
2016-09-07,2.509999990463257,2.509999990463257,2.509999990463257,2.509999990463257,0
2016-09-08,2.509999990463257,2.509999990463257,2.509999990463257,2.509999990463257,0
2016-09-09,2.549999952316284,2.549999952316284,2.5399999618530273,2.549999952316284,7500
2016-09-12,2.299999952316284,2.509999990463257,2.299999952316284,2.509999990463257,2400
2016-09-13,2.4600000381469727,2.4600000381469727,2.1500000953674316,2.2699999809265137,7000
2016-09-14,2.5,2.5,2.200000047683716,2.2100000381469727,14300
2016-09-15,2.5,2.5,2.0999999046325684,2.119999885559082,112400
2016-09-16,2.299999952316284,2.5,2.1600000858306885,2.1600000858306885,1600
2016-09-19,2.4000000953674316,2.5,2.4000000953674316,2.450000047683716,600
2016-09-20,2.75,2.75,2.2300000190734863,2.4000000953674316,20900
2016-09-21,2.5,2.75,2.5,2.75,11800
2016-09-22,2.359999895095825,2.759999990463257,2.359999895095825,2.759999990463257,6000
2016-09-23,2.4600000381469727,2.490000009536743,2.299999952316284,2.490000009536743,4600
2016-09-26,2.5,2.5,2.5,2.5,1200
2016-09-27,2.5199999809265137,2.5399999618530273,2.2899999618530273,2.4800000190734863,112300
2016-09-28,2.5199999809265137,2.5199999809265137,2.5199999809265137,2.5199999809265137,0
2016-09-29,2.5199999809265137,2.5199999809265137,2.5199999809265137,2.5199999809265137,0
2016-09-30,2.359999895095825,2.5,2.359999895095825,2.5,800
2016-10-03,2.359999895095825,2.359999895095825,2.359999895095825,2.359999895095825,300
2016-10-04,2.359999895095825,2.359999895095825,2.359999895095825,2.359999895095825,0
2016-10-05,2.990000009536743,3.0,2.819999933242798,2.8399999141693115,12900
2016-10-06,3.0,3.0,3.0,3.0,21200
2016-10-07,3.0,3.0,3.0,3.0,100
2016-10-10,3.0,3.0,3.0,3.0,0
2016-10-11,2.799999952316284,2.9000000953674316,2.799999952316284,2.9000000953674316,600
2016-10-12,2.799999952316284,2.799999952316284,2.799999952316284,2.799999952316284,100
2016-10-13,2.799999952316284,2.799999952316284,2.799999952316284,2.799999952316284,0
2016-10-14,2.799999952316284,2.799999952316284,2.7799999713897705,2.7799999713897705,2100
2016-10-17,2.9800000190734863,2.9800000190734863,2.9800000190734863,2.9800000190734863,100
2016-10-18,2.9800000190734863,2.9800000190734863,2.9800000190734863,2.9800000190734863,0
2016-10-19,2.819999933242798,2.819999933242798,2.799999952316284,2.799999952316284,3000
2016-10-20,2.6600000858306885,2.6600000858306885,2.6600000858306885,2.6600000858306885,2400
2016-10-21,2.7100000381469727,2.7100000381469727,2.680000066757202,2.680000066757202,2000
2016-10-24,2.7100000381469727,2.7100000381469727,2.7100000381469727,2.7100000381469727,0
2016-10-25,2.680000066757202,2.759999990463257,2.680000066757202,2.759999990463257,8400
2016-10-26,2.6600000858306885,2.680000066757202,2.6600000858306885,2.680000066757202,1500
2016-10-27,2.5199999809265137,2.880000114440918,2.450000047683716,2.6600000858306885,15200
2016-10-28,2.549999952316284,2.549999952316284,2.549999952316284,2.549999952316284,400
2016-10-31,2.549999952316284,2.549999952316284,2.549999952316284,2.549999952316284,700
2016-11-01,2.4800000190734863,2.549999952316284,2.4800000190734863,2.549999952316284,4200
2016-11-02,2.4800000190734863,2.5199999809265137,2.4800000190734863,2.4800000190734863,1500
2016-11-03,2.4800000190734863,2.4800000190734863,2.4800000190734863,2.4800000190734863,0
2016-11-04,2.5999999046325684,2.5999999046325684,2.5,2.549999952316284,14800
2016-11-07,2.5999999046325684,2.5999999046325684,2.5999999046325684,2.5999999046325684,0
2016-11-08,2.559999942779541,2.6600000858306885,2.559999942779541,2.6600000858306885,28400
2016-11-09,3.0999999046325684,3.4000000953674316,2.990000009536743,2.990000009536743,44600
2016-11-10,3.069999933242798,3.5,3.069999933242798,3.25,8500
2016-11-11,3.9700000286102295,4.5,3.1500000953674316,3.1500000953674316,14100
2016-11-14,3.950000047683716,4.25,3.8499999046325684,3.8499999046325684,4400
2016-11-15,3.890000104904175,3.9100000858306885,3.859999895095825,3.9100000858306885,173500
2016-11-16,3.9600000381469727,4.150000095367432,3.9600000381469727,4.0,26800
2016-11-17,4.449999809265137,4.46999979019165,3.9600000381469727,3.9600000381469727,360700
2016-11-18,4.28000020980835,4.289999961853027,4.050000190734863,4.289999961853027,31000
2016-11-21,4.380000114440918,4.510000228881836,4.25,4.25,47800
2016-11-22,4.380000114440918,4.380000114440918,4.300000190734863,4.380000114440918,166600
2016-11-23,4.53000020980835,4.670000076293945,4.28000020980835,4.400000095367432,27900
2016-11-25,4.519999980926514,4.699999809265137,4.519999980926514,4.650000095367432,27900
2016-11-28,4.610000133514404,4.75,4.599999904632568,4.699999809265137,21600
2016-11-29,4.599999904632568,4.800000190734863,4.599999904632568,4.75,13500
2016-11-30,6.550000190734863,6.550000190734863,5.699999809265137,5.75,1270600
2016-12-01,6.960000038146973,7.409999847412109,6.630000114440918,6.630000114440918,75700
2016-12-02,6.349999904632568,6.800000190734863,6.349999904632568,6.650000095367432,10800
2016-12-05,6.199999809265137,6.690000057220459,5.949999809265137,6.489999771118164,11800
2016-12-06,6.139999866485596,6.340000152587891,5.860000133514404,5.860000133514404,177200
2016-12-07,6.489999771118164,6.489999771118164,6.010000228881836,6.139999866485596,26200
2016-12-08,6.599999904632568,6.699999809265137,6.5,6.5,257700
2016-12-09,6.650000095367432,6.690000057220459,6.550000190734863,6.679999828338623,4200
2016-12-12,6.400000095367432,6.900000095367432,6.349999904632568,6.610000133514404,37800
2016-12-13,6.400000095367432,6.449999809265137,6.360000133514404,6.400000095367432,26300
2016-12-14,6.349999904632568,6.449999809265137,6.309999942779541,6.420000076293945,36300
2016-12-15,6.400000095367432,6.400000095367432,6.150000095367432,6.349999904632568,22100
2016-12-16,6.199999809265137,6.400000095367432,6.199999809265137,6.400000095367432,6700
2016-12-19,6.300000190734863,6.300000190734863,6.099999904632568,6.099999904632568,1400
2016-12-20,6.199999809265137,6.300000190734863,6.099999904632568,6.300000190734863,16300
2016-12-21,5.980000019073486,6.300000190734863,5.949999809265137,6.260000228881836,248200
2016-12-22,6.0,6.050000190734863,5.949999809265137,5.980000019073486,125300
2016-12-23,6.039999961853027,6.039999961853027,5.949999809265137,6.0,13300
2016-12-27,5.940000057220459,6.25,5.900000095367432,5.900000095367432,17800
2016-12-28,6.0,6.099999904632568,5.909999847412109,6.099999904632568,50200
2016-12-29,5.989999771118164,6.0,5.949999809265137,6.0,15000
2016-12-30,5.900000095367432,6.0,5.900000095367432,5.96999979019165,15900
2017-01-03,6.25,6.25,6.0,6.0,162900
2017-01-04,6.110000133514404,6.25,6.099999904632568,6.210000038146973,11400
2017-01-05,6.110000133514404,6.239999771118164,6.059999942779541,6.059999942779541,49600
2017-01-06,6.03000020980835,6.150000095367432,6.019999980926514,6.150000095367432,10700
2017-01-09,6.150000095367432,6.199999809265137,6.039999961853027,6.039999961853027,8700
2017-01-10,6.150000095367432,6.190000057220459,6.099999904632568,6.139999866485596,63400
2017-01-11,6.150000095367432,6.150000095367432,6.099999904632568,6.130000114440918,9400
2017-01-12,6.099999904632568,6.190000057220459,6.099999904632568,6.190000057220459,7800
2017-01-13,5.800000190734863,6.0,5.800000190734863,6.0,126800
2017-01-17,6.079999923706055,6.230000019073486,6.050000190734863,6.190000057220459,418400
2017-01-18,6.190000057220459,6.239999771118164,6.0,6.050000190734863,631900
2017-01-19,6.050000190734863,6.25,6.0,6.170000076293945,14400
2017-01-20,6.239999771118164,6.25,6.019999980926514,6.019999980926514,592500
2017-01-23,6.150000095367432,6.320000171661377,6.150000095367432,6.25,17700
2017-01-24,6.199999809265137,6.349999904632568,6.199999809265137,6.25,4100
2017-01-25,6.099999904632568,6.199999809265137,6.099999904632568,6.190000057220459,1200
2017-01-26,6.159999847412109,6.349999904632568,6.099999904632568,6.25,3400
2017-01-27,6.369999885559082,6.599999904632568,6.260000228881836,6.300000190734863,6500
2017-01-30,7.150000095367432,7.150000095367432,6.449999809265137,6.599999904632568,22000
2017-01-31,7.059999942779541,7.190000057220459,7.0,7.150000095367432,3600
2017-02-01,7.210000038146973,7.300000190734863,7.099999904632568,7.099999904632568,16700
2017-02-02,7.349999904632568,7.380000114440918,7.199999809265137,7.199999809265137,32200
2017-02-03,8.149999618530273,8.149999618530273,7.400000095367432,7.449999809265137,14200
2017-02-06,8.8100004196167,9.0,8.25,8.25,15800
2017-02-07,8.5,9.039999961853027,8.199999809265137,8.850000381469727,1310900
2017-02-08,8.600000381469727,8.600000381469727,8.300000190734863,8.40999984741211,20500
2017-02-09,8.949999809265137,9.0,8.949999809265137,9.0,1300
2017-02-10,8.899999618530273,9.170000076293945,8.699999809265137,9.170000076293945,6700
2017-02-13,9.0,9.0,8.699999809265137,8.899999618530273,35300
2017-02-14,9.100000381469727,9.100000381469727,8.800000190734863,8.899999618530273,21000
2017-02-15,9.0,9.010000228881836,8.75,9.010000228881836,16900
2017-02-16,9.039999961853027,9.170000076293945,9.039999961853027,9.109999656677246,2200
2017-02-17,9.100000381469727,9.130000114440918,9.0,9.020000457763672,5000
2017-02-21,6.300000190734863,9.100000381469727,6.110000133514404,9.0,72600
2017-02-22,5.900000095367432,6.110000133514404,5.510000228881836,6.110000133514404,32500
2017-02-23,6.079999923706055,6.139999866485596,5.800000190734863,5.900000095367432,43100
2017-02-24,6.320000171661377,6.320000171661377,5.800000190734863,5.800000190734863,23500
2017-02-27,6.150000095367432,6.150000095367432,5.699999809265137,6.090000152587891,21900
2017-02-28,6.53000020980835,6.599999904632568,6.139999866485596,6.21999979019165,12000
2017-03-01,6.699999809265137,6.800000190734863,6.599999904632568,6.599999904632568,11800
2017-03-02,6.5,6.849999904632568,6.400000095367432,6.400000095367432,23800
2017-03-03,6.5,6.599999904632568,6.5,6.599999904632568,2100
2017-03-06,6.480000019073486,6.650000095367432,6.460000038146973,6.460000038146973,23000
2017-03-07,6.050000190734863,6.349999904632568,6.050000190734863,6.349999904632568,900
2017-03-08,5.800000190734863,6.099999904632568,5.800000190734863,6.070000171661377,3200
2017-03-09,5.610000133514404,6.0,5.610000133514404,5.900000095367432,4800
2017-03-10,5.949999809265137,5.949999809265137,5.699999809265137,5.699999809265137,4100
2017-03-13,6.150000095367432,6.150000095367432,6.0,6.039999961853027,3400
2017-03-14,5.849999904632568,6.099999904632568,5.849999904632568,6.099999904632568,1400
2017-03-15,5.800000190734863,5.949999809265137,5.599999904632568,5.949999809265137,2000
2017-03-16,5.849999904632568,5.849999904632568,5.650000095367432,5.690000057220459,2500
2017-03-17,6.0,6.0,6.0,6.0,700
2017-03-20,5.900000095367432,6.0,5.900000095367432,6.0,700
2017-03-21,5.829999923706055,5.900000095367432,5.829999923706055,5.900000095367432,3900
2017-03-22,5.659999847412109,5.849999904632568,5.659999847412109,5.699999809265137,5300
2017-03-23,5.260000228881836,5.599999904632568,5.25,5.599999904632568,1100
2017-03-24,5.300000190734863,5.309999942779541,5.150000095367432,5.199999809265137,1600
2017-03-27,5.559999942779541,5.559999942779541,5.150000095367432,5.210000038146973,16700
2017-03-28,5.28000020980835,5.400000095367432,5.110000133514404,5.400000095367432,8100
2017-03-29,5.539999961853027,5.559999942779541,5.289999961853027,5.289999961853027,6300
2017-03-30,5.119999885559082,5.349999904632568,5.010000228881836,5.300000190734863,9500
2017-03-31,5.199999809265137,5.199999809265137,5.199999809265137,5.199999809265137,300
2017-04-03,5.199999809265137,5.199999809265137,5.199999809265137,5.199999809265137,0
2017-04-04,4.75,5.010000228881836,4.75,5.010000228881836,3700
2017-04-05,4.739999771118164,4.739999771118164,4.699999809265137,4.699999809265137,400
2017-04-06,4.75,4.75,4.699999809265137,4.699999809265137,2100
2017-04-07,4.599999904632568,4.699999809265137,4.5,4.670000076293945,18800
2017-04-10,4.460000038146973,4.550000190734863,4.460000038146973,4.550000190734863,1400
2017-04-11,5.0,5.0,4.650000095367432,4.650000095367432,4700
2017-04-12,4.900000095367432,4.900000095367432,4.900000095367432,4.900000095367432,2300
2017-04-13,4.900000095367432,5.0,4.849999904632568,4.900000095367432,4400
2017-04-17,4.900000095367432,4.900000095367432,4.900000095367432,4.900000095367432,300
2017-04-18,5.0,5.0,5.0,5.0,400
2017-04-19,4.949999809265137,5.0,4.949999809265137,5.0,1400
2017-04-20,5.349999904632568,5.349999904632568,4.949999809265137,5.039999961853027,6400
2017-04-21,5.210000038146973,5.400000095367432,5.199999809265137,5.349999904632568,3200
2017-04-24,5.349999904632568,5.550000190734863,5.210000038146973,5.210000038146973,500
2017-04-25,5.550000190734863,5.590000152587891,5.360000133514404,5.590000152587891,3200
2017-04-26,5.900000095367432,5.900000095367432,5.599999904632568,5.599999904632568,4500
2017-04-27,6.0,6.0,5.800000190734863,5.949999809265137,2600
2017-04-28,6.159999847412109,6.25,5.849999904632568,6.190000057220459,9400
2017-05-01,6.230000019073486,6.230000019073486,6.099999904632568,6.230000019073486,7700
2017-05-02,5.650000095367432,5.960000038146973,5.650000095367432,5.900000095367432,5600
2017-05-03,5.5,5.650000095367432,5.5,5.650000095367432,800
2017-05-04,5.5,5.5,5.099999904632568,5.349999904632568,1600
2017-05-05,5.349999904632568,5.349999904632568,5.349999904632568,5.349999904632568,600
2017-05-08,5.340000152587891,5.340000152587891,5.340000152587891,5.340000152587891,300
2017-05-09,5.300000190734863,5.300000190734863,5.199999809265137,5.199999809265137,1300
2017-05-10,5.429999828338623,5.429999828338623,5.199999809265137,5.25,700
2017-05-11,5.5,5.650000095367432,5.5,5.650000095367432,400
2017-05-12,5.610000133514404,5.610000133514404,5.610000133514404,5.610000133514404,2800
2017-05-15,5.849999904632568,5.849999904632568,5.809999942779541,5.809999942779541,2000
2017-05-16,5.699999809265137,5.800000190734863,5.650000095367432,5.650000095367432,1900
2017-05-17,5.53000020980835,5.650000095367432,5.25,5.650000095367432,5800
2017-05-18,5.199999809265137,5.349999904632568,5.199999809265137,5.349999904632568,2000
2017-05-19,5.03000020980835,5.190000057220459,4.650000095367432,5.190000057220459,13000
2017-05-22,4.949999809265137,5.0,4.849999904632568,4.849999904632568,2000
2017-05-23,4.599999904632568,4.949999809265137,4.599999904632568,4.949999809265137,11700
2017-05-24,4.800000190734863,4.849999904632568,4.699999809265137,4.699999809265137,700
2017-05-25,4.800000190734863,4.849999904632568,4.699999809265137,4.699999809265137,20600
2017-05-26,4.909999847412109,5.050000190734863,4.909999847412109,4.989999771118164,1600
2017-05-30,4.900000095367432,4.949999809265137,4.900000095367432,4.949999809265137,300
2017-05-31,4.800000190734863,4.800000190734863,4.800000190734863,4.800000190734863,1800
2017-06-01,5.019999980926514,5.019999980926514,5.0,5.0,4900
2017-06-02,5.010000228881836,5.199999809265137,4.900000095367432,4.900000095367432,1500
2017-06-05,4.909999847412109,5.050000190734863,4.909999847412109,5.0,7900
2017-06-06,4.900000095367432,4.900000095367432,4.900000095367432,4.900000095367432,1400
2017-06-07,4.900000095367432,4.900000095367432,4.900000095367432,4.900000095367432,0
2017-06-08,4.889999866485596,4.889999866485596,4.889999866485596,4.889999866485596,100
2017-06-09,4.659999847412109,4.800000190734863,4.650000095367432,4.800000190734863,2400
2017-06-12,4.659999847412109,4.849999904632568,4.659999847412109,4.849999904632568,7500
2017-06-13,4.659999847412109,4.659999847412109,4.650000095367432,4.650000095367432,200
2017-06-14,4.800000190734863,4.800000190734863,4.800000190734863,4.800000190734863,500
2017-06-15,4.800000190734863,4.800000190734863,4.800000190734863,4.800000190734863,0
2017-06-16,4.619999885559082,4.699999809265137,4.599999904632568,4.650000095367432,6500
2017-06-19,4.699999809265137,4.75,4.550000190734863,4.699999809265137,7700
2017-06-20,4.400000095367432,4.550000190734863,4.400000095367432,4.550000190734863,3700
2017-06-21,4.349999904632568,4.400000095367432,4.349999904632568,4.400000095367432,5000
2017-06-22,4.440000057220459,4.440000057220459,4.349999904632568,4.349999904632568,600
2017-06-23,4.440000057220459,4.440000057220459,4.440000057220459,4.440000057220459,0
2017-06-26,4.309999942779541,4.309999942779541,4.300000190734863,4.300000190734863,2352000
2017-06-27,4.400000095367432,4.400000095367432,4.300000190734863,4.309999942779541,26200
2017-06-28,4.300000190734863,4.300000190734863,4.300000190734863,4.300000190734863,16800
2017-06-29,4.380000114440918,4.380000114440918,4.380000114440918,4.380000114440918,400
2017-06-30,4.300000190734863,4.300000190734863,4.300000190734863,4.300000190734863,1600
2017-07-03,4.389999866485596,4.389999866485596,4.199999809265137,4.300000190734863,11900
2017-07-05,4.150000095367432,4.150000095367432,4.150000095367432,4.150000095367432,3500
2017-07-06,4.329999923706055,4.329999923706055,4.329999923706055,4.329999923706055,200
2017-07-07,4.079999923706055,4.079999923706055,4.079999923706055,4.079999923706055,1200
2017-07-10,4.070000171661377,4.110000133514404,4.070000171661377,4.110000133514404,3200
2017-07-11,4.070000171661377,4.070000171661377,4.070000171661377,4.070000171661377,0
2017-07-12,4.199999809265137,4.25,4.159999847412109,4.199999809265137,2600
2017-07-13,4.150000095367432,4.519999980926514,4.150000095367432,4.519999980926514,200
2017-07-14,4.150000095367432,4.150000095367432,4.150000095367432,4.150000095367432,0
2017-07-17,4.150000095367432,4.150000095367432,4.150000095367432,4.150000095367432,1300
2017-07-18,4.210000038146973,4.210000038146973,4.199999809265137,4.199999809265137,5500
2017-07-19,4.21999979019165,4.400000095367432,4.21999979019165,4.400000095367432,121600
2017-07-20,4.21999979019165,4.21999979019165,4.21999979019165,4.21999979019165,3600
2017-07-21,4.400000095367432,4.400000095367432,4.400000095367432,4.400000095367432,200
2017-07-24,4.849999904632568,4.849999904632568,4.489999771118164,4.489999771118164,13500
2017-07-25,5.300000190734863,5.300000190734863,4.889999866485596,4.889999866485596,11400
2017-07-26,5.550000190734863,5.650000095367432,5.5,5.5,5300
2017-07-27,5.5,5.5,5.25,5.25,390800
2017-07-28,5.5,5.5,5.25,5.5,4900
2017-07-31,5.300000190734863,5.300000190734863,5.25,5.25,1000
2017-08-01,5.300000190734863,5.300000190734863,5.300000190734863,5.300000190734863,0
2017-08-02,5.179999828338623,5.400000095367432,5.159999847412109,5.400000095367432,900
2017-08-03,5.199999809265137,5.199999809265137,5.199999809265137,5.199999809265137,100
2017-08-04,5.199999809265137,5.199999809265137,5.199999809265137,5.199999809265137,0
2017-08-07,5.349999904632568,5.349999904632568,5.349999904632568,5.349999904632568,100
2017-08-08,5.449999809265137,5.449999809265137,5.25,5.25,1900
2017-08-09,5.25,5.25,5.25,5.25,1100
2017-08-10,5.300000190734863,5.300000190734863,5.300000190734863,5.300000190734863,200
2017-08-11,5.25,5.25,5.25,5.25,200
2017-08-14,5.25,5.25,5.25,5.25,0
2017-08-15,5.099999904632568,5.25,5.0,5.199999809265137,17400
2017-08-16,4.949999809265137,5.099999904632568,4.710000038146973,5.099999904632568,8600
2017-08-17,4.900000095367432,4.949999809265137,4.849999904632568,4.900000095367432,35000
2017-08-18,4.849999904632568,4.849999904632568,4.800000190734863,4.849999904632568,10900
2017-08-21,4.75,4.829999923706055,4.75,4.800000190734863,177700
2017-08-22,4.800000190734863,4.900000095367432,4.75,4.75,2800
2017-08-23,4.800000190734863,4.800000190734863,4.800000190734863,4.800000190734863,400
2017-08-24,4.800000190734863,4.800000190734863,4.800000190734863,4.800000190734863,0
2017-08-25,5.0,5.0,4.989999771118164,4.989999771118164,32100
2017-08-28,5.0,5.0,4.949999809265137,4.949999809265137,97700
2017-08-29,4.900000095367432,5.0,4.900000095367432,4.920000076293945,27700
2017-08-30,4.949999809265137,4.949999809265137,4.900000095367432,4.900000095367432,6800
2017-08-31,5.0,5.0,5.0,5.0,9500
2017-09-01,4.900000095367432,4.900000095367432,4.900000095367432,4.900000095367432,2300
2017-09-05,4.849999904632568,4.860000133514404,4.849999904632568,4.860000133514404,18700
2017-09-06,4.849999904632568,4.849999904632568,4.849999904632568,4.849999904632568,6300
2017-09-07,4.849999904632568,4.849999904632568,4.849999904632568,4.849999904632568,800
2017-09-08,4.800000190734863,4.849999904632568,4.800000190734863,4.849999904632568,1600
2017-09-11,5.0,5.0,4.920000076293945,4.920000076293945,4600
2017-09-12,4.989999771118164,5.099999904632568,4.989999771118164,4.989999771118164,30500
2017-09-13,5.070000171661377,5.099999904632568,5.070000171661377,5.070000171661377,9400
2017-09-14,5.599999904632568,5.650000095367432,5.400000095367432,5.5,16700
2017-09-15,5.559999942779541,5.559999942779541,5.400000095367432,5.400000095367432,2100
2017-09-18,5.449999809265137,5.550000190734863,5.449999809265137,5.449999809265137,400
2017-09-19,5.210000038146973,5.210000038146973,5.210000038146973,5.210000038146973,800
2017-09-20,5.5,5.5,5.5,5.5,4000
2017-09-21,5.5,5.5,5.5,5.5,1000
2017-09-22,5.480000019073486,5.5,5.480000019073486,5.5,2000
2017-09-25,5.599999904632568,5.599999904632568,5.550000190734863,5.550000190734863,3600
2017-09-26,5.599999904632568,5.599999904632568,5.599999904632568,5.599999904632568,1000
2017-09-27,5.269999980926514,5.400000095367432,5.269999980926514,5.349999904632568,4001900
2017-09-28,5.5,5.5,5.369999885559082,5.369999885559082,2310900
2017-09-29,5.5,5.5,5.5,5.5,0
2017-10-02,5.590000152587891,5.590000152587891,5.420000076293945,5.420000076293945,1246400
2017-10-03,5.400000095367432,5.590000152587891,5.400000095367432,5.579999923706055,502800
2017-10-04,5.329999923706055,5.400000095367432,5.300000190734863,5.400000095367432,751100
2017-10-05,5.329999923706055,5.329999923706055,5.329999923706055,5.329999923706055,0
2017-10-06,5.300000190734863,5.309999942779541,5.300000190734863,5.309999942779541,1900
2017-10-09,5.349999904632568,5.349999904632568,5.349999904632568,5.349999904632568,100
2017-10-10,5.25,5.300000190734863,5.25,5.25,10200
2017-10-11,5.300000190734863,5.300000190734863,5.300000190734863,5.300000190734863,100
2017-10-12,5.179999828338623,5.300000190734863,5.179999828338623,5.300000190734863,400
2017-10-13,5.230000019073486,5.300000190734863,5.199999809265137,5.199999809265137,12600
2017-10-16,5.139999866485596,5.25,5.110000133514404,5.170000076293945,3000
2017-10-17,5.150000095367432,5.150000095367432,5.099999904632568,5.099999904632568,700
2017-10-18,5.039999961853027,5.050000190734863,5.03000020980835,5.050000190734863,4700
2017-10-19,5.039999961853027,5.039999961853027,5.039999961853027,5.039999961853027,0
2017-10-20,5.25,5.25,5.099999904632568,5.099999904632568,400
2017-10-23,5.25,5.300000190734863,5.079999923706055,5.300000190734863,1800
2017-10-24,5.210000038146973,5.210000038146973,5.110000133514404,5.139999866485596,1300
2017-10-25,5.03000020980835,5.110000133514404,5.019999980926514,5.110000133514404,3600
2017-10-26,5.03000020980835,5.03000020980835,5.03000020980835,5.03000020980835,100
2017-10-27,5.0,5.0,5.0,5.0,600
2017-10-30,5.0,5.0,5.0,5.0,0
2017-10-31,5.0,5.0,5.0,5.0,200
2017-11-01,5.0,5.0,5.0,5.0,0
2017-11-02,5.039999961853027,5.039999961853027,4.909999847412109,4.949999809265137,6100
2017-11-03,4.800000190734863,5.0,4.800000190734863,5.0,1900
2017-11-06,4.699999809265137,4.809999942779541,4.630000114440918,4.809999942779541,16800
2017-11-07,4.800000190734863,4.800000190734863,4.800000190734863,4.800000190734863,1000
2017-11-08,4.650000095367432,4.650000095367432,4.650000095367432,4.650000095367432,300
2017-11-09,4.650000095367432,4.75,4.650000095367432,4.75,200
2017-11-10,4.690000057220459,4.690000057220459,4.690000057220459,4.690000057220459,200
2017-11-13,4.440000057220459,4.639999866485596,4.340000152587891,4.639999866485596,46000
2017-11-14,4.5,4.650000095367432,4.5,4.599999904632568,5900
2017-11-15,4.599999904632568,4.670000076293945,4.599999904632568,4.670000076293945,1700
2017-11-16,4.449999809265137,4.449999809265137,4.449999809265137,4.449999809265137,600
2017-11-17,4.449999809265137,4.449999809265137,4.449999809265137,4.449999809265137,0
2017-11-20,4.349999904632568,4.449999809265137,4.349999904632568,4.449999809265137,600
2017-11-21,4.550000190734863,4.550000190734863,4.550000190734863,4.550000190734863,2500
2017-11-22,4.449999809265137,4.449999809265137,4.449999809265137,4.449999809265137,200
2017-11-24,4.440000057220459,4.440000057220459,4.440000057220459,4.440000057220459,800
2017-11-27,4.300000190734863,4.409999847412109,4.28000020980835,4.409999847412109,6800
2017-11-28,4.550000190734863,4.550000190734863,4.300000190734863,4.300000190734863,2600
2017-11-29,4.610000133514404,5.050000190734863,4.610000133514404,4.699999809265137,236400
2017-11-30,4.75,4.75,4.75,4.75,15000
2017-12-01,4.690000057220459,4.800000190734863,4.650000095367432,4.800000190734863,2900
2017-12-04,4.909999847412109,4.909999847412109,4.800000190734863,4.800000190734863,400
2017-12-05,4.5,4.75,4.5,4.699999809265137,5400
2017-12-06,4.400000095367432,4.5,4.300000190734863,4.5,1300
2017-12-07,5.400000095367432,5.96999979019165,5.0,5.0,78600
2017-12-08,5.550000190734863,5.650000095367432,5.420000076293945,5.650000095367432,12600
2017-12-11,5.599999904632568,5.599999904632568,5.400000095367432,5.420000076293945,6100
2017-12-12,5.650000095367432,5.650000095367432,5.650000095367432,5.650000095367432,110300
2017-12-13,5.699999809265137,5.699999809265137,5.699999809265137,5.699999809265137,2700
2017-12-14,5.800000190734863,5.800000190734863,5.699999809265137,5.699999809265137,208300
2017-12-15,5.789999961853027,5.789999961853027,5.5,5.599999904632568,28600
2017-12-18,6.090000152587891,6.090000152587891,5.789999961853027,5.800000190734863,10800
2017-12-19,6.099999904632568,6.25,6.010000228881836,6.099999904632568,42200
2017-12-20,6.25,6.25,5.900000095367432,6.099999904632568,28200
2017-12-21,6.5,6.800000190734863,6.199999809265137,6.199999809265137,30200
2017-12-22,6.5,6.5,6.5,6.5,2100
2017-12-26,6.329999923706055,6.670000076293945,6.320000171661377,6.320000171661377,6100
2017-12-27,6.710000038146973,6.989999771118164,6.449999809265137,6.679999828338623,27200
2017-12-28,6.75,6.75,6.75,6.75,1100
2017-12-29,6.369999885559082,6.699999809265137,6.369999885559082,6.699999809265137,5700
2018-01-02,6.489999771118164,6.800000190734863,6.349999904632568,6.400000095367432,2246800
2018-01-03,6.400000095367432,6.800000190734863,6.400000095367432,6.75,273700
2018-01-04,6.739999771118164,6.800000190734863,6.5,6.650000095367432,43300
2018-01-05,6.739999771118164,6.940000057220459,6.599999904632568,6.800000190734863,10200
2018-01-08,6.599999904632568,6.730000019073486,6.300000190734863,6.730000019073486,33000
2018-01-09,6.599999904632568,6.599999904632568,6.5,6.5,1200
2018-01-10,6.5,6.599999904632568,6.5,6.5,3400
2018-01-11,6.5,6.5,6.5,6.5,500
2018-01-12,6.699999809265137,6.699999809265137,6.599999904632568,6.599999904632568,1009900
2018-01-16,6.5,6.599999904632568,6.5,6.599999904632568,1300
2018-01-17,6.590000152587891,6.590000152587891,6.489999771118164,6.5,6800
2018-01-18,6.550000190734863,6.590000152587891,6.5,6.590000152587891,4100
2018-01-19,6.269999980926514,6.269999980926514,6.269999980926514,6.269999980926514,126300
2018-01-22,6.150000095367432,6.349999904632568,6.150000095367432,6.349999904632568,29400
2018-01-23,6.0,6.110000133514404,5.809999942779541,6.110000133514404,28900
2018-01-24,6.0,6.0,5.989999771118164,5.989999771118164,20000
2018-01-25,5.889999866485596,5.900000095367432,5.800000190734863,5.820000171661377,28300
2018-01-26,5.800000190734863,5.909999847412109,5.800000190734863,5.909999847412109,122100
2018-01-29,5.849999904632568,5.849999904632568,5.849999904632568,5.849999904632568,700
2018-01-30,6.300000190734863,6.369999885559082,5.900000095367432,5.900000095367432,10800
2018-01-31,6.429999828338623,6.429999828338623,6.389999866485596,6.389999866485596,6500
2018-02-01,6.690000057220459,6.690000057220459,6.460000038146973,6.5,1000
2018-02-02,6.349999904632568,6.449999809265137,6.349999904632568,6.449999809265137,4000
2018-02-05,6.300000190734863,6.349999904632568,6.300000190734863,6.349999904632568,1800
2018-02-06,6.199999809265137,6.199999809265137,6.199999809265137,6.199999809265137,3500
2018-02-07,6.400000095367432,6.400000095367432,6.400000095367432,6.400000095367432,1700
2018-02-08,6.199999809265137,6.260000228881836,6.099999904632568,6.260000228881836,10800
2018-02-09,5.949999809265137,6.099999904632568,5.949999809265137,6.099999904632568,3800
2018-02-12,6.099999904632568,6.099999904632568,6.0,6.0,2300
2018-02-13,6.099999904632568,6.099999904632568,6.099999904632568,6.099999904632568,0
2018-02-14,5.800000190734863,5.900000095367432,5.800000190734863,5.900000095367432,1600
2018-02-15,5.800000190734863,6.0,5.75,5.75,8500
2018-02-16,5.800000190734863,5.800000190734863,5.800000190734863,5.800000190734863,2300
2018-02-20,5.599999904632568,5.789999961853027,5.510000228881836,5.75,52900
2018-02-21,5.900000095367432,5.909999847412109,5.5,5.550000190734863,49200
2018-02-22,5.75,5.75,5.650000095367432,5.710000038146973,4100
2018-02-23,5.5,5.570000171661377,5.5,5.570000171661377,2300
2018-02-26,5.519999980926514,5.550000190734863,5.5,5.5,12600
2018-02-27,5.5,5.550000190734863,5.5,5.510000228881836,50000
2018-02-28,5.5,5.5,5.5,5.5,0
2018-03-01,5.25,5.460000038146973,5.25,5.460000038146973,2200
2018-03-02,5.050000190734863,5.25,5.050000190734863,5.25,3200
2018-03-05,5.050000190734863,5.050000190734863,5.050000190734863,5.050000190734863,0
2018-03-06,5.150000095367432,5.150000095367432,5.099999904632568,5.150000095367432,4900
2018-03-07,5.139999866485596,5.150000095367432,5.070000171661377,5.150000095367432,12500
2018-03-08,5.199999809265137,5.199999809265137,5.050000190734863,5.070000171661377,2500
2018-03-09,5.070000171661377,5.150000095367432,5.050000190734863,5.059999942779541,4700
2018-03-12,5.199999809265137,5.199999809265137,5.010000228881836,5.059999942779541,22500
2018-03-13,5.070000171661377,5.070000171661377,5.070000171661377,5.070000171661377,600
2018-03-14,5.139999866485596,5.139999866485596,5.139999866485596,5.139999866485596,500
2018-03-15,5.050000190734863,5.050000190734863,5.010000228881836,5.050000190734863,6000
2018-03-16,5.090000152587891,5.099999904632568,5.0,5.0,8500
2018-03-19,5.0,5.019999980926514,5.0,5.019999980926514,1300
2018-03-20,5.0,5.050000190734863,5.0,5.050000190734863,8700
2018-03-21,5.0,5.0,5.0,5.0,200
2018-03-22,4.699999809265137,4.900000095367432,4.699999809265137,4.900000095367432,9300
2018-03-23,4.5,4.650000095367432,4.400000095367432,4.650000095367432,6100
2018-03-26,4.599999904632568,4.610000133514404,4.550000190734863,4.550000190734863,11300
2018-03-27,4.400000095367432,4.599999904632568,4.400000095367432,4.599999904632568,1500
2018-03-28,4.550000190734863,4.599999904632568,4.400000095367432,4.400000095367432,55700
2018-03-29,4.550000190734863,4.550000190734863,4.539999961853027,4.539999961853027,3000
2018-04-02,4.5,4.5,4.5,4.5,1400
2018-04-03,4.5,4.5,4.5,4.5,0
2018-04-04,4.5,4.579999923706055,4.5,4.579999923706055,1600
2018-04-05,4.5,4.5,4.5,4.5,11600
2018-04-06,4.449999809265137,4.46999979019165,4.449999809265137,4.46999979019165,4800
2018-04-09,4.599999904632568,4.599999904632568,4.53000020980835,4.539999961853027,5300
2018-04-10,4.650000095367432,4.650000095367432,4.650000095367432,4.650000095367432,200
2018-04-11,4.699999809265137,4.699999809265137,4.699999809265137,4.699999809265137,300
2018-04-12,4.900000095367432,4.900000095367432,4.820000171661377,4.820000171661377,56500
2018-04-13,4.869999885559082,4.900000095367432,4.769999980926514,4.900000095367432,64900
2018-04-16,4.860000133514404,4.860000133514404,4.849999904632568,4.849999904632568,4900
2018-04-17,5.110000133514404,5.110000133514404,4.909999847412109,4.909999847412109,40500
2018-04-18,5.099999904632568,5.150000095367432,5.090000152587891,5.150000095367432,2600
2018-04-19,5.199999809265137,5.199999809265137,5.199999809265137,5.199999809265137,500
2018-04-20,5.099999904632568,5.510000228881836,5.090000152587891,5.5,1510700
2018-04-23,5.099999904632568,5.099999904632568,5.099999904632568,5.099999904632568,0
2018-04-24,4.980000019073486,5.090000152587891,4.980000019073486,5.090000152587891,500
2018-04-25,4.980000019073486,4.980000019073486,4.980000019073486,4.980000019073486,0
2018-04-26,5.099999904632568,5.099999904632568,5.090000152587891,5.099999904632568,7600
2018-04-27,5.099999904632568,5.099999904632568,5.099999904632568,5.099999904632568,0
2018-04-30,5.099999904632568,5.099999904632568,5.099999904632568,5.099999904632568,0
2018-05-01,4.820000171661377,4.980000019073486,4.820000171661377,4.980000019073486,1200
2018-05-02,4.889999866485596,4.889999866485596,4.71999979019165,4.800000190734863,4800
2018-05-03,4.570000171661377,4.900000095367432,4.570000171661377,4.800000190734863,4700
2018-05-04,4.510000228881836,4.550000190734863,4.449999809265137,4.510000228881836,71700
2018-05-07,4.510000228881836,4.510000228881836,4.510000228881836,4.510000228881836,0
2018-05-08,4.550000190734863,4.579999923706055,4.360000133514404,4.53000020980835,266500
2018-05-09,4.400000095367432,4.449999809265137,4.400000095367432,4.449999809265137,2100
2018-05-10,4.400000095367432,4.420000076293945,4.400000095367432,4.420000076293945,2400
2018-05-11,4.489999771118164,4.489999771118164,4.489999771118164,4.489999771118164,500
2018-05-14,4.400000095367432,4.400000095367432,4.400000095367432,4.400000095367432,200
2018-05-15,4.550000190734863,4.550000190734863,4.409999847412109,4.409999847412109,600
2018-05-16,4.5,4.630000114440918,4.5,4.550000190734863,7700
2018-05-17,4.550000190734863,4.559999942779541,4.449999809265137,4.539999961853027,142500
2018-05-18,4.75,4.75,4.53000020980835,4.53000020980835,31400
2018-05-21,4.75,4.800000190734863,4.75,4.75,25500
2018-05-22,4.699999809265137,4.800000190734863,4.699999809265137,4.789999961853027,2600
2018-05-23,4.699999809265137,4.699999809265137,4.679999828338623,4.679999828338623,3500
2018-05-24,4.5,4.650000095367432,4.5,4.650000095367432,5300
2018-05-25,4.639999866485596,4.639999866485596,4.639999866485596,4.639999866485596,200
2018-05-29,4.650000095367432,4.670000076293945,4.650000095367432,4.670000076293945,1900
2018-05-30,4.699999809265137,4.75,4.699999809265137,4.75,2200
2018-05-31,4.849999904632568,4.849999904632568,4.75,4.75,13500
2018-06-01,4.800000190734863,4.800000190734863,4.800000190734863,4.800000190734863,20500
2018-06-04,4.800000190734863,4.800000190734863,4.800000190734863,4.800000190734863,0
2018-06-05,4.699999809265137,4.730000019073486,4.699999809265137,4.730000019073486,30500
2018-06-06,4.650000095367432,4.650000095367432,4.650000095367432,4.650000095367432,1100
2018-06-07,4.619999885559082,4.679999828338623,4.559999942779541,4.650000095367432,14600
2018-06-08,4.550000190734863,4.550000190734863,4.550000190734863,4.550000190734863,800
2018-06-11,4.670000076293945,4.670000076293945,4.5,4.630000114440918,2000
2018-06-12,4.96999979019165,4.96999979019165,4.699999809265137,4.699999809265137,87800
2018-06-13,4.78000020980835,4.900000095367432,4.78000020980835,4.900000095367432,13900
2018-06-14,4.889999866485596,4.889999866485596,4.889999866485596,4.889999866485596,300
2018-06-15,4.75,4.889999866485596,4.75,4.889999866485596,400
2018-06-18,4.75,4.820000171661377,4.699999809265137,4.820000171661377,13200
2018-06-19,4.800000190734863,4.960000038146973,4.699999809265137,4.699999809265137,5300
2018-06-20,4.800000190734863,4.800000190734863,4.800000190734863,4.800000190734863,0
2018-06-21,5.300000190734863,5.480000019073486,4.880000114440918,4.900000095367432,23700
2018-06-22,5.25,5.349999904632568,5.25,5.349999904632568,3600
2018-06-25,5.199999809265137,5.199999809265137,5.199999809265137,5.199999809265137,400
2018-06-26,5.0,5.159999847412109,5.0,5.159999847412109,1200
2018-06-27,5.0,5.050000190734863,5.0,5.050000190734863,2100
2018-06-28,5.25,5.25,5.099999904632568,5.099999904632568,1300
2018-06-29,5.289999961853027,5.289999961853027,5.289999961853027,5.289999961853027,800
2018-07-02,5.0,5.150000095367432,5.0,5.099999904632568,99800
2018-07-03,5.0,5.0,5.0,5.0,0
2018-07-05,5.0,5.0,5.0,5.0,0
2018-07-06,5.050000190734863,5.050000190734863,5.050000190734863,5.050000190734863,400
2018-07-09,5.099999904632568,5.099999904632568,5.050000190734863,5.050000190734863,1500
2018-07-10,5.099999904632568,5.099999904632568,5.099999904632568,5.099999904632568,0
2018-07-11,5.050000190734863,5.050000190734863,5.050000190734863,5.050000190734863,1100
2018-07-12,4.900000095367432,5.050000190734863,4.900000095367432,5.050000190734863,1200
2018-07-13,4.78000020980835,4.840000152587891,4.78000020980835,4.840000152587891,500
2018-07-16,4.659999847412109,4.760000228881836,4.659999847412109,4.760000228881836,2200
2018-07-17,4.639999866485596,4.75,4.5,4.75,42500
2018-07-18,5.090000152587891,5.090000152587891,4.71999979019165,4.789999961853027,3300
2018-07-19,5.099999904632568,5.099999904632568,4.829999923706055,5.099999904632568,64600
2018-07-20,5.099999904632568,5.099999904632568,5.0,5.0,2500
2018-07-23,5.099999904632568,5.099999904632568,5.0,5.0,110400
2018-07-24,5.050000190734863,5.090000152587891,5.050000190734863,5.090000152587891,800
2018-07-25,5.050000190734863,5.050000190734863,5.050000190734863,5.050000190734863,0
2018-07-26,5.0,5.0,4.949999809265137,5.0,1900
2018-07-27,5.050000190734863,5.050000190734863,4.889999866485596,4.949999809265137,19100
2018-07-30,4.920000076293945,4.920000076293945,4.900000095367432,4.900000095367432,3100
2018-07-31,5.139999866485596,5.139999866485596,4.909999847412109,4.909999847412109,1700
2018-08-01,4.900000095367432,4.920000076293945,4.800000190734863,4.920000076293945,4700
2018-08-02,4.949999809265137,4.949999809265137,4.949999809265137,4.949999809265137,200
2018-08-03,4.949999809265137,4.949999809265137,4.949999809265137,4.949999809265137,1000
2018-08-06,4.989999771118164,4.989999771118164,4.989999771118164,4.989999771118164,1000
2018-08-07,4.900000095367432,4.900000095367432,4.849999904632568,4.900000095367432,2100
2018-08-08,4.869999885559082,4.869999885559082,4.869999885559082,4.869999885559082,500
2018-08-09,4.949999809265137,4.949999809265137,4.869999885559082,4.869999885559082,5500
2018-08-10,5.0,5.0,4.96999979019165,4.96999979019165,600
2018-08-13,5.0,5.0,5.0,5.0,0
2018-08-14,5.0,5.0,4.800000190734863,4.900000095367432,11900
2018-08-15,4.980000019073486,4.980000019073486,4.800000190734863,4.809999942779541,2100
2018-08-16,4.980000019073486,4.980000019073486,4.980000019073486,4.980000019073486,0
2018-08-17,4.980000019073486,4.980000019073486,4.980000019073486,4.980000019073486,0
2018-08-20,4.800000190734863,4.829999923706055,4.760000228881836,4.760000228881836,4900
2018-08-21,4.980000019073486,4.980000019073486,4.900000095367432,4.900000095367432,2300
2018-08-22,5.079999923706055,5.099999904632568,4.949999809265137,4.949999809265137,7600
2018-08-23,5.0,5.150000095367432,5.0,5.099999904632568,5800
2018-08-24,4.789999961853027,4.800000190734863,4.760000228881836,4.800000190734863,3000
2018-08-27,4.760000228881836,4.760000228881836,4.760000228881836,4.760000228881836,2000
2018-08-28,4.900000095367432,4.900000095367432,4.900000095367432,4.900000095367432,50000
2018-08-29,4.900000095367432,4.900000095367432,4.900000095367432,4.900000095367432,0
2018-08-30,4.800000190734863,4.800000190734863,4.800000190734863,4.800000190734863,200
2018-08-31,4.800000190734863,4.800000190734863,4.800000190734863,4.800000190734863,0
2018-09-04,4.800000190734863,4.989999771118164,4.800000190734863,4.989999771118164,900
2018-09-05,4.760000228881836,4.760000228881836,4.760000228881836,4.760000228881836,900
2018-09-06,4.769999980926514,4.900000095367432,4.769999980926514,4.889999866485596,1300
2018-09-07,4.880000114440918,4.880000114440918,4.650000095367432,4.75,2200
2018-09-10,4.639999866485596,4.650000095367432,4.639999866485596,4.650000095367432,800
2018-09-11,4.679999828338623,4.679999828338623,4.679999828338623,4.679999828338623,1100
2018-09-12,4.690000057220459,4.690000057220459,4.690000057220459,4.690000057220459,2000
2018-09-13,4.690000057220459,4.690000057220459,4.690000057220459,4.690000057220459,0
2018-09-14,4.670000076293945,4.670000076293945,4.670000076293945,4.670000076293945,100
2018-09-17,4.5,4.599999904632568,4.5,4.599999904632568,2100
2018-09-18,4.449999809265137,4.550000190734863,4.449999809265137,4.550000190734863,2900
2018-09-19,4.519999980926514,4.519999980926514,4.5,4.5,10800
2018-09-20,4.599999904632568,4.599999904632568,4.5,4.5,4700
2018-09-21,4.599999904632568,4.599999904632568,4.599999904632568,4.599999904632568,0
2018-09-24,4.5,4.5,4.400000095367432,4.5,33800
2018-09-25,4.409999847412109,4.409999847412109,4.409999847412109,4.409999847412109,1500300
2018-09-26,4.400000095367432,4.400000095367432,4.400000095367432,4.400000095367432,11400
2018-09-27,4.400000095367432,4.400000095367432,4.400000095367432,4.400000095367432,2000
2018-09-28,4.400000095367432,4.400000095367432,4.349999904632568,4.400000095367432,10800
2018-10-01,4.550000190734863,4.75,4.400000095367432,4.400000095367432,8600
2018-10-02,4.889999866485596,4.900000095367432,4.670000076293945,4.670000076293945,5400
2018-10-03,5.070000171661377,5.070000171661377,4.900000095367432,4.929999828338623,311200
2018-10-04,5.050000190734863,5.190000057220459,5.0,5.070000171661377,15300
2018-10-05,5.119999885559082,5.150000095367432,5.090000152587891,5.099999904632568,19000
2018-10-08,5.050000190734863,5.050000190734863,5.050000190734863,5.050000190734863,1000
2018-10-09,5.050000190734863,5.050000190734863,5.050000190734863,5.050000190734863,0
2018-10-10,4.860000133514404,5.0,4.860000133514404,5.0,3600
2018-10-11,4.860000133514404,4.860000133514404,4.860000133514404,4.860000133514404,1100
2018-10-12,4.900000095367432,4.900000095367432,4.880000114440918,4.880000114440918,600
2018-10-15,4.900000095367432,4.900000095367432,4.900000095367432,4.900000095367432,0
2018-10-16,5.0,5.0,5.0,5.0,700
2018-10-17,4.929999828338623,5.150000095367432,4.929999828338623,5.050000190734863,7000
2018-10-18,4.929999828338623,4.929999828338623,4.929999828338623,4.929999828338623,0
2018-10-19,4.929999828338623,4.929999828338623,4.929999828338623,4.929999828338623,0
2018-10-22,4.880000114440918,4.880000114440918,4.880000114440918,4.880000114440918,300
2018-10-23,4.860000133514404,4.869999885559082,4.860000133514404,4.869999885559082,20100
2018-10-24,4.860000133514404,4.860000133514404,4.860000133514404,4.860000133514404,0
2018-10-25,4.75,4.75,4.75,4.75,400
2018-10-26,4.75,4.75,4.75,4.75,0
2018-10-29,4.75,4.75,4.75,4.75,7800
2018-10-30,4.75,4.75,4.75,4.75,0
2018-10-31,4.710000038146973,4.710000038146973,4.710000038146973,4.710000038146973,300
2018-11-01,5.0,5.090000152587891,4.800000190734863,4.800000190734863,20600
2018-11-02,5.0,5.119999885559082,4.980000019073486,5.0,17600
2018-11-05,5.0,5.059999942779541,5.0,5.050000190734863,10000
2018-11-06,5.03000020980835,5.03000020980835,4.900000095367432,4.960000038146973,1400
2018-11-07,5.03000020980835,5.03000020980835,5.03000020980835,5.03000020980835,0
2018-11-08,5.019999980926514,5.099999904632568,5.019999980926514,5.099999904632568,1600
2018-11-09,5.099999904632568,5.099999904632568,5.0,5.0,11400
2018-11-12,5.019999980926514,5.099999904632568,5.019999980926514,5.099999904632568,500
2018-11-13,5.0,5.03000020980835,5.0,5.03000020980835,9900
2018-11-14,4.949999809265137,4.949999809265137,4.949999809265137,4.949999809265137,3500
2018-11-15,4.909999847412109,5.0,4.900000095367432,4.900000095367432,2500
2018-11-16,4.909999847412109,5.099999904632568,4.909999847412109,4.949999809265137,1201800
2018-11-19,4.849999904632568,4.980000019073486,4.849999904632568,4.980000019073486,2500
2018-11-20,4.849999904632568,4.849999904632568,4.800000190734863,4.800000190734863,700
2018-11-21,5.0,5.0,5.0,5.0,1800
2018-11-23,4.900000095367432,4.900000095367432,4.900000095367432,4.900000095367432,1100
2018-11-26,4.75,4.849999904632568,4.75,4.849999904632568,1000
2018-11-27,4.739999771118164,4.739999771118164,4.699999809265137,4.699999809265137,1800
2018-11-28,4.550000190734863,4.599999904632568,4.510000228881836,4.599999904632568,1400
2018-11-29,4.599999904632568,4.690000057220459,4.599999904632568,4.690000057220459,1300
2018-11-30,4.650000095367432,4.75,4.650000095367432,4.650000095367432,2400
2018-12-03,4.699999809265137,4.75,4.650000095367432,4.75,3000
2018-12-04,4.659999847412109,4.760000228881836,4.650000095367432,4.650000095367432,8600
2018-12-06,4.980000019073486,4.980000019073486,4.75,4.75,13000
2018-12-07,4.940000057220459,5.0,4.670000076293945,4.980000019073486,75600
2018-12-10,4.75,4.940000057220459,4.75,4.940000057220459,22200
2018-12-11,4.849999904632568,4.849999904632568,4.840000152587891,4.840000152587891,25100
2018-12-12,4.849999904632568,4.849999904632568,4.849999904632568,4.849999904632568,132100
2018-12-13,4.849999904632568,4.849999904632568,4.849999904632568,4.849999904632568,0
2018-12-14,4.800000190734863,5.0,4.800000190734863,4.900000095367432,3900
2018-12-17,4.769999980926514,4.800000190734863,4.739999771118164,4.800000190734863,12100
2018-12-18,5.21999979019165,5.21999979019165,4.75,4.75,28200
2018-12-19,5.449999809265137,5.599999904632568,5.230000019073486,5.230000019073486,52100
2018-12-20,5.25,5.449999809265137,5.099999904632568,5.449999809265137,11500
2018-12-21,5.550000190734863,5.699999809265137,5.300000190734863,5.300000190734863,11300
2018-12-24,5.599999904632568,5.599999904632568,5.599999904632568,5.599999904632568,300
2018-12-26,5.449999809265137,5.550000190734863,5.349999904632568,5.550000190734863,10500
2018-12-27,5.590000152587891,5.610000133514404,5.550000190734863,5.550000190734863,56600
2018-12-28,5.400000095367432,5.610000133514404,5.400000095367432,5.590000152587891,131900
2018-12-31,5.400000095367432,5.400000095367432,5.400000095367432,5.400000095367432,100
2019-01-02,5.650000095367432,5.650000095367432,5.650000095367432,5.650000095367432,3300
2019-01-03,5.550000190734863,5.75,5.550000190734863,5.650000095367432,2700
2019-01-04,5.75,5.800000190734863,5.599999904632568,5.599999904632568,19000
2019-01-07,5.900000095367432,6.099999904632568,5.75,5.75,18700
2019-01-08,6.21999979019165,6.25,5.949999809265137,6.0,99500
2019-01-09,6.400000095367432,6.800000190734863,6.210000038146973,6.210000038146973,55800
2019-01-10,6.989999771118164,6.989999771118164,6.21999979019165,6.449999809265137,20900
2019-01-11,6.949999809265137,7.440000057220459,6.900000095367432,7.25,110700
2019-01-14,7.25,7.25,6.900000095367432,6.949999809265137,141900
2019-01-15,7.0,7.239999771118164,6.800000190734863,7.230000019073486,136700
2019-01-16,7.25,7.289999961853027,7.050000190734863,7.110000133514404,16900
2019-01-17,7.25,7.300000190734863,7.150000095367432,7.260000228881836,115700
2019-01-18,8.510000228881836,9.289999961853027,7.25,7.25,82200
2019-01-22,8.600000381469727,8.899999618530273,8.449999809265137,8.5,63100
2019-01-23,8.100000381469727,8.600000381469727,8.020000457763672,8.600000381469727,20000
2019-01-24,8.449999809265137,8.819999694824219,8.050000190734863,8.420000076293945,176100
2019-01-25,8.149999618530273,8.850000381469727,8.100000381469727,8.59000015258789,404700
2019-01-28,8.050000190734863,8.279999732971191,8.0,8.279999732971191,15100
2019-01-29,7.949999809265137,8.079999923706055,7.639999866485596,8.079999923706055,16300
2019-01-30,7.5,7.900000095367432,7.389999866485596,7.599999904632568,5400
2019-01-31,7.900000095367432,7.900000095367432,7.599999904632568,7.599999904632568,11800
2019-02-01,7.900000095367432,7.900000095367432,7.409999847412109,7.409999847412109,417300
2019-02-04,8.25,8.25,7.739999771118164,8.149999618530273,525800
2019-02-05,7.75,8.0,7.619999885559082,8.0,5800
2019-02-06,7.900000095367432,8.0,7.71999979019165,7.71999979019165,6500
2019-02-07,8.0,8.100000381469727,7.619999885559082,7.800000190734863,1482900
2019-02-08,7.900000095367432,7.900000095367432,7.900000095367432,7.900000095367432,400
2019-02-11,8.0,8.239999771118164,7.949999809265137,8.0,518100
2019-02-12,8.0,8.010000228881836,7.949999809265137,8.0,19800
2019-02-13,7.949999809265137,8.25,7.869999885559082,8.0,137600
2019-02-14,8.0,8.0,7.829999923706055,7.829999923706055,542200
2019-02-15,8.0,8.0,8.0,8.0,0
2019-02-19,8.0,8.0,8.0,8.0,500
2019-02-20,8.119999885559082,8.149999618530273,8.0,8.100000381469727,3500
2019-02-21,8.149999618530273,8.300000190734863,8.149999618530273,8.25,14500
2019-02-22,8.199999809265137,8.399999618530273,8.109999656677246,8.180000305175781,510600
2019-02-25,8.0,8.0,8.0,8.0,9800
2019-02-26,7.949999809265137,7.949999809265137,7.900000095367432,7.900000095367432,6100
2019-02-27,7.75,7.75,7.75,7.75,3500
2019-02-28,8.0,8.0,7.659999847412109,7.75,14800
2019-03-01,7.849999904632568,7.849999904632568,7.650000095367432,7.829999923706055,1900
2019-03-04,7.650000095367432,7.900000095367432,7.599999904632568,7.75,11200
2019-03-05,7.800000190734863,7.800000190734863,7.679999828338623,7.75,653300
2019-03-06,7.699999809265137,7.699999809265137,7.550000190734863,7.550000190734863,2800
2019-03-07,7.699999809265137,7.699999809265137,7.699999809265137,7.699999809265137,0
2019-03-08,7.599999904632568,7.599999904632568,7.449999809265137,7.449999809265137,822200
2019-03-11,7.650000095367432,7.650000095367432,7.650000095367432,7.650000095367432,200
2019-03-12,7.550000190734863,7.800000190734863,7.550000190734863,7.699999809265137,2300
2019-03-13,7.849999904632568,7.900000095367432,7.449999809265137,7.559999942779541,16500
2019-03-14,7.650000095367432,7.849999904632568,7.590000152587891,7.590000152587891,17500
2019-03-15,7.5,7.650000095367432,7.5,7.650000095367432,4600
2019-03-18,7.449999809265137,7.650000095367432,7.400000095367432,7.53000020980835,822400
2019-03-19,7.650000095367432,7.650000095367432,7.650000095367432,7.650000095367432,1000
2019-03-20,7.300000190734863,7.599999904632568,7.150000095367432,7.599999904632568,11100
2019-03-21,7.25,7.400000095367432,7.159999847412109,7.400000095367432,4200
2019-03-22,7.230000019073486,7.230000019073486,6.900000095367432,7.199999809265137,8600
2019-03-25,7.230000019073486,7.230000019073486,6.909999847412109,6.909999847412109,3100
2019-03-26,7.5,8.0,7.5,7.590000152587891,2000
2019-03-27,7.800000190734863,8.25,7.739999771118164,7.739999771118164,589400
2019-03-28,8.199999809265137,8.300000190734863,7.900000095367432,7.900000095367432,243200
2019-03-29,8.199999809265137,8.239999771118164,8.0,8.199999809265137,4046300
2019-04-01,8.0,8.270000457763672,7.900000095367432,8.199999809265137,29700
2019-04-02,8.300000190734863,8.300000190734863,8.020000457763672,8.180000305175781,38000
2019-04-03,8.0,8.449999809265137,8.0,8.449999809265137,1013800
2019-04-04,8.199999809265137,8.25,8.069999694824219,8.100000381469727,1281600
2019-04-05,8.149999618530273,8.350000381469727,8.100000381469727,8.319999694824219,72100
2019-04-08,8.0,8.149999618530273,7.900000095367432,8.0,13200
2019-04-09,8.300000190734863,8.300000190734863,8.0,8.050000190734863,7800
2019-04-10,8.109999656677246,8.25,8.0,8.1899995803833,166900
2019-04-11,8.140000343322754,8.140000343322754,8.050000190734863,8.050000190734863,34400
2019-04-12,8.0,8.050000190734863,7.949999809265137,8.050000190734863,33100
2019-04-15,8.100000381469727,8.199999809265137,8.0,8.0,37400
2019-04-16,8.25,8.399999618530273,8.220000267028809,8.220000267028809,4300
2019-04-17,8.5,8.75,7.900000095367432,8.0600004196167,79700
2019-04-18,8.699999809265137,8.710000038146973,8.600000381469727,8.699999809265137,2600
2019-04-22,8.6899995803833,8.9399995803833,8.6899995803833,8.720000267028809,63700
2019-04-23,8.5,8.550000190734863,8.399999618530273,8.550000190734863,14200
2019-04-24,8.75,8.75,8.460000038146973,8.5,1694300
2019-04-25,8.789999961853027,8.800000190734863,8.789999961853027,8.800000190734863,5800
2019-04-26,8.949999809265137,8.949999809265137,8.819999694824219,8.819999694824219,2500
2019-04-29,8.869999885559082,8.970000267028809,8.869999885559082,8.90999984741211,7400
2019-04-30,9.100000381469727,9.100000381469727,8.960000038146973,8.960000038146973,7600
2019-05-01,9.270000457763672,9.270000457763672,9.0,9.100000381469727,12100
2019-05-02,9.270000457763672,9.270000457763672,9.270000457763672,9.270000457763672,0
2019-05-03,9.100000381469727,9.25,9.0,9.100000381469727,18100
2019-05-06,9.0600004196167,9.199999809265137,9.0600004196167,9.199999809265137,1700
2019-05-07,9.0,9.149999618530273,9.0,9.029999732971191,7000
2019-05-08,9.319999694824219,9.399999618530273,9.0,9.050000190734863,12800
2019-05-09,10.0,10.100000381469727,9.25,9.399999618530273,26800
2019-05-10,9.920000076293945,10.100000381469727,9.880000114440918,9.899999618530273,15500
2019-05-13,10.0,10.0,9.569999694824219,9.800000190734863,194400
2019-05-14,9.899999618530273,10.100000381469727,9.699999809265137,10.050000190734863,692200
2019-05-15,9.800000190734863,9.899999618530273,9.649999618530273,9.819999694824219,723400
2019-05-16,10.100000381469727,10.149999618530273,9.949999809265137,9.949999809265137,9400
2019-05-17,10.40999984741211,10.40999984741211,10.100000381469727,10.199999809265137,10200
2019-05-20,10.899999618530273,10.899999618530273,10.449999809265137,10.449999809265137,33600
2019-05-21,11.5,12.0,11.0,11.0,658900
2019-05-22,11.800000190734863,11.829999923706055,11.399999618530273,11.600000381469727,95400
2019-05-23,11.550000190734863,11.850000381469727,11.510000228881836,11.850000381469727,266800
2019-05-24,12.0,12.100000381469727,11.699999809265137,11.699999809265137,72500
2019-05-28,11.90999984741211,12.399999618530273,11.850000381469727,12.149999618530273,246400
2019-05-29,11.960000038146973,12.0,11.949999809265137,12.0,6100
2019-05-30,11.699999809265137,12.0,11.550000190734863,12.0,5200
2019-05-31,12.100000381469727,12.100000381469727,11.75,11.75,36700
2019-06-03,11.800000190734863,12.199999809265137,11.550000190734863,12.199999809265137,522800
2019-06-04,11.899999618530273,12.050000190734863,11.699999809265137,11.899999618530273,326700
2019-06-05,12.199999809265137,12.199999809265137,11.75,11.850000381469727,196400
2019-06-06,12.350000381469727,12.350000381469727,12.25,12.25,500
2019-06-07,12.359999656677246,12.489999771118164,12.25,12.350000381469727,8500
2019-06-10,11.649999618530273,12.25,11.390000343322754,12.25,60800
2019-06-11,11.390000343322754,11.600000381469727,11.210000038146973,11.5600004196167,48400
2019-06-12,11.5,11.5,11.350000381469727,11.390000343322754,45900
2019-06-13,11.149999618530273,11.449999809265137,11.149999618530273,11.449999809265137,115200
2019-06-14,11.199999809265137,11.199999809265137,11.0,11.050000190734863,166200
2019-06-17,11.3100004196167,11.3100004196167,11.199999809265137,11.199999809265137,1500
2019-06-18,10.899999618530273,11.25,10.850000381469727,11.25,10300
2019-06-19,11.050000190734863,11.149999618530273,10.949999809265137,11.050000190734863,4800
2019-06-20,10.699999809265137,11.199999809265137,10.550000190734863,11.100000381469727,10600
2019-06-21,10.729999542236328,10.850000381469727,10.699999809265137,10.75,9200
2019-06-24,10.550000190734863,10.710000038146973,10.520000457763672,10.710000038146973,11700
2019-06-25,10.579999923706055,10.579999923706055,10.289999961853027,10.550000190734863,9400
2019-06-26,10.75,10.75,10.579999923706055,10.579999923706055,700
2019-06-27,10.699999809265137,10.699999809265137,10.420000076293945,10.550000190734863,2900
2019-06-28,10.800000190734863,10.8100004196167,10.420000076293945,10.609999656677246,5200
2019-07-01,11.390000343322754,11.390000343322754,10.770000457763672,10.850000381469727,12500
2019-07-02,11.25,11.300000190734863,11.199999809265137,11.210000038146973,38900
2019-07-03,11.239999771118164,11.350000381469727,11.239999771118164,11.350000381469727,8700
2019-07-05,10.829999923706055,11.350000381469727,10.829999923706055,11.25,8400
2019-07-08,11.199999809265137,11.270000457763672,11.149999618530273,11.199999809265137,12900
2019-07-09,11.029999732971191,11.449999809265137,11.029999732971191,11.449999809265137,7100
2019-07-10,10.800000190734863,10.880000114440918,10.65999984741211,10.850000381469727,3000
2019-07-11,10.5,10.949999809265137,10.5,10.850000381469727,241000
2019-07-12,10.600000381469727,10.600000381469727,9.699999809265137,10.399999618530273,32800
2019-07-15,10.199999809265137,10.699999809265137,9.800000190734863,10.5,36800
2019-07-16,9.989999771118164,9.989999771118164,9.510000228881836,9.649999618530273,5900
2019-07-17,9.350000381469727,9.510000228881836,9.130000114440918,9.510000228881836,5400
2019-07-18,8.600000381469727,9.0,8.100000381469727,9.0,318200
2019-07-19,9.199999809265137,9.25,8.699999809265137,8.699999809265137,15000
2019-07-22,9.399999618530273,9.4399995803833,8.949999809265137,9.0,114300
2019-07-23,9.520000457763672,9.75,9.449999809265137,9.449999809265137,5200
2019-07-24,9.449999809265137,9.479999542236328,9.449999809265137,9.479999542236328,5400
2019-07-25,9.5,9.5,9.40999984741211,9.449999809265137,2700
2019-07-26,9.600000381469727,9.600000381469727,9.300000190734863,9.399999618530273,216300
2019-07-29,9.600000381469727,9.600000381469727,9.300000190734863,9.600000381469727,1600
2019-07-30,9.600000381469727,9.600000381469727,9.300000190734863,9.600000381469727,5300
2019-07-31,9.5,9.5,9.260000228881836,9.260000228881836,2100
2019-08-01,9.239999771118164,9.380000114440918,9.239999771118164,9.380000114440918,5800
2019-08-02,9.25,9.300000190734863,9.0,9.199999809265137,7600
2019-08-05,9.039999961853027,9.199999809265137,9.039999961853027,9.039999961853027,3300
2019-08-06,9.149999618530273,9.149999618530273,9.0,9.0,4200
2019-08-07,9.0,9.0,9.0,9.0,1800
2019-08-08,9.119999885559082,9.149999618530273,8.800000190734863,9.050000190734863,27400
2019-08-09,9.100000381469727,9.199999809265137,9.0,9.140000343322754,20700
2019-08-12,9.199999809265137,9.199999809265137,9.0,9.0,3300
2019-08-13,9.0,9.0,8.850000381469727,8.850000381469727,1300
2019-08-14,8.739999771118164,8.899999618530273,8.739999771118164,8.880000114440918,33300
2019-08-15,8.75,8.850000381469727,8.649999618530273,8.800000190734863,22800
2019-08-16,8.850000381469727,8.850000381469727,8.699999809265137,8.75,38000
2019-08-19,9.119999885559082,9.119999885559082,9.119999885559082,9.119999885559082,600
2019-08-20,8.800000190734863,9.0,8.800000190734863,9.0,4400
2019-08-21,9.350000381469727,9.350000381469727,8.729999542236328,8.800000190734863,22100
2019-08-22,9.800000190734863,9.800000190734863,9.350000381469727,9.350000381469727,951700
2019-08-23,9.979999542236328,9.979999542236328,9.449999809265137,9.75,68300
2019-08-26,9.600000381469727,9.75,9.25,9.75,22600
2019-08-27,9.699999809265137,9.699999809265137,9.600000381469727,9.600000381469727,24900
2019-08-28,9.899999618530273,10.1899995803833,9.75,9.75,35700
2019-08-29,9.850000381469727,10.100000381469727,9.600000381469727,9.800000190734863,5400
2019-08-30,10.199999809265137,10.199999809265137,9.930000305175781,10.100000381469727,24100
2019-09-03,10.199999809265137,10.199999809265137,10.100000381469727,10.130000114440918,21800
2019-09-04,10.25,10.75,10.100000381469727,10.1899995803833,28800
2019-09-05,10.720000267028809,11.0,10.300000190734863,10.399999618530273,25300
2019-09-06,10.100000381469727,10.550000190734863,9.800000190734863,10.5,58700
2019-09-09,12.0,15.229999542236328,11.75,13.0,326300
2019-09-10,12.050000190734863,12.149999618530273,11.75,12.100000381469727,58700
2019-09-11,12.0,12.100000381469727,11.880000114440918,12.100000381469727,29700
2019-09-12,11.930000305175781,12.199999809265137,11.850000381469727,12.0,7300
2019-09-13,12.050000190734863,12.199999809265137,11.979999542236328,12.0,4300
2019-09-16,12.0,12.229999542236328,12.0,12.100000381469727,9500
2019-09-17,12.199999809265137,12.239999771118164,12.149999618530273,12.149999618530273,8700
2019-09-18,11.850000381469727,12.100000381469727,11.850000381469727,12.0,9800
2019-09-19,11.600000381469727,11.949999809265137,11.600000381469727,11.800000190734863,10300
2019-09-20,11.65999984741211,11.899999618530273,11.65999984741211,11.699999809265137,5600
2019-09-23,11.670000076293945,11.829999923706055,11.600000381469727,11.600000381469727,17100
2019-09-24,11.6899995803833,11.800000190734863,11.6899995803833,11.800000190734863,45800
2019-09-25,11.5,11.649999618530273,11.449999809265137,11.649999618530273,24100
2019-09-26,11.149999618530273,11.5,11.100000381469727,11.5,27800
2019-09-27,11.449999809265137,11.5,11.25,11.350000381469727,16800
2019-09-30,11.199999809265137,11.649999618530273,11.1899995803833,11.649999618530273,22600
2019-10-01,10.75,11.199999809265137,10.75,11.199999809265137,11900
2019-10-02,10.649999618530273,10.920000076293945,10.399999618530273,10.600000381469727,9100
2019-10-03,10.850000381469727,10.949999809265137,10.789999961853027,10.789999961853027,3000
2019-10-04,11.130000114440918,11.399999618530273,10.800000190734863,11.039999961853027,5700
2019-10-07,11.149999618530273,11.300000190734863,10.949999809265137,11.300000190734863,13500
2019-10-08,10.649999618530273,10.949999809265137,10.350000381469727,10.949999809265137,554300
2019-10-09,10.800000190734863,10.899999618530273,10.649999618530273,10.649999618530273,11000
2019-10-10,10.399999618530273,10.84000015258789,10.399999618530273,10.800000190734863,320900
2019-10-11,10.59000015258789,10.75,10.5,10.600000381469727,329700
2019-10-14,10.59000015258789,10.640000343322754,10.510000228881836,10.609999656677246,7100
2019-10-15,10.529999732971191,10.609999656677246,10.40999984741211,10.609999656677246,41500
2019-10-16,10.350000381469727,10.449999809265137,10.260000228881836,10.399999618530273,57100
2019-10-17,10.350000381469727,10.350000381469727,10.039999961853027,10.300000190734863,317200
2019-10-18,10.4399995803833,10.449999809265137,10.300000190734863,10.399999618530273,15800
2019-10-21,10.800000190734863,10.8100004196167,10.449999809265137,10.449999809265137,68700
2019-10-22,10.600000381469727,10.819999694824219,10.550000190734863,10.819999694824219,21800
2019-10-23,10.399999618530273,10.600000381469727,10.050000190734863,10.550000190734863,50300
2019-10-24,10.449999809265137,10.449999809265137,10.399999618530273,10.399999618530273,18600
2019-10-25,10.5,10.5,10.289999961853027,10.489999771118164,5500
2019-10-28,10.15999984741211,10.40999984741211,10.149999618530273,10.40999984741211,10500
2019-10-29,10.199999809265137,10.199999809265137,9.949999809265137,10.15999984741211,63700
2019-10-30,10.119999885559082,10.229999542236328,10.100000381469727,10.199999809265137,8500
2019-10-31,10.100000381469727,10.25,9.4399995803833,10.25,161200
2019-11-01,10.100000381469727,10.100000381469727,9.949999809265137,9.949999809265137,1600
2019-11-04,10.0,10.140000343322754,10.0,10.0,800
2019-11-05,9.800000190734863,9.949999809265137,9.75,9.90999984741211,10500
2019-11-06,9.880000114440918,9.899999618530273,9.65999984741211,9.760000228881836,7700
2019-11-07,10.0,10.109999656677246,9.899999618530273,9.930000305175781,25000
2019-11-08,10.180000305175781,10.180000305175781,10.0,10.100000381469727,2400
2019-11-11,10.050000190734863,10.050000190734863,10.050000190734863,10.050000190734863,1500
2019-11-12,10.100000381469727,10.119999885559082,10.100000381469727,10.100000381469727,1400
2019-11-13,9.449999809265137,9.899999618530273,9.25,9.5,14400
2019-11-14,9.0,9.449999809265137,9.0,9.449999809265137,1800
2019-11-15,9.050000190734863,9.199999809265137,8.75,9.0,10600
2019-11-18,9.199999809265137,9.600000381469727,9.069999694824219,9.069999694824219,9800
2019-11-19,8.5,9.720000267028809,8.020000457763672,9.180000305175781,241200
2019-11-20,8.289999961853027,8.399999618530273,8.100000381469727,8.399999618530273,61700
2019-11-21,8.449999809265137,8.850000381469727,8.390000343322754,8.399999618530273,7600
2019-11-22,8.600000381469727,8.819999694824219,8.3100004196167,8.529999732971191,60800
2019-11-25,8.75,8.949999809265137,8.729999542236328,8.729999542236328,36500
2019-11-26,8.899999618530273,8.899999618530273,8.760000228881836,8.760000228881836,9400
2019-11-27,8.949999809265137,8.949999809265137,8.800000190734863,8.899999618530273,18200
2019-11-29,8.989999771118164,8.989999771118164,8.449999809265137,8.949999809265137,800
2019-12-02,8.949999809265137,9.050000190734863,8.649999618530273,8.880000114440918,10300
2019-12-03,8.949999809265137,8.949999809265137,8.649999618530273,8.729999542236328,7000
2019-12-04,8.850000381469727,9.020000457763672,8.75,8.75,7700
2019-12-05,8.899999618530273,9.050000190734863,8.75,9.050000190734863,3100
2019-12-06,8.949999809265137,9.0,8.800000190734863,8.949999809265137,155800
2019-12-09,9.289999961853027,9.449999809265137,9.0,9.0,115100
2019-12-10,9.199999809265137,9.25,9.149999618530273,9.25,170700
2019-12-11,9.229999542236328,9.300000190734863,9.15999984741211,9.210000038146973,263400
2019-12-12,9.25,9.300000190734863,9.210000038146973,9.300000190734863,257400
2019-12-13,9.699999809265137,9.729999542236328,9.170000076293945,9.239999771118164,37300
2019-12-16,9.25,9.739999771118164,9.25,9.739999771118164,419400
2019-12-17,9.510000228881836,9.550000190734863,9.25,9.25,66600
2019-12-18,9.649999618530273,9.699999809265137,9.5,9.5,20600
2019-12-19,9.800000190734863,9.850000381469727,9.510000228881836,9.699999809265137,39100
2019-12-20,9.989999771118164,9.989999771118164,9.75,9.890000343322754,37200
2019-12-23,9.65999984741211,9.9399995803833,9.649999618530273,9.800000190734863,3600
2019-12-24,9.680000305175781,9.680000305175781,9.65999984741211,9.65999984741211,2000
2019-12-26,9.880000114440918,9.880000114440918,9.680000305175781,9.680000305175781,900
2019-12-27,9.880000114440918,9.880000114440918,9.65999984741211,9.880000114440918,9700
2019-12-30,9.800000190734863,9.880000114440918,9.65999984741211,9.65999984741211,4300
2019-12-31,9.930000305175781,9.949999809265137,9.600000381469727,9.949999809265137,21400
2020-01-02,9.9399995803833,9.9399995803833,9.6899995803833,9.800000190734863,3800
2020-01-03,9.84000015258789,9.970000267028809,9.710000038146973,9.970000267028809,9200
2020-01-06,10.029999732971191,10.09000015258789,9.850000381469727,9.949999809265137,13200
2020-01-07,10.199999809265137,10.279999732971191,10.100000381469727,10.100000381469727,52600
2020-01-08,10.300000190734863,10.329999923706055,10.199999809265137,10.199999809265137,53500
2020-01-09,10.279999732971191,10.3100004196167,10.279999732971191,10.300000190734863,102000
2020-01-10,10.279999732971191,10.279999732971191,10.279999732971191,10.279999732971191,500
2020-01-13,9.84000015258789,10.279999732971191,9.84000015258789,10.279999732971191,25800
2020-01-14,9.760000228881836,10.0,9.600000381469727,9.600000381469727,18500
2020-01-15,10.100000381469727,10.100000381469727,9.710000038146973,9.710000038146973,149000
2020-01-16,9.979999542236328,10.0,9.899999618530273,10.0,5900
2020-01-17,10.149999618530273,10.149999618530273,9.899999618530273,9.899999618530273,3900
2020-01-21,10.0,10.130000114440918,9.850000381469727,10.010000228881836,15200
2020-01-22,9.949999809265137,9.949999809265137,9.850000381469727,9.850000381469727,257700
2020-01-23,9.90999984741211,10.130000114440918,9.859999656677246,9.859999656677246,7200
2020-01-24,9.75,10.100000381469727,9.75,10.0,158500
2020-01-27,9.9399995803833,9.949999809265137,9.649999618530273,9.949999809265137,2100
2020-01-28,9.600000381469727,9.720000267028809,9.600000381469727,9.6899995803833,30200
2020-01-29,9.479999542236328,9.720000267028809,9.199999809265137,9.720000267028809,16200
2020-01-30,9.15999984741211,9.399999618530273,9.15999984741211,9.300000190734863,11900
2020-01-31,9.3100004196167,9.399999618530273,9.069999694824219,9.25,538300
2020-02-03,9.229999542236328,9.300000190734863,9.229999542236328,9.300000190734863,200
2020-02-04,9.59000015258789,9.649999618530273,9.399999618530273,9.399999618530273,260500
2020-02-05,9.600000381469727,9.600000381469727,9.399999618530273,9.600000381469727,278000
2020-02-06,9.649999618530273,9.649999618530273,9.399999618530273,9.640000343322754,8800
2020-02-07,9.430000305175781,9.680000305175781,9.430000305175781,9.680000305175781,1000
2020-02-10,9.430000305175781,9.539999961853027,9.420000076293945,9.430000305175781,3300
2020-02-11,9.649999618530273,9.649999618530273,9.5,9.529999732971191,63000
2020-02-12,9.699999809265137,9.699999809265137,9.550000190734863,9.699999809265137,5600
2020-02-13,9.75,9.800000190734863,9.720000267028809,9.720000267028809,2800
2020-02-14,9.949999809265137,10.0,9.84000015258789,9.84000015258789,34700
2020-02-18,9.899999618530273,9.899999618530273,9.8100004196167,9.8100004196167,2100
2020-02-19,9.779999732971191,9.8100004196167,9.579999923706055,9.8100004196167,14700
2020-02-20,9.75,9.75,9.369999885559082,9.600000381469727,2700
2020-02-21,9.649999618530273,9.779999732971191,9.600000381469727,9.600000381469727,2300
2020-02-24,9.640000343322754,9.640000343322754,9.359999656677246,9.359999656677246,2200
2020-02-25,9.399999618530273,9.640000343322754,9.3100004196167,9.5,10100
2020-02-26,9.220000267028809,9.399999618530273,9.100000381469727,9.350000381469727,7000
2020-02-27,9.0,9.25,8.90999984741211,9.109999656677246,73700
2020-02-28,9.149999618530273,9.149999618530273,8.699999809265137,8.949999809265137,9400
2020-03-02,9.140000343322754,9.199999809265137,9.0,9.050000190734863,19100
2020-03-03,9.0600004196167,9.119999885559082,8.800000190734863,9.0,6600
2020-03-04,9.170000076293945,9.170000076293945,8.930000305175781,8.930000305175781,7800
2020-03-05,8.949999809265137,9.100000381469727,8.899999618530273,9.0,42300
2020-03-06,8.699999809265137,9.09000015258789,8.510000228881836,8.850000381469727,7800
2020-03-09,7.489999771118164,8.529999732971191,7.170000076293945,8.510000228881836,13100
2020-03-10,7.349999904632568,7.5,7.170000076293945,7.480000019073486,48700
2020-03-11,6.989999771118164,7.300000190734863,6.880000114440918,7.25,22700
2020-03-12,5.869999885559082,6.849999904632568,5.699999809265137,6.849999904632568,20500
2020-03-13,6.03000020980835,6.5,5.960000038146973,6.190000057220459,317500
2020-03-16,5.699999809265137,5.75,5.400000095367432,5.579999923706055,153100
2020-03-17,5.75,5.900000095367432,5.349999904632568,5.840000152587891,28200
2020-03-18,4.420000076293945,5.5,3.9100000858306885,5.5,76900
2020-03-19,4.889999866485596,5.230000019073486,4.0,4.659999847412109,51200
2020-03-20,4.0,5.0,4.0,4.96999979019165,114600
2020-03-23,3.7100000381469727,4.889999866485596,3.6500000953674316,4.889999866485596,75200
2020-03-24,4.090000152587891,4.320000171661377,3.7699999809265137,3.7699999809265137,72000
2020-03-25,4.599999904632568,4.900000095367432,4.019999980926514,4.159999847412109,51100
2020-03-26,5.099999904632568,5.46999979019165,4.75,4.760000228881836,33800
2020-03-27,4.849999904632568,5.0,4.699999809265137,5.0,39000
2020-03-30,4.550000190734863,4.849999904632568,4.409999847412109,4.760000228881836,15700
2020-03-31,4.639999866485596,4.699999809265137,4.46999979019165,4.519999980926514,18400
2020-04-01,4.440000057220459,4.829999923706055,4.059999942779541,4.639999866485596,8800
2020-04-02,4.440000057220459,4.440000057220459,4.440000057220459,4.440000057220459,0
2020-04-03,4.099999904632568,4.159999847412109,3.9000000953674316,4.110000133514404,20800
2020-04-06,4.25,4.480000019073486,3.8299999237060547,4.0,53400
2020-04-07,4.769999980926514,4.820000171661377,4.5,4.5,98300
2020-04-08,5.150000095367432,5.300000190734863,4.769999980926514,4.789999961853027,33300
2020-04-09,5.349999904632568,5.659999847412109,5.179999828338623,5.179999828338623,53900
2020-04-13,5.349999904632568,5.420000076293945,5.300000190734863,5.349999904632568,4300
2020-04-14,5.449999809265137,5.5,5.320000171661377,5.5,34500
2020-04-15,5.300000190734863,5.300000190734863,5.199999809265137,5.300000190734863,4700
2020-04-16,5.449999809265137,5.449999809265137,5.199999809265137,5.300000190734863,54700
2020-04-17,5.550000190734863,5.75,5.5,5.5,7500
2020-04-20,5.059999942779541,5.449999809265137,5.059999942779541,5.349999904632568,5300
2020-04-21,4.889999866485596,5.099999904632568,4.849999904632568,5.099999904632568,2400
2020-04-22,5.050000190734863,5.119999885559082,4.949999809265137,4.989999771118164,25000
2020-04-23,4.800000190734863,5.0,4.710000038146973,5.0,27800
2020-04-24,5.0,5.0,4.860000133514404,4.949999809265137,48100
2020-04-27,4.849999904632568,5.070000171661377,4.599999904632568,5.0,20000
2020-04-28,4.840000152587891,4.940000057220459,4.699999809265137,4.900000095367432,17500
2020-04-29,4.869999885559082,4.900000095367432,4.659999847412109,4.900000095367432,134400
2020-04-30,5.150000095367432,5.159999847412109,4.710000038146973,4.820000171661377,26100
2020-05-01,5.0,5.099999904632568,4.800000190734863,4.800000190734863,3100
2020-05-04,5.369999885559082,5.550000190734863,4.800000190734863,4.900000095367432,83500
2020-05-05,5.699999809265137,5.730000019073486,5.449999809265137,5.550000190734863,69200
2020-05-06,5.550000190734863,5.650000095367432,5.349999904632568,5.650000095367432,494500
2020-05-07,5.349999904632568,5.53000020980835,5.340000152587891,5.53000020980835,9100
2020-05-08,5.420000076293945,5.579999923706055,5.420000076293945,5.460000038146973,8400
2020-05-11,5.650000095367432,5.699999809265137,5.349999904632568,5.349999904632568,12800
2020-05-12,5.75,5.829999923706055,5.599999904632568,5.599999904632568,952700
2020-05-13,5.449999809265137,5.599999904632568,5.380000114440918,5.599999904632568,6300
2020-05-14,5.349999904632568,5.46999979019165,5.340000152587891,5.46999979019165,7000
2020-05-15,5.389999866485596,5.699999809265137,5.349999904632568,5.349999904632568,2200
2020-05-18,5.449999809265137,5.599999904632568,5.449999809265137,5.449999809265137,7400
2020-05-19,6.230000019073486,6.679999828338623,6.090000152587891,6.5,60200
2020-05-20,6.300000190734863,6.300000190734863,6.199999809265137,6.199999809265137,135400
2020-05-21,6.929999828338623,7.099999904632568,6.349999904632568,6.349999904632568,225600
2020-05-22,6.929999828338623,6.929999828338623,6.420000076293945,6.800000190734863,22200
2020-05-26,6.900000095367432,6.96999979019165,6.800000190734863,6.929999828338623,22400
2020-05-27,6.849999904632568,6.96999979019165,6.849999904632568,6.869999885559082,43000
2020-05-28,6.699999809265137,6.800000190734863,6.699999809265137,6.800000190734863,16300
2020-05-29,6.96999979019165,6.989999771118164,6.650000095367432,6.650000095367432,33700
2020-06-01,7.0,7.0,6.730000019073486,6.960000038146973,7200
2020-06-02,6.960000038146973,7.03000020980835,6.960000038146973,7.0,48600
2020-06-03,7.0,7.099999904632568,6.949999809265137,7.0,70400
2020-06-04,6.75,7.0,6.75,7.0,2800
2020-06-05,6.949999809265137,7.099999904632568,6.900000095367432,6.900000095367432,294100
2020-06-08,7.0,7.099999904632568,7.0,7.0,2900
2020-06-09,6.800000190734863,7.0,6.800000190734863,7.0,3900
2020-06-10,6.829999923706055,6.849999904632568,6.800000190734863,6.809999942779541,12600
2020-06-11,6.599999904632568,6.650000095367432,6.5,6.650000095367432,3200
2020-06-12,6.550000190734863,6.699999809265137,6.53000020980835,6.550000190734863,12500
2020-06-15,6.480000019073486,6.5,6.300000190734863,6.349999904632568,27300
2020-06-16,6.75,7.0,6.550000190734863,6.860000133514404,19200
2020-06-17,6.630000114440918,6.75,6.579999923706055,6.75,331200
2020-06-18,6.449999809265137,6.579999923706055,6.449999809265137,6.579999923706055,11800
2020-06-19,6.0,6.590000152587891,6.0,6.46999979019165,12100
2020-06-22,6.0,6.150000095367432,5.820000171661377,6.139999866485596,28500
2020-06-23,6.150000095367432,6.199999809265137,6.050000190734863,6.099999904632568,2000
2020-06-24,6.099999904632568,6.099999904632568,5.900000095367432,6.099999904632568,21300
2020-06-25,6.150000095367432,6.150000095367432,5.900000095367432,6.099999904632568,6300
2020-06-26,6.0,6.0,5.900000095367432,5.900000095367432,4200
2020-06-29,6.050000190734863,6.150000095367432,5.769999980926514,6.150000095367432,6900
2020-06-30,6.449999809265137,6.449999809265137,5.769999980926514,6.050000190734863,176200
2020-07-01,6.300000190734863,6.449999809265137,6.300000190734863,6.429999828338623,6700
2020-07-02,6.300000190734863,6.400000095367432,6.199999809265137,6.300000190734863,16500
2020-07-06,6.300000190734863,6.329999923706055,6.269999980926514,6.269999980926514,1200
2020-07-07,6.150000095367432,6.239999771118164,6.150000095367432,6.190000057220459,2100
2020-07-08,6.210000038146973,6.25,6.139999866485596,6.199999809265137,5300
2020-07-09,6.800000190734863,7.130000114440918,6.210000038146973,6.25,23700
2020-07-10,7.489999771118164,7.900000095367432,6.679999828338623,6.679999828338623,42800
2020-07-13,7.849999904632568,7.949999809265137,7.489999771118164,7.599999904632568,60300
2020-07-14,7.860000133514404,7.860000133514404,7.599999904632568,7.78000020980835,364800
2020-07-15,7.860000133514404,7.860000133514404,7.860000133514404,7.860000133514404,0
2020-07-16,7.599999904632568,7.800000190734863,7.5,7.800000190734863,33600
2020-07-17,7.789999961853027,7.789999961853027,7.789999961853027,7.789999961853027,600
2020-07-20,7.389999866485596,7.650000095367432,7.349999904632568,7.5,11600
2020-07-21,7.099999904632568,7.400000095367432,7.099999904632568,7.349999904632568,1400
2020-07-22,7.199999809265137,7.429999828338623,7.199999809265137,7.199999809265137,1300
2020-07-23,7.199999809265137,7.25,7.199999809265137,7.199999809265137,16400
2020-07-24,7.099999904632568,7.150000095367432,7.099999904632568,7.150000095367432,1000
2020-07-27,7.25,7.25,7.079999923706055,7.199999809265137,5700
2020-07-28,6.920000076293945,7.099999904632568,6.900000095367432,7.099999904632568,5500
2020-07-29,7.099999904632568,7.199999809265137,6.989999771118164,6.989999771118164,3700
2020-07-30,6.880000114440918,7.0,6.849999904632568,7.0,3500
2020-07-31,6.980000019073486,7.0,6.980000019073486,7.0,600
2020-08-03,6.849999904632568,7.199999809265137,6.829999923706055,7.0,67900
2020-08-04,6.849999904632568,6.900000095367432,6.730000019073486,6.900000095367432,45000
2020-08-05,6.900000095367432,7.0,6.760000228881836,7.0,16000
2020-08-06,6.869999885559082,7.050000190734863,6.730000019073486,7.0,235000
2020-08-07,6.800000190734863,6.869999885559082,6.670000076293945,6.789999961853027,14000
2020-08-10,6.789999961853027,7.239999771118164,6.75,7.239999771118164,28600
2020-08-11,6.789999961853027,6.880000114440918,6.760000228881836,6.880000114440918,10700
2020-08-12,6.840000152587891,6.840000152587891,6.75,6.760000228881836,30900
2020-08-13,7.0,7.010000228881836,6.889999866485596,6.889999866485596,9800
2020-08-14,7.099999904632568,7.199999809265137,7.0,7.099999904632568,1900
2020-08-17,7.21999979019165,7.25,6.960000038146973,7.050000190734863,33000
2020-08-18,7.300000190734863,7.5,7.199999809265137,7.210000038146973,31700
2020-08-19,7.449999809265137,7.550000190734863,7.300000190734863,7.300000190734863,5500
2020-08-20,7.349999904632568,7.449999809265137,7.329999923706055,7.449999809265137,50100
2020-08-21,7.420000076293945,7.449999809265137,7.400000095367432,7.400000095367432,10000
2020-08-24,7.349999904632568,7.449999809265137,7.300000190734863,7.300000190734863,63700
2020-08-25,7.260000228881836,7.349999904632568,7.210000038146973,7.25,6900
2020-08-26,7.25,7.440000057220459,7.25,7.409999847412109,6700
2020-08-27,7.400000095367432,7.409999847412109,7.230000019073486,7.230000019073486,700
2020-08-28,7.699999809265137,7.75,7.449999809265137,7.449999809265137,18100
2020-08-31,7.599999904632568,7.75,7.599999904632568,7.75,11400
2020-09-01,7.519999980926514,7.699999809265137,7.480000019073486,7.5,42600
2020-09-02,7.480000019073486,7.559999942779541,7.449999809265137,7.5,3400
2020-09-03,7.349999904632568,7.5,7.349999904632568,7.480000019073486,19000
2020-09-04,7.28000020980835,7.400000095367432,7.25,7.349999904632568,81000
2020-09-08,7.25,7.449999809265137,7.25,7.449999809265137,7800
2020-09-09,7.010000228881836,7.210000038146973,7.010000228881836,7.199999809265137,30100
2020-09-10,6.949999809265137,7.050000190734863,6.900000095367432,7.050000190734863,14400
2020-09-11,6.989999771118164,6.989999771118164,6.949999809265137,6.949999809265137,5200
2020-09-14,6.800000190734863,6.960000038146973,6.699999809265137,6.960000038146973,279000
2020-09-15,6.650000095367432,6.699999809265137,6.650000095367432,6.699999809265137,8300
2020-09-16,6.5,6.75,6.449999809265137,6.599999904632568,9000
2020-09-17,6.150000095367432,6.519999980926514,6.079999923706055,6.349999904632568,7900
2020-09-18,6.090000152587891,6.389999866485596,6.090000152587891,6.159999847412109,9000
2020-09-21,6.300000190734863,6.75,6.199999809265137,6.199999809265137,19400
2020-09-22,6.599999904632568,6.650000095367432,6.400000095367432,6.400000095367432,10900
2020-09-23,6.570000171661377,6.599999904632568,6.480000019073486,6.550000190734863,21400
2020-09-24,6.449999809265137,6.699999809265137,6.449999809265137,6.579999923706055,5700
2020-09-25,6.900000095367432,6.900000095367432,6.610000133514404,6.610000133514404,6900
2020-09-28,6.900000095367432,6.900000095367432,6.900000095367432,6.900000095367432,0
2020-09-29,6.929999828338623,6.949999809265137,6.929999828338623,6.949999809265137,600
2020-09-30,7.050000190734863,7.119999885559082,6.949999809265137,6.949999809265137,11700
2020-10-01,7.050000190734863,7.050000190734863,7.050000190734863,7.050000190734863,0
2020-10-02,7.28000020980835,7.28000020980835,7.28000020980835,7.28000020980835,200
2020-10-05,7.050000190734863,7.050000190734863,7.050000190734863,7.050000190734863,200
2020-10-06,7.199999809265137,7.199999809265137,7.199999809265137,7.199999809265137,500
2020-10-07,7.199999809265137,7.199999809265137,7.199999809265137,7.199999809265137,0
2020-10-08,7.210000038146973,7.210000038146973,7.210000038146973,7.210000038146973,300
2020-10-09,7.25,7.25,7.099999904632568,7.25,1900
2020-10-12,7.070000171661377,7.070000171661377,7.070000171661377,7.070000171661377,500
2020-10-13,7.070000171661377,7.070000171661377,7.070000171661377,7.070000171661377,0
2020-10-14,7.099999904632568,7.099999904632568,7.050000190734863,7.050000190734863,2500
2020-10-15,7.239999771118164,7.239999771118164,7.239999771118164,7.239999771118164,500
2020-10-16,7.5,7.5,7.349999904632568,7.349999904632568,60000
2020-10-19,7.639999866485596,7.829999923706055,7.449999809265137,7.449999809265137,187700
2020-10-20,7.599999904632568,7.78000020980835,7.570000171661377,7.769999980926514,38200
2020-10-21,7.5,7.650000095367432,7.349999904632568,7.650000095367432,2100
2020-10-22,7.599999904632568,7.650000095367432,7.599999904632568,7.650000095367432,3600
2020-10-23,7.5,7.550000190734863,7.5,7.550000190734863,800
2020-10-26,7.400000095367432,7.400000095367432,7.349999904632568,7.349999904632568,1500
2020-10-27,7.400000095367432,7.400000095367432,7.400000095367432,7.400000095367432,0
2020-10-28,7.099999904632568,7.25,7.099999904632568,7.25,300
2020-10-29,7.099999904632568,7.099999904632568,7.099999904632568,7.099999904632568,0
2020-10-30,6.980000019073486,7.099999904632568,6.980000019073486,7.099999904632568,10400
2020-11-02,6.800000190734863,7.050000190734863,6.800000190734863,7.050000190734863,4400
2020-11-03,6.900000095367432,7.050000190734863,6.860000133514404,7.0,5100
2020-11-04,6.800000190734863,7.079999923706055,6.599999904632568,7.079999923706055,11700
2020-11-05,6.949999809265137,7.0,6.849999904632568,7.0,9400
2020-11-06,7.210000038146973,7.25,7.099999904632568,7.099999904632568,2800
2020-11-09,7.550000190734863,7.550000190734863,7.300000190734863,7.300000190734863,700
2020-11-10,7.5,7.5,7.5,7.5,500
2020-11-11,7.5,7.5,7.5,7.5,0
2020-11-12,7.480000019073486,7.599999904632568,7.360000133514404,7.599999904632568,400
2020-11-13,7.360000133514404,7.480000019073486,7.360000133514404,7.480000019073486,1200
2020-11-16,7.210000038146973,7.349999904632568,7.159999847412109,7.300000190734863,3600
2020-11-17,7.159999847412109,7.199999809265137,6.949999809265137,7.199999809265137,1700
2020-11-18,7.159999847412109,7.360000133514404,7.159999847412109,7.360000133514404,8400
2020-11-19,8.619999885559082,8.729999542236328,8.0,8.0,57800
2020-11-20,8.949999809265137,9.489999771118164,8.649999618530273,9.0,11900
2020-11-23,8.699999809265137,9.149999618530273,8.65999984741211,9.069999694824219,19100
2020-11-24,8.800000190734863,9.0,8.699999809265137,8.850000381469727,8100
2020-11-25,9.5,9.949999809265137,8.800000190734863,8.949999809265137,54500
2020-11-27,9.0,9.020000457763672,9.0,9.0,2200
2020-11-30,8.899999618530273,9.0,8.899999618530273,9.0,15000
2020-12-01,8.8100004196167,9.100000381469727,8.8100004196167,9.100000381469727,30100
2020-12-02,8.699999809265137,9.050000190734863,8.579999923706055,8.579999923706055,9500
2020-12-03,8.850000381469727,8.899999618530273,8.800000190734863,8.899999618530273,2200
2020-12-04,9.0,9.0,8.75,8.859999656677246,15000
2020-12-07,8.819999694824219,9.050000190734863,8.800000190734863,8.819999694824219,1300
2020-12-08,8.739999771118164,8.949999809265137,8.739999771118164,8.930000305175781,23200
2020-12-09,9.350000381469727,9.350000381469727,8.6899995803833,8.6899995803833,46300
2020-12-10,8.859999656677246,9.0,8.75,8.899999618530273,11800
2020-12-11,8.699999809265137,8.880000114440918,8.670000076293945,8.880000114440918,2700
2020-12-14,8.399999618530273,8.550000190734863,8.380000114440918,8.550000190734863,6100
2020-12-15,7.239999771118164,7.900000095367432,6.460000038146973,7.900000095367432,143800
2020-12-16,7.449999809265137,7.449999809265137,7.0,7.239999771118164,16100
2020-12-17,7.25,7.400000095367432,7.25,7.300000190734863,132300
2020-12-18,8.0,8.170000076293945,7.449999809265137,7.449999809265137,156800
2020-12-21,8.100000381469727,8.100000381469727,7.900000095367432,7.900000095367432,358300
2020-12-22,8.149999618530273,8.199999809265137,7.849999904632568,8.199999809265137,65800
2020-12-23,8.0,8.149999618530273,7.75,8.130000114440918,130000
2020-12-24,7.619999885559082,7.920000076293945,7.619999885559082,7.920000076293945,2600
2020-12-28,7.170000076293945,7.75,7.039999961853027,7.46999979019165,17900
2020-12-29,7.25,7.429999828338623,7.199999809265137,7.199999809265137,82600
2020-12-30,7.440000057220459,7.440000057220459,7.25,7.400000095367432,203800
2020-12-31,7.389999866485596,7.610000133514404,7.099999904632568,7.420000076293945,24200
2021-01-04,7.130000114440918,7.300000190734863,7.099999904632568,7.300000190734863,4900
2021-01-05,6.630000114440918,7.150000095367432,6.579999923706055,7.0,4700
2021-01-06,6.349999904632568,6.650000095367432,5.340000152587891,6.650000095367432,1954800
2021-01-07,5.699999809265137,6.400000095367432,5.5,6.400000095367432,1120500
2021-01-08,5.5,5.949999809265137,5.25,5.900000095367432,2168800
2021-01-11,5.5,5.699999809265137,5.380000114440918,5.449999809265137,31000
2021-01-12,5.550000190734863,6.050000190734863,5.550000190734863,5.699999809265137,82000
2021-01-13,5.090000152587891,5.449999809265137,4.96999979019165,5.449999809265137,61300
2021-01-14,5.199999809265137,5.400000095367432,5.199999809265137,5.199999809265137,47700
2021-01-15,4.610000133514404,4.889999866485596,4.349999904632568,4.889999866485596,201000
2021-01-19,4.849999904632568,4.949999809265137,4.510000228881836,4.619999885559082,32800
2021-01-20,4.869999885559082,4.949999809265137,4.71999979019165,4.809999942779541,229000
2021-01-21,4.869999885559082,5.0,4.769999980926514,4.869999885559082,799500
2021-01-22,4.75,4.880000114440918,4.75,4.789999961853027,397400
2021-01-25,4.699999809265137,4.849999904632568,4.550000190734863,4.789999961853027,451200
2021-01-26,4.699999809265137,4.699999809265137,4.550000190734863,4.550000190734863,26600
2021-01-27,4.650000095367432,4.800000190734863,4.559999942779541,4.559999942779541,657200
2021-01-28,4.449999809265137,4.599999904632568,4.449999809265137,4.599999904632568,66100
2021-01-29,4.5,4.5,4.349999904632568,4.480000019073486,130300
2021-02-01,4.449999809265137,4.599999904632568,4.400000095367432,4.539999961853027,14300
2021-02-02,4.400000095367432,4.449999809265137,4.300000190734863,4.449999809265137,25700
2021-02-03,4.449999809265137,4.519999980926514,4.309999942779541,4.349999904632568,35800
2021-02-04,4.400000095367432,4.449999809265137,4.269999980926514,4.449999809265137,91600
2021-02-05,4.349999904632568,4.400000095367432,4.349999904632568,4.349999904632568,23400
2021-02-08,4.25,4.329999923706055,4.179999828338623,4.300000190734863,58300
2021-02-09,4.25,4.25,4.199999809265137,4.21999979019165,139300
2021-02-10,4.21999979019165,4.300000190734863,4.199999809265137,4.210000038146973,233400
2021-02-11,4.300000190734863,4.300000190734863,4.190000057220459,4.199999809265137,429600
2021-02-12,4.570000171661377,4.699999809265137,4.25,4.349999904632568,320500
2021-02-16,4.699999809265137,4.849999904632568,4.699999809265137,4.800000190734863,38600
2021-02-17,4.650000095367432,4.699999809265137,4.599999904632568,4.699999809265137,2600
2021-02-18,4.510000228881836,4.650000095367432,4.5,4.650000095367432,5300
2021-02-19,4.5,4.550000190734863,4.5,4.5,6200
2021-02-22,4.400000095367432,4.53000020980835,4.380000114440918,4.53000020980835,95400
2021-02-23,4.349999904632568,4.449999809265137,4.349999904632568,4.429999828338623,19000
2021-02-24,4.309999942779541,4.400000095367432,4.309999942779541,4.349999904632568,14500
2021-02-25,4.25,4.449999809265137,4.25,4.400000095367432,116800
2021-02-26,4.300000190734863,4.349999904632568,4.25,4.25,3200
2021-03-01,4.400000095367432,4.420000076293945,4.329999923706055,4.349999904632568,29500
2021-03-02,4.25,4.400000095367432,4.25,4.389999866485596,12900
2021-03-03,4.25,4.360000133514404,4.199999809265137,4.289999961853027,14200
2021-03-04,4.300000190734863,4.300000190734863,4.210000038146973,4.260000228881836,23600
2021-03-05,4.230000019073486,4.300000190734863,4.21999979019165,4.260000228881836,1300
2021-03-08,4.269999980926514,4.400000095367432,4.269999980926514,4.300000190734863,9100
2021-03-09,4.309999942779541,4.400000095367432,4.269999980926514,4.289999961853027,12300
2021-03-10,4.269999980926514,4.320000171661377,4.25,4.300000190734863,14300
2021-03-11,4.349999904632568,4.369999885559082,4.25,4.300000190734863,211500
2021-03-12,4.349999904632568,4.369999885559082,4.320000171661377,4.349999904632568,415100
2021-03-15,4.400000095367432,4.420000076293945,4.349999904632568,4.420000076293945,50500
2021-03-16,4.380000114440918,4.400000095367432,4.349999904632568,4.349999904632568,17200
2021-03-17,4.409999847412109,4.409999847412109,4.349999904632568,4.349999904632568,2200
2021-03-18,4.300000190734863,4.380000114440918,4.300000190734863,4.380000114440918,1100
2021-03-19,4.400000095367432,4.400000095367432,4.340000152587891,4.340000152587891,300
2021-03-22,4.260000228881836,4.300000190734863,4.230000019073486,4.300000190734863,2900
2021-03-23,4.260000228881836,4.400000095367432,4.260000228881836,4.260000228881836,1300
2021-03-24,4.349999904632568,4.400000095367432,4.320000171661377,4.380000114440918,3200
2021-03-25,4.380000114440918,4.380000114440918,4.380000114440918,4.380000114440918,200
2021-03-26,4.260000228881836,4.260000228881836,4.260000228881836,4.260000228881836,100
2021-03-29,4.230000019073486,4.349999904632568,4.230000019073486,4.260000228881836,4600
2021-03-30,4.300000190734863,4.349999904632568,4.300000190734863,4.349999904632568,300
2021-03-31,4.420000076293945,4.510000228881836,4.349999904632568,4.380000114440918,41200
2021-04-01,4.550000190734863,4.639999866485596,4.349999904632568,4.429999828338623,89100
2021-04-05,4.449999809265137,4.5,4.289999961853027,4.5,36200
2021-04-06,4.599999904632568,4.639999866485596,4.400000095367432,4.590000152587891,5500
2021-04-07,4.949999809265137,4.949999809265137,4.599999904632568,4.690000057220459,4700
2021-04-08,5.320000171661377,5.449999809265137,4.949999809265137,4.989999771118164,9900
2021-04-09,5.349999904632568,5.739999771118164,5.349999904632568,5.449999809265137,14600
2021-04-12,5.25,5.25,5.199999809265137,5.25,18600
2021-04-13,5.150000095367432,5.230000019073486,5.150000095367432,5.150000095367432,2700
2021-04-14,5.349999904632568,5.400000095367432,5.269999980926514,5.300000190734863,21500
2021-04-15,5.25,5.380000114440918,5.150000095367432,5.329999923706055,18600
2021-04-16,5.25,5.400000095367432,5.199999809265137,5.400000095367432,4900
2021-04-19,5.309999942779541,5.400000095367432,5.309999942779541,5.400000095367432,9200
2021-04-20,5.349999904632568,5.380000114440918,5.25,5.300000190734863,110600
2021-04-21,5.400000095367432,5.429999828338623,5.400000095367432,5.400000095367432,1200
2021-04-22,5.349999904632568,5.400000095367432,5.349999904632568,5.400000095367432,1500
2021-04-23,5.340000152587891,5.389999866485596,5.300000190734863,5.349999904632568,4800
2021-04-26,5.380000114440918,5.400000095367432,5.269999980926514,5.400000095367432,3700
2021-04-27,5.320000171661377,5.409999847412109,5.199999809265137,5.380000114440918,5800
2021-04-28,5.320000171661377,5.320000171661377,5.320000171661377,5.320000171661377,0
2021-04-29,5.25,5.25,5.25,5.25,2200
2021-04-30,5.199999809265137,5.300000190734863,5.159999847412109,5.210000038146973,18600
2021-05-03,5.0,5.25,5.0,5.25,7500
2021-05-04,5.050000190734863,5.079999923706055,5.0,5.079999923706055,800
2021-05-05,4.949999809265137,4.949999809265137,4.849999904632568,4.849999904632568,2400
2021-05-06,4.869999885559082,4.869999885559082,4.869999885559082,4.869999885559082,100
2021-05-07,4.96999979019165,5.0,4.920000076293945,4.920000076293945,800
2021-05-10,5.050000190734863,5.050000190734863,5.0,5.0,4900
2021-05-11,5.099999904632568,5.099999904632568,4.900000095367432,5.050000190734863,10300
2021-05-12,5.099999904632568,5.099999904632568,5.099999904632568,5.099999904632568,0
2021-05-13,5.099999904632568,5.099999904632568,5.010000228881836,5.010000228881836,2000
2021-05-14,4.949999809265137,5.099999904632568,4.940000057220459,5.099999904632568,17000
2021-05-17,5.099999904632568,5.150000095367432,5.099999904632568,5.099999904632568,2100
2021-05-18,5.099999904632568,5.099999904632568,5.099999904632568,5.099999904632568,0
2021-05-19,5.099999904632568,5.099999904632568,5.099999904632568,5.099999904632568,0
2021-05-20,5.03000020980835,5.099999904632568,4.900000095367432,4.900000095367432,25400
2021-05-21,5.099999904632568,5.099999904632568,5.079999923706055,5.099999904632568,1400
2021-05-24,5.0,5.150000095367432,5.0,5.150000095367432,4500
2021-05-25,5.0,5.050000190734863,5.0,5.050000190734863,100800
2021-05-26,5.050000190734863,5.050000190734863,5.0,5.0,1200
2021-05-27,5.170000076293945,5.170000076293945,5.079999923706055,5.099999904632568,4200
2021-05-28,5.170000076293945,5.170000076293945,5.170000076293945,5.170000076293945,0
2021-06-01,5.199999809265137,5.349999904632568,5.199999809265137,5.349999904632568,2000
2021-06-02,5.349999904632568,5.349999904632568,5.25,5.25,33400
2021-06-03,5.309999942779541,5.75,5.309999942779541,5.400000095367432,28900
2021-06-04,5.309999942779541,5.309999942779541,5.309999942779541,5.309999942779541,0
2021-06-07,5.510000228881836,5.599999904632568,5.349999904632568,5.480000019073486,9600
2021-06-08,5.599999904632568,5.599999904632568,5.510000228881836,5.510000228881836,4000
2021-06-09,5.599999904632568,5.599999904632568,5.599999904632568,5.599999904632568,0
2021-06-10,5.559999942779541,5.559999942779541,5.550000190734863,5.550000190734863,54200
2021-06-11,5.570000171661377,5.610000133514404,5.489999771118164,5.579999923706055,37200
2021-06-14,5.599999904632568,5.630000114440918,5.570000171661377,5.630000114440918,1500
2021-06-15,5.53000020980835,5.570000171661377,5.53000020980835,5.570000171661377,300
2021-06-16,5.550000190734863,5.550000190734863,5.53000020980835,5.53000020980835,1000
2021-06-17,5.46999979019165,5.550000190734863,5.46999979019165,5.53000020980835,5000
2021-06-18,5.78000020980835,5.789999961853027,5.539999961853027,5.539999961853027,6000
2021-06-21,5.699999809265137,5.789999961853027,5.699999809265137,5.789999961853027,3500
2021-06-22,5.699999809265137,5.699999809265137,5.699999809265137,5.699999809265137,500
2021-06-23,2.130000114440918,5.679999828338623,2.009999990463257,5.599999904632568,1073400
2021-06-24,1.7000000476837158,2.240000009536743,1.6699999570846558,2.180000066757202,381000
2021-06-25,1.5,1.7999999523162842,1.3700000047683716,1.7000000476837158,308500
2021-06-28,1.659999966621399,1.850000023841858,1.5499999523162842,1.590000033378601,53700
2021-06-29,1.7300000190734863,1.850000023841858,1.7100000381469727,1.850000023841858,92600
2021-06-30,1.7000000476837158,1.7899999618530273,1.7000000476837158,1.7300000190734863,97500
2021-07-01,1.7200000286102295,1.7599999904632568,1.6799999475479126,1.75,14800
2021-07-02,1.7000000476837158,1.7799999713897705,1.659999966621399,1.7300000190734863,436400
2021-07-06,1.6299999952316284,1.75,1.5299999713897705,1.7300000190734863,133000
2021-07-07,1.5800000429153442,1.6399999856948853,1.5299999713897705,1.6399999856948853,141200
2021-07-08,1.5,1.6200000047683716,1.5,1.6200000047683716,19100
2021-07-09,1.5800000429153442,1.600000023841858,1.5299999713897705,1.5499999523162842,119600
2021-07-12,1.5,1.690000057220459,1.5,1.600000023841858,36500
2021-07-13,1.5800000429153442,1.5800000429153442,1.5,1.559999942779541,43300
2021-07-14,1.5199999809265137,1.5800000429153442,1.5199999809265137,1.5700000524520874,159700
2021-07-15,1.5499999523162842,1.600000023841858,1.4800000190734863,1.5299999713897705,15100
2021-07-16,1.5099999904632568,1.5499999523162842,1.4500000476837158,1.5299999713897705,27600
2021-07-19,1.3899999856948853,1.5499999523162842,1.350000023841858,1.5299999713897705,12300
2021-07-20,1.5,1.5399999618530273,1.4199999570846558,1.4700000286102295,11800
2021-07-21,1.5,1.5299999713897705,1.4500000476837158,1.4900000095367432,19300
2021-07-22,1.559999942779541,1.600000023841858,1.559999942779541,1.600000023841858,11000
2021-07-23,1.600000023841858,1.7599999904632568,1.590000033378601,1.600000023841858,3900
2021-07-26,1.590000033378601,1.600000023841858,1.5,1.5700000524520874,430500
2021-07-27,1.4900000095367432,1.559999942779541,1.4900000095367432,1.559999942779541,3700
2021-07-28,1.4700000286102295,1.5800000429153442,1.4700000286102295,1.5499999523162842,2900
2021-07-29,1.4700000286102295,1.4700000286102295,1.4700000286102295,1.4700000286102295,100
2021-07-30,1.4500000476837158,1.5,1.4500000476837158,1.5,51800
2021-08-02,1.399999976158142,1.4900000095367432,1.399999976158142,1.440000057220459,25000
2021-08-03,1.4500000476837158,1.4600000381469727,1.4299999475479126,1.4600000381469727,7400
2021-08-04,1.399999976158142,1.4199999570846558,1.350000023841858,1.4199999570846558,12900
2021-08-05,1.340000033378601,1.4199999570846558,1.340000033378601,1.3899999856948853,9800
2021-08-06,1.409999966621399,1.4199999570846558,1.340000033378601,1.399999976158142,3500
2021-08-09,1.3799999952316284,1.3799999952316284,1.3200000524520874,1.3700000047683716,9800
2021-08-10,1.2999999523162842,1.340000033378601,1.2799999713897705,1.3200000524520874,22100
2021-08-11,1.2799999713897705,1.3300000429153442,1.190000057220459,1.2599999904632568,29000
2021-08-12,1.350000023841858,1.350000023841858,1.2999999523162842,1.3200000524520874,6200
2021-08-13,1.309999942779541,1.340000033378601,1.309999942779541,1.340000033378601,800
2021-08-16,1.3200000524520874,1.340000033378601,1.2999999523162842,1.309999942779541,5100
2021-08-17,1.2899999618530273,1.3200000524520874,1.2899999618530273,1.3200000524520874,1200
2021-08-18,1.2899999618530273,1.340000033378601,1.25,1.2799999713897705,23100
2021-08-19,1.25,1.2899999618530273,1.25,1.25,11700
2021-08-20,1.25,1.2699999809265137,1.2400000095367432,1.2699999809265137,15700
2021-08-23,1.2200000286102295,1.2599999904632568,1.2200000286102295,1.2599999904632568,500
2021-08-24,1.2799999713897705,1.2799999713897705,1.2000000476837158,1.2400000095367432,66500
2021-08-25,1.25,1.2799999713897705,1.25,1.2599999904632568,92300
2021-08-26,1.2999999523162842,1.3200000524520874,1.2799999713897705,1.2999999523162842,109100
2021-08-27,1.340000033378601,1.340000033378601,1.25,1.2799999713897705,77000
2021-08-30,1.2300000190734863,1.340000033378601,1.2300000190734863,1.2999999523162842,11600
2021-08-31,1.2699999809265137,1.3200000524520874,1.2699999809265137,1.3200000524520874,2100
2021-09-01,1.2999999523162842,1.340000033378601,1.25,1.25,16400
2021-09-02,1.2999999523162842,1.309999942779541,1.2799999713897705,1.2799999713897705,1900
2021-09-03,1.25,1.2999999523162842,1.25,1.2999999523162842,3100
2021-09-07,1.25,1.340000033378601,1.25,1.340000033378601,11000
2021-09-08,1.2999999523162842,1.2999999523162842,1.2699999809265137,1.2999999523162842,2600
2021-09-09,1.2899999618530273,1.309999942779541,1.25,1.25,14600
2021-09-10,1.2999999523162842,1.2999999523162842,1.2999999523162842,1.2999999523162842,4300
2021-09-13,1.4500000476837158,1.4500000476837158,1.2899999618530273,1.3200000524520874,228700
2021-09-14,1.6399999856948853,1.7000000476837158,1.4700000286102295,1.4800000190734863,219100
2021-09-15,1.7200000286102295,1.850000023841858,1.659999966621399,1.75,63200
2021-09-16,1.690000057220459,1.7000000476837158,1.6699999570846558,1.7000000476837158,7800
2021-09-17,1.600000023841858,1.7000000476837158,1.600000023841858,1.6799999475479126,3600
2021-09-20,1.5299999713897705,1.5800000429153442,1.5299999713897705,1.5800000429153442,1900
2021-09-21,1.5700000524520874,1.5700000524520874,1.5199999809265137,1.5199999809265137,10300
2021-09-22,1.6699999570846558,1.7300000190734863,1.6699999570846558,1.7300000190734863,12400
2021-09-23,1.649999976158142,1.7300000190734863,1.600000023841858,1.6100000143051147,35600
2021-09-24,1.6699999570846558,1.6699999570846558,1.649999976158142,1.649999976158142,10500
2021-09-27,1.649999976158142,1.7899999618530273,1.600000023841858,1.600000023841858,33400
2021-09-28,1.6299999952316284,1.6399999856948853,1.6100000143051147,1.6200000047683716,6000
2021-09-29,1.75,1.7699999809265137,1.6299999952316284,1.6299999952316284,87400
2021-09-30,1.8799999952316284,1.8799999952316284,1.6699999570846558,1.6699999570846558,177500
2021-10-01,1.7999999523162842,1.8200000524520874,1.75,1.75,9000
2021-10-04,1.7699999809265137,1.8300000429153442,1.75,1.8200000524520874,8600
2021-10-05,1.75,1.75,1.7000000476837158,1.7000000476837158,1200
2021-10-06,1.7000000476837158,1.7000000476837158,1.600000023841858,1.7000000476837158,5600
2021-10-07,1.649999976158142,1.649999976158142,1.5399999618530273,1.600000023841858,62600
2021-10-08,1.659999966621399,1.659999966621399,1.5800000429153442,1.600000023841858,17600
2021-10-11,1.6699999570846558,1.7300000190734863,1.590000033378601,1.7300000190734863,2100
2021-10-12,1.6699999570846558,1.6699999570846558,1.6699999570846558,1.6699999570846558,0
2021-10-13,1.649999976158142,1.7200000286102295,1.649999976158142,1.7200000286102295,2700
2021-10-14,1.649999976158142,1.690000057220459,1.649999976158142,1.649999976158142,5200
2021-10-15,1.6200000047683716,1.75,1.5800000429153442,1.6799999475479126,18500
2021-10-18,1.690000057220459,1.690000057220459,1.649999976158142,1.6699999570846558,4600
2021-10-19,1.7799999713897705,1.7899999618530273,1.7000000476837158,1.7300000190734863,22200
2021-10-20,1.7300000190734863,1.7899999618530273,1.7300000190734863,1.7799999713897705,88900
2021-10-21,1.7999999523162842,1.7999999523162842,1.7699999809265137,1.7699999809265137,2800
2021-10-22,1.7599999904632568,1.850000023841858,1.75,1.7599999904632568,21300
2021-10-25,1.899999976158142,2.0299999713897705,1.8200000524520874,1.850000023841858,91700
2021-10-26,2.0,2.069999933242798,1.899999976158142,1.940000057220459,87300
2021-10-27,2.049999952316284,2.1700000762939453,2.0199999809265137,2.049999952316284,87100
2021-10-28,2.119999885559082,2.1700000762939453,2.0999999046325684,2.119999885559082,32800
2021-10-29,2.299999952316284,2.299999952316284,2.109999895095825,2.2300000190734863,18700
2021-11-01,2.25,2.259999990463257,2.1500000953674316,2.25,10100
2021-11-02,2.3399999141693115,2.3499999046325684,2.2200000286102295,2.2799999713897705,255600
2021-11-03,2.299999952316284,2.4000000953674316,2.299999952316284,2.319999933242798,8400
2021-11-04,2.259999990463257,2.309999942779541,2.259999990463257,2.309999942779541,4200
2021-11-05,2.299999952316284,2.3499999046325684,2.25,2.25,600
2021-11-08,2.2799999713897705,2.2899999618530273,2.200000047683716,2.2899999618530273,20900
2021-11-09,2.259999990463257,2.259999990463257,2.200000047683716,2.200000047683716,7200
2021-11-10,2.2799999713897705,2.2799999713897705,2.200000047683716,2.2799999713897705,550600
2021-11-11,2.2799999713897705,2.2799999713897705,2.200000047683716,2.200000047683716,1300
2021-11-12,2.2799999713897705,2.2799999713897705,2.200000047683716,2.240000009536743,600
2021-11-15,2.369999885559082,2.369999885559082,2.200000047683716,2.240000009536743,11800
2021-11-16,2.2699999809265137,2.309999942779541,2.2100000381469727,2.309999942779541,23800
2021-11-17,2.2100000381469727,2.2699999809265137,2.2100000381469727,2.2300000190734863,49000
2021-11-18,2.240000009536743,2.25,2.1500000953674316,2.2100000381469727,25300
2021-11-19,2.2300000190734863,2.240000009536743,2.2100000381469727,2.2100000381469727,19600
2021-11-22,2.200000047683716,2.299999952316284,2.200000047683716,2.299999952316284,16700
2021-11-23,2.2300000190734863,2.2300000190734863,2.200000047683716,2.2300000190734863,18200
2021-11-24,2.200000047683716,2.2200000286102295,2.1500000953674316,2.1500000953674316,6600
2021-11-26,2.2200000286102295,2.2200000286102295,2.130000114440918,2.1500000953674316,14000
2021-11-29,2.200000047683716,2.200000047683716,2.049999952316284,2.1700000762939453,24500
2021-11-30,2.450000047683716,2.450000047683716,2.200000047683716,2.200000047683716,52400
2021-12-01,2.75,2.8499999046325684,2.430000066757202,2.4600000381469727,94900
2021-12-02,2.700000047683716,2.8499999046325684,2.509999990463257,2.8499999046325684,4800
2021-12-03,2.369999885559082,2.5999999046325684,2.3299999237060547,2.5199999809265137,10400
2021-12-06,2.450000047683716,2.4700000286102295,2.3399999141693115,2.369999885559082,19300
2021-12-07,2.4700000286102295,2.5,2.390000104904175,2.390000104904175,5400
2021-12-08,2.5,2.5899999141693115,2.4000000953674316,2.4000000953674316,13700
2021-12-09,2.6500000953674316,2.7300000190734863,2.5399999618530273,2.5399999618530273,3400
2021-12-10,2.75,2.799999952316284,2.700000047683716,2.75,347700
2021-12-13,2.680000066757202,3.740000009536743,2.5999999046325684,2.8499999046325684,248900
2021-12-14,2.5,2.700000047683716,2.4800000190734863,2.700000047683716,20500
2021-12-15,2.369999885559082,2.5199999809265137,2.319999933242798,2.5199999809265137,36200
2021-12-16,2.2100000381469727,2.440000057220459,2.180000066757202,2.380000114440918,34800
2021-12-17,2.190000057220459,2.25,2.0999999046325684,2.190000057220459,28800
2021-12-20,2.0999999046325684,2.180000066757202,1.909999966621399,2.1700000762939453,16900
2021-12-21,2.1500000953674316,2.200000047683716,2.0799999237060547,2.130000114440918,39600
2021-12-22,2.369999885559082,2.369999885559082,2.190000057220459,2.190000057220459,64800
2021-12-23,2.3499999046325684,2.3499999046325684,2.1500000953674316,2.200000047683716,9300
2021-12-27,2.2300000190734863,2.299999952316284,2.1500000953674316,2.299999952316284,16300
2021-12-28,2.2200000286102295,2.299999952316284,2.200000047683716,2.25,58700
2021-12-29,2.200000047683716,2.200000047683716,2.0999999046325684,2.1500000953674316,6900
2021-12-30,2.200000047683716,2.2200000286102295,2.049999952316284,2.2200000286102295,24700
2021-12-31,2.2300000190734863,2.2300000190734863,2.1500000953674316,2.1500000953674316,6300
2022-01-03,2.200000047683716,2.309999942779541,2.1500000953674316,2.309999942779541,6000
2022-01-04,2.299999952316284,2.299999952316284,2.25,2.299999952316284,500
2022-01-05,2.4200000762939453,2.4200000762939453,2.2200000286102295,2.25,9900
2022-01-06,2.3299999237060547,2.369999885559082,2.2799999713897705,2.299999952316284,103700
2022-01-07,2.3499999046325684,2.3499999046325684,2.319999933242798,2.319999933242798,115400
2022-01-10,2.319999933242798,2.319999933242798,2.319999933242798,2.319999933242798,200
2022-01-11,2.380000114440918,2.380000114440918,2.380000114440918,2.380000114440918,200
2022-01-12,2.3499999046325684,2.390000104904175,2.309999942779541,2.380000114440918,4100
2022-01-13,2.3299999237060547,2.380000114440918,2.2799999713897705,2.2799999713897705,2100
2022-01-14,2.299999952316284,2.299999952316284,2.299999952316284,2.299999952316284,500000
2022-01-18,2.25,2.3399999141693115,2.25,2.3399999141693115,9200
2022-01-19,2.299999952316284,2.299999952316284,2.25,2.25,1151600
2022-01-20,2.25,2.2799999713897705,2.25,2.2699999809265137,2000
2022-01-21,2.0799999237060547,2.25,2.0799999237060547,2.25,12300
2022-01-24,1.9299999475479126,2.049999952316284,1.909999966621399,2.0299999713897705,2400
2022-01-25,1.9600000381469727,1.9900000095367432,1.899999976158142,1.940000057220459,2000
2022-01-26,1.9500000476837158,2.009999990463257,1.940000057220459,1.9800000190734863,1500
2022-01-27,1.9600000381469727,1.9900000095367432,1.9600000381469727,1.9900000095367432,300
2022-01-28,2.0999999046325684,2.0999999046325684,1.9700000286102295,1.9800000190734863,39700
2022-01-31,1.9800000190734863,2.049999952316284,1.9800000190734863,2.049999952316284,2200
2022-02-01,2.0,2.049999952316284,1.9299999475479126,1.9800000190734863,11000
2022-02-02,2.0,2.0299999713897705,1.9800000190734863,1.9900000095367432,9600
2022-02-03,2.0299999713897705,2.049999952316284,1.9600000381469727,2.0,29400
2022-02-04,1.9500000476837158,2.049999952316284,1.9500000476837158,2.0,2000
2022-02-07,2.049999952316284,2.140000104904175,2.049999952316284,2.049999952316284,2700
2022-02-08,2.049999952316284,2.140000104904175,2.009999990463257,2.0999999046325684,116400
2022-02-09,2.0999999046325684,2.1500000953674316,2.049999952316284,2.049999952316284,11000
2022-02-10,2.0399999618530273,2.109999895095825,2.0,2.109999895095825,6100
2022-02-11,2.069999933242798,2.069999933242798,2.049999952316284,2.049999952316284,2400
2022-02-14,2.069999933242798,2.069999933242798,2.0399999618530273,2.069999933242798,500
2022-02-15,2.0899999141693115,2.1700000762939453,2.0199999809265137,2.1500000953674316,14000
2022-02-16,2.130000114440918,2.130000114440918,2.0899999141693115,2.0899999141693115,2500
2022-02-17,2.130000114440918,2.130000114440918,2.130000114440918,2.130000114440918,0
2022-02-18,2.0999999046325684,2.130000114440918,2.0999999046325684,2.130000114440918,6100
2022-02-22,1.940000057220459,2.049999952316284,1.899999976158142,2.009999990463257,724300
2022-02-23,1.809999942779541,1.899999976158142,1.7000000476837158,1.899999976158142,114900
2022-02-24,1.7999999523162842,1.7999999523162842,1.7300000190734863,1.7300000190734863,5200
2022-02-25,1.899999976158142,1.899999976158142,1.8300000429153442,1.850000023841858,2400
2022-02-28,1.850000023841858,1.899999976158142,1.7999999523162842,1.899999976158142,9500
2022-03-01,1.840000033378601,1.8799999952316284,1.7699999809265137,1.850000023841858,3900
2022-03-02,1.809999942779541,1.8300000429153442,1.7300000190734863,1.7899999618530273,8200
2022-03-03,1.8300000429153442,1.8300000429153442,1.8300000429153442,1.8300000429153442,100
2022-03-04,1.8300000429153442,1.8300000429153442,1.8300000429153442,1.8300000429153442,100
2022-03-07,1.8300000429153442,1.8799999952316284,1.8300000429153442,1.8799999952316284,1900
2022-03-08,1.7899999618530273,1.7899999618530273,1.7799999713897705,1.7799999713897705,1400
2022-03-09,1.7899999618530273,1.7899999618530273,1.7899999618530273,1.7899999618530273,3000
2022-03-10,1.7799999713897705,1.7999999523162842,1.7799999713897705,1.7999999523162842,300
2022-03-11,2.0,2.0199999809265137,1.7799999713897705,1.7799999713897705,7300
2022-03-14,2.0,2.059999942779541,1.9500000476837158,1.9500000476837158,23000
2022-03-15,2.0999999046325684,2.0999999046325684,1.9500000476837158,2.009999990463257,2200
2022-03-16,2.0999999046325684,2.25,2.0999999046325684,2.0999999046325684,1700
2022-03-17,2.1500000953674316,2.1500000953674316,2.0999999046325684,2.0999999046325684,3200
2022-03-18,2.180000066757202,2.180000066757202,2.1600000858306885,2.1600000858306885,1200
2022-03-21,2.1500000953674316,2.1600000858306885,2.1500000953674316,2.1600000858306885,2200
2022-03-22,2.1500000953674316,2.1500000953674316,2.1500000953674316,2.1500000953674316,400
2022-03-23,2.200000047683716,2.200000047683716,2.0999999046325684,2.200000047683716,19000
2022-03-24,2.180000066757202,2.2300000190734863,2.180000066757202,2.2300000190734863,8200
2022-03-25,2.200000047683716,2.200000047683716,2.180000066757202,2.180000066757202,4600
2022-03-28,2.140000104904175,2.190000057220459,2.140000104904175,2.180000066757202,1900
2022-03-29,2.180000066757202,2.190000057220459,2.119999885559082,2.130000114440918,3800
2022-03-30,2.180000066757202,2.180000066757202,2.180000066757202,2.180000066757202,0
2022-03-31,2.25,2.25,2.140000104904175,2.140000104904175,6000
2022-04-01,2.559999942779541,2.5999999046325684,2.240000009536743,2.240000009536743,28900
2022-04-04,2.559999942779541,2.5999999046325684,2.440000057220459,2.440000057220459,16500
2022-04-05,2.6500000953674316,2.6500000953674316,2.559999942779541,2.5799999237060547,53900
2022-04-06,2.640000104904175,2.640000104904175,2.5999999046325684,2.5999999046325684,500
2022-04-07,2.5999999046325684,2.640000104904175,2.5999999046325684,2.5999999046325684,9000
2022-04-08,2.75,2.759999990463257,2.6700000762939453,2.6700000762939453,1300
2022-04-11,2.759999990463257,2.759999990463257,2.700000047683716,2.7300000190734863,6300
2022-04-12,2.75,2.75,2.700000047683716,2.740000009536743,600
2022-04-13,2.799999952316284,2.799999952316284,2.799999952316284,2.799999952316284,4200
2022-04-14,2.859999895095825,2.9700000286102295,2.75,2.75,29700
2022-04-18,2.950000047683716,2.950000047683716,2.859999895095825,2.9100000858306885,1000
2022-04-19,2.859999895095825,2.859999895095825,2.859999895095825,2.859999895095825,100
2022-04-20,2.859999895095825,2.859999895095825,2.859999895095825,2.859999895095825,100
2022-04-21,2.880000114440918,2.950000047683716,2.859999895095825,2.859999895095825,51000
2022-04-22,2.9000000953674316,2.930000066757202,2.9000000953674316,2.9200000762939453,52900
2022-04-25,2.930000066757202,2.940000057220459,2.9000000953674316,2.940000057220459,400
2022-04-26,2.859999895095825,2.930000066757202,2.859999895095825,2.9000000953674316,500
2022-04-27,2.819999933242798,2.9200000762939453,2.819999933242798,2.859999895095825,2232100
2022-04-28,2.940000057220459,2.950000047683716,2.9000000953674316,2.950000047683716,150200
2022-04-29,2.9700000286102295,2.9700000286102295,2.9700000286102295,2.9700000286102295,200
2022-05-02,2.9700000286102295,2.9700000286102295,2.9700000286102295,2.9700000286102295,0
2022-05-03,2.869999885559082,2.869999885559082,2.7699999809265137,2.8399999141693115,13400
2022-05-04,2.869999885559082,2.869999885559082,2.869999885559082,2.869999885559082,0
2022-05-05,2.9000000953674316,2.9000000953674316,2.859999895095825,2.859999895095825,1400
2022-05-06,2.8499999046325684,2.880000114440918,2.799999952316284,2.880000114440918,5700
2022-05-09,2.75,2.799999952316284,2.75,2.799999952316284,8900
2022-05-10,2.5399999618530273,2.7200000286102295,2.5399999618530273,2.7200000286102295,131700
2022-05-11,2.5199999809265137,2.6500000953674316,2.440000057220459,2.6500000953674316,10800
2022-05-12,2.4700000286102295,2.5899999141693115,2.4700000286102295,2.5899999141693115,4400
2022-05-13,2.5199999809265137,2.559999942779541,2.4700000286102295,2.5399999618530273,1600
2022-05-16,2.569999933242798,2.6600000858306885,2.5,2.5199999809265137,36800
2022-05-17,2.680000066757202,2.700000047683716,2.5899999141693115,2.630000114440918,2600
2022-05-18,2.6500000953674316,2.6500000953674316,2.6500000953674316,2.6500000953674316,300
2022-05-19,2.5999999046325684,2.5999999046325684,2.5999999046325684,2.5999999046325684,700
2022-05-20,2.5999999046325684,2.5999999046325684,2.5999999046325684,2.5999999046325684,0
2022-05-23,2.75,2.75,2.75,2.75,4000
2022-05-24,2.7200000286102295,2.7200000286102295,2.680000066757202,2.7100000381469727,2600
2022-05-25,2.9100000858306885,2.950000047683716,2.7200000286102295,2.7300000190734863,131300
2022-05-26,2.9000000953674316,2.9100000858306885,2.869999885559082,2.869999885559082,15000
2022-05-27,2.9800000190734863,2.990000009536743,2.9200000762939453,2.9200000762939453,69900
2022-05-31,2.9700000286102295,3.0,2.950000047683716,2.9600000381469727,109100
2022-06-01,3.119999885559082,3.119999885559082,2.9800000190734863,2.9800000190734863,176700
2022-06-02,3.0999999046325684,3.0999999046325684,3.0999999046325684,3.0999999046325684,100
2022-06-03,3.0999999046325684,3.0999999046325684,3.0999999046325684,3.0999999046325684,0
2022-06-06,3.0,3.0,2.950000047683716,3.0,3900
2022-06-07,2.950000047683716,3.0899999141693115,2.950000047683716,3.0899999141693115,2700
2022-06-08,2.9700000286102295,2.9700000286102295,2.9700000286102295,2.9700000286102295,1000
2022-06-09,2.9700000286102295,2.9700000286102295,2.9700000286102295,2.9700000286102295,0
2022-06-10,2.950000047683716,3.0899999141693115,2.950000047683716,3.0899999141693115,6600
2022-06-13,2.9000000953674316,3.009999990463257,2.8499999046325684,2.9000000953674316,1900
2022-06-14,2.799999952316284,2.9000000953674316,2.799999952316284,2.819999933242798,9700
2022-06-15,2.8499999046325684,2.8499999046325684,2.8499999046325684,2.8499999046325684,40100
2022-06-16,2.869999885559082,2.869999885559082,2.869999885559082,2.869999885559082,1600
2022-06-17,2.869999885559082,2.869999885559082,2.869999885559082,2.869999885559082,0
2022-06-21,2.869999885559082,2.869999885559082,2.869999885559082,2.869999885559082,0
2022-06-22,2.799999952316284,2.8499999046325684,2.799999952316284,2.8499999046325684,500
2022-06-23,2.7799999713897705,2.930000066757202,2.7799999713897705,2.799999952316284,2000
2022-06-24,2.75,2.7799999713897705,2.75,2.7799999713897705,300
2022-06-27,2.700000047683716,2.700000047683716,2.700000047683716,2.700000047683716,200
2022-06-28,2.6500000953674316,2.7300000190734863,2.6500000953674316,2.7300000190734863,1100
2022-06-29,2.6500000953674316,2.6500000953674316,2.6500000953674316,2.6500000953674316,0
2022-06-30,2.5999999046325684,2.6700000762939453,2.5999999046325684,2.6700000762939453,1700
2022-07-01,2.5999999046325684,2.5999999046325684,2.5999999046325684,2.5999999046325684,0
2022-07-05,2.5999999046325684,2.5999999046325684,2.5999999046325684,2.5999999046325684,0
2022-07-06,2.5999999046325684,2.5999999046325684,2.5999999046325684,2.5999999046325684,0
2022-07-07,2.5999999046325684,2.5999999046325684,2.5999999046325684,2.5999999046325684,0
2022-07-08,2.569999933242798,2.569999933242798,2.569999933242798,2.569999933242798,1000
2022-07-11,2.5199999809265137,2.5199999809265137,2.5199999809265137,2.5199999809265137,7300
2022-07-12,2.5199999809265137,2.5199999809265137,2.5199999809265137,2.5199999809265137,300
2022-07-13,2.5199999809265137,2.5199999809265137,2.5199999809265137,2.5199999809265137,0
2022-07-14,2.5199999809265137,2.5199999809265137,2.380000114440918,2.5,1900
2022-07-15,2.5199999809265137,2.5199999809265137,2.5199999809265137,2.5199999809265137,100
2022-07-18,2.4000000953674316,2.5,2.0199999809265137,2.5,5000
2022-07-19,2.4000000953674316,2.4000000953674316,2.4000000953674316,2.4000000953674316,0
2022-07-20,2.380000114440918,2.4100000858306885,2.2799999713897705,2.4100000858306885,3400
2022-07-21,2.3499999046325684,2.4200000762939453,2.319999933242798,2.4200000762939453,1200
2022-07-22,2.3499999046325684,2.3499999046325684,2.3499999046325684,2.3499999046325684,0
2022-07-25,2.299999952316284,2.299999952316284,2.299999952316284,2.299999952316284,100
2022-07-26,2.2100000381469727,2.3299999237060547,2.2100000381469727,2.2799999713897705,1600
2022-07-27,2.1500000953674316,2.25,2.1500000953674316,2.190000057220459,2100
2022-07-28,2.1500000953674316,2.1500000953674316,2.1500000953674316,2.1500000953674316,0
2022-07-29,2.3299999237060547,2.3399999141693115,2.25,2.3399999141693115,800
2022-08-01,2.3299999237060547,2.3299999237060547,2.3299999237060547,2.3299999237060547,0
2022-08-02,2.3299999237060547,2.3299999237060547,2.3299999237060547,2.3299999237060547,0
2022-08-03,2.3299999237060547,2.3299999237060547,2.3299999237060547,2.3299999237060547,0
2022-08-04,2.3299999237060547,2.3299999237060547,2.3299999237060547,2.3299999237060547,0
2022-08-05,2.190000057220459,2.200000047683716,2.190000057220459,2.200000047683716,2600
2022-08-08,2.0899999141693115,2.0899999141693115,2.0899999141693115,2.0899999141693115,5400
2022-08-09,2.190000057220459,2.190000057220459,2.190000057220459,2.190000057220459,400
2022-08-10,2.4200000762939453,2.4200000762939453,2.200000047683716,2.2200000286102295,3700
2022-08-11,2.4200000762939453,2.4200000762939453,2.4200000762939453,2.4200000762939453,0
2022-08-12,2.4200000762939453,2.4200000762939453,2.4200000762939453,2.4200000762939453,0
2022-08-15,2.4200000762939453,2.4200000762939453,2.4200000762939453,2.4200000762939453,0
2022-08-16,2.180000066757202,2.180000066757202,2.180000066757202,2.180000066757202,400
2022-08-17,2.180000066757202,2.180000066757202,2.180000066757202,2.180000066757202,0
2022-08-18,2.309999942779541,2.3499999046325684,2.2100000381469727,2.2100000381469727,2000
2022-08-19,2.130000114440918,2.25,2.130000114440918,2.25,1200
2022-08-22,2.25,2.25,2.25,2.25,100
2022-08-23,2.319999933242798,2.3399999141693115,2.25,2.25,1900
2022-08-24,2.25,2.25,2.1700000762939453,2.25,10200
2022-08-25,2.25,2.2799999713897705,2.190000057220459,2.190000057220459,9400
2022-08-26,2.2799999713897705,2.2799999713897705,2.2799999713897705,2.2799999713897705,200
2022-08-29,2.4000000953674316,2.4000000953674316,2.309999942779541,2.309999942779541,200
2022-08-30,2.4000000953674316,2.4000000953674316,2.4000000953674316,2.4000000953674316,0
2022-08-31,2.200000047683716,2.319999933242798,2.200000047683716,2.319999933242798,400
2022-09-01,2.4200000762939453,2.4200000762939453,2.4200000762939453,2.4200000762939453,2000
2022-09-02,2.4200000762939453,2.4200000762939453,2.4200000762939453,2.4200000762939453,0
2022-09-06,2.450000047683716,2.4700000286102295,2.359999895095825,2.4000000953674316,44700
2022-09-07,2.25,2.4200000762939453,2.25,2.4200000762939453,900
2022-09-08,2.4600000381469727,2.4600000381469727,2.4600000381469727,2.4600000381469727,4500
2022-09-09,2.5,2.5,2.450000047683716,2.4800000190734863,1400
2022-09-12,2.4000000953674316,2.559999942779541,2.380000114440918,2.5,23100
2022-09-13,2.5299999713897705,2.5299999713897705,2.450000047683716,2.5199999809265137,5800
2022-09-14,2.7300000190734863,2.740000009536743,2.5999999046325684,2.630000114440918,31700
2022-09-15,2.809999942779541,2.880000114440918,2.7200000286102295,2.75,2600
2022-09-16,2.740000009536743,2.740000009536743,2.740000009536743,2.740000009536743,2000
2022-09-19,2.75,2.75,2.75,2.75,2000
2022-09-20,2.6500000953674316,2.75,2.6500000953674316,2.75,2500
2022-09-21,2.9600000381469727,3.200000047683716,2.6500000953674316,2.6500000953674316,639200
2022-09-22,3.0,3.200000047683716,2.9600000381469727,3.0399999618530273,23300
2022-09-23,2.759999990463257,2.759999990463257,2.759999990463257,2.759999990463257,600
2022-09-26,2.6500000953674316,2.680000066757202,2.6500000953674316,2.680000066757202,6100
2022-09-27,2.5,2.5999999046325684,2.450000047683716,2.5999999046325684,33600
2022-09-28,2.5,2.549999952316284,2.5,2.549999952316284,28400
2022-09-29,2.450000047683716,2.450000047683716,2.3499999046325684,2.4000000953674316,60800
2022-09-30,2.450000047683716,2.450000047683716,2.4000000953674316,2.4000000953674316,3600
2022-10-03,2.450000047683716,2.450000047683716,2.4000000953674316,2.4200000762939453,900
2022-10-04,2.450000047683716,2.4800000190734863,2.4200000762939453,2.450000047683716,1300
2022-10-05,2.359999895095825,2.4200000762939453,2.309999942779541,2.4200000762939453,5700
2022-10-06,2.369999885559082,2.369999885559082,2.3499999046325684,2.3499999046325684,10000
2022-10-07,2.4000000953674316,2.4000000953674316,2.4000000953674316,2.4000000953674316,200
2022-10-10,2.4000000953674316,2.4000000953674316,2.4000000953674316,2.4000000953674316,0
2022-10-11,2.3499999046325684,2.369999885559082,2.3499999046325684,2.3499999046325684,7100
2022-10-12,2.380000114440918,2.380000114440918,2.380000114440918,2.380000114440918,100
2022-10-13,2.4000000953674316,2.4000000953674316,2.319999933242798,2.319999933242798,91800
2022-10-14,2.4000000953674316,2.4000000953674316,2.4000000953674316,2.4000000953674316,0
2022-10-17,2.3499999046325684,2.4000000953674316,2.3499999046325684,2.4000000953674316,5500
2022-10-18,2.319999933242798,2.3499999046325684,2.319999933242798,2.3499999046325684,5200
2022-10-19,2.2100000381469727,2.25,2.2100000381469727,2.25,300
2022-10-20,2.0999999046325684,2.1500000953674316,2.0,2.1500000953674316,2700
2022-10-21,2.25,2.3299999237060547,1.9700000286102295,2.0999999046325684,11200
2022-10-24,2.25,2.25,2.25,2.25,0
2022-10-25,2.4000000953674316,2.4000000953674316,2.25,2.25,4800
2022-10-26,2.200000047683716,2.200000047683716,2.200000047683716,2.200000047683716,200
2022-10-27,2.299999952316284,2.299999952316284,2.299999952316284,2.299999952316284,200
2022-10-28,2.25,2.430000066757202,2.25,2.430000066757202,400
2022-10-31,2.25,2.25,2.25,2.25,0
2022-11-01,2.3499999046325684,2.4100000858306885,2.3299999237060547,2.4100000858306885,900
2022-11-02,2.1600000858306885,2.4000000953674316,2.1600000858306885,2.3499999046325684,1900
2022-11-03,2.130000114440918,2.1600000858306885,2.130000114440918,2.1600000858306885,200
2022-11-04,2.200000047683716,2.200000047683716,2.200000047683716,2.200000047683716,300
2022-11-07,2.200000047683716,2.200000047683716,2.200000047683716,2.200000047683716,100
2022-11-08,2.200000047683716,2.200000047683716,2.200000047683716,2.200000047683716,0
2022-11-09,2.109999895095825,2.1700000762939453,2.109999895095825,2.1700000762939453,700
2022-11-10,2.0999999046325684,2.1700000762939453,2.0999999046325684,2.1700000762939453,400
2022-11-11,2.109999895095825,2.109999895095825,2.0199999809265137,2.0199999809265137,600
2022-11-14,2.0199999809265137,2.069999933242798,2.0199999809265137,2.0199999809265137,600
2022-11-15,2.069999933242798,2.069999933242798,2.0,2.069999933242798,400
2022-11-16,2.0899999141693115,2.0899999141693115,1.9500000476837158,2.049999952316284,900
2022-11-17,2.0999999046325684,2.1700000762939453,1.940000057220459,1.940000057220459,5400
2022-11-18,2.0999999046325684,2.0999999046325684,2.0999999046325684,2.0999999046325684,0
2022-11-21,2.0,2.0,1.899999976158142,1.9900000095367432,4600
2022-11-22,2.0,2.0,2.0,2.0,0
2022-11-23,1.9500000476837158,2.0299999713897705,1.7999999523162842,2.0299999713897705,29600
2022-11-25,1.7699999809265137,1.8200000524520874,1.75,1.7999999523162842,12500
2022-11-28,1.850000023841858,1.899999976158142,1.7999999523162842,1.899999976158142,800
2022-11-29,1.7699999809265137,1.850000023841858,1.7699999809265137,1.850000023841858,1500
2022-11-30,1.8700000047683716,1.9700000286102295,1.7699999809265137,1.7699999809265137,1100
2022-12-01,1.8700000047683716,1.8700000047683716,1.8700000047683716,1.8700000047683716,0
2022-12-02,1.8700000047683716,1.8700000047683716,1.8700000047683716,1.8700000047683716,0
2022-12-05,1.7999999523162842,1.899999976158142,1.649999976158142,1.649999976158142,1600
2022-12-06,1.9500000476837158,1.9500000476837158,1.850000023841858,1.9199999570846558,61200
2022-12-07,1.9900000095367432,1.9900000095367432,1.850000023841858,1.8700000047683716,3800
2022-12-08,1.899999976158142,1.9900000095367432,1.899999976158142,1.9800000190734863,600
2022-12-09,1.840000033378601,2.049999952316284,1.7999999523162842,2.0299999713897705,13700
2022-12-12,1.7999999523162842,1.8200000524520874,1.2999999523162842,1.8200000524520874,5500
2022-12-13,1.649999976158142,1.649999976158142,1.600000023841858,1.600000023841858,1100
2022-12-14,1.7000000476837158,1.7999999523162842,1.7000000476837158,1.7999999523162842,3400
2022-12-15,1.600000023841858,1.75,1.600000023841858,1.7300000190734863,9300
2022-12-16,1.7000000476837158,1.7000000476837158,1.649999976158142,1.7000000476837158,600
2022-12-19,1.5499999523162842,1.7300000190734863,1.5,1.600000023841858,53200
2022-12-20,1.399999976158142,1.600000023841858,1.399999976158142,1.5800000429153442,70900
2022-12-21,1.4800000190734863,1.5800000429153442,1.4800000190734863,1.5499999523162842,26300
2022-12-22,1.5199999809265137,1.600000023841858,1.5,1.5,205100
2022-12-23,1.5499999523162842,1.5499999523162842,1.4900000095367432,1.5299999713897705,54500
2022-12-27,1.590000033378601,1.590000033378601,1.5299999713897705,1.5299999713897705,6700
2022-12-28,1.5700000524520874,1.590000033378601,1.4500000476837158,1.5499999523162842,36200
2022-12-29,1.6200000047683716,1.6200000047683716,1.409999966621399,1.409999966621399,500
2022-12-30,1.6699999570846558,1.850000023841858,1.5099999904632568,1.5499999523162842,15700
2023-01-03,1.6799999475479126,1.6799999475479126,1.659999966621399,1.659999966621399,1800
2023-01-04,1.75,1.899999976158142,1.75,1.850000023841858,11800
2023-01-05,1.8200000524520874,1.8200000524520874,1.75,1.75,2300
2023-01-06,1.7599999904632568,1.7599999904632568,1.7599999904632568,1.7599999904632568,600
2023-01-09,1.75,1.7599999904632568,1.649999976158142,1.7000000476837158,7600
2023-01-10,1.75,1.75,1.75,1.75,0
2023-01-11,1.75,1.75,1.75,1.75,0
2023-01-12,1.649999976158142,1.6799999475479126,1.600000023841858,1.6799999475479126,21300
2023-01-13,1.649999976158142,1.649999976158142,1.649999976158142,1.649999976158142,100
2023-01-17,1.7000000476837158,1.7000000476837158,1.649999976158142,1.649999976158142,300
2023-01-18,1.649999976158142,1.7599999904632568,1.649999976158142,1.7599999904632568,1500
2023-01-19,1.6100000143051147,1.7000000476837158,1.6100000143051147,1.6100000143051147,800
2023-01-20,1.690000057220459,1.690000057220459,1.559999942779541,1.559999942779541,400
2023-01-23,1.649999976158142,1.75,1.559999942779541,1.75,50900
2023-01-24,1.6299999952316284,1.659999966621399,1.5800000429153442,1.6100000143051147,3700
2023-01-25,1.590000033378601,1.649999976158142,1.590000033378601,1.6200000047683716,800
2023-01-26,1.600000023841858,1.75,1.600000023841858,1.6299999952316284,1700
2023-01-27,1.659999966621399,1.659999966621399,1.6299999952316284,1.6299999952316284,500
2023-01-30,1.659999966621399,1.659999966621399,1.659999966621399,1.659999966621399,0
2023-01-31,1.659999966621399,1.659999966621399,1.659999966621399,1.659999966621399,0
2023-02-01,1.6399999856948853,1.6399999856948853,1.600000023841858,1.600000023841858,200
2023-02-02,1.7300000190734863,1.7999999523162842,1.7000000476837158,1.7000000476837158,7100
2023-02-03,1.75,1.75,1.7000000476837158,1.7000000476837158,5100
2023-02-06,1.75,1.75,1.7300000190734863,1.7300000190734863,13300
2023-02-07,1.8700000047683716,1.8700000047683716,1.7000000476837158,1.75,11700
2023-02-08,1.8700000047683716,1.8700000047683716,1.8700000047683716,1.8700000047683716,0
2023-02-09,1.840000033378601,1.840000033378601,1.7999999523162842,1.7999999523162842,200
2023-02-10,1.840000033378601,1.840000033378601,1.840000033378601,1.840000033378601,0
2023-02-13,1.7799999713897705,1.850000023841858,1.75,1.7799999713897705,1400
2023-02-14,1.7799999713897705,1.7799999713897705,1.7300000190734863,1.7300000190734863,700
2023-02-15,1.7999999523162842,1.7999999523162842,1.7400000095367432,1.7899999618530273,500
2023-02-16,1.7999999523162842,1.7999999523162842,1.7999999523162842,1.7999999523162842,0
2023-02-17,1.7899999618530273,1.7899999618530273,1.7899999618530273,1.7899999618530273,200
2023-02-21,1.840000033378601,1.840000033378601,1.840000033378601,1.840000033378601,200
2023-02-22,1.840000033378601,1.840000033378601,1.840000033378601,1.840000033378601,0
2023-02-23,1.8200000524520874,1.8200000524520874,1.7400000095367432,1.7400000095367432,200
2023-02-24,1.7999999523162842,1.7999999523162842,1.7100000381469727,1.7100000381469727,700
2023-02-27,1.75,1.7899999618530273,1.75,1.7799999713897705,3500
2023-02-28,1.7400000095367432,1.7400000095367432,1.6200000047683716,1.7400000095367432,5200
2023-03-01,1.7400000095367432,1.8300000429153442,1.6100000143051147,1.6399999856948853,12000
2023-03-02,1.600000023841858,1.7999999523162842,1.600000023841858,1.7200000286102295,1800
2023-03-03,1.7000000476837158,1.7000000476837158,1.659999966621399,1.659999966621399,500
2023-03-06,1.6699999570846558,1.690000057220459,1.600000023841858,1.6200000047683716,1900
2023-03-07,1.5700000524520874,1.6299999952316284,1.5,1.559999942779541,3000
2023-03-08,1.5700000524520874,1.5700000524520874,1.5700000524520874,1.5700000524520874,0
2023-03-09,1.4299999475479126,1.559999942779541,1.4199999570846558,1.5299999713897705,1000
2023-03-10,1.399999976158142,1.4900000095367432,1.399999976158142,1.4900000095367432,3000
2023-03-13,1.3700000047683716,1.4800000190734863,1.3700000047683716,1.4800000190734863,11400
2023-03-14,1.3600000143051147,1.3700000047683716,1.3600000143051147,1.3700000047683716,2200
2023-03-15,1.4500000476837158,1.5,1.4500000476837158,1.4600000381469727,800
2023-03-16,1.4199999570846558,1.5,1.409999966621399,1.5,103300
2023-03-17,1.4199999570846558,1.4199999570846558,1.4199999570846558,1.4199999570846558,0
2023-03-20,1.399999976158142,1.409999966621399,1.350000023841858,1.350000023841858,500
2023-03-21,1.399999976158142,1.399999976158142,1.350000023841858,1.3600000143051147,680500
2023-03-22,1.3899999856948853,1.399999976158142,1.3899999856948853,1.399999976158142,9100
2023-03-23,1.3899999856948853,1.3899999856948853,1.3899999856948853,1.3899999856948853,0
2023-03-24,1.350000023841858,1.350000023841858,1.350000023841858,1.350000023841858,1000
2023-03-27,1.5,1.5,1.5,1.5,500
2023-03-28,1.4700000286102295,1.4700000286102295,1.3200000524520874,1.3200000524520874,800
2023-03-29,1.4700000286102295,1.4700000286102295,1.4700000286102295,1.4700000286102295,0
2023-03-30,1.4299999475479126,1.4299999475479126,1.3700000047683716,1.3700000047683716,700
2023-03-31,1.4299999475479126,1.4299999475479126,1.4299999475479126,1.4299999475479126,0
2023-04-03,1.340000033378601,1.340000033378601,1.340000033378601,1.340000033378601,1100
2023-04-04,1.340000033378601,1.340000033378601,1.340000033378601,1.340000033378601,0
2023-04-05,1.340000033378601,1.340000033378601,1.340000033378601,1.340000033378601,0
2023-04-06,1.340000033378601,1.340000033378601,1.340000033378601,1.340000033378601,0
2023-04-10,1.409999966621399,1.409999966621399,1.409999966621399,1.409999966621399,100
2023-04-11,1.409999966621399,1.409999966621399,1.409999966621399,1.409999966621399,0
2023-04-12,1.350000023841858,1.350000023841858,1.25,1.3200000524520874,3100
2023-04-13,1.399999976158142,1.409999966621399,1.3799999952316284,1.399999976158142,2500
2023-04-14,1.4299999475479126,1.4299999475479126,1.350000023841858,1.350000023841858,1200
2023-04-17,1.399999976158142,1.4299999475479126,1.2699999809265137,1.4199999570846558,13100
2023-04-18,1.399999976158142,1.399999976158142,1.399999976158142,1.399999976158142,0
2023-04-19,1.399999976158142,1.399999976158142,1.399999976158142,1.399999976158142,0
2023-04-20,1.4199999570846558,1.4199999570846558,1.4199999570846558,1.4199999570846558,300
2023-04-21,1.4700000286102295,1.4700000286102295,1.4500000476837158,1.4500000476837158,5500
2023-04-24,1.350000023841858,1.4199999570846558,1.2599999904632568,1.3700000047683716,41500
2023-04-25,1.3899999856948853,1.3899999856948853,1.350000023841858,1.350000023841858,500
2023-04-26,1.2999999523162842,1.340000033378601,1.2999999523162842,1.3200000524520874,300
2023-04-27,1.3300000429153442,1.3300000429153442,1.3300000429153442,1.3300000429153442,100
2023-04-28,1.2999999523162842,1.3799999952316284,1.2999999523162842,1.3799999952316284,300
2023-05-01,1.399999976158142,1.440000057220459,1.2799999713897705,1.350000023841858,11100
2023-05-02,1.2599999904632568,1.309999942779541,1.2100000381469727,1.309999942779541,30500
2023-05-03,1.2799999713897705,1.2999999523162842,1.2799999713897705,1.2799999713897705,7100
2023-05-04,1.2599999904632568,1.2599999904632568,1.2599999904632568,1.2599999904632568,100
2023-05-05,1.2899999618530273,1.2899999618530273,1.25,1.2699999809265137,1200
2023-05-08,1.2899999618530273,1.2899999618530273,1.2699999809265137,1.2699999809265137,500
2023-05-09,1.2999999523162842,1.2999999523162842,1.25,1.25,18600
2023-05-10,1.25,1.2899999618530273,1.25,1.2899999618530273,300
2023-05-11,1.2799999713897705,1.2799999713897705,1.2799999713897705,1.2799999713897705,100
2023-05-12,1.2799999713897705,1.2799999713897705,1.2799999713897705,1.2799999713897705,0
2023-05-15,1.25,1.350000023841858,1.25,1.2699999809265137,11000
2023-05-16,1.2999999523162842,1.4500000476837158,1.2699999809265137,1.350000023841858,10200
2023-05-17,1.2699999809265137,1.2699999809265137,1.2699999809265137,1.2699999809265137,16800
2023-05-18,1.2699999809265137,1.2699999809265137,1.2699999809265137,1.2699999809265137,0
2023-05-19,1.2699999809265137,1.2699999809265137,1.2699999809265137,1.2699999809265137,0
2023-05-22,1.309999942779541,1.399999976158142,1.309999942779541,1.399999976158142,10200
2023-05-23,1.3700000047683716,1.440000057220459,1.3700000047683716,1.440000057220459,5000
2023-05-24,1.399999976158142,1.440000057220459,1.2799999713897705,1.2799999713897705,5100
2023-05-25,1.3300000429153442,1.3300000429153442,1.3300000429153442,1.3300000429153442,200
2023-05-26,1.25,1.4199999570846558,1.25,1.3700000047683716,5300
2023-05-30,1.25,1.350000023841858,1.25,1.350000023841858,300
2023-05-31,1.2999999523162842,1.2999999523162842,1.2999999523162842,1.2999999523162842,4900
2023-06-01,1.2999999523162842,1.2999999523162842,1.2999999523162842,1.2999999523162842,0
2023-06-02,1.2999999523162842,1.2999999523162842,1.2999999523162842,1.2999999523162842,0
2023-06-05,1.2999999523162842,1.2999999523162842,1.2999999523162842,1.2999999523162842,0
2023-06-06,1.2999999523162842,1.2999999523162842,1.2999999523162842,1.2999999523162842,0
2023-06-07,1.1299999952316284,1.2599999904632568,1.1299999952316284,1.2599999904632568,126100
2023-06-08,1.340000033378601,1.340000033378601,1.25,1.25,15800
2023-06-09,1.399999976158142,1.399999976158142,1.3799999952316284,1.3799999952316284,5000
2023-06-12,1.399999976158142,1.399999976158142,1.399999976158142,1.399999976158142,0
2023-06-13,1.399999976158142,1.399999976158142,1.399999976158142,1.399999976158142,0
2023-06-14,1.399999976158142,1.4199999570846558,1.399999976158142,1.399999976158142,10000
2023-06-15,1.5299999713897705,1.7300000190734863,1.4199999570846558,1.4199999570846558,33100
2023-06-16,1.600000023841858,1.7799999713897705,1.590000033378601,1.7300000190734863,13800
2023-06-20,1.6799999475479126,1.690000057220459,1.600000023841858,1.600000023841858,7800
2023-06-21,1.7100000381469727,1.7100000381469727,1.7000000476837158,1.7000000476837158,2800
2023-06-22,1.7200000286102295,1.7200000286102295,1.7200000286102295,1.7200000286102295,2000
2023-06-23,1.7999999523162842,1.7999999523162842,1.7999999523162842,1.7999999523162842,5000
2023-06-26,1.8799999952316284,1.899999976158142,1.8200000524520874,1.8200000524520874,15600
2023-06-27,2.0,2.0,1.899999976158142,1.9500000476837158,14200
2023-06-28,2.0,2.0,2.0,2.0,0
2023-06-29,2.0,2.0,2.0,2.0,0
2023-06-30,1.9199999570846558,1.9199999570846558,1.659999966621399,1.6799999475479126,2600
2023-07-03,1.7999999523162842,1.8799999952316284,1.7999999523162842,1.7999999523162842,5000
2023-07-05,1.7699999809265137,1.7899999618530273,1.600000023841858,1.6799999475479126,5700
2023-07-06,1.6699999570846558,1.6699999570846558,1.6699999570846558,1.6699999570846558,5600
2023-07-07,1.6699999570846558,1.6699999570846558,1.6699999570846558,1.6699999570846558,0
2023-07-10,1.6699999570846558,1.6699999570846558,1.6699999570846558,1.6699999570846558,0
2023-07-11,1.6699999570846558,1.7899999618530273,1.6699999570846558,1.7899999618530273,1000
2023-07-12,1.6699999570846558,1.6699999570846558,1.6699999570846558,1.6699999570846558,0
2023-07-13,1.7000000476837158,1.7100000381469727,1.7000000476837158,1.7100000381469727,300
2023-07-14,1.7000000476837158,1.7000000476837158,1.7000000476837158,1.7000000476837158,3100
2023-07-17,1.7200000286102295,1.8300000429153442,1.690000057220459,1.8300000429153442,10800
2023-07-18,1.690000057220459,1.690000057220459,1.6699999570846558,1.6699999570846558,300
2023-07-19,1.7300000190734863,1.7300000190734863,1.6699999570846558,1.6699999570846558,3500
2023-07-20,1.809999942779541,1.809999942779541,1.809999942779541,1.809999942779541,1900
2023-07-21,1.909999966621399,1.909999966621399,1.899999976158142,1.899999976158142,10000
2023-07-24,1.909999966621399,1.909999966621399,1.909999966621399,1.909999966621399,0
2023-07-25,1.909999966621399,1.909999966621399,1.909999966621399,1.909999966621399,0
2023-07-26,1.909999966621399,1.909999966621399,1.7899999618530273,1.7899999618530273,5200
2023-07-27,1.899999976158142,1.899999976158142,1.899999976158142,1.899999976158142,2000
2023-07-28,1.899999976158142,1.899999976158142,1.899999976158142,1.899999976158142,0
2023-07-31,1.899999976158142,1.899999976158142,1.850000023841858,1.850000023841858,5500
2023-08-01,1.899999976158142,1.899999976158142,1.899999976158142,1.899999976158142,0
2023-08-02,1.909999966621399,1.909999966621399,1.909999966621399,1.909999966621399,700
2023-08-03,1.8899999856948853,1.8899999856948853,1.7799999713897705,1.8799999952316284,2000
2023-08-04,1.899999976158142,1.899999976158142,1.7799999713897705,1.7799999713897705,2800
2023-08-07,1.8200000524520874,1.8200000524520874,1.7699999809265137,1.7699999809265137,5000
2023-08-08,1.8200000524520874,1.8200000524520874,1.8200000524520874,1.8200000524520874,0
2023-08-09,1.75,1.8799999952316284,1.75,1.8799999952316284,2500
2023-08-10,1.7000000476837158,1.75,1.7000000476837158,1.75,11300
2023-08-11,1.7100000381469727,1.7100000381469727,1.7100000381469727,1.7100000381469727,200
2023-08-14,2.0,2.049999952316284,1.7999999523162842,1.7999999523162842,3700
2023-08-15,2.0,2.0,2.0,2.0,0
2023-08-16,2.0199999809265137,2.0199999809265137,2.0199999809265137,2.0199999809265137,2500
2023-08-17,2.059999942779541,2.0999999046325684,2.009999990463257,2.009999990463257,8200
2023-08-18,2.059999942779541,2.059999942779541,2.059999942779541,2.059999942779541,100
2023-08-21,2.0999999046325684,2.0999999046325684,2.069999933242798,2.069999933242798,200
2023-08-22,1.9600000381469727,1.9600000381469727,1.9600000381469727,1.9600000381469727,100
2023-08-23,1.9299999475479126,1.9900000095367432,1.9299999475479126,1.9900000095367432,1000
2023-08-24,1.840000033378601,1.850000023841858,1.840000033378601,1.850000023841858,3500
2023-08-25,1.850000023841858,2.0,1.850000023841858,1.850000023841858,2600
2023-08-28,1.9600000381469727,1.9600000381469727,1.9600000381469727,1.9600000381469727,100
2023-08-29,1.9900000095367432,1.9900000095367432,1.850000023841858,1.850000023841858,500
2023-08-30,2.0,2.0,1.899999976158142,1.899999976158142,2100
2023-08-31,2.0799999237060547,2.0799999237060547,2.0799999237060547,2.0799999237060547,2000
2023-09-01,2.0799999237060547,2.0799999237060547,2.0799999237060547,2.0799999237060547,0
2023-09-05,2.0799999237060547,2.0799999237060547,2.0799999237060547,2.0799999237060547,0
2023-09-06,2.0799999237060547,2.0799999237060547,2.0799999237060547,2.0799999237060547,0
2023-09-07,1.9199999570846558,1.9199999570846558,1.9199999570846558,1.9199999570846558,2900
2023-09-08,1.9199999570846558,1.9199999570846558,1.9199999570846558,1.9199999570846558,0
2023-09-11,1.9199999570846558,1.9199999570846558,1.9199999570846558,1.9199999570846558,3000
2023-09-12,1.9199999570846558,1.9199999570846558,1.9199999570846558,1.9199999570846558,100
2023-09-13,1.9199999570846558,1.9199999570846558,1.9199999570846558,1.9199999570846558,0
2023-09-14,1.899999976158142,1.9199999570846558,1.899999976158142,1.9199999570846558,3000
2023-09-15,1.899999976158142,1.899999976158142,1.899999976158142,1.899999976158142,0
2023-09-18,1.8200000524520874,1.8200000524520874,1.8200000524520874,1.8200000524520874,3700
2023-09-19,1.8200000524520874,1.8200000524520874,1.8200000524520874,1.8200000524520874,0
2023-09-20,1.9299999475479126,1.9299999475479126,1.9299999475479126,1.9299999475479126,1000
2023-09-21,1.9299999475479126,1.9299999475479126,1.9299999475479126,1.9299999475479126,0
2023-09-22,1.9299999475479126,1.9299999475479126,1.9299999475479126,1.9299999475479126,100
2023-09-25,1.9299999475479126,1.9299999475479126,1.9299999475479126,1.9299999475479126,0
2023-09-26,1.9299999475479126,1.9299999475479126,1.9299999475479126,1.9299999475479126,0
2023-09-27,1.9299999475479126,1.9500000476837158,1.9299999475479126,1.940000057220459,1200
2023-09-28,1.9500000476837158,1.9500000476837158,1.7899999618530273,1.809999942779541,6600
2023-09-29,1.9500000476837158,1.9500000476837158,1.809999942779541,1.809999942779541,700
2023-10-02,1.9500000476837158,1.9500000476837158,1.9500000476837158,1.9500000476837158,0
2023-10-03,1.9500000476837158,1.9500000476837158,1.9500000476837158,1.9500000476837158,0
2023-10-04,1.8899999856948853,1.9299999475479126,1.7899999618530273,1.7899999618530273,1000
2023-10-05,1.8700000047683716,1.8700000047683716,1.8700000047683716,1.8700000047683716,300
2023-10-06,1.940000057220459,1.940000057220459,1.940000057220459,1.940000057220459,200
2023-10-09,1.940000057220459,1.940000057220459,1.940000057220459,1.940000057220459,0
2023-10-10,1.9800000190734863,1.9800000190734863,1.9800000190734863,1.9800000190734863,1000
2023-10-11,1.9800000190734863,1.9800000190734863,1.9800000190734863,1.9800000190734863,0
2023-10-12,1.9800000190734863,1.9800000190734863,1.9800000190734863,1.9800000190734863,0
2023-10-13,1.9700000286102295,1.9700000286102295,1.9700000286102295,1.9700000286102295,1000
2023-10-16,1.9700000286102295,1.9700000286102295,1.9700000286102295,1.9700000286102295,0
2023-10-17,1.9700000286102295,1.9700000286102295,1.9700000286102295,1.9700000286102295,0
2023-10-18,1.8300000429153442,1.8300000429153442,1.8300000429153442,1.8300000429153442,200
2023-10-19,1.8300000429153442,1.8300000429153442,1.8300000429153442,1.8300000429153442,0
2023-10-20,1.7999999523162842,1.7999999523162842,1.7999999523162842,1.7999999523162842,200
2023-10-23,1.7999999523162842,1.7999999523162842,1.7999999523162842,1.7999999523162842,0
2023-10-24,1.7999999523162842,1.7999999523162842,1.7999999523162842,1.7999999523162842,0
2023-10-25,1.7999999523162842,1.7999999523162842,1.7999999523162842,1.7999999523162842,0
2023-10-26,1.899999976158142,1.899999976158142,1.899999976158142,1.899999976158142,2000
2023-10-27,1.899999976158142,1.899999976158142,1.7300000190734863,1.7899999618530273,1700
2023-10-30,1.899999976158142,1.899999976158142,1.899999976158142,1.899999976158142,0
2023-10-31,1.9299999475479126,1.9299999475479126,1.9299999475479126,1.9299999475479126,1000
2023-11-01,1.9299999475479126,1.9299999475479126,1.9299999475479126,1.9299999475479126,0
2023-11-02,1.850000023841858,1.850000023841858,1.7000000476837158,1.7000000476837158,300
2023-11-03,1.7999999523162842,1.7999999523162842,1.7000000476837158,1.7999999523162842,5700
2023-11-06,1.7100000381469727,1.7100000381469727,1.7100000381469727,1.7100000381469727,1500
2023-11-07,1.7100000381469727,1.7100000381469727,1.7100000381469727,1.7100000381469727,0
2023-11-08,1.7300000190734863,1.7300000190734863,1.7300000190734863,1.7300000190734863,25000
2023-11-09,1.7400000095367432,1.7400000095367432,1.7200000286102295,1.7200000286102295,2200
2023-11-10,1.5499999523162842,1.7000000476837158,1.5499999523162842,1.649999976158142,2100
2023-11-13,1.5700000524520874,1.5700000524520874,1.5700000524520874,1.5700000524520874,100
2023-11-14,1.7000000476837158,1.7000000476837158,1.5700000524520874,1.5700000524520874,8600
2023-11-15,1.7000000476837158,1.7000000476837158,1.7000000476837158,1.7000000476837158,0
2023-11-16,1.7000000476837158,1.7000000476837158,1.7000000476837158,1.7000000476837158,0
2023-11-17,1.6299999952316284,1.6799999475479126,1.6100000143051147,1.6799999475479126,1200
2023-11-20,1.6299999952316284,1.6299999952316284,1.6299999952316284,1.6299999952316284,0
2023-11-21,1.6299999952316284,1.6299999952316284,1.6299999952316284,1.6299999952316284,0
2023-11-22,1.8200000524520874,1.8200000524520874,1.7000000476837158,1.7000000476837158,1400
2023-11-24,1.8200000524520874,1.8200000524520874,1.8200000524520874,1.8200000524520874,0
2023-11-27,1.659999966621399,1.659999966621399,1.659999966621399,1.659999966621399,200
2023-11-28,1.7599999904632568,1.7599999904632568,1.7599999904632568,1.7599999904632568,200
2023-11-29,1.75,1.75,1.75,1.75,100
2023-11-30,1.9700000286102295,1.9700000286102295,1.7000000476837158,1.7000000476837158,250100
2023-12-01,1.7899999618530273,1.9600000381469727,1.7899999618530273,1.9600000381469727,2000
2023-12-04,1.9600000381469727,1.9600000381469727,1.9600000381469727,1.9600000381469727,300
2023-12-05,1.9600000381469727,1.9600000381469727,1.9600000381469727,1.9600000381469727,0
2023-12-06,1.9600000381469727,1.9600000381469727,1.9600000381469727,1.9600000381469727,0
2023-12-07,1.9600000381469727,1.9600000381469727,1.9600000381469727,1.9600000381469727,0
2023-12-08,1.8300000429153442,1.8799999952316284,1.7200000286102295,1.7200000286102295,2700
2023-12-11,1.809999942779541,1.850000023841858,1.809999942779541,1.850000023841858,400
2023-12-12,1.8300000429153442,1.8300000429153442,1.8300000429153442,1.8300000429153442,10000
2023-12-13,1.9700000286102295,1.9700000286102295,1.9299999475479126,1.9299999475479126,700
2023-12-14,1.9600000381469727,1.9600000381469727,1.9600000381469727,1.9600000381469727,1000
2023-12-15,1.940000057220459,1.940000057220459,1.7799999713897705,1.7799999713897705,2000
2023-12-18,1.9700000286102295,1.9700000286102295,1.9199999570846558,1.940000057220459,10000
2023-12-19,1.9700000286102295,1.9700000286102295,1.7000000476837158,1.7000000476837158,3065300
2023-12-20,2.1500000953674316,2.5999999046325684,1.8700000047683716,1.9700000286102295,80900
2023-12-21,2.3399999141693115,2.380000114440918,2.1500000953674316,2.1500000953674316,45100
2023-12-22,2.299999952316284,2.430000066757202,2.200000047683716,2.3399999141693115,10500
2023-12-26,2.25,3.0899999141693115,2.25,2.5799999237060547,19100
2023-12-27,2.3499999046325684,2.430000066757202,2.259999990463257,2.3499999046325684,3200
2023-12-28,2.309999942779541,2.549999952316284,2.25,2.25,7300
2023-12-29,2.2899999618530273,2.549999952316284,2.259999990463257,2.509999990463257,10500
2024-01-02,2.5399999618530273,2.5399999618530273,2.369999885559082,2.369999885559082,15000
2024-01-03,2.299999952316284,2.369999885559082,2.25,2.3299999237060547,22700
2024-01-04,2.2799999713897705,2.319999933242798,2.200000047683716,2.2300000190734863,2393400
2024-01-05,2.2699999809265137,2.2899999618530273,2.25,2.2899999618530273,12900
2024-01-08,2.2899999618530273,2.319999933242798,2.2899999618530273,2.2899999618530273,15000
2024-01-09,2.299999952316284,2.380000114440918,2.299999952316284,2.380000114440918,2800
2024-01-10,2.380000114440918,2.380000114440918,2.3499999046325684,2.3499999046325684,7500
2024-01-11,2.4000000953674316,2.4000000953674316,2.359999895095825,2.359999895095825,2900
2024-01-12,2.440000057220459,2.440000057220459,2.2899999618530273,2.4100000858306885,3185600
2024-01-16,2.549999952316284,2.549999952316284,2.440000057220459,2.440000057220459,4500
2024-01-17,2.630000114440918,2.700000047683716,2.559999942779541,2.5799999237060547,3300
2024-01-18,2.8499999046325684,2.9100000858306885,2.690000057220459,2.690000057220459,6600
2024-01-19,2.890000104904175,3.049999952316284,2.700000047683716,2.7200000286102295,170800
2024-01-22,3.259999990463257,3.259999990463257,3.0,3.0,19300
2024-01-23,3.1500000953674316,3.259999990463257,3.1500000953674316,3.259999990463257,17200
2024-01-24,3.2100000381469727,3.299999952316284,3.0999999046325684,3.2799999713897705,22500
2024-01-25,3.0999999046325684,3.0999999046325684,3.0999999046325684,3.0999999046325684,200
2024-01-26,3.059999942779541,3.059999942779541,2.8499999046325684,2.9100000858306885,7600
2024-01-29,3.0,3.0999999046325684,2.990000009536743,3.069999933242798,707900
2024-01-30,3.0999999046325684,3.0999999046325684,2.950000047683716,3.0999999046325684,2400
2024-01-31,2.950000047683716,3.0999999046325684,2.9000000953674316,3.0999999046325684,7500
2024-02-01,2.9000000953674316,2.9000000953674316,2.799999952316284,2.9000000953674316,2300
2024-02-02,2.9000000953674316,2.9000000953674316,2.9000000953674316,2.9000000953674316,0
2024-02-05,2.950000047683716,2.950000047683716,2.880000114440918,2.9000000953674316,2100
2024-02-06,2.9000000953674316,2.9000000953674316,2.75,2.890000104904175,316500
2024-02-07,2.75,2.75,2.5999999046325684,2.700000047683716,225600
2024-02-08,2.700000047683716,2.740000009536743,2.700000047683716,2.7100000381469727,600
2024-02-09,2.9000000953674316,2.9000000953674316,2.75,2.75,15200
2024-02-12,2.9000000953674316,2.9000000953674316,2.799999952316284,2.8299999237060547,300
2024-02-13,2.9000000953674316,2.9000000953674316,2.799999952316284,2.8499999046325684,1700
2024-02-14,2.9800000190734863,2.990000009536743,2.9000000953674316,2.9000000953674316,9200
2024-02-15,2.9800000190734863,2.9800000190734863,2.799999952316284,2.880000114440918,600
2024-02-16,2.9800000190734863,2.9800000190734863,2.799999952316284,2.8399999141693115,6800
2024-02-20,2.9700000286102295,3.0299999713897705,2.9200000762939453,2.9200000762939453,8200
2024-02-21,2.9700000286102295,2.9700000286102295,2.9700000286102295,2.9700000286102295,0
2024-02-22,2.9200000762939453,2.940000057220459,2.799999952316284,2.799999952316284,6000
2024-02-23,3.009999990463257,3.009999990463257,2.799999952316284,2.799999952316284,2000
2024-02-26,2.9700000286102295,2.9700000286102295,2.799999952316284,2.799999952316284,3300
2024-02-27,2.9100000858306885,2.9100000858306885,2.799999952316284,2.869999885559082,1400
2024-02-28,2.9200000762939453,2.9200000762939453,2.799999952316284,2.799999952316284,1500
2024-02-29,2.890000104904175,2.930000066757202,2.8499999046325684,2.8499999046325684,12900
2024-03-01,2.8499999046325684,2.8499999046325684,2.799999952316284,2.8499999046325684,14000
2024-03-04,2.819999933242798,2.819999933242798,2.819999933242798,2.819999933242798,5000
2024-03-05,2.9200000762939453,3.0799999237060547,2.799999952316284,2.799999952316284,37100
2024-03-06,3.25,3.4000000953674316,3.119999885559082,3.119999885559082,10900
2024-03-07,3.25,3.25,3.25,3.25,0
2024-03-08,3.390000104904175,3.390000104904175,3.25,3.3499999046325684,36600
2024-03-11,3.1700000762939453,3.1700000762939453,3.1700000762939453,3.1700000762939453,100
2024-03-12,3.380000114440918,3.390000104904175,3.0,3.390000104904175,3600
2024-03-13,3.359999895095825,3.359999895095825,2.9600000381469727,2.9600000381469727,500
2024-03-14,3.200000047683716,3.3399999141693115,3.200000047683716,3.200000047683716,4800
2024-03-15,3.0999999046325684,3.3299999237060547,3.0999999046325684,3.3299999237060547,2900
2024-03-18,3.200000047683716,3.25,3.049999952316284,3.25,9300
2024-03-19,3.200000047683716,3.200000047683716,3.200000047683716,3.200000047683716,0
2024-03-20,3.319999933242798,3.380000114440918,3.25,3.25,13000
2024-03-21,3.359999895095825,3.369999885559082,3.3399999141693115,3.359999895095825,16600
2024-03-22,3.359999895095825,3.359999895095825,3.359999895095825,3.359999895095825,0
2024-03-25,3.3499999046325684,3.359999895095825,3.3499999046325684,3.359999895095825,20200
2024-03-26,3.1500000953674316,3.25,3.1500000953674316,3.25,8200
2024-03-27,3.25,3.2799999713897705,3.1500000953674316,3.1500000953674316,5100
2024-03-28,3.200000047683716,3.2799999713897705,3.119999885559082,3.119999885559082,4100
2024-04-01,3.200000047683716,3.200000047683716,3.200000047683716,3.200000047683716,1000
2024-04-02,3.200000047683716,3.200000047683716,3.200000047683716,3.200000047683716,0
2024-04-03,3.25,3.25,3.0,3.200000047683716,9000
2024-04-04,3.009999990463257,3.299999952316284,2.9800000190734863,3.2300000190734863,5000
2024-04-05,3.299999952316284,3.299999952316284,3.299999952316284,3.299999952316284,100
2024-04-08,3.299999952316284,3.299999952316284,3.299999952316284,3.299999952316284,0
2024-04-09,3.299999952316284,3.299999952316284,3.25,3.25,1000
2024-04-10,3.299999952316284,3.299999952316284,3.299999952316284,3.299999952316284,0
2024-04-11,3.049999952316284,3.130000114440918,3.049999952316284,3.0799999237060547,7100
2024-04-12,3.2699999809265137,3.2699999809265137,3.2699999809265137,3.2699999809265137,1000
2024-04-15,3.2699999809265137,3.2699999809265137,3.2699999809265137,3.2699999809265137,0
2024-04-16,3.2699999809265137,3.2699999809265137,3.119999885559082,3.119999885559082,500
2024-04-17,3.240000009536743,3.240000009536743,3.0999999046325684,3.0999999046325684,4700
2024-04-18,3.2799999713897705,3.2799999713897705,3.0999999046325684,3.0999999046325684,2500
2024-04-19,3.2799999713897705,3.2799999713897705,3.2799999713897705,3.2799999713897705,0
2024-04-22,3.200000047683716,3.200000047683716,3.200000047683716,3.200000047683716,800
2024-04-23,3.119999885559082,3.119999885559082,3.0999999046325684,3.0999999046325684,6700
2024-04-24,3.25,3.25,3.25,3.25,1000
2024-04-25,3.25,3.25,3.25,3.25,0
2024-04-26,3.200000047683716,3.200000047683716,3.1600000858306885,3.1600000858306885,700
2024-04-29,3.180000066757202,3.240000009536743,3.180000066757202,3.240000009536743,1200
2024-04-30,3.180000066757202,3.180000066757202,3.180000066757202,3.180000066757202,0
2024-05-01,3.180000066757202,3.180000066757202,3.180000066757202,3.180000066757202,0
2024-05-02,3.240000009536743,3.240000009536743,3.0999999046325684,3.1500000953674316,4700
2024-05-03,3.240000009536743,3.240000009536743,3.240000009536743,3.240000009536743,0
2024-05-06,3.240000009536743,3.240000009536743,3.240000009536743,3.240000009536743,0
2024-05-07,3.240000009536743,3.240000009536743,3.240000009536743,3.240000009536743,0
2024-05-08,3.2799999713897705,3.2899999618530273,3.2200000286102295,3.259999990463257,8400
2024-05-09,3.3299999237060547,3.3299999237060547,3.299999952316284,3.3299999237060547,3000
2024-05-10,3.4200000762939453,3.4200000762939453,3.200000047683716,3.2100000381469727,2100
2024-05-13,3.380000114440918,3.380000114440918,3.2200000286102295,3.2200000286102295,1100
2024-05-14,3.380000114440918,3.380000114440918,3.380000114440918,3.380000114440918,0
2024-05-15,3.380000114440918,3.380000114440918,3.380000114440918,3.380000114440918,0
2024-05-16,3.319999933242798,3.319999933242798,3.200000047683716,3.200000047683716,6400
2024-05-17,3.4000000953674316,3.4000000953674316,3.3499999046325684,3.3499999046325684,1400
2024-05-20,3.7300000190734863,3.740000009536743,3.1500000953674316,3.380000114440918,1313300
2024-05-21,3.75,3.75,3.75,3.75,2000
2024-05-22,3.75,3.75,3.5999999046325684,3.5999999046325684,1000
2024-05-23,3.7799999713897705,3.7799999713897705,3.740000009536743,3.740000009536743,59700
2024-05-24,3.7799999713897705,3.7799999713897705,3.7799999713897705,3.7799999713897705,0
2024-05-28,3.799999952316284,3.940000057220459,3.799999952316284,3.799999952316284,16100
2024-05-29,3.799999952316284,3.799999952316284,3.799999952316284,3.799999952316284,0
2024-05-30,3.9800000190734863,3.9800000190734863,3.940000057220459,3.950000047683716,115800
2024-05-31,4.050000190734863,4.050000190734863,3.9700000286102295,3.990000009536743,59600
2024-06-03,4.019999980926514,4.090000152587891,4.019999980926514,4.059999942779541,50500
2024-06-04,4.0,4.050000190734863,3.9800000190734863,3.9800000190734863,165700
2024-06-05,3.9700000286102295,3.9700000286102295,3.9700000286102295,3.9700000286102295,3800
2024-06-06,3.9700000286102295,3.9700000286102295,3.9700000286102295,3.9700000286102295,0
2024-06-07,3.9700000286102295,3.9700000286102295,3.9700000286102295,3.9700000286102295,0
2024-06-10,3.9700000286102295,3.9700000286102295,3.9700000286102295,3.9700000286102295,0
2024-06-11,3.9700000286102295,3.9700000286102295,3.9000000953674316,3.940000057220459,5600
2024-06-12,4.0,4.0,3.75,3.75,503800
2024-06-13,4.0,4.0,4.0,4.0,0
2024-06-14,3.75,3.75,3.75,3.75,3000
2024-06-17,3.9600000381469727,3.9600000381469727,3.9600000381469727,3.9600000381469727,100
2024-06-18,3.75,3.75,3.4600000381469727,3.7300000190734863,1300
2024-06-20,3.75,3.75,3.7300000190734863,3.7300000190734863,1100
2024-06-21,3.75,3.75,3.75,3.75,0
2024-06-24,3.4800000190734863,3.4800000190734863,3.4800000190734863,3.4800000190734863,200
2024-06-25,3.700000047683716,3.75,3.5,3.75,150300
2024-06-26,3.700000047683716,3.700000047683716,3.5199999809265137,3.5199999809265137,3300
2024-06-27,3.700000047683716,3.700000047683716,3.6700000762939453,3.690000057220459,8900
2024-06-28,3.8299999237060547,4.03000020980835,3.690000057220459,3.690000057220459,18000
2024-07-01,4.0,4.050000190734863,3.9200000762939453,4.050000190734863,14100
2024-07-02,4.099999904632568,4.099999904632568,4.0,4.0,3200
2024-07-03,4.150000095367432,4.150000095367432,4.150000095367432,4.150000095367432,100
2024-07-05,4.150000095367432,4.150000095367432,4.150000095367432,4.150000095367432,0
2024-07-08,3.950000047683716,4.0,3.8499999046325684,4.0,8800
2024-07-09,3.950000047683716,3.950000047683716,3.950000047683716,3.950000047683716,0
2024-07-10,3.950000047683716,3.950000047683716,3.9000000953674316,3.9000000953674316,200
2024-07-11,3.950000047683716,3.950000047683716,3.950000047683716,3.950000047683716,0
2024-07-12,3.950000047683716,3.950000047683716,3.950000047683716,3.950000047683716,0
2024-07-15,4.070000171661377,4.070000171661377,3.5,3.5,2400
2024-07-16,4.130000114440918,4.130000114440918,4.130000114440918,4.130000114440918,200
2024-07-17,4.150000095367432,4.150000095367432,4.059999942779541,4.150000095367432,96300
2024-07-18,4.0,4.150000095367432,4.0,4.059999942779541,50500
2024-07-19,4.050000190734863,4.079999923706055,4.0,4.039999961853027,107300
2024-07-22,3.819999933242798,4.050000190734863,3.75,3.8399999141693115,1500
2024-07-23,4.050000190734863,4.099999904632568,3.799999952316284,4.099999904632568,3600
2024-07-24,4.010000228881836,4.010000228881836,3.8499999046325684,3.869999885559082,1900
2024-07-25,3.930000066757202,3.9600000381469727,3.75,3.9600000381469727,10700
2024-07-26,3.8499999046325684,3.8499999046325684,3.5899999141693115,3.5899999141693115,2500
2024-07-29,3.8499999046325684,3.8499999046325684,3.8499999046325684,3.8499999046325684,0
2024-07-30,3.799999952316284,3.799999952316284,3.6600000858306885,3.6600000858306885,1200
2024-07-31,3.6600000858306885,3.6600000858306885,3.6600000858306885,3.6600000858306885,2700
2024-08-01,3.0999999046325684,3.549999952316284,3.0799999237060547,3.549999952316284,31600
2024-08-02,3.109999895095825,3.5799999237060547,3.0,3.5799999237060547,3400
2024-08-05,3.0,3.069999933242798,3.0,3.0,500
2024-08-06,3.299999952316284,3.299999952316284,3.299999952316284,3.299999952316284,100
2024-08-07,3.299999952316284,3.299999952316284,3.299999952316284,3.299999952316284,0
2024-08-08,3.299999952316284,3.299999952316284,3.190000057220459,3.190000057220459,300
2024-08-09,3.2699999809265137,3.2699999809265137,3.1500000953674316,3.1500000953674316,300
2024-08-12,3.2300000190734863,3.2300000190734863,3.0,3.0199999809265137,3100
2024-08-13,3.049999952316284,3.1700000762939453,3.0299999713897705,3.1700000762939453,900
2024-08-14,2.869999885559082,2.869999885559082,2.869999885559082,2.869999885559082,200
2024-08-15,2.880000114440918,2.880000114440918,2.799999952316284,2.799999952316284,25900
2024-08-16,2.880000114440918,2.880000114440918,2.880000114440918,2.880000114440918,0
2024-08-19,2.950000047683716,2.950000047683716,2.6500000953674316,2.75,3700
2024-08-20,2.950000047683716,2.950000047683716,2.930000066757202,2.930000066757202,194100
2024-08-21,3.1500000953674316,3.1500000953674316,2.950000047683716,2.950000047683716,6500
2024-08-22,3.190000057220459,3.190000057220459,3.0799999237060547,3.1500000953674316,5800
2024-08-23,3.299999952316284,3.299999952316284,3.1500000953674316,3.1500000953674316,1000
2024-08-26,3.299999952316284,3.299999952316284,3.299999952316284,3.299999952316284,0
2024-08-27,3.200000047683716,3.200000047683716,3.200000047683716,3.200000047683716,2000
2024-08-28,3.0999999046325684,3.1600000858306885,3.049999952316284,3.049999952316284,3600
2024-08-29,3.119999885559082,3.119999885559082,2.9700000286102295,3.049999952316284,22000
2024-08-30,3.0399999618530273,3.0399999618530273,2.9700000286102295,3.0,10500
2024-09-03,2.940000057220459,3.0299999713897705,2.940000057220459,2.950000047683716,1300
2024-09-04,2.940000057220459,2.940000057220459,2.940000057220459,2.940000057220459,0
2024-09-05,3.1500000953674316,3.1500000953674316,3.1500000953674316,3.1500000953674316,1000
2024-09-06,3.259999990463257,3.259999990463257,2.759999990463257,3.049999952316284,26600
2024-09-09,3.5,3.7100000381469727,3.200000047683716,3.200000047683716,10000
2024-09-10,3.440000057220459,3.440000057220459,3.440000057220459,3.440000057220459,100
2024-09-11,3.0999999046325684,3.4000000953674316,3.0,3.4000000953674316,9400
2024-09-12,3.0999999046325684,3.0999999046325684,3.0999999046325684,3.0999999046325684,0
2024-09-13,3.2799999713897705,3.450000047683716,3.2799999713897705,3.450000047683716,70200
2024-09-16,3.450000047683716,3.450000047683716,3.450000047683716,3.450000047683716,100
2024-09-17,3.2200000286102295,3.440000057220459,3.2200000286102295,3.299999952316284,16900
2024-09-18,3.200000047683716,3.200000047683716,3.200000047683716,3.200000047683716,400
2024-09-19,3.1500000953674316,3.200000047683716,3.1500000953674316,3.200000047683716,600
2024-09-20,3.049999952316284,3.200000047683716,2.950000047683716,3.0999999046325684,4800
2024-09-23,3.109999895095825,3.109999895095825,2.9000000953674316,2.950000047683716,622800
2024-09-24,3.259999990463257,3.299999952316284,3.109999895095825,3.109999895095825,1009500
2024-09-25,3.299999952316284,3.299999952316284,3.0999999046325684,3.1600000858306885,21900
2024-09-26,3.25,3.25,3.049999952316284,3.049999952316284,4400
2024-09-27,3.25,3.25,3.190000057220459,3.190000057220459,200
2024-09-30,3.359999895095825,3.359999895095825,3.069999933242798,3.069999933242798,305300
2024-10-01,3.299999952316284,3.299999952316284,2.9600000381469727,3.299999952316284,8500
2024-10-02,3.299999952316284,3.299999952316284,2.9800000190734863,2.9800000190734863,2500
2024-10-03,3.299999952316284,3.299999952316284,3.299999952316284,3.299999952316284,0
2024-10-04,3.299999952316284,3.299999952316284,3.299999952316284,3.299999952316284,0
2024-10-07,3.299999952316284,3.299999952316284,3.299999952316284,3.299999952316284,0
2024-10-08,3.0999999046325684,3.0999999046325684,3.0999999046325684,3.0999999046325684,3700
2024-10-09,3.0999999046325684,3.0999999046325684,3.0999999046325684,3.0999999046325684,0
2024-10-10,3.569999933242798,3.569999933242798,3.3499999046325684,3.3499999046325684,3900
2024-10-11,3.6700000762939453,3.7200000286102295,3.509999990463257,3.509999990463257,4900
2024-10-14,3.75,3.819999933242798,3.700000047683716,3.7200000286102295,34100
2024-10-15,3.6700000762939453,3.869999885559082,3.6700000762939453,3.869999885559082,300
2024-10-16,3.9000000953674316,3.9000000953674316,3.7799999713897705,3.9000000953674316,6200
2024-10-17,3.9000000953674316,3.990000009536743,3.75,3.9000000953674316,132400
2024-10-18,4.0,4.0,3.75,3.75,39100
2024-10-21,4.03000020980835,4.21999979019165,3.8499999046325684,3.9700000286102295,9700
2024-10-22,4.099999904632568,4.21999979019165,3.9200000762939453,4.21999979019165,13200
2024-10-23,4.150000095367432,4.150000095367432,3.9600000381469727,3.9600000381469727,18500
2024-10-24,4.150000095367432,4.150000095367432,4.150000095367432,4.150000095367432,0
2024-10-25,4.150000095367432,4.150000095367432,4.150000095367432,4.150000095367432,0
2024-10-28,3.819999933242798,3.819999933242798,3.819999933242798,3.819999933242798,100
2024-10-29,3.8499999046325684,3.8499999046325684,3.75,3.8499999046325684,1001500
2024-10-30,3.8499999046325684,3.8499999046325684,3.8499999046325684,3.8499999046325684,0
2024-10-31,3.9000000953674316,3.950000047683716,3.9000000953674316,3.950000047683716,29800
2024-11-01,3.5999999046325684,3.75,3.5999999046325684,3.75,1100
2024-11-04,3.5999999046325684,3.609999895095825,3.5999999046325684,3.609999895095825,21000
2024-11-05,3.819999933242798,4.03000020980835,3.700000047683716,3.799999952316284,27900
2024-11-06,6.400000095367432,6.989999771118164,5.050000190734863,6.989999771118164,272200
2024-11-07,6.849999904632568,7.389999866485596,6.150000095367432,6.150000095367432,59800
2024-11-08,7.289999961853027,7.380000114440918,6.75,6.900000095367432,64500
2024-11-11,7.71999979019165,7.71999979019165,7.179999828338623,7.190000057220459,15200
2024-11-12,7.900000095367432,7.949999809265137,7.75,7.75,15200
2024-11-13,7.800000190734863,8.0,7.760000228881836,7.949999809265137,3100
2024-11-14,7.800000190734863,7.820000171661377,7.800000190734863,7.800000190734863,1500
2024-11-15,7.880000114440918,7.880000114440918,7.650000095367432,7.849999904632568,9300
2024-11-18,8.210000038146973,8.210000038146973,8.0,8.0,8000
2024-11-19,8.399999618530273,8.399999618530273,7.900000095367432,7.920000076293945,6500
2024-11-20,8.199999809265137,8.329999923706055,8.0,8.100000381469727,14900
2024-11-21,8.25,8.25,8.199999809265137,8.199999809265137,3200
2024-11-22,8.1899995803833,8.1899995803833,7.880000114440918,8.050000190734863,107200
2024-11-25,8.149999618530273,8.850000381469727,8.149999618530273,8.199999809265137,418300
2024-11-26,8.149999618530273,8.289999961853027,8.149999618530273,8.289999961853027,2500
2024-11-27,8.199999809265137,8.4399995803833,8.199999809265137,8.239999771118164,7200
2024-11-29,8.449999809265137,8.449999809265137,8.449999809265137,8.449999809265137,900
2024-12-02,8.199999809265137,8.199999809265137,8.199999809265137,8.199999809265137,200
2024-12-03,8.430000305175781,8.600000381469727,8.430000305175781,8.569999694824219,26900
2024-12-04,8.050000190734863,8.399999618530273,7.949999809265137,7.949999809265137,3800
2024-12-05,8.430000305175781,8.449999809265137,8.109999656677246,8.109999656677246,1600
2024-12-06,8.720000267028809,8.720000267028809,8.449999809265137,8.449999809265137,400
2024-12-09,8.760000228881836,8.760000228881836,8.600000381469727,8.600000381469727,20600
2024-12-10,8.899999618530273,8.989999771118164,8.699999809265137,8.699999809265137,6700
2024-12-11,9.0,9.020000457763672,8.760000228881836,9.0,5300
2024-12-12,9.0,9.0,9.0,9.0,0
2024-12-13,8.960000038146973,8.970000267028809,8.899999618530273,8.970000267028809,1200
2024-12-16,9.050000190734863,9.050000190734863,9.050000190734863,9.050000190734863,2000
2024-12-17,9.050000190734863,9.050000190734863,9.039999961853027,9.039999961853027,2100
2024-12-18,9.100000381469727,9.100000381469727,8.380000114440918,8.380000114440918,347500
2024-12-19,9.050000190734863,9.170000076293945,8.720000267028809,8.720000267028809,3000
2024-12-20,9.050000190734863,9.050000190734863,9.050000190734863,9.050000190734863,0
2024-12-23,9.5,9.680000305175781,9.149999618530273,9.149999618530273,6400
2024-12-24,9.5,9.760000228881836,9.5,9.760000228881836,5300
2024-12-26,9.5,9.5,9.5,9.5,0
2024-12-27,9.449999809265137,9.5,9.449999809265137,9.5,13600
2024-12-30,9.800000190734863,9.800000190734863,9.399999618530273,9.399999618530273,3400
2024-12-31,9.789999961853027,9.789999961853027,9.789999961853027,9.789999961853027,4000
2025-01-02,9.600000381469727,9.600000381469727,9.25,9.399999618530273,16100
2025-01-03,10.0,10.0,9.25,9.25,22900
2025-01-06,9.75,9.989999771118164,9.5,9.880000114440918,115800
2025-01-07,9.600000381469727,9.739999771118164,9.5,9.739999771118164,4800
2025-01-08,9.649999618530273,9.649999618530273,9.289999961853027,9.350000381469727,2400
2025-01-10,9.699999809265137,9.800000190734863,9.550000190734863,9.579999923706055,176800
2025-01-13,9.569999694824219,9.699999809265137,9.390000343322754,9.699999809265137,700
2025-01-14,9.859999656677246,9.949999809265137,9.199999809265137,9.199999809265137,40900
2025-01-15,9.880000114440918,9.979999542236328,9.600000381469727,9.819999694824219,18400
2025-01-16,9.779999732971191,9.850000381469727,9.670000076293945,9.800000190734863,200900
2025-01-17,9.899999618530273,9.899999618530273,9.899999618530273,9.899999618530273,300
2025-01-21,9.899999618530273,10.0,9.649999618530273,9.899999618530273,7500
2025-01-22,9.569999694824219,9.899999618530273,9.399999618530273,9.649999618530273,5000
2025-01-23,9.550000190734863,9.550000190734863,9.550000190734863,9.550000190734863,1200
2025-01-24,9.489999771118164,9.550000190734863,9.130000114440918,9.369999885559082,55200
2025-01-27,9.130000114440918,9.6899995803833,9.100000381469727,9.100000381469727,2200
2025-01-28,9.170000076293945,9.850000381469727,9.130000114440918,9.850000381469727,1600
2025-01-29,9.050000190734863,9.180000305175781,8.75,9.050000190734863,3000
2025-01-30,9.0,9.0,9.0,9.0,2800
2025-01-31,9.0,9.0,9.0,9.0,0
2025-02-03,9.0,9.0,9.0,9.0,0
2025-02-04,9.25,9.25,8.859999656677246,8.9399995803833,4000
2025-02-05,9.5,9.5,8.880000114440918,8.880000114440918,5100
2025-02-06,9.880000114440918,9.989999771118164,9.5,9.5,204900
2025-02-07,9.9399995803833,9.9399995803833,9.859999656677246,9.920000076293945,2600
2025-02-10,9.9399995803833,9.9399995803833,9.9399995803833,9.9399995803833,0
2025-02-11,9.739999771118164,9.739999771118164,9.600000381469727,9.649999618530273,1800
2025-02-12,9.760000228881836,9.760000228881836,9.760000228881836,9.760000228881836,200
2025-02-13,9.819999694824219,9.819999694824219,9.819999694824219,9.819999694824219,500
2025-02-14,9.779999732971191,9.90999984741211,9.75,9.90999984741211,3700
2025-02-18,9.649999618530273,9.779999732971191,9.5,9.779999732971191,7800
2025-02-19,9.569999694824219,9.569999694824219,9.5,9.5,19200
2025-02-20,9.600000381469727,9.600000381469727,9.5600004196167,9.5600004196167,6400
2025-02-21,9.600000381469727,9.600000381469727,9.600000381469727,9.600000381469727,0
2025-02-24,9.649999618530273,9.649999618530273,9.520000457763672,9.520000457763672,200
2025-02-25,9.5,9.5,9.300000190734863,9.449999809265137,13300
2025-02-26,9.430000305175781,9.5,9.34000015258789,9.34000015258789,221400
2025-02-27,9.300000190734863,9.399999618530273,9.300000190734863,9.399999618530273,2200
2025-02-28,9.460000038146973,9.460000038146973,9.199999809265137,9.25,1600
2025-03-03,9.0,9.279999732971191,9.0,9.199999809265137,4400
2025-03-04,8.899999618530273,9.0,8.75,9.0,1400
2025-03-05,8.899999618530273,8.899999618530273,8.5,8.510000228881836,9500
2025-03-06,8.899999618530273,8.899999618530273,8.899999618530273,8.899999618530273,0
2025-03-07,8.479999542236328,8.529999732971191,8.25,8.40999984741211,3300
2025-03-10,8.140000343322754,8.239999771118164,8.140000343322754,8.239999771118164,300
2025-03-11,8.25,8.260000228881836,8.050000190734863,8.050000190734863,31500
2025-03-12,8.25,8.25,8.25,8.25,0
2025-03-13,8.149999618530273,8.149999618530273,7.929999828338623,8.0,17800
2025-03-14,8.649999618530273,8.649999618530273,8.079999923706055,8.1899995803833,64600
2025-03-17,8.989999771118164,8.989999771118164,8.350000381469727,8.649999618530273,20600
2025-03-18,9.199999809265137,9.199999809265137,8.960000038146973,8.960000038146973,2600
2025-03-19,9.59000015258789,9.59000015258789,9.180000305175781,9.199999809265137,17800
2025-03-20,9.550000190734863,9.989999771118164,9.0,9.569999694824219,25600
2025-03-21,9.550000190734863,9.550000190734863,9.550000190734863,9.550000190734863,0
2025-03-24,9.75,9.75,9.550000190734863,9.550000190734863,18900
2025-03-25,9.75,9.75,9.65999984741211,9.65999984741211,4300
2025-03-26,9.680000305175781,9.680000305175781,9.569999694824219,9.680000305175781,5700
2025-03-27,9.600000381469727,9.649999618530273,9.399999618530273,9.569999694824219,3000
2025-03-28,9.75,9.75,9.75,9.75,500
2025-03-31,9.619999885559082,9.630000114440918,9.25,9.569999694824219,33700
2025-04-01,9.430000305175781,9.550000190734863,9.380000114440918,9.550000190734863,3200
2025-04-02,9.369999885559082,9.470000267028809,9.369999885559082,9.430000305175781,2600
2025-04-03,9.25,9.350000381469727,9.010000228881836,9.350000381469727,4400
2025-04-04,8.270000457763672,9.0,8.270000457763672,9.0,2900
2025-04-07,7.619999885559082,8.0600004196167,7.460000038146973,8.0600004196167,75300
2025-04-08,7.900000095367432,8.399999618530273,7.900000095367432,8.350000381469727,6100
2025-04-09,8.020000457763672,8.699999809265137,7.96999979019165,8.3100004196167,74500
2025-04-10,8.25,8.680000305175781,8.199999809265137,8.199999809265137,3200
2025-04-11,7.760000228881836,8.489999771118164,7.760000228881836,8.489999771118164,8800
2025-04-14,8.550000190734863,9.170000076293945,7.869999885559082,7.869999885559082,4100
2025-04-15,8.850000381469727,9.0,8.550000190734863,8.989999771118164,34400
2025-04-16,8.75,8.770000457763672,8.380000114440918,8.470000267028809,20500
2025-04-17,8.649999618530273,8.75,8.600000381469727,8.630000114440918,7300
2025-04-21,8.649999618530273,8.649999618530273,8.649999618530273,8.649999618530273,0
2025-04-22,8.649999618530273,8.649999618530273,8.649999618530273,8.649999618530273,1100
2025-04-23,8.470000267028809,8.75,8.470000267028809,8.649999618530273,6500
2025-04-24,8.6899995803833,8.6899995803833,8.6899995803833,8.6899995803833,2000
2025-04-25,8.729999542236328,8.729999542236328,8.4399995803833,8.550000190734863,7400
2025-04-28,8.729999542236328,8.729999542236328,8.699999809265137,8.699999809265137,2300
2025-04-29,8.850000381469727,8.850000381469727,8.729999542236328,8.729999542236328,4600
2025-04-30,8.989999771118164,9.0,8.8100004196167,8.8100004196167,2100
2025-05-01,9.199999809265137,9.199999809265137,8.890000343322754,9.0,2500
2025-05-02,9.09000015258789,9.09000015258789,8.920000076293945,8.949999809265137,14700
2025-05-05,9.09000015258789,9.09000015258789,8.920000076293945,8.920000076293945,1700
2025-05-06,9.09000015258789,9.09000015258789,9.069999694824219,9.069999694824219,500
2025-05-07,9.020000457763672,9.020000457763672,8.800000190734863,8.920000076293945,500
2025-05-08,8.949999809265137,9.09000015258789,8.949999809265137,8.989999771118164,3600
2025-05-09,8.75,9.0,8.75,8.850000381469727,2900
2025-05-12,9.100000381469727,9.100000381469727,9.0,9.0,79300
2025-05-13,8.880000114440918,8.880000114440918,8.880000114440918,8.880000114440918,200
2025-05-14,9.100000381469727,9.100000381469727,8.800000190734863,8.800000190734863,1900
2025-05-15,9.050000190734863,9.050000190734863,9.050000190734863,9.050000190734863,2000
2025-05-16,8.880000114440918,8.899999618530273,8.880000114440918,8.899999618530273,300
2025-05-19,9.0,9.050000190734863,8.800000190734863,8.800000190734863,1000
2025-05-20,9.180000305175781,9.180000305175781,8.989999771118164,9.029999732971191,1500
2025-05-21,9.149999618530273,9.149999618530273,8.880000114440918,8.880000114440918,1100
2025-05-22,10.5,11.0,10.029999732971191,10.65999984741211,372200
2025-05-23,10.449999809265137,10.449999809265137,10.149999618530273,10.149999618530273,600
2025-05-27,10.600000381469727,10.600000381469727,10.100000381469727,10.449999809265137,13900
2025-05-28,11.0,11.390000343322754,11.0,11.390000343322754,11900
2025-05-29,11.010000228881836,11.5,10.699999809265137,11.390000343322754,7300
2025-05-30,10.779999732971191,11.0,10.710000038146973,10.819999694824219,800
2025-06-02,10.850000381469727,10.899999618530273,10.649999618530273,10.649999618530273,5500
2025-06-03,10.630000114440918,10.699999809265137,10.510000228881836,10.550000190734863,2600
2025-06-04,10.399999618530273,10.489999771118164,10.100000381469727,10.489999771118164,3900
2025-06-05,10.149999618530273,10.5,9.949999809265137,9.949999809265137,17500
2025-06-06,10.34000015258789,10.34000015258789,10.210000038146973,10.210000038146973,3400
2025-06-09,10.449999809265137,10.449999809265137,10.300000190734863,10.300000190734863,500
2025-06-10,10.449999809265137,10.449999809265137,10.449999809265137,10.449999809265137,0
2025-06-11,10.460000038146973,10.470000267028809,10.449999809265137,10.449999809265137,551700
2025-06-12,10.739999771118164,10.739999771118164,10.359999656677246,10.359999656677246,900
2025-06-13,10.739999771118164,10.739999771118164,10.739999771118164,10.739999771118164,0
2025-06-16,10.260000228881836,10.260000228881836,10.260000228881836,10.260000228881836,3800
2025-06-17,10.260000228881836,10.260000228881836,10.260000228881836,10.260000228881836,0
2025-06-18,10.399999618530273,10.399999618530273,10.399999618530273,10.399999618530273,500
2025-06-20,10.369999885559082,10.800000190734863,10.279999732971191,10.59000015258789,5000
2025-06-23,10.369999885559082,10.369999885559082,10.369999885559082,10.369999885559082,0
2025-06-24,10.600000381469727,10.739999771118164,10.289999961853027,10.739999771118164,8800
2025-06-25,10.600000381469727,10.680000305175781,10.579999923706055,10.600000381469727,30200
2025-06-26,11.0,11.079999923706055,10.550000190734863,10.600000381469727,34900
2025-06-27,10.960000038146973,11.0,10.850000381469727,10.989999771118164,2400
2025-06-30,11.430000305175781,11.670000076293945,10.819999694824219,11.0,24900
2025-07-01,11.430000305175781,11.430000305175781,11.430000305175781,11.430000305175781,0
2025-07-02,11.640000343322754,11.640000343322754,11.460000038146973,11.460000038146973,400
2025-07-03,11.600000381469727,11.600000381469727,11.600000381469727,11.600000381469727,100
2025-07-07,11.600000381469727,11.600000381469727,11.0600004196167,11.0600004196167,1200
2025-07-08,11.119999885559082,11.489999771118164,11.0,11.079999923706055,5800
2025-07-09,11.079999923706055,11.079999923706055,11.0,11.0,400
2025-07-10,11.0,11.350000381469727,11.0,11.020000457763672,4700
2025-07-11,11.3100004196167,11.3100004196167,11.3100004196167,11.3100004196167,100
2025-07-14,11.3100004196167,11.3100004196167,11.3100004196167,11.3100004196167,0
2025-07-15,12.0,12.0,10.930000305175781,11.600000381469727,133800
2025-07-16,11.5,11.869999885559082,11.5,11.829999923706055,6200
2025-07-17,11.550000190734863,11.989999771118164,11.449999809265137,11.449999809265137,532100
2025-07-18,11.449999809265137,11.899999618530273,11.449999809265137,11.449999809265137,3300
2025-07-21,11.399999618530273,11.789999961853027,11.399999618530273,11.789999961853027,500
2025-07-22,11.399999618530273,11.5,11.0,11.5,500
2025-07-23,11.0,11.399999618530273,11.0,11.350000381469727,700
2025-07-24,11.399999618530273,11.399999618530273,11.399999618530273,11.399999618530273,900
2025-07-25,11.0,11.369999885559082,10.539999961853027,11.369999885559082,75300
2025-07-28,10.869999885559082,10.869999885559082,10.869999885559082,10.869999885559082,1300
2025-07-29,11.039999961853027,11.1899995803833,10.75,10.800000190734863,253400
2025-07-30,11.0600004196167,11.0600004196167,11.0,11.0,1100
2025-07-31,11.119999885559082,11.119999885559082,11.0,11.079999923706055,2200
2025-08-01,12.130000114440918,12.520000457763672,11.539999961853027,12.0,3100
2025-08-04,12.130000114440918,12.130000114440918,12.130000114440918,12.130000114440918,0
2025-08-05,11.949999809265137,12.239999771118164,11.949999809265137,12.199999809265137,52100
2025-08-06,12.0,12.300000190734863,11.649999618530273,11.649999618530273,60800
2025-08-07,12.149999618530273,12.369999885559082,12.0,12.369999885559082,1800
2025-08-08,13.300000190734863,13.300000190734863,11.899999618530273,11.899999618530273,78300
2025-08-11,13.899999618530273,14.399999618530273,13.229999542236328,13.229999542236328,222300
2025-08-12,13.899999618530273,14.430000305175781,13.779999732971191,14.0,5100
2025-08-13,13.550000190734863,14.0,13.550000190734863,14.0,2600
2025-08-14,13.75,13.75,13.479999542236328,13.479999542236328,206600
2025-08-15,13.899999618530273,13.90999984741211,13.569999694824219,13.680000305175781,800
2025-08-18,13.550000190734863,13.550000190734863,13.539999961853027,13.539999961853027,900
2025-08-19,13.579999923706055,13.720000267028809,13.0,13.609999656677246,5400
2025-08-20,13.449999809265137,13.609999656677246,12.970000267028809,12.970000267028809,7700
2025-08-21,13.399999618530273,13.399999618530273,13.399999618530273,13.399999618530273,4600
2025-08-22,13.0,13.399999618530273,12.699999809265137,13.399999618530273,30500
2025-08-25,13.100000381469727,13.5,12.869999885559082,13.489999771118164,159200
2025-08-26,13.25,13.300000190734863,13.25,13.25,3100
2025-08-27,13.989999771118164,14.0,13.5,13.5,7500
2025-08-28,14.0,14.140000343322754,13.3100004196167,13.5,6900
2025-08-29,14.0,14.100000381469727,13.800000190734863,13.84000015258789,2000
2025-09-02,13.880000114440918,14.100000381469727,13.84000015258789,14.0,14400
2025-09-03,13.989999771118164,14.050000190734863,13.869999885559082,13.869999885559082,6500
2025-09-04,14.100000381469727,14.100000381469727,13.899999618530273,13.899999618530273,37200
2025-09-05,14.0,14.0,13.899999618530273,13.979999542236328,24600
2025-09-08,13.75,14.0,13.710000038146973,13.979999542236328,31500
2025-09-09,14.0,14.0,13.010000228881836,13.960000038146973,28700
2025-09-10,13.720000267028809,13.949999809265137,13.0600004196167,13.0600004196167,29300
2025-09-11,14.050000190734863,14.100000381469727,13.729999542236328,13.850000381469727,61400
2025-09-12,13.239999771118164,14.119999885559082,13.239999771118164,13.920000076293945,548300
2025-09-15,13.880000114440918,14.119999885559082,13.5,14.0,2900
2025-09-16,13.930000305175781,13.930000305175781,13.930000305175781,13.930000305175781,100
2025-09-17,13.600000381469727,14.0,13.149999618530273,13.84000015258789,262100
2025-09-18,13.789999961853027,13.949999809265137,13.600000381469727,13.949999809265137,2200
2025-09-19,13.65999984741211,13.819999694824219,13.460000038146973,13.789999961853027,75800
2025-09-22,13.699999809265137,13.75,13.510000228881836,13.59000015258789,4000
2025-09-23,13.75,13.779999732971191,13.25,13.569999694824219,324700
2025-09-24,13.850000381469727,13.890000343322754,13.300000190734863,13.829999923706055,16700
2025-09-25,14.0,14.0,13.5,13.5,18700
2025-09-26,13.699999809265137,13.989999771118164,13.460000038146973,13.949999809265137,9000
2025-09-29,13.569999694824219,13.949999809265137,13.430000305175781,13.479999542236328,1400
2025-09-30,13.420000076293945,13.489999771118164,13.420000076293945,13.479999542236328,20000
2025-10-01,13.75,13.989999771118164,13.300000190734863,13.300000190734863,500
2025-10-02,13.670000076293945,14.0,13.460000038146973,14.0,19300
2025-10-03,13.75,13.800000190734863,13.600000381469727,13.800000190734863,11100
2025-10-06,13.619999885559082,13.6899995803833,13.25,13.5,128900
2025-10-07,13.6899995803833,13.6899995803833,13.449999809265137,13.489999771118164,9900
2025-10-08,13.260000228881836,13.699999809265137,13.260000228881836,13.460000038146973,17400
2025-10-09,13.25,13.380000114440918,13.25,13.25,5200
2025-10-10,13.15999984741211,13.449999809265137,13.0,13.449999809265137,130500
2025-10-13,13.5,13.5,13.5,13.5,600
2025-10-14,13.239999771118164,13.239999771118164,13.0,13.0,3500
2025-10-15,13.239999771118164,13.239999771118164,13.0,13.180000305175781,16400
2025-10-16,13.25,13.289999961853027,13.25,13.25,28300
2025-10-17,13.460000038146973,13.460000038146973,13.25,13.300000190734863,6800
2025-10-20,13.75,13.949999809265137,13.329999923706055,13.329999923706055,14000
2025-10-21,13.800000190734863,14.0,13.510000228881836,13.699999809265137,23600
2025-10-22,13.699999809265137,13.699999809265137,13.399999618530273,13.5,6800
2025-10-23,13.600000381469727,13.789999961853027,13.520000457763672,13.619999885559082,14300
2025-10-24,13.789999961853027,13.880000114440918,13.4399995803833,13.880000114440918,400
2025-10-27,13.789999961853027,13.789999961853027,13.789999961853027,13.789999961853027,0
2025-10-28,13.789999961853027,13.789999961853027,13.789999961853027,13.789999961853027,0
2025-10-29,13.5,13.550000190734863,13.25,13.460000038146973,10200
2025-10-30,13.0,13.770000457763672,13.0,13.25,500
2025-10-31,12.989999771118164,13.649999618530273,12.970000267028809,13.020000457763672,13400
2025-11-03,13.1899995803833,13.1899995803833,13.0,13.0,1100
2025-11-04,13.149999618530273,13.149999618530273,13.149999618530273,13.149999618530273,100
2025-11-05,13.25,13.25,13.25,13.25,1500
2025-11-06,12.75,13.199999809265137,12.729999542236328,13.0,24800
2025-11-07,12.75,12.75,12.75,12.75,1100
2025-11-10,12.75,13.380000114440918,12.75,13.380000114440918,500
2025-11-11,13.079999923706055,13.079999923706055,13.079999923706055,13.079999923706055,100
2025-11-12,12.850000381469727,13.0,12.0,12.75,11700
2025-11-13,12.020000457763672,12.539999961853027,11.5,12.25,7600
2025-11-14,12.720000267028809,12.720000267028809,11.609999656677246,11.609999656677246,1200
2025-11-17,12.5600004196167,12.609999656677246,12.0,12.199999809265137,900
2025-11-18,12.149999618530273,12.59000015258789,12.029999732971191,12.59000015258789,14800
2025-11-19,12.949999809265137,12.949999809265137,12.1899995803833,12.34000015258789,28600
2025-11-20,12.550000190734863,13.0,12.520000457763672,12.899999618530273,11200
2025-11-21,12.399999618530273,12.479999542236328,12.0,12.25,4400
2025-11-24,12.399999618530273,12.399999618530273,12.399999618530273,12.399999618530273,100
2025-11-25,12.449999809265137,12.449999809265137,12.260000228881836,12.260000228881836,200
2025-11-26,12.600000381469727,12.630000114440918,12.079999923706055,12.199999809265137,1700
2025-11-28,12.600000381469727,12.600000381469727,12.600000381469727,12.600000381469727,0
2025-12-01,12.199999809265137,12.520000457763672,12.199999809265137,12.520000457763672,1100
2025-12-02,11.760000228881836,12.600000381469727,11.760000228881836,12.300000190734863,64300
2025-12-03,12.149999618530273,12.279999732971191,11.0,12.100000381469727,21300
2025-12-04,12.25,12.279999732971191,12.100000381469727,12.180000305175781,32700
2025-12-05,12.100000381469727,12.149999618530273,12.100000381469727,12.149999618530273,24900
2025-12-08,12.0,12.0600004196167,11.949999809265137,12.0,13100
2025-12-09,12.0,12.199999809265137,12.0,12.149999618530273,5400
2025-12-10,12.0,12.079999923706055,11.979999542236328,12.010000228881836,15200
2025-12-11,11.9399995803833,12.329999923706055,11.9399995803833,11.989999771118164,19400
2025-12-12,11.869999885559082,12.010000228881836,11.869999885559082,11.960000038146973,6000
2025-12-15,11.869999885559082,11.869999885559082,11.779999732971191,11.779999732971191,400
2025-12-16,12.199999809265137,12.199999809265137,11.779999732971191,11.800000190734863,15400
2025-12-17,12.220000267028809,12.220000267028809,11.760000228881836,11.779999732971191,5400
2025-12-18,12.220000267028809,12.220000267028809,12.220000267028809,12.220000267028809,0
2025-12-19,12.109999656677246,12.109999656677246,12.109999656677246,12.109999656677246,200
2025-12-22,12.220000267028809,12.239999771118164,12.119999885559082,12.149999618530273,2500
2025-12-23,12.199999809265137,12.210000038146973,11.979999542236328,12.1899995803833,2300
2025-12-24,12.399999618530273,12.449999809265137,12.050000190734863,12.130000114440918,4200
2025-12-26,12.729999542236328,12.880000114440918,12.449999809265137,12.600000381469727,9900
2025-12-29,12.5,12.720000267028809,12.479999542236328,12.720000267028809,1500
2025-12-30,12.5,12.5,12.5,12.5,0
2025-12-31,12.470000267028809,12.5,12.40999984741211,12.489999771118164,19900
2026-01-02,12.470000267028809,12.470000267028809,12.470000267028809,12.470000267028809,0
2026-01-05,12.520000457763672,12.520000457763672,12.199999809265137,12.199999809265137,1200
2026-01-06,12.470000267028809,12.600000381469727,12.350000381469727,12.399999618530273,12700
2026-01-07,12.5,12.630000114440918,12.470000267028809,12.630000114440918,3600
2026-01-08,12.449999809265137,12.489999771118164,12.0,12.0,800
2026-01-09,12.600000381469727,12.600000381469727,12.390000343322754,12.390000343322754,500
2026-01-12,12.0,12.5,12.0,12.5,1600
2026-01-13,11.899999618530273,11.899999618530273,11.869999885559082,11.869999885559082,200
2026-01-14,10.920000076293945,11.800000190734863,10.920000076293945,11.770000457763672,116100
2026-01-15,10.40999984741211,11.0,9.569999694824219,11.0,49900
2026-01-16,10.09000015258789,10.369999885559082,9.899999618530273,10.25,78200
2026-01-20,9.720000267028809,10.5,9.699999809265137,9.770000457763672,37500
2026-01-21,9.890000343322754,10.140000343322754,9.869999885559082,10.140000343322754,16800
2026-01-22,9.850000381469727,10.0,9.800000190734863,10.0,2000
2026-01-23,10.270000457763672,10.279999732971191,10.119999885559082,10.25,3200
2026-01-26,9.800000190734863,10.199999809265137,9.800000190734863,10.199999809265137,600
2026-01-27,10.050000190734863,10.210000038146973,10.050000190734863,10.210000038146973,200
2026-01-28,9.899999618530273,10.149999618530273,9.649999618530273,10.069999694824219,2800
2026-01-29,10.199999809265137,10.199999809265137,9.699999809265137,10.010000228881836,50800
2026-01-30,10.289999961853027,10.3100004196167,10.010000228881836,10.3100004196167,2500
2026-02-02,10.729999542236328,10.729999542236328,10.729999542236328,10.729999542236328,100
2026-02-03,10.479999542236328,10.479999542236328,10.0,10.390000343322754,2100
2026-02-04,10.899999618530273,11.109999656677246,10.140000343322754,10.220000267028809,5700
2026-02-05,10.899999618530273,10.949999809265137,10.539999961853027,10.699999809265137,315600
2026-02-06,10.899999618530273,10.949999809265137,10.800000190734863,10.800000190734863,6700
2026-02-09,11.0,11.0,10.899999618530273,10.949999809265137,6300
2026-02-10,11.0,11.0,11.0,11.0,0
2026-02-11,11.0,11.0,11.0,11.0,0
2026-02-12,10.800000190734863,10.930000305175781,9.760000228881836,10.770000457763672,4000
2026-02-13,11.09000015258789,11.09000015258789,11.09000015258789,11.09000015258789,100
2026-02-17,11.09000015258789,11.09000015258789,11.09000015258789,11.09000015258789,0
2026-02-18,10.960000038146973,10.989999771118164,10.960000038146973,10.989999771118164,1000
2026-02-19,10.800000190734863,10.800000190734863,10.550000190734863,10.699999809265137,9400
2026-02-20,10.550000190734863,10.899999618530273,10.550000190734863,10.800000190734863,700
2026-02-23,10.550000190734863,10.550000190734863,10.550000190734863,10.550000190734863,200
2026-02-24,10.699999809265137,10.699999809265137,10.550000190734863,10.550000190734863,1100
2026-02-25,10.550000190734863,10.699999809265137,10.550000190734863,10.550000190734863,1400
2026-02-26,10.5,10.550000190734863,10.40999984741211,10.550000190734863,14500
2026-02-27,10.520000457763672,10.640000343322754,10.300000190734863,10.640000343322754,700
2026-03-02,10.510000228881836,10.550000190734863,10.1899995803833,10.270000457763672,6000
2026-03-03,10.4399995803833,10.449999809265137,9.850000381469727,10.069999694824219,5100
2026-03-04,10.899999618530273,10.899999618530273,9.470000267028809,10.050000190734863,28200
2026-03-05,10.899999618530273,10.899999618530273,10.899999618530273,10.899999618530273,0
2026-03-06,10.75,10.75,10.75,10.75,200
2026-03-09,9.680000305175781,10.0,9.680000305175781,9.899999618530273,4700
2026-03-10,9.729999542236328,9.729999542236328,9.65999984741211,9.65999984741211,300
2026-03-11,10.25,10.25,9.960000038146973,9.960000038146973,1500
2026-03-12,10.25,10.25,10.25,10.25,0
2026-03-13,9.800000190734863,10.050000190734863,9.800000190734863,10.050000190734863,2100
2026-03-16,9.270000457763672,9.520000457763672,9.270000457763672,9.520000457763672,400
2026-03-17,8.520000457763672,9.020000457763672,8.520000457763672,9.020000457763672,600
2026-03-18,7.840000152587891,8.270000457763672,7.840000152587891,8.270000457763672,500
2026-03-19,8.520000457763672,8.520000457763672,7.840000152587891,8.0,6200
2026-03-20,9.029999732971191,9.380000114440918,8.520000457763672,8.520000457763672,700
2026-03-23,9.34000015258789,9.34000015258789,9.34000015258789,9.34000015258789,200
2026-03-24,9.34000015258789,9.34000015258789,9.34000015258789,9.34000015258789,0
2026-03-25,9.34000015258789,9.34000015258789,9.34000015258789,9.34000015258789,0
2026-03-26,8.90999984741211,8.90999984741211,8.75,8.760000228881836,700
2026-03-27,8.84000015258789,8.84000015258789,8.5,8.5,2900
2026-03-30,8.9399995803833,9.0,8.3100004196167,8.84000015258789,2700
2026-03-31,9.609999656677246,9.609999656677246,9.289999961853027,9.289999961853027,400
2026-04-01,9.449999809265137,9.5,9.25,9.449999809265137,1700
2026-04-02,9.25,9.329999923706055,9.25,9.329999923706055,5700
2026-04-06,9.25,9.25,9.25,9.25,0
2026-04-07,9.0,9.5,9.0,9.449999809265137,17300
