Date,close,high,low,open,volume
2014-01-02,17.09243392944336,17.478818306386774,17.06192983163572,17.166999789179812,855800
2014-01-03,17.034818649291992,17.183950405060273,16.922971125396106,17.048376316712805,541100
2014-01-06,16.678932189941406,17.11615710754625,16.607756401381508,17.011087162817454,1468800
2014-01-07,16.61454200744629,17.27885222408093,16.495914351877712,16.709443097556843,1698700
2014-01-08,16.506080627441406,16.634875867083316,16.099359702682346,16.407789489479683,3430300
2014-01-09,16.904624938964844,17.23152211690183,16.703112511951876,16.792673780428654,3433000
2014-01-10,16.95388412475586,17.186742745031076,16.85536655626734,17.164352854439816,1620100
2014-01-13,16.676246643066406,17.034490037002683,16.671767639757626,16.891192679428173,1506000
2014-01-14,16.671768188476562,16.779242064314364,16.537427124858787,16.622509399894206,1381100
2014-01-15,16.600126266479492,16.944936218714496,16.537433858480398,16.613559865839296,2119200
2014-01-16,16.349346160888672,16.77476089768544,16.250830304667282,16.497122507579384,809200
2014-01-17,16.25978660583496,16.398604946799605,16.098576666950393,16.103053961590927,582600
2014-01-21,16.264259338378906,16.3135181068032,16.08065956131292,16.08065956131292,376200
2014-01-22,16.031402587890625,16.232914977535376,15.9866228160757,15.9866228160757,471700
2014-01-23,15.874677658081055,16.05379852105201,15.84333146435515,15.964238943686253,470300
2014-01-24,15.54778003692627,15.847808371881902,15.525388434893665,15.67316480875974,675800
2014-01-27,15.395526885986328,15.910501293527563,15.29700930009172,15.58808305392245,675900
2014-01-28,15.614952087402344,15.628387392308188,15.02832892311681,15.02832892311681,715000
2014-01-29,15.31492805480957,15.637346424009674,15.15819531350272,15.431356578196247,1049200
2014-01-30,15.494043350219727,15.722424724668915,15.413438360207017,15.529868549442941,756200
2014-01-31,15.538826942443848,15.758250338405668,15.216406938960642,15.503001738394714,2004200
2014-02-03,15.216402053833008,15.704509198740435,15.117884482566069,15.435827087589587,1163100
2014-02-04,15.440308570861816,15.49852367042358,15.113411287266734,15.167147382425464,622300
2014-02-05,15.458219528198242,15.61942950477135,15.22536086295258,15.377614539911686,768900
2014-02-06,16.107526779174805,16.16574012834322,15.494033446419179,15.50746874165979,1302700
2014-02-07,16.429950714111328,16.609073243458482,16.058273771838685,16.282176079403108,837800
2014-02-10,16.604595184326172,16.65833125736027,16.389647475711854,16.510554921217796,668900
2014-02-11,16.792680740356445,16.971803351549507,16.479217024888495,16.523998531806672,1319300
2014-02-12,16.940446853637695,16.949401441338495,16.72997816965444,16.855362896331044,706300
2014-02-13,17.392736434936523,17.549467413028772,17.016580379275588,17.106141670288103,3226400
2014-02-14,17.173311233520508,17.397213605317333,17.003146660887385,17.397213605317333,1446300
2014-02-18,17.213613510131836,17.236005113618734,16.92701875119046,17.168833719637064,1691900
2014-02-19,17.12405014038086,17.401688538146825,16.994186385143554,17.092702244082947,2121600
2014-02-20,17.312129974365234,17.419603856105592,16.40756425757507,16.837456368057705,1324700
2014-02-21,17.119569778442383,17.544984493207092,16.962838850589645,17.312125894512317,1712300
2014-02-24,16.91358184814453,17.13300517019478,16.77028449669644,17.0165767127329,1725200
2014-02-25,17.016578674316406,17.016578674316406,16.788199027944327,16.841935113871983,1367500
2014-02-26,16.774765014648438,17.025536281984934,16.438911462366818,16.82850281294594,2144700
2014-02-27,16.96732521057129,17.119578925364923,16.613558974986088,16.792681595298568,1921100
2014-02-28,17.052404403686523,17.168832878210605,16.75685165124351,16.967320414381017,14792700
2014-03-03,16.989704132080078,17.164349342734674,16.79267074365384,17.052398204443648,1669900
2014-03-04,17.352426528930664,17.37033912113139,16.976270633909454,17.07030918060505,1034600
2014-03-05,17.356969833374023,17.515832612934716,17.04832066324945,17.302501110546554,762500
2014-03-06,17.48859977722168,17.588457379642485,17.207184943960286,17.47498346106415,658600
2014-03-07,17.579381942749023,17.742784687489348,17.384206634473063,17.701934001304267,1003000
2014-03-10,17.16633415222168,17.711009304145563,17.06193835558641,17.47952154212749,794000
2014-03-11,16.88945770263672,17.33427525771456,16.834990706283712,16.91215214016092,749400
2014-03-12,17.00746726989746,17.06193425254931,16.435557891893485,16.480948486998493,470500
2014-03-13,16.780527114868164,17.012013194945236,16.70790386116997,16.921233694953756,262500
2014-03-14,16.943925857543945,17.38874339758129,16.739672463783293,16.830451942285197,1007600
2014-03-17,16.721519470214844,17.05740308648038,16.657974342361197,16.90307846248944,480000
2014-03-18,16.63528060913086,16.735136500803993,16.553579232277876,16.676131297557355,657900
2014-03-19,16.449174880981445,16.775978487402924,16.412862407226807,16.603499431490548,1419100
2014-03-20,16.453720092773438,16.49457077743518,16.303933671855464,16.4128694081117,289100
2014-03-21,16.449174880981445,16.608037624972855,16.299388523954644,16.44463495602509,1275600
2014-03-24,16.353857040405273,16.503643411512268,16.285773742926448,16.440098307942346,679200
2014-03-25,16.603498458862305,16.68065986385974,16.412861445766026,16.485484657547,539800
2014-03-26,16.39471435546875,16.903078852992138,16.385636232497806,16.54450078727696,1062100
2014-03-27,16.521800994873047,16.73513075543953,16.290313262770365,16.34024205720327,599800
2014-03-28,16.42194938659668,16.821378156050617,16.39471501658562,16.635280956329176,429700
2014-03-31,16.549036026000977,16.68066618834728,16.480952713096567,16.585348511396347,435100
2014-04-01,17.021093368530273,17.021093368530273,16.521808655643447,16.521808655643447,1170700
2014-04-02,16.88945770263672,17.016549669426528,16.834990706283712,16.962080941598924,560700
2014-04-03,16.880382537841797,16.99839640399651,16.780526648951156,16.844071777738353,485000
2014-04-04,16.544498443603516,16.907614653628112,16.45825715333384,16.907614653628112,1244900
2014-04-07,16.244924545288086,16.639813247199733,16.208612064826415,16.512723028532623,1020700
2014-04-08,16.226776123046875,16.431029595366283,16.145074734119113,16.2903212629962,519200
2014-04-09,16.340240478515625,16.496835003839806,16.22676658630371,16.308467927214224,439700
2014-04-10,16.135990142822266,16.594425722687326,16.040672471098663,16.4446393258578,912100
2014-04-11,16.135990142822266,16.276698418800805,15.986205477467248,16.11329570643205,411200
2014-04-14,16.340240478515625,16.462792489881394,16.16322148370091,16.285773495066678,359500
2014-04-15,16.244924545288086,16.426481753173338,16.05428748581305,16.326625894852477,639900
2014-04-16,16.567195892333984,16.69882608347091,16.21769593559542,16.21769593559542,1041800
2014-04-17,17.030168533325195,17.05286297424444,16.485493293889025,16.485493293889025,650600
2014-04-21,17.111867904663086,17.18902934105983,16.971159617059158,17.12094602626411,1149100
2014-04-22,17.3978214263916,17.47498285725091,17.193568033713245,17.193568033713245,913800
2014-04-23,17.066476821899414,17.352431584215715,16.97569907136373,17.352431584215715,337000
2014-04-24,16.85768699645996,17.093712981894928,16.57627213098837,16.59896657100668,1642000
2014-04-25,16.376558303833008,16.953004340843677,16.335707620035624,16.798679727772978,785900
2014-04-28,16.503637313842773,16.657961821839734,16.258533377940495,16.362929114015856,502500
2014-04-29,16.644357681274414,16.71244274192707,16.462800405325694,16.526345538481497,393300
2014-04-30,16.68067169189453,16.80413106631814,16.149614403832096,16.149614403832096,870400
2014-05-01,16.539953231811523,16.726050338200427,16.41286303178226,16.726050338200427,865700
2014-05-02,16.340240478515625,16.662505916843656,16.290311688906513,16.48548692202894,667800
2014-05-05,16.335702896118164,16.34024109012786,16.02705375923114,16.249461626665635,619000
2014-05-06,16.163227081298828,16.340246137418227,16.140532641291816,16.281239208220168,293600
2014-05-07,16.340240478515625,16.340240478515625,16.07244202363654,16.263079062919132,328400
2014-05-08,16.27215576171875,16.398338676863816,16.086058644192043,16.26307937386554,436800
2014-05-09,16.254005432128906,16.349323112354032,16.099680826846704,16.23130926223988,288000
2014-05-12,16.113292694091797,16.34477867235546,16.049747591488995,16.099676381098107,603600
2014-05-13,15.872737884521484,16.267626775673286,15.840965314628535,16.176847262489773,4382900
2014-05-14,15.813722610473633,16.340241431794713,15.786488251423231,16.049748527820913,1909600
2014-05-15,15.682095527648926,15.922661417445019,15.491460171577108,15.745640646339531,891900
2014-05-16,15.836419105529785,15.850035421090414,15.591315036591393,15.686634439939331,599200
2014-05-19,15.623089790344238,15.818265087700812,15.568622788969655,15.75925989099283,1024200
2014-05-20,15.464227676391602,15.663941178055092,15.391604427470803,15.663941178055092,891200
2014-05-21,15.427915573120117,15.555005814786846,15.373446842570361,15.500538815711774,1251800
2014-05-22,15.382521629333496,15.523229888868865,15.341670956015118,15.432450422441992,503600
2014-05-23,15.455151557922363,15.595859878472396,15.373450175857835,15.436995310469122,526500
2014-05-27,15.509613990783691,15.564082717065704,15.432452559095994,15.450608801189997,665700
2014-05-28,15.482383728027344,15.695715276586705,15.459689287674708,15.536850731168633,894900
2014-05-29,15.35982608795166,15.509610725001416,15.332591730545259,15.468761786103085,1426100
2014-05-30,15.23274040222168,15.391603205537992,15.110188354745654,15.350752523045983,1252200
2014-06-02,15.250894546508789,15.405219150925321,15.146498745208584,15.278128911338055,880800
2014-06-03,15.21912670135498,15.30536801762708,15.069341977078746,15.205510380459465,634500
2014-06-04,15.364367485046387,15.46876501113265,15.182810258907345,15.182810258907345,2215500
2014-06-05,15.38706111907959,15.581327336367142,15.350748640947781,15.373443074043033,2342100
2014-06-06,15.623089790344238,15.627629717152395,15.328058612380055,15.346214856663167,1477700
2014-06-09,15.450608253479004,15.627627278934003,15.42791381740327,15.577698480682699,1208000
2014-06-10,15.293886184692383,15.545558388322853,15.220136352462658,15.501308137318079,1149500
2014-06-11,15.22935676574707,15.432168384297624,15.174043067504755,15.316934150461767,503400
2014-06-12,15.183259963989258,15.297572814896414,15.072636099133955,15.210916809370397,799000
2014-06-13,15.210917472839355,15.252401863553215,15.09568324956027,15.183260626251881,326200
2014-06-16,15.187872886657715,15.349200116168864,15.00349740292932,15.210919382540032,758600
2014-06-17,14.98505687713623,15.307713037956104,14.980448282101277,15.127947939904427,615800
2014-06-18,14.938961029052734,15.040367683724176,14.832945780229991,15.035757331238594,1590700
2014-06-19,15.187872886657715,15.187872886657715,14.86106875720875,14.892873519360224,837900
2014-06-20,15.307717323303223,15.316936274288564,15.132562529587087,15.187874477164018,1101800
2014-06-23,15.247797966003418,15.303109917884793,15.123344755518888,15.25240656268718,848000
2014-06-24,15.312326431274414,15.326153977459066,15.25240413391597,15.25240413391597,911000
2014-06-25,15.321545600891113,15.37685754475668,15.266231898690556,15.275450849057314,631900
2014-06-26,15.224750518798828,15.353814091179258,15.12795415826501,15.275453876698068,495200
2014-06-27,15.316938400268555,15.353814209328252,15.065728544806946,15.247798895784655,1673600
2014-06-30,15.658032417297363,15.879281994057571,15.215531505441612,15.386079482841733,2123400
2014-07-01,16.086702346801758,16.14662289207984,15.64420148101922,15.740999589420646,2256300
2014-07-02,16.464672088623047,16.79654557096982,16.38861705291085,16.593733900739274,1890400
2014-07-03,16.390926361083984,16.607565634825093,16.2572541600861,16.515379607702457,398700
2014-07-07,16.358646392822266,16.450832338192974,16.22497431036686,16.33559814814539,567700
2014-07-08,16.390926361083984,16.455457283404133,16.21576974454661,16.307957530005005,491900
2014-07-09,16.404752731323242,16.55225247409322,16.234206483433386,16.455456097588353,856300
2014-07-10,16.469284057617188,16.586823522481193,16.224987932281042,16.271080943664426,545200
2014-07-11,16.413969039916992,16.44623449355235,16.036000790186787,16.160454007781173,1401400
2014-07-14,16.035993576049805,16.47849253398304,15.971462697809693,16.44161674165466,803800
2014-07-15,16.040607452392578,16.155841703858524,15.911545653417964,16.068264305745053,711200
2014-07-16,16.12357521057129,16.183497509789152,15.939201475159821,16.08209081239508,854000
2014-07-17,16.12357521057129,16.215762957444536,16.086701166823005,16.132794161092114,647700
2014-07-18,16.17888832092285,16.26185712325252,16.132795323333102,16.192717626867896,385400
2014-07-21,16.128190994262695,16.199635686930886,16.095923777410118,16.132799591907,451700
2014-07-22,16.536117553710938,16.5614692334845,16.031390894282257,16.20193887791087,3417800
2014-07-23,16.519981384277344,16.55224683211434,16.317169746682662,16.547638235995496,499800
2014-07-24,16.16045379638672,16.708968259348048,16.12588316556238,16.593733995490474,511200
2014-07-25,16.06826400756836,16.1742793059495,16.04060715472911,16.142013856804592,507800
2014-07-28,15.971464157104492,16.363259815551412,15.953026259255651,16.34021332240772,1302400
2014-07-29,15.879279136657715,16.372481559124154,15.819356837588096,16.363262608626133,1122800
2014-07-30,15.713339805603027,16.142011285483683,15.66263646264201,15.939199671974432,1120200
2014-07-31,15.519744873046875,15.805527022462504,15.415113404498753,15.671854896929526,1328400
2014-08-01,15.570452690124512,15.74100066138147,15.524359689335494,15.533578641160352,1568700
2014-08-04,15.777875900268555,15.814751710349054,15.56584526731189,15.796313805308804,438700
2014-08-05,15.505913734436035,15.879273176971877,15.44599145785598,15.77786651788784,750000
2014-08-06,15.330765724182129,15.501313701073656,15.220141815299586,15.492094748944222,461600
2014-08-07,15.335376739501953,15.62576758990488,15.282368202059873,15.35381464455445,540700
2014-08-08,15.303110122680664,15.40451507609771,15.118734602828319,15.40451507609771,520400
2014-08-11,15.363033294677734,15.469048609139707,15.243188672530902,15.469048609139707,339700
2014-08-12,15.450608253479004,15.51513915132042,15.349201552108156,15.376858404755229,338300
2014-08-13,15.69951057434082,15.69951057434082,15.473650732227993,15.496697224280004,324100
2014-08-14,15.736388206481934,15.837794904688671,15.630372912145361,15.71795030529252,303100
2014-08-15,15.874675750732422,15.8885050617176,15.69952088938754,15.759441456425414,412700
2014-08-18,15.800920486450195,15.966858095020765,15.764046439176285,15.929984047746855,625400
2014-08-19,15.671858787536621,15.893108347654561,15.64881228804552,15.805530946254294,700500
2014-08-20,15.524361610412598,15.671861341192274,15.464439295303514,15.478268603919757,914100
2014-08-21,15.3906831741333,15.653417072688326,15.367636680254483,15.57505864183339,627700
2014-08-22,15.330765724182129,15.496703345841274,15.266234817611425,15.395298389088165,455500
2014-08-25,15.445995330810547,15.469043583351972,15.335371455284818,15.42294883660392,402900
2014-08-26,15.48287582397461,15.533579181607774,15.432172466341447,15.455218967537794,175300
2014-08-27,15.422953605651855,15.58428263165361,15.395298507386382,15.556625775052792,1299500
2014-08-28,15.36764144897461,15.436782710401003,15.285594006304388,15.395298305212231,446600
2014-08-29,15.349200248718262,15.413731141079985,15.261622860275201,15.344591652835971,686600
2014-09-02,15.376862525939941,15.43678484356763,15.261628246528923,15.353816021724851,1666800
2014-09-03,15.312326431274414,15.422950317421574,15.270842034385486,15.422950317421574,865000
2014-09-04,15.36764144897461,15.386079353133024,15.261626137566704,15.335375995865043,777400
2014-09-05,15.422953605651855,15.436782913119936,15.312329695919273,15.376860602985836,689200
2014-09-08,15.62115478515625,15.731780439790292,15.38745973818102,15.44138963491917,3039700
2014-09-09,15.800920486450195,15.837796292059295,15.579670927801166,15.579670927801166,1030900
2014-09-10,15.303110122680664,15.775569535007481,15.26162571863065,15.741000663578529,1035800
2014-09-11,15.171992301940918,15.373349123320951,15.132187879993017,15.312473348265415,919200
2014-09-12,14.727134704589844,15.251598130304624,14.71308624218156,15.162627214522402,1564300
2014-09-15,14.773962020874023,14.88634794063181,14.567923252017277,14.638163781998296,1422500
2014-09-16,14.717768669128418,14.792692013654108,14.60538365233988,14.680306996865571,747000
2014-09-17,14.830151557922363,14.867613224809794,14.67562207036714,14.703718097243565,1243900
2014-09-18,14.731818199157715,14.925683249753769,14.68030895116215,14.90976183596228,828900
2014-09-19,14.792692184448242,14.902736238746968,14.708403197594473,14.75523051175287,4287200
2014-09-22,14.750545501708984,14.900392170249862,14.572602806105843,14.900392170249862,569700
2014-09-23,14.891029357910156,14.9940496319625,14.722452270368008,14.755231123691294,1033400
2014-09-24,14.75523567199707,14.998736183096337,14.736504382520259,14.928495633872375,455200
2014-09-25,14.699040412902832,14.769281844370276,14.661578732926749,14.713088877827701,978800
2014-09-26,14.670947074890137,14.75523609363028,14.563244836791982,14.75523609363028,1277900
2014-09-29,14.610065460205078,14.689671619889685,14.460217888384847,14.581968538088166,620300
2014-09-30,14.469582557678223,14.628794866358753,14.404024863453275,14.628794866358753,808900
2014-10-01,14.488316535949707,14.647528874279894,14.389979083142585,14.45553768273292,1936100
2014-10-02,14.221397399902344,14.507042237870962,14.057502293631282,14.469580575850989,987800
2014-10-03,14.329105377197266,14.347835769224424,14.155844561872657,14.30100934257811,1407900
2014-10-06,14.432129859924316,14.51173606373889,14.27291745229517,14.333793257471866,377100
2014-10-07,14.16989517211914,14.488319923225163,14.120726880798733,14.46958863520388,629400
2014-10-08,14.141796112060547,14.254181136707942,14.057507120285806,14.155843681918483,1152400
2014-10-09,14.02004623413086,14.193306155275572,13.921708773809218,14.146478835748924,1485600
2014-10-10,14.141796112060547,14.282277169580594,13.92639081161879,13.991948519373906,594300
2014-10-13,14.076236724853516,14.352516896612544,14.062189155780274,14.174574174149868,512000
2014-10-14,14.43680477142334,14.464900800561951,14.104332562672557,14.165207441332326,781200
2014-10-15,14.51407241821289,14.610068019369047,14.282277682507782,14.380614247672073,1215200
2014-10-16,14.727134704589844,14.764596377855185,14.352517078779686,14.352517078779686,690800
2014-10-17,14.788009643554688,14.970635189755914,14.708403475926017,14.825471316958957,718800
2014-10-20,15.054925918579102,15.05960784650596,14.708404303643121,14.811423688013107,908200
2014-10-21,14.98936653137207,15.092386809640878,14.975318961176725,15.040876670506474,484800
2014-10-22,14.84420394897461,15.064290295420271,14.755232131621764,14.970636549978645,1173500
2014-10-23,14.98936653137207,15.200089015870265,14.792693403382826,14.933174464277087,1459500
2014-10-24,14.97531509399414,15.03150714657825,14.867612915577457,15.022143293075185,436800
2014-10-27,15.143899917602539,15.148581846480969,14.895715708667774,14.933177391794063,887200
2014-10-28,14.731818199157715,15.12516625685989,14.516413778260105,15.12516625685989,666300
2014-10-29,14.558560371398926,14.881667942388729,14.50705022283559,14.680311063266924,838600
2014-10-30,14.558560371398926,14.60538769798769,14.497684578886442,14.535147154683028,1325500
2014-10-31,14.633478164672852,14.82546932674083,14.535141620121431,14.68498829362262,858200
2014-11-03,14.708405494689941,14.78801167324475,14.581971994663448,14.596020459052014,669900
2014-11-04,14.75523567199707,14.797380180162857,14.731821560151056,14.741187204889462,813900
2014-11-05,14.867613792419434,14.895709820368497,14.703718658596083,14.79269045578418,744700
2014-11-06,14.811424255371094,14.895713251791987,14.750549365265353,14.811424255371094,745100
2014-11-07,14.970635414123535,15.059607224725895,14.809550126755282,14.83952000182191,680300
2014-11-10,14.853569030761719,15.050243061694967,14.834838638516901,14.942540850105935,432700
2014-11-11,14.914443969726562,14.937857181994605,14.75523162546484,14.830154976510732,722800
2014-11-12,14.881665229797363,15.03151103988536,14.872299587555363,14.914444084487563,906200
2014-11-13,15.022144317626953,15.134528430460076,14.88166239027228,14.933171626461357,467200
2014-11-14,14.970635414123535,15.083020436020682,14.867616034007007,14.994049518575082,763100
2014-11-17,14.98936653137207,15.02214717235055,14.867616754947338,14.933174464277087,502200
2014-11-18,15.03150463104248,15.115793588969384,14.984678226111022,14.98936015207903,357700
2014-11-19,15.022144317626953,15.083018301114366,14.933171626461357,14.97063329512461,917900
2014-11-20,15.097068786621094,15.157942774671588,15.012779802521363,15.012779802521363,517100
2014-11-21,15.2703275680542,15.326519624582874,15.115797179708757,15.12048089310222,430300
2014-11-24,15.186039924621582,15.242231986088298,14.975317461229622,15.012780026416381,701100
2014-11-25,15.106432914733887,15.256281389643416,15.059606494415144,15.22818446566411,615200
2014-11-26,14.853569030761719,15.125166416987934,14.844204281217735,15.115800774287102,783000
2014-11-28,15.384057998657227,15.388880697809507,14.829460473846394,14.829460473846394,595600
2014-12-01,15.007890701293945,15.364762018274202,14.969310043237577,15.205616688812258,430700
2014-12-02,14.795698165893555,15.007892267262264,14.761940201551258,15.007892267262264,460200
2014-12-03,14.631729125976562,14.824632423253894,14.61243833633109,14.733003012108856,462200
2014-12-04,14.573857307434082,14.901793364410233,14.414711976235122,14.626906057778887,571000
2014-12-05,14.573857307434082,14.578680004723196,14.431590956829295,14.53527664895662,779800
2014-12-08,14.482231140136719,14.733005000524795,14.371310924376045,14.597973134124047,728400
2014-12-09,14.337550163269043,14.46776022606412,14.231453586085324,14.361663648880404,589800
2014-12-10,14.241096496582031,14.400241794519255,14.178402364762217,14.27003175443373,646000
2014-12-11,14.173583030700684,14.327905668964753,14.173583030700684,14.207340992841512,366000
2014-12-12,13.884225845336914,14.168757579437566,13.884225845336914,14.168757579437566,728700
2014-12-15,13.580399513244629,13.932448003364422,13.508060921003386,13.831174158193704,645800
2014-12-16,13.609342575073242,13.672036732201319,13.336867023959755,13.551472036008777,805500
2014-12-17,13.942099571228027,13.944511379944496,13.58040552994089,13.61416349328734,636300
2014-12-18,13.956568717956543,14.144649339281479,13.82635863249978,13.98550398589063,500900
2014-12-19,13.999970436096191,14.024083003237708,13.865902575944732,13.985502343909996,1648300
2014-12-22,14.224222183227539,14.236278467965715,13.919916662910772,13.980681000272787,684100
2014-12-23,14.279682159423828,14.34719809138886,14.178407341640696,14.236278797493284,330600
2014-12-24,14.24592399597168,14.342375194608255,14.212165110621527,14.289326437465016,431400
2014-12-26,14.284502029418945,14.318259988718218,14.16393736344417,14.294146503622022,292700
2014-12-29,14.380956649780273,14.496698646417737,14.19287602022385,14.284505445833533,362400
2014-12-30,14.226630210876465,14.38577552898438,14.141752401273784,14.376130135199565,401400
2014-12-31,14.149467468261719,14.294144681050252,14.110886816862426,14.216983378251664,396200
2015-01-02,14.318259239196777,14.332726409661776,14.110887877401819,14.231452537065367,480000
2015-01-05,13.97103214263916,14.265210200500645,13.917984318968893,14.265210200500645,1343300
2015-01-06,13.763664245605469,14.024083474866535,13.633454171057183,13.980680116683772,1244000
2015-01-07,14.086779594421387,14.110893087158034,13.739553577534895,13.836005708810102,845400
2015-01-08,14.23145580291748,14.400246549147827,14.106068417713095,14.144649080865555,1446000
2015-01-09,15.041653633117676,15.123637673561179,14.612442635578976,14.612442635578976,1142000
2015-01-12,15.060940742492676,15.118812197991716,14.85356933005485,15.003070206829214,458000
2015-01-13,15.157386779785156,15.191144732016003,14.998241490814587,15.027176747035996,406300
2015-01-14,15.277957916259766,15.297247788663796,15.017537740038346,15.11881255962521,602300
2015-01-15,15.403341293334961,15.533550427687164,15.23455058455501,15.282776632754333,2623800
2015-01-16,15.53355598449707,15.644475291149861,15.340652642527939,15.45157286901642,1376400
2015-01-20,15.393699645996094,15.601070139999525,15.287603050005808,15.581781187762143,436900
2015-01-21,15.441923141479492,15.610712943470347,15.355116431978233,15.432277747127033,531700
2015-01-22,15.644474983215332,15.663765776950386,15.470863358613895,15.538379297015235,798500
2015-01-23,15.658944129943848,15.7071692750154,15.45639447336634,15.649298732995266,2672900
2015-01-26,15.745747566223145,15.8084398737564,15.658940851531431,15.716811381435582,1351500
2015-01-27,15.900069236755371,15.945882560288306,15.452532505604223,15.523906216125336,847000
2015-01-28,15.818084716796875,16.030279718493627,15.765035966372686,15.977230968069438,770100
2015-01-29,15.909717559814453,15.914539338037317,15.707167920701316,15.875957753569596,702800
2015-01-30,15.736101150512695,16.006164832327354,15.567309509707679,15.634825430161342,426100
2015-02-02,15.890424728393555,15.914537295755961,15.605892018306836,15.793972619272962,628000
2015-02-03,16.271408081054688,16.39679452384067,15.707164489340766,15.837374548967055,1635200
2015-02-04,16.189424514770508,16.420908471481937,16.112263195866696,16.290698400893454,846800
2015-02-05,16.20389175415039,16.36303800986228,16.179779186831578,16.252118728458978,658100
2015-02-06,16.136381149291992,16.28105844056999,16.042340817977717,16.28105844056999,683000
2015-02-09,16.155664443969727,16.329277848759702,16.078503135137595,16.14601905040687,699400
2015-02-10,16.18460464477539,16.232829784897664,15.978679212383271,16.18460464477539,406600
2015-02-11,16.32445526123047,16.334100655401368,16.083325925970517,16.170132633837767,322000
2015-02-12,16.459487915039062,16.56461957751501,16.343745031866295,16.396793776667533,517100
2015-02-13,16.189424514770508,16.565585714467712,16.170133725126817,16.47877900074206,347200
2015-02-17,16.155664443969727,16.25693831687364,16.059212348011883,16.165309837532583,259400
2015-02-18,16.3341064453125,16.411267786360046,16.07368806907171,16.19425277943797,411900
2015-02-19,16.208715438842773,16.300343930903804,16.146021291816293,16.300343930903804,364300
2015-02-20,16.29552459716797,16.32928256455169,16.160490887961835,16.203894251693942,389300
2015-02-23,16.353389739990234,16.37268052632225,16.150842002516,16.338922570076544,380100
2015-02-24,16.32445526123047,16.391973020426754,16.160487239666868,16.391973020426754,427800
2015-02-25,16.28587532043457,16.449843339946458,16.20871400770373,16.377503804405315,559600
2015-02-26,16.189424514770508,16.266585833674316,16.16531194755137,16.252118661277027,473300
2015-02-27,16.32445526123047,16.36303683791406,16.078504148720484,16.09779493706228,885100
2015-03-02,16.29552459716797,16.55594477956061,16.21836326605214,16.36786231027398,321100
2015-03-03,16.28105926513672,16.363044232805102,16.15470877563975,16.26659208717769,720200
2015-03-04,16.208715438842773,16.382328867733968,16.146021291816293,16.28587675838653,443600
2015-03-05,16.174957275390625,16.30998912299537,16.150844708271343,16.247294976748474,705000
2015-03-06,15.868568420410156,16.172508992842122,15.711696711439334,16.09897456111155,806100
2015-03-09,17.858882904052734,17.917709334335168,16.72646336827952,16.91274924590881,3479300
2015-03-10,17.86867904663086,18.118692657908007,17.554935742260476,17.770633796500714,1504100
2015-03-11,17.95201873779297,18.03535786627001,17.697101800771804,17.9078984627305,1117300
2015-03-12,18.032909393310547,18.20693887832806,17.983887687974807,18.14320916534505,591900
2015-03-13,17.65543556213379,17.898096172805033,17.37355609273768,17.59415749791977,678700
2015-03-16,17.6774959564209,17.716712943576297,17.535330404109242,17.711811521453637,565100
2015-03-17,17.853973388671875,17.90789837682932,17.422577223528034,17.584350317942512,634400
2015-03-18,17.932415008544922,18.08193177644096,17.765738586074146,18.069677284676764,677900
2015-03-19,17.99614143371582,18.133405569073897,17.866232236905766,17.917705586393254,565500
2015-03-20,18.456954956054688,18.471661094056792,17.883391263215458,18.074578537475787,948400
2015-03-23,18.36870574951172,18.554989643460477,18.32458548619599,18.38341188059784,810800
2015-03-24,18.1382999420166,18.452043209372032,18.12849523115457,18.378510682992882,569400
2015-03-25,18.211837768554688,18.29027360016651,18.059867526656518,18.20203305584599,516600
2015-03-26,18.03536033630371,18.23635231243563,17.92260892238172,18.15301317254487,429400
2015-03-27,18.113798141479492,18.128504280084485,17.83927171048361,18.069677855606194,808600
2015-03-30,18.1382999420166,18.290270155291992,17.93240662408612,18.11378909989022,646200
2015-03-31,18.074575424194336,18.167719268985945,17.961824022129996,18.138305127989977,326800
2015-04-01,18.187332153320312,18.237335646642087,17.952024566604823,18.118701007618935,410200
2015-04-02,18.260866165161133,18.37852089079593,18.13831001640166,18.226550593113153,287400
2015-04-06,18.35890769958496,18.447148258231078,18.113795452247533,18.260862426638383,484800
2015-04-07,18.045166015625,18.417735843715633,18.020653292544463,18.417735843715633,350100
2015-04-08,18.015750885009766,18.089285310114683,17.86378061248672,18.005946170325235,469300
2015-04-09,17.853973388671875,18.113793616152478,17.8343658321165,18.064770049619415,480400
2015-04-10,17.991241455078125,18.22654901592759,17.92261031692098,17.961827308700094,416300
2015-04-13,18.07948112487793,18.10889339973473,17.91280471047612,18.010849990134506,378700
2015-04-14,17.81965446472168,18.44714290753858,17.775534198195942,18.153007174014487,1291500
2015-04-15,17.873586654663086,18.187330067637674,17.50591824194757,17.9030008009013,1043400
2015-04-16,17.942214965820312,17.947118257783327,17.621608489571997,17.902997980405985,427900
2015-04-17,17.88829231262207,17.97162957759399,17.697103192279766,17.947118727311544,568800
2015-04-20,17.86867904663086,17.942211581685264,17.785339929500072,17.942211581685264,378200
2015-04-21,17.829465866088867,17.981436145600956,17.804955013279354,17.956925292791443,815000
2015-04-22,17.893190383911133,17.89809180502656,17.79514513108365,17.819655976776104,340800
2015-04-23,17.893190383911133,18.00104034902713,17.79514513108365,17.82946068906462,536000
2015-04-24,17.937314987182617,18.025555549037293,17.770638578130242,17.932413564883184,489200
2015-04-27,17.73141860961914,17.981434142577243,17.657886059381692,17.966728006541352,318400
2015-04-28,17.765731811523438,17.83681269880219,17.67749127621338,17.69709882957086,239100
2015-04-29,17.755931854248047,17.78044270505122,17.5402318790408,17.589255450705195,361200
2015-04-30,17.501008987426758,17.819653680482503,17.496105696885525,17.75102257336457,488000
2015-05-01,17.496112823486328,17.650534747458973,17.456895833469492,17.501016116024793,553100
2015-05-04,17.9814395904541,18.246161339651433,17.785348990294917,17.80986171785873,805900
2015-05-05,17.839265823364258,17.986332771055714,17.648078604359593,17.89319080719792,828800
2015-05-06,17.824556350708008,18.015743533899396,17.76572995666235,17.922601587488998,1098900
2015-05-07,17.88829231262207,17.96182486346941,17.657886205839453,17.765736191151827,641500
2015-05-08,17.814754486083984,18.11379166451395,17.800048352737477,18.02064783316568,409400
2015-05-11,17.809858322143555,17.95692530919315,17.731420600988358,17.731420600988358,362100
2015-05-12,17.858882904052734,17.927514051058658,17.542687802439595,17.765740900267343,253800
2015-05-13,17.858882904052734,18.00594991478807,17.834372047273263,17.922612627726163,249800
2015-05-14,18.005950927734375,18.045169796834635,17.868688626000676,17.868688626000676,194600
2015-05-15,18.14320182800293,18.255955070781017,17.93730850478889,18.05986458862318,327300
2015-05-18,18.14811134338379,18.162817480069727,17.947119371757683,18.118697199953843,484000
2015-05-19,18.221641540527344,18.33929622897445,18.11379343534681,18.231446253736088,338100
2015-05-20,18.06477165222168,18.221643338928526,17.932412685984914,18.221643338928526,239900
2015-05-21,18.206933975219727,18.21183726646776,18.00104062418667,18.12849814577032,349900
2015-05-22,18.177522659301758,18.28537076165298,18.0500632609897,18.148108520447177,451600
2015-05-26,17.9814395904541,18.118701888530396,17.893199007388322,18.074581596997508,363300
2015-05-27,18.25596046447754,18.30498216447167,17.751027978259657,17.947118518352152,471600
2015-05-28,18.206933975219727,18.275565092230746,18.020648179005757,18.275565092230746,287100
2015-05-29,17.942214965820312,18.226546057820517,17.902997980405985,18.226546057820517,486300
2015-06-01,18.04026222229004,18.153013639109947,17.89809666062479,18.01084994750286,377600
2015-06-02,18.113798141479492,18.148113711596686,17.932415575137416,17.996143422464595,833000
2015-06-03,17.95201873779297,18.167718691457416,17.893192327728965,18.14810926475013,321500
2015-06-04,17.883386611938477,18.221640788418295,17.883386611938477,17.893191324742524,374700
2015-06-05,17.91770362854004,18.309882822299766,17.849072503389326,17.868681930591787,814700
2015-06-08,17.824556350708008,17.93975936367137,17.736315824610852,17.912796876805164,481100
2015-06-09,17.7225399017334,17.906682578552683,17.677748234559505,17.802169321318637,467100
2015-06-10,18.095792770385742,18.180398149509514,17.667784173958587,17.807135103580812,656600
2015-06-11,18.155519485473633,18.165473397348723,17.946493031640447,18.165473397348723,534800
2015-06-12,18.33469009399414,18.394411679732595,18.08087193071947,18.150547430500165,402900
2015-06-15,18.364553451538086,18.439204965649047,18.150549027092733,18.309807868747626,394000
2015-06-16,18.20030975341797,18.450146657355692,18.170448020067134,18.349614623143296,441100
2015-06-17,18.454130172729492,18.45910617914727,18.140588610004425,18.24012582499018,543700
2015-06-18,18.608417510986328,18.688046930909852,18.483996423698628,18.548695920672465,534000
2015-06-19,19.001583099365234,19.061304672382988,18.49892098913162,18.688041518621514,3383300
2015-06-22,18.678089141845703,19.05135232628556,18.648229302139946,19.05135232628556,584500
2015-06-23,18.648225784301758,18.767668917622274,18.513850835430397,18.727855172686894,435100
2015-06-24,18.608417510986328,18.707954760519517,18.538742005867636,18.61837142579116,355600
2015-06-25,18.613391876220703,18.68306736808278,18.516343598482127,18.603437963309727,292900
2015-06-26,18.58850860595703,18.712929686046476,18.419295861094785,18.702977670332533,731900
2015-06-29,18.165475845336914,18.57357679463864,18.13810305862029,18.53873904763836,473600
2015-06-30,18.24510955810547,18.42925224977807,18.140596292441177,18.250085566630556,626000
2015-07-01,18.294876098632812,18.528788353572526,18.215246677581124,18.384459434630354,765000
2015-07-02,18.240129470825195,18.3321998468156,18.075892748493914,18.279943225668788,528100
2015-07-06,18.25008201599121,18.304827591692526,18.046031532886698,18.070917266216316,332800
2015-07-07,17.777284622192383,18.041056705814658,17.44881304500643,18.041056705814658,1736800
2015-07-08,17.473691940307617,17.797185519619728,17.3393169832957,17.652858549656845,1192500
2015-07-09,17.433881759643555,17.702631757915523,17.31443858164385,17.468719511436394,525400
2015-07-10,17.66281509399414,17.702628847276234,17.418948973025287,17.538394029901102,916900
2015-07-13,17.448810577392578,17.95147083710788,17.43387875882645,17.851933606897642,653500
2015-07-14,17.418949127197266,17.558300112690112,17.34429572867479,17.404019206898685,532000
2015-07-15,17.32936668395996,17.488625503574152,17.254713281665545,17.423926014819983,430400
2015-07-16,17.508533477783203,17.525952351996292,17.349274656830723,17.384112405256896,616700
2015-07-17,17.34927749633789,17.543374097483788,17.284577996450853,17.473698589227848,358800
2015-07-20,17.30448341369629,17.47369615236905,17.294529499831427,17.46374223850419,262400
2015-07-21,17.498577117919922,17.99626133845065,17.43387763766683,17.97635351398591,2276100
2015-07-22,17.34927749633789,17.54835010585269,17.140249073054854,17.41895300459383,921100
2015-07-23,17.035734176635742,17.428905248099433,16.8914052670835,17.31443808144197,1315600
2015-07-24,16.841629028320312,17.170100439039636,16.791861380656258,17.090471063668712,433500
2015-07-27,16.697307586669922,16.82670656552402,16.110039971291858,16.134923806143828,794500
2015-07-28,16.657495498657227,16.831684258578836,16.61270383203237,16.737124917266403,836500
2015-07-29,16.498231887817383,16.806795558333317,16.49325398267988,16.642558862057623,1513400
2015-07-30,16.597768783569336,16.916288294588696,16.159808015632827,16.672422179600304,1771100
2015-07-31,16.299156188964844,16.642557574824416,16.169759143116345,16.632603663833855,916500
2015-08-03,16.513164520263672,16.54302626045304,16.31409004936427,16.41860519076963,730100
2015-08-04,16.518146514892578,16.64754553743378,16.418611141880017,16.552984275150084,548800
2015-08-05,16.503211975097656,16.637586969318143,16.458420310357496,16.587819296724636,544400
2015-08-06,16.458419799804688,16.572886962030907,16.224507569138314,16.572886962030907,585800
2015-08-07,16.398696899414062,16.538047885987023,16.269297927440768,16.358881246956187,392700
2015-08-10,16.294185638427734,16.528095980224563,16.239440058906656,16.403674898954854,442000
2015-08-11,16.498231887817383,16.54302354148216,16.14985257025963,16.299157449637367,1332000
2015-08-12,16.43353271484375,16.51316211188692,16.179712706539874,16.388741060349805,486200
2015-08-13,16.40865135192871,16.478326847505627,16.18718199876714,16.478326847505627,385200
2015-08-14,16.513164520263672,16.577864008083207,16.274276294293305,16.41860519076963,391000
2015-08-17,16.687353134155273,16.707260960799946,16.378789415222233,16.463396729204668,539000
2015-08-18,16.697307586669922,16.80679873823648,16.62763208967844,16.632608097242873,472900
2015-08-19,16.577861785888672,16.73712058185426,16.513162306741837,16.73712058185426,776500
2015-08-20,16.159809112548828,16.498234573435756,16.154831206601013,16.49325666748794,703300
2015-08-21,15.741753578186035,16.075202088405014,15.741753578186035,15.935851095587045,1007100
2015-08-24,15.26397705078125,15.57751773249079,14.905644707504997,15.338629503639956,1402300
2015-08-25,15.363516807556152,15.67208058312212,15.219187885664821,15.562590364253163,978300
2015-08-26,15.622310638427734,15.637241509891746,15.303792974588939,15.482959635127019,1059800
2015-08-27,15.627286911010742,15.75170798665455,15.388398673596425,15.67705553111976,840900
2015-08-28,15.716869354248047,15.76663797156064,15.555121585296472,15.597425242252275,564100
2015-08-31,15.398350715637207,15.731799195798718,15.375954886773473,15.662122756413012,544200
2015-09-01,15.194303512573242,15.468029524745823,15.042509634288285,15.26895597505144,961800
2015-09-02,15.338628768920898,15.427216316756361,15.194300826875022,15.278907189197568,570200
2015-09-03,15.408303260803223,15.453094917314875,15.263975328132489,15.29383611605448,411900
2015-09-04,15.234116554260254,15.418259211590948,15.094764610105504,15.418259211590948,579900
2015-09-08,15.338628768920898,15.39337434138178,15.134578297894299,15.333651812401055,477000
2015-09-09,15.09476375579834,15.428212252120927,15.079832886079751,15.428212252120927,496200
2015-09-10,15.031413078308105,15.193585958368152,14.965530708268691,15.097296414974132,496800
2015-09-11,15.208791732788086,15.218927780584426,15.001007586096728,15.001007586096728,479500
2015-09-14,15.381096839904785,15.391232885171304,15.158108677173752,15.269602275226028,394800
2015-09-15,15.675040245056152,15.720651496267173,15.274675032565348,15.396304713585815,636300
2015-09-16,15.816939353942871,15.933501964840678,15.538204819098572,15.664902510687195,810600
2015-09-17,15.87775993347168,16.065273004484673,15.735858123877334,15.81187753732641,663500
2015-09-18,15.928435325622559,15.953774479492,15.720651170687521,15.81187367122032,1347900
2015-09-21,15.857484817504883,15.989249576714062,15.801737519405552,15.948706350812756,453700
2015-09-22,15.360824584960938,15.791596837912557,15.300010247265691,15.73078250021731,1034800
2015-09-23,15.223995208740234,15.51793381694469,15.17838396206828,15.396303181401684,374600
2015-09-24,15.244267463684082,15.284810689652918,15.036483309765446,15.173317059895304,681700
2015-09-25,15.431777000427246,15.502727388181588,15.218924870537677,15.396300839923537,396000
2015-09-28,14.778020858764648,15.401373361732944,14.7577497277534,15.396305337323426,596800
2015-09-29,14.534760475158691,14.808427007835972,14.44353797539068,14.808427007835972,1113600
2015-09-30,15.051688194274902,15.112502553196716,14.605711717923175,14.651322970427938,727400
2015-10-01,15.158109664916992,15.15810966491699,14.904714316500957,15.061819161863466,617900
2015-10-02,15.249333381652832,15.2696045085242,15.01620913955905,15.107431627046765,390000
2015-10-05,15.609160423278809,15.669975760841165,15.254407348483879,15.330425795466578,909600
2015-10-06,15.43685245513916,15.654772726517207,14.970605691519047,15.654772726517207,814500
2015-10-07,15.360824584960938,15.558473599036663,15.092226154658405,15.457115080709293,773200
2015-10-08,15.60408878326416,15.685175231789346,15.23919879827412,15.310149199076978,464500
2015-10-09,15.700379371643066,15.710515420033515,15.457120010032973,15.664904168903275,302200
2015-10-12,15.669973373413086,15.78653503880272,15.52908557670476,15.710516603401953,366500
2015-10-13,15.487530708312988,15.605106383133114,15.401376210668046,15.56354915526394,344100
2015-10-14,15.39123821258545,15.548343102089756,15.330422886562625,15.497663824841872,288800
2015-10-15,15.685176849365234,15.710516004657505,15.300015695836477,15.457120585227544,436900
2015-10-16,15.365900039672852,15.720654058778548,15.254406388887002,15.680110825163062,1030400
2015-10-19,15.234129905700684,15.34562449103497,15.147975438227215,15.274673127651335,615300
2015-10-20,15.426712036132812,15.48752639008654,15.12770539041793,15.24426704101818,715900
2015-10-21,15.20372486114502,15.568613909826853,15.142909536384648,15.457120275497434,640400
2015-10-22,15.249333381652832,15.472321576997617,15.122635697170256,15.259469428401827,618100
2015-10-23,15.289878845214844,15.396304451813231,15.168249166262362,15.30508291756894,456100
2015-10-26,15.178384780883789,15.360828810787087,15.137841555724528,15.325353609601077,357300
2015-10-27,15.117570877075195,15.163688642940462,15.02634837025824,15.137842974868665,413400
2015-10-28,15.198659896850586,15.340561705443065,14.955400482086612,15.12770947586784,529500
2015-10-29,14.615843772888184,15.026343966636428,14.534757338731161,15.001004818447312,1498000
2015-10-30,14.783088684082031,14.818563887844064,14.337113174945753,14.570236494883014,1062100
2015-11-02,14.975671768188477,15.036487105808272,14.747616427024992,14.828702899433386,738600
2015-11-03,14.9047212600708,14.94526449603993,14.813498737483513,14.940196470715415,468600
2015-11-04,14.813495635986328,14.889514066684114,14.747613253815391,14.88444700904748,625700
2015-11-05,14.874313354492188,14.945263772345786,14.717208443547674,14.833770120486284,400500
2015-11-06,14.707073211669922,14.808430819010603,14.615850688424409,14.798295734915435,727200
2015-11-09,14.570234298706055,14.702000011837377,14.423264514842657,14.67159283699989,1262300
2015-11-10,14.347250938415527,14.696936950302415,14.316843753311836,14.580375268549115,478000
2015-11-11,14.256027221679688,14.499287582002516,14.240824113715508,14.357385785699774,590300
2015-11-12,14.144527435302734,14.261089056694876,14.093848175289393,14.195206695316074,600500
2015-11-13,14.02290153503418,14.200278509123143,13.946883108032267,14.129327139511512,536800
2015-11-16,13.982357025146484,14.09891866695086,13.896202558024415,14.007696176277296,744800
2015-11-17,13.9924955368042,14.10905719913905,13.901273030063246,13.977291463471765,1003600
2015-11-18,14.093851089477539,14.103987136901337,13.85059175106651,14.017832667052428,705200
2015-11-19,13.931683540344238,14.185079023362416,13.931683540344237,14.098924520471153,471800
2015-11-20,13.901269912719727,14.073578838673269,13.84045459965458,13.962084259158265,359900
2015-11-23,13.886067390441895,14.068512383344787,13.850592189961159,13.916474567050138,431800
2015-11-24,13.870864868164062,13.93167922393535,13.739099141823926,13.815117569851417,303100
2015-11-25,14.002633094787598,14.109059693677636,13.88100338650398,13.891139437184364,354800
2015-11-27,14.077588081359863,14.113777096641622,13.963851035320523,13.974191035708659,205000
2015-11-30,14.056914329528809,14.243029475812644,14.031064318880306,14.139632391449865,1230400
2015-12-01,14.2223482131958,14.279217241587938,14.056912115411683,14.056912115411683,575900
2015-12-02,14.186161994934082,14.315409095142103,14.093103925011967,14.191331997271657,1009400
2015-12-03,14.12412166595459,14.330916810228596,13.997460071495459,14.20683972366419,799200
2015-12-04,14.149971008300781,14.227519060488529,14.03623294475357,14.03623294475357,651400
2015-12-07,14.036233901977539,14.134461967355234,13.875967785049655,14.046573905928255,1427000
2015-12-08,14.033647537231445,14.196498140561662,13.989703019293744,13.989703019293744,695300
2015-12-09,14.077588081359863,14.222345128563607,13.85528300339854,13.979361035902725,571900
2015-12-10,14.087934494018555,14.16548256007295,14.046575459717735,14.046575459717735,628100
2015-12-11,13.979363441467285,14.186158554431648,13.865625389779224,14.036231481234434,1210400
2015-12-14,13.390002250671387,14.04140789349246,13.346058700510884,13.917330769061397,1210600
2015-12-15,13.483057022094727,13.638153142942318,13.333130903419002,13.333130903419002,1297300
2015-12-16,13.958683013916016,13.989702033400977,13.529582797746116,13.570941819085014,1355200
2015-12-17,14.26370906829834,14.310238100031444,13.966440364012064,14.015554889773147,2598200
2015-12-18,14.103445053100586,14.403298310024999,13.946280124966071,14.274051199521766,1738200
2015-12-21,14.305068969726562,14.40329704115717,14.149972845216856,14.170651868315499,950800
2015-12-22,14.387789726257324,14.491187819327845,14.237863575990099,14.237863575990099,847000
2015-12-23,14.53512954711914,14.548054060614579,14.372277916060524,14.449826969187503,570700
2015-12-24,14.48084831237793,14.532547360696748,14.398130229498756,14.511867346938288,235700
2015-12-28,14.439485549926758,14.475674578600927,14.196500381268056,14.475674578600927,636700
2015-12-29,14.635944366455078,14.7212479434819,14.408470133204858,14.439489167543103,831900
2015-12-30,14.356768608093262,14.692810882661504,14.33867409234493,14.579073785660958,810000
2015-12-31,14.372274398803711,14.49635245901099,14.180989279298277,14.2843863480351,678300
2016-01-04,14.289556503295898,14.294726504699964,13.989703324398617,14.22751845860098,1122900
2016-01-05,14.553223609924316,14.630771674558657,14.201671331766361,14.3205794160213,1199000
2016-01-06,14.320579528808594,14.579073737010358,14.263710487459518,14.434316625429597,1005400
2016-01-07,14.041406631469727,14.258541826227598,14.031066625510485,14.20684278250863,429000
2016-01-08,13.829439163208008,14.180991419334786,13.80875915469369,14.082763351045932,792500
2016-01-11,13.726038932800293,14.031062107847136,13.720869917562212,13.855286007444652,907600
2016-01-12,13.488225936889648,13.881137195582347,13.28143079707165,13.808758157088292,1030400
2016-01-13,13.203885078430176,13.612305428553336,13.188375070421504,13.493398325385076,726400
2016-01-14,13.405508995056152,13.550265111920517,13.028107710263933,13.214222858529128,744100
2016-01-15,13.446871757507324,13.457211764745804,12.955732260530466,13.224566532266795,958400
2016-01-19,13.576117515563965,14.454997334248871,13.441700393301677,13.493399438183674,764800
2016-01-20,12.904030799865723,13.467548270088805,12.516289475551337,13.467548270088805,1300500
2016-01-21,12.831653594970703,13.322793033120615,12.707576481202539,12.929881679816136,745800
2016-01-22,13.183206558227539,13.689855044198909,12.960901348688981,12.986751364959334,1195900
2016-01-25,12.966071128845215,13.265924409880881,12.966071128845215,13.152187298480207,828600
2016-01-26,13.302114486694336,13.307284490263942,12.991921175059444,12.997091178629049,392600
2016-01-27,13.069466590881348,13.296940767922987,12.981578526908917,13.296940767922987,581600
2016-01-28,13.05395793914795,13.508907326519541,13.022938909255544,13.508907326519541,736700
2016-01-29,13.483057022094727,13.493397026438457,13.059126704772698,13.059126704772698,799100
2016-02-01,13.75189208984375,13.90698822051772,13.245243677826485,13.436528839919239,709900
2016-02-02,13.736381530761719,13.819099595276583,13.555435394856536,13.700192500796105,855300
2016-02-03,13.576117515563965,14.03623694425149,13.369322322113238,13.79842271830247,684400
2016-02-04,14.108612060546875,14.248198160837124,13.302109552254159,13.514074689592414,1470000
2016-02-05,13.896650314331055,14.186164581560982,13.76223417335388,14.186164581560982,1429700
2016-02-08,13.488225936889648,13.901816216525642,13.188372737634298,13.798419139655149,813600
2016-02-09,13.539925575256348,13.601963626943942,13.291770410274815,13.415848485804107,1013500
2016-02-10,13.555438041687012,13.798423266462112,13.477889964321951,13.591628064796188,568300
2016-02-11,13.364150047302246,13.467547133412948,13.255581972897351,13.364150047302248,694700
2016-02-12,13.234903335571289,13.671758181830036,13.178034295603986,13.4572085069957,568300
2016-02-16,13.446871757507324,13.503223120625528,13.188377493009476,13.32279462887764,538200
2016-02-17,13.570944786071777,13.782909940034733,13.32279060378496,13.467546717080403,1171200
2016-02-18,13.539247512817383,13.750551447336012,13.180033040793745,13.613204292927636,1897400
2016-02-19,13.433598518371582,13.629053376551612,13.370207127227909,13.465293710157429,846200
2016-02-22,13.491706848144531,13.729422291527339,13.44944525013306,13.491706848144531,1190200
2016-02-23,13.301538467407227,13.53925399621523,13.232864353531884,13.428320284285958,984800
2016-02-24,13.25927448272705,13.6396198364343,13.042688808141692,13.217013887870689,722400
2016-02-25,13.391338348388672,13.78488993087108,13.243425769444807,13.317381555130732,724200
2016-02-26,13.449450492858887,13.623776629894358,13.246072014795526,13.433603394999185,789600
2016-02-29,13.83507251739502,13.967136971721812,13.481139739496339,13.481139739496339,1353500
2016-03-01,14.093918800354004,14.236548653586855,13.824507191215899,13.877333174736048,912000
2016-03-02,14.093918800354004,14.210135158040865,13.898462963601007,14.099201499463202,532600
2016-03-03,14.791223526000977,14.80178892747972,14.067509645861328,14.078075047340072,1606100
2016-03-04,14.949702262878418,14.991962866154063,14.701421344580528,14.833485855763454,1317900
2016-03-07,15.150434494018555,15.26665085211618,14.854610395860707,14.902152672867864,914500
2016-03-08,15.039502143859863,15.134588727663072,14.93385116774562,15.065915643567415,1091800
2016-03-09,15.129307746887207,15.197981846358392,14.822918168468025,15.055351954446332,438900
2016-03-10,14.965545654296875,15.271935183456328,14.785937895040787,15.187414003520752,387200
2016-03-11,15.240242958068848,15.245525658789134,15.02365726639776,15.02365726639776,516800
2016-03-14,15.197978973388672,15.319478040165832,15.13458758644255,15.203261672931841,573300
2016-03-15,15.118741035461426,15.187414116831963,14.960263066220877,15.187414116831963,481900
2016-03-16,15.509652137756348,15.525499229778811,15.013089433755631,15.09232791658388,1117000
2016-03-17,15.66284465789795,15.810757214911693,15.372303250718371,15.541345597264442,631600
2016-03-18,15.599454879760742,15.789627023129714,15.456825016555088,15.694540447659278,1264400
2016-03-21,15.710390090942383,15.720955490938445,15.594173713701684,15.620586206119842,577300
2016-03-22,15.768495559692383,15.779060957528495,15.59417052568374,15.668126295392923,475300
2016-03-23,15.68397331237793,15.805472356413166,15.485876650661973,15.742080981332501,500400
2016-03-24,15.720955848693848,15.736803949048593,15.39871819448488,15.546630775079755,734900
2016-03-28,15.800193786621094,16.006214046218066,15.636434118930472,15.742085094910362,813800
2016-03-29,15.995646476745605,16.130351771824685,15.176846285784745,15.319476132977975,1971400
2016-03-30,16.444665908813477,16.671816938364916,16.12771201486174,16.12771201486174,1861300
2016-03-31,16.333730697631836,16.60842498672626,16.233361436698917,16.397122074950456,1610300
2016-04-01,16.661256790161133,16.819733777492402,16.534473991209584,16.64012598781184,14322700
2016-04-04,16.67181968688965,16.846144760331168,16.603146600564454,16.661255294235634,2686500
2016-04-05,16.634841918945312,16.740493906857285,16.48164764480218,16.613712125906133,2689400
2016-04-06,16.70351791381836,16.772191008474067,16.52919281923002,16.671821709295283,2064300
2016-04-07,16.661256790161133,16.677103884350995,16.4895725475755,16.59786539068536,1943100
2016-04-08,16.708797454833984,16.898970627188728,16.65068976917049,16.687667662112354,2895400
2016-04-11,16.97821044921875,17.025753746048782,16.603147782639738,16.80388536336601,2461600
2016-04-12,17.221206665039062,17.2793153562296,16.809166149533738,17.031035514520884,3787300
2016-04-13,17.54873275756836,17.606841464470694,17.279320028320182,17.279320028320182,2675300
2016-04-14,17.40081214904785,17.65965937173126,17.21064102346801,17.56985449299239,3693300
2016-04-15,17.437789916992188,17.596268876610818,17.37968324896153,17.437789916992188,1662600
2016-04-18,17.527599334716797,17.548730136824588,17.295166556963697,17.363838641097715,2298800
2016-04-19,17.72833824157715,17.754750737112253,17.247623568318975,17.564577545028712,1990800
2016-04-20,17.237056732177734,17.707205965055458,17.226491331814362,17.686075164328713,5095400
2016-04-21,16.935949325561523,17.43779272810958,16.75105784791497,17.34270815821113,3447500
2016-04-22,16.835586547851562,17.131410809770546,16.81445573964258,16.935955871699434,2800200
2016-04-25,17.009902954101562,17.0310337514641,16.819729808126194,16.92538177979515,2003000
2016-04-26,17.009902954101562,17.395530937821054,16.930663471563907,17.078577037957945,3428300
2016-04-27,17.083866119384766,17.178952733502342,16.941236198208404,17.05745361882869,2461000
2016-04-28,17.20536231994629,17.20536231994629,16.867277533743614,17.036319926844953,5749500
2016-04-29,17.32157325744629,17.384963627419502,17.05744436489045,17.237052092434162,12823000
2016-05-02,17.485332489013672,17.590984452737686,17.258181472307303,17.406095027578363,3536900
2016-05-03,17.316293716430664,17.6015534726427,17.231772531087547,17.490619794719358,3192000
2016-05-04,17.538166046142578,17.580425638371405,17.15781964036139,17.247624548457217,3011600
2016-05-05,17.363840103149414,17.527600810557303,17.23705931011601,17.527600810557303,2328100
2016-05-06,17.453641891479492,17.474772691588445,17.15781673538621,17.326859105969795,3036100
2016-05-09,17.738901138305664,17.76002992266408,17.17894704235656,17.443075990704333,4039000
2016-05-10,17.775882720947266,17.855120212818544,17.61740370691596,17.74418651511213,1877400
2016-05-11,17.622684478759766,17.76531435853301,17.44307670591316,17.70720566509087,1728900
2016-05-12,17.754745483398438,17.818135856954026,17.522310755121886,17.65965891549324,1263400
2016-05-13,17.590986251831055,17.72305071620688,17.474770893478116,17.72305071620688,1402400
2016-05-16,17.833982467651367,17.865678661149826,17.43778911706677,17.559290184572404,1194100
2016-05-17,17.60154914855957,17.833981847366587,17.538158778911026,17.738897300465524,2113400
2016-05-18,17.416658401489258,17.649091082556392,17.13404059007788,17.56985161518584,2097800
2016-05-19,17.221206665039062,17.250261010634333,16.772188257893205,16.95179602378034,7860700
2016-05-20,17.295167922973633,17.406101620085018,17.12612350790401,17.342711223899137,1697100
2016-05-23,17.295167922973633,17.416667021973392,17.200081321122628,17.295167922973633,1408400
2016-05-24,17.295167922973633,17.411383313457026,17.258188008792143,17.337427515382767,1140200
2016-05-25,17.28987693786621,17.358551013666393,17.13721168041892,17.34798561622456,1190500
2016-05-26,17.374406814575195,17.437797215869534,17.221211497564727,17.332147218760475,2042000
2016-05-27,17.458921432495117,17.461563285969188,17.3162915720518,17.36911856581438,1545300
2016-05-31,17.684614181518555,17.711481918403567,17.27621925118636,17.44817522710275,2152500
2016-06-01,17.878067016601562,18.012407764802767,17.335329245937498,17.593265286375694,2735200
2016-06-02,17.8565731048584,17.899563130871936,17.676019915306984,17.808210350531805,1472800
2016-06-03,17.969419479370117,18.039277249156715,17.60938722331099,17.60938722331099,1206000
2016-06-06,17.872697830200195,18.11988644212978,17.85389020156316,18.001665890766837,1460100
2016-06-07,18.00703239440918,18.08763766062838,17.899561439286334,17.899561439286334,1182200
2016-06-08,18.281089782714844,18.30258479501074,17.953298019772557,17.996288044364356,1187300
2016-06-09,18.25422477722168,18.30796026613515,18.144064360108313,18.205862017248556,927000
2016-06-10,18.307958602905273,18.3294536164689,18.012409340976056,18.136002594150916,1252500
2016-06-13,18.146747589111328,18.428861916044486,18.07688982963772,18.324076301772593,1587800
2016-06-14,18.039278030395508,18.205861319446395,17.958672750237273,18.152123782715098,1119700
2016-06-15,18.211231231689453,18.22197873737354,18.02315500691075,18.087637991138145,857500
2016-06-16,18.442296981811523,18.458417214964328,18.071517270157614,18.189735729739947,1640200
2016-06-17,18.716352462768555,18.732472695247914,18.440147940294768,18.45304371630286,3412900
2016-06-20,18.582014083862305,18.823825801246944,18.54439678684181,18.802332838505958,1696500
2016-06-21,18.705610275268555,18.743225528331262,18.552461873548225,18.598137245141864,1252200
2016-06-22,18.52828025817871,18.743226327598027,18.52828025817871,18.70023629376311,1232100
2016-06-23,18.50141143798828,18.732477731743778,18.45304867767021,18.619631974294123,1046700
2016-06-24,18.431547164916992,18.646493146090947,17.93179950108283,18.093007962024895,6334700
2016-06-27,18.114503860473633,18.334822579561383,18.071515892051995,18.334822579561383,2601200
2016-06-28,18.25422477722168,18.318707773893344,18.06614646626953,18.216609525006753,1869700
2016-06-29,18.372440338134766,18.41543036232405,18.235414248255076,18.270342105500983,1031100
2016-06-30,18.52828025817871,18.52828025817871,18.184368187009916,18.350951493303768,2146200
2016-07-01,18.73247528076172,18.74322278719035,18.44229875682038,18.46916649795334,1759300
2016-07-05,18.839948654174805,18.861441617564378,18.630375349638822,18.74859587272928,1405200
2016-07-06,18.8936824798584,18.893682479858402,18.59007313114046,18.727099216471053,2329200
2016-07-07,18.662614822387695,18.909801284965212,18.64380720131934,18.807703063433703,1098000
2016-07-08,18.796955108642578,18.839945127128097,18.673361880312072,18.796955108642578,1592300
2016-07-11,18.791589736938477,18.810397364918607,18.63575393374439,18.8077099752421,1108300
2016-07-12,18.839948654174805,18.845321382552875,18.727100859462418,18.834573875919443,1519200
2016-07-13,18.866811752319336,18.866811752319336,18.651865772307794,18.83456924035457,1832100
2016-07-14,18.85069465637207,18.91517764114911,18.786209621717898,18.9098028633227,1427600
2016-07-15,18.8721866607666,18.915176681688738,18.716352959616408,18.888308943550914,745800
2016-07-18,18.845319747924805,18.882934992940456,18.79158426929591,18.796956997207957,507300
2016-07-19,18.888307571411133,18.89905302598404,18.705604095518574,18.856065058061784,732600
2016-07-20,18.925922393798828,18.93129512096655,18.823822128720664,18.904427385374284,727000
2016-07-21,18.925922393798828,19.006525600575618,18.869499534092025,18.925922393798828,947300
2016-07-22,19.00652503967285,19.07369540160966,18.807701342305407,18.893679323589446,1006300
2016-07-25,19.097885131835938,19.103257860908347,18.915181595210722,19.017279846606925,732100
2016-07-26,19.02265167236328,19.11400240155526,18.947419127886242,19.065639647901495,960600
2016-07-27,18.99040985107422,19.065640348438247,18.930762521038837,19.065640348438247,756600
2016-07-28,19.124755859375,19.178491357989124,18.952799803956363,19.033403051877546,697800
2016-07-29,19.253721237182617,19.30745672829282,19.087137934936848,19.092510664096835,953700
2016-08-01,19.27520751953125,19.334317769181045,19.13549406116737,19.280582296704985,939900
2016-08-02,19.02802276611328,19.32894676854066,19.009215144078887,19.25908900817988,1103400
2016-08-03,19.04952049255371,19.232224011165915,18.872189702484206,19.065640728059172,856200
2016-08-04,19.033395767211914,19.16773651220876,19.011902805919007,19.011902805919007,554800
2016-08-05,19.04952049255371,19.291334274522416,18.915179730335243,19.054893221096414,799300
2016-08-08,19.02265167236328,19.20535518062448,18.99040915330169,19.097882166963085,1210300
2016-08-09,19.28595733642578,19.29133211424396,18.995780830557827,18.995780830557827,1663400
2016-08-10,19.15699005126953,19.312823749382165,19.114000031185366,19.248340769132906,869900
2016-08-11,19.08713722229004,19.178487963742185,18.874878555537837,19.178487963742185,1283700
2016-08-12,19.02802276611328,19.105403575287816,18.923237150510644,19.071012787835933,1541600
2016-08-15,18.942047119140625,19.16773861151268,18.931299612378528,19.07638787885084,1379600
2016-08-16,18.667987823486328,19.060262489784495,18.65724031963034,18.88293175097582,1280700
2016-08-17,18.727100372314453,18.78621063232205,18.372440862146124,18.700232631368433,1337000
2016-08-18,18.775461196899414,18.81576382911621,18.667990244157334,18.71635299284208,881100
2016-08-19,18.727100372314453,18.794270749618132,18.63037486500698,18.78083790408374,750000
2016-08-22,18.748594284057617,18.80770454059411,18.651868782430107,18.727099272612147,773700
2016-08-23,18.75934410095215,18.829201871817933,18.732476358273733,18.80770685772425,560500
2016-08-24,18.667987823486328,18.872184247119833,18.62499780806237,18.802328546871045,673900
2016-08-25,18.533653259277344,18.748597258197865,18.51753097319716,18.689486992284554,910900
2016-08-26,18.28646469116211,18.64112423682205,18.233266271782476,18.614256493187312,1312700
2016-08-29,18.37781524658203,18.5067812203112,18.297209975593404,18.36169296245799,714500
2016-08-30,18.345571517944336,18.447671794444613,18.31870377934634,18.37781403418817,653700
2016-08-31,18.3831787109375,18.533641670968873,18.324068481983335,18.340190757982935,1266500
2016-09-01,18.3616943359375,18.689486122657293,18.264970873344176,18.36706911433995,896200
2016-09-02,18.522903442382812,18.67336442785519,18.426177937471373,18.426177937471373,720000
2016-09-06,18.603506088256836,18.67873657866792,18.42080259016829,18.53902310360121,784600
2016-09-07,18.67873764038086,18.91517868068618,18.56051917010544,18.91517868068618,2022100
2016-09-08,18.62405776977539,18.777161505266747,18.487357409977548,18.67326998273789,1252600
2016-09-09,18.044448852539062,18.520165556422647,18.011640012798704,18.520165556422647,1835900
2016-09-12,18.044448852539062,18.159276662807148,17.90774848244407,17.973364076042674,1390100
2016-09-13,17.72730255126953,17.989769090892526,17.72730255126953,17.989769090892526,1110300
2016-09-14,17.858535766601562,17.924151358366114,17.68902656150425,17.716368303464694,1961000
2016-09-15,17.9132137298584,17.96242594144655,17.760109998642772,17.874937797054493,1494000
2016-09-16,17.902280807495117,18.055384549576637,17.831196033293537,17.874939065653095,1843600
2016-09-19,18.044448852539062,18.071788509381637,17.9022813854284,18.00070373288525,730800
2016-09-20,18.055383682250977,18.2850392843413,18.038980306639363,18.153808107684526,1009500
2016-09-21,18.3397216796875,18.388933895088105,17.907748020713555,18.099127699559197,910100
2016-09-22,18.59124755859375,18.678735698963628,18.350655694047045,18.405334999572542,763900
2016-09-23,18.59124755859375,18.645926864119247,18.41080209577237,18.58578046239392,760400
2016-09-26,18.481887817382812,18.624057356511752,18.481887817382812,18.591248519970787,999800
2016-09-27,18.454545974731445,18.651394798869646,18.432673419631275,18.53656701341625,868700
2016-09-28,18.602184295654297,18.695139534516525,18.443611385485006,18.520163249461394,723700
2016-09-29,18.492826461791992,18.653038899924677,18.4053383057067,18.59125089812322,545300
2016-09-30,18.290508270263672,18.52563305228602,18.27957199134613,18.492824215533396,1380400
2016-10-03,18.13740348815918,18.30144559541817,18.053742931245196,18.30144559541817,786500
2016-10-04,17.924148559570312,18.15927331971823,17.76557774472312,18.15927331971823,910200
2016-10-05,17.634349822998047,18.038435296951466,17.56599962988565,17.984302477992333,1695400
2016-10-06,17.59060287475586,17.667156835247408,17.37188353099787,17.519520183122637,1920800
2016-10-07,17.765575408935547,17.94055166056818,17.574193699668857,17.70542693133406,1413200
2016-10-10,17.858535766601562,17.95149310032656,17.754644239150853,17.79838727169987,532600
2016-10-11,17.596071243286133,17.853068598335675,17.555060716391537,17.853068598335675,649400
2016-10-12,17.760114669799805,17.79292351478172,17.604276306429988,17.64528684118677,608900
2016-10-13,18.01163673400879,18.017105915910978,17.678089643835996,17.760108599433217,879600
2016-10-14,17.962425231933594,18.05538255498692,17.820257785117803,18.028042902047172,751500
2016-10-17,17.962425231933594,18.04718086769318,17.913213022289316,18.000701163225607,563400
2016-10-18,18.038976669311523,18.175677000862933,17.973359008332153,18.071783413919686,471600
2016-10-19,18.066320419311523,18.104596353963633,17.86947156345382,18.038980763971733,570900
2016-10-20,18.017108917236328,18.126469628798542,17.940557044907404,18.09912788649643,385700
2016-10-21,17.98430061340332,18.09912842531518,17.940557579005432,18.01710945361334,648400
2016-10-24,17.99523162841797,18.197547535814035,17.91321059483175,17.929616053077915,847900
2016-10-25,17.902280807495117,18.006172334495858,17.85306859241434,18.006172334495858,499600
2016-10-26,17.84760284423828,17.880411689233128,17.628883468586626,17.880411689233128,721500
2016-10-27,17.552326202392578,17.853068677023764,17.470307234123933,17.781983902485297,778200
2016-10-28,17.656221389770508,17.72183698741128,17.5687332309554,17.57966951154257,540000
2016-10-31,17.95149040222168,17.956957498262835,17.639811694950684,17.743705292668263,456900
2016-11-01,17.51405143737793,17.97336478238308,17.50584974859105,17.956961404809313,690700
2016-11-02,17.31173324584961,17.66715501084152,17.300796966908727,17.535921749432866,855900
2016-11-03,17.060205459594727,17.28439396806302,17.032864761646774,17.262521409704657,844200
2016-11-04,17.131290435791016,17.30626674363487,16.97818564495712,17.109418918781067,591200
2016-11-07,17.37188148498535,17.52498521617202,17.300796715842154,17.300796715842154,630700
2016-11-08,17.46483612060547,17.57966495110009,17.344539151235782,17.344539151235782,907700
2016-11-09,16.972715377807617,17.224243512618365,16.830546893502945,16.879759101259978,1662600
2016-11-10,16.486061096191406,17.131286879633745,16.332957380080238,16.989118398287054,2583700
2016-11-11,16.33843231201172,16.650110118451135,16.332965213477845,16.469665621534286,1742300
2016-11-14,16.425918579101562,16.43685381714437,16.155251360924748,16.278281914641482,2550500
2016-11-15,16.4040470123291,16.513407742921117,16.092370285965444,16.425919575623993,2568000
2016-11-16,16.49700164794922,16.51340606875727,16.283749392150092,16.409513489521828,1447300
2016-11-17,16.535274505615234,16.568082298176634,16.403495791385954,16.562615201867168,1279600
2016-11-18,16.524337768554688,16.63369846464576,16.46254977832772,16.595422533896155,933100
2016-11-21,16.726655960083008,16.78680445160219,16.54074338897005,16.54074338897005,1075600
2016-11-22,16.95631217956543,17.010992530218797,16.65393126928139,16.786804031186833,1724600
2016-11-23,16.75946807861328,16.967253261327148,16.696586022590758,16.8469562472482,801500
2016-11-25,16.732126235961914,17.218232739788295,16.710253675183683,16.80320997260896,285400
2016-11-28,16.868824005126953,16.945375870138378,16.67744329965745,16.688379578356493,1229300
2016-11-29,17.010997772216797,17.06294354772725,16.912573319299085,16.912573319299085,788000
2016-11-30,16.68291473388672,17.01099585906755,16.617298091674094,16.967251778572848,2281400
2016-12-01,16.504430770874023,16.839093315902737,16.40403190097912,16.688495011060382,1545100
2016-12-02,16.682912826538086,16.777733838500147,16.537892392721837,16.549048056214463,1283600
2016-12-05,16.98968505859375,17.045462308691437,16.716377703363907,16.87813162226094,1146900
2016-12-06,17.12355613708496,17.129132906329122,16.950646502355237,16.97853566789046,1386600
2016-12-07,17.22395133972168,17.251840501044207,17.041003122441893,17.117975718284253,1284100
2016-12-08,17.29088020324707,17.33550178702353,17.073350115319634,17.112393868141226,1142700
2016-12-09,17.29088020324707,17.45263410935079,17.22952512660601,17.29088020324707,624400
2016-12-12,17.33550262451172,17.33550262451172,17.173749774456102,17.207215697939585,954400
2016-12-13,17.173749923706055,17.313192513938695,17.006418177109364,17.26299309634594,964800
2016-12-14,16.766576766967773,17.190482369324737,16.721955180607175,17.190482369324737,1221200
2016-12-15,16.61040496826172,16.643870898557328,16.353829999028086,16.429129140090257,2027800
2016-12-16,16.733112335205078,16.83351117943433,16.549048142072326,16.705224240191455,1717100
2016-12-19,16.822357177734375,16.9116003672293,16.655026463397075,16.8167793454081,866200
2016-12-20,16.889286041259766,16.91159630133829,16.716376472304425,16.760998056323952,795600
2016-12-21,16.749847412109375,16.95622188796709,16.738691747505516,16.889290028069407,898900
2016-12-22,16.984106063842773,16.984106063842773,16.694065252459474,16.788886246032384,931400
2016-12-23,16.956220626831055,16.995264386177908,16.866977444363208,16.96179845871813,657600
2016-12-27,16.805620193481445,16.98410759929675,16.72195485367389,16.928330351470873,856600
2016-12-28,16.760997772216797,16.889285754978065,16.71079835806292,16.805619355479966,521800
2016-12-29,16.90601921081543,16.956218628018878,16.72753286691984,16.766576621664186,812400
2016-12-30,17.078929901123047,17.078929901123047,16.822354967144058,16.86697655602789,826600
2017-01-03,17.173749923706055,17.218371510026,16.95621875951661,17.162594261160436,827800
2017-01-04,17.5251407623291,17.5251407623291,17.02314776543265,17.223944325873855,1204800
2017-01-05,17.63669776916504,17.653430197686873,17.391278533507815,17.536298942584246,1063100
2017-01-06,17.419164657592773,17.714783273175186,17.408008997262343,17.54745155980573,1249500
2017-01-09,17.33550262451172,17.6980531431933,17.24068162142307,17.419167965151694,951800
2017-01-10,17.28529930114746,17.430319688620255,17.201633979414538,17.380120282808043,799200
2017-01-11,17.168174743652344,17.302039523284428,17.117975318307476,17.302039523284428,690100
2017-01-12,17.240680694580078,17.246258525504555,17.05438560992494,17.15701535843787,492900
2017-01-13,17.162595748901367,17.33550427789692,17.151440085388717,17.179328180307714,716700
2017-01-17,17.268569946289062,17.302036934085873,17.17932677322265,17.184904604522117,791100
2017-01-18,17.112396240234375,17.324348526587436,17.106818408506317,17.26857127316949,572000
2017-01-19,16.956220626831055,17.12355239185526,16.889288771911495,17.067775136847192,452800
2017-01-20,17.18490219116211,17.23231321861816,16.92275054007758,16.978527781376652,767600
2017-01-23,17.39686393737793,17.42475203962933,17.157022428109418,17.179332697137955,452200
2017-01-24,17.408010482788086,17.552473423966717,17.32155676750548,17.4024337160093,402100
2017-01-25,17.430328369140625,17.4833161843922,17.35781867122464,17.3912846038118,296100
2017-01-26,17.430328369140625,17.541882896248254,17.35781867122464,17.4191727036573,743200
2017-01-27,17.44705581665039,17.48609956843867,17.321557283143452,17.48609956843867,1625000
2017-01-30,17.346656799316406,17.413588640543324,17.268568232735092,17.39127838142183,598600
2017-01-31,17.642274856567383,17.75382934676407,17.023150521176905,17.318768111631943,695100
2017-02-01,17.463790893554688,17.75383175634089,17.36896988317699,17.63670048321335,1136100
2017-02-02,17.619964599609375,17.76777339486008,17.463788526082006,17.463788526082006,1094200
2017-02-03,17.748254776000977,17.77614393560427,17.561402194040866,17.60881216957248,731800
2017-02-06,17.698057174682617,17.74267877077925,17.480527026694382,17.74267877077925,687000
2017-02-07,17.692481994628906,17.809614366857176,17.592084186257008,17.670171725167236,1000400
2017-02-08,17.647855758666992,17.737098940810082,17.608811999462223,17.72036650907241,358200
2017-02-09,17.54745864868164,17.670168834164542,17.491682452221507,17.659013169327412,455200
2017-02-10,17.619964599609375,17.64785269023169,17.491677680566784,17.53072143298301,287900
2017-02-13,17.59207534790039,17.709206597418344,17.547452703669865,17.619963436682077,572000
2017-02-14,17.57534408569336,17.592077579402403,17.362833290197415,17.580921916929707,399300
2017-02-15,17.59207534790039,17.608807775624445,17.352233954473277,17.441477115209544,451900
2017-02-16,17.720365524291992,17.770564944440558,17.608811020881266,17.608811020881266,426200
2017-02-17,17.781723022460938,17.787300855108963,17.614392298471294,17.73152465635428,445500
2017-02-21,17.949052810668945,17.965785242886128,17.65901192846078,17.764988609241204,547000
2017-02-22,17.74267578125,17.94905129333818,17.68689852956163,17.93231886253548,558700
2017-02-23,17.887693405151367,17.921160389234032,17.642274174523944,17.843071823570238,577400
2017-02-24,17.887693405151367,17.954625245591853,17.820761564710885,17.90442583333028,424700
2017-02-27,17.99925422668457,18.055030425397113,17.865388370958634,17.88769970153389,520400
2017-02-28,17.848651885986328,18.004826909116673,17.834707839472912,17.937895060307255,941100
2017-03-01,17.79287338256836,17.99924887356052,17.759407460521313,17.79287338256836,677400
2017-03-02,17.848651885986328,17.85925008476306,17.698053630371305,17.725942787260692,594500
2017-03-03,18.04387664794922,18.04945554503952,17.78730270266653,17.865390240124235,854400
2017-03-06,18.07176399230957,18.116384523278047,17.87096628363772,17.960209473300157,757700
2017-03-07,18.11638069152832,18.121959586547824,18.035503735545714,18.077336937291893,757200
2017-03-08,17.748254776000977,18.08291618033924,17.711999400448022,18.043872420757285,1268600
2017-03-09,17.293167114257812,17.80513566693258,17.202150530893555,17.75962737525045,958100
2017-03-10,17.219223022460938,17.486584201009542,17.190779651336406,17.378501560743654,651200
2017-03-13,17.338680267333984,17.42400820253669,17.241974984769964,17.241974984769964,732800
2017-03-14,17.247663497924805,17.338680105961068,17.207843867534386,17.298860475570645,468700
2017-03-15,17.628786087036133,17.736868655479583,17.287473455374624,17.287473455374624,715200
2017-03-16,17.674299240112305,17.79375918239187,17.497954747703012,17.64585696504744,680900
2017-03-17,18.1862735748291,18.203339596301927,17.702748234805203,17.805141108631386,2507800
2017-03-20,18.083881378173828,18.180585581796933,18.004241026655347,18.1464546225768,575900
2017-03-21,17.998552322387695,18.169209288208982,17.924601730034343,18.140765918070286,740000
2017-03-22,18.152135848999023,18.254529769651988,17.85633143044672,17.998544968019573,981800
2017-03-23,18.197647094726562,18.37968136380293,18.123696520573166,18.135072780825208,890800
2017-03-24,18.385372161865234,18.44225672806866,18.231781229107458,18.305732901177596,1099100
2017-03-27,18.311418533325195,18.476386795699167,18.234624160154898,18.379682609484206,598500
2017-03-28,18.436569213867188,18.4650114970837,18.230644218970223,18.345552605570067,535900
2017-03-29,18.703933715820312,18.703933715820316,18.419506509186824,18.465013733844348,862900
2017-03-30,18.885961532592773,18.934313623037546,18.618599340710553,18.71530569160685,1496300
2017-03-31,19.0111083984375,19.02248574408071,18.81201027469832,18.857519657271162,1002000
2017-04-03,18.959918975830078,19.050935596784843,18.885967293177014,18.948541626959805,776500
2017-04-04,19.141950607299805,19.176080481031814,18.840456312621267,18.976982317570993,880200
2017-04-05,19.13056755065918,19.255714000343808,18.974131776045166,19.13625513791488,1247000
2017-04-06,19.2670955657959,19.28131779206075,18.965603465043124,19.13625933018607,750600
2017-04-07,19.454816818237305,19.477571510248588,19.247184051146387,19.295536144165208,970100
2017-04-10,19.52307891845703,19.574275890988226,19.40362003921987,19.488946880100602,610200
2017-04-11,19.597030639648438,19.784751426132036,19.500324282363575,19.523078974666706,953000
2017-04-12,19.511701583862305,19.693734781856985,19.460504611300873,19.64253780929555,875100
2017-04-13,19.42637825012207,19.619788829160154,19.369491509224236,19.494640169192195,865000
2017-04-17,19.534456253051758,19.540143841104364,19.38086533554878,19.46050458832657,685300
2017-04-18,19.597030639648438,19.618077536525043,19.48894693621201,19.534456320818272,1178100
2017-04-19,19.597030639648438,19.67098230463017,19.500324282363575,19.602718227720775,619000
2017-04-20,19.60840606689453,19.636848344486598,19.494634786519583,19.614093654410272,617700
2017-04-21,19.676673889160156,19.693738826850055,19.551525226081335,19.562902574543713,665300
2017-04-24,19.50601577758789,19.841639923924596,19.4718837360935,19.767688252356958,791900
2017-04-25,19.659603118896484,19.69942274169753,19.443437902257465,19.517389560319415,1800100
2017-04-26,19.72786521911621,19.727865219116214,19.506012412691245,19.625471282303657,837100
2017-04-27,19.74492835998535,19.98384824753396,19.5105611461098,19.562895193284756,1323300
2017-04-28,19.796125411987305,19.84732237597547,19.511698316498965,19.813192513321045,1662200
2017-05-01,19.875764846801758,19.93833915562503,19.682354333169172,19.847322570974786,1433600
2017-05-02,20.023670196533203,20.04073512976956,19.83025966316302,19.83025966316302,1457300
2017-05-03,19.995222091674805,20.02935194820289,19.88145083990019,20.02935194820289,939800
2017-05-04,19.966779708862305,19.995224152241846,19.784746555266327,19.961092122190216,1163800
2017-05-05,20.10899543762207,20.114685194920707,19.93549473012577,19.99522633172848,1223300
2017-05-08,20.069175720214844,20.15450471923201,19.875765203114984,20.14881496196068,1293400
2017-05-09,20.10899543762207,20.2000120243409,20.023668608201877,20.08624291844731,1185100
2017-05-10,20.25690269470215,20.336541952349386,20.080557074192534,20.336541952349386,1581900
2017-05-11,20.234148025512695,20.2910325896131,20.009450308304157,20.211393331869726,1475200
2017-05-12,20.262588500976562,20.325162817912172,20.194326596140815,20.222768875655138,1088600
2017-05-15,20.262588500976562,20.3536050974265,20.126064691305068,20.25690091307643,1606500
2017-05-16,20.25690269470215,20.33085436394902,20.103311767808037,20.30809967033352,1170800
2017-05-17,20.24552345275879,20.342227636561894,20.143129511080904,20.251211040626753,1755600
2017-05-18,20.495820999145508,20.52426545190602,20.11468963623386,20.182951548843526,1083500
2017-05-19,20.569774627685547,20.649413894976306,20.410496093104026,20.649413894976306,1278400
2017-05-22,20.706295013427734,20.7688671564462,20.50150714171147,20.564081454736627,1515500
2017-05-23,20.72336196899414,20.859885783460722,20.672164996067444,20.780246530020733,1056500
2017-05-24,20.797317504882812,20.91108664810935,20.729053414938118,20.76887304906887,1080200
2017-05-25,20.751798629760742,20.928144193198488,20.655094468202385,20.82006051850819,898300
2017-05-26,20.916772842407227,20.96512493703854,20.677852908334792,20.740427228449168,974000
2017-05-30,20.967967987060547,21.05329482249488,20.88832873931913,20.922458605490167,1274900
2017-05-31,20.882638931274414,21.064672117103573,20.80868944141095,20.945213245779453,1621000
2017-06-01,20.996410369873047,21.178443557045615,20.82575452814961,20.82575452814961,1757000
2017-06-02,21.11587142944336,21.18982309751988,21.030544584746128,21.184135509209526,1714300
2017-06-05,21.098806381225586,21.17844563718488,20.94521545758682,21.058986753245943,1081100
2017-06-06,20.996410369873047,21.115869242078777,20.973655678974787,21.104491896629646,1148400
2017-06-07,20.837133407592773,21.08742851587966,20.83144364944596,21.024854196306208,819400
2017-06-08,20.80868911743164,20.814376705022298,20.47875261699899,20.814376705022298,1183200
2017-06-09,20.638029098510742,20.876948984163942,20.58967701367841,20.848506708968834,786500
2017-06-12,20.609588623046875,20.763179526520567,20.581146345368047,20.660785590871438,1137900
2017-06-13,20.683534622192383,20.724491317243984,20.592518056517417,20.638025254351852,1276100
2017-06-14,21.117586135864258,21.163882790383816,20.706691460877654,20.706691460877654,1124900
2017-06-15,21.007619857788086,21.285406307571762,20.89766341130615,21.07127966646464,891100
2017-06-16,21.302772521972656,21.337494453374802,20.990261893448668,21.019197572167386,1657700
2017-06-19,21.412731170654297,21.47928522538899,21.308560950509303,21.383795488980912,903100
2017-06-20,21.626855850219727,21.626855850219727,21.372218784495573,21.522685639775574,1013400
2017-06-21,21.626855850219727,21.69630412894969,21.540048813283462,21.597920171240972,985000
2017-06-22,21.80626106262207,21.81783577599347,21.560304474519697,21.626856316841675,574900
2017-06-23,22.263458251953125,22.321329626614162,21.748395511454994,21.806266886116035,5341700
2017-06-26,22.29818344116211,22.41971687789253,22.228737339924553,22.41971687789253,1232800
2017-06-27,22.112987518310547,22.506519018469884,22.107201264330822,22.298178552779497,1466400
2017-06-28,22.00881004333496,22.222938900195963,21.974088115579534,22.188214764789993,2565600
2017-06-29,21.759963989257812,22.222943731385403,21.55741200781526,21.95672971736673,1699400
2017-06-30,21.800474166870117,21.852559276954462,21.55046652152565,21.82941205620109,739400
2017-07-03,21.66736602783203,21.916216838357347,21.66736602783203,21.916216838357347,510300
2017-07-05,21.49953842163086,21.667366242771447,21.430668547407922,21.667366242771447,888000
2017-07-06,21.250688552856445,21.32592088001537,20.860049142500287,21.030773409070537,1324800
2017-07-07,21.482175827026367,21.493750540460187,21.140729507506716,21.244899720760227,1268800
2017-07-10,21.4243106842041,21.655798397098735,21.406949712841165,21.476395805944406,927500
2017-07-11,21.43008804321289,21.511108819477123,21.366428231105118,21.43008804321289,621700
2017-07-12,21.6094913482666,21.829406446290484,21.499534903079876,21.59791663703898,596600
2017-07-13,21.482175827026367,21.71366568040103,21.430090720399612,21.638431146906637,754900
2017-07-14,21.45323944091797,21.67894082631906,21.43009001481253,21.528473971935263,560500
2017-07-17,21.45323944091797,21.53426022463623,21.33170826534058,21.441664727865252,673600
2017-07-18,21.626855850219727,21.68472941582803,21.34906935825225,21.499538421183047,2864800
2017-07-19,21.80626106262207,21.835196742225143,21.563196497124412,21.592134384378326,845000
2017-07-20,21.72524070739746,21.846771888730345,21.687622336281887,21.765751101175088,706900
2017-07-21,21.794687271118164,21.82941141270111,21.673156087054252,21.725241195603203,788800
2017-07-24,22.078264236450195,22.10141145861267,21.702093728757934,21.788902986733422,903300
2017-07-25,22.222942352294922,22.246089571844035,21.985666242622152,22.06668703017126,1002300
2017-07-26,22.159282684326172,22.263452899794558,22.06668718253771,22.263452899794558,1121100
2017-07-27,21.7657527923584,22.251879763112534,21.551626093231892,21.99145420598513,1166100
2017-07-28,21.788898468017578,21.869919247911508,21.557408633191493,21.661578838098166,754200
2017-07-31,21.956722259521484,22.02617052184236,21.707871505330694,21.817830150180278,986900
2017-08-01,22.060903549194336,22.124563384538366,21.855457303634942,21.997243713850306,965800
2017-08-02,21.89885711669922,22.06089869270204,21.76575122103248,21.991452618365244,1501400
2017-08-03,22.14192008972168,22.199793659636583,21.846772609934025,21.91043243301494,788000
2017-08-04,22.118770599365234,22.194002921057105,22.0493223225948,22.066685495612777,712700
2017-08-07,22.240304946899414,22.32132574037939,22.060900184443007,22.118773756679452,603000
2017-08-08,21.869918823242188,22.188215684209368,21.835194686397344,22.176640971927753,3461900
2017-08-09,21.736818313598633,21.991455423750796,21.719455137061292,21.9104346254138,630300
2017-08-10,21.58634376525879,21.736812816389385,21.48217356298395,21.69630242746591,1190200
2017-08-11,21.759963989257812,21.771538703576105,21.424306104631434,21.632646547058645,563200
2017-08-14,21.93937110900879,22.072477026506423,21.812051445467024,21.812051445467024,787800
2017-08-15,22.060903549194336,22.124563384538366,21.745500811091595,21.933586086157664,1242200
2017-08-16,22.130348205566406,22.269240361965096,22.084049348332826,22.101410315969908,717800
2017-08-17,22.060903549194336,22.251883055226422,22.043542578701015,22.141924355031687,637600
2017-08-18,22.078264236450195,22.10141145861267,21.90464572049922,22.04354009172977,1165600
2017-08-21,22.205583572387695,22.2808181218506,22.029073018446642,22.07247765112337,417400
2017-08-22,22.257661819458008,22.36762048264994,22.130344399265624,22.194002005536493,717700
2017-08-23,22.18243408203125,22.3271147044051,22.17085936732321,22.234516986740783,447800
2017-08-24,22.136133193969727,22.269239089433658,22.08404808638376,22.269239089433658,568600
2017-08-25,22.257661819458008,22.379192987316905,22.170854788551924,22.2460871071404,387300
2017-08-28,22.18243408203125,22.33868721146204,22.127454739080836,22.280815845572942,419000
2017-08-29,22.060903549194336,22.24609459329439,22.043542578701015,22.17086224938907,527900
2017-08-30,22.39076805114746,22.408131223721774,22.014599829347684,22.084045896692913,788200
2017-08-31,22.68013572692871,22.71485987435736,22.44806962904887,22.4602227495012,1110300
2017-09-01,22.599111557006836,22.74958063246218,22.477580370589735,22.61068627109194,596200
2017-09-05,22.477582931518555,22.755369478257,22.477582931518555,22.67434867808136,893800
2017-09-06,22.089834213256836,22.575961145399933,22.066686993745932,22.500728818600454,1774900
2017-09-07,22.531164169311523,22.54881649119859,22.101607127358594,22.201639944318803,1117800
2017-09-08,22.60765266418457,22.71357105493948,22.366394606287162,22.366394606287162,777500
2017-09-11,22.666507720947266,22.801847449347072,22.60177953677768,22.64296979130369,504500
2017-09-12,22.437013626098633,22.772421193929453,22.40759234280997,22.613543570530638,546600
2017-09-13,22.260480880737305,22.53704360249221,22.260480880737305,22.448779763732038,562600
2017-09-14,22.11925506591797,22.295784983906444,22.09571714493292,22.21340450515847,1125800
2017-09-15,22.13690757751465,22.24282597817211,22.03687477950466,22.131024219566882,1291100
2017-09-18,22.148679733276367,22.348747602857824,22.11337509109731,22.18398662015546,1132800
2017-09-19,22.09571647644043,22.2487107135148,22.06629519844909,22.113371038994934,841300
2017-09-20,21.93095588684082,22.206342375552286,21.819154130743794,22.154561643734542,658100
2017-09-21,21.742658615112305,22.025106949801444,21.73677301216263,21.936840863154913,966500
2017-09-22,21.73677635192871,21.9309608745068,21.695586103751573,21.866232700314104,539400
2017-09-25,21.636741638183594,21.89565206757544,21.57201346966064,21.789733654483324,1010400
2017-09-26,21.630857467651367,21.748544850515874,21.583783861325642,21.742661491487706,796300
2017-09-27,21.366064071655273,21.654395808265317,21.330757182709075,21.630857882301186,1092300
2017-09-28,21.454328536987305,21.510230551566558,21.324874429904106,21.38960036109559,1509200
2017-09-29,21.707351684570312,21.725004003981514,21.342522866973283,21.39548206990671,2050200
2017-10-02,21.62497901916504,21.813277976626615,21.554367471292107,21.67205488088075,1901100
2017-10-03,21.59555435180664,21.695587175262965,21.524942814972746,21.62497563842907,978400
2017-10-04,21.654396057128906,21.677933983363552,21.498461224049734,21.572015560007852,861200
2017-10-05,21.583776473999023,21.730885091054798,21.51492930002262,21.536700639085485,2753400
2017-10-06,21.448448181152344,21.619094806090118,21.142461826170983,21.57790230636329,1442400
2017-10-09,21.60732078552246,21.630856465244584,21.39548395512322,21.483747804656222,800800
2017-10-10,21.67205238342285,21.736778318772075,21.570252976659454,21.66616677903632,1203500
2017-10-11,21.5720157623291,21.87211646818473,21.548477835873697,21.683817545941938,862500
2017-10-12,21.64851188659668,21.72500677694217,21.542593467210494,21.55436242988675,913300
2017-10-13,21.630857467651367,21.73677588775941,21.554362576784545,21.73677588775941,470000
2017-10-16,21.795623779296875,21.842697392269855,21.577901304607956,21.648515091118092,1155800
2017-10-17,21.583776473999023,21.842686831925416,21.560238556542252,21.80149659872575,1839100
2017-10-18,21.630857467651367,21.68381667770539,20.89531413062337,21.542593614028082,1288500
2017-10-19,21.660276412963867,21.74854024790802,21.554358015271163,21.589662651368965,580200
2017-10-20,21.601438522338867,21.70147359425158,21.4366775153066,21.666166702158794,509800
2017-10-23,21.513172149658203,21.672049778492205,21.454327336367772,21.613204965201774,536300
2017-10-24,21.489633560180664,21.58966637263261,21.419022031114583,21.542592768155234,721300
2017-10-25,21.07184600830078,21.536707684293663,20.854123567652117,21.448443832006447,2040700
2017-10-26,21.224838256835938,21.94861262780424,20.759974331227802,21.94861262780424,1547700
2017-10-27,21.28367805480957,21.477862547074654,21.13656940722687,21.2719113383388,1035100
2017-10-30,21.277799606323242,21.34252778534732,21.136574284388868,21.318989857574866,1027000
2017-10-31,21.501405715942383,21.62497647133622,21.22484067269873,21.33075910437926,1187000
2017-11-01,21.371946334838867,21.67793262258106,21.354294013621068,21.542592922277795,822000
2017-11-02,21.395483016967773,21.589665273185837,21.366061735080176,21.366061735080176,785100
2017-11-03,21.60732078552246,21.60732078552246,21.224837370112716,21.35429370973448,338100
2017-11-06,21.589670181274414,21.807392655078395,21.54847992832781,21.6367460387565,595400
2017-11-07,21.74854278564453,21.87799911897453,21.601434132205863,21.619088697014444,1044300
2017-11-08,21.889766693115234,21.919187972998095,21.74265804900115,21.74265804900115,593900
2017-11-09,21.66617202758789,21.96038946657708,21.636750732629157,21.742669190241337,506100
2017-11-10,21.64262580871582,21.7956200754549,21.583783241323903,21.601435562601466,391100
2017-11-13,21.56024169921875,21.819154339584273,21.407249702847952,21.60143193842241,1155200
2017-11-14,21.513172149658203,21.698528260947818,21.41607989125407,21.566131359269537,848700
2017-11-15,21.248376846313477,21.471982655253825,21.236607883242915,21.46609705136845,603000
2017-11-16,21.371946334838867,21.46021243032798,21.17187846380359,21.24248999337485,738100
2017-11-17,21.01300048828125,21.336639091843487,20.977695846434468,21.336639091843487,1302000
2017-11-20,21.118921279907227,21.213070743260744,21.05419310297038,21.05419310297038,929500
2017-11-21,21.207185745239258,21.318987522864123,21.142457573303773,21.218954707836627,1484900
2017-11-22,21.20130729675293,21.389606272459076,21.03654625418526,21.242497557394845,930100
2017-11-24,21.165996551513672,21.271914975459378,21.095382772416396,21.195417837120765,265500
2017-11-27,21.030654907226562,21.23072277352967,20.92473649302492,21.165994604328667,1021000
2017-11-28,21.218957901000977,21.248379189571857,21.013004391603953,21.118922826219464,1815000
2017-11-29,20.912973403930664,21.313109248907324,20.889435473120123,21.207190804960522,2268400
2017-11-30,21.757633209228516,21.78159590899146,20.918956999196105,20.936930166622727,2625600
2017-12-01,21.64980697631836,21.841504036153104,21.422165860811145,21.769618210017377,1527800
2017-12-04,21.422163009643555,21.841501129174006,21.371243984791494,21.727681729173714,871200
2017-12-05,21.3981990814209,21.565933387613384,21.36225503643314,21.416169961310516,627200
2017-12-06,21.416173934936523,21.506032921474386,21.158580611084208,21.410184402264846,649000
2017-12-07,21.583908081054688,21.739663351646062,21.392211044333713,21.43414462829087,716800
2017-12-08,21.69173240661621,21.703713754000596,21.50003541888272,21.595883912749464,465300
2017-12-11,21.76362419128418,21.817536835867898,21.64980251438414,21.65579433169927,811200
2017-12-12,21.51801300048828,21.835513092058953,21.482071232347156,21.79357950575493,746600
2017-12-13,21.565935134887695,21.7276799226244,21.52400155494211,21.619850064133264,914800
2017-12-14,21.583908081054688,21.667775248968997,21.494051380521757,21.524003614032733,564300
2017-12-15,21.571922302246094,21.709706661487797,21.523999195508146,21.709706661487797,958900
2017-12-18,22.021217346191406,22.26682932018539,21.739663605647888,21.74565313833649,1149300
2017-12-19,22.1230525970459,22.33871228759456,22.06314814309724,22.176967519683064,1804800
2017-12-20,21.853479385375977,22.3207405547257,21.841498036776166,22.04517639255579,958900
2017-12-21,21.835512161254883,21.919379330287835,21.78159722613242,21.919379330287835,891600
2017-12-22,21.871450424194336,21.967298928478947,21.79956461728303,21.901404938515263,870000
2017-12-26,21.925365447998047,22.033195301447922,21.775602016563063,21.829516943288002,332000
2017-12-27,22.12904930114746,22.15301200457744,21.96131494755597,22.02721123938382,520900
2017-12-28,22.15300750732422,22.23088513505722,22.057158998271564,22.117063459476206,800200
2017-12-29,22.164987564086914,22.194939792942613,22.027205483183835,22.164987564086914,684700
2018-01-02,21.937347412109375,22.170978006068214,21.84749072185295,22.14102577598274,790400
2018-01-03,21.829513549804688,21.943335202534765,21.703712835405582,21.943335202534765,1946800
2018-01-04,21.859474182128906,22.015227164741287,21.79956743096346,21.853482364407917,1131700
2018-01-05,21.97928237915039,21.98827010543137,21.817537584225065,21.865462983555005,602800
2018-01-08,21.835512161254883,22.003246499320788,21.697730057099463,21.925368862986346,788600
2018-01-09,21.781593322753906,21.90739405375917,21.709707517209264,21.87145000838257,1115000
2018-01-10,21.72768211364746,21.865464216678166,21.64980447794873,21.739663464155647,1124900
2018-01-11,21.91339111328125,22.0990963458015,21.84150300532912,21.985276936024277,813200
2018-01-12,21.571922302246094,21.907393190245582,21.535980543494748,21.907393190245582,911100
2018-01-16,21.73965835571289,22.009232965779326,21.709706129085156,21.7336665392623,1138100
2018-01-17,22.021217346191406,22.0931054497084,21.76961583950882,21.847493475714412,882100
2018-01-18,21.81753921508789,21.991265372831748,21.793578798840695,21.991265372831748,1153100
2018-01-19,21.823528289794922,21.90739544914031,21.757632011678204,21.77560289290687,1121300
2018-01-22,21.805559158325195,21.961312140292154,21.73966287492071,21.901407674583833,857400
2018-01-23,21.859474182128906,21.937349530830648,21.78159654821827,21.82353013142964,1103200
2018-01-24,21.721689224243164,21.895415370228395,21.703718341971875,21.889425837874246,842400
2018-01-25,21.88343620300293,21.901409372275726,21.700724597658084,21.72768320896275,1000600
2018-01-26,21.823528289794922,21.92536633036898,21.706712991391175,21.889424567911643,530200
2018-01-29,21.601884841918945,21.81155279657441,21.56594078460259,21.81155279657441,896900
2018-01-30,21.667776107788086,21.715701511472357,21.458108179691965,21.53598581807439,1535200
2018-01-31,21.829513549804688,21.94932473336928,21.535978549540108,21.805553141258375,1422500
2018-02-01,21.865459442138672,22.13503405668618,21.70970648996036,21.727677369194044,2022100
2018-02-02,21.76961898803711,21.934359725912046,21.69773315933227,21.817542112103904,1050100
2018-02-05,21.416173934936523,21.78758666122237,21.36824853272728,21.637823207131905,1943100
2018-02-06,21.09267807006836,21.58989368708677,20.859047516609888,21.12263029496155,2319200
2018-02-07,21.02678871154785,21.392211916829023,20.98186150205347,21.08669546622208,1353100
2018-02-08,19.900564193725586,21.062727522681193,19.87060968123844,20.966879024264323,2966300
2018-02-09,20.104249954223633,20.260002964649374,19.50519604684734,20.104249954223633,2978600
2018-02-12,19.954479217529297,20.187511066153544,19.523159829874263,20.182117974161926,2201200
2018-02-13,20.098255157470703,20.218066378235374,19.69089837799621,19.86462453384453,1398800
2018-02-14,19.966463088989258,20.01438620189184,19.660944389051366,19.89457499182225,1669100
2018-02-15,20.18211555480957,20.33187895921358,19.84664699147783,19.99041857998909,1286800
2018-02-16,20.230043411254883,20.35584413786485,20.104242684644912,20.224051594630517,1599400
2018-02-20,20.15216827392578,20.41575339286266,20.002404832787562,20.146178741772108,1217800
2018-02-21,20.00839614868164,20.26598944380005,19.91254764016377,20.128205070422453,1194500
2018-02-22,20.002403259277344,20.19410026603752,19.942498801618004,20.05631818525418,867700
2018-02-23,20.170137405395508,20.236033679411783,20.002403097142114,20.020373977252532,868600
2018-02-26,20.164148330688477,20.31990129399482,20.017380807640954,20.18211921120612,879800
2018-02-27,19.786745071411133,20.236035393906093,19.768774189778135,20.152168232673766,1356400
2018-02-28,19.924528121948242,19.99641622235854,19.786746023975134,19.912549057088725,2072600
2018-03-01,19.732831954956055,20.128207383682387,19.63698343542267,19.858634993575905,1513000
2018-03-02,19.660940170288086,19.744807313778303,19.523158108095828,19.684902864201938,1347300
2018-03-05,19.93052101135254,20.005402739400058,19.56809372182763,19.589060514272575,1658200
2018-03-06,19.876604080200195,20.02636752125944,19.804718268350207,20.02636752125944,1566200
2018-03-07,19.906558990478516,19.966465746089973,19.726843294062277,19.768776880385765,1473300
2018-03-08,20.083633422851562,20.12027208531453,19.851593219326343,19.924870544252272,2187900
2018-03-09,20.163022994995117,20.196607864850268,19.94319560298719,20.150810103286798,1076900
2018-03-12,20.40727424621582,20.523295555062894,20.120279438170492,20.169128676602714,1235800
2018-03-13,20.517187118530273,20.57214396541121,20.35842418830249,20.47444316310853,1547500
2018-03-14,20.66983985900879,20.846923249056765,20.52939513463739,20.627095913737943,2097100
2018-03-15,20.718690872192383,20.767540095781843,20.620990095643208,20.706477983952453,1579800
2018-03-16,20.79807472229004,20.865242117562797,20.663735273003738,20.712584499508505,1792900
2018-03-19,20.718690872192383,20.81028636930672,20.620990095643208,20.761434816347005,1017600
2018-03-20,20.75533103942871,20.84081893392658,20.65457645118318,20.718692372056584,1516200
2018-03-21,20.443910598754883,20.76143876527773,20.34010452302643,20.74922587471485,1277100
2018-03-22,20.236299514770508,20.572145908827142,20.236299514770508,20.327895044681902,1340100
2018-03-23,20.00425148010254,20.36757732441706,19.93403028644002,20.236291691297794,1114900
2018-03-26,20.28514862060547,20.45001915679179,20.16302203868551,20.224084164960086,1482200
2018-03-27,20.187448501586914,20.419486452750377,20.004257457845075,20.291254585627797,1392400
2018-03-28,20.559926986694336,20.749223272623947,20.187444353406367,20.187444353406367,1675200
2018-03-29,20.43780517578125,20.657632545640336,20.34010438132951,20.620993874206928,1124600
2018-04-02,20.0592098236084,20.468333446025248,19.924872705413474,20.4378023886796,1022200
2018-04-03,20.327898025512695,20.41033215102401,20.053113724855937,20.089752408067312,913400
2018-04-04,20.370634078979492,20.401165138444533,20.144701443693535,20.169124893643254,1397200
2018-04-05,20.566038131713867,20.657633650511023,20.352318360348253,20.419485767512587,1346200
2018-04-06,20.590463638305664,20.724800780206596,20.50497573090395,20.566037856370667,999500
2018-04-09,20.48665428161621,20.74922560183832,20.48054900110041,20.60267557575243,943000
2018-04-10,20.596567153930664,20.68205505400587,20.51413305867831,20.541610313972235,847700
2018-04-11,20.639310836791992,20.749224515286013,20.584353997544984,20.584353997544984,798300
2018-04-12,20.370634078979492,20.706480391836024,20.333995409999122,20.669841722855658,865900
2018-04-13,20.327898025512695,20.434757939831595,20.279046447897528,20.38285488564405,892900
2018-04-16,21.152246475219727,21.280478359532736,20.578254472077308,20.578254472077308,1940700
2018-04-17,21.182775497436523,21.32932787204676,21.109500474816887,21.286583914737726,1205400
2018-04-18,21.201091766357422,21.36596228135593,20.990423497853133,21.243835715130682,809800
2018-04-19,21.048439025878906,21.16445800956501,20.901886646522364,21.16445800956501,636800
2018-04-20,20.914100646972656,21.225521266719593,20.877461967849595,21.140033344803616,545100
2018-04-23,20.962953567504883,21.024015707266425,20.822506453184964,21.024015707266425,989300
2018-04-24,20.944623947143555,21.091176279912677,20.880508029485284,21.078963391401057,1102800
2018-04-25,20.614885330200195,20.932413480123483,20.388952690024798,20.3950602996723,1353600
2018-04-26,20.8408203125,20.99347794259285,20.578249002390645,20.761437692627954,1306100
2018-04-27,20.962953567504883,21.188886279868168,20.79808299490314,20.853039852437053,1011000
2018-04-30,20.926305770874023,21.25604677244781,20.85913604877155,21.017898940619872,1112400
2018-05-01,20.98126792907715,21.21330821085349,20.93241636265228,20.93241636265228,949700
2018-05-02,21.011802673339844,21.030120849271903,20.816401032160204,20.883570783072823,969300
2018-05-03,20.98126792907715,21.078968732555992,20.895780017204522,21.072861122067437,516800
2018-05-04,20.98126792907715,21.17056192554628,20.883567125598304,20.975160318588593,875200
2018-05-07,21.152246475219727,21.164459368397804,20.97516301819441,20.97516301819441,1134200
2018-05-08,20.88966941833496,21.219410456418892,20.87745652847586,21.15834833649397,2040200
2018-05-09,20.962953567504883,21.06065438874614,20.767549595651047,20.92020727442622,1261900
2018-05-10,21.445348739624023,21.47893361323316,21.054545478758985,21.054545478758985,980600
2018-05-11,21.28658103942871,21.457556845570096,21.18888024600925,21.439238674732277,931300
2018-05-14,21.35375213623047,21.512515062168518,21.256051336567637,21.298795290834452,795100
2018-05-15,21.048439025878906,21.280476993251114,21.011800348697008,21.219414860652332,962700
2018-05-16,21.304901123046875,21.353752688827885,21.114994504535126,21.115607129072625,875100
2018-05-17,21.274372100830078,21.414816871872734,21.237733422978092,21.34764712716297,659300
2018-05-18,21.1156063079834,21.372070030248405,21.072860024901786,21.32321846636701,1181400
2018-05-21,21.133926391601562,21.304902221911966,21.091182434023963,21.22551958810886,1862300
2018-05-22,21.127819061279297,21.225519869806316,21.072862210897156,21.16445773799106,1225100
2018-05-23,21.335432052612305,21.338485857797103,21.09728649435679,21.103394104726387,860400
2018-05-24,21.341533660888672,21.47587076941775,21.286576829872626,21.335426052236784,751900
2018-05-25,21.359853744506836,21.47587269622983,21.32321507741886,21.408705300624142,564900
2018-05-29,21.384286880493164,21.49420059020592,21.256054995618683,21.298798957243513,1025500
2018-05-30,21.52472496032715,21.591894687512553,21.329323388171687,21.39038550595634,1050000
2018-05-31,21.43313217163086,21.622428487755553,21.341538983341447,21.463665563764774,1504800
2018-06-01,21.49419593811035,21.59189673344569,21.311007238027933,21.39038753279554,560700
2018-06-04,21.555255889892578,21.665169564741877,21.40870587634049,21.555255889892578,1445200
2018-06-05,21.50029945373535,21.671277578564432,21.420919165484165,21.65295707950065,1231900
2018-06-06,21.591894149780273,21.607158514161046,21.40259786236939,21.4758728677602,815000
2018-06-07,21.543041229248047,21.65295489506015,21.396491227745422,21.628529118352954,1363200
2018-06-08,21.481983184814453,22.48341692574454,21.439239232167736,21.567471090107894,1223100
2018-06-11,21.43313217163086,21.860574038427107,21.396495828063404,21.58578981481732,988400
2018-06-12,21.726238250732422,21.762874596583657,21.427028226512117,21.433133507697015,1417400
2018-06-13,21.567468643188477,21.75676493298372,21.414811021235348,21.71402098518648,2137500
2018-06-14,21.90941619873047,21.928067041799828,21.598556165313983,21.598556165313983,1411100
2018-06-15,21.859682083129883,22.00889597429797,21.79129248183094,21.865898241577813,1459700
2018-06-18,21.84724235534668,21.86589319806287,21.685596184567505,21.822372983942564,1028800
2018-06-19,21.77264404296875,21.88455388080398,21.729123813996672,21.78507873291429,1448700
2018-06-20,21.940505981445312,22.00267705151247,21.8161614696367,21.83481231632199,1057600
2018-06-21,21.878332138061523,21.990241959467404,21.841030445375733,21.928070890541584,1004200
2018-06-22,21.990238189697266,22.052411619639,21.84102670118481,21.928067131429383,1978700
2018-06-25,22.195404052734375,22.254465838874466,21.984019161882678,21.984019161882678,1719300
2018-06-26,22.506271362304688,22.53114073911754,22.245147649118376,22.270017025931228,2454200
2018-06-27,22.058626174926758,22.611956617019835,22.058626174926758,22.531134721475542,1460100
2018-06-28,22.301101684570312,22.30732021436626,22.02754566540394,22.127020797071186,1219700
2018-06-29,22.257583618164062,22.437883052919695,22.0835027138066,22.2140633920747,1730700
2018-07-02,21.915630340576172,22.63682545691684,21.80372054910317,22.3135307672919,1401100
2018-07-03,22.120811462402344,22.25758832833903,21.915642605984893,21.95294668124487,791600
2018-07-05,22.375709533691406,22.388141849780197,22.09593498820987,22.2016262766839,602400
2018-07-06,22.40679359436035,22.46896465741426,22.344620159632406,22.413009751996128,931400
2018-07-09,22.30731964111328,22.531139274531423,22.276234107955016,22.437880303382478,1093700
2018-07-10,22.325973510742188,22.350842889307035,22.226498368157273,22.30732266265579,3264700
2018-07-11,22.344623565673828,22.4689680824098,22.282452493143037,22.319756559666146,526800
2018-07-12,22.419231414794922,22.53735739977719,22.232713456215894,22.30732158831725,875100
2018-07-13,22.481401443481445,22.5933112647669,22.400577156625452,22.41923037462253,739400
2018-07-16,22.357053756713867,22.512483778445763,22.344619070374446,22.475182091101413,523400
2018-07-17,22.394359588623047,22.51248556068834,22.207844022113708,22.400575746447917,926300
2018-07-18,22.468969345092773,22.500054883105072,22.27623758641179,22.44409996601312,1624200
2018-07-19,22.742523193359375,22.89795322380604,22.41922844542943,22.41922844542943,1600600
2018-07-20,22.661701202392578,22.767392495368064,22.47083359903379,22.73630696047376,1073700
2018-07-23,22.431665420532227,22.6492665366836,22.35705729070236,22.6492665366836,952800
2018-07-24,22.59952163696289,22.941469543162818,22.5249158990982,22.848210592076722,1669800
2018-07-25,22.779827117919922,22.81713118269,22.580876849161395,22.59331153741809,1096000
2018-07-26,22.61817741394043,22.984992359891066,22.562222511281046,22.79225827924788,1522200
2018-07-27,22.4440975189209,22.68657038099876,22.400577296113802,22.68657038099876,903700
2018-07-30,22.524917602539062,22.624392717772643,22.274985871534,22.531136131307687,1331500
2018-07-31,22.580873489379883,22.86064800434246,22.478289105281288,22.506267742614508,2269900
2018-08-01,22.027544021606445,22.596418500098743,21.797508241481193,22.381924299955145,2491100
2018-08-02,21.915630340576172,22.195404819258677,21.7912858643091,21.934281181930466,1601600
2018-08-03,21.884550094604492,21.996459913078443,21.872115406810256,21.965374379429946,1681800
2018-08-06,21.915630340576172,21.984019921106743,21.772635022954805,21.890760970988033,1836300
2018-08-07,21.635860443115234,22.00267542135276,21.5426038449238,21.92806966846479,3147900
2018-08-08,21.747766494750977,21.85967629055358,21.561250958971208,21.729115652675112,1846300
2018-08-09,21.586122512817383,21.803723597957095,21.567469297181155,21.729117850434044,1262700
2018-08-10,21.530170440673828,21.719795284807553,21.52395191075264,21.573690663425083,674000
2018-08-13,21.648296356201172,21.666947202560586,21.456185998011282,21.511517158434113,690800
2018-08-14,21.66073226928711,21.928072150037156,21.61721204420449,21.778858255700744,1383800
2018-08-15,21.778854370117188,21.82237458743533,21.56746944099736,21.654512247307615,1206400
2018-08-16,21.791292190551758,21.896985856148525,21.722902590166964,21.778857502147766,1144900
2018-08-17,22.033761978149414,22.10215157633949,21.79129149123859,21.797510021078175,931500
2018-08-20,21.9964599609375,22.179866270034626,21.984025273116206,22.114585937728485,595400
2018-08-21,22.00889778137207,22.071068857653394,21.934289643825043,21.977809871556875,720900
2018-08-22,22.05241584777832,22.061741271139095,21.92185280570458,22.046197317754935,864900
2018-08-23,22.071062088012695,22.108366145344302,21.88454654470228,22.015107187852188,1181000
2018-08-24,22.214059829711914,22.251363891095288,22.015109579015387,22.095933859508996,589200
2018-08-27,22.16433334350586,22.332195765452944,22.120813104975113,22.220288274713262,578000
2018-08-28,22.40679359436035,22.406793594360348,22.176755443378003,22.18297397268781,997700
2018-08-29,22.493837356567383,22.611963342501983,22.406796906755112,22.437882442877438,701000
2018-08-30,22.294889450073242,22.537359977954328,22.23271599954307,22.537359977954328,620500
2018-08-31,22.25136375427246,22.434770052012976,22.1954088483785,22.338404191957725,677700
2018-09-04,22.13323402404785,22.369488319847797,22.039977434526698,22.182972769131588,895800
2018-09-05,22.145671844482422,22.232712289023446,21.896985198890096,22.0835007760029,1245100
2018-09-06,22.000099182128906,22.360862540850526,22.000099182128906,22.202633971773608,747500
2018-09-07,21.82921028137207,22.076046415670017,21.72161361948205,21.943132608114595,1337900
2018-09-10,21.993770599365234,22.063391554469188,21.769086326132847,21.77857965376042,1432400
2018-09-11,21.873519897460938,22.11402560212917,21.84187224977295,21.936810364083833,855700
2018-09-12,21.82921028137207,21.917817876825087,21.772247910812858,21.911487383220788,1424800
2018-09-13,21.90516471862793,22.076051872546362,21.86086090995017,21.93680995134397,1068200
2018-09-14,21.936811447143555,22.006432412491975,21.765924281572886,21.924152870318693,1411800
2018-09-17,22.17098617553711,22.196303325867405,21.930480490528318,21.955795226482273,1961400
2018-09-18,22.019088745117188,22.208962549384765,21.90516397968136,22.15832824724599,1375300
2018-09-19,21.70896339416504,22.126686800763338,21.614027682979003,22.063396326639314,2162700
2018-09-20,21.892505645751953,21.911492302075324,21.658328031716778,21.71529041506333,1039100
2018-09-21,21.873519897460938,22.20263563552838,21.829216087949604,21.873519897460938,1184500
2018-09-24,21.670984268188477,21.968452314109975,21.5444009394846,21.89250328263812,902300
2018-09-25,21.696300506591797,21.85452907484728,21.60136481426431,21.62035146985454,1281800
2018-09-26,22.069717407226562,22.265921677772983,21.696297933848577,21.734273654902225,2448200
2018-09-27,21.90516471862793,22.145672833147554,21.772253292594645,22.050734720622927,1006200
2018-09-28,22.310224533081055,22.322883106229195,21.917818422992557,21.924146502378647,1205200
2018-10-01,22.259592056274414,22.405164452164847,22.145669717400065,22.37351680952492,1001900
2018-10-02,22.373516082763672,22.43680895161142,22.243769926783916,22.329212281758284,1119900
2018-10-03,22.297565460205078,22.550732088742045,22.107691695990304,22.411490201609123,1324300
2018-10-04,22.114025115966797,22.26592561264947,21.95579653851157,22.26592561264947,811800
2018-10-05,21.90516471862793,22.196304722617928,21.86718899074278,22.139342337978448,1138500
2018-10-08,22.09503936767578,22.14567367344392,21.854531244030305,21.879848396914376,1172400
2018-10-09,22.069717407226562,22.1773140763572,21.94946457878744,22.1519969289881,763300
2018-10-10,21.85453224182129,22.16466134286892,21.85453224182129,22.012760833005924,1141200
2018-10-11,21.55706024169922,21.981111630643326,21.436804988900658,21.898832102051088,1321800
2018-10-12,21.582378387451172,21.832379845637213,21.46845361120496,21.696303163697383,876600
2018-10-15,21.519084930419922,21.6994653987028,21.500098275140555,21.531743505398264,926800
2018-10-16,21.90516471862793,21.9557966080983,21.48744136939726,21.57604898675278,989600
2018-10-17,21.955793380737305,22.00009718290269,21.708957221708403,21.930478646911467,776600
2018-10-18,21.943140029907227,22.12668577649794,21.9114947943101,21.96212910276687,751300
2018-10-19,21.873519897460938,22.063393711706162,21.848202745061165,21.905165130772385,1146000
2018-10-22,21.55073356628418,22.145674612401855,21.54440548498315,22.12035745844436,941200
2018-10-23,21.2849063873291,21.557059701379007,21.12667782866642,21.4368044515946,2013900
2018-10-24,21.34819793701172,21.500098423423186,21.2595903259285,21.29123555640446,1651800
2018-10-25,21.61402130126953,21.720350425304257,21.272247047406957,21.4494622541315,1387100
2018-10-26,21.158321380615234,21.648830839344562,21.053889960724316,21.582372725322337,1042100
2018-10-29,21.101364135742188,21.5760498894727,21.019084595736786,21.20895841435367,1547700
2018-10-30,21.25959014892578,21.519084899670283,20.972880548486064,21.10136158348703,1447700
2018-10-31,21.322877883911133,21.512754069669157,21.13933460638824,21.341866951112532,1422000
2018-11-01,20.9494571685791,21.395662798316437,20.86718006833567,21.189965218956157,1897200
2018-11-02,21.246936798095703,21.253267294320505,20.86718911342205,20.981113901699526,1278300
2018-11-05,21.234272003173828,21.54440103921512,21.20895485444062,21.341868678101854,1006700
2018-11-06,21.329214096069336,21.462125530232317,21.18997216635004,21.34187267280533,712000
2018-11-07,21.392498016357422,21.47477753276434,21.24059997078024,21.44946038704284,930700
2018-11-08,21.506427764892578,21.57604872464802,21.322882037242135,21.392502996997575,1113300
2018-11-09,21.19630241394043,21.5633914774833,21.10136429671943,21.500101008920375,1476600
2018-11-12,20.772245407104492,21.34819727567971,20.746928257757478,21.164651564478227,1182000
2018-11-13,20.867183685302734,21.1266784323494,20.791232236623514,20.879842260082604,1060300
2018-11-14,20.981109619140625,21.01908293123093,20.81655055216129,20.91148866113986,2361500
2018-11-15,21.05072784423828,21.180476430253957,20.81022215671752,20.8545259630701,2491700
2018-11-16,21.17731285095215,21.17731285095215,20.94946330640489,21.01275618787722,1009800
2018-11-19,21.101364135742188,21.392504151913187,20.96212220871406,21.18364367574759,953500
2018-11-20,20.9874324798584,21.129837193532005,20.917811539173236,21.012749624539513,1529300
2018-11-21,21.082374572753906,21.208955491469517,21.012753618834562,21.120347882618084,1249500
2018-11-23,21.03174591064453,21.17415310393162,20.95579685618423,21.10136688322352,274100
2018-11-26,21.139339447021484,21.405162304951094,21.04440133240288,21.107691799230917,1237300
2018-11-27,21.22161293029785,21.462121008861235,21.088701524134983,21.114018672273474,1253500
2018-11-28,21.449466705322266,21.522252917117925,21.208958578874373,21.234275732053437,1277100
2018-11-29,21.715288162231445,21.772250539668487,21.27224771709625,21.462121503760994,2120000
2018-11-30,21.79123878479004,21.867187822125008,21.626679720458522,21.68997259688463,1723400
2018-12-03,21.981115341186523,21.993773918058807,21.727951046870842,21.93681152932186,1185700
2018-12-04,21.55073356628418,22.095040304486865,21.519088331025657,21.98111552605483,1400300
2018-12-06,22.0760555267334,22.101370268470614,21.322885825788426,21.455799688199058,2256700
2018-12-07,21.974782943725586,22.161491483571613,21.854527694247352,22.095035778827626,1486000
2018-12-10,21.810224533081055,21.97478359056584,21.48110883248776,21.97478359056584,1633400
2018-12-11,21.993770599365234,22.095036784686542,21.80706205101945,21.987442519072285,1714000
2018-12-12,21.89883804321289,22.20263909053228,21.86719280497705,22.20263909053228,2746100
2018-12-13,22.215179443359375,22.321704435019154,21.950482546457327,22.021499207563846,1853100
2018-12-14,22.505701065063477,22.692926360507535,22.150620221730904,22.253916511841794,2020600
2018-12-17,21.692243576049805,22.628367717822208,21.640596655358348,22.53152881798392,1390800
2018-12-18,21.853639602661133,22.008585257658932,21.647047037849163,21.74388838006999,1165400
2018-12-19,21.588943481445312,22.07314528395829,21.57925983943949,21.853640368307968,1649500
2018-12-20,21.388805389404297,21.756798511998802,21.15638816191779,21.530836224041416,4084800
2018-12-21,21.175758361816406,21.834273109528375,21.104741703321334,21.511471907480022,1770000
2018-12-24,20.34939193725586,21.227411767618346,20.34939193725586,21.12411546185677,707800
2018-12-26,20.878782272338867,20.891694616217176,20.13633973878047,20.47850823183347,1325600
2018-12-27,20.710927963256836,20.7883995683715,20.18798908748253,20.75611993813855,1079300
2018-12-28,20.80776596069336,21.00144619655443,20.665732638432264,20.904607310012803,1894500
2018-12-31,20.859420776367188,21.044062665787088,20.42686575613267,20.975629440741926,1946300
2019-01-02,20.77548599243164,20.862641235173008,20.420403923968873,20.62699773193812,1383800
2019-01-03,20.943344116210938,21.152520172435903,20.77548855061224,20.77548855061224,2047500
2019-01-04,21.285512924194336,21.530840074613348,20.9820789937345,20.9820789937345,1274400
2019-01-07,21.44691276550293,21.537296708509604,21.29842450730943,21.324246731898665,1308900
2019-01-08,21.814908981323242,21.847188613642228,21.421091063808596,21.511475019412988,1418400
2019-01-09,21.99567985534668,22.034416897014186,21.55021495867322,21.80845451478802,952800
2019-01-10,22.11188316345215,22.247459082292767,21.853641207089023,21.918202927568714,838800
2019-01-11,22.305564880371094,22.324934629190015,22.00858833477945,22.10542969054011,1481200
2019-01-14,22.292654037475586,22.42177503293052,22.18935773366727,22.208727483791304,828600
2019-01-15,22.389488220214844,22.505696832582323,22.331383914031104,22.383030817984785,1078200
2019-01-16,22.544437408447266,22.63482382433662,22.292652835414817,22.408861478780256,929300
2019-01-17,22.71229362487793,22.76394053849806,22.48633376008145,22.48633376008145,738200
2019-01-18,22.951175689697266,23.01573743791945,22.667111385856273,22.80914476916621,1619200
2019-01-22,22.944717407226562,22.989909393016074,22.751037116303145,22.834963682610233,757100
2019-01-23,23.112565994262695,23.138390681962676,22.893061074368394,22.94471044976836,751100
2019-01-24,23.177133560180664,23.31916445280376,23.0609248989937,23.112571824644355,820900
2019-01-25,23.538660049438477,23.545117451808448,23.27396319615015,23.293332940482646,1087500
2019-01-28,23.56448745727539,23.629046711773285,23.428911545163192,23.474103515867256,728700
2019-01-29,23.635507583618164,23.648419928968288,23.280426706212957,23.53866622488126,1733300
2019-01-30,23.75171661376953,23.816275878787955,23.570946238717372,23.674242540413708,1756300
2019-01-31,24.21009063720703,24.223002981080207,23.62259253625525,23.745256108883765,2757400
2019-02-01,24.384408950805664,24.436055874884843,23.97767864902701,24.332759563948173,3371900
2019-02-04,24.261735916137695,24.41022415144052,24.15198224313634,24.41022415144052,1813400
2019-02-05,24.410228729248047,24.423141073362526,24.184266401411378,24.261740466098257,960700
2019-02-06,24.377944946289062,24.41668197594502,24.177809783344077,24.39731469250587,828400
2019-02-07,24.468332290649414,24.55871623388137,24.223002685607145,24.332753913023737,1451100
2019-02-08,24.62973403930664,24.66846860947879,24.41345535047475,24.448963681651126,844600
2019-02-11,24.57808494567871,24.713660868401544,24.539347912281663,24.68138123862628,701700
2019-02-12,24.429601669311523,24.597457256101507,24.313393008157536,24.597457256101507,1429400
2019-02-13,24.274656295776367,24.500618678983603,23.848558686697455,24.500618678983603,2269500
2019-02-14,24.2165470123291,24.335984353148056,23.997042079037303,24.210092071399014,784700
2019-02-15,24.00995445251465,24.28110876468453,23.94216649016666,24.235916789785872,1209700
2019-02-19,23.89374542236328,24.009954059565935,23.809818877655275,23.97767442984917,1136000
2019-02-20,23.551576614379883,23.99704140946407,23.248142680795926,23.938939554380696,2274600
2019-02-21,23.771087646484375,23.796912341672346,23.377269664592475,23.558040068129806,1375100
2019-02-22,23.977678298950195,24.061607319979093,23.66133442879081,23.803365315018617,1317000
2019-02-25,23.855009078979492,24.113248560299873,23.777537480861152,24.029322021829042,954300
2019-02-26,23.81627082824707,23.97767141934419,23.78399120258316,23.867920199531383,951400
2019-02-27,23.687158584594727,23.764632670047707,23.43537396381873,23.764632670047707,959700
2019-02-28,23.48701286315918,23.790444275924745,23.480555460866523,23.67423566243074,1782000
2019-03-01,23.538660049438477,23.635501382768744,23.312700222037737,23.499925486328298,1237800
2019-03-04,23.428911209106445,23.661328462409465,23.344982209240875,23.609679089329834,1008000
2019-03-05,23.499929428100586,23.577401030093093,23.312704132405695,23.441825110911754,1051400
2019-03-06,23.44182586669922,23.649708949479624,23.41600117760983,23.53866475661757,964100
2019-03-07,23.402347564697266,23.54709159269065,23.290501731996873,23.474719578693957,2647100
2019-03-08,23.593149185180664,23.61946674099543,23.28392417880783,23.33655929043736,857500
2019-03-11,23.948427200317383,23.972769557583874,23.658939123552113,23.658939123552113,1170100
2019-03-12,24.231338500976562,24.29054924273214,23.941850378008812,23.994485494832222,1830000
2019-03-13,24.3037052154541,24.376077237838842,24.17870059210424,24.23791383680264,1670800
2019-03-14,24.336599349975586,24.38923194215026,24.27080547253249,24.343177482829994,1167400
2019-03-15,24.369497299194336,24.49450191328694,24.244490175321697,24.34317974577062,1569700
2019-03-18,24.257644653320312,24.494497572600835,24.139218193680055,24.395810529420345,1435800
2019-03-19,24.297121047973633,24.34975363586889,24.19843149472308,24.277384141235363,1065700
2019-03-20,24.257644653320312,24.362912338580593,24.053689924879546,24.297120976460263,2304200
2019-03-21,24.737934112548828,24.78727889997652,24.020797063302773,24.27738945597075,1098700
2019-03-22,24.57345199584961,24.797146179772774,24.566873862401877,24.731354806175382,1300500
2019-03-25,24.57345199584961,24.645824012674755,24.395814785180644,24.593191415752845,1167400
2019-03-26,24.85635757446289,24.862938217202064,24.580030814133686,24.580030814133686,1389900
2019-03-27,24.82345962524414,24.968203634941652,24.71819193904039,24.88925349773374,893600
2019-03-28,25.310325622558594,25.31690375527641,24.86951543707236,24.86951543707236,844000
2019-03-29,25.37611961364746,25.47480918308097,25.251115000841022,25.30374759736689,1545400
2019-04-01,25.49454689025879,25.54718199821054,25.336644076183628,25.402437961123315,1391200
2019-04-02,25.455068588256836,25.51428182522751,25.172161179372498,25.48796678306935,2062500
2019-04-03,25.593231201171875,25.63928565627147,25.415591513025056,25.481382874658884,874200
2019-04-04,25.626127243041992,25.65902292432238,25.501120140485064,25.65902292432238,817400
2019-04-05,25.836660385131836,25.843238516908347,25.59322935293081,25.645861936481044,1960200
2019-04-08,25.69192123413086,25.856402167140377,25.649157095069135,25.816928349477205,1081100
2019-04-09,25.659029006958008,25.711664117307805,25.573498207529692,25.67876591844908,1623600
2019-04-10,25.816932678222656,25.8958828365665,25.652451717634484,25.66560798587489,1869800
2019-04-11,25.83008575439453,25.92877532246354,25.698503010009148,25.836666397481785,2409600
2019-04-12,26.007726669311523,26.073520554315525,25.735347765713225,25.849826364862093,1558600
2019-04-15,26.191946029663086,26.310372508333092,25.955093072323077,26.24457862586087,1670800
2019-04-16,26.086685180664062,26.290639995458495,25.905755093558696,26.185372265628278,2265300
2019-04-17,25.97483253479004,26.132735358460902,25.88930173406081,26.11957658067331,1232700
2019-04-18,26.211685180664062,26.231422092203275,26.027467313550844,26.027467313550844,1673100
2019-04-22,25.909038543701172,26.191945963163462,25.70508127322511,26.172206543581915,1232100
2019-04-23,26.034040451049805,26.185362599962705,25.84324197685452,25.961668442921958,913400
2019-04-24,26.211685180664062,26.284057202681453,25.974832203072665,26.053782359009727,1862500
2019-04-25,26.205108642578125,26.300505394013918,26.001151341724935,26.152473528894582,715400
2019-04-26,26.290630340576172,26.31694789081412,26.17220387428513,26.270893432787574,574800
2019-04-29,26.264314651489258,26.363004216985075,26.205103923927656,26.316949755695003,769600
2019-04-30,26.56696319580078,26.705126588588364,26.152470507657974,26.218261882381565,1239200
2019-05-01,26.461698532104492,26.770921040586074,26.44853975369118,26.547226827120486,837100
2019-05-02,26.42879867553711,26.652492874989274,26.27089836402981,26.51432947497534,823200
2019-05-03,26.63275146484375,26.652488373003266,26.31694838539261,26.48800744559456,620400
2019-05-06,26.672231674194336,26.744603694355686,26.44195683642821,26.44195683642821,829900
2019-05-07,25.876142501831055,26.606435762032415,25.72481782949875,26.01430588810321,1936600
2019-05-08,25.928775787353516,26.191946300402744,25.86956254740644,25.95509334061444,1013900
2019-05-09,26.073518753051758,26.11299257154706,25.606390986024714,25.84982457905202,687400
2019-05-10,26.316951751708984,26.36958685990685,25.935354746614756,25.98798985481262,539200
2019-05-13,26.132740020751953,26.208399869303634,25.82022463954692,26.09984181552355,877500
2019-05-14,26.007726669311523,26.27089718976736,25.974830981699565,26.1722076171514,1240600
2019-05-15,26.014305114746094,26.08535949281091,25.856402313857828,25.98798756296807,1195900
2019-05-16,26.224842071533203,26.26431589177168,25.889299540825984,26.020884797774308,865800
2019-05-17,26.178787231445312,26.26431551391824,25.961671184137135,26.172206588313554,1227700
2019-05-20,25.599811553955078,26.047199879254435,25.47480695209606,26.047199879254435,1114500
2019-05-21,25.836660385131836,25.9682456086765,25.612966258039723,25.619544389816234,889500
2019-05-22,26.00115203857422,26.034047730617882,25.626135627759528,25.751140261437616,444500
2019-05-23,26.027469635009766,26.05378468281576,25.790616636292825,25.862988664765272,581600
2019-05-24,26.323524475097656,26.363000798132525,26.047197743192296,26.1129891051375,614900
2019-05-28,26.15904426574707,26.50774552084106,26.15904426574707,26.468269196741836,1746700
2019-05-29,25.994564056396484,26.16562562238393,25.89916732933315,26.112990522147882,733300
2019-05-30,26.119571685791016,26.244576286676562,26.0077233504473,26.066936584504617,910300
2019-05-31,25.98141098022461,26.25115962759557,25.948512783649104,25.9748303369975,655400
2019-06-03,25.836660385131836,26.1524634157714,25.606385616483827,26.040617607115035,1197600
2019-06-04,25.803773880004883,26.014309308610528,25.547183983253017,25.974832974579364,1107300
2019-06-05,26.15904426574707,26.165624907986764,25.65244524359515,25.889295658851523,725800
2019-06-06,26.132740020751953,26.31695792308372,25.96825903373268,26.303799142948495,934000
2019-06-07,26.086685180664062,26.336694470397926,26.073526400712705,26.20511169044564,693700
2019-06-10,26.224842071533203,26.29063344511735,25.84324507736108,26.119574367930554,776300
2019-06-11,26.5340633392334,26.580117796259547,26.185362080604403,26.395897458375277,867500
2019-06-12,26.57354164123535,26.678809347896586,26.507750265739617,26.547224087125016,671400
2019-06-13,26.540081024169922,26.75422166615226,26.35939937885523,26.70737856026599,1161100
2019-06-14,26.62038230895996,26.728124001946437,26.446393999978312,26.566848426487812,609800
2019-06-17,26.83452033996582,26.854597777607296,26.546768410427024,26.653841270494937,599700
2019-06-18,26.881372451782227,27.105553136758594,26.687309209743624,26.94159967938272,505200
2019-06-19,26.95498275756836,27.065399762727466,26.680614854079757,26.867989862071706,947100
2019-06-20,27.256120681762695,27.316347911025705,26.94829375564438,27.14905033560161,821000
2019-06-21,26.961673736572266,27.26280983674312,26.921521405630145,27.202582616708952,1483200
2019-06-24,26.60700225830078,27.0687451479323,26.479857034373993,27.0687451479323,740900
2019-06-25,26.138568878173828,26.620384063205016,26.111800658794902,26.613693284739238,913600
2019-06-26,25.723670959472656,26.24229439748044,25.65006218009977,26.151954841620302,1388600
2019-06-27,25.89765739440918,26.031495925032324,25.670132658177128,25.757128085995816,1032200
2019-06-28,26.085031509399414,26.21887004876437,25.93981788122082,26.004729406883566,2722500
2019-07-01,26.085031509399414,26.392858363008344,25.874237533011133,26.38616758478111,1321900
2019-07-02,26.366092681884766,26.412935787721366,26.091724825088466,26.118490490739514,1135000
2019-07-03,26.680606842041016,26.70737505696698,26.46646622814824,26.493234443074204,664600
2019-07-05,26.68730354309082,26.714069208640147,26.185410937242303,26.52669678600586,651100
2019-07-08,26.660541534423828,26.680616426451014,26.486553180418607,26.58693019331294,530800
2019-07-09,26.78767967224121,26.847906885118974,26.486546160610125,26.680609355209384,1106600
2019-07-10,26.747526168823242,26.941589336359943,26.66722152767975,26.881362131881005,1260800
2019-07-11,26.3259334564209,26.881359802705482,26.259015480690227,26.787673615579685,915300
2019-07-12,26.29248046875,26.43300978150883,26.198794260244117,26.359398459751997,1350700
2019-07-15,26.21217918395996,26.40624495665999,26.180729204747834,26.372785956860206,914700
2019-07-16,26.02480697631836,26.26236919561325,25.97127308671011,26.21217941908434,804400
2019-07-17,25.837434768676758,26.205488878641315,25.68017465874219,26.07165032426563,714100
2019-07-18,25.777206420898438,25.857508528913016,25.569756543039624,25.716979201698006,663700
2019-07-19,25.201702117919922,25.770512750747322,25.168243119416772,25.770512750747322,779100
2019-07-22,25.19501304626465,25.265277713709022,24.98756315707783,25.154860713685807,615400
2019-07-23,25.201702117919922,25.28869755623447,25.07455690250477,25.255238557731325,1612600
2019-07-24,24.97417640686035,25.29538737527,24.90056508129104,25.20839194025556,1369900
2019-07-25,24.813575744628906,24.96748919610375,24.66635307245374,24.954105084746168,2639000
2019-07-26,25.02101707458496,25.07856899486488,24.726574353766747,24.92064009266761,2812100
2019-07-29,25.10801887512207,25.348927777293795,25.07455987265561,25.10801887512207,1014700
2019-07-30,25.29538917541504,25.449302615850538,25.02771462573688,25.02771462573688,1326400
2019-07-31,25.23516082763672,25.542987694755706,25.154858721596533,25.308772155156024,2736800
2019-08-01,25.054475784301758,25.38907082574533,24.98086701950054,25.295384622582343,2902800
2019-08-02,25.315467834472656,25.328849392755572,24.83365004802655,25.174935944920435,2597900
2019-08-05,24.780113220214844,25.18162888695636,24.478979661106358,25.12140166458304,703000
2019-08-06,25.041093826293945,25.10801437198288,24.75334441448383,24.75334441448383,834300
2019-08-07,25.174928665161133,25.382378497172926,24.57265915901814,24.920638287187554,1051300
2019-08-08,25.29538917541504,25.35561639582528,24.760037523300685,24.773421633698298,1719300
2019-08-09,25.248546600341797,25.41182866623927,24.9741787132728,25.241855821380256,654300
2019-08-12,25.322154998779297,25.422534540878726,25.09463024907735,25.154857463785447,788100
2019-08-13,25.583141326904297,25.67013676865329,25.268621112490447,25.369000664720673,1039700
2019-08-14,25.02101707458496,25.576446075006547,24.960789864331506,25.48945064847209,956900
2019-08-15,24.800186157226562,25.27196385280809,24.733265615215156,25.087938105981458,1449600
2019-08-16,25.06786346435547,25.094631684147135,24.733268375233507,24.773420704921005,935800
2019-08-19,25.25524139404297,25.34223428936938,25.128093611590426,25.26193217339183,625100
2019-08-20,25.087942123413086,25.268621233882598,25.014330791791696,25.22847145500407,704400
2019-08-21,25.22846794128418,25.33219159261825,25.087938629265555,25.241852049965626,1558600
2019-08-22,25.710285186767578,25.743746737578924,25.228469998730787,25.268619775291732,1541100
2019-08-23,25.496145248413086,25.86085522983376,25.2953887017244,25.609908908283405,1353300
2019-08-26,25.790590286254883,25.80397439625662,25.54968141173957,25.616599408990286,841000
2019-08-27,25.8441219329834,26.09506823005508,25.8441219329834,25.91773325523233,1239900
2019-08-28,25.80397605895996,26.06495983891563,25.723671393775042,25.884278171386754,642700
2019-08-29,26.018110275268555,26.111796475327086,25.817353767606345,25.957883067694144,619700
2019-08-30,26.17871856689453,26.265714003206025,25.971271249296684,26.158643678806456,889500
2019-09-03,26.3259334564209,26.52668993637006,25.90434306159766,26.058256447983922,685500
2019-09-04,26.38616180419922,26.542081664486165,26.31255049603709,26.47984799540292,860600
2019-09-05,26.35211944580078,26.501923006693332,26.16145635389889,26.38616559156934,1155000
2019-09-06,26.63810920715332,26.658538971906264,26.320114009337672,26.42021076518696,636800
2019-09-09,26.71982765197754,26.77430097303102,26.3044578640313,26.352122994036137,1061300
2019-09-10,26.37936019897461,26.76068122810874,26.14784274661973,26.713016099466973,703500
2019-09-11,26.365739822387695,26.440642905584976,26.147841360843547,26.406594160455626,995400
2019-09-12,26.202316284179688,26.549593764379505,26.188697304803743,26.549593764379505,648900
2019-09-13,25.773326873779297,26.40659511220203,25.732472534238894,26.24998074966964,2202000
2019-09-16,25.95718002319336,26.011655941059526,25.60990513823813,25.773327696727158,1032400
2019-09-17,26.188695907592773,26.219339258942455,25.950370275115592,26.038892337559076,746100
2019-09-18,26.399784088134766,26.461068188422768,26.154647686982756,26.222739977278593,813000
2019-09-19,26.42021942138672,26.610882568741026,26.386173265716184,26.597263586961777,513600
2019-09-20,26.413408279418945,26.55640367579853,26.29084005464933,26.461073411545474,1576200
2019-09-23,26.38616180419922,26.549586917007073,26.338496687454022,26.338496687454022,568400
2019-09-24,26.229549407958984,26.495112962950994,26.141027357110236,26.4474478426988,1341700
2019-09-25,26.11379051208496,26.284023833800127,25.977605932756305,26.229550521579533,560200
2019-09-26,26.324886322021484,26.508738659982583,26.11379602342432,26.229556057350152,673500
2019-09-27,25.950376510620117,26.37936534971351,25.81418928895735,26.37936534971351,891100
2019-09-30,26.038894653320312,26.120605934928804,25.848231532827423,25.963991562864692,885500
2019-10-01,25.752906799316406,26.171682077866873,25.74609860670213,26.00485148693043,563800
2019-10-02,25.81077766418457,25.88908614194492,25.555427659283485,25.71885280534419,569700
2019-10-03,26.25678825378418,26.338499520199253,25.75970727029814,25.882272871143584,846400
2019-10-04,26.3385009765625,26.345309166825906,26.07974558812708,26.21593277138543,763800
2019-10-07,26.324886322021484,26.505333265514352,26.175080136078023,26.33850530233952,519600
2019-10-08,26.290842056274414,26.406599500950517,26.0797517425323,26.222747149798693,477900
2019-10-09,26.263595581054688,26.481494016040983,26.229549437629498,26.365736608884493,375600
2019-10-10,26.297639846801758,26.37935370225285,26.175071661179178,26.249974729898984,389900
2019-10-11,26.27041244506836,26.478094747268756,26.222744716181644,26.41340783906398,598700
2019-10-14,26.106983184814453,26.228190269780796,25.94355804764379,26.18869445462257,407900
2019-10-15,26.195507049560547,26.31807526150585,26.03889268930924,26.106984985921247,803900
2019-10-16,26.35211944580078,26.46787686092477,26.154648163766943,26.209124075040176,685400
2019-10-17,26.42021942138672,26.454265577057253,26.290842990816618,26.39298145782822,543200
2019-10-18,26.399784088134766,26.467876378430603,26.236358954848633,26.447449210852724,654900
2019-10-21,26.57682228088379,26.590441256752253,26.338496697070784,26.345304886227993,312800
2019-10-22,26.542783737182617,26.66943791121221,26.481499627010542,26.658543766420884,444700
2019-10-23,26.644922256469727,26.665349425402407,26.45425915539808,26.56320838562993,513500
2019-10-24,26.753870010375977,26.821962301430474,26.61768283071257,26.821962301430474,745400
2019-10-25,26.78111457824707,26.838993299689463,26.542786305602753,26.74706582675857,460300
2019-10-28,26.84920310974121,26.985390303875207,26.67896976646238,26.80153798142751,850800
2019-10-29,27.039859771728516,27.067097726186766,26.801534164104567,26.801534164104567,575900
2019-10-30,27.28499984741211,27.325856784610973,27.053482398394536,27.094339335593396,754500
2019-10-31,27.482473373413086,27.48928156472031,27.148814853151872,27.305429228766773,555000
2019-11-01,28.04764175415039,28.054452541795975,26.55639875895919,26.56320694905037,1309500
2019-11-04,28.755809783935547,28.78304773635222,27.96252195329019,28.122541676795507,1169600
2019-11-05,28.129356384277344,28.71495685753071,28.05785869738399,28.62643739617006,1168800
2019-11-06,28.531108856201172,28.544725237568933,28.22809371845316,28.25192628217869,650600
2019-11-07,28.27916717529297,28.633252903888234,28.10212560977291,28.626444711872328,842500
2019-11-08,28.612817764282227,28.619625954402682,28.156591099579018,28.238304966351016,846200
2019-11-11,28.960102081298828,28.994150835703863,28.585589160840822,28.74220356039398,812600
2019-11-12,28.633249282836914,29.17799548964886,28.626441091681993,29.062238057131548,905800
2019-11-13,28.922645568847656,29.150760235482228,28.64006017766228,28.64006017766228,958400
2019-11-14,28.82391357421875,29.086071803986442,28.72858071129377,29.01457410495889,870800
2019-11-15,29.021381378173828,29.06223831813471,28.769436742302158,28.87157779342694,585300
2019-11-18,29.137136459350586,29.361843097074264,29.021376447904625,29.021376447904625,694700
2019-11-19,29.137136459350586,29.22565591789553,29.021376447904625,29.205228750162757,1095300
2019-11-20,28.973718643188477,29.212046916338306,28.89881554584296,29.212046916338306,1116800
2019-11-21,28.74901008605957,28.938309495425877,28.69453416513594,28.871578310582848,1080800
2019-11-22,28.67410659790039,28.810293800775366,28.265544989275465,28.783055840689403,639600
2019-11-25,28.599205017089844,28.830722494939913,28.367687539239775,28.721773246396058,896700
2019-11-26,28.78304672241211,28.851139003500997,28.619621611223156,28.680905703224763,678400
2019-11-27,28.89200782775879,28.919245790431923,28.68432290809753,28.81029653729447,573900
2019-11-29,28.73538589477539,28.98733048947077,28.694528961491923,28.78985920826561,413700
2019-12-02,28.224693298339844,28.823915488752238,28.18383635437249,28.796677526107338,1173000
2019-12-03,28.60601043701172,28.63256783655837,28.17702427356011,28.285973511547702,1069300
2019-12-04,28.53792381286621,28.762633122029488,28.391523001683993,28.49025867411435,1257700
2019-12-05,28.74220085144043,28.742200851440426,28.40854490918239,28.51068337010515,928900
2019-12-06,29.01456642150879,29.069039731200025,28.6877187706987,28.87837925094936,768600
2019-12-09,29.137136459350586,29.1507554370239,28.892000056339747,28.96690313476577,606000
2019-12-10,29.26651954650879,29.327803661282076,29.007764106626574,29.26651954650879,911200
2019-12-11,29.00775718688965,29.361842810273966,28.926045919202306,29.28013154258662,1333500
2019-12-12,28.3916072845459,29.236225596238988,28.16868462998824,28.82084101331331,1460100
2019-12-13,28.481605529785156,28.53699154406724,28.080067490042097,28.38468264574202,1083800
2019-12-16,28.924686431884766,29.042380405396717,28.43314738245154,28.530070277725603,971500
2019-12-17,28.827768325805664,29.146230074884294,28.79315337759299,28.98699920034498,941300
2019-12-18,29.14621925354004,29.250066700573072,28.6685268072787,28.84852605572564,749500
2019-12-19,29.65161895751953,29.921619256401982,29.450848556470568,29.63777244976257,1445400
2019-12-20,29.790069580078125,29.82468715928657,29.592761526962324,29.796994152300016,1345100
2019-12-23,29.571990966796875,29.883530670628318,29.540835675938574,29.852375379770017,680400
2019-12-24,29.54084014892578,29.66545604932733,29.502765562478757,29.63084110831595,221200
2019-12-26,29.571990966796875,29.651607695923367,29.457759301900293,29.540835675938574,378700
2019-12-27,29.665456771850586,29.734689296510272,29.478535557646374,29.706996286646397,481800
2019-12-30,29.67930030822754,29.734686322415524,29.48545454047063,29.53391598240986,1603900
2019-12-31,29.803918838500977,29.86622678950491,29.623919558351133,29.623919558351133,595200
2020-01-02,29.58238410949707,29.880077400655136,29.25007587212435,29.880077400655136,776700
2020-01-03,29.93545150756836,29.96729608338738,29.42314152835081,29.506217894376608,837300
2020-01-06,30.108524322509766,30.28852352889219,29.79352241015345,29.824677693362705,1181600
2020-01-07,30.039302825927734,30.091226556321963,29.648148986732394,29.942379937698846,1856100
2020-01-08,30.115453720092773,30.233145030193306,29.911223749877035,29.956222902394828,972400
2020-01-09,30.3300724029541,30.66238056120694,30.108533630785544,30.2400714514636,1185100
2020-01-10,30.295461654663086,30.496232037505003,30.212385256606495,30.42700214594969,794700
2020-01-13,30.579301834106445,30.60699484113064,30.170841864776868,30.350841128533116,801000
2020-01-14,30.541227340698242,30.696995884005286,30.340457000606555,30.572379992979446,658200
2020-01-15,30.96699333190918,31.19545665867803,30.59314569226031,30.61391676620766,877500
2020-01-16,31.306228637695312,31.349152006152917,31.0016108433574,31.070843360684428,682200
2020-01-17,31.53469467163086,31.770079988420143,31.257772478376435,31.368541883868396,1105100
2020-01-21,31.742380142211914,31.908535535149646,31.500072945167698,31.527765950815716,632100
2020-01-22,31.811613082885742,32.03315184913969,31.72161213379807,31.89468945999337,775200
2020-01-23,32.088539123535156,32.206233092958676,31.638539605258885,31.867000330332832,806000
2020-01-24,31.97777557373047,32.510854217638425,31.87393073096474,32.22008548875293,863000
2020-01-27,31.825462341308594,32.081616066789024,31.735461384428742,31.78392282868313,787200
2020-01-28,32.05738067626953,32.09545789706018,31.79430241652061,31.894687576700463,870500
2020-01-29,32.44853973388672,32.48315467451816,32.01930865996527,32.22007901295862,1172700
2020-01-30,32.9193115234375,32.92623609638711,32.39315754015118,32.53854188068349,1241600
2020-01-31,32.7150764465332,33.09238374432728,32.649306218460694,32.92623099260249,1171600
2020-02-03,33.00239181518555,33.27239473218544,32.74623804572272,32.794699498298094,982300
2020-02-04,32.86392593383789,33.30007892609481,32.80853991777,33.12007965577538,1122400
2020-02-05,32.898536682128906,33.05776749661217,32.61468998831957,32.96776655244327,775700
2020-02-06,33.18931198120117,33.38316041077621,32.91931173534575,32.99546619257693,863900
2020-02-07,32.960845947265625,33.272385658108945,32.863923068547784,33.272385658108945,526500
2020-02-10,33.570072174072266,33.570072174072266,32.926224446994866,33.00930080634199,755300
2020-02-11,33.66006851196289,33.73622293734613,33.51468423129472,33.715454508950586,664400
2020-02-12,33.89546585083008,34.10315813198222,33.549311168592965,33.667005133847915,664000
2020-02-13,33.88854217529297,34.01315806576162,33.77431050220495,33.88161760307221,537700
2020-02-14,34.31085968017578,34.366243066734995,33.92316541045672,34.0547032643671,655000
2020-02-18,34.2970085144043,34.359316466413986,34.13777766836861,34.29008394143056,814300
2020-02-19,33.86777877807617,34.32470557402258,33.82624189913639,34.269319547501404,964500
2020-02-20,34.43546676635742,34.49085013870747,33.874695265966785,33.94392514164196,723200
2020-02-21,34.82316207885742,35.30085725214469,34.37316255617974,35.148548339971846,1398000
2020-02-24,33.75700378417969,34.92700831194092,33.19623488360837,34.56008254928796,1721300
2020-02-25,33.140846252441406,34.179310227537734,32.99546192975603,33.95777145745989,1193600
2020-02-26,32.08161926269531,33.57700753382127,32.04007974593176,33.21700631138991,1338300
2020-02-27,30.883926391601562,31.777006256545576,29.921616634889475,31.34085054374367,2343000
2020-02-28,30.92545509338379,30.92545509338379,29.333144235176018,30.094686048023483,1953300
2020-03-02,31.6108455657959,31.700846522898665,30.2746882772998,31.216229438203854,2411800
2020-03-03,31.008541107177734,32.339852420855166,30.835463743517604,31.638542605262582,2344900
2020-03-04,32.39314651489258,32.413914944771136,31.098526472831814,31.53468198693062,1790500
2020-03-05,30.924253463745117,32.090941100816714,30.82585854078471,31.851980853172627,1868700
2020-03-06,30.769628524780273,30.82585572193632,29.532659679010855,30.23548355709947,2502400
2020-03-09,27.543676376342773,28.956354362974764,27.52259251062211,28.90012714630466,1902000
2020-03-10,29.975440979003906,30.26359867625616,27.59989540100945,28.3097463738785,1652900
2020-03-11,27.8037166595459,29.385070560261752,27.41716133896686,29.082856044751207,2382400
2020-03-12,23.242385864257812,25.842834797547233,23.059652832237862,25.842834797547233,2929000
2020-03-13,23.32672691345215,25.259492856996697,20.61382726425572,24.641009685426155,4118700
2020-03-16,13.740208625793457,20.431093409019137,13.360684363918722,20.156992478746808,6261000
2020-03-17,13.3817720413208,14.710109214345056,12.215082755487565,14.386809418371099,8147700
2020-03-18,10.640754699707031,12.805451712406391,9.565433588227773,12.678944529170844,6524500
2020-03-19,12.320505142211914,12.693001002446973,9.164824888275389,10.581015482630542,5856300
2020-03-20,13.445021629333496,15.560521888456002,13.445021629333496,13.915913731404357,3961100
2020-03-23,13.873743057250977,14.478172015479924,12.51729277128889,13.297427697325771,3940800
2020-03-24,15.595660209655762,17.247296377294084,14.72415887459592,15.2934457667459,3834500
2020-03-25,18.9340763092041,20.128876139167883,16.37579639247524,16.64287022612929,5681100
2020-03-26,19.383886337280273,20.747365305752393,18.856768324474757,19.41199994141784,3333800
2020-03-27,18.807571411132812,19.679073057082825,17.43003560006117,18.413990325339686,2304700
2020-03-30,19.46822166442871,19.847745855773145,15.771367960806263,18.807566853682307,4178300
2020-03-31,19.475252151489258,20.782505204009883,18.529954365974834,19.25737708957928,3186500
2020-04-01,17.64088249206543,18.74431594656926,17.233244629754516,18.364790346902005,2150500
2020-04-02,17.240270614624023,18.57563574606397,16.63584163638618,17.40191978863129,2329000
2020-04-03,16.01736068725586,17.05753995591142,15.419959978727162,17.05753995591142,2250700
2020-04-06,18.045007705688477,18.06960644122954,16.69207188880785,17.29650102617235,3019000
2020-04-07,17.373807907104492,20.0304829735566,17.275412981116375,19.819636320573398,2852000
2020-04-08,18.575637817382812,18.884880740793175,17.408950129664564,18.062576638916546,2387200
2020-04-09,19.988309860229492,21.00037519807981,19.04019987077992,19.468220393146126,2586300
2020-04-13,19.454172134399414,19.9953470362689,18.752050442401927,19.868838478374148,1627800
2020-04-14,20.03048324584961,20.543544424805493,19.64393059661553,19.80557978880212,1820000
2020-04-15,18.357763290405273,19.510394210169775,18.19611275318214,19.30657460870731,1567900
2020-04-16,17.651424407958984,18.87082446372175,17.415979013963614,18.287480603660992,2339900
2020-04-17,18.56861114501953,19.07464396999127,18.308565661021955,18.688091285148612,2913300
2020-04-20,18.505355834960938,18.8919084980925,17.69008010358752,18.03446370213919,1784100
2020-04-21,17.444091796875,18.280452748110637,17.324611660984196,17.598713937751583,1782000
2020-04-22,17.4932918548584,18.175032106743892,17.233247682091648,17.81659164597052,4127500
2020-04-23,17.50734519958496,17.876327520241812,17.141876408987734,17.70413639618278,3675700
2020-04-24,17.577621459960938,17.788468040491463,17.27540704481195,17.7041299444912,1522400
2020-04-27,18.737287521362305,19.032473651653213,17.654939270649233,17.774419402922465,1870300
2020-04-28,19.201147079467773,19.8126044096282,18.78648090694601,19.622841651247715,1427100
2020-04-29,20.262413024902344,20.41000674128051,19.693126040084167,19.826661616176075,1962500
2020-04-30,19.847747802734375,20.086708048348726,19.29954464976081,19.798550341672055,1970000
2020-05-01,18.561574935913086,19.383878768424548,17.96417448656204,19.123833393814124,2558400
2020-05-04,17.995803833007812,18.336673819292276,17.535455082614643,18.294504764869785,1847000
2020-05-05,18.062576293945312,18.62483492528908,17.690079112848615,18.25936614465047,1336600
2020-05-06,17.96417808532715,18.456155339945827,17.84469797152148,18.428041741153823,1678600
2020-05-07,19.27143096923828,19.32765682638474,18.16799768490769,18.16799768490769,3067400
2020-05-08,19.608789443969727,19.861806514385595,19.137897307657084,19.77043864316635,2651700
2020-05-11,20.11482048034668,20.46623242811945,19.215205411457518,19.29954352822607,4628800
2020-05-12,18.893817901611328,20.079533975494964,18.886759907579314,19.804277592945375,4792600
2020-05-13,18.27978515625,19.112609572490154,17.997472137060456,18.498577577850064,3063900
2020-05-14,18.85852813720703,19.027915957299268,17.55988683699183,17.65869740834335,3420000
2020-05-15,19.02791404724121,19.36669099959334,18.0680498297382,18.371536815087712,2433300
2020-05-18,20.997051239013672,21.222901658801668,20.0054253093214,20.051301596520425,3185300
2020-05-19,21.97456169128418,22.189825798323707,20.884126514153,20.884126514153,3409600
2020-05-20,23.093225479125977,23.68608343152539,22.25687147895656,22.345094372513916,4005600
2020-05-21,23.679025650024414,24.014274283005776,22.754451387824563,22.754451387824563,2896300
2020-05-22,24.067211151123047,24.11661577022082,23.220273285247018,23.46729638073589,3041400
2020-05-26,24.95648765563965,25.641098036651524,24.642414431687474,25.295263177239235,3882100
2020-05-27,25.330562591552734,25.761090841877873,24.373521132974517,25.485835781466633,1808700
2020-05-28,24.10249900817871,25.591699400629032,23.813127984048148,25.563470116880495,2017100
2020-05-29,24.377750396728516,24.660062038418864,23.456703180052607,23.855469686460378,2034500
2020-06-01,25.556407928466797,25.61992852143325,24.18718954850554,24.384807974468224,1503500
2020-06-02,25.231754302978516,25.874017032087615,24.970615222092338,25.690514549063487,3011500
2020-06-03,26.989151000976562,27.010323635619624,25.379963459372004,25.7257984151879,3822400
2020-06-04,28.016061782836914,28.026648099257777,26.339826810024622,26.339826810024622,2861700
2020-06-05,28.146635055541992,30.08047953545465,27.906668657412396,29.304119084514404,2960900
2020-06-08,28.520700454711914,29.381756864052264,28.23838608341526,28.944169319307512,1619200
2020-06-09,27.130308151245117,27.850207415609603,26.819764479153385,27.596125005557486,3585900
2020-06-10,26.286895751953125,27.08090188885841,25.224693925073602,27.073845241164086,2034700
2020-06-11,25.42936897277832,25.66933537921424,24.349521489991368,24.71652909350215,2314800
2020-06-12,27.017379760742188,27.0597277215589,25.902243716060948,26.671547503961303,2720600
2020-06-15,27.19382667541504,27.63141421143885,25.61287376623978,25.86977773896723,3437600
2020-06-16,27.130308151245117,28.407776849629574,26.653904978572168,28.37248822431112,2218200
2020-06-17,27.073850631713867,27.356162365635914,26.756247575245396,27.356162365635914,2634300
2020-06-18,26.579795837402344,27.08090127517421,26.304540813622005,26.58685248493676,1045600
2020-06-19,26.81976318359375,27.373802920613485,26.43863958692619,27.363216602764286,3578200
2020-06-22,25.782257080078125,26.61508139541467,25.514061427060525,26.61508139541467,1528600
2020-06-23,26.064577102661133,26.417468747492883,25.74697408384264,26.022229136035474,1360200
2020-06-24,25.309391021728516,25.76814857765493,24.074270175823134,25.499952846750176,1265400
2020-06-25,25.069419860839844,25.40113883001397,24.540082455059483,25.055303873603787,1505300
2020-06-26,24.067211151123047,25.097656888011894,23.820188055634173,24.93532704064066,1942200
2020-06-29,24.377750396728516,24.660062038418864,23.622562649374565,24.166015992373495,1618100
2020-06-30,24.42009735107422,24.815336907594148,24.151901676772436,24.42009735107422,1593800
2020-07-01,24.702409744262695,25.221160779668054,24.490675342067387,24.64594580109115,1388600
2020-07-02,24.554197311401367,25.365846347472853,24.44832875818158,25.18234390655426,742800
2020-07-06,24.377750396728516,25.238804000085462,24.116608695419934,25.238804000085462,890900
2020-07-07,23.62962532043457,24.180135450577495,23.509643447905866,24.038980939920126,900700
2020-07-08,23.516695022583008,23.9754551602874,23.33319258291073,23.65079285571471,1026900
2020-07-09,23.14263343811035,23.827241360535915,22.53565941169327,23.784896088594824,932400
2020-07-10,23.269672393798828,23.6155046455859,22.916780802469635,23.32613364838993,820700
2020-07-13,23.043821334838867,23.756661144400617,22.719159033871513,23.530810747766253,934200
2020-07-14,23.163803100585938,23.304960271084845,22.7262182951535,23.304960271084845,616200
2020-07-15,24.483617782592773,24.59301600735203,23.73548932763489,23.76371860892352,1262500
2020-07-16,24.257766723632812,24.363635275743352,23.629620135061373,24.321287316429313,1145000
2020-07-17,24.427154541015625,24.56125236636536,23.8201806189134,24.123667579964515,805800
2020-07-20,24.046031951904297,24.63183326474411,23.770776951355113,24.27188234683435,536800
2020-07-21,24.201309204101562,24.69535803625932,23.643739769347103,24.589489467814968,836600
2020-07-22,24.850622177124023,24.935318087179933,23.862527457611353,24.088377833062754,647000
2020-07-23,24.180131912231445,24.681240044195512,23.85194260751347,24.46950292449412,706700
2020-07-24,23.763713836669922,24.194241924965407,23.657847995311972,24.024855501853228,605300
2020-07-27,24.250717163085938,24.264833153648897,23.5378744475809,23.791956893014383,704400
2020-07-28,24.427154541015625,24.58242769104614,23.35436386117083,23.35436386117083,885600
2020-07-29,24.921201705932617,25.3305544952989,24.5612508247902,24.72358061129311,1084700
2020-07-30,24.95648765563965,25.083528812783058,24.568307538745238,24.71652132462971,762000
2020-07-31,25.556407928466797,25.66933312792392,24.215421521457102,25.31644154307677,1211300
2020-08-03,25.57758331298828,25.76108575289584,25.02001396148784,25.443482787335515,825100
2020-08-04,26.142210006713867,26.198671261898653,25.683449856222417,25.74697045102355,1227600
2020-08-05,26.113983154296875,26.876230441398818,25.782264128352537,26.876230441398818,826900
2020-08-06,26.92563819885254,27.080908718429885,25.810499117464968,25.916367706024563,1026300
2020-08-07,27.44085121154785,27.525544440584177,26.60308637023785,26.671547425899096,962900
2020-08-10,27.737279891967773,28.18898072010995,27.28063860284497,27.349099661054918,1039500
2020-08-11,27.659643173217773,28.266617167722124,27.553777306581686,27.97724615782462,1307700
2020-08-12,27.426733016967773,28.11063543068858,27.32086446993222,27.864317806173336,773200
2020-08-13,26.960920333862305,27.87843800832463,26.869167758711253,27.398505189249065,1321800
2020-08-14,26.846193313598633,27.244153944698287,26.7242968426087,26.903558289579262,759300
2020-08-17,26.81033706665039,26.968087988779537,26.451814232947523,26.803167813513678,798800
2020-08-18,26.75297737121582,27.068476510064368,26.652588670602167,26.795998364737834,633100
2020-08-19,26.63825035095215,26.788829299966633,26.401623943661594,26.709953830869782,739200
2020-08-20,26.996774673461914,27.448511544806646,26.573717554439618,26.874875468669437,624500
2020-08-21,26.516353607177734,27.190375680855933,26.129148215031403,27.025455473529757,1125100
2020-08-24,26.702781677246094,26.80316763235446,26.157825441926228,26.602392986825603,917800
2020-08-25,26.423133850097656,26.903555907809587,26.164999686975236,26.688442737551387,599900
2020-08-26,26.423133850097656,26.509181306450827,26.15782769795629,26.437475092823185,754700
2020-08-27,27.011110305786133,27.240567447120668,26.47332602880041,26.480498017601768,633200
2020-08-28,26.882041931152344,27.168858542593732,26.466154151891114,27.11149631443026,749900
2020-08-31,26.064613342285156,26.874875849937293,25.856672142262795,26.831852117874423,820300
2020-09-01,26.702781677246094,26.767315896288917,25.620041195006742,25.914029807243576,855000
2020-09-02,27.061304092407227,27.104325080899496,26.229531246040988,26.595223324785696,1140000
2020-09-03,26.85335922241211,27.29075749162313,26.545029384617845,27.14734781945873,816800
2020-09-04,26.996774673461914,27.219057114351763,26.01441998680734,27.025454425784346,765300
2020-09-08,26.623905181884766,27.032620974832454,26.322744592953192,26.602391952831926,897400
2020-09-09,27.072057723999023,27.147347184679663,26.7888243803079,26.810334873270392,882500
2020-09-10,27.190370559692383,27.613427615435537,27.03262237192034,27.103609193183367,1388000
2020-09-11,26.896381378173828,27.333779666392783,26.47332433132574,27.326610413363404,638000
2020-09-14,27.419828414916992,27.473604653467763,26.760144957134408,26.767316945816003,821100
2020-09-15,27.735328674316406,28.43444715733997,27.513043516356742,27.606260225864002,753300
2020-09-16,27.609848022460938,28.014977896077582,27.40549008829148,27.92893316993058,1072700
2020-09-17,27.2333984375,27.59909331763013,26.85336504882317,27.376808140780195,1182500
2020-09-18,26.702781677246094,27.14017723374509,26.552200009271424,27.14017723374509,2175700
2020-09-21,25.885351181030273,26.25104605519668,25.333228345671245,26.22236356794588,1447300
2020-09-22,26.071779251098633,26.666925694939994,25.906859086291703,26.121972225808918,786700
2020-09-23,25.54117202758789,26.516354806594666,25.519661527711,26.028763417091277,1494100
2020-09-24,26.372941970825195,26.882046535273037,25.168304884640484,25.490976021174333,1490500
2020-09-25,27.16168975830078,27.211882734551555,26.22235898002821,26.265382703376897,1129100
2020-09-28,27.26207733154297,27.88590631296948,27.190371121698863,27.807030849797073,817300
2020-09-29,26.458993911743164,27.097164303569517,26.157833221537626,27.097164303569517,785100
2020-09-30,26.48049545288086,27.36246125347875,26.351427020079996,26.688439342983585,1369800
2020-10-01,27.376806259155273,27.383975512935873,26.36577188672215,26.566543816327698,833800
2020-10-02,27.111499786376953,27.42699891995946,26.537861019408957,26.717122450258366,1221200
2020-10-05,26.903553009033203,27.57040567970092,26.466154726626197,27.34095129144021,815800
2020-10-06,26.82468032836914,27.15452070374073,26.337089018988376,27.082817225725115,1168100
2020-10-07,26.910724639892578,27.25490625269673,26.803169424504453,27.125840541293446,787400
2020-10-08,27.419828414916992,27.627769586375198,26.953747621853896,27.03262308547801,704800
2020-10-09,27.448505401611328,27.7568352363995,26.996768631368905,27.7568352363995,555700
2020-10-12,27.305095672607422,27.692298188156446,27.089979820810353,27.692298188156446,669900
2020-10-13,27.104320526123047,27.28358190888221,26.917889891590633,27.07563804840679,774600
2020-10-14,26.82468032836914,27.455681329093483,26.709953122356747,27.297930395084308,571500
2020-10-15,27.685136795043945,27.713819281467025,26.559375188406403,26.767319112005048,821300
2020-10-16,27.190370559692383,27.871564494914367,27.190370559692383,27.591917120583023,431500
2020-10-19,26.59522247314453,27.383971570448832,26.415961066001554,27.176030417000096,653800
2020-10-20,26.83184814453125,27.161691237543867,26.645417470491253,26.882043858827767,471500
2020-10-21,27.283584594726562,27.40548376936481,26.466153046525232,26.774482874048456,610800
2020-10-22,28.122533798217773,28.165554790488233,27.283588889883568,27.348123113601584,892700
2020-10-23,28.10819435119629,28.323307532226647,27.584751274407825,28.172728579036644,471800
2020-10-26,27.319440841674805,27.8572251317496,27.039793448485884,27.785521653864567,690400
2020-10-27,26.75297737121582,27.591919568644016,26.67410190267558,27.405488880986333,764200
2020-10-28,26.344261169433594,27.290761308664752,25.95705582102656,26.2653857019456,1386900
2020-10-29,26.867706298828125,27.297932673454543,26.3370912171638,26.494842164339357,639700
2020-10-30,26.064613342285156,26.860534605916335,25.94271687107593,26.609569673831103,3774800
2020-11-02,26.882041931152344,27.082813832692516,26.494836633628857,26.803166474029556,1741700
2020-11-03,27.735328674316406,27.964783085940155,27.19754438420217,27.2764198510689,1463100
2020-11-04,28.273109436035156,28.466712084552757,27.620598021540424,27.677960249631564,876800
2020-11-05,28.330472946166992,28.567099327945023,28.072338805107503,28.51690635035189,964800
2020-11-06,28.452373504638672,28.567100706862526,27.835713766943353,28.567100706862526,800700
2020-11-09,28.567096710205078,31.313379925921105,28.488221256840134,30.11591509119702,1525400
2020-11-10,29.549448013305664,29.7000269302512,28.330469967125925,28.581437564013665,1560100
2020-11-11,29.570966720581055,29.757397404396464,29.178742076827024,29.692863180131063,1230500
2020-11-12,29.190933227539062,29.811179034605765,28.932796307495405,29.59247985153059,1266900
2020-11-13,29.9532413482666,30.0251567941267,29.224726414298424,29.30599136193205,914600
2020-11-16,30.133039474487305,30.75511617675701,29.62962301019916,30.614879105452324,862100
2020-11-17,29.888517379760742,30.057518957696573,29.29160873363509,29.744683739684806,1114300
2020-11-18,29.471406936645508,30.09708026125345,29.44983284581738,29.838182941118504,1154300
2020-11-19,29.730304718017578,29.759071999179604,28.967988227617514,29.464214225766177,815800
2020-11-20,29.70873260498047,29.78424466550442,29.320382513658057,29.485790276243726,1358600
2020-11-23,30.57891845703125,30.999629630806908,29.71951587399259,29.845369292207693,2686900
2020-11-24,30.672407150268555,31.416743271828302,30.607682150854732,31.416743271828302,1880400
2020-11-25,30.233720779418945,30.776688801587476,29.852561167377445,30.72275357934476,885000
2020-11-27,29.888517379760742,30.471039644140443,29.751874187159277,29.996390552268814,402800
2020-11-30,29.8741397857666,29.996396621358013,29.528940625780255,29.74468975784684,1970700
2020-12-01,30.125843048095703,30.557344004047177,29.78783437744352,30.27686714814929,1120200
2020-12-02,29.924482345581055,30.291255610304336,29.28442537291937,29.98201416949489,1384300
2020-12-03,30.402719497680664,30.586104706161372,29.899303150533218,29.938857468456128,830900
2020-12-04,30.284061431884766,30.809051948671847,29.999990713405673,30.809051948671847,734900
2020-12-07,30.176191329956055,30.564541456287078,29.866949867514613,30.176191329956055,962000
2020-12-08,30.463855743408203,30.492623026285237,30.003590190972048,30.05393156430731,754100
2020-12-09,30.65802764892578,30.809051753469546,30.355976696439445,30.794668113503644,1109900
2020-12-10,30.758712768554688,30.83062823055759,30.34159540742058,30.44228089498328,1045700
2020-12-11,30.69398307800293,30.98884081672054,30.035946001697013,30.5357657936281,1061300
2020-12-14,30.30563735961914,31.312470277529002,30.219338257437975,30.80905381857407,1154900
2020-12-15,30.888160705566406,30.895351153920718,30.204952889155738,30.377553827046402,1330500
2020-12-16,31.276508331298828,31.636091075886128,31.032710725683287,31.391574699830816,1290800
2020-12-17,31.57855796813965,31.93454413345528,31.08233474547547,31.542600240711593,1168500
2020-12-18,30.542953491210938,31.916559208916688,30.355968962690802,31.6936169613421,3507100
2020-12-21,30.226526260375977,30.32720899534026,29.69434530602226,29.845369408468684,1089300
2020-12-22,30.75151824951172,30.794669170891087,30.082696800224383,30.082696800224383,860900
2020-12-23,30.42070198059082,31.20459253375242,30.33440288341123,30.967269330658837,960600
2020-12-24,30.924118041992188,30.931308490255315,30.226526594320095,30.45665934632348,393600
2020-12-28,30.686790466308594,31.06075685427511,30.427893191622843,30.895349119031994,750400
2020-12-29,30.240909576416016,30.91692692119454,29.949648418616007,30.88096645046473,642200
2020-12-30,30.2912540435791,30.765903225764852,30.154613568376806,30.312830876905064,520200
2020-12-31,30.492624282836914,30.571730198909943,29.830990466395765,30.35598105523971,836400
2021-01-04,29.2053165435791,30.9816565196803,29.154975169174538,30.542965048384122,1115600
2021-01-05,29.5289363861084,29.816600939762186,28.910453617824697,28.910453617824697,1279500
2021-01-06,29.593664169311523,30.125845152406534,29.500171877481726,29.744688279914246,1141500
2021-01-07,30.01797866821289,30.161809618970587,29.385112059960804,29.64401216076391,1114500
2021-01-08,29.91010284423828,30.55735309911318,29.845377818750794,30.140235658549457,839600
2021-01-11,29.644010543823242,30.068318409573337,29.536134593239563,29.802225129706756,650400
2021-01-12,29.147777557373047,29.780643981163216,29.14058710929078,29.74468625395441,883500
2021-01-13,29.05428123474121,29.528930255962514,28.99674668991531,29.21249574621625,919200
2021-01-14,28.32793426513672,29.715924176887803,28.29916698097419,29.298809530127983,1955100
2021-01-15,28.644365310668945,28.74504804920786,28.10499114558288,28.306356622660704,1236900
2021-01-19,28.97517967224121,29.07586240683763,28.270397786667502,28.65155463718217,1076500
2021-01-20,29.557708740234375,29.75188380560168,28.91046126574275,28.91046126574275,1144400
2021-01-21,29.4570255279541,29.694351518650585,28.98237628996048,29.48579281350507,1335700
2021-01-22,29.70154571533203,29.759080293692232,28.967996301637573,29.464222438095415,2225300
2021-01-25,29.615238189697266,30.118654633936973,29.35633814732262,29.830987310543165,1121200
2021-01-26,29.492979049682617,29.852561837499955,29.24846264423087,29.723114557812753,1237400
2021-01-27,29.01114273071289,29.485791954884824,28.629985810159464,29.34915146759568,2161700
2021-01-28,29.787841796875,30.089892815614515,28.795395112129448,29.14059431683217,1824700
2021-01-29,29.57927894592285,29.89571079073837,29.090246167226915,29.608043482070606,1090600
2021-02-01,30.097074508666992,30.17618315111526,29.442634025774883,29.723110869927456,944200
2021-02-02,30.85938262939453,30.98883260167558,30.01076736372895,30.291241389205258,821700
2021-02-03,30.7083683013916,30.902543321307466,30.449468274837116,30.873776042046135,663400
2021-02-04,31.09672737121582,31.161452396649555,30.63645899957619,30.801869531662042,881500
2021-02-05,31.36281394958496,31.78712178624774,31.096723431358907,31.2837052903666,716500
2021-02-08,30.996034622192383,31.229763978502195,30.571726830912677,31.21897693401694,866800
2021-02-09,30.758712768554688,30.996035987883488,30.463854984904344,30.96007825688204,832000
2021-02-10,30.83782386779785,31.384388555192178,30.80545998695123,30.924122977723428,820700
2021-02-11,31.22616195678711,31.25492923268188,30.837814705801375,30.859388791023243,752900
2021-02-12,31.672054290771484,31.772737037761548,31.046378231506207,31.060761872990373,839900
2021-02-16,31.715213775634766,31.801515655299134,31.3556308405668,31.75836471546695,1095900
2021-02-17,31.75834846496582,31.859031196322267,31.477874358073247,31.751158017039792,1060000
2021-02-18,31.19020652770996,32.053205664239215,31.13267471508728,31.67923928029658,1175300
2021-02-19,31.00322914123535,31.59294470779635,30.442280856799044,30.672413626998505,1460900
2021-02-22,31.060754776000977,31.26931341476973,30.68678841305654,31.04637113780329,1200700
2021-02-23,31.470687866210938,31.578563811856654,30.765905853283556,31.075147304508736,1227000
2021-02-24,31.75115966796875,32.28334063092364,31.506643274789827,31.607326011381357,1042500
2021-02-25,31.77273178100586,32.103547250211406,31.362807668425365,31.794305867963153,2542800
2021-02-26,31.930953979492188,32.42717725963139,31.600135716000313,31.79431075868063,2600200
2021-03-01,31.815893173217773,32.90183222084268,31.65767583437723,32.8263201482323,1473400
2021-03-02,31.808691024780273,31.9021833117205,31.463491899999557,31.8518419441524,1187600
2021-03-03,31.470687866210938,31.887805263081837,31.047820304494063,31.628905188251522,4324600
2021-03-04,30.845016479492188,31.98129960399771,30.701182790600427,31.542608087407586,1569300
2021-03-05,31.0391788482666,31.305269280635486,30.111454815063627,30.90972885556859,1611600
2021-03-08,30.3674373626709,31.309347000957526,30.316326246051965,30.936962825194463,1278300
2021-03-09,30.440448760986328,30.696007098476354,30.32362296781411,30.367433684758673,1408000
2021-03-10,30.652204513549805,30.995381590627087,30.20680518849564,30.498871141584477,1280600
2021-03-11,30.929658889770508,31.079340632633023,30.360133492450416,30.966166428126247,1518700
2021-03-12,31.367752075195312,31.375055253411933,30.601082697886973,30.85663822854096,1593500
2021-03-15,32.747764587402344,33.10554519297185,31.623317224213135,31.791254149979398,2313900
2021-03-16,32.1782341003418,33.01061820491129,31.84966069449948,32.75506265889313,1318500
2021-03-17,32.19284439086914,32.34617775048031,31.652523256792996,32.2658594805848,1003300
2021-03-18,31.243635177612305,32.18554490234187,31.068395057874184,31.944590085870356,929300
2021-03-19,30.754426956176758,31.404270781297672,30.747126560709646,31.16331873601961,1857200
2021-03-22,30.93696403503418,31.272840681396847,30.78363067918102,30.915060065725747,859200
2021-03-23,30.674100875854492,31.10489651785227,30.50616396935999,30.95886636288082,1214000
2021-03-24,30.294422149658203,31.141409945498182,30.272515395951924,30.907758331842114,794500
2021-03-25,30.535375595092773,30.61569386332055,29.724895303480956,30.097279495201178,842600
2021-03-26,30.856645584106445,30.915059882378582,30.257912953552275,30.674105080026585,517500
2021-03-29,30.39664649963379,31.09030099457854,30.192199234434483,30.885853729379235,770200
2021-03-30,30.805530548095703,31.0756924652259,30.31632339634323,30.447752765393947,829500
2021-03-31,30.98077392578125,31.28014023478243,30.54997823377009,30.77632945680883,1189200
2021-04-01,31.886171340942383,31.929982061108838,31.221724071158704,31.353153446311243,1561900
2021-04-05,32.06141662597656,32.185545627200604,31.65252486094367,32.0906237774819,945100
2021-04-06,32.06871032714844,32.28776113236647,31.97379128259043,32.25125080793234,891300
2021-04-07,31.929983139038086,32.22934944024814,31.77664979129933,32.14903117657158,808400
2021-04-08,31.908069610595703,32.222039391615986,31.827751370984085,32.017592203873846,1050200
2021-04-09,31.586811065673828,32.03951357090572,31.499192394000417,31.893480594551797,857500
2021-04-12,31.645219802856445,31.805856327118928,31.323949539678345,31.805856327118928,582300
2021-04-13,32.62363815307617,32.69665323842317,31.433473321560736,31.5795062776017,2977500
2021-04-14,32.64554214477539,33.44141883114905,32.56522387962852,32.56522387962852,1146900
2021-04-15,32.871891021728516,33.003320394350744,32.58712830949595,32.623635849591736,934400
2021-04-16,33.17125701904297,33.291734407125034,32.83538319652335,32.93760542204265,1291900
2021-04-19,32.71855926513672,33.35014781685743,32.59443028038922,33.26618074910924,889200
2021-04-20,33.229671478271484,33.302689349663865,32.63824203940163,32.696653551168545,745800
2021-04-21,33.63125991821289,33.77729007775784,33.200464262723074,33.40490871436341,824600
2021-04-22,32.97411346435547,33.83570478593006,32.959509891152045,33.638560725704,1552400
2021-04-23,33.543643951416016,33.57285110222772,32.864593014453476,33.003325588135475,690100
2021-04-26,33.61665725708008,33.81380132022963,33.499831455067024,33.75538702654969,736800
2021-04-27,33.63125991821289,33.72398968230022,33.426812681225805,33.704274997985365,821900
2021-04-28,33.60934829711914,34.083954602925715,33.499825693326635,33.740777649947226,633900
2021-04-29,34.208091735839844,34.27380643330492,33.74078845846474,33.974440097152296,909400
2021-04-30,33.94523239135742,34.295709814904264,33.66777005321106,33.98173993405766,1619700
2021-05-03,34.07665252685547,34.449036633693595,33.850304133822924,34.237289026695166,1166500
2021-05-04,34.09856414794922,34.26650106479759,33.879516116640346,34.164278835876566,1051300
2021-05-05,33.74078369140625,34.25408690595026,33.59475074152195,34.25408690595026,1355700
2021-05-06,33.22236633300781,33.83205084887763,32.88649252867378,33.74078061169904,749700
2021-05-07,34.39793014526367,34.449041259285266,33.26617967209757,33.26617967209757,797900
2021-05-10,33.660465240478516,34.68269309857526,33.65316484643142,34.529359755464796,772700
2021-05-11,33.236968994140625,33.41220628492601,32.835380518632064,33.39030231991447,562700
2021-05-12,32.3461799621582,33.40491554750938,32.214750563405794,33.19316787336969,758400
2021-05-13,32.747764587402344,33.017926532864884,32.43379470455981,32.6163352045684,684300
2021-05-14,33.572845458984375,33.71887840314909,32.87189066940981,32.93760535501659,644800
2021-05-17,33.34648895263672,33.57284011935913,33.15664810515872,33.507125444204,585500
2021-05-18,33.46333312988281,33.76999990011703,33.12015602337039,33.346504510348716,570100
2021-05-19,33.0909423828125,33.21507137406496,32.83538679103839,33.20046779948543,718800
2021-05-20,33.29538345336914,33.35379774571718,33.02522431462637,33.09093900084453,807400
2021-05-21,33.492530822753906,33.68602331092665,33.35380104273405,33.55824551546795,779900
2021-05-24,33.80649948120117,34.065706652652544,33.67507010055724,33.85031020319813,750200
2021-05-25,33.78459548950195,33.98173956033144,33.65316610894896,33.791895883822924,866400
2021-05-26,33.93062973022461,34.18618532134983,33.68237453369709,33.87221543205482,740000
2021-05-27,33.675071716308594,34.14237496530986,33.6093570228336,34.113170601257586,748700
2021-05-28,33.85031509399414,33.93793376530052,33.653170994544276,33.92333018919157,646100
2021-06-01,34.390628814697266,34.49285383358271,34.00729543892797,34.27380300703229,950200
2021-06-02,34.63888168334961,34.74110669538598,34.317611430132786,34.587770570004814,1040500
2021-06-03,34.40522766113281,34.80681614571389,34.33951297926707,34.71919749834176,651700
2021-06-04,34.449039459228516,34.529357715736126,34.17888032989565,34.48554699800106,868500
2021-06-07,35.02587127685547,35.12079032936109,34.69729782686353,34.81412363293323,903600
2021-06-08,35.29602813720703,35.507775767367534,35.02586900048137,35.062376540252934,685900
2021-06-09,35.3763427734375,35.719516954565854,35.303324916024536,35.412850309470755,644700
2021-06-10,35.42076110839844,35.50220561777581,35.05796360964576,35.2504693271566,681800
2021-06-11,35.43558120727539,35.48000344573494,35.18014203851386,35.44298397221706,725300
2021-06-14,35.413368225097656,35.531832228765865,35.13201515723392,35.52442663980899,501500
2021-06-15,35.0357666015625,35.31341690926153,34.95432205939932,35.24307792750152,537300
2021-06-16,34.843265533447266,35.31712163255526,34.806243230875275,35.057979636577045,504900
2021-06-17,34.70998001098633,35.01354413607038,34.28795190597689,34.8062300528979,603900
2021-06-18,33.84372329711914,34.51008521396235,33.65862307848549,34.399023953020084,1779600
2021-06-21,34.51008987426758,34.554512125119196,33.84372786743763,34.02142534406081,624800
2021-06-22,34.39162063598633,34.61374032990684,34.184306473842724,34.56191249547223,464000
2021-06-23,34.12507629394531,34.61374075635291,34.11767352796566,34.347195990602366,521300
2021-06-24,33.94737243652344,34.28055333084446,33.82890843236537,34.18430044483958,651600
2021-06-25,34.23612976074219,34.487866112821344,33.86592940912017,33.947371113977205,1241900
2021-06-28,34.1176643371582,34.464170744646964,33.74746400098802,34.287956152867956,715200
2021-06-29,34.1176643371582,34.44343961620237,34.02881422290618,34.1176643371582,681400
2021-06-30,34.30277633666992,34.45825985363241,34.132481637819126,34.132481637819126,1224100
2021-07-01,34.095458984375,34.5552495445676,33.999206081893284,34.39162045767022,1091100
2021-07-02,34.38420867919922,34.510078271238406,34.19170573328618,34.250936322642254,811900
2021-07-06,34.243534088134766,34.57671498468404,33.658616828015454,34.42863427239495,774500
2021-07-07,34.21391296386719,34.44343817950438,34.06731508295372,34.28795472265546,938600
2021-07-08,34.04362869262695,34.16949829823279,33.51794479866151,33.85852849128096,552900
2021-07-09,34.687774658203125,34.70258301240938,34.15468802880189,34.176899147908884,632000
2021-07-12,34.88767623901367,34.976526346514696,34.621131565319,34.798828955916846,534200
2021-07-13,34.473052978515625,34.90988944581784,34.450839039904224,34.82844492785239,525200
2021-07-14,34.56930923461914,34.85436509871862,34.51748140922008,34.539695351823,387100
2021-07-15,34.724796295166016,34.74700741385037,34.36199868502819,34.51748216462809,441900
2021-07-16,34.613739013671875,35.1616368739527,34.57671953682703,34.88028376600282,745200
2021-07-19,33.91776657104492,34.25835031045373,33.399485371193734,34.20800246129461,1075400
2021-07-20,34.87287139892578,35.13201333528908,33.92515941872842,34.021412299343616,1155400
2021-07-21,35.087589263916016,35.37634508947848,34.902489086052434,34.93950855674424,840400
2021-07-22,34.843265533447266,34.991343446114655,34.56931518132128,34.91730448978096,536900
2021-07-23,34.9913444519043,35.19125302903761,34.90249713686901,35.07278900085549,477600
2021-07-26,34.843265533447266,35.11721306116811,34.74701263068935,34.92470725565227,771200
2021-07-27,35.139427185058594,35.17644666638792,34.58412649190252,34.76922672295455,721700
2021-07-28,35.19865036010742,35.33562268356163,34.75070827039143,35.13571697774173,619500
2021-07-29,35.15422821044922,35.5096202410173,35.15422821044922,35.191247684057494,748900
2021-07-30,35.050575256347656,35.68732041934877,34.90249452609542,35.139422564736996,1090000
2021-08-02,34.42123794555664,35.916845228625846,34.3175794504838,35.265294491742,726100
2021-08-03,34.073246002197266,34.57671878466906,33.68453444276956,34.443446411402704,732600
2021-08-04,35.50221633911133,35.620680345506926,34.22872615205519,34.48046251869641,1493300
2021-08-05,36.168575286865234,36.38329218091114,35.731738734056705,35.739144323178124,1119100
2021-08-06,35.75394821166992,36.51655998045998,35.68731203992292,36.34626816919639,437900
2021-08-09,35.42076110839844,35.657689049639586,35.33931659902107,35.657689049639586,439700
2021-08-10,35.028350830078125,35.509609490088906,35.02094524295572,35.47999279040715,441200
2021-08-11,35.724334716796875,35.78356813007261,35.0209534683728,35.30970929708052,484500
2021-08-12,35.77616500854492,35.81318448219304,35.331925675957955,35.80578171722534,539000
2021-08-13,35.76876449584961,35.99828694156327,35.591067056982766,35.9020368688985,463500
2021-08-16,35.650299072265625,35.91684098344781,35.61327677334142,35.76876308537044,485900
2021-08-17,35.591064453125,35.656220646676815,35.22086407160766,35.5466393905572,518900
2021-08-18,35.391151428222656,35.61327106413531,35.291198580603506,35.605868300180134,349300
2021-08-19,34.96172332763672,35.42077098878929,34.73960084941017,35.24307357108898,687900
2021-08-20,35.19865036010742,35.391153301580296,34.48786635780128,34.95431677058712,598000
2021-08-23,35.3985595703125,35.52442633746169,35.21345938963101,35.26528721426946,746700
2021-08-24,35.53923034667969,35.67250268643208,35.361532952208414,35.53182758309534,597000
2021-08-25,35.613277435302734,35.89092773596592,35.354138284445725,35.52443012992389,632600
2021-08-26,35.65769958496094,35.8316942110562,35.457791045898595,35.51702446091174,498000
2021-08-27,35.939056396484375,36.15377331163868,35.67251165000385,35.73914783662398,597300
2021-08-30,35.90203857421875,36.13156103083456,35.7502550437682,36.13156103083456,994700
2021-08-31,36.50175094604492,36.62021493533545,35.67990578466503,35.902028235938516,2006100
2021-09-01,37.049652099609375,37.09407433446258,36.635026686417234,36.686854510015685,1108800
2021-09-02,37.79745101928711,37.81225937058943,36.99041423193791,37.17551438661062,1399300
2021-09-03,38.00477981567383,38.10102989976799,37.553134811644,37.890015754784166,1381300
2021-09-07,37.390235900878906,38.00476984664715,37.390235900878906,37.99736425787151,1611900
2021-09-08,37.701202392578125,37.74562745148665,37.020035102407995,37.212538042202524,2969100
2021-09-09,36.44824981689453,37.60741978613825,36.40323242371548,37.51363569689601,1735700
2021-09-10,36.020591735839844,36.98544478138053,35.60794231559823,36.98544478138053,2146600
2021-09-13,36.20815658569336,36.56828997388197,35.998081160969186,36.27568123822085,1012000
2021-09-14,36.14064407348633,36.37322970189155,36.06111590199188,36.23067888180936,874500
2021-09-15,36.16315460205078,36.4257489740379,35.96058057420471,36.10313139584572,703400
2021-09-16,36.19316482543945,36.470764988395494,36.05061114716871,36.13314162152253,659900
2021-09-17,35.54793167114258,36.38073506840248,35.44289392050873,36.21567411051268,2342400
2021-09-20,35.27782440185547,35.412873723345285,34.86517496933143,35.07525041962075,790500
2021-09-21,35.25532150268555,35.72048985540207,35.240315702654215,35.36786070982499,836700
2021-09-22,35.85554122924805,36.058115248076234,35.36786271776568,35.48040479335819,572300
2021-09-23,35.86304473876953,36.29070007104654,35.84803893703265,36.03560716564762,935700
2021-09-24,35.48789978027344,36.06936229451382,35.43913308285885,35.72798682642168,582600
2021-09-27,35.217803955078125,35.94932164719453,35.135276351789365,35.60794615179416,817100
2021-09-28,35.067745208740234,35.15627740506492,34.715116144479694,35.05273941216925,1092200
2021-09-29,35.420372009277344,35.645453237518225,35.18028498421199,35.21029657786094,758900
2021-09-30,34.75263595581055,35.600445023354084,34.62509095327526,35.600445023354084,946000
2021-10-01,35.50290298461914,35.74299001322694,34.767636101749886,34.865172351516534,535000
2021-10-04,35.570430755615234,35.87804246683909,35.472894497306186,35.540419158895006,784200
2021-10-05,35.825523376464844,36.08811769094343,35.33034348197425,35.57043053008706,1009200
2021-10-06,36.24568557739258,36.335717525872774,35.52542140335892,35.74300123574476,1187200
2021-10-07,36.125633239746094,36.489513111127664,35.98307958875172,36.358215955261805,814400
2021-10-08,35.630455017089844,36.118130599126516,35.57043182185017,36.118130599126516,595400
2021-10-11,35.74299240112305,35.83302432734998,35.495403888483146,35.72798660307467,635500
2021-10-12,36.103118896484375,36.37021806473413,35.72423327123,35.788005759196025,754800
2021-10-13,36.41073226928711,36.500767051633765,35.99433070263904,36.178149570049435,569700
2021-10-14,36.69584274291992,36.87590947525545,36.53078181011767,36.75586594105297,532500
2021-10-15,37.010955810546875,37.53989660644,36.740857164957454,36.84214272602179,823500
2021-10-18,36.59830856323242,36.977197152370465,36.478265022186996,36.763369505443805,877000
2021-10-19,36.688331604003906,37.093476636360805,36.67332580842582,36.73334612867531,512400
2021-10-20,36.988441467285156,37.14599803857129,36.68833412132057,36.77836603890364,404400
2021-10-21,37.003456115722656,37.052975542580185,36.69584436683696,36.980948846458546,502400
2021-10-22,36.93592834472656,37.31106473197188,36.82338914579106,37.12349653834922,471300
2021-10-25,36.92842102050781,37.17600950855632,36.84589057047063,37.10848485507708,555200
2021-10-26,37.15350341796875,37.31105999370788,36.96593524816604,37.05596716829366,534000
2021-10-27,36.8533935546875,37.27354728941535,36.81963265758973,37.26604295979595,674200
2021-10-28,37.53614807128906,37.648690138522525,36.71835058730836,36.868405722931755,693100
2021-10-29,36.380733489990234,37.17226875137214,36.13314206389753,36.91342655198712,1642600
2021-11-01,37.521141052246094,37.693706312946766,36.44825359325255,36.58330006265516,913900
2021-11-02,37.12349319458008,37.693702054588954,37.033461271128296,37.58866147148808,800400
2021-11-03,37.070980072021484,37.38609614597223,36.778374128965304,37.19852794021174,892000
2021-11-04,36.095619201660156,37.296054348457595,35.829272742903946,37.13849777207727,779300
2021-11-05,36.590797424316406,36.92842068867879,36.39572493287901,36.39572493287901,750800
2021-11-08,36.44074249267578,36.72584690192297,36.23066706589524,36.72584690192297,443300
2021-11-09,36.44824981689453,36.45575128472607,36.11062652320982,36.40323242371548,342400
2021-11-10,36.24568557739258,36.60581623337739,36.08812608997219,36.39573787083822,653300
2021-11-11,36.33570861816406,36.433244874643925,36.0506041787955,36.35071441624276,537900
2021-11-12,35.923057556152344,36.485762079253455,35.7955097093099,36.42573888966566,730000
2021-11-15,36.14064407348633,36.32071082806843,35.915562776806674,36.09562953138878,1253300
2021-11-16,35.76549530029297,36.2944388841782,35.622944529333445,36.178147541081294,1062700
2021-11-17,35.11277389526367,35.71299168981966,34.91770418530705,35.71299168981966,1273600
2021-11-18,35.39036178588867,35.694224174738885,34.92519351457184,35.694224174738885,828100
2021-11-19,34.820159912109375,35.45038916734472,34.26120748746237,35.35285290370756,961800
2021-11-22,34.96271514892578,35.44289219743717,34.67761351451254,35.44289219743717,819400
2021-11-23,35.00022506713867,35.24031211909836,34.715120619662756,34.955207671622446,675300
2021-11-24,35.075252532958984,35.21030186258573,34.84266694036548,34.97021480148564,447300
2021-11-26,34.174922943115234,34.43752012095557,33.874815562522066,34.35498966112185,608000
2021-11-29,34.347476959228516,34.71135960958795,34.09988850213678,34.56505668901949,654300
2021-11-30,33.85230255126953,34.45252012340738,33.799783692586416,34.137406971308685,1002200
2021-12-01,33.567203521728516,34.94770547266286,33.567203521728516,34.12240374450256,1278300
2021-12-02,34.77513885498047,35.007724424696264,33.672239920930735,33.672239920930735,761700
2021-12-03,34.29496383666992,34.86517268155851,34.152413056479354,34.79764802524442,902900
2021-12-06,34.85017395019531,35.270324908389654,34.55006366971614,34.68511300972539,685900
2021-12-07,35.15027618408203,35.645456070390935,34.36999472163941,35.37536029227426,4810900
2021-12-08,35.60697555541992,36.04844865416662,35.24923321716728,35.71353722654146,2233400
2021-12-09,35.40146255493164,35.64503582237093,35.26445676590446,35.38624194783022,1315400
2021-12-10,35.294898986816406,35.70592504257119,35.226394644190606,35.500412014693794,1086200
2021-12-13,35.310123443603516,35.59175112480085,35.199755171769546,35.20356177523629,1646700
2021-12-14,34.77730941772461,35.43190578945977,34.701194776001316,35.27967360242573,1864600
2021-12-15,34.632686614990234,34.87625692592957,34.301581862500605,34.51851176141805,1224900
2021-12-16,34.70880889892578,35.150281999556015,34.52613257724883,34.80014996335204,1388100
2021-12-17,35.112220764160156,35.40145872520171,34.52612873217471,34.67074771269549,2265100
2021-12-20,34.609859466552734,34.944767982652365,34.39292952588603,34.944767982652365,1148000
2021-12-21,35.16550064086914,35.424294480399034,34.74686431610862,34.74686431610862,1253100
2021-12-22,35.40907669067383,35.56891920172055,35.21117395011211,35.27206799446582,1261400
2021-12-23,35.577396392822266,35.69216335509586,35.370817611916856,35.676860898883035,1169700
2021-12-27,36.09001159667969,36.112966737812,35.44732601787041,35.63477597835645,1105100
2021-12-28,36.082366943359375,36.281293043286695,35.89109061246399,36.09001671239131,738100
2021-12-29,36.46491622924805,36.56438072932593,35.87578483439431,36.151223192366956,841300
2021-12-30,37.115257263183594,37.207072001707374,36.350151954022856,36.464918917855016,677700
2021-12-31,37.23002243041992,37.65082974642255,36.93928160974838,37.11525547212603,953900
2022-01-03,37.107608795166016,37.35244226918889,36.79391572415887,37.23002553217745,1013500
2022-01-04,37.474853515625,37.60492292138066,37.115253126432954,37.13055558114802,1338400
2022-01-05,36.342498779296875,37.7273403098096,36.29659141433719,37.58962113357541,907900
2022-01-06,35.952301025390625,36.75183470061754,35.94464833758875,36.41136305956505,913000
2022-01-07,35.66920471191406,35.959945514142575,35.439673728531474,35.86048101784036,1348600
2022-01-10,35.447330474853516,35.62330434622193,34.950010855031174,35.53531595121515,1210200
2022-01-11,35.39377212524414,35.56209623582279,34.969141342126214,35.45498195405284,1504400
2022-01-12,34.95001220703125,35.432029389035854,34.877326265676714,35.37081956081198,1315000
2022-01-13,34.31496810913086,34.99591420975936,34.24610852226482,34.72812563032708,2039300
2022-01-14,34.154300689697266,34.32721582125827,33.77940072094022,34.28437011054318,1596500
2022-01-18,33.87886047363281,34.10074170274816,33.634027020348626,34.04718456725756,1433300
2022-01-19,33.90182113647461,34.20021177383454,33.69524232938417,33.94772559228662,1404000
2022-01-20,33.27442932128906,34.2690655839204,33.236171723051534,34.01657944504858,1356600
2022-01-21,32.96073913574219,33.35859134036346,32.76946280255514,33.28208197454673,1125500
2022-01-24,33.0142936706543,33.205569988749296,31.98905248891932,32.754157761299304,1487000
2022-01-25,33.09080123901367,33.534563673919905,32.55522699361281,32.75415598810348,1524500
2022-01-26,33.121402740478516,34.029582766317034,32.80770974481031,33.419793282864795,1965800
2022-01-27,32.74650955200195,33.748798646588305,32.670000181759804,33.251478984078155,1424100
2022-01-28,33.710540771484375,33.718190540326546,32.647041946425446,32.861273416392734,1037800
2022-01-31,34.56746292114258,34.60189126390552,33.29738804759401,33.51926931866254,1340700
2022-02-01,34.4373893737793,34.86967575008281,34.17725344668658,34.621015935875114,1079100
2022-02-02,34.399139404296875,34.77251297860664,34.307327569992445,34.65162559694103,789600
2022-02-03,33.787044525146484,34.30731627939183,33.71053517484643,34.238456696663924,958000
2022-02-04,33.5881233215332,33.88651391696661,33.24306067308936,33.68758490758097,714500
2022-02-07,33.787044525146484,33.94771591196338,33.526908648023806,33.59576823075171,769600
2022-02-08,33.626373291015625,33.92093750151745,33.511606346399795,33.787044678562076,1019600
2022-02-09,34.47564697265625,34.51390165515218,33.9653218613101,34.031884483496896,988300
2022-02-10,34.05483627319336,34.559805664151035,33.87886240104926,34.12369586826237,919600
2022-02-11,33.61107635498047,34.269067385689624,33.42744979717868,34.08161448413391,903300
2022-02-14,33.17496871948242,33.993631217314004,32.88422786683854,33.549868709665695,1311600
2022-02-15,33.77940368652344,33.91712288838272,33.419803224041374,33.419803224041374,1017300
2022-02-16,34.330265045166016,34.53301742983285,33.913284166306944,33.97066763257825,1645900
2022-02-17,33.909461975097656,34.50624309263631,33.848255077253924,34.33026924819914,1859400
2022-02-18,34.05483627319336,34.36087956653232,33.733493441968086,33.963024452649734,1949000
2022-02-22,33.787044525146484,34.05100674537755,33.51925888045165,33.82529920029651,1275300
2022-02-23,33.656986236572266,34.33027685526774,33.62638132154647,33.90946948892174,1053200
2022-02-24,34.29967498779297,34.47564887188463,32.89953076587681,32.89953076587681,1617400
2022-02-25,34.399139404296875,34.735787661155754,33.42745515875112,33.94007731412915,1565900
2022-02-28,34.743438720703125,35.103039219822826,33.9630308035377,33.9630308035377,1843600
2022-03-01,34.35322570800781,35.1030284769183,34.09308981523113,34.81228767472205,1451900
2022-03-02,35.35551834106445,35.43203062902193,34.490951376985116,34.52920606164118,1206200
2022-03-03,35.324913024902344,35.738070619246834,34.85820120756355,35.600351421132004,1279700
2022-03-04,35.49323654174805,35.50853899890884,34.74343365274088,35.08007895434248,1486700
2022-03-07,33.886512756347656,35.47793018370118,33.84825807697451,35.370815913998385,1407000
2022-03-08,34.0854377746582,34.835240557781525,33.61872311241989,33.840604331950374,892900
2022-03-09,34.789337158203125,35.08007505601364,34.6822228886261,34.70517511249405,973000
2022-03-10,35.006874084472656,35.07679472169428,34.40866484682499,34.40866484682499,900100
2022-03-11,34.56404113769531,35.286550369929614,34.54850289047491,35.03794434163837,637200
2022-03-14,34.24551010131836,34.968019241198554,34.06682176293319,34.758260339579394,986500
2022-03-15,34.59511184692383,34.812644326649824,34.292123459881864,34.71941485093123,1006500
2022-03-16,34.71165084838867,35.162248173792555,34.09013576320175,34.70388024278888,1525200
2022-03-17,35.14670944213867,35.271012446982645,34.571806192474405,34.73495333065386,1303100
2022-03-18,34.97578811645508,35.30985296343234,34.75825862116462,35.076785223675834,2787800
2022-03-21,34.22997283935547,35.10009385214696,33.95029034433958,35.03794086942462,1666900
2022-03-22,34.983558654785156,35.09232341144004,34.307661264417376,34.47080839939971,1474600
2022-03-23,34.42420196533203,34.936952300250724,33.907566327468054,34.8981051980335,1768100
2022-03-24,34.54072952270508,34.72718551082074,34.33873825222905,34.54072952270508,978100
2022-03-25,35.01463317871094,35.05347730910243,34.58734181717011,34.68056832283314,853300
2022-03-28,35.15447998046875,35.1933241170054,34.72718855133023,35.1933241170054,994900
2022-03-29,36.514041900634766,36.5528860333375,35.372006024746725,35.372006024746725,1131100
2022-03-30,36.770423889160156,36.92580044269704,36.234364703157425,36.312055943543655,1250300
2022-03-31,36.459659576416016,36.95687158843304,36.42858308476061,36.77818620684051,1113400
2022-04-01,36.607276916503906,36.70050641299052,36.343132603694585,36.63058577243458,755800
2022-04-04,36.514041900634766,36.67718903615667,36.09451815476356,36.60726841184481,991600
2022-04-05,36.12559509277344,36.661651243376845,36.05567446759757,36.39750698866994,747200
2022-04-06,36.102294921875,36.323709776053605,35.706076995270436,35.98575954025769,1074300
2022-04-07,35.814842224121094,36.071218881476725,35.484662590183795,36.06344827534103,919800
2022-04-08,35.985755920410156,36.13336482047512,35.47300562738427,35.76822639113177,903900
2022-04-11,35.94691467285156,36.09452358477499,35.674999775791186,35.86922343214097,881000
2022-04-12,35.90030288696289,36.26544433934942,35.81484399694749,36.04791477466879,739800
2022-04-13,36.17998123168945,36.35866663379248,35.90806930753652,35.92360755514779,1062800
2022-04-14,36.296512603759766,36.48296562729534,36.18852431384671,36.25766550720726,1071700
2022-04-18,35.96244812011719,36.420816006456675,35.74491563878525,36.25766590455337,3148100
2022-04-19,36.374202728271484,36.545120478260436,36.078981968368076,36.12559670844257,2291700
2022-04-20,37.19771194458008,37.27540021425998,36.350896765151994,36.54512040296929,2097100
2022-04-21,36.89471435546875,37.59391749931025,36.81702314151962,37.454076277818594,1776300
2022-04-22,36.2343635559082,36.91803163157186,36.18775177677007,36.83257275166169,1468300
2022-04-25,36.12559509277344,36.35089521429762,35.50408007099759,36.02459797560443,1939500
2022-04-26,35.37977981567383,36.24213327197584,35.30985918506508,36.21882441936118,1953400
2022-04-27,34.9680290222168,35.62062068650725,34.96026137923559,35.333170478313264,3133300
2022-04-28,35.90030288696289,35.94691763523076,34.944722774606916,34.96802866693183,1756000
2022-04-29,34.478580474853516,35.911948884224095,34.431965735605516,35.333163282411135,2944000
2022-05-02,33.84929656982422,34.820414793570876,33.37539040245703,34.70387942127423,3720100
2022-05-03,34.789337158203125,34.82041365161207,33.857066064874886,33.90367784137078,2371500
2022-05-04,35.52738952636719,35.566233663451214,34.18336223065947,34.727189040688955,1584700
2022-05-05,35.2088623046875,35.58565665205171,34.88256800199126,35.38754770334749,2816300
2022-05-06,34.49412536621094,35.02241399165442,34.19113394815696,34.93695510171238,1674800
2022-05-09,33.041316986083984,34.26104092386115,32.8781698777839,34.26104092386115,2352900
2022-05-10,33.03355407714844,33.71722205830024,32.60626270028504,33.71722205830024,2736700
2022-05-11,33.041316986083984,33.66283486009417,32.94032285063166,33.03354934628644,1070800
2022-05-12,33.58515167236328,33.60845756094389,32.87817773711484,33.033557242759926,1533500
2022-05-13,34.82041549682617,34.859259633837034,33.61622946778333,33.75607073191658,1246000
2022-05-16,35.08456039428711,35.44193120285726,34.64173070462024,34.789339613303284,844700
2022-05-17,35.22439956665039,35.40308496031192,34.92917880321859,35.201093678143366,1218900
2022-05-18,34.56404113769531,35.263244480907815,34.455273407152475,35.17001796120301,862000
2022-05-19,34.315425872802734,34.75048782459032,34.20821702473006,34.21443172975863,925200
2022-05-20,34.54072952270508,34.75826200277625,33.912223328257944,34.75826200277625,1042800
2022-05-23,34.6883430480957,34.92917846330481,34.33485460321875,34.64172830791772,953400
2022-05-24,34.843711853027344,34.95247955596354,33.81821150570675,34.46303526540971,1132900
2022-05-25,35.426387786865234,35.51961726007051,34.44750202714822,34.657263896434145,927800
2022-05-26,36.14889907836914,36.40916098059903,35.542922334466894,35.69053121824335,1062400
2022-05-27,37.011253356933594,37.05009748905387,36.29651184234515,36.32758536987098,1019800
2022-05-31,36.374202728271484,36.98017953115227,36.28874385327701,36.638346994791895,1900200
2022-06-01,36.428585052490234,36.64611457859343,35.83814649723118,36.47519979249129,835300
2022-06-02,36.99571990966797,37.033787578989596,36.20717236724509,36.420819567042386,1134200
2022-06-03,36.59950637817383,37.00349194013523,36.5218151372479,36.88695656055524,918500
2022-06-06,37.360862731933594,37.60946877549055,36.90249478344712,36.94910952797073,1482000
2022-06-07,37.63277816772461,37.648316417345,36.925804109896276,37.29094556693026,1503700
2022-06-08,37.11225509643555,37.45020531159516,37.003490327497104,37.446320008813736,919300
2022-06-09,36.73769760131836,37.35275145814077,36.65884562254991,37.13196351118097,1072600
2022-06-10,36.28824234008789,36.56422733185737,36.02014134465005,36.34343933844178,1134100
2022-06-13,34.24593734741211,35.614040542952274,34.10400137849087,35.49970306754293,1586200
2022-06-14,34.119773864746094,34.50615279077232,33.678194941277226,34.35633282060036,1136200
2022-06-15,35.349891662597656,35.87032267197556,34.18286163380025,34.39576563872907,1576500
2022-06-16,34.3799934387207,34.813688438089414,34.13555044781559,34.72694943821568,1454300
2022-06-17,34.797908782958984,35.01475322070216,34.25776342318004,34.66385681430878,1529400
2022-06-21,35.712615966796875,35.996487975748195,35.010822949117745,35.07390394665641,1141200
2022-06-22,35.64164733886719,36.02014234148746,35.286807333907284,35.286807333907284,884700
2022-06-23,35.94916915893555,36.028021145111964,35.47210772414418,35.641642201632884,1802700
2022-06-24,37.05311584472656,37.100425834289595,36.15418693889217,36.20149993646572,1773500
2022-06-27,36.840206146240234,37.19504304489757,36.564218215272234,36.82443514949834,865300
2022-06-28,36.80867385864258,37.652402854746825,36.674621854994065,37.21082385356641,946500
2022-06-29,36.36709213256836,36.65885111534989,36.020139162787025,36.08322015365153,5798900
2022-06-30,36.162071228027344,36.69827312823614,35.65741132383326,36.0595612449847,1921700
2022-07-01,36.91905975341797,36.990027737887566,36.098985934660384,36.19361191929332,1260600
2022-07-05,36.6430778503418,36.72192983605042,36.051678933495786,36.7061588373066,1299700
2022-07-06,36.76924514770508,37.12408512175966,36.50902816406151,36.89541013758997,1005700
2022-07-07,37.313331604003906,37.42372559563535,36.9742626251298,37.0452306208944,1705100
2022-07-08,37.21870422363281,37.652396143050176,37.10831024501861,37.40006618964333,979200
2022-07-11,37.65239715576172,37.699710151301915,36.99003025825094,37.43160919259493,1415900
2022-07-12,37.739131927490234,37.87318088786303,37.43160501086083,37.652392949361925,1454200
2022-07-13,37.76279067993164,37.96781065011207,37.23447577217894,37.305443760624414,1138800
2022-07-14,37.8968391418457,38.02300410869621,37.03733936517347,37.230528812661106,1741600
2022-07-15,39.29254913330078,39.35168662407681,38.33448267858965,38.46458816630765,1820100
2022-07-18,38.98501968383789,39.42659867184645,38.63018270219988,39.42659867184645,2535400
2022-07-19,40.049530029296875,40.07318502025249,39.213685255414696,39.24522724869554,1846300
2022-07-20,39.757774353027344,40.309747248516956,39.71519596742914,40.01010731188826,1398400
2022-07-21,39.76565933227539,39.876053304153174,39.347738436449454,39.52910039139297,1299900
2022-07-22,40.05741500854492,40.317631947495066,39.85239806319854,39.91547904330123,1264800
2022-07-25,40.364952087402344,40.388610092902645,40.05742508799622,40.05742508799622,1528000
2022-07-26,40.349178314208984,40.6330502966222,40.22695682489633,40.30975231843174,1280400
2022-07-27,40.85383987426758,40.972117857508096,40.23089893529828,40.34129292286032,1056500
2022-07-28,41.516204833984375,41.53197282459172,40.656704961383795,40.85383793209026,1479600
2022-07-29,40.99576950073242,41.429461388021814,40.23877668857974,40.838062539533524,1720800
2022-08-01,40.67247772216797,41.00365968345853,40.1283887743184,41.00365968345853,1433800
2022-08-02,40.68035888671875,41.10616681418214,40.668531390068715,40.85383685894687,959200
2022-08-03,40.1599235534668,40.98788131586376,40.09683956760303,40.77497737558854,1683100
2022-08-04,39.80508804321289,40.41225793807298,39.70257805888318,40.26243796713751,1610600
2022-08-05,39.96279525756836,40.00222124931369,39.43447734254777,39.61584231899494,1570500
2022-08-08,40.37283706665039,40.59362505350519,40.0101130859573,40.0101130859573,1048200
2022-08-09,40.049530029296875,40.380711934715634,39.90759406754311,40.33340195280441,994700
2022-08-10,40.78287124633789,40.81441023657146,40.3412922949523,40.5463092675178,1536000
2022-08-11,40.60150909423828,40.909036055772255,40.38860511902002,40.64881908339089,2000200
2022-08-12,41.04308319091797,41.181075666428114,40.86960822513823,41.08250918277653,1988700
2022-08-15,41.374267578125,41.413693569448,40.964230650743104,41.0430826333891,1563600
2022-08-16,41.47677993774414,41.5950609350766,41.185023954470964,41.23233695500609,1433800
2022-08-17,41.03519821166992,41.3348381490175,40.94845922685499,41.16136318739793,930700
2022-08-18,41.539859771728516,41.68967974637906,41.13770682754537,41.16924882473825,2187700
2022-08-19,41.20867156982422,41.45706101813107,40.98788362289383,41.32695254597131,1336500
2022-08-22,40.23878479003906,41.01943275073948,40.1835877937079,40.869612761842134,1262700
2022-08-23,40.23878479003906,40.4201467791287,39.97068380442597,40.26244279418863,1782200
2022-08-24,40.22300720214844,40.49505164523233,39.45813337482724,40.207239212645504,1942300
2022-08-25,40.6488151550293,40.6488151550293,40.199352253453235,40.46745319544687,1641300
2022-08-26,39.678924560546875,40.75132841483362,39.663153561747315,40.73555741603406,1843600
2022-08-29,39.56853103637695,39.83268850131317,39.261004076240994,39.284659070709765,1382700
2022-08-30,38.50400924682617,39.80508491232359,38.42121076075797,39.568525973870436,2281800
2022-08-31,38.06242752075195,39.106444581187134,38.04665652496177,38.85095926220194,15155400
2022-09-01,38.038780212402344,38.06243520685943,37.471036281348276,37.88895722614614,2835600
2022-09-02,37.95204162597656,38.49612756035386,37.77067964785079,38.0860906066741,1404400
2022-09-06,38.4803581237793,38.64594910948646,38.038782161893536,38.038782161893536,1588400
2022-09-07,39.09541702270508,39.18215301379922,38.52767303438973,38.55921503552076,1231400
2022-09-08,38.961360931396484,39.26888789011014,38.58286598159425,38.95347693594685,945400
2022-09-09,39.410823822021484,39.53698880512798,39.02444487726242,39.142722856918866,1041600
2022-09-12,39.592185974121094,39.70257995883117,39.41082399809589,39.45813699497614,1013100
2022-09-13,38.511905670166016,39.379289727093244,38.318716159016155,38.99291070479352,1526400
2022-09-14,38.346309661865234,38.60652364181803,38.08609267390176,38.50401665384213,3077000
2022-09-15,38.16627502441406,38.62234975750705,38.01424807854333,38.39031087863249,1620900
2022-09-16,38.95840072631836,39.214442556157785,37.942233378779676,38.070257345958765,4746300
2022-09-19,39.294464111328125,39.59851497974072,38.7343713702291,38.958407245764754,1969600
2022-09-20,38.262298583984375,38.9944198399014,38.110274656086425,38.83039137231178,1594700
2022-09-21,37.47016906738281,38.57434861844585,37.45016455392999,38.36631571893346,1560300
2022-09-22,37.254119873046875,37.58617209137347,37.022081029582694,37.40614374345834,1648800
2022-09-23,36.558006286621094,36.97807653526293,36.09393161458056,36.950072055504094,1447000
2022-09-26,36.037925720214844,36.838057269674714,35.72587490428704,36.32597356638194,1561800
2022-09-27,35.957916259765625,36.574018013800654,35.74188034194086,36.189955177310004,1130400
2022-09-28,36.477996826171875,36.55800875881944,35.96591313180447,36.34997590258003,1484800
2022-09-29,34.86172866821289,36.21394978335281,34.813719680146725,36.10193186345782,1533400
2022-09-30,35.3978157043457,35.52583661068699,34.77371111520517,35.12577089683808,2424600
2022-10-03,36.38998031616211,36.42198630875929,35.19778608838198,35.60585181108794,1924600
2022-10-04,37.73421096801758,37.75021396833889,36.63002836392863,36.734046339887065,1770700
2022-10-05,37.87823486328125,38.130275250388046,36.854067262295935,37.15811511117582,2307200
2022-10-06,37.17411804199219,38.00625574236752,36.9620836298964,37.76621684286777,1774300
2022-10-07,37.086090087890625,37.3821409108517,36.806045311856245,36.88605723293489,1597300
2022-10-10,36.81405258178711,37.302133333007106,36.29797039967127,37.03809149929154,1292200
2022-10-11,37.36614990234375,37.562181308449965,36.37398528050678,36.90207206489707,2019000
2022-10-12,37.29413604736328,37.684599455569355,36.8940702293092,37.214121052396486,1955900
2022-10-13,37.798213958740234,38.01024832099626,36.0699300154197,36.62201965972366,2230100
2022-10-14,36.57401657104492,38.2102873637733,36.50200460127736,38.086264883903624,1314300
2022-10-17,37.30213928222656,37.71820813565281,37.03009438007326,37.1261123824287,1270200
2022-10-18,37.88623046875,38.13427236637649,37.4701647180202,37.654194621836034,1474200
2022-10-19,36.4379997253418,37.63019429405737,36.26997279454462,37.63019429405737,1668400
2022-10-20,36.62201690673828,37.206112500146894,36.40197953664016,36.61401388295693,975600
2022-10-21,37.13410949707031,37.15011249623061,36.445995794477334,36.88606758847563,1542200
2022-10-24,36.766048431396484,37.60618601924683,36.60602149745835,37.60618601924683,1636100
2022-10-25,38.12627029418945,38.16227474953078,36.96207740199818,37.02208787982675,2246500
2022-10-26,38.102272033691406,38.41432291925766,37.918242102517986,38.0782690585741,1013000
2022-10-27,38.30229568481445,38.634351004026286,38.1902777583959,38.502328568350315,929200
2022-10-28,39.966575622558594,40.18660998996798,38.41831981606881,38.79838417256493,1843600
2022-10-31,40.10258865356445,40.23060956741406,39.42247812103708,39.58250502641391,1582100
2022-11-01,40.89472579956055,40.99874376024798,40.23861814401166,40.406645044326915,1090200
2022-11-02,40.110595703125,40.91872723060706,39.886556792208864,40.64668237984148,1361900
2022-11-03,39.86255645751953,40.10259532941421,39.278460750080534,39.6865265270755,660400
2022-11-04,39.99858093261719,40.334634747141195,39.406482192216934,39.75053903218764,1563300
2022-11-07,40.366641998291016,40.41464794342283,39.854558235151785,40.07059414502489,1099400
2022-11-08,39.98257827758789,40.54266797327456,39.57450943957627,40.25462315217567,1001000
2022-11-09,40.04658889770508,40.33463678312835,39.67052909374473,39.87856198196151,1356000
2022-11-10,41.09476089477539,41.438817738932,40.60668011342485,41.198778861028764,1533600
2022-11-11,40.406639099121094,41.598836328406094,40.222609227911065,41.49481838302327,1248700
2022-11-14,39.76654052734375,40.39064218915534,39.726534558402456,40.20661229021756,2338400
2022-11-15,39.46249008178711,40.29462767440665,39.134436249424,40.07059180418593,2202200
2022-11-16,39.59050369262695,39.64651264982299,39.06241705887915,39.286452887663295,4122200
2022-11-17,39.558509826660156,39.68653077552597,39.12644103190063,39.318470929069264,1431700
2022-11-18,40.118595123291016,40.23861607578137,39.75453685798691,39.9505682316122,1554400
2022-11-21,40.406639099121094,40.52666004012122,40.06258232399734,40.06258232399734,1153900
2022-11-22,40.934730529785156,41.110760449890044,40.574670716961364,40.6866886471155,894900
2022-11-23,40.966739654541016,41.27079052551664,40.39864693549544,40.84671869034383,629000
2022-11-25,41.022743225097656,41.15876411784419,40.95073126650846,41.11875815246342,314600
2022-11-28,40.78270721435547,41.126764034604165,40.71469371099675,40.80671018479989,1474700
2022-11-29,41.262786865234375,41.29879437484355,40.61467916260802,40.78270912035106,746600
2022-11-30,42.09492111206055,42.11892408171099,41.03074469108314,41.158765616318206,1974700
2022-12-01,42.19093704223633,42.49498789146856,41.77486826230266,42.33496096806951,1208000
2022-12-02,42.48698806762695,42.607009032283834,41.63084747303697,41.76687143646543,1409800
2022-12-05,41.89488983154297,42.39897357934232,41.76286738888557,42.130927181512504,996900
2022-12-06,41.926902770996094,42.17494164733062,41.806881793746314,41.89489677009479,981800
2022-12-07,41.566837310791016,42.158932986669896,41.50282531758258,41.81487615382412,1436000
2022-12-08,42.13057327270508,42.933602524871795,41.94401160880289,42.13868639832085,1678300
2022-12-09,42.260353088378906,42.61725633364125,41.944009280442295,42.090014590913135,944900
2022-12-12,41.98456954956055,42.26035704021139,41.850733914322625,42.26035704021139,1768700
2022-12-13,42.73081970214844,43.006607195215494,42.337416636159304,42.90115821703519,1888100
2022-12-14,42.641597747802734,43.33917812258609,42.34958707052122,42.7876030864435,1584900
2022-12-15,43.00660705566406,43.055276528724185,42.1954677368343,42.21169089452101,1925700
2022-12-16,42.43880844116211,42.69026274113024,41.85073367925794,42.69026274113024,1985900
2022-12-19,41.95212173461914,42.36580137816965,41.757446959021465,42.30091184913748,1122600
2022-12-20,42.23602294921875,42.39013830172562,41.64389163369125,41.725004325694684,940600
2022-12-21,42.34958267211914,43.0025500648204,42.26846997874358,42.56859065733424,1161700
2022-12-22,42.09001922607422,42.15491185754117,41.47355469839303,41.97646021525802,841500
2022-12-23,42.552364349365234,42.568587505689415,41.903453567651354,42.000789411345764,540500
2022-12-27,42.3739128112793,42.917374585445124,42.29279703541469,42.63347710554513,574500
2022-12-28,41.96023178100586,42.58480935620697,41.846672784469405,42.51180670211202,594900
2022-12-29,42.203582763671875,42.333364946275324,41.89129545043122,42.04135735610605,828100
2022-12-30,42.25224685668945,42.34147267602802,41.8953466735861,42.08190834390723,681600
2023-01-03,41.522212982177734,42.54425006875938,41.392430838798354,42.49558060464823,973200
2023-01-04,41.31942367553711,41.74932949259175,41.11663890527078,41.64388054566325,2125800
2023-01-05,40.41096496582031,41.25049412739406,40.2487364657442,41.22210437194959,1161900
2023-01-06,41.01120376586914,41.06392670598109,40.42312592192434,40.54885461642335,832200
2023-01-09,41.238319396972656,41.72905826957067,40.621854931384846,40.621854931384846,1047700
2023-01-10,41.481666564941406,41.497889723525695,40.88142516857819,41.25454853326355,885400
2023-01-11,42.974159240722656,43.002548992121014,42.09813041596572,42.398251087069866,977600
2023-01-12,43.663631439208984,43.72852097633107,42.77137632333525,43.06338697601207,1095500
2023-01-13,43.05528259277344,43.30673383670529,42.63348971626514,43.0309463056903,1128300
2023-01-17,43.12827682495117,43.62631818216222,43.055277255505146,43.33106165808165,890800
2023-01-18,42.02513122558594,43.2661734523882,41.968351718101594,43.0796117714752,1379100
2023-01-19,42.073795318603516,42.34147277725919,41.85478733268095,42.12246479133662,1540700
2023-01-20,42.34147262573242,42.34147262573242,41.83045399374187,42.008905632207025,1042600
2023-01-23,42.000789642333984,42.54425455230555,41.887230641690856,42.26035395644704,1131100
2023-01-24,42.30902862548828,42.34147494230276,41.59522512682521,42.00079480425292,739200
2023-01-25,42.52803421020508,42.536144241823116,42.18735409148034,42.42258523366517,727700
2023-01-26,42.90115737915039,42.9417137255812,42.54425719860801,42.60914673404712,757200
2023-01-27,42.9498291015625,43.0552780832078,42.64159528288834,42.99038545011806,985500
2023-01-30,42.68215560913086,43.10394848076924,42.665932449346535,42.91738678462654,759900
2023-01-31,43.44462203979492,43.5014015432782,42.67403908562788,42.99038291767783,1242900
2023-02-01,43.55817794799805,43.98808075643092,43.04715935875194,43.225610982290405,1183400
2023-02-02,43.61496353149414,44.17464857305058,43.33917602675957,43.63929672200713,1025300
2023-02-03,43.655517578125,43.655517578125,43.03905306171533,43.41217640307515,906600
2023-02-06,43.72040939331055,43.78529892813032,43.04716229083161,43.36350612192379,787000
2023-02-07,43.53384780883789,43.72852261600576,43.15261441510458,43.46895826928266,798400
2023-02-08,43.241844177246094,43.728526598108466,43.21750789022702,43.32295688263937,444300
2023-02-09,43.20127487182617,43.74473977554753,43.13638534116953,43.598734463756756,717100
2023-02-10,43.54195785522461,43.712296365540574,43.09583185924195,43.26617036955791,1360300
2023-02-13,43.59062576293945,43.80152061182234,43.50950997933007,43.79341058058678,877700
2023-02-14,43.144500732421875,43.7041888619056,42.986328807372395,43.598739880455604,976100
2023-02-15,43.19316864013672,43.444622942394616,42.61807116130017,42.78759898154389,757700
2023-02-16,42.86871337890625,43.14044741259123,42.61726216090813,42.62537219293182,891500
2023-02-17,42.73081970214844,42.95793772199744,42.46314224082558,42.90927134303034,1579100
2023-02-21,42.60103988647461,42.8362710453058,42.28874949768983,42.66592942676359,876000
2023-02-22,42.83627700805664,43.10800799095288,42.633492138268124,42.72271488180377,1829300
2023-02-23,42.58481216430664,43.412174600523265,42.53614269361715,43.039051274656195,1596900
2023-02-24,42.80381774902344,43.72040594982362,42.37391494516832,43.30672320770778,1526600
2023-02-27,43.60684585571289,44.044861804755676,43.16883300092087,43.258058815827816,1269900
2023-02-28,43.70418167114258,44.04891521788304,43.4283942149001,43.56628639589607,2004000
2023-03-01,43.72852325439453,43.8339722387437,43.20128142689985,43.50951525347756,907200
2023-03-02,44.320655822753906,44.3774353325756,43.56629594169284,43.80963714010743,1015300
2023-03-03,44.54777908325195,44.60456169398006,44.2476583398401,44.320661017345856,1008400
2023-03-06,44.255760192871094,44.718109334535505,44.21520075350516,44.612660361835495,736400
2023-03-07,43.850196838378906,44.35310239724121,43.7285246913431,44.31254604631302,758300
2023-03-08,44.077308654785156,44.11786499998635,43.720408485063494,43.72851851640342,1308000
2023-03-09,42.68982696533203,44.052533127136954,42.541167996753714,43.65611026109108,1738200
2023-03-10,41.707027435302734,42.86739025975227,41.24453253154718,42.8384845251731,1742100
2023-03-13,41.64921188354492,41.87633059761031,41.16194158376793,41.29408252181821,1807900
2023-03-14,41.93827438354492,42.36773327290104,41.64921703036718,42.01260386728904,1777200
2023-03-15,41.492305755615234,41.78962057681939,40.87289436475039,41.715291083896034,1403900
2023-03-16,41.47578048706055,41.8309098744228,41.06283963203362,41.2032380105082,1502900
2023-03-17,41.128910064697266,41.38080424769847,40.89353389457191,41.26105101721521,1772900
2023-03-20,41.591407775878906,41.756584765276955,41.19498489161701,41.285832393310386,1873500
2023-03-21,41.756587982177734,42.301669883841726,41.73180938404123,41.88872895377842,1218500
2023-03-22,40.2865104675293,41.434485587706995,40.220441566257975,41.360159255210064,937000
2023-03-23,40.080039978027344,40.99676921679882,39.890087555203614,40.5177594441322,766400
2023-03-24,40.897666931152344,41.0050324468091,39.501927829570555,40.08004256659382,1047000
2023-03-27,40.94722366333008,41.318867975693685,40.86463358797987,41.128915528122064,797800
2023-03-28,41.31060791015625,41.43448828955125,40.8315949551263,40.86463098316057,966600
2023-03-29,41.748321533203125,41.810263294106974,41.52533308424256,41.558369110123124,669100
2023-03-30,42.04563903808594,42.115838229502494,41.79787514747595,41.954791543081555,564000
2023-03-31,42.99540710449219,43.03670056387798,42.19430076035402,42.25211223359193,1184200
2023-04-03,42.549434661865234,43.1771035018862,42.32644617711731,42.93760015203636,805900
2023-04-04,42.4007682800293,42.61549614430201,42.08693233948722,42.61549614430201,783000
2023-04-05,42.18604278564453,42.574205079461265,42.11997073108655,42.40902809355529,560700
2023-04-06,42.37599182128906,42.4255427077482,42.095191912895345,42.29340175970931,646400
2023-04-10,42.56595230102539,42.58247031647057,42.177786814286996,42.46684420835433,740300
2023-04-11,42.31818389892578,42.656795303550474,42.12822831662188,42.640277289850616,1132700
2023-04-12,42.202552795410156,42.76828288316903,42.17777735304463,42.55768217159622,730700
2023-04-13,42.49162292480469,42.6113761742479,41.99196477053498,42.12823288497994,617000
2023-04-14,41.996089935302734,42.788938889117546,41.77310461288985,42.68983080083496,611300
2023-04-17,42.66505432128906,42.66505432128906,41.930020012008725,42.00434950117691,641500
2023-04-18,42.63201904296875,42.90456155821177,42.508138659167585,42.59072558170169,860300
2023-04-19,42.607234954833984,42.714600452744094,42.30578676279393,42.43380056239431,484900
2023-04-20,43.10276412963867,43.1192821414447,42.40076595557004,42.52464946887091,1202600
2023-04-21,42.82197570800781,43.31750674354589,42.6402838304177,43.177105180805455,738600
2023-04-24,42.590721130371094,42.87977847951905,42.28514576834485,42.82196700968946,598200
2023-04-25,42.26863098144531,42.46684085013466,42.136490018822734,42.32644245568713,511600
2023-04-26,41.9713134765625,42.56594938996484,41.913502001702724,42.34296092243896,733700
2023-04-27,42.499874114990234,42.65266337297413,41.80613331870775,41.80613331870775,618100
2023-04-28,42.945858001708984,43.19362193700559,42.20256304532982,42.40077608386072,1140000
2023-05-01,42.97062301635742,43.197741739684545,42.74763458358769,42.879775527026574,856800
2023-05-02,41.93827438354492,42.87152164600127,41.80613342916526,42.82196760667557,1000300
2023-05-03,41.61618423461914,42.14474809316772,41.30234826217251,42.04564315731214,2307900
2023-05-04,41.748321533203125,41.82265101618998,40.980251259168575,41.599662567229416,791500
2023-05-05,42.16127014160156,42.386738066644135,41.88873075429952,41.88873075429952,529100
2023-05-08,42.41728591918945,42.4750973879264,42.03738108163559,42.09519255037253,1216200
2023-05-09,42.07041549682617,42.29340394890075,41.98782858146028,42.202556451704936,691400
2023-05-10,41.946537017822266,42.37599592819216,41.665737082214605,42.194300925596316,714500
2023-05-11,40.889408111572266,41.72355052607374,40.80764661673855,41.72355052607374,942700
2023-05-12,40.55079650878906,40.914186529549234,40.34432605171684,40.88115050030028,2518800
2023-05-15,40.22045135498047,40.897674297898256,39.848803849601296,40.62513174379033,5584400
2023-05-16,39.84054183959961,40.4021385992818,39.59277476414986,40.22044673457168,2063400
2023-05-17,40.534278869628906,40.67054696759574,39.964418430809836,40.026360193788726,1375000
2023-05-18,40.30303955078125,40.64165103283872,40.133735384997365,40.35259360321272,1167500
2023-05-19,40.15436553955078,40.641635846335355,39.9231196822593,40.46820145336674,1035500
2023-05-22,40.01396942138672,40.46820373112818,39.98506368759832,40.245215291693924,1417700
2023-05-23,39.52670669555664,40.04701315438882,39.48541323226599,39.890093583199345,764400
2023-05-24,38.95684051513672,39.452371453901996,38.808184699044865,39.452371453901996,733800
2023-05-25,38.67604064941406,39.00639143165714,38.461309647991904,38.89902593094606,713900
2023-05-26,38.88251876831055,39.014659737468804,38.634751694460746,38.700823754284485,606200
2023-05-30,39.25416564941406,39.36978861119016,38.90812219231425,39.1055066555621,1299600
2023-05-31,39.75794982910156,39.87357277842267,39.03943353654248,39.26242200329994,1985900
2023-06-01,40.16263198852539,40.31954839311583,39.526702637570985,39.80750256980424,1616300
2023-06-02,41.50056076049805,41.55424194372362,40.426915042563074,40.426915042563074,1573700
2023-06-05,40.97199630737305,41.69051258606794,40.92079140930615,41.56663220725242,1249400
2023-06-06,40.96373748779297,41.252798018445255,40.84811453572772,40.996773517094226,633800
2023-06-07,41.52534103393555,41.63683685500523,40.959613947248926,41.029813152817574,694200
2023-06-08,41.401451110839844,41.467520009555514,41.071097165795344,41.36841508623765,604000
2023-06-09,41.12065505981445,41.492302495227854,41.07110101826299,41.40971242597543,564000
2023-06-12,40.848114013671875,41.1784680014841,40.59209266608207,41.09587792928648,1097800
2023-06-13,40.93070602416992,41.153694503929565,40.74075357485376,40.88115197850469,902300
2023-06-14,41.401451110839844,41.78135594229892,41.112390621303724,41.2114986951103,1052900
2023-06-15,41.85392761230469,41.904200553965204,41.202028711886435,41.35117582091627,1174800
2023-06-16,41.75337600708008,42.22679762533421,41.55227466340906,41.92095673100894,1687100
2023-06-20,41.09980392456055,41.60255574532082,40.78139475771882,41.60255574532082,962800
2023-06-21,40.814910888671875,40.99087258197001,40.61381272387336,40.9238409258364,714600
2023-06-22,40.36243438720703,41.06628434221763,40.09849185272717,40.898703607156044,696700
2023-06-23,39.56642150878906,40.40433807985941,39.474250174547635,40.40433807985941,1737600
2023-06-26,40.136199951171875,40.27864421594786,39.49100388956842,39.583175212140006,1279000
2023-06-27,39.97699737548828,40.23675265371645,39.94347994673666,40.13620356385952,1264400
2023-06-28,39.88482666015625,40.16134065702762,39.75914109499489,40.16134065702762,1351000
2023-06-29,40.68922805786133,40.71017405338088,39.75075923800308,39.83455280927502,1058600
2023-06-30,40.605430603027344,41.049528497299676,39.99375197503462,41.049528497299676,1851900
2023-07-03,41.04114532470703,41.4349670597406,40.67246325549094,40.69759972491098,441900
2023-07-05,40.34568405151367,40.86519142898809,40.05241133470217,40.36243957005326,1376800
2023-07-06,39.67534255981445,40.03983736563252,39.206111394326456,39.993751705251015,1092900
2023-07-07,40.17809295654297,40.429467243127476,39.46586208208981,39.49100174822649,934900
2023-07-10,40.51325988769531,40.60543121045892,39.95185738925905,40.010511286218126,713000
2023-07-11,40.74787902832031,40.84842811021565,40.42109211486222,40.563536381180796,653200
2023-07-12,40.6473274230957,41.28833622133667,40.6305719061671,41.15845699215698,1208400
2023-07-13,40.546775817871094,40.806531063678186,40.51325839330291,40.722737502257736,821100
2023-07-14,40.697601318359375,40.697601318359375,40.21161144429173,40.49650316233054,1744300
2023-07-17,40.4797477722168,40.7813950310171,40.40433515841726,40.5467794309287,638400
2023-07-18,40.41270446777344,40.71435485990366,40.245120561434746,40.597047084385714,712100
2023-07-19,40.974117279052734,41.05371717135191,40.57191455456145,40.65570812066285,1366100
2023-07-20,41.38469314575195,41.42658832916648,40.61381154245242,40.93221749352087,872800
2023-07-21,41.669586181640625,41.80365269063236,41.30090408101278,41.585795812169934,850600
2023-07-24,41.44335174560547,41.946103592834554,41.334424895644105,41.83717354647523,770800
2023-07-25,41.133323669433594,41.52714547175827,40.93222229051943,41.342802807453445,1108600
2023-07-26,41.23387145996094,41.34280150328647,40.99087490038777,41.15008108595537,921800
2023-07-27,40.17809295654297,41.34279626828926,40.05240421505198,41.309278844372,1349500
2023-07-28,39.76751708984375,40.6640875064237,39.10556227494144,40.26188796223438,1769500
2023-07-31,39.76751708984375,40.454608377383565,39.66696800289588,39.993754932774834,1653400
2023-08-01,40.270263671875,40.34986355699124,39.69461487011464,39.70048025939257,1388800
2023-08-02,40.002132415771484,40.18647185977578,39.79265330491394,39.943475324045615,1207300
2023-08-03,39.943477630615234,39.9811855348738,39.47424644089263,39.90996340020487,1080100
2023-08-04,39.90158462524414,40.5048855551593,39.738191156125104,39.84293072332438,785800
2023-08-07,40.67246627807617,40.7143614623555,40.02727021170202,40.06916539598134,847600
2023-08-08,40.30377960205078,40.630569699570216,40.169713099118795,40.270265373615956,668800
2023-08-09,40.4797477722168,40.597055572261,40.11944341699657,40.1948560307961,567300
2023-08-10,40.16971969604492,40.70598899223998,40.03146588960214,40.57191927089265,653000
2023-08-11,40.04402542114258,40.219149641442385,39.85130503320113,40.15295225145901,561200
2023-08-14,39.692100524902344,40.10687146052531,39.62506887240817,40.044027088788724,749100
2023-08-15,39.11394500732422,39.725623708346795,39.04691014871452,39.49100809600882,757400
2023-08-16,38.7033576965332,39.23543640506945,38.7033576965332,39.04690329561748,712800
2023-08-17,38.19223403930664,38.87513480812091,38.15033565890524,38.703360398388604,817400
2023-08-18,38.49388122558594,38.778772951350824,37.94923744153972,37.99951038371152,1102500
2023-08-21,38.31792068481445,38.577675947286686,38.0246511920214,38.426850723450904,709100
2023-08-22,38.59444046020508,38.812297373817444,38.41847554168938,38.47712944906187,914200
2023-08-23,38.795528411865234,38.9798710414349,38.644703205198674,38.76201098896214,1164400
2023-08-24,38.39332962036133,39.09717953206492,38.39332962036133,38.90445914148384,1041400
2023-08-25,38.401710510253906,38.73687515559226,38.35478419958116,38.52739605360675,1502800
2023-08-28,38.5860481262207,38.845803351132304,38.40589597915564,38.493876814271516,1475700
2023-08-29,38.896080017089844,38.94216567748336,38.560915355425074,38.6949818593705,1581300
2023-08-30,39.73399353027344,39.87644097816498,38.820667737145705,39.07204201392197,2262500
2023-08-31,39.71723937988281,40.06078498243921,39.591550638977864,40.06078498243921,2485400
2023-09-01,39.73399353027344,40.15295172369967,39.72561577281975,39.87644097816498,1127200
2023-09-05,40.2032356262207,41.71986573019027,40.08592782081715,41.65283087201797,4830500
2023-09-06,40.49650955200195,40.567731693649925,40.06079254999388,40.16971940319735,2962800
2023-09-07,40.714359283447266,41.07047312535991,40.362432722260095,40.421089812789205,2656800
2023-09-08,41.091426849365234,41.47686768088035,40.75625896328383,40.75625896328383,2438100
2023-09-11,40.82329559326172,41.133323823702405,40.638952928265525,41.06628896501361,2170000
2023-09-12,41.007633209228516,41.14169972415129,40.71436370670927,40.82329374895835,1364700
2023-09-13,40.78139114379883,41.13331770678416,40.659896074189355,41.05790510017284,2624400
2023-09-14,41.257774353027344,41.47894862275895,41.07913322227445,41.155694170464336,3047200
2023-09-15,41.07062530517578,41.25777501376388,40.85795636180587,41.25777501376388,37749200
2023-09-18,40.602752685546875,40.968543513395346,40.492163930714206,40.72184676994955,6744500
2023-09-19,40.917503356933594,41.121666970153214,40.50067404567141,40.551712515173406,1719700
2023-09-20,41.249267578125,41.59804449764412,40.90049065860588,41.02809007107168,1756400
2023-09-21,40.09234619140625,41.64057568810599,40.058318384978286,41.64057568810599,1958300
2023-09-22,39.650001525878906,40.29651373814789,39.63298761962567,40.08384477758863,1250700
2023-09-25,39.53940963745117,39.60321096959812,39.27569897894336,39.428820878067825,875100
2023-09-26,38.501583099365234,39.40330056451566,38.46755853554615,39.17361772211686,1681100
2023-09-27,38.18683624267578,38.89289871615657,38.14430310157866,38.62068271905017,1638300
2023-09-28,39.21615219116211,39.32674095126983,38.2804101304461,38.2804101304461,1951700
2023-09-29,38.74828338623047,39.59045388529963,38.52285481061545,39.445837306842165,1438600
2023-10-02,38.20384979248047,38.78230959221421,37.98267551379198,38.612173784338886,1400900
2023-10-03,37.65090560913086,38.1698183129907,37.39145250227125,38.12728517637783,1385300
2023-10-04,38.30592346191406,38.36547049777867,37.38719544781012,37.70194452953304,1778100
2023-10-05,38.62068176269531,38.73126727779531,38.22936843710804,38.27190482222251,1235300
2023-10-06,38.72275924682617,39.02049445143635,37.93163056592444,38.44203470099056,850000
2023-10-09,39.66701126098633,39.88818552887943,38.7312659858805,38.7312659858805,1573400
2023-10-10,39.53940963745117,39.71805077140619,39.35225992850559,39.68402620665563,1083000
2023-10-11,40.160404205322266,40.24547373335205,39.61597220621438,39.7946133474709,1122800
2023-10-12,39.26719284057617,40.1178685981667,39.194886179997894,40.1178685981667,1058000
2023-10-13,39.28420639038086,39.55642237074595,39.06302887816519,39.420314380563404,752400
2023-10-16,39.990264892578125,40.21144240101743,39.40755409068503,39.547916365840315,1121500
2023-10-17,40.14338302612305,40.43261287887729,39.8371425159157,39.8371425159157,1633700
2023-10-18,39.454345703125,40.07533866645452,39.454345703125,40.07533866645452,1053200
2023-10-19,38.833351135253906,39.50538254351083,38.752535896731935,39.27569969066203,1229100
2023-10-20,38.34846496582031,38.96094930872636,38.25914115501497,38.939684361686936,1737500
2023-10-23,38.14430236816406,38.71425358706234,38.11027455791236,38.13579703813643,1089200
2023-10-24,39.071537017822266,39.22040462338445,38.28891364918471,38.28891364918471,1421700
2023-10-25,38.37397766113281,39.08003673689295,38.369723374421675,38.90139563586484,1187600
2023-10-26,38.45054244995117,38.79931935860819,38.271901331020324,38.476061682635496,1282300
2023-10-27,37.931636810302734,39.30122546711454,37.35317696462979,39.30122546711454,1637000
2023-10-30,37.57434844970703,38.45905205867192,37.038425033279815,38.17833073269633,1594400
2023-10-31,38.6121711730957,38.64194469408008,37.59135963994925,37.74448153217474,1555200
2023-11-01,38.365474700927734,38.87588209363238,38.11027262711063,38.663213157939715,1512000
2023-11-02,39.08854675292969,39.39053621916633,38.63768645193872,38.96945268118229,2368200
2023-11-03,39.343753814697266,39.811624832668755,39.326739910125696,39.641489032023536,2794100
2023-11-06,38.99497604370117,39.335247637662135,38.841854150925776,39.25017811663668,1827500
2023-11-07,38.6632080078125,39.05451801854569,38.518591463368494,38.99497098408934,1757600
2023-11-08,38.49307632446289,38.76954658243719,38.408010050503265,38.67171744682031,1363700
2023-11-09,38.27190399169922,38.6802279683867,38.135795999470055,38.61217234973687,1605000
2023-11-10,38.49307632446289,38.69723992506447,38.31443520210547,38.51859555763671,1308600
2023-11-13,38.322940826416016,38.51009052465196,38.13579437325045,38.39099644216376,1446300
2023-11-14,39.21615219116211,39.93922855177954,39.03751105603696,39.14809981614468,3087800
2023-11-15,38.92692184448242,39.45434315883605,38.8758833750789,39.216151736361,1816200
2023-11-16,38.705745697021484,39.08429613709002,38.68022646355586,39.0119894788905,1732800
2023-11-17,38.62918472290039,38.96094773798894,38.535609873502004,38.85035898460263,2542100
2023-11-20,38.46755599975586,38.62492892662268,38.24637850162429,38.476061328882345,2215300
2023-11-21,38.059234619140625,38.39099764361757,37.863576340277874,38.356969834678786,1512100
2023-11-22,38.110267639160156,38.33995044905532,38.04221527608196,38.25488418394008,1385900
2023-11-24,38.14430236816406,38.35697131463129,37.999685797129644,38.05072751250719,890500
2023-11-27,38.10176467895508,38.40800844451705,37.99117593137543,38.186830949357756,3002800
2023-11-28,38.57814025878906,38.96945353245441,37.91461427594762,37.98266988704425,2872200
2023-11-29,39.02900314331055,39.08855018441173,38.697240130012446,38.799320308318705,2476500
2023-11-30,39.752079010009766,39.87968167568005,39.011991986305674,39.011991986305674,3077700
2023-12-01,40.560218811035156,40.59849766101074,39.632982141361154,39.74357089418567,2328800
2023-12-04,40.65379333496094,40.67080723872642,40.330535653557504,40.330535653557504,1529800
2023-12-05,40.330535888671875,40.58573795650114,40.21144180668958,40.49216310778066,1489000
2023-12-06,40.151893615722656,40.77288648618069,40.032799537151284,40.458137386374894,1565600
2023-12-07,40.056854248046875,40.264221791668355,39.90132694230693,40.17781919783402,1016300
2023-12-08,39.814918518066406,40.26421589546808,39.6939502899459,39.78899510687413,1073800
2023-12-11,39.62482833862305,39.806275734234696,39.39585853520161,39.57298481299951,1541200
2023-12-12,40.10005569458008,40.389508010657515,39.408825053183335,39.66803613170115,1907300
2023-12-13,40.9986572265625,41.257868305397345,39.94020731858599,40.21238175300312,2725300
2023-12-14,41.34426498413086,41.534354619567345,40.7956016673672,41.162817584512695,3439400
2023-12-15,41.24923324584961,41.42635956956899,40.730807743349565,41.36155596975048,5838900
2023-12-18,41.43931198120117,41.54299904019079,41.136899632599935,41.53435680391796,1722000
2023-12-19,41.828125,42.02685356089501,41.4393068173589,41.52571268908302,1436600
2023-12-20,41.65532684326172,42.17375231353898,41.62076448603367,41.74173273633183,1710300
2023-12-21,41.84540557861328,42.078696484876694,41.45658740150758,41.871325691738015,1197200
2023-12-22,42.05278015136719,42.178066212628515,41.819492501898495,42.000939916395254,1282000
2023-12-26,42.51935958862305,42.64464564265417,41.82812902849214,42.02685760852682,1628700
2023-12-27,42.53664779663086,42.57984909577205,42.251516585460735,42.49344649748967,1018200
2023-12-28,42.91682052612305,42.934101703653276,42.45024191699717,42.45024191699717,728900
2023-12-29,42.64032745361328,42.86497946111679,42.57984498145023,42.709452162398215,1040300
2024-01-02,43.098270416259766,43.19763306509498,42.4329599263096,42.6576086378024,1215900
2024-01-03,42.41567611694336,42.934098216553785,42.26878776789044,42.864976808094475,1159900
2024-01-04,41.91453170776367,42.4415960410763,41.7806067134472,42.4415960410763,1642700
2024-01-05,41.62076187133789,41.8497350015533,41.279469327306956,41.65532422639466,1032200
2024-01-08,41.92317581176758,42.13054334149415,41.49115627944852,41.62076016151576,968900
2024-01-09,41.20602035522461,41.67260222475307,41.14122006449622,41.67260222475307,1206000
2024-01-10,40.84312057495117,41.257858865402355,40.78263811359664,41.24921992637183,1100200
2024-01-11,40.514793395996094,40.68760187744219,40.078452721955415,40.6184771664447,1316000
2024-01-12,40.54935073852539,41.05049164711243,40.51478838729946,40.86904424724715,1076000
2024-01-16,40.609832763671875,40.67031522963612,40.143250915335805,40.385184075239984,1100800
2024-01-17,40.212379455566406,40.73512270189785,39.90564597859742,40.26421969074299,1286600
2024-01-18,40.03092575073242,40.480223099891354,39.961801053294444,40.246935486155635,3200600
2024-01-19,40.186458587646484,40.27718559704786,39.56435265378599,40.039573517278,1634600
2024-01-22,39.9704475402832,40.49751192161174,39.87540600742926,40.212380730954685,1034900
2024-01-23,40.221012115478516,40.30309686975373,39.89267639442464,40.08276601651588,1860100
2024-01-24,39.659393310546875,40.68759858302499,39.60754978149645,40.68759858302499,920900
2024-01-25,39.788997650146484,40.160534705861174,39.71987623999236,40.05685094260629,1071200
2024-01-26,39.74580001831055,40.22102088105907,39.607553889219204,40.0136533354459,1292600
2024-01-29,39.780364990234375,39.806285111128396,39.42610905514178,39.711240273119756,845300
2024-01-30,39.60755157470703,39.74147657742479,39.15825085740362,39.633471692382074,1330800
2024-01-31,39.44338607788086,40.035250749576484,39.3742613680506,39.78899973888944,2029500
2024-02-01,40.12596893310547,40.12596893310547,39.21008972632104,39.382898181050194,2101100
2024-02-02,39.322410583496094,39.80627357492696,38.94223463768775,39.80627357492696,1224400
2024-02-05,38.605262756347656,39.12368483756168,38.56206146558769,38.89039391220121,2537200
2024-02-06,39.063209533691406,39.305142739191666,38.5188672374234,38.691672432147826,2419600
2024-02-07,39.14096450805664,39.51682264491528,39.034686765956806,39.21008920745242,1867100
2024-02-08,39.21873092651367,39.42178062532125,39.05456469788388,39.12368610613163,826500
2024-02-09,39.50386428833008,39.512503228102894,38.92495644213468,39.140966192974545,1574100
2024-02-12,39.38290023803711,39.73715610551363,39.261932006175485,39.55570540574484,1006400
2024-02-13,38.778076171875,39.054568423335446,38.233730609791415,39.054568423335446,2057900
2024-02-14,38.97679901123047,39.28785357216464,38.72622691536159,38.942236660893975,1555400
2024-02-15,39.236019134521484,39.57299388823468,39.14097429710537,39.261939255253914,1270000
2024-02-16,39.045928955078125,39.10641143337075,38.60527042808218,38.89040164059771,2536600
2024-02-20,38.95952224731445,39.27921578400697,38.70031118253545,38.87311965773729,1516700
2024-02-21,39.27058029174805,39.34834394761479,38.86448083377198,39.071851681432555,1054200
2024-02-22,39.261932373046875,39.56002689340857,39.20144990457455,39.25329343299968,1821200
2024-02-23,39.261932373046875,39.71123306458938,39.149609672196746,39.261932373046875,1348300
2024-02-26,38.41517639160156,39.159977650576735,38.39789521461718,39.03728557884936,1937200
2024-02-27,38.49293518066406,38.7175871570535,38.25100532551889,38.58797999405597,2011900
2024-02-28,39.33106231689453,39.54707210336954,38.14732960990488,38.52750564752369,2256600
2024-02-29,39.2964973449707,39.9013253660612,39.27057722705388,39.44338570394367,2734700
2024-03-01,39.22737503051758,39.352657794935325,38.717591848232104,39.352657794935325,1222300
2024-03-04,40.03092575073242,40.056845864248174,39.22736927127431,39.261928323946314,1759000
2024-03-05,39.27921676635742,40.030933157878295,39.19281417461938,40.030933157878295,1297200
2024-03-06,39.2964973449707,39.45548219844453,39.097768750164086,39.34834087685191,865900
2024-03-07,39.38290023803711,39.46930282189098,39.10640471840069,39.31377553411618,992200
2024-03-08,39.89268112182617,39.95316688733412,39.47880963625202,39.7198759496802,1371600
2024-03-11,40.02228546142578,40.13461145220034,39.75443218990097,39.79763677592382,1153400
2024-03-12,40.29878234863281,40.32902358472959,39.875405043277915,39.996369987665034,1578400
2024-03-13,40.151893615722656,40.43702477341842,40.026607564476244,40.221015022175756,1264600
2024-03-14,39.75660705566406,40.16945845955566,39.37450304221877,40.16945845955566,1472400
2024-03-15,39.65119934082031,40.17824432709785,39.51944060738768,39.58092868649271,3505300
2024-03-18,39.589717864990234,39.862024654194855,39.47552426295609,39.61606894590213,1354800
2024-03-19,39.89715576171875,39.93229276792182,39.317408562765415,39.52822724913452,1876200
2024-03-20,40.002567291259766,40.055269450388174,39.4316026611399,39.51944517776955,1342800
2024-03-21,40.14310836791992,40.327572610029655,39.77417653285138,40.08162028721668,1403500
2024-03-22,39.61606979370117,40.222171474442014,39.589718712225356,40.16068338376535,1167400
2024-03-25,39.5545768737793,39.976210880162945,39.501874717262105,39.83566621136839,755100
2024-03-26,39.70390701293945,39.888371260328164,39.475519834492225,39.5545764192087,1082800
2024-03-27,40.20459747314453,40.31879106201013,39.826883052999946,40.02891580200882,1107900
2024-03-28,40.46812057495117,40.709683305172184,40.23973673525532,40.40663248923116,1048500
2024-04-01,39.98500061035156,40.49886679037056,39.95864952958634,40.459340169222735,661000
2024-04-02,39.76539611816406,39.9674288730026,39.58971444195903,39.68633953141426,1131100
2024-04-03,39.70390701293945,39.765395095402354,39.53700791695513,39.642418930476545,734000
2024-04-04,39.63363265991211,40.230948327952156,39.55984696159707,40.020133004437525,946600
2024-04-05,39.66876983642578,39.730257918622065,39.21639179561774,39.528225169855816,934700
2024-04-08,39.92350769042969,40.002564274008726,39.56336177653612,39.59849878053772,1069500
2024-04-09,40.39784622192383,40.39784622192383,39.88836972868091,39.91472080562483,1016000
2024-04-10,38.02615737915039,39.756613138286845,37.97345186712738,39.756613138286845,1509000
2024-04-11,37.95588302612305,38.37751706601502,37.91196344191858,38.131564713790404,1294400
2024-04-12,37.753849029541016,37.96027475451908,37.38052754967719,37.81533711559626,995500
2024-04-15,37.604522705078125,37.947100150360605,37.27951041265933,37.85925763179493,1596600
2024-04-16,36.9808464050293,37.49032287548698,36.84030174953216,37.42004887231396,1655000
2024-04-17,36.91935729980469,37.2619346786132,36.71732457258041,37.121390027028966,1035600
2024-04-18,37.20045471191406,37.2443776476731,36.86666318592227,36.98085343651705,969300
2024-04-19,37.59572982788086,37.71870598029007,37.21801544499609,37.21801544499609,1061400
2024-04-22,37.753849029541016,38.017369877041986,37.428840095984796,37.58695327465526,1222400
2024-04-23,38.24575424194336,38.364337441756575,37.73627773702937,37.762632165426076,1132300
2024-04-24,38.16669464111328,38.44778394889582,37.80654875608885,38.03493256209384,1015600
2024-04-25,38.14912796020508,38.25453561793918,37.771413556571446,37.81533313472323,1026000
2024-04-26,37.29707336425781,38.59711228785832,37.06868955168364,38.07007065831856,1753800
2024-04-29,37.94709777832031,38.017368437930834,37.586951851837114,37.59573442771996,1344400
2024-04-30,37.534244537353516,38.17547977311267,37.47275645658545,37.70114027788839,1322600
2024-05-01,37.8856086730957,38.62346900878236,37.43762024561675,37.49910832768654,2075300
2024-05-02,38.21061706542969,38.395081309127974,37.657220983485715,38.157911559723416,2637900
2024-05-03,37.94709777832031,38.78158322285921,37.80655310825002,38.64103855278892,1088400
2024-05-06,38.342384338378906,38.40387242792521,38.00858945880644,38.201839655008854,1157600
2024-05-07,38.82550048828125,39.159295316357955,38.52684266333874,38.63225032189226,1844000
2024-05-08,38.667388916015625,38.900165707371514,38.474138741675254,38.69373999402597,1218800
2024-05-09,38.83428192138672,39.10219569841879,38.58832960837982,38.94847550278948,1166100
2024-05-10,38.88698959350586,39.16807892429154,38.83428408741512,38.98361467924765,877700
2024-05-13,39.106590270996094,39.11537284645827,38.77279543899869,38.9923966848932,661400
2024-05-14,39.422821044921875,39.519446140142804,39.16808276676662,39.22957085448003,633100
2024-05-15,40.32757568359375,40.51203993976242,39.81810249738753,39.8883731588973,1436500
2024-05-16,40.12554168701172,40.40663102608174,39.98499701747671,40.32757444004022,1101800
2024-05-17,40.441768646240234,40.64116428395197,40.09040529163435,40.18703038169343,697000
2024-05-20,40.82826614379883,40.8634031498494,40.31879295946289,40.31879295946289,1080700
2024-05-21,40.696502685546875,40.951237572797005,40.485684024501346,40.845829917698715,876400
2024-05-22,40.116756439208984,40.731640635398804,40.0025661969882,40.547176381796646,707700
2024-05-23,39.08902359008789,40.057904895050044,39.071455087496055,40.02891669823105,683000
2024-05-24,39.22078323364258,39.39646154688632,38.86063733013445,39.34375939325281,965600
2024-05-28,38.7464485168457,39.46674041255426,38.720097436784236,39.27349022317166,1510500
2024-05-29,38.27210998535156,38.60590486199428,38.10521422245497,38.60590486199428,1031300
2024-05-30,38.895774841308594,38.93969777482637,38.29845913464005,38.49170931940027,1096900
2024-05-31,39.440391540527344,39.52823071288279,38.983620472409854,39.0714596447653,1993900
2024-06-03,39.528228759765625,39.65120493532676,39.2998449124163,39.528228759765625,776900
2024-06-04,39.70390701293945,39.84445168011883,39.326192591610656,39.396463249775756,940400
2024-06-05,39.141727447509766,39.7214746051992,39.080239366455515,39.7214746051992,827600
2024-06-06,39.38768005371094,39.43159963322853,38.8869894753423,39.0099656383312,838400
2024-06-07,39.0391960144043,39.55298791640501,38.838148639484366,39.00345660702517,896200
2024-06-10,38.83368682861328,38.99452612054848,38.29755812791137,38.88730106213273,1688300
2024-06-11,38.8068733215332,38.91409835758314,38.44051799045867,38.65496806255855,1255200
2024-06-12,39.101749420166016,40.02210830675815,38.95878154583467,39.521719042286925,1108700
2024-06-13,38.985591888427734,39.36981870481746,38.949849066293076,39.02133130193926,957100
2024-06-14,38.789005279541016,39.00345877886998,38.476264143668296,38.878358915898154,923400
2024-06-17,39.01239776611328,39.09281741256405,38.60136553253074,38.672847769029666,767400
2024-06-18,39.44129943847656,39.47704225925008,38.9319761726345,39.01239581506341,1200200
2024-06-20,39.2625846862793,41.29988094775932,39.22684527782169,39.369813137520055,1216700
2024-06-21,39.646812438964844,39.7495721884825,39.35194271224165,39.36087671242362,2157100
2024-06-24,39.7451057434082,40.20975217760641,39.56639505200537,39.718300332715806,1540100
2024-06-25,39.200035095214844,39.76297251444033,38.99451901709626,39.61107066007454,910200
2024-06-26,39.34300231933594,39.37874513459824,38.81580772439562,38.86942194728908,811100
2024-06-27,39.9327507019043,39.950622112026096,39.20897733939754,39.271525570512374,931300
2024-06-28,40.397396087646484,40.442072907476565,39.655751334323156,40.09358894072994,1877500
2024-07-01,39.44129943847656,40.37952632773178,39.30726897351039,40.308044094807755,998500
2024-07-02,39.22684860229492,39.57533257680477,39.20897719224019,39.44129870570578,1232700
2024-07-03,39.40555953979492,39.85233460672513,39.22685223992144,39.49491659835492,485500
2024-07-05,39.86126708984375,39.93274931923293,39.14642775283773,39.35194384918803,771000
2024-07-08,40.23655700683594,40.29017123606888,39.86126762807397,39.99529808822201,1390900
2024-07-09,40.03104019165039,40.299104515774324,39.71829904827628,40.299104515774324,620700
2024-07-10,40.33484649658203,40.34378390542006,40.04891076897438,40.0667821780277,796500
2024-07-11,41.81814193725586,41.97451251532446,40.80842941960536,40.95854858317418,983800
2024-07-12,43.01549530029297,43.238882794298334,41.97004346448674,41.97004346448674,2000000
2024-07-15,43.980533599853516,44.14137287806218,42.92614429098467,43.07804616005793,1884500
2024-07-16,43.97159194946289,44.30667317864039,43.565028497211244,44.30220788312624,1915700
2024-07-17,43.980533599853516,44.355822976591824,43.739274682540525,43.91798537039713,1909100
2024-07-18,43.1584587097168,44.26646206552277,43.086976491489935,43.80181571687009,2825500
2024-07-19,42.926143646240234,43.122722332169346,42.56872227589543,43.06017410365243,2940200
2024-07-22,43.27462387084961,43.337172093965535,42.76530067769281,42.90826853176099,825200
2024-07-23,43.6856575012207,43.775014543421484,43.015495023516664,43.247819924616074,693700
2024-07-24,43.390785217285156,44.03413883996824,43.32823699575516,43.59630128925832,1181400
2024-07-25,43.76607894897461,44.570275319002086,43.444400400963616,43.480143219325456,1506800
2024-07-26,44.1860466003418,44.40943409234694,43.20313959034559,44.052012741689666,1425900
2024-07-29,44.59708023071289,44.68643386699743,44.02520877779725,44.33794991341589,979800
2024-07-30,44.9008903503418,45.16002068486104,44.603338017839064,44.71324565649943,1090300
2024-07-31,44.8562126159668,45.33426175023582,44.65516181212365,44.92769484656535,1848000
2024-08-01,43.891178131103516,45.31192286732575,43.68566202569061,45.0974727610788,1581900
2024-08-02,44.2217903137207,44.32454665329777,43.52481900667031,43.78394932071953,1734700
2024-08-05,43.024436950683594,43.74821032109967,42.47937086619254,42.47937086619254,2211600
2024-08-06,44.01626968383789,44.561335706724925,42.8814642302546,43.04230008768465,2676100
2024-08-07,43.900115966796875,44.93663391338221,43.850970440175,44.40050182531344,1553000
2024-08-08,44.07882308959961,44.346887407592035,43.74820713574031,44.06988568078031,1317100
2024-08-09,44.0877571105957,44.28433920124017,43.989466065273476,44.177110747094424,802500
2024-08-12,43.90903854370117,43.93584394811247,43.453329625598464,43.6499082723182,1124400
2024-08-13,43.8733024597168,44.17710958791255,43.60434508949739,44.08775595375842,684400
2024-08-14,44.302207946777344,44.58814365672982,43.86436697356243,43.86436697356243,897000
2024-08-15,44.01626968383789,44.507724890455776,43.98053027586599,44.507724890455776,2376300
2024-08-16,43.90903854370117,44.20391162671396,43.779473408009686,43.94478135533099,1083500
2024-08-19,44.507728576660156,44.57653162956052,44.025210738539265,44.025210738539265,1029500
2024-08-20,44.373695373535156,44.641759706972955,44.320081143398426,44.534534655322425,600700
2024-08-21,44.686431884765625,44.74898351773737,44.284337130698844,44.49878721171812,874300
2024-08-22,44.4451789855957,44.766854125868626,44.25753089299136,44.6864344886447,507800
2024-08-23,45.33872985839844,45.463826316767395,44.409437012482115,44.74898697707132,2253400
2024-08-26,45.59785461425781,45.87932504086903,45.36106441376581,45.48169557049138,1033300
2024-08-27,45.59785461425781,45.62466343165388,45.151079622047185,45.29404748320968,727300
2024-08-28,45.64253234863281,45.81677431339283,45.3655306414803,45.571046717642815,798900
2024-08-29,45.82124328613281,45.99995396932731,45.35659687327624,45.59785578429539,783100
2024-08-30,46.48247146606445,46.576293807144836,45.90166260190276,45.90166260190276,2206800
2024-09-03,46.107177734375,46.74160081251458,45.91506435178916,46.50927590823172,1140100
2024-09-04,46.43779373168945,46.82202049727132,45.95527592254627,45.95527592254627,1094100
2024-09-05,46.01782989501953,46.84436305121516,45.76763695916522,46.696926467462546,1452400
2024-09-06,46.03569030761719,46.56288487408948,45.856979649578356,46.01781890095108,1317500
2024-09-09,46.562889099121094,46.67011414022488,45.946337443373466,45.99995166823666,1528100
2024-09-10,46.768402099609375,46.996258279484714,46.48246640309311,46.60756284424118,1191700
2024-09-11,46.67011260986328,46.768403647911434,45.83017689961788,46.50033934963078,895200
2024-09-12,46.562889099121094,46.947115855750816,46.35737301674609,46.84882481447959,1079500
2024-09-13,46.80771255493164,47.16588900337492,46.67169841517638,46.93466046899838,1673000
2024-09-16,46.834922790527344,47.206700343874616,46.69890517822427,47.0072087682492,2012300
2024-09-17,46.5538215637207,47.025344907153396,46.45407577542723,46.843989242899035,1260500
2024-09-18,46.42687225341797,47.102418537092696,46.35432860624865,46.61729413863021,862700
2024-09-19,46.10950469970703,46.67170765772491,45.98255676050039,46.59009777408179,1072900
2024-09-20,46.15483856201172,46.16390478799251,45.783061033515295,46.06415900684714,2121400
2024-09-23,46.381534576416016,46.68076847571682,46.20924514253929,46.5084825009116,1107600
2024-09-24,46.182044982910156,46.57649330155491,46.06416327979707,46.32712882556024,837400
2024-09-25,45.82840347290039,46.290857141802974,45.68331962980628,46.290857141802974,732000
2024-09-26,46.172977447509766,46.277258085711196,45.656116017804194,45.71958998572791,1006300
2024-09-27,46.018821716308594,46.63542886529223,45.87827272732912,46.59009081649931,1242800
2024-09-30,46.653568267822266,46.76238028488223,45.910013142947875,46.200180827822194,2417200
2024-10-01,46.372467041015625,46.698906552895096,46.01882538950342,46.67170441326236,1173300
2024-10-02,46.381534576416016,46.57195646315939,46.09136690354854,46.1457711802915,1381700
2024-10-03,46.354331970214844,46.363401656304944,46.0550980516045,46.34526574319648,1138500
2024-10-04,46.24551773071289,46.40873748178231,45.74679225092148,46.24551773071289,1326200
2024-10-07,46.24551773071289,46.3271276062476,45.937214140811946,46.15484162859502,985400
2024-10-08,46.25458526611328,46.39876283227329,46.00522424869745,46.24551903927358,1234500
2024-10-09,46.27272033691406,46.52661965173744,46.21831605872245,46.25458442449299,1298500
2024-10-10,45.72865676879883,46.27272030476654,45.56997185906421,46.27272030476654,861800
2024-10-11,46.04602813720703,46.06416405022557,45.7422593770578,45.96441825815944,574800
2024-10-14,46.26365280151367,46.40873663770644,45.79212946911931,45.93721330531208,499700
2024-10-15,46.28179168701172,46.95280317536371,46.25458608786597,46.38153747937879,1041300
2024-10-16,46.5266227722168,46.79865455863445,46.336197408559784,46.336197408559784,1177800
2024-10-17,46.218318939208984,46.56289091946943,46.16391119855489,46.435942983681706,1311500
2024-10-18,46.68077087402344,46.7306437696478,46.13670732421258,46.13670732421258,914400
2024-10-21,46.00069046020508,46.74424560468456,45.88734359721648,46.49941596554057,1013400
2024-10-22,46.0732307434082,46.33619281741608,45.84653703400974,46.01882300788684,848900
2024-10-23,46.172977447509766,46.29992884242901,45.84654138064716,45.92815126213077,1105700
2024-10-24,46.100433349609375,46.408736935883795,46.06416152556026,46.16390731215956,1026100
2024-10-25,45.13018798828125,46.354332741357574,44.9669682266615,46.32713060077821,1539600
2024-10-28,45.78306579589844,45.8646756745,45.22086287261137,45.22086287261137,1919900
2024-10-29,46.12763977050781,46.16391159792433,45.32061063538544,45.656116391308615,2367700
2024-10-30,46.04602813720703,46.70797339656112,45.96441825815944,46.06416405022557,1252900
2024-10-31,45.51102828979492,46.20471395282328,45.2934042637665,45.86467338546628,2030000
2024-11-01,45.17552185058594,46.218314290946935,45.0304380158382,45.583571216773784,1296600
2024-11-04,45.87374496459961,46.13671053088299,45.17552783640162,45.17552783640162,1111300
2024-11-05,46.04602813720703,46.04602813720703,45.41128847691661,45.67425056800619,824000
2024-11-06,44.468238830566406,46.499412528088165,43.906035941171936,46.499412528088165,2220300
2024-11-07,44.78561019897461,45.15285291379132,44.440128503663885,44.549850255170796,1542700
2024-11-08,45.13018798828125,45.27527183649082,44.858156205272266,44.894424573020814,1055800
2024-11-11,44.640525817871094,45.14832098331678,44.613323679050076,45.00323714448538,1161500
2024-11-12,44.57705307006836,44.83094893017846,44.25061355902871,44.59518898280074,937700
2024-11-13,44.51357650756836,45.08484561855285,44.10552714257944,44.98509983388095,1358600
2024-11-14,44.17807388305664,44.52264585178072,43.97858229974249,44.52264585178072,988500
2024-11-15,44.60425567626953,44.65866341503589,44.06925835181791,44.20527596919796,982500
2024-11-18,44.82188034057617,45.1573860607601,44.40385847020627,44.54077889664983,1190600
2024-11-19,45.565433502197266,45.61077155018618,44.277814952141156,44.51357487712631,1499300
2024-11-20,45.82840347290039,46.07323310669764,45.32060829253516,45.937215490453056,1223000
2024-11-21,45.92814636230469,46.036958372983655,45.583570959571254,45.801194980929196,752300
2024-11-22,46.172977447509766,46.46314860539623,46.10950347958605,46.15484499302169,1010900
2024-11-25,46.49940872192383,46.934660192908545,46.336188987920664,46.336188987920664,1950500
2024-11-26,46.39966583251953,46.671701045503895,46.12763407860659,46.671701045503895,1372200
2024-11-27,46.84398651123047,47.134154173487914,46.60822658279806,46.617292808899876,737000
2024-11-29,46.79865264892578,47.3971239382516,46.78958296294126,46.853056928546145,843700
2024-12-02,46.562889099121094,46.93466666471008,46.345265063156255,46.93466666471008,1046700
2024-12-03,46.327125549316406,46.671700948393934,45.95988285525163,46.671700948393934,804900
2024-12-04,46.60822677612305,46.70796909994226,46.16390559572069,46.445007033042295,1126300
2024-12-05,46.717044830322266,46.8186031797681,46.38153907460701,46.49035109771729,1102900
2024-12-06,46.413326263427734,47.02996008105566,46.18323838923302,46.85509456057812,1474200
2024-12-09,46.100406646728516,46.578989846695855,46.05438977402946,46.47775062024053,807600
2024-12-10,45.77828598022461,46.284478612179484,45.511383197805024,46.035983281395296,1019900
2024-12-11,45.65863800048828,46.03598197111784,45.41934464690135,45.60341564715384,1329800
2024-12-12,45.64943313598633,45.989965719854055,45.35492093594995,45.35492093594995,815400
2024-12-13,46.100406646728516,46.22005332443594,45.64943286820814,45.76907954591556,1173700
2024-12-16,45.82430648803711,46.34890661323146,45.77368686974093,46.00837750812662,1056300
2024-12-17,45.08802032470703,45.85191022364204,45.06961287389552,45.54819606240786,1274900
2024-12-18,43.34855270385742,45.410141535311396,43.33014876407088,45.03279757416705,1381300
2024-12-19,42.75952911376953,43.88235904798113,42.69510479074384,43.35775898285066,1449600
2024-12-20,43.33014678955078,43.91917114002134,43.00802168416952,43.00802168416952,4321600
2024-12-23,43.80873107910156,43.86395343437773,43.16448782185848,43.25652156978965,1189200
2024-12-24,44.20448303222656,44.23209596561911,43.6016539012369,43.67068096842455,394000
2024-12-26,44.213687896728516,44.30111890380796,43.91917569097555,44.0848392455694,625700
2024-12-27,44.038818359375,44.508199595666866,43.873154806667564,44.25970426660571,875100
2024-12-30,43.928375244140625,44.05722388820954,43.560236762638326,44.048021918288434,860300
2024-12-31,44.324127197265625,44.351736618227626,43.955985200414894,44.351736618227626,1050800
2025-01-02,43.96519088745117,44.49899292343907,43.78111988816275,44.49899292343907,1104300
2025-01-03,44.04801940917969,44.103238247285375,43.41757742419753,44.02040999012685,1294700
2025-01-06,43.83633804321289,44.41615689578086,43.74430079695149,43.891556880107764,838200
2025-01-07,43.34855270385742,44.41616026545085,43.15527973833861,43.9191731413828,1078300
2025-01-08,42.86997604370117,43.2749294538511,42.70431248708019,43.228912579425824,1055700
2025-01-10,41.98643493652344,42.345371463970686,41.899003930390386,42.26253968757037,982800
2025-01-13,42.72271728515625,42.72271728515625,41.912810448610074,42.124490883902546,944300
2025-01-14,43.17368698120117,43.31174110497145,42.65368966860924,42.676696348662816,773400
2025-01-15,43.10926818847656,43.98360289247744,43.10006621744741,43.66147773265467,1105200
2025-01-16,44.167667388916016,44.25970112906821,43.182888112804356,43.18749085307061,1081500
2025-01-17,44.22288513183594,44.41615808787924,43.983595306857865,44.17686826290116,934900
2025-01-21,45.23527145385742,45.29969576919327,44.3517314662223,44.443768710174844,1179400
2025-01-22,44.2965202331543,44.885544652095135,44.204482973405746,44.885544652095135,1242200
2025-01-23,43.974395751953125,44.52660878616544,43.762715317640286,44.33333229321674,1343500
2025-01-24,44.278114318847656,44.43457239955979,43.76271617894499,43.97439661742396,861800
2025-01-27,45.66783905029297,45.78748572467526,44.5910295134391,44.77510050998211,1107800
2025-01-28,45.0143928527832,46.00837418290977,44.95917049748869,45.47456861431681,754000
2025-01-29,44.213687896728516,45.097224513987406,43.840943143461146,45.00519076626302,811900
2025-01-30,44.57262420654297,45.07421409761421,44.204482195750145,44.51740185166532,932300
2025-01-31,44.535804748535156,44.85700649603026,44.25049805466884,44.2689019935501,1042500
2025-02-03,44.563419342041016,44.77510328323709,43.7765192061718,44.3149275188086,698500
2025-02-04,44.69226837158203,44.931558207527424,44.1216479358791,44.56341621745213,922600
2025-02-05,45.17085266113281,45.43775192407177,44.79350518108547,45.032798533756356,1135700
2025-02-06,45.41013717651367,45.42854462539557,45.05120070047146,45.38252775862178,1071900
2025-02-07,45.17085266113281,45.43775192407177,44.86713498524953,45.43775192407177,785600
2025-02-10,45.17085266113281,45.25368092452393,44.848727534208514,45.0235930528047,745700
2025-02-11,44.87633514404297,45.143237907071516,44.4161594191781,44.99598181554924,880800
2025-02-12,44.58642578125,44.710675193269154,44.18147240655305,44.21368456691687,761700
2025-02-13,45.37332534790039,45.41934221778686,44.54961038674267,44.68306176701693,677300
2025-02-14,44.73828887939453,45.96879703349099,44.678463782398346,45.391737629577825,1105300
2025-02-18,45.134037017822266,45.262885662131005,44.577224798709636,44.66465580114072,871100
2025-02-19,45.08802032470703,45.272087811097556,44.71987833020146,45.05120542308402,1212400
2025-02-20,45.45615768432617,45.59421180656757,45.08801920978606,45.12483059963655,1138400
2025-02-21,45.207664489746094,46.39491876191119,44.637047545403014,46.00837281889688,2111100
2025-02-24,44.959163665771484,45.50217112230358,44.53580287209884,45.235271889425896,1694700
2025-02-25,45.54819869995117,46.04518585719161,44.98678370570853,44.98678370570853,1603700
2025-02-26,45.83349609375,46.123409013205844,45.124825139658235,45.23526982843272,1005400
2025-02-27,45.94394302368164,46.201643818890254,45.59421199802925,45.66783828890158,1067600
2025-02-28,46.15562438964844,46.459338527811774,45.88872163944958,46.38571224102084,1944900
2025-03-03,45.88872528076172,46.50535908615645,45.759876635506835,45.99916647514272,1213900
2025-03-04,45.82430648803711,46.31209170704102,45.59421859064089,45.92554572462947,1433900
2025-03-05,46.38571548461914,46.44093432585811,45.585007178031695,45.585007178031695,1083400
2025-03-06,46.04518127441406,46.49615502337021,45.71385419532173,46.20164284436861,1225200
2025-03-07,46.5789909362793,46.71980460633251,45.7138582615054,46.16483205057503,2344400
2025-03-10,46.606597900390625,48.08376158911315,46.5329716084053,46.63420732102735,2165000
2025-03-11,46.63420867919922,47.232438556740696,46.37651138345205,46.84589261311993,2143400
2025-03-12,45.7874870300293,46.58635215845922,45.35032147278099,46.404120848536365,1184600
2025-03-13,45.47456741333008,46.31208713676779,45.419345059494,45.88872628994485,1257200
2025-03-14,46.53081130981445,46.60559134590384,45.54000079158875,45.586736531290434,1286600
2025-03-17,47.25055694580078,47.4375034854863,46.42799431060969,46.63363586083463,944200
2025-03-18,47.26924514770508,47.59079357753357,47.15707866633363,47.25055013985848,1133500
2025-03-19,47.54966354370117,47.83008153240011,47.11968905664892,47.37206631619042,1272300
2025-03-20,47.661834716796875,47.83008266142115,47.416934741536,47.745960471963144,917900
2025-03-21,46.92340087890625,47.5122812020941,46.79721045536889,47.35337540314122,1904000
2025-03-24,47.783348083496094,47.9235588674141,47.20381707033781,47.3066378364499,1328300
2025-03-25,47.40945816040039,47.81326036495485,46.970134369549086,47.66183542967401,1247900
2025-03-26,47.65248107910156,47.830078294590045,47.390758116127394,47.45618885687094,908300
2025-03-27,47.1944694519043,47.97496732226423,47.100994411146445,47.83943118744651,1483400
2025-03-28,47.11034393310547,47.53096913863551,46.74579662089348,47.325331179358756,887400
2025-03-31,47.57770919799805,47.87682220325118,47.15708042007699,47.15708042007699,1763100
2025-04-01,47.46554183959961,48.08246289364739,46.78319003479741,47.61509835071094,1215100
2025-04-02,47.2598991394043,47.63378859693946,47.08229834879507,47.166424100739405,1294000
2025-04-03,46.19430923461914,47.56836211767041,46.15692278150928,47.11034686712562,1620800
2025-04-04,44.76417541503906,46.25039480630028,44.70341930802674,45.614778741754066,1880900
2025-04-07,43.45555114746094,44.866990315559725,42.32452638998477,43.4228357763175,1717900
2025-04-08,42.92275619506836,44.184642549953324,42.42735094039593,43.857485243557214,1479400
2025-04-09,44.68939971923828,44.820261223206856,41.5730132306692,42.427353434739125,2194600
2025-04-10,43.829444885253906,45.25957920055745,43.343385348027915,44.4744102162405,1410300
2025-04-11,44.56787872314453,44.75949631276336,43.081659479923886,44.02573419503636,1724100
2025-04-14,45.26892852783203,45.60543155895506,44.82960472989826,44.88568975698822,1028100
2025-04-15,45.624122619628906,45.79237412062977,45.17077849558258,45.18479885971464,1163900
2025-04-16,45.85780715942383,46.54950463975866,45.521304140576284,45.8297628640477,1748000
2025-04-17,46.28778076171875,46.82992173052351,45.820416259155806,45.820416259155806,904300
2025-04-21,45.614776611328125,46.27843337646742,45.236212489723435,46.27843337646742,1098000
2025-04-22,46.07279586791992,46.596241855430456,45.87650362260347,46.147572337974985,1203100
2025-04-23,46.325172424316406,47.02621920307944,45.94193366122095,46.895354142515366,2241900
2025-04-24,45.82976531982422,46.66167362449254,45.801724588653784,46.66167362449254,1290000
2025-04-25,44.623966217041016,45.37641981848596,43.946285519386144,44.96981496560137,3185700
2025-04-28,44.64265823364258,44.820259036686004,43.91357070955217,44.41832525655709,2343000
2025-04-29,45.10067367553711,45.30631519394439,44.380931926819734,44.736129940693736,1655500
2025-04-30,44.73612976074219,45.22966655036792,44.2874602761468,45.02589346383257,2415600
2025-05-01,44.10986328125,44.857649385605754,43.79205525661133,44.698743590432215,1739000
2025-05-02,44.11920928955078,44.58657378718223,44.04442925838984,44.23137577058405,1617800
2025-05-05,43.305999755859375,43.88553078395525,43.22654507454675,43.77336429335473,2689900
2025-05-06,43.48359298706055,44.053778240744464,43.128394972916645,43.305995762842656,1701500
2025-05-07,43.54902648925781,43.894875238621935,43.42751071461861,43.56772149810295,1714400
2025-05-08,43.39012145996094,43.82944526127641,43.19382921219766,43.605112282606505,1290300
2025-05-09,43.829444885253906,44.022934484549886,43.343385348027915,43.343385348027915,1214700
2025-05-12,43.46489715576172,44.268764641413824,43.28262529165549,44.14724887677366,1985900
2025-05-13,42.97883987426758,43.67054091737653,42.689072594665085,43.64249662211936,2475500
2025-05-14,42.96949005126953,43.18447727727529,42.63111863503477,42.78254355213603,1858000
2025-05-15,43.829444885253906,43.89487563394699,43.133072736615645,43.203178128989194,1783100
2025-05-16,44.50244903564453,44.64265624866173,43.91356875698929,43.91356875698929,2115400
2025-05-19,44.40897750854492,44.530493288674926,44.27344492828314,44.39963178655423,1328400
2025-05-20,44.212684631347656,44.24072892834092,43.95096163080022,44.11921314992599,1106400
2025-05-21,43.35273361206055,44.23137762070488,43.273278934201564,44.15660115212432,2013000
2025-05-22,43.025577545166016,43.32936520319174,42.791895279870594,43.287304106978596,1735000
2025-05-23,43.212520599365234,43.39479246639744,42.810586850087006,43.02557408900427,1183400
2025-05-27,43.4088134765625,43.78270650284764,43.175131226561334,43.539678531758014,2077300
2025-05-28,43.25925827026367,43.50228981431474,42.85732450300928,43.464899797428686,1646000
2025-05-29,43.184478759765625,43.61445322653785,43.00687797492335,43.32468596464804,1338400
2025-05-30,43.65184783935547,43.70792930093321,42.67972876064622,43.16578830000084,3803600
2025-06-02,43.48359298706055,43.520983002382664,42.83863126844051,43.43685725076195,1404300
2025-06-03,43.29664611816406,43.53593722225571,43.11437425211098,43.36207686158271,1228700
2025-06-04,43.081661224365234,43.34338421227949,42.960145451815784,43.33403849087182,1420600
2025-06-05,43.081661224365234,43.2545873789276,42.81993823645098,43.184481988391056,1866300
2025-06-06,43.4088134765625,43.44620349233265,43.072314031755674,43.2218705291281,876400
2025-06-09,43.782711029052734,43.969657561521615,43.23122071940923,43.408817964114974,938900
2025-06-10,44.63330841064453,44.652003417968515,43.87617665970959,43.87617665970959,1311300
2025-06-11,44.521141052246094,45.10067200500019,44.3435402690334,44.78286401819156,1185700
2025-06-12,44.31550216674805,44.609940520879505,44.156599946784205,44.36223790404869,1207100
2025-06-13,43.9068489074707,44.467564213255756,43.66925773765252,44.267988500693335,1008200
2025-06-16,43.6454963684082,44.16819620733126,43.441167821105594,43.963867660028654,1023700
2025-06-17,43.811805725097656,43.99237731567716,43.30336081937962,43.68826093984693,1061200
2025-06-18,44.08741760253906,44.296498995464695,43.69776822276631,43.78330119029465,905100
2025-06-20,44.3630256652832,44.55309933540645,43.42216299211766,43.42216299211766,2163600
2025-06-23,44.86671447753906,44.90472993381124,44.22997189907055,44.36302237066973,1159100
2025-06-24,44.98076248168945,45.132820686953,44.600615155853795,44.92373929520803,1306100
2025-06-25,44.08741760253906,44.923739548888,44.04940214467011,44.923739548888,1487400
2025-06-26,44.144439697265625,44.36302313657422,43.69776714173955,44.20145925730486,1282500
2025-06-27,44.07791519165039,44.52458412923401,43.87833585214115,44.144440429702286,1655400
2025-06-30,44.3630256652832,44.39153544692789,43.57422120314552,44.11592880651686,1666500
2025-07-01,45.07579803466797,45.37041239694978,44.401039967398965,44.42004769645137,1790200
2025-07-02,45.82658386230469,45.84559159004813,45.05678720278562,45.18983767163631,2184900
2025-07-03,45.81707763671875,46.121194026262714,45.59374137010136,45.66501944194677,985600
2025-07-07,45.22785568237305,45.997652385383525,45.09480520600537,45.807578722563875,1460000
2025-07-08,45.11381149291992,45.46544540141772,44.828699195126255,44.90473010796549,1504100
2025-07-09,45.09480285644531,45.34189606748914,44.952246710419736,45.18983787022677,1447800
2025-07-10,45.82658386230469,46.159210034431425,44.99976401955531,45.00926969610371,1710600
2025-07-11,45.42742919921875,45.70303581570616,45.16132825935692,45.64601263201288,1507500
2025-07-14,45.68403244018555,45.75055768148895,45.26587326265648,45.39892374526328,1194700
2025-07-15,44.96175765991211,45.836091490370094,44.95225198220715,45.70304100533117,1464700
2025-07-16,45.23735809326172,45.403674815395355,44.83820666098966,45.1043076158377,1106800
2025-07-17,45.09480285644531,45.389413574379866,44.952246710419736,45.066289452028165,1154500
2025-07-18,45.332393646240234,45.37991115274311,45.00926952652594,45.104304539531704,1346200
2025-07-21,44.31550598144531,45.284878388730355,44.26798847258256,44.94274652435286,2444900
2025-07-22,45.03778076171875,45.14232145461758,44.47706546600515,44.534088650864554,2676100
2025-07-23,44.790687561035156,45.19934465595952,44.7431700529784,45.009270998379016,1509800
2025-07-24,44.8096923828125,44.98075830100366,44.372521911127734,44.648128515474966,3067800
2025-07-25,44.3630256652832,44.586361955776496,43.184571810802034,44.09692470232289,3986300
2025-07-28,43.4506721496582,44.28699041584297,43.40315101775965,44.258480636986526,1495600
2025-07-29,43.963871002197266,44.08741943272337,43.33663042273556,43.716777766498794,1800400
2025-07-30,43.46017837524414,44.45806060995474,43.28911243496761,43.887843225935455,2301800
2025-07-31,43.317623138427734,43.74053512400773,43.05151856718666,43.20357676845864,2004200
2025-08-01,43.85932922363281,44.05890492629845,43.203575307226615,43.735780806355024,2029300
2025-08-04,44.74317169189453,44.76217579553056,43.859332233321126,43.859332233321126,1846100
2025-08-05,44.22046661376953,44.724162350451074,44.09692181782149,44.724162350451074,1396800
2025-08-06,43.53620529174805,44.27273570962991,43.51719756398064,44.22997104116828,1089900
2025-08-07,43.82131576538086,43.935358511336716,43.365141156203904,43.7452848511746,1137800
2025-08-08,43.63124084472656,44.058905661397844,43.57421766071925,43.85932995540239,972000
2025-08-11,43.27960968017578,43.73578430505525,43.24159422176408,43.46968334688064,1385400
2025-08-12,43.59322738647461,43.65025057309513,43.08953526006424,43.365141890699704,1123100
2025-08-13,43.954368591308594,44.068411343365376,43.536209416864565,43.6597542210287,1563300
2025-08-14,43.62173843383789,43.83081618943447,43.393649325042155,43.75478890340482,1167600
2025-08-15,43.9068489074707,43.9638684680008,43.593226823141,43.70727319490828,1495800
2025-08-18,44.239479064941406,44.757429746807624,43.90685284748888,43.982880143469224,2378700
2025-08-19,44.63862991333008,44.657637641859075,44.32500783063193,44.32500783063193,1520400
2025-08-20,45.11381149291992,45.2943794728829,44.75267190764049,44.95224761581328,3479600
2025-08-21,45.03778076171875,45.22310158081996,44.77928218265907,44.98076120221283,1334800
2025-08-22,45.76006317138672,45.874105923817254,45.21360272690339,45.2611202383033,1915300
2025-08-25,45.49395751953125,45.79807393581341,45.49395751953125,45.6175059465689,1498100
2025-08-26,45.379913330078125,45.7743155411469,45.29438036412771,45.61750449934555,2302900
2025-08-27,45.569984436035156,45.93112400817614,45.42742829232459,45.42742829232459,2268900
2025-08-28,45.59849548339844,45.627005262792494,45.1755835040706,45.49395479181566,1130600
2025-08-29,45.62700653076172,45.855095648313025,45.40842309017488,45.61750447915078,2326400
2025-09-02,45.180335998535156,45.479699555954454,44.99501518317748,45.38941375475591,2118900
2025-09-03,45.4559440612793,45.67927671419394,45.10430652192565,45.10430652192565,2107400
2025-09-04,45.94062805175781,45.978643508443184,45.39416764430446,45.55573152254053,2185400
2025-09-05,46.026161193847656,46.2922621409629,45.6270061478213,46.092686430626465,2850000
2025-09-08,45.55097579956055,45.893107637356096,45.218349638011134,45.750551496490196,2469400
2025-09-09,45.71253967285156,45.76956285879754,45.16133004345462,45.531971688719615,2350200
2025-09-10,45.66501998901367,45.836085913350686,45.560479299101786,45.617502482331915,1588000
2025-09-11,46.00715637207031,46.03091694042968,45.41793125536617,45.48445649634791,2402000
2025-09-12,46.412845611572266,46.615689633236336,45.83812088352406,46.18102492530572,2422000
2025-09-15,46.190677642822266,46.577050324888795,46.103743973593446,46.403182986431155,1383100
2025-09-16,45.572486877441406,46.26795627061636,45.522256730958546,46.13755391703447,1520000
2025-09-17,45.76567459106445,46.53841633718171,45.69322924633274,45.707717578334425,1907000
2025-09-18,45.562828063964844,45.87192845510693,45.23441603752794,45.51453239447255,1998200
2025-09-19,45.03156661987305,45.70288634907329,44.96878262038985,45.69805936161375,5068000
2025-09-22,44.21052932739258,45.15713841783495,44.171891319279034,45.01224772977077,2164500
2025-09-23,44.79008102416992,44.896333695376406,44.20086434545974,44.20086434545974,1450100
2025-09-24,44.18155288696289,44.71281260467776,43.99802418985761,44.62587892834454,3500600
2025-09-25,44.52928161621094,44.66934162558084,44.2105272758736,44.24916528219421,1965100
2025-09-26,45.28270721435547,45.340660538107095,44.62587585720155,44.72246718660294,1626400
2025-09-29,45.273048400878906,45.495211418697146,45.07020438696528,45.388962424306605,1687800
2025-09-30,45.021907806396484,45.33583516521353,44.89633612592503,45.22475181619587,2050700
2025-10-01,45.53384780883789,45.678738490613405,44.94463110721134,45.19577446432582,2081700
2025-10-02,44.9929313659668,45.44691505423076,44.6548543299063,45.35998138035499,1896200
2025-10-03,45.273048400878906,45.44691575129722,44.88667937695627,45.00258971566074,1593300
2025-10-06,44.625877380371094,45.475895110063604,44.50030570008486,45.417938099610765,1407900
2025-10-07,44.34575653076172,44.67417221442969,44.158366253650804,44.60655754585597,1699300
2025-10-08,43.71790313720703,44.29263152204754,43.65511913871176,44.19120951614449,2468400
2025-10-09,43.37982940673828,43.9497271145132,43.104540054618724,43.89177010390581,2020200
2025-10-10,43.109371185302734,43.621311887916555,42.90652348838046,43.44744453896786,2130800
2025-10-13,42.8195915222168,43.35085120405072,42.8195915222168,42.92584051080516,1529000
2025-10-14,43.15766906738281,43.18664573212043,42.698854680327955,42.877549025841155,1516900
2025-10-15,43.30255889892578,43.54404092619691,42.89686717705416,43.09971119562831,2165100
2025-10-16,43.08039093017578,43.54403965152035,42.8968659213225,43.302557631318194,1809800
2025-10-17,43.30255889892578,43.32187421855095,42.771295491150646,42.96448184991221,1724400
2025-10-20,43.57301712036133,44.32160918599321,43.54404045651281,43.85313715330794,2517400
2025-10-21,43.582672119140625,43.79517746698405,43.24459877913796,43.57301446002186,2737000
2025-10-22,43.601993560791016,43.88211359230228,43.45710655756755,43.62131256483213,1598500
2025-10-23,43.51506042480469,43.766203795731535,43.29965886992277,43.57301743764703,1613800
2025-10-24,43.28323745727539,43.872450475470465,43.26391845401477,43.77585914389045,1411400
2025-10-27,43.45710754394531,43.49574186818119,43.02726614253981,43.27357884375068,1454800
2025-10-28,42.92584228515625,43.350852995969746,42.838908611101054,43.350852995969746,1597700
2025-10-29,42.16276168823242,42.7761243908055,41.80536564968061,42.73265939636505,1895600
2025-10-30,41.28376770019531,42.27867244203112,41.245129692718166,42.191738767569134,2978600
2025-10-31,43.13834762573242,43.31221497378305,40.815291787504904,41.78604684861051,4095200
2025-11-03,43.92074966430664,43.98836433310838,42.462196243644975,42.645724931583764,4678500
2025-11-04,43.650291442871094,44.10427884905948,43.43778975708534,44.10427884905948,2339000
2025-11-05,43.5633544921875,43.88211252402104,43.51505882562207,43.73722183960158,1831300
2025-11-06,42.67470169067383,43.74688241942021,42.65538268744056,43.621310740765495,2448900
2025-11-07,43.4184684753418,43.42812613498423,42.67470340228366,42.694022406291786,1809400
2025-11-10,43.447444915771484,43.72756494536522,43.263919905722084,43.4184682522698,1854300
2025-11-11,43.601993560791016,43.80483757613783,43.437787553526434,43.62131256483213,1441600
2025-11-12,43.23493957519531,43.476421597070164,43.08522190074434,43.35085359869597,1423500
2025-11-13,43.09971237182617,43.413639752790424,42.94516401754393,42.99345968737149,1631500
2025-11-14,43.022438049316406,43.11902938450879,42.65538434308349,42.96448103736703,1674900
2025-11-17,42.462196350097656,43.07556272755223,42.404243025106936,42.93550271761948,1222400
2025-11-18,42.32696533203125,42.55878967696143,42.02752632081371,42.34628433450234,1776100
2025-11-19,41.47694778442383,42.28350048019339,41.32239944886566,42.19173613933221,2070400
2025-11-20,41.351383209228516,41.75707124179344,41.20649252061346,41.641160901735354,5424500
2025-11-21,41.573543548583984,41.8343445604382,41.28859286194358,41.39001486354415,2607700
2025-11-24,41.55422592163086,41.77638893507256,41.19200289618225,41.53490691810682,3337400
2025-11-25,41.824684143066406,42.13378082661659,41.486610796909375,41.59286347276534,2187400
2025-11-26,41.824684143066406,42.25935250578482,41.74258114253158,41.824684143066406,1986100
2025-11-28,42.04684829711914,42.24003465077057,41.9405956183747,42.00821397416743,1427000
2025-12-01,42.307647705078125,42.404242720574125,41.563882667012784,41.795707019480105,3902900
2025-12-02,41.78604507446289,42.375261763981634,41.520417076296965,42.25935143177692,2899500
2025-12-03,42.230377197265625,42.307649528269295,41.63149912955182,41.78604747628239,3248400
2025-12-04,41.312744140625,42.182077195832996,41.061600778101244,42.03719019565992,3068300
2025-12-05,41.21435546875,41.88338804704358,41.10121240585668,41.332418937516515,2756800
2025-12-08,41.17499923706055,41.30782392186259,40.7912901532679,41.13564725005435,2856200
2025-12-09,40.66339111328125,41.44064636772632,40.50596814682442,41.19467861239267,2433400
2025-12-10,41.21435546875,41.229112933199566,40.72241997019119,40.850324250704084,4608400
2025-12-11,41.3619384765625,41.520341019797094,41.17500058120819,41.37177553534269,5737500
2025-12-12,42.788551330566406,43.22145321830393,41.912902990171645,42.05064808247768,3962600
2025-12-15,43.31983947753906,43.393630554107474,41.32258252326246,42.945971195087225,4323000
2025-12-16,43.53628921508789,43.57072454795608,42.85741961575646,43.35919214514581,3253700
2025-12-17,44.75629425048828,44.86451690978189,43.546129595821604,43.57564827851085,4500100
2025-12-18,44.69725799560547,45.06128919977581,44.4414494443302,44.64806519825864,4042100
2025-12-19,43.94951629638672,44.67758249652684,43.86097150836636,44.59887476722983,5089000
2025-12-22,44.234840393066406,44.24959785793747,43.60516353743374,43.723227009572334,2422400
2025-12-23,43.98887252807617,44.27419602544542,43.851131185393115,44.27419602544542,2447200
2025-12-24,43.96919250488281,44.24467892993356,43.7871787766058,44.09709678247174,896500
2025-12-26,43.91016387939453,44.0577422778236,43.67895359336864,43.92492134392044,1282700
2025-12-29,43.96919250488281,44.239758524172856,43.76258050097219,44.00854824462862,1876100
2025-12-30,44.323387145996094,44.38242075626708,43.94951512061973,43.95935593224987,1627200
2025-12-31,43.96919250488281,44.28403091650946,43.93180717934324,44.175808261963354,1925300
2026-01-02,43.703548431396484,43.95443658965452,43.27162986900037,43.85113058405887,2374500
2026-01-05,44.333229064941406,44.45129253526232,43.250968701961256,43.5854849955122,3321500
2026-01-06,43.91016387939453,44.579196461149024,43.634677446620906,44.175809500370875,2428200
2026-01-07,44.16596603393555,44.56443256486484,44.02920803289944,44.04790257165461,2406100
2026-01-08,44.09709548950195,44.70709442499657,43.97903202689618,44.008546954255166,2360400
2026-01-09,43.801937103271484,44.41193606866404,43.78225923301108,44.08726059229235,1707300
2026-01-12,44.2545166015625,44.32338727048712,43.66419550987438,43.80193684772361,2230500
2026-01-13,44.34306335449219,44.38241909319814,43.683871620431724,44.19548121092979,1734500
2026-01-14,45.120323181152344,45.159678920622795,44.205322880898755,44.32338634614022,2260900
2026-01-15,44.29387283325195,45.70080866232622,43.7822594633004,45.159680363413806,5220700
2026-01-16,45.59258270263672,45.6417755024478,44.36274394150946,44.36274394150946,2484700
2026-01-20,45.27774429321289,45.45976178105389,44.864516517705496,45.45484137512034,1845400
2026-01-21,44.14628982543945,45.444999218895504,44.077419157087235,45.297420823785004,2855300
2026-01-22,44.185646057128906,44.697259422846045,44.062662183249884,44.14629031672683,2405300
2026-01-23,44.677581787109375,44.83500099637385,44.15613136014017,44.15613136014017,2155700
2026-01-26,44.58903121948242,45.03177389826911,44.44144907549692,44.83499895734504,2390600
2026-01-27,44.86451721191406,44.94322869538866,44.2643590396857,44.589034526093165,1859200
2026-01-28,44.057743072509766,45.061291963242894,43.95935747178244,44.864517008618144,1813800
2026-01-29,44.628387451171875,44.844840263895804,44.06266089720606,44.323386101712686,1813700
2026-01-30,44.02822494506836,44.569353216105625,43.590402673242494,44.397176550753294,3351200
2026-02-02,43.654354095458984,44.37257945659162,43.61991876147214,44.038063175075195,2571600
2026-02-03,43.55596923828125,44.067582604173474,43.4280649585157,43.5953249786968,1583600
2026-02-04,44.71693801879883,44.72677507747401,43.792096870189695,43.94459942843037,2671100
2026-02-05,44.61854934692383,45.02193631582147,44.352907473770586,44.91371365606316,2296500
2026-02-06,44.58903121948242,45.3367752443599,44.58903121948242,44.58903121948242,2601800
2026-02-09,45.10064697265625,45.16951764268138,44.36274371966984,44.67758214069044,2364500
2026-02-10,45.651615142822266,45.68605047712336,44.82516336642595,45.1104830992765,2043400
2026-02-11,45.49419403076172,45.764756288036445,45.33677483009485,45.7598358824366,1596700
2026-02-12,45.45484161376953,46.34032327478571,45.405648813685865,45.8680656382764,3210800
2026-02-13,45.651615142822266,45.986131427391484,45.366291656801764,45.563066604166586,1497300
2026-02-17,46.50758361816406,46.60596921900684,45.489277261443895,46.05500384921512,2344400
2026-02-18,45.95661163330078,46.724033534130406,45.85822603858487,46.40919137406578,2329100
2026-02-19,46.58628845214844,46.6354850026816,45.89758178272252,45.97628950786983,2577300
2026-02-20,46.4879035949707,47.36354816270741,46.06483877522849,47.225806826636905,3507200
2026-02-23,47.08806610107422,47.23072784475972,46.40919271711081,46.419033528769106,3262500
2026-02-24,47.55048751831055,47.67838804679953,46.851936251688194,47.08806694450717,2784900
2026-02-25,47.23564529418945,47.55048746867612,46.724035674427455,47.55048746867612,2511900
2026-02-26,47.82596969604492,47.89484036548249,47.15693711879141,47.20612991793682,2710600
2026-02-27,48.12112808227539,48.386773689530614,47.76693393926843,47.84564541690101,4693700
2026-03-02,49.01645278930664,49.14435706985387,47.609516962797095,47.95387406378272,2212200
2026-03-03,48.7901611328125,48.81967606064429,47.79645311305353,48.44580779754203,3823900
2026-03-04,48.96725845336914,49.09516272990245,48.40645230271448,48.839354176835826,2299200
2026-03-05,48.563873291015625,48.88854877023974,48.19000125912329,48.721292501311865,2267800
2026-03-06,48.12112808227539,48.426129428346904,47.678385403516685,48.27854728437073,1819700
2026-03-09,48.160484313964844,48.25886990884262,47.19629122211715,48.12112857474578,2025300
2026-03-10,47.58000183105469,48.44580935594728,47.506210755931626,48.160485867162116,2188000
2026-03-11,47.078224182128906,47.3537106045321,46.5075809739785,47.34386979310526,1948100
2026-03-12,47.58000183105469,47.93419598910939,46.51741935689059,47.04871059397264,2010300
2026-03-13,47.58000183105469,48.279998779296875,47.4900016784668,47.79999923706055,2908200
2026-03-16,47.529998779296875,48.33000183105469,47.48500061035156,47.95000076293945,1681000
2026-03-17,47.599998474121094,48.095001220703125,47.4900016784668,47.81999969482422,1757900
2026-03-18,46.97999954223633,47.68000030517578,46.959999084472656,47.41999816894531,1355800
2026-03-19,47.119998931884766,47.36000061035156,46.86000061035156,47.04999923706055,1229400
2026-03-20,46.040000915527344,47.150001525878906,45.611000061035156,47.150001525878906,4058600
2026-03-23,46.22999954223633,46.88999938964844,46.084999084472656,46.560001373291016,1746500
2026-03-24,45.9900016784668,46.69499969482422,45.904998779296875,46.060001373291016,2331200
2026-03-25,45.630001068115234,46.11000061035156,45.16999816894531,45.95500183105469,3775100
2026-03-26,44.91999816894531,45.904998779296875,44.77000045776367,45.310001373291016,1837000
2026-03-27,43.93000030517578,45.02000045776367,43.83000183105469,44.86000061035156,2141400
2026-03-30,43.95000076293945,44.720001220703125,43.91999816894531,44.09000015258789,1909300
2026-03-31,44.369998931884766,44.689998626708984,43.84000015258789,44.540000915527344,2934200
2026-04-01,44.310001373291016,44.68000030517578,44.09000015258789,44.36000061035156,2558600
2026-04-02,44.41999816894531,44.470001220703125,43.63999938964844,44.119998931884766,2338100
2026-04-06,45.15999984741211,45.22999954223633,44.150001525878906,44.34000015258789,1561200
2026-04-07,45.93000030517578,46.439998626708984,45.1150016784668,45.15999984741211,3082600
2026-04-08,46.150001525878906,46.6150016784668,46.06999969482422,46.13999938964844,2639342
