Date,close,high,low,open,volume
2014-01-02,17.916528701782227,18.364441701386312,17.797693608781362,17.943950843610295,648500
2014-01-03,17.934812545776367,18.172479261345003,17.83426003598079,17.907388658507422,264600
2014-01-06,17.98965835571289,18.062786977340835,17.74284860389713,18.062786977340835,462400
2014-01-07,18.163333892822266,18.263884626895443,18.035357536738523,18.035357536738523,636100
2014-01-08,18.33701515197754,18.684377341873258,17.989654705605336,18.126770625396375,1442000
2014-01-09,18.565542221069336,18.629529533914926,18.273027794618923,18.37358028253257,753700
2014-01-10,19.08658218383789,19.205417249465214,18.63866928741011,18.656951873433293,723100
2014-01-13,18.62952995300293,19.305971758791067,18.510696618405504,19.15971279875212,469800
2014-01-14,18.830642700195312,18.95861738154952,18.63867893463973,18.666102827868894,490000
2014-01-15,19.022594451904297,19.086581758034573,18.830632533513462,18.94946585296636,318900
2014-01-16,19.004314422607422,19.13228904034132,18.82149204568179,18.94946666341569,235400
2014-01-17,19.004314422607422,19.06830173147437,18.839774632079035,18.912903234144604,287800
2014-01-21,19.351680755615234,19.42480938001079,19.068307554022955,19.19628221083419,398700
2014-01-22,19.717323303222656,19.7447471903936,19.305975456801804,19.315115009001566,473500
2014-01-23,19.561922073364258,19.699038003318893,19.232844190177868,19.699038003318893,407800
2014-01-24,18.784927368164062,19.488791271305143,18.66609404049567,19.388238786992574,416600
2014-01-27,18.41014862060547,18.91290945064206,18.282173960807487,18.88548556203222,436800
2014-01-28,18.62952995300293,18.78492846349098,18.3461568139448,18.391863283808078,382800
2014-01-29,18.9586124420166,19.02259976602226,18.510699430453187,18.538123316537245,743200
2014-01-30,19.488792419433594,19.66247351797176,19.050020769622645,19.13229067190264,772100
2014-01-31,19.251129150390625,19.763031288804996,19.196283115390518,19.196283115390518,547100
2014-02-03,18.4741268157959,19.406517645213277,18.437563392585886,19.241977881960434,589800
2014-02-04,18.565542221069336,18.647812121448954,18.300451675919966,18.59296610237038,413000
2014-02-05,18.64781379699707,18.922047404077475,18.25474684731506,18.25474684731506,692600
2014-02-06,18.574678421020508,18.7575007591776,18.391857826386453,18.63866571631858,618100
2014-02-07,18.602102279663086,18.71179428764965,18.45584510666565,18.62952440989821,356600
2014-02-10,18.391862869262695,18.51983749494828,18.273027793820216,18.51983749494828,436100
2014-02-11,18.64781379699707,18.730083704768827,18.44671054662371,18.510697865218702,349500
2014-02-12,18.510698318481445,18.629531663992868,18.062785333824987,18.60210952307992,1067500
2014-02-13,18.43756866455078,18.519838569701133,18.11763033824648,18.401003487362352,605600
2014-02-14,18.71180534362793,18.71180534362793,18.337020898438062,18.483278157852446,336300
2014-02-18,18.3278751373291,18.7118007856531,18.263887819862376,18.547262716534505,410900
2014-02-19,18.163333892822266,18.40100053228493,18.090205293712984,18.318732383869904,417100
2014-02-20,18.36444664001465,18.483280021448813,18.035366901390436,18.218189365853718,329900
2014-02-21,18.455854415893555,18.547265631006,18.337019313190204,18.401006640711742,559200
2014-02-24,18.830642700195312,18.894630040872418,18.50156295554247,18.510704253285525,663600
2014-02-25,18.611248016357422,18.976891036187702,18.556400255740293,18.903762432221644,573000
2014-02-26,18.583826065063477,18.794070605348992,18.474132275966376,18.574684770678417,512300
2014-02-27,18.666091918945312,18.73007922222666,18.410140962296666,18.528976019981958,411500
2014-02-28,18.62952995300293,18.87633965969399,18.528979206350815,18.711799855233284,645600
2014-03-03,18.675235748291016,18.693518335575934,18.300451426567598,18.43756734415752,550700
2014-03-04,19.077436447143555,19.18712844066054,18.90375542329839,18.91289671334527,491200
2014-03-05,19.132293701171875,19.2694096455073,19.004319052261987,19.08658722404418,288200
2014-03-06,19.525360107421875,19.55278224936089,19.050023220542787,19.1871391608092,477900
2014-03-07,19.97327423095703,20.07382499625543,19.57106593919181,19.64419456101059,901000
2014-03-10,20.156089782714844,20.23835967925845,19.900140543266676,20.000691282968415,673500
2014-03-11,20.174365997314453,20.494304189095484,20.073813545848818,20.22007244958196,942000
2014-03-12,20.220081329345703,20.485171894821754,19.900142997061934,20.110387539253914,476100
2014-03-13,20.037260055541992,20.41204443221787,19.80873291154335,20.2200824681504,635400
2014-03-14,20.082963943481445,20.183516440545407,19.73560346634251,19.927565422347893,380100
2014-03-17,20.256637573242188,20.393753454542484,20.110380400718803,20.146945565611162,750100
2014-03-18,20.32977294921875,20.49431275914114,20.256644338533643,20.34805553777093,394800
2014-03-19,20.201684951782227,20.30232796276522,20.064445592773776,20.26572986964663,328400
2014-03-20,20.2291316986084,20.293176610701188,20.018696172326834,20.11933917424006,320300
2014-03-21,20.494461059570312,20.649999452564217,20.201683318662493,20.27487775388945,689600
2014-03-24,20.439565658569336,20.714044354251413,20.256578698052625,20.558505961340106,292800
2014-03-25,20.37551498413086,20.640844082248073,20.201677595306997,20.512754293163383,445000
2014-03-26,19.93635368347168,20.439565195861526,19.908905116487652,20.421266151205508,519000
2014-03-27,19.63442611694336,20.036996403333575,19.625278339039717,19.88145800257552,619900
2014-03-28,19.82656478881836,19.82656478881836,19.46059255419115,19.616130972044374,446700
2014-03-31,20.759794235229492,21.08916835701819,20.412119321277917,20.650001697904475,931900
2014-04-01,20.851289749145508,20.86958705289782,20.558510202894993,20.796392602608528,578500
2014-04-02,21.089162826538086,21.25385071679082,20.88787859683626,20.94277397855626,384400
2014-04-03,20.878726959228516,21.13490828977402,20.72318860587813,21.034265312578903,323100
2014-04-04,20.549354553222656,21.061717297618504,20.338920789502662,21.015969689140576,478300
2014-04-07,20.146787643432617,20.540208381620353,19.963800685408053,20.51275981438878,739100
2014-04-08,19.817407608032227,20.302321722241967,19.707616852610176,20.091886241679948,909500
2014-04-09,20.320615768432617,20.338914806440794,19.671015624973162,19.881449326790257,481100
2014-04-10,20.128490447998047,20.42126821166312,19.854011730835325,20.284028853081757,429900
2014-04-11,19.789966583251953,20.247432310276757,19.661876738114852,20.091893893284592,621800
2014-04-14,19.82656478881836,20.155940672529482,19.588682400037357,19.99125273067392,432800
2014-04-15,20.128490447998047,20.174236319160794,19.606979838332997,19.936355695002767,502000
2014-04-16,20.311473846435547,20.366369231183608,20.036993432509608,20.155935468738694,377100
2014-04-17,20.659151077270508,20.83298853303318,20.265730293483326,20.284029340425327,411200
2014-04-21,21.180654525756836,21.22640212761751,20.521904764796286,20.76893657956621,456000
2014-04-22,21.198959350585938,21.528335193481904,21.025121906269394,21.189809827717376,713800
2014-04-23,20.768939971923828,21.2813009808034,20.54935493731115,21.21725607283006,1208200
2014-04-24,20.43041229248047,20.8329824828263,19.954647680716548,20.8329824828263,917300
2014-04-25,20.21083641052246,20.348075782673437,19.9821035419064,20.32977673436176,478000
2014-04-28,19.91805648803711,20.494462487472454,19.74421903785152,20.219983772520976,434100
2014-04-29,19.872304916381836,20.110187236363867,19.698469245892966,20.0644413746758,285800
2014-04-30,19.908899307250977,19.945495640791584,19.634418952780443,19.808256336102538,679500
2014-05-01,19.65272331237793,19.94550104033178,19.442289538547712,19.844859787030714,511700
2014-05-02,19.707616806030273,19.963796398137962,19.40568786660177,19.698467285584627,592600
2014-05-05,19.680173873901367,19.83571227578149,19.268454061544254,19.60697943449267,275200
2014-05-06,19.314199447631836,19.780814599415937,19.277601359605057,19.606977171474515,326400
2014-05-07,19.186105728149414,19.497182461041053,18.97567198092645,19.295898234796393,435700
2014-05-08,18.97567367553711,19.478886903726934,18.948225110150915,19.140361577668585,237800
2014-05-09,18.884180068969727,18.97567354118306,18.69204534790528,18.893329590700343,529700
2014-05-12,19.60697364807129,19.725913922598796,18.71948936892596,18.893326765628533,449400
2014-05-13,19.35079002380371,19.661866698955286,19.341640504523678,19.62527036692753,391800
2014-05-14,18.939077377319336,19.30504952451878,18.83843438242967,19.259301915435817,326500
2014-05-15,18.481613159179688,18.856734856654846,18.26202810910805,18.838435811633378,676100
2014-05-16,18.646297454833984,18.82013487487843,18.289474838246846,18.445013215109178,318300
2014-05-19,19.048870086669922,19.094617700406538,18.499910937481726,18.591404419861927,320000
2014-05-20,18.820138931274414,19.076320355761585,18.58225655391344,18.9665278180976,354100
2014-05-21,18.57310676574707,18.975677071322174,18.56395898740748,18.884183582087857,450900
2014-05-22,19.17696762084961,19.213565726545163,18.600561416894497,18.600561416894497,368200
2014-05-23,19.3050479888916,19.378242412509213,19.12206105730122,19.21355452309641,355100
2014-05-27,19.707616806030273,19.735063622274616,19.332493448129203,19.460584989275638,372800
2014-05-28,19.890600204467773,19.972944136036947,19.61612159596548,19.661867449018384,368500
2014-05-29,20.091890335083008,20.22913142496015,19.75336673428819,20.082742557844618,360100
2014-05-30,19.789966583251953,20.247432310276757,19.744220708586777,20.12849198909134,272300
2014-06-02,19.661869049072266,19.835706445986315,19.579525110802063,19.799108364491744,383700
2014-06-03,19.23186492919922,19.744226197271875,19.17696777022827,19.55209137615478,433700
2014-06-04,19.286752700805664,19.423992053665206,19.131214302206704,19.19525921720162,355100
2014-06-05,19.8540096282959,19.8540096282959,19.195257984718154,19.38739446245931,384000
2014-06-06,20.0552921295166,20.137636077763357,19.588677004482584,19.927202318951778,227900
2014-06-09,20.201684951782227,20.430417798494027,19.963802581790784,20.00955019818902,260700
2014-06-10,20.183385848999023,20.219983942015663,19.92720617825504,20.15593902432967,209300
2014-06-11,19.963794708251953,20.036989120528794,19.808256364027113,20.036989120528794,186600
2014-06-12,19.716758728027344,19.97293998917455,19.616117523188002,19.89059607470195,316900
2014-06-13,20.009546279907227,20.082740706718297,19.61612558138792,19.799110775869206,290800
2014-06-16,20.13763999938965,20.19253539388028,19.88145858327816,19.95465302429671,354600
2014-06-17,19.643573760986328,20.265727304508108,19.625276461836147,20.082742097355936,386000
2014-06-18,20.110620498657227,20.22967342462634,19.597781827958876,19.597781827958876,408400
2014-06-19,20.01904296875,20.156410248018588,19.872517637967544,20.156410248018588,184800
2014-06-20,20.03736686706543,20.183894014345398,19.698527533291998,20.11978762322017,820800
2014-06-23,19.80841827392578,20.092312730971255,19.753471692154545,20.037364402479675,167900
2014-06-24,19.39631462097168,19.9732580467086,19.350524351170215,19.744311937861852,389700
2014-06-25,19.295578002929688,19.37799874282945,19.075789945437055,19.295578002929688,365800
2014-06-26,19.16737174987793,19.304739089046034,19.039162466217096,19.27726492252422,313100
2014-06-27,19.258947372436523,19.506207843349365,19.03915931678055,19.103263948006852,1730200
2014-06-30,19.54283332824707,19.625254039070196,19.213150484954557,19.23146658663072,361500
2014-07-01,19.707679748535156,20.00073046280452,19.652731429569624,19.652731429569624,297700
2014-07-02,19.515361785888672,19.881675134807875,19.37799449838395,19.67104517751931,223400
2014-07-03,19.753475189208984,19.81757983707758,19.506212907383848,19.625265893471795,93400
2014-07-07,19.73515510559082,19.945786866276165,19.32305313218794,19.661892416093398,514000
2014-07-08,19.689363479614258,19.863362994794784,19.515363964433735,19.671047373443674,635600
2014-07-09,20.092309951782227,20.156414579435044,19.54283896991221,19.808415534005324,459400
2014-07-10,19.964096069335938,20.193042133189422,19.698519543560217,19.753466109803494,595500
2014-07-11,19.707679748535156,20.07399314137186,19.625259016806893,19.918309731076256,385600
2014-07-14,19.83588409423828,19.899988703792612,19.707674875129616,19.88167260200006,319500
2014-07-15,19.86336326599121,20.064835196458304,19.689363748435056,19.77178448060797,420200
2014-07-16,20.147253036499023,20.193041549257693,19.735149434791808,19.954939186848854,351000
2014-07-17,19.92747688293457,20.08316036431378,19.863372228258573,19.94579299761938,435200
2014-07-18,20.110620498657227,20.211357321135743,19.671044495201496,19.74430716244412,341600
2014-07-21,20.04652214050293,20.11062677600994,19.725998962967864,19.982417504995915,366200
2014-07-22,21.438514709472656,21.456830818432824,20.092312141865687,20.257153629066597,1068600
2014-07-23,21.77735137939453,22.161980856969034,21.429352365688107,21.429352365688107,891300
2014-07-24,22.116195678710938,22.189458370011664,21.530094148305125,21.548410257810392,662100
2014-07-25,21.154617309570312,21.978822815819566,21.145459257124,21.978822815819566,706700
2014-07-28,20.989776611328125,21.24619684885624,20.779146637672866,21.237038796081666,618800
2014-07-29,20.806612014770508,21.218715516698367,20.78829766213323,20.971453415541653,343100
2014-07-30,21.127147674560547,21.182094254280003,20.80662275720988,20.916517663369067,271700
2014-07-31,20.57767677307129,21.237042720939396,20.5593624108574,20.92567585593952,428800
2014-08-01,20.449460983276367,20.60514436613372,20.266303445778398,20.513565597384737,419000
2014-08-04,20.751672744750977,20.77914690342607,20.284622527594305,20.513568609726793,344600
2014-08-05,20.467788696289062,20.916522996302398,20.421998412581136,20.623472167454562,388500
2014-08-06,20.321264266967773,20.51357822770159,20.284632038225634,20.394526977731246,259800
2014-08-07,20.47694206237793,20.559362807451354,20.33041668151858,20.33041668151858,237900
2014-08-08,20.779155731201172,20.815786211609996,20.33957773925017,20.52273538145648,235900
2014-08-11,20.85240364074707,21.182084717349902,20.62345762382201,20.898192145444284,254000
2014-08-12,20.95315170288086,21.099678851622095,20.550207720684327,20.815784356826562,310500
2014-08-13,21.172937393188477,21.383567398874636,21.090516652403416,21.090516652403416,639700
2014-08-14,21.3469295501709,21.365245653673004,21.099669139771525,21.22787837084674,220800
2014-08-15,21.072202682495117,21.60335765105635,20.87073071053065,21.511778846810536,510500
2014-08-18,21.7498836517334,21.759041707087952,21.19125450214886,21.209570612857963,259900
2014-08-19,21.859777450561523,21.987986725523058,21.7407244837655,21.78651475819488,272700
2014-08-20,21.401884078979492,22.06124827615524,21.28283111834481,21.786513630678748,358500
2014-08-21,21.493459701538086,21.52093386294834,21.09967386831205,21.438513125437733,210300
2014-08-22,21.594194412231445,21.731561712264675,21.255353441877485,21.42935295350357,180600
2014-08-25,21.612503051757812,21.85060710469582,21.51176625139805,21.768186403804993,148300
2014-08-26,21.502620697021484,21.777357108549054,21.39272752978678,21.63998802942507,206600
2014-08-27,21.493459701538086,21.621670708065786,21.28282970421994,21.575880439048692,160100
2014-08-28,21.3103084564209,21.731568541807487,21.20957158960213,21.46599191117693,208700
2014-08-29,21.475139617919922,21.630822997650945,21.2919820841,21.32861428955186,187300
2014-09-02,21.98798370361328,22.09787685369994,21.502617341690176,21.57588002398799,305300
2014-09-03,21.841459274291992,22.171140485389394,21.76819658885699,22.024615114519392,328800
2014-09-04,21.82314682006836,22.125355666426113,21.77735828902526,21.96051415991816,163400
2014-09-05,21.878089904785156,21.987984807107154,21.74072258692282,21.878089904785156,257000
2014-09-08,22.125349044799805,22.354295124937817,21.759035665922983,21.933035175909463,471100
2014-09-09,21.923873901367188,22.363449891423343,21.859769287823966,22.1528199478614,228300
2014-09-10,22.061248779296875,22.125353414922046,21.81398654469666,21.978828034430137,246100
2014-09-11,22.04293441772461,22.19861786518063,21.658304826757995,22.00630394305755,456500
2014-09-12,22.500823974609375,22.564928607538935,22.05208979738221,22.11619443031177,468000
2014-09-15,22.07040023803711,22.464187735443314,22.06124218615327,22.464187735443314,540700
2014-09-16,22.2078800201416,22.22621133564944,21.932917280205878,22.0520673346659,437300
2014-09-17,22.327035903930664,22.547006485721756,22.16205753054465,22.3453654746185,313200
2014-09-18,22.77614402770996,22.831136239255695,22.391195050548042,22.391195050548042,214000
2014-09-19,22.63866424560547,22.977784947283336,22.39119665367556,22.91362707119136,1509100
2014-09-22,22.382030487060547,22.55617453835249,22.2812099708119,22.55617453835249,286700
2014-09-23,21.942081451416016,22.382022504776,21.896253165751215,22.25370680125526,308100
2014-09-24,21.804609298706055,22.00624859627108,21.749615332684705,21.9329250564137,286200
2014-09-25,21.520477294921875,21.83210275091372,21.28217537280041,21.77711053755367,504000
2014-09-26,22.024574279785156,22.088732142213978,21.47464699755568,21.547970518641566,407600
2014-09-29,22.079566955566406,22.198717024314135,21.61212884308715,21.79543852380592,665200
2014-09-30,21.960412979125977,22.125391325915253,21.86875989595016,22.042902152520615,527500
2014-10-01,21.483810424804688,22.097895505681265,21.392155595924365,21.804601451800593,319800
2014-10-02,21.74960708618164,21.822930598237942,21.28216904125881,21.483810010541458,237500
2014-10-03,21.78626823425293,21.98790744164836,21.648786877021035,21.98790744164836,426200
2014-10-06,21.51131248474121,22.0062476690531,21.492982911677483,21.905427150433045,216800
2014-10-07,21.062204360961914,21.520476875768768,21.034709128902886,21.33716891874857,241500
2014-10-08,21.25467300415039,21.318830856225212,20.750572348388992,21.03470247639228,522200
2014-10-09,20.668087005615234,21.291337823651624,20.63142611829169,21.22717995970741,278700
2014-10-10,20.75058937072754,21.016388402418077,20.530618662520776,20.668100136628528,366500
2014-10-13,20.695585250854492,20.970548041233407,20.438952031175596,20.869729283785556,473900
2014-10-14,21.13552474975586,21.437984494614394,20.713914937964844,21.043869910792832,520000
2014-10-15,21.419658660888672,21.492982195212388,20.576437142080447,20.7964077450516,339000
2014-10-16,21.877939224243164,21.942097121823238,21.153867527161534,21.153867527161534,323200
2014-10-17,22.14372444152832,22.262876256413634,21.694617654418185,22.262876256413634,486400
2014-10-20,22.601999282836914,22.6386619215091,21.9604170914403,21.9604170914403,364000
2014-10-21,23.399396896362305,23.44522345182758,22.739483309367746,22.739483309367746,531000
2014-10-22,22.84030532836914,23.766016144531168,22.84030532836914,23.610203398282685,399300
2014-10-23,23.206918716430664,23.436054962443084,23.124429528012527,23.170257826117503,227900
2014-10-24,22.006242752075195,23.601030631573888,21.89625659741259,23.335231777572126,1112500
2014-10-27,22.33620262145996,22.71198593500919,21.538807695044,21.914591008593227,573000
2014-10-28,22.886119842529297,22.922782468550277,22.26287093370466,22.47367578881462,376400
2014-10-29,23.11526870727539,23.37190198587367,22.68449310393621,22.986952942061844,409600
2014-10-30,22.94112205505371,23.280242727197226,22.757812355180395,22.986948605936607,360600
2014-10-31,23.041934967041016,23.536869982148733,22.950281888542918,23.518538667180948,508600
2014-11-03,22.611167907714844,23.1427640009788,22.48285215187663,23.087771783929718,593200
2014-11-04,22.666152954101562,23.069433163945614,22.455348065294416,22.58366378053868,455800
2014-11-05,22.418691635131836,22.867800259065415,22.317872865909045,22.821971956535975,323500
2014-11-06,22.94112205505371,22.94112205505371,22.262878962595817,22.473683893730527,320800
2014-11-07,22.96861457824707,23.133592939047443,22.812801876176792,22.959448919516976,233700
2014-11-10,23.289413452148438,23.307744775756763,22.831140850967756,22.95029270625063,167100
2014-11-11,23.33523178100586,23.45438359425543,23.02360813045231,23.24357869163926,342300
2014-11-12,23.28024673461914,23.564375244978404,22.93196034271145,23.170262294299306,434800
2014-11-13,23.399396896362305,23.591870527121696,23.18859019597736,23.37189991418052,408600
2014-11-14,23.188579559326172,23.41771572788936,23.078595177391175,23.41771572788936,170100
2014-11-17,23.426889419555664,23.50021294871817,23.00527956391397,23.19775317240148,294900
2014-11-18,23.53687858581543,23.775180522994248,23.371900187140014,23.53687858581543,263800
2014-11-19,23.463550567626953,23.582700639382583,23.09693294510496,23.463550567626953,166200
2014-11-20,23.94931983947754,23.97681681854197,23.11526403773564,23.316905054533134,277000
2014-11-21,24.086801528930664,24.27927512622096,23.912657501736547,24.23344857872443,292700
2014-11-24,24.105138778686523,24.416764295821775,24.04098089248302,24.086809202750725,434300
2014-11-25,24.07763671875,25.525777697651435,23.830169157933547,24.1142976084057,244800
2014-11-26,24.068470001220703,24.31593755115825,23.88516031648829,24.077635660274396,283100
2014-11-28,24.315940856933594,24.581738012943187,24.150962467879594,24.270112555434732,234100
2014-12-01,23.77517318725586,24.306769114426398,23.76600752924958,24.242611256552962,273600
2014-12-02,24.068470001220703,24.196785731630968,23.903491634595674,23.903491634595674,259300
2014-12-03,24.095970153808594,24.205954580605493,23.866833891782285,24.150962367207043,273100
2014-12-04,24.105138778686523,24.233456299264812,23.802678923604812,24.123470102793604,334700
2014-12-05,23.967544555664062,24.343615571383154,23.839131171931434,24.105132323378893,281200
2014-12-08,23.66485595703125,24.03175435906374,23.472235870515306,23.976718549058123,247900
2014-12-09,23.83913230895996,23.84830494387852,22.940235080955603,23.343822269866195,552800
2014-12-10,23.389690399169922,23.82996650445035,23.35299984897902,23.82996650445035,390200
2014-12-11,23.46306800842285,23.802448574490068,23.40803393672332,23.536447353856087,271000
2014-12-12,23.646509170532227,23.84830186417799,22.931059484786527,23.142024812166326,270700
2014-12-15,23.958375930786133,24.389479295057264,23.60982278562964,23.829960785438384,517300
2014-12-16,23.829959869384766,24.169340366148685,23.68320120848719,23.8941665648398,343000
2014-12-17,24.077608108520508,24.141814783556455,23.187883791092567,23.829952290952704,519400
2014-12-18,24.407817840576172,24.49036978644628,24.040919525819767,24.426161356713333,257000
2014-12-19,24.407817840576172,24.45367925517031,24.095955322733722,24.352782043662216,1007000
2014-12-22,24.719680786132812,24.78388746747588,24.32526631559587,24.472024944237404,198200
2014-12-23,25.17831802368164,25.25169738488227,24.65548810693743,24.829764745852167,266200
2014-12-24,25.196645736694336,25.315888217239248,24.90312847612359,25.251681535177006,181100
2014-12-26,25.416793823242188,25.618588332524805,25.123276445560094,25.178312266001665,201500
2014-12-29,24.56376075744629,25.646105701255426,24.472036135224727,25.389278858437038,504800
2014-12-30,24.84809684753418,24.930648803798498,24.453682334160455,24.56375219234656,425900
2014-12-31,24.77471351623535,25.068230757900366,24.627954895402844,24.820574929182726,337300
2015-01-02,24.73802375793457,24.994852227153135,24.270229983376193,24.884782383344945,386500
2015-01-05,23.811613082885742,24.673821472872692,23.674027065744482,24.664648838463126,387000
2015-01-06,23.47223663330078,23.94003053654315,23.13285612524213,23.94003053654315,386200
2015-01-07,23.35299301147461,23.646512078557407,22.88520088001722,23.518096939989555,761600
2015-01-08,24.398651123046875,24.46285781884548,23.499753882863878,23.63733990950393,497900
2015-01-09,24.013408660888672,24.462857270913176,23.995063391213908,24.462857270913176,310200
2015-01-12,24.114307403564453,24.2518934357323,23.84830622513881,24.1234782894745,226800
2015-01-13,24.536237716674805,24.82058241156843,24.150995783479672,24.4261678431185,383400
2015-01-14,24.545412063598633,24.719688646590384,23.94920472647059,24.224376805298483,490400
2015-01-15,24.462854385375977,24.682992347002973,24.398647698589063,24.682992347002973,654000
2015-01-16,24.591270446777344,24.618788351051304,24.187685014433104,24.481202328683896,478500
2015-01-20,24.481204986572266,24.83892903346534,24.187687640454726,24.71968826766811,358000
2015-01-21,24.050098419189453,24.398651559040747,23.912512390090797,24.34361749730154,399100
2015-01-22,24.536237716674805,24.545410351929604,23.99506448315066,24.17851368924407,329600
2015-01-23,24.63713264465332,24.68299406712542,24.288579535661324,24.47202872455197,133500
2015-01-26,24.976512908935547,25.031548718695014,24.316098937333024,24.627961527965077,311600
2015-01-27,25.031543731689453,25.132439197144723,24.591266088835877,24.756369986218356,363900
2015-01-28,24.55458641052246,25.499345229965925,24.47203443122137,25.20582785889605,645900
2015-01-29,23.985883712768555,24.81140136120118,23.343815208210152,24.554574659178098,724000
2015-01-30,23.5639591217041,23.967544541627753,23.49975242987539,23.73823392823885,334300
2015-02-02,23.499759674072266,23.674034534330175,23.26127635269117,23.554793748390466,542500
2015-02-03,22.885204315185547,23.940032989641672,22.30734047864338,23.47223903846517,1422900
2015-02-04,22.353200912475586,22.81182217104545,22.123890283190654,22.655890873151645,802500
2015-02-05,22.527477264404297,22.720099115854932,22.24313255459766,22.371545955897165,614900
2015-02-06,22.830169677734375,22.99527363956557,22.288996358177254,22.573342847776125,626500
2015-02-09,22.95858383178711,22.976927354904266,22.233961308864046,22.646721195276108,509100
2015-02-10,23.14202880859375,23.29796010999832,22.967753986054344,23.14202880859375,602700
2015-02-11,23.114511489868164,23.362165632997968,22.97692371651679,23.16037291465115,437400
2015-02-12,23.25209617614746,23.307130232621464,22.931060972630412,23.13285367936916,545100
2015-02-13,23.738229751586914,23.802438181619532,23.160367877299993,23.22457455783178,517600
2015-02-17,23.747406005859375,23.930855192069238,23.5364406663688,23.784096542901786,268800
2015-02-18,23.7015438079834,23.719889075903914,23.325474563118036,23.325474563118036,490500
2015-02-19,23.398860931396484,23.692378308507436,23.114516191007944,23.297963676951507,638500
2015-02-20,23.380502700805664,23.453882004417622,23.178710053247926,23.453882004417622,563700
2015-02-23,23.23375129699707,23.38968258420515,23.19706250856636,23.31630325784259,487600
2015-02-24,23.380502700805664,23.426365859001013,23.206226198664535,23.206226198664535,510500
2015-02-25,23.206228256225586,23.435538819032164,23.142021578559863,23.426367936080567,230200
2015-02-26,23.389690399169922,23.398863036717646,23.013621007221836,23.20624114721888,294800
2015-02-27,23.08698844909668,23.426368865292346,23.068643183464307,23.389678334027593,318200
2015-03-02,23.242921829223633,23.417198369634818,22.99526596908684,23.13285197488473,456400
2015-03-03,22.472436904907227,22.78429943456805,22.33485090641001,22.637540802904237,521400
2015-03-04,22.46326446533203,22.70174768121623,22.178919832720485,22.288987932666483,594500
2015-03-05,22.252304077148438,22.472442075292783,22.15140683860263,22.41740801313202,3092300
2015-03-06,22.224777221679688,22.848502173339803,22.059673352181353,22.151397918513826,1203500
2015-03-09,22.371549606323242,22.54582621473931,22.243136184070174,22.288997620731507,498800
2015-03-10,21.95878028869629,22.42657405324818,21.711124457551033,22.206434370340766,531500
2015-03-11,22.58251190185547,22.628373328643246,21.931268794561056,22.00464812712227,528700
2015-03-12,22.46326446533203,22.747609097943577,22.344023732140386,22.637540997997583,543200
2015-03-13,22.444923400878906,22.490786575693456,22.20644014034694,22.490786575693456,413200
2015-03-16,22.444923400878906,22.765958626575834,22.37154407067686,22.600854696245914,457600
2015-03-17,22.747610092163086,22.830162045481096,22.362368226512697,22.47243808077037,638000
2015-03-18,22.830169677734375,22.903549021936957,22.43575504658242,22.775135606957832,328200
2015-03-19,22.811805725097656,23.02294072686083,22.59149071226981,22.756727409617714,244000
2015-03-20,23.00458335876465,23.08720171697026,22.74755002293233,22.9586850490541,812200
2015-03-23,22.683284759521484,23.041298146981553,22.619026440233437,23.041298146981553,306400
2015-03-24,22.508867263793945,22.793440538691044,22.380348888914867,22.6832821817815,286200
2015-03-25,21.985620498657227,22.5914871254687,21.939720450621326,22.5914871254687,608600
2015-03-26,21.691871643066406,21.985626781722278,21.47155660225573,21.930546708338383,504600
2015-03-27,21.590896606445312,21.783671624814865,21.398119837167325,21.673514971720387,555200
2015-03-30,21.62761116027832,21.79284786220188,21.43483617530625,21.6367911715972,494300
2015-03-31,21.811206817626953,21.930543457117032,21.526633484298266,21.53581174425993,394700
2015-04-01,21.462373733520508,21.8479254413518,21.343037092221618,21.701048767026364,489500
2015-04-02,21.11353874206543,21.462370350882733,20.97584210045091,21.4256520635425,829000
2015-04-06,20.99420738220215,21.28796075819049,20.95748733474949,21.086003999017333,336900
2015-04-07,20.92995262145996,21.251246114739864,20.902414329775958,21.05847106931713,335800
2015-04-08,20.59029769897461,20.948309443335877,20.32408258072045,20.884051104697537,1072700
2015-04-09,20.71881675720215,20.87487349078963,20.599480079004014,20.617838355790074,556700
2015-04-10,21.13190269470215,21.159440977606376,20.819789315127995,20.819789315127995,452200
2015-04-13,20.975845336914062,21.196160347672308,20.975845336914062,21.05846368481191,528300
2015-04-14,21.251237869262695,21.260417879898416,20.755529551289936,20.994204575094596,459300
2015-04-15,21.352214813232422,21.462371431708306,21.150259845421374,21.251236453872956,464800
2015-04-16,21.067644119262695,21.54499244337985,21.067644119262695,21.315497417030183,407300
2015-04-17,21.021747589111328,21.058467639921666,20.81979256237964,20.96666926380421,344800
2015-04-20,21.379758834838867,21.572533828616095,21.02174538068255,21.049285415897103,555800
2015-04-21,21.453197479248047,21.471555752074135,21.150264091264695,21.36139911148468,402800
2015-04-22,20.700448989868164,21.544990688064697,19.92016736457694,21.4715523556523,1441400
2015-04-23,20.232280731201172,20.470953998550943,19.36019900106362,19.938525650409225,1294000
2015-04-24,19.956884384155273,20.168019357528962,19.461176109673225,20.168019357528962,1058300
2015-04-27,19.424461364746094,20.12212654383724,19.231686358489654,20.01196814675619,996000
2015-04-28,19.644771575927734,19.73656992576403,19.31429996778812,19.415276576790944,678700
2015-04-29,19.295942306518555,19.61723569476893,19.194963934263495,19.61723569476893,597200
2015-04-30,19.204147338867188,19.305125728965308,18.910393932300018,19.158249025681723,1118100
2015-05-01,19.424461364746094,19.571338060248618,19.259224644578676,19.259224644578676,494000
2015-05-04,19.351016998291016,19.644770297930627,19.259218654426693,19.387737036199855,333900
2015-05-05,18.93792724609375,19.433637302666572,18.855310654239567,19.25004059632672,566300
2015-05-06,18.993005752563477,19.075624088557216,18.74515074458226,18.928747435881196,505100
2015-05-07,19.2775821685791,19.406098822745705,18.91957048859608,19.01136709819617,345100
2015-05-08,19.378562927246094,19.672316316329837,19.369382914973688,19.424461237699813,362400
2015-05-11,19.360198974609375,19.617234013360623,19.29594065264855,19.3693789850192,271100
2015-05-12,19.360198974609375,19.543795680989977,19.029725603487478,19.314300673468203,530200
2015-05-13,19.13988494873047,19.699851604881093,18.71761320299054,19.360199957022065,565700
2015-05-14,19.25922393798828,19.598877378194224,18.653357153541585,19.194965604927006,373000
2015-05-15,19.167417526245117,19.32347416287287,19.066440938479527,19.277575873061924,292500
2015-05-18,19.470354080200195,19.516254128671893,19.12152246635439,19.12152246635439,352100
2015-05-19,19.516258239746094,19.626414877466882,19.378561567141016,19.4978982164899,362700
2015-05-20,19.286767959594727,19.47954299861561,19.185789557683623,19.47954299861561,306100
2015-05-21,19.323484420776367,19.406102787020185,19.08481108597028,19.3143061586679,277700
2015-05-22,19.075626373291016,19.45199805971574,19.020546308759577,19.314301400203185,257000
2015-05-26,18.818592071533203,19.185783761771745,18.781872027055304,19.05726710791528,530800
2015-05-27,19.61723518371582,19.8559084649786,18.82777175045135,18.846131772366352,900800
2015-05-28,19.782472610473633,19.86509096854979,19.323482510454213,19.644775930649462,840300
2015-05-29,19.507076263427734,20.048684638579076,19.12152456842014,19.663132943571476,1162000
2015-06-01,19.222505569458008,19.68149566208465,19.075628879890143,19.598877305339194,661900
2015-06-02,19.130704879760742,19.396918190714164,19.01136648964766,19.13988489060852,295000
2015-06-03,19.589691162109375,19.681489502084904,18.965464551365034,19.103161185874473,440900
2015-06-04,19.69985008239746,19.791648433151426,19.396916750544918,19.543795162296004,427800
2015-06-05,19.993606567382812,20.12212321697231,19.608054867706294,19.72739150648111,754600
2015-06-08,20.011964797973633,20.177201490490503,19.82836983477224,19.92016819182695,603800
2015-06-09,19.67231559753418,20.131305688933825,19.617237276820532,19.947708952010668,418700
2015-06-10,19.791650772094727,20.140484196002745,19.63559408264285,19.69985241049219,926700
2015-06-11,19.61723518371582,19.892628508808603,19.52543682504887,19.791650139184153,853600
2015-06-12,19.25922393798828,19.60805739018987,18.983830581751878,19.589697366198575,934700
2015-06-15,18.846132278442383,19.204143960858318,18.671715567382368,19.158245655746367,864200
2015-06-16,18.809406280517578,19.42445282926153,18.735967965036547,18.735967965036547,585100
2015-06-17,18.754335403442383,18.956290413209658,18.524840357880745,18.864492044803352,705500
2015-06-18,18.956483840942383,19.11269343039083,18.644066414669098,18.80946325706427,272500
2015-06-19,18.89216423034668,19.140262144881635,18.82784293827253,18.974863535191666,834300
2015-06-22,19.06675910949707,19.19540174264904,18.928927466459324,19.020815812692632,302500
2015-06-23,19.085126876831055,19.11269213905602,18.928917297936792,19.048370857033117,311400
2015-06-24,18.625686645507812,19.112691626403326,18.414344795208876,19.04837034610569,578900
2015-06-25,18.524612426757812,18.855409640578973,18.497045408064803,18.68082202743739,366300
2015-06-26,18.54298973083496,18.699199325546974,18.42353440701913,18.5889330076111,960000
2015-06-29,18.276514053344727,18.598122252786734,18.175438492611978,18.432723650066634,314700
2015-06-30,18.58893585205078,18.6624461577152,18.212195316442653,18.38678294962962,489400
2015-07-01,18.625686645507812,18.846217500509763,18.478666075506514,18.726762191994055,457500
2015-07-02,18.441919326782227,18.653261283315143,18.377598014152582,18.653261283315143,407200
2015-07-06,18.313270568847656,18.616500764431677,18.07436166435362,18.157060967933237,444600
2015-07-07,18.423538208007812,18.46948324688661,18.055986660097556,18.31327361994675,456700
2015-07-08,18.193819046020508,18.258142103189144,17.826267482463102,18.14787575780987,675100
2015-07-09,18.395967483520508,18.671630624572366,18.15705861005126,18.313268190680247,581100
2015-07-10,18.800283432006836,18.837039472236796,18.497053110607514,18.497053110607514,582800
2015-07-13,18.827838897705078,19.01161548072632,18.735950606194457,18.9105381848023,639300
2015-07-14,18.51542091369629,18.873785097690995,18.51542091369629,18.873785097690995,426100
2015-07-15,18.1019287109375,18.59812278055486,18.083550698419593,18.506234470589057,539600
2015-07-16,18.193819046020508,18.37759570411126,17.91815581150848,18.06517643693144,470900
2015-07-17,18.120309829711914,18.322464516368306,18.019234239007925,18.12949883843486,603600
2015-07-20,18.028419494628906,18.313271695243724,17.945720185962696,18.184629105151323,373300
2015-07-21,18.460289001464844,18.506232274684358,17.92733897005023,18.065170542332304,696600
2015-07-22,18.239761352539062,18.625690874575806,17.973285413517193,18.37759294913279,914400
2015-07-23,17.908966064453125,18.331651659573048,17.88139904108964,18.331651659573048,354200
2015-07-24,17.881397247314453,18.065173879387366,17.752754656437727,17.890586254180484,488400
2015-07-27,17.70681381225586,17.9089667332654,17.64249250796301,17.807889396448584,258400
2015-07-28,18.368406295776367,18.49704890206287,17.541414857632738,17.82626709410602,968600
2015-07-29,19.581327438354492,20.334808570504006,18.221385797273708,18.221385797273708,1803100
2015-07-30,19.443496704101562,19.80185927035453,19.314854091113144,19.41592967876512,765100
2015-07-31,19.599706649780273,19.8753698969709,19.443497009005803,19.443497009005803,715900
2015-08-03,19.829421997070312,19.893743289620957,19.397549209499005,19.63645811941838,474100
2015-08-04,19.912124633789062,20.004012961072917,19.728347979221354,19.86618134645917,536300
2015-08-05,19.875368118286133,20.261297681389944,19.84780284760845,20.086711791684525,663600
2015-08-06,19.77429962158203,19.91213128221615,19.52620158086582,19.820242924251854,381400
2015-08-07,19.27809715270996,19.709971766261134,19.232153865262593,19.709971766261134,365700
2015-08-10,19.608884811401367,19.608884811401367,19.32403271319166,19.32403271319166,340700
2015-08-11,19.443496704101562,19.774293997642243,19.36079738071639,19.480252737883486,311900
2015-08-12,19.28728485107422,19.305662865854885,18.90135530379997,19.222963551965837,333700
2015-08-13,19.259721755981445,19.471065463804425,19.213778462285845,19.222967471549826,203200
2015-08-14,19.62727165222168,19.67321493780921,19.177020793492684,19.204586063795603,254700
2015-08-17,19.581327438354492,19.719159053543585,19.45268483119455,19.55376216689112,242300
2015-08-18,19.52618980407715,19.70077740364821,19.43430150153324,19.581322084554053,299200
2015-08-19,19.268909454345703,19.526196438360575,19.259720445706865,19.461875130512905,435100
2015-08-20,18.65325927734375,19.241343542338594,18.644072021634074,19.149455211624637,569400
2015-08-21,18.533798217773438,18.690007791354013,18.10192551557934,18.322456368994843,794000
2015-08-24,18.432723999023438,19.14026170066578,17.55060043798134,18.101928539944513,925100
2015-08-25,18.074356079101562,19.02080239836653,18.04678906888574,18.846214838912697,636200
2015-08-26,18.791091918945312,18.90135650941459,18.212196684797387,18.377595323125366,607400
2015-08-27,18.791091918945312,18.91973452536749,18.552182969429797,18.91973452536749,784000
2015-08-28,18.882978439331055,19.167832427912252,18.67163651435073,18.708392546151167,481200
2015-08-31,18.598125457763672,18.827845389434604,18.552182172479082,18.809467374271172,533700
2015-09-01,17.918149948120117,18.423532963556145,17.908960942960103,18.294890396563016,1048300
2015-09-02,18.460289001464844,18.561366305696012,18.07435954750091,18.147869836226256,578800
2015-09-03,18.478668212890625,18.680821081869098,18.39596891362133,18.487857218656508,409400
2015-09-04,18.690017700195312,18.791095052165804,18.258144769036193,18.34084234936508,352700
2015-09-08,18.901350021362305,19.09431561738252,18.809461725763317,18.910539026184548,395100
2015-09-09,18.800283432006836,19.048381445685678,18.73596211422887,18.910549800072253,336700
2015-09-10,19.094322204589844,19.14945449991953,18.855413254662455,18.88297852601526,401200
2015-09-11,19.213773727416992,19.314851051787908,18.984053810300455,18.984053810300455,309800
2015-09-14,19.075942993164062,19.360795212577873,18.97486566420718,19.24134162141207,269400
2015-09-15,19.379465103149414,19.42545444568525,19.05754672265472,19.05754672265472,271800
2015-09-16,19.45304298400879,19.535822032161853,19.259893041194136,19.305880621584176,352800
2015-09-17,19.425445556640625,19.57260787678604,19.324270803673187,19.43464166662563,301700
2015-09-18,19.131132125854492,19.33348176890744,19.06674878645198,19.17712147850945,1245900
2015-09-21,18.937973022460938,19.315076761750017,18.91037942410555,19.195508010837163,269500
2015-09-22,18.790817260742188,18.855200591828893,18.66205059856878,18.800015130085175,457100
2015-09-23,18.65284538269043,18.919576471326593,18.634449651249728,18.86439103131799,346200
2015-09-24,18.413707733154297,18.708032444466014,18.202162066188208,18.422905599671996,876200
2015-09-25,18.763227462768555,18.95637924956421,18.413717128334607,18.643658645658522,514200
2015-09-28,18.5700740814209,18.79081768772593,18.5700740814209,18.698840746520272,429200
2015-09-29,18.597667694091797,18.643657046199838,18.441307405553264,18.643657046199838,547700
2015-09-30,18.340133666992188,18.855202111513314,18.27575033071634,18.79081877523747,628000
2015-10-01,18.588470458984375,18.652855554136178,18.238960142589765,18.34013496637099,549100
2015-10-02,18.89198875427246,18.89198875427246,18.294139632080785,18.40451229051562,472500
2015-10-05,19.02995491027832,19.26909422901052,18.698838660600806,18.901186505229262,413200
2015-10-06,18.81840705871582,19.167919038311474,18.75402373466241,19.039152390204656,396600
2015-10-07,19.048349380493164,19.066745118015813,18.643653680879456,18.91958272646281,410800
2015-10-08,19.471445083618164,19.480642953565948,18.947178776794804,19.020759982062742,300800
2015-10-09,19.76576042175293,19.876133053858975,19.28748193981585,19.434644279748262,352200
2015-10-12,19.894535064697266,19.995709872126138,19.600210265974194,19.848547472764604,222900
2015-10-13,18.974763870239258,19.655391969303437,18.974763870239258,19.655391969303437,319300
2015-10-14,19.048349380493164,19.287488705345314,18.974768184716666,19.057547249254487,231000
2015-10-15,19.342668533325195,19.379458240010933,18.947169099151353,19.167912602206037,251400
2015-10-16,19.480636596679688,19.5818113787758,19.269090919854854,19.416253282368977,219100
2015-10-19,19.581815719604492,19.68298876981455,19.342676388929032,19.342676388929032,280500
2015-10-20,19.774961471557617,19.811752939621815,19.517426458049496,19.554217926113694,250400
2015-10-21,19.876140594482422,20.18886112405729,19.857744856433513,19.931326054315004,244600
2015-10-22,19.747373580932617,20.0968856113572,19.370269695794796,19.940525335496574,444000
2015-10-23,19.784162521362305,20.041697576301527,19.581814677397652,19.922127040170658,404400
2015-10-26,19.73817253112793,19.89453278179647,19.67378920808453,19.73817253112793,449000
2015-10-27,18.49648094177246,19.756558433804532,18.1837605960901,19.563408560813542,1466800
2015-10-28,17.236408233642578,18.04580299572003,16.92368776933726,17.907836743463037,1820900
2015-10-29,17.328393936157227,17.558335467418,16.776533910268434,17.05246480037016,1045400
2015-10-30,17.319194793701172,17.72389235023608,17.208822094895456,17.39277600813347,724400
2015-11-02,17.733083724975586,17.990617003986394,17.199619677192484,17.28239873239278,505800
2015-11-03,17.89864158630371,17.972224534282287,17.631910417137522,17.714689479299384,305600
2015-11-04,17.990619659423828,18.1193880722495,17.687096996993713,17.843457262749478,493400
2015-11-05,18.146974563598633,18.248149339287647,17.92623103380648,18.064195520637373,394800
2015-11-06,18.404508590698242,18.422904322458308,17.917032224937685,18.04580059294462,305900
2015-11-09,18.100990295410156,18.404512923655158,17.788269799119675,18.404512923655158,486300
2015-11-10,18.294139862060547,18.38611678619352,17.97222325906601,18.027408711820225,550700
2015-11-11,18.3585262298584,18.441305299886583,18.183771974744857,18.321736506687095,373500
2015-11-12,17.539941787719727,18.570080740877803,17.539941787719727,18.220568589819848,694100
2015-11-13,17.319194793701172,18.26655446454224,17.16283449374322,17.42036962141353,642000
2015-11-16,17.328393936157227,17.392777284219896,16.905300606393777,17.264010588094553,1043600
2015-11-17,17.677898406982422,17.89864199299171,17.162830039627416,17.37437575693039,572900
2015-11-18,17.705488204956055,17.806662984650472,17.51233826660893,17.77906938446644,359300
2015-11-19,17.806669235229492,17.88025044056869,17.539936269428445,17.696296550063536,286000
2015-11-20,17.714691162109375,18.018213834098034,17.65030783082605,17.917039025330414,357000
2015-11-23,17.907835006713867,17.963022203989976,17.539929129774496,17.54912699598718,460100
2015-11-24,17.834264755249023,18.404520529535848,17.512348012191204,17.74228954541232,443600
2015-11-25,17.834264755249023,18.073404160316745,17.595125350181302,17.825066883402418,325500
2015-11-27,18.229747772216797,18.312526788685034,17.788260853928257,17.825050553295767,167600
2015-11-30,17.62271499633789,18.376922774733202,17.539935922678474,18.229760366964083,515700
2015-12-01,17.47554588317871,17.742278741360916,16.840907146739674,17.742278741360916,1143700
2015-12-02,16.52819061279297,17.613514525554905,16.445411551357633,17.40196881491528,1148800
2015-12-03,16.381025314331055,16.896095328200644,16.344235601519635,16.537385540985447,712000
2015-12-04,16.436275482177734,16.62043437385056,15.800923178634143,15.856170670507382,1419100
2015-12-07,16.150833129882812,16.509944574249502,15.99429705685101,16.427072432274628,832100
2015-12-08,15.948249816894531,16.17844973170256,15.239233657777167,16.058746548768212,601600
2015-12-09,15.791720390319824,16.095584334337772,15.266864646678526,15.89300895708804,471500
2015-12-10,16.02191925048828,16.123207809982286,15.653599610900871,15.828552098312358,561600
2015-12-11,15.625972747802734,15.920630173679656,15.487853122217933,15.773300582598033,524300
2015-12-14,15.745677947998047,15.810133657154328,15.183989471716714,15.589141901638644,819600
2015-12-15,15.939045906066895,15.975878745382081,15.727262348863901,15.810134481036627,670700
2015-12-16,16.18765640258789,16.353400606523714,15.994289335519966,16.021912198652068,752600
2015-12-17,16.040327072143555,16.436271131037525,16.031118866554667,16.196863054583364,687000
2015-12-18,15.469429969787598,15.662798766459863,15.055071273407993,15.561510265522697,2852500
2015-12-21,15.635180473327637,15.745677224148977,15.441813354748133,15.469436225238763,496300
2015-12-22,15.736472129821777,15.902216410715138,15.552311427432127,15.727263919073632,553500
2015-12-23,15.975871086120605,16.252110223402273,15.79171049040909,15.819335106651499,456100
2015-12-24,15.939045906066895,16.049542667726012,15.819342690865424,16.012709828410824,122800
2015-12-28,15.736472129821777,16.067960691608498,15.68122462161953,15.893008199966992,388100
2015-12-29,15.800921440124512,16.02191313958877,15.644385433468258,15.819337854151344,282400
2015-12-30,15.662805557250977,15.893005518251808,15.616764511279015,15.819341600982995,408600
2015-12-31,15.672009468078613,15.902209365942449,15.53388988061748,15.625968434734341,375000
2016-01-04,15.331316947937012,15.515477618009426,15.073494117379205,15.515477618009426,852800
2016-01-05,15.718049049377441,15.7548818767658,15.322104936381967,15.38656062802572,660300
2016-01-06,15.322110176086426,15.7825101381687,15.294487302384834,15.561518367123584,879300
2016-01-07,14.723587989807129,14.843292942437639,14.309228272361784,14.631508540454321,1780700
2016-01-08,14.788043022155762,15.018242952322572,14.6683398312349,14.6683398312349,1366400
2016-01-11,14.880121231079102,14.97220154131883,14.714377023904756,14.806457334144485,662400
2016-01-12,14.907747268676758,15.423394596254129,14.686754678714882,14.935370134975363,646100
2016-01-13,14.594676971435547,15.12874077750608,14.521013058746032,14.907749039437537,842000
2016-01-14,14.898540496826172,15.073492944149088,14.32764474720899,14.677547885568645,767300
2016-01-15,14.962995529174805,14.981411945180914,14.373683389125038,14.521012082744766,834800
2016-01-19,14.778836250305176,15.340524696504941,14.668341256608137,15.165572240817328,973100
2016-01-20,14.70517349243164,14.898541491350468,14.143485035592446,14.548637451490535,1219200
2016-01-21,14.880121231079102,15.202401438775235,14.281601848949618,14.677545075437449,1196100
2016-01-22,15.091902732849121,15.644382765431216,14.907743892845495,15.036655256476594,844000
2016-01-25,14.686758041381836,15.257653866697222,14.640717871342504,15.0734949428263,844600
2016-01-26,16.150833129882812,16.178456006350004,14.714383839842755,14.788047770899682,1387800
2016-01-27,15.358938217163086,16.19686574583906,15.147154722285848,16.10478543093585,1259400
2016-01-28,15.331316947937012,15.625972615023825,14.82487773966734,15.414189073840966,966300
2016-01-29,15.791720390319824,15.856176112340798,15.312903946325877,15.312903946325877,671900
2016-02-01,15.994292259216309,16.12320366082611,15.570723465477334,15.764092324178163,729600
2016-02-02,15.708847999572754,16.10479229296275,15.690433333774621,15.88380049680508,496000
2016-02-03,16.3073673248291,16.381033011622474,15.708847669926048,15.846967320090346,1001900
2016-02-04,17.108461380004883,17.338661345697247,16.33498935477564,16.33498935477564,1109600
2016-02-05,17.237369537353516,17.30182699083213,16.96113033330356,17.099249935328537,982700
2016-02-08,17.311037063598633,17.36628632099541,16.675686410113236,17.13608635070135,959900
2016-02-09,17.568862915039062,17.716190766027047,17.034799016135988,17.090046521184853,1009600
2016-02-10,17.283405303955078,17.845091748375264,17.071621861693604,17.670141125438654,911600
2016-02-11,16.924301147460938,17.255789668737098,16.60202259209401,17.09004540809902,681200
2016-02-12,17.54123306274414,17.58727410015159,16.97033824917977,17.136082471274587,566800
2016-02-16,17.651731491088867,17.983219967106777,17.320243015070957,17.725395401727717,802500
2016-02-17,17.430740356445312,18.204212322799727,17.42153214776416,17.81747633962252,1302600
2016-02-18,17.62410545349121,17.789849678216438,17.384697324031,17.5412333411286,659100
2016-02-19,17.347875595092773,17.559659215757765,17.163714855905056,17.559659215757765,471000
2016-02-22,17.449153900146484,18.112129009429463,17.38469644999378,17.587273495044695,565800
2016-02-23,17.439937591552734,17.71617665302696,17.264985249266996,17.476768646816243,511200
2016-02-24,17.449153900146484,18.296289640151038,16.85984093560901,17.32944896329168,686800
2016-02-25,17.12687873840332,17.4767819326865,16.841431257044427,17.44915905931121,689300
2016-02-26,17.292617797851562,17.550440571931063,17.218953897216572,17.283409590736447,412500
2016-02-29,16.942712783813477,17.209745518633458,16.684890012302773,16.942712783813477,716500
2016-03-01,17.007173538208008,17.329453854796366,16.29815894925734,16.997965328444177,639900
2016-03-02,16.72171974182129,17.375488337713797,16.473103441005023,17.04399993662544,633300
2016-03-03,16.988758087158203,17.0992530866274,16.657269576177914,16.657269576177914,399000
2016-03-04,17.42152976989746,17.65172968664754,16.961129936397302,16.961129936397302,672400
2016-03-07,17.49519157409668,17.578063674687368,17.044000002150586,17.393903060866776,705800
2016-03-08,16.740135192871094,17.651726487218394,16.721718781360483,17.61489366419717,572600
2016-03-09,16.997962951660156,17.20974823404198,16.776971217088246,16.813804050993326,516600
2016-03-10,17.080839157104492,17.467575224177523,16.92430308813954,17.090047367783207,514100
2016-03-11,17.25578498840332,17.393904582710363,17.108457186971016,17.20053750193769,396000
2016-03-14,17.246583938598633,17.33866429177859,16.776975718038855,17.255792149545297,497400
2016-03-15,16.924301147460938,17.45836501158008,16.887470065256032,17.14529466583598,359800
2016-03-16,17.044008255004883,17.191336114884454,16.813808254407224,16.850639341233805,371500
2016-03-17,17.62473487854004,17.716913043669948,17.071657096831593,17.071657096831593,361100
2016-03-18,18.205469131469727,18.22390547154222,17.52334037246282,17.7076984986293,1667100
2016-03-21,17.96579933166504,18.15015918878904,17.83674848658978,18.11328651408988,365500
2016-03-22,17.63395118713379,18.187028965662808,17.61551660912526,17.892054619296875,247500
2016-03-23,17.458803176879883,17.680033834129002,17.39427778828868,17.587853954062293,344200
2016-03-24,17.311321258544922,17.38506483305498,17.17305051792625,17.38506483305498,507100
2016-03-28,17.099313735961914,17.34819905812034,16.84121200174091,17.34819905812034,554300
2016-03-29,17.394287109375,17.41272168871891,16.85964562831142,17.03478556028703,629600
2016-03-30,17.163843154907227,17.421944922619872,16.970265070936318,17.385073995026534,808600
2016-03-31,17.099313735961914,17.26523728406753,17.007135549846527,17.163840927703365,784800
2016-04-01,17.099313735961914,17.163840927703365,16.749032057439322,16.997917379597748,620300
2016-04-04,16.878074645996094,17.311319644254663,16.859640072726737,17.14539617753311,584600
2016-04-05,16.509361267089844,16.979477297053148,16.37109226020318,16.730592029745665,935200
2016-04-06,16.159072875976562,16.490918001431293,15.725827942739024,16.444828937896908,1364600
2016-04-07,15.854888916015625,16.06690153410508,15.467734598632877,15.79957990054237,836900
2016-04-08,15.900981903076172,16.19595635851906,15.781149189872414,15.919418246087963,492400
2016-04-11,15.808801651000977,16.048468831119553,15.716621695849769,15.873327092150898,408500
2016-04-12,15.827224731445312,16.0300190562999,15.744263017144588,15.83644289505483,463200
2016-04-13,16.36187171936035,16.463269796860274,15.873319423807297,15.873319423807297,858400
2016-04-14,16.32500648498535,16.500148219089716,16.232828290580656,16.352660998218575,454600
2016-04-15,16.25126075744629,16.54623691894745,16.08533897422118,16.36187703778249,455800
2016-04-18,16.306562423706055,16.481702297833454,16.186728027529057,16.214382524689597,363700
2016-04-19,16.509361267089844,16.54623393995872,16.352655923768744,16.36187409198596,617900
2016-04-20,16.426393508911133,16.610753289516524,16.288124552549675,16.472484333155066,346200
2016-04-21,15.873321533203125,16.288130307021433,15.670527109439615,16.288130307021433,1184300
2016-04-22,16.03925323486328,16.214395001950674,15.910202331844511,15.910202331844511,457600
2016-04-25,15.818013191223145,16.112987517500905,15.541475199884161,16.02080760099269,659700
2016-04-26,16.629196166992188,16.693721588155533,15.67974591194135,15.808796754268037,2024700
2016-04-27,17.283666610717773,17.514115498860676,16.592319946289063,16.592319946289063,1254400
2016-04-28,17.04399871826172,17.385063829549626,16.638408202775253,17.11774228851513,677400
2016-04-29,16.6937198638916,17.209924938066337,16.60153994681398,17.01634693638476,603600
2016-05-02,16.831995010375977,16.90573861934488,16.527802403605953,16.666071450649362,573300
2016-05-03,16.527793884277344,16.684499192335075,16.306563171405035,16.684499192335075,515000
2016-05-04,16.232824325561523,16.841209402597833,16.232824325561523,16.509362357601326,363500
2016-05-05,16.31578254699707,16.435615199366275,16.103768226366096,16.269691712866184,337000
2016-05-06,16.509361267089844,16.62919569572788,16.186732412230423,16.242041421533738,553300
2016-05-09,16.371095657348633,16.50014652279726,16.05768490567096,16.177517600989518,487900
2016-05-10,16.684505462646484,16.776685400532372,16.407965648988828,16.407965648988828,315700
2016-05-11,16.343442916870117,16.684508215873638,16.288135648286378,16.592328262776494,413500
2016-05-12,16.31578254699707,16.55544785173548,16.205166303268495,16.4263970325401,448000
2016-05-13,16.07611656188965,16.509359882653296,15.956282143300648,16.260474636216756,723800
2016-05-16,16.03925323486328,16.251265935018886,15.85489505314885,16.131433204813842,581200
2016-05-17,16.09454917907715,16.58310144502467,15.956280200619684,16.01158919855103,511700
2016-05-18,15.864108085632324,16.24204605767392,15.476955459114897,15.476955459114897,450400
2016-05-19,16.112993240356445,16.242045872577872,15.753493372294981,15.79958246782573,583800
2016-05-20,16.509361267089844,16.52779760352428,16.195950580447644,16.195950580447644,453900
2016-05-23,16.269695281982422,16.62919683432572,16.232824364774814,16.490926059785874,329100
2016-05-24,16.65684700012207,16.693719669798686,16.131423764529945,16.325000005775188,534800
2016-05-25,16.822776794433594,16.970264011976465,16.49092967586898,16.63841689341185,535700
2016-05-26,16.822776794433594,16.970264011976465,16.666071406021008,16.831994965303313,253300
2016-05-27,16.914958953857422,17.044009846513518,16.831997163382344,16.850433507529374,291300
2016-05-31,17.034786224365234,17.053222562613776,16.905735372997402,16.961042629557046,406100
2016-06-01,17.034786224365234,17.053222562613776,16.841209947313484,16.914953542121673,324700
2016-06-02,16.878074645996094,17.02556178126295,16.749023842183924,16.942600047902175,428100
2016-06-03,17.007131576538086,17.03478432263782,16.573886466993816,16.86886081329625,277900
2016-06-06,17.209928512573242,17.320544787678557,16.942606873343923,17.044004979008292,328800
2016-06-07,17.246801376342773,17.338981322957427,17.071661411779804,17.1730577706883,347100
2016-06-08,17.311321258544922,17.42193574121726,17.191486851100137,17.292884925371034,425500
2016-06-09,16.88730239868164,17.59708573896478,16.8688660567606,17.182276836672987,603400
2016-06-10,16.76746368408203,17.145399767101388,16.50014209657845,16.831989099497186,448900
2016-06-13,16.555458068847656,16.859652487286805,16.426407170009206,16.712163485231475,490400
2016-06-14,16.306562423706055,16.71215116628193,16.168293454274036,16.518574960714172,457400
2016-06-15,16.343442916870117,16.58311009164814,16.149866597733848,16.325006574613415,462400
2016-06-16,16.3895263671875,16.435615443818335,15.983935811730976,16.269691954850412,290600
2016-06-17,16.500268936157227,16.629466875770746,16.37107275670964,16.389529856678134,509900
2016-06-20,16.795581817626953,17.072431351696,16.629471393118962,16.638699945610117,669700
2016-06-21,16.140363693237305,16.38030070349431,15.900426682980301,15.900426682980301,809400
2016-06-22,15.771236419677734,15.974259307454307,15.45747265482615,15.900432642793142,1196500
2016-06-23,16.020397186279297,16.084995278132684,15.881970692118053,15.955799094425911,492600
2016-06-24,15.789687156677246,15.80814249527317,15.374411235367152,15.374411235367152,854400
2016-06-27,15.51284122467041,15.752778309570001,15.374416457273142,15.623582094688073,1077100
2016-06-28,15.669716835021973,15.762000563129684,15.540520671770604,15.743543465474998,642000
2016-06-29,15.86351203918457,16.204959527729468,15.272897265212235,15.909653020826111,545300
2016-06-30,16.048084259033203,16.177282228523662,15.706636631486216,15.937345153945769,605100
2016-07-01,16.177278518676758,16.297246148371016,16.048080578814556,16.048080578814556,371000
2016-07-05,15.983474731445312,16.066529880986952,15.789680555958208,16.02038891353719,472000
2016-07-06,16.232643127441406,16.324926839262027,15.928108110549143,15.983477633575355,501900
2016-07-07,16.149595260620117,16.435673312390282,16.04808295572875,16.260336116880353,272900
2016-07-08,16.601781845092773,16.6571513868977,16.315703825573664,16.315703825573664,331900
2016-07-11,16.61100959777832,16.6756076868098,16.48181341971536,16.592552498007638,331400
2016-07-12,16.71251678466797,16.814027282087686,16.537177910702457,16.620233074151102,545900
2016-07-13,17.053966522216797,17.137021696851424,16.675604842288205,16.77711711354511,538900
2016-07-14,16.869400024414062,17.266217021696924,16.675604039540545,17.127792324024714,426300
2016-07-15,16.86017608642578,16.897088527820323,16.592553405609813,16.897088527820323,603000
2016-07-18,16.749435424804688,16.86017627052956,16.574096485809484,16.78634962676832,434300
2016-07-19,16.564870834350586,16.795579331986854,16.51872807872364,16.795579331986854,433700
2016-07-20,16.472585678100586,16.786349348934195,16.435671476747924,16.64792461419372,301700
2016-07-21,16.46335792541504,16.564870223887144,16.343388525372355,16.398759830084096,350300
2016-07-22,16.841720581054688,17.192396728269284,16.49104443384009,16.49104443384009,667800
2016-07-25,16.657150268554688,16.86017484181856,16.574095081340538,16.85094629210967,620000
2016-07-26,16.777118682861328,16.897086301796556,16.50949603730199,16.61100831805426,261400
2016-07-27,16.647918701171875,16.887853884079785,16.58331887174934,16.77711483968619,495300
2016-07-28,17.044740676879883,17.183167163333167,16.36184383505164,16.620237948243094,461100
2016-07-29,17.090883255004883,17.19239378117968,16.850946243759765,16.89708723200596,339900
2016-08-01,17.100114822387695,17.21085391778731,16.980145415510897,17.0632006171437,551300
2016-08-02,17.081655502319336,17.118567942605377,16.897088020391262,17.07242695220634,553000
2016-08-03,17.25699234008789,17.284676226901635,16.998598248776563,17.09088197854245,353000
2016-08-04,17.496923446655273,17.506151993471914,17.173933108899504,17.293900697185173,600700
2016-08-05,17.856834411621094,17.91220394686642,17.52461367981757,17.52461367981757,456200
2016-08-08,17.59844207763672,17.930662842742727,17.561529637161588,17.8568362016265,312500
2016-08-09,17.432327270507812,17.727633760019682,17.28467402575188,17.59843761089962,497000
2016-08-10,17.395416259765625,17.460014339600196,17.312361082788133,17.460014339600196,327300
2016-08-11,17.589216232299805,18.207515106790822,17.33082382874109,17.4138790327896,436900
2016-08-12,17.515390396118164,17.57076170817519,17.40465129233675,17.57076170817519,418300
2016-08-15,17.533838272094727,17.866058928924183,17.506152630637143,17.561523913552314,310700
2016-08-16,17.570758819580078,17.727638897451943,17.496930415641277,17.543073168103028,402900
2016-08-17,17.533838272094727,17.801460859021876,17.533838272094727,17.579979247691977,296000
2016-08-18,17.59844207763672,17.7368668097089,17.50615833619994,17.543072536841038,245700
2016-08-19,17.893749237060547,17.912206337994785,17.50615891827166,17.53384456967302,244600
2016-08-22,17.930660247802734,17.930660247802734,17.690723258857382,17.838376519721336,302400
2016-08-23,18.272111892700195,18.355167090771516,17.96757675316073,17.96757675316073,975000
2016-08-24,18.225969314575195,18.502818777312488,17.89374855115768,18.244426414801936,607400
2016-08-25,17.73686408996582,18.179825628906123,17.59843937911947,18.179825628906123,477000
2016-08-26,17.718406677246094,17.866059919542685,17.54306779195683,17.773776203065943,548100
2016-08-29,17.663043975830078,17.875297154935247,17.616902975249065,17.727642080710037,346000
2016-08-30,17.663043975830078,17.783013393606872,17.579988766651176,17.67227252797955,384600
2016-08-31,17.561527252197266,17.755321498746664,17.413873990017038,17.69995196547051,388300
2016-09-01,17.69072151184082,17.709178607667543,17.404643567188756,17.570753909298194,347100
2016-09-02,17.764551162719727,17.930661533140523,17.64458353973017,17.699953076481826,300600
2016-09-06,17.73686408996582,17.856833463487504,17.690723106405603,17.77377828494655,269400
2016-09-07,18.03217887878418,18.050634222771077,17.69072949261475,17.78301325321457,360600
2016-09-08,18.2536563873291,18.262884938161605,17.95834804118725,18.013719346182274,448800
2016-09-09,17.478471755981445,18.15213997251151,17.450786109761392,18.15213997251151,417000
2016-09-12,17.616897583007812,17.6722671187906,17.30313394662901,17.450787215493644,429100
2016-09-13,17.395416259765625,17.524612419434764,17.340046728502518,17.524612419434764,329300
2016-09-14,17.496923446655273,17.5707518211884,17.284672150368532,17.386184405186246,278200
2016-09-15,18.041400909423828,18.133684645669227,17.330820188715748,17.487702012283165,540300
2016-09-16,17.819917678833008,18.21673643864811,17.79223379523277,18.0413975484626,2801800
2016-09-19,17.73686408996582,18.01371527182422,17.71840875264115,17.995258174333856,468400
2016-09-20,17.478471755981445,17.912202985768126,17.46924320724143,17.86606200223373,333500
2016-09-21,17.376853942871094,17.709425883489708,17.284472652474083,17.496950148995175,448600
2016-09-22,17.32142448425293,17.552376810709635,17.25675811476928,17.524661897205323,748800
2016-09-23,17.26600456237793,17.404575671200494,17.062765291546075,17.24752794466099,938400
2016-09-26,17.05352783203125,17.238290494348192,17.05352783203125,17.21981387571103,326900
2016-09-27,17.24751853942871,17.265995147070186,16.97037647291173,17.08123259470801,774200
2016-09-28,17.46923828125,17.47847658810423,17.13666628260519,17.284475668219134,274500
2016-09-29,17.432281494140625,17.589329138665363,17.39532827800477,17.469232948250156,386900
2016-09-30,17.441516876220703,17.6355177239795,17.330660759238143,17.552374755229476,385500
2016-10-03,17.423046112060547,17.570855477339876,17.24752183003136,17.339903123837598,352100
2016-10-04,17.182849884033203,17.56161148005862,17.13665837108739,17.45999191360388,274100
2016-10-05,17.284475326538086,17.293713633209695,17.035048094512046,17.192095783875686,435800
2016-10-06,17.395336151123047,17.506194087678523,17.182860348254437,17.229050127303395,401200
2016-10-07,17.33989906311035,17.404565425022902,17.035042098361036,17.404565425022902,307500
2016-10-10,17.441516876220703,17.469231786479448,17.284469242140233,17.349137366077304,278500
2016-10-11,17.182849884033203,17.441515308425554,17.108945225345952,17.441515308425554,193400
2016-10-12,17.09971046447754,17.229043203461327,17.04428239948826,17.182853442974665,150000
2016-10-13,16.831802368164062,16.92418363715817,16.57313692941194,16.90570703095412,585900
2016-10-14,16.6932315826416,16.988850237998047,16.591612009103006,16.924183877392096,406200
2016-10-17,16.67475128173828,16.84103717904073,16.5269419868085,16.582371793926505,434500
2016-10-18,16.776378631591797,16.93342630071461,16.69323564428992,16.78561693707274,360100
2016-10-19,16.887237548828125,16.90571239887218,16.68399834010315,16.85952263072198,385600
2016-10-20,16.78562355041504,16.99809937410993,16.453051470177957,16.78562355041504,626900
2016-10-21,16.767141342163086,16.868760946584775,15.760188890067088,16.222093619945007,1080200
2016-10-24,16.78562355041504,17.07200408504847,16.68400391211431,16.81333847777723,512700
2016-10-25,16.850282669067383,16.896474194705757,16.693235005949983,16.831806058812035,691100
2016-10-26,16.9241886138916,17.090474594573884,16.7948558564839,16.7948558564839,425300
2016-10-27,17.192087173461914,17.23827692165963,16.90570509615303,17.035039562753347,595200
2016-10-28,16.87799644470215,17.27523472823452,16.757900248178846,17.192091749726515,620200
2016-10-31,16.998090744018555,17.071995417434994,16.905709461741406,16.905709461741406,406000
2016-11-01,16.647045135498047,17.099711511689698,16.610091915224512,17.01656852810077,823200
2016-11-02,16.63780403137207,16.804089970574847,16.573137668799042,16.68399378691674,471700
2016-11-03,16.61009407043457,16.97961751098408,16.591617457900405,16.665523908037063,482500
2016-11-04,16.951904296875,17.16438005421899,16.61009401425605,16.674760395880156,626800
2016-11-07,17.764848709106445,17.820278524198866,17.145896536782704,17.155134839298107,709500
2016-11-08,18.051240921020508,18.180573704691547,17.478478178141437,17.72790719981589,601600
2016-11-09,18.439231872558594,18.54085145439381,17.718661781803615,17.90342257547291,659000
2016-11-10,18.799522399902344,19.141330904940084,18.476188744468807,18.61475980764699,728600
2016-11-11,19.649423599243164,19.704851662085538,18.975043254910847,19.316851698136226,1206700
2016-11-14,20.222185134887695,20.249900048384042,19.778757091104627,19.778757091104627,884500
2016-11-15,20.296091079711914,20.360759215252653,19.926567686754606,20.222186401120453,762300
2016-11-16,20.425424575805664,20.46237603225559,20.175995637169503,20.249900312095797,525600
2016-11-17,20.471616744995117,20.563998040026608,20.19447462192729,20.50856996781837,526900
2016-11-18,19.954282760620117,20.582473414654828,19.945044455469425,20.434664056296842,649300
2016-11-21,19.8526611328125,20.129804972870414,19.797233069611462,20.000470476032845,343600
2016-11-22,19.77875518798828,19.926564521693724,19.704850521135562,19.917326218083854,573100
2016-11-23,19.87114143371582,20.07437887790318,19.778760136530043,19.778760136530043,443700
2016-11-25,20.046663284301758,20.09285304626419,19.84342410280352,19.926567083957078,230600
2016-11-28,20.129810333251953,20.25914310250328,19.86190472605783,19.95428603067742,582400
2016-11-29,19.861894607543945,20.240656177702476,19.82494139971095,20.148274920145923,338900
2016-11-30,19.87114143371582,20.203713398773942,19.87114143371582,19.93580781313786,312600
2016-12-01,20.259138107299805,20.35151938914136,19.90808958870717,19.90808958870717,586900
2016-12-02,20.101947784423828,20.370097891265615,20.037222383085442,20.342357677705632,262900
2016-12-05,19.880027770996094,20.370094206770965,19.84304082627289,20.25913513623595,743500
2016-12-06,19.926259994506836,19.94475346715266,19.63037148671216,19.833796158546967,595800
2016-12-07,20.462560653686523,20.61975166155892,19.92626223217508,19.935508969536375,405900
2016-12-08,20.767702102661133,20.79544232298732,20.277637222345938,20.462566733614473,272400
2016-12-09,19.87078094482422,20.98036459061088,19.861534208685296,20.8046801312405,778600
2016-12-12,20.009479522705078,20.046466469225823,19.593386956154802,19.870782000521654,377100
2016-12-13,19.510169982910156,20.185165949686784,19.297500310687635,20.01872820146573,686900
2016-12-14,19.556394577026367,19.843036278396664,19.39920362524894,19.556394577026367,643300
2016-12-15,19.769075393676758,19.85229428384479,19.491680268873452,19.528667226119328,325000
2016-12-16,19.223533630371094,19.50092878038342,18.77969892126188,19.39921640234907,1246300
2016-12-19,19.46394157409668,19.51017527427206,19.13106775101059,19.260518584230994,498700
2016-12-20,19.528661727905273,19.741331381287228,19.334483784304805,19.565646911102935,383800
2016-12-21,19.30674171447754,19.61187694191383,19.29749674229466,19.57489176227873,269000
2016-12-22,19.186542510986328,19.454692626359357,19.103323631293662,19.380718721179235,296200
2016-12-23,19.251272201538086,19.445450218608357,19.121821365914812,19.121821365914812,264300
2016-12-27,19.242019653320312,19.473182797807794,19.223527942123784,19.288253340398708,197200
2016-12-28,18.927635192871094,19.38071468595463,18.918388456648824,19.279004114778882,198500
2016-12-29,18.9738712310791,19.19578763707809,18.84441867152024,18.936884281595194,217100
2016-12-30,18.825923919677734,19.029346818078203,18.80743044792282,18.992361638202908,333500
2017-01-03,18.96462631225586,19.214282954307745,18.668737742550658,18.992366527028842,419500
2017-01-04,19.047847747802734,19.352983096693002,18.955382116458814,19.02010752930899,497400
2017-01-05,18.724218368530273,19.14955779109768,18.668739696811738,19.03860044766061,595200
2017-01-06,18.60401153564453,19.001610681758173,18.557777846351144,18.77969426405466,426900
2017-01-09,18.493053436279297,18.714969865878448,18.33586241152552,18.539285364415992,382400
2017-01-10,18.51154327392578,18.724212923363268,18.32661207046339,18.49304980085261,444100
2017-01-11,18.594758987426758,18.622497428700363,18.326608964219485,18.511540136337214,255800
2017-01-12,18.668737411499023,18.80743495563445,18.363602108947106,18.53928484182233,432600
2017-01-13,19.195789337158203,19.399212286431442,18.64099739120803,18.73346300947222,1153800
2017-01-17,18.465316772460938,19.057095795504463,18.40983809530026,19.057095795504463,551700
2017-01-18,18.742706298828125,18.761199771804986,18.419077576271665,18.493049704544458,437800
2017-01-19,18.465316772460938,19.010862094841105,18.335865937874235,18.835179323226395,424300
2017-01-20,18.53004264831543,18.567027842605892,18.34511138595744,18.446823756617857,455900
2017-01-23,18.31736946105957,18.71497040354392,18.197165386269795,18.52079418342927,574100
2017-01-24,18.53004264831543,18.742712365482458,18.25264575477845,18.3266179069946,403300
2017-01-25,19.186542510986328,19.24202117623645,18.622503829432695,18.659490782022758,555000
2017-01-26,18.91839599609375,19.149559202870858,18.816685384383828,19.06634207097558,591500
2017-01-27,18.798189163208008,18.927639975761934,17.790317587548035,18.687230064136752,1802500
2017-01-30,19.00161361694336,19.389967848822437,18.76120545002148,18.79819064353439,1681000
2017-01-31,19.047847747802734,19.38072155155152,18.6040148337142,18.881409964110727,1188800
2017-02-01,19.09408187866211,19.417710743785623,18.862918655521803,19.16805403952159,763300
2017-02-02,18.465316772460938,19.020108834973776,18.40983809530026,18.92764319728241,647800
2017-02-03,18.844417572021484,18.844417572021484,18.520790601093772,18.520790601093772,384500
2017-02-06,18.844417572021484,19.06633572870723,18.724213520481864,18.88140451934735,346800
2017-02-07,18.47456169128418,18.946134809748422,18.41908301959285,18.84442244195167,333300
2017-02-08,18.585525512695312,18.631757456892725,18.24340312927334,18.47456637753165,747800
2017-02-09,18.73346519470215,19.020107057485998,18.53928719733328,18.594767632944492,338200
2017-02-10,19.260513305664062,19.528663402285638,18.936884547671934,19.260513305664062,436300
2017-02-13,19.30674171447754,19.473179431921793,19.02009995867606,19.260509799025034,467200
2017-02-14,18.83517837524414,19.2697645577947,18.71497252320477,19.242024338792863,508000
2017-02-15,19.121814727783203,19.14955317513859,18.76120080308517,18.76120080308517,575000
2017-02-16,19.21428108215332,19.362225352590887,19.020103124932252,19.140308946934535,838100
2017-02-17,18.98311996459961,19.20503639393398,18.788941986660156,19.20503639393398,1445000
2017-02-21,19.00161361694336,19.13106620332651,18.779697164960343,19.020107095517407,532500
2017-02-22,18.93688201904297,18.99236243664011,18.78893776605315,18.964622227841538,454500
2017-02-23,18.8999080657959,18.983126977996243,18.696483274356986,18.97388023623669,542200
2017-02-24,19.084829330444336,19.140309756932414,18.770447301551485,18.770447301551485,394700
2017-02-27,19.408458709716797,19.463937374321173,18.973872603651778,19.08482993286053,371900
2017-02-28,19.177295684814453,19.46393751153185,19.07558332929362,19.362226919645977,583200
2017-03-01,19.6673641204834,19.695102573840426,19.306748354125833,19.454694414448895,763100
2017-03-02,19.15880584716797,19.685859437443224,19.07558695205268,19.685859437443224,551100
2017-03-03,18.927635192871094,19.279004114778882,18.844416330505283,19.1865385161908,577200
2017-03-06,19.038593292236328,19.13105888610527,18.55777361502545,18.844415368748102,786100
2017-03-07,18.61326026916504,19.17729904701816,18.567028334169162,18.95538258449446,591000
2017-03-08,18.631750106811523,18.798187862080802,18.53003951697413,18.68722877068964,575700
2017-03-09,18.4560604095459,18.853661209769434,18.43756870255727,18.622498117884536,438200
2017-03-10,18.724218368530273,18.733465107755894,18.446823246302415,18.53004213569781,303600
2017-03-13,18.502300262451172,18.788942098256186,18.456066570460028,18.733463431501832,443800
2017-03-14,18.502300262451172,18.548532190807297,18.11394606790066,18.391341165307445,327700
2017-03-15,18.751949310302734,18.909140272111273,18.567018144539404,18.62249678881468,378500
2017-03-16,18.890649795532227,18.99236212917912,18.65948668352353,18.825924406351323,463600
2017-03-17,18.890649795532227,18.94612844859663,18.61325300294104,18.899896531648725,798400
2017-03-20,18.61326026916504,18.872163690593663,18.502302919720822,18.872163690593663,303300
2017-03-21,18.31736946105957,18.742710619403894,18.12319324094492,18.742710619403894,403400
2017-03-22,18.511741638183594,18.622812864796288,18.308113115713788,18.31736919838295,368200
2017-03-23,18.493236541748047,18.678354735056843,18.326630520853715,18.44695787612981,354400
2017-03-24,18.43769645690918,18.669093248905824,18.280346567734767,18.520999443261367,459600
2017-03-27,18.11373519897461,18.345131922038497,18.01192007589309,18.19703816051096,389500
2017-03-28,18.419187545776367,18.474722291355462,17.87309087889836,18.07672122171793,438600
2017-03-29,18.43769645690918,18.51174335973141,18.243322233614943,18.372905637616906,283700
2017-03-30,18.511741638183594,18.67834759539401,18.345135680973183,18.483973390176107,239600
2017-03-31,18.558015823364258,18.706109579623426,18.3266191085322,18.483968945234672,266400
2017-04-03,18.428434371948242,18.863459563680717,18.428434371948242,18.558015968333056,378700
2017-04-04,18.43769645690918,18.585790262553637,18.308114818324636,18.34513738702704,264600
2017-04-05,18.289600372314453,18.659834840293048,18.24331996043138,18.520997135478225,387700
2017-04-06,18.19704246520996,18.372904510657236,18.021180419762683,18.27108936349029,722300
2017-04-07,18.169279098510742,18.335885105763783,18.04895351850454,18.150768693029793,435300
2017-04-10,18.511741638183594,18.67834759539401,18.048948097229005,18.4006704115709,1178000
2017-04-11,18.19704246520996,18.613557371422637,18.002670019255586,18.409927077088746,763900
2017-04-12,17.752765655517578,18.2896062479024,17.724997399467103,18.17853498911827,659600
2017-04-13,17.586153030395508,17.882340588440695,17.53987438648236,17.706478563819953,783900
2017-04-17,17.965646743774414,17.97490282728087,17.539877494981905,17.63243479921164,452000
2017-04-18,17.854581832885742,17.984163504238595,17.799045317662063,17.910116582691554,369800
2017-04-19,17.771272659301758,18.09522672528031,17.752760493983768,17.928622533670165,492500
2017-04-20,17.8915958404541,17.993410970841133,17.752758149737165,17.863827596143906,1040200
2017-04-21,18.576534271240234,18.706115910468043,17.576900195469108,17.92862430968377,1694100
2017-04-24,18.835691452026367,18.993041276295138,18.5580143569197,18.56727043663159,729400
2017-04-25,18.817184448242188,19.13188418300296,18.79867228374634,18.918999587552197,556900
2017-04-26,18.96527862548828,19.094860248804036,18.724625778318156,18.752394025636054,763100
2017-04-27,19.00229835510254,19.14113602724728,18.88197107793812,18.993042274903985,414700
2017-04-28,18.6228084564209,19.14113660527501,18.576528054030543,18.99304284845955,371000
2017-05-01,18.567276000976562,18.780162367315658,18.520997353964752,18.733881954886627,312900
2017-05-02,18.511741638183594,18.613556782127127,18.38216001164983,18.576532451450475,480200
2017-05-03,18.50248908996582,18.595048168921355,18.150766708435903,18.4191860954476,440500
2017-05-04,18.428434371948242,18.6690871691035,18.243316292469785,18.51173733117186,212400
2017-05-05,18.224815368652344,18.493234781440453,18.12300019548215,18.437700034901148,304600
2017-05-08,17.974899291992188,18.206296037890432,17.91936456729339,18.178527792832497,274600
2017-05-09,17.974899291992188,18.085970506806856,17.836061597536656,18.01192185331903,583400
2017-05-10,18.06745719909668,18.085969361296133,17.826804386754684,17.97489815351638,507100
2017-05-11,17.91010856628418,18.067458424820455,17.84531775960755,17.97489937296081,438200
2017-05-12,17.743505477905273,17.928623611378306,17.66945857759953,17.826808461426403,512400
2017-05-15,17.780527114868164,17.845319693985186,17.669457652930664,17.789783197599167,337100
2017-05-16,17.752765655517578,17.82681257290108,17.678718738134076,17.780532146150286,462200
2017-05-17,17.456567764282227,17.650940146567418,17.345496570535882,17.530614638307547,558200
2017-05-18,17.61391830444336,17.734243817568327,17.317729030949582,17.37326551277662,496100
2017-05-19,17.66020393371582,17.789785578457614,17.539878372943797,17.613925279284466,470100
2017-05-22,17.845319747924805,17.900854479061415,17.650945540820754,17.706480271957368,437800
2017-05-23,17.928621292114258,18.095225472187074,17.789781827261212,17.910109128078233,371000
2017-05-24,17.928621292114258,18.12299371824111,17.845318319369284,17.93787560871514,388700
2017-05-25,18.178529739379883,18.206297987411226,17.78052701135025,17.95638905138091,338300
2017-05-26,17.947139739990234,18.178536597970172,17.873092816053372,18.178536597970172,283800
2017-05-30,18.06745719909668,18.178526641459477,17.826804386754684,17.910107351235258,181400
2017-05-31,18.002666473388672,18.132248078502084,17.836060543718876,18.085969438223568,203000
2017-06-01,18.095226287841797,18.141506700017977,17.89159777051824,18.058203723518066,302200
2017-06-02,18.382160186767578,18.595044793934594,18.05820435192975,18.122995165813858,351400
2017-06-05,18.520992279052734,18.622807393081157,18.271083416664826,18.34513029084457,411600
2017-06-06,18.50248908996582,18.61356033779598,18.354395269804,18.409930011010285,259200
2017-06-07,18.72462272644043,18.826437851260916,18.46545952204926,18.511738161285706,384700
2017-06-08,18.687604904174805,18.761651804969137,18.59504583682755,18.74313963841621,325600
2017-06-09,19.020816802978516,19.0485850553305,18.669094433607714,18.752397425246134,562200
2017-06-12,19.196680068969727,19.55765854499653,18.909748505087332,19.02081799059513,560300
2017-06-13,19.29848861694336,19.520629277195297,19.085604038212377,19.19667348562983,437300
2017-06-14,19.14113998413086,19.400303221597827,19.048580928428166,19.26146552075236,197500
2017-06-15,19.279979705810547,19.317004038139196,18.993048191932854,18.993048191932854,205400
2017-06-16,19.16890525817871,19.215185665824826,18.993045005374587,19.150394860537304,576900
2017-06-19,19.35402488708496,19.4003035329705,19.122628126822907,19.23369934853225,333800
2017-06-20,19.12263298034668,19.307751141708117,19.04858606888563,19.307751141708117,354000
2017-06-21,19.020713806152344,19.131890876979664,18.752032645252243,19.08556739198956,254100
2017-06-22,19.15042495727539,19.539548320286002,18.918803949938788,19.039246096217482,205900
2017-06-23,19.187477111816406,19.252332457005153,19.11335848444245,19.150418681693164,381900
2017-06-26,19.215280532836914,19.326459405329317,19.0855733208693,19.26160579934551,164900
2017-06-27,19.233814239501953,19.354256420711437,19.076311838148897,19.215284129430167,434500
2017-06-28,19.58587074279785,19.64146105384789,19.159688960848584,19.344984696298198,660400
2017-06-29,19.41910743713379,19.724848910970458,19.224546608832263,19.622935086358233,334400
2017-06-30,19.289398193359375,19.595137867972664,19.243074696377537,19.42837045143303,404500
2017-07-03,19.41910743713379,19.50249115415682,18.974395457763165,19.409844150467517,429400
2017-07-05,19.456159591674805,19.53027822419608,19.2615988439793,19.47468969158702,494100
2017-07-06,19.650720596313477,19.798959630421923,19.437629745919484,19.437629745919484,759600
2017-07-07,19.965730667114258,19.993525824914663,19.558078955476887,19.69705121022272,652700
2017-07-10,19.669254302978516,20.382647385584686,19.65072419942637,20.382647385584686,831700
2017-07-11,19.687789916992188,20.327064531445778,19.558082690078983,19.585876086058423,912300
2017-07-12,20.243677139282227,20.37338434268086,19.715581505869945,19.761905002189998,557500
2017-07-13,20.206615447998047,20.225145552019626,19.854552307228,20.169557007082876,338200
2017-07-14,20.299259185791016,20.382642866159145,20.0861683435736,20.21587550542289,272600
2017-07-17,20.16029167175293,20.38264761550306,19.8545520282055,20.197350112147305,357700
2017-07-18,19.92867088317871,20.132496725285403,19.854552234491916,20.132496725285403,254500
2017-07-19,19.956462860107422,20.07690498236442,19.789695485345657,19.947197809606468,217300
2017-07-20,20.002788543701172,20.08617224024555,19.84528620213156,19.919404847156798,293100
2017-07-21,19.9935245513916,20.132496797285352,19.82675714946791,20.132496797285352,475100
2017-07-24,19.84528350830078,19.965725627444822,19.826753407777804,19.93793224378801,248800
2017-07-25,20.151018142700195,20.289990328189926,19.882337052576464,19.956457436440015,346000
2017-07-26,20.16029167175293,20.327059071347517,20.095438075716803,20.225145267789056,361800
2017-07-27,19.41910743713379,20.206619338391135,19.31719537964989,20.197354284596543,493300
2017-07-28,19.493223190307617,19.715579126641085,19.307925693132447,19.409839493291578,397000
2017-07-31,19.576602935791016,19.734105260677055,19.317188589245333,19.344981973730828,324800
2017-08-01,19.58587074279785,19.66925444224496,19.38204490366489,19.66925444224496,375000
2017-08-02,19.2708683013916,19.576607979394943,18.92807017881751,19.50248932312529,513100
2017-08-03,19.196746826171875,19.400574426328436,18.54820912082909,19.298660626250157,404800
2017-08-04,19.576602935791016,19.734105260677055,19.22453985099572,19.22453985099572,368200
2017-08-07,19.391315460205078,19.58587630272721,19.354255242317937,19.51175763408138,394100
2017-08-08,19.168954849243164,19.428369243619326,19.131894640259123,19.409840906255333,479300
2017-08-09,19.31719207763672,19.31719207763672,19.00218737097958,19.104101178171014,311200
2017-08-10,19.159687042236328,19.29865927168913,19.067038300225203,19.196745478764115,423700
2017-08-11,19.307920455932617,19.344978885038955,19.168948254310866,19.196741634358766,261000
2017-08-14,19.78969955444336,19.78969955444336,19.4191045267154,19.43763463152741,298000
2017-08-15,19.734100341796875,19.97498629435207,19.7063069642391,19.79895567939529,354800
2017-08-16,19.548809051513672,19.91013717760886,19.511748850310237,19.76189990705044,621700
2017-08-17,19.446895599365234,19.62292802384988,19.363511912352912,19.521014235917555,461500
2017-08-18,19.344982147216797,19.521014574756958,19.252335175264022,19.335718863723695,383400
2017-08-21,19.38204574584961,19.521017995257402,19.317192147267843,19.363515641361097,330000
2017-08-22,19.400575637817383,19.474694287831486,19.18748297278983,19.446899131403192,321500
2017-08-23,19.20601463317871,19.363516998110782,19.168956188733127,19.307928447878332,250300
2017-08-24,19.039249420166016,19.28940057587267,18.937337360792768,19.28013552190631,597400
2017-08-25,19.659992218017578,19.743375929457418,19.067042951892684,19.15969171650675,522800
2017-08-28,19.965730667114258,19.984260772314528,19.548813902876752,19.734109653495167,736000
2017-08-29,20.39191246032715,20.57720819467348,19.734107920508627,19.88234521483687,735900
2017-08-30,20.503089904785156,20.725447617280146,20.289999011366092,20.428971256329483,925100
2017-08-31,20.54014778137207,20.57720621782997,20.271466606759255,20.57720621782997,369500
2017-09-01,20.669857025146484,20.892212967496604,20.521619730246403,20.558679937535395,292100
2017-09-05,20.864421844482422,20.957070605636165,20.567947222492954,20.632800825162132,557400
2017-09-06,20.818090438842773,21.07750654011786,20.781032005590685,20.882945789507257,295100
2017-09-07,21.049713134765625,21.14236187626746,20.845887317163797,20.864417418889715,523300
2017-09-08,21.188690185546875,21.20721852281643,20.910743920967345,21.00339267582719,743800
2017-09-11,21.012653350830078,21.29059779038232,20.771767345225232,21.28133274011356,475400
2017-09-12,21.13310432434082,21.151634432642023,20.984866992187992,21.012662154639795,410600
2017-09-13,20.901472091674805,21.19794659739499,20.69764631077404,21.16088816774369,380500
2017-09-14,20.697650909423828,20.98486042976217,20.66985575566418,20.947801991877142,442100
2017-09-15,20.892215728759766,20.892215728759766,20.679124810068288,20.725450075302206,1273300
2017-09-18,21.03118324279785,21.142360310665126,20.864415873869305,20.901474307449188,390100
2017-09-19,20.975603103637695,21.160900662689787,20.975603103637695,21.077516937829195,202600
2017-09-20,21.272066116333008,21.272066116333008,20.8551494878443,21.003386746923955,259700
2017-09-21,21.290616989135742,21.485349169557708,21.1886161028848,21.27207249897013,194000
2017-09-22,21.290616989135742,21.429712161723685,21.132979095050775,21.299890118552845,360200
2017-09-25,21.132980346679688,21.346257029898865,21.058795306949165,21.318437639999917,372300
2017-09-26,21.31843376159668,21.392617019162557,21.09588398889905,21.10515711717833,343200
2017-09-27,21.624441146850586,21.661533662071896,21.309161842143354,21.429710747944135,360300
2017-09-28,21.59662437438965,21.80990103925435,20.196413706013853,21.56880498688482,414400
2017-09-29,23.256473541259766,23.386293800871243,22.310635673228848,22.310635673228848,1693500
2017-10-02,23.293567657470703,23.367750920734334,22.894831954177995,23.321385275776745,715800
2017-10-03,22.551733016967773,23.26574802372474,22.53318675918145,23.237928637045258,621900
2017-10-04,22.310640335083008,22.635192820596,22.199366308927484,22.53319015606281,557900
2017-10-05,22.2549991607666,22.329182420555753,22.078813255516707,22.22717977509501,390900
2017-10-06,22.264272689819336,22.496095601914078,22.245726432371328,22.310636564770903,313700
2017-10-09,22.023174285888672,22.77427994525397,21.967537288183017,22.254997173108553,198100
2017-10-10,21.976816177368164,22.106636462271222,21.83772099363634,22.060272580139767,236800
2017-10-11,21.967540740966797,22.171544277064303,21.837718701024254,22.02317774741729,443200
2017-10-12,21.986085891723633,22.134454194500158,21.902631263872948,22.023178409584915,330800
2017-10-13,21.448257446289062,22.152999390073724,21.438986085197158,22.152999390073724,275900
2017-10-16,21.364805221557617,22.245731423983333,21.03097958726176,21.503898646291272,421500
2017-10-17,21.244253158569336,21.9953589563605,21.11443288377468,21.35552894315661,359100
2017-10-18,21.652263641357422,21.661536771493868,21.290618640710942,21.374075043270228,267700
2017-10-19,21.680078506469727,21.72644415125655,20.687876700722224,21.5038943622853,217200
2017-10-20,22.217910766601562,22.236457027155154,21.763537995051095,21.763537995051095,346900
2017-10-23,22.013906478881836,22.31063956325622,21.99536021894126,22.21791003222205,295900
2017-10-24,22.05099868774414,22.310639248575274,22.02317929822566,22.07881630859395,315800
2017-10-25,21.921171188354492,22.004627567491333,21.680075178477868,22.004627567491333,225500
2017-10-26,22.20863914489746,22.338459429914707,21.95826993636243,21.95826993636243,228300
2017-10-27,20.86406135559082,22.319908909416213,20.678602324962654,22.254998779296873,1301700
2017-10-30,19.760581970214844,20.864059383972023,19.59366921215615,20.558053250420496,1185000
2017-10-31,19.779132843017578,19.9924095198107,19.565856166224457,19.751313453956833,1021500
2017-11-01,19.510215759277344,19.862585782675456,19.28766422288362,19.74203865507483,525600
2017-11-02,19.899675369262695,19.936767879394413,19.15784285331066,19.50094149735612,491500
2017-11-03,19.630765914916992,20.05731926001928,19.51949012955588,20.05731926001928,424200
2017-11-06,19.575124740600586,19.714218116198726,19.463848978921135,19.64003486463517,294600
2017-11-07,19.71422576904297,19.899683085610224,19.34330936723954,19.5751323394503,706300
2017-11-08,19.96459197998047,20.010955859933492,19.111483500696846,19.67713026453205,587200
2017-11-09,19.81622314453125,19.9645896655839,19.584400234302926,19.844040761810845,635200
2017-11-10,19.677125930786133,19.83476556404352,19.426758558045318,19.760582311255824,514300
2017-11-13,19.695676803588867,19.723496193156805,19.269123442225847,19.52876400351858,624300
2017-11-14,19.695676803588867,19.760586943912053,19.491673252763338,19.704949933444848,399600
2017-11-15,19.10220718383789,19.677126981474128,18.870384285414296,19.621489981079606,554400
2017-11-16,19.269123077392578,19.538036763449796,19.185666678937565,19.204211169629737,562900
2017-11-17,19.065114974975586,19.45457752128094,18.935294715763263,19.306211005418746,486400
2017-11-20,19.222759246826172,19.35258130596008,18.90747988255195,19.10221208691841,299000
2017-11-21,19.78840446472168,19.806950722682185,19.1856652303533,19.31548549873983,479400
2017-11-22,19.658586502075195,19.992410341175695,19.640040241939413,19.834770667358978,682800
2017-11-24,19.704946517944336,19.8069491600111,19.602943875877568,19.714219646192984,120200
2017-11-27,19.742036819458008,19.797673814049137,19.547304685386802,19.723490565038244,530800
2017-11-28,20.465328216552734,20.4931476051985,19.74204179844895,19.844042686146196,456200
2017-11-29,20.94752311706543,20.975342509397866,20.391147651098674,20.46533092864965,367400
2017-11-30,21.179336547851562,21.355522415986147,20.86405731799727,21.040243186131857,441300
2017-12-01,21.207157135009766,21.438980007296557,20.752782748899676,21.179337753614814,422400
2017-12-04,20.99388313293457,21.633714889303402,20.845516605177814,21.429711355804994,575900
2017-12-05,20.669334411621094,21.049523895999766,20.456055960236306,20.966067495168478,370500
2017-12-06,20.9567928314209,21.15152323999602,20.60442099399654,20.69715051798551,488500
2017-12-07,21.281349182128906,21.29989367539124,20.9197041491457,20.93825041107692,361200
2017-12-08,21.142255783081055,21.42044442968443,21.003162344113882,21.42044442968443,385700
2017-12-11,20.7431640625,21.15153109201969,20.69675771242887,21.08656220192011,183700
2017-12-12,20.780290603637695,20.938068677971277,20.696760930742183,20.80813441801004,240600
2017-12-13,21.040157318115234,21.170091555994812,20.780287072134854,20.83597469141572,511600
2017-12-14,20.733882904052734,21.105124855513136,20.622509433503982,21.105124855513136,293100
2017-12-15,21.08656120300293,21.207215937250936,20.715319271126695,20.733881810275797,846000
2017-12-18,21.132966995239258,21.244338686763317,20.9844702263931,21.244338686763317,294400
2017-12-19,21.22577667236328,21.337148357349783,20.910220614533163,21.040154837091087,314800
2017-12-20,21.3278751373291,21.522778314940037,21.216503410312868,21.3464376819057,212500
2017-12-21,21.37428092956543,21.485652653615794,21.188659029185974,21.402122975467204,505100
2017-12-22,21.819766998291016,21.856890308802516,21.15153147709248,21.364995380642128,485000
2017-12-26,21.68983268737793,21.996107521566877,21.522773365052817,21.810485658934248,259000
2017-12-27,21.838329315185547,21.866171355228943,21.578459063379174,21.71767457425995,195300
2017-12-28,21.764081954956055,21.791923996317422,21.578460084847325,21.791923996317422,196200
2017-12-29,21.661985397338867,21.977541450993616,21.661985397338867,21.801200886840437,229000
2018-01-02,21.940418243408203,22.153883900378307,21.791921472607086,21.83832781987065,292700
2018-01-03,21.856887817382812,21.949698738414167,21.726953590071563,21.856887817382812,464800
2018-01-04,21.634140014648438,22.163159898331884,21.569172908963925,21.866166403647902,256000
2018-01-05,21.550615310668945,21.884733953852134,21.392837259190358,21.64342624157775,193600
2018-01-08,21.996110916137695,22.153888992658302,21.411403197764223,21.55990000269873,889300
2018-01-09,21.773357391357422,22.172443098448593,21.597018594910498,22.005383800575917,635700
2018-01-10,21.420679092407227,21.894013203154394,21.327868170064843,21.73623516623867,960300
2018-01-11,21.89401626586914,21.92186007753321,21.467086671460198,21.522774294788334,509600
2018-01-12,21.43924331665039,21.89401492464276,21.327869847038208,21.89401492464276,341700
2018-01-16,21.235057830810547,21.59702026086277,21.11440486760724,21.541332643795563,365600
2018-01-17,21.142255783081055,21.504216564584745,21.003038463836482,21.281471332103877,440300
2018-01-18,21.53205108642578,21.624860232224584,21.21649503409109,21.21649503409109,268800
2018-01-19,21.866172790527344,21.866172790527344,21.364996564415033,21.52277462582882,338300
2018-01-22,21.89401626586914,21.986827201194682,21.578460147895118,21.81048660109829,306200
2018-01-23,21.717676162719727,21.894016766851166,21.541335558588283,21.894016766851166,323700
2018-01-24,21.93113899230957,22.07035627669148,21.550615760833967,21.717675085915218,1191200
2018-01-25,21.569177627563477,22.04251177709824,21.216498218027255,22.04251177709824,461400
2018-01-26,21.68983268737793,21.912577860404323,21.327870232266424,21.634145066455375,458800
2018-01-29,21.522777557373047,21.829052451219837,21.46708992560336,21.652711824392405,270300
2018-01-30,20.94734764099121,21.346433418573874,20.81741339534898,21.309308336835333,349600
2018-01-31,21.058727264404297,21.68983967645181,21.003039625537625,21.17009900169395,716300
2018-02-01,21.095844268798828,21.262903594922815,20.54826170882412,20.910224172166533,649000
2018-02-02,20.668912887573242,21.309304500273967,20.613225274991517,20.882376758473484,578300
2018-02-05,19.88003158569336,20.73388921923303,19.852187767020116,20.511143980512482,493500
2018-02-06,19.92643165588379,20.511139323718858,19.33244448748623,19.545908404851428,579700
2018-02-07,19.95427703857422,20.17702224425265,19.787217691760013,19.85218482213853,435100
2018-02-08,19.25819969177246,20.223430791090617,19.25819969177246,20.056371426191575,454300
2018-02-09,19.137544631958008,19.861466108394847,18.719896264612494,19.43453823974969,576700
2018-02-12,18.673492431640625,20.46473542227844,17.986692473098596,19.109701589429896,1583500
2018-02-13,19.815061569213867,19.982120916558472,17.661856137264614,18.33009175642149,1451000
2018-02-14,19.016889572143555,20.084210997125883,17.83819466088707,19.5459096489474,821100
2018-02-15,19.007606506347656,19.276758040138287,18.627083267018474,19.11897998210755,511000
2018-02-16,19.063291549682617,19.341722546072898,18.73845420707989,18.914793012023885,379500
2018-02-20,18.599239349365234,18.91479366337075,18.515709693527516,18.88695162490562,819100
2018-02-21,18.422903060913086,18.896237297546378,18.404340517463567,18.627085728193073,467700
2018-02-22,18.599239349365234,18.831265777754197,18.49714715440332,18.49714715440332,715300
2018-02-23,18.627079010009766,18.84982414040233,18.53426809645763,18.599236975098783,397100
2018-02-26,18.608518600463867,18.84054502575754,18.469303099331896,18.710610794063847,528500
2018-02-27,18.395057678222656,18.76629966447016,18.348653093774754,18.599242098324854,465200
2018-02-28,18.116628646850586,18.41362226889377,18.107347374884032,18.385778452994114,374600
2018-03-01,18.14447021484375,18.450745100790268,17.921725004175517,18.163032758288164,470300
2018-03-02,18.339372634887695,18.450744350582646,17.94028681816752,18.00525394735983,441600
2018-03-05,18.107345581054688,18.26512364841233,17.87531911554177,18.172312708162874,374100
2018-03-06,18.098060607910156,18.39505413977895,17.8845967281571,18.1351856845043,347100
2018-03-07,18.023815155029297,18.172311945104443,17.77322615794447,17.986690072399824,352600
2018-03-08,18.051660537719727,18.079502581893063,17.8660386488637,18.079502581893063,325700
2018-03-09,18.50642967224121,18.62708264424431,18.09806263506998,18.144467215789337,558100
2018-03-12,18.28368377685547,18.627081909158175,18.237277427746175,18.50642894191644,221300
2018-03-13,18.014528274536133,18.65492158870111,17.60616134388679,18.395051401884107,1310200
2018-03-14,17.893884658813477,18.55283908168426,17.736106564993158,18.13519243584583,452600
2018-03-15,18.08878517150879,18.320811664376098,17.940288357691443,18.05166185316528,385500
2018-03-16,18.302249908447266,18.33937499861156,18.070223405585615,18.098067223208837,554400
2018-03-19,18.330089569091797,18.413619232796503,18.181592782554837,18.21871609407841,302000
2018-03-20,18.190876007080078,18.45074452632453,18.135190148702197,18.376496125080184,418200
2018-03-21,18.422903060913086,18.59924368324037,18.15375149155978,18.23728116686104,414000
2018-03-22,17.865476608276367,18.469353532700396,17.8561859759613,18.26496493778967,652200
2018-03-23,17.419532775878906,17.921216170387343,17.419532775878906,17.921216170387343,353300
2018-03-26,17.419532775878906,17.670374473133126,17.17798170874594,17.568179313805885,509300
2018-03-27,16.91785430908203,17.47527987467439,16.732046968555927,17.47527987467439,481000
2018-03-28,16.694883346557617,17.00146712180302,16.499785385950048,16.834241057856634,981900
2018-03-29,16.713464736938477,17.103662433100762,16.713464736938477,16.732046001519283,1114500
2018-04-02,16.75062370300293,16.955012253894648,16.55552401041882,16.722751812060473,953500
2018-04-03,17.103662490844727,17.196567042055484,16.824950609219382,16.824950609219382,576700
2018-04-04,17.12224006652832,17.196563337082708,16.797075093350422,16.973593525419545,549400
2018-04-05,16.862106323242188,17.103657375342312,16.58339452497626,17.103657375342312,762900
2018-04-06,16.527650833129883,16.862104602517768,16.267518548489335,16.592683461288466,891200
2018-04-09,16.332557678222656,16.732046006801458,16.313976413635984,16.5462369049486,997100
2018-04-10,16.65772247314453,16.759917654847005,16.341848067888613,16.41617135312489,1283600
2018-04-11,16.78778076171875,16.843522759343102,16.61126236856779,16.62055299683954,647700
2018-04-12,16.815662384033203,17.02005100834924,16.722757819523306,16.91785581018763,335600
2018-04-13,16.722755432128906,16.862111372995262,16.66701341018375,16.862111372995262,340000
2018-04-16,17.243017196655273,17.373084267837267,16.834240035817004,16.880691422091918,459800
2018-04-17,17.280176162719727,17.400950805353098,17.057206364930583,17.308046279939347,329300
2018-04-18,17.493854522705078,17.55888715588884,17.345207997711807,17.345207997711807,290000
2018-04-19,17.335918426513672,17.586760117252567,17.233723269840834,17.42882295330657,297000
2018-04-20,16.778493881225586,17.335919297998572,16.72275187115025,17.252305396882296,447100
2018-04-23,16.732044219970703,17.094369980683055,16.629849047664457,16.83423939227695,208600
2018-04-24,16.629854202270508,17.010761343651573,16.453335696847706,16.75063067461511,523500
2018-04-25,16.945728302001953,17.25231213516948,16.62985383485878,16.72275840260805,1219600
2018-04-26,16.806371688842773,17.503153262104888,16.574111164422067,17.03863221326348,1536900
2018-04-27,16.93643569946289,17.047921522205197,16.65772380061769,16.80637038293607,587700
2018-04-30,16.5648136138916,17.215143519516403,16.5648136138916,17.001462579549923,982400
2018-05-01,16.43475341796875,16.583399995681855,16.295397472863588,16.536946832642144,712700
2018-05-02,16.620559692382812,16.815659420672628,16.239652639824513,16.38829920804205,662800
2018-05-03,16.51836585998535,17.12224274936019,16.323266136706415,16.629849897281755,309100
2018-05-04,16.49977684020996,16.6298420799169,16.30467720864356,16.481195585392975,548900
2018-05-07,16.416168212890625,16.61126613481317,16.341844941871575,16.45332896239687,391400
2018-05-08,16.39759063720703,16.797078973214923,16.28610659162764,16.28610659162764,701300
2018-05-09,16.490493774414062,16.583398319093813,16.29539582539271,16.462621879408097,510700
2018-05-10,16.61126708984375,16.732043519697594,16.360427143237033,16.52765495564595,377400
2018-05-11,16.629854202270508,16.78779143933148,16.518370136114104,16.592693437554132,709800
2018-05-14,16.778493881225586,16.917849792417194,16.611266078993037,16.806365772266528,726400
2018-05-15,16.685592651367188,16.73204581229385,16.481204059310567,16.601980505712994,693600
2018-05-16,16.759916305541992,16.84352844419534,16.62055860643732,16.741335042727137,518500
2018-05-17,16.964305877685547,17.15011320073603,16.536945667856408,16.741336026820854,433600
2018-05-18,17.298763275146484,17.35450530045217,16.146749605448683,16.973598212183735,1036300
2018-05-21,17.521732330322266,18.023414078665034,17.280181202599096,17.373085755109077,350000
2018-05-22,17.410245895385742,17.83760611297085,17.34521324253748,17.75399219587826,547000
2018-05-23,17.17798614501953,17.354504618896758,17.066502098786415,17.354504618896758,258200
2018-05-24,17.44740867614746,17.484569433166538,17.131534267454185,17.131534267454185,252000
2018-05-25,17.475276947021484,17.6053440128072,17.4009536688611,17.456697456486435,220600
2018-05-29,17.400957107543945,17.521733565925963,17.298763687382714,17.36379634712361,443100
2018-05-30,17.819028854370117,17.85618961920547,17.26160320578152,17.447412345980148,316400
2018-05-31,17.354503631591797,17.837605863136655,17.23372718770215,17.828315231144614,272500
2018-06-01,17.67966651916504,17.744699163215547,17.43811543268698,17.43811543268698,421300
2018-06-04,17.335918426513672,17.79114865859178,17.20585315220749,17.753987911078497,551900
2018-06-05,17.15011215209961,17.558891073027027,17.047918750872817,17.373083761337657,474400
2018-06-06,17.243017196655273,17.549600953287374,17.020047352923452,17.233726564998932,376300
2018-06-07,17.512441635131836,17.558893025216936,17.2430186110188,17.308051265940723,461800
2018-06-08,17.819028854370117,17.837610122791435,17.419540443348165,17.47528247660484,434100
2018-06-11,18.311416625976562,18.339288523376297,17.8283161417632,17.856186267155977,477200
2018-06-12,18.34857940673828,18.525097882003035,18.172060931473528,18.357870039331896,342300
2018-06-13,18.060575485229492,18.41361063640274,18.05128485335561,18.339287353418538,357300
2018-06-14,17.66108512878418,18.209219941797976,17.633213236391285,18.153477929018827,642500
2018-06-15,18.060575485229492,18.10702687259205,17.549601364207117,17.577473259828757,902800
2018-06-18,18.10702896118164,18.283547443132544,17.75399376928688,17.94909174512179,314900
2018-06-19,18.08844566345215,18.153480086765647,17.72611987931118,17.99554288844656,396900
2018-06-20,18.08844566345215,18.153480086765647,17.99554288844656,18.153480086765647,367300
2018-06-21,18.060548782348633,18.283747935644378,17.986149064583387,18.09774775431666,990000
2018-06-22,17.67924690246582,18.209345020182692,17.64204616320133,18.08844616523085,633200
2018-06-25,17.204944610595703,17.69784366234239,17.037544865707076,17.623443972817277,953700
2018-06-26,17.102649688720703,17.30725022888681,16.991051006656523,17.297950043076618,772900
2018-06-27,17.195648193359375,17.502547201586975,17.06544915163521,17.18634800840352,693200
2018-06-28,17.214250564575195,17.353749807473196,17.009651793246736,17.204950378538115,366200
2018-06-29,17.25144386291504,17.456044340803476,17.242145453764227,17.25144386291504,320200
2018-07-02,17.47464942932129,17.521148582955952,17.214249557011748,17.214249557011748,246300
2018-07-03,17.642044067382812,17.669944618516684,17.502544859370783,17.521145226793365,202600
2018-07-05,17.809444427490234,17.837344979565582,17.57694514834851,17.669945214770944,375600
2018-07-06,18.079147338867188,18.18144583187341,17.735047570130767,17.81874746593614,270700
2018-07-09,18.386045455932617,18.42324442232299,17.92104684616495,18.17214652115843,262300
2018-07-10,18.134944915771484,18.581343134133093,18.023344474266665,18.441843912623696,454700
2018-07-11,17.855947494506836,18.19074529052144,17.75364723175932,18.06984643131624,337100
2018-07-12,17.790842056274414,18.03264149221577,17.74434291521315,17.939643210093234,212600
2018-07-13,17.576942443847656,17.91174192192254,17.53974348729959,17.78154291326162,286600
2018-07-16,16.73065185546875,17.85594955399538,16.62835158092202,17.716448534584693,780700
2018-07-17,17.018949508666992,17.139850148370044,16.65625113721592,16.65625113721592,670200
2018-07-18,17.214250564575195,17.23285093664936,16.851552178274574,17.065451135640114,285900
2018-07-19,18.53484535217285,18.646444028081174,17.11194893062447,17.335148056270086,755300
2018-07-20,19.409038543701172,19.483438234178664,18.43254061062698,18.534840850219233,2480900
2018-07-23,19.855440139770508,20.004239546604282,19.41834033009605,19.54854114144724,926400
2018-07-24,18.413944244384766,20.143739641014285,18.041945711192646,20.041439379200604,1411500
2018-07-25,18.153545379638672,18.451144193431297,17.73504593909976,18.283744417215733,837800
2018-07-26,17.855947494506836,18.172146694063755,17.558346891407606,18.172146694063755,826900
2018-07-27,17.76294708251953,17.939647049258287,17.58624711578078,17.85594715837303,592400
2018-07-30,17.78154182434082,17.948939779298552,17.679241595898585,17.735040914217826,611900
2018-07-31,17.846643447875977,18.283741412062984,17.82804308161392,17.986142647184295,753500
2018-08-01,17.94894790649414,18.12564789731371,17.68854978721178,17.80944866061728,654600
2018-08-02,18.246543884277344,18.339542175223524,17.828044479704747,17.874543625177836,490200
2018-08-03,17.846643447875977,18.386041652675743,17.82804308161392,18.386041652675743,335200
2018-08-06,17.911745071411133,17.930345439869967,17.660645418703186,17.781546039856835,254700
2018-08-07,17.95823860168457,18.116338136476156,17.74433975279837,17.986139145645986,203400
2018-08-08,17.921051025390625,17.958250000455873,17.67925147906382,17.958250000455873,334800
2018-08-09,18.03264617919922,18.088447291570606,17.79084668041017,17.939647872904885,217000
2018-08-10,18.246543884277344,18.35814254294424,17.828044479704747,17.967543689952713,291500
2018-08-13,18.274444580078125,18.339544100104643,18.09774461584266,18.200044875215124,321100
2018-08-14,18.274444580078125,18.52554424917659,18.200044875215124,18.31164531942407,176300
2018-08-15,18.34884262084961,18.376743172828714,17.911744616149328,18.200043224618504,390500
2018-08-16,18.283740997314453,18.58133975544241,18.283740997314453,18.432540376378434,231700
2018-08-17,18.451141357421875,18.451141357421875,18.11634185645068,18.274441423706126,213600
2018-08-20,18.730144500732422,18.767345243070768,18.27444605006185,18.460446214095523,268100
2018-08-21,18.953340530395508,19.12074029585474,18.5441430746382,18.758041986578892,270000
2018-08-22,18.823139190673828,18.981238752664552,18.720838952377328,18.944039794811243,236100
2018-08-23,18.767345428466797,18.869645697078806,18.646444788501864,18.83244495437297,274400
2018-08-24,18.7115478515625,18.897546261132547,18.46044813612227,18.767347197050594,243100
2018-08-27,19.027742385864258,19.13934283342994,18.674344220592644,18.79524307944561,224800
2018-08-28,18.925439834594727,19.176539457343253,18.90683946835516,19.11143817550476,266800
2018-08-29,19.20444107055664,19.288140957173795,18.79524182196487,18.990542148681165,238000
2018-08-30,19.083545684814453,19.23234511607846,18.99984578299981,19.185844185165244,237400
2018-08-31,19.018447875976562,19.185845920921324,18.43254851026735,19.037046476195336,274500
2018-09-04,18.981239318847656,19.278838085865132,18.67434036863231,19.046338827404156,271300
2018-09-05,19.28814125061035,19.41834028784943,18.785943697096158,18.953341699048327,219400
2018-09-06,19.250944137573242,19.464843083276964,19.111443128451757,19.343942445215546,316300
2018-09-07,19.399742126464844,19.604340871536717,18.99054286249221,19.24164253178193,383200
2018-09-10,19.771743774414062,20.004243110744667,19.353244259487308,19.474144907723556,587500
2018-09-11,19.52994155883789,19.855440939584305,19.436941482363356,19.771741048140115,314800
2018-09-12,19.502038955688477,19.539239691903123,19.297440227994112,19.511339139742137,298300
2018-09-13,19.297441482543945,19.576439926976896,19.018443038110995,19.576439926976896,256300
2018-09-14,19.325342178344727,19.62294099427827,19.24164228963481,19.278841254712074,222200
2018-09-17,18.869640350341797,19.316038493350103,18.562739631466478,19.316038493350103,302200
2018-09-18,18.953340530395508,19.06494096531124,18.720841250330736,18.925441752038125,214700
2018-09-19,18.91614532470703,19.074244937502677,18.78594626963853,18.953344294514135,276500
2018-09-20,18.88821029663086,19.148864588770984,18.82304494802163,19.01853744270092,223300
2018-09-21,18.599632263183594,19.111635229385655,18.497233090403,18.962689363909544,910100
2018-09-24,18.51584815979004,18.739266935897245,18.338976071772628,18.58101174754115,232700
2018-09-25,18.422758102416992,18.63686753820595,18.16210197912528,18.525157263773906,221500
2018-09-26,18.487930297851562,18.748584766936823,18.292437670462213,18.394838655074512,279500
2018-09-27,18.33897590637207,18.49723109330085,18.30173855623608,18.478612418232856,237500
2018-09-28,18.36690902709961,18.525164273340582,18.19934443983561,18.301745415513665,353200
2018-10-01,18.05970573425293,18.506543396924023,17.9107598466959,18.42276288880135,301500
2018-10-02,17.63148307800293,18.19933849016409,17.575627050125046,18.078320647578007,267600
2018-10-03,17.817668914794922,17.92006988230642,17.50115844755493,17.687341702016727,606100
2018-10-04,17.36151695251465,17.873519868754652,17.24049911446496,17.826973180601232,324400
2018-10-05,16.951915740966797,17.352208399308847,16.709880053925943,17.352208399308847,500000
2018-10-08,17.082246780395508,17.26842823739695,16.84951862746253,16.92399156537809,362200
2018-10-09,17.193954467773438,17.538392898705983,17.08224595409113,17.100864631563116,562000
2018-10-10,16.78435516357422,17.203264776874043,16.75642714579093,17.147410516882385,613900
2018-10-11,16.533008575439453,17.380138929438342,16.533008575439453,16.830900333912695,514100
2018-10-12,16.6633358001709,16.756427418723238,16.467844999228433,16.6633358001709,341700
2018-10-15,16.840208053588867,16.979844579995827,16.66333417316684,16.66333417316684,302200
2018-10-16,17.408061981201172,17.435988215856487,16.75642261376926,17.01707871585691,385200
2018-10-17,17.18463897705078,17.42667637081442,16.75642020194339,17.38944080477534,465900
2018-10-18,18.37621307373047,18.441376666542055,17.147408821927023,17.287045345891098,1058200
2018-10-19,18.14348602294922,18.44137776530803,17.780430683896274,18.44137776530803,623700
2018-10-22,17.63148307800293,18.171412251799815,17.557010149740417,18.162102913820167,539800
2018-10-23,17.370834350585938,17.529089612592205,17.017088234347156,17.45461665256428,624500
2018-10-24,17.287046432495117,17.6314848704598,17.240501513439682,17.296355771421172,622600
2018-10-25,17.603557586669922,17.836285742787265,17.277737812990654,17.594248247356237,370600
2018-10-26,17.31496810913086,17.60355040787035,17.119475614415965,17.473223261776553,439500
2018-10-29,17.408061981201172,17.929372409802042,17.221878797485076,17.510461134228038,342100
2018-10-30,18.08763313293457,18.11555937615821,17.43599356556666,17.43599356556666,242200
2018-10-31,18.124866485595703,18.329668380435894,17.92937570478435,18.236576771469874,345700
2018-11-01,18.25519561767578,18.404141483172822,17.910757193979638,18.12486665368479,363200
2018-11-02,18.301740646362305,18.441377174170096,18.171413457151672,18.338978000750934,352000
2018-11-05,18.236574172973633,18.357592004483514,17.94799182431583,18.348282667355907,307800
2018-11-06,18.692724227905273,18.739269145909734,18.2738128635659,18.283122202281756,435000
2018-11-07,18.748577117919922,19.055778170849976,18.441376064989868,18.81374070860589,383200
2018-11-08,18.813745498657227,19.018547436470403,18.664799603288625,18.739272550972924,377600
2018-11-09,18.478614807128906,19.009234686142626,18.227267987940888,18.757887866954608,228700
2018-11-12,18.2738094329834,18.67410204474325,18.23657386068511,18.48792063210285,294900
2018-11-13,18.15279769897461,18.553090445146573,18.031779828901144,18.338980949706944,289800
2018-11-14,18.36690902709961,18.553092296409663,18.078326557686747,18.23658180392772,436400
2018-11-15,18.702037811279297,18.804438784820043,18.01316257013067,18.19003649472599,320600
2018-11-16,18.608945846557617,18.95338434877427,18.45069060644324,18.646183209208143,314600
2018-11-19,18.906837463378906,18.990619752960548,18.366908139172313,18.5903269861983,519100
2018-11-20,18.311050415039062,18.888216992595492,18.19934012482417,18.74857868593317,318300
2018-11-21,18.40414047241211,18.599631244300028,18.338976881782802,18.366903120295547,395300
2018-11-23,18.40414047241211,18.581012568241746,18.255194615095217,18.301739529666243,77200
2018-11-26,18.94407081604004,19.027853087888637,17.445301036942624,18.590323051440443,383900
2018-11-27,18.906837463378906,18.925456144524862,18.68341861635292,18.8509831955162,261600
2018-11-28,19.111635208129883,19.29781665198057,18.78581546192272,18.925451988704427,357700
2018-11-29,19.102323532104492,19.223341367020094,18.897521660682557,19.046467507766934,242800
2018-11-30,19.316436767578125,19.632947198827807,19.055780596085768,19.055780596085768,302900
2018-12-03,18.85053062438965,19.57734363295933,18.803940798846735,19.57734363295933,256200
2018-12-04,17.778949737548828,18.887805071262957,17.695086624570312,18.766668673721533,496100
2018-12-06,18.15167236328125,18.188945645105992,17.45281432465842,17.58326903375712,347600
2018-12-07,17.937358856201172,18.216901400187748,17.769632618893965,18.095766771737072,444300
2018-12-10,17.657812118530273,18.067807515365995,17.52735742200279,17.93735459612624,471400
2018-12-11,17.769628524780273,17.993262863901922,17.471449405951407,17.881446582984967,403000
2018-12-12,17.639179229736328,18.142356151848674,17.4900896396817,17.965313374463868,327800
2018-12-13,17.25712776184082,18.32870928735454,17.126673106906456,17.648488172069598,517200
2018-12-14,16.85645866394043,17.247819297726156,16.698050746044107,17.070774736009522,483500
2018-12-17,16.884416580200195,17.21986734114455,16.679417016929683,16.86577993312315,527400
2018-12-18,16.660776138305664,17.070773383426037,16.57691480233526,16.884412291853533,467400
2018-12-19,16.232145309448242,16.96827496725046,16.064419069691535,16.62350594311783,270600
2018-12-20,16.288042068481445,16.427813244731983,16.120315946066025,16.232133953438616,319700
2018-12-21,16.120328903198242,16.493054709170284,16.055102420339644,16.35328164328659,740100
2018-12-24,16.185550689697266,16.483729793383116,15.840779990255722,16.05509599886897,179100
2018-12-26,16.79123306274414,16.875096187016965,16.083056556267096,16.185556325331277,418100
2018-12-27,16.87509536743164,17.080093118315453,16.59555104100297,16.642142650718508,431500
2018-12-28,16.996225357055664,17.229178010157778,16.688727926052383,16.90304394035728,552800
2018-12-31,17.05213737487793,17.117365625505155,16.558278775431365,17.080092339432454,441300
2019-01-02,17.080093383789062,17.210546338443812,16.837822341367236,16.865777307631056,298200
2019-01-03,16.819181442260742,16.996225962566324,16.670091881146913,16.996225962566324,270000
2019-01-04,17.266450881958008,17.452811933687244,16.7166824913746,17.014861595971503,467700
2019-01-07,17.471445083618164,17.676442732775854,17.117357911929915,17.17326603855705,363500
2019-01-08,17.85349464416504,17.993265907598467,16.893728887956243,17.72304170193225,392000
2019-01-09,18.03053855895996,18.15167317573647,17.82553905432405,17.862812337817118,240600
2019-01-10,18.011905670166016,18.077132152581466,17.825542768446148,17.94667918775057,183200
2019-01-11,17.946672439575195,18.160988451865673,17.88144598168572,17.983943939531606,332200
2019-01-14,17.769628524780273,17.974628001940925,17.620538965365842,17.83485498486312,258900
2019-01-15,17.760311126708984,17.890765830931496,17.60190323945066,17.85349255049997,260700
2019-01-16,17.806901931762695,18.01189963311476,17.685765553059575,17.75099201361306,223600
2019-01-17,18.24485206604004,18.33803348450643,17.80690170972206,17.834854891160564,269700
2019-01-18,18.589628219604492,18.69212621034451,18.244857403601923,18.347357171630193,311700
2019-01-22,18.69212532043457,18.84121491558412,18.254174856843786,18.412582773851206,833300
2019-01-23,18.41257667541504,19.595976500087463,18.338031902530265,18.93439008560846,1077500
2019-01-24,18.310083389282227,18.664172518049686,18.207585401302765,18.44985466546382,247700
2019-01-25,18.496440887451172,18.66416708092344,18.375304513371116,18.440532748722976,377000
2019-01-28,18.496440887451172,18.561667345515346,18.328714693978903,18.468485929443233,416900
2019-01-29,18.496440887451172,18.720075219651637,18.393941152043077,18.60825716490756,533800
2019-01-30,19.02757453918457,19.213937389845974,18.27280837085282,18.47780608475008,475800
2019-01-31,18.64553451538086,19.120758241602665,18.487126606640256,18.971668654233635,441800
2019-02-01,18.729394912719727,18.897121118494095,18.347352678361585,18.61757684977421,347400
2019-02-04,19.11143684387207,19.26052640724222,18.543031772718503,18.710757975831868,345400
2019-02-05,19.120752334594727,19.26052355741241,19.036889245446613,19.139388971580424,240900
2019-02-06,18.953033447265625,19.335075766001143,18.887806970011493,19.111441368006318,140000
2019-02-07,18.953033447265625,19.167349523182974,18.82258049275736,18.84121535962411,317200
2019-02-08,18.794620513916016,19.036891491451048,18.598939357054448,18.850528654181723,267500
2019-02-11,18.96234703063965,18.97166535038847,18.617576309084267,18.85052897094154,227500
2019-02-12,19.36302947998047,19.381664345642054,18.999622051614114,19.027577016038634,247600
2019-02-13,19.651887893676758,19.679842854626273,19.316435471434076,19.353708752700097,197600
2019-02-14,19.689165115356445,19.866209698207747,19.549393824595263,19.568030470640323,255000
2019-02-15,19.41893768310547,19.828934942646608,19.32575624539774,19.745071826438465,451600
2019-02-19,19.577342987060547,19.717114236365845,19.241890566897542,19.409616776979043,370900
2019-02-20,19.698474884033203,19.875519390000385,19.558703653969687,19.64256674746532,677400
2019-02-21,19.521434783935547,19.791658961472635,19.390980077994467,19.707795856684747,233400
2019-02-22,19.38166046142578,19.51211515864143,19.12075462156996,19.51211515864143,383000
2019-02-25,19.23257064819336,19.633249499578675,19.195299147543967,19.465523303437127,350800
2019-02-26,19.23257064819336,19.344388704716962,19.018254631918143,19.18598082805969,548700
2019-02-27,18.859846115112305,19.297796452281922,18.74802983967173,19.232569995393646,394300
2019-02-28,18.720077514648438,18.831893805813,18.515079795988143,18.831893805813,443300
2019-03-01,18.720077514648438,18.88780372868318,18.6268960871527,18.88780372868318,329200
2019-03-04,18.393943786621094,18.850530835755297,18.375307145279795,18.75734940633674,399400
2019-03-05,18.21689796447754,18.42189745020703,18.11439999890061,18.42189745020703,549300
2019-03-06,18.22621726989746,18.272808872485797,17.9466747635191,18.160990803561702,648900
2019-03-07,18.356670379638672,18.431215159993755,18.086444440046648,18.207580818928506,442000
2019-03-08,18.46848487854004,18.561666289309898,18.114397650359678,18.123715969165424,462200
2019-03-11,18.906442642211914,19.02757726841533,18.40326393962513,18.46849041352606,753900
2019-03-12,18.906442642211914,18.97166911611284,18.570990173820725,18.962350794514407,476000
2019-03-13,19.120752334594727,19.288478512890958,18.82257325197366,18.9157528823271,529400
2019-03-14,19.008941650390625,19.269849337353477,18.850533729250362,19.09280477201125,341500
2019-03-15,18.673484802246094,19.13939009039849,18.645529845133403,19.008935401160233,664600
2019-03-18,18.738712310791016,18.87848354963028,18.598939294664024,18.682802393425128,330600
2019-03-19,18.188945770263672,18.738714239946276,18.170309129223064,18.738714239946276,384700
2019-03-20,17.82553482055664,18.20757877646887,17.7789450045439,18.10507904849577,537000
2019-03-21,18.068063735961914,18.077390029347956,17.741588313865016,17.741588313865016,378200
2019-03-22,17.722930908203125,18.040078235208057,17.704274764462177,18.040078235208057,443900
2019-03-25,17.536375045776367,17.8255399695717,17.52704875198116,17.713604873401252,350600
2019-03-26,17.90949249267578,17.937474934928797,17.592345100055095,17.62032754230811,967600
2019-03-27,17.956130981445312,18.17067134020209,17.750918696436415,17.881508170610427,268200
2019-03-28,18.096046447753906,18.16134117732997,17.928144697902347,17.95612891592692,310800
2019-03-29,17.984106063842773,18.235956810461843,17.825532449006268,18.235956810461843,356500
2019-04-01,18.021421432495117,18.30125824093342,18.00276528943635,18.077388082523687,468600
2019-04-02,17.956130981445312,18.17067134020209,17.872180096862547,18.030753792280198,386300
2019-04-03,17.890832901000977,18.226636376578615,17.890832901000977,18.012094278766337,150400
2019-04-04,18.058734893798828,18.19865241754936,17.825538427831997,17.88150508150264,276800
2019-04-05,18.086721420288086,18.254623198408783,18.040082828209336,18.096049494533485,237600
2019-04-08,18.235963821411133,18.235963821411133,17.834867374758808,17.974784905372218,217000
2019-04-09,18.0307559967041,18.18000163662051,18.002771772039136,18.07739459199734,166900
2019-04-10,18.18000030517578,18.24529504546369,17.956131861696573,18.02142660198448,288300
2019-04-11,18.25461769104004,18.403863275642948,18.05873352842911,18.217307184463163,165900
2019-04-12,18.19865608215332,18.487819260018643,18.124033269183297,18.38521222500428,257600
2019-04-15,18.0120906829834,18.403860733231678,17.928139830848234,18.2266327379663,205000
2019-04-16,18.152008056640625,18.17999226688288,17.741583647972224,17.909485351130865,228400
2019-04-17,18.105379104614258,18.38521423912099,18.049412433542592,18.235968596830947,248000
2019-04-18,18.7303409576416,18.860930415407545,17.965456797901776,18.012095381633063,622400
2019-04-22,19.168752670288086,19.569850957591086,18.674377201038695,18.823622827130762,1113000
2019-04-23,18.982192993164062,19.43925786036872,18.4131930376562,19.262028045200264,695800
2019-04-24,19.03816032409668,19.280684874746388,18.926227010964777,19.019504178858718,492700
2019-04-25,18.665048599243164,19.12211353861971,18.57176964078612,18.99152406426874,376700
2019-04-26,18.91689682006836,18.991519613516157,18.56243721683051,18.60907757470272,396200
2019-04-29,18.711688995361328,19.0941311607236,18.56244335908085,18.97286974842633,640300
2019-04-30,18.357229232788086,18.767655581415763,18.263950274579777,18.6837046969431,307300
2019-05-01,18.040081024169922,18.40386698762004,17.99344243675511,18.40386698762004,501100
2019-05-02,18.36655616760254,18.36655616760254,17.993442137054473,18.012096504220846,257800
2019-05-03,18.590425491333008,18.674376374688453,18.301262325968768,18.34790091487818,220000
2019-05-06,18.674373626708984,18.85160166180372,18.375882431656944,18.375882431656944,298600
2019-05-07,18.273273468017578,18.590420773735463,18.105371743914265,18.543780417513616,207500
2019-05-08,17.918813705444336,18.3758802962959,17.9001593422822,18.254617150429922,329000
2019-05-09,18.17066764831543,18.273274659546427,17.834865957360158,17.834865957360158,268900
2019-05-10,18.124027252197266,18.254616686753444,17.872174674855255,18.10537111036135,234500
2019-05-13,17.769569396972656,17.8721764078721,17.57368522614403,17.844192192404673,571500
2019-05-14,18.161338806152344,18.198651091980217,17.704273979647176,17.844191493206274,347900
2019-05-15,18.291934967041016,18.329245483796683,18.077392823890218,18.114705119794078,243400
2019-05-16,18.385208129882812,18.618404590865484,18.29193096880799,18.29193096880799,301800
2019-05-17,18.3478946685791,18.5531068807261,18.24528767293184,18.27327188423951,986800
2019-05-20,18.36655616760254,18.56244036645976,18.245292995706894,18.245292995706894,182800
2019-05-21,18.273273468017578,18.487813769195068,18.217306819699033,18.45050326336526,168800
2019-05-22,17.816211700439453,18.235964303373414,17.685620459820644,18.170669572637994,287300
2019-05-23,17.611000061035156,17.80688605913771,17.536377247269474,17.71360709714355,321000
2019-05-24,17.65764045715332,17.797558010772878,17.38713164489371,17.694950974516033,212400
2019-05-28,17.415111541748047,17.666964143197568,17.275194022880907,17.65763607138672,283300
2019-05-29,17.06065559387207,17.39645732042964,16.948720498920895,17.37780117474645,509100
2019-05-30,16.89275550842285,17.107295867511887,16.77149232866077,17.09796779374956,207600
2019-05-31,16.678213119506836,16.836786812786656,16.46367276364241,16.762164002957807,501300
2019-06-03,16.920732498168945,17.163257000395927,16.678207995941964,16.678207995941964,329000
2019-06-04,17.415111541748047,17.527046624330428,17.041997565053077,17.088636144959533,318700
2019-06-05,17.47108268737793,17.629656390655096,17.256542317987712,17.443100243895522,223600
2019-06-06,17.153932571411133,17.573686948830638,16.874097505896767,17.452423782399244,251400
2019-06-07,17.219228744506836,17.293853332655857,17.116623494098146,17.15393400902455,317500
2019-06-10,17.396453857421875,17.48973278812138,17.11661884447098,17.11661884447098,568200
2019-06-11,17.47108268737793,17.704279205188573,16.69687031941252,17.29385461482857,455100
2019-06-12,17.499065399169922,17.60167242747513,17.29385312170759,17.461753105550542,295500
2019-06-13,17.816211700439453,17.82553977327994,17.44309768255994,17.44309768255994,279400
2019-06-14,17.797555923461914,17.9561296067393,17.61099802108334,17.806883996495646,350700
2019-06-17,17.396453857421875,17.993437946410133,17.331159139676508,17.778895872056985,267100
2019-06-18,17.04199981689453,17.508392794176935,16.958048938651856,17.40578576984744,347900
2019-06-19,16.911409378051758,17.014016407263124,16.78081990752682,16.95804974548788,554800
2019-06-20,17.032806396484375,17.21023196405244,17.00479127072743,17.07949827274595,304700
2019-06-21,16.44450569152832,17.042147556427626,16.44450569152832,16.97678070009342,416300
2019-06-24,16.22972297668457,16.64060255793729,16.145681166606803,16.444502032567744,321900
2019-06-25,16.425827026367188,16.500532250785557,16.155019474654946,16.285754953221875,1089100
2019-06-26,16.69662857055664,16.771333776064917,16.45383798848919,16.472512954031814,371300
2019-06-27,16.939420700073242,17.144861348221582,16.649938255360887,16.76199695263385,395600
2019-06-28,16.874059677124023,17.18221897430748,16.855382924297587,16.96744166014302,1891100
2019-07-01,17.154203414916992,17.172878384222948,16.68729534112202,16.930085972116007,416900
2019-07-02,16.99545669555664,17.247585732868874,16.89273633669151,17.1822188794504,264900
2019-07-03,16.95810317993164,17.154205521182533,16.911413079264516,17.01413165695482,145000
2019-07-05,17.098175048828125,17.144866930023433,16.790015757391703,16.91141286738635,190900
2019-07-08,16.98611068725586,17.098167591021788,16.96743394292408,17.060815883470603,185900
2019-07-09,16.855375289916992,16.976772347190728,16.715303269388535,16.948757230640087,276400
2019-07-10,16.565893173217773,16.902067453393723,16.472511230823077,16.864713963990884,299200
2019-07-11,16.603248596191406,16.78067234817999,16.304425989505795,16.444499809966675,449800
2019-07-12,17.368976593017578,17.434343422909233,16.509865869200418,16.668614647985518,451500
2019-07-15,17.350303649902344,17.43434724421609,17.21023158641707,17.36898039999716,313300
2019-07-16,17.630449295043945,18.06000567864952,17.471700467793877,17.471700467793877,578300
2019-07-17,17.396991729736328,17.733166068067778,16.976775587934732,17.490373688285366,249700
2019-07-18,18.39617919921875,18.480222796723506,17.18221711365727,17.695817074087778,575300
2019-07-19,18.61095428466797,19.003157099508556,18.424190360986632,18.433528735281975,839600
2019-07-22,18.648303985595703,18.91911146755883,18.6016139002771,18.666980732168177,299300
2019-07-23,18.53624725341797,18.788377991325437,18.405511807218208,18.732347751048707,598600
2019-07-24,18.769704818725586,18.872423383234224,18.33081009187915,18.49889728249158,604500
2019-07-25,18.648303985595703,18.92844984084507,18.489555201954836,18.769701057204205,360100
2019-07-26,18.65764808654785,18.769706819270752,18.489560878020065,18.65764808654785,660300
2019-07-29,18.65764808654785,18.80705854276963,18.53625275878508,18.80705854276963,391600
2019-07-30,18.919116973876953,18.937793725885207,18.480223988361608,18.508237335260887,272300
2019-07-31,18.526914596557617,19.087204704415385,18.3681657623498,18.90044074142508,634700
2019-08-01,18.218748092651367,18.657640916499137,18.144042893249352,18.489553772566495,607700
2019-08-02,18.293460845947266,18.46154805928793,18.060006778777048,18.16272713828816,266300
2019-08-05,17.826547622680664,18.256102128715053,17.59309362215432,18.125368458376357,500100
2019-08-06,18.153385162353516,18.16272353692226,17.742505586892825,17.86390089406087,247500
2019-08-07,18.181396484375,18.25610169150985,17.873237282304665,17.994634357094192,498800
2019-08-08,18.732349395751953,18.77904126674878,18.293456495058336,18.293456495058336,206200
2019-08-09,18.50823211669922,18.64830415504035,18.452203657585287,18.64830415504035,527200
2019-08-12,18.060001373291016,18.48955587338119,18.060001373291016,18.470880907243142,317600
2019-08-13,18.442869186401367,18.610956380420063,17.99463785642683,18.09735642301705,185400
2019-08-14,18.1253662109375,18.293453355452677,17.94794069382565,18.21874815579176,153700
2019-08-15,17.96661949157715,18.256101950695452,17.84522419617678,18.1813967425,179800
2019-08-16,18.386837005615234,18.452203838742,18.069339432331542,18.069339432331542,261900
2019-08-19,18.433528900146484,18.67632129065858,18.377500434986093,18.610954451119323,341300
2019-08-20,18.732349395751953,18.751026144150682,18.28411812085897,18.414851797424568,345700
2019-08-21,18.863086700439453,18.9844820146923,18.713676260845364,18.881761669554013,150000
2019-08-22,18.68566131591797,18.947130478288628,18.67632294071406,18.853748507362468,210500
2019-08-23,18.088022232055664,18.695002461348654,18.031991972529628,18.610958853172818,189900
2019-08-26,18.274776458740234,18.274776458740234,17.98529403509338,18.26543808622099,158200
2019-08-27,18.545591354370117,18.83507389408584,18.442870996584826,18.461547749111816,378800
2019-08-28,18.564258575439453,18.741684088146627,18.414848179826805,18.536245239457337,200900
2019-08-29,19.012500762939453,19.171249607897497,18.638972811664093,18.741693176376145,236800
2019-08-30,19.208595275878906,19.264623738453267,19.09653835073018,19.09653835073018,354700
2019-09-03,19.087203979492188,19.264627778370038,18.909778399501253,19.13389407790992,275000
2019-09-04,19.32065200805664,19.470062413730773,19.124549737414014,19.30197526206924,191300
2019-09-05,20.291824340820312,20.46924990653491,19.88094652068843,20.151752275724764,610200
2019-09-06,20.133073806762695,20.53461499857534,20.039691844299533,20.26380926665624,270700
2019-09-09,20.450571060180664,20.459909434378307,20.123735087714223,20.198440300182604,292200
2019-09-10,20.777408599853516,20.8147620994616,20.515939445935615,20.56263132044572,560000
2019-09-11,20.7120418548584,20.805423823208482,20.46924944959334,20.805423823208482,535200
2019-09-12,20.7120418548584,20.749393573530693,20.385205856189557,20.693365104965803,554500
2019-09-13,20.497264862060547,20.814762490238383,20.44123461159651,20.786747365006367,276200
2019-09-16,20.23579216003418,20.525274612292876,20.189102073935643,20.338512486786104,225500
2019-09-17,20.095726013183594,20.14241611297281,19.815580071108883,20.13307773679234,239200
2019-09-18,19.89027976989746,19.955648384988137,19.6755025207946,19.936971637819372,339300
2019-09-19,19.8528995513916,20.021144749903037,19.731390120681816,19.918327843526658,223200
2019-09-20,20.07722282409668,20.13330573689874,19.778121086966948,19.880937977650408,706100
2019-09-23,19.82485580444336,20.16134616266106,19.806163282265633,19.983753831069823,324900
2019-09-24,19.51640510559082,20.039834899657603,19.488365433514055,19.86224258442827,256100
2019-09-25,19.890281677246094,19.983749616784817,19.55379138998935,19.55379138998935,297800
2019-09-26,19.8528995513916,19.93702215064732,19.778124105696214,19.871593858512263,131100
2019-09-27,19.88093376159668,20.105260016872194,19.75942259241415,19.927667729567435,294000
2019-09-30,20.105260848999023,20.142647668365694,19.85289313282397,19.974404307035666,542300
2019-10-01,19.572484970092773,20.320239155580328,19.469668101043258,20.19872976898358,359700
2019-10-02,20.021141052246094,20.067875028629306,19.31077355794237,19.53509985359824,571400
2019-10-03,19.862241744995117,20.189384906764165,19.56314003690461,20.03048690149273,445100
2019-10-04,19.993099212646484,20.049182122573207,19.600527757093865,19.90897663054329,283900
2019-10-07,20.13330078125,20.226768714006433,19.750074769245153,19.955708499997,341600
2019-10-08,19.834199905395508,20.03983366279675,19.759424479827814,19.96505823722905,271400
2019-10-09,19.768768310546875,20.067869962581103,19.740728644910213,19.91831913656399,224500
2019-10-10,20.030485153198242,20.11460772410469,19.609872298666012,19.81550604212028,362100
2019-10-11,20.22677230834961,20.44175322713701,20.095915753007866,20.198732636654583,435700
2019-10-14,19.965059280395508,20.273508149826927,19.91832352273204,20.133304442410257,195300
2019-10-15,20.198732376098633,20.338936081125766,19.908976031884148,19.937017486004308,398200
2019-10-16,20.497835159301758,20.64738602351186,19.955712830843407,20.25481455926361,366700
2019-10-17,20.488481521606445,20.834318899855855,20.35762500254328,20.647379487377307,301000
2019-10-18,20.65673065185547,20.796934347076167,20.385668629346966,20.432404382945005,320600
2019-10-21,20.7221622467041,21.07734511706579,20.60065283343976,20.81563198610044,512100
2019-10-22,20.899747848510742,20.955828960988914,20.61933872054704,20.815625288400273,306700
2019-10-23,21.049301147460938,21.08668796591738,20.731505168041323,20.94648427682911,222100
2019-10-24,20.768890380859375,21.030605220967892,20.647381001786506,21.002563772203462,201700
2019-10-25,21.021265029907227,21.152121601884804,20.71281612254073,20.7502047332698,295100
2019-10-28,20.918445587158203,21.22689445698269,20.86236446067744,21.021262471361986,192000
2019-10-29,20.84366798400879,21.180158273377856,20.796934013946057,20.890403736858204,240400
2019-10-30,20.666074752807617,21.208196935034977,20.544563594171265,20.591299340872343,322000
2019-10-31,19.535097122192383,20.32958708912949,19.33881230948322,19.93701568092449,394600
2019-11-01,19.937013626098633,19.965055074789827,19.46031969506725,19.56313655748181,301800
2019-11-04,20.33893585205078,20.37632267433641,19.955711563992306,20.021139840082267,292700
2019-11-05,20.57260513305664,20.684767360061727,20.338931746878515,20.4978297207911,286600
2019-11-06,20.609996795654297,20.703466528668674,20.497834542266542,20.544568517380295,302500
2019-11-07,20.67542839050293,20.92779437074035,20.57261149828105,20.7221623690836,270300
2019-11-08,20.71280860900879,20.85301228281002,20.647380346753977,20.666074645337194,191400
2019-11-11,20.61934471130371,20.656733319009682,20.50718245375968,20.656733319009682,192700
2019-11-12,20.57260513305664,20.67542199346668,20.432401457907055,20.609991947796185,205400
2019-11-13,20.24547004699707,20.451102066399436,20.114613469448944,20.451102066399436,198600
2019-11-14,20.189380645751953,20.366972915994516,20.08656378675051,20.170686347245066,210400
2019-11-15,20.198732376098633,20.338936081125766,20.077221191031438,20.338936081125766,388300
2019-11-18,20.32958984375,20.357631299130876,20.10526354906374,20.198733284213077,261600
2019-11-19,20.32958984375,20.376323819931212,20.058527790095614,20.338936995543627,512600
2019-11-20,19.740732192993164,20.39501672871867,19.665956766544912,20.292199848807275,284700
2019-11-21,19.712688446044922,19.815505313994024,19.422933925117967,19.750075263525858,199400
2019-11-22,19.609874725341797,19.81550849424276,19.553793598726475,19.731385912926342,228300
2019-11-25,19.89963150024414,20.067874883680645,19.637916599142507,19.68465057518816,196100
2019-11-26,20.021141052246094,20.11461078779944,19.703345021036878,19.880937340309536,177800
2019-11-27,20.030485153198242,20.170688843780102,19.86224001138535,20.11460772410469,98000
2019-11-29,20.011791229248047,20.13330240408422,19.946362957930116,20.002444078661675,81900
2019-12-02,19.740732192993164,20.161343298219535,19.675302134912503,20.02113959647741,214300
2019-12-03,19.366857528686523,19.59118385726739,19.22665379617188,19.59118385726739,134600
2019-12-04,19.114484786987305,19.712688119052014,19.105137637075472,19.33881103651157,305800
2019-12-05,19.077098846435547,19.31077227844263,19.02101772193415,19.179915727010442,359700
2019-12-06,19.563138961791992,19.69399550619353,19.273384420851425,19.273384420851425,250600
2019-12-09,19.74090003967285,19.76896652747879,19.488290942468307,19.488290942468307,189500
2019-12-10,19.6473388671875,19.76896446547471,19.56313584356879,19.722185801016167,142400
2019-12-11,19.666057586669922,19.881242369925086,19.563142349246903,19.70348017378322,117200
2019-12-12,19.731542587280273,19.96543948681229,19.54442435385797,19.63798347056912,163800
2019-12-13,19.778322219848633,19.909305703441383,19.57249358061976,19.703475279720696,208300
2019-12-16,19.666057586669922,20.077714967377474,19.647345400867145,19.843817998319533,198000
2019-12-17,19.656700134277344,19.787681856853347,19.53507271946351,19.647344042023036,291800
2019-12-18,19.50700569152832,19.675411778497097,19.432158740041316,19.66605568649971,142000
2019-12-19,19.460222244262695,19.535069184260173,19.32924054539006,19.450867938193344,151500
2019-12-20,19.488290786743164,19.572493818471838,19.273106054321815,19.45086820847033,568300
2019-12-23,19.26374626159668,19.544421790425204,19.25439017270353,19.478930952664648,144800
2019-12-24,19.45086669921875,19.507001454518257,19.142121083842234,19.24503628896774,333500
2019-12-26,19.68476676940918,19.71283325933933,19.347954614311522,19.525716783334396,807600
2019-12-27,19.572492599487305,19.83445776904917,19.4227987267353,19.797033408615306,865700
2019-12-30,19.40408706665039,19.609915701078755,19.329240128268097,19.572493124133494,179200
2019-12-31,19.694122314453125,19.75025886682639,19.31988755442518,19.31988755442518,264100
2020-01-02,19.497644424438477,19.825100419464807,19.394729224275217,19.79703215092257,175400
2020-01-03,19.319889068603516,19.338601254194487,19.104704287784052,19.25439820352735,278800
2020-01-06,19.029855728149414,19.11405877172909,18.721111829854628,19.08599049570517,313100
2020-01-07,19.076631546020508,19.12341199905267,18.945649846514087,19.039208968086594,141400
2020-01-08,19.029855728149414,19.24504049085655,18.945652684569737,19.057924004173334,169000
2020-01-09,19.198257446289062,19.2263239314337,19.020495307575732,19.03920748733328,219800
2020-01-10,19.310529708862305,19.366666256138068,19.076632782022433,19.17019190965677,163100
2020-01-13,19.394731521606445,19.413443702851087,19.14212242827926,19.245037640632965,157200
2020-01-14,19.563138961791992,19.71283285330945,19.245038996194403,19.301173759390462,240800
2020-01-15,19.535072326660156,19.75025887519802,19.441514974982585,19.525718019086078,211400
2020-01-16,19.768966674804688,19.984153195041014,19.591206302402842,19.666053244596213,272200
2020-01-17,19.656700134277344,19.946731856192265,19.544428811717815,19.787681856853347,191900
2020-01-21,19.42279815673828,19.740898073124,19.385373797402703,19.64733895927673,179900
2020-01-22,19.048568725585938,19.544429131738394,18.93629740118808,19.544429131738394,210200
2020-01-23,18.95501136779785,19.235687028438118,18.403014355311978,18.88952049928128,496100
2020-01-24,18.27202796936035,18.917582181484256,18.150400572067294,18.917582181484256,598300
2020-01-27,17.91650390625,18.056841702848864,17.76681001861229,18.0007069411077,295100
2020-01-28,17.75745391845703,18.047487387036607,17.74809782742299,17.916503897051932,278100
2020-01-29,17.79488182067871,18.17847270688275,17.785525727784435,17.813594006467262,259100
2020-01-30,17.86972427368164,17.897790760795548,17.542268242915522,17.61711518270562,202800
2020-01-31,17.48613739013672,17.841659987431097,17.420646526252927,17.75745693829702,255600
2020-02-03,17.822940826416016,17.897787753630425,17.61711222269927,17.673246971987197,1029400
2020-02-04,17.972640991210938,18.13169099044697,17.794880591970532,17.963286683454818,204500
2020-02-05,18.309452056884766,18.412367280843235,17.963285587284137,18.122335576814486,214000
2020-02-06,18.225252151489258,18.552708278558082,18.18782956283437,18.403014354953875,206200
2020-02-07,18.459142684936523,18.86144563333823,18.15975494226317,18.365583569228175,293700
2020-02-10,18.337522506713867,18.49657251510726,18.19718468389434,18.403013371730164,191100
2020-02-11,18.412368774414062,18.646265731844135,18.27203095685445,18.37494440466901,255100
2020-02-12,18.739824295043945,18.805315155590304,18.384299931374983,18.50592734481146,212500
2020-02-13,18.95501136779785,18.95501136779785,18.599486960861697,18.599486960861697,194500
2020-02-14,18.56205940246582,18.973718474415417,18.477856369919497,18.973718474415417,145100
2020-02-18,18.487213134765625,18.795957003862,18.346875336902166,18.487213134765625,165100
2020-02-19,18.739824295043945,18.842737739691604,18.365587747078276,18.552706021061113,149300
2020-02-20,18.78660011291504,18.833378782047323,18.487212347688,18.674328808708978,202900
2020-02-21,18.683685302734375,18.833379188579144,18.515281019527922,18.739821848295072,173000
2020-02-24,18.09426498413086,18.169111923470407,17.869724166112213,18.14104365203365,150100
2020-02-25,17.57033920288086,18.103623953542336,17.448711791804897,18.094267861575563,297900
2020-02-26,17.111900329589844,17.841657612280773,17.111900329589844,17.682607627811116,128400
2020-02-27,16.990270614624023,17.32708272049937,16.531832906344647,16.7657298055377,402900
2020-02-28,16.756376266479492,16.999629292812955,16.37278543616303,16.56925800484083,504700
2020-03-02,16.943492889404297,16.980915467417454,16.49440946180365,16.83122158638118,348700
2020-03-03,16.812509536743164,17.233524695760938,16.65345956383554,16.94349302204416,276100
2020-03-04,17.121248245239258,17.19609516384446,16.644100254438147,16.98091049591591,282200
2020-03-05,16.840578079223633,17.046406724441518,16.690884194612106,16.756375046068165,286800
2020-03-06,16.990270614624023,16.99962670473075,16.354070763300243,16.410207303940616,293000
2020-03-09,15.792717933654785,16.578611661948376,15.736583177202881,16.2137330682734,318600
2020-03-10,16.129535675048828,16.410213124326397,15.717876486803807,16.148247861899137,393400
2020-03-11,15.933059692382812,16.204379206284333,15.577535355487331,15.77400970682262,451100
2020-03-12,14.969404220581055,15.643026768090067,14.641948146357436,15.231369436858358,535800
2020-03-13,16.23244857788086,16.400854666268575,15.165877279589346,15.530757732593434,718300
2020-03-16,14.763571739196777,16.06403879454632,14.688724804294946,14.92262169892463,513600
2020-03-17,16.775083541870117,16.81250611255441,15.14716156604526,15.521396195345547,664300
2020-03-18,15.783370018005371,17.467427669299774,15.418489492114036,16.138892665459096,664000
2020-03-19,16.35474967956543,16.86993476043328,15.73652901181203,15.802099386424686,549500
2020-03-20,15.670958518981934,16.317280697293654,15.211976672143402,16.317280697293654,659600
2020-03-23,15.539823532104492,15.886400871204728,14.996538638787587,15.77399808588954,516500
2020-03-24,16.76689910888672,16.832467703623198,16.017541188169517,16.392220148528118,862500
2020-03-25,16.542091369628906,17.431955444235026,16.298549604088176,16.785633135169636,396900
2020-03-26,17.04791259765625,17.207151406489466,16.429691760212126,16.59829598137919,439000
2020-03-27,16.68259620666504,17.34765292806116,16.27045024142176,16.429689023732642,416100
2020-03-30,17.403852462768555,17.7504315824435,16.626393029205325,16.83246598976798,396400
2020-03-31,17.394487380981445,17.61929476163622,16.954239817192132,17.338285982470314,486300
2020-04-01,16.401588439941406,17.506892786686944,16.261084043760775,16.8886720142039,1087600
2020-04-02,16.68259620666504,16.73879939097021,16.129944067269047,16.232981451884978,645500
2020-04-03,16.898038864135742,17.00107446635393,16.30791791107663,16.59829389541746,509600
2020-04-06,17.77853012084961,17.937768874792305,17.085373717396084,17.357017033314172,497800
2020-04-07,18.022071838378906,18.39675073371331,17.609924160206113,18.059540621217298,496600
2020-04-08,18.331180572509766,18.471684922840094,18.05953906675243,18.228143215182975,257200
2020-04-09,18.977506637573242,19.080544016127067,18.237514167250524,18.659029091688797,274500
2020-04-13,18.012706756591797,18.83700220967447,17.81600098343509,18.83700220967447,252400
2020-04-14,18.115741729736328,18.41548484138539,17.984604565042332,18.41548484138539,287300
2020-04-15,18.050180435180664,18.10638184465381,17.525627991395986,17.759802615246453,284000
2020-04-16,18.443584442138672,18.50915301742547,17.722326540764552,18.059538398364854,337000
2020-04-17,18.256250381469727,19.005610123353314,18.218783377011206,18.79953534569544,528300
2020-04-20,17.497520446777344,18.07827225675606,17.282080316837167,18.003336481706874,319000
2020-04-21,17.816001892089844,17.947139080882597,16.991706396966315,17.16031237490568,336100
2020-04-22,17.77853012084961,18.274980774108577,17.55372278350873,18.134476411596765,340900
2020-04-23,18.0876407623291,18.30308269448685,17.68486027228149,17.90966940032522,347900
2020-04-24,18.52788734436035,18.630922910918244,18.06890553228341,18.246876868433258,254700
2020-04-27,19.13674545288086,19.29598422617561,18.677763526704254,18.733964921217073,303700
2020-04-28,19.08054542541504,19.558259992915563,19.08054542541504,19.305352806183006,297500
2020-04-29,19.22104835510254,19.65192868886036,19.0430751888673,19.520791506692348,430800
2020-04-30,18.349918365478516,19.277249393572504,18.274982578964153,19.014973247467204,367000
2020-05-01,18.64029884338379,18.771437841600488,17.65676618311638,18.087646613599848,341300
2020-05-04,18.518522262573242,18.72459520580912,18.274980536961817,18.546622062745023,387500
2020-05-05,18.64029884338379,18.940042062261078,18.509161631777605,18.72460184701934,317200
2020-05-06,18.396747589111328,18.921299739526386,18.340546211070286,18.733959430576782,187400
2020-05-07,18.312450408935547,18.865102529506913,18.246881816089818,18.659029553904602,194400
2020-05-08,18.687131881713867,18.855736075701753,18.471689913943926,18.555992904242984,175600
2020-05-11,19.061809539794922,19.164845131291795,18.424854450788335,18.47168864814054,335500
2020-05-12,18.443584442138672,19.3428136802599,18.434217247582033,19.17420775145975,234400
2020-05-13,17.95650863647461,18.349922041131737,17.816004231942156,18.331187644097962,196200
2020-05-14,17.572458267211914,17.881568598595603,17.188412152056724,17.68486104956416,444000
2020-05-15,17.816001892089844,18.003340477992317,17.366387141991666,17.478789936211108,482200
2020-05-18,18.762069702148438,18.921308502520727,18.274986102584915,18.35928910199439,447400
2020-05-19,18.733963012695312,19.221046479811775,18.71522862089623,18.790164401482617,353600
2020-05-20,19.043073654174805,19.436486955583543,18.040806901840863,18.949403480199397,299400
2020-05-21,18.92130470275879,19.31471802546122,18.846368916844522,19.08990888110835,267000
2020-05-22,19.2866153717041,19.399018151069107,18.93066906829166,18.96813785248664,222400
2020-05-26,19.783065795898438,19.942304553521183,19.567623862684176,19.567623862684176,405100
2020-05-27,20.316986083984375,20.401289071658972,19.642562182587604,20.064077120960587,425600
2020-05-28,20.476219177246094,20.878999609507044,20.288878859623896,20.476219177246094,371300
2020-05-29,20.513690948486328,20.701031309758754,20.279516390200847,20.354452177387795,553800
2020-06-01,20.20458221435547,20.701032960692917,20.12964642119229,20.52305978195153,367900
2020-06-02,20.373188018798828,20.616729791117926,20.185847644211762,20.27015063411492,353100
2020-06-03,20.13901138305664,20.626094877851862,19.93293842138637,20.626094877851862,378500
2020-06-04,19.9891357421875,20.167108864924582,19.783062822488027,19.97976854766348,385700
2020-06-05,20.073444366455078,20.513691913563832,19.839269797152728,20.485592108678063,439400
2020-06-08,19.839265823364258,20.17647770733164,19.801797042207962,20.15774331675349,623100
2020-06-09,19.623823165893555,19.801794493650995,19.50205142941784,19.63318857336745,328800
2020-06-10,19.68002700805664,20.21394463140365,19.511421066660784,19.62382562312796,491900
2020-06-11,18.724597930908203,19.399020032331705,18.659029338818296,19.202314256061985,280000
2020-06-12,18.64029884338379,19.295988474635738,18.237518223038492,19.146116865197097,274900
2020-06-15,19.27724838256836,19.370918557451255,18.04080707662211,18.087641270758564,457300
2020-06-16,19.314714431762695,19.73622747912491,19.164841101209547,19.71749308947955,186200
2020-06-17,19.59572410583496,19.745595657241704,19.3240808022791,19.40838377327162,198700
2020-06-18,19.57697105407715,19.736362179870437,19.408205557636727,19.57697105407715,198400
2020-06-19,19.08942413330078,19.783243832021125,18.901904522481427,19.783243832021125,546500
2020-06-22,19.108173370361328,19.276940651011568,18.770640597380268,18.95815840718765,195700
2020-06-23,19.201932907104492,19.37070018544918,19.07067026320058,19.09879873903116,361000
2020-06-24,18.96753692626953,19.211311718842243,18.930034074968923,19.12692806801632,266100
2020-06-25,18.86440086364746,18.939408347091966,18.554994770898944,18.939408347091966,406100
2020-06-26,19.05191993713379,19.18318259475622,18.723761504758123,18.723761504758123,589400
2020-06-29,19.21131134033203,19.38945479837908,19.061296361445972,19.15505617032966,212800
2020-06-30,19.52071762084961,19.614477430516324,19.145680170502377,19.145680170502377,351800
2020-07-01,19.276945114135742,19.71761573526485,19.155058598956952,19.680111091628397,284400
2020-07-02,19.455081939697266,19.623849201690774,19.37069830870051,19.49258657050437,201700
2020-07-06,19.464462280273438,19.77386839764589,19.39883095057619,19.680108588798564,235300
2020-07-07,19.689485549926758,19.839500534860626,19.248816755223483,19.342574779567386,355700
2020-07-08,19.839502334594727,20.11140563715278,19.436336355392005,19.717615818898942,924000
2020-07-09,19.548845291137695,20.008266372338014,19.530092972316567,19.867627557818658,446900
2020-07-10,19.689485549926758,19.801997682787,19.473839232624282,19.614478057459824,218300
2020-07-13,19.380077362060547,19.811369950868098,19.3238221957638,19.726988095582726,474300
2020-07-14,19.66135597229004,19.670732131865062,19.24881568090649,19.38945449789268,203100
2020-07-15,19.548845291137695,19.886378088320235,19.46446164476217,19.773867752032572,648900
2020-07-16,20.017642974853516,20.842725349731857,19.736363551268933,19.792620508977603,565600
2020-07-17,20.786468505859375,21.33027320166577,20.34579976922436,20.411431092944525,535400
2020-07-20,20.04576873779297,20.992739355567178,20.017642048559754,20.992739355567178,549600
2020-07-21,20.17703628540039,20.486442432852137,20.055147985553464,20.055147985553464,728400
2020-07-22,18.96753692626953,19.76449263500347,18.82689810433287,19.689485144082607,2282000
2020-07-23,19.17380714416504,19.239438469281772,18.667505284716814,18.976911380495345,980100
2020-07-24,19.098804473876953,19.445713505024365,19.014420809366516,19.061299828174565,455100
2020-07-27,19.26757049560547,19.45509015215909,18.98629279909502,19.126931647350244,531500
2020-07-28,18.91128158569336,19.24881618597239,18.751890445374887,19.24881618597239,473000
2020-07-29,19.014419555664062,19.380080885553046,18.930035896717403,18.967538751627128,369300
2020-07-30,19.014419555664062,19.08005089299595,18.517493762791485,18.79877143373381,438600
2020-07-31,19.023794174194336,19.15505683821652,18.65813108563019,18.93941052208874,420000
2020-08-03,18.958162307739258,19.173810426449485,18.920659453389515,19.03316980475853,285700
2020-08-04,19.183185577392578,19.230066382632263,18.808148077074417,18.920660221329797,253600
2020-08-05,18.939411163330078,19.342575329094025,18.723763051581315,19.342575329094025,614600
2020-08-06,19.023794174194336,19.15505683821652,18.836274549888635,18.86440303003039,263400
2020-08-07,19.22068977355957,19.417583786017154,18.91128361946921,18.91128361946921,341000
2020-08-10,19.473838806152344,19.689485118732218,19.267566865145813,19.30507150471778,328500
2020-08-11,19.623851776123047,19.886377072936277,19.37070084992218,19.595723299327574,660800
2020-08-12,19.764490127563477,20.18640832816607,19.717611122305154,19.75511396884793,238700
2020-08-13,19.492591857910156,19.75511719149351,19.361327402798768,19.75511719149351,162800
2020-08-14,19.42696189880371,19.63323388113603,19.35195439295196,19.45509038411812,230100
2020-08-17,19.33319854736328,19.530092525522075,19.2769415921869,19.38945371422015,441000
2020-08-18,19.23006820678711,19.31445187590327,19.11755605185888,19.286323390091205,205700
2020-08-19,19.248817443847656,19.455087608431096,19.220688962546383,19.258193604281416,202800
2020-08-20,19.192564010620117,19.361331352823374,18.9769176459471,19.08942980352263,190300
2020-08-21,19.548845291137695,19.567597609958824,19.136303218670644,19.173807856312898,362400
2020-08-24,19.33319854736328,19.6238523291632,19.239438743722157,19.60510001077107,221100
2020-08-25,19.483217239379883,19.558224738956174,19.276945274305195,19.398833578816575,383300
2020-08-26,19.79262351989746,19.801999680941908,19.31445003654996,19.42696039244357,267600
2020-08-27,19.71761131286621,19.89575296522503,19.698858995253882,19.839497800707477,222600
2020-08-28,19.56760025024414,19.81137327453325,19.37070445269396,19.81137327453325,223100
2020-08-31,19.398834228515625,19.73636709375354,19.380081905913542,19.567601555294537,220300
2020-09-01,19.455081939697266,20.0551417260571,19.173804361920897,19.333195466212633,185300
2020-09-02,19.35194969177246,19.51134082652646,19.061295900745606,19.426957179402603,343200
2020-09-03,19.239439010620117,19.52071663712598,19.042543241410385,19.398830142525313,257400
2020-09-04,19.098804473876953,19.43633734359877,19.023796970792112,19.38945832479072,176300
2020-09-08,19.023794174194336,19.29569566228596,18.742514737735785,19.023794174194336,903500
2020-09-09,19.258193969726562,19.48321645944756,19.108177188259447,19.108177188259447,201800
2020-09-10,18.920656204223633,19.380077268112178,18.89252772705187,19.230062299835083,396200
2020-09-11,18.84564971923828,19.183182521597224,18.751889912014295,18.948783897697048,182800
2020-09-14,18.545621871948242,19.089426669592843,18.4893649082362,18.901907033858933,310000
2020-09-15,18.780019760131836,18.88315394611123,18.48936415771067,18.611252452485925,324200
2020-09-16,18.489362716674805,19.183182425339524,18.404979069428595,18.920657112413156,295000
2020-09-17,18.545621871948242,18.64875606211409,18.226839564192463,18.301847060822073,278900
2020-09-18,17.95433807373047,18.564392838814047,17.879254658199695,18.564392838814047,1006000
2020-09-21,17.513227462768555,18.038811498474644,17.222279381054683,17.832332503408388,329100
2020-09-22,17.334897994995117,17.625847772151992,17.14719036696744,17.51322176323164,686600
2020-09-23,17.381826400756836,17.663388740392737,17.156576171022174,17.2598147408195,286200
2020-09-24,17.607078552246094,17.757245388459417,17.306744879819448,17.438140413973635,581200
2020-09-25,17.513227462768555,17.710322594989755,17.447529682071576,17.522613115743876,530000
2020-09-28,17.907413482666016,17.954339950980547,17.50383941069298,17.68216321252223,789500
2020-09-29,17.663387298583984,17.973106562953912,17.58830389480126,17.85109670310557,811600
2020-09-30,17.456912994384766,17.926184839448172,17.38182957077982,17.72908973365393,353700
2020-10-01,17.597692489624023,17.682161556784607,17.30674447503193,17.438140006112906,216000
2020-10-02,17.944950103759766,18.179585947328057,17.438135822390137,17.494447923610288,299800
2020-10-05,18.17959213256836,18.235904252947577,17.982497026046055,18.076351753431435,296300
2020-10-06,18.264060974121094,18.41422962480969,18.123279766113853,18.264060974121094,338700
2020-10-07,18.42361068725586,18.545622361747903,18.142048314032536,18.264058198394668,295200
2020-10-08,18.583160400390625,18.7145577063809,18.32036936866936,18.583160400390625,205500
2020-10-09,18.770870208740234,19.08058949557926,18.63008904020062,19.08058949557926,258200
2020-10-12,18.752098083496094,18.986733950777463,18.70517162609166,18.723942925105273,212100
2020-10-13,18.55500602722168,18.92103743126739,18.508077776619846,18.714558499008476,297100
2020-10-14,18.65824317932129,18.874109535413588,18.339140050145303,18.489306860391505,165800
2020-10-15,19.061817169189453,19.09935976684737,18.49869073522777,18.573775930543604,397100
2020-10-16,18.40484046936035,19.052434260966507,18.30160010107683,19.024279098801795,314300
2020-10-19,17.588302612304688,18.33913838551234,17.494447916887555,18.282824494184407,273900
2020-10-20,17.672779083251953,17.785405123091007,17.588310000905206,17.644622125759646,217200
2020-10-21,17.8604793548584,18.020031784885536,17.635229181313484,17.729082077693594,321800
2020-10-22,17.944950103759766,17.982490907863394,17.69154296307495,17.86986670542309,258900
2020-10-23,17.879253387451172,18.066962808001772,17.813555627297372,17.944952937734676,148400
2020-10-26,17.757246017456055,17.83232943822232,17.54138140651929,17.691548248051816,239600
2020-10-27,17.503835678100586,17.85109755601858,17.456909219792852,17.691545091590797,277300
2020-10-28,17.43813705444336,17.88863747629253,17.297355896381685,17.67277291458933,379300
2020-10-29,17.175342559814453,17.447520990114867,17.090873515247385,17.222270801312476,380800
2020-10-30,17.18473243713379,17.297358454315997,16.997024795336525,17.053336908862722,338100
2020-11-02,17.306739807128906,17.372437554949666,17.090873476980082,17.25042591745737,326900
2020-11-03,17.588302612304688,17.72908376036568,17.43813581568904,17.4850622683329,223000
2020-11-04,17.541378021240234,17.672773534690922,17.43813766631206,17.541378021240234,309600
2020-11-05,17.53199005126953,17.776011536902008,17.485061809727107,17.672771195638052,252100
2020-11-06,17.316129684448242,17.57892073991156,17.259815781023413,17.57892073991156,293900
2020-11-09,17.719697952270508,18.254669174292697,17.550761650196,17.973105090576375,864600
2020-11-10,18.235904693603516,18.348528937083422,17.738475879532047,17.794788001272,348500
2020-11-11,17.898025512695312,18.29221388192131,17.381827267577126,18.26405693050167,219600
2020-11-12,17.588302612304688,17.973105252398458,17.43813581568904,17.8041671586735,207100
2020-11-13,17.776016235351562,17.832328349957177,17.607078101404877,17.672775866799732,267100
2020-11-16,18.142047882080078,18.170204834783974,17.794785959251517,17.89802632903593,303800
2020-11-17,18.320371627807617,18.320371627807617,17.747859455023047,18.076350075311407,466400
2020-11-18,18.001264572143555,18.31098385477656,18.001264572143555,18.31098385477656,236900
2020-11-19,17.898025512695312,18.038806689533928,17.691546572673996,18.038806689533928,349300
2020-11-20,17.93556785583496,17.97310866705643,17.766629730013946,17.794784890897606,385800
2020-11-23,17.597692489624023,17.96372392056665,17.475682609353097,17.96372392056665,404200
2020-11-24,17.841712951660156,17.97310847472386,17.475681543051415,17.63523401682723,392200
2020-11-25,17.607078552246094,17.76663103948899,17.3536713448374,17.76663103948899,641500
2020-11-27,17.56014633178711,17.64461538184912,17.241043219488883,17.64461538184912,549400
2020-11-30,17.344282150268555,17.52260590313799,17.184729695623172,17.40059604494071,357700
2020-12-01,17.7009334564209,17.71970296854526,17.316130710857827,17.494452711883703,632900
2020-12-02,17.334897994995117,17.72908634102183,17.269200235678944,17.71031683130984,547900
2020-12-03,17.212890625,17.569536423116002,17.1659641587134,17.363057465273048,306300
2020-12-04,17.49445152282715,17.54137977527323,17.19411786769137,17.212889168669804,240400
2020-12-07,17.54142951965332,17.663570446642222,17.33472880011342,17.503846593162848,176100
2020-12-08,17.569618225097656,17.644782292488387,17.334730290495028,17.419290090316192,268900
2020-12-09,17.76692008972168,17.889062797676168,17.56021938894416,17.729338958695042,225100
2020-12-10,17.588403701782227,17.80450191202145,17.39109874397302,17.80450191202145,169900
2020-12-11,17.654176712036133,17.68236211517865,17.475661393238966,17.513242528113185,197500
2020-12-14,17.31593132019043,17.710542950963884,17.25955874209478,17.654170372868233,322900
2020-12-15,17.47566032409668,17.54142865014237,17.240772421332082,17.40989199805099,428100
2020-12-16,17.27835464477539,17.541429757619873,17.25016924157774,17.4756614274219,217800
2020-12-17,17.37230682373047,17.39109828361076,17.128023221443424,17.297142776261552,252600
2020-12-18,17.588403701782227,17.654173813104258,17.259562105433552,17.39109874397302,797500
2020-12-21,17.325328826904297,17.588402079721753,17.118626365916718,17.47565691195774,244000
2020-12-22,17.240772247314453,17.381704629140234,17.137420997684398,17.381704629140234,138900
2020-12-23,17.13742446899414,17.297148345297245,17.034073198429535,17.250171472523967,129000
2020-12-24,17.109230041503906,17.203185539407393,16.94011229574011,17.203185539407393,115100
2020-12-28,16.949514389038086,17.353520135233,16.921327191467526,17.165610860920825,145900
2020-12-29,16.940120697021484,17.128029993968106,16.85556088617697,16.968306105934353,204900
2020-12-30,16.883745193481445,17.034073338051513,16.86495551944982,16.930723858692616,172000
2020-12-31,17.005884170532227,17.081048226196526,16.78978773450393,16.968301246673857,227700
2021-01-04,16.89314079284668,17.099843334034496,16.770999848369826,17.015283529376358,301500
2021-01-05,17.052865982055664,17.18440446168007,16.771001139530302,16.82737374962478,1025400
2021-01-06,17.804500579833984,17.870268894182733,17.146813852242186,17.146813852242186,862400
2021-01-07,18.011205673217773,18.076974003709363,17.475661505440435,17.83269035327446,331500
2021-01-08,17.776315689086914,18.058180441886538,17.597800389885872,17.98301638833648,517700
2021-01-11,17.47566032409668,17.83268914779578,17.466264592939797,17.738733628279444,291200
2021-01-12,17.560218811035156,17.644778593127725,17.419286438231655,17.5790084799039,294200
2021-01-13,17.37230682373047,17.607194696077368,17.146814681323715,17.53203064860845,286700
2021-01-14,17.53203773498535,17.73873850105941,17.409896780499086,17.485060858349012,234700
2021-01-15,17.776315689086914,17.78571141978722,17.250167314236492,17.447472282785753,1383000
2021-01-19,18.086362838745117,18.424601886069173,17.75751951963028,17.75751951963028,657600
2021-01-20,18.114559173583984,18.34005138835231,17.907856632673397,18.029999369039256,313000
2021-01-21,18.349445343017578,19.016526189718828,18.283675218704538,18.884989525198055,378000
2021-01-22,18.311864852905273,18.349447786087996,18.08637262996761,18.22730504529704,223200
2021-01-25,18.527957916259766,18.5843323056088,18.123952211573698,18.29307000346313,214900
2021-01-26,18.32124900817871,18.574928270692066,18.302457553462517,18.52794963390158,256100
2021-01-27,18.095762252807617,18.415209908780255,17.964225615190276,18.133343381247307,1095100
2021-01-28,17.588403701782227,18.227299018206445,17.588403701782227,18.15213496874785,647100
2021-01-29,17.63538360595703,18.368232692244028,17.48505549635701,17.48505549635701,421600
2021-02-01,17.757522583007812,17.870269548916625,17.193791337568218,17.3253297631372,700300
2021-02-02,17.87966537475586,18.79102966854131,17.785709868002705,17.954829421747935,395300
2021-02-03,17.682361602783203,18.10516055819509,17.654176200457435,18.020600767112715,439900
2021-02-04,17.926645278930664,17.96422820484044,17.550824980095623,17.67296590519731,232900
2021-02-05,17.81389617919922,18.227299354883634,17.757523589077085,18.067575522827315,338200
2021-02-08,18.001808166503906,18.264883254584486,17.78571173275152,17.917248380765592,247000
2021-02-09,18.274280548095703,18.274280548095703,17.823294388243102,17.954832839557543,298200
2021-02-10,17.954830169677734,18.321254690021423,17.898455788046157,18.283671768933704,322600
2021-02-11,17.550823211669922,18.189718551340498,17.466263428945737,18.03939044695358,392300
2021-02-12,17.62598991394043,17.672966781604703,17.38170625957042,17.48505751889498,543200
2021-02-16,17.353517532348633,17.719943877594023,17.344121801234394,17.64477982073259,420800
2021-02-17,17.447477340698242,17.46626880754638,17.221985114679303,17.32533639029116,245600
2021-02-18,17.503843307495117,17.588403084173297,17.20318712021814,17.391098133292367,211600
2021-02-19,17.607194900512695,17.701150408952813,17.40988994563549,17.466262533878652,554700
2021-02-22,17.41928482055664,17.701149539987735,17.40049336138065,17.579006847395995,246400
2021-02-23,17.25956153869629,17.616590313888103,17.128023112423737,17.409889632677288,235400
2021-02-24,17.381704330444336,17.68236055105336,17.081048109835308,17.30654027529208,267700
2021-02-25,17.447477340698242,17.48506027439452,17.27835772317081,17.419291932478945,340400
2021-02-26,17.09984588623047,17.56962185242303,17.090450151860246,17.44747909766323,493900
2021-03-01,17.37230682373047,17.475658061019825,17.052859173974504,17.287747046321407,277600
2021-03-02,17.381704330444336,17.541428171649436,17.19379329653748,17.315936006192665,234800
2021-03-03,17.54142951965332,17.776317434061077,17.372309934551325,17.438078263857086,355300
2021-03-04,17.719945907592773,18.02060216948171,17.522639115695235,17.616594645548698,484700
2021-03-05,18.21790885925293,18.377632737204287,17.776320157647568,17.89846110335021,508900
2021-03-08,18.330650329589844,18.490374159317675,17.221979251720448,18.293067408688092,1468700
2021-03-09,18.152135848999023,18.53735184516114,18.142740118354535,18.321255416495053,272500
2021-03-10,18.189720153808594,18.28367388328823,17.889063918547713,18.180324422450127,311100
2021-03-11,18.21790885925293,18.227304592315107,17.964231234785466,18.189723452119235,296000
2021-03-12,18.565534591674805,18.584326048464266,18.311855301172937,18.3306467579624,302200
2021-03-15,18.26488494873047,18.54674973263406,18.152137959937477,18.54674973263406,238900
2021-03-16,18.07697296142578,18.255488271076246,18.029996097226842,18.19911567562702,179800
2021-03-17,17.851476669311523,18.048781603892596,17.75752117053631,18.029991937779222,338500
2021-03-18,18.123950958251953,18.18971928255854,17.83268867624788,17.860875868973174,395600
2021-03-19,18.0393009185791,18.236810648357682,17.964058860485522,18.020489955577663,890300
2021-03-22,17.926441192626953,18.208600322934466,17.90763201906986,18.03930520353248,167700
2021-03-23,17.503202438354492,17.973465787744672,17.484391473839928,17.85119631231233,1019600
2021-03-24,17.822978973388672,17.926435674802395,17.49379431964382,17.49379431964382,352900
2021-03-25,17.95465660095215,18.048709638925004,17.719524902976257,17.83238711341369,1111100
2021-03-26,18.575403213500977,18.650645281343472,18.05811422132287,18.05811422132287,364700
2021-03-29,18.481353759765625,18.819944027592634,18.42492264643204,18.50957021338879,472200
2021-03-30,18.575403213500977,18.67886172950156,18.434324560535348,18.46253921478103,220800
2021-03-31,18.415515899658203,18.584811021967912,18.133358558417104,18.481352493020285,788800
2021-04-01,18.490760803222656,18.537786435979815,18.208603418853905,18.377898567040315,201800
2021-04-05,18.763504028320312,18.876366201538705,18.603614454667674,18.613019934754522,199400
2021-04-06,18.678861618041992,18.87637137223282,18.631834204725802,18.697670789456076,382200
2021-04-07,18.55659294128418,18.801130119385608,18.51897280291375,18.725888048732283,658600
2021-04-08,18.50956916809082,18.64124235640407,18.37789597977757,18.64124235640407,242400
2021-04-09,18.603620529174805,18.754104671877105,18.44373090331455,18.44373090331455,270400
2021-04-12,18.73529052734375,18.876369162955797,18.622426542506805,18.66945395031894,270900
2021-04-13,18.528377532958984,18.7729129072096,18.481350119516637,18.537781221735056,294200
2021-04-14,18.387298583984375,18.66005222242553,18.377894894442477,18.59421563215699,196500
2021-04-15,18.537782669067383,18.58481008618138,18.16157230171807,18.368489349194594,240500
2021-04-16,18.575403213500977,18.73529283190533,18.44373004325471,18.650645281343472,237700
2021-04-19,18.434322357177734,18.565995511685802,18.170974254249415,18.518969897622117,271200
2021-04-20,18.359085083007812,18.613027770522596,18.265032036456486,18.46254181969288,248500
2021-04-21,17.96406364440918,18.74470087773488,17.841794146251004,18.462541739309387,358800
2021-04-22,17.860599517822266,17.99227266481478,17.625467873100153,17.99227266481478,335100
2021-04-23,17.74774169921875,17.945251468298576,17.653688659408704,17.822983772284285,307900
2021-04-26,17.32450294494629,17.841791944007507,17.32450294494629,17.822982772230908,256100
2021-04-27,17.333906173706055,17.409148232765325,17.211636706539622,17.409148232765325,277300
2021-04-28,17.277477264404297,17.45617605608979,17.108182161618107,17.390339470320143,261800
2021-04-29,17.719528198242188,17.719528198242188,17.305695830549524,17.305695830549524,294400
2021-04-30,17.484392166137695,17.747740298031946,17.474986683508003,17.691307402253788,303800
2021-05-03,17.926441192626953,18.02049423606279,17.48439422056489,17.48439422056489,374500
2021-05-04,17.982873916625977,18.123952583423776,17.879415390481718,17.879415390481718,211500
2021-05-05,17.973466873168945,18.086329079247484,17.7195242186236,18.00168152773237,255000
2021-05-06,17.973466873168945,18.11454552772333,17.83238642470214,18.029897976208215,230200
2021-05-07,18.0393009185791,18.086326532170524,17.832383913387634,17.91703145298193,256000
2021-05-10,18.058109283447266,18.38729211904997,17.898219708763705,18.020487362857292,209400
2021-05-11,17.427961349487305,17.69130769177894,17.30569186721269,17.69130769177894,318800
2021-05-12,17.15520477294922,17.41855286375216,17.136393810624988,17.41855286375216,303300
2021-05-13,17.559635162353516,17.63487723345978,17.155208357440177,17.155208357440177,249100
2021-05-14,17.616064071655273,17.6630914814308,17.465579948198094,17.59725310774506,166100
2021-05-17,17.597253799438477,17.728928758073433,17.437365981653755,17.587850111025997,227900
2021-05-18,17.390338897705078,17.757143745722352,17.362122450198996,17.64428154352274,238800
2021-05-19,17.36212158203125,17.43736543828501,17.02353319845068,17.26807034953859,225700
2021-05-20,17.16461181640625,17.437365413196897,17.136395370351686,17.42795993117871,186200
2021-05-21,17.108184814453125,17.371531198366817,17.089373845912807,17.221047037869653,275300
2021-05-24,17.15520477294922,17.258663271820392,17.070557236402276,17.174015735273453,207300
2021-05-25,16.929481506347656,17.26807171052658,16.90126505802861,17.2210442966615,370100
2021-05-26,16.967105865478516,17.03294246039861,16.844836365844625,16.92948392900265,296800
2021-05-27,16.967105865478516,17.1363991978819,16.938889413121615,17.042347944517577,253400
2021-05-28,17.0705623626709,17.0705623626709,16.87305258069083,16.976509316717827,213700
2021-06-01,16.929481506347656,17.2210442966615,16.88245588639499,17.079965642891086,331500
2021-06-02,16.666133880615234,17.070560682672955,16.487435084194935,17.004724095158902,475000
2021-06-03,16.8730525970459,16.957700159094447,16.619109910900253,16.675541020961738,289700
2021-06-04,16.82602310180664,16.910670653415067,16.440407275107113,16.83542858464229,681400
2021-06-07,16.713159561157227,16.967102195706694,16.619106534222727,16.89185833902927,213800
2021-06-08,16.75078010559082,16.81661668788276,16.647323387951623,16.694349005613773,869000
2021-06-09,16.797807693481445,16.863644276464434,16.65672725118951,16.82602234680996,267700
2021-06-10,16.619110107421875,16.854241828356585,16.543868028479274,16.854241828356585,313800
2021-06-11,16.75078010559082,16.81661668788276,16.647323387951623,16.675538040983984,176800
2021-06-14,16.731971740722656,16.8730503944161,16.62851322418834,16.769591877881783,257200
2021-06-15,16.797807693481445,16.891858929792946,16.637918080274616,16.694349180843982,774900
2021-06-16,16.656728744506836,17.437367709612328,16.619108605391965,16.854240305075546,313000
2021-06-17,16.186460494995117,16.666129233890185,16.111218445398556,16.656723753451622,385200
2021-06-18,15.828651428222656,16.214715965789072,15.71565789312997,15.998143526861542,637600
2021-06-21,16.054637908935547,16.25237925996621,15.866314779763039,15.922811538914832,330300
2021-06-22,16.450117111206055,16.49719923562243,16.101718370521912,16.290041480189192,370800
2021-06-23,16.261798858642578,16.581950216299695,16.205300292467832,16.421874537471137,633600
2021-06-24,16.37479019165039,16.384206618076835,16.18646705112059,16.290044149812086,228500
2021-06-25,16.544282913208008,16.6666946654718,16.233548013153438,16.327710485048716,874400
2021-06-28,16.242958068847656,16.591358539404556,16.1770449031745,16.50661252753934,211600
2021-06-29,16.177051544189453,16.299461502691557,16.101721924495898,16.195884398112792,214200
2021-06-30,16.129968643188477,16.290044301933474,16.129968643188477,16.16763434924599,175000
2021-07-01,16.53486442565918,16.70435649474673,16.421870910267177,16.666692588282576,390000
2021-07-02,16.355958938598633,16.581947782123354,16.299460380717694,16.506618167615112,414300
2021-07-06,16.12055206298828,16.478367247260444,15.932227147476933,16.459534396509408,309700
2021-07-07,16.21471405029297,16.327709368037013,15.988725210804525,16.016974489240447,262100
2021-07-08,15.998143196105957,16.111138524862366,15.753321480466925,16.026392477295015,337600
2021-07-09,16.20529556274414,16.271210537376543,16.01697245179267,16.092302055373143,265700
2021-07-12,16.21471405029297,16.252379754874198,16.04522376767637,16.20529762414766,318700
2021-07-13,16.073471069335938,16.23354672000652,15.998141457020347,16.12055319953295,524600
2021-07-14,16.308876037597656,16.47836811124468,16.045223297257483,16.092303630604057,306700
2021-07-15,16.12055206298828,16.37478836412925,16.08288636148621,16.22412915011997,322300
2021-07-16,15.753316879272461,16.195879841972427,15.73448403064708,16.120550243470202,503300
2021-07-19,15.376669883728027,15.772150750506066,15.273091005572056,15.574411215116752,409800
2021-07-20,15.58382511138916,15.734484311078774,15.320172409931999,15.329588834412517,409100
2021-07-21,15.58382511138916,15.734484311078774,15.442582336180063,15.555577633946937,397300
2021-07-22,15.367255210876465,15.630909750788422,15.329591302888824,15.630909750788422,322500
2021-07-23,15.649746894836426,15.70624367031234,15.301346221401392,15.433172629511892,299400
2021-07-26,15.640328407287598,15.800404080062963,15.593246270589034,15.621495552608172,359800
2021-07-27,15.564996719360352,15.800401983619281,15.517914588908784,15.564996719360352,310700
2021-07-28,15.696824073791504,15.753320837865209,15.40492203074432,15.602661603002163,335800
2021-07-29,15.969892501831055,16.007558206750307,15.715656177624764,15.753320086544353,216800
2021-07-30,16.035802841186523,16.101716009705925,15.885143657142422,15.885143657142422,273000
2021-08-02,16.045223236083984,16.3465416787523,15.99814110691732,16.139383902418142,674500
2021-08-03,16.082889556884766,16.233548800827492,15.988727080420599,16.129969897116922,473200
2021-08-04,15.677989959716797,16.064054442508652,15.659157107873389,15.979308405212917,349800
2021-08-05,15.668573379516602,15.856898304097163,15.593243768884294,15.715655508661534,397000
2021-08-06,15.72507095336914,16.205296068688067,15.668572401920288,16.205296068688067,348600
2021-08-09,15.47083568572998,16.24296473657229,15.452002831807047,16.24296473657229,164300
2021-08-10,15.53674602508545,15.583826355246526,15.329590057977454,15.442583568763824,218200
2021-08-11,15.762737274169922,15.790986554223899,15.470835230944482,15.536748421737348,322900
2021-08-12,15.640328407287598,16.11113899827398,15.61207912526846,16.11113899827398,197700
2021-08-13,15.659156799316406,15.753319260678415,15.489666524064274,15.630909318107502,256100
2021-08-16,15.53674602508545,15.70623808726448,15.461416419228044,15.602659205710744,140000
2021-08-17,15.781569480895996,15.800402333493645,15.310758941952797,15.433168891838172,448100
2021-08-18,15.62149429321289,16.00755880301745,15.612077866632324,15.772153526502489,230400
2021-08-19,15.414338111877441,15.630910532638163,15.339008496134596,15.546164490427497,178500
2021-08-20,15.969892501831055,15.98872535429068,15.41433772226941,15.41433772226941,370500
2021-08-23,16.129968643188477,16.186467202274745,15.913396221356924,16.054639027073165,625200
2021-08-24,15.979312896728516,16.2900478554887,15.941648978454609,16.186470733235378,353800
2021-08-25,15.988726615905762,16.007559469851422,15.856900230285746,15.979310188932931,151200
2021-08-26,16.026390075683594,16.082886833595648,15.866314431599813,15.988724373075856,185900
2021-08-27,16.327707290649414,16.40303689422798,16.00755602644065,16.04522172622964,275700
2021-08-30,16.41245460510254,16.431287456472603,16.214713257715992,16.37478890236241,292400
2021-08-31,16.286279678344727,16.6842160257697,16.23774972669024,16.480393931277582,397300
2021-09-01,16.422163009643555,16.509515088250332,16.169812766027164,16.315398946628886,194600
2021-09-02,16.460983276367188,16.490101249705013,16.315397112135088,16.43186715425788,201000
2021-09-03,16.295988082885742,16.460984389269694,16.27657609934811,16.460984389269694,150900
2021-09-07,16.043636322021484,16.344514633273977,16.00481235864518,16.276574548593914,234600
2021-09-08,16.072751998901367,16.092163980052764,15.868931750496953,16.072751998901367,216600
2021-09-09,15.81069278717041,16.101865009820727,15.665104824617407,16.033924947950844,207800
2021-09-10,15.752462387084961,15.917460531456625,15.723346265343691,15.898048549476783,199200
2021-09-13,15.762166976928711,15.907753126378946,15.55834673794405,15.878637007225896,210300
2021-09-14,15.59717082977295,15.830109068747655,15.500113693007297,15.820403077386805,290100
2021-09-15,15.752462387084961,15.859226436745594,15.597170233703217,15.655404328414248,244300
2021-09-16,15.5486421585083,15.771874398000547,15.519524185485118,15.742756424977363,219800
2021-09-17,15.490407943725586,15.64570103108321,15.393349879828857,15.635995039570677,1132200
2021-09-20,15.791287422180176,15.810699405476747,15.247763922862198,15.31570401317158,368700
2021-09-21,15.81069278717041,15.89804297298323,15.626282725503692,15.830102911113347,231400
2021-09-22,15.655404090881348,16.014518347145746,15.635993960424502,16.014518347145746,198900
2021-09-23,15.703932762145996,15.936870969654215,15.64569867307602,15.674814791996852,190500
2021-09-24,15.77187728881836,15.878641358243588,15.645703085048499,15.66511321939313,158200
2021-09-27,16.004812240600586,16.130988269414487,15.800991988063677,15.800991988063677,211000
2021-09-28,15.859225273132324,16.082457495836163,15.781579202138452,15.965989314959533,157800
2021-09-29,15.830108642578125,15.917460711245566,15.723346442940098,15.868932606976328,171900
2021-09-30,15.5486421585083,16.13098866037248,15.529230176492845,15.90775456965174,260700
2021-10-01,15.5874662399292,15.733052420974921,15.42246900003075,15.645702193330473,232700
2021-10-04,15.655404090881348,15.77187412976475,15.548641894069066,15.558347884911722,260500
2021-10-05,15.77187728881836,15.830111394309922,15.606879113901567,15.723349176113528,287200
2021-10-06,15.878639221191406,15.898049352923692,15.509818949849159,15.733051200213442,340900
2021-10-07,15.839814186096191,16.004812327669214,15.66511005369788,15.8301081952709,595500
2021-10-08,15.606873512268066,16.004809817552278,15.587461533661966,15.995103828249228,283500
2021-10-11,15.50981616973877,15.703932262095323,15.480699126130938,15.606874215917045,254900
2021-10-12,15.519525527954102,15.63599557889322,15.470996494331855,15.519525527954102,209500
2021-10-13,15.81069278717041,16.043630935536232,15.49040167615,15.597164762747523,560500
2021-10-14,16.257158279418945,16.393038412943525,15.917456094379522,15.98539616114181,496600
2021-10-15,16.082460403442383,16.44157470373234,16.014520310443153,16.305692666505188,485000
2021-10-18,16.15039825439453,16.257162300702692,15.888343910809352,15.956283994376932,222400
2021-10-19,16.198928833007812,16.295986892376725,16.043636678508957,16.257162928137756,203800
2021-10-20,16.15039825439453,16.363926347010853,16.072752180141805,16.2086341985054,349100
2021-10-21,16.412452697753906,16.51921673266875,16.063044475289505,16.12128041318573,278600
2021-10-22,16.237747192382812,16.56774340721569,16.208631077162785,16.393039310983216,346200
2021-10-25,16.218341827392578,16.441575958723618,16.160107721980882,16.276577784033112,239700
2021-10-26,16.286279678344727,16.39304186952787,16.160103655271424,16.295985668675627,191600
2021-10-27,15.995111465454102,16.266873742013658,15.956289340933626,16.198933635681033,176000
2021-10-28,16.17951774597168,16.344515900658305,16.05334355767184,16.05334355767184,207000
2021-10-29,15.849517822265625,16.334806184063382,15.800989726577123,16.06304403501449,351900
2021-11-01,15.839814186096191,15.965990215596511,15.762168110722326,15.907754270644766,510900
2021-11-02,15.907755851745605,16.082460001508082,15.781581660933066,15.917461843535593,310700
2021-11-03,16.24745750427246,16.402749664192527,15.907755210236605,15.91746120163518,350600
2021-11-04,16.06304359436035,16.33480573595405,15.888341343937407,16.25715967424558,329700
2021-11-05,16.24745750427246,16.402749664192527,16.072753361555247,16.160105432913852,316000
2021-11-08,16.40274429321289,16.460978371307377,16.20863008248862,16.32509823867759,266300
2021-11-09,16.451278686523438,16.48039480783639,16.305690675044804,16.402748732287737,116000
2021-11-10,16.51921844482422,16.54833456556187,16.305690352863145,16.441572370809762,256500
2021-11-11,16.74244499206543,16.752150979425558,16.412448826732295,16.538624811186153,283100
2021-11-12,16.849214553833008,17.159798846787428,16.68421641679742,16.75215649947765,226900
2021-11-15,16.781272888183594,16.94626915842675,16.674508853340857,16.888035071798093,167300
2021-11-16,16.781272888183594,16.926859030369357,16.703624971041066,16.829800985169435,258200
2021-11-17,16.91715431213379,16.965682412766757,16.596864034762426,16.790978288522673,479200
2021-11-18,16.723039627075195,17.130682001180947,16.645393548732603,16.917155748545948,273100
2021-11-19,16.85892105102539,16.878331181497035,16.596864851759292,16.723039030353082,415700
2021-11-22,17.1015682220459,17.353916622814246,16.8200999924699,16.946274192854073,315400
2021-11-23,17.18891716003418,17.247153110813635,16.936568778237792,17.043330985542834,231300
2021-11-24,17.14038848876953,17.198622586405826,16.97539033610954,17.188916594928344,196400
2021-11-26,16.713333129882812,17.014213294176187,16.645393044793494,16.994801312371102,474000
2021-11-29,16.53862953186035,16.94627000997304,16.50951156146873,16.82980183086322,321300
2021-11-30,16.24745750427246,16.645393895471198,16.179517415711004,16.470689752753984,550800
2021-12-01,16.14069175720215,16.66480413038233,16.121281627669397,16.47068802522781,262300
2021-12-02,16.237747192382812,16.393039310983216,16.024220992114277,16.05333895856238,307400
2021-12-03,16.451278686523438,16.58715885592646,16.22804459949615,16.325102656739084,205000
2021-12-06,16.76222801208496,17.09261410378478,16.606752422275072,16.606752422275072,353300
2021-12-07,16.655336380004883,16.985722442563574,16.383255048543653,16.626185867871218,203500
2021-12-08,16.54844856262207,16.99544039358649,16.422123494973782,16.713641598720905,175100
2021-12-09,16.373537063598633,16.771943446132283,16.36381960873013,16.460992304000168,195200
2021-12-10,16.461000442504883,16.684496454734422,16.34439277984569,16.509585887453593,548600
2021-12-13,16.49986457824707,16.63590712851244,16.237498788537597,16.460996602039458,248500
2021-12-14,16.159757614135742,16.64561926265163,16.111172190650194,16.451275715294337,391400
2021-12-15,16.42212677001953,16.451279142232604,15.97513484991203,16.227783182178854,261000
2021-12-16,16.150043487548828,16.57760044284316,16.140326031280967,16.47071213072721,201800
2021-12-17,15.916831970214844,16.28608798117848,15.644750544679225,16.179197790623366,1710400
2021-12-20,15.839092254638672,15.848809712015402,15.38238287842516,15.780789363793762,737500
2021-12-21,15.8973970413208,15.994567908516453,15.771071948501671,15.9265475601133,316800
2021-12-22,16.033435821533203,16.04315327777427,15.596159557761647,15.907112597229903,186800
2021-12-23,16.111175537109375,16.237498776459514,15.790506856619265,16.023720273937936,166200
2021-12-27,16.334672927856445,16.363825302605672,16.023721677527273,16.159762386192373,138000
2021-12-28,16.373537063598633,16.509577724927684,16.315234187802613,16.36381960873013,108100
2021-12-29,16.50958251953125,16.50958251953125,16.324954530241243,16.37354181869416,153400
2021-12-30,16.451278686523438,16.655339726115873,16.392975797127804,16.529016490189427,157600
2021-12-31,16.344383239746094,16.499858796931097,16.26664546115359,16.45127338034135,203600
2022-01-03,16.276369094848633,16.577602869587988,15.98485277779965,16.40269233799238,186000
2022-01-04,16.51930046081543,16.616473187150405,16.266652113710734,16.305521945610963,180200
2022-01-05,16.305519104003906,16.52901503823419,16.29580164772234,16.451277241396905,291000
2022-01-06,15.984853744506836,16.354107891994428,15.916831536560492,16.247217704351545,221000
2022-01-07,15.839092254638672,16.082023128810526,15.761354449040297,16.033437695342347,192600
2022-01-10,15.85852336883545,15.887675733979169,15.586442041154228,15.780785581867239,225300
2022-01-11,15.839092254638672,15.858527169392135,15.421251781224347,15.858527169392135,337400
2022-01-12,15.654464721679688,15.858525748055433,15.547574553531259,15.771070492918595,406400
2022-01-13,15.693333625793457,15.848809232284077,15.576727847633205,15.644748193795923,214600
2022-01-14,15.498988151550293,15.664182131533847,15.362947467704958,15.586444333134326,195700
2022-01-18,15.39210033416748,15.450403225006198,15.265776168406601,15.43096923696254,209000
2022-01-19,15.3823823928833,15.450402738957894,15.110300081877217,15.353230948381006,270400
2022-01-20,15.324078559875488,15.848808235422934,15.324078559875488,15.450401787172831,234500
2022-01-21,15.275492668151855,15.780788372810319,15.120017066718482,15.120017066718482,315400
2022-01-24,15.683616638183594,15.732203925050964,15.168603444590103,15.168603444590103,361300
2022-01-25,15.188036918640137,15.586444292791036,14.964540053789259,15.537857010532527,282600
2022-01-26,14.352356910705566,14.93539046974736,14.313487080061678,14.915956481133183,619700
2022-01-27,14.187161445617676,14.624436772859754,14.109423650850534,14.4300922859419,358500
2022-01-28,14.332918167114258,14.342635622179733,14.002532108548252,14.196876576320161,307600
2022-01-31,14.536983489990234,14.556417477959059,14.14829446353638,14.323204062086745,379000
2022-02-01,14.468962669372559,14.877086597170576,14.274617235786677,14.605003360833425,244500
2022-02-02,14.28433609008789,14.488398073948051,14.196880821760994,14.43009517953532,194800
2022-02-03,14.226033210754395,14.48839808930539,14.19688083680933,14.26490211597335,209900
2022-02-04,14.02196979522705,14.177445400230942,13.7013011282296,14.177445400230942,404400
2022-02-07,13.876209259033203,14.177443907032346,13.749885111595345,14.04140230362828,306300
2022-02-08,14.041403770446777,14.128859029863328,13.876210708595003,13.924797066793944,219900
2022-02-09,14.06083869934082,14.187162860109128,14.002534884098639,14.109425057591356,281400
2022-02-10,13.856778144836426,14.148295397269708,13.808191781646245,13.963667402488582,402200
2022-02-11,13.856778144836426,14.031687754930156,13.759605418456065,13.905364508026606,263800
2022-02-14,13.90536117553711,14.051119303468186,13.90536117553711,13.90536117553711,246500
2022-02-15,13.83734130859375,14.119141063940544,13.798472408777215,13.934514021488923,207700
2022-02-16,14.06083869934082,14.109425057591356,13.623563328501422,13.817907834795854,332700
2022-02-17,14.080273628234863,14.148294905017616,13.895646566585143,13.983101831943134,270400
2022-02-18,14.012252807617188,14.089990612723179,13.57497742221905,13.711018117800668,596600
2022-02-22,13.711018562316895,14.080273611895606,13.701302031394434,14.03168725045224,216500
2022-02-23,13.672147750854492,14.05112020518611,13.633278852464656,13.759603003908529,228800
2022-02-24,13.59441089630127,13.681866155416817,13.458370205861707,13.555541995217437,283300
2022-02-25,13.895644187927246,14.031684864789762,13.497237759902552,13.642995892743134,204700
2022-02-28,13.953948020935059,13.992816920787503,13.730452078460418,13.856776234657781,267000
2022-03-01,13.934514045715332,14.070554731955887,13.759603532882993,13.944231502363277,274000
2022-03-02,14.080273628234863,14.313487051384332,13.924798012801885,13.934515470443387,209300
2022-03-03,14.099706649780273,14.226030802029861,14.02196885250478,14.128858092081673,209700
2022-03-04,14.16772747039795,14.274616713593803,14.031685857206037,14.051120770536741,169300
2022-03-07,13.90536117553711,14.23574632729472,13.856774823990891,14.14829200656062,345700
2022-03-08,13.740171432495117,14.002536311052442,13.613847258853516,13.973384863814474,392200
2022-03-09,13.934514045715332,14.070554731955887,13.837341332651215,13.934514045715332,194500
2022-03-10,13.876209259033203,13.905361626931821,13.740168582336745,13.88592671499941,159400
2022-03-11,13.701299667358398,14.109423550332144,13.681864755451265,13.905361608845272,202200
2022-03-14,13.788755416870117,13.798472873828677,13.59441091123743,13.77903888661926,248300
2022-03-15,13.953948020935059,14.54669990206943,13.672148265327916,14.138575990264924,574200
2022-03-16,14.478679656982422,14.536983474241204,13.847059758002256,14.021970283070866,302900
2022-03-17,14.41065788269043,14.556416021348172,14.303768642788595,14.430092795422206,225500
2022-03-18,14.41065788269043,14.50783059293402,14.235747374935023,14.439809325080448,526000
2022-03-21,14.28433609008789,14.556418426332172,14.196880821760994,14.42037772156393,169800
2022-03-22,14.235749244689941,14.352356882980816,14.196880340828907,14.323204510054213,188800
2022-03-23,14.02196979522705,14.517548054500027,13.992817424258043,14.235748288753548,159900
2022-03-24,13.992775917053223,14.3430815141333,13.953853072933214,14.090082563356342,172400
2022-03-25,14.119277954101562,14.119277954101562,13.914932753398729,14.031701306944067,190400
2022-03-28,14.119277954101562,14.158200805283343,13.963586549374446,14.05116226853797,371100
2022-03-29,14.294427871704102,14.401466390113153,14.206852167542802,14.245775012056873,333300
2022-03-30,13.924662590026855,14.34308297493336,13.86627785390363,14.255506334745471,212200
2022-03-31,13.691125869750977,13.895471073538035,13.574357314443226,13.895471073538035,441300
2022-04-01,13.01970386505127,13.75923883013196,12.62074448146647,13.691123157036499,824300
2022-04-04,12.902935981750488,13.19485779085677,12.72778271068795,13.06835830931092,494900
2022-04-05,12.71805191040039,13.078088472088,12.688860007559196,12.776436644076641,577200
2022-04-06,12.698592185974121,12.795898847571431,12.45532413998992,12.679130296858288,575500
2022-04-07,12.679128646850586,12.72778243531462,12.435860632524244,12.69859053343373,431700
2022-04-08,12.611015319824219,12.864014305930352,12.445592977215895,12.640207224992178,419500
2022-04-11,12.611015319824219,12.786168606819839,12.552630581494368,12.640207224992178,356800
2022-04-12,12.562361717224121,12.883475462944483,12.46505505585083,12.649938362055847,425100
2022-04-13,12.786166191101074,12.86401187550403,12.620743879746357,12.620743879746357,259500
2022-04-14,12.805628776550293,12.854282567487324,12.562360749859007,12.805628776550293,336100
2022-04-18,12.71805191040039,12.893205183435283,12.630475273882945,12.795897603306152,205100
2022-04-19,13.009974479675293,13.107282065465487,12.737514538654226,12.834821196450507,350300
2022-04-20,13.039166450500488,13.321357337133898,13.029436434267136,13.097551187870192,299700
2022-04-21,13.50623893737793,13.535430836385546,13.019702956613568,13.175394321979166,354900
2022-04-22,13.545165061950684,13.885740702235834,13.438127454315277,13.525703172565722,478200
2022-04-25,13.730048179626465,13.817624824649322,13.340819677295928,13.457588227995089,399300
2022-04-26,13.652201652526855,13.914931571687275,13.574355956774264,13.623009748618108,426000
2022-04-27,13.33108901977539,13.691125624181694,13.204589521795775,13.691125624181694,262800
2022-04-28,13.64246940612793,13.749506988289555,13.408931429057692,13.408931429057692,253600
2022-04-29,13.428393363952637,13.67166135631412,13.350547680636462,13.632738514656033,278000
2022-05-02,13.418663024902344,13.632739127644511,13.24350976556841,13.438124910603353,290000
2022-05-03,13.438125610351562,13.506240357864383,13.224049496462056,13.37974087820212,202100
2022-05-04,13.827353477478027,13.866276321260058,13.428394096713763,13.486777898389912,326000
2022-05-05,13.62300968170166,13.73977822475698,13.41866449935638,13.72031726491137,277300
2022-05-06,13.64246940612793,13.827352671315055,13.467316155323687,13.603545636621439,212500
2022-05-09,13.778700828552246,13.856546522544551,13.554894690322838,13.554894690322838,306000
2022-05-10,13.778700828552246,13.924662200783224,13.428395205586874,13.827354619295905,260300
2022-05-11,13.515972137451172,13.885739655958163,13.399203593921685,13.837085864155735,206300
2022-05-12,13.700855255126953,13.895469491820313,13.447856283428642,13.525701978105987,321300
2022-05-13,13.691125869750977,13.895471073538035,13.525703517733168,13.700856814691786,212500
2022-05-16,13.389471054077148,13.73977664291284,13.301894424869781,13.63273905610038,228100
2022-05-17,13.778700828552246,13.817623675548399,13.525701859080318,13.525701859080318,170700
2022-05-18,13.048896789550781,13.739778021748922,13.000242998664795,13.739778021748922,369600
2022-05-19,13.01970386505127,13.301894716464453,12.79589681572699,12.932127233924108,323400
2022-05-20,13.233782768249512,13.25324373039418,12.922399021988841,13.155937063682844,277700
2022-05-23,13.29216480255127,13.467318078366224,13.243511011714462,13.40893334376328,219100
2022-05-24,13.60354995727539,13.69112661049293,13.15593760170848,13.301898071741688,446700
2022-05-25,13.74950885772705,13.914931188646145,13.564624639408597,13.61327842991313,230600
2022-05-26,13.846817016601562,14.09008506758608,13.739779408246203,13.846817016601562,206300
2022-05-27,13.856547355651855,13.934393054324534,13.788432601311744,13.856547355651855,178200
2022-05-31,13.895466804504395,13.973312484126762,13.496507464441336,13.768967343119623,433400
2022-06-01,13.914931297302246,14.197122170839414,13.827354659309009,14.02196889485294,258700
2022-06-02,14.391737937927246,14.586352194181691,14.060893238297705,14.080355127920136,273900
2022-06-03,14.30416202545166,14.469584383764554,14.20685535632256,14.294431080140544,188100
2022-06-06,14.411197662353516,14.459850523111845,14.245775337392459,14.411197662353516,160700
2022-06-07,14.30416202545166,14.440392475825227,14.08035585126011,14.352815824013222,220800
2022-06-08,13.827353477478027,14.343081389588384,13.720315889075891,14.343081389588384,162200
2022-06-09,13.876008987426758,13.973315644969178,13.798163290195257,13.798163290195257,163700
2022-06-10,13.720318794250488,13.924663999373163,13.63274214519877,13.798164498297794,245000
2022-06-13,13.447854995727539,13.652200156686941,13.39920213720837,13.5159706680432,318700
2022-06-14,13.428393363952637,13.807890838120555,13.214317270836283,13.447854320784808,297000
2022-06-15,13.613279342651367,13.739778835247101,13.46731888934533,13.46731888934533,238100
2022-06-16,13.321355819702148,13.515970970103327,13.243510130739203,13.467317182503031,398600
2022-06-17,13.126742362976074,13.564624620932719,12.854282435713209,13.418664177611792,463100
2022-06-21,13.214320182800293,13.379742528298776,13.117012593215085,13.146205426887018,235300
2022-06-22,13.165664672851562,13.233780347885022,13.058627080647309,13.185126559430786,201500
2022-06-23,13.33108901977539,13.408934721917621,13.117012874887275,13.24351237286689,259700
2022-06-24,13.642927169799805,13.818336530803728,13.496753321863643,13.496753321863643,669100
2022-06-27,13.78909969329834,14.013233958536528,13.66241619957525,13.740375701566645,194000
2022-06-28,13.42853832244873,13.945021244760717,13.418794080582048,13.828081048853743,139600
2022-06-29,13.39930248260498,13.428537064167044,13.175169141711509,13.428537064167044,178100
2022-06-30,13.555220603942871,13.555220603942871,13.194657690412713,13.331087277701366,229400
2022-07-01,13.711139678955078,13.769609767939025,13.46751601199795,13.477261181720364,231200
2022-07-05,13.555220603942871,13.681905021564365,13.311596938367046,13.652670441913415,268000
2022-07-06,13.487006187438965,13.69165010236848,13.233637353840422,13.564965685569206,173200
2022-07-07,13.594202041625977,13.681906720822054,13.535732875062354,13.535732875062354,165000
2022-07-08,13.652669906616211,13.779354319270631,13.496750915457078,13.779354319270631,173700
2022-07-11,13.75986385345459,13.837823348313217,13.487005621449393,13.57471028550297,154800
2022-07-12,13.730629920959473,13.945019006578468,13.691650171696976,13.798844249831209,153300
2022-07-13,13.906038284301758,14.022977523906935,13.56496480510714,13.70139438265508,414100
2022-07-14,13.769608497619629,13.935272650215122,13.574709767904473,13.88654773544872,203400
2022-07-15,13.88654899597168,14.061958333312967,13.847569246490343,14.022978583831629,188900
2022-07-18,13.81833553314209,14.061959215013562,13.779355781216678,13.993743952131148,173600
2022-07-19,14.305582046508789,14.442010705462614,13.93527396055455,13.93527396055455,257100
2022-07-20,14.247112274169922,14.383541865507455,14.149663362657877,14.383541865507455,261900
2022-07-21,14.276346206665039,14.403030622295816,13.993742796211924,14.130172381356727,207300
2022-07-22,14.19838809967041,14.364052280229895,14.139918935561537,14.364052280229895,135200
2022-07-25,14.38354206085205,14.56869564578492,14.208132716657332,14.461501562860686,325500
2022-07-26,14.919513702392578,15.085176940132827,14.20813211499972,14.471246120149972,354400
2022-07-27,15.036452293395996,15.075432041046355,14.753848890593275,14.919513050444921,337300
2022-07-28,15.504209518432617,15.55293443612902,14.861043207021536,15.03645253898838,329100
2022-07-29,15.474977493286133,15.582171586427329,15.19237403923147,15.504212076988157,368900
2022-08-01,15.397017478942871,15.864775449589686,15.299567630664184,15.738090089217017,285500
2022-08-02,15.202118873596191,15.52370207524894,15.11441419508169,15.474977150590812,205600
2022-08-03,15.124157905578613,15.289821146459701,15.036453235532388,15.26058656622781,209900
2022-08-04,15.387271881103516,15.465231385822104,15.153393366947748,15.172882778452093,217800
2022-08-05,15.484721183776855,15.494465424512091,15.241097507735153,15.319057009720453,161400
2022-08-08,15.426249504089355,15.55293391410774,15.387269757110658,15.494463828964458,149400
2022-08-09,15.41650676727295,15.494466273530033,15.260587754758783,15.42625193789274,163200
2022-08-10,15.708856582641602,15.73809023630755,15.455486788878858,15.533446296490178,303200
2022-08-11,15.777070045471191,15.93298905205648,15.621151038885904,15.816048867766927,146100
2022-08-12,16.040184020996094,16.049929192347168,15.738091143918291,15.786817000673668,198900
2022-08-15,15.835538864135742,15.932988705809112,15.757579362537273,15.89400802565931,176000
2022-08-16,16.361766815185547,16.527429128921302,15.845283957893836,15.845283957893836,389400
2022-08-17,15.855029106140137,16.244826611721408,15.738088925115195,16.244826611721408,161300
2022-08-18,15.82579231262207,15.952477653349083,15.747832817828897,15.82579231262207,182700
2022-08-19,15.650385856628418,15.894009554901531,15.611407031429401,15.806304874827106,289300
2022-08-22,15.562681198120117,15.894008627790388,15.474976523161581,15.679620454947967,228700
2022-08-23,15.738088607788086,16.17661195441327,15.562680198488554,15.562680198488554,372700
2022-08-24,15.679618835449219,15.91349732494834,15.65038332724895,15.786813840149195,188900
2022-08-25,15.884264945983887,15.981714800481612,15.66013158173008,15.747836264907896,253500
2022-08-26,15.397017478942871,15.864775449589686,15.348292554803528,15.825794766797708,188100
2022-08-29,15.114413261413574,16.010948474078827,15.07543350996511,15.57242510859538,171600
2022-08-30,14.977982521057129,15.143646684379695,14.802573188280173,15.143646684379695,299600
2022-08-31,14.763592720031738,15.241095777161078,14.724612973465105,15.133900777089988,249600
2022-09-01,14.646655082702637,14.802574086026995,14.539461000254784,14.744104924455645,254800
2022-09-02,14.364051818847656,14.68563499916883,14.295837486461522,14.666145588208753,251400
2022-09-06,13.876803398132324,14.666144462464588,13.77935449211077,14.3445613068275,484900
2022-09-07,14.169153213500977,14.237367546614102,13.642926101062587,13.915784362865674,289700
2022-09-08,13.91578483581543,14.139919112641318,13.80859074737299,14.04246926543865,192600
2022-09-09,14.373796463012695,14.38354163281141,13.9450192147252,13.9450192147252,216700
2022-09-12,14.763592720031738,14.870787720102829,14.539459409611213,14.539459409611213,245500
2022-09-13,14.266603469848633,14.490736816186223,14.159408452599687,14.471247404454987,237600
2022-09-14,14.305582046508789,14.383541545725414,14.0619583791192,14.217877377552451,279200
2022-09-15,14.149662971496582,14.34456171848334,14.032722793953994,14.266602219688636,150800
2022-09-16,13.75986385345459,13.896293434132431,13.545474777918121,13.828078179118268,587900
2022-09-19,14.19838809967041,14.217878440607105,13.740376239865345,13.740376239865345,207300
2022-09-20,13.75986385345459,14.081447002084051,13.613690032932285,14.081447002084051,421900
2022-09-21,13.964508056640625,14.188642306136481,13.857313981269002,13.89629372952691,237700
2022-09-22,13.857315063476562,13.99374372835859,13.828079552987061,13.9547639770565,217200
2022-09-23,13.84756851196289,13.857313681153938,13.662414944085416,13.79884359535814,231200
2022-09-26,13.808533668518066,14.140328981654536,13.623119133291413,13.720706318564623,399100
2022-09-27,13.876846313476562,14.159848059325993,13.759742239055466,13.798776930529165,387300
2022-09-28,14.247673988342285,14.39405382446253,13.798774645403823,13.886601988679788,262800
2022-09-29,14.247673988342285,14.325743358361123,14.023223851542904,14.1208110293966,315000
2022-09-30,13.964673042297363,14.374536791664884,13.95491413785376,14.247674756539432,434800
2022-10-03,14.189123153686523,14.345261911971097,13.964673921317551,14.130570653999603,448000
2022-10-04,14.559953689575195,14.56971259498137,14.276951947419207,14.276951947419207,330500
2022-10-05,14.296467781066895,14.68681559279639,14.257433092959984,14.413572776048007,352700
2022-10-06,14.364779472351074,14.7160916723837,14.228157595897077,14.267192284789592,365500
2022-10-07,13.974430084228516,14.306225367903263,13.915878522791965,14.150086629858745,596000
2022-10-10,14.23791790008545,14.481884962305802,13.993950837865096,13.993950837865096,363000
2022-10-11,13.925639152526855,14.120812599272277,13.808534153819197,13.81829305882157,560400
2022-10-12,14.14033031463623,14.28671110634508,13.613361511937379,13.808534970222054,606500
2022-10-13,14.355019569396973,14.36477847360669,13.828050840656553,13.945154899192167,530100
2022-10-14,14.345261573791504,14.491642354227773,14.276951101317477,14.345261573791504,513500
2022-10-17,14.59898853302002,14.706333701627797,14.364780384788256,14.403815076160216,499800
2022-10-18,14.501399993896484,15.047886553064243,14.394054835247625,14.833195305106157,444900
2022-10-19,14.169608116149902,14.550196156276392,13.915882135625223,14.491644579638717,226100
2022-10-20,13.876846313476562,14.159848059325993,13.759742239055466,13.95491569642396,247400
2022-10-21,14.042742729187012,14.101294295831586,13.789016791966201,13.974431327221179,208600
2022-10-24,14.27695083618164,14.394054899959697,14.042742708625532,14.042742708625532,230800
2022-10-25,14.37453842163086,14.403815138281434,13.935397909137253,14.276952158110312,307900
2022-10-26,14.59898853302002,14.657541035408187,14.189123808284208,14.442849767532177,296700
2022-10-27,14.39405632019043,14.71609276001982,14.247676458689966,14.657541187683819,339700
2022-10-28,14.579468727111816,14.716090593550092,14.3257437332412,14.442847791333868,251900
2022-10-31,14.520920753479004,14.745370020983305,14.36478197075244,14.462368244626264,272600
2022-11-01,14.852712631225586,14.872229509135877,14.598986703769432,14.70633185892688,335800
2022-11-02,14.37453842163086,14.989335511386093,14.276952158110312,14.579470784882604,305100
2022-11-03,13.66215705871582,14.179367029639382,13.203498668302537,14.179367029639382,545800
2022-11-04,13.3010835647583,13.91588063721817,13.105910112547335,13.759741875449395,514000
2022-11-07,13.789017677307129,13.847569247711078,13.271807795656892,13.388911867125223,388800
2022-11-08,14.081777572631836,14.169605854228685,13.847568511486777,13.88660319990089,356200
2022-11-09,13.857327461242676,14.257433251451355,13.74998230042047,14.02322512020633,267900
2022-11-10,14.901507377624512,14.930783162090496,14.120812656801794,14.23791672532614,338000
2022-11-11,15.11619758605957,15.438234004641467,14.872230545881745,15.399199315439432,419000
2022-11-14,15.223543167114258,15.535820670222943,14.09153535702454,15.096680198811264,307100
2022-11-15,15.672444343566895,15.760272639286173,15.38944350505449,15.428478199745223,342900
2022-11-16,15.7017183303833,15.838339272697699,15.369923017916275,15.643166763865809,387700
2022-11-17,15.584614753723145,15.584614753723145,15.077162864524508,15.477268660652449,207100
2022-11-18,15.96520709991455,16.023758680838597,15.750514867657726,15.809068309902969,394900
2022-11-21,15.945685386657715,16.121341947798005,15.877374915396656,15.9652031959668,232600
2022-11-22,16.05303192138672,16.131101299465723,15.955444733457767,16.072547869915873,255900
2022-11-23,16.101825714111328,16.209171814494766,15.809065991110401,16.082307902892353,243700
2022-11-25,16.267724990844727,16.28724280398818,15.887136941152974,16.15061997330513,108600
2022-11-28,15.926170349121094,16.453140124255178,15.828583146912441,16.20917304939408,275700
2022-11-29,15.926170349121094,15.984721925917858,15.750513757409733,15.984721925917858,219100
2022-11-30,16.336034774780273,16.355552587086493,15.711479671549428,15.945687835260994,392700
2022-12-01,16.20917320251465,16.560484527934978,15.974965031794065,16.326276357214397,338200
2022-12-02,16.3067569732666,16.433620883510024,15.965204587197938,16.023756158906725,253800
2022-12-05,15.945685386657715,16.29699850893829,15.896892724705742,16.29699850893829,263800
2022-12-06,15.935929298400879,15.945688204780138,15.730997848399642,15.809067238112648,244000
2022-12-07,15.877374649047852,15.994477780296435,15.828580126593684,15.916408405690476,195700
2022-12-08,15.662421226501465,16.014164899982617,15.642879393638136,15.877375797162824,226800
2022-12-09,15.779666900634766,15.877374191458362,15.53539960538156,15.554941436268592,158200
2022-12-12,16.10210418701172,16.10210418701172,15.730818613734906,15.83829498663467,238300
2022-12-13,16.28774642944336,16.85444658800274,16.0923318105145,16.522242853990836,559300
2022-12-14,16.707883834838867,16.922838389767083,16.424532869895128,16.43430378561163,584700
2022-12-15,15.994622230529785,16.737193117858435,15.916456775884063,16.68834040755915,357700
2022-12-16,15.76989459991455,16.131410985121658,15.73081280518512,15.808978258255387,1773800
2022-12-19,15.662421226501465,16.29751588566563,15.662421226501465,15.896917630026152,396400
2022-12-20,14.96869945526123,15.64287770748193,14.910075826602078,15.574482231638548,275200
2022-12-21,15.535399436950684,15.57448216649524,15.04686485174084,15.222737600594233,221000
2022-12-22,15.359527587890625,15.398610317353725,15.154343025257907,15.379068486719289,150700
2022-12-23,15.398612976074219,15.48654936550071,15.300905669643466,15.300905669643466,146900
2022-12-27,15.408382415771484,15.603796078091415,15.320446034776054,15.398611499704026,108100
2022-12-28,14.988241195678711,15.418151219875794,14.978470280359153,15.38883940572289,96400
2022-12-29,15.183655738830566,15.291133018269228,15.02732481171767,15.046865711703868,166000
2022-12-30,14.988241195678711,15.173883927721462,14.890533906094669,15.066406654623634,155000
2023-01-03,15.232510566711426,15.32044695297715,15.01755505937364,15.1445741804457,232300
2023-01-04,15.43769359588623,15.545170872780936,15.252049925479426,15.33021538718572,213000
2023-01-05,15.056635856628418,15.339985880463132,14.919846768311798,15.281362251700516,155400
2023-01-06,15.48654842376709,15.545172058615906,15.076179252601877,15.105491070026284,134500
2023-01-09,15.613565444946289,15.80898003134479,15.467005436953219,15.486547268315391,120400
2023-01-10,15.603796005249023,15.730815118115483,15.437694160101026,15.525630540685947,142300
2023-01-11,15.867603302001953,15.994623339364125,15.711272381872798,15.838290555623399,130300
2023-01-12,16.0141658782959,16.033707712353046,15.83829309900529,15.975084073793468,158600
2023-01-13,16.11186981201172,16.12164072699479,15.828520731948567,15.857831613286303,139400
2023-01-17,16.033706665039062,16.336597618692714,15.935999364747378,16.121643048940406,131300
2023-01-18,16.14118766784668,16.42453683762846,16.111874913615985,16.170498558465304,195000
2023-01-19,16.082557678222656,16.209577714218046,15.808979502746213,16.004392218999165,167200
2023-01-20,16.297517776489258,16.32682866557312,15.701504850291105,16.32682866557312,174500
2023-01-23,16.522241592407227,16.63949072753417,16.121643331442154,16.209579716884416,155700
2023-01-24,16.49292755126953,16.57109301402961,16.31705665776808,16.414762088509455,115100
2023-01-25,16.453847885131836,16.483160636321973,16.26820418815138,16.4245351339417,125100
2023-01-26,16.0239315032959,16.590631458513066,15.818747904294922,16.580860544711413,202900
2023-01-27,16.248661041259766,16.522241106095628,16.063019222889594,16.063019222889594,145900
2023-01-30,16.11186981201172,16.444073466990226,16.004391610809414,16.023933440775554,148800
2023-01-31,16.43430519104004,16.4831597738005,15.857834159749041,16.08255964961183,252600
2023-02-01,16.85444450378418,17.001004518051268,16.160726233234502,16.492928062554448,242600
2023-02-02,17.25504493713379,17.675185064704436,16.522242909123197,16.737197499772677,421200
2023-02-03,15.945770263671875,17.753348794447046,15.848062963487212,16.39522309907663,478300
2023-02-06,16.004396438598633,16.160729261874707,15.81875458875512,16.004396438598633,248300
2023-02-07,16.199806213378906,16.35613712617586,15.926226184178498,15.926226184178498,320400
2023-02-08,15.965312004089355,16.209579321332324,15.789439237496541,16.170495656039815,210200
2023-02-09,15.750358581542969,16.01416588701057,15.545173051054975,16.01416588701057,230900
2023-02-10,15.691734313964844,15.750359820780849,15.408385152135551,15.691734313964844,220800
2023-02-13,15.85783576965332,15.877377604741412,15.506091124321511,15.672193927152344,123300
2023-02-14,15.896917343139648,15.965311893315251,15.642879111336178,15.789439127942716,157800
2023-02-15,16.16072654724121,16.258431982909915,16.004393750225482,16.121642882084345,223800
2023-02-16,16.248661041259766,16.346368340387695,15.808980990601665,15.89691737345563,232800
2023-02-17,16.444074630737305,16.463616462086424,16.1216418679233,16.287743707167582,305700
2023-02-21,16.21934700012207,16.336594245372478,16.08255606251478,16.258428794001752,323200
2023-02-22,16.277973175048828,16.395222302294652,16.229120459136535,16.229120459136535,215700
2023-02-23,16.34636878967285,16.434305174943777,16.08255963386008,16.34636878967285,151100
2023-02-24,16.063016891479492,16.150953261570244,16.02393323205629,16.12164051700284,149500
2023-02-27,15.975078582763672,16.33659307050012,15.926224014413322,16.199804006341598,164000
2023-02-28,15.760124206542969,16.072787892775747,15.711271495612689,15.906686066556741,404700
2023-03-01,15.936001777648926,16.14118732569019,15.779670818956548,15.779670818956548,189500
2023-03-02,16.297517776489258,16.317059611619815,15.760128492070802,15.828524915027746,160300
2023-03-03,16.522241592407227,16.57109431160325,16.05324877912301,16.3952234043305,166900
2023-03-06,16.082557678222656,16.57109226427236,16.004392218999165,16.502697720403248,197100
2023-03-07,16.07279396057129,16.365914064034502,15.94577388242164,16.082563015556186,170300
2023-03-08,15.887146949768066,16.11187244020179,15.740586928337889,16.072790637505907,346500
2023-03-09,16.0141658782959,16.209580491643656,15.994625907850617,15.994625907850617,175900
2023-03-10,15.730812072753906,15.98485024930703,15.642875709192774,15.975079335176758,152800
2023-03-13,15.43769359588623,15.68195996486405,15.105489917731573,15.525629973257264,287200
2023-03-14,15.584256172180176,15.779669858653358,15.427925223001628,15.750358970439828,288700
2023-03-15,15.55494213104248,15.623336678590425,15.252050261405055,15.369298456546884,230300
2023-03-16,15.955540657043457,16.072789786144085,15.467006035745603,15.525630600295916,280900
2023-03-17,15.398612976074219,16.0141658384478,15.271593850436613,15.87737672761186,736400
2023-03-20,15.330216407775879,15.574483724821297,15.222739123726008,15.506089174226458,229800
2023-03-21,15.496315956115723,15.789436879391731,15.437692330543959,15.506086870979592,244000
2023-03-22,15.203197479248047,15.603795710518623,15.19342656341076,15.40838205280198,177500
2023-03-23,14.929618835449219,15.320447119568232,14.870995198505208,15.212968898827697,199500
2023-03-24,14.949159622192383,14.958930538267506,14.734204127568914,14.851452325052849,166200
2023-03-27,15.086127281188965,15.15461134737169,14.96872562500768,15.0567771004,137200
2023-03-28,15.203529357910156,15.242663244386387,15.037210107129813,15.037210107129813,134100
2023-03-29,15.262228965759277,15.320929322467196,15.164393793878952,15.320929322467196,166500
2023-03-30,15.262228965759277,15.399197086761317,15.223095083612217,15.301362847906338,100700
2023-03-31,15.575303077697754,15.614436967520088,15.311148621627845,15.311148621627845,214200
2023-04-03,15.272015571594238,15.575303934163923,15.174181308171384,15.526386335939705,212200
2023-04-04,14.900242805480957,15.350283019856036,14.841542435316047,15.26223246460867,193800
2023-04-05,14.870892524719238,15.174180878705123,14.704573255279486,14.890459936665351,174100
2023-04-06,14.939377784729004,14.958944263978596,14.77305851249239,14.861109068653917,134800
2023-04-10,15.16439437866211,15.1741780828325,14.851323309412692,14.880673488898479,163900
2023-04-11,15.477466583251953,15.61443565260855,15.20352937756421,15.272013445729783,177800
2023-04-12,15.330713272094727,15.653568038241428,15.291579389320137,15.565516568742261,153000
2023-04-13,15.174179077148438,15.379632213062408,15.154611667525467,15.360064803439437,121600
2023-04-14,15.252448081970215,15.614436792014457,15.135046413822801,15.223097898189742,178900
2023-04-17,15.174179077148438,15.369848508250923,14.99807612264348,15.223096668180421,142200
2023-04-18,15.203529357910156,15.291580835738039,15.046993812005233,15.115477880082274,129300
2023-04-19,15.291581153869629,15.330715041160015,15.07634430725977,15.07634430725977,118800
2023-04-20,15.418767929077148,15.49703571080643,15.144829759999112,15.291582550510679,165300
2023-04-21,15.262228965759277,15.95685514061327,15.203527676026013,15.389413382968215,123300
2023-04-24,15.183963775634766,15.301365441979302,15.037210992934966,15.24266414229428,85000
2023-04-25,14.812192916870117,15.027428861195764,14.73392513111068,15.007862381268707,105200
2023-04-26,14.186047554016113,14.6458714256348,14.088212370088575,14.6458714256348,234500
2023-04-27,14.234965324401855,14.37193346398662,14.107779956912092,14.254531801617333,169000
2023-04-28,14.166479110717773,14.499117592178202,13.843624333541566,14.088211342494777,514500
2023-05-01,14.489333152770996,14.518683329219204,14.156694709607034,14.156694709607034,219300
2023-05-02,14.215399742126465,14.401286431216874,14.127348250770543,14.381719018459739,157000
2023-05-03,14.636087417602539,14.792622962225222,14.2838824422015,14.2838824422015,223600
2023-05-04,14.645872116088867,14.645872116088867,14.274099705873311,14.528470449656403,319800
2023-05-05,14.67522144317627,14.861107170925305,14.636087556648818,14.773056626007627,301200
2023-05-08,14.978508949279785,15.389414268967899,14.831756183010443,14.978508949279785,250300
2023-05-09,14.78283977508545,15.017644033267135,14.733923115447013,15.017644033267135,188000
2023-05-10,14.792624473571777,14.98829392434147,14.616521501366286,14.98829392434147,210900
2023-05-11,14.743706703186035,14.958943562998938,14.55782096041048,14.75349040886515,150100
2023-05-12,14.82197380065918,14.870891393778697,14.675221954326112,14.73392325267463,110300
2023-05-15,14.861105918884277,14.998074976703508,14.68500391085998,14.851323147845697,159600
2023-05-16,14.733922958374023,14.890458506809393,14.606737592013918,14.75348943541571,159100
2023-05-17,15.017643928527832,15.056777815780931,14.714355602547213,14.821973559236868,237500
2023-05-18,15.007861137390137,15.15461299026962,14.782840572212665,14.949159836423027,171300
2023-05-19,15.095911979675293,15.242663826307357,14.968726610515608,15.242663826307357,182700
2023-05-22,15.203529357910156,15.252446949261808,14.998076220653582,15.183962881184765,131400
2023-05-23,15.213313102722168,15.350281239235807,15.056777556406322,15.12526162466314,142500
2023-05-24,15.183963775634766,15.213313958964523,14.929593032042185,15.144828953827748,261100
2023-05-25,15.252448081970215,15.27201456014869,14.851325482543503,15.086128818838331,117900
2023-05-26,15.40898323059082,15.448117118934793,15.242663971872561,15.272014154874167,142700
2023-05-30,15.526384353637695,15.57530194561645,15.262230849793152,15.37963251072689,120400
2023-05-31,15.262228965759277,15.614433905082825,15.095909733377932,15.5263824369956,419300
2023-06-01,15.438332557678223,15.457899967278124,15.07634387730906,15.242663126806438,172900
2023-06-02,15.751405715942383,15.849240904945955,15.135046264481106,15.585086454451616,162600
2023-06-05,15.379633903503418,15.64378743126965,15.203530929642232,15.634003725382795,157500
2023-06-06,15.741620063781738,15.800320423504413,15.301363633760095,15.330713813621433,216500
2023-06-07,16.12317657470703,16.201444349689066,15.76118881518422,15.859022134373554,268300
2023-06-08,15.888373374938965,16.04490892613632,15.770972644566433,16.035125220930112,139000
2023-06-09,15.692704200744629,15.859021584015133,15.604651790663693,15.859021584015133,167000
2023-06-12,15.770973205566406,15.829673572840743,15.545952642946743,15.731838383349494,171200
2023-06-13,15.810102462768555,15.966637982910772,15.761185812493085,15.770969515758297,180900
2023-06-14,15.966638565063477,16.113390387291133,15.849237853701615,15.878587098516748,196800
2023-06-15,15.976422309875488,16.142741539775812,15.907938250396061,15.907938250396061,195700
2023-06-16,15.937288284301758,16.08404009699034,15.790534605562637,16.08404009699034,738100
2023-06-20,15.722055435180664,15.966642487665867,15.702488023129579,15.966642487665867,208500
2023-06-21,15.702485084533691,15.75140360550669,15.497032894599412,15.653568429611465,136000
2023-06-22,15.634001731872559,15.722053207575604,15.555733960808837,15.663352845790525,191800
2023-06-23,15.379312515258789,15.575227139911556,15.281355670029715,15.428291404970636,386300
2023-06-26,15.516454696655273,15.761348234331791,15.369518013532538,15.369518013532538,168300
2023-06-27,15.937671661376953,16.123789402212996,15.349926805352542,15.536045480383278,185600
2023-06-28,16.035629272460938,16.045423369543027,15.82991773433905,15.937671486135724,101500
2023-06-29,16.15317726135254,16.28052294519594,16.025833445898527,16.055219474178244,144800
2023-06-30,16.074813842773438,16.28052541387119,15.918082106884517,16.28052541387119,147900
2023-07-03,16.15317726135254,16.182565158021646,15.967057652560317,15.967057652560317,115100
2023-07-05,15.653593063354492,16.05521827932921,15.526249257377561,16.035628218063778,210100
2023-07-06,15.349925994873047,15.555636590200555,15.242173181775645,15.428291846979274,165000
2023-07-07,15.310742378234863,15.506656999663779,15.300946413614765,15.32053834285496,137200
2023-07-10,15.310742378234863,15.48706600461819,15.271559453949079,15.32053834285496,106000
2023-07-11,15.173602104187012,15.320538775049759,15.114828183197616,15.202989998876339,147400
2023-07-12,15.261765480041504,15.506659022319699,15.193195587145922,15.389110234129532,131300
2023-07-13,15.173602104187012,15.271559884762176,15.08544028850829,15.261763919865734,105000
2023-07-14,15.085441589355469,15.183399378377725,14.928709874275626,15.183399378377725,114300
2023-07-17,14.860137939453125,15.036461561773713,14.752385133698644,14.918911857430265,190500
2023-07-18,15.251969337463379,15.310744197974971,14.909118942762355,14.909118942762355,187200
2023-07-19,15.604616165161133,15.653594124227915,15.291151808804537,15.330334736574775,178000
2023-07-20,15.722162246704102,15.790733997433504,15.51645259968339,15.575226517633713,159100
2023-07-21,15.820121765136719,15.937671482377128,15.643799057665474,15.69277795081653,214200
2023-07-24,16.143381118774414,16.19236094601916,15.77114377366116,15.77114377366116,260900
2023-07-25,16.30010986328125,16.486229436167047,15.90828065856565,16.084604267784925,280400
2023-07-26,16.515621185302734,16.525417151257642,16.270727641598434,16.270727641598434,179600
2023-07-27,16.447052001953125,16.613577825206338,16.339298240187357,16.535211962573836,180900
2023-07-28,16.642963409423828,16.731125226171415,16.486231705959074,16.593985452737073,217000
2023-07-31,16.016035079956055,16.496026109943635,15.663387846336974,16.16297080450097,552100
2023-08-01,15.349925994873047,15.967056846660928,15.134419434483597,15.87889502949276,521600
2023-08-02,15.320540428161621,15.506659110303394,15.242174568923534,15.310744462208179,266700
2023-08-03,15.487066268920898,15.64379796873882,15.222580824832193,15.310742639528428,393100
2023-08-04,15.389110565185547,15.624208146623383,15.340131668837312,15.526251288121657,174500
2023-08-07,15.212786674499512,15.487068116089501,15.085441919660173,15.369518393011088,187600
2023-08-08,15.114829063415527,15.144216025621585,14.987484314929693,15.134420060154671,326600
2023-08-09,15.046257019042969,15.183397721873172,14.987483099397602,14.987483099397602,224700
2023-08-10,15.007075309753418,15.202990882287962,14.938505419883139,15.124624092757333,352100
2023-08-11,15.232378005981445,15.281356899634346,14.938505578258727,14.938505578258727,316300
2023-08-14,15.193195343017578,15.242174237525157,14.977688767701062,15.14421644851,194600
2023-08-15,15.105031967163086,15.202989746109592,15.056053077689832,15.193193781376019,349800
2023-08-16,14.9874849319458,15.320540297974887,14.958097968529918,15.085441788063653,467100
2023-08-17,14.938506126403809,15.095237844488363,14.909119162811637,15.06585088089619,283100
2023-08-18,15.173602104187012,15.212785029578152,14.92870858694373,14.948300516736614,428100
2023-08-21,14.78177261352539,15.271559640167347,14.752385653501365,15.17360186116111,217900
2023-08-22,14.722999572753906,14.899323223005542,14.683816643164068,14.762182502343745,281100
2023-08-23,14.762182235717773,14.889526988133401,14.625042451727644,14.732795272604847,188900
2023-08-24,14.722999572753906,14.850344327469562,14.693612609110211,14.713204541002495,194900
2023-08-25,14.762182235717773,14.86993599078969,14.674020412184282,14.860140025020476,282100
2023-08-28,14.683815956115723,15.007075343655426,14.625042031578333,14.693611921603518,238000
2023-08-29,14.8699369430542,14.909119874445595,14.61524742191273,14.732796216086921,186100
2023-08-30,15.01687240600586,15.183400094683126,14.96789350918406,15.183400094683126,165200
2023-08-31,14.78177261352539,15.007074197367276,14.752385653501365,15.007074197367276,228900
2023-09-01,14.977686882019043,15.026665770360207,14.811159222175839,14.860138110517003,170600
2023-09-05,14.546675682067871,14.860139093474727,14.321373154473202,14.860139093474727,504000
2023-09-06,14.55647087097168,14.683815616786118,14.468309986202913,14.615245728345522,318000
2023-09-07,14.55647087097168,14.664224620457947,14.360556236716645,14.576062801494515,261000
2023-09-08,14.8699369430542,15.10503453140258,14.742592182483465,15.10503453140258,339100
2023-09-11,14.918914794921875,14.967893692343019,14.78177500317639,14.879731863823913,312100
2023-09-12,15.065851211547852,15.105034141928943,14.703408871974078,14.94830242040458,541600
2023-09-13,15.594820976257324,15.643799871957834,15.075646923899278,15.154012783342202,623900
2023-09-14,15.702574729919434,15.957264240145994,15.624207936300332,15.82991855083798,511600
2023-09-15,15.398905754089355,15.771144039675901,15.281356969303292,15.70257414876604,1134100
2023-09-18,15.310742378234863,15.545839923949563,15.310742378234863,15.506656999663779,242100
2023-09-19,15.124624252319336,15.379313751945421,15.105033255376012,15.369517786376413,221100
2023-09-20,15.212786674499512,15.349927395294507,15.14421678119938,15.222582640455169,246000
2023-09-21,14.96789264678955,15.330334967676677,14.958097615345348,15.183399219871927,201400
2023-09-22,14.801146507263184,15.095404077201783,14.791337703334124,14.967892432381088,254700
2023-09-25,14.840380668640137,14.967892312439043,14.80114638865732,14.80114638865732,162600
2023-09-26,14.63440227508545,14.869807984100973,14.63440227508545,14.81095702455666,166800
2023-09-27,14.555933952331543,14.71287109433741,14.349953719594053,14.644211328564632,257600
2023-09-28,14.7030611038208,14.909041319953207,14.477464214228634,14.555932778905829,273400
2023-09-29,14.408804893493652,14.801148689737067,14.379379412786625,14.761914403654643,287700
2023-10-02,14.232250213623047,14.428421632178404,14.006652380720054,14.33033545519117,296300
2023-10-03,14.330333709716797,14.418611071169058,14.026268281846782,14.13416231505566,187700
2023-10-04,14.1733980178833,14.398995845971985,14.006652081814867,14.193015627029748,213600
2023-10-05,14.193015098571777,14.2518660529817,14.026269168711904,14.1341632087428,220700
2023-10-06,14.193015098571777,14.34014342001564,13.967417278882927,13.967417278882927,155100
2023-10-09,14.398994445800781,14.42841992124,14.045884998854147,14.085119277912773,189600
2023-10-10,14.644208908081055,14.75210294152192,14.457845381188015,14.457845381188015,246500
2023-10-11,14.830573081970215,14.840381886625705,14.64421047061137,14.654018339847765,252300
2023-10-12,14.7030611038208,14.899232515513788,14.546123974466411,14.879615842054028,148100
2023-10-13,14.516697883605957,14.859997605718235,14.497080275555465,14.703060482990447,238700
2023-10-16,14.918848991394043,14.92865779508854,14.614782624797652,14.614782624797652,233800
2023-10-17,15.00712776184082,15.262151069311129,14.9580846741859,14.9580846741859,271500
2023-10-18,14.546124458312988,14.820764443818499,14.5363156535473,14.820764443818499,254700
2023-10-19,14.359760284423828,14.683443323164903,14.310717201343877,14.604974764404583,321800
2023-10-20,14.516697883605957,14.909040690425426,14.379377433509623,14.604975248995096,304200
2023-10-23,14.291101455688477,14.546124772591666,14.261675976174763,14.448038593653784,197900
2023-10-24,14.271484375,14.457846987175325,14.193015808250482,14.369569615727343,191700
2023-10-25,14.104740142822266,14.261677295303418,13.9870372784614,14.173399913177967,207200
2023-10-26,13.114070892333984,14.026269099989948,13.045411134052456,13.947800537548472,427200
2023-10-27,12.123404502868652,13.133688913005349,11.917424286137965,13.006177261179774,884200
2023-10-30,12.093977928161621,12.525555931421875,11.927232009004568,12.260723847318674,518500
2023-10-31,11.436802864074707,12.005700366254072,11.387759782420835,11.986083694843911,698500
2023-11-01,11.66240119934082,11.71144334782053,11.221014379671248,11.27986626743353,564500
2023-11-02,11.976275444030762,12.172446844278882,11.760486436048318,11.77029523991548,365800
2023-11-03,12.123404502868652,12.339193524067248,12.074362351367267,12.182256394257026,225200
2023-11-06,12.329385757446289,12.329385757446289,11.956659575062613,12.084171237621698,395000
2023-11-07,12.143021583557129,12.309767510581457,11.946850179828225,12.309767510581457,349500
2023-11-08,12.113595962524414,12.31957616784036,12.04493527047308,12.103787158600076,349000
2023-11-09,12.064553260803223,12.231299191127178,12.064553260803223,12.231299191127178,287900
2023-11-10,12.221490859985352,12.378427992149032,12.025319444780749,12.123404684673504,290100
2023-11-13,12.182255744934082,12.299958586018104,12.133212660627649,12.182255744934082,204400
2023-11-14,12.672685623168945,12.75115418950158,12.30976827002573,12.466705402691002,392200
2023-11-15,13.035603523254395,13.123880897937287,12.643260675129463,12.643260675129463,389200
2023-11-16,12.81981372833252,13.045411554181452,12.702110880879673,13.045411554181452,315500
2023-11-17,12.78057861328125,12.957133340668731,12.721727661098102,12.957133340668731,394700
2023-11-20,12.790389060974121,12.908091915886931,12.613834310895337,12.80019786607164,286300
2023-11-21,12.66287612915039,12.810005384578627,12.604025175314332,12.810005384578627,161600
2023-11-22,12.692302703857422,12.829623167050492,12.66287722439431,12.711920313778915,124900
2023-11-24,13.006176948547363,13.241582637604198,12.947325058573627,13.202348356094726,207100
2023-11-27,13.006176948547363,13.055220034288968,12.790387932535737,12.95713386280576,209900
2023-11-28,13.055220603942871,13.153305844286894,12.819813969195204,12.976751102080916,314300
2023-11-29,13.055220603942871,13.320051781832738,12.986559906741048,13.0944548871643,217100
2023-11-30,13.163114547729492,13.271008591903996,13.006177416050544,13.192540026064522,279100
2023-12-01,13.378904342651367,13.44756410786365,13.084646736082924,13.114072216114025,174700
2023-12-04,13.614655494689941,13.693239291792324,13.34943541366759,13.34943541366759,252600
2023-12-05,13.506600379943848,13.565538684699607,13.359256023243308,13.506600379943848,234300
2023-12-06,13.378901481628418,13.585184142796827,13.270849015984993,13.575360935885813,277800
2023-12-07,13.555718421936035,13.555718421936035,13.359258924735496,13.486956895321264,239600
2023-12-08,13.516425132751465,13.722707817800458,13.506601924703254,13.555717028151621,224500
2023-12-11,13.653945922851562,13.850406331243509,13.653945922851562,13.673592338407818,520300
2023-12-12,13.33961009979248,13.634299760819689,13.300318207441693,13.61465334624799,342000
2023-12-13,13.486954689025879,13.595008097404586,12.976160079864023,13.319964846317433,451000
2023-12-14,13.771822929382324,13.958459198445125,13.703061409796929,13.840583512175037,369600
2023-12-15,13.46730899810791,13.88969754391171,13.437840313012387,13.88969754391171,1111400
2023-12-18,13.094036102294922,13.595008453936225,13.054744208252034,13.595008453936225,349900
2023-12-19,13.437841415405273,13.486955582329427,13.12350531369311,13.12350531369311,403000
2023-12-20,13.378901481628418,13.752174913113757,13.378901481628418,13.477131677153402,437800
2023-12-21,13.850407600402832,13.860229872288352,13.319966510082322,13.36908067988815,537800
2023-12-22,14.056689262390137,14.331732527555442,13.84058337136392,13.948635848480691,368800
2023-12-26,14.21385669708252,14.262971799557778,14.007574016120563,14.095981013217497,203900
2023-12-27,14.223679542541504,14.341556167959428,14.135273478667111,14.262972375542612,294600
2023-12-28,14.145095825195312,14.282617931050945,14.0272201359445,14.19421092991466,472100
2023-12-29,14.007574081420898,14.24332545024997,13.948635770817297,14.125449765835434,337500
2024-01-02,13.683417320251465,14.046867624029927,13.624479002733953,13.928991925787678,334200
2024-01-03,13.349434852600098,13.644124547744806,13.349434852600098,13.614654922475435,284900
2024-01-04,13.290494918823242,13.418193802379985,13.231557549054038,13.418193802379985,220500
2024-01-05,13.388727188110352,13.486956465181402,13.172621279685641,13.202089969127682,420300
2024-01-08,13.565539360046387,13.575361630667528,13.319964795458088,13.388725373769173,189600
2024-01-09,13.369078636169434,13.526247140617196,13.01545160894531,13.37890184334603,275100
2024-01-10,13.162796020507812,13.319964525565535,13.03509807388685,13.319964525565535,188000
2024-01-11,12.995804786682129,13.074389504835706,12.877929114640615,13.05474309109917,233700
2024-01-12,12.84846305847168,13.162798248200506,12.818994368632792,13.143152767238835,275200
2024-01-16,12.740407943725586,12.887752299325719,12.435895088881395,12.779699834338459,341700
2024-01-17,12.828815460205078,12.848460937924402,12.553771277793684,12.573417692305615,228900
2024-01-18,12.90739917755127,12.927044655168443,12.691293303006777,12.848460871114554,161400
2024-01-19,12.966337203979492,13.044920992013887,12.74040904757877,13.044920992013887,288800
2024-01-22,13.359257698059082,13.38872638573509,13.064568010920942,13.064568010920942,352400
2024-01-23,13.261027336120605,13.536070603753009,13.261027336120605,13.49677870837695,218400
2024-01-24,13.094036102294922,13.398548983721787,13.015452314209146,13.398548983721787,154700
2024-01-25,13.143150329589844,13.300317895304522,12.985982763875166,13.25120279682054,189200
2024-01-26,12.985983848571777,13.25120390367052,12.946691953861125,13.221735216835697,205000
2024-01-29,13.113683700561523,13.123505972363725,12.858285897849655,12.946692901618588,281800
2024-01-30,13.00562858581543,13.113681992701903,12.917221593560175,13.035098207762255,190300
2024-01-31,12.720763206481934,13.202089164121327,12.71093999833598,13.17262047647616,479900
2024-02-01,12.789523124694824,13.025274469911324,12.445718376993,12.691292929124996,297900
2024-02-02,12.701117515563965,12.907400199231802,12.40642783363953,12.60288730932493,287700
2024-02-05,12.475188255310059,12.58324166814032,12.41625088175961,12.563595252428394,388800
2024-02-06,12.612709999084473,12.89757646132206,12.367135430369565,12.416250531471075,270500
2024-02-07,12.671647071838379,12.730585379127387,12.553771394052978,12.661824801284057,233600
2024-02-08,12.691295623779297,12.691295623779297,12.475189709716958,12.622535034356504,267800
2024-02-09,12.985983848571777,13.015452535406602,12.524303383127107,12.710939648804542,240500
2024-02-12,13.00562858581543,13.103858785386294,12.927044800875784,12.927044800875784,345100
2024-02-13,12.602888107299805,12.936869705507975,12.553773001070473,12.76987890640389,308400
2024-02-14,12.583242416381836,12.818993798187519,12.504657685653891,12.769878692779821,350200
2024-02-15,12.701117515563965,12.779701305838124,12.465365207948812,12.701117515563965,318400
2024-02-16,12.259081840515137,12.652001706763004,12.259081840515137,12.652001706763004,267000
2024-02-20,12.249260902404785,12.396605282781152,12.033154999299084,12.121562002241994,226200
2024-02-21,12.239437103271484,12.259082582537044,12.072446313947175,12.259082582537044,218700
2024-02-22,12.268905639648438,12.268905639648438,12.092092581262635,12.219790536899678,256400
2024-02-23,12.20014476776123,12.318020449479619,12.131384187623667,12.298374970922877,156900
2024-02-26,12.475188255310059,12.730586038809102,12.180498577179828,12.318020676785311,611200
2024-02-27,12.769878387451172,12.809170283479313,12.278729218703049,12.71094007501261,685600
2024-02-28,12.681471824645996,12.858285831268306,12.593064821334842,12.642179927262452,463400
2024-02-29,12.55377197265625,12.907399959103781,12.524303286049841,12.760054652486424,295600
2024-03-01,12.376960754394531,12.632357637568207,12.259084116877085,12.563597046343693,200200
2024-03-04,12.072447776794434,12.563596996251967,12.052802295148386,12.396606186692981,400400
2024-03-05,11.767932891845703,12.121560870603526,11.767932891845703,12.121560870603526,253800
2024-03-06,11.925102233886719,12.111738507065462,11.738465023915271,11.826872024765672,340000
2024-03-07,12.082269668579102,12.131384772527968,11.944747564880817,11.944747564880817,268700
2024-03-08,12.003686904907227,12.38678268757066,12.003686904907227,12.209969609723219,208800
2024-03-11,11.905455589294434,12.121561483145568,11.846518214384922,11.954570692914148,180300
2024-03-12,11.984039306640625,11.984039306640625,11.758111142889652,11.915278724071664,340500
2024-03-13,11.915277481079102,12.042976361666208,11.758109916292687,11.925100688076398,292600
2024-03-14,11.738465309143066,11.85634100087691,11.492890717166047,11.85634100087691,376400
2024-03-15,11.551827430725098,11.875985772273637,11.483065917480568,11.699171790777127,579100
2024-03-18,11.325899124145508,11.620588801177433,11.325899124145508,11.542005012207941,318600
2024-03-19,11.375016212463379,11.512538335566909,11.306255619308025,11.345547520652916,286300
2024-03-20,11.620588302612305,11.71881850300607,11.266961267421463,11.316076367618345,469500
2024-03-21,11.600943565368652,11.708996043267216,11.542005254010459,11.650057731909023,296400
2024-03-22,11.433953285217285,11.689350147694052,11.414306868292222,11.689350147694052,133900
2024-03-25,11.296192169189453,11.512669990855489,11.266672764818386,11.404431549224944,243400
2024-03-26,11.30603313446045,11.453632044235544,11.30603313446045,11.374913001050833,285300
2024-03-27,11.473311424255371,11.492991654405735,11.384752265388782,11.404432495539146,264300
2024-03-28,11.748828887939453,11.857068284422574,11.512671740275515,11.512671740275515,285500
2024-04-01,11.1190767288208,11.601231150077778,11.010837330053445,11.601231150077778,421300
2024-04-02,10.882919311523438,11.08955704966645,10.656601341935813,10.97147753780894,552300
2024-04-03,11.040358543395996,11.207636774235722,10.853400079090335,10.853400079090335,387200
2024-04-04,10.774679183959961,11.099395473512356,10.745159777202021,10.971476793021257,359500
2024-04-05,10.725480079650879,10.873078997579418,10.705800786970114,10.735320195193795,298900
2024-04-08,10.882919311523438,11.069876818221836,10.735320390904096,10.774679915388237,301900
2024-04-09,10.715641975402832,11.030518197062182,10.695961742346542,10.882920202760653,318000
2024-04-10,10.617240905761719,10.725479354197528,10.302364736926638,10.459802821344178,571800
2024-04-11,10.617240905761719,10.676280656620799,10.53852186355295,10.676280656620799,207200
2024-04-12,10.715641975402832,10.725481153525816,10.499164103809449,10.568043042696141,384600
2024-04-15,10.509004592895508,10.882920588574377,10.489324359141527,10.7451617675121,419900
2024-04-16,10.272845268249512,10.587722402338846,10.253165975221789,10.587722402338846,361100
2024-04-17,10.174446105957031,10.203965512321071,9.839889705814535,10.036687312249825,472900
2024-04-18,9.997328758239746,10.213806615466067,9.928449823924366,10.194126383715902,284400
2024-04-19,10.322044372558594,10.390924240592446,9.93828926359229,9.93828926359229,276100
2024-04-22,10.11540699005127,10.390924594767638,10.095727697374425,10.35156507100888,280000
2024-04-23,10.263004302978516,10.381082855789165,10.066205776555845,10.105566232564316,298000
2024-04-24,10.164607048034668,10.213806689360933,9.957969305188445,10.095728113220963,430700
2024-04-25,9.938288688659668,10.213805329641257,9.879248939246835,10.06620642531167,370000
2024-04-26,10.19412612915039,10.400763865341517,9.87924993625156,9.908769344734557,483800
2024-04-29,9.800530433654785,10.282684816278753,9.682451866792082,10.105567435187213,1440200
2024-04-30,9.780850410461426,9.889089802848464,9.475814340873539,9.790690525842985,1323500
2024-05-01,10.23348617553711,10.459804154537276,9.987488902678956,10.164607239426466,1279200
2024-05-02,10.42044448852539,10.695961167674373,10.282685679748344,10.331885321340511,596500
2024-05-03,10.597561836242676,10.71564040202748,10.538522084147763,10.57788160607603,482700
2024-05-06,10.725480079650879,11.178115072169277,10.695960671427198,11.030517092645805,465200
2024-05-07,10.764840126037598,10.823879883756337,10.686121074682688,10.686121074682688,497300
2024-05-08,11.020676612854004,11.079716365755086,10.715640548346016,10.764839247624376,311800
2024-05-09,11.178114891052246,11.207635237202682,10.951797867662556,10.991157390791416,314300
2024-05-10,11.296192169189453,11.306032283448124,11.079715285928362,11.227313246188647,411300
2024-05-13,11.414273262023926,11.492992310307807,11.256834227051083,11.414273262023926,479400
2024-05-14,11.237154960632324,11.640590318638088,11.19779543639774,11.571711385828834,400200
2024-05-15,11.246994972229004,11.49299223102033,11.148595693350446,11.374913659409101,432600
2024-05-16,11.345393180847168,11.433952343127629,11.256834018566709,11.256834018566709,250500
2024-05-17,11.276514053344727,11.365073214084887,11.168275600442886,11.345392983518167,331700
2024-05-20,11.227315902709961,11.325715191769264,11.168277079998512,11.237156019296924,350100
2024-05-21,11.217473983764648,11.286353850401012,11.158435170539212,11.18795457715193,401500
2024-05-22,11.424112319946289,11.492992190279137,11.187955177560982,11.217474585757879,415700
2024-05-23,11.148594856262207,11.424111502668003,11.079715929262008,11.424111502668003,406900
2024-05-24,11.335554122924805,11.433952463288797,11.138755565386681,11.227314728597822,295100
2024-05-28,11.207634925842285,11.424111827834531,11.148595173586655,11.414272651129448,347900
2024-05-29,10.843559265136719,11.089556515923977,10.823879034639319,11.040356878085516,318900
2024-05-30,11.020676612854004,11.138755180251133,10.88291875342654,10.88291875342654,302000
2024-05-31,11.138755798339844,11.335554359993765,11.089557096331452,11.089557096331452,487300
2024-06-03,11.394594192504883,11.404434309144902,11.050197617345573,11.266675491400145,407600
2024-06-04,11.227315902709961,11.522512831482706,11.217475786122996,11.394594131067677,321000
2024-06-05,11.38475227355957,11.44379202564801,11.266673707787714,11.276513822869958,303200
2024-06-06,11.30603313446045,11.345392656052805,11.227314091275739,11.325713364459135,226800
2024-06-07,11.296192169189453,11.404431549224944,11.197793841817578,11.20763395607625,303700
2024-06-10,11.60123062133789,11.620910852364137,11.1584357457031,11.168275861216221,391600
2024-06-11,11.571710586547852,11.620910223044037,11.404432385503835,11.483151428535724,323700
2024-06-12,11.591391563415527,11.89642860331824,11.492993214521698,11.837388843257822,409300
2024-06-13,11.552030563354492,11.630749607795355,11.424111881536833,11.552030563354492,268300
2024-06-14,11.48315143585205,11.552030363947585,11.24699430660592,11.43395179932452,332800
2024-06-17,11.52251148223877,11.630749936805543,11.433952320136383,11.571711121007324,248800
2024-06-18,11.512670516967773,11.630749078253007,11.4241113614026,11.492991225956061,310700
2024-06-20,11.581550598144531,11.601229889524328,11.414272398593734,11.47331121113813,263400
2024-06-21,11.670110702514648,11.8078695180511,11.552032119942757,11.601231763949,880100
2024-06-24,11.670110702514648,11.857069162057345,11.630751174990683,11.640591291472964,324500
2024-06-25,11.798243522644043,11.88695226897815,11.532117283641721,11.640539502490121,278800
2024-06-26,12.10379695892334,12.113653696916868,11.709536839084901,11.739106113075216,343100
2024-06-27,11.906665802001953,12.153078589195685,11.77853103986239,12.153078589195685,255800
2024-06-28,12.153078079223633,12.251643565961157,11.946091309066947,11.946091309066947,1283100
2024-07-01,11.965806007385254,12.123510050317803,11.84752797518584,12.123510050317803,438600
2024-07-02,11.906665802001953,12.113652580844295,11.896809064916559,12.00523129287552,195100
2024-07-03,11.886954307556152,12.25164515170304,11.877097569608605,11.946092855260908,215900
2024-07-05,12.034799575805664,12.04465631208159,11.768673336296272,11.798243545124055,483800
2024-07-08,12.024943351745605,12.212217589004949,11.886952797965193,12.12350883872317,378100
2024-07-09,11.44340991973877,11.660253443641437,11.029436346829234,11.098432568974303,759900
2024-07-10,11.581400871276855,11.60111434523176,11.423696839598323,11.502548855437588,391800
2024-07-11,11.857382774353027,11.985517533442914,11.689822007850111,11.798244233228566,300800
2024-07-12,11.97566032409668,12.123508551054863,11.877095779448016,12.005230533482392,339600
2024-07-15,12.153078079223633,12.379778322723881,12.015086585789126,12.103795335854869,295500
2024-07-16,12.517768859863281,12.645903616459105,12.222073340026009,12.222073340026009,298600
2024-07-17,12.754325866699219,12.77403934151167,12.389635042580803,12.399491779987029,386600
2024-07-18,12.557194709777832,12.744468943999728,12.488199434006678,12.655760195156738,217500
2024-07-19,12.340353012084961,12.50791284500574,12.153078764718483,12.50791284500574,441800
2024-07-22,12.291070938110352,12.448774982418094,12.113653418269015,12.389635495807564,295200
2024-07-23,12.202360153198242,12.28121216226656,12.054511931202578,12.162934148664084,317200
2024-07-24,12.626192092895508,12.675473900151184,12.202361782567106,12.202361782567106,450000
2024-07-25,13.09930419921875,13.473851761979274,12.586766072276601,12.734613373896975,672400
2024-07-26,12.99088191986084,13.257007230546028,12.921885703024559,13.158442683621574,381700
2024-07-29,12.764183044433594,13.138730618879066,12.675474284697792,12.951457301651455,398400
2024-07-30,13.000737190246582,13.19786815609526,12.774037895506755,12.862746642140639,433900
2024-07-31,12.783894538879395,13.050019836856645,12.695185792890276,13.03030730440912,564400
2024-08-01,12.547338485717773,12.981025511110051,12.45863067324179,12.872604224757067,457000
2024-08-02,12.24178695678711,12.350208241335475,12.103795461915428,12.19250421290507,290100
2024-08-05,12.005230903625488,12.153078195151947,11.719392117348221,11.886952882406291,319400
2024-08-06,12.005230903625488,12.192504202225011,11.857382672108875,11.955948159786617,298600
2024-08-07,11.83767032623291,12.143221650895612,11.729248100070519,12.143221650895612,202300
2024-08-08,11.896809577941895,11.975661598045004,11.758819012756565,11.975661598045004,203200
2024-08-09,11.67996597290039,11.995374025775222,11.591257223031809,11.995374025775222,247600
2024-08-12,11.699679374694824,11.719392849457934,11.581401346086805,11.719392849457934,253100
2024-08-13,12.005230903625488,12.015086700401138,11.670109373509352,11.788387394728549,328800
2024-08-14,11.83767032623291,12.054512898577354,11.778530844690682,12.054512898577354,270000
2024-08-15,11.985517501831055,12.281213026643957,11.955948231346811,12.044656982789698,387100
2024-08-16,12.202360153198242,12.202360153198242,11.926378121459132,11.96580412599329,610000
2024-08-19,12.162935256958008,12.399491305718087,12.084083240704647,12.231930536182153,410200
2024-08-20,12.143220901489258,12.241786384646716,12.084082363586873,12.133365105165602,260800
2024-08-21,12.143220901489258,12.350207664127831,12.074225627273105,12.172791110430563,223500
2024-08-22,12.015088081359863,12.261500888885614,11.975662069755353,12.222074877281104,196300
2024-08-23,12.202360153198242,12.340351639062845,12.00523013052745,12.024942662799482,305900
2024-08-26,12.222074508666992,12.320640004700692,12.18264849825156,12.28121399428526,334300
2024-08-27,11.926379203796387,12.330496021943258,11.867239721633103,12.222073794642268,202200
2024-08-28,12.064370155334473,12.113652902078153,11.88695358304352,11.916522855093643,155200
2024-08-29,12.084083557128906,12.231930856477824,11.975661326948844,12.044657547969848,198600
2024-08-30,12.202360153198242,12.222072685470275,11.995373394396387,12.093938875726831,265500
2024-09-03,12.143220901489258,12.162934374116794,12.034799622008144,12.113651632538065,181900
2024-09-04,12.143220901489258,12.330495131490405,12.024942885694376,12.133365105165602,194200
2024-09-05,11.808099746704102,12.123508738428933,11.729247733770428,12.123508738428933,185000
2024-09-06,11.601113319396973,11.867238614324679,11.591256583291107,11.817955873785447,152700
2024-09-09,11.581400871276855,11.689822158058304,11.403983365643418,11.571544134299403,402700
2024-09-10,11.571544647216797,11.630684131712737,11.532118637549576,11.581401384631157,270800
2024-09-11,11.630682945251465,11.640539681660325,11.305418163680027,11.522260724734238,349300
2024-09-12,11.748961448669434,11.817956726408063,11.492691931368586,11.650395960479829,222500
2024-09-13,11.936235427856445,12.02494418427988,11.817957399288602,11.886953620945837,187400
2024-09-16,12.123510360717773,12.33049715736382,11.975662111690447,12.113653622784566,327300
2024-09-17,12.24178695678711,12.448773729099555,12.133365672238746,12.222073483238232,337100
2024-09-18,12.202360153198242,12.399490175869035,12.113651407998862,12.2417861577324,351900
2024-09-19,12.310781478881836,12.488198969975409,12.26149873802361,12.438916229117183,481400
2024-09-20,11.827813148498535,12.25164342044991,11.798243878824527,12.25164342044991,1735200
2024-09-23,11.788389205932617,11.946093258455011,11.758819931082243,11.877097970474038,230700
2024-09-24,11.965806007385254,12.015087815808993,11.82781449982415,11.84752797518584,222900
2024-09-25,11.778532028198242,11.94609281274921,11.729249278626147,11.906666801089585,209000
2024-09-26,11.739105224609375,11.955948744104004,11.689822478361931,11.896809260609032,173700
2024-09-27,11.91681957244873,12.10440881356565,11.808215919192952,11.867454874695994,168000
2024-09-30,12.124155044555664,12.173520686079188,11.867455403461667,11.906947728366228,293200
2024-10-01,11.897074699401855,12.074789694983629,11.620628418385847,12.055044002839574,414300
2024-10-02,11.660120964050293,11.906948240717501,11.630501012918865,11.818090270465891,169400
2024-10-03,11.383672714233398,11.551515322624013,11.245450054314952,11.551515322624013,325500
2024-10-04,11.166464805603027,11.502149062697892,11.166464805603027,11.502149062697892,218800
2024-10-07,11.383672714233398,11.413292662705567,11.057860813609558,11.14671877588356,483600
2024-10-08,11.413293838500977,11.423166214104164,11.235577895644708,11.26519690559697,209600
2024-10-09,11.314562797546387,11.472532109511143,11.265197152164557,11.423166464129313,169700
2024-10-10,11.196084976196289,11.225703984581575,11.028242359394163,11.225703984581575,281100
2024-10-11,11.462657928466797,11.472531245113531,11.235577295019688,11.235577295019688,179600
2024-10-14,11.482404708862305,11.492278025635526,11.27506976448118,11.472531392089081,115600
2024-10-15,11.383672714233398,11.679865607956323,11.324434700431565,11.433038353449094,217500
2024-10-16,11.818089485168457,11.897074133127825,11.561388908514877,11.561388908514877,303300
2024-10-17,11.600882530212402,11.748978526309966,11.462658910035664,11.748978526309966,210600
2024-10-18,11.581133842468262,11.650246111092148,11.492276825502486,11.591007158210418,174300
2024-10-21,11.235577583312988,11.600881834473817,11.225704266412913,11.561389508444844,221600
2024-10-22,11.235577583312988,11.354054561399906,11.196085257284015,11.215830949512839,204200
2024-10-23,11.25532341003418,11.294815736535055,11.146719747549605,11.176338757032429,236800
2024-10-24,11.176338195800781,11.423165459429395,11.107226863287583,11.344180810393942,239100
2024-10-25,11.186210632324219,11.354053233713508,11.176337316578682,11.235576269480694,182700
2024-10-28,11.235577583312988,11.39354688742888,11.196085257284015,11.225704266412913,213500
2024-10-29,10.959131240844727,11.117100544091928,10.702430652282366,11.008495941930988,534200
2024-10-30,10.89989185333252,11.146719115356872,10.722175923372177,10.830780521268512,381800
2024-10-31,10.672811508178711,10.978876793951978,10.662938191457947,10.890018826607704,428300
2024-11-01,10.771541595458984,10.890018568587136,10.613572297954784,10.702430263193719,316000
2024-11-04,10.76166820526123,10.909765126835508,10.672811182202198,10.672811182202198,383300
2024-11-05,10.741924285888672,10.870274595796088,10.68268531917316,10.771543298460712,363800
2024-11-06,11.729232788085938,11.837836455371145,10.99862424473882,11.117101229478513,669800
2024-11-07,11.897074699401855,12.22288662313498,11.818090047682995,12.134028654558433,507700
2024-11-08,11.837835311889648,11.976058918186533,11.729231655095067,11.877327636321432,436700
2024-11-11,12.055046081542969,12.23276204934039,11.906950069426106,11.906950069426106,330700
2024-11-12,12.41047477722168,12.430221410685094,11.827962272049232,12.084662857645787,1238600
2024-11-13,12.479586601257324,12.627682580589553,12.232759341322758,12.588190256662875,743500
2024-11-14,12.26237964630127,12.68692287961051,12.222887318196088,12.548699260456685,471500
2024-11-15,12.045170783996582,12.351237018076192,11.995805140877764,12.351237018076192,810800
2024-11-18,12.104409217834473,12.183393866762325,11.966185611425088,12.064916893370546,389900
2024-11-19,12.104409217834473,12.134028225789596,11.877327645988432,12.035296943844136,265300
2024-11-20,12.035296440124512,12.143901034033288,11.788469187162743,12.094535395126686,398200
2024-11-21,12.064918518066406,12.213014519356333,11.985933858502257,12.213014519356333,301500
2024-11-22,12.2130126953125,12.31174397580763,12.045170083413542,12.114282356388642,335900
2024-11-25,12.361109733581543,12.686921644113431,12.291997459949341,12.291997459949341,426400
2024-11-26,12.489459037780762,12.588190318871007,12.242631776626428,12.351236374139953,381200
2024-11-27,12.400601387023926,12.60793631356208,12.331489117130387,12.509205037469156,364700
2024-11-29,12.607937812805176,12.637556822526635,12.430221871333734,12.440095188431336,128100
2024-12-02,12.558572769165039,12.617810791439426,12.321617855353331,12.617810791439426,392600
2024-12-03,12.331491470336914,12.598065401715113,12.301872458485361,12.598065401715113,241100
2024-12-04,12.301870346069336,12.469712953692717,12.07478878334366,12.311743662181593,315300
2024-12-05,12.035296440124512,12.31174364137299,11.936566103882551,12.31174364137299,245400
2024-12-06,11.798343658447266,12.16364791560948,11.739105639216278,12.153775540118541,224200
2024-12-09,11.827962875366211,12.045171146686533,11.7983438652316,11.7983438652316,283300
2024-12-10,11.867457389831543,12.025426715890623,11.640375777443024,11.84771075328843,361800
2024-12-11,11.867457389831543,12.025426715890623,11.857584071559987,11.877329766531645,371800
2024-12-12,11.837835311889648,11.916819960753214,11.679866014162515,11.847708628390416,363700
2024-12-13,11.630501747131348,11.837836710283336,11.620629371035651,11.788471063519264,233400
2024-12-16,11.61075496673584,11.67986630079468,11.502150365704738,11.581135016506645,308600
2024-12-17,11.57126235961914,11.669992699932164,11.531770035179674,11.551515726613765,359100
2024-12-18,11.344181060791016,11.70948530603607,11.25532309327197,11.660120605477765,687100
2024-12-19,11.423165321350098,11.6403735743577,11.24545033395413,11.472530961793364,355900
2024-12-20,11.11709976196289,11.433038346229846,11.008495167442685,11.344180384011953,1587300
2024-12-23,10.939385414123535,11.225705032772979,10.82090842794839,11.057862400298678,393000
2024-12-24,10.988750457763672,11.018369467290208,10.801161200429162,10.939384814171888,167500
2024-12-26,10.99862289428711,11.018368585200253,10.820906968212505,10.890018298765401,170100
2024-12-27,11.008515357971191,11.048078717346721,10.781025334113226,10.939279714880238,213200
2024-12-30,10.978840827941895,11.038185383230616,10.81069634918269,10.978840827941895,266700
2024-12-31,11.097532272338867,11.127204553701254,10.988732335235415,10.988732335235415,240800
2025-01-02,10.84036922454834,11.18654927479094,10.84036922454834,11.176658200609207,304000
2025-01-03,11.057968139648438,11.057968139648438,10.761242517065154,10.909604856724421,291800
2025-01-06,10.919496536254883,11.196440025828776,10.909605461525329,11.11731331452195,363400
2025-01-07,10.731571197509766,10.929387982501108,10.583207901317632,10.929387982501108,418100
2025-01-08,10.692007064819336,10.761242698727136,10.513971499610975,10.65244371069134,341600
2025-01-10,10.583208084106445,10.612880366551424,10.474409086298284,10.513972443979874,372300
2025-01-13,10.711788177490234,10.731570326015309,10.40517242146966,10.523862482825827,308300
2025-01-14,10.929388046264648,10.93927912138813,10.731571260119216,10.731571260119216,392100
2025-01-15,11.038187026977539,11.21622260588519,11.008514744914544,11.196440455666634,390500
2025-01-16,11.344803810119629,11.394258242652308,10.840370296163023,11.038187083028895,306400
2025-01-17,11.097532272338867,11.255785697291358,10.99862341011115,11.216222341053236,263100
2025-01-21,11.206331253051758,11.325021321627107,10.464517617007212,11.206331253051758,330500
2025-01-22,11.503056526184082,11.522837732011402,11.12720418281715,11.12720418281715,543900
2025-01-23,11.789892196655273,12.056944631721498,11.344804176034982,11.552512044759768,528500
2025-01-24,11.433821678161621,11.829455254597033,11.423930602934522,11.770109746499296,266600
2025-01-27,11.68109130859375,11.83934471761798,11.463492399553074,11.463492399553074,402900
2025-01-28,11.423929214477539,11.740436037157833,11.137094670607338,11.651418257462817,812200
2025-01-29,11.344803810119629,11.611856236572343,11.236003869894766,11.394258242652308,502300
2025-01-30,11.275567054748535,11.572292702139777,11.077750270909318,11.295349204764872,899800
2025-01-31,11.315131187438965,11.522839060529687,11.176659900888412,11.33491333881184,727900
2025-02-03,11.008515357971191,11.156877719813204,10.939279714880238,11.146987587417991,462800
2025-02-04,11.196439743041992,11.23600309769616,10.899715054768127,10.978841764076462,328600
2025-02-05,11.582182884216309,11.582182884216309,11.245893905983516,11.285457259701213,329800
2025-02-06,11.433821678161621,11.690983031212212,11.374476170063883,11.592075108735786,309100
2025-02-07,11.245894432067871,11.404147854341769,11.127204365362447,11.404147854341769,894400
2025-02-10,11.226113319396973,11.305240031192817,11.127204458019762,11.305240031192817,342800
2025-02-11,11.344803810119629,11.51294831477183,11.097532590721078,11.176659305467426,428900
2025-02-12,11.17665958404541,11.33491301748257,11.09753286732683,11.156877433233332,644500
2025-02-13,11.166769027709961,11.285459108304963,11.087642307313294,11.25578682397244,233400
2025-02-14,11.265676498413086,11.315129985060416,11.146986432582866,11.226113143136347,742700
2025-02-18,11.374476432800293,11.542620942485488,11.275567564774342,11.30524079114105,328100
2025-02-19,10.850260734558105,11.295348714701845,10.810697379506768,11.245894285071477,448100
2025-02-20,10.45462703704834,10.870042768359585,10.45462703704834,10.800807127562665,648700
2025-02-21,10.523862838745117,10.602989548991978,10.177682773966511,10.593098474394923,639800
2025-02-24,10.009538650512695,10.583207792734177,9.989757443848934,10.583207792734177,785200
2025-02-25,9.999646186828613,10.108446109796398,9.979864982912003,10.058991685107832,561900
2025-02-26,10.108448028564453,10.157902462640376,9.871066933653006,9.950194594133404,511900
2025-02-27,10.07877254486084,10.138118041113566,9.99964584536698,10.068882414872604,596000
2025-02-28,10.207355499267578,10.24691885611494,10.029320865086868,10.06888422193423,536600
2025-03-03,10.157901763916016,10.39528189923409,10.10844733324188,10.237028475688707,485900
2025-03-04,9.861176490783691,10.167792274518023,9.85128541562714,10.098556634951853,576000
2025-03-05,9.910630226135254,9.999647066487764,9.76226693901818,9.85128472263547,385000
2025-03-06,10.02932071685791,10.05899299823868,9.801830710899159,9.880957423424425,307400
2025-03-07,9.930411338806152,10.108446904373649,9.900739058966494,9.989756841750241,325900
2025-03-10,9.791939735412598,10.039210950380237,9.75237637874837,10.019429743680536,528100
2025-03-11,9.49521541595459,9.841394564946402,9.49521541595459,9.762267848418853,523300
2025-03-12,9.277616500854492,9.50510557571661,9.158926425717969,9.50510557571661,904100
2025-03-13,9.099579811096191,9.327069801587593,9.010562029741502,9.228160946023548,843500
2025-03-14,9.336960792541504,9.376524149758275,9.09958064924088,9.129252931337247,925400
2025-03-17,9.425978660583496,9.43586973578626,9.287507380804199,9.327070738350406,385800
2025-03-18,9.386415481567383,9.425978839866087,9.277616482062164,9.37652440617649,640300
2025-03-19,9.327070236206055,9.455651377124974,9.267724731449324,9.435869227784465,415900
2025-03-20,9.238053321838379,9.386415682823367,9.178707811485452,9.386415682823367,302300
2025-03-21,9.178706169128418,9.228160595029435,9.04023490852323,9.099579464992678,750900
2025-03-24,9.435869216918945,9.455651366236676,9.24794351472449,9.25783364611856,289700
2025-03-25,9.307018280029297,9.505250634957447,9.267371809043667,9.406133984870158,345100
2025-03-26,9.326841354370117,9.346665063148162,9.227725646219273,9.29710673644951,223500
2025-03-27,9.366487503051758,9.465604153024413,9.217813473339202,9.307018269265306,454900
2025-03-28,9.207901954650879,9.386311553000892,9.207901954650879,9.386311553000892,331900
2025-03-31,9.138521194458008,9.207902287324599,9.06913915634492,9.079051011110575,436200
2025-04-01,9.217814445495605,9.287195540645882,9.019582069890152,9.06913945485662,303800
2025-04-02,9.06913948059082,9.12860966606447,8.880818959542902,9.0096702403637,576500
2025-04-03,8.494264602661133,8.940288603585616,8.434795366035518,8.870906567193767,710800
2025-04-04,8.434794425964355,8.682585089862863,8.107710825238033,8.682585089862863,624700
2025-04-07,8.276208877563477,8.742054663423012,8.038329112485002,8.206826846177652,657300
2025-04-08,8.137446403503418,8.593381316857618,8.048241602700958,8.543822989162198,613000
2025-04-09,8.672674179077148,8.821348215477025,8.038329670261634,8.038329670261634,672900
2025-04-10,8.55373477935791,8.821348234504212,8.296032233478899,8.563646633871674,575600
2025-04-11,8.375325202941895,8.50417647624826,8.137446365413133,8.484353712410767,444400
2025-04-14,8.365413665771484,8.424883850033124,8.226651477905177,8.424883850033124,367400
2025-04-15,8.177093505859375,8.365414031297957,8.137447029701434,8.345591265842263,415200
2025-04-16,8.008594512939453,8.296031657144715,7.909478337803708,8.167180393156645,464300
2025-04-17,8.206827163696289,8.246473635202205,7.988772043036969,7.988772043036969,385000
2025-04-21,8.177093505859375,8.196917216561623,7.9392146489117295,8.137447029701434,536100
2025-04-22,8.286120414733887,8.325766887713609,8.147358231928095,8.23656303244409,808200
2025-04-23,8.24647331237793,8.60329248720924,8.177092226270243,8.414971045993514,479400
2025-04-24,8.385236740112305,8.41497135736636,8.147357911586983,8.206827146095094,342300
2025-04-25,8.07797622680664,8.26629768313019,7.978860516593728,8.26629768313019,422000
2025-04-28,7.93921422958374,8.107711980667029,7.840097571800688,8.048241796947897,494400
2025-04-29,7.770716190338135,7.919390226252915,7.6815113906906785,7.899566989956062,589600
2025-04-30,7.532836437225342,7.6418644667299045,7.1958414400834645,7.6418644667299045,1128700
2025-05-01,7.304869174957275,7.562571710497639,7.04716711204013,7.493190149554491,1044000
2025-05-02,7.731069564819336,7.760804182364831,7.374250845910831,7.374250845910831,828600
2025-05-05,7.651776313781738,7.850009149732258,7.612129841116281,7.66168816825972,734200
2025-05-06,7.532836437225342,7.602217996477919,7.423808407720778,7.542748291099941,607100
2025-05-07,7.493190288543701,7.701334502610739,7.463455670890253,7.532836760497116,754600
2025-05-08,8.286120414733887,8.296032269290437,7.582395283032187,7.800450884420663,1237400
2025-05-09,8.385236740112305,8.514088008541796,8.266297325849644,8.325766560357755,1102300
2025-05-12,8.831259727478027,8.999757466328042,8.662761988628013,8.682585696843985,1195300
2025-05-13,8.831259727478027,8.940288232172998,8.751966785107014,8.88081805277152,1011200
2025-05-14,9.039403915405273,9.049315769489017,8.791613234790283,8.870906176967365,952700
2025-05-15,9.05922794342041,9.069138852607638,8.870906490166085,8.979934998443788,655100
2025-05-16,8.979933738708496,9.059226672561639,8.950198179578818,9.02949111343196,680800
2025-05-19,8.989846229553223,8.999758084341854,8.851084043498359,8.940288846103057,490300
2025-05-20,8.900640487670898,9.019580842089812,8.87090587168937,8.930376048898827,633900
2025-05-21,8.7222318649292,8.88081774416032,8.662761687594328,8.811436658308304,897000
2025-05-22,8.73214340209961,8.79161263203196,8.662761373516712,8.692496933729254,547000
2025-05-23,8.672674179077148,8.712320651800214,8.563646615400337,8.563646615400337,740300
2025-05-27,8.970022201538086,8.97993405493035,8.682585069886972,8.751966153140094,515300
2025-05-28,8.930376052856445,9.019580846086964,8.870905875620632,8.979934376345222,561200
2025-05-29,8.940288543701172,8.970023161814808,8.79161356264005,8.96011130736144,533200
2025-05-30,8.870905876159668,9.049315462631546,8.851083113910793,8.930376053399094,706500
2025-06-02,8.55373477935791,8.890730270854082,8.51408830654933,8.870906561826555,585200
2025-06-03,8.920464515686035,8.989845603884735,8.47444147895102,8.553734421248516,660900
2025-06-04,8.73214340209961,8.930375743951386,8.71231969529125,8.89072927558103,367000
2025-06-05,8.55373477935791,8.722232525105996,8.543822924844147,8.722232525105996,356500
2025-06-06,8.583468437194824,8.761878017493311,8.494263647045582,8.682585080748732,327400
2025-06-09,8.712320327758789,8.831259741504216,8.593380914013363,8.603292768137091,321000
2025-06-10,8.910553932189941,9.029493362596382,8.68258692688924,8.771791736005712,327900
2025-06-11,8.73214340209961,8.97002221232174,8.682585080325074,8.930375743951386,463300
2025-06-12,8.78170108795166,8.86099402748536,8.593380592870723,8.642938916390886,292600
2025-06-13,8.623115539550781,8.692497573238128,8.57355721413023,8.642939247817576,353300
2025-06-16,8.880817413330078,8.910552028266633,8.58346842822544,8.732143393400943,414000
2025-06-17,8.533910751342773,8.870906230242449,8.474441516976029,8.761878670405792,465300
2025-06-18,8.642939567565918,8.742055276827402,8.494264585803982,8.504176440304073,347300
2025-06-20,8.573556900024414,8.751966486903509,8.51408766789565,8.662761693463962,760800
2025-06-23,8.722576141357422,8.74244579067535,8.51394956070432,8.563622736562111,390100
2025-06-24,8.752381324768066,8.891465091519036,8.702708144883962,8.792119679187929,381200
2025-06-25,8.603360176086426,8.792118034856475,8.543753129323093,8.752379687868611,335000
2025-06-26,8.653034210205078,8.732510912112138,8.364930928932731,8.444407630839791,303000
2025-06-27,8.603360176086426,8.722575217050018,8.563621829098562,8.64309852307429,1404500
2025-06-30,8.583492279052734,8.742445681869764,8.474211104038265,8.742445681869764,463900
2025-07-01,8.87159538269043,9.159698656445588,8.523884110341756,8.553687635920015,665900
2025-07-02,9.010679244995117,9.070287244325007,8.811987492957162,8.901399018233493,370000
2025-07-03,9.070286750793457,9.080221574714034,8.941136882136824,9.06035192687288,242500
2025-07-07,8.92126750946045,9.11996020425258,8.84179081051839,9.050417382100541,512700
2025-07-08,9.189501762390137,9.199436586274887,8.911333325675809,8.951071673777856,471700
2025-07-09,9.278914451599121,9.298783154435075,9.110026214026686,9.169633269971621,434900
2025-07-10,9.408063888549805,9.596820819979605,9.24911048367481,9.259044360901727,446300
2025-07-11,9.159699440002441,9.338521556206143,9.14976461481416,9.2789144999506,482700
2025-07-14,8.99081039428711,9.139828968983027,8.951072044539066,9.1199602678275,417800
2025-07-15,8.732511520385742,9.040484472305591,8.702707991953849,8.99081129329438,822000
2025-07-16,8.603360176086426,8.9709401225834,8.553687005492364,8.84179025801361,767800
2025-07-17,8.533819198608398,8.752380603628142,8.523884373962723,8.60336107625408,441900
2025-07-18,8.275520324707031,8.732511885321314,8.196043613942559,8.732511885321314,614800
2025-07-21,8.404668807983398,8.464276804785351,8.28545376181646,8.28545376181646,463100
2025-07-22,8.613296508789062,8.732511570639783,8.424538616947604,8.424538616947604,766300
2025-07-23,8.613296508789062,8.732511570639783,8.504016272285176,8.692773216689542,615100
2025-07-24,8.2357816696167,8.643100034321193,8.215912966367185,8.623231331071679,547500
2025-07-25,8.305323600769043,8.424538663275344,8.176173712861276,8.325193251571974,674600
2025-07-28,8.335126876831055,8.484145446648053,8.156303835101086,8.275518880442078,684800
2025-07-29,8.066892623901367,8.345061073708449,7.977481099604127,8.335127196793087,861000
2025-07-30,7.788724422454834,8.106631232371512,7.649639719397774,8.086762530470233,838900
2025-07-31,7.768855094909668,7.818527796128508,7.66950874503498,7.67944356950985,742600
2025-08-01,7.480751991271973,7.818527978062928,7.401274814779115,7.739051275288586,904100
2025-08-04,7.649640083312988,7.709248086726602,7.4906866707927815,7.550294200487859,538900
2025-08-05,7.848332405090332,7.868201581863986,7.639705812107685,7.649640163635242,503700
2025-08-06,7.8781352043151855,7.888070028641873,7.699312629901298,7.768854979032614,593200
2025-08-07,7.709247589111328,8.017219569131035,7.699312764610819,7.9576125170020005,490000
2025-08-08,7.619836330413818,7.828462915047932,7.609901505565279,7.748986211133702,519400
2025-08-11,7.590032577514648,7.699313285825622,7.301929279555431,7.669509284024979,608700
2025-08-12,8.096695899963379,8.096695899963379,7.6496392396934505,7.6496392396934505,576800
2025-08-13,8.374865531921387,8.404669057488642,7.997350734133836,8.106630959505102,750000
2025-08-14,8.255650520324707,8.315257571734373,8.146369347011985,8.225846047182873,802800
2025-08-15,8.2357816696167,8.335128028175543,8.146370136401158,8.315258377488938,1302200
2025-08-18,7.86820125579834,8.28545442447227,7.848332079848083,8.255650897406145,802100
2025-08-19,8.374865531921387,8.563622457096665,8.116565783839853,8.176172834974363,1065800
2025-08-20,8.056957244873047,8.454341664676777,8.047023368641575,8.35499532286661,640900
2025-08-21,8.156304359436035,8.245715886048915,7.947677779818323,7.977481306210276,698200
2025-08-22,8.702707290649414,8.752380465657732,8.18610778646212,8.196042610951185,619700
2025-08-25,8.543754577636719,8.692773167243196,8.513950101765754,8.653034813518996,725600
2025-08-26,8.533819198608398,8.623230725545431,8.454342496317041,8.523884373962723,694100
2025-08-27,8.504015922546387,8.672903209311377,8.424538270477438,8.494081097608136,412800
2025-08-28,8.523883819580078,8.58349181614028,8.295388552212728,8.51394899558055,886000
2025-08-29,8.533819198608398,8.60336107625408,8.49408084746272,8.553687900462725,355400
2025-09-02,8.315258026123047,8.504015909921362,8.295389323713097,8.374866028227002,681100
2025-09-03,8.374865531921387,8.414603881823393,8.186107659309114,8.265584359113126,582100
2025-09-04,8.523883819580078,8.533818643579606,8.245715379652054,8.39473394989711,491700
2025-09-05,8.553688049316406,8.752380755939528,8.51394969747919,8.543754171934882,641600
2025-09-08,8.57355785369873,8.653034558807647,8.444407971037474,8.58349267869661,687600
2025-09-09,8.633164405822754,8.643099230241805,8.47421100486593,8.53381900394324,569900
2025-09-10,8.414604187011719,8.613295943728074,8.285454308286829,8.553687942994653,810600
2025-09-11,8.613296508789062,8.653034862739302,8.345061909047123,8.374866385087623,421100
2025-09-12,8.414604187011719,8.653034295071347,8.404669362316643,8.62323076842315,423900
2025-09-15,8.44440746307373,8.504015462038296,8.3251924125816,8.454342287473992,382400
2025-09-16,8.56362247467041,8.573557299025548,8.394734250381056,8.444407424719747,435900
2025-09-17,8.345062255859375,8.732511933554045,8.295390021935066,8.56362368538743,899800
2025-09-18,8.44440746307373,8.583492162366383,8.354995938345382,8.414603937309948,707300
2025-09-19,8.32519245147705,8.47421102842918,8.28545410112735,8.464277151419509,2144900
2025-09-22,8.364931106567383,8.404669458364781,8.235781226366575,8.325192754769983,859800
2025-09-23,8.45455551147461,8.564096888575364,8.345015084066748,8.364931093735045,760700
2025-09-24,8.484430313110352,8.703511151467284,8.39480590210396,8.454554876313006,408400
2025-09-25,8.464513778686523,8.534221235315165,8.315140385998616,8.434639290087516,415800
2025-09-26,8.524263381958008,8.59397083594024,8.43463896987066,8.514304902905451,448600
2025-09-29,8.444597244262695,8.574054634288935,8.43463971402446,8.554138624119545,477000
2025-09-30,8.345014572143555,8.484430430040764,8.235474151455428,8.464513471901375,576600
2025-10-01,8.295223236083984,8.354973161598725,8.125932888433875,8.245431789770509,623700
2025-10-02,8.305181503295898,8.424680401582329,8.225515571104946,8.295223024348823,503400
2025-10-03,8.69355297088623,8.733386887983071,8.335056264250346,8.335056264250346,673500
2025-10-06,8.633804321289062,8.803094676584369,8.62384584163807,8.62384584163807,599800
2025-10-07,8.374889373779297,8.64376262058873,8.32509792625612,8.6138871822591,407400
2025-10-08,8.753303527832031,8.763262007824112,8.31514085480264,8.404764325652597,905500
2025-10-09,8.364931106567383,8.832969205651505,8.354973576564406,8.832969205651505,479400
2025-10-10,7.91680908203125,8.384847128803823,7.847101631336982,8.364930171638154,686600
2025-10-13,7.91680908203125,8.04626645452974,7.857059635073423,8.036307975946904,492600
2025-10-14,8.026350975036621,8.046266983819594,7.807269180266817,7.837143668287702,461700
2025-10-15,8.026350975036621,8.165765885595981,7.966601049302001,8.076141471840478,368300
2025-10-16,8.404764175415039,8.41472265522911,8.086100418908051,8.15580787822073,1065400
2025-10-17,8.175724029541016,8.524263191031254,8.165765550711509,8.394805815326103,447200
2025-10-20,8.28526496887207,8.524263727353281,8.18568302339003,8.225515991521421,324800
2025-10-21,8.45455551147461,8.53422144953358,8.235474656658887,8.285265155676074,436000
2025-10-22,8.33505630493164,8.534221142923649,8.305181816656054,8.454555207726846,417200
2025-10-23,8.036308288574219,8.31514000158394,7.906851385886009,8.265348556425574,708700
2025-10-24,8.016392707824707,8.11597465375912,7.966601260011062,8.086100164948084,447400
2025-10-27,8.016392707824707,8.106017123950691,7.996475748822099,8.02635118732601,432300
2025-10-28,7.94668436050415,8.106016700272098,7.936725881523348,8.026350767811332,476500
2025-10-29,7.687769889831543,8.036308594676685,7.628020438273498,7.896893207707914,620300
2025-10-30,7.528438091278076,7.727603406563177,7.448772155102611,7.667853479585142,789800
2025-10-31,7.7674360275268555,7.807268993834467,7.418896860065634,7.528437754834773,636400
2025-11-03,7.677811622619629,7.74751955114206,7.5682707277547845,7.677811622619629,729700
2025-11-04,7.5782294273376465,7.717644813593957,7.4388135662349075,7.618062394839449,572300
2025-11-05,7.687769889831543,7.7674363000887,7.548354502862772,7.637978917623054,570100
2025-11-06,7.5782294273376465,7.767436260394424,7.558312943586745,7.677811846092154,449200
2025-11-07,7.598145484924316,7.657894932825799,7.52843755828272,7.578229002290489,403600
2025-11-10,7.657895088195801,7.717644537309531,7.568270677102,7.657895088195801,428200
2025-11-11,7.667853355407715,7.687769839129043,7.548354453079747,7.687769839129043,362900
2025-11-12,7.707686424255371,7.827185803001942,7.687769940272015,7.727603383085161,558100
2025-11-13,7.568271160125732,7.727603509444366,7.478647218158346,7.647937097361829,572900
2025-11-14,7.48860502243042,7.548354473758085,7.408939087326868,7.48860502243042,553300
2025-11-17,7.389022350311279,7.538396210934252,7.379063871341422,7.478646761654345,550200
2025-11-18,7.249607086181641,7.359147507547357,7.249607086181641,7.359147507547357,565300
2025-11-19,7.060400485992432,7.259565326633309,7.040484001928344,7.259565326633309,439500
2025-11-20,7.050441741943359,7.150024158526601,6.970775808676766,7.070358225260008,598200
2025-11-21,7.428855895996094,7.438813900896326,7.0703586975051715,7.080317177251854,525100
2025-11-24,7.528438091278076,7.538396570723227,7.349189734883278,7.428855671058744,795600
2025-11-25,7.757477283477783,7.837143213371068,7.538395976271249,7.578228941217892,484500
2025-11-26,7.867018699645996,7.96660111865996,7.697728349899044,7.717644833701836,743000
2025-11-28,7.82718563079834,7.906851564979058,7.777394184512179,7.906851564979058,163200
2025-12-01,7.986517906188965,8.115974335863722,7.757477635094651,7.79731060184677,449800
2025-12-02,8.295223236083984,8.34501468239746,7.867018602204501,7.946684536428924,711800
2025-12-03,8.783177375793457,8.90267627788059,8.295223288181122,8.295223288181122,869300
2025-12-04,8.96242618560791,9.062009078658473,8.773219828443265,8.78317735799404,853600
2025-12-05,9.032134056091309,9.101842464308003,8.94250963816477,8.96242659756751,428400
2025-12-08,9.081925392150879,9.271132705356269,8.972384965874468,8.972384965874468,611400
2025-12-09,8.932551383972168,9.091883247505075,8.832968494417692,9.012217315738623,804700
2025-12-10,9.221341133117676,9.261174101199902,8.922593397654543,8.94250940684922,932800
2025-12-11,9.340840339660645,9.559922146049438,9.231299911312698,9.261174400917975,658900
2025-12-12,9.440421104431152,9.460338061465722,9.320922211302088,9.360755175678444,632700
2025-12-15,9.430463790893555,9.480255234923876,9.330880902832911,9.450379798690001,682000
2025-12-16,9.340840339660645,9.480256207306768,9.261174400917975,9.46033924777465,653200
2025-12-17,9.18150806427002,9.370714423160871,9.171549584935537,9.301006967205218,745000
2025-12-18,9.191465377807617,9.35079819433461,9.052050469174151,9.2412568236165,806000
2025-12-19,8.942508697509766,9.111799035853963,8.882759724972281,9.111799035853963,1097200
2025-12-22,9.052050590515137,9.101842036991464,8.962426176796317,8.962426176796317,488100
2025-12-23,9.171548843383789,9.261173250761958,9.032132993051885,9.052049950110492,438900
2025-12-24,9.18150806427002,9.271132478894634,9.111799658621507,9.13171661729047,320500
2025-12-26,9.181507110595703,9.211446541824122,9.031809002696248,9.091687865153085,391200
2025-12-29,9.211446762084961,9.25136727368723,9.08170890640711,9.141587770295752,461800
2025-12-30,9.171526908874512,9.331206094903857,9.11164804690119,9.121628174482527,509800
2025-12-31,9.011849403381348,9.171527650566356,9.001870226750356,9.151568345546943,372200
2026-01-02,9.131608009338379,9.1615483942432,8.892090640644321,9.01184932499135,702700
2026-01-05,9.820220947265625,10.059738299209334,9.600662898771882,9.630602329825507,797200
2026-01-06,10.379095077514648,10.448955021063055,9.929999791308632,9.969919351154559,1147600
2026-01-07,10.219416618347168,10.488874355330116,10.209436490660979,10.409035237355324,655700
2026-01-08,10.409035682678223,10.468914547842395,10.029799380194657,10.109638501585156,498400
2026-01-09,10.45893383026123,10.518813643807965,10.289276420686406,10.428994399366537,348200
2026-01-12,10.399055480957031,10.468914473739881,10.319216360131662,10.448955169412237,426200
2026-01-13,10.329195976257324,10.48887420999438,10.249356859388795,10.468913954898575,435200
2026-01-14,10.38907527923584,10.518814087596315,10.159538046430114,10.28927685479059,502700
2026-01-15,10.648552894592285,10.678492326746285,10.359135845750586,10.409035533845511,601400
2026-01-16,10.369115829467773,10.668512050357402,10.34915557380453,10.558733499481695,429300
2026-01-20,10.159538269042969,10.349155945873964,10.059738890653556,10.089678323467416,459000
2026-01-21,10.518814086914062,10.618613463110227,10.219416910082954,10.219416910082954,430400
2026-01-22,10.688472747802734,10.888070553898169,10.558733935901348,10.578694192389598,432500
2026-01-23,10.54875373840332,10.788272055902787,10.488874872846509,10.768311799545579,414700
2026-01-26,10.329195976257324,10.528793768428644,10.299255593613616,10.528793768428644,338700
2026-01-27,10.309236526489258,10.458934644372395,10.279297093264114,10.369116344696966,406700
2026-01-28,10.029799461364746,10.488874888954058,10.019819333170815,10.339175821317324,406700
2026-01-29,10.329195976257324,10.33917515204788,10.099657801442294,10.1196180565381,485700
2026-01-30,10.069718360900879,10.199457163627178,9.820220882986614,10.049758105824212,490700
2026-02-02,10.74835205078125,10.77829148232244,9.910040353568997,10.079698718564684,720800
2026-02-03,11.05772876739502,11.486864758123481,10.4788946621953,10.4788946621953,1621800
2026-02-04,11.75632095336914,11.836160070572262,11.167506750178108,11.167506750178108,1132400
2026-02-05,11.446945190429688,11.796241107899935,10.738372275637882,11.636562865426976,1021300
2026-02-06,11.446945190429688,11.646542993520887,11.19744769862634,11.327186508574968,616100
2026-02-09,11.57668399810791,11.816201361770375,11.367106066963904,11.45692436451928,681500
2026-02-10,11.776281356811523,11.81620091591567,11.357125510339305,11.566703433575414,530300
2026-02-11,11.79624080657959,12.105618107286338,11.73636194306046,11.776281502659005,390200
2026-02-12,11.117608070373535,12.015798619200826,10.70843140300025,11.935959501605394,759400
2026-02-13,11.257326126098633,11.397045058710246,10.97788921263277,11.057728330765872,414700
2026-02-17,11.556723594665527,11.68646240293555,11.31720623405505,11.337165538227229,566100
2026-02-18,11.63656234741211,11.836160141617984,11.556723229729759,11.576683485029026,582000
2026-02-19,11.466904640197754,11.626582884694558,11.377085389728947,11.576684147107366,500400
2026-02-20,11.73636245727539,11.84614101304186,11.337165892042245,11.37708545338982,1092300
2026-02-23,10.937970161437988,11.666502386169105,10.927990033268612,11.666502386169105,703300
2026-02-24,10.828191757202148,11.127587992381443,10.748352634253347,10.957929618175886,390000
2026-02-25,10.648552894592285,10.937969943433986,10.56871377434336,10.937969943433986,392200
2026-02-26,11.067708969116211,11.187467651841319,10.738372353682813,10.738372353682813,665400
2026-02-27,11.007828712463379,11.027788967999491,10.85813060297201,10.878089906750754,618300
2026-03-02,11.087668418884277,11.127587980315392,10.688472804573134,10.89805074002584,667500
2026-03-03,10.987869262695312,11.06770838026425,10.638572409513193,10.828191027557438,402300
2026-03-04,11.237366676330566,11.516803586163062,11.087667617959433,11.137567304083143,408200
2026-03-05,10.7882719039917,11.207426812259424,10.718411959482584,11.107628387150879,331800
2026-03-06,10.129597663879395,10.718411889688024,10.079698927528742,10.419014712797166,565100
2026-03-09,9.92002010345459,9.949960488485209,9.530804615630762,9.93998036014167,585100
2026-03-10,10.009839057922363,10.289276932702746,9.800261127715773,9.910040632721422,353300
2026-03-11,9.72042179107666,10.129597514359583,9.550763425068027,9.929999716631007,354300
2026-03-12,9.480904579162598,9.750362324045502,9.421024763047267,9.580703955435686,545900
2026-03-13,9.510844230651855,9.660543298513394,9.331206681678385,9.580704176356871,437200
2026-03-16,9.510844230651855,9.710442036043164,9.480904797782513,9.650563170304476,339700
2026-03-17,9.530804634094238,9.760341875895788,9.421025125617476,9.660543447539325,424900
2026-03-18,9.490884780883789,9.600663334231234,9.421024836246874,9.470924524771128,338200
2026-03-19,9.56074333190918,9.640582449155229,9.361145538794059,9.371125666389153,367500
2026-03-20,9.630602836608887,9.640582964737723,9.421024904690354,9.600663403979784,761000
2026-03-23,9.930000305175781,10.279297185721422,9.910041000098635,9.93998043359307,495300
2026-03-24,10.1899995803833,10.289999961853027,9.819999694824219,9.819999694824219,405100
2026-03-25,10.380000114440918,10.460000038146973,10.149999618530273,10.319999694824219,241400
2026-03-26,10.350000381469727,10.449999809265137,10.270000457763672,10.279999732971191,315900
2026-03-27,10.220000267028809,10.350000381469727,10.119999885559082,10.220000267028809,318000
2026-03-30,10.149999618530273,10.359999656677246,10.010000228881836,10.229999542236328,281200
2026-03-31,10.399999618530273,10.680000305175781,10.180000305175781,10.34000015258789,387700
2026-04-01,10.510000228881836,10.75,10.40999984741211,10.449999809265137,285500
2026-04-02,10.640000343322754,10.670000076293945,10.3100004196167,10.34000015258789,264400
2026-04-06,10.680000305175781,10.699999809265137,10.5,10.569999694824219,230800
2026-04-07,10.739999771118164,10.930000305175781,10.65999984741211,10.670000076293945,277000
2026-04-08,,,,,432018
