Date,close,high,low,open,volume
2022-06-03,22118.400390625,30240.0,19180.80078125,30240.0,192
2022-06-06,23760.0,24192.0,20822.400390625,24192.0,74
2022-06-07,23846.400390625,24451.19921875,21513.599609375,23414.400390625,30
2022-06-08,25488.0,25488.0,23500.80078125,24710.400390625,20
2022-06-09,24192.0,24969.599609375,24192.0,24883.19921875,4
2022-06-10,23500.80078125,24883.19921875,22809.599609375,24883.19921875,6
2022-06-13,20995.19921875,21945.599609375,19958.400390625,21859.19921875,33
2022-06-14,21340.80078125,21513.599609375,18144.0,19958.400390625,3
2022-06-15,21340.80078125,21427.19921875,19180.80078125,19440.0,4
2022-06-16,20217.599609375,20736.0,17452.80078125,20736.0,12
2022-06-17,20736.0,21772.80078125,19267.19921875,19267.19921875,1
2022-06-21,21513.599609375,22291.19921875,20736.0,21081.599609375,2
2022-06-22,20822.400390625,21600.0,20736.0,21168.0,1
2022-06-23,21859.19921875,22464.0,19872.0,20736.0,10
2022-06-24,21513.599609375,22982.400390625,19958.400390625,22982.400390625,4
2022-06-27,20666.880859375,21340.80078125,19802.880859375,21340.80078125,1
2022-06-28,19180.80078125,21600.0,17971.19921875,20312.640625,2
2022-06-29,20736.0,20995.19921875,19180.80078125,19612.80078125,2
2022-06-30,19915.19921875,20822.400390625,19915.19921875,20822.400390625,1
2022-07-01,19915.19921875,20736.0,19872.0,20476.80078125,1
2022-07-05,18921.599609375,20304.0,18403.19921875,19699.19921875,1
2022-07-06,17107.19921875,19958.400390625,15638.400390625,19440.0,14
2022-07-07,17107.19921875,17971.19921875,17107.19921875,17280.0,3
2022-07-08,18921.599609375,19094.400390625,15984.0,16848.0,2
2022-07-11,19699.19921875,23155.19921875,16502.400390625,17789.759765625,6
2022-07-12,21600.0,33436.80078125,18688.3203125,20304.0,542
2022-07-13,24969.599609375,27216.0,21712.3203125,22118.400390625,192
2022-07-14,24796.80078125,36028.80078125,24537.599609375,25833.599609375,1812
2022-07-15,22896.0,24364.80078125,19008.0,23328.0,87
2022-07-18,23414.400390625,25401.599609375,21686.400390625,25056.0,91
2022-07-19,20563.19921875,22723.19921875,20131.19921875,22723.19921875,33
2022-07-20,20736.0,21427.19921875,18800.640625,20226.240234375,28
2022-07-21,20304.0,20649.599609375,19094.400390625,20304.0,21
2022-07-22,22118.400390625,24019.19921875,19612.80078125,20217.599609375,75
2022-07-25,20649.599609375,22464.0,20044.80078125,20995.19921875,22
2022-07-26,21686.400390625,23086.080078125,19699.19921875,20304.0,26
2022-07-27,22464.0,23587.19921875,20995.19921875,21686.400390625,18
2022-07-28,23760.0,25488.0,21254.400390625,21254.400390625,44
2022-07-29,23155.19921875,25488.0,21859.19921875,23414.400390625,67
2022-08-01,25747.19921875,29203.19921875,21945.599609375,22032.0,219
2022-08-02,24105.599609375,27302.400390625,23414.400390625,25315.19921875,80
2022-08-03,25228.80078125,27293.759765625,22636.80078125,24710.400390625,70
2022-08-04,21686.400390625,26179.19921875,21168.0,25401.599609375,32
2022-08-05,20736.0,22809.599609375,19699.19921875,21168.0,37
2022-08-08,21686.400390625,22464.0,20736.0,20736.0,28
2022-08-09,22204.80078125,22204.80078125,20044.80078125,21686.400390625,22
2022-08-10,22118.400390625,22464.0,20908.80078125,21859.19921875,16
2022-08-11,20822.400390625,22032.0,20390.400390625,21254.400390625,16
2022-08-12,20736.0,23103.359375,19958.400390625,21254.400390625,45
2022-08-15,19915.19921875,20995.19921875,19353.599609375,20736.0,8
2022-08-16,20649.599609375,21168.0,19699.19921875,21168.0,12
2022-08-17,20373.119140625,21081.599609375,19872.0,20649.599609375,7
2022-08-18,22550.400390625,25056.0,18230.400390625,19872.0,92
2022-08-19,24019.19921875,29808.0,21435.83984375,25056.0,209
2022-08-22,25574.400390625,41299.19921875,25056.0,40435.19921875,3888
2022-08-23,22032.0,23768.640625,20736.0,23500.80078125,155
2022-08-24,22809.599609375,23068.80078125,20304.0,21427.19921875,63
2022-08-25,20476.80078125,22896.0,20304.0,22809.599609375,40
2022-08-26,20304.0,21340.80078125,19958.400390625,20390.400390625,21
2022-08-29,20131.19921875,21254.400390625,18316.80078125,20822.400390625,27
2022-08-30,20131.19921875,20304.0,19008.0,19872.0,37
2022-08-31,20520.0,21021.119140625,19526.400390625,20304.0,23
2022-09-01,20304.0,20736.0,19267.19921875,19267.19921875,13
2022-09-02,19353.599609375,20122.560546875,18662.400390625,19958.400390625,11
2022-09-06,19180.80078125,19526.400390625,18835.19921875,19267.19921875,6
2022-09-07,18316.80078125,19353.599609375,17280.0,18748.80078125,10
2022-09-08,18230.400390625,18662.400390625,17625.599609375,17884.80078125,4
2022-09-09,18489.599609375,19008.0,17832.9609375,17832.9609375,8
2022-09-12,17712.0,18144.0,16848.0,17280.0,14
2022-09-13,17539.19921875,17625.599609375,16243.2001953125,16243.2001953125,9
2022-09-14,16502.400390625,16934.400390625,16338.240234375,16761.599609375,8
2022-09-15,17280.0,18057.599609375,16848.0,17668.80078125,9
2022-09-16,16848.0,16934.400390625,15724.7998046875,16502.400390625,18
2022-09-19,16588.80078125,16848.0,16243.2001953125,16502.400390625,3
2022-09-20,20304.0,20908.80078125,16588.80078125,17539.19921875,162
2022-09-21,17107.19921875,19440.0,16588.80078125,18748.80078125,66
2022-09-22,15379.2001953125,17064.0,14688.0,16416.0,21
2022-09-23,15552.0,15638.400390625,14342.400390625,15431.0400390625,8
2022-09-26,14515.2001953125,15552.0,13132.7998046875,13132.7998046875,2
2022-09-27,14083.2001953125,15379.2001953125,13452.48046875,15379.2001953125,8
2022-09-28,13824.0,14256.0,13262.400390625,13910.400390625,16
2022-09-29,13089.599609375,13824.0,12960.0,13737.599609375,7
2022-09-30,13046.400390625,14428.7998046875,12528.0,12528.0,6
2022-10-03,13219.2001953125,13651.2001953125,12355.2001953125,13392.0,14
2022-10-04,12960.0,14688.0,12528.0,12528.0,8
2022-10-05,12873.599609375,13219.2001953125,12450.240234375,12787.2001953125,1
2022-10-06,13824.0,13824.0,12484.7998046875,12787.2001953125,2
2022-10-07,12960.0,13737.599609375,12873.599609375,13063.6796875,3
2022-10-10,12355.2001953125,13590.7197265625,12182.400390625,13590.7197265625,6
2022-10-11,11491.2001953125,12355.2001953125,11318.400390625,12355.2001953125,4
2022-10-12,12113.2802734375,12614.400390625,11733.1201171875,12268.7998046875,3
2022-10-13,12096.0,12182.400390625,11059.2001953125,12182.400390625,2
2022-10-14,11750.400390625,11880.0,11551.6796875,11551.6796875,0
2022-10-17,11836.7998046875,12467.51953125,11750.400390625,12268.7998046875,1
2022-10-18,12441.599609375,12873.599609375,12182.400390625,12441.599609375,5
2022-10-19,14428.7998046875,15984.0,12960.0,13737.599609375,174
2022-10-20,12960.0,14169.599609375,11836.7998046875,13824.0,20
2022-10-21,13478.400390625,13824.0,11862.7197265625,12355.2001953125,6
2022-10-24,13824.0,15120.0,12182.400390625,13046.400390625,9
2022-10-25,14083.2001953125,14169.599609375,13478.400390625,13737.599609375,1
2022-10-26,13564.7998046875,13996.7998046875,13132.7998046875,13824.0,2
2022-10-27,13737.599609375,13867.2001953125,13305.599609375,13478.400390625,1
2022-10-28,13824.0,14256.0,13305.599609375,13694.400390625,1
2022-10-31,14688.0,14688.0,12960.0,13824.0,3
2022-11-01,13910.400390625,14601.599609375,13824.0,14273.2802734375,0
2022-11-02,12960.0,13910.400390625,12960.0,13046.400390625,2
2022-11-03,13564.7998046875,13910.400390625,12182.400390625,12182.400390625,1
2022-11-04,13737.599609375,13824.0,12355.2001953125,12873.599609375,2
2022-11-07,12960.0,13262.400390625,12873.599609375,13132.7998046875,1
2022-11-08,13046.400390625,13219.2001953125,12787.2001953125,12821.759765625,1
2022-11-09,11404.7998046875,12960.0,11404.7998046875,11836.7998046875,5
2022-11-10,12873.599609375,13478.400390625,11836.7998046875,12268.7998046875,1
2022-11-11,12873.599609375,13132.7998046875,12398.400390625,12528.0,1
2022-11-14,11923.2001953125,12441.599609375,11404.7998046875,11404.7998046875,1
2022-11-15,12009.599609375,12096.0,11923.2001953125,12096.0,1
2022-11-16,11577.599609375,11750.400390625,11491.2001953125,11577.599609375,1
2022-11-17,11318.400390625,11914.5595703125,10454.400390625,11404.7998046875,3
2022-11-18,11232.0,12182.400390625,10454.400390625,11232.0,1
2022-11-21,12355.2001953125,12960.0,11767.6796875,12700.7998046875,8
2022-11-22,11361.599609375,12355.2001953125,11059.2001953125,12268.7998046875,5
2022-11-23,11793.599609375,11793.599609375,10800.0,11232.0,2
2022-11-25,10972.7998046875,12096.0,10800.0,12096.0,2
2022-11-28,11318.400390625,11836.7998046875,10454.400390625,11404.7998046875,2
2022-11-29,11404.7998046875,11439.3603515625,11318.400390625,11318.400390625,0
2022-11-30,11232.0,11836.7998046875,10972.7998046875,11059.2001953125,1
2022-12-01,11396.16015625,12009.599609375,11232.0,11404.7998046875,1
2022-12-02,11404.7998046875,11664.0,10972.7998046875,11318.400390625,1
2022-12-05,11059.2001953125,11664.0,10454.400390625,11318.400390625,1
2022-12-06,11145.599609375,11923.2001953125,10454.400390625,11232.0,3
2022-12-07,11232.0,11664.0,10800.0,11664.0,0
2022-12-08,10713.599609375,11232.0,10540.7998046875,10627.2001953125,0
2022-12-09,10108.7998046875,11145.599609375,9936.0,10800.0,3
2022-12-12,11318.400390625,12009.599609375,10195.2001953125,11577.599609375,11
2022-12-13,11750.400390625,12873.599609375,11404.7998046875,11430.7197265625,3
2022-12-14,11750.400390625,11750.400390625,10800.0,10800.0,2
2022-12-15,11318.400390625,11923.2001953125,11059.2001953125,11059.2001953125,1
2022-12-16,11059.2001953125,11448.0,10368.0,10972.7998046875,0
2022-12-19,10065.599609375,10972.7998046875,10065.599609375,10713.599609375,0
2022-12-20,10368.0,10627.2001953125,10039.6796875,10195.2001953125,1
2022-12-21,10281.599609375,10281.599609375,10108.7998046875,10195.2001953125,1
2022-12-22,10843.2001953125,11145.599609375,9590.400390625,9936.0,2
2022-12-23,10627.2001953125,10800.0,10281.599609375,10368.0,2
2022-12-27,10195.2001953125,10368.0,9590.400390625,9590.400390625,2
2022-12-28,10972.7998046875,10972.7998046875,9504.0,9504.0,3
2022-12-29,10195.2001953125,10454.400390625,9849.599609375,10022.400390625,1
2022-12-30,11232.0,11404.7998046875,9936.0,11232.0,6
2023-01-03,10800.0,11232.0,10368.0,10800.0,3
2023-01-04,10886.400390625,10972.7998046875,10368.0,10800.0,0
2023-01-05,10756.7998046875,11404.7998046875,10756.7998046875,10886.400390625,1
2023-01-06,11232.0,11232.0,10800.0,11232.0,0
2023-01-09,12096.0,12355.2001953125,10800.0,10886.400390625,4
2023-01-10,12096.0,12096.0,12009.599609375,12070.080078125,1
2023-01-11,12614.400390625,14256.0,12441.599609375,12614.400390625,2
2023-01-12,13219.2001953125,13824.0,12096.0,12096.0,1
2023-01-13,12614.400390625,13046.400390625,12182.400390625,12182.400390625,2
2023-01-17,14480.6396484375,14929.919921875,12787.2001953125,13305.599609375,49
2023-01-18,13910.400390625,14299.2001953125,13556.16015625,14238.7197265625,2
2023-01-19,13219.2001953125,13737.599609375,13176.0,13651.2001953125,2
2023-01-20,13132.7998046875,13919.0400390625,12960.0,13737.599609375,1
2023-01-23,12960.0,13305.599609375,12960.0,13219.2001953125,1
2023-01-24,13132.7998046875,13132.7998046875,12182.400390625,12787.2001953125,2
2023-01-25,13089.599609375,13737.599609375,11404.7998046875,13737.599609375,1
2023-01-26,13132.7998046875,13132.7998046875,12096.0,12096.0,1
2023-01-27,12355.2001953125,13132.7998046875,12329.2802734375,13132.7998046875,1
2023-01-30,12225.599609375,12692.16015625,11923.2001953125,12337.919921875,1
2023-01-31,12960.0,13392.0,11923.2001953125,11923.2001953125,2
2023-02-01,13305.599609375,13392.0,12009.599609375,12700.7998046875,3
2023-02-02,13737.599609375,13996.7998046875,12355.2001953125,12355.2001953125,5
2023-02-03,13392.0,13824.0,12787.2001953125,13737.599609375,2
2023-02-06,14256.0,15984.0,12476.16015625,12476.16015625,24
2023-02-07,13651.2001953125,14601.599609375,12960.0,14256.0,9
2023-02-08,13392.0,14817.599609375,12873.599609375,13046.400390625,2
2023-02-09,12960.0,13703.0400390625,12614.400390625,13219.2001953125,2
2023-02-10,11923.2001953125,13633.919921875,11664.0,12614.400390625,5
2023-02-13,12528.0,13305.599609375,11923.2001953125,12225.599609375,3
2023-02-14,12960.0,12960.0,11888.6396484375,12528.0,1
2023-02-15,13392.0,13392.0,12182.400390625,12700.7998046875,0
2023-02-16,13392.0,13478.400390625,12355.2001953125,12787.2001953125,0
2023-02-17,13132.7998046875,13305.599609375,12700.7998046875,13305.599609375,0
2023-02-21,12355.2001953125,12700.7998046875,12096.0,12528.0,1
2023-02-22,12571.2001953125,12873.599609375,12087.3603515625,12096.0,1
2023-02-23,12484.7998046875,13651.2001953125,11836.7998046875,12441.599609375,2
2023-02-24,12096.0,12700.7998046875,11750.400390625,12441.599609375,2
2023-02-27,12234.240234375,12312.0,11404.7998046875,11404.7998046875,1
2023-02-28,13392.0,13392.0,12182.400390625,12182.400390625,0
2023-03-01,12173.759765625,12960.0,11845.4404296875,12268.7998046875,1
2023-03-02,13245.1201171875,13245.1201171875,11767.6796875,11767.6796875,2
2023-03-03,13132.7998046875,13219.2001953125,12009.599609375,12960.0,2
2023-03-06,12528.0,12528.0,12096.0,12398.400390625,1
2023-03-07,12096.0,12614.400390625,11923.2001953125,12009.599609375,2
2023-03-08,13478.400390625,19180.80078125,11404.7998046875,17798.400390625,2178
2023-03-09,12320.6396484375,14256.0,11750.400390625,13824.0,82
2023-03-10,13046.400390625,13996.7998046875,11836.7998046875,12528.0,30
2023-03-13,12009.599609375,13046.400390625,11923.2001953125,13046.400390625,9
2023-03-14,12096.0,12960.0,11404.7998046875,12960.0,3
2023-03-15,10497.599609375,11664.0,8726.400390625,11404.7998046875,23
2023-03-16,9936.0,10938.240234375,8726.400390625,10022.400390625,6
2023-03-17,10281.599609375,10368.0,9970.5595703125,10022.400390625,1
2023-03-20,9979.2001953125,10972.7998046875,9676.7998046875,10972.7998046875,4
2023-03-21,10022.400390625,10627.2001953125,9763.2001953125,9849.599609375,3
2023-03-22,10238.400390625,10238.400390625,9936.0,9936.0,0
2023-03-23,10281.599609375,10825.919921875,10281.599609375,10713.599609375,1
2023-03-24,10022.400390625,10713.599609375,9504.0,10713.599609375,1
2023-03-27,9763.2001953125,11059.2001953125,8812.7998046875,11059.2001953125,4
2023-03-28,9936.0,10108.7998046875,9763.2001953125,9849.599609375,2
2023-03-29,9504.0,10368.0,9244.7998046875,10368.0,6
2023-03-30,9763.2001953125,10368.0,9504.0,9504.0,3
2023-03-31,10022.400390625,10195.2001953125,8899.2001953125,9590.400390625,5
2023-04-03,9676.7998046875,10022.400390625,8985.599609375,10022.400390625,2
2023-04-04,9201.599609375,9936.0,9201.599609375,9763.2001953125,1
2023-04-05,9504.0,10540.7998046875,9158.400390625,9158.400390625,5
2023-04-06,9244.7998046875,9244.7998046875,8985.599609375,9072.0,0
2023-04-10,9590.400390625,9590.400390625,9331.2001953125,9331.2001953125,0
2023-04-11,9590.400390625,9590.400390625,9244.7998046875,9417.599609375,1
2023-04-12,9331.2001953125,9331.2001953125,9046.080078125,9201.599609375,2
2023-04-13,9417.599609375,10368.0,8856.0,9158.400390625,19
2023-04-14,9936.0,10177.919921875,9417.599609375,9676.7998046875,4
2023-04-17,10281.599609375,10368.0,9417.599609375,9581.759765625,1
2023-04-18,9936.0,10108.7998046875,9331.2001953125,9763.2001953125,1
2023-04-19,9763.2001953125,9763.2001953125,9331.2001953125,9763.2001953125,1
2023-04-20,9866.8798828125,9866.8798828125,9504.0,9504.0,0
2023-04-21,9158.400390625,9979.2001953125,8251.2001953125,9676.7998046875,4
2023-04-24,8899.2001953125,9504.0,8536.3203125,9072.0,3
2023-04-25,8553.599609375,8640.0,8380.7998046875,8467.2001953125,1
2023-04-26,8553.599609375,8899.2001953125,8398.080078125,8640.0,2
2023-04-27,8640.0,9417.599609375,8467.2001953125,8985.599609375,2
2023-04-28,8380.7998046875,8640.0,8147.52001953125,8640.0,2
2023-05-01,8726.400390625,8812.7998046875,8035.2001953125,8467.2001953125,4
2023-05-02,9936.0,11232.0,8640.0,8726.400390625,47
2023-05-03,10022.400390625,11664.0,9158.400390625,9417.599609375,58
2023-05-04,13737.599609375,22464.0,13305.599609375,19180.80078125,5302
2023-05-05,12096.0,12528.0,10800.0,11664.0,132
2023-05-08,14083.2001953125,14083.2001953125,11750.400390625,11750.400390625,59
2023-05-09,13115.51953125,13858.5595703125,12182.400390625,13564.7998046875,24
2023-05-10,14100.48046875,15638.400390625,13824.0,14169.599609375,35
2023-05-11,12960.0,14947.2001953125,12614.400390625,14947.2001953125,9
2023-05-12,11923.2001953125,13219.2001953125,11836.7998046875,13046.400390625,4
2023-05-15,11577.599609375,12182.400390625,11491.2001953125,12009.599609375,4
2023-05-16,11750.400390625,12484.7998046875,11232.0,12018.240234375,3
2023-05-17,13737.599609375,15897.599609375,12614.400390625,14083.2001953125,585
2023-05-18,13046.400390625,13305.599609375,12182.400390625,12787.2001953125,22
2023-05-19,13046.400390625,13478.400390625,12614.400390625,12916.7998046875,9
2023-05-22,12787.2001953125,12960.0,12182.400390625,12873.599609375,7
2023-05-23,12830.400390625,13132.7998046875,12528.0,12787.2001953125,4
2023-05-24,12614.400390625,12787.2001953125,12355.2001953125,12545.2802734375,4
2023-05-25,11957.759765625,12787.2001953125,11577.599609375,12268.7998046875,8
2023-05-26,11577.599609375,12268.7998046875,11404.7998046875,12009.599609375,4
2023-05-30,12147.83984375,12381.1201171875,11577.599609375,11577.599609375,4
2023-05-31,13219.2001953125,15206.400390625,11923.2001953125,11923.2001953125,81
2023-06-01,12096.0,13132.7998046875,11664.0,13132.7998046875,9
2023-06-02,12225.599609375,12484.7998046875,11836.7998046875,11923.2001953125,2
2023-06-05,11836.7998046875,12441.599609375,11232.0,12441.599609375,4
2023-06-06,11793.599609375,12182.400390625,11741.759765625,11923.2001953125,117
2023-06-07,13824.0,14774.400390625,13046.400390625,14169.599609375,373
2023-06-08,13927.6796875,13996.7998046875,12614.400390625,12960.0,24
2023-06-09,13910.400390625,14040.0,12960.0,13392.0,11
2023-06-12,13046.400390625,13685.759765625,12700.7998046875,13392.0,8
2023-06-13,12830.400390625,13392.0,12182.400390625,13003.2001953125,11
2023-06-14,12830.400390625,13046.400390625,12355.2001953125,12700.7998046875,5
2023-06-15,12182.400390625,12778.5595703125,12096.0,12441.599609375,6
2023-06-16,12268.7998046875,12441.599609375,12182.400390625,12312.0,2
2023-06-20,12052.7998046875,12268.7998046875,11836.7998046875,12104.6396484375,2
2023-06-21,11923.2001953125,12787.2001953125,11741.759765625,12096.0,6
2023-06-22,12355.2001953125,12441.599609375,12052.7998046875,12052.7998046875,1
2023-06-23,12268.7998046875,12700.7998046875,11750.400390625,11923.2001953125,3
2023-06-26,12441.599609375,12528.0,11836.7998046875,12268.7998046875,1
2023-06-27,12700.7998046875,13392.0,11923.2001953125,13046.400390625,8
2023-06-28,12009.599609375,13046.400390625,11923.2001953125,12960.0,13
2023-06-29,11923.2001953125,12614.400390625,11750.400390625,12009.599609375,4
2023-06-30,11836.7998046875,12096.0,11491.2001953125,12009.599609375,2
2023-07-03,11750.400390625,11836.7998046875,11404.7998046875,11404.7998046875,2
2023-07-05,11352.9599609375,12700.7998046875,11232.0,11620.7998046875,7
2023-07-06,11448.0,11577.599609375,11292.48046875,11404.7998046875,3
2023-07-07,11232.0,11577.599609375,11145.599609375,11232.0,1
2023-07-10,11232.0,11664.0,10281.599609375,11145.599609375,2
2023-07-11,11318.400390625,11404.7998046875,10886.400390625,11154.240234375,1
2023-07-12,11059.2001953125,11750.400390625,10972.7998046875,11232.0,3
2023-07-13,11145.599609375,11491.2001953125,10886.400390625,11318.400390625,5
2023-07-14,10886.400390625,11059.2001953125,10540.7998046875,11059.2001953125,2
2023-07-17,11145.599609375,11232.0,10713.599609375,10886.400390625,2
2023-07-18,12096.0,12268.7998046875,10972.7998046875,11232.0,8
2023-07-19,12096.0,12096.0,11491.2001953125,11983.6796875,1
2023-07-20,11750.400390625,11750.400390625,11750.400390625,11750.400390625,0
2023-07-21,11923.2001953125,12052.7998046875,11491.2001953125,11577.599609375,1
2023-07-24,11491.2001953125,11836.7998046875,11491.2001953125,11664.0,2
2023-07-25,11059.2001953125,11664.0,11059.2001953125,11664.0,3
2023-07-26,10454.400390625,11059.2001953125,10195.2001953125,11059.2001953125,3
2023-07-27,10368.0,10929.599609375,10238.400390625,10454.400390625,0
2023-07-28,10886.400390625,10886.400390625,10281.599609375,10368.0,1
2023-07-31,10886.400390625,10886.400390625,10540.7998046875,10540.7998046875,1
2023-08-01,10454.400390625,10843.2001953125,10368.0,10713.599609375,2
2023-08-02,10108.7998046875,10627.2001953125,9936.0,10497.599609375,4
2023-08-03,10800.0,10800.0,10368.0,10540.7998046875,1
2023-08-04,9763.2001953125,10713.599609375,8985.599609375,10368.0,1
2023-08-07,9936.0,9936.0,9763.2001953125,9763.2001953125,0
2023-08-08,10195.2001953125,10281.599609375,9771.83984375,9849.599609375,1
2023-08-09,9936.0,10713.599609375,9590.400390625,10713.599609375,6
2023-08-10,9763.2001953125,11404.7998046875,9763.2001953125,11404.7998046875,1
2023-08-11,9590.400390625,9590.400390625,9590.400390625,9590.400390625,0
2023-08-14,9417.599609375,10454.400390625,9417.599609375,10281.599609375,4
2023-08-15,9331.2001953125,10022.400390625,9331.2001953125,9417.599609375,3
2023-08-16,9331.2001953125,9840.9599609375,9331.2001953125,9676.7998046875,2
2023-08-17,9158.400390625,9564.48046875,9072.0,9331.2001953125,2
2023-08-18,9158.400390625,9331.2001953125,9072.0,9123.83984375,1
2023-08-21,9417.599609375,9417.599609375,9331.2001953125,9417.599609375,1
2023-08-22,9417.599609375,9417.599609375,9417.599609375,9417.599609375,1
2023-08-23,9331.2001953125,9590.400390625,9288.0,9504.0,0
2023-08-24,9244.7998046875,9244.7998046875,9072.0,9158.400390625,0
2023-08-25,9072.0,9072.0,9072.0,9072.0,0
2023-08-28,9400.3203125,9936.0,9331.2001953125,9504.0,2
2023-08-29,10281.599609375,10281.599609375,9244.7998046875,9504.0,0
2023-08-30,9072.0,9676.7998046875,9072.0,9676.7998046875,1
2023-08-31,9849.599609375,9849.599609375,9072.0,9504.0,1
2023-09-01,9244.7998046875,9504.0,9244.7998046875,9244.7998046875,0
2023-09-05,8726.400390625,9244.7998046875,8726.400390625,9072.0,1
2023-09-06,8640.0,9504.0,8553.599609375,9158.400390625,3
2023-09-07,8380.7998046875,8899.2001953125,8294.400390625,8812.7998046875,1
2023-09-08,8208.0,9072.0,8035.2001953125,8208.0,1
2023-09-11,8985.599609375,9072.0,8294.400390625,8449.919921875,2
2023-09-12,8208.0,8640.0,8035.2001953125,8553.599609375,2
2023-09-13,7862.39990234375,8104.31982421875,7862.39990234375,8104.31982421875,1
2023-09-14,7516.7998046875,7862.39990234375,7084.7998046875,7862.39990234375,4
2023-09-15,7128.0,7516.7998046875,6989.759765625,7516.7998046875,3
2023-09-18,6912.0,7344.0,5598.72021484375,7344.0,4
2023-09-19,7344.0,7344.0,6393.60009765625,6739.2001953125,3
2023-09-20,6998.39990234375,8017.919921875,6696.0,6998.39990234375,2
2023-09-21,6739.2001953125,7041.60009765625,6739.2001953125,6739.2001953125,0
2023-09-22,6583.68017578125,6912.0,6048.0,6220.7998046875,1
2023-09-25,6626.8798828125,6739.2001953125,6428.16015625,6480.0,1
2023-09-26,6644.16015625,6912.0,6471.35986328125,6600.9599609375,3
2023-09-27,6523.2001953125,7257.60009765625,6298.56005859375,6687.35986328125,2
2023-09-28,6644.16015625,6644.16015625,6255.35986328125,6428.16015625,2
2023-09-29,7067.52001953125,7369.919921875,6488.64013671875,7369.919921875,1
2023-10-02,6782.39990234375,7776.0,6177.60009765625,7344.0,3
2023-10-03,6307.2001953125,6825.60009765625,6298.56005859375,6428.16015625,2
2023-10-04,5961.60009765625,6989.759765625,5702.39990234375,6652.7998046875,1
2023-10-05,5702.39990234375,6428.16015625,5529.60009765625,6428.16015625,2
2023-10-06,5616.0,6220.7998046875,4622.39990234375,5616.0,2
2023-10-09,4864.31982421875,5607.35986328125,4060.800048828125,5607.35986328125,3
2023-10-10,5417.27978515625,6652.7998046875,5019.83984375,6246.72021484375,10
2023-10-11,5356.7998046875,5356.7998046875,5011.2001953125,5287.68017578125,2
2023-10-12,4406.39990234375,4933.43994140625,4320.0,4924.7998046875,5
2023-10-13,4147.2001953125,4665.60009765625,4060.800048828125,4665.60009765625,3
2023-10-16,4190.39990234375,4294.080078125,3905.280029296875,4147.2001953125,1
2023-10-17,4665.60009765625,4665.60009765625,4276.7998046875,4276.7998046875,2
2023-10-18,4656.9599609375,4656.9599609375,4345.919921875,4371.83984375,1
2023-10-19,4622.39990234375,4656.9599609375,4320.0,4656.9599609375,1
2023-10-20,4440.9599609375,4752.0,4276.7998046875,4752.0,2
2023-10-23,4458.240234375,4752.0,3983.0400390625,4320.0,2
2023-10-24,4155.83984375,4752.0,4121.27978515625,4138.56005859375,1
2023-10-25,4320.0,4320.0,3715.199951171875,4078.080078125,3
2023-10-26,3801.60009765625,4320.0,3464.639892578125,4320.0,3
2023-10-27,3818.8798828125,4752.0,3456.0,3672.0,2
2023-10-30,3516.47998046875,5875.2001953125,3412.800048828125,4233.60009765625,196
2023-10-31,3456.0,3732.47998046875,3170.8798828125,3715.199951171875,32
2023-11-01,3369.60009765625,4320.0,2877.1201171875,3628.800048828125,10
2023-11-02,3456.0,3542.39990234375,3283.199951171875,3317.760009765625,15
2023-11-03,3283.199951171875,3456.0,3110.39990234375,3300.47998046875,7
2023-11-06,3369.60009765625,3611.52001953125,3369.60009765625,3456.0,18
2023-11-07,2980.800048828125,3456.0,2851.199951171875,3283.199951171875,26
2023-11-08,2937.60009765625,3110.39990234375,2911.679931640625,3084.47998046875,14
2023-11-09,2687.0400390625,3188.159912109375,2479.679931640625,3067.199951171875,5
2023-11-10,2894.39990234375,3024.0,2851.199951171875,2851.199951171875,2
2023-11-13,2678.39990234375,2808.0,2626.56005859375,2808.0,4
2023-11-14,2496.9599609375,2851.199951171875,2496.9599609375,2678.39990234375,8
2023-11-15,2531.52001953125,2678.39990234375,2531.52001953125,2626.56005859375,7
2023-11-16,2574.719970703125,2678.39990234375,2505.60009765625,2661.1201171875,13
2023-11-17,2868.47998046875,3309.1201171875,2211.840087890625,2695.679931640625,248
2023-11-20,2928.9599609375,3265.919921875,2678.39990234375,3110.39990234375,320
2023-11-21,2825.280029296875,2851.199951171875,2445.1201171875,2851.199951171875,67
2023-11-22,2592.0,2678.39990234375,2462.39990234375,2678.39990234375,17
2023-11-24,2548.800048828125,2600.639892578125,2419.199951171875,2488.320068359375,12
2023-11-27,3654.719970703125,4665.60009765625,2505.60009765625,2764.800048828125,568
2023-11-28,3456.0,4320.0,3127.679931640625,4259.52001953125,813
2023-11-29,3456.0,3741.1201171875,3438.719970703125,3456.0,69
2023-11-30,3568.320068359375,3801.60009765625,3205.43994140625,3801.60009765625,36
2023-12-01,3456.0,3542.39990234375,3291.840087890625,3542.39990234375,18
2023-12-04,3395.52001953125,3628.800048828125,3343.679931640625,3533.760009765625,12
2023-12-05,3438.719970703125,3456.0,2851.199951171875,3343.679931640625,53
2023-12-06,3257.280029296875,3447.360107421875,3231.360107421875,3291.840087890625,8
2023-12-07,3300.47998046875,3369.60009765625,3110.39990234375,3369.60009765625,5
2023-12-08,3456.0,4043.52001953125,2998.080078125,3024.0,58
2023-12-11,5011.2001953125,5659.2001953125,3283.199951171875,3283.199951171875,1675
2023-12-12,5875.2001953125,7430.39990234375,4786.56005859375,5184.0,1107
2023-12-13,5875.2001953125,6480.0,3836.159912109375,5780.16015625,648
2023-12-14,5054.39990234375,5702.39990234375,4233.60009765625,5184.0,266
2023-12-15,5045.759765625,5296.31982421875,4345.919921875,5011.2001953125,64
2023-12-18,4942.080078125,5158.080078125,4665.60009765625,4812.47998046875,45
2023-12-19,4397.759765625,4838.39990234375,4233.60009765625,4838.39990234375,26
2023-12-20,4924.7998046875,5875.2001953125,4579.2001953125,4924.7998046875,238
2023-12-21,4777.919921875,5088.9599609375,4579.2001953125,5011.2001953125,21
2023-12-22,5097.60009765625,5546.8798828125,4320.0,4847.0400390625,79
2023-12-26,6048.0,8544.9599609375,5184.0,5356.7998046875,523
2023-12-27,7430.39990234375,8640.0,6367.68017578125,6721.919921875,417
2023-12-28,6393.60009765625,7344.0,6160.31982421875,6799.68017578125,100
2023-12-29,6229.43994140625,6739.2001953125,6220.7998046875,6480.0,30
2024-01-02,6566.39990234375,6912.0,6229.43994140625,6566.39990234375,35
2024-01-03,6194.8798828125,6523.2001953125,6160.31982421875,6523.2001953125,15
2024-01-04,6825.60009765625,6912.0,6255.35986328125,6384.9599609375,34
2024-01-05,7076.16015625,7594.56005859375,6480.0,6480.0,48
2024-01-08,7084.7998046875,7430.39990234375,6972.47998046875,6989.759765625,30
2024-01-09,6384.9599609375,7257.60009765625,5952.9599609375,7248.9599609375,52
2024-01-10,6065.27978515625,6480.0,5909.759765625,6117.1201171875,55
2024-01-11,7516.7998046875,7680.9599609375,5529.60009765625,5918.39990234375,107
2024-01-12,7776.0,8501.759765625,7344.0,7344.0,53
2024-01-16,6981.1201171875,7603.2001953125,6981.1201171875,7603.2001953125,13
2024-01-17,6920.64013671875,7257.60009765625,6739.2001953125,7084.7998046875,13
2024-01-18,6912.0,7110.72021484375,6912.0,6937.919921875,6
2024-01-19,7266.240234375,7430.39990234375,6652.7998046875,6756.47998046875,9
2024-01-22,6998.39990234375,7214.39990234375,6739.2001953125,6998.39990234375,12
2024-01-23,6825.60009765625,7128.0,6825.60009765625,6998.39990234375,8
2024-01-24,7007.0400390625,7344.0,6739.2001953125,6825.60009765625,10
2024-01-25,7274.8798828125,7516.7998046875,6929.27978515625,7171.2001953125,25
2024-01-26,8121.60009765625,8544.9599609375,7577.27978515625,7577.27978515625,19
2024-01-29,8467.2001953125,8544.9599609375,7948.7998046875,7948.7998046875,11
2024-01-30,9936.0,11232.0,8294.400390625,8544.9599609375,56
2024-01-31,9590.400390625,10368.0,8812.7998046875,10368.0,11
2024-02-01,9331.2001953125,10609.919921875,9331.2001953125,10022.400390625,5
2024-02-02,9417.599609375,10022.400390625,9072.0,9590.400390625,13
2024-02-05,9072.0,9780.48046875,7776.0,9720.0,23
2024-02-06,8562.240234375,9331.2001953125,8328.9599609375,8467.2001953125,5
2024-02-07,7603.2001953125,8553.599609375,7603.2001953125,8337.599609375,24
2024-02-08,7516.7998046875,8208.0,7266.240234375,7344.0,33
2024-02-09,7344.0,7603.2001953125,6678.72021484375,7413.1201171875,66
2024-02-12,6998.39990234375,7344.0,6825.60009765625,6877.43994140625,5
2024-02-13,7516.7998046875,7862.39990234375,7171.2001953125,7430.39990234375,10
2024-02-14,8294.400390625,9936.0,8294.400390625,8553.599609375,84
2024-02-15,8985.599609375,9417.599609375,8035.2001953125,8363.51953125,29
2024-02-16,10195.2001953125,10368.0,8294.400390625,8640.0,29
2024-02-20,9676.7998046875,10108.7998046875,9158.400390625,9849.599609375,13
2024-02-21,8985.599609375,9763.2001953125,8812.7998046875,9434.8798828125,6
2024-02-22,9504.0,9763.2001953125,8899.2001953125,9158.400390625,8
2024-02-23,10108.7998046875,10454.400390625,9158.400390625,10195.2001953125,13
2024-02-26,10670.400390625,10800.0,9590.400390625,10108.7998046875,15
2024-02-27,11145.599609375,11664.0,10748.16015625,10800.0,25
2024-02-28,12096.0,12960.0,10800.0,11059.2001953125,27
2024-02-29,11059.2001953125,12441.599609375,10800.0,11404.7998046875,17
2024-03-01,12009.599609375,12528.0,10886.400390625,10886.400390625,17
2024-03-04,11404.7998046875,12182.400390625,11145.599609375,11923.2001953125,11
2024-03-05,11577.599609375,11577.599609375,10972.7998046875,10972.7998046875,7
2024-03-06,10713.599609375,11577.599609375,10368.0,11318.400390625,6
2024-03-07,10195.2001953125,10929.599609375,10195.2001953125,10627.2001953125,6
2024-03-08,10022.400390625,10800.0,9763.2001953125,10540.7998046875,2
2024-03-11,10454.400390625,10800.0,10022.400390625,10108.7998046875,5
2024-03-12,10108.7998046875,10886.400390625,9936.0,10368.0,24
2024-03-13,11880.0,12096.0,9763.2001953125,9763.2001953125,35
2024-03-14,11318.400390625,11750.400390625,10972.7998046875,11750.400390625,10
2024-03-15,11145.599609375,11543.0400390625,11059.2001953125,11145.599609375,4
2024-03-18,11836.7998046875,12700.7998046875,11232.0,11318.400390625,19
2024-03-19,11750.400390625,12528.0,10713.599609375,11232.0,14
2024-03-20,11059.2001953125,12009.599609375,10886.400390625,11491.2001953125,3
2024-03-21,11232.0,12026.8798828125,10886.400390625,10886.400390625,5
2024-03-22,10627.2001953125,10972.7998046875,10540.7998046875,10627.2001953125,3
2024-03-25,10713.599609375,11007.3603515625,10540.7998046875,10540.7998046875,5
2024-03-26,10644.48046875,10886.400390625,10540.7998046875,10800.0,5
2024-03-27,11836.7998046875,12787.2001953125,11232.0,11923.2001953125,31
2024-03-28,11404.7998046875,11836.7998046875,11059.2001953125,11836.7998046875,7
2024-04-01,10264.3203125,11318.400390625,9936.0,11059.2001953125,13
2024-04-02,9849.599609375,10368.0,9158.400390625,10368.0,8
2024-04-03,9504.0,10195.2001953125,9158.400390625,10108.7998046875,6
2024-04-04,8985.599609375,9936.0,7888.31982421875,9676.7998046875,10
2024-04-05,8328.9599609375,9849.599609375,8208.0,8640.0,2
2024-04-08,8985.599609375,9072.0,8208.0,8467.2001953125,2
2024-04-09,8346.240234375,8812.7998046875,8043.83984375,8812.7998046875,2
2024-04-10,6652.7998046875,7948.7998046875,6566.39990234375,7776.0,17
2024-04-11,6739.2001953125,7032.9599609375,6480.0,6825.60009765625,5
2024-04-12,6048.0,7300.7998046875,5883.83984375,6480.0,14
2024-04-15,6039.35986328125,6428.16015625,5961.60009765625,6428.16015625,5
2024-04-16,6134.39990234375,6912.0,5978.8798828125,5987.52001953125,2
2024-04-17,6402.240234375,7257.60009765625,6220.7998046875,6713.27978515625,1
2024-04-18,6177.60009765625,6454.080078125,5849.27978515625,6048.0,6
2024-04-19,5875.2001953125,6989.759765625,5875.2001953125,5961.60009765625,1
2024-04-22,5736.9599609375,6454.080078125,5736.9599609375,5961.60009765625,2
2024-04-23,5546.8798828125,6091.2001953125,5097.60009765625,5788.7998046875,1
2024-04-24,5840.64013671875,6255.35986328125,5616.0,5823.35986328125,31
2024-04-25,5728.31982421875,5927.0400390625,5443.2001953125,5693.759765625,4
2024-04-26,5667.83984375,5667.83984375,5443.2001953125,5529.60009765625,1
2024-04-29,5616.0,5788.7998046875,5477.759765625,5788.7998046875,0
2024-04-30,5788.7998046875,6048.0,5546.8798828125,5952.9599609375,3
2024-05-01,6194.8798828125,6912.0,5754.240234375,5909.759765625,9
2024-05-02,6661.43994140625,7171.2001953125,6220.7998046875,7171.2001953125,12
2024-05-03,6393.60009765625,7110.72021484375,6030.72021484375,7076.16015625,14
2024-05-06,6393.60009765625,6393.60009765625,5832.0,6212.16015625,2
2024-05-07,6540.47998046875,6540.47998046875,5633.27978515625,6393.60009765625,1
2024-05-08,6220.7998046875,6566.39990234375,5616.0,6505.919921875,6
2024-05-09,5322.240234375,7516.7998046875,5279.0400390625,6255.35986328125,36
2024-05-10,5564.16015625,5935.68017578125,5279.0400390625,5279.0400390625,8
2024-05-13,5788.7998046875,5788.7998046875,5443.2001953125,5529.60009765625,0
2024-05-14,5520.9599609375,5875.2001953125,5244.47998046875,5616.0,15
2024-05-15,5616.0,5736.9599609375,5270.39990234375,5702.39990234375,12
2024-05-16,5184.0,5486.39990234375,5011.2001953125,5477.759765625,15
2024-05-17,5019.83984375,5443.2001953125,5019.83984375,5270.39990234375,15
2024-05-20,5011.2001953125,5175.35986328125,5011.2001953125,5019.83984375,2
2024-05-21,4691.52001953125,5011.2001953125,4501.43994140625,5011.2001953125,7
2024-05-22,4993.919921875,5097.60009765625,4320.0,5071.68017578125,20
2024-05-23,4320.0,4838.39990234375,4320.0,4769.27978515625,11
2024-05-24,5132.16015625,5270.39990234375,4233.60009765625,4406.39990234375,21
2024-05-28,4838.39990234375,5097.60009765625,4406.39990234375,5019.83984375,42
2024-05-29,4752.0,4838.39990234375,4328.64013671875,4561.919921875,8
2024-05-30,4492.7998046875,4752.0,4406.39990234375,4743.35986328125,1
2024-05-31,4752.0,5097.60009765625,4553.27978515625,4553.27978515625,10
2024-06-03,4147.2001953125,4752.0,4060.800048828125,4752.0,10
2024-06-04,5054.39990234375,5607.35986328125,3801.60009765625,4242.240234375,59
2024-06-05,4734.72021484375,6134.39990234375,4268.16015625,5097.60009765625,46
2024-06-06,5011.2001953125,5184.0,4363.2001953125,4829.759765625,16
2024-06-07,4492.7998046875,5097.60009765625,4492.7998046875,5097.60009765625,15
2024-06-10,4337.27978515625,4916.16015625,4328.64013671875,4916.16015625,16
2024-06-11,4691.52001953125,4838.39990234375,4078.080078125,4207.68017578125,8
2024-06-12,4475.52001953125,4838.39990234375,4363.2001953125,4769.27978515625,11
2024-06-13,3939.840087890625,4475.52001953125,3628.800048828125,4250.8798828125,10
2024-06-14,4060.800048828125,4320.0,3542.39990234375,3801.60009765625,22
2024-06-17,3715.199951171875,4060.800048828125,3637.43994140625,4060.800048828125,9
2024-06-18,3732.47998046875,4233.60009765625,3715.199951171875,3775.679931640625,8
2024-06-20,3758.39990234375,4147.2001953125,3732.47998046875,3888.0,2
2024-06-21,3715.199951171875,3801.60009765625,3456.0,3568.320068359375,7
2024-06-24,3456.0,3697.919921875,3404.159912109375,3654.719970703125,6
2024-06-25,3378.239990234375,3715.199951171875,3369.60009765625,3473.280029296875,3
2024-06-26,3291.840087890625,3628.800048828125,3291.840087890625,3611.52001953125,3
2024-06-27,3533.760009765625,3628.800048828125,3283.199951171875,3628.800048828125,1
2024-06-28,3456.0,3628.800048828125,3386.8798828125,3456.0,2
2024-07-01,3369.60009765625,3456.0,3283.199951171875,3456.0,3
2024-07-02,3205.43994140625,3421.43994140625,3205.43994140625,3369.60009765625,6
2024-07-03,3240.0,3456.0,3067.199951171875,3205.43994140625,2
2024-07-05,3283.199951171875,3326.39990234375,3179.52001953125,3326.39990234375,2
2024-07-08,3119.0400390625,3456.0,3024.0,3447.360107421875,6
2024-07-09,3240.0,3240.0,3015.360107421875,3119.0400390625,8
2024-07-10,3196.800048828125,3369.60009765625,3024.0,3127.679931640625,3
2024-07-11,3196.800048828125,3283.199951171875,3041.280029296875,3119.0400390625,7
2024-07-12,3430.080078125,3456.0,3153.60009765625,3188.159912109375,13
2024-07-15,3836.159912109375,3836.159912109375,3352.320068359375,3386.8798828125,395
2024-07-16,3283.199951171875,3905.280029296875,3162.239990234375,3499.199951171875,216
2024-07-17,3041.280029296875,3179.52001953125,2859.840087890625,3015.360107421875,53
2024-07-18,3127.679931640625,3456.0,2687.0400390625,2980.800048828125,35
2024-07-19,2799.360107421875,2998.080078125,2695.679931640625,2946.239990234375,13
2024-07-22,2773.43994140625,2851.199951171875,2687.0400390625,2747.52001953125,8
2024-07-23,2833.919921875,2851.199951171875,2678.39990234375,2678.39990234375,8
2024-07-24,2808.0,3049.919921875,2600.639892578125,2764.800048828125,14
2024-07-25,2928.9599609375,2937.60009765625,2592.0,2687.0400390625,10
2024-07-26,2851.199951171875,2928.9599609375,2764.800048828125,2928.9599609375,3
2024-07-29,2730.239990234375,2894.39990234375,2721.60009765625,2782.080078125,2
2024-07-30,2712.9599609375,2721.60009765625,2592.0,2652.47998046875,8
2024-07-31,2782.080078125,2782.080078125,2505.60009765625,2764.800048828125,6
2024-08-01,2756.159912109375,2782.080078125,2600.639892578125,2626.56005859375,6
2024-08-02,2514.239990234375,2592.0,2505.60009765625,2583.360107421875,11
2024-08-05,2453.760009765625,2505.60009765625,2332.800048828125,2505.60009765625,8
2024-08-06,2419.199951171875,2540.159912109375,2393.280029296875,2393.280029296875,6
2024-08-07,2350.080078125,2514.239990234375,2350.080078125,2419.199951171875,4
2024-08-08,2289.60009765625,2410.56005859375,2246.39990234375,2350.080078125,7
2024-08-09,2376.0,2376.0,2160.0,2246.39990234375,7
2024-08-12,2185.919921875,2462.39990234375,2177.280029296875,2177.280029296875,25
2024-08-13,2324.159912109375,2600.639892578125,2229.1201171875,2324.159912109375,64
2024-08-14,2211.840087890625,2376.0,2211.840087890625,2367.360107421875,17
2024-08-15,2255.0400390625,2350.080078125,2185.919921875,2315.52001953125,26
2024-08-16,2203.199951171875,2376.0,2185.919921875,2194.56005859375,7
2024-08-19,2211.840087890625,2712.9599609375,2099.52001953125,2203.199951171875,92
2024-08-20,2246.39990234375,2298.239990234375,2151.360107421875,2229.1201171875,35
2024-08-21,2073.60009765625,2237.760009765625,2073.60009765625,2194.56005859375,18
2024-08-22,2090.8798828125,2151.360107421875,1987.199951171875,2073.60009765625,12
2024-08-23,2039.0400390625,2134.080078125,1995.8399658203125,1995.8399658203125,11
2024-08-26,2030.4000244140625,2194.56005859375,1918.0799560546875,2108.159912109375,24
2024-08-27,1987.199951171875,2073.60009765625,1909.43994140625,2021.760009765625,1791
2024-08-28,1978.56005859375,2298.239990234375,1935.3599853515625,2246.39990234375,2275
2024-08-29,1874.8800048828125,1900.800048828125,1641.5999755859375,1900.800048828125,213
2024-08-30,1693.43994140625,1814.4000244140625,1676.1600341796875,1745.280029296875,56
2024-09-03,1658.8800048828125,1702.0799560546875,1555.199951171875,1641.5999755859375,52
2024-09-04,1641.5999755859375,1658.8800048828125,1512.0,1632.9599609375,34
2024-09-05,1900.800048828125,1961.280029296875,1632.9599609375,1667.52001953125,249
2024-09-06,1624.3199462890625,1814.4000244140625,1512.0,1797.1199951171875,487
2024-09-09,1399.6800537109375,1546.56005859375,1347.8399658203125,1486.0799560546875,182
2024-09-10,1451.52001953125,1460.1600341796875,1347.8399658203125,1434.239990234375,36
2024-09-11,1546.56005859375,1555.199951171875,1391.0400390625,1399.6800537109375,66
2024-09-12,1503.3599853515625,1512.0,1416.9599609375,1512.0,25
2024-09-13,1399.6800537109375,1503.3599853515625,1391.0400390625,1477.43994140625,52
2024-09-16,1356.47998046875,1425.5999755859375,1347.8399658203125,1425.5999755859375,28
2024-09-17,1399.6800537109375,1425.5999755859375,1356.47998046875,1408.3199462890625,96
2024-09-18,1425.5999755859375,1503.3599853515625,1382.4000244140625,1434.239990234375,164
2024-09-19,1416.9599609375,1460.1600341796875,1365.1199951171875,1399.6800537109375,47
2024-09-20,1503.3599853515625,1512.0,1365.1199951171875,1434.239990234375,63
2024-09-23,1460.1600341796875,1503.3599853515625,1365.1199951171875,1442.8800048828125,40
2024-09-24,1365.1199951171875,1425.5999755859375,1321.9200439453125,1365.1199951171875,46
2024-09-25,1347.8399658203125,1373.760009765625,1304.6400146484375,1365.1199951171875,27
2024-09-26,1226.8800048828125,1641.5999755859375,1209.5999755859375,1615.6800537109375,7413
2024-09-27,1149.1199951171875,1175.0400390625,1036.800048828125,1131.8399658203125,669
2024-09-30,1157.760009765625,1209.5999755859375,1071.3599853515625,1114.56005859375,371
2024-10-01,1131.8399658203125,1183.6800537109375,1114.56005859375,1131.8399658203125,152
2024-10-02,1114.56005859375,1149.1199951171875,1080.0,1131.8399658203125,115
2024-10-03,1140.47998046875,1175.0400390625,1062.719970703125,1097.280029296875,229
2024-10-04,1131.8399658203125,1166.4000244140625,1105.9200439453125,1131.8399658203125,91
2024-10-07,1157.760009765625,1166.4000244140625,1097.280029296875,1123.199951171875,129
2024-10-08,1157.760009765625,1226.8800048828125,1123.199951171875,1157.760009765625,196
2024-10-09,1166.4000244140625,1209.5999755859375,1105.9200439453125,1209.5999755859375,304
2024-10-10,1131.8399658203125,1166.4000244140625,1105.9200439453125,1123.199951171875,197
2024-10-11,1192.3199462890625,1192.3199462890625,1131.8399658203125,1131.8399658203125,577
2024-10-14,1131.8399658203125,1166.4000244140625,1105.9200439453125,1166.4000244140625,251
2024-10-15,1088.6400146484375,1131.8399658203125,1062.719970703125,1123.199951171875,262
2024-10-16,1105.9200439453125,1131.8399658203125,1062.719970703125,1105.9200439453125,144
2024-10-17,1054.0799560546875,1062.719970703125,1010.8800048828125,1062.719970703125,329
2024-10-18,1028.1600341796875,1097.280029296875,1028.1600341796875,1054.0799560546875,233
2024-10-21,1036.800048828125,1062.719970703125,976.3200073242188,1028.1600341796875,488
2024-10-22,1123.199951171875,1140.47998046875,1019.52001953125,1036.800048828125,715
2024-10-23,1261.43994140625,1278.719970703125,1123.199951171875,1123.199951171875,2905
2024-10-24,751.6799926757812,803.52001953125,708.47998046875,725.760009765625,1384
2024-10-25,699.8400268554688,768.9600219726562,665.280029296875,768.9600219726562,479
2024-10-28,859.2000122070312,940.7999877929688,724.7999877929688,792.0,2753
2024-10-29,744.0,840.0,724.7999877929688,840.0,596
2024-10-30,748.7999877929688,777.5999755859375,729.5999755859375,758.4000244140625,139
2024-10-31,691.2000122070312,782.4000244140625,676.7999877929688,782.4000244140625,255
2024-11-01,672.0,700.7999877929688,652.7999877929688,686.4000244140625,145
2024-11-04,708.0,710.4000244140625,667.2000122070312,672.0,197
2024-11-05,739.2000122070312,753.5999755859375,686.4000244140625,720.0,181
2024-11-06,710.4000244140625,763.2000122070312,686.4000244140625,753.5999755859375,152
2024-11-07,700.7999877929688,743.52001953125,700.7999877929688,729.5999755859375,43
2024-11-08,696.0,705.5999755859375,672.0,700.7999877929688,83
2024-11-11,704.6400146484375,705.5999755859375,657.5999755859375,681.5999755859375,117
2024-11-12,720.0,768.0,686.4000244140625,705.5999755859375,101
2024-11-13,666.719970703125,696.0,595.2000122070312,652.7999877929688,936
2024-11-14,628.7999877929688,657.5999755859375,604.7999877929688,638.4000244140625,95
2024-11-15,617.280029296875,633.1199951171875,604.7999877929688,619.2000122070312,51
2024-11-18,607.2000122070312,622.0800170898438,585.5999755859375,609.5999755859375,63
2024-11-19,595.2000122070312,614.4000244140625,523.2000122070312,566.4000244140625,2885
2024-11-20,542.4000244140625,576.0,542.4000244140625,552.0,219
2024-11-21,513.5999755859375,571.2000122070312,480.0,552.0,332
2024-11-22,542.4000244140625,542.4000244140625,494.3999938964844,513.5999755859375,81
2024-11-25,552.0,571.2000122070312,532.7999877929688,547.2000122070312,184
2024-11-26,513.5999755859375,542.4000244140625,499.20001220703125,542.4000244140625,87
2024-11-27,537.5999755859375,576.0,484.79998779296875,513.5999755859375,224
2024-11-29,513.5999755859375,561.5999755859375,513.5999755859375,552.0,100
2024-12-02,542.4000244140625,542.4000244140625,513.5999755859375,523.2000122070312,98
2024-12-03,525.5999755859375,576.0,513.5999755859375,575.52001953125,256
2024-12-04,532.7999877929688,576.0,513.5999755859375,523.6799926757812,1124
2024-12-05,518.4000244140625,556.7999877929688,504.0,542.4000244140625,652
2024-12-06,500.1600036621094,523.2000122070312,489.6000061035156,508.79998779296875,233
2024-12-09,516.0,552.0,484.79998779296875,551.52001953125,620
2024-12-10,494.3999938964844,534.719970703125,484.79998779296875,528.0,337
2024-12-11,489.6000061035156,528.0,470.3999938964844,508.79998779296875,399
2024-12-12,504.0,523.2000122070312,484.79998779296875,508.79998779296875,352
2024-12-13,484.79998779296875,504.0,472.79998779296875,494.3999938964844,160
2024-12-16,456.0,472.79998779296875,428.6400146484375,472.79998779296875,201
2024-12-17,428.1600036621094,443.0400085449219,417.6000061035156,434.3999938964844,178
2024-12-18,431.5199890136719,456.0,417.6000061035156,422.8800048828125,34
2024-12-19,465.6000061035156,484.79998779296875,417.6000061035156,419.5199890136719,449
2024-12-20,493.9200134277344,547.2000122070312,470.3999938964844,480.0,686
2024-12-23,464.6400146484375,474.7200012207031,427.20001220703125,474.7200012207031,514
2024-12-24,758.4000244140625,763.2000122070312,423.8399963378906,441.6000061035156,4140
2024-12-26,504.0,537.5999755859375,475.20001220703125,523.2000122070312,2804
2024-12-27,528.0,633.5999755859375,494.3999938964844,590.4000244140625,7023
2024-12-30,499.20001220703125,528.0,432.4800109863281,528.0,3849
2024-12-31,480.0,499.20001220703125,470.3999938964844,480.0,1008
2025-01-02,494.3999938964844,504.0,451.20001220703125,489.6000061035156,1166
2025-01-03,478.55999755859375,494.3999938964844,460.79998779296875,484.79998779296875,1205
2025-01-06,459.3599853515625,489.6000061035156,446.3999938964844,480.0,869
2025-01-07,444.0,475.20001220703125,444.0,470.3999938964844,521
2025-01-08,428.1600036621094,446.3999938964844,395.5199890136719,444.4800109863281,787
2025-01-10,394.0799865722656,416.1600036621094,384.4800109863281,412.79998779296875,490
2025-01-13,396.4800109863281,411.8399963378906,384.0,396.9599914550781,537
2025-01-14,401.2799987792969,422.3999938964844,386.3999938964844,403.20001220703125,226
2025-01-15,428.6400146484375,451.20001220703125,394.55999755859375,417.1199951171875,257
2025-01-16,417.6000061035156,446.3999938964844,412.79998779296875,432.0,147
2025-01-17,421.9200134277344,432.0,405.1199951171875,423.8399963378906,88
2025-01-21,432.0,446.3999938964844,408.0,432.0,108
2025-01-22,408.0,415.67999267578125,398.3999938964844,413.760009765625,195
2025-01-23,408.0,408.0,385.44000244140625,406.0799865722656,292
2025-01-24,400.79998779296875,417.6000061035156,393.6000061035156,397.44000244140625,270
2025-01-27,389.760009765625,403.20001220703125,379.20001220703125,393.6000061035156,618
2025-01-28,388.79998779296875,396.4800109863281,380.6400146484375,395.5199890136719,222
2025-01-29,384.0,392.1600036621094,379.20001220703125,388.79998779296875,220
2025-01-30,266.3999938964844,304.32000732421875,230.39999389648438,289.44000244140625,1856
2025-01-31,251.52000427246094,274.0799865722656,244.8000030517578,268.79998779296875,682
2025-02-03,254.8800048828125,305.760009765625,240.0,243.83999633789062,3403
2025-02-04,180.9600067138672,283.20001220703125,173.27999877929688,273.6000061035156,7467
2025-02-05,204.0,211.1999969482422,165.60000610351562,181.44000244140625,10704
2025-02-06,197.75999450683594,214.0800018310547,193.9199981689453,206.39999389648438,443
2025-02-07,192.9600067138672,206.39999389648438,177.60000610351562,188.63999938964844,494
2025-02-10,197.27999877929688,206.39999389648438,187.1999969482422,192.9600067138672,217
2025-02-11,205.9199981689453,206.39999389648438,187.1999969482422,201.1199951171875,206
2025-02-12,197.27999877929688,205.44000244140625,192.9600067138672,198.24000549316406,155
2025-02-13,228.0,228.9600067138672,182.39999389648438,190.55999755859375,1226
2025-02-14,226.55999755859375,264.0,208.8000030517578,225.60000610351562,1718
2025-02-18,206.39999389648438,235.1999969482422,196.8000030517578,235.1999969482422,1950
2025-02-19,180.0,201.60000610351562,170.39999389648438,192.47999572753906,2075
2025-02-20,153.60000610351562,183.83999633789062,144.47999572753906,183.83999633789062,2177
2025-02-21,147.9600067138672,166.67999267578125,138.24000549316406,150.47999572753906,2486
2025-02-24,148.67999267578125,155.16000366210938,141.47999572753906,155.16000366210938,1525
2025-02-25,148.32000732421875,162.89999389648438,147.60000610351562,147.9600067138672,769
2025-02-26,157.32000732421875,157.32000732421875,151.9199981689453,151.9199981689453,325
2025-02-27,160.9199981689453,167.0399932861328,157.67999267578125,158.39999389648438,575
2025-02-28,177.83999633789062,179.27999877929688,160.9199981689453,160.9199981689453,800
2025-03-03,163.8000030517578,182.16000366210938,163.8000030517578,181.0800018310547,686
2025-03-04,165.31199645996094,168.47999572753906,162.4320068359375,162.72000122070312,283
2025-03-05,170.96400451660156,172.72799682617188,164.52000427246094,164.52000427246094,122
2025-03-06,173.33999633789062,176.5800018310547,166.21200561523438,172.97999572753906,161
2025-03-07,183.24000549316406,183.24000549316406,169.1999969482422,175.7519989013672,339
2025-03-10,180.89999389648438,181.8000030517578,177.47999572753906,180.72000122070312,133
2025-03-11,177.66000366210938,178.1999969482422,173.55599975585938,177.1199951171875,211
2025-03-12,179.63999938964844,180.0,175.67999267578125,180.0,189
2025-03-13,178.9199981689453,179.63999938964844,173.8800048828125,173.8800048828125,25
2025-03-14,187.1999969482422,196.02000427246094,179.63999938964844,188.7480010986328,372
2025-03-17,169.1999969482422,185.75999450683594,169.1999969482422,185.75999450683594,1300
2025-03-18,169.1999969482422,178.9199981689453,169.1999969482422,176.9759979248047,69
2025-03-19,165.60000610351562,174.24000549316406,160.30799865722656,165.60000610351562,350
2025-03-20,162.50399780273438,165.60000610351562,156.24000549316406,165.60000610351562,225
2025-03-21,157.28399658203125,160.66799926757812,154.8000030517578,160.66799926757812,175
2025-03-24,140.75999450683594,160.1999969482422,130.67999267578125,156.60000610351562,1347
2025-03-25,137.16000366210938,145.0800018310547,136.8000030517578,145.0800018310547,150
2025-03-26,126.0,140.39999389648438,126.0,140.39999389648438,236
2025-03-27,120.5999984741211,127.44000244140625,120.5999984741211,127.44000244140625,139
2025-03-28,115.73999786376953,118.72799682617188,114.83999633789062,116.63999938964844,125
2025-03-31,108.0,115.91999816894531,106.59600067138672,115.91999816894531,417
2025-04-01,115.55999755859375,118.44000244140625,108.36000061035156,108.36000061035156,453
2025-04-02,130.32000732421875,142.1999969482422,117.0,117.0,1358
2025-04-03,113.04000091552734,130.67999267578125,110.87999725341797,129.24000549316406,1681
2025-04-04,100.08000183105469,111.5999984741211,95.04000091552734,111.5999984741211,600
2025-04-07,116.63999938964844,128.52000427246094,92.5199966430664,97.19999694824219,82517
2025-04-08,129.9600067138672,143.27999877929688,55.47600173950195,122.4000015258789,564631
2025-04-09,91.80000305175781,107.63999938964844,86.4000015258789,86.76000213623047,15097
2025-04-10,77.04000091552734,86.76000213623047,72.72000122070312,73.44000244140625,6033
2025-04-11,77.04000091552734,89.63999938964844,66.95999908447266,77.4000015258789,5100
2025-04-14,78.4800033569336,83.48400115966797,74.98799896240234,82.08000183105469,2522
2025-04-15,83.16000366210938,84.95999908447266,74.87999725341797,75.23999786376953,2322
2025-04-16,72.36000061035156,91.44000244140625,68.4000015258789,82.80000305175781,9386
2025-04-17,73.44000244140625,74.5199966430664,68.76000213623047,74.5199966430664,1814
2025-04-21,72.36000061035156,76.68000030517578,70.19999694824219,70.91999816894531,1922
2025-04-22,73.44000244140625,75.95999908447266,72.72000122070312,73.1520004272461,1314
2025-04-23,77.4000015258789,79.0199966430664,75.31199645996094,75.5999984741211,714
2025-04-24,82.08000183105469,86.04000091552734,77.4000015258789,77.4000015258789,5406
2025-04-25,74.87999725341797,89.56800079345703,68.4000015258789,78.12000274658203,7047
2025-04-28,74.16000366210938,75.99600219726562,71.27999877929688,72.72000122070312,603
2025-04-29,75.23999786376953,79.19999694824219,73.08000183105469,74.16000366210938,781
2025-04-30,73.87200164794922,79.19999694824219,72.0,73.47599792480469,2006
2025-05-01,78.4800033569336,90.10800170898438,75.2760009765625,78.12000274658203,8292
2025-05-02,78.83999633789062,82.08000183105469,73.83599853515625,76.31999969482422,7822
2025-05-05,70.55999755859375,78.12000274658203,70.19999694824219,73.08000183105469,1872
2025-05-06,68.04000091552734,73.08000183105469,66.23999786376953,73.08000183105469,819
2025-05-07,61.91999816894531,68.83200073242188,61.91999816894531,68.4000015258789,1031
2025-05-08,61.20000076293945,69.83999633789062,60.119998931884766,64.08000183105469,1719
2025-05-09,60.37200164794922,64.94400024414062,58.895999908447266,61.91999816894531,617
2025-05-12,61.7400016784668,64.08000183105469,59.7599983215332,63.0,1658
2025-05-13,57.09600067138672,62.81999969482422,55.79999923706055,61.95600128173828,2633
2025-05-14,65.87999725341797,71.27999877929688,52.20000076293945,57.599998474121094,41236
2025-05-15,51.47999954223633,57.2400016784668,48.599998474121094,57.2400016784668,6703
2025-05-16,48.959999084472656,51.47999954223633,47.880001068115234,49.68000030517578,1533
2025-05-19,47.52000045776367,50.040000915527344,43.20000076293945,46.79999923706055,1858
2025-05-20,49.31999969482422,51.119998931884766,47.880001068115234,48.959999084472656,1061
2025-05-21,50.040000915527344,50.86800003051758,48.13199996948242,49.68000030517578,508
2025-05-22,49.104000091552734,50.040000915527344,48.599998474121094,50.040000915527344,767
2025-05-23,48.599998474121094,48.599998474121094,46.439998626708984,46.79999923706055,253
2025-05-27,50.400001525878906,50.400001525878906,46.08000183105469,47.34000015258789,1464
2025-05-28,47.91600036621094,50.400001525878906,46.08000183105469,50.400001525878906,1392
2025-05-29,47.52000045776367,47.880001068115234,44.279998779296875,47.880001068115234,1292
2025-05-30,45.0,45.36000061035156,42.119998931884766,45.0,1256
2025-06-02,45.0,45.0,43.7760009765625,44.279998779296875,294
2025-06-03,48.2400016784668,48.959999084472656,43.20000076293945,45.0,1206
2025-06-04,44.81999969482422,48.2400016784668,42.84000015258789,48.2400016784668,2883
2025-06-05,40.68000030517578,44.67599868774414,39.959999084472656,44.63999938964844,2806
2025-06-06,43.20000076293945,43.91999816894531,40.31999969482422,41.040000915527344,2169
2025-06-09,39.2400016784668,42.47999954223633,36.0,42.47999954223633,331508
2025-06-10,34.7400016784668,38.15999984741211,33.47999954223633,36.36000061035156,210203
2025-06-11,39.599998474121094,51.84000015258789,33.720001220703125,35.040000915527344,103175
2025-06-12,38.880001068115234,45.347999572753906,38.040000915527344,38.15999984741211,27508
2025-06-13,33.959999084472656,36.948001861572266,32.15999984741211,36.599998474121094,11250
2025-06-16,32.279998779296875,42.720001220703125,31.440000534057617,42.720001220703125,678675
2025-06-17,29.040000915527344,30.239999771118164,27.84000015258789,30.0,11675
2025-06-18,28.079999923706055,28.52400016784668,25.200000762939453,27.0,39267
2025-06-20,26.040000915527344,28.200000762939453,25.440000534057617,26.399999618530273,21242
2025-06-23,26.760000228881836,31.799999237060547,25.440000534057617,26.520000457763672,50825
2025-06-24,27.1200008392334,28.895999908447266,25.440000534057617,27.360000610351562,8292
2025-06-25,26.15999984741211,28.42799949645996,26.15999984741211,27.84000015258789,6075
2025-06-26,27.600000381469727,27.84000015258789,25.799999237060547,26.15999984741211,5917
2025-06-27,38.279998779296875,68.27999877929688,27.360000610351562,28.799999237060547,3843700
2025-06-30,35.63999938964844,38.400001525878906,32.279998779296875,32.279998779296875,56917
2025-07-01,29.399999618530273,31.440000534057617,28.559999465942383,31.440000534057617,22717
2025-07-02,24.600000381469727,27.1200008392334,23.15999984741211,26.399999618530273,18183
2025-07-03,24.360000610351562,26.639999389648438,24.239999771118164,24.239999771118164,7833
2025-07-07,35.15999984741211,40.68000030517578,26.760000228881836,28.440000534057617,3711017
2025-07-08,30.0,35.52000045776367,29.399999618530273,32.400001525878906,61808
2025-07-09,28.920000076293945,31.440000534057617,27.959999084472656,29.520000457763672,14983
2025-07-10,29.399999618530273,29.639999389648438,27.719999313354492,28.440000534057617,8933
2025-07-11,28.079999923706055,29.280000686645508,27.719999313354492,28.079999923706055,5042
2025-07-14,27.360000610351562,28.31999969482422,25.836000442504883,27.479999542236328,12400
2025-07-15,28.200000762939453,29.15999984741211,26.760000228881836,26.760000228881836,18242
2025-07-16,28.200000762939453,28.559999465942383,27.0,27.600000381469727,8542
2025-07-17,30.1200008392334,30.420000076293945,27.719999313354492,28.799999237060547,6808
2025-07-18,35.52000045776367,37.439998626708984,31.799999237060547,36.540000915527344,1191142
2025-07-21,33.959999084472656,36.0,33.0,34.439998626708984,22325
2025-07-22,33.47999954223633,34.439998626708984,31.440000534057617,33.119998931884766,11250
2025-07-23,32.880001068115234,33.33599853515625,30.959999084472656,32.7599983215332,5167
2025-07-24,30.84000015258789,32.784000396728516,30.719999313354492,31.440000534057617,4958
2025-07-25,30.239999771118164,31.079999923706055,27.600000381469727,29.280000686645508,5117
2025-07-28,29.399999618530273,30.1200008392334,28.31999969482422,28.31999969482422,2900
2025-07-29,28.440000534057617,28.799999237060547,27.1200008392334,27.84000015258789,9475
2025-07-30,27.719999313354492,28.200000762939453,27.0,27.239999771118164,1992
2025-07-31,26.280000686645508,27.600000381469727,25.920000076293945,27.18000030517578,3942
2025-08-01,23.760000228881836,26.399999618530273,23.280000686645508,26.399999618530273,8758
2025-08-04,24.719999313354492,24.84000015258789,23.327999114990234,24.0,2350
2025-08-05,24.719999313354492,25.607999801635742,24.0,24.360000610351562,5067
2025-08-06,24.719999313354492,25.68000030517578,24.215999603271484,24.239999771118164,1358
2025-08-07,24.719999313354492,25.079999923706055,23.399999618530273,23.639999389648438,2608
2025-08-08,24.479999542236328,24.600000381469727,23.639999389648438,23.8799991607666,1100
2025-08-11,23.8799991607666,24.600000381469727,23.399999618530273,23.520000457763672,4375
2025-08-12,24.420000076293945,24.479999542236328,23.531999588012695,23.856000900268555,2667
2025-08-13,24.719999313354492,25.200000762939453,23.399999618530273,24.959999084472656,13033
2025-08-14,24.239999771118164,24.719999313354492,22.799999237060547,24.1200008392334,3533
2025-08-15,24.0,24.479999542236328,23.351999282836914,23.639999389648438,2625
2025-08-18,24.959999084472656,25.847999572753906,23.15999984741211,24.239999771118164,7075
2025-08-19,23.8799991607666,24.600000381469727,23.639999389648438,24.600000381469727,1950
2025-08-20,23.520000457763672,23.700000762939453,22.799999237060547,23.280000686645508,2933
2025-08-21,23.280000686645508,24.0,22.799999237060547,24.0,1933
2025-08-22,23.399999618530273,24.360000610351562,22.68000030517578,23.040000915527344,4000
2025-08-25,22.920000076293945,24.143999099731445,22.763999938964844,23.040000915527344,2842
2025-08-26,23.639999389648438,23.639999389648438,22.68000030517578,22.68000030517578,1150
2025-08-27,22.68000030517578,23.399999618530273,21.600000381469727,23.040000915527344,2883
2025-08-28,22.200000762939453,23.040000915527344,21.479999542236328,22.68000030517578,1750
2025-08-29,22.5,23.13599967956543,21.719999313354492,21.719999313354492,2083
2025-09-02,21.84000015258789,22.559999465942383,21.719999313354492,22.559999465942383,1183
2025-09-03,21.600000381469727,22.152000427246094,21.09600067138672,21.719999313354492,1658
2025-09-04,22.079999923706055,23.639999389648438,21.479999542236328,21.959999084472656,12175
2025-09-05,19.799999237060547,21.600000381469727,19.200000762939453,21.600000381469727,7325
2025-09-08,19.31999969482422,20.040000915527344,19.079999923706055,20.040000915527344,5033
2025-09-09,20.280000686645508,20.399999618530273,19.559999465942383,19.920000076293945,40150
2025-09-10,21.0,21.600000381469727,18.1200008392334,19.920000076293945,71300
2025-09-11,20.520000457763672,22.079999923706055,19.799999237060547,21.719999313354492,88067
2025-09-12,19.440000534057617,20.399999618530273,18.719999313354492,20.280000686645508,18417
2025-09-15,19.200000762939453,20.520000457763672,18.360000610351562,20.520000457763672,9733
2025-09-16,19.200000762939453,20.399999618530273,18.719999313354492,18.959999084472656,72142
2025-09-17,19.440000534057617,22.799999237060547,19.31999969482422,20.639999389648438,248858
2025-09-18,18.0,18.719999313354492,17.399999618530273,18.600000381469727,36108
2025-09-19,17.280000686645508,18.719999313354492,15.479999542236328,17.8799991607666,38300
2025-09-22,18.719999313354492,18.84000015258789,16.920000076293945,17.280000686645508,27858
2025-09-23,18.0,19.440000534057617,17.8799991607666,18.1200008392334,7667
2025-09-24,18.719999313354492,18.719999313354492,17.856000900268555,18.011999130249023,5983
2025-09-25,19.440000534057617,19.440000534057617,18.0,18.600000381469727,6733
2025-09-26,18.959999084472656,19.3799991607666,18.420000076293945,19.200000762939453,4433
2025-09-29,19.31999969482422,19.440000534057617,18.959999084472656,19.440000534057617,4917
2025-09-30,19.68000030517578,19.799999237060547,18.239999771118164,19.079999923706055,9017
2025-10-01,19.440000534057617,19.440000534057617,18.360000610351562,19.079999923706055,1808
2025-10-02,18.61199951171875,19.440000534057617,18.360000610351562,18.84000015258789,7892
2025-10-03,18.84000015258789,19.799999237060547,18.360000610351562,19.079999923706055,5300
2025-10-06,18.1200008392334,18.84000015258789,18.0,18.239999771118164,6067
2025-10-07,17.15999984741211,19.079999923706055,16.920000076293945,19.079999923706055,7608
2025-10-08,17.639999389648438,18.479999542236328,17.399999618530273,18.479999542236328,4783
2025-10-09,17.520000457763672,18.0,17.15999984741211,17.639999389648438,4325
2025-10-10,16.200000762939453,18.360000610351562,16.079999923706055,18.360000610351562,18633
2025-10-13,15.84000015258789,16.68000030517578,15.720000267028809,16.200000762939453,7875
2025-10-14,15.84000015258789,16.920000076293945,15.84000015258789,16.200000762939453,30433
2025-10-15,16.079999923706055,16.200000762939453,15.119999885559082,16.200000762939453,13308
2025-10-16,15.0,16.020000457763672,15.0,15.479999542236328,9108
2025-10-17,14.699999809265137,15.119999885559082,14.399999618530273,15.0,6650
2025-10-20,15.84000015258789,15.960000038146973,14.640000343322754,14.640000343322754,10575
2025-10-21,15.935999870300293,16.260000228881836,15.720000267028809,15.84000015258789,2800
2025-10-22,15.119999885559082,15.996000289916992,15.119999885559082,15.600000381469727,3383
2025-10-23,15.600000381469727,15.84000015258789,15.119999885559082,15.119999885559082,1367
2025-10-24,15.600000381469727,16.200000762939453,15.119999885559082,15.84000015258789,2117
2025-10-27,15.479999542236328,15.960000038146973,15.359999656677246,15.84000015258789,1758
2025-10-28,15.479999542236328,15.960000038146973,15.479999542236328,15.600000381469727,2467
2025-10-29,17.280000686645508,17.8799991607666,15.960000038146973,16.200000762939453,16758
2025-10-30,15.515999794006348,16.920000076293945,15.359999656677246,16.920000076293945,10325
2025-10-31,15.960000038146973,16.200000762939453,15.479999542236328,16.020000457763672,2950
2025-11-03,15.720000267028809,16.42799949645996,15.119999885559082,16.079999923706055,4200
2025-11-04,14.795999526977539,15.600000381469727,14.760000228881836,15.359999656677246,4150
2025-11-05,14.399999618530273,14.663999557495117,14.15999984741211,14.520000457763672,2892
2025-11-06,13.4399995803833,14.640000343322754,13.4399995803833,14.399999618530273,4858
2025-11-07,12.996000289916992,14.795999526977539,12.960000038146973,13.4399995803833,2450
2025-11-10,12.600000381469727,13.800000190734863,12.600000381469727,13.199999809265137,4008
2025-11-11,12.720000267028809,13.079999923706055,12.239999771118164,13.079999923706055,2217
2025-11-12,12.119999885559082,13.199999809265137,12.0,12.600000381469727,32742
2025-11-13,12.119999885559082,12.564000129699707,11.760000228881836,12.239999771118164,3625
2025-11-14,11.772000312805176,12.600000381469727,11.760000228881836,12.0,3783
2025-11-17,11.640000343322754,12.600000381469727,11.520000457763672,12.0,5742
2025-11-18,11.819999694824219,12.960000038146973,10.715999603271484,11.399999618530273,4783
2025-11-19,11.760000228881836,12.359999656677246,11.279999732971191,11.279999732971191,2075
2025-11-20,11.039999961853027,11.760000228881836,10.800000190734863,11.760000228881836,3125
2025-11-21,10.092000007629395,11.17199993133545,9.239999771118164,11.15999984741211,10525
2025-11-24,11.435999870300293,11.880000114440918,9.720000267028809,9.84000015258789,5533
2025-11-25,11.14799976348877,11.399999618530273,10.800000190734863,11.279999732971191,1717
2025-11-26,10.907999992370605,11.039999961853027,10.199999809265137,11.039999961853027,3625
2025-11-28,11.112000465393066,11.795999526977539,10.680000305175781,10.800000190734863,1992
2025-12-01,10.932000160217285,11.447999954223633,10.47599983215332,11.36400032043457,3042
2025-12-02,10.51200008392334,11.100000381469727,10.319999694824219,10.776000022888184,8433
2025-12-03,10.739999771118164,10.824000358581543,10.5600004196167,10.5600004196167,2225
2025-12-04,11.37600040435791,11.37600040435791,10.800000190734863,10.800000190734863,2208
2025-12-05,12.84000015258789,13.319999694824219,11.039999961853027,11.039999961853027,22625
2025-12-08,14.15999984741211,14.880000114440918,12.779999732971191,13.800000190734863,31958
2025-12-09,14.640000343322754,15.960000038146973,13.680000305175781,14.399999618530273,91642
2025-12-10,14.800000190734863,19.920000076293945,12.960000038146973,15.239999771118164,471275
2025-12-11,13.720000267028809,14.359999656677246,11.720000267028809,13.720000267028809,235425
2025-12-12,12.0,13.739999771118164,11.640000343322754,13.680000305175781,148200
2025-12-15,14.15999984741211,15.399999618530273,11.600000381469727,12.039999961853027,487100
2025-12-16,7.519999980926514,9.079999923706055,7.239999771118164,8.760000228881836,145200
2025-12-17,7.480000019073486,7.840000152587891,6.440000057220459,6.440000057220459,55725
2025-12-18,7.28000020980835,7.639999866485596,7.239999771118164,7.239999771118164,14650
2025-12-19,6.679999828338623,7.335999965667725,6.460000038146973,7.239999771118164,26050
2025-12-22,6.639999866485596,6.783999919891357,6.28000020980835,6.760000228881836,19000
2025-12-23,6.119999885559082,6.559999942779541,5.880000114440918,6.400000095367432,18025
2025-12-24,5.599999904632568,5.960000038146973,5.320000171661377,5.960000038146973,26425
2025-12-26,5.480000019073486,5.599999904632568,5.380000114440918,5.599999904632568,17550
2025-12-29,5.480000019073486,5.800000190734863,4.840000152587891,5.480000019073486,40075
2025-12-30,5.480000019073486,5.679999828338623,5.039999961853027,5.360000133514404,17875
2025-12-31,5.480000019073486,5.599999904632568,5.28000020980835,5.519999980926514,10775
2026-01-02,5.639999866485596,5.639999866485596,5.400000095367432,5.440000057220459,4325
2026-01-05,5.480000019073486,5.559999942779541,5.199999809265137,5.199999809265137,44800
2026-01-06,5.28000020980835,5.427999973297119,5.159999847412109,5.159999847412109,19275
2026-01-07,5.480000019073486,5.480000019073486,5.199999809265137,5.360000133514404,7025
2026-01-08,5.639999866485596,5.739999771118164,5.239999771118164,5.535999774932861,28375
2026-01-09,5.599999904632568,6.159999847412109,5.599999904632568,5.679999828338623,47775
2026-01-12,5.639999866485596,5.880000114440918,5.599999904632568,5.880000114440918,7125
2026-01-13,5.599999904632568,5.74399995803833,5.5,5.639999866485596,21825
2026-01-14,5.519999980926514,5.639999866485596,5.519999980926514,5.599999904632568,6650
2026-01-15,5.760000228881836,6.0,5.28000020980835,5.28000020980835,27875
2026-01-16,6.679999828338623,7.840000152587891,6.440000057220459,7.840000152587891,10028375
2026-01-20,5.920000076293945,6.0,5.28000020980835,5.400000095367432,126550
2026-01-21,6.28000020980835,6.679999828338623,5.679999828338623,5.679999828338623,135350
2026-01-22,5.880000114440918,6.480000019073486,5.360000133514404,6.320000171661377,91575
2026-01-23,6.800000190734863,7.71999979019165,6.119999885559082,6.559999942779541,241325
2026-01-26,5.320000171661377,7.800000190734863,5.0,7.760000228881836,1167125
2026-01-27,5.159999847412109,5.320000171661377,4.480000019073486,4.800000190734863,149550
2026-01-28,4.960000038146973,5.239999771118164,4.800000190734863,5.199999809265137,71275
2026-01-29,3.9800000190734863,5.0,3.640000104904175,4.880000114440918,116000
2026-01-30,3.2799999713897705,3.9200000762939453,3.124000072479248,3.7920000553131104,68025
2026-02-02,3.2799999713897705,3.4200000762939453,3.124000072479248,3.4159998893737793,20200
2026-02-03,2.996000051498413,3.240000009536743,2.8440001010894775,3.240000009536743,35900
2026-02-04,3.0840001106262207,3.0840001106262207,2.8919999599456787,3.0,21950
2026-02-05,3.0,3.111999988555908,2.7200000286102295,3.111999988555908,17050
2026-02-06,3.003999948501587,3.24399995803833,2.880000114440918,2.9200000762939453,24375
2026-02-09,3.003999948501587,3.359999895095825,2.9639999866485596,2.9839999675750732,18400
2026-02-10,3.003999948501587,3.131999969482422,2.9200000762939453,3.068000078201294,12300
2026-02-11,2.944000005722046,3.2320001125335693,2.884000062942505,3.0360000133514404,10950
2026-02-12,2.7320001125335693,2.944000005722046,2.7320001125335693,2.880000114440918,19475
2026-02-13,2.803999900817871,2.880000114440918,2.700000047683716,2.7360000610351562,19375
2026-02-17,2.8919999599456787,3.0239999294281006,2.759999990463257,2.7720000743865967,6275
2026-02-18,2.696000099182129,2.871999979019165,2.624000072479248,2.803999900817871,29250
2026-02-19,2.7720000743865967,2.8399999141693115,2.6040000915527344,2.8399999141693115,13075
2026-02-20,2.5199999809265137,2.6559998989105225,2.4040000438690186,2.640000104904175,15025
2026-02-23,2.799999952316284,2.944000005722046,2.200000047683716,2.559999942779541,60650
2026-02-24,2.752000093460083,2.7960000038146973,2.5199999809265137,2.7839999198913574,21375
2026-02-25,2.8299999237060547,3.180000066757202,2.5,2.569999933242798,1133600
2026-02-26,2.7699999809265137,3.059999942779541,2.450000047683716,2.690000057220459,603900
2026-02-27,2.7100000381469727,2.759999990463257,2.559000015258789,2.5799999237060547,122600
2026-03-02,2.490000009536743,2.690000057220459,2.4200000762939453,2.569999933242798,54100
2026-03-03,3.0399999618530273,3.0399999618530273,2.450000047683716,2.490000009536743,189200
2026-03-04,2.869999885559082,3.059999942779541,2.76200008392334,2.9700000286102295,46300
2026-03-05,2.859999895095825,2.859999895095825,2.625,2.7950000762939453,76400
2026-03-06,2.759999990463257,2.8510000705718994,2.6500000953674316,2.809999942779541,19600
2026-03-09,2.5,2.746000051498413,2.4600000381469727,2.746000051498413,34500
2026-03-10,2.680000066757202,2.759999990463257,2.549999952316284,2.630000114440918,491100
2026-03-11,2.700000047683716,2.7799999713897705,2.559999942779541,2.559999942779541,31500
2026-03-12,2.859999895095825,2.950000047683716,2.569999933242798,2.5999999046325684,51800
2026-03-13,2.740000009536743,2.9100000858306885,2.7100000381469727,2.890000104904175,151700
2026-03-16,2.799999952316284,2.940000057220459,2.700000047683716,2.940000057220459,61900
2026-03-17,3.049999952316284,3.111999988555908,2.815000057220459,2.9800000190734863,62600
2026-03-18,3.1700000762939453,3.1700000762939453,3.0,3.059999942779541,49200
2026-03-19,3.109999895095825,3.1600000858306885,2.9600000381469727,3.1500000953674316,25900
2026-03-20,2.9000000953674316,3.049999952316284,2.700000047683716,3.049999952316284,43300
2026-03-23,3.190000057220459,3.190000057220459,3.0,3.0,28000
2026-03-24,3.140000104904175,3.1600000858306885,3.0299999713897705,3.0899999141693115,7200
2026-03-25,3.140000104904175,3.184999942779541,3.0,3.130000114440918,11400
2026-03-26,3.0799999237060547,3.140000104904175,3.0,3.130000114440918,6500
2026-03-27,3.0799999237060547,3.0799999237060547,3.0,3.0399999618530273,16100
2026-03-30,3.0399999618530273,3.2100000381469727,3.0,3.0250000953674316,15200
2026-03-31,3.059999942779541,3.059999942779541,3.009999990463257,3.009999990463257,5900
2026-04-01,3.140000104904175,3.1500000953674316,3.059999942779541,3.125999927520752,3100
2026-04-02,3.5199999809265137,3.5999999046325684,2.799999952316284,3.0799999237060547,86200
2026-04-06,3.7100000381469727,3.7899999618530273,3.200000047683716,3.5199999809265137,73300
2026-04-07,3.490000009536743,3.619999885559082,3.4000000953674316,3.619999885559082,35900
2026-04-08,,,,,11502
