Date,close,high,low,open,volume
2014-01-02,297.5,297.5,297.5,297.5,1
2014-01-03,325.125,352.75,325.125,352.75,3
2014-01-06,340.0,340.0,318.75,340.0,3
2014-01-07,340.0,340.0,340.0,340.0,0
2014-01-08,361.25,361.25,340.0,340.0,24
2014-01-09,340.0,361.25,318.75,361.25,76
2014-01-10,331.5,340.0,306.0,340.0,14
2014-01-13,310.25,327.25,310.25,327.25,7
2014-01-14,310.25,310.25,310.25,310.25,0
2014-01-15,301.75,306.0,301.75,306.0,7
2014-01-16,299.625,310.25,299.625,310.25,5
2014-01-17,306.0,376.125,306.0,376.125,3
2014-01-21,350.625,361.25,293.25,297.5,47
2014-01-22,340.0,344.25,330.6499938964844,330.6499938964844,7
2014-01-23,297.5,314.5,276.25,299.625,113
2014-01-24,297.5,297.5,276.25,276.25,98
2014-01-27,297.5,297.5,297.5,297.5,0
2014-01-28,297.5,297.5,297.5,297.5,16
2014-01-29,297.92498779296875,340.0,297.5,297.5,20
2014-01-30,297.5,297.92498779296875,297.5,297.92498779296875,14
2014-01-31,297.5,297.5,297.5,297.5,14
2014-02-03,321.29998779296875,403.75,321.29998779296875,335.75,31
2014-02-04,334.8999938964844,340.0,318.75,340.0,10
2014-02-05,318.75,318.75,308.125,308.125,10
2014-02-06,297.5,318.75,297.5,318.75,11
2014-02-07,297.5,297.5,297.5,297.5,0
2014-02-10,318.75,325.125,318.75,325.125,4
2014-02-11,318.75,318.75,276.25,297.5,26
2014-02-12,298.3500061035156,298.3500061035156,298.3500061035156,298.3500061035156,2
2014-02-13,306.0,307.70001220703125,298.3500061035156,298.3500061035156,16
2014-02-14,297.92498779296875,298.3500061035156,297.92498779296875,298.3500061035156,8
2014-02-18,225.25,297.5,212.5,297.5,304
2014-02-19,217.1750030517578,255.0,217.1750030517578,233.75,42
2014-02-20,233.75,233.75,216.75,217.1750030517578,50
2014-02-21,255.0,255.0,242.25,242.25,75
2014-02-24,261.375,272.0,240.97500610351562,255.0,165
2014-02-25,242.25,250.75,242.25,250.75,72
2014-02-26,282.625,284.32501220703125,242.25,242.25,149
2014-02-27,295.375,297.5,276.25,276.25,10
2014-02-28,265.625,297.5,255.0,297.5,29
2014-03-03,297.5,297.5,297.5,297.5,0
2014-03-04,245.64999389648438,281.3500061035156,245.64999389648438,281.3500061035156,3
2014-03-05,294.5249938964844,295.79998779296875,246.5,271.1499938964844,15
2014-03-06,292.82501220703125,292.82501220703125,292.82501220703125,292.82501220703125,0
2014-03-07,318.75,340.0,290.2749938964844,290.2749938964844,70
2014-03-10,382.5,420.75,318.75,318.75,72
2014-03-11,318.75,382.5,318.75,382.5,9
2014-03-12,319.6000061035156,319.6000061035156,319.6000061035156,319.6000061035156,5
2014-03-13,340.0,382.5,340.0,382.5,30
2014-03-14,335.75,340.0,327.25,340.0,30
2014-03-17,320.0249938964844,378.25,320.0249938964844,378.25,3
2014-03-18,320.0249938964844,320.0249938964844,320.0249938964844,320.0249938964844,3
2014-03-19,320.0249938964844,320.45001220703125,320.0249938964844,320.45001220703125,3
2014-03-20,320.0249938964844,320.0249938964844,320.0249938964844,320.0249938964844,4
2014-03-21,373.57501220703125,374.0,318.75,318.75,45
2014-03-24,378.25,382.5,340.0,382.5,89
2014-03-25,382.5,382.5,378.25,378.25,50
2014-03-26,297.5,361.25,297.5,340.42498779296875,59
2014-03-27,340.0,382.5,340.0,340.0,95
2014-03-28,420.32501220703125,420.75,298.3500061035156,350.625,59
2014-03-31,340.42498779296875,420.32501220703125,340.42498779296875,420.32501220703125,13
2014-04-01,297.92498779296875,386.75,297.92498779296875,374.0,37
2014-04-02,359.125,359.125,318.75,318.75,26
2014-04-03,340.0,359.125,319.17498779296875,359.125,19
2014-04-04,318.75,319.17498779296875,318.75,318.75,23
2014-04-07,323.0,367.625,323.0,340.0,24
2014-04-08,323.42498779296875,323.42498779296875,323.42498779296875,323.42498779296875,5
2014-04-09,323.0,340.0,323.0,340.0,7
2014-04-10,348.92498779296875,403.75,329.79998779296875,381.2250061035156,60
2014-04-11,403.32501220703125,420.75,352.75,420.75,10
2014-04-14,369.75,369.75,369.75,369.75,7
2014-04-15,369.75,369.75,369.75,369.75,0
2014-04-16,378.25,425.0,369.75,420.75,23
2014-04-17,361.25,378.25,361.25,378.25,12
2014-04-21,382.5,382.5,361.25,361.25,7
2014-04-22,361.25,361.25,361.25,361.25,6
2014-04-23,289.0,382.5,289.0,371.875,179
2014-04-24,340.0,340.0,318.75,318.75,11
2014-04-25,359.54998779296875,359.54998779296875,282.625,318.75,27
2014-04-28,352.32501220703125,356.57501220703125,283.4750061035156,328.1000061035156,42
2014-04-29,282.625,306.0,282.625,306.0,26
2014-04-30,297.5,352.32501220703125,297.5,340.0,40
2014-05-01,297.5,297.5,297.5,297.5,3
2014-05-02,297.5,297.5,297.5,297.5,0
2014-05-05,297.5,297.5,297.5,297.5,0
2014-05-06,297.5,334.8999938964844,297.5,334.8999938964844,8
2014-05-07,326.3999938964844,328.95001220703125,297.5,297.5,10
2014-05-08,326.3999938964844,326.3999938964844,326.3999938964844,326.3999938964844,0
2014-05-09,326.3999938964844,326.3999938964844,326.3999938964844,326.3999938964844,0
2014-05-12,325.9750061035156,326.3999938964844,325.9750061035156,326.3999938964844,3
2014-05-13,325.9750061035156,325.9750061035156,325.9750061035156,325.9750061035156,0
2014-05-14,339.57501220703125,339.57501220703125,339.57501220703125,339.57501220703125,1
2014-05-15,339.57501220703125,339.57501220703125,339.57501220703125,339.57501220703125,0
2014-05-16,339.57501220703125,339.57501220703125,339.57501220703125,339.57501220703125,0
2014-05-19,297.5,297.5,293.25,297.5,17
2014-05-20,261.375,301.75,261.375,301.75,67
2014-05-21,246.5,276.25,174.25,255.0,63
2014-05-22,255.0,276.25,244.375,244.375,74
2014-05-23,255.0,255.0,255.0,255.0,0
2014-05-27,289.0,289.0,259.25,259.25,107
2014-05-28,297.5,297.5,269.875,284.75,59
2014-05-29,255.0,289.0,238.0,238.0,64
2014-05-30,234.1750030517578,238.0,233.75,233.75,77
2014-06-02,184.02499389648438,235.875,184.02499389648438,233.75,76
2014-06-03,216.75,216.75,216.75,216.75,0
2014-06-04,216.75,216.75,216.75,216.75,16
2014-06-05,183.60000610351562,212.5,183.60000610351562,200.1750030517578,23
2014-06-06,191.25,191.25,170.0,190.8249969482422,25
2014-06-09,212.5,212.5,170.0,170.0,42
2014-06-10,212.5,212.5,212.5,212.5,0
2014-06-11,191.25,191.25,191.25,191.25,2
2014-06-12,191.25,191.25,191.25,191.25,0
2014-06-13,201.875,211.64999389648438,201.875,211.64999389648438,6
2014-06-16,201.875,201.875,201.875,201.875,0
2014-06-17,204.0,211.64999389648438,201.875,201.875,70
2014-06-18,199.75,208.25,199.75,208.25,5
2014-06-19,199.75,199.75,199.75,199.75,0
2014-06-20,195.5,195.5,195.5,195.5,7
2014-06-23,195.5,195.5,195.5,195.5,0
2014-06-24,199.75,199.75,189.125,189.125,12
2014-06-25,178.5,179.77499389648438,178.5,179.77499389648438,9
2014-06-26,170.0,182.3249969482422,149.1750030517578,182.3249969482422,44
2014-06-27,170.0,170.0,170.0,170.0,0
2014-06-30,170.0,170.0,170.0,170.0,1
2014-07-01,199.3249969482422,199.75,170.0,170.0,86
2014-07-02,199.3249969482422,199.3249969482422,199.3249969482422,199.3249969482422,0
2014-07-03,191.25,199.75,184.875,184.875,19
2014-07-07,191.25,191.25,191.25,191.25,8
2014-07-08,191.25,191.25,191.25,191.25,12
2014-07-09,191.25,191.25,191.25,191.25,0
2014-07-10,191.25,191.25,191.25,191.25,2
2014-07-11,191.25,191.25,191.25,191.25,0
2014-07-14,191.25,191.25,170.85000610351562,170.85000610351562,8
2014-07-15,191.25,191.25,191.25,191.25,0
2014-07-16,170.0,170.0,170.0,170.0,9
2014-07-17,199.75,199.75,187.0,189.97500610351562,71
2014-07-18,199.75,199.75,199.75,199.75,0
2014-07-21,199.75,202.72500610351562,181.0500030517578,202.72500610351562,59
2014-07-22,199.75,199.75,199.75,199.75,5
2014-07-23,199.75,199.75,182.75,182.75,45
2014-07-24,212.5,212.5,212.5,212.5,14
2014-07-25,191.25,212.5,178.5,178.5,16
2014-07-28,206.5500030517578,216.75,206.5500030517578,212.0749969482422,193
2014-07-29,178.9250030517578,212.5,178.9250030517578,209.52499389648438,30
2014-07-30,195.5,195.5,195.5,195.5,0
2014-07-31,212.5,212.5,202.3000030517578,212.0749969482422,63
2014-08-01,212.5,212.5,201.875,201.875,226
2014-08-04,212.5,255.0,212.5,254.5749969482422,402
2014-08-05,212.5,212.5,212.5,212.5,0
2014-08-06,216.75,229.5,212.5,212.5,154
2014-08-07,297.5,297.5,209.10000610351562,216.75,45
2014-08-08,340.0,340.0,206.5500030517578,291.54998779296875,169
2014-08-11,454.75,510.0,340.0,340.0,245
2014-08-12,378.25,467.5,352.75,437.75,187
2014-08-13,378.25,394.82501220703125,310.25,394.82501220703125,167
2014-08-14,340.0,340.0,297.5,310.25,73
2014-08-15,348.5,361.25,348.5,361.25,4
2014-08-18,318.75,318.75,318.75,318.75,0
2014-08-19,344.25,344.25,318.75,318.75,1
2014-08-20,340.0,340.0,340.0,340.0,7
2014-08-21,340.0,369.75,340.0,340.0,47
2014-08-22,340.0,340.0,340.0,340.0,0
2014-08-25,318.75,318.75,318.75,318.75,3
2014-08-26,317.8999938964844,317.8999938964844,276.25,297.5,41
2014-08-27,260.5249938964844,260.5249938964844,260.5249938964844,260.5249938964844,5
2014-08-28,359.125,359.125,276.25,276.25,15
2014-08-29,297.5,359.125,280.5,359.125,31
2014-09-02,297.5,297.5,297.5,297.5,0
2014-09-03,297.5,297.5,297.5,297.5,0
2014-09-04,297.5,297.5,297.5,297.5,0
2014-09-05,297.5,297.5,294.1000061035156,294.1000061035156,4
2014-09-08,297.5,297.5,289.0,294.1000061035156,6
2014-09-09,297.5,297.5,297.5,297.5,11
2014-09-10,289.0,289.0,274.54998779296875,289.0,4
2014-09-11,265.625,339.57501220703125,265.625,297.5,147
2014-09-12,255.0,339.1499938964844,255.0,307.70001220703125,101
2014-09-15,250.75,255.0,250.75,255.0,59
2014-09-16,255.0,255.0,242.25,243.52499389648438,31
2014-09-17,265.625,265.625,238.0,246.5,17
2014-09-18,251.1750030517578,276.25,251.1750030517578,276.25,19
2014-09-19,236.3000030517578,251.60000610351562,236.3000030517578,251.60000610351562,49
2014-09-22,233.75,236.3000030517578,233.75,236.3000030517578,49
2014-09-23,216.75,217.1750030517578,212.5,217.1750030517578,50
2014-09-24,216.75,216.75,216.75,216.75,1
2014-09-25,216.75,221.0,216.75,216.75,35
2014-09-26,212.9250030517578,212.9250030517578,212.9250030517578,212.9250030517578,0
2014-09-29,216.75,216.75,216.75,216.75,1
2014-09-30,208.25,212.5,208.25,212.5,13
2014-10-01,184.875,212.5,184.875,212.5,58
2014-10-02,178.5,212.5,178.5,184.875,33
2014-10-03,178.5,178.5,178.5,178.5,12
2014-10-06,190.8249969482422,190.8249969482422,190.8249969482422,190.8249969482422,0
2014-10-07,178.5,178.5,170.0,170.0,14
2014-10-08,148.3249969482422,178.5,127.5,178.5,134
2014-10-09,167.875,174.25,150.02499389648438,174.25,7
2014-10-10,170.0,178.5,163.625,167.875,38
2014-10-13,170.4250030517578,176.375,170.4250030517578,176.375,6
2014-10-14,170.4250030517578,170.4250030517578,170.4250030517578,170.4250030517578,0
2014-10-15,170.0,170.0,170.0,170.0,5
2014-10-16,170.0,170.0,170.0,170.0,0
2014-10-17,170.0,170.0,170.0,170.0,0
2014-10-20,170.0,178.5,170.0,178.5,14
2014-10-21,170.0,170.0,170.0,170.0,14
2014-10-22,176.375,176.375,170.0,170.0,12
2014-10-23,186.5749969482422,186.5749969482422,186.5749969482422,186.5749969482422,16
2014-10-24,170.0,170.4250030517578,170.0,170.4250030517578,3
2014-10-27,170.0,170.0,170.0,170.0,0
2014-10-28,177.64999389648438,177.64999389648438,157.6750030517578,157.6750030517578,17
2014-10-29,170.0,170.0,149.60000610351562,164.0500030517578,75
2014-10-30,170.0,170.0,170.0,170.0,0
2014-10-31,149.1750030517578,149.1750030517578,149.1750030517578,149.1750030517578,9
2014-11-03,149.1750030517578,149.1750030517578,149.1750030517578,149.1750030517578,0
2014-11-04,178.5,178.5,136.0,136.0,102
2014-11-05,178.5,178.5,157.6750030517578,157.6750030517578,10
2014-11-06,185.3000030517578,185.3000030517578,185.3000030517578,185.3000030517578,0
2014-11-07,178.5,178.5,178.5,178.5,3
2014-11-10,159.375,159.375,157.6750030517578,157.6750030517578,7
2014-11-11,157.6750030517578,165.75,157.6750030517578,157.6750030517578,32
2014-11-12,165.3249969482422,165.3249969482422,157.25,157.25,4
2014-11-13,165.3249969482422,165.3249969482422,165.3249969482422,165.3249969482422,1
2014-11-14,165.3249969482422,165.3249969482422,165.3249969482422,165.3249969482422,2
2014-11-17,148.75,165.3249969482422,148.75,165.3249969482422,31
2014-11-18,148.75,148.75,148.75,148.75,39
2014-11-19,142.8000030517578,148.75,136.4250030517578,148.75,5
2014-11-20,136.0,137.27499389648438,136.0,137.27499389648438,8
2014-11-21,136.0,136.0,136.0,136.0,8
2014-11-24,132.1750030517578,136.0,132.1750030517578,136.0,26
2014-11-25,136.0,136.0,136.0,136.0,47
2014-11-26,136.0,136.0,136.0,136.0,0
2014-11-28,136.0,136.0,136.0,136.0,0
2014-12-01,127.5,132.1750030517578,127.5,132.1750030517578,62
2014-12-02,114.75,127.07499694824219,110.92500305175781,127.07499694824219,58
2014-12-03,110.5,123.25,110.5,118.57499694824219,81
2014-12-04,117.7249984741211,126.2249984741211,109.2249984741211,123.25,9
2014-12-05,119.0,119.0,110.5,110.5,35
2014-12-08,110.5,123.25,109.2249984741211,119.0,54
2014-12-09,110.5,110.5,110.5,110.5,56
2014-12-10,110.5,110.5,110.5,110.5,8
2014-12-11,108.375,108.375,108.375,108.375,2
2014-12-12,108.375,108.375,108.375,108.375,0
2014-12-15,110.5,110.5,110.07499694824219,110.07499694824219,28
2014-12-16,110.5,110.5,110.5,110.5,0
2014-12-17,108.375,110.92500305175781,93.92500305175781,110.92500305175781,22
2014-12-18,68.0,85.0,68.0,85.0,62
2014-12-19,72.25,114.75,72.25,113.9000015258789,149
2014-12-22,85.0,85.0,63.75,72.25,40
2014-12-23,105.82499694824219,105.82499694824219,85.42500305175781,91.80000305175781,36
2014-12-24,105.4000015258789,105.4000015258789,85.42500305175781,87.125,36
2014-12-26,85.0,85.0,85.0,85.0,0
2014-12-29,105.82499694824219,105.82499694824219,76.5,85.0,21
2014-12-30,85.0,95.625,85.0,85.0,24
2014-12-31,88.82499694824219,88.82499694824219,85.0,87.9749984741211,76
2015-01-02,88.82499694824219,88.82499694824219,88.82499694824219,88.82499694824219,0
2015-01-05,89.25,89.25,85.0,85.0,6
2015-01-06,89.25,89.25,89.25,89.25,12
2015-01-07,97.32499694824219,97.32499694824219,76.92500305175781,76.92500305175781,27
2015-01-08,93.5,97.32499694824219,93.5,97.32499694824219,17
2015-01-09,106.25,108.375,97.75,97.75,30
2015-01-12,116.875,116.875,116.875,116.875,4
2015-01-13,127.5,127.5,119.0,119.0,23
2015-01-14,187.0,187.0,140.25,140.25,59
2015-01-15,180.625,180.625,180.625,180.625,5
2015-01-16,170.0,171.6999969482422,122.82499694824219,123.25,80
2015-01-20,170.0,170.0,170.0,170.0,0
2015-01-21,169.5749969482422,170.0,123.25,170.0,32
2015-01-22,139.8249969482422,170.0,139.8249969482422,169.14999389648438,10
2015-01-23,139.8249969482422,139.8249969482422,139.8249969482422,139.8249969482422,0
2015-01-26,127.5,139.8249969482422,127.5,139.8249969482422,5
2015-01-27,119.0,123.67500305175781,119.0,123.67500305175781,73
2015-01-28,127.5,127.5,108.375,108.375,32
2015-01-29,127.5,147.89999389648438,127.5,147.89999389648438,31
2015-01-30,127.5,127.5,127.5,127.5,0
2015-02-02,127.5,147.89999389648438,107.94999694824219,107.94999694824219,22
2015-02-03,127.5,127.5,127.5,127.5,0
2015-02-04,129.1999969482422,148.3249969482422,122.4000015258789,124.94999694824219,66
2015-02-05,127.5,127.5,127.5,127.5,2
2015-02-06,127.5,127.5,127.5,127.5,0
2015-02-09,122.4000015258789,122.4000015258789,122.4000015258789,122.4000015258789,2
2015-02-10,106.25,124.94999694824219,106.25,124.94999694824219,19
2015-02-11,106.25,106.25,106.25,106.25,0
2015-02-12,106.25,106.25,106.25,106.25,0
2015-02-13,106.25,106.25,106.25,106.25,16
2015-02-17,102.0,110.5,102.0,110.5,41
2015-02-18,105.82499694824219,107.0999984741211,105.82499694824219,106.25,16
2015-02-19,105.82499694824219,105.82499694824219,105.82499694824219,105.82499694824219,0
2015-02-20,102.0,103.69999694824219,102.0,103.69999694824219,3
2015-02-23,102.0,102.0,102.0,102.0,0
2015-02-24,93.5,94.7750015258789,89.25,89.25,6
2015-02-25,95.625,95.625,85.42500305175781,89.25,17
2015-02-26,85.0,85.0,85.0,85.0,14
2015-02-27,71.82499694824219,85.0,63.75,85.0,29
2015-03-02,57.375,71.82499694824219,57.375,71.82499694824219,5
2015-03-03,61.625,63.75,42.5,63.75,140
2015-03-04,61.625,61.625,61.625,61.625,0
2015-03-05,53.125,53.125,48.875,48.875,4
2015-03-06,53.125,53.125,48.025001525878906,48.025001525878906,9
2015-03-09,85.0,97.75,51.0,53.125,167
2015-03-10,114.75,114.75,76.5,85.0,43
2015-03-11,148.75,150.02499389648438,85.0,85.0,50
2015-03-12,148.75,148.75,127.5,133.875,29
2015-03-13,148.75,148.75,148.75,148.75,0
2015-03-16,148.75,148.75,148.75,148.75,0
2015-03-17,148.75,148.75,133.875,133.875,44
2015-03-18,127.5,128.77499389648438,127.5,128.77499389648438,3
2015-03-19,127.5,127.5,127.5,127.5,0
2015-03-20,123.25,131.75,123.25,131.75,3
2015-03-23,119.42500305175781,121.55000305175781,119.42500305175781,121.55000305175781,4
2015-03-24,110.5,111.3499984741211,110.5,111.3499984741211,22
2015-03-25,110.5,110.5,110.5,110.5,0
2015-03-26,106.25,111.3499984741211,106.25,111.3499984741211,8
2015-03-27,97.75,99.44999694824219,97.75,99.44999694824219,39
2015-03-30,97.75,97.75,97.75,97.75,0
2015-03-31,93.5,98.5999984741211,93.5,98.5999984741211,13
2015-04-01,97.75,97.75,97.75,97.75,2
2015-04-02,89.25,90.0999984741211,89.25,90.0999984741211,7
2015-04-06,89.25,90.0999984741211,89.25,90.0999984741211,24
2015-04-07,92.6500015258789,92.6500015258789,92.6500015258789,92.6500015258789,5
2015-04-08,89.25,89.67500305175781,89.25,89.25,36
2015-04-09,89.25,89.25,89.25,89.25,31
2015-04-10,89.25,89.67500305175781,89.25,89.67500305175781,14
2015-04-13,89.25,89.25,89.25,89.25,24
2015-04-14,85.42500305175781,89.25,85.42500305175781,89.25,52
2015-04-15,85.42500305175781,85.8499984741211,85.42500305175781,85.8499984741211,24
2015-04-16,88.82499694824219,88.82499694824219,85.0,85.8499984741211,59
2015-04-17,72.25,85.0,72.25,85.0,37
2015-04-20,76.5,76.5,76.5,76.5,52
2015-04-21,76.5,76.5,76.5,76.5,0
2015-04-22,64.17500305175781,66.7249984741211,64.17500305175781,66.7249984741211,5
2015-04-23,67.1500015258789,67.1500015258789,67.1500015258789,67.1500015258789,0
2015-04-24,66.30000305175781,67.1500015258789,63.75,67.1500015258789,29
2015-04-27,66.30000305175781,66.30000305175781,66.30000305175781,66.30000305175781,0
2015-04-28,64.17500305175781,66.30000305175781,64.17500305175781,66.30000305175781,26
2015-04-29,63.75,63.75,63.75,63.75,8
2015-04-30,59.92499923706055,59.92499923706055,42.5,55.25,34
2015-05-01,51.0,51.0,51.0,51.0,21
2015-05-04,55.25,55.25,47.17499923706055,55.25,59
2015-05-05,55.25,55.67499923706055,55.25,55.67499923706055,24
2015-05-06,54.82500076293945,55.67499923706055,54.82500076293945,55.25,8
2015-05-07,54.400001525878906,54.82500076293945,54.400001525878906,54.82500076293945,4
2015-05-08,53.974998474121094,53.974998474121094,53.974998474121094,53.974998474121094,2
2015-05-11,53.974998474121094,53.974998474121094,53.974998474121094,53.974998474121094,26
2015-05-12,54.400001525878906,54.400001525878906,54.400001525878906,54.400001525878906,2
2015-05-13,54.400001525878906,54.400001525878906,54.400001525878906,54.400001525878906,2
2015-05-14,54.400001525878906,54.400001525878906,54.400001525878906,54.400001525878906,9
2015-05-15,54.400001525878906,54.400001525878906,54.400001525878906,54.400001525878906,2
2015-05-18,54.400001525878906,54.400001525878906,54.400001525878906,54.400001525878906,2
2015-05-19,42.5,51.42499923706055,42.5,51.42499923706055,33
2015-05-20,34.0,43.775001525878906,34.0,42.5,31
2015-05-21,34.0,34.0,34.0,34.0,0
2015-05-22,34.0,38.25,34.0,38.25,38
2015-05-26,35.70000076293945,36.54999923706055,34.0,36.54999923706055,37
2015-05-27,34.0,36.54999923706055,34.0,35.70000076293945,126
2015-05-28,37.400001525878906,37.400001525878906,36.125,36.125,109
2015-05-29,38.25,38.25,37.400001525878906,37.400001525878906,31
2015-06-01,51.42499923706055,52.70000076293945,39.099998474121094,39.099998474121094,46
2015-06-02,42.5,51.42499923706055,42.5,51.42499923706055,40
2015-06-03,42.5,42.92499923706055,42.5,42.92499923706055,38
2015-06-04,34.42499923706055,42.5,34.42499923706055,42.5,21
2015-06-05,38.25,39.099998474121094,38.25,39.099998474121094,88
2015-06-08,38.25,38.25,38.25,38.25,0
2015-06-09,26.774999618530273,26.774999618530273,26.774999618530273,26.774999618530273,3
2015-06-10,26.774999618530273,26.774999618530273,26.774999618530273,26.774999618530273,0
2015-06-11,42.07500076293945,42.07500076293945,42.07500076293945,42.07500076293945,0
2015-06-12,42.07500076293945,42.07500076293945,42.07500076293945,42.07500076293945,0
2015-06-15,40.79999923706055,40.79999923706055,40.79999923706055,40.79999923706055,8
2015-06-16,40.79999923706055,40.79999923706055,40.79999923706055,40.79999923706055,0
2015-06-17,42.5,42.5,42.5,42.5,32
2015-06-18,61.625,82.875,42.5,42.5,312
2015-06-19,59.5,70.125,51.0,61.625,108
2015-06-22,106.67500305175781,403.75,70.125,74.375,674
2015-06-23,176.375,191.25,110.5,127.5,184
2015-06-24,227.375,286.875,191.25,191.25,114
2015-06-25,191.25,229.5,178.5,229.5,82
2015-06-26,184.875,197.625,170.85000610351562,197.625,61
2015-06-29,187.0,191.25,170.0,183.60000610351562,35
2015-06-30,197.1999969482422,197.1999969482422,170.0,182.75,182
2015-07-01,191.25,212.5,191.25,212.5,41
2015-07-02,182.75,191.25,178.5,189.97500610351562,36
2015-07-06,155.125,182.75,155.125,182.75,31
2015-07-07,161.5,161.5,161.5,161.5,6
2015-07-08,170.0,178.5,164.89999389648438,170.0,24
2015-07-09,204.0,204.0,178.5,178.5,67
2015-07-10,190.8249969482422,190.8249969482422,165.75,166.1750030517578,14
2015-07-13,191.25,191.25,167.875,191.25,11
2015-07-14,168.3000030517578,168.3000030517578,168.3000030517578,168.3000030517578,2
2015-07-15,211.22500610351562,212.5,186.5749969482422,186.5749969482422,81
2015-07-16,297.5,297.5,221.0,246.5,56
2015-07-17,293.25,297.5,276.25,297.5,25
2015-07-20,306.0,306.0,276.25,293.25,22
2015-07-21,242.25,306.0,85.0,306.0,74
2015-07-22,267.75,267.75,177.22500610351562,231.1999969482422,11
2015-07-23,267.0,267.0,267.0,267.0,4
2015-07-24,267.0,267.0,267.0,267.0,0
2015-07-27,225.0,225.0,225.0,225.0,44
2015-07-28,246.5,246.5,246.5,246.5,2
2015-07-29,245.0,245.0,245.0,245.0,46
2015-07-30,275.0,294.0,275.0,294.0,8
2015-07-31,275.0,293.0,275.0,293.0,12
2015-08-03,260.0,277.5,260.0,277.5,12
2015-08-04,300.0,300.0,275.0,275.0,36
2015-08-05,287.5,310.0,287.5,300.0,18
2015-08-06,288.5,289.6499938964844,287.5,287.5,22
2015-08-07,288.5,288.5,288.5,288.5,0
2015-08-10,288.5,288.5,288.5,288.5,0
2015-08-11,288.5,288.5,288.5,288.5,0
2015-08-12,213.0,275.0,213.0,275.0,58
2015-08-13,237.5,237.5,237.5,237.5,6
2015-08-14,237.5,237.5,237.5,237.5,0
2015-08-17,250.0,250.0,237.5,237.5,8
2015-08-18,250.0,250.0,250.0,250.0,0
2015-08-19,250.0,250.0,250.0,250.0,0
2015-08-20,250.0,250.0,250.0,250.0,0
2015-08-21,200.0,225.0,200.0,225.0,32
2015-08-24,187.0,225.0,187.0,225.0,26
2015-08-25,194.5,194.5,192.5,192.5,8
2015-08-26,194.5,194.5,194.5,194.5,0
2015-08-27,175.0,180.0,175.0,180.0,22
2015-08-28,185.0,185.5,185.0,185.5,66
2015-08-31,185.5,185.5,185.5,185.5,4
2015-09-01,184.5,184.5,184.5,184.5,4
2015-09-02,184.5,184.5,184.5,184.5,0
2015-09-03,184.5,184.5,184.5,184.5,0
2015-09-04,184.5,184.5,184.5,184.5,0
2015-09-08,157.5,172.5,157.5,172.5,14
2015-09-09,175.0,175.0,125.0,147.5,32
2015-09-10,162.5,165.0,100.0,165.0,162
2015-09-11,162.5,162.5,162.5,162.5,0
2015-09-14,162.5,162.5,162.5,162.5,0
2015-09-15,150.0,150.0,120.0,120.5,48
2015-09-16,150.0,150.0,150.0,150.0,0
2015-09-17,145.0,145.0,125.0,130.0,26
2015-09-18,137.5,138.5,137.5,137.5,12
2015-09-21,137.5,150.0,137.5,146.5,98
2015-09-22,121.0,141.0,121.0,141.0,34
2015-09-23,132.0,132.0,120.0,120.0,10
2015-09-24,107.5,131.5,107.5,131.5,28
2015-09-25,111.5,112.0,100.0,100.0,32
2015-09-28,75.0,125.0,75.0,112.0,58
2015-09-29,105.0,105.0,65.5,88.5,152
2015-09-30,125.0,150.0,105.0,124.5,116
2015-10-01,97.5,147.0,87.5,147.0,78
2015-10-02,100.0,110.0,85.0,97.5,104
2015-10-05,100.0,100.0,100.0,100.0,0
2015-10-06,100.0,100.0,100.0,100.0,20
2015-10-07,112.5,112.5,90.5,95.0,56
2015-10-08,117.5,124.5,112.5,112.5,54
2015-10-09,112.5,119.0,112.5,119.0,60
2015-10-12,112.5,112.5,112.5,112.5,4
2015-10-13,109.5,114.5,107.5,114.5,18
2015-10-14,95.5,109.5,95.5,108.0,40
2015-10-15,100.0,100.0,100.0,100.0,24
2015-10-16,95.0,100.0,95.0,100.0,14
2015-10-19,82.0,95.0,75.0,95.0,70
2015-10-20,75.0,85.0,75.0,80.0,32
2015-10-21,75.0,75.0,75.0,75.0,0
2015-10-22,75.0,75.0,75.0,75.0,0
2015-10-23,90.0,95.0,70.5,75.0,18
2015-10-26,90.0,90.0,90.0,90.0,4
2015-10-27,75.0,90.0,52.0,90.0,56
2015-10-28,75.0,75.0,75.0,75.0,4
2015-10-29,75.0,75.0,75.0,75.0,0
2015-10-30,75.0,75.0,75.0,75.0,0
2015-11-02,75.0,75.0,75.0,75.0,0
2015-11-03,74.5,74.5,74.5,74.5,4
2015-11-04,70.0,70.5,70.0,70.5,38
2015-11-05,75.0,80.0,67.5,67.5,98
2015-11-06,75.0,75.0,75.0,75.0,0
2015-11-09,90.0,90.0,70.0,80.0,106
2015-11-10,70.5,91.0,70.5,91.0,76
2015-11-11,75.5,75.5,72.5,72.5,6
2015-11-12,85.0,85.0,85.0,85.0,2
2015-11-13,85.0,85.0,85.0,85.0,10
2015-11-16,85.0,85.0,85.0,85.0,0
2015-11-17,85.0,85.0,85.0,85.0,0
2015-11-18,75.5,75.5,75.0,75.0,16
2015-11-19,75.5,75.5,75.5,75.5,8
2015-11-20,68.0,77.5,68.0,77.5,24
2015-11-23,70.0,70.0,70.0,70.0,16
2015-11-24,67.5,70.5,67.5,70.0,12
2015-11-25,66.0,66.5,66.0,66.5,20
2015-11-27,67.5,67.5,67.5,67.5,20
2015-11-30,77.5,77.5,70.0,70.0,4
2015-12-01,75.0,79.0,56.5,68.5,42
2015-12-02,65.0,65.0,65.0,65.0,44
2015-12-03,62.5,63.70000076293945,62.5,62.5,52
2015-12-04,58.0,65.0,58.0,65.0,104
2015-12-07,62.0,62.0,62.0,62.0,8
2015-12-08,55.0,58.0,55.0,58.0,16
2015-12-09,55.0,55.0,55.0,55.0,0
2015-12-10,49.0,54.5,48.5,48.5,54
2015-12-11,45.5,45.5,45.5,45.5,22
2015-12-14,37.5,37.5,37.5,37.5,20
2015-12-15,35.0,62.5,30.0,52.5,438
2015-12-16,35.0,35.0,35.0,35.0,0
2015-12-17,42.5,42.5,25.0,32.5,1738
2015-12-18,40.0,40.0,31.0,31.0,112
2015-12-21,37.5,42.5,35.0,42.5,136
2015-12-22,47.5,47.5,35.0,35.0,100
2015-12-23,71.5,72.0,50.0,50.0,56
2015-12-24,97.5,97.5,65.5,75.0,30
2015-12-28,107.5,107.5,95.0,97.5,212
2015-12-29,137.5,137.5,90.0,100.0,114
2015-12-30,125.0,125.0,125.0,125.0,36
2015-12-31,125.0,125.0,107.5,107.5,84
2016-01-04,125.0,125.0,125.0,125.0,0
2016-01-05,100.0,105.0,100.0,105.0,4
2016-01-06,62.5,87.5,62.5,87.5,80
2016-01-07,75.0,82.5,55.0,82.5,42
2016-01-08,74.5,74.5,52.5,52.5,14
2016-01-11,74.5,74.5,74.5,74.5,0
2016-01-12,74.5,74.5,74.5,74.5,0
2016-01-13,60.0,60.0,50.5,60.0,50
2016-01-14,75.0,75.0,60.0,60.0,6
2016-01-15,59.5,85.0,50.5,85.0,10
2016-01-19,37.75,74.5,37.5,37.5,46
2016-01-20,37.45000076293945,38.67499923706055,27.5,37.75,266
2016-01-21,37.45000076293945,37.45000076293945,37.45000076293945,37.45000076293945,40
2016-01-22,32.5,37.45000076293945,28.0,28.0,26
2016-01-25,37.45000076293945,37.45000076293945,28.0,28.0,92
2016-01-26,37.45000076293945,37.45000076293945,37.45000076293945,37.45000076293945,0
2016-01-27,40.0,40.0,30.0,32.0,198
2016-01-28,40.0,40.0,40.0,40.0,0
2016-01-29,37.5,37.5,37.5,37.5,20
2016-02-01,32.5,33.75,32.5,33.75,10
2016-02-02,30.0,30.0,30.0,30.0,20
2016-02-03,30.0,30.0,30.0,30.0,0
2016-02-04,32.5,32.5,32.5,32.5,2
2016-02-05,32.5,32.5,32.5,32.5,0
2016-02-08,32.5,32.5,32.5,32.5,62
2016-02-09,32.5,32.5,32.5,32.5,0
2016-02-10,28.0,28.0,28.0,28.0,8
2016-02-11,40.0,49.5,30.0,30.0,166
2016-02-12,40.0,40.0,40.0,40.0,0
2016-02-16,38.0,38.0,38.0,38.0,10
2016-02-17,38.0,38.0,38.0,38.0,0
2016-02-18,35.0,35.0,35.0,35.0,20
2016-02-19,35.0,35.0,35.0,35.0,0
2016-02-22,35.0,35.0,35.0,35.0,20
2016-02-23,25.0,30.0,25.0,27.5,120
2016-02-24,25.0,25.0,25.0,25.0,0
2016-02-25,30.0,37.5,25.0,25.0,312
2016-02-26,28.5,30.0,28.5,30.0,208
2016-02-29,25.0,28.5,25.0,28.5,132
2016-03-01,30.0,30.0,27.549999237060547,27.549999237060547,64
2016-03-02,29.0,35.0,28.655000686645508,35.0,28
2016-03-03,27.5,27.549999237060547,27.5,27.549999237060547,122
2016-03-04,27.5,27.5,27.5,27.5,6
2016-03-07,28.0,28.0,28.0,28.0,22
2016-03-08,28.0,29.0,28.0,29.0,24
2016-03-09,28.0,29.0,26.0,29.0,70
2016-03-10,28.0,28.950000762939453,28.0,28.0,330
2016-03-11,29.0,29.0,28.0,28.0,24
2016-03-14,28.0,30.0,28.0,30.0,282
2016-03-15,28.0,28.0,28.0,28.0,0
2016-03-16,28.0,28.0,28.0,28.0,0
2016-03-17,28.0,28.0,28.0,28.0,0
2016-03-18,25.0,25.860000610351562,25.0,25.860000610351562,120
2016-03-21,25.0,25.0,25.0,25.0,84
2016-03-22,25.0,25.0,25.0,25.0,0
2016-03-23,22.5,22.5,20.049999237060547,22.5,58
2016-03-24,21.549999237060547,25.0,17.5,20.25,384
2016-03-28,25.0,25.0,25.0,25.0,90
2016-03-29,25.0,25.0,25.0,25.0,152
2016-03-30,25.0,25.0,25.0,25.0,0
2016-03-31,27.5,30.0,27.5,30.0,76
2016-04-01,30.0,30.0,30.0,30.0,22
2016-04-04,27.5,29.950000762939453,27.5,29.950000762939453,40
2016-04-05,27.5,27.5,27.5,27.5,0
2016-04-06,27.5,27.5,27.5,27.5,0
2016-04-07,27.5,30.0,27.5,27.5,176
2016-04-08,29.0,30.0,27.0,29.0,176
2016-04-11,29.0,29.0,29.0,29.0,0
2016-04-12,30.0,37.5,25.5049991607666,27.5,394
2016-04-13,30.0,30.0,30.0,30.0,20
2016-04-14,37.45000076293945,37.5,30.0,30.0,240
2016-04-15,34.0,34.0,34.0,34.0,20
2016-04-18,27.4950008392334,32.5,25.5,32.5,198
2016-04-19,25.0,27.4950008392334,22.5,27.4950008392334,630
2016-04-20,24.9950008392334,24.9950008392334,22.5,22.5,280
2016-04-21,23.0,23.0,20.5,20.549999237060547,200
2016-04-22,24.5,24.5,24.5,24.5,60
2016-04-25,22.5,22.5,22.5,22.5,28
2016-04-26,20.5049991607666,20.5049991607666,20.5,20.5,100
2016-04-27,24.5,24.5,24.5,24.5,10
2016-04-28,22.5,24.5,22.4950008392334,24.5,102
2016-04-29,25.0,25.0,25.0,25.0,10
2016-05-02,17.0,20.5,15.5,20.5,984
2016-05-03,17.5,17.5,17.0049991607666,17.0049991607666,44
2016-05-04,15.0,17.0,15.0,17.0,274
2016-05-05,15.0,15.0,11.399999618530273,12.119999885559082,18
2016-05-06,12.550000190734863,15.0,12.550000190734863,15.0,420
2016-05-09,15.0,20.0,15.0,15.0,3438
2016-05-10,12.550000190734863,15.0,12.5,15.0,2102
2016-05-11,11.5,12.550000190734863,11.300000190734863,12.539999961853027,332
2016-05-12,12.5,12.5,12.494999885559082,12.494999885559082,1366
2016-05-13,12.5,12.5,12.380000114440918,12.380000114440918,54
2016-05-16,12.5,12.5,12.5,12.5,0
2016-05-17,12.5,12.5,12.5,12.5,10
2016-05-18,11.5,16.344999313354492,11.5,15.0,970
2016-05-19,10.0,11.5,8.75,11.5,638
2016-05-20,9.994999885559082,10.0,8.75,10.0,240
2016-05-23,6.75,10.0,6.75,10.0,504
2016-05-24,9.779999732971191,9.779999732971191,9.279999732971191,9.279999732971191,250
2016-05-25,9.779999732971191,9.779999732971191,9.550000190734863,9.550000190734863,32
2016-05-26,9.5,17.0,8.25,9.694999694824219,9386
2016-05-27,9.885000228881836,11.899999618530273,9.0,9.5,4524
2016-05-31,9.5,9.5,8.5,9.5,1256
2016-06-01,9.5,9.5,9.5,9.5,30
2016-06-02,8.149999618530273,9.5,8.149999618530273,9.5,358
2016-06-03,8.0,10.0,8.0,10.0,256
2016-06-06,9.25,9.5,8.0,8.0,430
2016-06-07,9.25,9.25,9.25,9.25,0
2016-06-08,8.0,8.0,8.0,8.0,100
2016-06-09,5.050000190734863,7.5,5.050000190734863,7.0,1108
2016-06-10,7.0,7.0,5.25,5.25,210
2016-06-13,7.0,7.0,7.0,7.0,0
2016-06-14,5.375,7.0,5.375,7.0,80
2016-06-15,6.0,6.0,6.0,6.0,36
2016-06-16,5.375,5.375,5.375,5.375,390
2016-06-17,5.375,5.375,5.375,5.375,0
2016-06-20,5.375,5.375,5.375,5.375,0
2016-06-21,5.375,5.375,5.375,5.375,0
2016-06-22,6.994999885559082,6.994999885559082,6.5,6.5,294
2016-06-23,6.994999885559082,7.5,6.994999885559082,6.994999885559082,1082
2016-06-24,7.0,7.0,7.0,7.0,118
2016-06-27,6.0,7.0,5.0,7.0,1004
2016-06-28,6.0,6.0,6.0,6.0,0
2016-06-29,6.5,6.5,5.994999885559082,6.0,776
2016-06-30,4.5,5.050000190734863,4.5,5.050000190734863,2180
2016-07-01,5.0,5.0,4.5,4.5,310
2016-07-05,5.0,5.0,5.0,5.0,46
2016-07-06,5.0,5.0,4.849999904632568,5.0,1222
2016-07-07,5.0,5.0,5.0,5.0,0
2016-07-08,4.0,4.5,3.5,4.5,2920
2016-07-11,3.799999952316284,3.799999952316284,3.5,3.5,584
2016-07-12,4.5,4.5,4.5,4.5,200
2016-07-13,4.0,4.0,4.0,4.0,200
2016-07-14,3.5,3.5,3.5,3.5,346
2016-07-15,3.5,3.5,3.5,3.5,0
2016-07-18,3.75,3.75,3.25,3.25,16
2016-07-19,4.5,4.5,3.25,3.674999952316284,680
2016-07-20,4.210000038146973,4.210000038146973,4.0,4.0,172
2016-07-21,4.994999885559082,6.0,4.5,4.5,1124
2016-07-22,4.5,5.0,4.5,5.0,802
2016-07-25,5.0,5.0,5.0,5.0,200
2016-07-26,5.0,5.0,4.0,5.0,1024
2016-07-27,5.0,5.0,4.994999885559082,5.0,914
2016-07-28,5.0,5.0,5.0,5.0,430
2016-07-29,6.0,6.0,5.0,5.0,3228
2016-08-01,8.75,8.75,6.989999771118164,6.989999771118164,934
2016-08-02,6.5,8.75,6.5,8.75,356
2016-08-03,8.744999885559082,8.75,8.244999885559082,8.25,142
2016-08-04,9.0,10.0,8.5,8.75,1724
2016-08-05,9.0,10.0,8.5,10.0,402
2016-08-08,9.0,10.5,9.0,10.5,280
2016-08-09,9.925000190734863,10.25,9.925000190734863,10.0,458
2016-08-10,11.5,11.75,9.0,9.949999809265137,892
2016-08-11,10.0,11.75,10.0,10.5,376
2016-08-12,9.0,9.0,9.0,9.0,514
2016-08-15,11.494999885559082,11.5,11.494999885559082,11.494999885559082,798
2016-08-16,10.0,10.925000190734863,7.5,10.399999618530273,198
2016-08-17,13.75,14.949999809265137,10.0,10.005000114440918,1552
2016-08-18,12.5,12.5,11.25,12.5,252
2016-08-19,12.5,12.5,12.0,12.5,218
2016-08-22,11.5,13.5,11.5,13.5,1296
2016-08-23,11.5,11.5,11.5,11.5,0
2016-08-24,11.449999809265137,11.449999809265137,7.5,7.505000114440918,1134
2016-08-25,7.5,7.5,7.0,7.0,6
2016-08-26,10.0,11.449999809265137,10.0,11.114999771118164,840
2016-08-29,12.494999885559082,13.5,10.0,10.0,510
2016-08-30,13.75,21.850000381469727,13.75,14.5,1396
2016-08-31,13.994999885559082,14.0,13.75,13.75,310
2016-09-01,15.0,17.5,14.050000190734863,14.050000190734863,510
2016-09-02,18.25,18.25,17.4950008392334,17.4950008392334,598
2016-09-06,14.050000190734863,18.25,14.050000190734863,18.25,536
2016-09-07,16.0,16.0,16.0,16.0,90
2016-09-08,16.0,16.0,16.0,16.0,0
2016-09-09,16.0,16.0,10.0,14.0,934
2016-09-12,16.0,16.0,11.994999885559082,11.994999885559082,108
2016-09-13,16.0,17.5,16.0,16.0,184
2016-09-14,17.7450008392334,17.75,10.0,13.920000076293945,1538
2016-09-15,17.7450008392334,17.7450008392334,17.7450008392334,17.7450008392334,0
2016-09-16,15.0,20.0,15.0,19.9950008392334,80
2016-09-19,18.5,18.5,16.5,16.5,632
2016-09-20,16.0,18.75,15.5,18.75,410
2016-09-21,16.75,19.9950008392334,16.75,16.75,1080
2016-09-22,19.4950008392334,19.5,19.4950008392334,19.5,40
2016-09-23,19.4950008392334,19.5,16.75,16.75,206
2016-09-26,19.2450008392334,19.25,17.5,17.5,90
2016-09-27,15.369999885559082,19.0,15.0,15.5,346
2016-09-28,19.0,19.0,16.0,16.0,320
2016-09-29,16.75,18.28499984741211,16.75,18.28499984741211,6
2016-09-30,16.75,16.75,16.75,16.75,0
2016-10-03,19.44499969482422,19.450000762939453,17.5,19.25,404
2016-10-04,19.25,19.25,16.75,19.25,152
2016-10-05,14.505000114440918,16.4950008392334,14.5,15.550000190734863,832
2016-10-06,14.505000114440918,15.5,14.5,15.494999885559082,544
2016-10-07,14.505000114440918,14.505000114440918,14.505000114440918,14.505000114440918,0
2016-10-10,13.704999923706055,13.704999923706055,13.704999923706055,13.704999923706055,2
2016-10-11,14.505000114440918,14.505000114440918,12.960000038146973,12.960000038146973,150
2016-10-12,14.854999542236328,19.25,12.5,16.75,300
2016-10-13,14.854999542236328,14.854999542236328,14.854999542236328,14.854999542236328,0
2016-10-14,15.0,15.0,14.420000076293945,14.420000076293945,50
2016-10-17,17.43000030517578,17.43000030517578,13.555000305175781,15.880000114440918,116
2016-10-18,17.43000030517578,17.43000030517578,15.880000114440918,15.880000114440918,52
2016-10-19,17.5,17.5,17.5,17.5,100
2016-10-20,13.5,13.600000381469727,12.119999885559082,13.555000305175781,460
2016-10-21,13.5,13.5,13.5,13.5,0
2016-10-24,12.75,12.850000381469727,10.0,10.5,444
2016-10-25,12.949999809265137,12.949999809265137,12.949999809265137,12.949999809265137,64
2016-10-26,13.0,13.0,13.0,13.0,10
2016-10-27,13.0,13.0,13.0,13.0,0
2016-10-28,17.0,17.0,11.0,11.0,266
2016-10-31,15.5,15.5,12.600000381469727,12.600000381469727,80
2016-11-01,15.5,15.5,15.5,15.5,0
2016-11-02,16.0,16.0,14.274999618530273,14.34000015258789,518
2016-11-03,16.0,16.0,16.0,16.0,0
2016-11-04,16.5,16.614999771118164,16.0,16.0,464
2016-11-07,12.5,12.649999618530273,11.625,12.604999542236328,392
2016-11-08,16.25,16.25,14.75,14.75,10
2016-11-09,13.5,13.5,13.055000305175781,13.055000305175781,58
2016-11-10,13.5,13.5,13.5,13.5,0
2016-11-11,13.5,13.5,9.75,11.625,464
2016-11-14,13.5,13.5,13.5,13.5,0
2016-11-15,13.100000381469727,13.100000381469727,12.399999618530273,12.399999618530273,52
2016-11-16,13.100000381469727,13.100000381469727,13.100000381469727,13.100000381469727,0
2016-11-17,15.899999618530273,15.899999618530273,13.095000267028809,13.100000381469727,300
2016-11-18,15.899999618530273,15.899999618530273,15.899999618530273,15.899999618530273,0
2016-11-21,10.5,10.5,10.5,10.5,80
2016-11-22,10.5,10.5,10.5,10.5,0
2016-11-23,10.805000305175781,10.805000305175781,10.0,10.0,164
2016-11-25,10.805000305175781,10.805000305175781,10.805000305175781,10.805000305175781,0
2016-11-28,13.5,13.5,9.0,9.0,188
2016-11-29,12.5,12.5,12.5,12.5,174
2016-11-30,11.5,11.5,10.0,10.0,686
2016-12-01,7.5,11.0,7.5,10.0,178
2016-12-02,10.0,11.0,9.0,11.0,472
2016-12-05,6.324999809265137,10.0,6.099999904632568,9.994999885559082,1994
2016-12-06,5.0,7.5,4.75,7.5,8344
2016-12-07,5.974999904632568,5.974999904632568,5.0,5.0,1584
2016-12-08,6.994999885559082,7.489999771118164,5.5,5.5,2226
2016-12-09,6.010000228881836,6.010000228881836,6.010000228881836,6.010000228881836,6
2016-12-12,6.949999809265137,7.0,6.59499979019165,6.59499979019165,124
2016-12-13,5.045000076293945,6.989999771118164,5.045000076293945,6.989999771118164,28
2016-12-14,7.0,7.0,5.5,5.5,12
2016-12-15,5.5,6.545000076293945,5.5,6.110000133514404,696
2016-12-16,5.050000190734863,5.050000190734863,5.050000190734863,5.050000190734863,48
2016-12-19,5.5,7.46999979019165,5.5,7.46999979019165,18
2016-12-20,7.46999979019165,7.46999979019165,7.46999979019165,7.46999979019165,66
2016-12-21,7.494999885559082,7.494999885559082,6.679999828338623,6.679999828338623,482
2016-12-22,5.695000171661377,5.699999809265137,5.019999980926514,5.019999980926514,320
2016-12-23,5.695000171661377,5.695000171661377,5.695000171661377,5.695000171661377,0
2016-12-27,6.0,6.0,5.050000190734863,5.050000190734863,50
2016-12-28,6.0,6.449999809265137,5.5,6.0,596
2016-12-29,6.0,6.0,6.0,6.0,0
2016-12-30,5.5,5.614999771118164,5.5,5.614999771118164,10
2017-01-03,5.019999980926514,5.5,5.019999980926514,5.5,72
2017-01-04,5.019999980926514,5.215000152587891,5.019999980926514,5.215000152587891,42
2017-01-05,5.019999980926514,5.019999980926514,5.019999980926514,5.019999980926514,0
2017-01-06,5.019999980926514,5.119999885559082,5.019999980926514,5.119999885559082,116
2017-01-09,5.019999980926514,5.019999980926514,5.019999980926514,5.019999980926514,30
2017-01-10,6.0,6.0,5.019999980926514,5.019999980926514,180
2017-01-11,6.0,6.0,6.0,6.0,32
2017-01-12,6.0,6.0,6.0,6.0,0
2017-01-13,4.25,5.019999980926514,4.25,5.019999980926514,1414
2017-01-17,4.5,4.5,4.5,4.5,1000
2017-01-18,4.5,4.5,4.5,4.5,206
2017-01-19,4.5,4.5,4.5,4.5,0
2017-01-20,3.75,4.25,3.75,4.25,800
2017-01-23,4.0,4.0,3.75,3.75,120
2017-01-24,3.75,3.75,3.75,3.75,214
2017-01-25,4.0,4.0,3.994999885559082,4.0,1130
2017-01-26,4.0,4.0,4.0,4.0,334
2017-01-27,4.5,4.5,3.25,3.75,4480
2017-01-30,4.5,4.5,4.5,4.5,0
2017-01-31,4.5,4.5,4.5,4.5,0
2017-02-01,4.5,4.5,4.5,4.5,0
2017-02-02,3.375,4.025000095367432,3.375,4.025000095367432,82
2017-02-03,3.375,4.025000095367432,3.375,3.375,802
2017-02-06,3.375,3.375,3.375,3.375,648
2017-02-07,3.375,3.375,3.375,3.375,0
2017-02-08,3.440000057220459,3.440000057220459,3.440000057220459,3.440000057220459,100
2017-02-09,3.440000057220459,3.440000057220459,3.440000057220459,3.440000057220459,0
2017-02-10,4.974999904632568,4.974999904632568,4.974999904632568,4.974999904632568,10
2017-02-13,4.974999904632568,4.974999904632568,4.974999904632568,4.974999904632568,20
2017-02-14,4.949999809265137,4.949999809265137,4.949999809265137,4.949999809265137,200
2017-02-15,3.5799999237060547,3.5799999237060547,3.5799999237060547,3.5799999237060547,8
2017-02-16,3.375,3.375,3.375,3.375,16
2017-02-17,3.440000057220459,3.744999885559082,3.440000057220459,3.744999885559082,10
2017-02-21,3.375,3.375,3.375,3.375,10
2017-02-22,3.375,3.375,3.375,3.375,0
2017-02-23,3.375,3.375,3.375,3.375,0
2017-02-24,3.375,4.014999866485596,3.375,4.014999866485596,200
2017-02-27,3.0,3.7899999618530273,3.0,3.005000114440918,208
2017-02-28,3.0,3.0,3.0,3.0,0
2017-03-01,4.454999923706055,4.454999923706055,3.875,3.875,44
2017-03-02,3.0899999141693115,3.0899999141693115,3.0899999141693115,3.0899999141693115,40
2017-03-03,3.0,3.0,3.0,3.0,34
2017-03-06,3.0,3.0,3.0,3.0,0
2017-03-07,3.0,3.0,3.0,3.0,0
2017-03-08,3.0,3.0,3.0,3.0,0
2017-03-09,3.0,3.0,3.0,3.0,0
2017-03-10,3.0,3.0,3.0,3.0,0
2017-03-13,4.454999923706055,4.454999923706055,4.454999923706055,4.454999923706055,18
2017-03-14,4.454999923706055,4.454999923706055,4.454999923706055,4.454999923706055,0
2017-03-15,3.5,3.5,3.0850000381469727,3.0850000381469727,400
2017-03-16,3.0,3.0,3.0,3.0,72
2017-03-17,3.0,3.0,3.0,3.0,0
2017-03-20,3.0,3.0,3.0,3.0,0
2017-03-21,4.0,4.0,4.0,4.0,500
2017-03-22,5.0,5.0,4.150000095367432,4.150000095367432,2250
2017-03-23,6.0,7.494999885559082,6.0,6.0,738
2017-03-24,6.0,7.494999885559082,6.0,6.894999980926514,40
2017-03-27,6.0,6.0,6.0,6.0,40
2017-03-28,6.0,6.0,6.0,6.0,16
2017-03-29,6.0,6.0,5.025000095367432,5.21999979019165,716
2017-03-30,6.0,6.0,6.0,6.0,0
2017-03-31,6.0,6.0,6.0,6.0,0
2017-04-03,5.5,5.5,5.5,5.5,800
2017-04-04,4.179999828338623,6.0,4.179999828338623,6.0,92
2017-04-05,4.179999828338623,4.179999828338623,4.099999904632568,4.099999904632568,94
2017-04-06,4.179999828338623,4.179999828338623,4.179999828338623,4.179999828338623,0
2017-04-07,4.179999828338623,4.179999828338623,4.179999828338623,4.179999828338623,0
2017-04-10,4.179999828338623,4.179999828338623,4.179999828338623,4.179999828338623,0
2017-04-11,4.179999828338623,4.179999828338623,4.179999828338623,4.179999828338623,0
2017-04-12,4.179999828338623,4.179999828338623,4.179999828338623,4.179999828338623,0
2017-04-13,4.0,6.0,4.0,5.239999771118164,276
2017-04-17,4.0,4.0,4.0,4.0,0
2017-04-18,4.0,4.0,4.0,4.0,0
2017-04-19,4.0,4.0,4.0,4.0,0
2017-04-20,4.0,4.0,4.0,4.0,0
2017-04-21,4.0,4.449999809265137,3.5999999046325684,4.449999809265137,1206
2017-04-24,4.0,4.0,4.0,4.0,0
2017-04-25,4.25,4.25,4.25,4.25,200
2017-04-26,4.25,4.25,4.25,4.25,0
2017-04-27,3.200000047683716,3.25,3.200000047683716,3.25,4790
2017-04-28,3.200000047683716,3.200000047683716,3.200000047683716,3.200000047683716,0
2017-05-01,3.200000047683716,4.0,3.200000047683716,4.0,142
2017-05-02,3.865000009536743,4.0,3.200000047683716,4.0,658
2017-05-03,3.259999990463257,3.944999933242798,3.259999990463257,3.8450000286102295,3746
2017-05-04,3.259999990463257,3.259999990463257,3.259999990463257,3.259999990463257,0
2017-05-05,3.5,3.5,3.5,3.5,40
2017-05-08,3.5,3.75,3.5,3.75,420
2017-05-09,3.5,3.5,3.5,3.5,72
2017-05-10,3.5,3.5,3.5,3.5,0
2017-05-11,3.5,3.5,3.5,3.5,0
2017-05-12,3.5,3.5,3.4000000953674316,3.5,3640
2017-05-15,3.25,3.309999942779541,3.25,3.309999942779541,558
2017-05-16,3.25,3.25,3.25,3.25,12
2017-05-17,3.25,3.25,3.25,3.25,0
2017-05-18,2.5,3.25,2.299999952316284,3.25,4200
2017-05-19,2.5,3.0950000286102295,2.5,2.505000114440918,1604
2017-05-22,2.5,2.5,2.5,2.5,180
2017-05-23,2.5,2.5,2.5,2.5,0
2017-05-24,2.5,2.5,2.5,2.5,0
2017-05-25,2.5,2.5,2.5,2.5,0
2017-05-26,2.5,2.5,2.5,2.5,0
2017-05-30,3.4000000953674316,3.4000000953674316,3.4000000953674316,3.4000000953674316,10
2017-05-31,2.75,2.75,2.75,2.75,188
2017-06-01,2.75,2.75,2.75,2.75,0
2017-06-02,2.75,2.75,2.75,2.75,0
2017-06-05,2.5,3.0,2.5,2.75,1482
2017-06-06,2.5,2.5,2.5,2.5,0
2017-06-07,2.5,2.5,2.5,2.5,0
2017-06-08,2.5,2.5,2.5,2.5,0
2017-06-09,2.299999952316284,2.299999952316284,2.299999952316284,2.299999952316284,12
2017-06-12,2.299999952316284,2.299999952316284,2.299999952316284,2.299999952316284,0
2017-06-13,3.444999933242798,3.444999933242798,2.984999895095825,2.984999895095825,576
2017-06-14,3.444999933242798,3.444999933242798,3.444999933242798,3.444999933242798,70
2017-06-15,3.444999933242798,3.444999933242798,3.444999933242798,3.444999933242798,0
2017-06-16,3.444999933242798,3.444999933242798,3.444999933242798,3.444999933242798,0
2017-06-19,3.444999933242798,3.444999933242798,3.444999933242798,3.444999933242798,0
2017-06-20,3.444999933242798,3.444999933242798,3.444999933242798,3.444999933242798,0
2017-06-21,3.444999933242798,3.444999933242798,3.444999933242798,3.444999933242798,0
2017-06-22,3.444999933242798,3.444999933242798,3.444999933242798,3.444999933242798,0
2017-06-23,3.5,3.950000047683716,3.0950000286102295,3.4200000762939453,2956
2017-06-26,3.5,3.5,3.5,3.5,0
2017-06-27,3.5,3.5,3.5,3.5,0
2017-06-28,3.5,3.5,3.5,3.5,0
2017-06-29,3.0,3.0,3.0,3.0,70
2017-06-30,3.5,3.5,3.5,3.5,100
2017-07-03,3.5,3.5,3.5,3.5,0
2017-07-05,3.494999885559082,3.494999885559082,3.494999885559082,3.494999885559082,20
2017-07-06,3.5,3.5,3.25,3.25,256
2017-07-07,3.0,3.5,3.0,3.5,884
2017-07-10,3.0,3.0,3.0,3.0,0
2017-07-11,3.0,3.0,3.0,3.0,0
2017-07-12,3.0,3.0,3.0,3.0,0
2017-07-13,3.0,3.0,3.0,3.0,0
2017-07-14,3.5,3.5,3.384999990463257,3.424999952316284,1652
2017-07-17,3.5,3.5,3.5,3.5,1858
2017-07-18,3.5,3.5,3.5,3.5,200
2017-07-19,3.444999933242798,3.5,3.444999933242798,3.5,212
2017-07-20,3.444999933242798,3.444999933242798,3.444999933242798,3.444999933242798,0
2017-07-21,3.444999933242798,3.444999933242798,3.444999933242798,3.444999933242798,0
2017-07-24,2.255000114440918,3.25,2.25,3.25,4986
2017-07-25,2.1500000953674316,2.25,2.0,2.25,5054
2017-07-26,2.0,2.450000047683716,2.0,2.450000047683716,2196
2017-07-27,2.200000047683716,2.200000047683716,2.184999942779541,2.184999942779541,226
2017-07-28,2.0,2.200000047683716,2.0,2.125,960
2017-07-31,2.200000047683716,2.200000047683716,2.200000047683716,2.200000047683716,526
2017-08-01,1.75,2.494999885559082,1.75,2.494999885559082,1734
2017-08-02,2.434999942779541,2.434999942779541,1.75,1.75,8604
2017-08-03,1.875,2.049999952316284,1.875,2.049999952316284,2700
2017-08-04,1.975000023841858,1.975000023841858,1.975000023841858,1.975000023841858,200
2017-08-07,1.7549999952316284,1.875,1.7549999952316284,1.875,4654
2017-08-08,1.7549999952316284,1.7549999952316284,1.7549999952316284,1.7549999952316284,0
2017-08-09,1.7549999952316284,1.7549999952316284,1.7549999952316284,1.7549999952316284,0
2017-08-10,1.7549999952316284,1.7549999952316284,1.7549999952316284,1.7549999952316284,206
2017-08-11,1.7549999952316284,1.7549999952316284,1.7549999952316284,1.7549999952316284,100
2017-08-14,1.7549999952316284,1.7549999952316284,1.7549999952316284,1.7549999952316284,0
2017-08-15,1.7549999952316284,1.7549999952316284,1.7549999952316284,1.7549999952316284,30
2017-08-16,2.0,2.0,1.7549999952316284,1.7549999952316284,1912
2017-08-17,2.119999885559082,2.119999885559082,2.119999885559082,2.119999885559082,50
2017-08-18,2.119999885559082,2.119999885559082,2.119999885559082,2.119999885559082,0
2017-08-21,2.109999895095825,2.109999895095825,1.975000023841858,1.975000023841858,404
2017-08-22,2.125,2.125,2.125,2.125,258
2017-08-23,2.5,3.0,2.25,2.25,2172
2017-08-24,2.75,2.940000057220459,2.0,2.0,3802
2017-08-25,4.25,4.25,2.990000009536743,2.990000009536743,4406
2017-08-28,4.0,4.5,3.75,4.25,1558
2017-08-29,3.75,4.0,3.75,3.875,2424
2017-08-30,3.200000047683716,4.0,3.200000047683716,3.75,2842
2017-08-31,3.6500000953674316,3.6500000953674316,3.6500000953674316,3.6500000953674316,50
2017-09-01,3.5,4.0,3.5,4.0,2092
2017-09-05,3.7750000953674316,4.0,3.7750000953674316,4.0,660
2017-09-06,3.75,4.5,3.4000000953674316,3.5,2822
2017-09-07,7.5,7.5,3.6500000953674316,4.0,11466
2017-09-08,6.5,7.5,5.5,7.5,3130
2017-09-11,6.0,7.5,6.0,7.5,2728
2017-09-12,5.75,7.5,5.25,7.5,10964
2017-09-13,4.755000114440918,5.25,4.755000114440918,5.25,2040
2017-09-14,4.949999809265137,5.494999885559082,4.5,5.494999885559082,4592
2017-09-15,4.949999809265137,4.949999809265137,4.704999923706055,4.704999923706055,486
2017-09-18,5.0,5.0,4.869999885559082,4.949999809265137,8584
2017-09-19,5.0,5.494999885559082,4.059999942779541,4.599999904632568,2480
2017-09-20,4.744999885559082,5.0,4.059999942779541,4.059999942779541,926
2017-09-21,4.75,4.75,4.5,4.744999885559082,1092
2017-09-22,4.75,4.75,4.75,4.75,604
2017-09-25,5.0,5.0,4.005000114440918,4.005000114440918,202
2017-09-26,4.5,4.5,4.5,4.5,1000
2017-09-27,4.5,5.0,4.275000095367432,4.375,9636
2017-09-28,4.105000019073486,4.105000019073486,4.105000019073486,4.105000019073486,8
2017-09-29,4.099999904632568,4.5,4.099999904632568,4.5,2200
2017-10-02,4.5,4.5,3.5299999713897705,3.805000066757202,4300
2017-10-03,4.0,4.5,4.0,4.5,2380
2017-10-04,3.875,4.5,3.875,4.0,1954
2017-10-05,4.5,4.5,4.0,4.0,2828
2017-10-06,4.0,4.5,4.0,4.5,8350
2017-10-09,3.799999952316284,3.799999952316284,3.575000047683716,3.575000047683716,836
2017-10-10,4.0,4.0,3.8949999809265137,3.9149999618530273,1560
2017-10-11,4.0,4.0,4.0,4.0,100
2017-10-12,3.5,4.894999980926514,3.450000047683716,3.450000047683716,13046
2017-10-13,3.375,3.994999885559082,3.375,3.5,5150
2017-10-16,4.494999885559082,4.494999885559082,3.0,3.375,2064
2017-10-17,3.5,4.494999885559082,3.5,4.494999885559082,242
2017-10-18,3.75,3.75,3.75,3.75,6
2017-10-19,3.9000000953674316,4.0,3.5,4.0,1310
2017-10-20,4.0,4.0,3.049999952316284,3.7249999046325684,3812
2017-10-23,4.889999866485596,4.889999866485596,4.5,4.5,4346
2017-10-24,3.5199999809265137,4.545000076293945,3.5,3.690000057220459,2244
2017-10-25,4.0,4.434999942779541,4.0,4.434999942779541,1032
2017-10-26,4.885000228881836,4.885000228881836,3.75,3.75,352
2017-10-27,4.0,4.889999866485596,3.5,4.889999866485596,418
2017-10-30,3.75,3.75,3.5,3.5,800
2017-10-31,3.5,4.0,3.5,3.994999885559082,694
2017-11-01,4.489999771118164,4.489999771118164,4.489999771118164,4.489999771118164,18
2017-11-02,4.5,4.880000114440918,4.289999961853027,4.880000114440918,68
2017-11-03,4.880000114440918,4.880000114440918,4.744999885559082,4.880000114440918,392
2017-11-06,4.5,4.889999866485596,4.5,4.885000228881836,1766
2017-11-07,4.5,4.5,4.5,4.5,0
2017-11-08,4.025000095367432,4.75,4.025000095367432,4.75,214
2017-11-09,4.75,4.75,4.0,4.0,32
2017-11-10,4.5,4.75,4.5,4.75,500
2017-11-13,4.889999866485596,4.889999866485596,4.599999904632568,4.599999904632568,404
2017-11-14,5.25,5.25,4.599999904632568,4.599999904632568,6370
2017-11-15,5.0,5.75,5.0,5.5,1410
2017-11-16,4.849999904632568,4.849999904632568,4.804999828338623,4.804999828338623,138
2017-11-17,5.25,5.5,5.03000020980835,5.5,222
2017-11-20,5.75,5.75,5.0,5.75,304
2017-11-21,5.75,5.75,5.0,5.625,1240
2017-11-22,5.5,5.5,4.804999828338623,5.150000095367432,8
2017-11-24,5.5,5.5,4.804999828338623,4.804999828338623,240
2017-11-27,5.5,5.5,5.5,5.5,2
2017-11-28,5.5,5.5,5.0,5.385000228881836,406
2017-11-29,6.0,6.0,4.804999828338623,4.804999828338623,2030
2017-11-30,6.5,6.5,5.699999809265137,5.699999809265137,2200
2017-12-01,6.5,7.400000095367432,5.5,7.400000095367432,2200
2017-12-04,5.599999904632568,5.804999828338623,5.599999904632568,5.804999828338623,36
2017-12-05,6.5,6.5,6.5,6.5,20
2017-12-06,6.75,6.75,5.775000095367432,6.25,1794
2017-12-07,5.0,6.25,5.0,6.25,2048
2017-12-08,5.494999885559082,5.494999885559082,5.059999942779541,5.494999885559082,180
2017-12-11,6.699999809265137,6.699999809265137,4.764999866485596,6.699999809265137,132
2017-12-12,6.699999809265137,6.699999809265137,5.0,5.0,100
2017-12-13,5.635000228881836,5.635000228881836,5.0,5.25,170
2017-12-14,5.5,6.699999809265137,5.0,5.445000171661377,486
2017-12-15,6.5,6.5,5.5,5.5,720
2017-12-18,6.5,6.75,5.264999866485596,6.449999809265137,4112
2017-12-19,6.75,6.75,6.0,6.0,492
2017-12-20,6.5,6.75,5.75,6.550000190734863,1074
2017-12-21,6.494999885559082,6.75,6.389999866485596,6.389999866485596,374
2017-12-22,6.5,6.75,6.25,6.25,1274
2017-12-26,7.150000095367432,7.150000095367432,6.480000019073486,6.75,1546
2017-12-27,7.994999885559082,9.5,6.010000228881836,7.150000095367432,5324
2017-12-28,9.75,10.0,7.03000020980835,7.03000020980835,4308
2017-12-29,13.5,13.5,8.550000190734863,9.994999885559082,2324
2018-01-02,17.649999618530273,20.0,10.0,18.0,3164
2018-01-03,17.0,21.5,14.5,21.5,1674
2018-01-04,17.5,19.5,14.5,17.0,920
2018-01-05,19.5,19.5,12.5,17.5,748
2018-01-08,19.0,19.5,15.0,19.5,318
2018-01-09,16.5,19.0,15.0,19.0,1882
2018-01-10,15.0,19.0,15.0,19.0,560
2018-01-11,16.155000686645508,17.5,15.005000114440918,17.5,976
2018-01-12,14.770000457763672,16.5,12.600000381469727,16.5,1894
2018-01-16,15.5,15.5,13.5,14.75,254
2018-01-17,17.0,19.700000762939453,14.005000114440918,15.5,1146
2018-01-18,12.5,17.0,12.5,16.9950008392334,4984
2018-01-19,12.25,12.550000190734863,10.0,12.5,2938
2018-01-22,11.5,13.25,11.5,12.265000343322754,804
2018-01-23,13.255000114440918,13.694999694824219,12.0,12.0,806
2018-01-24,12.385000228881836,15.085000038146973,7.75,15.085000038146973,1106
2018-01-25,12.399999618530273,12.5,10.75,10.75,906
2018-01-26,12.914999961853027,14.0,12.5,12.5,914
2018-01-29,12.0,14.9399995803833,10.0,13.994999885559082,1134
2018-01-30,11.5,12.5,11.0,11.5,1920
2018-01-31,12.5,16.4950008392334,10.800000190734863,12.5,1074
2018-02-01,13.204999923706055,15.0,11.5,11.5,1146
2018-02-02,15.145000457763672,16.485000610351562,10.550000190734863,13.5,582
2018-02-05,14.399999618530273,16.0,10.699999809265137,16.0,2016
2018-02-06,12.975000381469727,13.864999771118164,10.0,12.795000076293945,2824
2018-02-07,10.664999961853027,13.5,10.664999961853027,10.664999961853027,964
2018-02-08,14.75,14.75,10.5,13.630000114440918,1370
2018-02-09,13.899999618530273,14.5,12.5,14.5,716
2018-02-12,13.505000114440918,15.0,12.5,12.5,1224
2018-02-13,12.25,14.5,12.149999618530273,13.5,220
2018-02-14,15.399999618530273,15.399999618530273,12.005000114440918,14.0,842
2018-02-15,11.0,15.399999618530273,11.0,13.845000267028809,2146
2018-02-16,14.899999618530273,14.899999618530273,11.0,11.5,2062
2018-02-20,11.539999961853027,14.954999923706055,11.53499984741211,14.850000381469727,1472
2018-02-21,14.399999618530273,14.399999618530273,12.0,12.0,100
2018-02-22,12.25,14.5,11.550000190734863,14.5,2564
2018-02-23,11.994999885559082,13.5,11.005000114440918,12.25,2388
2018-02-26,11.515000343322754,12.5,11.255000114440918,11.994999885559082,482
2018-02-27,11.994999885559082,13.0,10.5,12.25,1354
2018-02-28,10.510000228881836,12.5,10.510000228881836,12.5,316
2018-03-01,10.505000114440918,12.494999885559082,10.5,12.494999885559082,694
2018-03-02,10.5600004196167,10.5600004196167,10.5600004196167,10.5600004196167,92
2018-03-05,11.699999809265137,13.0,9.600000381469727,11.5,2950
2018-03-06,9.949999809265137,11.649999618530273,9.925000190734863,11.5,590
2018-03-07,10.25,11.649999618530273,10.010000228881836,11.649999618530273,854
2018-03-08,10.25,10.800000190734863,10.25,10.800000190734863,2540
2018-03-09,10.75,13.949999809265137,10.375,10.5,1340
2018-03-12,13.0,13.0,10.494999885559082,10.994999885559082,942
2018-03-13,12.449999809265137,13.0,10.5,11.994999885559082,1162
2018-03-14,10.5,13.949999809265137,10.5,12.5,484
2018-03-15,11.649999618530273,11.649999618530273,11.649999618530273,11.649999618530273,6
2018-03-16,11.744999885559082,11.949999809265137,11.744999885559082,11.949999809265137,120
2018-03-19,12.899999618530273,13.494999885559082,10.5,12.40999984741211,2978
2018-03-20,11.5,13.0,11.5,13.0,1090
2018-03-21,11.5,12.5,11.5,12.399999618530273,196
2018-03-22,12.399999618530273,12.5,11.005000114440918,12.399999618530273,364
2018-03-23,13.994999885559082,14.0,11.949999809265137,12.399999618530273,1020
2018-03-26,13.994999885559082,13.994999885559082,13.994999885559082,13.994999885559082,10
2018-03-27,12.5,13.350000381469727,12.0,12.5,1820
2018-03-28,13.350000381469727,13.350000381469727,12.5,13.345000267028809,82
2018-03-29,13.949999809265137,13.994999885559082,12.0,13.994999885559082,702
2018-04-02,13.949999809265137,13.949999809265137,13.949999809265137,13.949999809265137,16
2018-04-03,13.949999809265137,13.949999809265137,12.5,13.949999809265137,392
2018-04-04,13.989999771118164,13.989999771118164,13.989999771118164,13.989999771118164,10
2018-04-05,12.050000190734863,14.0,12.050000190734863,13.994999885559082,282
2018-04-06,14.0,14.0,12.5,12.5,72
2018-04-09,14.0,14.0,13.0,14.0,88
2018-04-10,14.0,14.0,13.0,14.0,30
2018-04-11,12.5,14.0,12.5,13.0,230
2018-04-12,12.5,12.5,12.5,12.5,80
2018-04-13,12.0,13.494999885559082,12.0,13.494999885559082,226
2018-04-16,13.0,13.0,12.0,12.0,272
2018-04-17,14.25,14.25,12.0,13.0,1940
2018-04-18,14.0,15.0,12.5,14.5,582
2018-04-19,13.5,13.5,12.550000190734863,12.550000190734863,450
2018-04-20,13.75,15.0,13.0,13.300000190734863,1094
2018-04-23,15.0,15.0,14.0,14.0,76
2018-04-24,14.5,15.0,13.515000343322754,15.0,1252
2018-04-25,14.5,14.5,14.5,14.5,34
2018-04-26,13.494999885559082,14.5,12.5,14.5,948
2018-04-27,13.75,14.0,12.5,12.5,768
2018-04-30,14.0,14.0,12.005000114440918,12.050000190734863,1044
2018-05-01,13.494999885559082,13.5,12.050000190734863,12.050000190734863,532
2018-05-02,12.989999771118164,13.5,11.75,12.0,512
2018-05-03,13.125,13.125,12.795000076293945,12.989999771118164,244
2018-05-04,13.5,13.5,12.75,13.100000381469727,770
2018-05-07,12.0,13.5,12.0,13.5,876
2018-05-08,12.5,13.494999885559082,12.5,13.494999885559082,400
2018-05-09,11.5,13.494999885559082,11.5,13.494999885559082,548
2018-05-10,12.5,13.449999809265137,11.5,12.0,306
2018-05-11,11.5,13.489999771118164,11.5,13.489999771118164,900
2018-05-14,12.949999809265137,12.994999885559082,11.5,12.395000457763672,1152
2018-05-15,12.949999809265137,12.949999809265137,12.949999809265137,12.949999809265137,20
2018-05-16,13.0,13.0,11.0,12.949999809265137,1362
2018-05-17,13.0,13.0,13.0,13.0,0
2018-05-18,13.0,13.0,13.0,13.0,0
2018-05-21,12.375,12.375,11.0,11.5,1060
2018-05-22,11.375,12.6850004196167,11.25,12.6850004196167,362
2018-05-23,12.994999885559082,13.0,12.0,13.0,260
2018-05-24,12.994999885559082,12.994999885559082,12.994999885559082,12.994999885559082,0
2018-05-25,12.994999885559082,13.0,12.0,13.0,594
2018-05-29,12.895000457763672,12.895000457763672,12.895000457763672,12.895000457763672,44
2018-05-30,13.0,13.0,11.005000114440918,12.0,296
2018-05-31,13.0,13.0,11.0,11.75,140
2018-06-01,11.5,12.0,11.005000114440918,11.005000114440918,272
2018-06-04,10.75,12.5,10.75,12.5,1300
2018-06-05,10.75,11.119999885559082,10.75,11.119999885559082,194
2018-06-06,11.5,13.25,10.75,10.75,992
2018-06-07,12.744999885559082,12.744999885559082,11.255000114440918,12.744999885559082,416
2018-06-08,11.5,11.5,11.5,11.5,26
2018-06-11,11.5,11.5,11.5,11.5,0
2018-06-12,11.5,12.5,9.600000381469727,9.600000381469727,1220
2018-06-13,12.0,12.5,11.5,12.5,542
2018-06-14,11.210000038146973,12.5,11.199999809265137,12.5,508
2018-06-15,11.5,12.5,11.5,12.5,226
2018-06-18,13.0,13.0,11.5,11.5,738
2018-06-19,11.75,12.5,11.75,12.5,222
2018-06-20,10.619999885559082,12.5,10.619999885559082,11.75,876
2018-06-21,11.5,12.5,11.5,12.494999885559082,468
2018-06-22,12.699999809265137,12.699999809265137,11.050000190734863,12.5,526
2018-06-25,12.494999885559082,12.494999885559082,11.0,11.505000114440918,578
2018-06-26,12.25,12.25,11.005000114440918,11.005000114440918,718
2018-06-27,10.510000228881836,12.494999885559082,10.5,11.0,886
2018-06-28,10.850000381469727,11.75,10.850000381469727,11.75,100
2018-06-29,10.505000114440918,11.75,10.505000114440918,11.75,878
2018-07-02,10.109999656677246,11.75,10.109999656677246,11.75,1028
2018-07-03,10.109999656677246,10.109999656677246,10.109999656677246,10.109999656677246,0
2018-07-05,11.970000267028809,11.970000267028809,10.255000114440918,11.0,450
2018-07-06,11.505000114440918,12.494999885559082,10.255000114440918,11.0,3860
2018-07-09,12.0,12.699999809265137,11.505000114440918,11.994999885559082,1102
2018-07-10,12.0,12.0,12.0,12.0,240
2018-07-11,12.005000114440918,12.5,12.0,12.005000114440918,422
2018-07-12,11.510000228881836,13.5,11.510000228881836,12.699999809265137,794
2018-07-13,12.010000228881836,13.5,12.005000114440918,12.5,340
2018-07-16,13.25,13.5,12.010000228881836,13.5,704
2018-07-17,12.5,14.0,11.5,13.25,2216
2018-07-18,13.899999618530273,14.0,12.505000114440918,13.5,502
2018-07-19,13.25,14.0,13.25,13.899999618530273,370
2018-07-20,13.130000114440918,13.75,12.260000228881836,13.75,324
2018-07-23,12.760000228881836,13.75,12.755000114440918,13.75,320
2018-07-24,12.5,13.75,11.75,13.75,974
2018-07-25,11.305000305175781,13.75,11.305000305175781,13.75,126
2018-07-26,13.75,13.75,12.25,13.699999809265137,116
2018-07-27,11.84000015258789,13.75,11.84000015258789,12.25,144
2018-07-30,13.444999694824219,14.0,11.460000038146973,13.75,448
2018-07-31,13.444999694824219,13.444999694824219,13.444999694824219,13.444999694824219,24
2018-08-01,12.75,13.164999961853027,12.5,12.5,308
2018-08-02,13.005000114440918,14.0,12.505000114440918,13.449999809265137,292
2018-08-03,15.0,15.0,13.005000114440918,14.0,1236
2018-08-06,15.0,15.0,13.5,15.0,160
2018-08-07,14.5,15.0,14.5,14.699999809265137,520
2018-08-08,14.0,15.0,14.0,15.0,80
2018-08-09,14.5,15.0,14.0,15.0,222
2018-08-10,14.5,15.0,14.5,15.0,30
2018-08-13,14.0,15.0,14.0,14.5,580
2018-08-14,15.0,15.0,13.505000114440918,14.5,420
2018-08-15,14.0,14.25,14.0,14.25,222
2018-08-16,13.5,15.0,13.0,15.0,1452
2018-08-17,14.600000381469727,14.600000381469727,14.600000381469727,14.600000381469727,32
2018-08-20,15.0,15.0,13.5,13.550000190734863,316
2018-08-21,15.0,15.5,14.5,15.0,692
2018-08-22,16.0,16.5,15.5,15.5,940
2018-08-23,15.5,15.5,15.5,15.5,70
2018-08-24,16.5,16.5,14.050000190734863,14.050000190734863,214
2018-08-27,15.75,17.5,14.5,16.5,1116
2018-08-28,15.100000381469727,17.5,15.100000381469727,17.5,570
2018-08-29,17.5,17.5,15.75,15.75,198
2018-08-30,17.704999923706055,17.704999923706055,15.0,17.5,1098
2018-08-31,15.800000190734863,18.5,15.199999809265137,18.5,892
2018-09-04,17.5,18.5,15.800000190734863,17.5,434
2018-09-05,17.5,18.5,16.30500030517578,18.5,180
2018-09-06,16.5049991607666,18.5,16.5049991607666,18.5,172
2018-09-07,17.0,18.5,17.0,18.5,206
2018-09-10,16.0,18.5,16.0,17.5,670
2018-09-11,16.0049991607666,18.5,16.0,17.5,820
2018-09-12,18.5,18.5,16.5,16.5,16
2018-09-13,16.5,18.5,16.5,18.0,144
2018-09-14,18.0,18.0,16.5,17.25,178
2018-09-17,16.0,17.899999618530273,15.0,17.899999618530273,530
2018-09-18,15.5,17.5,15.5,16.0,506
2018-09-19,16.5,19.5,16.149999618530273,17.5,898
2018-09-20,16.5,18.450000762939453,16.5,16.5049991607666,346
2018-09-21,16.5,17.94499969482422,16.5,16.5,926
2018-09-24,17.75,17.75,16.5,17.485000610351562,864
2018-09-25,17.75,18.0,16.5,18.0,842
2018-09-26,16.010000228881836,18.0,16.010000228881836,16.5,636
2018-09-27,16.75,18.0,16.75,18.0,46
2018-09-28,18.0,18.0,16.0,16.75,1690
2018-10-01,19.5,20.0,16.5,16.5,330
2018-10-02,17.5,20.0,17.299999237060547,20.0,444
2018-10-03,18.0,19.5,17.4950008392334,19.5,998
2018-10-04,17.75,19.5,17.75,19.5,682
2018-10-05,19.5,19.5,18.25,18.25,72
2018-10-08,19.5,19.5,18.2549991607666,19.5,328
2018-10-09,18.049999237060547,18.5,18.049999237060547,18.5,594
2018-10-10,18.514999389648438,18.524999618530273,18.024999618530273,18.049999237060547,1032
2018-10-11,18.5,19.0,18.5,19.0,750
2018-10-12,19.0,19.0,18.5,18.5,1724
2018-10-15,18.700000762939453,19.0,18.700000762939453,19.0,560
2018-10-16,17.4950008392334,18.700000762939453,17.4950008392334,18.700000762939453,3122
2018-10-17,17.5,18.5,17.5,18.0,320
2018-10-18,17.600000381469727,17.600000381469727,17.600000381469727,17.600000381469727,114
2018-10-19,17.4950008392334,18.5,17.4950008392334,17.549999237060547,602
2018-10-22,17.0,17.5,16.0,16.104999542236328,1276
2018-10-23,17.25,17.5,17.0,17.5,1908
2018-10-24,17.5,17.5,17.5,17.5,232
2018-10-25,17.549999237060547,18.5,17.549999237060547,18.5,362
2018-10-26,18.5,18.5,16.75,17.549999237060547,716
2018-10-29,17.0,18.5,17.0,18.5,404
2018-10-30,17.010000228881836,18.0,17.0,17.0,518
2018-10-31,17.25,18.0,17.100000381469727,18.0,260
2018-11-01,17.25,17.25,17.25,17.25,0
2018-11-02,17.25,18.0,17.25,18.0,44
2018-11-05,17.5,18.0,17.5,18.0,122
2018-11-06,17.5,17.5,17.5,17.5,2
2018-11-07,17.5,17.5,17.5,17.5,0
2018-11-08,17.5,17.5,17.5,17.5,0
2018-11-09,17.5,19.5,17.5,17.5,96
2018-11-12,19.0,19.5,17.899999618530273,17.899999618530273,48
2018-11-13,17.0,17.5,17.0,17.5,250
2018-11-14,17.0,17.75,17.0,17.75,414
2018-11-15,16.049999237060547,17.0,16.049999237060547,16.5,220
2018-11-16,16.0,16.75,16.0,16.049999237060547,1680
2018-11-19,15.0,15.75,14.875,15.75,744
2018-11-20,15.0,15.25,15.0,15.0,922
2018-11-21,15.0,15.5,15.0,15.0,260
2018-11-23,15.0,15.0,15.0,15.0,0
2018-11-26,15.53499984741211,15.770000457763672,15.0,15.0,926
2018-11-27,15.0,15.25,14.5,15.25,1326
2018-11-28,15.0,15.0,14.5,15.0,504
2018-11-29,14.989999771118164,15.5,10.0,15.0,428
2018-11-30,14.25,15.0,14.0,14.994999885559082,2902
2018-12-03,14.5,14.5,14.5,14.5,40
2018-12-04,15.0,15.0,14.710000038146973,14.710000038146973,58
2018-12-06,14.25,14.425000190734863,14.25,14.425000190734863,460
2018-12-07,14.25,14.5,14.25,14.25,324
2018-12-10,14.0,14.550000190734863,13.25,14.550000190734863,784
2018-12-11,14.149999618530273,14.5,14.149999618530273,14.5,50
2018-12-12,13.255000114440918,14.149999618530273,13.0,14.149999618530273,946
2018-12-13,13.255000114440918,13.255000114440918,13.255000114440918,13.255000114440918,0
2018-12-14,13.324999809265137,14.0,13.324999809265137,14.0,170
2018-12-17,13.289999961853027,13.289999961853027,13.289999961853027,13.289999961853027,42
2018-12-18,13.255000114440918,13.255000114440918,13.255000114440918,13.255000114440918,100
2018-12-19,11.5,13.255000114440918,6.849999904632568,13.255000114440918,420
2018-12-20,10.5,11.0,10.0,10.0,802
2018-12-21,11.0,12.0,11.0,12.0,1402
2018-12-24,11.0,11.199999809265137,10.550000190734863,10.550000190734863,642
2018-12-26,11.0,11.010000228881836,10.0,11.010000228881836,336
2018-12-27,10.0,11.0,10.0,10.75,680
2018-12-28,11.0,11.0,9.75,9.75,330
2018-12-31,10.975000381469727,10.994999885559082,10.975000381469727,10.994999885559082,410
2019-01-02,10.975000381469727,10.975000381469727,10.975000381469727,10.975000381469727,0
2019-01-03,13.0,13.0,10.994999885559082,11.0,2404
2019-01-04,14.0,14.0,12.5,13.0,1044
2019-01-07,12.5,13.005000114440918,12.5,13.005000114440918,832
2019-01-08,12.5,12.545000076293945,12.5,12.545000076293945,666
2019-01-09,12.925000190734863,13.0,12.925000190734863,13.0,154
2019-01-10,12.925000190734863,12.925000190734863,12.925000190734863,12.925000190734863,0
2019-01-11,12.5,12.925000190734863,12.5,12.925000190734863,488
2019-01-14,12.5,14.0,12.5,13.925000190734863,42
2019-01-15,12.5,12.5,12.5,12.5,222
2019-01-16,12.5,12.5,12.5,12.5,2
2019-01-17,13.0,15.0,12.545000076293945,14.0,418
2019-01-18,13.0,15.0,13.0,15.0,708
2019-01-22,12.045000076293945,15.0,12.045000076293945,15.0,1732
2019-01-23,10.975000381469727,11.010000228881836,10.5,11.010000228881836,2184
2019-01-24,11.5,12.399999618530273,11.5,12.399999618530273,60
2019-01-25,10.5,11.5,10.0,11.5,746
2019-01-28,10.0,12.5,10.0,12.399999618530273,570
2019-01-29,10.0,10.760000228881836,10.0,10.760000228881836,600
2019-01-30,11.0,11.0,11.0,11.0,70
2019-01-31,12.145000457763672,12.145000457763672,12.145000457763672,12.145000457763672,10
2019-02-01,12.145000457763672,12.145000457763672,12.145000457763672,12.145000457763672,0
2019-02-04,12.145000457763672,12.145000457763672,12.145000457763672,12.145000457763672,0
2019-02-05,11.765000343322754,12.039999961853027,11.010000228881836,12.039999961853027,62
2019-02-06,11.765000343322754,11.765000343322754,11.765000343322754,11.765000343322754,0
2019-02-07,11.979999542236328,11.979999542236328,11.979999542236328,11.979999542236328,10
2019-02-08,11.380000114440918,11.380000114440918,11.380000114440918,11.380000114440918,10
2019-02-11,11.229999542236328,12.399999618530273,11.229999542236328,12.0,234
2019-02-12,11.25,11.25,10.125,11.25,150
2019-02-13,12.449999809265137,12.449999809265137,10.0,10.0,66
2019-02-14,12.15999984741211,12.449999809265137,11.5,12.449999809265137,110
2019-02-15,12.449999809265137,12.449999809265137,12.449999809265137,12.449999809265137,20
2019-02-19,11.5,11.505000114440918,11.5,11.505000114440918,250
2019-02-20,12.25,12.449999809265137,11.5,12.449999809265137,590
2019-02-21,12.0,12.25,11.875,12.25,172
2019-02-22,14.899999618530273,14.899999618530273,11.5,12.5,1622
2019-02-25,12.5,14.5,11.5,14.0,284
2019-02-26,15.0,15.0,12.5,12.5,72
2019-02-27,14.994999885559082,14.994999885559082,14.994999885559082,14.994999885559082,4
2019-02-28,11.0,13.0,11.0,13.0,1016
2019-03-01,12.0,15.0,12.0,15.0,120
2019-03-04,10.270000457763672,12.5,10.270000457763672,12.5,2824
2019-03-05,10.0,11.0,10.0,10.024999618530273,1496
2019-03-06,10.0,11.0,9.75,9.75,810
2019-03-07,10.0,10.0,10.0,10.0,0
2019-03-08,11.0,11.0,9.75,10.260000228881836,182
2019-03-11,12.0,12.0,10.779999732971191,10.779999732971191,8
2019-03-12,10.5,10.5,10.5,10.5,500
2019-03-13,10.5,10.5,9.75,10.125,250
2019-03-14,11.25,11.475000381469727,11.25,11.475000381469727,94
2019-03-15,12.0,12.5,11.494999885559082,11.494999885559082,584
2019-03-18,11.5,11.5,11.5,11.5,100
2019-03-19,11.5,11.5,10.5,10.5,470
2019-03-20,11.0,11.0,11.0,11.0,912
2019-03-21,15.0,17.649999618530273,12.5,12.5,5822
2019-03-22,15.0,15.0,13.875,14.994999885559082,168
2019-03-25,12.5,12.994999885559082,10.329999923706055,12.994999885559082,1778
2019-03-26,12.494999885559082,12.494999885559082,12.0,12.0,352
2019-03-27,10.850000381469727,12.5,9.0,12.5,4250
2019-03-28,12.050000190734863,14.880000114440918,11.5,11.5,1424
2019-03-29,14.460000038146973,14.78499984741211,11.050000190734863,13.520000457763672,506
2019-04-01,14.460000038146973,14.460000038146973,14.460000038146973,14.460000038146973,0
2019-04-02,11.145000457763672,12.5,9.800000190734863,12.5,1218
2019-04-03,11.25,12.5,9.75,10.0,1256
2019-04-04,9.75,11.0,9.75,11.0,172
2019-04-05,10.520000457763672,12.5,7.934999942779541,8.0,1012
2019-04-08,12.449999809265137,12.449999809265137,10.6899995803833,10.6899995803833,274
2019-04-09,11.430000305175781,11.430000305175781,11.430000305175781,11.430000305175781,2
2019-04-10,11.5,12.5,11.5,12.449999809265137,510
2019-04-11,11.5,11.5,11.5,11.5,0
2019-04-12,11.5,11.5,11.5,11.5,0
2019-04-15,11.5,11.75,11.0,11.5,674
2019-04-16,14.5,14.5,12.0,12.0,518
2019-04-17,12.5,12.5,11.5,11.5,332
2019-04-18,11.5,11.5,11.5,11.5,30
2019-04-22,12.5,12.5,10.0,11.0,726
2019-04-23,12.5,12.5,12.5,12.5,100
2019-04-24,12.5,12.5,12.5,12.5,340
2019-04-25,12.255000114440918,12.5,11.0,12.199999809265137,666
2019-04-26,12.255000114440918,12.255000114440918,12.255000114440918,12.255000114440918,0
2019-04-29,11.0,12.5,11.0,12.5,172
2019-04-30,11.0,11.0,11.0,11.0,2
2019-05-01,12.0,12.0,12.0,12.0,200
2019-05-02,12.0,12.0,12.0,12.0,0
2019-05-03,12.0,12.0,12.0,12.0,0
2019-05-06,12.0,12.0,12.0,12.0,0
2019-05-07,12.5,12.5,10.5,10.5,170
2019-05-08,12.0,12.0,11.5,11.5,274
2019-05-09,11.5,12.0,11.5,12.0,124
2019-05-10,11.5,11.5,11.5,11.5,48
2019-05-13,11.5,12.0,11.5,12.0,104
2019-05-14,11.5,12.0,11.5,12.0,154
2019-05-15,12.0,12.0,11.5,11.5,348
2019-05-16,11.5,11.75,11.5,11.5,848
2019-05-17,12.0,12.0,11.0,11.0,300
2019-05-20,12.0,12.0,12.0,12.0,4
2019-05-21,11.949999809265137,11.949999809265137,11.949999809265137,11.949999809265137,10
2019-05-22,12.449999809265137,12.449999809265137,11.850000381469727,11.850000381469727,320
2019-05-23,11.0,11.699999809265137,11.0,11.699999809265137,514
2019-05-24,11.5,11.524999618530273,11.5,11.524999618530273,860
2019-05-28,11.59000015258789,11.75,11.5,11.75,710
2019-05-29,11.59000015258789,11.75,11.59000015258789,11.75,1250
2019-05-30,11.9399995803833,12.0,11.25,11.5,638
2019-05-31,12.449999809265137,13.949999809265137,11.600000381469727,11.600000381469727,2016
2019-06-03,11.75,12.399999618530273,11.5,12.220000267028809,572
2019-06-04,11.75,12.5,11.75,12.399999618530273,1390
2019-06-05,12.0,12.59000015258789,12.0,12.0,560
2019-06-06,8.5,13.949999809265137,7.630000114440918,13.949999809265137,5280
2019-06-07,8.0,12.5,8.0,9.0,8652
2019-06-10,6.949999809265137,10.0,5.0,9.0,10398
2019-06-11,8.0,9.5,7.449999809265137,7.449999809265137,2400
2019-06-12,8.0,9.489999771118164,8.0,9.489999771118164,676
2019-06-13,8.895000457763672,8.895000457763672,8.895000457763672,8.895000457763672,10
2019-06-14,8.694999694824219,8.694999694824219,8.694999694824219,8.694999694824219,32
2019-06-17,8.694999694824219,8.694999694824219,8.694999694824219,8.694999694824219,0
2019-06-18,8.210000038146973,8.350000381469727,8.0,8.125,102
2019-06-19,8.449999809265137,8.5,8.279999732971191,8.279999732971191,274
2019-06-20,9.050000190734863,9.050000190734863,8.75,8.75,446
2019-06-21,8.899999618530273,8.899999618530273,8.899999618530273,8.899999618530273,12
2019-06-24,8.899999618530273,8.899999618530273,8.899999618530273,8.899999618530273,0
2019-06-25,8.899999618530273,8.899999618530273,8.899999618530273,8.899999618530273,206
2019-06-26,7.0,8.0,7.0,8.0,1966
2019-06-27,7.5,7.5,7.5,7.5,56
2019-06-28,6.75,7.5,6.75,7.5,860
2019-07-01,7.489999771118164,7.489999771118164,7.0,7.0,146
2019-07-02,6.650000095367432,6.650000095367432,6.375,6.385000228881836,182
2019-07-03,7.0,7.0,7.0,7.0,350
2019-07-05,7.0,7.0,7.0,7.0,0
2019-07-08,6.75,7.0,6.75,7.0,678
2019-07-09,6.75,6.75,6.75,6.75,264
2019-07-10,7.5,7.5,6.75,6.75,578
2019-07-11,7.0,7.0,6.5,7.0,1666
2019-07-12,7.25,7.25,6.925000190734863,6.925000190734863,94
2019-07-15,7.25,7.25,7.25,7.25,2
2019-07-16,7.0,7.0,6.849999904632568,7.0,432
2019-07-17,6.849999904632568,6.925000190734863,6.849999904632568,6.925000190734863,502
2019-07-18,7.0,7.5,7.0,7.0,1538
2019-07-19,7.5,7.5,7.5,7.5,2876
2019-07-22,7.0,7.0,7.0,7.0,184
2019-07-23,7.0,7.0,7.0,7.0,0
2019-07-24,7.0,7.0,6.75,6.75,520
2019-07-25,6.75,6.75,6.75,6.75,96
2019-07-26,6.75,6.75,6.75,6.75,1022
2019-07-29,5.605000019073486,7.099999904632568,5.25,6.775000095367432,3518
2019-07-30,5.75,6.5,5.510000228881836,6.0,850
2019-07-31,4.375,5.75,3.734999895095825,5.269999980926514,13294
2019-08-01,4.375,4.5,4.25,4.5,1262
2019-08-02,4.75,4.75,4.75,4.75,200
2019-08-05,4.255000114440918,4.75,4.255000114440918,4.75,48
2019-08-06,4.0,4.5,4.0,4.5,3380
2019-08-07,4.5,4.5,4.5,4.5,300
2019-08-08,4.75,6.5,4.565000057220459,4.614999771118164,312
2019-08-09,4.75,6.5,4.565000057220459,4.614999771118164,312
2019-08-12,4.625,5.0,4.5,5.0,184
2019-08-13,7.0,7.0,4.75,4.75,730
2019-08-14,7.0,7.0,4.75,4.75,730
2019-08-15,6.0,6.0,4.75,5.375,226
2019-08-16,5.5,5.5,4.75,4.75,680
2019-08-19,5.199999809265137,6.5,4.730000019073486,6.5,1128
2019-08-20,5.25,5.25,4.949999809265137,4.949999809265137,440
2019-08-21,6.0,8.994999885559082,4.559999942779541,5.25,3670
2019-08-22,5.0,5.300000190734863,5.0,5.300000190734863,946
2019-08-23,4.5,5.0,4.5,5.0,700
2019-08-26,6.0,7.5,5.150000095367432,5.150000095367432,4298
2019-08-27,5.5,6.900000095367432,5.5,6.505000114440918,3310
2019-08-28,5.5,5.5,5.5,5.5,0
2019-08-29,5.0,5.699999809265137,5.0,5.699999809265137,1748
2019-08-30,5.0,5.0,5.0,5.0,2000
2019-09-03,5.0,5.0,5.0,5.0,0
2019-09-04,3.700000047683716,4.5,3.5,4.5,4300
2019-09-05,4.5,5.0,3.9749999046325684,4.099999904632568,962
2019-09-06,4.75,5.0,4.75,5.0,220
2019-09-09,4.75,4.75,4.75,4.75,0
2019-09-10,5.050000190734863,5.900000095367432,4.75,4.75,604
2019-09-11,5.125,6.0,4.5,5.5,4630
2019-09-12,4.650000095367432,4.650000095367432,3.5,4.25,3210
2019-09-13,3.5,3.75,3.0,3.75,13452
2019-09-16,3.75,3.75,3.5,3.700000047683716,1058
2019-09-17,4.0,4.25,3.25,3.674999952316284,4854
2019-09-18,3.755000114440918,3.755000114440918,3.755000114440918,3.755000114440918,204
2019-09-19,3.505000114440918,3.755000114440918,3.505000114440918,3.755000114440918,392
2019-09-20,4.0,4.0,3.755000114440918,3.755000114440918,904
2019-09-23,4.75,5.394999980926514,3.8450000286102295,3.8450000286102295,3228
2019-09-24,4.75,5.0,4.449999809265137,4.949999809265137,1580
2019-09-25,4.699999809265137,4.699999809265137,4.699999809265137,4.699999809265137,232
2019-09-26,4.275000095367432,6.0,4.275000095367432,4.75,4580
2019-09-27,5.0,5.0,5.0,5.0,738
2019-09-30,5.0,5.0,5.0,5.0,0
2019-10-01,4.849999904632568,4.849999904632568,4.849999904632568,4.849999904632568,470
2019-10-02,5.0,5.0,4.5,4.5,1268
2019-10-03,5.0,5.449999809265137,4.875,5.0,3340
2019-10-04,5.389999866485596,5.440000057220459,5.0,5.440000057220459,622
2019-10-07,5.0,5.599999904632568,5.0,5.5,4196
2019-10-08,5.5,6.0,5.0,5.0,2856
2019-10-09,5.5,5.5,5.400000095367432,5.400000095367432,88
2019-10-10,5.5,5.5,5.300000190734863,5.400000095367432,4382
2019-10-11,6.0,6.0,6.0,6.0,300
2019-10-14,6.0,6.0,5.5,5.5,424
2019-10-15,6.0,6.0,6.0,6.0,4
2019-10-16,5.25,5.5,5.224999904632568,5.25,1352
2019-10-17,4.650000095367432,6.0,4.650000095367432,5.425000190734863,728
2019-10-18,4.795000076293945,4.795000076293945,4.795000076293945,4.795000076293945,200
2019-10-21,5.440000057220459,5.75,5.440000057220459,5.75,1800
2019-10-22,5.599999904632568,5.650000095367432,5.599999904632568,5.650000095367432,100
2019-10-23,5.0,5.440000057220459,5.0,5.440000057220459,104
2019-10-24,4.25,5.335000038146973,4.25,5.335000038146973,434
2019-10-25,4.28000020980835,4.5,3.5,4.5,8400
2019-10-28,3.700000047683716,4.28000020980835,3.359999895095825,4.28000020980835,4202
2019-10-29,3.75,3.950000047683716,3.75,3.950000047683716,600
2019-10-30,3.0,4.25,2.375,3.799999952316284,13716
2019-10-31,3.0,3.0,2.75,3.0,4166
2019-11-01,2.5,2.8499999046325684,2.5,2.799999952316284,23174
2019-11-04,3.619999885559082,3.994999885559082,3.0,3.0,644
2019-11-05,4.0,4.0,3.25,3.25,1448
2019-11-06,3.25,3.25,3.25,3.25,1200
2019-11-07,3.5,3.5,3.0,3.125,1854
2019-11-08,3.5,3.5,3.5,3.5,0
2019-11-11,3.5,3.5,3.5,3.5,60
2019-11-12,3.5,3.5,3.0,3.25,260
2019-11-13,4.739999771118164,4.739999771118164,3.0,3.25,1036
2019-11-14,2.5,4.739999771118164,2.049999952316284,4.739999771118164,213836
2019-11-15,3.0,3.0,2.375,2.9000000953674316,25566
2019-11-18,2.75,3.5,2.75,3.0999999046325684,3680
2019-11-19,2.75,2.9600000381469727,2.75,2.924999952316284,784
2019-11-20,2.75,2.75,2.4000000953674316,2.5,17604
2019-11-21,4.0,4.0,3.0,3.0,27706
2019-11-22,3.3499999046325684,3.5,3.3499999046325684,3.5,5434
2019-11-25,3.200000047683716,3.700000047683716,3.200000047683716,3.515000104904175,7424
2019-11-26,3.25,3.5,3.0,3.25,36636
2019-11-27,3.694999933242798,3.75,3.25,3.25,4358
2019-11-29,3.75,3.75,3.549999952316284,3.700000047683716,558
2019-12-02,3.625,3.690000057220459,3.625,3.625,2252
2019-12-03,3.5,3.7249999046325684,3.3499999046325684,3.7249999046325684,4458
2019-12-04,3.4149999618530273,3.5999999046325684,3.4149999618530273,3.5999999046325684,1600
2019-12-05,3.5,3.5,3.4149999618530273,3.5,280
2019-12-06,3.700000047683716,3.700000047683716,3.444999933242798,3.444999933242798,2500
2019-12-09,3.4749999046325684,3.700000047683716,3.365000009536743,3.700000047683716,8598
2019-12-10,3.5,3.5,3.5,3.5,400
2019-12-11,3.75,3.75,3.5,3.5,4636
2019-12-12,3.625,3.6500000953674316,3.625,3.6500000953674316,8000
2019-12-13,3.5,3.9749999046325684,3.4200000762939453,3.75,16524
2019-12-16,3.5,3.5,3.5,3.5,2038
2019-12-17,3.6500000953674316,3.6500000953674316,3.305000066757202,3.5,1700
2019-12-18,3.694999933242798,3.694999933242798,3.694999933242798,3.694999933242798,408
2019-12-19,3.75,3.75,3.549999952316284,3.694999933242798,656
2019-12-20,3.75,3.75,3.549999952316284,3.549999952316284,328
2019-12-23,3.6500000953674316,3.75,3.549999952316284,3.75,958
2019-12-24,3.700000047683716,3.700000047683716,3.5350000858306885,3.549999952316284,662
2019-12-26,3.375,3.549999952316284,3.375,3.549999952316284,4500
2019-12-27,3.0,3.5,3.0,3.5,4498
2019-12-30,3.049999952316284,3.2750000953674316,2.9000000953674316,3.0,6654
2019-12-31,3.494999885559082,3.5,3.049999952316284,3.2750000953674316,430
2020-01-02,3.424999952316284,3.424999952316284,3.0,3.424999952316284,1700
2020-01-03,3.1500000953674316,3.1500000953674316,3.1500000953674316,3.1500000953674316,450
2020-01-06,3.505000114440918,4.0,3.4000000953674316,3.450000047683716,13342
2020-01-07,5.855000019073486,5.855000019073486,3.25,4.0,7684
2020-01-08,6.025000095367432,7.525000095367432,5.25,5.820000171661377,13902
2020-01-09,6.25,7.445000171661377,5.75,6.614999771118164,27286
2020-01-10,6.25,6.25,6.244999885559082,6.25,322
2020-01-13,6.414999961853027,6.5,6.40500020980835,6.40500020980835,212
2020-01-14,6.949999809265137,7.099999904632568,5.849999904632568,7.0,8626
2020-01-15,5.900000095367432,6.75,5.900000095367432,6.75,862
2020-01-16,6.195000171661377,6.5,5.880000114440918,5.880000114440918,358
2020-01-17,7.5,7.5,5.005000114440918,6.0,23418
2020-01-21,6.244999885559082,7.5,4.5,6.199999809265137,2818
2020-01-22,6.0,6.875,6.0,6.224999904632568,1034
2020-01-23,6.25,6.5,5.864999771118164,6.5,1372
2020-01-24,6.5,7.125,6.125,6.125,2834
2020-01-27,6.0,7.0,5.255000114440918,7.0,8300
2020-01-28,5.539999961853027,6.0,5.25,6.0,2988
2020-01-29,6.744999885559082,7.0,5.75,6.0,2406
2020-01-30,6.375,7.0,6.25,7.0,2758
2020-01-31,6.400000095367432,7.0,6.150000095367432,6.5,1638
2020-02-03,6.295000076293945,6.449999809265137,6.150000095367432,6.150000095367432,2052
2020-02-04,6.474999904632568,6.5,6.449999809265137,6.449999809265137,760
2020-02-05,6.5,6.5,6.025000095367432,6.5,58
2020-02-06,6.224999904632568,6.474999904632568,6.215000152587891,6.215000152587891,3154
2020-02-07,7.0,7.0,6.224999904632568,6.25,10316
2020-02-10,7.0,7.25,6.75,7.0,4202
2020-02-11,6.614999771118164,6.75,6.5,6.75,11208
2020-02-12,6.699999809265137,7.25,6.699999809265137,7.25,246
2020-02-13,7.25,7.25,6.75,7.125,688
2020-02-14,7.0,7.0,6.630000114440918,7.0,1214
2020-02-18,7.0,7.0,6.630000114440918,7.0,890
2020-02-19,6.5,6.5,6.5,6.5,20
2020-02-20,5.215000152587891,6.414999961853027,5.215000152587891,6.414999961853027,2176
2020-02-21,6.0,6.0,5.739999771118164,5.739999771118164,1432
2020-02-24,6.0,6.0,5.5,5.75,1010
2020-02-25,5.75,6.0,5.5,6.0,2494
2020-02-26,5.5,5.5,5.199999809265137,5.5,5072
2020-02-27,5.5,5.5,5.199999809265137,5.204999923706055,1938
2020-02-28,5.199999809265137,5.5,5.199999809265137,5.5,1174
2020-03-02,5.5,5.5,5.0,5.0,212
2020-03-03,5.5,5.5,5.0,5.0,242
2020-03-04,5.25,7.0,5.0,7.0,5644
2020-03-05,6.0,6.0,5.25,5.75,776
2020-03-06,5.744999885559082,5.744999885559082,5.0,5.0,2082
2020-03-09,5.25,5.699999809265137,5.0,5.349999904632568,550
2020-03-10,5.0,5.5,4.75,5.5,980
2020-03-11,3.5,4.75,3.0,4.5,8774
2020-03-12,3.75,4.125,3.0,3.0,1356
2020-03-13,5.0,5.0,3.25,3.325000047683716,1934
2020-03-16,4.5,5.0,4.0,4.954999923706055,1002
2020-03-17,4.25,4.5,4.0,4.5,1096
2020-03-18,3.625,3.75,3.625,3.75,320
2020-03-19,3.7750000953674316,4.0,3.0,3.625,1228
2020-03-20,3.25,3.875,3.25,3.5,3122
2020-03-23,3.255000114440918,3.630000114440918,3.255000114440918,3.630000114440918,150
2020-03-24,3.3499999046325684,4.5,3.259999990463257,3.450000047683716,3058
2020-03-25,4.0,4.0,3.3499999046325684,3.4649999141693115,440
2020-03-26,3.3499999046325684,4.0,3.3499999046325684,4.0,4190
2020-03-27,3.3949999809265137,4.0,3.3949999809265137,3.75,1098
2020-03-30,3.299999952316284,4.25,3.299999952316284,3.299999952316284,700
2020-03-31,4.224999904632568,4.224999904632568,3.5,3.825000047683716,68
2020-04-01,3.4100000858306885,4.25,3.4100000858306885,4.25,1394
2020-04-02,4.5,4.5,3.4000000953674316,3.9700000286102295,3064
2020-04-03,3.3499999046325684,4.5,3.115000009536743,4.5,3940
2020-04-06,3.690000057220459,3.694999933242798,3.690000057220459,3.694999933242798,700
2020-04-07,3.25,4.0,3.0,4.0,2106
2020-04-08,3.5,3.5,3.25,3.25,772
2020-04-09,4.0,4.0,3.5,3.5,4772
2020-04-13,3.505000114440918,4.0,3.505000114440918,4.0,880
2020-04-14,4.0,4.0,3.549999952316284,3.75,1706
2020-04-15,3.5,4.0,3.005000114440918,4.0,1956
2020-04-16,4.025000095367432,4.050000190734863,3.4000000953674316,3.75,1556
2020-04-17,4.0,4.0,3.4000000953674316,4.0,816
2020-04-20,3.5,4.0,3.4000000953674316,4.0,2770
2020-04-21,4.125,4.125,3.5,3.5,1682
2020-04-22,4.25,4.494999885559082,4.005000114440918,4.494999885559082,430
2020-04-23,4.494999885559082,4.494999885559082,4.005000114440918,4.25,1160
2020-04-24,4.25,4.494999885559082,4.005000114440918,4.25,598
2020-04-27,4.25,4.5,4.130000114440918,4.494999885559082,2484
2020-04-28,4.289999961853027,4.494999885559082,4.005000114440918,4.494999885559082,2110
2020-04-29,4.340000152587891,4.5,4.300000190734863,4.394999980926514,1004
2020-04-30,4.420000076293945,4.420000076293945,3.7750000953674316,4.400000095367432,5010
2020-05-01,4.75,4.75,4.300000190734863,4.300000190734863,9684
2020-05-04,4.75,4.75,4.574999809265137,4.75,408
2020-05-05,5.75,5.75,4.574999809265137,4.574999809265137,2152
2020-05-06,5.0,5.75,4.75,5.25,3516
2020-05-07,5.0,5.25,4.300000190734863,5.25,514
2020-05-08,5.0,5.099999904632568,4.5,4.5,2332
2020-05-11,5.0,5.5,5.0,5.5,1086
2020-05-12,4.849999904632568,5.75,4.304999828338623,5.494999885559082,6394
2020-05-13,5.025000095367432,5.949999809265137,4.75,4.824999809265137,4640
2020-05-14,5.940000057220459,5.940000057220459,5.099999904632568,5.375,3130
2020-05-15,6.0,6.0,4.75,5.945000171661377,1360
2020-05-18,5.795000076293945,6.0,5.5,6.0,2828
2020-05-19,6.0,6.0,5.03000020980835,5.03000020980835,5978
2020-05-20,6.0,6.75,5.744999885559082,6.75,1610
2020-05-21,5.889999866485596,5.994999885559082,5.505000114440918,5.880000114440918,838
2020-05-22,5.25,6.0,4.425000190734863,6.0,7906
2020-05-26,4.75,5.775000095367432,4.75,5.014999866485596,3344
2020-05-27,5.295000076293945,5.394999980926514,4.5,4.5,2118
2020-05-28,4.880000114440918,5.494999885559082,4.75,4.75,8652
2020-05-29,5.394999980926514,5.5,4.900000095367432,5.494999885559082,1408
2020-06-01,5.994999885559082,5.994999885559082,5.394999980926514,5.5,6748
2020-06-02,5.25,5.994999885559082,5.005000114440918,5.994999885559082,1220
2020-06-03,5.989999771118164,5.994999885559082,5.260000228881836,5.494999885559082,1644
2020-06-04,5.994999885559082,5.994999885559082,5.994999885559082,5.994999885559082,124
2020-06-05,5.5,5.994999885559082,5.25,5.994999885559082,2492
2020-06-08,5.099999904632568,5.5,4.324999809265137,5.5,4814
2020-06-09,5.699999809265137,5.699999809265137,4.875,5.175000190734863,2868
2020-06-10,5.494999885559082,6.0,5.125,5.5,7940
2020-06-11,5.675000190734863,5.75,5.150000095367432,5.5,6672
2020-06-12,5.994999885559082,6.0,5.125,5.994999885559082,10126
2020-06-15,6.0,6.0,5.65500020980835,6.0,11848
2020-06-16,5.78000020980835,6.5,5.78000020980835,5.78000020980835,19956
2020-06-17,6.25,6.494999885559082,5.5,5.925000190734863,31810
2020-06-18,3.9000000953674316,4.349999904632568,3.4800000190734863,3.4800000190734863,403500
2020-06-19,3.950000047683716,4.199999809265137,3.9100000858306885,4.099999904632568,157600
2020-06-22,4.017499923706055,4.190000057220459,3.950000047683716,4.099999904632568,273800
2020-06-23,3.9000000953674316,4.099999904632568,3.834199905395508,4.099999904632568,243200
2020-06-24,3.490000009536743,4.149400234222412,3.3299999237060547,3.799999952316284,387600
2020-06-25,4.159999847412109,4.159999847412109,3.509999990463257,3.819999933242798,472300
2020-06-26,3.9100000858306885,4.099999904632568,3.740000009536743,4.099999904632568,141000
2020-06-29,3.859999895095825,4.0,3.75,3.9100000858306885,63100
2020-06-30,3.809999942779541,3.880000114440918,3.6500000953674316,3.8299999237060547,119900
2020-07-01,3.8499999046325684,3.9000000953674316,3.6600000858306885,3.690000057220459,71400
2020-07-02,3.8499999046325684,3.9700000286102295,3.75,3.9000000953674316,32700
2020-07-06,3.869999885559082,3.98799991607666,3.799999952316284,3.9000000953674316,33700
2020-07-07,3.7899999618530273,3.950000047683716,3.7899999618530273,3.9000000953674316,16100
2020-07-08,3.859999895095825,4.400000095367432,3.7818000316619873,3.950000047683716,277900
2020-07-09,4.03000020980835,4.119999885559082,3.6700000762939453,4.0,135600
2020-07-10,3.9000000953674316,4.090000152587891,3.5899999141693115,4.090000152587891,61600
2020-07-13,3.7200000286102295,4.03000020980835,3.700000047683716,4.03000020980835,70000
2020-07-14,3.799999952316284,4.0,3.5299999713897705,3.940000057220459,61800
2020-07-15,3.7200000286102295,3.8499999046325684,3.696000099182129,3.759999990463257,55500
2020-07-16,3.700000047683716,3.75,3.6500000953674316,3.6500000953674316,34100
2020-07-17,3.7100000381469727,3.9000000953674316,3.6700000762939453,3.7200000286102295,61400
2020-07-20,3.6700000762939453,3.8645999431610107,3.609999895095825,3.75,20700
2020-07-21,3.680000066757202,3.7699999809265137,3.5,3.619999885559082,57400
2020-07-22,3.690000057220459,3.700000047683716,3.549999952316284,3.680000066757202,26600
2020-07-23,3.6500000953674316,3.75,3.555000066757202,3.630000114440918,30000
2020-07-24,3.5899999141693115,3.648400068283081,3.549999952316284,3.5999999046325684,13900
2020-07-27,3.569999933242798,3.700000047683716,3.5,3.5399999618530273,26200
2020-07-28,3.380000114440918,4.0,3.380000114440918,3.5999999046325684,152700
2020-07-29,3.430000066757202,3.549999952316284,3.390000104904175,3.390000104904175,43100
2020-07-30,3.5899999141693115,3.5999999046325684,3.3499999046325684,3.440000057220459,64400
2020-07-31,3.5799999237060547,3.6500000953674316,3.4600000381469727,3.5374999046325684,58200
2020-08-03,3.805000066757202,4.0,3.4832000732421875,3.509999990463257,66000
2020-08-04,3.7899999618530273,3.950000047683716,3.5999999046325684,3.713399887084961,97800
2020-08-05,3.759999990463257,3.8299999237060547,3.700000047683716,3.75,46100
2020-08-06,3.7799999713897705,3.7899999618530273,3.6600000858306885,3.7100000381469727,49800
2020-08-07,4.099999904632568,4.135000228881836,3.6133999824523926,3.6700000762939453,99000
2020-08-10,4.0,4.190000057220459,3.555000066757202,4.150000095367432,267400
2020-08-11,4.5,4.829999923706055,3.8499999046325684,3.9600000381469727,269600
2020-08-12,4.5,4.881999969482422,4.326700210571289,4.630000114440918,681600
2020-08-13,4.46999979019165,4.699999809265137,4.309999942779541,4.389999866485596,261000
2020-08-14,4.519999980926514,4.639999866485596,3.7880001068115234,4.360000133514404,326800
2020-08-17,4.599999904632568,4.96999979019165,4.260000228881836,4.599999904632568,243200
2020-08-18,4.389999866485596,4.75,4.25,4.610000133514404,113700
2020-08-19,4.260000228881836,4.489999771118164,4.140600204467773,4.329999923706055,116200
2020-08-20,4.150000095367432,4.590000152587891,4.150000095367432,4.5,215100
2020-08-21,4.130000114440918,4.349999904632568,4.079999923706055,4.110000133514404,178100
2020-08-24,4.110000133514404,4.480000019073486,4.010000228881836,4.150000095367432,87300
2020-08-25,4.150000095367432,4.349999904632568,3.819999933242798,4.050000190734863,78400
2020-08-26,4.099999904632568,4.247000217437744,4.039999961853027,4.039999961853027,14300
2020-08-27,4.0,4.25,4.0,4.059999942779541,58800
2020-08-28,3.839900016784668,4.150000095367432,3.799999952316284,4.019999980926514,107900
2020-08-31,3.6600000858306885,4.0,3.6500000953674316,3.8499999046325684,127600
2020-09-01,3.799999952316284,4.0,3.5,3.700000047683716,158300
2020-09-02,3.75,4.150000095367432,3.684999942779541,3.809999942779541,171300
2020-09-03,3.609999895095825,4.0,3.509999990463257,3.680000066757202,181600
2020-09-04,3.609999895095825,4.050000190734863,3.549999952316284,3.559999942779541,315000
2020-09-08,3.7300000190734863,3.940000057220459,3.5899999141693115,3.680000066757202,138500
2020-09-09,3.6500000953674316,3.8499999046325684,3.6222000122070312,3.630000114440918,82200
2020-09-10,3.6700000762939453,3.859999895095825,3.630000114440918,3.740000009536743,94700
2020-09-11,3.640000104904175,3.7899999618530273,3.5299999713897705,3.6700000762939453,44300
2020-09-14,3.6600000858306885,3.740000009536743,3.640000104904175,3.640000104904175,23500
2020-09-15,3.6700000762939453,3.7200000286102295,3.619999885559082,3.7200000286102295,81800
2020-09-16,3.4800000190734863,3.7799999713897705,3.4600000381469727,3.6700000762939453,57000
2020-09-17,3.319999933242798,3.690000057220459,3.180000066757202,3.430000066757202,117200
2020-09-18,3.140000104904175,3.440000057220459,3.140000104904175,3.319999933242798,62100
2020-09-21,3.619999885559082,4.050000190734863,3.277400016784668,3.609999895095825,1511800
2020-09-22,3.4200000762939453,4.0,3.2799999713897705,3.819999933242798,685800
2020-09-23,3.630000114440918,3.9000000953674316,3.450000047683716,3.450000047683716,279500
2020-09-24,3.3371999263763428,3.880000114440918,3.25,3.569999933242798,506300
2020-09-25,3.319999933242798,3.740000009536743,3.319999933242798,3.369999885559082,241300
2020-09-28,3.259999990463257,3.5799999237060547,3.25,3.3499999046325684,74500
2020-09-29,3.2100000381469727,3.5299999713897705,3.111999988555908,3.259999990463257,385500
2020-09-30,3.2200000286102295,3.4184999465942383,3.180000066757202,3.23009991645813,91800
2020-10-01,3.319999933242798,3.5999999046325684,3.119999885559082,3.200000047683716,445400
2020-10-02,3.5,3.75,3.2200000286102295,3.299999952316284,461100
2020-10-05,3.4000000953674316,3.5999999046325684,3.259999990463257,3.5999999046325684,154100
2020-10-06,3.2799999713897705,3.569999933242798,3.2200000286102295,3.359999895095825,143400
2020-10-07,3.25,3.5,3.1500000953674316,3.369999885559082,120600
2020-10-08,3.2200000286102295,3.450000047683716,3.180000066757202,3.240000009536743,73900
2020-10-09,3.299999952316284,3.490000009536743,3.200000047683716,3.2100000381469727,177100
2020-10-12,3.549999952316284,3.7300000190734863,3.299999952316284,3.4100000858306885,169500
2020-10-13,3.5850000381469727,3.680000066757202,3.4000000953674316,3.509999990463257,66500
2020-10-14,3.5999999046325684,3.9600000381469727,3.4804999828338623,3.5299999713897705,246100
2020-10-15,3.380000114440918,3.5999999046325684,3.299999952316284,3.4800000190734863,89600
2020-10-16,3.369999885559082,3.569999933242798,3.3499999046325684,3.4000000953674316,32500
2020-10-19,3.309999942779541,3.450000047683716,3.259999990463257,3.390000104904175,55000
2020-10-20,3.299999952316284,3.549999952316284,3.2799999713897705,3.369999885559082,20200
2020-10-21,3.3299999237060547,3.3949999809265137,3.2300000190734863,3.3499999046325684,14200
2020-10-22,3.259999990463257,3.302999973297119,3.200000047683716,3.2899999618530273,16100
2020-10-23,3.2300000190734863,3.297100067138672,3.200000047683716,3.259999990463257,22100
2020-10-26,3.1600000858306885,3.259999990463257,3.0999999046325684,3.259999990463257,37000
2020-10-27,3.200000047683716,3.5,3.0199999809265137,3.2260000705718994,133800
2020-10-28,3.140000104904175,3.309999942779541,3.0299999713897705,3.1700000762939453,154300
2020-10-29,2.880000114440918,3.180000066757202,2.75,3.125,162900
2020-10-30,2.6700000762939453,3.190000057220459,2.5399999618530273,2.920300006866455,554800
2020-11-02,2.7100000381469727,2.8499999046325684,2.450000047683716,2.6700000762939453,178500
2020-11-03,2.549999952316284,2.7799999713897705,2.509999990463257,2.7799999713897705,94000
2020-11-04,2.569999933242798,2.690000057220459,2.2899999618530273,2.549999952316284,148800
2020-11-05,2.890000104904175,2.9000000953674316,2.509999990463257,2.690000057220459,193100
2020-11-06,2.880000114440918,3.240000009536743,2.759999990463257,2.8299999237060547,583800
2020-11-09,2.859999895095825,3.0,2.799999952316284,2.930000066757202,43400
2020-11-10,2.6500000953674316,2.880000114440918,2.6500000953674316,2.809999942779541,49700
2020-11-11,2.940000057220459,2.940000057220459,2.619999885559082,2.7300000190734863,69000
2020-11-12,2.880000114440918,3.369999885559082,2.869999885559082,2.940000057220459,342600
2020-11-13,3.069999933242798,3.0999999046325684,2.859999895095825,3.0299999713897705,47800
2020-11-16,2.990000009536743,3.180000066757202,2.759999990463257,3.180000066757202,97700
2020-11-17,3.0299999713897705,3.180000066757202,2.930000066757202,3.180000066757202,85500
2020-11-18,3.0,3.1026999950408936,2.799999952316284,3.0199999809265137,40900
2020-11-19,3.140000104904175,3.440000057220459,2.8399999141693115,3.009999990463257,217100
2020-11-20,3.069999933242798,3.2005999088287354,2.9900999069213867,3.109999895095825,29800
2020-11-23,3.049999952316284,3.140000104904175,2.950000047683716,3.099900007247925,71500
2020-11-24,3.069999933242798,3.0999999046325684,3.049999952316284,3.069999933242798,19600
2020-11-25,3.0,3.049999952316284,2.990000009536743,3.049999952316284,28900
2020-11-27,3.390000104904175,3.6600000858306885,2.990000009536743,3.009999990463257,175500
2020-11-30,3.4100000858306885,3.680000066757202,3.049999952316284,3.4100000858306885,463300
2020-12-01,3.359999895095825,3.450000047683716,3.25,3.4000000953674316,13500
2020-12-02,3.259999990463257,3.4061999320983887,3.25,3.3399999141693115,32300
2020-12-03,3.299999952316284,3.399899959564209,3.266200065612793,3.331399917602539,10600
2020-12-04,3.4100000858306885,3.450000047683716,3.25,3.309999942779541,73100
2020-12-07,3.369999885559082,3.4800000190734863,3.2699999809265137,3.3499999046325684,54300
2020-12-08,3.3399999141693115,3.390000104904175,3.2904999256134033,3.309999942779541,26000
2020-12-09,3.3299999237060547,3.380000114440918,3.259999990463257,3.2699999809265137,27100
2020-12-10,3.2300000190734863,3.3798999786376953,3.2300000190734863,3.25,16800
2020-12-11,3.319999933242798,3.339400053024292,3.2316999435424805,3.2699999809265137,11700
2020-12-14,3.450000047683716,3.549999952316284,3.3350000381469727,3.3399999141693115,44400
2020-12-15,3.490000009536743,3.8499999046325684,3.380000114440918,3.549999952316284,198500
2020-12-16,3.4200000762939453,3.5,3.3399999141693115,3.490000009536743,50400
2020-12-17,3.4000000953674316,3.5,3.25,3.359999895095825,69700
2020-12-18,3.4000000953674316,3.479099988937378,3.3949999809265137,3.4200000762939453,15100
2020-12-21,3.390000104904175,3.4800000190734863,3.286600112915039,3.440000057220459,66100
2020-12-22,3.440000057220459,3.5899999141693115,3.2899999618530273,3.419300079345703,68600
2020-12-23,3.700000047683716,3.950000047683716,3.3299999237060547,3.609999895095825,263200
2020-12-24,3.7300000190734863,3.75,3.4971001148223877,3.700000047683716,40700
2020-12-28,4.0,4.119999885559082,3.8499999046325684,3.9700000286102295,180000
2020-12-29,3.9600000381469727,4.53000020980835,3.9100000858306885,4.139999866485596,223200
2020-12-30,3.7100000381469727,3.984600067138672,3.5399999618530273,3.9100000858306885,85600
2020-12-31,3.5999999046325684,3.7499001026153564,3.569999933242798,3.569999933242798,22400
2021-01-04,3.7100000381469727,3.7300000190734863,3.3499999046325684,3.5999999046325684,53100
2021-01-05,3.690000057220459,3.7300000190734863,3.5269999504089355,3.7100000381469727,23600
2021-01-06,3.2799999713897705,3.75,3.25,3.609999895095825,112800
2021-01-07,3.4600000381469727,3.572999954223633,3.309999942779541,3.309999942779541,75400
2021-01-08,3.390000104904175,3.509999990463257,3.3896000385284424,3.4700000286102295,39700
2021-01-11,3.4700000286102295,3.740000009536743,3.299999952316284,3.390000104904175,148000
2021-01-12,3.5,3.680000066757202,3.4719998836517334,3.490000009536743,48800
2021-01-13,4.170000076293945,4.170000076293945,3.549999952316284,3.549999952316284,198600
2021-01-14,4.480000019073486,4.849999904632568,4.0,4.25,730500
2021-01-15,4.340000152587891,4.949999809265137,4.010000228881836,4.550000190734863,638800
2021-01-19,4.309999942779541,4.510000228881836,4.170000076293945,4.369999885559082,78200
2021-01-20,4.25,4.400000095367432,4.099999904632568,4.309999942779541,78200
2021-01-21,4.289999961853027,4.380000114440918,4.125,4.320000171661377,102800
2021-01-22,4.869999885559082,4.949999809265137,4.309999942779541,4.309999942779541,183200
2021-01-25,4.849999904632568,5.139999866485596,4.440000057220459,4.940000057220459,430300
2021-01-26,4.949999809265137,5.5,4.849999904632568,5.059999942779541,674800
2021-01-27,4.630000114440918,5.480000019073486,4.460000038146973,5.079999923706055,632800
2021-01-28,4.619999885559082,4.789899826049805,4.510000228881836,4.710000038146973,81900
2021-01-29,4.360000133514404,4.610000133514404,4.289999961853027,4.5,116100
2021-02-01,4.199999809265137,4.449999809265137,4.099999904632568,4.449999809265137,169800
2021-02-02,5.070000171661377,5.070000171661377,4.113100051879883,4.320000171661377,214500
2021-02-03,4.934999942779541,5.429999828338623,4.550000190734863,5.039999961853027,481300
2021-02-04,4.730000019073486,5.179999828338623,4.420000076293945,4.949999809265137,238700
2021-02-05,4.860000133514404,5.019999980926514,4.710000038146973,4.849999904632568,79300
2021-02-08,5.639999866485596,5.909999847412109,4.730000019073486,4.730000019073486,444000
2021-02-09,6.21999979019165,6.400000095367432,5.420000076293945,5.650000095367432,923300
2021-02-10,5.260000228881836,5.5,4.599999904632568,5.400000095367432,2235000
2021-02-11,5.0,5.269999980926514,4.800000190734863,5.25,427100
2021-02-12,4.900000095367432,5.000800132751465,4.800000190734863,4.909999847412109,318500
2021-02-16,4.920000076293945,5.159999847412109,4.829999923706055,5.0879998207092285,850200
2021-02-17,4.659999847412109,5.0,4.650000095367432,4.920000076293945,1109900
2021-02-18,4.349999904632568,4.96999979019165,4.309999942779541,4.699999809265137,720200
2021-02-19,4.699999809265137,4.849999904632568,4.340000152587891,4.480000019073486,408900
2021-02-22,4.670000076293945,4.980000019073486,4.570000171661377,4.699999809265137,235600
2021-02-23,4.400000095367432,4.75,4.119999885559082,4.550000190734863,377800
2021-02-24,4.679999828338623,4.800000190734863,4.349999904632568,4.380000114440918,91300
2021-02-25,4.349999904632568,5.119999885559082,4.349999904632568,4.78000020980835,657400
2021-02-26,4.420000076293945,4.769999980926514,4.315000057220459,4.440000057220459,381800
2021-03-01,4.639999866485596,4.909999847412109,4.389999866485596,4.599999904632568,278600
2021-03-02,4.400000095367432,4.75,4.329999923706055,4.75,179100
2021-03-03,4.300000190734863,4.589900016784668,4.260000228881836,4.409999847412109,115500
2021-03-04,3.890000104904175,4.349999904632568,3.75,4.309999942779541,184300
2021-03-05,3.893199920654297,4.210000038146973,3.700000047683716,3.950000047683716,146900
2021-03-08,3.809999942779541,4.01170015335083,3.765000104904175,3.8499999046325684,65000
2021-03-09,4.010000228881836,4.389999866485596,3.8299999237060547,4.119999885559082,239000
2021-03-10,4.03000020980835,4.159999847412109,3.890000104904175,4.099999904632568,90200
2021-03-11,4.159999847412109,4.289999961853027,4.0,4.110000133514404,91900
2021-03-12,4.199999809265137,4.360000133514404,4.110000133514404,4.25,76300
2021-03-15,4.349999904632568,4.429999828338623,4.230000019073486,4.300000190734863,106400
2021-03-16,4.739999771118164,4.849999904632568,4.389999866485596,4.409999847412109,686900
2021-03-17,4.829999923706055,4.949999809265137,4.619999885559082,4.670000076293945,276600
2021-03-18,4.949999809265137,5.28000020980835,4.710000038146973,4.840000152587891,682200
2021-03-19,4.590000152587891,4.94189977645874,4.590000152587891,4.909999847412109,193600
2021-03-22,4.630000114440918,4.849999904632568,4.550000190734863,4.690000057220459,169300
2021-03-23,4.28000020980835,4.650000095367432,4.230000019073486,4.599999904632568,163100
2021-03-24,4.150000095367432,4.369999885559082,4.119999885559082,4.309999942779541,131000
2021-03-25,4.239999771118164,4.289999961853027,4.0,4.139999866485596,139600
2021-03-26,4.099999904632568,4.47790002822876,4.010700225830078,4.47790002822876,56900
2021-03-29,3.880000114440918,4.599999904632568,3.6500000953674316,4.010000228881836,400900
2021-03-30,4.039999961853027,4.349999904632568,3.819999933242798,3.950000047683716,305800
2021-03-31,4.119999885559082,4.289999961853027,4.059999942779541,4.079999923706055,57200
2021-04-01,4.360000133514404,4.489999771118164,4.050000190734863,4.260000228881836,163100
2021-04-05,4.380000114440918,4.489999771118164,4.329999923706055,4.429999828338623,67200
2021-04-06,4.380000114440918,4.440000057220459,4.242599964141846,4.369999885559082,35900
2021-04-07,4.389999866485596,4.420000076293945,4.269999980926514,4.400000095367432,49100
2021-04-08,4.360000133514404,4.440000057220459,4.309999942779541,4.440000057220459,36300
2021-04-09,4.380000114440918,4.579999923706055,4.25,4.369999885559082,70500
2021-04-12,4.360000133514404,4.389999866485596,4.200099945068359,4.369999885559082,82400
2021-04-13,4.400000095367432,4.429999828338623,4.309999942779541,4.360000133514404,71500
2021-04-14,4.260000228881836,4.446499824523926,4.21999979019165,4.360000133514404,118100
2021-04-15,4.21999979019165,4.420000076293945,4.199999809265137,4.320000171661377,123400
2021-04-16,4.199999809265137,4.28000020980835,4.03000020980835,4.21999979019165,85600
2021-04-19,4.0,4.150000095367432,3.9000000953674316,4.150000095367432,43800
2021-04-20,4.03000020980835,4.132999897003174,3.9491000175476074,3.9600000381469727,69400
2021-04-21,4.170000076293945,4.25,4.0,4.039999961853027,49800
2021-04-22,4.170000076293945,4.329999923706055,4.059999942779541,4.150000095367432,25800
2021-04-23,4.139999866485596,4.249899864196777,4.070000171661377,4.21999979019165,33400
2021-04-26,4.199999809265137,4.199999809265137,4.059999942779541,4.139999866485596,34200
2021-04-27,4.21999979019165,4.230100154876709,4.119999885559082,4.159999847412109,40100
2021-04-28,4.369999885559082,4.400000095367432,4.179999828338623,4.179999828338623,85500
2021-04-29,4.269999980926514,4.369999885559082,4.210000038146973,4.369999885559082,55900
2021-04-30,4.170000076293945,4.329999923706055,4.150000095367432,4.210000038146973,14000
2021-05-03,4.010000228881836,4.170000076293945,4.010000228881836,4.170000076293945,27400
2021-05-04,4.03000020980835,4.059999942779541,3.9100000858306885,3.950000047683716,23400
2021-05-05,3.9800000190734863,4.070000171661377,3.809999942779541,4.050000190734863,65900
2021-05-06,4.039999961853027,4.409999847412109,3.930000066757202,3.9800000190734863,456600
2021-05-07,4.090000152587891,4.199999809265137,4.019999980926514,4.059999942779541,42000
2021-05-10,3.859999895095825,4.179999828338623,3.859999895095825,4.070000171661377,58900
2021-05-11,3.990000009536743,4.190000057220459,3.7100000381469727,3.940000057220459,560200
2021-05-12,3.359999895095825,4.25,3.359999895095825,3.9100000858306885,810100
2021-05-13,3.2699999809265137,3.6198999881744385,3.2662999629974365,3.569999933242798,181900
2021-05-14,3.2799999713897705,3.450000047683716,3.109999895095825,3.2799999713897705,188600
2021-05-17,3.240000009536743,3.4200000762939453,3.200000047683716,3.25,29500
2021-05-18,3.2200000286102295,3.369999885559082,3.200000047683716,3.2100000381469727,49100
2021-05-19,3.2200000286102295,3.3461999893188477,3.1700000762939453,3.180000066757202,60600
2021-05-20,3.319999933242798,3.4202001094818115,3.190000057220459,3.2799999713897705,87800
2021-05-21,3.369999885559082,3.450000047683716,3.2799999713897705,3.4200000762939453,38100
2021-05-24,3.380000114440918,3.430000066757202,3.319999933242798,3.4000000953674316,34400
2021-05-25,3.4200000762939453,3.5399999618530273,3.309999942779541,3.380000114440918,67900
2021-05-26,3.4000000953674316,3.4600000381469727,3.378700017929077,3.4000000953674316,57700
2021-05-27,3.430000066757202,3.569999933242798,3.4000000953674316,3.450000047683716,95600
2021-05-28,3.4700000286102295,3.5999999046325684,3.4200000762939453,3.4200000762939453,28800
2021-06-01,3.5,3.569999933242798,3.4509999752044678,3.5299999713897705,24200
2021-06-02,3.440000057220459,3.819999933242798,3.3580000400543213,3.5199999809265137,162300
2021-06-03,3.430000066757202,3.5999999046325684,3.200000047683716,3.380000114440918,102300
2021-06-04,3.430000066757202,3.490000009536743,3.359999895095825,3.440000057220459,40100
2021-06-07,3.4800000190734863,3.490000009536743,3.4439001083374023,3.450000047683716,11700
2021-06-08,3.740000009536743,4.199999809265137,3.450000047683716,3.4800000190734863,911900
2021-06-09,3.7899999618530273,4.019999980926514,3.680000066757202,4.019999980926514,107700
2021-06-10,3.509999990463257,3.8949999809265137,3.509999990463257,3.7899999618530273,91100
2021-06-11,3.799999952316284,3.8399999141693115,3.509999990463257,3.509999990463257,73300
2021-06-14,3.7899999618530273,3.809999942779541,3.700000047683716,3.7799999713897705,56000
2021-06-15,3.630000114440918,3.7799999713897705,3.610100030899048,3.7799999713897705,36800
2021-06-16,3.7899999618530273,3.799999952316284,3.625,3.6700000762939453,32700
2021-06-17,3.859999895095825,3.890000104904175,3.720099925994873,3.799999952316284,63300
2021-06-18,3.9200000762939453,3.9200000762939453,3.8499999046325684,3.8499999046325684,39600
2021-06-21,3.880000114440918,3.9000000953674316,3.819999933242798,3.890000104904175,34200
2021-06-22,3.890000104904175,3.9000000953674316,3.8299999237060547,3.880000114440918,40700
2021-06-23,3.9700000286102295,4.0,3.8299999237060547,3.890000104904175,90700
2021-06-24,4.150000095367432,4.150000095367432,3.950000047683716,3.9519999027252197,70900
2021-06-25,4.360000133514404,4.599999904632568,4.176599979400635,4.190000057220459,207400
2021-06-28,4.090000152587891,4.446499824523926,3.9611001014709473,4.400000095367432,90500
2021-06-29,4.230000019073486,4.300000190734863,3.950000047683716,4.119999885559082,42700
2021-06-30,4.21999979019165,4.25,4.070000171661377,4.230000019073486,41700
2021-07-01,4.159999847412109,4.361000061035156,4.150000095367432,4.21999979019165,65600
2021-07-02,4.0,4.224999904632568,3.950000047683716,4.170000076293945,68700
2021-07-06,3.9700000286102295,4.059999942779541,3.9200000762939453,3.9600000381469727,22600
2021-07-07,3.859999895095825,4.099999904632568,3.7799999713897705,3.990000009536743,29300
2021-07-08,3.630000114440918,3.813800096511841,3.5999999046325684,3.75,78200
2021-07-09,3.809999942779541,3.888200044631958,3.569999933242798,3.569999933242798,24100
2021-07-12,3.9000000953674316,3.9000000953674316,3.805000066757202,3.859999895095825,27500
2021-07-13,3.880000114440918,3.930000066757202,3.799999952316284,3.890000104904175,36700
2021-07-14,3.799999952316284,3.9700000286102295,3.7894999980926514,3.940000057220459,14200
2021-07-15,3.609999895095825,3.7699999809265137,3.5999999046325684,3.7699999809265137,17400
2021-07-16,3.5899999141693115,3.813800096511841,3.549999952316284,3.6500000953674316,14400
2021-07-19,3.6500000953674316,3.75,3.5,3.5,26800
2021-07-20,3.890000104904175,3.940000057220459,3.6500000953674316,3.6600000858306885,18800
2021-07-21,3.9700000286102295,4.019999980926514,3.73009991645813,3.930000066757202,28000
2021-07-22,3.9600000381469727,3.9600000381469727,3.890000104904175,3.9600000381469727,11400
2021-07-23,3.859999895095825,3.990000009536743,3.859999895095825,3.950000047683716,21700
2021-07-26,3.9100000858306885,3.9700000286102295,3.7799999713897705,3.819999933242798,16600
2021-07-27,3.890000104904175,3.9700000286102295,3.8299999237060547,3.930000066757202,8700
2021-07-28,4.0,4.0,3.8299999237060547,3.940000057220459,18300
2021-07-29,3.859999895095825,4.0,3.79010009765625,4.0,36200
2021-07-30,3.869999885559082,3.9000000953674316,3.809999942779541,3.809999942779541,15600
2021-08-02,3.9700000286102295,4.010000228881836,3.816499948501587,3.869999885559082,16400
2021-08-03,3.950000047683716,3.9700000286102295,3.880000114440918,3.880000114440918,21200
2021-08-04,3.869999885559082,3.9800000190734863,3.869999885559082,3.9409000873565674,14600
2021-08-05,3.950000047683716,3.9700000286102295,3.809999942779541,3.869999885559082,9700
2021-08-06,3.950000047683716,3.9700000286102295,3.880000114440918,3.9000000953674316,11900
2021-08-09,3.9700000286102295,4.0,3.9100000858306885,3.9100000858306885,26300
2021-08-10,4.0,4.019999980926514,3.9233999252319336,3.9700000286102295,30200
2021-08-11,3.890000104904175,4.010000228881836,3.8399999141693115,3.990000009536743,33000
2021-08-12,3.7750000953674316,3.9200000762939453,3.7300000190734863,3.9200000762939453,36100
2021-08-13,3.700000047683716,3.809999942779541,3.700000047683716,3.809999942779541,27100
2021-08-16,3.509999990463257,3.740000009536743,3.509999990463257,3.630000114440918,25300
2021-08-17,3.190000057220459,3.565000057220459,3.190000057220459,3.514899969100952,46000
2021-08-18,3.4124999046325684,3.440000057220459,3.1500000953674316,3.265000104904175,33800
2021-08-19,3.359999895095825,3.569999933242798,3.25,3.305000066757202,17300
2021-08-20,3.440000057220459,3.5399999618530273,3.3499999046325684,3.380000114440918,10300
2021-08-23,3.509999990463257,3.5450000762939453,3.3499999046325684,3.390000104904175,16500
2021-08-24,3.5,3.5999999046325684,3.390000104904175,3.5,21000
2021-08-25,3.7300000190734863,3.7899999618530273,3.5876998901367188,3.759999990463257,29200
2021-08-26,3.7300000190734863,3.7535998821258545,3.549999952316284,3.75,11900
2021-08-27,3.609999895095825,3.809999942779541,3.609999895095825,3.809999942779541,76000
2021-08-30,3.569999933242798,3.7899999618530273,3.5100998878479004,3.7899999618530273,32900
2021-08-31,3.5999999046325684,3.6600000858306885,3.575000047683716,3.5899999141693115,33400
2021-09-01,3.869999885559082,3.9800000190734863,3.5999999046325684,3.7799999713897705,100900
2021-09-02,3.930000066757202,3.9800000190734863,3.799999952316284,3.9800000190734863,27600
2021-09-03,3.8499999046325684,3.930000066757202,3.7899999618530273,3.9200000762939453,20500
2021-09-07,3.740000009536743,3.8399999141693115,3.6600000858306885,3.8399999141693115,15100
2021-09-08,3.549999952316284,3.690000057220459,3.509999990463257,3.690000057220459,20200
2021-09-09,3.450000047683716,3.5850000381469727,3.450000047683716,3.549999952316284,33200
2021-09-10,3.5999999046325684,3.630000114440918,3.4100000858306885,3.450000047683716,15500
2021-09-13,3.440000057220459,3.5999999046325684,3.384999990463257,3.5999999046325684,18300
2021-09-14,3.2736001014709473,3.4800000190734863,3.2100000381469727,3.4600000381469727,63900
2021-09-15,3.369999885559082,3.3821001052856445,3.200000047683716,3.25,45600
2021-09-16,3.1500000953674316,3.4649999141693115,3.0,3.300100088119507,64200
2021-09-17,3.440000057220459,3.619999885559082,3.0999999046325684,3.0999999046325684,122100
2021-09-20,3.2300000190734863,3.5199999809265137,3.140000104904175,3.440000057220459,67400
2021-09-21,3.190000057220459,3.2799999713897705,3.1401000022888184,3.2799999713897705,24900
2021-09-22,3.2899999618530273,3.299999952316284,3.1700000762939453,3.2100000381469727,20700
2021-09-23,3.2100000381469727,3.299999952316284,3.1500000953674316,3.259999990463257,23300
2021-09-24,3.182300090789795,3.2899999618530273,3.1700000762939453,3.2300000190734863,21300
2021-09-27,3.190000057220459,3.2699999809265137,3.109999895095825,3.200000047683716,43500
2021-09-28,3.4000000953674316,3.409899950027466,3.065000057220459,3.1500000953674316,39500
2021-09-29,3.3499999046325684,3.4217000007629395,3.2899999618530273,3.3499999046325684,15200
2021-09-30,3.4000000953674316,3.4000000953674316,3.1600000858306885,3.317199945449829,16100
2021-10-01,3.240000009536743,3.4000000953674316,3.2300000190734863,3.3499999046325684,22600
2021-10-04,3.25,3.3299999237060547,3.200000047683716,3.25,13500
2021-10-05,3.390000104904175,3.392699956893921,3.2300000190734863,3.2300000190734863,18400
2021-10-06,3.390000104904175,3.430000066757202,3.259999990463257,3.430000066757202,12000
2021-10-07,3.450000047683716,3.5,3.4000000953674316,3.4000000953674316,23700
2021-10-08,3.4800000190734863,3.490000009536743,3.380000114440918,3.4700000286102295,8400
2021-10-11,3.7358999252319336,3.8399999141693115,3.4200000762939453,3.450000047683716,82200
2021-10-12,3.700000047683716,3.740000009536743,3.619999885559082,3.740000009536743,18800
2021-10-13,3.8399999141693115,3.8803000450134277,3.630000114440918,3.700000047683716,49900
2021-10-14,3.869999885559082,4.055099964141846,3.817500114440918,3.8299999237060547,92100
2021-10-15,3.8299999237060547,4.03000020980835,3.7799999713897705,4.03000020980835,17800
2021-10-18,3.7799999713897705,3.9049999713897705,3.5999999046325684,3.880000114440918,18300
2021-10-19,3.5799999237060547,3.858299970626831,3.5404000282287598,3.700000047683716,30800
2021-10-20,3.5999999046325684,3.7548999786376953,3.5799999237060547,3.7100000381469727,6000
2021-10-21,3.619999885559082,3.6700000762939453,3.5999999046325684,3.609999895095825,6000
2021-10-22,3.490000009536743,3.5999999046325684,3.4700000286102295,3.5999999046325684,15500
2021-10-25,3.450000047683716,3.5,3.450000047683716,3.4800000190734863,18300
2021-10-26,3.4100000858306885,3.4484000205993652,3.360100030899048,3.4200000762939453,21100
2021-10-27,3.200000047683716,3.501800060272217,3.1600000858306885,3.359999895095825,65600
2021-10-28,3.380000114440918,3.380000114440918,3.25,3.259999990463257,14600
2021-10-29,3.359999895095825,3.4700000286102295,3.359999895095825,3.380000114440918,4200
2021-11-01,3.369999885559082,3.4700000286102295,3.0,3.259999990463257,72300
2021-11-02,3.430000066757202,3.440000057220459,3.3299999237060547,3.3499999046325684,21700
2021-11-03,3.450000047683716,3.47979998588562,3.3701000213623047,3.3701000213623047,9700
2021-11-04,3.490000009536743,3.6500000953674316,3.364500045776367,3.4700000286102295,140400
2021-11-05,3.4600000381469727,3.579900026321411,3.3970999717712402,3.5399999618530273,17000
2021-11-08,3.4800000190734863,3.511399984359741,3.380000114440918,3.450000047683716,16000
2021-11-09,3.444999933242798,3.4800000190734863,3.37280011177063,3.4800000190734863,18100
2021-11-10,3.6600000858306885,4.28000020980835,3.5399999618530273,3.809999942779541,785700
2021-11-11,3.799999952316284,3.9000000953674316,3.5325000286102295,3.5799999237060547,65900
2021-11-12,3.690000057220459,3.799999952316284,3.6700000762939453,3.7200000286102295,31100
2021-11-15,3.8499999046325684,3.890000104904175,3.6900999546051025,3.8399999141693115,44400
2021-11-16,3.9000000953674316,4.050000190734863,3.809999942779541,3.8499999046325684,95000
2021-11-17,3.9800000190734863,4.269999980926514,3.7100000381469727,3.9100000858306885,133700
2021-11-18,3.619999885559082,4.090000152587891,3.5910000801086426,3.9800000190734863,82900
2021-11-19,3.559999942779541,3.73009991645813,3.559999942779541,3.6500000953674316,9200
2021-11-22,3.4700000286102295,3.7100000381469727,3.4600000381469727,3.5299999713897705,35800
2021-11-23,3.380000114440918,3.5,3.369999885559082,3.4700000286102295,13200
2021-11-24,3.390000104904175,3.4100000858306885,3.309999942779541,3.4000000953674316,17500
2021-11-26,3.3677000999450684,3.4100000858306885,3.309999942779541,3.4000000953674316,6800
2021-11-29,3.259999990463257,3.509999990463257,3.200000047683716,3.369999885559082,49200
2021-11-30,3.2899999618530273,3.3152999877929688,3.2100000381469727,3.2100000381469727,29700
2021-12-01,3.1700000762939453,3.3798000812530518,3.1700000762939453,3.309999942779541,33100
2021-12-02,3.259999990463257,3.344099998474121,3.2300000190734863,3.319999933242798,29600
2021-12-03,3.180000066757202,3.2750000953674316,3.1500000953674316,3.2750000953674316,21600
2021-12-06,3.1600000858306885,3.211199998855591,3.059999942779541,3.0999999046325684,44700
2021-12-07,3.549999952316284,3.799999952316284,3.25,3.319999933242798,99800
2021-12-08,3.680000066757202,3.700000047683716,3.430000066757202,3.5,94800
2021-12-09,3.299999952316284,3.7263998985290527,3.2899999618530273,3.609999895095825,42900
2021-12-10,3.359999895095825,3.4600000381469727,3.2750000953674316,3.3299999237060547,10700
2021-12-13,3.299999952316284,3.4158999919891357,3.25,3.3499999046325684,24600
2021-12-14,3.2100000381469727,3.3499999046325684,3.15910005569458,3.309999942779541,48300
2021-12-15,3.6500000953674316,3.6500000953674316,3.1500000953674316,3.240000009536743,64000
2021-12-16,3.5999999046325684,3.700000047683716,3.450000047683716,3.609999895095825,82100
2021-12-17,3.7100000381469727,3.7899999618530273,3.5,3.5,69400
2021-12-20,3.5,3.700000047683716,3.440000057220459,3.630000114440918,17500
2021-12-21,3.4800000190734863,3.509999990463257,3.4200000762939453,3.5,16100
2021-12-22,3.380000114440918,3.4600000381469727,3.319999933242798,3.440000057220459,26200
2021-12-23,3.319999933242798,3.4000000953674316,3.2699999809265137,3.2699999809265137,25600
2021-12-27,3.2799999713897705,3.449899911880493,3.2100000381469727,3.369999885559082,72200
2021-12-28,3.309999942779541,3.4200000762939453,3.240000009536743,3.240000009536743,25900
2021-12-29,3.359999895095825,3.490000009536743,3.359999895095825,3.3961000442504883,23100
2021-12-30,3.259999990463257,3.4000000953674316,3.25,3.25,40400
2021-12-31,3.174999952316284,3.399899959564209,3.1600000858306885,3.240000009536743,88600
2022-01-03,3.4700000286102295,3.4911000728607178,3.219599962234497,3.265000104904175,24600
2022-01-04,3.380000114440918,3.4646999835968018,3.369999885559082,3.450000047683716,4000
2022-01-05,3.1600000858306885,3.4416000843048096,3.1600000858306885,3.3399999141693115,39200
2022-01-06,3.2200000286102295,3.2885000705718994,3.190000057220459,3.2885000705718994,8500
2022-01-07,3.2300000190734863,3.25,3.1500000953674316,3.240000009536743,9800
2022-01-10,3.2799999713897705,3.369999885559082,3.219899892807007,3.369999885559082,9100
2022-01-11,3.190000057220459,3.2499001026153564,3.180000066757202,3.200000047683716,16600
2022-01-12,3.309999942779541,3.309999942779541,3.2200000286102295,3.2249999046325684,4700
2022-01-13,3.1500000953674316,3.255000114440918,3.1500000953674316,3.25,20000
2022-01-14,3.240000009536743,3.2799999713897705,3.160099983215332,3.1698999404907227,13300
2022-01-18,3.200000047683716,3.236799955368042,3.1700000762939453,3.1700000762939453,10700
2022-01-19,3.200000047683716,3.2100000381469727,3.180000066757202,3.2100000381469727,10400
2022-01-20,3.180000066757202,3.180000066757202,3.1503000259399414,3.1700000762939453,8600
2022-01-21,3.049999952316284,3.1500000953674316,3.049999952316284,3.1500000953674316,22600
2022-01-24,2.950000047683716,3.039900064468384,2.809999942779541,3.009999990463257,18600
2022-01-25,2.8499999046325684,2.990000009536743,2.809999942779541,2.950000047683716,13600
2022-01-26,2.8499999046325684,3.059999942779541,2.8499999046325684,2.930000066757202,10300
2022-01-27,2.9100000858306885,2.930000066757202,2.8410000801086426,2.880000114440918,3300
2022-01-28,2.940000057220459,2.9600000381469727,2.890000104904175,2.8949999809265137,7000
2022-01-31,3.119999885559082,3.1384999752044678,2.9800000190734863,3.085599899291992,9000
2022-02-01,3.140000104904175,3.1428000926971436,3.0799999237060547,3.119999885559082,5000
2022-02-02,3.1600000858306885,3.1600000858306885,3.109999895095825,3.140000104904175,8500
2022-02-03,3.240000009536743,3.240000009536743,3.119999885559082,3.1370999813079834,7700
2022-02-04,3.190000057220459,3.240000009536743,3.130000114440918,3.240000009536743,4600
2022-02-07,3.2799999713897705,3.309999942779541,3.1500000953674316,3.190000057220459,5400
2022-02-08,3.3399999141693115,3.3399999141693115,3.0899999141693115,3.109999895095825,14800
2022-02-09,3.4600000381469727,3.5,3.3299999237060547,3.3631999492645264,14000
2022-02-10,3.5399999618530273,3.5899999141693115,3.450000047683716,3.5,30200
2022-02-11,3.4800000190734863,3.5299999713897705,3.424999952316284,3.5299999713897705,3900
2022-02-14,3.1500000953674316,3.4600000381469727,3.1500000953674316,3.3499999046325684,12000
2022-02-15,3.1700000762939453,3.197000026702881,3.030100107192993,3.1500000953674316,35200
2022-02-16,3.200000047683716,3.25,3.1556999683380127,3.1700000762939453,5600
2022-02-17,3.25,3.2699999809265137,3.1593000888824463,3.240000009536743,11300
2022-02-18,3.160599946975708,3.305000066757202,3.160599946975708,3.2799999713897705,3700
2022-02-22,3.0999999046325684,3.1963000297546387,3.0999999046325684,3.140000104904175,7100
2022-02-23,3.069999933242798,3.390000104904175,3.009999990463257,3.0799999237060547,13600
2022-02-24,3.3299999237060547,3.4200000762939453,3.0199999809265137,3.049999952316284,92600
2022-02-25,3.2799999713897705,3.4000000953674316,3.1500000953674316,3.1500000953674316,77200
2022-02-28,3.1600000858306885,3.329900026321411,3.049999952316284,3.049999952316284,30300
2022-03-01,3.049999952316284,3.299999952316284,2.950000047683716,3.2300000190734863,42000
2022-03-02,3.049999952316284,3.1702001094818115,3.049999952316284,3.059999942779541,16800
2022-03-03,2.9700000286102295,3.075000047683716,2.930000066757202,3.049999952316284,27400
2022-03-04,2.880000114440918,2.984999895095825,2.819999933242798,2.9700000286102295,11100
2022-03-07,2.75,2.9500999450683594,2.75,2.8499999046325684,18700
2022-03-08,2.869999885559082,2.9428999423980713,2.6600000858306885,2.6600000858306885,43300
2022-03-09,2.920099973678589,2.944999933242798,2.8677000999450684,2.880000114440918,21300
2022-03-10,2.869999885559082,2.890000104904175,2.805000066757202,2.805000066757202,3600
2022-03-11,2.98009991645813,3.0938000679016113,2.859999895095825,2.859999895095825,5700
2022-03-14,2.9200000762939453,3.180000066757202,2.9000000953674316,2.9800000190734863,55000
2022-03-15,2.9800000190734863,3.059999942779541,2.8399999141693115,2.8399999141693115,5000
2022-03-16,3.069999933242798,3.069999933242798,3.005000114440918,3.046999931335449,4600
2022-03-17,3.0899999141693115,3.119999885559082,3.009999990463257,3.119999885559082,5500
2022-03-18,3.140000104904175,3.140000104904175,3.055000066757202,3.0899999141693115,33600
2022-03-21,3.369999885559082,3.45989990234375,3.049999952316284,3.140000104904175,177600
2022-03-22,3.3499999046325684,3.4700000286102295,3.2100000381469727,3.369999885559082,47800
2022-03-23,3.240000009536743,3.3399999141693115,3.180000066757202,3.2699999809265137,8000
2022-03-24,3.3499999046325684,3.380000114440918,3.299999952316284,3.3499999046325684,31200
2022-03-25,3.309999942779541,3.369999885559082,3.309999942779541,3.319999933242798,7200
2022-03-28,3.3499999046325684,3.4001998901367188,3.1800999641418457,3.1800999641418457,16500
2022-03-29,3.5399999618530273,3.5899999141693115,3.390000104904175,3.430000066757202,93000
2022-03-30,3.4800000190734863,3.549999952316284,3.450000047683716,3.5,23200
2022-03-31,3.369999885559082,3.450000047683716,3.350100040435791,3.450000047683716,8200
2022-04-01,3.319999933242798,3.384999990463257,3.309999942779541,3.380000114440918,9700
2022-04-04,3.3299999237060547,3.3856000900268555,3.259999990463257,3.319999933242798,11800
2022-04-05,3.434999942779541,3.4800000190734863,3.3499999046325684,3.478800058364868,25300
2022-04-06,3.2799999713897705,3.440000057220459,3.2511000633239746,3.440000057220459,4500
2022-04-07,3.2100000381469727,3.3399999141693115,3.2100000381469727,3.262399911880493,7400
2022-04-08,3.2100000381469727,3.2300000190734863,3.200000047683716,3.200000047683716,1600
2022-04-11,3.0899999141693115,3.2100000381469727,3.069999933242798,3.2100000381469727,6300
2022-04-12,3.138400077819824,3.2100000381469727,3.069999933242798,3.130000114440918,23200
2022-04-13,3.240000009536743,3.380000114440918,3.1600000858306885,3.2923998832702637,39600
2022-04-14,3.299999952316284,3.490000009536743,3.180000066757202,3.490000009536743,21400
2022-04-18,3.200000047683716,3.299999952316284,3.168299913406372,3.299999952316284,10700
2022-04-19,3.3299999237060547,3.3798999786376953,3.25,3.255000114440918,22400
2022-04-20,3.359999895095825,3.390000104904175,3.299999952316284,3.299999952316284,7300
2022-04-21,3.197200059890747,3.4000000953674316,3.1500000953674316,3.4000000953674316,28700
2022-04-22,3.190000057220459,3.2200000286102295,3.114799976348877,3.200000047683716,9600
2022-04-25,3.1500000953674316,3.4435999393463135,3.0999999046325684,3.4000000953674316,82100
2022-04-26,3.1106998920440674,3.369999885559082,3.0799999237060547,3.299999952316284,39300
2022-04-27,3.0450000762939453,3.180000066757202,2.990000009536743,3.180000066757202,24000
2022-04-28,3.009999990463257,3.2799999713897705,3.0,3.275399923324585,26400
2022-04-29,3.0399999618530273,3.1507999897003174,2.9700000286102295,2.990000009536743,19200
2022-05-02,3.0299999713897705,3.1600000858306885,2.9000000953674316,3.1600000858306885,8900
2022-05-03,3.1500000953674316,3.180000066757202,2.9800000190734863,3.0199999809265137,25400
2022-05-04,3.0766000747680664,3.0999999046325684,3.0299999713897705,3.0299999713897705,7800
2022-05-05,2.9649999141693115,3.0950000286102295,2.950000047683716,3.049999952316284,5800
2022-05-06,2.890000104904175,3.0250000953674316,2.890000104904175,2.9200000762939453,18800
2022-05-09,2.619999885559082,3.0399999618530273,2.619999885559082,3.0399999618530273,13900
2022-05-10,2.559999942779541,2.779900074005127,2.559999942779541,2.75,46800
2022-05-11,2.2699999809265137,2.690000057220459,2.2300000190734863,2.690000057220459,68500
2022-05-12,2.4049999713897705,2.496500015258789,2.1700000762939453,2.180000066757202,17400
2022-05-13,2.700000047683716,2.75,2.4549999237060547,2.4549999237060547,51900
2022-05-16,2.5399999618530273,2.819999933242798,2.5,2.619999885559082,48500
2022-05-17,2.509999990463257,2.8187999725341797,2.5,2.8187999725341797,18800
2022-05-18,2.5299999713897705,2.690000057220459,2.5,2.5,9900
2022-05-19,2.615000009536743,2.6449999809265137,2.380000114440918,2.380000114440918,6300
2022-05-20,2.5199999809265137,2.5999999046325684,2.5000998973846436,2.5201001167297363,5700
2022-05-23,2.4200000762939453,2.4409000873565674,2.390000104904175,2.4409000873565674,18100
2022-05-24,2.559999942779541,2.5999999046325684,2.309999942779541,2.309999942779541,24100
2022-05-25,2.625,2.6484999656677246,2.4800000190734863,2.4800000190734863,45300
2022-05-26,2.700000047683716,2.740000009536743,2.6500000953674316,2.6500000953674316,17100
2022-05-27,2.740000009536743,2.7899999618530273,2.6500000953674316,2.7300000190734863,47300
2022-05-31,2.6500000953674316,2.690000057220459,2.630000114440918,2.645900011062622,10300
2022-06-01,2.549999952316284,2.6500000953674316,2.5399999618530273,2.5399999618530273,9300
2022-06-02,2.4200000762939453,2.7300000190734863,2.4000000953674316,2.7300000190734863,37100
2022-06-03,2.4600000381469727,2.4800000190734863,2.319999933242798,2.390000104904175,30400
2022-06-06,2.3499999046325684,2.440000057220459,2.3299999237060547,2.4100000858306885,37000
2022-06-07,2.2699999809265137,2.3499999046325684,2.2699999809265137,2.299999952316284,11800
2022-06-08,2.359999895095825,2.380000114440918,2.2100000381469727,2.25,15500
2022-06-09,2.2799999713897705,2.4100000858306885,2.2799999713897705,2.380000114440918,21000
2022-06-10,2.3399999141693115,2.3399999141693115,2.2100000381469727,2.2100000381469727,6000
2022-06-13,2.2699999809265137,2.369999885559082,2.181999921798706,2.3399999141693115,22800
2022-06-14,2.25,2.3299999237060547,2.216399908065796,2.2799999713897705,14500
2022-06-15,2.319999933242798,2.450000047683716,2.2551000118255615,2.380000114440918,4000
2022-06-16,2.359999895095825,2.5799999237060547,2.3499999046325684,2.525700092315674,19400
2022-06-17,2.3399999141693115,2.440000057220459,2.3399999141693115,2.440000057220459,19200
2022-06-21,2.309999942779541,2.450000047683716,2.309999942779541,2.4000000953674316,5100
2022-06-22,2.259999990463257,2.4000000953674316,2.259999990463257,2.3949999809265137,26500
2022-06-23,2.059999942779541,2.200000047683716,2.059999942779541,2.200000047683716,29800
2022-06-24,2.059999942779541,2.200000047683716,2.049999952316284,2.049999952316284,24300
2022-06-27,2.0999999046325684,2.200000047683716,2.0999999046325684,2.194700002670288,3500
2022-06-28,2.015000104904175,2.190000057220459,2.009999990463257,2.069999933242798,22800
2022-06-29,1.9900000095367432,2.0399999618530273,1.9800000190734863,2.0199999809265137,19000
2022-06-30,1.9600000381469727,1.9900000095367432,1.909999966621399,1.9900000095367432,18400
2022-07-01,2.299999952316284,2.809999942779541,2.240000009536743,2.7200000286102295,9767300
2022-07-05,2.309999942779541,2.460200071334839,2.119999885559082,2.299999952316284,349300
2022-07-06,2.0999999046325684,2.2588000297546387,2.0999999046325684,2.180000066757202,78200
2022-07-07,1.9900000095367432,2.309999942779541,1.9801000356674194,2.130000114440918,123400
2022-07-08,1.9842000007629395,2.069999933242798,1.940000057220459,2.049999952316284,68200
2022-07-11,1.899999976158142,2.2899999618530273,1.899999976158142,2.2899999618530273,107800
2022-07-12,1.7000000476837158,1.940000057220459,1.7000000476837158,1.899999976158142,134400
2022-07-13,1.6799999475479126,1.7400000095367432,1.6299999952316284,1.7400000095367432,114000
2022-07-14,1.659999966621399,1.9600000381469727,1.659999966621399,1.8200000524520874,86600
2022-07-15,1.7188999652862549,1.8799999952316284,1.6404999494552612,1.7300000190734863,118300
2022-07-18,1.8200000524520874,1.8300000429153442,1.750100016593933,1.7899999618530273,19800
2022-07-19,1.8300000429153442,1.8799999952316284,1.7699999809265137,1.8300000429153442,38300
2022-07-20,1.7999999523162842,1.9599000215530396,1.75,1.8300000429153442,39600
2022-07-21,1.7599999904632568,1.8300000429153442,1.690000057220459,1.8200000524520874,60900
2022-07-22,1.7100000381469727,1.8899999856948853,1.6799999475479126,1.7999999523162842,37000
2022-07-25,1.649999976158142,1.7999999523162842,1.600000023841858,1.7200000286102295,16000
2022-07-26,1.5700000524520874,1.7999999523162842,1.5499999523162842,1.5700000524520874,57600
2022-07-27,1.5499999523162842,1.6200000047683716,1.4700000286102295,1.6200000047683716,70100
2022-07-28,1.659999966621399,1.899999976158142,1.5099999904632568,1.8200000524520874,163800
2022-07-29,1.7000000476837158,1.7100000381469727,1.590000033378601,1.690000057220459,31800
2022-08-01,1.649999976158142,1.690000057220459,1.5700000524520874,1.690000057220459,24900
2022-08-02,1.6299999952316284,1.6799999475479126,1.5800000429153442,1.6699999570846558,21200
2022-08-03,1.6699999570846558,1.6799999475479126,1.590000033378601,1.649999976158142,23000
2022-08-04,1.6299999952316284,1.6699999570846558,1.5800000429153442,1.6200000047683716,15900
2022-08-05,1.7200000286102295,1.7699999809265137,1.5999000072479248,1.600000023841858,38200
2022-08-08,1.8600000143051147,1.8700000047683716,1.6799999475479126,1.7100000381469727,51700
2022-08-09,1.7599999904632568,1.9199999570846558,1.7000000476837158,1.8300000429153442,76500
2022-08-10,1.690000057220459,1.8200000524520874,1.649999976158142,1.7999999523162842,22600
2022-08-11,1.7799999713897705,2.319999933242798,1.6399999856948853,1.7400000095367432,964800
2022-08-12,1.7872999906539917,2.0399999618530273,1.7000000476837158,2.0199999809265137,340300
2022-08-15,1.809999942779541,2.065000057220459,1.7300000190734863,1.7799999713897705,193300
2022-08-16,1.649999976158142,2.0199999809265137,1.559999942779541,2.0199999809265137,337400
2022-08-17,1.559999942779541,1.7000000476837158,1.559999942779541,1.7000000476837158,57600
2022-08-18,1.4800000190734863,1.600000023841858,1.4199999570846558,1.600000023841858,178100
2022-08-19,1.340000033378601,1.5,1.3200000524520874,1.5,184000
2022-08-22,1.309999942779541,1.4600000381469727,1.2899999618530273,1.3600000143051147,163100
2022-08-23,1.2599999904632568,1.4129999876022339,1.1699999570846558,1.3700000047683716,264500
2022-08-24,1.399999976158142,1.4155000448226929,1.2714999914169312,1.2949999570846558,39700
2022-08-25,1.600000023841858,1.690000057220459,1.3799999952316284,1.3799999952316284,222700
2022-08-26,1.4966000318527222,1.5800000429153442,1.4500000476837158,1.5800000429153442,61300
2022-08-29,1.4700000286102295,1.4800000190734863,1.4199999570846558,1.4700000286102295,30500
2022-08-30,1.3799999952316284,1.4900000095367432,1.3600000143051147,1.4900000095367432,22600
2022-08-31,1.409999966621399,1.559999942779541,1.3300000429153442,1.559999942779541,113300
2022-09-01,1.399999976158142,1.4900000095367432,1.3799999952316284,1.4900000095367432,20300
2022-09-02,1.4500000476837158,1.4500000476837158,1.399999976158142,1.409999966621399,17400
2022-09-06,1.5199999809265137,1.5299999713897705,1.4500000476837158,1.4500000476837158,26200
2022-09-07,1.5089999437332153,1.5199999809265137,1.4565000534057617,1.4800000190734863,16800
2022-09-08,1.559999942779541,1.5800000429153442,1.4900000095367432,1.5800000429153442,9700
2022-09-09,1.6100000143051147,1.6299999952316284,1.5,1.590000033378601,34300
2022-09-12,1.559999942779541,1.5700000524520874,1.5300999879837036,1.559999942779541,8800
2022-09-13,1.5299999713897705,1.5700000524520874,1.4700000286102295,1.5700000524520874,12300
2022-09-14,1.4199999570846558,1.5299999713897705,1.4199999570846558,1.5,21300
2022-09-15,1.5700000524520874,1.590000033378601,1.4600000381469727,1.4700000286102295,21900
2022-09-16,1.4900000095367432,1.4900000095367432,1.410099983215332,1.4900000095367432,31500
2022-09-19,1.4600000381469727,1.4600000381469727,1.410099983215332,1.4500000476837158,7500
2022-09-20,1.440000057220459,1.4600000381469727,1.3990999460220337,1.4299999475479126,8900
2022-09-21,1.340000033378601,1.399999976158142,1.340000033378601,1.399999976158142,7100
2022-09-22,1.3624999523162842,1.3799999952316284,1.3250000476837158,1.3316999673843384,6700
2022-09-23,1.2400000095367432,1.2999999523162842,1.2300000190734863,1.2999999523162842,20000
2022-09-26,1.1799999475479126,1.23989999294281,1.1100000143051147,1.2050000429153442,23200
2022-09-27,1.159999966621399,1.2200000286102295,1.1399999856948853,1.1399999856948853,26300
2022-09-28,1.2899999618530273,1.350000023841858,1.1799999475479126,1.190000057220459,14500
2022-09-29,1.257699966430664,1.3300000429153442,1.23989999294281,1.2899999618530273,20100
2022-09-30,1.2799999713897705,1.3799999952316284,1.26010000705719,1.3799999952316284,27200
2022-10-03,1.3223999738693237,1.3345999717712402,1.309999942779541,1.3164000511169434,10400
2022-10-04,1.350000023841858,1.3799999952316284,1.3200000524520874,1.3392000198364258,18000
2022-10-05,1.3600000143051147,1.3600000143051147,1.3200000524520874,1.350000023841858,4900
2022-10-06,1.3300000429153442,1.4220000505447388,1.2699999809265137,1.309999942779541,17500
2022-10-07,1.2599999904632568,1.340000033378601,1.2400000095367432,1.340000033378601,24200
2022-10-10,1.1699999570846558,1.309999942779541,1.149999976158142,1.309999942779541,23300
2022-10-11,1.2100000381469727,1.3600000143051147,1.2062000036239624,1.3600000143051147,19400
2022-10-12,1.2799999713897705,1.309999942779541,1.222599983215332,1.309999942779541,3000
2022-10-13,1.2599999904632568,1.2599999904632568,1.2001999616622925,1.2001999616622925,3300
2022-10-14,1.2100000381469727,1.2491999864578247,1.2050000429153442,1.2300000190734863,5000
2022-10-17,1.2200000286102295,1.2436000108718872,1.1964000463485718,1.2325999736785889,6300
2022-10-18,1.2699999809265137,1.315600037574768,1.220900058746338,1.220900058746338,10600
2022-10-19,1.25,1.2999999523162842,1.25,1.2999999523162842,12400
2022-10-20,1.2300000190734863,1.2700999975204468,1.2300000190734863,1.2700999975204468,3600
2022-10-21,1.25,1.2581000328063965,1.2200000286102295,1.2200000286102295,1400
2022-10-24,1.159999966621399,1.2196999788284302,1.1399999856948853,1.1399999856948853,11800
2022-10-25,1.149999976158142,1.174399971961975,1.1399999856948853,1.159999966621399,11900
2022-10-26,1.149999976158142,1.1948000192642212,1.149999976158142,1.1698999404907227,9300
2022-10-27,1.090000033378601,1.176300048828125,1.0399999618530273,1.1699999570846558,66400
2022-10-28,1.0499999523162842,1.1090999841690063,1.0099999904632568,1.0700000524520874,39500
2022-10-31,1.149999976158142,1.1698999404907227,1.059999942779541,1.1299999952316284,19100
2022-11-01,1.190000057220459,1.1970000267028809,1.159999966621399,1.159999966621399,4600
2022-11-02,1.2300000190734863,1.2400000095367432,1.1934000253677368,1.2099000215530396,13200
2022-11-03,1.1799999475479126,1.2067999839782715,1.1699999570846558,1.1699999570846558,4200
2022-11-04,1.2000999450683594,1.2482999563217163,1.1749999523162842,1.2000000476837158,20400
2022-11-07,1.2426999807357788,1.25,1.2000000476837158,1.2000000476837158,5700
2022-11-08,1.2699999809265137,1.2747999429702759,1.25,1.2512999773025513,7100
2022-11-09,1.2999000549316406,1.2999999523162842,1.25,1.2999999523162842,38100
2022-11-10,1.2100000381469727,1.3049999475479126,1.149999976158142,1.3011000156402588,42800
2022-11-11,1.3401000499725342,1.3545000553131104,1.2450000047683716,1.2450000047683716,24300
2022-11-14,1.3300000429153442,1.3794000148773193,1.3300000429153442,1.3700000047683716,15200
2022-11-15,1.309999942779541,1.340000033378601,1.3003000020980835,1.3003000020980835,9200
2022-11-16,1.3622000217437744,1.3686000108718872,1.2999999523162842,1.309999942779541,15600
2022-11-17,1.3200000524520874,1.3301000595092773,1.3200000524520874,1.323799967765808,6400
2022-11-18,1.315000057220459,1.3698999881744385,1.25,1.25,12200
2022-11-21,1.3200000524520874,1.3200000524520874,1.2999999523162842,1.2999999523162842,7800
2022-11-22,1.2899999618530273,1.3700000047683716,1.2699999809265137,1.3700000047683716,12900
2022-11-23,1.309999942779541,1.309999942779541,1.2699999809265137,1.2699999809265137,3400
2022-11-25,1.2799999713897705,1.2899999618530273,1.2649999856948853,1.2899999618530273,1200
2022-11-28,1.2599999904632568,1.3700000047683716,1.1984000205993652,1.3700000047683716,31200
2022-11-29,1.2210999727249146,1.2599999904632568,1.2100000381469727,1.2308000326156616,11200
2022-11-30,1.2400000095367432,1.2699999809265137,1.204300045967102,1.2092000246047974,6400
2022-12-01,1.2400000095367432,1.2899999618530273,1.149999976158142,1.1799999475479126,17900
2022-12-02,1.2999999523162842,1.3300000429153442,1.2000999450683594,1.3300000429153442,9100
2022-12-05,1.2699999809265137,1.2999999523162842,1.2568000555038452,1.2899999618530273,9600
2022-12-06,1.159999966621399,1.2900999784469604,1.1299999952316284,1.2899999618530273,23100
2022-12-07,1.2000000476837158,1.2300000190734863,1.1799999475479126,1.2300000190734863,12000
2022-12-08,1.149999976158142,1.2000000476837158,1.1299999952316284,1.1749999523162842,17800
2022-12-09,1.1571999788284302,1.1799999475479126,1.1483999490737915,1.1483999490737915,8300
2022-12-12,1.1328999996185303,1.187600016593933,1.1299999952316284,1.1539000272750854,8700
2022-12-13,1.1299999952316284,1.2000000476837158,1.1100000143051147,1.1299999952316284,15600
2022-12-14,1.1100000143051147,1.2000000476837158,1.1100000143051147,1.2000000476837158,13700
2022-12-15,1.149999976158142,1.190000057220459,1.059999942779541,1.059999942779541,32000
2022-12-16,1.1100000143051147,1.1862000226974487,1.1100000143051147,1.149999976158142,19600
2022-12-19,1.1200000047683716,1.149899959564209,1.100000023841858,1.100000023841858,16300
2022-12-20,1.149999976158142,1.1799999475479126,1.1299999952316284,1.1399999856948853,13200
2022-12-21,1.2000000476837158,1.3739999532699585,1.1299999952316284,1.1299999952316284,41100
2022-12-22,1.135699987411499,1.2000000476837158,1.090000033378601,1.149999976158142,58300
2022-12-23,1.190000057220459,1.190000057220459,1.1471999883651733,1.190000057220459,14100
2022-12-27,1.090000033378601,1.184499979019165,1.0399999618530273,1.184499979019165,96300
2022-12-28,1.0700000524520874,1.1299999952316284,1.0499999523162842,1.0499999523162842,31300
2022-12-29,1.1699999570846558,1.1699999570846558,1.0399999618530273,1.0399999618530273,32600
2022-12-30,1.159999966621399,1.1923999786376953,1.100000023841858,1.1699999570846558,39400
2023-01-03,1.149999976158142,1.2146999835968018,1.1299999952316284,1.149999976158142,19000
2023-01-04,1.2200000286102295,1.2200000286102295,1.1723999977111816,1.1723999977111816,15400
2023-01-05,1.25,1.2899999618530273,1.2200000286102295,1.2799999713897705,28000
2023-01-06,1.2999999523162842,1.340000033378601,1.1950000524520874,1.2799999713897705,53300
2023-01-09,1.340000033378601,1.350000023841858,1.2999999523162842,1.350000023841858,8300
2023-01-10,1.2401000261306763,1.309999942779541,1.2401000261306763,1.309999942779541,51700
2023-01-11,1.7300000190734863,1.8799999952316284,1.2599999904632568,1.2599999904632568,585000
2023-01-12,1.659999966621399,1.690000057220459,1.600000023841858,1.600000023841858,98300
2023-01-13,1.5700000524520874,1.6799999475479126,1.4500000476837158,1.6799999475479126,72400
2023-01-17,1.649999976158142,1.6799999475479126,1.559999942779541,1.559999942779541,16100
2023-01-18,1.6699999570846558,1.7300000190734863,1.6699999570846558,1.6699999570846558,16600
2023-01-19,1.649999976158142,1.7000000476837158,1.6399999856948853,1.6399999856948853,7800
2023-01-20,1.7400000095367432,1.75,1.649999976158142,1.649999976158142,21300
2023-01-23,1.7899999618530273,1.830399990081787,1.75,1.75,29100
2023-01-24,1.8799999952316284,1.9600000381469727,1.7899999618530273,1.7899999618530273,33100
2023-01-25,2.0399999618530273,2.0399999618530273,1.8700000047683716,1.9500000476837158,38100
2023-01-26,1.990399956703186,2.1500000953674316,1.9600000381469727,2.0999999046325684,24600
2023-01-27,1.9384000301361084,1.9753999710083008,1.8801000118255615,1.9292000532150269,16100
2023-01-30,1.8107000589370728,1.9600000381469727,1.7000000476837158,1.899999976158142,32500
2023-01-31,1.8300000429153442,1.840000033378601,1.7899999618530273,1.840000033378601,12000
2023-02-01,1.809999942779541,1.8898999691009521,1.8001999855041504,1.840000033378601,4100
2023-02-02,1.8360999822616577,1.8600000143051147,1.809999942779541,1.840000033378601,5600
2023-02-03,1.8799999952316284,1.9500000476837158,1.809999942779541,1.8300000429153442,11500
2023-02-06,1.8600000143051147,1.9199999570846558,1.8600000143051147,1.9199999570846558,17100
2023-02-07,2.0299999713897705,2.1898999214172363,1.8876999616622925,1.899999976158142,40200
2023-02-08,1.9544999599456787,2.140000104904175,1.9199999570846558,2.140000104904175,22900
2023-02-09,1.75,1.940000057220459,1.75,1.9200999736785889,41200
2023-02-10,1.729699969291687,1.75,1.6999000310897827,1.7000000476837158,21600
2023-02-13,1.7200000286102295,1.8107000589370728,1.690000057220459,1.690000057220459,4300
2023-02-14,1.8200000524520874,1.840000033378601,1.7100000381469727,1.7400000095367432,10400
2023-02-15,1.8799999952316284,1.8799999952316284,1.8300000429153442,1.8335000276565552,5500
2023-02-16,1.7899999618530273,1.8899999856948853,1.7899999618530273,1.7999999523162842,16300
2023-02-17,1.8099000453948975,1.8632999658584595,1.75,1.75,2100
2023-02-21,1.909999966621399,2.147599935531616,1.8300000429153442,1.850000023841858,97100
2023-02-22,1.8899999856948853,1.9500000476837158,1.7409000396728516,1.909999966621399,11200
2023-02-23,1.899899959564209,1.9900000095367432,1.8200000524520874,1.9900000095367432,11700
2023-02-24,1.899999976158142,1.899999976158142,1.8200000524520874,1.899999976158142,4000
2023-02-27,1.7599999904632568,1.8899999856948853,1.7100000381469727,1.8899999856948853,13800
2023-02-28,1.7699999809265137,1.7899999618530273,1.750100016593933,1.7554999589920044,5500
2023-03-01,1.7300000190734863,1.7899999618530273,1.7200000286102295,1.7899999618530273,5700
2023-03-02,1.725000023841858,1.7599999904632568,1.7100000381469727,1.712499976158142,10800
2023-03-03,1.7400000095367432,1.7549999952316284,1.690000057220459,1.7200000286102295,8400
2023-03-06,1.7300000190734863,1.8200000524520874,1.7100000381469727,1.8200000524520874,13100
2023-03-07,1.6274000406265259,1.7000000476837158,1.600000023841858,1.7000000476837158,15700
2023-03-08,1.6201000213623047,1.6399999856948853,1.6200000047683716,1.6299999952316284,4400
2023-03-09,1.7100000381469727,1.7799999713897705,1.6299999952316284,1.6399999856948853,14500
2023-03-10,1.7799999713897705,1.7799999713897705,1.649999976158142,1.6799999475479126,5600
2023-03-13,1.7599999904632568,1.7999999523162842,1.7000999450683594,1.75,11700
2023-03-14,1.7599999904632568,1.8700000047683716,1.7100000381469727,1.8700000047683716,11800
2023-03-15,1.840000033378601,1.840000033378601,1.690999984741211,1.7899999618530273,13100
2023-03-16,1.7699999809265137,1.7799999713897705,1.7200000286102295,1.7200000286102295,28800
2023-03-17,1.7300000190734863,1.7899999618530273,1.6261999607086182,1.7599999904632568,23000
2023-03-20,1.5800000429153442,1.7699999809265137,1.5299999713897705,1.6699999570846558,23600
2023-03-21,1.559999942779541,1.6100000143051147,1.559999942779541,1.559999942779541,1400
2023-03-22,1.5,1.5399999618530273,1.5,1.5,5300
2023-03-23,1.5,1.5547000169754028,1.4700000286102295,1.5547000169754028,5900
2023-03-24,1.5099999904632568,1.5749000310897827,1.4600000381469727,1.4600000381469727,30700
2023-03-27,1.559999942779541,1.6299999952316284,1.5199999809265137,1.5299999713897705,19600
2023-03-28,1.6200000047683716,1.7426999807357788,1.5906000137329102,1.6699999570846558,48000
2023-03-29,1.5700000524520874,1.6349999904632568,1.5399999618530273,1.5399999618530273,31400
2023-03-30,1.5800000429153442,1.649999976158142,1.5700000524520874,1.5800000429153442,18300
2023-03-31,1.9199999570846558,1.9299999475479126,1.7000000476837158,1.7699999809265137,136900
2023-04-03,2.009999990463257,2.120500087738037,1.9600000381469727,1.9600000381469727,151200
2023-04-04,1.840000033378601,2.109999895095825,1.840000033378601,2.049999952316284,88800
2023-04-05,1.9199999570846558,1.9905999898910522,1.7599999904632568,1.850000023841858,46600
2023-04-06,1.850000023841858,1.9500000476837158,1.8098000288009644,1.9500000476837158,9200
2023-04-10,1.850000023841858,1.8898999691009521,1.7699999809265137,1.7699999809265137,32800
2023-04-11,1.809999942779541,1.9105000495910645,1.7980999946594238,1.8799999952316284,30800
2023-04-12,1.784999966621399,1.8799999952316284,1.7699999809265137,1.8799999952316284,14000
2023-04-13,1.850000023841858,1.940000057220459,1.7599999904632568,1.8300000429153442,56000
2023-04-14,1.7899999618530273,1.909999966621399,1.7300000190734863,1.909999966621399,16800
2023-04-17,1.725000023841858,1.774999976158142,1.6699999570846558,1.7599999904632568,16100
2023-04-18,1.7899999618530273,1.809999942779541,1.7200000286102295,1.7999999523162842,23600
2023-04-19,1.770400047302246,1.799299955368042,1.718999981880188,1.7897000312805176,15500
2023-04-20,1.7599999904632568,1.809999942779541,1.75,1.7599999904632568,14400
2023-04-21,1.7400000095367432,1.7898999452590942,1.7101000547409058,1.7300000190734863,19500
2023-04-24,1.7101000547409058,1.7699999809265137,1.7100000381469727,1.7200000286102295,7200
2023-04-25,1.6100000143051147,1.75,1.5700000524520874,1.7200000286102295,34100
2023-04-26,1.600000023841858,1.649999976158142,1.5600999593734741,1.590000033378601,11800
2023-04-27,1.7400000095367432,1.7698999643325806,1.5499999523162842,1.5499999523162842,64200
2023-04-28,1.780500054359436,1.7962000370025635,1.75,1.7599999904632568,10400
2023-05-01,1.840000033378601,1.8899999856948853,1.809999942779541,1.809999942779541,41800
2023-05-02,1.8200000524520874,1.8777999877929688,1.7699999809265137,1.8300000429153442,11700
2023-05-03,1.7999999523162842,1.850000023841858,1.7899999618530273,1.8402999639511108,9700
2023-05-04,1.8600000143051147,1.9006999731063843,1.7900999784469604,1.8014999628067017,17100
2023-05-05,1.8799999952316284,1.919700026512146,1.8215999603271484,1.9050999879837036,13500
2023-05-08,1.8600000143051147,1.899999976158142,1.7999999523162842,1.899999976158142,37700
2023-05-09,1.940000057220459,1.9500000476837158,1.8177000284194946,1.899999976158142,23000
2023-05-10,2.2699999809265137,2.2699999809265137,1.910099983215332,1.9700000286102295,118000
2023-05-11,1.809999942779541,2.0899999141693115,1.7999999523162842,2.0799999237060547,99600
2023-05-12,1.559999942779541,1.809999942779541,1.5099999904632568,1.75,92800
2023-05-15,1.5800000429153442,1.6200000047683716,1.5,1.5299999713897705,23800
2023-05-16,1.5700000524520874,1.600000023841858,1.5499999523162842,1.590000033378601,12900
2023-05-17,1.4550000429153442,1.5566999912261963,1.399999976158142,1.5199999809265137,73400
2023-05-18,1.399999976158142,1.4299999475479126,1.399999976158142,1.399999976158142,29300
2023-05-19,1.3799999952316284,1.431399941444397,1.2999999523162842,1.340000033378601,31000
2023-05-22,1.3899999856948853,1.399999976158142,1.3300000429153442,1.3300000429153442,14700
2023-05-23,1.4199999570846558,1.590000033378601,1.409999966621399,1.409999966621399,49900
2023-05-24,1.3694000244140625,1.5199999809265137,1.3300000429153442,1.5199999809265137,19700
2023-05-25,1.3799999952316284,1.5,1.3300000429153442,1.3700000047683716,20300
2023-05-26,1.350000023841858,1.4291000366210938,1.3300000429153442,1.4291000366210938,8500
2023-05-30,1.3300000429153442,1.3949999809265137,1.2599999904632568,1.3300000429153442,23200
2023-05-31,1.4299999475479126,1.440000057220459,1.3450000286102295,1.350000023841858,33800
2023-06-01,1.4600000381469727,1.4700000286102295,1.4299999475479126,1.4400999546051025,9300
2023-06-02,1.4800000190734863,1.5800000429153442,1.409999966621399,1.4700000286102295,18800
2023-06-05,1.440000057220459,1.5199999809265137,1.440000057220459,1.4600000381469727,26600
2023-06-06,1.4500000476837158,1.4900000095367432,1.4299999475479126,1.4800000190734863,10900
2023-06-07,1.440000057220459,1.4800000190734863,1.4299999475479126,1.4601000547409058,3500
2023-06-08,1.4600000381469727,1.5099999904632568,1.4199999570846558,1.4416999816894531,5600
2023-06-09,1.4299999475479126,1.4900000095367432,1.399999976158142,1.399999976158142,8000
2023-06-12,1.440000057220459,1.440000057220459,1.409999966621399,1.4299999475479126,3200
2023-06-13,1.4199999570846558,1.4700000286102295,1.4199999570846558,1.4600000381469727,4600
2023-06-14,1.399999976158142,1.4210000038146973,1.399999976158142,1.4210000038146973,6800
2023-06-15,1.3799999952316284,1.4500000476837158,1.3700000047683716,1.4249999523162842,9200
2023-06-16,1.3799999952316284,1.413699984550476,1.340000033378601,1.413699984550476,11900
2023-06-20,1.409999966621399,1.5,1.3799999952316284,1.3799999952316284,26500
2023-06-21,1.399999976158142,1.4500000476837158,1.399999976158142,1.4000999927520752,7900
2023-06-22,1.409999966621399,1.4299999475479126,1.3799999952316284,1.3799999952316284,7400
2023-06-23,1.399999976158142,1.440000057220459,1.3799999952316284,1.3799999952316284,11000
2023-06-26,1.3898999691009521,1.4299999475479126,1.3799999952316284,1.4299999475479126,4300
2023-06-27,1.3538000583648682,1.3801000118255615,1.2999999523162842,1.3799999952316284,10500
2023-06-28,1.2999999523162842,1.320099949836731,1.2800999879837036,1.309999942779541,22500
2023-06-29,1.2699999809265137,1.2999999523162842,1.25,1.2799999713897705,17100
2023-06-30,1.3799999952316284,1.4299999475479126,1.302299976348877,1.3300000429153442,31200
2023-07-03,1.3801000118255615,1.4354000091552734,1.350000023841858,1.399999976158142,12200
2023-07-05,1.3600000143051147,1.3899999856948853,1.3600000143051147,1.3700000047683716,8700
2023-07-06,1.350000023841858,1.4098999500274658,1.2799999713897705,1.4098999500274658,18100
2023-07-07,1.3899999856948853,1.3899999856948853,1.3000999689102173,1.3000999689102173,18100
2023-07-10,1.3700000047683716,1.4000999927520752,1.350000023841858,1.3600000143051147,5100
2023-07-11,1.350000023841858,1.3700000047683716,1.2999999523162842,1.2999999523162842,11400
2023-07-12,1.340000033378601,1.3700000047683716,1.2999999523162842,1.340000033378601,12500
2023-07-13,1.3300000429153442,1.3700000047683716,1.2999999523162842,1.3700000047683716,21500
2023-07-14,1.3350000381469727,1.3799999952316284,1.3200000524520874,1.3700000047683716,7600
2023-07-17,1.340000033378601,1.3799999952316284,1.2899999618530273,1.2899999618530273,21300
2023-07-18,1.3200000524520874,1.3600000143051147,1.2899999618530273,1.3600000143051147,12000
2023-07-19,1.2999999523162842,1.3598999977111816,1.2899999618530273,1.340000033378601,18600
2023-07-20,1.284999966621399,1.3300000429153442,1.284999966621399,1.309999942779541,10100
2023-07-21,1.2799999713897705,1.3257999420166016,1.266700029373169,1.3257999420166016,7300
2023-07-24,1.2998000383377075,1.3099000453948975,1.25,1.25,5800
2023-07-25,1.2699999809265137,1.340000033378601,1.2549999952316284,1.2699999809265137,11300
2023-07-26,1.2999999523162842,1.3200000524520874,1.2599999904632568,1.2899999618530273,7000
2023-07-27,1.179900050163269,1.3049999475479126,1.1749999523162842,1.2999999523162842,49400
2023-07-28,1.159999966621399,1.2400000095367432,1.149999976158142,1.2000000476837158,41800
2023-07-31,1.190000057220459,1.2599999904632568,1.1847000122070312,1.2599999904632568,22000
2023-08-01,1.2100000381469727,1.2407000064849854,1.1800999641418457,1.2400000095367432,9800
2023-08-02,1.2100000381469727,1.2110999822616577,1.159999966621399,1.2000000476837158,8400
2023-08-03,1.159999966621399,1.2108999490737915,1.1399999856948853,1.159999966621399,24300
2023-08-04,1.1800999641418457,1.1991000175476074,1.1399999856948853,1.1399999856948853,3300
2023-08-07,1.1399999856948853,1.204800009727478,1.1399999856948853,1.190000057220459,22400
2023-08-08,1.149999976158142,1.1799999475479126,1.1349999904632568,1.149999976158142,4200
2023-08-09,1.2200000286102295,1.2200000286102295,1.1598999500274658,1.1598999500274658,31900
2023-08-10,1.149999976158142,1.2099000215530396,1.1100000143051147,1.201200008392334,21600
2023-08-11,1.0800000429153442,1.190000057220459,1.0509999990463257,1.149999976158142,18700
2023-08-14,1.1200000047683716,1.1642999649047852,1.0700000524520874,1.0700000524520874,13200
2023-08-15,1.159999966621399,1.159999966621399,1.0901000499725342,1.1299999952316284,25100
2023-08-16,1.1399999856948853,1.1507999897003174,1.1200000047683716,1.1507999897003174,2800
2023-08-17,1.1398999691009521,1.1398999691009521,1.100100040435791,1.125,15300
2023-08-18,1.1399999856948853,1.1411999464035034,1.0801000595092773,1.1299999952316284,14300
2023-08-21,1.149999976158142,1.149999976158142,1.1200000047683716,1.1298999786376953,7000
2023-08-22,1.1298999786376953,1.1299999952316284,1.1009999513626099,1.1100000143051147,3800
2023-08-23,1.1200000047683716,1.1299999952316284,1.100100040435791,1.1299999952316284,4000
2023-08-24,1.149999976158142,1.149999976158142,1.1200000047683716,1.1299999952316284,1600
2023-08-25,1.1100000143051147,1.125,1.1100000143051147,1.1201000213623047,1800
2023-08-28,1.1699999570846558,1.179900050163269,1.1100000143051147,1.1100000143051147,10400
2023-08-29,1.1698999404907227,1.1699999570846558,1.1200000047683716,1.1399999856948853,11300
2023-08-30,1.1500999927520752,1.170300006866455,1.1369999647140503,1.1698999404907227,8000
2023-08-31,1.1299999952316284,1.149999976158142,1.090000033378601,1.1303000450134277,9900
2023-09-01,1.1399999856948853,1.1699999570846558,1.1198999881744385,1.1699999570846558,16700
2023-09-05,1.1399999856948853,1.1699999570846558,1.090000033378601,1.1699999570846558,6200
2023-09-06,1.2999999523162842,1.350000023841858,1.1399999856948853,1.1399999856948853,59300
2023-09-07,1.2000000476837158,1.2999999523162842,1.190000057220459,1.2999999523162842,23100
2023-09-08,1.149999976158142,1.2100000381469727,1.1299999952316284,1.2000000476837158,42700
2023-09-11,1.149999976158142,1.1799999475479126,1.1299999952316284,1.1500999927520752,22000
2023-09-12,1.1399999856948853,1.190000057220459,1.1399999856948853,1.1549999713897705,4400
2023-09-13,1.1799999475479126,1.190000057220459,1.149999976158142,1.160099983215332,6400
2023-09-14,1.2000000476837158,1.2000000476837158,1.149999976158142,1.149999976158142,16000
2023-09-15,1.2000000476837158,1.2300000190734863,1.1699999570846558,1.2200000286102295,23800
2023-09-18,1.2200000286102295,1.2200000286102295,1.1851999759674072,1.2000000476837158,5800
2023-09-19,1.2300000190734863,1.2300000190734863,1.180899977684021,1.2300000190734863,4800
2023-09-20,1.2000000476837158,1.2799999713897705,1.2000000476837158,1.2799999713897705,6800
2023-09-21,1.2100000381469727,1.2139999866485596,1.159999966621399,1.2000000476837158,14900
2023-09-22,1.159999966621399,1.2200000286102295,1.149999976158142,1.2200000286102295,7900
2023-09-25,1.1399999856948853,1.1699999570846558,1.1301000118255615,1.1500999927520752,4700
2023-09-26,1.159999966621399,1.2208000421524048,1.1399999856948853,1.1399999856948853,4500
2023-09-27,1.159999966621399,1.190999984741211,1.159999966621399,1.1699999570846558,4400
2023-09-28,1.149999976158142,1.1900999546051025,1.149999976158142,1.1799999475479126,5800
2023-09-29,1.170300006866455,1.2300000190734863,1.149999976158142,1.2300000190734863,3900
2023-10-02,1.190000057220459,1.190000057220459,1.1399999856948853,1.149999976158142,8300
2023-10-03,1.160099983215332,1.2300000190734863,1.160099983215332,1.2300000190734863,10000
2023-10-04,1.149999976158142,1.2200000286102295,1.149999976158142,1.2200000286102295,4900
2023-10-05,1.1699999570846558,1.1699999570846558,1.149999976158142,1.159999966621399,12300
2023-10-06,1.1375000476837158,1.159999966621399,1.1375000476837158,1.149999976158142,4100
2023-10-09,1.1399999856948853,1.149999976158142,1.1299999952316284,1.1299999952316284,4400
2023-10-10,1.2000000476837158,1.2009999752044678,1.0800000429153442,1.1799999475479126,55100
2023-10-11,1.159999966621399,1.1799999475479126,1.1412999629974365,1.1799999475479126,4700
2023-10-12,1.159999966621399,1.1799999475479126,1.159999966621399,1.1649999618530273,4000
2023-10-13,1.100000023841858,1.159999966621399,1.100000023841858,1.1299999952316284,13500
2023-10-16,1.1200000047683716,1.159999966621399,1.1200000047683716,1.159999966621399,5600
2023-10-17,1.1100000143051147,1.149999976158142,1.1100000143051147,1.1299999952316284,6500
2023-10-18,1.100100040435791,1.149999976158142,1.100000023841858,1.149999976158142,1500
2023-10-19,1.159000039100647,1.159000039100647,1.0800000429153442,1.0800000429153442,8500
2023-10-20,1.1399999856948853,1.159999966621399,1.1100000143051147,1.159999966621399,3200
2023-10-23,1.100000023841858,1.1299999952316284,1.0800000429153442,1.0800000429153442,2500
2023-10-24,1.093000054359436,1.100000023841858,1.0800000429153442,1.0800000429153442,2200
2023-10-25,1.090000033378601,1.1299999952316284,1.0499999523162842,1.1100000143051147,7100
2023-10-26,1.100000023841858,1.100000023841858,1.0399999618530273,1.059999942779541,2700
2023-10-27,1.1100000143051147,1.1200000047683716,1.0720000267028809,1.100000023841858,18700
2023-10-30,1.1087000370025635,1.1100000143051147,1.0700000524520874,1.0700000524520874,4500
2023-10-31,1.1100000143051147,1.1200000047683716,1.0800000429153442,1.101199984550476,6000
2023-11-01,1.100000023841858,1.111199975013733,1.090000033378601,1.111199975013733,10500
2023-11-02,1.100000023841858,1.1100000143051147,1.100000023841858,1.1100000143051147,2900
2023-11-03,1.0800000429153442,1.1100000143051147,1.0800000429153442,1.1100000143051147,9300
2023-11-06,1.0,1.0800000429153442,0.8511000275611877,1.0800000429153442,42700
2023-11-07,0.9900000095367432,1.0299999713897705,0.960099995136261,0.9900000095367432,12500
2023-11-08,1.0199999809265137,1.1100000143051147,1.0,1.1100000143051147,5000
2023-11-09,1.0099999904632568,1.0295000076293945,0.9506000280380249,1.0199999809265137,9200
2023-11-10,1.1100000143051147,1.1198999881744385,1.034999966621399,1.059999942779541,32800
2023-11-13,1.089900016784668,1.090000033378601,1.0700000524520874,1.0800000429153442,11800
2023-11-14,1.0700000524520874,1.100000023841858,1.0609999895095825,1.0901000499725342,20600
2023-11-15,1.0499999523162842,1.0700000524520874,1.0099999904632568,1.059999942779541,16700
2023-11-16,1.0549999475479126,1.090000033378601,1.0490000247955322,1.090000033378601,25500
2023-11-17,1.0700000524520874,1.0758999586105347,1.0499999523162842,1.0758999586105347,2300
2023-11-20,1.0400999784469604,1.0700000524520874,1.0299999713897705,1.0700000524520874,15100
2023-11-21,1.0399999618530273,1.0549999475479126,1.0398999452590942,1.0549999475479126,5400
2023-11-22,1.059999942779541,1.090000033378601,1.0299999713897705,1.0399999618530273,11800
2023-11-24,1.059999942779541,1.090000033378601,1.0399999618530273,1.0851999521255493,5000
2023-11-27,1.0099999904632568,1.083899974822998,1.0099999904632568,1.0800000429153442,17000
2023-11-28,1.0199999809265137,1.0363999605178833,1.0199999809265137,1.0199999809265137,20600
2023-11-29,1.0399999618530273,1.0499999523162842,1.0299999713897705,1.0499999523162842,13300
2023-11-30,1.0378999710083008,1.0499999523162842,1.0200999975204468,1.0299999713897705,5300
2023-12-01,1.0700000524520874,1.100000023841858,1.0299999713897705,1.0299999713897705,31400
2023-12-04,1.0399999618530273,1.0800000429153442,1.0299999713897705,1.0800000429153442,13500
2023-12-05,1.0299999713897705,1.0800000429153442,1.0299999713897705,1.0499999523162842,9700
2023-12-06,1.0199999809265137,1.0700000524520874,1.0099999904632568,1.0399999618530273,23800
2023-12-07,1.0099999904632568,1.0252000093460083,0.9801999926567078,1.0099999904632568,22900
2023-12-08,1.1449999809265137,1.6100000143051147,1.1200000047683716,1.2599999904632568,30526900
2023-12-11,1.2000000476837158,1.2000000476837158,1.0950000286102295,1.1699999570846558,838200
2023-12-12,1.2999999523162842,1.2999999523162842,1.059999942779541,1.159999966621399,511200
2023-12-13,1.149999976158142,1.25,1.100000023841858,1.2200000286102295,175900
2023-12-14,1.1299999952316284,1.1892000436782837,1.1100000143051147,1.1699999570846558,107300
2023-12-15,1.1399999856948853,1.159999966621399,1.1100000143051147,1.159999966621399,76600
2023-12-18,1.0800000429153442,1.159999966621399,1.059999942779541,1.149999976158142,94400
2023-12-19,1.0399999618530273,1.0850000381469727,1.0399999618530273,1.0700000524520874,85900
2023-12-20,1.0399999618530273,1.1193000078201294,1.0199999809265137,1.0299999713897705,108400
2023-12-21,1.0750000476837158,1.0800000429153442,1.0299999713897705,1.0800000429153442,58100
2023-12-22,1.0499999523162842,1.0700000524520874,1.0399999618530273,1.0499999523162842,46600
2023-12-26,1.059999942779541,1.0820000171661377,1.0199999809265137,1.059999942779541,111600
2023-12-27,1.100000023841858,1.1180000305175781,1.0499999523162842,1.1100000143051147,100100
2023-12-28,1.0980000495910645,1.1100000143051147,1.070099949836731,1.1100000143051147,42100
2023-12-29,1.1200000047683716,1.1799999475479126,1.0901000499725342,1.1799999475479126,135600
2024-01-02,1.1200000047683716,1.169700026512146,1.1100000143051147,1.1299999952316284,47900
2024-01-03,1.1699999570846558,1.1699999570846558,1.1100000143051147,1.1100000143051147,39300
2024-01-04,1.149999976158142,1.1699999570846558,1.1399999856948853,1.1399999856948853,18900
2024-01-05,1.0800000429153442,1.1449999809265137,1.0700000524520874,1.1299999952316284,31100
2024-01-08,1.1100000143051147,1.1399999856948853,1.0500999689102173,1.0800000429153442,57500
2024-01-09,1.1100000143051147,1.149999976158142,1.100000023841858,1.100000023841858,48900
2024-01-10,1.1299999952316284,1.1699999570846558,1.1100000143051147,1.1200000047683716,58600
2024-01-11,1.1299999952316284,1.1542999744415283,1.1100000143051147,1.1299999952316284,13500
2024-01-12,1.1019999980926514,1.1200000047683716,1.100000023841858,1.107100009918213,7200
2024-01-16,1.0800000429153442,1.1299999952316284,1.059999942779541,1.100000023841858,8700
2024-01-17,1.0199999809265137,1.089900016784668,1.0,1.0499999523162842,69900
2024-01-18,1.0199999809265137,1.0555000305175781,1.0099999904632568,1.0555000305175781,38600
2024-01-19,1.059999942779541,1.0700000524520874,1.0199999809265137,1.0199999809265137,12600
2024-01-22,1.090000033378601,1.149999976158142,1.0700000524520874,1.149999976158142,53500
2024-01-23,1.0800000429153442,1.1299999952316284,1.059999942779541,1.100000023841858,33900
2024-01-24,1.0800000429153442,1.1200000047683716,1.0458999872207642,1.0700000524520874,19000
2024-01-25,1.100000023841858,1.1200000047683716,1.0700000524520874,1.1200000047683716,16400
2024-01-26,1.090000033378601,1.100000023841858,1.0700000524520874,1.0800000429153442,22500
2024-01-29,1.0800000429153442,1.100000023841858,1.0499999523162842,1.0800000429153442,19300
2024-01-30,1.0800000429153442,1.1100000143051147,1.0499999523162842,1.0499999523162842,39200
2024-01-31,1.0700000524520874,1.090000033378601,1.0600999593734741,1.0717999935150146,36800
2024-02-01,1.0800000429153442,1.1210999488830566,1.0499999523162842,1.0499999523162842,15800
2024-02-02,1.0800000429153442,1.090000033378601,1.0700000524520874,1.0801000595092773,36000
2024-02-05,1.1100000143051147,1.1200000047683716,1.0800000429153442,1.0950000286102295,23700
2024-02-06,1.0820000171661377,1.149999976158142,1.0700000524520874,1.1119999885559082,40600
2024-02-07,1.0800000429153442,1.0914000272750854,1.0700000524520874,1.089900016784668,14700
2024-02-08,1.090000033378601,1.090000033378601,1.0599000453948975,1.059999942779541,19900
2024-02-09,1.1100000143051147,1.1100000143051147,1.083299994468689,1.083299994468689,6800
2024-02-12,1.159999966621399,1.1751999855041504,1.0901000499725342,1.1200000047683716,56000
2024-02-13,1.121999979019165,1.149999976158142,1.1100000143051147,1.1299999952316284,6500
2024-02-14,1.159999966621399,1.1799999475479126,1.090000033378601,1.1200000047683716,21600
2024-02-15,1.1699999570846558,1.190000057220459,1.149999976158142,1.1799999475479126,19800
2024-02-16,1.225000023841858,1.225000023841858,1.1649999618530273,1.1699999570846558,15500
2024-02-20,1.233199954032898,1.2599999904632568,1.190000057220459,1.2200000286102295,36400
2024-02-21,1.222000002861023,1.2599999904632568,1.2200000286102295,1.2400000095367432,15600
2024-02-22,1.2400000095367432,1.2599999904632568,1.2300000190734863,1.2300000190734863,19100
2024-02-23,1.2300000190734863,1.2598999738693237,1.2300000190734863,1.2300000190734863,17200
2024-02-26,1.2400000095367432,1.2799999713897705,1.2200000286102295,1.25,42300
2024-02-27,1.2300000190734863,1.25,1.2300000190734863,1.2400000095367432,8600
2024-02-28,1.2200000286102295,1.2549999952316284,1.2200000286102295,1.2300000190734863,23800
2024-02-29,1.190000057220459,1.2599999904632568,1.1799999475479126,1.2000000476837158,26300
2024-03-01,1.1799999475479126,1.2400000095367432,1.159999966621399,1.2400000095367432,9200
2024-03-04,1.1449999809265137,1.1799999475479126,1.1100000143051147,1.1799999475479126,25000
2024-03-05,1.1299999952316284,1.1899000406265259,1.1100000143051147,1.1200000047683716,42500
2024-03-06,1.1299999952316284,1.1399999856948853,1.1299999952316284,1.1299999952316284,10400
2024-03-07,1.1606999635696411,1.1899000406265259,1.149999976158142,1.149999976158142,18500
2024-03-08,1.170699954032898,1.190000057220459,1.1399999856948853,1.1799999475479126,12100
2024-03-11,1.1699999570846558,1.190000057220459,1.1540000438690186,1.190000057220459,6200
2024-03-12,1.4500000476837158,1.5,1.1699999570846558,1.2100000381469727,152600
2024-03-13,1.2100000381469727,1.4199999570846558,1.191499948501587,1.409999966621399,83300
2024-03-14,1.2164000272750854,1.2381999492645264,1.2000999450683594,1.2200000286102295,12200
2024-03-15,1.190000057220459,1.2400000095367432,1.1399999856948853,1.2400000095367432,23100
2024-03-18,1.25,1.3300000429153442,1.2100000381469727,1.2300000190734863,75600
2024-03-19,1.2699999809265137,1.315000057220459,1.2200000286102295,1.2400000095367432,9800
2024-03-20,1.3250000476837158,1.4299999475479126,1.2872999906539917,1.3300000429153442,53000
2024-03-21,1.3200000524520874,1.3799999952316284,1.2899999618530273,1.350000023841858,32700
2024-03-22,1.3600000143051147,1.3798999786376953,1.2690999507904053,1.340000033378601,49200
2024-03-25,1.399999976158142,1.4091999530792236,1.2999999523162842,1.399999976158142,49400
2024-03-26,1.410099983215332,1.440000057220459,1.3801000118255615,1.4199999570846558,53600
2024-03-27,1.440000057220459,1.4500000476837158,1.3901000022888184,1.440000057220459,55200
2024-03-28,1.3949999809265137,1.434999942779541,1.3899999856948853,1.4249999523162842,24200
2024-04-01,1.4800000190734863,1.4800000190734863,1.3899999856948853,1.3899999856948853,54400
2024-04-02,1.4800000190734863,1.4800000190734863,1.4199999570846558,1.4800000190734863,34000
2024-04-03,1.4800000190734863,1.4800000190734863,1.4503999948501587,1.4600000381469727,13500
2024-04-04,1.5,1.5099999904632568,1.4600000381469727,1.4900000095367432,30800
2024-04-05,1.4901000261306763,1.5299999713897705,1.479699969291687,1.5299999713897705,38900
2024-04-08,1.649999976158142,1.659999966621399,1.409999966621399,1.5,77500
2024-04-09,1.6399999856948853,1.649999976158142,1.5499999523162842,1.649999976158142,15900
2024-04-10,1.6399999856948853,1.6399999856948853,1.5907000303268433,1.6100000143051147,21200
2024-04-11,1.5700000524520874,1.6299999952316284,1.5198999643325806,1.5931999683380127,27800
2024-04-12,1.586899995803833,1.6200000047683716,1.5499999523162842,1.5499999523162842,25300
2024-04-15,1.6100000143051147,1.659999966621399,1.5700000524520874,1.590000033378601,21700
2024-04-16,1.5800000429153442,1.6100000143051147,1.5399999618530273,1.5399999618530273,6600
2024-04-17,1.590000033378601,1.590000033378601,1.5399999618530273,1.5399999618530273,7700
2024-04-18,1.5880000591278076,1.5893000364303589,1.559999942779541,1.5750000476837158,3600
2024-04-19,1.5099999904632568,1.5893000364303589,1.4900000095367432,1.5893000364303589,10600
2024-04-22,1.5449999570846558,1.5449999570846558,1.4199999570846558,1.5099999904632568,19000
2024-04-23,1.5499999523162842,1.6100000143051147,1.4500000476837158,1.4850000143051147,22200
2024-04-24,1.649999976158142,1.6699999570846558,1.559999942779541,1.5800000429153442,18300
2024-04-25,1.6399999856948853,1.6399999856948853,1.5700000524520874,1.5700000524520874,7700
2024-04-26,1.6699999570846558,1.6699999570846558,1.6050000190734863,1.6100000143051147,6300
2024-04-29,1.9700000286102295,1.9700000286102295,1.6399999856948853,1.6399999856948853,61100
2024-04-30,2.259000062942505,2.450000047683716,1.9600000381469727,1.9900000095367432,404900
2024-05-01,1.940000057220459,2.2527999877929688,1.75,2.25,125200
2024-05-02,1.9199999570846558,1.9600000381469727,1.8300000429153442,1.8899999856948853,26400
2024-05-03,1.600000023841858,2.0,1.5099999904632568,1.8899999856948853,185900
2024-05-06,1.7599999904632568,1.7999999523162842,1.6050000190734863,1.6399999856948853,25500
2024-05-07,1.6299999952316284,1.7799999713897705,1.6299999952316284,1.7699999809265137,31300
2024-05-08,1.649999976158142,1.899999976158142,1.6100000143051147,1.6799999475479126,24100
2024-05-09,1.7100000381469727,1.7400000095367432,1.6200000047683716,1.690000057220459,22200
2024-05-10,1.7599999904632568,1.7599999904632568,1.6299999952316284,1.7400000095367432,32300
2024-05-13,1.690000057220459,1.7400000095367432,1.649999976158142,1.7400000095367432,29400
2024-05-14,1.6799999475479126,1.7400000095367432,1.6100000143051147,1.6100000143051147,31600
2024-05-15,1.7200000286102295,1.7350000143051147,1.690000057220459,1.690000057220459,9800
2024-05-16,1.7400000095367432,1.75,1.690000057220459,1.7200000286102295,21300
2024-05-17,1.7100000381469727,1.749899983406067,1.6799999475479126,1.7400000095367432,12700
2024-05-20,1.7599999904632568,1.7599999904632568,1.660099983215332,1.7100000381469727,22500
2024-05-21,1.899999976158142,1.9900000095367432,1.75,1.7999999523162842,112100
2024-05-22,2.0399999618530273,2.140000104904175,1.9000999927520752,1.9600000381469727,73400
2024-05-23,1.4900000095367432,1.7999999523162842,1.4299999475479126,1.7999999523162842,261900
2024-05-24,1.6200000047683716,1.6799999475479126,1.5499999523162842,1.5499999523162842,52800
2024-05-28,1.4900000095367432,1.6399999856948853,1.4550000429153442,1.6399999856948853,52900
2024-05-29,1.4600000381469727,1.5045000314712524,1.4400999546051025,1.4900000095367432,17100
2024-05-30,1.4299999475479126,1.4600000381469727,1.3899999856948853,1.440000057220459,46600
2024-05-31,1.4199999570846558,1.4500000476837158,1.399999976158142,1.4500000476837158,18000
2024-06-03,1.4500000476837158,1.4500000476837158,1.409999966621399,1.409999966621399,14800
2024-06-04,1.4700000286102295,1.5084999799728394,1.399999976158142,1.4199999570846558,32400
2024-06-05,1.600000023841858,1.6398999691009521,1.4500000476837158,1.4500000476837158,48500
2024-06-06,1.5199999809265137,1.5800000429153442,1.5,1.5800000429153442,15200
2024-06-07,1.5800000429153442,1.5800000429153442,1.4019999504089355,1.5,65900
2024-06-10,1.600000023841858,1.649899959564209,1.5299999713897705,1.5299999713897705,23800
2024-06-11,1.659999966621399,1.659999966621399,1.57669997215271,1.600000023841858,8500
2024-06-12,1.6399999856948853,1.690000057220459,1.600000023841858,1.659999966621399,16900
2024-06-13,1.6200000047683716,1.6799999475479126,1.590000033378601,1.6799999475479126,31300
2024-06-14,1.6497000455856323,1.649899959564209,1.6100000143051147,1.6200000047683716,16300
2024-06-17,1.6100000143051147,1.6598999500274658,1.6050000190734863,1.6200000047683716,17500
2024-06-18,1.5299999713897705,1.659999966621399,1.5299999713897705,1.6200000047683716,22700
2024-06-20,1.5,1.559999942779541,1.5,1.5099999904632568,32100
2024-06-21,1.5199999809265137,1.5299999713897705,1.4600000381469727,1.5299999713897705,22800
2024-06-24,1.409999966621399,1.559999942779541,1.409999966621399,1.4800000190734863,26100
2024-06-25,1.399999976158142,1.4299999475479126,1.3799999952316284,1.399999976158142,21600
2024-06-26,1.3600000143051147,1.399999976158142,1.3450000286102295,1.3899999856948853,15400
2024-06-27,1.3899999856948853,1.399999976158142,1.3518999814987183,1.3700000047683716,6900
2024-06-28,1.409999966621399,1.440000057220459,1.399999976158142,1.440000057220459,7800
2024-07-01,1.3700000047683716,1.3701000213623047,1.3300000429153442,1.3700000047683716,14700
2024-07-02,1.309999942779541,1.350000023841858,1.2999999523162842,1.350000023841858,10400
2024-07-03,1.340000033378601,1.3819999694824219,1.3300000429153442,1.340000033378601,1600
2024-07-05,1.3799999952316284,1.3799999952316284,1.3000999689102173,1.340000033378601,14500
2024-07-08,1.3300000429153442,1.399999976158142,1.3300000429153442,1.399999976158142,3200
2024-07-09,1.309999942779541,1.3799999952316284,1.3014999628067017,1.3799999952316284,13100
2024-07-10,1.350000023841858,1.399999976158142,1.3200000524520874,1.350000023841858,3400
2024-07-11,1.340000033378601,1.399999976158142,1.340000033378601,1.350000023841858,11700
2024-07-12,1.350000023841858,1.3600000143051147,1.2999999523162842,1.3200000524520874,14500
2024-07-15,1.2899999618530273,1.3270000219345093,1.2699999809265137,1.3229000568389893,16800
2024-07-16,1.2899999618530273,1.3200000524520874,1.2899999618530273,1.309999942779541,9400
2024-07-17,1.292099952697754,1.3184000253677368,1.2661999464035034,1.2799999713897705,4700
2024-07-18,1.2599999904632568,1.2899999618530273,1.2599999904632568,1.2851999998092651,4800
2024-07-19,1.2400000095367432,1.309999942779541,1.2400000095367432,1.2599999904632568,10100
2024-07-22,1.25,1.2920000553131104,1.2200000286102295,1.2400000095367432,12600
2024-07-23,1.2549999952316284,1.2799999713897705,1.2100000381469727,1.2143000364303589,8100
2024-07-24,1.2000000476837158,1.2821999788284302,1.1699999570846558,1.2100000381469727,8600
2024-07-25,1.1699999570846558,1.2388999462127686,1.149999976158142,1.2000000476837158,24100
2024-07-26,1.2100000381469727,1.25,1.1699999570846558,1.1699999570846558,6000
2024-07-29,1.1649999618530273,1.2000000476837158,1.149999976158142,1.2000000476837158,14300
2024-07-30,1.149999976158142,1.215000033378601,1.149999976158142,1.1699999570846558,16000
2024-07-31,1.0800000429153442,1.149999976158142,1.0600999593734741,1.149999976158142,61400
2024-08-01,1.1299999952316284,1.149999976158142,1.0901999473571777,1.149999976158142,12300
2024-08-02,1.090000033378601,1.1399999856948853,1.059999942779541,1.1150000095367432,19000
2024-08-05,1.0678999423980713,1.114799976348877,1.0499999523162842,1.059999942779541,10000
2024-08-06,1.1296000480651855,1.1399999856948853,1.0800000429153442,1.1294000148773193,4000
2024-08-07,1.1200000047683716,1.139799952507019,1.0700000524520874,1.1050000190734863,13700
2024-08-08,1.059999942779541,1.1399999856948853,1.059999942779541,1.1299999952316284,20800
2024-08-09,1.0501999855041504,1.100000023841858,1.0500999689102173,1.0967999696731567,4000
2024-08-12,1.0499999523162842,1.0950000286102295,1.0499999523162842,1.0499999523162842,11400
2024-08-13,1.1299999952316284,1.2949999570846558,1.0700000524520874,1.0800000429153442,60800
2024-08-14,1.149999976158142,1.1899000406265259,1.1299999952316284,1.1299999952316284,20500
2024-08-15,1.1399999856948853,1.2200000286102295,1.1100000143051147,1.2200000286102295,21100
2024-08-16,1.1100000143051147,1.2100000381469727,1.1100000143051147,1.1641000509262085,27400
2024-08-19,1.149999976158142,1.2137000560760498,1.1100000143051147,1.1109999418258667,6900
2024-08-20,1.2899999618530273,1.2999999523162842,1.1699999570846558,1.190000057220459,94100
2024-08-21,1.2100000381469727,1.2919000387191772,1.2100000381469727,1.2799999713897705,16700
2024-08-22,1.2300000190734863,1.2999999523162842,1.190000057220459,1.2100000381469727,14500
2024-08-23,1.2799999713897705,1.340000033378601,1.2549999952316284,1.2699999809265137,20300
2024-08-26,1.350000023841858,1.4900000095367432,1.2000000476837158,1.2000000476837158,60900
2024-08-27,1.3700000047683716,1.4384000301361084,1.350000023841858,1.3550000190734863,13800
2024-08-28,1.2799999713897705,1.399999976158142,1.2799999713897705,1.399999976158142,6200
2024-08-29,1.2699999809265137,1.3200000524520874,1.2699999809265137,1.2799999713897705,37300
2024-08-30,1.3600000143051147,1.3899999856948853,1.2999999523162842,1.340000033378601,19000
2024-09-03,1.3650000095367432,1.4193999767303467,1.350000023841858,1.3799999952316284,11400
2024-09-04,1.2999999523162842,1.3600000143051147,1.2999999523162842,1.3600000143051147,11900
2024-09-05,1.2999999523162842,1.3487000465393066,1.2599999904632568,1.2599999904632568,11000
2024-09-06,1.2799999713897705,1.3945000171661377,1.2799999713897705,1.3300000429153442,8500
2024-09-09,1.309999942779541,1.3700000047683716,1.2899999618530273,1.3700000047683716,1500
2024-09-10,1.340000033378601,1.3898999691009521,1.320099949836731,1.340000033378601,10900
2024-09-11,1.3200000524520874,1.3601000308990479,1.3200000524520874,1.3600000143051147,1400
2024-09-12,1.309999942779541,1.440000057220459,1.2999999523162842,1.2999999523162842,18800
2024-09-13,1.3300000429153442,1.3762999773025513,1.315000057220459,1.3600000143051147,12600
2024-09-16,1.3300000429153442,1.3700000047683716,1.3200000524520874,1.3200000524520874,6800
2024-09-17,1.340000033378601,1.4199999570846558,1.3200000524520874,1.3300000429153442,2900
2024-09-18,1.2999999523162842,1.3598999977111816,1.2799999713897705,1.3550000190734863,8400
2024-09-19,1.3300000429153442,1.399999976158142,1.3178999423980713,1.3450000286102295,3500
2024-09-20,1.440000057220459,1.440000057220459,1.2999999523162842,1.350000023841858,37000
2024-09-23,1.3899999856948853,1.4700000286102295,1.3200000524520874,1.4600000381469727,59000
2024-09-24,1.3200000524520874,1.4249999523162842,1.3000999689102173,1.3899999856948853,15500
2024-09-25,1.2799999713897705,1.340000033378601,1.2699999809265137,1.2899999618530273,15300
2024-09-26,1.3300000429153442,1.3700000047683716,1.274999976158142,1.350000023841858,13700
2024-09-27,1.399999976158142,1.399999976158142,1.2999999523162842,1.3899999856948853,11500
2024-09-30,1.4299999475479126,1.438599944114685,1.3259999752044678,1.399999976158142,12600
2024-10-01,1.3600000143051147,1.4900000095367432,1.3600000143051147,1.3621000051498413,6100
2024-10-02,1.3729000091552734,1.440000057220459,1.2400000095367432,1.4249999523162842,28000
2024-10-03,1.309999942779541,1.3700000047683716,1.309999942779541,1.3700000047683716,6600
2024-10-04,1.3799999952316284,1.4285000562667847,1.278499960899353,1.2899999618530273,27100
2024-10-07,1.3600000143051147,1.3600000143051147,1.3100999593734741,1.3100999593734741,4100
2024-10-08,1.3700000047683716,1.4299999475479126,1.3343000411987305,1.3343000411987305,8900
2024-10-09,1.3200000524520874,1.4043999910354614,1.309999942779541,1.3600000143051147,17200
2024-10-10,1.3300000429153442,1.350000023841858,1.315000057220459,1.3398000001907349,8700
2024-10-11,1.350000023841858,1.3700000047683716,1.309999942779541,1.309999942779541,11200
2024-10-14,1.3300000429153442,1.399999976158142,1.2800999879837036,1.350000023841858,12200
2024-10-15,1.2999999523162842,1.340000033378601,1.2999999523162842,1.3250000476837158,12300
2024-10-16,1.409999966621399,1.409999966621399,1.350000023841858,1.3765000104904175,10300
2024-10-17,1.3600000143051147,1.444200038909912,1.3299000263214111,1.3899999856948853,17000
2024-10-18,1.4199999570846558,1.4799000024795532,1.3675999641418457,1.399999976158142,26500
2024-10-21,1.3320000171661377,1.4299999475479126,1.2900999784469604,1.4299999475479126,23800
2024-10-22,1.340999960899353,1.3799999952316284,1.3200000524520874,1.3200000524520874,9500
2024-10-23,1.340000033378601,1.4098999500274658,1.3300000429153442,1.4098999500274658,6700
2024-10-24,1.3300000429153442,1.350000023841858,1.3200000524520874,1.3200000524520874,12200
2024-10-25,1.3499000072479248,1.3499000072479248,1.2899999618530273,1.309999942779541,14100
2024-10-28,1.2517000436782837,1.350000023841858,1.1399999856948853,1.2699999809265137,27700
2024-10-29,1.2300000190734863,1.26010000705719,1.1401000022888184,1.2100000381469727,19200
2024-10-30,1.2400000095367432,1.2899999618530273,1.1699999570846558,1.2699999809265137,14500
2024-10-31,1.309999942779541,1.3300000429153442,1.2100000381469727,1.3300000429153442,19700
2024-11-01,1.3144999742507935,1.3259999752044678,1.2799999713897705,1.2828999757766724,20700
2024-11-04,1.2549999952316284,1.340000033378601,1.2300000190734863,1.340000033378601,19900
2024-11-05,1.2100000381469727,1.2856999635696411,1.2000000476837158,1.2856999635696411,7000
2024-11-06,1.25,1.309999942779541,1.2200000286102295,1.309999942779541,12500
2024-11-07,1.25,1.2999000549316406,1.2200000286102295,1.25,13200
2024-11-08,1.2599999904632568,1.2899999618530273,1.2300000190734863,1.2599999904632568,7600
2024-11-11,1.25,1.3200000524520874,1.2200000286102295,1.2400000095367432,54600
2024-11-12,1.059999942779541,1.2300000190734863,0.9800000190734863,1.2300000190734863,116000
2024-11-13,0.960099995136261,1.1100000143051147,0.9039999842643738,1.0299999713897705,96400
2024-11-14,0.9800999760627747,1.0399999618530273,0.9501000046730042,1.0,30000
2024-11-15,1.0,1.0499999523162842,0.9800999760627747,1.0,14700
2024-11-18,0.9825999736785889,1.0399999618530273,0.9800000190734863,1.0099999904632568,41000
2024-11-19,0.8500000238418579,0.9850000143051147,0.8100000023841858,0.9829999804496765,173300
2024-11-20,0.7490000128746033,0.8500000238418579,0.710099995136261,0.8500000238418579,129100
2024-11-21,0.699999988079071,0.7649999856948853,0.6801000237464905,0.75,82700
2024-11-22,0.6169999837875366,0.6998999714851379,0.5784000158309937,0.6899999976158142,370700
2024-11-25,0.6309999823570251,0.7293000221252441,0.6104000210762024,0.6150000095367432,113500
2024-11-26,0.7860000133514404,0.8100000023841858,0.6402000188827515,0.6682000160217285,227900
2024-11-27,0.8069999814033508,0.8500000238418579,0.7599999904632568,0.7900000214576721,113700
2024-11-29,0.7804999947547913,0.8199999928474426,0.7699999809265137,0.8058000206947327,22700
2024-12-02,0.6069999933242798,0.8130000233650208,0.5799999833106995,0.8130000233650208,448100
2024-12-03,0.5971999764442444,0.6800000071525574,0.5899999737739563,0.6079999804496765,199200
2024-12-04,0.6019999980926514,0.6700000166893005,0.5910000205039978,0.6251000165939331,102300
2024-12-05,0.6480000019073486,0.6923999786376953,0.6000000238418579,0.632099986076355,333000
2024-12-06,0.613099992275238,0.6699000000953674,0.6075999736785889,0.6474000215530396,185000
2024-12-09,0.6277999877929688,0.6399999856948853,0.5849999785423279,0.6019999980926514,370100
2024-12-10,0.6894999742507935,0.75,0.6299999952316284,0.6381999850273132,791700
2024-12-11,0.6437000036239624,0.699999988079071,0.609499990940094,0.699999988079071,225800
2024-12-12,0.6276000142097473,0.6610000133514404,0.6100999712944031,0.6309999823570251,49200
2024-12-13,0.6309999823570251,0.6510000228881836,0.6100999712944031,0.6510000228881836,87100
2024-12-16,0.6200000047683716,0.6531000137329102,0.6061000227928162,0.621999979019165,91800
2024-12-17,0.6100000143051147,0.6100000143051147,0.5799999833106995,0.609000027179718,135000
2024-12-18,0.6288999915122986,0.6798999905586243,0.6000000238418579,0.6100000143051147,275800
2024-12-19,0.6299999952316284,0.6545000076293945,0.5903000235557556,0.6100000143051147,400500
2024-12-20,0.6292999982833862,0.669700026512146,0.6100000143051147,0.6299999952316284,277200
2024-12-23,0.6395999789237976,0.6790000200271606,0.6251000165939331,0.6251000165939331,141900
2024-12-24,0.6399999856948853,0.671999990940094,0.628000020980835,0.6399999856948853,44000
2024-12-26,0.7889999747276306,0.7889999747276306,0.6299999952316284,0.6790000200271606,558800
2024-12-27,0.7436000108718872,0.8025000095367432,0.699999988079071,0.7900000214576721,483700
2024-12-30,0.789900004863739,0.7900000214576721,0.6995000243186951,0.7279999852180481,417600
2024-12-31,1.3600000143051147,2.4798998832702637,1.1799999475479126,1.7400000095367432,94163300
2025-01-02,1.75,2.25,1.5399999618530273,2.0,32177100
2025-01-03,1.350000023841858,1.7699999809265137,1.2799999713897705,1.7599999904632568,3700300
2025-01-06,1.600000023841858,1.649999976158142,1.5,1.6299999952316284,3522300
2025-01-07,1.5299999713897705,1.7400000095367432,1.4500000476837158,1.590000033378601,2181800
2025-01-08,1.6799999475479126,3.490000009536743,1.4800000190734863,1.649999976158142,71229400
2025-01-10,2.549999952316284,3.109999895095825,1.7999999523162842,1.8899999856948853,57830900
2025-01-13,4.130000114440918,4.960000038146973,3.069999933242798,3.2149999141693115,57601900
2025-01-14,3.200000047683716,5.0,3.1700000762939453,4.550000190734863,20966400
2025-01-15,4.239999771118164,4.889999866485596,3.34089994430542,3.6098999977111816,18470900
2025-01-16,4.300000190734863,4.769999980926514,3.6500000953674316,4.289999961853027,4688800
2025-01-17,3.5999999046325684,4.130000114440918,3.5999999046325684,4.130000114440918,2325800
2025-01-21,3.0,3.569999933242798,2.799999952316284,3.4200000762939453,3233000
2025-01-22,2.4000000953674316,2.9200000762939453,2.309999942779541,2.680000066757202,3463300
2025-01-23,1.850000023841858,2.759999990463257,1.850000023841858,2.640000104904175,6229800
2025-01-24,1.7899999618530273,2.039900064468384,1.7000000476837158,1.7999999523162842,2851800
2025-01-27,1.6799999475479126,2.069999933242798,1.6200000047683716,1.649999976158142,2756800
2025-01-28,1.5399999618530273,1.7200000286102295,1.5199999809265137,1.659999966621399,1002400
2025-01-29,1.409999966621399,1.559999942779541,1.3600000143051147,1.4900000095367432,1359600
2025-01-30,1.409999966621399,1.5399999618530273,1.2999999523162842,1.3899999856948853,1392000
2025-01-31,1.440000057220459,1.5199999809265137,1.399999976158142,1.4500000476837158,686500
2025-02-03,1.25,1.4194999933242798,1.2300000190734863,1.309999942779541,1229500
2025-02-04,1.2400000095367432,1.2999999523162842,1.2174999713897705,1.25,731600
2025-02-05,1.2200000286102295,1.2999999523162842,1.2200000286102295,1.2899999618530273,599400
2025-02-06,1.2100000381469727,1.2599999904632568,1.159999966621399,1.2300000190734863,730900
2025-02-07,1.2899999618530273,1.3700000047683716,1.2410999536514282,1.2899999618530273,722000
2025-02-10,1.2200000286102295,1.2799999713897705,1.2000000476837158,1.2000000476837158,738000
2025-02-11,1.1299999952316284,1.2400000095367432,1.1100000143051147,1.2100000381469727,859200
2025-02-12,1.149999976158142,1.2100000381469727,1.1100000143051147,1.1200000047683716,814600
2025-02-13,1.190000057220459,1.2200000286102295,1.100000023841858,1.100000023841858,984500
2025-02-14,1.1100000143051147,1.1898000240325928,1.1100000143051147,1.1299999952316284,337000
2025-02-18,1.0,1.1349999904632568,0.9506000280380249,1.1200000047683716,813000
2025-02-19,1.0,1.0299999713897705,1.0,1.0299999713897705,337600
2025-02-20,0.9564999938011169,0.9957000017166138,0.9505000114440918,0.9800000190734863,329500
2025-02-21,0.9399999976158142,0.9674999713897705,0.9106000065803528,0.9614999890327454,428600
2025-02-24,0.9060999751091003,0.9455000162124634,0.8700000047683716,0.9455000162124634,303300
2025-02-25,0.8651999831199646,0.9284999966621399,0.8149999976158142,0.9000999927520752,417100
2025-02-26,0.9302999973297119,0.949999988079071,0.8659999966621399,0.9283000230789185,248900
2025-02-27,0.9552000164985657,0.9799000024795532,0.9031000137329102,0.949999988079071,307600
2025-02-28,0.9800000190734863,0.9900000095367432,0.9284999966621399,0.9399999976158142,384100
2025-03-03,0.9707000255584717,1.0199999809265137,0.9031999707221985,1.0199999809265137,486000
2025-03-04,0.9020000100135803,0.9485999941825867,0.8745999932289124,0.911300003528595,307900
2025-03-05,0.9549999833106995,0.9864000082015991,0.8906999826431274,0.925599992275238,266200
2025-03-06,0.7804999947547913,0.8500000238418579,0.7649999856948853,0.8199999928474426,4240100
2025-03-07,0.7297999858856201,0.7598999738693237,0.699999988079071,0.7289999723434448,800700
2025-03-10,0.692799985408783,0.7509999871253967,0.6675999760627747,0.7260000109672546,724700
2025-03-11,0.7400000095367432,0.75,0.6700000166893005,0.6700000166893005,228500
2025-03-12,0.7702000141143799,0.800000011920929,0.7233999967575073,0.7400000095367432,162500
2025-03-13,0.7645000219345093,0.800000011920929,0.7347999811172485,0.800000011920929,167400
2025-03-14,0.7803999781608582,0.800000011920929,0.7200000286102295,0.741599977016449,235500
2025-03-17,0.8001000285148621,0.8104000091552734,0.7401000261306763,0.7785000205039978,169100
2025-03-18,0.7900000214576721,0.8199999928474426,0.763700008392334,0.8100000023841858,144600
2025-03-19,0.8187000155448914,0.8187000155448914,0.7699000239372253,0.7932999730110168,66200
2025-03-20,0.8700000047683716,0.9276000261306763,0.7602999806404114,0.800000011920929,366200
2025-03-21,0.798799991607666,0.8774999976158142,0.7806000113487244,0.8700000047683716,117300
2025-03-24,0.802299976348877,0.8349000215530396,0.7570000290870667,0.8199999928474426,128700
2025-03-25,0.7567999958992004,0.8112999796867371,0.75,0.779699981212616,159600
2025-03-26,0.7228000164031982,0.7566999793052673,0.703000009059906,0.753000020980835,245400
2025-03-27,0.720300018787384,0.7475000023841858,0.6863999962806702,0.7177000045776367,287900
2025-03-28,0.6710000038146973,0.7498999834060669,0.5699999928474426,0.7247999906539917,265900
2025-03-31,0.6801999807357788,0.7300000190734863,0.6273999810218811,0.7300000190734863,121700
2025-04-01,0.6679999828338623,0.6978999972343445,0.6499999761581421,0.6868000030517578,96800
2025-04-02,0.6735000014305115,0.7045999765396118,0.6480000019073486,0.6480000019073486,60600
2025-04-03,0.6431999802589417,0.6735000014305115,0.6100000143051147,0.6600000262260437,127900
2025-04-04,0.5899999737739563,0.6674000024795532,0.5800999999046326,0.6238999962806702,182700
2025-04-07,0.5989999771118164,0.6000000238418579,0.5468999743461609,0.5799999833106995,129900
2025-04-08,0.5896999835968018,0.6722999811172485,0.5701000094413757,0.6722999811172485,86000
2025-04-09,0.6381999850273132,0.6381999850273132,0.5601999759674072,0.5720000267028809,144500
2025-04-10,0.5989000201225281,0.632099986076355,0.5928000211715698,0.632099986076355,57300
2025-04-11,0.6187999844551086,0.6322000026702881,0.6000000238418579,0.6322000026702881,55500
2025-04-14,0.6577000021934509,0.689300000667572,0.6388999819755554,0.6700000166893005,95900
2025-04-15,0.6725999712944031,0.6782000064849854,0.6299999952316284,0.6600000262260437,48500
2025-04-16,0.6313999891281128,0.6549000144004822,0.6122999787330627,0.6471999883651733,54800
2025-04-17,0.6200000047683716,0.63919997215271,0.6158999800682068,0.6299999952316284,34100
2025-04-21,0.6233000159263611,0.6449999809265137,0.5879999995231628,0.6200000047683716,167000
2025-04-22,0.6150000095367432,0.6279000043869019,0.6000000238418579,0.6200000047683716,50400
2025-04-23,0.6449000239372253,0.6499999761581421,0.6223000288009644,0.6499999761581421,54200
2025-04-24,0.7486000061035156,0.7487000226974487,0.6399999856948853,0.6449999809265137,139000
2025-04-25,0.7599999904632568,0.7599999904632568,0.7228000164031982,0.7486000061035156,61200
2025-04-28,0.7598000168800354,0.7799999713897705,0.7450000047683716,0.7450000047683716,54400
2025-04-29,0.7121000289916992,0.7598000168800354,0.7121000289916992,0.7598000168800354,44500
2025-04-30,0.7250000238418579,0.7549999952316284,0.6669999957084656,0.7099999785423279,27800
2025-05-01,0.7152000069618225,0.7549999952316284,0.7110000252723694,0.7549999952316284,34600
2025-05-02,0.7379999756813049,0.7498999834060669,0.7200000286102295,0.7300000190734863,42400
2025-05-05,0.7303000092506409,0.7480000257492065,0.7239999771118164,0.7250000238418579,29400
2025-05-06,0.7200000286102295,0.7450000047683716,0.6974999904632568,0.7170000076293945,40300
2025-05-07,0.6980000138282776,0.7245000004768372,0.6951000094413757,0.7200000286102295,35700
2025-05-08,0.7200000286102295,0.7353000044822693,0.7009000182151794,0.7009000182151794,73600
2025-05-09,0.7649999856948853,0.7699999809265137,0.7099999785423279,0.7200000286102295,67400
2025-05-12,0.8180000185966492,0.8307999968528748,0.7509999871253967,0.8184000253677368,201500
2025-05-13,0.7102000117301941,0.823199987411499,0.7020000219345093,0.823199987411499,185200
2025-05-14,0.7199000120162964,0.7199000120162964,0.6510000228881836,0.7020000219345093,143500
2025-05-15,0.703000009059906,0.7200000286102295,0.6888999938964844,0.7200000286102295,43500
2025-05-16,0.7099999785423279,0.7200000286102295,0.6970999836921692,0.703000009059906,53000
2025-05-19,0.6949999928474426,0.699999988079071,0.6801000237464905,0.6933000087738037,62500
2025-05-20,0.7010999917984009,0.715399980545044,0.6899999976158142,0.6899999976158142,37000
2025-05-21,0.7149999737739563,0.75,0.699999988079071,0.699999988079071,99600
2025-05-22,0.7129999995231628,0.7250000238418579,0.699999988079071,0.699999988079071,47000
2025-05-23,0.7197999954223633,0.7200000286102295,0.699999988079071,0.7049999833106995,69300
2025-05-27,0.7195000052452087,0.7397000193595886,0.6800000071525574,0.6959999799728394,74000
2025-05-28,0.7235999703407288,0.7479000091552734,0.7089999914169312,0.7427999973297119,63300
2025-05-29,0.7300000190734863,0.7311000227928162,0.7049999833106995,0.7235000133514404,40600
2025-05-30,0.7197999954223633,0.7197999954223633,0.7099999785423279,0.7099999785423279,28400
2025-06-02,0.722000002861023,0.7398999929428101,0.7099999785423279,0.7200000286102295,50200
2025-06-03,0.7498999834060669,0.75,0.7250000238418579,0.7300000190734863,42400
2025-06-04,0.805400013923645,0.8185999989509583,0.7315000295639038,0.75,98900
2025-06-05,0.7950000166893005,0.8100000023841858,0.7799999713897705,0.8100000023841858,85100
2025-06-06,0.8205999732017517,0.8399999737739563,0.7900000214576721,0.8149999976158142,118400
2025-06-09,0.8047999739646912,0.8314999938011169,0.7932999730110168,0.8199999928474426,40000
2025-06-10,0.800000011920929,0.824999988079071,0.7610999941825867,0.800000011920929,77600
2025-06-11,0.7900000214576721,0.7925000190734863,0.7639999985694885,0.7900000214576721,43500
2025-06-12,0.7376000285148621,0.7900000214576721,0.7376000285148621,0.7900000214576721,60400
2025-06-13,0.741100013256073,0.7627000212669373,0.7200000286102295,0.7200000286102295,54300
2025-06-16,0.7602999806404114,0.7699000239372253,0.741100013256073,0.7537999749183655,37000
2025-06-17,0.77920001745224,0.796999990940094,0.75,0.796999990940094,36900
2025-06-18,0.7580999732017517,0.7791000008583069,0.75,0.7791000008583069,25700
2025-06-20,0.7354999780654907,0.7580999732017517,0.7099999785423279,0.7170000076293945,74100
2025-06-23,0.7006999850273132,0.7781000137329102,0.7005000114440918,0.7599999904632568,99800
2025-06-24,0.7236999869346619,0.7350000143051147,0.6980000138282776,0.6980000138282776,42100
2025-06-25,0.7354999780654907,0.7681999802589417,0.7200000286102295,0.7200000286102295,31200
2025-06-26,0.7695000171661377,0.7781000137329102,0.7300000190734863,0.7300000190734863,22800
2025-06-27,0.75,0.7900000214576721,0.75,0.7699999809265137,59200
2025-06-30,0.7534999847412109,0.7746999859809875,0.7269999980926514,0.7269999980926514,41900
2025-07-01,0.746999979019165,0.7900000214576721,0.7450000047683716,0.7534999847412109,36500
2025-07-02,0.7534999847412109,0.7688999772071838,0.75,0.7599999904632568,12100
2025-07-03,0.75,0.7900000214576721,0.75,0.7534999847412109,36000
2025-07-07,0.7366999983787537,0.7598999738693237,0.7300000190734863,0.7498999834060669,22700
2025-07-08,0.7336999773979187,0.7700999975204468,0.7336000204086304,0.73580002784729,35900
2025-07-09,0.734499990940094,0.7404999732971191,0.7192999720573425,0.7329999804496765,71600
2025-07-10,0.7211999893188477,0.734499990940094,0.7200000286102295,0.72079998254776,58800
2025-07-11,0.75,0.75,0.7099999785423279,0.7099999785423279,73200
2025-07-14,0.743399977684021,0.756600022315979,0.7275000214576721,0.7275000214576721,53900
2025-07-15,0.739799976348877,0.75,0.7261999845504761,0.75,19400
2025-07-16,0.7129999995231628,0.7325000166893005,0.7009999752044678,0.7251999974250793,80100
2025-07-17,0.7179999947547913,0.75,0.7149999737739563,0.7200000286102295,79100
2025-07-18,0.7340999841690063,0.746999979019165,0.699999988079071,0.7300000190734863,62500
2025-07-21,0.7605000138282776,0.7746999859809875,0.7200000286102295,0.7200000286102295,136700
2025-07-22,0.7509999871253967,0.789900004863739,0.7447999715805054,0.7749999761581421,116700
2025-07-23,0.75,0.7735000252723694,0.7300000190734863,0.7678999900817871,33600
2025-07-24,0.7300000190734863,0.7498000264167786,0.725600004196167,0.7400000095367432,44800
2025-07-25,0.7419000267982483,0.753000020980835,0.7139999866485596,0.75,59200
2025-07-28,0.7139999866485596,0.7419000267982483,0.7139999866485596,0.7360000014305115,20200
2025-07-29,0.7001000046730042,0.7300000190734863,0.6969000101089478,0.7264999747276306,64800
2025-07-30,0.6862000226974487,0.7044000029563904,0.675000011920929,0.7005000114440918,16383200
2025-07-31,1.3899999856948853,1.4800000190734863,1.0399999618530273,1.2300000190734863,175136300
2025-08-01,1.2100000381469727,1.2450000047683716,1.100000023841858,1.100000023841858,5086500
2025-08-04,0.9900000095367432,1.148900032043457,0.8978999853134155,1.1299999952316284,2911900
2025-08-05,1.0399999618530273,1.0870000123977661,0.9399999976158142,0.949999988079071,1156500
2025-08-06,1.0199999809265137,1.0800000429153442,1.0,1.0,1007200
2025-08-07,0.9193000197410583,1.0572999715805054,0.9193000197410583,1.0499999523162842,723800
2025-08-08,0.8500000238418579,0.9070000052452087,0.824999988079071,0.8611000180244446,497800
2025-08-11,0.7829999923706055,0.8450000286102295,0.7699999809265137,0.8199999928474426,358600
2025-08-12,0.8428000211715698,0.8996000289916992,0.7549999952316284,0.7549999952316284,489100
2025-08-13,0.9304999709129333,0.9980000257492065,0.8999999761581421,0.9200000166893005,1253600
2025-08-14,0.8788999915122986,0.9283999800682068,0.8575000166893005,0.9067000150680542,370800
2025-08-15,0.9147999882698059,0.9599000215530396,0.8758999705314636,0.8799999952316284,201200
2025-08-18,0.9049999713897705,0.9150000214576721,0.8700000047683716,0.8899999856948853,153600
2025-08-19,0.8885999917984009,0.8974999785423279,0.8600000143051147,0.8822000026702881,153600
2025-08-20,0.8460000157356262,0.8880000114440918,0.8004999756813049,0.8500999808311462,202400
2025-08-21,0.9196000099182129,0.9480000138282776,0.824999988079071,0.824999988079071,300400
2025-08-22,0.9649999737739563,0.9800000190734863,0.9164999723434448,0.9164999723434448,198100
2025-08-25,0.994700014591217,0.9998000264167786,0.9294999837875366,0.9300000071525574,184400
2025-08-26,0.9435999989509583,0.9944999814033508,0.9300000071525574,0.9502999782562256,199700
2025-08-27,0.9121999740600586,0.9498999714851379,0.9043999910354614,0.9300000071525574,55500
2025-08-28,0.9146000146865845,0.9495999813079834,0.8799999952316284,0.9200000166893005,93800
2025-08-29,0.8902000188827515,0.9200000166893005,0.8799999952316284,0.9057999849319458,91300
2025-09-02,0.859499990940094,0.8698999881744385,0.8299999833106995,0.8500000238418579,137000
2025-09-03,0.8889999985694885,0.8986999988555908,0.8600000143051147,0.8600000143051147,53800
2025-09-04,0.8762999773025513,0.8888000249862671,0.840399980545044,0.8669999837875366,110200
2025-09-05,0.9175000190734863,0.9413999915122986,0.8500999808311462,0.8700000047683716,248100
2025-09-08,0.9075999855995178,0.9300000071525574,0.8849999904632568,0.9300000071525574,64500
2025-09-09,0.881600022315979,0.9146999716758728,0.8700000047683716,0.8899999856948853,70500
2025-09-10,0.868399977684021,0.9049000144004822,0.8500000238418579,0.8716999888420105,159400
2025-09-11,0.8579999804496765,0.8636000156402588,0.800000011920929,0.8500000238418579,217600
2025-09-12,0.8222000002861023,0.8549000024795532,0.8136000037193298,0.8500000238418579,116800
2025-09-15,0.8289999961853027,0.839900016784668,0.8012999892234802,0.8385999798774719,172400
2025-09-16,0.8445000052452087,0.8490999937057495,0.8299999833106995,0.8299999833106995,131200
2025-09-17,0.8111000061035156,0.8399999737739563,0.8098999857902527,0.8399999737739563,115800
2025-09-18,0.925599992275238,1.0,0.8187999725341797,0.8187999725341797,718100
2025-09-19,1.2799999713897705,1.350000023841858,0.9800000190734863,1.0,12029000
2025-09-22,1.0800000429153442,1.2999999523162842,1.059999942779541,1.2999999523162842,1566300
2025-09-23,1.0299999713897705,1.125,0.9900000095367432,1.100000023841858,544900
2025-09-24,0.9894999861717224,1.059999942779541,0.9617000222206116,1.0399999618530273,485300
2025-09-25,0.9491999745368958,1.0099999904632568,0.9399999976158142,0.9800000190734863,270700
2025-09-26,0.9157000184059143,0.9401000142097473,0.8600000143051147,0.9399999976158142,394500
2025-09-29,0.9074000120162964,0.9399999976158142,0.86080002784729,0.9399999976158142,372500
2025-09-30,0.8876000046730042,0.9088000059127808,0.8500000238418579,0.8799999952316284,331800
2025-10-01,0.8853999972343445,0.9150999784469604,0.850600004196167,0.8989999890327454,277500
2025-10-02,0.9750999808311462,0.9800000190734863,0.8733000159263611,0.8845999836921692,583800
2025-10-03,1.0099999904632568,1.0299999713897705,0.9599999785423279,1.0199999809265137,548900
2025-10-06,1.100000023841858,1.1399999856948853,1.0499999523162842,1.0800000429153442,653400
2025-10-07,1.100000023841858,1.1390000581741333,1.0299999713897705,1.1200000047683716,389100
2025-10-08,1.090000033378601,1.0983999967575073,1.0299999713897705,1.0800000429153442,185500
2025-10-09,1.0399999618530273,1.0700000524520874,1.0199999809265137,1.0700000524520874,224400
2025-10-10,1.0099999904632568,1.0800000429153442,1.0,1.0399999618530273,329100
2025-10-13,1.059999942779541,1.059999942779541,1.0,1.0399999618530273,277400
2025-10-14,1.090000033378601,1.1299999952316284,1.0199999809265137,1.0499999523162842,452900
2025-10-15,1.059999942779541,1.1100000143051147,1.0199999809265137,1.100000023841858,208200
2025-10-16,1.0299999713897705,1.0800000429153442,1.0,1.0800000429153442,630100
2025-10-17,1.1299999952316284,1.2100000381469727,1.0399999618530273,1.100000023841858,1852400
2025-10-20,1.4299999475479126,1.4800000190734863,1.159999966621399,1.25,8535500
2025-10-21,1.2699999809265137,1.399999976158142,1.2000000476837158,1.399999976158142,1482400
2025-10-22,1.090000033378601,1.2300000190734863,1.0399999618530273,1.2000000476837158,1230800
2025-10-23,1.0800000429153442,1.1100000143051147,1.0199999809265137,1.0299999713897705,455700
2025-10-24,1.1100000143051147,1.190000057220459,1.0703999996185303,1.090000033378601,568800
2025-10-27,1.1299999952316284,1.1699999570846558,1.1200000047683716,1.1299999952316284,232000
2025-10-28,1.059999942779541,1.149999976158142,1.059999942779541,1.149999976158142,295900
2025-10-29,1.0399999618530273,1.100000023841858,1.0099999904632568,1.0399999618530273,348100
2025-10-30,0.9700000286102295,1.0312999486923218,0.960099995136261,1.0099999904632568,255800
2025-10-31,0.98580002784729,1.0499999523162842,0.9700000286102295,0.9900000095367432,215700
2025-11-03,0.9858999848365784,0.9977999925613403,0.949999988079071,0.9800000190734863,202900
2025-11-04,0.9297000169754028,0.9700000286102295,0.9297000169754028,0.9700000286102295,81300
2025-11-05,0.927299976348877,0.9699000120162964,0.902999997138977,0.949999988079071,78800
2025-11-06,0.8454999923706055,0.9240000247955322,0.8100000023841858,0.9225000143051147,289800
2025-11-07,0.8248999714851379,0.8399999737739563,0.8001000285148621,0.8299999833106995,174900
2025-11-10,0.8489999771118164,0.8794000148773193,0.8259999752044678,0.8367999792098999,89100
2025-11-11,0.8284000158309937,0.8485000133514404,0.8119999766349792,0.8212000131607056,63200
2025-11-12,0.8245000243186951,0.8442999720573425,0.8009999990463257,0.8442999720573425,80100
2025-11-13,0.7950000166893005,0.8550999760627747,0.7821999788284302,0.8500000238418579,143900
2025-11-14,0.7990000247955322,0.8349000215530396,0.777999997138977,0.7811999917030334,292000
2025-11-17,0.8230000138282776,0.9133999943733215,0.7699999809265137,0.7777000069618225,764700
2025-11-18,0.7620999813079834,0.800000011920929,0.7303000092506409,0.7680000066757202,235200
2025-11-19,0.7160999774932861,0.7900000214576721,0.7109000086784363,0.7900000214576721,158700
2025-11-20,0.6747999787330627,0.7544000148773193,0.6600000262260437,0.7160999774932861,245900
2025-11-21,0.6675000190734863,0.6765000224113464,0.65420001745224,0.6700000166893005,187100
2025-11-24,0.7186999917030334,0.7307000160217285,0.6539999842643738,0.6539999842643738,97700
2025-11-25,0.7211999893188477,0.7476000189781189,0.6984999775886536,0.7006999850273132,164800
2025-11-26,0.7432000041007996,0.7620999813079834,0.725600004196167,0.7300000190734863,114600
2025-11-28,0.7421000003814697,0.7699999809265137,0.7261000275611877,0.7699999809265137,90800
2025-12-01,0.7060999870300293,0.7394999861717224,0.7060999870300293,0.7300000190734863,33000
2025-12-02,0.7214000225067139,0.7294999957084656,0.6955999732017517,0.701200008392334,66500
2025-12-03,0.7368000149726868,0.741100013256073,0.7099999785423279,0.7409999966621399,38000
2025-12-04,0.7498999834060669,0.7659000158309937,0.7099999785423279,0.7265999913215637,3186200
2025-12-05,0.7396000027656555,0.8098000288009644,0.670199990272522,0.7260000109672546,2881700
2025-12-08,0.7544999718666077,0.7682999968528748,0.7010999917984009,0.7059999704360962,334300
2025-12-09,0.7454000115394592,0.7685999870300293,0.7279999852180481,0.7279999852180481,220900
2025-12-10,0.7261999845504761,0.7454000115394592,0.7186999917030334,0.722599983215332,76100
2025-12-11,0.7461000084877014,0.7595000267028809,0.7099999785423279,0.7099999785423279,164800
2025-12-12,0.6970000267028809,0.7491999864578247,0.6779000163078308,0.7461000084877014,189600
2025-12-15,0.6462000012397766,0.6891999840736389,0.6309000253677368,0.6891999840736389,207600
2025-12-16,0.6600000262260437,0.6888999938964844,0.6299999952316284,0.6579999923706055,149700
2025-12-17,0.7038000226020813,0.7186999917030334,0.6376000046730042,0.6502000093460083,365300
2025-12-18,0.6875,0.7127000093460083,0.6705999970436096,0.7038000226020813,108500
2025-12-19,0.6837000250816345,0.6873999834060669,0.6700000166893005,0.6800000071525574,117500
2025-12-22,0.6887000203132629,0.708899974822998,0.6499999761581421,0.6700000166893005,158600
2025-12-23,0.6721000075340271,0.6899999976158142,0.6660000085830688,0.6899999976158142,87400
2025-12-24,0.6578999757766724,0.6660000085830688,0.6499999761581421,0.6570000052452087,66800
2025-12-26,0.6557999849319458,0.667900025844574,0.6495000123977661,0.6495000123977661,146300
2025-12-29,0.6389999985694885,0.6557000279426575,0.6304000020027161,0.6470000147819519,316400
2025-12-30,0.621999979019165,0.6389999985694885,0.6100000143051147,0.6389999985694885,109200
2025-12-31,0.6007999777793884,0.6322000026702881,0.5910999774932861,0.6100000143051147,138400
2026-01-02,0.6746000051498413,0.6798999905586243,0.6008999943733215,0.6258999705314636,189600
2026-01-05,1.059999942779541,1.409999966621399,0.9204999804496765,1.0800000429153442,190316500
2026-01-06,1.0499999523162842,1.159999966621399,1.0099999904632568,1.159999966621399,6114500
2026-01-07,0.9776999950408936,1.100000023841858,0.949999988079071,1.0800000429153442,2924500
2026-01-08,1.0299999713897705,1.1200000047683716,0.9420999884605408,0.949999988079071,1883900
2026-01-09,0.9800000190734863,1.0987000465393066,0.9800000190734863,1.0299999713897705,734700
2026-01-12,0.9800000190734863,1.0299999713897705,0.9539999961853027,0.9779999852180481,602000
2026-01-13,1.100000023841858,1.1100000143051147,0.9401000142097473,0.9660000205039978,781100
2026-01-14,1.0700000524520874,1.100000023841858,1.0149999856948853,1.0800000429153442,472100
2026-01-15,1.409999966621399,1.5098999738693237,1.0299999713897705,1.0299999713897705,6573900
2026-01-16,1.350000023841858,1.4799000024795532,1.2899999618530273,1.3899999856948853,1423900
2026-01-20,1.2400000095367432,1.399999976158142,1.190000057220459,1.3200000524520874,1015200
2026-01-21,1.1299999952316284,1.2400000095367432,1.1200000047683716,1.2200000286102295,456400
2026-01-22,1.2699999809265137,1.440000057220459,1.25,1.2699999809265137,2168000
2026-01-23,1.2699999809265137,1.3300000429153442,1.2304999828338623,1.2400000095367432,263800
2026-01-26,1.1799999475479126,1.2608000040054321,1.1649999618530273,1.2599999904632568,360200
2026-01-27,1.2000000476837158,1.2300000190734863,1.149999976158142,1.1799999475479126,225300
2026-01-28,1.2200000286102295,1.2598999738693237,1.2000000476837158,1.2300000190734863,204900
2026-01-29,1.2799999713897705,1.340399980545044,1.2000000476837158,1.2100000381469727,552200
2026-01-30,1.149999976158142,1.2799999713897705,1.149999976158142,1.2599999904632568,215500
2026-02-02,1.1299999952316284,1.1698999404907227,1.0399999618530273,1.149999976158142,322300
2026-02-03,1.1299999952316284,1.179800033569336,1.0800000429153442,1.1399999856948853,178000
2026-02-04,1.0499999523162842,1.159999966621399,1.0099999904632568,1.159999966621399,200600
2026-02-05,0.9700999855995178,1.0700000524520874,0.9599999785423279,1.0199999809265137,200900
2026-02-06,1.0700000524520874,1.100000023841858,0.9800000190734863,0.9800000190734863,128400
2026-02-09,1.090000033378601,1.0901999473571777,1.0399999618530273,1.0499999523162842,141300
2026-02-10,1.0499999523162842,1.1095999479293823,1.0399999618530273,1.0700000524520874,91300
2026-02-11,1.090000033378601,1.1100000143051147,1.0,1.0299999713897705,176200
2026-02-12,0.9945999979972839,1.2799999713897705,0.8999999761581421,1.1200000047683716,24224900
2026-02-13,1.0099999904632568,1.1150000095367432,0.9200999736785889,0.949999988079071,1304900
2026-02-17,1.0299999713897705,1.1119999885559082,1.0,1.0099999904632568,622700
2026-02-18,0.9714000225067139,1.0750000476837158,0.9643999934196472,1.0499999523162842,275400
2026-02-19,1.0099999904632568,1.0199999809265137,0.9362999796867371,1.0199999809265137,168000
2026-02-20,1.059999942779541,1.0700000524520874,0.9800000190734863,1.0099999904632568,200000
2026-02-23,1.0299999713897705,1.059999942779541,0.9858999848365784,1.059999942779541,127400
2026-02-24,1.0199999809265137,1.0299999713897705,0.949999988079071,1.0099999904632568,145200
2026-02-25,0.988099992275238,1.0199999809265137,0.9611999988555908,1.0199999809265137,234100
2026-02-26,0.9449999928474426,1.0041999816894531,0.9243999719619751,0.9900000095367432,119900
2026-02-27,0.953000009059906,0.9599999785423279,0.9100000262260437,0.9399999976158142,58800
2026-03-02,0.9296000003814697,0.949999988079071,0.8999999761581421,0.949999988079071,131200
2026-03-03,0.8553000092506409,0.9050999879837036,0.8123000264167786,0.8999999761581421,289000
2026-03-04,1.0499999523162842,1.0499999523162842,0.8500000238418579,0.8500000238418579,477800
2026-03-05,0.9901999831199646,1.0850000381469727,0.9699000120162964,1.0299999713897705,661300
2026-03-06,0.9900000095367432,1.0800000429153442,0.9613000154495239,0.9700000286102295,386900
2026-03-09,0.949400007724762,0.9898999929428101,0.9359999895095825,0.9603000283241272,117700
2026-03-10,0.9513999819755554,0.9858999848365784,0.9513999819755554,0.9549999833106995,41000
2026-03-11,0.9355000257492065,0.9789999723434448,0.9351000189781189,0.949999988079071,73600
2026-03-12,0.9287999868392944,0.9750000238418579,0.9200000166893005,0.9399999976158142,69500
2026-03-13,0.9111999869346619,0.9800000190734863,0.9104999899864197,0.9200000166893005,115500
2026-03-16,0.9287999868392944,0.949999988079071,0.8920000195503235,0.9399999976158142,88600
2026-03-17,0.902899980545044,0.949999988079071,0.883400022983551,0.9200000166893005,182400
2026-03-18,0.9136000275611877,0.9491999745368958,0.8701000213623047,0.9100000262260437,176000
2026-03-19,0.8899999856948853,0.91839998960495,0.8899000287055969,0.8999999761581421,75900
2026-03-20,0.8873999714851379,0.9200000166893005,0.84170001745224,0.8949999809265137,101200
2026-03-23,0.8787000179290771,0.9190000295639038,0.8600000143051147,0.8600000143051147,39800
2026-03-24,0.8619999885559082,0.8996999859809875,0.8619999885559082,0.8899999856948853,53700
2026-03-25,0.8737999796867371,0.8999000191688538,0.8549000024795532,0.8700000047683716,37300
2026-03-26,0.8500000238418579,0.8931999802589417,0.8468000292778015,0.8500000238418579,128100
2026-03-27,0.8029999732971191,0.8878999948501587,0.8001000285148621,0.8222000002861023,77500
2026-03-30,0.7713000178337097,0.8100000023841858,0.7706999778747559,0.7889999747276306,60200
2026-03-31,0.8100000023841858,0.8399999737739563,0.7200000286102295,0.741100013256073,176200
2026-04-01,0.8341000080108643,0.8899999856948853,0.800000011920929,0.800000011920929,67000
2026-04-02,0.8389000296592712,0.8592000007629395,0.8141999840736389,0.8155999779701233,59300
2026-04-06,0.8619999885559082,0.9200000166893005,0.8199999928474426,0.8289999961853027,60700
2026-04-07,0.8313999772071838,0.886900007724762,0.8299999833106995,0.8447999954223633,13700
2026-04-08,,,,,105168
