Date,close,high,low,open,volume
1989-01-03,4.934866905212402,4.984526251082845,4.934866905212402,4.9472818304772925,39000
1989-01-04,4.866584777832031,4.866584777832031,4.829340716787057,4.866584777832031,28500
1989-01-05,4.872791767120361,4.872791767120361,4.872791767120361,4.872791767120361,4500
1989-01-06,4.885208606719971,4.9162457489419324,4.885208606719971,4.885208606719971,15750
1989-01-09,4.928659915924072,4.928659915924072,4.9038300639043495,4.9038300639043495,4500
1989-01-10,5.0093560218811035,5.0093560218811035,4.978318882406055,4.978318882406055,52500
1989-01-11,4.98452615737915,4.98452615737915,4.953489022394948,4.98452615737915,6000
1989-01-12,4.947282791137695,4.947282791137695,4.903830721867641,4.947282791137695,32250
1989-01-13,5.0093560218811035,5.0093560218811035,4.965904665956529,4.965904665956529,6750
1989-01-16,4.98452615737915,4.996940372032429,4.978318162079731,4.996940372032429,62250
1989-01-17,4.928659915924072,4.928659915924072,4.928659915924072,4.928659915924072,13500
1989-01-18,4.934866905212402,4.9472818304772925,4.891415554758082,4.928659620174517,18000
1989-01-19,4.748645305633545,4.804511578918298,4.748645305633545,4.804511578918298,18750
1989-01-20,4.810718536376953,4.810718536376953,4.810718536376953,4.810718536376953,1500
1989-01-23,4.767269134521484,4.810720497842367,4.767269134521484,4.810720497842367,46500
1989-01-24,4.829340934753418,4.829340934753418,4.804511441206427,4.804511441206427,27750
1989-01-25,4.7300238609313965,4.7424387876626355,4.7300238609313965,4.7424387876626355,1500
1989-01-26,4.742438316345215,4.804511878264874,4.742438316345215,4.742438316345215,3000
1989-01-27,4.82313346862793,4.854170600785294,4.82313346862793,4.82313346862793,36750
1989-01-30,4.82313346862793,4.82313346862793,4.82313346862793,4.82313346862793,0
1989-01-31,4.82313346862793,4.82313346862793,4.82313346862793,4.82313346862793,0
1989-02-01,4.742438316345215,4.804511878264874,4.742438316345215,4.804511878264874,4500
1989-02-02,4.71760892868042,4.823134562610419,4.667950287381048,4.742438782113846,12000
1989-02-03,4.804512977600098,4.823135192512652,4.804512977600098,4.804512977600098,92250
1989-02-06,4.804512977600098,4.804512977600098,4.804512977600098,4.804512977600098,0
1989-02-07,4.82313346862793,4.8417556768845325,4.82313346862793,4.82313346862793,69750
1989-02-08,4.82313346862793,4.82313346862793,4.82313346862793,4.82313346862793,0
1989-02-09,4.829340934753418,4.885207206436874,4.8231336501639435,4.8231336501639435,18000
1989-02-10,4.82313346862793,4.854170600785294,4.810718544727168,4.829340752983771,54000
1989-02-13,4.804512977600098,4.804512977600098,4.804512977600098,4.804512977600098,5250
1989-02-14,4.903828144073486,4.903828144073486,4.866583735814093,4.866583735814093,11250
1989-02-15,4.928659915924072,4.928659915924072,4.928659915924072,4.928659915924072,750
1989-02-16,4.711401462554932,4.742438600563972,4.711401462554932,4.742438600563972,6000
1989-02-17,4.68036413192749,4.68036413192749,4.63691277984352,4.68036413192749,5250
1989-02-21,4.413446426391602,4.444483556885546,4.413446426391602,4.444483556885546,30750
1989-02-22,4.574838638305664,4.61828998489555,4.574838638305664,4.574838638305664,151500
1989-02-23,4.7796831130981445,4.7796831130981445,4.742438688869455,4.742438688869455,59250
1989-02-24,4.748645305633545,4.748645305633545,4.748645305633545,4.748645305633545,78000
1989-02-27,4.748645305633545,4.748645305633545,4.748645305633545,4.748645305633545,0
1989-02-28,4.748645305633545,4.748645305633545,4.748645305633545,4.748645305633545,0
1989-03-01,4.9162445068359375,4.947281641216261,4.9038295820459865,4.9038295820459865,207750
1989-03-02,5.17074728012085,5.17074728012085,5.10246572874925,5.10246572874925,114000
1989-03-03,5.027978420257568,5.046600633592654,5.027978420257568,5.046600633592654,41250
1989-03-06,4.872791767120361,4.872791767120361,4.841754641599491,4.872791767120361,129750
1989-03-07,4.885208606719971,4.885208606719971,4.885208606719971,4.885208606719971,122250
1989-03-08,4.934866905212402,4.934866905212402,4.934866905212402,4.934866905212402,750
1989-03-09,4.829340934753418,4.866584997479358,4.829340934753418,4.866584997479358,23250
1989-03-10,4.82313346862793,4.82313346862793,4.82313346862793,4.82313346862793,6000
1989-03-13,4.698984622955322,4.698984622955322,4.698984622955322,4.698984622955322,14250
1989-03-14,4.742438316345215,4.742438316345215,4.742438316345215,4.742438316345215,27000
1989-03-15,4.965903282165527,4.978317495155728,4.965903282165527,4.965903282165527,22500
1989-03-16,4.903828144073486,4.903828144073486,4.903828144073486,4.903828144073486,11250
1989-03-17,4.68036413192749,4.7176085539299,4.68036413192749,4.7176085539299,213000
1989-03-20,4.66795015335083,4.66795015335083,4.66795015335083,4.66795015335083,6000
1989-03-21,4.7796831130981445,4.7796831130981445,4.742438688869455,4.742438688869455,23250
1989-03-22,4.804512977600098,4.804512977600098,4.804512977600098,4.804512977600098,6000
1989-03-23,4.82313346862793,4.854170600785294,4.82313346862793,4.82313346862793,9000
1989-03-27,4.891415596008301,4.891415596008301,4.891415596008301,4.891415596008301,750
1989-03-28,5.3383469581604,5.363176098926266,5.3383469581604,5.3383469581604,37500
1989-03-29,5.232820987701416,5.2452359124519745,5.214198778170131,5.2452359124519745,113250
1989-03-30,5.18316125869751,5.18316125869751,5.15212483710037,5.18316125869751,73500
1989-03-31,5.108673095703125,5.108673095703125,5.077636672195894,5.108673095703125,21750
1989-04-03,5.108673095703125,5.108673095703125,5.108673095703125,5.108673095703125,0
1989-04-04,5.077638149261475,5.121089510000534,5.077638149261475,5.108674581797087,5250
1989-04-05,5.12729549407959,5.12729549407959,5.102465999169049,5.102465999169049,27750
1989-04-06,5.065220832824707,5.065220832824707,5.065220832824707,5.065220832824707,9000
1989-04-07,5.065220832824707,5.065220832824707,5.065220832824707,5.065220832824707,21750
1989-04-10,5.065220832824707,5.065220832824707,5.065220832824707,5.065220832824707,0
1989-04-11,5.282482624053955,5.313519061427064,5.276274626200816,5.276274626200816,215250
1989-04-12,5.363175392150879,5.388004884833766,5.363175392150879,5.363175392150879,61500
1989-04-13,5.214198589324951,5.363175549801457,5.214198589324951,5.363175549801457,39750
1989-04-14,5.294894218444824,5.325931350807298,5.282480004840182,5.282480004840182,72000
1989-04-17,5.214198589324951,5.245235722482708,5.214198589324951,5.245235722482708,13500
1989-04-18,5.263858795166016,5.263858795166016,5.232821656914904,5.232821656914904,84000
1989-04-19,5.189368724822998,5.189368724822998,5.189368724822998,5.189368724822998,15000
1989-04-20,5.059014320373535,5.065221604900102,5.046599396131311,5.065221604900102,32250
1989-04-21,5.059014320373535,5.059014320373535,5.059014320373535,5.059014320373535,0
1989-04-24,5.027978420257568,5.027978420257568,5.027978420257568,5.027978420257568,9000
1989-04-25,5.027978420257568,5.027978420257568,4.996941279636033,5.027978420257568,6000
1989-04-26,5.027978420257568,5.027978420257568,5.027978420257568,5.027978420257568,2250
1989-04-27,4.928659915924072,4.928659915924072,4.928659915924072,4.928659915924072,29250
1989-04-28,4.928659915924072,4.928659915924072,4.928659915924072,4.928659915924072,0
1989-05-01,4.903828144073486,4.903828144073486,4.903828144073486,4.903828144073486,2250
1989-05-02,5.1024651527404785,5.1024651527404785,5.1024651527404785,5.1024651527404785,6000
1989-05-03,5.12729549407959,5.12729549407959,5.102465999169049,5.102465999169049,6750
1989-05-04,5.12729549407959,5.12729549407959,5.12729549407959,5.12729549407959,0
1989-05-05,5.108673095703125,5.139710229588556,5.108673095703125,5.127295304996564,93000
1989-05-08,5.108673095703125,5.108673095703125,5.108673095703125,5.108673095703125,0
1989-05-09,5.12729549407959,5.12729549407959,5.12729549407959,5.12729549407959,750
1989-05-10,5.090051174163818,5.090051174163818,5.090051174163818,5.090051174163818,18750
1989-05-11,4.9783172607421875,4.9783172607421875,4.9783172607421875,4.9783172607421875,750
1989-05-12,4.965903282165527,4.965903282165527,4.965903282165527,4.965903282165527,4500
1989-05-15,4.947282791137695,4.947282791137695,4.947282791137695,4.947282791137695,1500
1989-05-16,5.077638149261475,5.090052367086517,5.077638149261475,5.077638149261475,40500
1989-05-17,5.077638149261475,5.077638149261475,5.046601006347458,5.077638149261475,2250
1989-05-18,5.015562057495117,5.015562057495117,5.015562057495117,5.015562057495117,36000
1989-05-19,5.18316125869751,5.18316125869751,5.18316125869751,5.18316125869751,36000
1989-05-22,5.17074728012085,5.17074728012085,5.152125071127603,5.17074728012085,6000
1989-05-23,5.164541244506836,5.201785676623423,5.164541244506836,5.170749241841648,2250
1989-05-24,5.090051174163818,5.10867338451002,5.090051174163818,5.10867338451002,63000
1989-05-25,5.189368724822998,5.214197859571695,5.189368724822998,5.189368724822998,23250
1989-05-26,5.17074728012085,5.183161494134524,5.17074728012085,5.183161494134524,63000
1989-05-30,5.1024651527404785,5.1024651527404785,5.046598887256484,5.1024651527404785,19500
1989-05-31,5.201784133911133,5.214199059331131,5.201784133911133,5.201784133911133,41250
1989-06-01,5.419042587280273,5.419042587280273,5.400420377011376,5.400420377011376,28500
1989-06-02,5.425250053405762,5.450080261533964,5.419043122954729,5.419043122954729,41250
1989-06-05,5.313516616821289,5.356968674720295,5.294894407775742,5.356968674720295,190500
1989-06-06,5.214198589324951,5.214198589324951,5.214198589324951,5.214198589324951,750
1989-06-07,5.214198589324951,5.220405873880867,5.170747242244456,5.214198589324951,93750
1989-06-08,5.152124404907227,5.152124404907227,5.127294559334246,5.152124404907227,1500
1989-06-09,5.152124404907227,5.152124404907227,5.152124404907227,5.152124404907227,0
1989-06-12,5.065220832824707,5.065220832824707,5.04039134331403,5.065220832824707,57000
1989-06-13,5.077638149261475,5.077638149261475,5.059015934550905,5.0652232210580275,154500
1989-06-14,5.18316125869751,5.201783466844871,5.18316125869751,5.18316125869751,11250
1989-06-15,5.301102161407471,5.301102161407471,5.152125196222491,5.183161619982984,221250
1989-06-16,5.4562859535217285,5.4562859535217285,5.419041892945088,5.419041892945088,43500
1989-06-19,5.636301517486572,5.636301517486572,5.49973875082827,5.49973875082827,126000
1989-06-20,5.599056243896484,5.623885737193449,5.599056243896484,5.623885737193449,291000
1989-06-21,5.59284782409668,5.599055462946904,5.512152070934163,5.599055462946904,174750
1989-06-22,5.692167282104492,5.692167282104492,5.654923217466489,5.654923217466489,104250
1989-06-23,5.692167282104492,5.692167282104492,5.692167282104492,5.692167282104492,0
1989-06-26,5.890804290771484,5.890804290771484,5.847352930859782,5.847352930859782,29250
1989-06-27,5.872182369232178,5.934256653218923,5.872182369232178,5.890804228201171,63000
1989-06-28,5.723203659057617,5.779070288333765,5.723203659057617,5.779070288333765,44250
1989-06-29,5.710788726806641,5.797691414254505,5.710788726806641,5.723202939770396,71250
1989-06-30,5.6238861083984375,5.642507963208481,5.5866416884001255,5.642507963208481,4500
1989-07-03,5.797691822052002,5.797691822052002,5.754240475271793,5.754240475271793,103500
1989-07-05,5.903218746185303,5.903218746185303,5.8473521109509035,5.8473521109509035,290250
1989-07-06,5.872182369232178,5.903219511225551,5.872182369232178,5.903219511225551,24750
1989-07-07,5.983916282653809,6.00253885616783,5.959087131806505,5.959087131806505,68250
1989-07-10,5.934255123138428,5.934255123138428,5.903217989147629,5.934255123138428,2250
1989-07-11,5.847352981567383,5.847352981567383,5.847352981567383,5.847352981567383,3750
1989-07-12,5.810108184814453,5.810108184814453,5.791485972613998,5.810108184814453,60000
1989-07-13,5.77907133102417,5.79769318895363,5.77907133102417,5.79769318895363,42000
1989-07-14,5.791485786437988,5.791485786437988,5.766656289365281,5.779070860307063,17250
1989-07-17,5.698376655578613,5.698376655578613,5.698376655578613,5.698376655578613,750
1989-07-18,5.667337417602539,5.685959627468479,5.667337417602539,5.685959627468479,23250
1989-07-19,5.77907133102417,5.77907133102417,5.7666567590711955,5.7666567590711955,3750
1989-07-20,5.7542405128479,5.766655437144094,5.7232033797019595,5.766655437144094,12000
1989-07-21,5.797691822052002,5.797691822052002,5.797691822052002,5.797691822052002,9000
1989-07-24,5.797691822052002,5.797691822052002,5.797691822052002,5.797691822052002,0
1989-07-25,5.667337417602539,5.667337417602539,5.642507922844321,5.667337417602539,120750
1989-07-26,5.698376655578613,5.698376655578613,5.673547151656411,5.673547151656411,18750
1989-07-27,5.642508506774902,5.642508506774902,5.642508506774902,5.642508506774902,2250
1989-07-28,5.685960292816162,5.685960292816162,5.685960292816162,5.685960292816162,750
1989-07-31,5.810108184814453,5.810108184814453,5.779071046083976,5.779071046083976,44250
1989-08-01,5.710788726806641,5.723202939770396,5.710788726806641,5.723202939770396,66000
1989-08-02,5.667337417602539,5.667337417602539,5.667337417602539,5.667337417602539,2250
1989-08-03,5.685960292816162,5.685960292816162,5.654923864723023,5.667338080771127,11250
1989-08-04,5.685960292816162,5.685960292816162,5.685960292816162,5.685960292816162,0
1989-08-07,5.685960292816162,5.685960292816162,5.685960292816162,5.685960292816162,0
1989-08-08,5.87838888168335,5.87838888168335,5.847351745651274,5.847351745651274,169500
1989-08-09,5.915632724761963,5.915632724761963,5.87218066752543,5.8783883072386995,2250
1989-08-10,6.083231449127197,6.095646017269223,6.058401602465019,6.058401602465019,121500
1989-08-11,5.959085941314697,6.014952229938842,5.959085941314697,6.014952229938842,37500
1989-08-14,5.903218746185303,5.915633672411551,5.903218746185303,5.915633672411551,4500
1989-08-15,5.934255123138428,5.983913400918585,5.934255123138428,5.934255123138428,15000
1989-08-16,5.959085941314697,5.959085941314697,5.9342567954277,5.9342567954277,18000
1989-08-17,5.822521209716797,5.8721798340509785,5.822521209716797,5.8721798340509785,2250
1989-08-18,5.890804290771484,5.890804290771484,5.878390073182821,5.878390073182821,3750
1989-08-21,5.859766483306885,5.872181053170552,5.859766483306885,5.872181053170552,16500
1989-08-22,5.791485786437988,5.82252292417073,5.791485786437988,5.82252292417073,108000
1989-08-23,5.748034477233887,5.748034477233887,5.748034477233887,5.748034477233887,90750
1989-08-24,5.642508506774902,5.642508506774902,5.623886650170937,5.642508506774902,9000
1989-08-25,5.6238861083984375,5.6238861083984375,5.6238861083984375,5.6238861083984375,8250
1989-08-28,5.505945682525635,5.530775176396624,5.505945682525635,5.530775176396624,13500
1989-08-29,5.599056243896484,5.599056243896484,5.599056243896484,5.599056243896484,18000
1989-08-30,5.487323760986328,5.5307754663356965,5.487323760986328,5.5307754663356965,64500
1989-08-31,5.425250053405762,5.450080261533964,5.425250053405762,5.450080261533964,18000
1989-09-01,5.375592231750488,5.394214090276561,5.350762021481506,5.394214090276561,562500
1989-09-05,5.971499919891357,5.983913779744083,5.971499919891357,5.971499919891357,45000
1989-09-06,5.847352981567383,5.909426556373365,5.834938053492667,5.909426556373365,131250
1989-09-07,5.834936141967773,5.834936141967773,5.834936141967773,5.834936141967773,4500
1989-09-08,5.834936141967773,5.834936141967773,5.834936141967773,5.834936141967773,0
1989-09-11,5.735618591308594,5.760448085955658,5.69837452693255,5.760448085955658,7500
1989-09-12,5.834936141967773,5.834936141967773,5.834936141967773,5.834936141967773,6000
1989-09-13,5.760447978973389,5.785277828348425,5.760447978973389,5.785277828348425,28500
1989-09-14,5.884594917297363,5.9094240525482835,5.859765426857395,5.859765426857395,51000
1989-09-15,5.859766483306885,5.89701090327611,5.797692213232103,5.884595978223331,129750
1989-09-18,6.033573627471924,6.033573627471924,5.971500064436277,5.971500064436277,243750
1989-09-19,6.033573627471924,6.033573627471924,6.033573627471924,6.033573627471924,0
1989-09-20,6.045987606048584,6.070816744680549,6.045987606048584,6.045987606048584,4500
1989-09-21,6.045987606048584,6.045987606048584,6.045987606048584,6.045987606048584,0
1989-09-22,6.2073798179626465,6.232209669691528,6.2073798179626465,6.2073798179626465,22500
1989-09-25,6.381185531616211,6.381185531616211,6.381185531616211,6.381185531616211,750
1989-09-26,6.59223747253418,6.6418964623762555,6.59223747253418,6.59223747253418,255750
1989-09-27,6.703970432281494,6.741214854536489,6.703970432281494,6.703970432281494,31500
1989-09-28,6.828119277954102,6.852948422871677,6.815703995116941,6.815703995116941,62250
1989-09-29,6.828119277954102,6.828119277954102,6.828119277954102,6.828119277954102,0
1989-10-02,6.703970432281494,6.703970432281494,6.703970432281494,6.703970432281494,2250
1989-10-03,6.542579174041748,6.5922388849014935,6.542579174041748,6.5922388849014935,9000
1989-10-04,6.468090057373047,6.492919909074901,6.468090057373047,6.492919909074901,36000
1989-10-05,6.505334377288818,6.517749659489103,6.505334377288818,6.505334377288818,1500
1989-10-06,6.455676078796387,6.505334365997984,6.455676078796387,6.505334365997984,14250
1989-10-09,6.455676078796387,6.455676078796387,6.455676078796387,6.455676078796387,0
1989-10-10,6.703970432281494,6.766043995787641,6.703970432281494,6.703970432281494,48750
1989-10-11,6.902606010437012,6.902606010437012,6.902606010437012,6.902606010437012,7500
1989-10-12,6.753628253936768,6.753628253936768,6.753628253936768,6.753628253936768,21000
1989-10-13,6.691554069519043,6.766042901987147,6.691554069519043,6.753628333368514,114000
1989-10-16,6.530163764953613,6.5798220432929755,6.356356238874801,6.5798220432929755,198750
1989-10-17,6.443258285522461,6.480502696786939,6.430843718560322,6.480502696786939,30750
1989-10-18,6.505334377288818,6.505334377288818,6.480505233644926,6.480505233644926,11250
1989-10-19,6.604651927947998,6.604651927947998,6.567407508617293,6.567407508617293,3750
1989-10-20,6.604651927947998,6.604651927947998,6.604651927947998,6.604651927947998,0
1989-10-23,6.554993152618408,6.6294812833294525,6.554993152618408,6.604652143218516,1500
1989-10-24,6.542579174041748,6.542579174041748,6.492920883938758,6.542579174041748,69750
1989-10-25,6.505334377288818,6.517749659489103,6.480505233644926,6.517749659489103,81000
1989-10-26,6.356354713439941,6.393599123634543,6.356354713439941,6.393599123634543,79500
1989-10-27,6.331527233123779,6.331527233123779,6.331527233123779,6.331527233123779,8250
1989-10-30,6.331527233123779,6.331527233123779,6.331527233123779,6.331527233123779,0
1989-10-31,6.368772029876709,6.368772029876709,6.319112326796167,6.331527607755436,7500
1989-11-01,6.356354713439941,6.406014400618102,6.343940857212459,6.368769990423501,27750
1989-11-02,6.331527233123779,6.331527233123779,6.331527233123779,6.331527233123779,5250
1989-11-03,6.306697845458984,6.306697845458984,6.269453427005842,6.306697845458984,5250
1989-11-06,6.257039546966553,6.257039546966553,6.194965975910946,6.257039546966553,3000
1989-11-07,6.182549476623535,6.182549476623535,6.145305061448222,6.182549476623535,32250
1989-11-08,6.281867027282715,6.281867027282715,6.281867027282715,6.281867027282715,7500
1989-11-09,6.182549476623535,6.194964044889261,6.182549476623535,6.194964044889261,21750
1989-11-10,6.157721042633057,6.207379321361528,6.157721042633057,6.182550181997292,3000
1989-11-13,6.182549476623535,6.194964044889261,6.182549476623535,6.182549476623535,1500
1989-11-14,6.194965839385986,6.194965839385986,6.1204776978365025,6.182551267524128,21750
1989-11-15,6.182549476623535,6.182549476623535,6.182549476623535,6.182549476623535,6000
1989-11-16,6.083231449127197,6.108060585411248,6.083231449127197,6.108060585411248,13500
1989-11-17,6.108061790466309,6.108061790466309,6.108061790466309,6.108061790466309,41250
1989-11-20,6.045987606048584,6.045987606048584,6.045987606048584,6.045987606048584,1500
1989-11-21,6.2073798179626465,6.2073798179626465,6.1328909731542725,6.1328909731542725,24750
1989-11-22,6.170135498046875,6.170135498046875,6.157721637543642,6.170135498046875,6000
1989-11-24,6.182549476623535,6.182549476623535,6.182549476623535,6.182549476623535,3750
1989-11-27,6.108061790466309,6.108061790466309,6.108061790466309,6.108061790466309,1500
1989-11-28,6.108061790466309,6.108061790466309,6.108061790466309,6.108061790466309,0
1989-11-29,6.058403968811035,6.070818541802057,6.058403968811035,6.070818541802057,6750
1989-11-30,6.2073798179626465,6.2073798179626465,6.170135395558459,6.170135395558459,40500
1989-12-01,6.232210159301758,6.232210159301758,6.232210159301758,6.232210159301758,18750
1989-12-04,6.232210159301758,6.281869156282522,6.232210159301758,6.232210159301758,9000
1989-12-05,6.182549476623535,6.219793891798847,6.182549476623535,6.219793891798847,9750
1989-12-06,6.2073798179626465,6.2073798179626465,6.2073798179626465,6.2073798179626465,7500
1989-12-07,6.306697845458984,6.331526984175616,6.306697845458984,6.306697845458984,63000
1989-12-08,6.257039546966553,6.306699256265064,6.257039546966553,6.306699256265064,360000
1989-12-11,6.257039546966553,6.257039546966553,6.257039546966553,6.257039546966553,0
1989-12-12,6.257039546966553,6.257039546966553,6.257039546966553,6.257039546966553,0
1989-12-13,6.455676078796387,6.455676078796387,6.418431653016853,6.418431653016853,48750
1989-12-14,6.281867027282715,6.281867027282715,6.281867027282715,6.281867027282715,34500
1989-12-15,6.3191142082214355,6.331529492877177,6.3191142082214355,6.3191142082214355,102000
1989-12-18,6.3191142082214355,6.3191142082214355,6.3191142082214355,6.3191142082214355,0
1989-12-19,6.170135498046875,6.182550779306674,6.170135498046875,6.182550779306674,19500
1989-12-20,6.083231449127197,6.1328897216953,6.083231449127197,6.1328897216953,3000
1989-12-21,6.095646381378174,6.132890088028915,6.095646381378174,6.095646381378174,12000
1989-12-22,6.145305156707764,6.145305156707764,6.132889877871452,6.132889877871452,9000
1989-12-26,6.368772029876709,6.368772029876709,6.368772029876709,6.368772029876709,37500
1989-12-27,6.381185531616211,6.381185531616211,6.381185531616211,6.381185531616211,72000
1989-12-28,6.406015872955322,6.406015872955322,6.406015872955322,6.406015872955322,2250
1989-12-29,6.356354713439941,6.356354713439941,6.3315255802289,6.356354713439941,24000
1990-01-02,6.306697845458984,6.331526984175616,6.269453427005842,6.331526984175616,9750
1990-01-03,6.232210159301758,6.257039302602976,6.232210159301758,6.257039302602976,15750
1990-01-04,6.455676078796387,6.455676078796387,6.368772655436919,6.368772655436919,21750
1990-01-05,6.356354713439941,6.406014400618102,6.356354713439941,6.406014400618102,2250
1990-01-08,6.356354713439941,6.356354713439941,6.356354713439941,6.356354713439941,0
1990-01-09,6.356354713439941,6.356354713439941,6.356354713439941,6.356354713439941,0
1990-01-10,6.381185531616211,6.381185531616211,6.356355684234912,6.356355684234912,2250
1990-01-11,6.381185531616211,6.381185531616211,6.381185531616211,6.381185531616211,0
1990-01-12,6.219794750213623,6.28186831048737,6.219794750213624,6.28186831048737,27000
1990-01-15,6.194965839385986,6.257039409073612,6.194965839385986,6.219795693488041,4500
1990-01-16,6.120477199554443,6.120477199554443,6.083232776622685,6.120477199554443,46500
1990-01-17,6.145305156707764,6.157720435544075,6.145305156707764,6.145305156707764,15750
1990-01-18,6.095646381378174,6.108060950261755,6.045987395465683,6.108060950261755,40500
1990-01-19,6.170135498046875,6.170135498046875,6.170135498046875,6.170135498046875,750
1990-01-22,6.095646381378174,6.132890088028915,6.095646381378174,6.132890088028915,3000
1990-01-23,6.294282913208008,6.294282913208008,6.294282913208008,6.294282913208008,2250
1990-01-24,6.356354713439941,6.356354713439941,6.31911030324534,6.31911030324534,24000
1990-01-25,6.554993152618408,6.554993152618408,6.492919591962831,6.492919591962831,8250
1990-01-26,6.430845737457275,6.455675589554686,6.430845737457275,6.455675589554686,3750
1990-01-29,6.468090057373047,6.468090057373047,6.468090057373047,6.468090057373047,37500
1990-01-30,6.232210159301758,6.356357296564505,6.232210159301758,6.356357296564505,71250
1990-01-31,6.331527233123779,6.331527233123779,6.319111952899113,6.319111952899113,13500
1990-02-01,6.3191142082214355,6.3191142082214355,6.3191142082214355,6.3191142082214355,1500
1990-02-02,6.2073798179626465,6.257038811042138,6.2073798179626465,6.257038811042138,23250
1990-02-05,6.232210159301758,6.232210159301758,6.232210159301758,6.232210159301758,12750
1990-02-06,6.232210159301758,6.232210159301758,6.232210159301758,6.232210159301758,750
1990-02-07,6.232210159301758,6.232210159301758,6.232210159301758,6.232210159301758,0
1990-02-08,6.058403968811035,6.083233825171482,6.058403968811035,6.083233825171482,11250
1990-02-09,6.058403968811035,6.058403968811035,6.033574822828992,6.058403968811035,9000
1990-02-12,6.083231449127197,6.083231449127197,6.083231449127197,6.083231449127197,750
1990-02-13,6.157721042633057,6.157721042633057,6.157721042633057,6.157721042633057,3750
1990-02-14,6.145305156707764,6.145305156707764,6.145305156707764,6.145305156707764,15000
1990-02-15,6.157721042633057,6.157721042633057,6.157721042633057,6.157721042633057,15000
1990-02-16,6.0087432861328125,6.0087432861328125,5.971499577574893,6.0087432861328125,226500
1990-02-20,5.6238861083984375,5.6238861083984375,5.57422676333765,5.6238861083984375,285000
1990-02-21,5.487323760986328,5.512153256158951,5.462493910624589,5.512153256158951,32250
1990-02-22,5.3383469581604,5.41283544602538,5.3383469581604,5.41283544602538,69000
1990-02-23,5.164541244506836,5.1893714578999415,5.114882593666768,5.1893714578999415,80250
1990-02-26,4.9907331466674805,4.9907331466674805,4.891415521175821,4.9907331466674805,89250
1990-02-27,5.077638149261475,5.090052367086517,5.040393719840335,5.040393719840335,37500
1990-02-28,5.263858795166016,5.313517434951667,5.263858795166016,5.263858795166016,17250
1990-03-01,5.301102161407471,5.301102161407471,5.263858097705777,5.263858097705777,32250
1990-03-02,5.412835597991943,5.450080020564642,5.4004206720713315,5.4004206720713315,69750
1990-03-05,5.487323760986328,5.487323760986328,5.487323760986328,5.487323760986328,750
1990-03-06,5.412835597991943,5.425249813534281,5.412835597991943,5.425249813534281,24000
1990-03-07,5.152124404907227,5.214197953272534,5.152124404907227,5.214197953272534,17250
1990-03-08,5.313516616821289,5.313516616821289,5.313516616821289,5.313516616821289,105000
1990-03-09,5.251443862915039,5.251443862915039,5.251443862915039,5.251443862915039,3750
1990-03-12,5.015562057495117,5.065221397239015,5.015562057495117,5.065221397239015,15000
1990-03-13,4.965903282165527,4.965903282165527,4.94107343542887,4.965903282165527,6750
1990-03-14,4.965903282165527,4.965903282165527,4.965903282165527,4.965903282165527,4500
1990-03-15,4.953487873077393,4.953487873077393,4.903828539662544,4.953487873077393,87750
1990-03-16,4.9162445068359375,4.9162445068359375,4.891415367634246,4.9162445068359375,18000
1990-03-19,4.643119812011719,4.655534737065479,4.543801832338086,4.655534737065479,129000
1990-03-20,4.518972873687744,4.543802014411964,4.481728452223161,4.543802014411964,54750
1990-03-21,4.481729030609131,4.518973456880264,4.481729030609131,4.518973456880264,30750
1990-03-22,4.655534267425537,4.73002274466653,4.643119343624167,4.643119343624167,106500
1990-03-23,4.965903282165527,4.990732418524056,4.878999884154419,4.878999884154419,169500
1990-03-26,5.003149032592773,5.027978175579048,4.990733750721318,4.990733750721318,18000
1990-03-27,4.965903282165527,4.965903282165527,4.916243943881277,4.965903282165527,32250
1990-03-28,5.201784133911133,5.214199059331131,5.176954638260259,5.176954638260259,44250
1990-03-29,5.437664031982422,5.437664031982422,5.388004693193844,5.388004693193844,86250
1990-03-30,5.251443862915039,5.263858789239336,5.214199439131299,5.263858789239336,113250
1990-04-02,5.139710903167725,5.139710903167725,5.003148845893417,5.139710903167725,108000
1990-04-03,5.561812400817871,5.586641539904626,5.561812400817871,5.561812400817871,66000
1990-04-04,5.4500813484191895,5.499739998633029,5.41283691677228,5.499739998633029,576000
1990-04-05,5.760447978973389,5.760447978973389,5.710789345790621,5.710789345790621,117750
1990-04-06,5.685960292816162,5.685960292816162,5.685960292816162,5.685960292816162,27750
1990-04-09,5.760447978973389,5.8101073225343605,5.760447978973389,5.760447978973389,124500
1990-04-10,5.735618591308594,5.735618591308594,5.661130107367399,5.735618591308594,114750
1990-04-11,5.661129951477051,5.661129951477051,5.61147060836128,5.661129951477051,15000
1990-04-12,5.561812400817871,5.599056464637107,5.512153057077052,5.599056464637107,126750
1990-04-16,5.363175392150879,5.388004884833766,5.313516406785103,5.388004884833766,83250
1990-04-17,5.3383469581604,5.3383469581604,5.301102536633348,5.3383469581604,8250
1990-04-18,5.5245680809021,5.5245680809021,5.462493811315391,5.462493811315391,22500
1990-04-19,5.412835597991943,5.462494236106979,5.412835597991943,5.462494236106979,68250
1990-04-20,5.388006687164307,5.388006687164307,5.388006687164307,5.388006687164307,10500
1990-04-23,5.388006687164307,5.388006687164307,5.388006687164307,5.388006687164307,6000
1990-04-24,5.350761413574219,5.425249904783325,5.350761413574219,5.388005836773344,1500
1990-04-25,5.375592231750488,5.375592231750488,5.313517949240175,5.350762021481506,6000
1990-04-26,5.437664031982422,5.437664031982422,5.437664031982422,5.437664031982422,5250
1990-04-27,5.363175392150879,5.363175392150879,5.350760468214895,5.363175392150879,18750
1990-04-30,5.388006687164307,5.388006687164307,5.388006687164307,5.388006687164307,1500
1990-05-01,5.388006687164307,5.388006687164307,5.388006687164307,5.388006687164307,0
1990-05-02,5.388006687164307,5.388006687164307,5.388006687164307,5.388006687164307,0
1990-05-03,5.388006687164307,5.388006687164307,5.388006687164307,5.388006687164307,0
1990-05-04,5.487323760986328,5.487323760986328,5.4252494902710975,5.4252494902710975,15750
1990-05-07,5.512152194976807,5.512152194976807,5.512152194976807,5.512152194976807,22500
1990-05-08,5.536982536315918,5.536982536315918,5.536982536315918,5.536982536315918,3000
1990-05-09,5.462493419647217,5.512152760718119,5.462493419647217,5.512152760718119,10500
1990-05-10,5.462493419647217,5.462493419647217,5.462493419647217,5.462493419647217,0
1990-05-11,5.785278797149658,5.785278797149658,5.760448943616621,5.760448943616621,3750
1990-05-14,5.685960292816162,5.760448785807152,5.685960292816162,5.760448785807152,1500
1990-05-15,5.772863864898682,5.772863864898682,5.698375369937821,5.698375369937821,9000
1990-05-16,5.772863864898682,5.772863864898682,5.772863864898682,5.772863864898682,0
1990-05-17,5.772863864898682,5.772863864898682,5.772863864898682,5.772863864898682,0
1990-05-18,5.661129951477051,5.661129951477051,5.61147060836128,5.661129951477051,4500
1990-05-21,5.586641788482666,5.636301134433082,5.586641788482666,5.636301134433082,151500
1990-05-22,5.748034477233887,5.810108042799281,5.748034477233887,5.748034477233887,102000
1990-05-23,5.810108184814453,5.872181751897098,5.810108184814453,5.810108184814453,6000
1990-05-24,5.785278797149658,5.785278797149658,5.785278797149658,5.785278797149658,32250
1990-05-25,5.785278797149658,5.785278797149658,5.785278797149658,5.785278797149658,0
1990-05-29,5.748034477233887,5.797692761383568,5.748034477233887,5.785278545535293,27750
1990-05-30,5.735618591308594,5.735618591308594,5.735618591308594,5.735618591308594,750
1990-05-31,5.748034477233887,5.760448693082161,5.735619195818174,5.735619195818174,12000
1990-06-01,5.797691822052002,5.797691822052002,5.797691822052002,5.797691822052002,2250
1990-06-04,5.710788726806641,5.73561786311228,5.661129388628171,5.73561786311228,25500
1990-06-05,5.710788726806641,5.710788726806641,5.710788726806641,5.710788726806641,3750
1990-06-06,5.723203659057617,5.760448078575049,5.723203659057617,5.723203659057617,27750
1990-06-07,5.822521209716797,5.822521209716797,5.760446952529212,5.760446952529212,9000
1990-06-08,5.772863864898682,5.772863864898682,5.7107902966925455,5.772863864898682,4500
1990-06-11,5.772863864898682,5.772863864898682,5.772863864898682,5.772863864898682,0
1990-06-12,5.772863864898682,5.772863864898682,5.772863864898682,5.772863864898682,0
1990-06-13,5.748034477233887,5.748034477233887,5.710790053743333,5.748034477233887,46500
1990-06-14,5.760447978973389,5.760447978973389,5.760447978973389,5.760447978973389,3750
1990-06-15,5.760447978973389,5.760447978973389,5.760447978973389,5.760447978973389,3750
1990-06-18,5.636301517486572,5.710790008690894,5.623886591357947,5.710790008690894,7500
1990-06-19,5.5245680809021,5.5245680809021,5.5245680809021,5.5245680809021,8250
1990-06-20,5.772863864898682,5.810108289973693,5.760448938143957,5.760448938143957,27000
1990-06-21,5.710788726806641,5.710788726806641,5.710788726806641,5.710788726806641,1500
1990-06-22,5.661129951477051,5.735618433367058,5.661129951477051,5.710789294592821,5250
1990-06-25,5.661129951477051,5.661129951477051,5.661129951477051,5.661129951477051,6750
1990-06-26,5.735618591308594,5.748033871415789,5.735618591308594,5.735618591308594,48000
1990-06-27,6.058403968811035,6.058403968811035,6.008744966468544,6.008744966468544,12750
1990-06-28,5.971499919891357,5.971499919891357,5.971499919891357,5.971499919891357,3750
1990-06-29,6.083231449127197,6.083231449127197,6.070816170607045,6.070816170607045,6750
1990-07-02,6.1328887939453125,6.1328887939453125,6.1328887939453125,6.1328887939453125,2250
1990-07-03,6.1328887939453125,6.1328887939453125,6.1328887939453125,6.1328887939453125,750
1990-07-05,6.058403968811035,6.058403968811035,6.058403968811035,6.058403968811035,4500
1990-07-06,6.269454479217529,6.269454479217529,6.2322100545136,6.2322100545136,2250
1990-07-09,6.244623184204102,6.244623184204102,6.244623184204102,6.244623184204102,5250
1990-07-10,6.244623184204102,6.244623184204102,6.244623184204102,6.244623184204102,0
1990-07-11,6.294282913208008,6.294282913208008,6.294282913208008,6.294282913208008,9000
1990-07-12,6.306697845458984,6.306697845458984,6.219794439194383,6.294282565722472,71250
1990-07-13,6.3191142082214355,6.3191142082214355,6.257040626456642,6.306700344322651,4500
1990-07-16,6.530163764953613,6.530163764953614,6.455674926688152,6.455674926688152,1500
1990-07-17,6.530163764953613,6.530163764953614,6.530163764953614,6.530163764953614,0
1990-07-18,6.356354713439941,6.356354713439941,6.356354713439941,6.356354713439941,3750
1990-07-19,6.281867027282715,6.343941285254709,6.281867027282715,6.343941285254709,18000
1990-07-20,6.244623184204102,6.244623184204102,6.244623184204102,6.244623184204102,48000
1990-07-23,6.1328887939453125,6.1328887939453125,6.0584006859831865,6.1328887939453125,27000
1990-07-24,6.021157264709473,6.021157264709473,6.021157264709473,6.021157264709473,15000
1990-07-25,6.021157264709473,6.021157264709473,6.021157264709473,6.021157264709473,0
1990-07-26,5.983916282653809,5.983916282653809,5.983916282653809,5.983916282653809,8250
1990-07-27,5.934255123138428,5.934255123138428,5.934255123138428,5.934255123138428,22500
1990-07-30,5.909425258636475,5.909425258636475,5.909425258636475,5.909425258636475,15000
1990-07-31,6.0087432861328125,6.07081684410755,6.0087432861328125,6.0087432861328125,5250
1990-08-01,5.934255123138428,5.934255123138428,5.8845957797909705,5.934255123138428,21750
1990-08-02,5.586641788482666,5.636301134433082,5.561812648291137,5.636301134433082,9000
1990-08-03,5.536982536315918,5.611471023719525,5.536982536315918,5.586641883107448,3000
1990-08-06,5.1024651527404785,5.164538702125127,5.1024651527404785,5.164538702125127,6000
1990-08-07,5.276271343231201,5.363174734560436,5.276271343231201,5.276271343231201,27750
1990-08-08,5.239027976989746,5.239027976989746,5.1645394932049395,5.239027976989746,65250
1990-08-09,5.263858795166016,5.263858795166016,5.201784518663792,5.239028587300317,19500
1990-08-10,5.263858795166016,5.263858795166016,5.263858795166016,5.263858795166016,0
1990-08-13,5.1024651527404785,5.1024651527404785,5.1024651527404785,5.1024651527404785,7500
1990-08-14,5.313516616821289,5.313516616821289,5.2762721987301955,5.2762721987301955,32250
1990-08-15,5.561812400817871,5.64871509799972,5.561812400817871,5.561812400817871,54750
1990-08-16,5.512152194976807,5.698373550515286,5.139709483899847,5.5618115309509095,61500
1990-08-17,5.388006687164307,5.400421615253181,5.363177186175756,5.400421615253181,9000
1990-08-20,5.5245680809021,5.5245680809021,5.462493811315391,5.462493811315391,15750
1990-08-21,5.363175392150879,5.363175392150879,5.363175392150879,5.363175392150879,26250
1990-08-22,5.487323760986328,5.536982396142457,5.487323760986328,5.487323760986328,81000
1990-08-23,5.3383469581604,5.3383469581604,5.3383469581604,5.3383469581604,16500
1990-08-24,5.6238861083984375,5.636301033460913,5.6114708281468495,5.6114708281468495,38250
1990-08-27,5.996328830718994,6.008743400474541,5.983913550585229,5.983913550585229,13500
1990-08-28,5.946670055389404,5.946670055389404,5.909425632179231,5.946670055389404,14250
1990-08-29,5.859766483306885,5.859766483306885,5.735618653535546,5.859766483306885,65250
1990-08-30,5.959085941314697,5.971501224636597,5.9342567954277,5.9342567954277,31500
1990-08-31,5.859766483306885,5.946669537919887,5.859766483306885,5.946669537919887,16500
1990-09-04,5.661129951477051,5.661129951477051,5.661129951477051,5.661129951477051,15750
1990-09-05,5.648715972900391,5.648715972900391,5.648715972900391,5.648715972900391,750
1990-09-06,5.648715972900391,5.648715972900391,5.648715972900391,5.648715972900391,0
1990-09-07,5.785278797149658,5.785278797149658,5.785278797149658,5.785278797149658,1500
1990-09-10,5.872182369232178,5.934256653218923,5.872182369232178,5.872182369232178,4500
1990-09-11,5.859766483306885,5.859766483306885,5.859766483306885,5.859766483306885,9750
1990-09-12,5.971499919891357,5.971499919891357,5.934255498820195,5.934255498820195,3750
1990-09-13,5.909425258636475,5.909425258636475,5.909425258636475,5.909425258636475,1500
1990-09-14,5.909425258636475,5.909425258636475,5.909425258636475,5.909425258636475,0
1990-09-17,5.661129951477051,5.661129951477051,5.661129951477051,5.661129951477051,3750
1990-09-18,5.47490930557251,5.5121537291217075,5.462494379326395,5.5121537291217075,56250
1990-09-19,5.363175392150879,5.425248946263557,5.350760468214895,5.425248946263557,81750
1990-09-20,5.276271343231201,5.276271343231201,5.251442208781748,5.276271343231201,13500
1990-09-21,5.288687705993652,5.288687705993652,5.263858564782102,5.2762727801987435,9750
1990-09-24,5.263858795166016,5.338347287628215,5.251443868827741,5.288687937464267,109500
1990-09-25,5.239027976989746,5.239027976989746,5.201783912691897,5.239027976989746,52500
1990-09-26,5.015562057495117,5.065221397239015,5.015562057495117,5.065221397239015,61500
1990-09-27,5.052807331085205,5.052807331085205,5.040393114750467,5.040393114750467,1500
1990-09-28,4.866584777832031,4.866584777832031,4.8169265033575,4.866584777832031,59250
1990-10-01,5.288687705993652,5.288687705993652,5.114881231188861,5.114881231188861,170250
1990-10-02,5.636301517486572,5.710790008690894,5.636301517486572,5.636301517486572,89250
1990-10-03,5.536982536315918,5.586641883107448,5.51215339570384,5.586641883107448,16500
1990-10-04,5.760447978973389,5.797692042657739,5.735618484787454,5.735618484787454,37500
1990-10-05,5.810108184814453,5.810108184814453,5.611471491469033,5.760448833883521,61500
1990-10-08,5.772863864898682,5.772863864898682,5.698375369937821,5.772863864898682,14250
1990-10-09,5.536982536315918,5.599056808602612,5.51215339570384,5.599056808602612,37500
1990-10-10,5.586641788482666,5.586641788482666,5.487323806960072,5.53698244253225,27750
1990-10-11,5.586641788482666,5.586641788482666,5.586641788482666,5.586641788482666,0
1990-10-12,5.47490930557251,5.47490930557251,5.47490930557251,5.47490930557251,29250
1990-10-15,5.47490930557251,5.47490930557251,5.47490930557251,5.47490930557251,0
1990-10-16,5.487323760986328,5.487323760986328,5.487323760986328,5.487323760986328,21750
1990-10-17,5.536982536315918,5.536982536315918,5.51215339570384,5.51215339570384,15000
1990-10-18,5.49973726272583,5.49973726272583,5.46249284960658,5.49973726272583,24000
1990-10-19,5.574228286743164,5.574228286743164,5.574228286743164,5.574228286743164,750
1990-10-22,5.710788726806641,5.710788726806641,5.611470050449703,5.611470050449703,62250
1990-10-23,5.6238861083984375,5.6238861083984375,5.561812548653401,5.6238861083984375,30000
1990-10-24,5.6238861083984375,5.6238861083984375,5.6238861083984375,5.6238861083984375,0
1990-10-25,5.549396991729736,5.549396991729736,5.499738004333872,5.549396991729736,8250
1990-10-26,5.363175392150879,5.388004884833766,5.313516406785103,5.388004884833766,17250
1990-10-29,5.313516616821289,5.325931541248019,5.313516616821289,5.325931541248019,43500
1990-10-30,5.251443862915039,5.288687931509631,5.239028581401594,5.288687931509631,20250
1990-10-31,5.32593297958374,5.363177052543974,5.32593297958374,5.32593297958374,90750
1990-11-01,5.251443862915039,5.251443862915039,5.214199439131299,5.251443862915039,51000
1990-11-02,5.263858795166016,5.288687937464267,5.263858795166016,5.263858795166016,104250
1990-11-05,5.32593297958374,5.32593297958374,5.2886885514343165,5.2886885514343165,147000
1990-11-06,5.077638149261475,5.139711724711104,5.077638149261475,5.139711724711104,177000
1990-11-07,5.090051174163818,5.090051174163818,5.090051174163818,5.090051174163818,1500
1990-11-08,4.866584777832031,4.879000056828818,4.804511224360714,4.879000056828818,11250
1990-11-09,4.965903282165527,4.965903282165527,4.8169263328799685,4.866584605597026,99750
1990-11-12,5.1148810386657715,5.1148810386657715,5.015562701612223,5.015562701612223,56250
1990-11-13,5.065220832824707,5.102464889496206,5.065220832824707,5.102464889496206,38250
1990-11-14,4.965903282165527,5.0652212483559,4.965903282165527,5.0652212483559,88500
1990-11-15,4.891415596008301,4.941074231919287,4.866585390080004,4.941074231919287,121500
1990-11-16,4.965903282165527,4.965903282165527,4.965903282165527,4.965903282165527,52500
1990-11-19,4.903828144073486,4.9907315265527386,4.903828144073486,4.965902394631811,132000
1990-11-20,4.891415596008301,4.928659661738821,4.891415596008301,4.903829810999645,15000
1990-11-21,4.854171276092529,4.854171276092529,4.816927209587048,4.854171276092529,56250
1990-11-23,4.866584777832031,4.866584777832031,4.866584777832031,4.866584777832031,6000
1990-11-26,4.866584777832031,4.866584777832031,4.866584777832031,4.866584777832031,0
1990-11-27,4.8417558670043945,4.8417558670043945,4.816926728606072,4.8417558670043945,47250
1990-11-28,4.742438316345215,4.742438316345215,4.742438316345215,4.742438316345215,15000
1990-11-29,4.60587739944458,4.692781202318444,4.60587739944458,4.692781202318444,36000
1990-11-30,4.71760892868042,4.71760892868042,4.667950287381048,4.667950287381048,24750
1990-12-03,4.692779064178467,4.717608203416451,4.692779064178467,4.717608203416451,26250
1990-12-04,4.568630695343018,4.568630695343018,4.506557144227301,4.568630695343018,65250
1990-12-05,4.705193042755127,4.71760725468847,4.593460162708555,4.593460162708555,46500
1990-12-06,4.891415596008301,5.015562718569448,4.891415596008301,4.891415596008301,121500
1990-12-07,4.891415596008301,4.891415596008301,4.891415596008301,4.891415596008301,1500
1990-12-10,4.891415596008301,4.891415596008301,4.891415596008301,4.891415596008301,0
1990-12-11,4.792097568511963,4.866586065500179,4.792097568511963,4.866586065500179,10500
1990-12-12,4.792097568511963,4.792097568511963,4.792097568511963,4.792097568511963,0
1990-12-13,4.941073894500732,4.941073894500732,4.941073894500732,4.941073894500732,8250
1990-12-14,4.816926956176758,4.816926956176758,4.816926956176758,4.816926956176758,10500
1990-12-17,4.879000663757324,4.953489150302427,4.879000663757324,4.879000663757324,21000
1990-12-18,5.015562057495117,5.015562057495117,5.015562057495117,5.015562057495117,16500
1990-12-19,4.965903282165527,4.990732418524056,4.94107343542887,4.990732418524056,14250
1990-12-20,4.8417558670043945,4.866585005402717,4.8417558670043945,4.866585005402717,4500
1990-12-21,4.864105701446533,4.864105701446533,4.864105701446533,4.864105701446533,0
1990-12-24,4.864105701446533,4.864105701446533,4.864105701446533,4.864105701446533,0
1990-12-26,4.864105701446533,4.864105701446533,4.864105701446533,4.864105701446533,0
1990-12-27,4.639608860015869,4.639608860015869,4.589720638746284,4.639608860015869,18000
1990-12-28,4.689498424530029,4.689498424530029,4.639609835937888,4.639609835937888,27000
1990-12-31,4.689498424530029,4.689498424530029,4.689498424530029,4.689498424530029,0
1991-01-02,4.689498424530029,4.689498424530029,4.689498424530029,4.689498424530029,0
1991-01-03,4.701969146728516,4.701969146728516,4.701969146728516,4.701969146728516,7500
1991-01-04,4.689498424530029,4.689498424530029,4.689498424530029,4.689498424530029,15000
1991-01-07,4.677024841308594,4.677024841308594,4.677024841308594,4.677024841308594,1500
1991-01-08,4.50241756439209,4.5897217951971525,4.50241756439209,4.5897217951971525,100500
1991-01-09,4.489943027496338,4.764328529886521,4.4649992801829885,4.502415257981625,65250
1991-01-10,4.477471351623535,4.539832154945823,4.477471351623535,4.489943583653724,15750
1991-01-11,4.514889240264893,4.589721950383446,4.514889240264893,4.514889240264893,5250
1991-01-14,4.514889240264893,4.514889240264893,4.514889240264893,4.514889240264893,0
1991-01-15,4.514889240264893,4.514889240264893,4.514889240264893,4.514889240264893,0
1991-01-16,4.440054893493652,4.440054893493652,4.4151111437583745,4.440054893493652,18000
1991-01-17,4.8765788078308105,4.8765788078308105,4.751857888581544,4.751857888581544,16500
1991-01-18,4.864105701446533,4.864105701446533,4.789273377405397,4.864105701446533,36750
1991-01-21,4.714441776275635,4.714441776275635,4.689497664436999,4.714441776275635,39000
1991-01-22,4.664553642272949,4.689498113328058,4.664553642272949,4.689498113328058,11250
1991-01-23,4.677024841308594,4.677024841308594,4.664552608545055,4.664552608545055,116250
1991-01-24,4.76432991027832,4.76432991027832,4.689497576170912,4.689497576170912,135750
1991-01-25,4.789275169372559,4.789275169372559,4.789275169372559,4.789275169372559,750
1991-01-28,4.789275169372559,4.789275169372559,4.789275169372559,4.789275169372559,0
1991-01-29,4.814218521118164,4.814218521118164,4.814218521118164,4.814218521118164,2250
1991-01-30,4.864105701446533,4.864105701446533,4.814217128590442,4.814217128590442,106500
1991-01-31,4.814218521118164,4.839163350004581,4.78927476271806,4.839163350004581,317250
1991-02-01,4.889049530029297,4.889049530029297,4.889049530029297,4.889049530029297,3750
1991-02-04,4.951411247253418,4.963883125337954,4.889050429515783,4.889050429515783,135750
1991-02-05,5.188381671905518,5.188381671905518,5.11354931085075,5.11354931085075,27000
1991-02-06,5.113547325134277,5.113547325134277,5.101075805044748,5.113547325134277,45750
1991-02-07,5.088602542877197,5.113546291672467,5.026242457231755,5.113546291672467,206250
1991-02-08,5.076131820678711,5.076131820678711,5.076131820678711,5.076131820678711,6000
1991-02-11,5.163436412811279,5.163436412811279,5.113547829729312,5.113547829729312,86250
1991-02-12,5.113547325134277,5.13849179262816,5.088603571297807,5.13849179262816,158250
1991-02-13,5.350518226623535,5.350518226623535,5.250741759442071,5.250741759442071,349500
1991-02-14,5.375461101531982,5.412877448978906,5.375461101531982,5.375461101531982,93750
1991-02-15,5.67479133605957,5.67479133605957,5.387933835168316,5.387933835168316,96750
1991-02-19,5.5126543045043945,5.5126543045043945,5.450293486998015,5.5126543045043945,186000
1991-02-20,5.313100814819336,5.350517160974664,5.313100814819336,5.350517160974664,5250
1991-02-21,5.3380446434021,5.3380446434021,5.325572766564582,5.325572766564582,59250
1991-02-22,5.2881574630737305,5.362989804262067,5.2881574630737305,5.338045333703872,6750
1991-02-25,5.562541961669922,5.612430542409568,5.562541961669922,5.562541961669922,14250
1991-02-26,5.587486743927002,5.587486743927002,5.550070397869779,5.562541918507651,71250
1991-02-27,5.787039279937744,5.787039279937744,5.787039279937744,5.787039279937744,7500
1991-02-28,5.8244547843933105,5.861871127328281,5.799511031541585,5.799511031541585,54000
1991-03-01,5.637373447418213,5.637373447418213,5.599957463541728,5.637373447418213,141750
1991-03-04,5.7246809005737305,5.7246809005737305,5.7246809005737305,5.7246809005737305,8250
1991-03-05,5.774567604064941,5.774567604064941,5.774567604064941,5.774567604064941,37500
1991-03-06,5.911758899688721,5.936702649148813,5.899286668130031,5.899286668130031,67500
1991-03-07,5.811984539031982,5.836928654181217,5.811984539031982,5.836928654181217,129750
1991-03-08,5.861871242523193,5.874343476022847,5.861871242523193,5.861871242523193,90000
1991-03-11,5.762094974517822,5.774567565219949,5.762094974517822,5.774567565219949,21750
1991-03-12,5.762094974517822,5.762094974517822,5.762094974517822,5.762094974517822,36750
1991-03-13,5.7371506690979,5.7371506690979,5.712206203748186,5.7371506690979,80250
1991-03-14,5.762094974517822,5.762094974517822,5.749622740644404,5.749622740644404,41250
1991-03-15,5.861871242523193,5.949175806534668,5.861871242523193,5.861871242523193,92250
1991-03-18,5.886816024780273,5.899287902119136,5.824455210771086,5.861871556445111,77250
1991-03-19,5.861871242523193,5.861871242523193,5.687262471328943,5.861871242523193,99000
1991-03-20,5.662319183349609,5.662319183349609,5.662319183349609,5.662319183349609,7500
1991-03-21,5.774567604064941,5.8119835922794705,5.749622779321595,5.749622779321595,191250
1991-03-22,5.67479133605957,5.67479133605957,5.649847577890349,5.67479133605957,66000
1991-03-25,5.649847030639648,5.737151603090571,5.649847030639648,5.674790786392789,60750
1991-03-26,5.624902248382568,5.624902248382568,5.575013672329595,5.624902248382568,90000
1991-03-27,5.612430572509766,5.649846919057987,5.612430572509766,5.624902806968748,60750
1991-03-28,5.550070285797119,5.575014040226617,5.512653940495445,5.575014040226617,83250
1991-04-01,5.487709045410156,5.487709045410156,5.487709045410156,5.487709045410156,19500
1991-04-02,5.687262058258057,5.7122061666169515,5.587485981651151,5.587485981651151,34500
1991-04-03,5.762094974517822,5.762094974517822,5.687262641763443,5.687262641763443,9000
1991-04-04,5.874345302581787,5.874345302581787,5.8369293041061585,5.8369293041061585,27750
1991-04-05,5.7995123863220215,5.836928737997544,5.7995123863220215,5.836928737997544,4500
1991-04-08,5.7995123863220215,5.7995123863220215,5.7995123863220215,5.7995123863220215,0
1991-04-09,5.662319183349609,5.687262938741542,5.662319183349609,5.687262938741542,2250
1991-04-10,5.662319183349609,5.662319183349609,5.662319183349609,5.662319183349609,0
1991-04-11,5.712207317352295,5.712207317352295,5.712207317352295,5.712207317352295,3750
1991-04-12,5.774567604064941,5.787039124364836,5.762095013278913,5.762095013278913,96000
1991-04-15,5.861871242523193,5.861871242523193,5.787038912011371,5.787038912011371,9000
1991-04-16,5.861871242523193,5.861871242523193,5.861871242523193,5.861871242523193,750
1991-04-17,5.936703681945801,5.936703681945801,5.924232161874751,5.924232161874751,9000
1991-04-18,5.811984539031982,5.911760999628921,5.811984539031982,5.911760999628921,105000
1991-04-19,5.787039279937744,5.86187161520723,5.787039279937744,5.811983748522961,24000
1991-04-22,5.662319183349609,5.737151520011591,5.662319183349609,5.737151520011591,18750
1991-04-23,5.7246809005737305,5.737153138617179,5.7246809005737305,5.7246809005737305,92250
1991-04-24,5.7995123863220215,5.7995123863220215,5.7995123863220215,5.7995123863220215,3000
1991-04-25,5.67479133605957,5.724679922884316,5.67479133605957,5.724679922884316,19500
1991-04-26,5.67479133605957,5.67479133605957,5.67479133605957,5.67479133605957,0
1991-04-29,5.836928367614746,5.836928367614746,5.787039782936809,5.787039782936809,38250
1991-04-30,5.836928367614746,5.836928367614746,5.749623433635543,5.836928367614746,84000
1991-05-01,5.811984539031982,5.811984539031982,5.7496237159157415,5.811984539031982,42750
1991-05-02,5.811984539031982,5.811984539031982,5.799512303042981,5.811984539031982,51750
1991-05-03,5.811984539031982,5.811984539031982,5.811984539031982,5.811984539031982,0
1991-05-06,5.811984539031982,5.811984539031982,5.811984539031982,5.811984539031982,0
1991-05-07,5.774567604064941,5.774567604064941,5.774567604064941,5.774567604064941,3000
1991-05-08,5.811984539031982,5.811984539031982,5.811984539031982,5.811984539031982,96750
1991-05-09,5.849398612976074,5.849398612976074,5.849398612976074,5.849398612976074,141000
1991-05-10,5.861871242523193,5.861871242523193,5.861871242523193,5.861871242523193,1500
1991-05-13,5.861871242523193,5.861871242523193,5.861871242523193,5.861871242523193,0
1991-05-14,5.687262058258057,5.687262058258057,5.687262058258057,5.687262058258057,18750
1991-05-15,5.67479133605957,5.67479133605957,5.67479133605957,5.67479133605957,8250
1991-05-16,5.662319183349609,5.662319183349609,5.587486846687628,5.662319183349609,31500
1991-05-17,5.562541961669922,5.562541961669922,5.562541961669922,5.562541961669922,15000
1991-05-20,5.350518226623535,5.362990463435615,5.300629636204009,5.362990463435615,24000
1991-05-21,5.325572967529297,5.325572967529297,5.313100733392425,5.325572967529297,27750
1991-05-22,5.400406837463379,5.400406837463379,5.387934243775344,5.387934243775344,15750
1991-05-23,5.400406837463379,5.400406837463379,5.400406837463379,5.400406837463379,16500
1991-05-24,5.387932300567627,5.387932300567627,5.387932300567627,5.387932300567627,3750
1991-05-28,5.300627708435059,5.300627708435059,5.275683957540202,5.300627708435059,72750
1991-05-29,5.3380446434021,5.3380446434021,5.3380446434021,5.3380446434021,5250
1991-05-30,5.400406837463379,5.400406837463379,5.362990483714452,5.362990483714452,44250
1991-05-31,5.42534875869751,5.47523733239682,5.42534875869751,5.42534875869751,70500
1991-06-03,5.500181674957275,5.500181674957275,5.462765686698564,5.462765686698564,28500
1991-06-04,5.525125026702881,5.525125026702881,5.487708686757935,5.500180919015805,25500
1991-06-05,5.437821865081787,5.487709733139761,5.437821865081787,5.487709733139761,8250
1991-06-06,5.437821865081787,5.437821865081787,5.437821865081787,5.437821865081787,0
1991-06-07,5.313100814819336,5.387933150301269,5.313100814819336,5.387933150301269,63000
1991-06-10,5.20085334777832,5.238269702671784,5.150965112472906,5.238269702671784,12000
1991-06-11,5.20085334777832,5.20085334777832,5.20085334777832,5.20085334777832,3000
1991-06-12,5.2756853103637695,5.2756853103637695,5.238268960769627,5.238268960769627,95250
1991-06-13,5.2756853103637695,5.2756853103637695,5.2756853103637695,5.2756853103637695,0
1991-06-14,5.5126543045043945,5.5126543045043945,5.4752383135608,5.4752383135608,18000
1991-06-17,5.387932300567627,5.387932300567627,5.387932300567627,5.387932300567627,3750
1991-06-18,5.250738620758057,5.250738620758057,5.250738620758057,5.250738620758057,11250
1991-06-19,5.2382683753967285,5.2382683753967285,5.163436041399661,5.2382683753967285,51000
1991-06-20,5.2382683753967285,5.2382683753967285,5.2382683753967285,5.2382683753967285,5250
1991-06-21,5.349313735961914,5.349313735961914,5.349313735961914,5.349313735961914,750
1991-06-24,5.198984146118164,5.261622267499153,5.198984146118164,5.261622267499153,74250
1991-06-25,5.462063312530518,5.462063312530518,5.424480524289058,5.424480524289058,51000
1991-06-26,5.38689661026001,5.38689661026001,5.361840943775639,5.38689661026001,32250
1991-06-27,5.487119674682617,5.487119674682617,5.424481562814867,5.424481562814867,271500
1991-06-28,5.437008857727051,5.44953669555399,5.424481736739171,5.44953669555399,130500
1991-07-01,5.6249237060546875,5.6249237060546875,5.6249237060546875,5.6249237060546875,3750
1991-07-02,5.5748114585876465,5.5748114585876465,5.549755792738652,5.5748114585876465,41250
1991-07-03,5.449534893035889,5.4620627267190525,5.437007059352725,5.4620627267190525,158250
1991-07-05,5.537229537963867,5.537229537963867,5.537229537963867,5.537229537963867,17250
1991-07-08,5.512172222137451,5.512172222137451,5.4620619696089365,5.512172222137451,55500
1991-07-09,5.612394332885742,5.612394332885742,5.549755529652042,5.549755529652042,80250
1991-07-10,5.800310134887695,5.800310134887695,5.7501991568486845,5.7501991568486845,28500
1991-07-11,5.712616443634033,5.7376717553329035,5.712616443634033,5.7376717553329035,15000
1991-07-12,5.712616443634033,5.712616443634033,5.712616443634033,5.712616443634033,0
1991-07-15,5.800310134887695,5.800310134887695,5.800310134887695,5.800310134887695,2250
1991-07-16,5.787782192230225,5.812837503121734,5.787782192230225,5.800310385305138,14250
1991-07-17,5.725143909454346,5.725143909454346,5.712616075203159,5.725143909454346,9000
1991-07-18,5.68756103515625,5.737671296124013,5.68756103515625,5.725143820486928,78000
1991-07-19,5.712616443634033,5.712616443634033,5.700088608574873,5.700088608574873,19500
1991-07-22,5.6249237060546875,5.6249237060546875,5.6249237060546875,5.6249237060546875,15750
1991-07-23,5.662505626678467,5.662505626678467,5.599867524817334,5.62492283724568,8250
1991-07-24,5.700088024139404,5.712615857914074,5.66250488123481,5.66250488123481,19500
1991-07-25,5.649977207183838,5.675032513843188,5.649977207183838,5.675032513843188,21000
1991-07-26,5.712616443634033,5.712616443634033,5.637450508537425,5.649978343596585,20250
1991-07-29,5.712616443634033,5.712616443634033,5.649978343596585,5.712616443634033,7500
1991-07-30,5.712616443634033,5.7501995903920635,5.687561490354614,5.712616443634033,42000
1991-07-31,5.762725830078125,5.762725830078125,5.737670166896302,5.737670166896302,4500
1991-08-01,5.712616443634033,5.725144278693193,5.662505461816844,5.725144278693193,11250
1991-08-02,5.737672805786133,5.737672805786133,5.687562531633655,5.712617489500136,24750
1991-08-05,5.737672805786133,5.737672805786133,5.700089652147379,5.737672805786133,8250
1991-08-06,5.700088024139404,5.700088024139404,5.687560907203562,5.700088024139404,54000
1991-08-07,5.662505626678467,5.662505626678467,5.612395718660698,5.662505626678467,61500
1991-08-08,5.6249237060546875,5.6249237060546875,5.6249237060546875,5.6249237060546875,8250
1991-08-09,5.662505626678467,5.662505626678467,5.662505626678467,5.662505626678467,2250
1991-08-12,5.5247015953063965,5.574812578653061,5.5247015953063965,5.574812578653061,24750
1991-08-13,5.587339878082275,5.587339878082275,5.512173938258828,5.5247017741058055,76500
1991-08-14,5.587339878082275,5.587339878082275,5.587339878082275,5.587339878082275,3000
1991-08-15,5.3994245529174805,5.499646517352765,5.3994245529174805,5.499646517352765,79500
1991-08-16,5.336786270141602,5.3618415811851206,5.336786270141602,5.3618415811851206,48000
1991-08-19,5.173926830291748,5.173926830291748,4.986011808771036,5.173926830291748,44250
1991-08-20,5.161398410797119,5.186453718529767,5.161398410797119,5.173925885453746,32250
1991-08-21,5.437008857727051,5.437008857727051,5.374370743850944,5.374370743850944,86250
1991-08-22,5.449534893035889,5.4620627267190525,5.449534893035889,5.449534893035889,9750
1991-08-23,5.3743696212768555,5.3743696212768555,5.336786474065766,5.3743696212768555,13500
1991-08-26,5.274148464202881,5.349314401501513,5.274148464202881,5.349314401501513,6750
1991-08-27,5.311730861663818,5.311730861663818,5.311730861663818,5.311730861663818,1500
1991-08-28,5.437008857727051,5.437008857727051,5.361842906024005,5.361842906024005,37500
1991-08-29,5.4996466636657715,5.4996466636657715,5.474590634261177,5.474590634261177,16500
1991-08-30,5.4996466636657715,5.512173782319411,5.449535680114972,5.4996466636657715,36750
1991-09-03,5.4244794845581055,5.487117572427603,5.4244794845581055,5.487117572427603,38250
1991-09-04,5.562283992767334,5.599866777182466,5.487118065517657,5.487118065517657,11250
1991-09-05,5.462063312530518,5.512173577379313,5.462063312530518,5.512173577379313,41250
1991-09-06,5.512172222137451,5.512172222137451,5.4620619696089365,5.4620619696089365,195750
1991-09-09,5.5748114585876465,5.5748114585876465,5.487117703374334,5.51217265238455,18000
1991-09-10,5.537229537963867,5.562284850912609,5.537229537963867,5.562284850912609,3750
1991-09-11,5.512172222137451,5.512172222137451,5.512172222137451,5.512172222137451,15750
1991-09-12,5.662505626678467,5.662505626678467,5.562284735384547,5.562284735384547,40500
1991-09-13,5.675033092498779,5.675033092498779,5.675033092498779,5.675033092498779,21750
1991-09-16,5.762725830078125,5.762725830078125,5.68755991579071,5.68755991579071,60750
1991-09-17,5.750198841094971,5.812836932970173,5.737671007668288,5.762726674521653,31500
1991-09-18,5.737672805786133,5.787783438358128,5.737672805786133,5.75020064313889,7500
1991-09-19,5.762725830078125,5.762725830078125,5.762725830078125,5.762725830078125,11250
1991-09-20,5.750198841094971,5.762726674521653,5.750198841094971,5.762726674521653,5250
1991-09-23,5.68756103515625,5.750199130180521,5.68756103515625,5.750199130180521,3000
1991-09-24,5.762725830078125,5.762725830078125,5.71261486213383,5.71261486213383,114750
1991-09-25,5.787782192230225,5.787782192230225,5.77525435757475,5.77525435757475,35250
1991-09-26,5.775254726409912,5.837893545268256,5.762727607793275,5.787782561865473,44250
1991-09-27,5.762725830078125,5.762725830078125,5.71261486213383,5.762725830078125,3000
1991-09-30,5.712616443634033,5.7376717553329035,5.712616443634033,5.7376717553329035,24750
1991-10-01,5.750198841094971,5.750198841094971,5.737671007668288,5.737671007668288,22500
1991-10-02,5.988224506378174,6.025807646340474,5.988224506378174,5.988224506378174,20250
1991-10-03,6.0258073806762695,6.0258073806762695,5.988224242370926,5.988224242370926,11250
1991-10-04,6.01328182220459,6.01328182220459,5.975698667448,6.01328182220459,6750
1991-10-07,5.938114166259766,6.000752261644452,5.938114166259766,6.000752261644452,39000
1991-10-08,5.938114166259766,5.938114166259766,5.862948236746488,5.938114166259766,9000
1991-10-09,5.938114166259766,5.938114166259766,5.925586332131174,5.938114166259766,2250
1991-10-10,5.963169574737549,5.963169574737549,5.963169574737549,5.963169574737549,1500
1991-10-11,5.963169574737549,5.963169574737549,5.963169574737549,5.963169574737549,0
1991-10-14,5.925588130950928,5.925588130950928,5.925588130950928,5.925588130950928,2250
1991-10-15,5.9005327224731445,5.9005327224731445,5.9005327224731445,5.9005327224731445,6750
1991-10-16,5.888004779815674,5.888004779815674,5.837894505013724,5.888004779815674,18000
1991-10-17,5.888004779815674,5.888004779815674,5.888004779815674,5.888004779815674,50250
1991-10-18,5.963169574737549,5.963169574737549,5.950642456487639,5.950642456487639,68250
1991-10-21,5.888004779815674,5.900532617330802,5.862949821624459,5.900532617330802,25500
1991-10-22,5.787782192230225,5.837893172432682,5.787782192230225,5.837893172432682,9000
1991-10-23,5.68756103515625,5.775254081454691,5.68756103515625,5.775254081454691,207000
1991-10-24,5.725143909454346,5.750199219537292,5.725143909454346,5.725143909454346,26250
1991-10-25,5.587339878082275,5.612395908195705,5.587339878082275,5.612395908195705,27750
1991-10-28,5.537229537963867,5.537229537963867,5.487118912066384,5.537229537963867,37500
1991-10-29,5.512172222137451,5.562283191504688,5.512172222137451,5.537227886030751,5250
1991-10-30,5.487119674682617,5.562285623975629,5.487119674682617,5.512174632694102,9750
1991-10-31,5.599864959716797,5.599864959716797,5.599864959716797,5.599864959716797,3000
1991-11-01,5.68756103515625,5.68756103515625,5.624922223293136,5.624922223293136,39750
1991-11-04,5.725143909454346,5.725143909454346,5.649977979205507,5.68756112353964,74250
1991-11-05,5.68756103515625,5.7126159864304205,5.68756103515625,5.7126159864304205,21000
1991-11-06,5.675033092498779,5.71261587711025,5.649977783284661,5.687560926315546,32250
1991-11-07,5.700088024139404,5.700088024139404,5.624922096749629,5.675033073428893,3750
1991-11-08,5.512172222137451,5.524700054084101,5.487117275082874,5.524700054084101,48000
1991-11-11,5.587339878082275,5.587339878082275,5.537229609952783,5.587339878082275,53250
1991-11-12,5.68756103515625,5.68756103515625,5.675033201099743,5.675033201099743,15000
1991-11-13,5.649977207183838,5.662504322884445,5.637449374644474,5.662504322884445,9750
1991-11-14,5.5247015953063965,5.58733969725567,5.5247015953063965,5.58733969725567,48000
1991-11-15,5.361841678619385,5.462063283034105,5.361841678619385,5.462063283034105,54750
1991-11-18,5.4244794845581055,5.4244794845581055,5.349313205643698,5.349313205643698,20250
1991-11-19,5.2365641593933105,5.336785021703196,5.2365641593933105,5.311730074940242,29250
1991-11-20,5.411950588226318,5.411950588226318,5.336784677526935,5.411950588226318,32250
1991-11-21,5.286674976348877,5.36184126344455,5.286674976348877,5.36184126344455,6000
1991-11-22,5.224038124084473,5.2866762336687385,5.224038124084473,5.2365663194725345,77250
1991-11-25,5.286674976348877,5.311731002746468,5.286674976348877,5.311731002746468,5250
1991-11-26,5.224038124084473,5.2866762336687385,5.224038124084473,5.2866762336687385,32250
1991-11-27,5.186454772949219,5.211509727356209,5.186454772949219,5.211509727356209,5250
1991-11-29,5.086232662200928,5.086232662200928,5.086232662200928,5.086232662200928,36750
1991-12-02,5.161398410797119,5.161398410797119,5.06117682144713,5.06117682144713,39750
1991-12-03,5.261619567871094,5.349313322914116,5.261619567871094,5.311730541052384,45000
1991-12-04,5.411950588226318,5.474588667932805,5.411950588226318,5.474588667932805,58500
1991-12-05,5.474590301513672,5.474590301513672,5.39942436838528,5.474590301513672,28500
1991-12-06,5.411950588226318,5.474588667932805,5.399422757233421,5.462061553778575,18750
1991-12-09,5.3994245529174805,5.474590488614764,5.3994245529174805,5.3994245529174805,14250
1991-12-10,5.361841678619385,5.361841678619385,5.361841678619385,5.361841678619385,2250
1991-12-11,5.286674976348877,5.286674976348877,5.286674976348877,5.286674976348877,1500
1991-12-12,5.286674976348877,5.286674976348877,5.286674976348877,5.286674976348877,0
1991-12-13,5.487119674682617,5.487119674682617,5.487119674682617,5.487119674682617,10500
1991-12-16,5.537229537963867,5.537229537963867,5.487118912066384,5.537229537963867,5250
1991-12-17,5.54975700378418,5.612395823656066,5.537229526545376,5.537229526545376,40500
1991-12-18,5.437008857727051,5.524702647257036,5.437008857727051,5.524702647257036,25500
1991-12-19,5.449534893035889,5.449534893035889,5.449534893035889,5.449534893035889,750
1991-12-20,5.38689661026001,5.38689661026001,5.38689661026001,5.38689661026001,1500
1991-12-23,5.511111259460449,5.511111259460449,5.48594639252136,5.48594639252136,12750
1991-12-24,5.4356160163879395,5.4356160163879395,5.410451510742281,5.410451510742281,39750
1991-12-26,5.586604595184326,5.586604595184326,5.536274512716803,5.574021984570803,16500
1991-12-27,5.636934280395508,5.636934280395508,5.5866042014749375,5.5866042014749375,85500
1991-12-30,5.687264442443848,5.687264442443848,5.61176984860361,5.649517325517039,16500
1991-12-31,5.725012302398682,5.725012302398682,5.649517703507354,5.712430409230092,23250
1992-01-02,5.762759685516357,5.762759685516357,5.687264727900243,5.687264727900243,9000
1992-01-03,5.838253498077393,5.838253498077393,5.737594048107073,5.787924133078821,171750
1992-01-06,5.938913822174072,5.938913822174072,5.863419228160663,5.9137485975163155,61500
1992-01-07,5.787923336029053,5.8130878350696635,5.787923336029053,5.8130878350696635,51750
1992-01-08,5.69984769821167,5.737594817015826,5.69984769821167,5.69984769821167,212250
1992-01-09,5.586604595184326,5.71242926137328,5.586604595184326,5.71242926137328,50250
1992-01-10,5.4356160163879395,5.511110973271449,5.4356160163879395,5.460780882020231,5250
1992-01-13,5.423033714294434,5.435616327824825,5.385286593676569,5.435616327824825,22500
1992-01-14,5.586604595184326,5.586604595184326,5.511110011462897,5.586604595184326,106500
1992-01-15,5.548858165740967,5.586605644686223,5.485946180814391,5.561440778718265,60750
1992-01-16,5.498528003692627,5.561440707790118,5.498528003692627,5.561440707790118,4500
1992-01-17,5.6746826171875,5.6746826171875,5.49852784283836,5.5614405450954,23250
1992-01-20,5.687264442443848,5.712430027030498,5.687264442443848,5.687264442443848,17250
1992-01-21,5.687264442443848,5.712430027030498,5.636935433190262,5.636935433190262,71250
1992-01-22,5.75017786026001,5.75017786026001,5.75017786026001,5.75017786026001,3750
1992-01-23,5.787923336029053,5.8130878350696635,5.787923336029053,5.8130878350696635,87000
1992-01-24,5.687264442443848,5.737594531657291,5.67468255011707,5.737594531657291,14250
1992-01-27,5.6746826171875,5.7124300945470745,5.662100004738767,5.7124300945470745,14250
1992-01-28,5.737593650817871,5.737593650817871,5.737593650817871,5.737593650817871,750
1992-01-29,5.737593650817871,5.737593650817871,5.737593650817871,5.737593650817871,0
1992-01-30,5.75017786026001,5.825672823491313,5.75017786026001,5.825672823491313,2250
1992-01-31,5.888584613800049,5.888584613800049,5.888584613800049,5.888584613800049,1500
1992-02-03,5.787923336029053,5.825670804563047,5.7753407265222085,5.7753407265222085,71250
1992-02-04,5.800507068634033,5.800507068634033,5.7375950810695775,5.7375950810695775,32250
1992-02-05,5.813088893890381,5.813088893890381,5.813088893890381,5.813088893890381,750
1992-02-06,5.813088893890381,5.87600087292404,5.8005062820916855,5.8005062820916855,3000
1992-02-07,5.75017786026001,5.825672823491313,5.75017786026001,5.825672823491313,45000
1992-02-10,5.6746826171875,5.6746826171875,5.61176991493046,5.61176991493046,1500
1992-02-11,5.586604595184326,5.586604595184326,5.586604595184326,5.586604595184326,5250
1992-02-12,5.586604595184326,5.586604595184326,5.511110011462897,5.586604595184326,22500
1992-02-13,5.511111259460449,5.511111259460449,5.448199272106051,5.511111259460449,11250
1992-02-14,5.360121250152588,5.410451339813763,5.360121250152588,5.410451339813763,9000
1992-02-18,5.3223748207092285,5.372704556887975,5.3223748207092285,5.372704556887975,22500
1992-02-19,5.385286331176758,5.385286331176758,5.334956959468405,5.334956959468405,29250
1992-02-20,5.360121250152588,5.3852861149898645,5.360121250152588,5.3852861149898645,44250
1992-02-21,5.397869110107422,5.397869110107422,5.397869110107422,5.397869110107422,28500
1992-02-24,5.360121250152588,5.360121250152588,5.284626655640759,5.2972092680527085,16500
1992-02-25,5.3223748207092285,5.3223748207092285,5.246879856454439,5.3223748207092285,15750
1992-02-26,5.3223748207092285,5.3223748207092285,5.3223748207092285,5.3223748207092285,0
1992-02-27,5.28462553024292,5.3475374989452575,5.28462553024292,5.3475374989452575,7500
1992-02-28,5.334956645965576,5.334956645965576,5.27204394506388,5.27204394506388,3000
1992-03-02,5.309791564941406,5.309791564941406,5.309791564941406,5.309791564941406,1500
1992-03-03,5.209131717681885,5.209131717681885,5.133637128147544,5.209131717681885,17250
1992-03-04,5.171385288238525,5.171385288238525,5.1084732975698355,5.171385288238525,28500
1992-03-05,5.058143138885498,5.121055128780956,5.058143138885498,5.083308006841015,22500
1992-03-06,5.10847282409668,5.121054717082939,5.058142732245177,5.121054717082939,38250
1992-03-09,5.08330774307251,5.08330774307251,5.020395756441501,5.08330774307251,21000
1992-03-10,5.03297758102417,5.03297758102417,4.982647495625459,5.03297758102417,33000
1992-03-11,4.806494235992432,4.831659102778641,4.781329009219572,4.831659102778641,52500
1992-03-12,4.844241619110107,4.8819890985264704,4.819076392841436,4.819076392841436,56250
1992-03-13,4.970066070556641,4.970066070556641,4.907154078768674,4.907154078768674,6000
1992-03-16,4.907153606414795,4.907153606414795,4.907153606414795,4.907153606414795,2250
1992-03-17,4.907153606414795,4.907153606414795,4.8190763944057835,4.831659007544204,410250
1992-03-18,4.881989479064941,4.932318495578729,4.881989479064941,4.907153987321835,266250
1992-03-19,4.944901466369629,4.944901466369629,4.907153984036221,4.907153984036221,96000
1992-03-20,4.944901466369629,4.944901466369629,4.944901466369629,4.944901466369629,4500
1992-03-23,4.932317733764648,4.932317733764648,4.869405752866052,4.932317733764648,5250
1992-03-24,4.856822967529297,4.856822967529297,4.8064936005968315,4.831658464056366,180000
1992-03-25,4.970066070556641,4.970066070556641,4.894571464419074,4.970066070556641,18000
1992-03-26,4.856822967529297,4.932317557907899,4.856822967529297,4.932317557907899,3750
1992-03-27,4.844241619110107,4.8819890985264704,4.831659005975771,4.8819890985264704,10500
1992-03-30,4.907153606414795,4.907153606414795,4.869406126986178,4.907153606414795,12000
1992-03-31,4.932317733764648,4.932317733764648,4.869405752866052,4.869405752866052,8250
1992-04-01,4.806494235992432,4.806494235992432,4.806494235992432,4.806494235992432,43500
1992-04-02,4.83165979385376,4.83165979385376,4.756165182697094,4.83165979385376,12750
1992-04-03,4.881989479064941,4.881989479064941,4.831659382591141,4.831659382591141,1500
1992-04-06,4.982648849487305,4.982648849487305,4.907154240856087,4.982648849487305,9750
1992-04-07,4.793912410736084,4.869407023506198,4.793912410736084,4.793912410736084,40500
1992-04-08,4.83165979385376,4.83165979385376,4.768747797883223,4.83165979385376,21000
1992-04-09,5.007814407348633,5.007814407348633,4.856824809346184,4.881990402322281,239250
1992-04-10,5.020394802093506,5.045559303972964,5.020394802093506,5.032977413019815,43500
1992-04-13,4.919734954833984,4.957482424558837,4.894569735026383,4.894569735026383,339000
1992-04-14,5.03297758102417,5.03297758102417,4.970064884279133,4.982647495625459,31500
1992-04-15,5.133637428283691,5.133637428283691,5.0833073389983365,5.0833073389983365,369000
1992-04-16,5.08330774307251,5.108472969708891,5.08330774307251,5.08330774307251,123000
1992-04-20,5.095890045166016,5.095890045166016,5.0078128372778234,5.095890045166016,59250
1992-04-21,5.08330774307251,5.08330774307251,5.032978369759691,5.032978369759691,81750
1992-04-22,5.08330774307251,5.08330774307251,5.08330774307251,5.08330774307251,13500
1992-04-23,5.158802032470703,5.158802032470703,5.108472662187627,5.158802032470703,12750
1992-04-24,5.221714973449707,5.221714973449707,5.158802267763195,5.158802267763195,6000
1992-04-27,5.272044658660889,5.272044658660889,5.209132669216979,5.272044658660889,22500
1992-04-28,5.28462553024292,5.297208139975314,5.234295451299886,5.28462553024292,42750
1992-04-29,5.2972092628479,5.2972092628479,5.259462145622386,5.2972092628479,99000
1992-04-30,5.246878623962402,5.2846260972229135,5.234296012880036,5.2846260972229135,30750
1992-05-01,5.360121250152588,5.397868727401813,5.2972092680527085,5.347538637740638,102000
1992-05-04,5.372704029083252,5.385286281898546,5.322374297848806,5.322374297848806,93750
1992-05-05,5.372704029083252,5.372704029083252,5.322374297848806,5.322374297848806,16500
1992-05-06,5.498528003692627,5.498528003692627,5.372704035444179,5.460780885215419,249000
1992-05-07,5.5362749099731445,5.5362749099731445,5.48594554386737,5.5362749099731445,109500
1992-05-08,5.5362749099731445,5.5362749099731445,5.48594554386737,5.5362749099731445,23250
1992-05-11,5.485944747924805,5.485944747924805,5.435614669148107,5.473362138233994,398250
1992-05-12,5.4356160163879395,5.511110973271449,5.423033403578477,5.423033403578477,29250
1992-05-13,5.511111259460449,5.536275766412887,5.511111259460449,5.536275766412887,59250
1992-05-14,5.498528003692627,5.498528003692627,5.448198992371863,5.48594611084907,18750
1992-05-15,5.334956645965576,5.397868626894041,5.334956645965576,5.397868626894041,4500
1992-05-18,5.485944747924805,5.485944747924805,5.485944747924805,5.485944747924805,8250
1992-05-19,5.511111259460449,5.511111259460449,5.4356162986565275,5.4356162986565275,23250
1992-05-20,5.511111259460449,5.511111259460449,5.511111259460449,5.511111259460449,2250
1992-05-21,5.511111259460449,5.511111259460449,5.511111259460449,5.511111259460449,8250
1992-05-22,5.498528003692627,5.561440707790118,5.48594611084907,5.536275482156468,59250
1992-05-26,5.523693561553955,5.586605545362019,5.523693561553955,5.586605545362019,42750
1992-05-27,5.485944747924805,5.4985266376425255,5.485944747924805,5.4985266376425255,26250
1992-05-28,5.498528003692627,5.498528003692627,5.460780885215419,5.498528003692627,18750
1992-05-29,5.523693561553955,5.574022932608427,5.523693561553955,5.536275454334283,6750
1992-06-01,5.561439037322998,5.57402128637391,5.498526352122337,5.57402128637391,13500
1992-06-02,5.57402229309082,5.57402229309082,5.536274819147512,5.5488574304574785,10500
1992-06-03,5.5362749099731445,5.586604996052112,5.5362749099731445,5.586604996052112,14250
1992-06-04,5.548858165740967,5.548858165740967,5.511111046782349,5.548858165740967,19500
1992-06-05,5.586604595184326,5.586604595184326,5.536274512716803,5.536274512716803,3000
1992-06-08,5.5362749099731445,5.586604996052112,5.5362749099731445,5.586604996052112,30000
1992-06-09,5.523693561553955,5.523693561553955,5.523693561553955,5.523693561553955,7500
1992-06-10,5.5362749099731445,5.5362749099731445,5.5362749099731445,5.5362749099731445,3750
1992-06-11,5.548858165740967,5.599188257663521,5.548858165740967,5.586605644686223,3750
1992-06-12,5.511111259460449,5.536275766412887,5.4985282860109255,5.536275766412887,12750
1992-06-15,5.410451412200928,5.460780782562222,5.410451412200928,5.460780782562222,26250
1992-06-16,5.423033714294434,5.44819930134187,5.423033714294434,5.44819930134187,12000
1992-06-17,5.334956645965576,5.397868626894041,5.334956645965576,5.3475385381700065,45000
1992-06-18,5.385286331176758,5.385286331176758,5.32237434655134,5.360121465329263,103500
1992-06-19,5.410451412200928,5.410451412200928,5.36012132186638,5.3978687996206345,30750
1992-06-22,5.347538471221924,5.397868559315855,5.347538471221924,5.397868559315855,103500
1992-06-23,5.386483669281006,5.437061294931853,5.386483669281006,5.437061294931853,41250
1992-06-24,5.411772727966309,5.424417225815368,5.373839596176286,5.424417225815368,27000
1992-06-25,5.411772727966309,5.411772727966309,5.411772727966309,5.411772727966309,0
1992-06-26,5.4623494148254395,5.550860166839774,5.4623494148254395,5.550860166839774,220500
1992-06-29,5.525570869445801,5.525570869445801,5.525570869445801,5.525570869445801,21000
1992-06-30,5.4623494148254395,5.563503939829621,5.4623494148254395,5.525570812074495,160500
1992-07-01,5.563504219055176,5.5761487161938685,5.512927315771808,5.512927315771808,59250
1992-07-02,5.639370441436768,5.689948071147615,5.639370441436768,5.639370441436768,27000
1992-07-06,5.601436614990234,5.614081110472644,5.55085971833186,5.614081110472644,101250
1992-07-07,5.487638473510742,5.563504373173102,5.487638473510742,5.563504373173102,42000
1992-07-08,5.4623494148254395,5.4623494148254395,5.399128017576385,5.399128017576385,3000
1992-07-09,5.449704647064209,5.474994000570719,5.386483252961977,5.462349142938915,232500
1992-07-10,5.437060832977295,5.437060832977295,5.411771841421962,5.411771841421962,151500
1992-07-13,5.4623494148254395,5.4623494148254395,5.4623494148254395,5.4623494148254395,72750
1992-07-14,5.411772727966309,5.411772727966309,5.411772727966309,5.411772727966309,80250
1992-07-15,5.4623494148254395,5.4623494148254395,5.4623494148254395,5.4623494148254395,8250
1992-07-16,5.437060832977295,5.462349101018436,5.399127707401393,5.449704605240769,129000
1992-07-17,5.323261737823486,5.386483130488239,5.323261737823486,5.386483130488239,10500
1992-07-20,5.209461212158203,5.27268258646855,5.209461212158203,5.27268258646855,3000
1992-07-21,5.222107410430908,5.222107410430908,5.171530508006829,5.196818778340305,23250
1992-07-22,5.070375442504883,5.12095307030233,5.070375442504883,5.12095307030233,62250
1992-07-23,5.070375442504883,5.133597567690978,5.070375442504883,5.133597567690978,66000
1992-07-24,4.981865882873535,5.108308689092868,4.931288253925792,5.019798652387905,246750
1992-07-27,4.943932056427002,4.96922068646642,4.905999292246425,4.96922068646642,54750
1992-07-28,4.93128776550293,4.93128776550293,4.905999496169478,4.905999496169478,121500
1992-07-29,4.880710124969482,4.880710124969482,4.855421855722015,4.855421855722015,148500
1992-07-30,4.855422496795654,4.855422496795654,4.81748936440182,4.8301338624521515,72750
1992-07-31,4.880710124969482,4.89335462135033,4.855421855722015,4.89335462135033,15000
1992-08-03,4.880710124969482,4.880710124969482,4.830133224717434,4.880710124969482,41250
1992-08-04,4.943932056427002,4.943932056427002,4.880709938692808,4.893354434591068,37500
1992-08-05,5.0071539878845215,5.0071539878845215,4.969221219633987,5.0071539878845215,42750
1992-08-06,4.981865882873535,4.981865882873535,4.9439327516020155,4.981865882873535,131250
1992-08-07,4.93128776550293,4.93128776550293,4.93128776550293,4.93128776550293,6000
1992-08-10,4.93128776550293,4.93128776550293,4.868066368655072,4.91864326907909,32250
1992-08-11,4.905999660491943,4.905999660491943,4.905999660491943,4.905999660491943,18750
1992-08-12,4.8933563232421875,4.8933563232421875,4.868068045199547,4.8933563232421875,34500
1992-08-13,4.93128776550293,4.93128776550293,4.905999496169478,4.905999496169478,12000
1992-08-14,4.943932056427002,5.007153450646997,4.943932056427002,5.007153450646997,9750
1992-08-17,4.994509696960449,4.994509696960449,4.994509696960449,4.994509696960449,6000
1992-08-18,4.93128776550293,4.93128776550293,4.855421872231231,4.855421872231231,66000
1992-08-19,4.981865882873535,4.981865882873535,4.931288253925792,4.931288253925792,20250
1992-08-20,5.032444000244141,5.083021279614996,5.032444000244141,5.083021279614996,19500
1992-08-21,5.285329341888428,5.310617611306105,5.234751717781727,5.310617611306105,90750
1992-08-24,5.2473955154418945,5.3232613988630675,5.2473955154418945,5.3232613988630675,36750
1992-08-25,5.285329341888428,5.285329341888428,5.234751717781727,5.234751717781727,6000
1992-08-26,5.26003885269165,5.26003885269165,5.196817469269086,5.234750588728255,52500
1992-08-27,5.361194610595703,5.386482877066175,5.335905258854011,5.361194610595703,137250
1992-08-28,5.437060832977295,5.437060832977295,5.361194943582586,5.411771841421962,24000
1992-08-31,5.373839378356934,5.437061503282474,5.373839378356934,5.437061503282474,7500
1992-09-01,5.285329341888428,5.335905880723782,5.285329341888428,5.335905880723782,66750
1992-09-02,5.297973155975342,5.310617652539472,5.285329382925449,5.310617652539472,69000
1992-09-03,5.449704647064209,5.474994000570719,5.411771882954289,5.411771882954289,477000
1992-09-04,5.47499418258667,5.48763795536752,5.449704828239416,5.449704828239416,40500
1992-09-08,5.4623494148254395,5.4623494148254395,5.42441664882743,5.42441664882743,417750
1992-09-09,5.500282287597656,5.500282287597656,5.500282287597656,5.500282287597656,2250
1992-09-10,5.500282287597656,5.500282287597656,5.500282287597656,5.500282287597656,750
1992-09-11,5.399127960205078,5.399127960205078,5.399127960205078,5.399127960205078,1500
1992-09-14,5.411772727966309,5.424417225815368,5.386484094025345,5.424417225815368,135000
1992-09-15,5.411772727966309,5.411772727966309,5.361195821841537,5.411772727966309,31500
1992-09-16,5.26003885269165,5.26003885269165,5.2221060949895195,5.26003885269165,120750
1992-09-17,5.2473955154418945,5.272683781491884,5.2473955154418945,5.272683781491884,70500
1992-09-18,5.26003885269165,5.310616465889555,5.26003885269165,5.285328201926159,51750
1992-09-21,5.26003885269165,5.310616465889555,5.26003885269165,5.310616465889555,2250
1992-09-22,5.449704647064209,5.487637772931227,5.411771882954289,5.4370608747037,153750
1992-09-23,5.411772727966309,5.474994855454449,5.411772727966309,5.437061723664427,18000
1992-09-24,5.411772727966309,5.411772727966309,5.411772727966309,5.411772727966309,5250
1992-09-25,5.348550796508789,5.424416690849648,5.348550796508789,5.386483562800659,310500
1992-09-28,5.373839378356934,5.373839378356934,5.373839378356934,5.373839378356934,750
1992-09-29,5.411772727966309,5.462349995848235,5.411772727966309,5.411772727966309,5250
1992-09-30,5.361194610595703,5.361194610595703,5.323261487375849,5.323261487375849,2250
1992-10-01,5.335906505584717,5.335906505584717,5.247396828743696,5.247396828743696,23250
1992-10-02,5.285329341888428,5.310617611306105,5.260039987199404,5.310617611306105,23250
1992-10-05,5.26003885269165,5.29797197215082,5.209461963007821,5.29797197215082,78000
1992-10-06,5.2347517013549805,5.2347517013549805,5.2347517013549805,5.2347517013549805,3000
1992-10-07,5.2347517013549805,5.2347517013549805,5.184174077406992,5.2347517013549805,12750
1992-10-08,5.158885478973389,5.171529974593048,5.146240621596639,5.158885478973389,68250
1992-10-09,5.158885478973389,5.158885478973389,5.1083078582518455,5.158885478973389,9000
1992-10-12,5.348550796508789,5.348550796508789,5.348550796508789,5.348550796508789,3000
1992-10-13,5.222107410430908,5.222107410430908,5.222107410430908,5.222107410430908,2250
1992-10-14,5.310616970062256,5.310616970062256,5.234751085698496,5.234751085698496,76500
1992-10-15,5.323261737823486,5.323261737823486,5.272684117231758,5.272684117231758,7500
1992-10-16,5.310616970062256,5.335905236426438,5.285328703698075,5.335905236426438,42000
1992-10-19,5.310616970062256,5.323261465001419,5.310616970062256,5.323261465001419,9750
1992-10-20,5.209461212158203,5.2853274401417965,5.209461212158203,5.2853274401417965,50250
1992-10-21,5.285329341888428,5.2979731148401505,5.234751717781727,5.234751717781727,45750
1992-10-22,5.2473955154418945,5.260039286709822,5.234751020659832,5.234751020659832,58500
1992-10-23,5.285329341888428,5.285329341888428,5.285329341888428,5.285329341888428,750
1992-10-26,5.196818828582764,5.196818828582764,5.196818828582764,5.196818828582764,750
1992-10-27,5.26003885269165,5.26003885269165,5.247395082466991,5.26003885269165,52500
1992-10-28,5.222107410430908,5.272684674612115,5.222107410430908,5.222107410430908,30750
1992-10-29,5.26003885269165,5.26003885269165,5.209461963007821,5.209461963007821,24750
1992-10-30,5.2473955154418945,5.272683781491884,5.2473955154418945,5.272683781491884,15000
1992-11-02,5.272684097290039,5.272684097290039,5.209462704864395,5.209462704864395,4500
1992-11-03,5.2347517013549805,5.2600399706933025,5.2347517013549805,5.2600399706933025,21750
1992-11-04,5.323261737823486,5.323261737823486,5.2853289745760526,5.2853289745760526,9750
1992-11-05,5.310616970062256,5.310616970062256,5.310616970062256,5.310616970062256,1500
1992-11-06,5.26003885269165,5.272683346430386,5.26003885269165,5.272683346430386,20250
1992-11-09,5.222107410430908,5.222107410430908,5.209463275264171,5.222107410430908,39750
1992-11-10,5.222107410430908,5.260040177688249,5.222107410430908,5.260040177688249,25500
1992-11-11,5.222107410430908,5.222107410430908,5.222107410430908,5.222107410430908,0
1992-11-12,5.2347517013549805,5.272684467119578,5.2347517013549805,5.272684467119578,1500
1992-11-13,5.196818828582764,5.196818828582764,5.196818828582764,5.196818828582764,750
1992-11-16,5.209461212158203,5.209461212158203,5.209461212158203,5.209461212158203,2250
1992-11-17,5.158885478973389,5.209462737937841,5.158885478973389,5.209462737937841,284250
1992-11-18,5.310616970062256,5.361194588061835,5.310616970062256,5.310616970062256,18000
1992-11-19,5.297973155975342,5.297973155975342,5.297973155975342,5.297973155975342,10500
1992-11-20,5.297973155975342,5.335905922153495,5.297973155975342,5.335905922153495,4500
1992-11-23,5.335906505584717,5.335906505584717,5.335906505584717,5.335906505584717,1500
1992-11-24,5.323261737823486,5.323261737823486,5.272684117231758,5.272684117231758,2250
1992-11-25,5.310616970062256,5.361194588061835,5.310616970062256,5.310616970062256,2250
1992-11-27,5.373839378356934,5.373839378356934,5.373839378356934,5.373839378356934,2250
1992-11-30,5.4623494148254395,5.4623494148254395,5.399128017576385,5.399128017576385,108750
1992-12-01,5.437060832977295,5.437060832977295,5.386483211623726,5.424416337199629,83250
1992-12-02,5.4623494148254395,5.4623494148254395,5.411772152323349,5.411772152323349,57750
1992-12-03,5.399127960205078,5.411772094817685,5.399127960205078,5.399127960205078,18000
1992-12-04,5.449704647064209,5.449704647064209,5.3991277488366824,5.3991277488366824,8250
1992-12-07,5.411772727966309,5.449705497999176,5.399128591874405,5.399128591874405,3000
1992-12-08,5.47499418258667,5.47499418258667,5.4370610554585665,5.4370610554585665,9000
1992-12-09,5.525570869445801,5.525570869445801,5.474994329932814,5.474994329932814,93750
1992-12-10,5.525570869445801,5.550860224473657,5.525570869445801,5.525570869445801,9000
1992-12-11,5.563504219055176,5.563504219055176,5.512927315771808,5.512927315771808,4500
1992-12-14,5.538215160369873,5.550859655709633,5.5129265314474365,5.550859655709633,36000
1992-12-15,5.563504219055176,5.563504219055176,5.563504219055176,5.563504219055176,4500
1992-12-16,5.538215160369873,5.576147922874986,5.538215160369873,5.538215160369873,23250
1992-12-17,5.68994665145874,5.68994665145874,5.664658385548682,5.664658385548682,9000
1992-12-18,5.68994665145874,5.68994665145874,5.639369034367427,5.68994665145874,153000
1992-12-21,5.664658546447754,5.702591308147349,5.6393691945481805,5.6393691945481805,8250
1992-12-22,5.68994665145874,5.68994665145874,5.664658385548682,5.664658385548682,14250
1992-12-23,5.666670799255371,5.717493276756066,5.666670799255371,5.666670799255371,3000
1992-12-24,5.679375171661377,5.7174919299309215,5.653964484159476,5.7174919299309215,4500
1992-12-28,5.679375171661377,5.679375171661377,5.615847725889932,5.628553069640882,18000
1992-12-29,5.666670799255371,5.666670799255371,5.603143338519259,5.603143338519259,1500
1992-12-30,5.565025806427002,5.565025806427002,5.565025806427002,5.565025806427002,750
1992-12-31,5.590437412261963,5.62855417803761,5.565026719756091,5.565026719756091,8250
1993-01-04,5.526909828186035,5.552320520113551,5.526909828186035,5.552320520113551,11250
1993-01-05,5.55232048034668,5.615848663744111,5.55232048034668,5.615848663744111,69750
1993-01-06,5.615847587585449,5.615847587585449,5.577731193762965,5.577731193762965,1500
1993-01-07,5.590437412261963,5.62855417803761,5.577732429517446,5.62855417803761,101250
1993-01-08,5.55232048034668,5.55232048034668,5.55232048034668,5.55232048034668,9750
1993-01-11,5.590437412261963,5.590437412261963,5.552320646486317,5.552320646486317,18000
1993-01-12,5.55232048034668,5.603142954362943,5.55232048034668,5.603142954362943,12000
1993-01-13,5.450676918029785,5.463382628099051,5.437971207960519,5.437971207960519,36000
1993-01-14,5.501499176025391,5.501499176025391,5.463382410841773,5.463382410841773,3000
1993-01-15,5.501499176025391,5.501499176025391,5.501499176025391,5.501499176025391,0
1993-01-18,5.463382244110107,5.463382244110107,5.463382244110107,5.463382244110107,2250
1993-01-19,5.539614677429199,5.539614677429199,5.539614677429199,5.539614677429199,9000
1993-01-20,5.526909828186035,5.565026593094131,5.501499136258518,5.501499136258518,108000
1993-01-21,5.577732086181641,5.603142777123365,5.577732086181641,5.590437068144107,84000
1993-01-22,5.539614677429199,5.603142124399837,5.539614677429199,5.603142124399837,9000
1993-01-25,5.60314416885376,5.60314416885376,5.5523216838216385,5.590438456718608,42000
1993-01-26,5.55232048034668,5.603142954362943,5.55232048034668,5.55232048034668,14250
1993-01-27,5.590437412261963,5.590437412261963,5.565026719756091,5.565026719756091,17250
1993-01-28,5.742902755737305,5.742902755737305,5.615847861134592,5.666669600870663,64500
1993-01-29,5.692081928253174,5.717492618816743,5.692081928253174,5.717492618816743,2250
1993-02-01,5.717492580413818,5.717492580413818,5.692081890020927,5.692081890020927,3000
1993-02-02,5.692081928253174,5.742903309380311,5.692081928253174,5.692081928253174,4500
1993-02-03,5.831842422485352,5.882664893079621,5.819136713959689,5.819136713959689,48750
1993-02-04,5.819136619567871,5.869958725829376,5.819136619567871,5.819136619567871,4500
1993-02-05,5.831842422485352,5.882664893079621,5.831842422485352,5.831842422485352,8250
1993-02-08,5.806432723999023,5.806432723999023,5.806432723999023,5.806432723999023,4500
1993-02-09,5.819136619567871,5.831842327887436,5.79372556643712,5.79372556643712,39750
1993-02-10,5.857253074645996,5.857253074645996,5.844548093219252,5.844548093219252,6750
1993-02-11,5.857253074645996,5.857253074645996,5.831842384775746,5.857253074645996,28500
1993-02-12,5.819136619567871,5.819136619567871,5.768314876814745,5.768314876814745,6750
1993-02-16,5.742902755737305,5.793725222490088,5.742902755737305,5.7556088268109455,34500
1993-02-17,5.793725490570068,5.793725490570068,5.7429030214656915,5.7429030214656915,17250
1993-02-18,5.781020641326904,5.806432061408759,5.781020641326904,5.806432061408759,19500
1993-02-19,5.806432723999023,5.806432723999023,5.755610605052697,5.755610605052697,15750
1993-02-22,5.730198860168457,5.768315626573144,5.730198860168457,5.742903843122645,26250
1993-02-23,5.742902755737305,5.742902755737305,5.692081379509589,5.692081379509589,38250
1993-02-24,5.717492580413818,5.74290327080671,5.692081890020927,5.74290327080671,6750
1993-02-25,5.653966426849365,5.653966426849365,5.653966426849365,5.653966426849365,23250
1993-02-26,5.679375171661377,5.730197637190219,5.679375171661377,5.730197637190219,10500
1993-03-01,5.679375171661377,5.679375171661377,5.679375171661377,5.679375171661377,0
1993-03-02,5.641258716583252,5.641258716583252,5.590436251597809,5.590436251597809,31500
1993-03-03,5.590437412261963,5.590437412261963,5.565026719756091,5.590437412261963,4500
1993-03-04,5.565025806427002,5.565025806427002,5.565025806427002,5.565025806427002,1500
1993-03-05,5.565025806427002,5.565025806427002,5.565025806427002,5.565025806427002,0
1993-03-08,5.704787731170654,5.704787731170654,5.653965979219871,5.653965979219871,84000
1993-03-09,5.742902755737305,5.819136274112302,5.742902755737305,5.7683145343762305,233250
1993-03-10,5.908076286315918,5.908076286315918,5.844548826651472,5.844548826651472,29250
1993-03-11,5.958897590637207,5.971602571158789,5.9461918830989156,5.9461918830989156,85500
1993-03-12,5.920781135559082,5.971602877796846,5.920781135559082,5.971602877796846,13500
1993-03-15,5.908076286315918,5.946193052921327,5.908076286315918,5.908076286315918,40500
1993-03-16,5.908076286315918,5.946193052921327,5.895370576277973,5.895370576277973,81000
1993-03-17,5.984309196472168,6.0224259614244104,5.984309196472168,5.997014905959053,291750
1993-03-18,6.174891948699951,6.174891948699951,6.0478359589454005,6.0478359589454005,82500
1993-03-19,6.124069690704346,6.1621864548532255,6.124069690704346,6.136775763431843,99000
1993-03-22,6.124069690704346,6.124069690704346,6.085953290063869,6.124069690704346,30750
1993-03-23,5.984309196472168,6.035131670911295,5.984309196472168,6.035131670911295,16500
1993-03-24,6.060543060302734,6.073249134760218,6.0224266544725475,6.0224266544725475,345750
1993-03-25,6.073248386383057,6.085953368749608,6.047836604107913,6.047836604107913,60750
1993-03-26,6.149481296539307,6.149481296539307,6.1113652582457005,6.124069877326741,87750
1993-03-29,6.3527703285217285,6.3527703285217285,6.301948939439532,6.301948939439532,33000
1993-03-30,6.276535511016846,6.276535511016846,6.213008060601081,6.26383089335379,167250
1993-03-31,6.251125335693359,6.2638314084347435,6.225714644244206,6.251125335693359,770250
1993-04-01,6.162186145782471,6.1748922178726815,6.1240693835453754,6.1240693835453754,55500
1993-04-02,6.225712299346924,6.276533663103503,6.225712299346924,6.251122981225214,167250
1993-04-05,6.403592586517334,6.403592586517334,6.327359774187909,6.390887238965249,160500
1993-04-06,6.301947116851807,6.327357804043874,6.276534975626369,6.327357804043874,8250
1993-04-07,6.594173908233643,6.594173908233643,6.479824357438472,6.479824357438472,447750
1993-04-08,6.759346961975098,6.759346961975098,6.695818781197245,6.733935544260599,307500
1993-04-12,6.784757614135742,6.784757614135742,6.759346923582361,6.759346923582361,12000
1993-04-13,6.899108409881592,6.962635867952207,6.899108409881592,6.937225175530695,68250
1993-04-14,6.810168266296387,6.860990368707925,6.797462922447678,6.797462922447678,45750
1993-04-15,6.9372239112854,6.9372239112854,6.8864010816707,6.8864010816707,83250
1993-04-16,6.784757614135742,6.822874376982595,6.784757614135742,6.810169031705905,27000
1993-04-19,6.810168266296387,6.835579681010506,6.772051507733559,6.772051507733559,48000
1993-04-20,6.721230983734131,6.759347751248291,6.721230983734131,6.759347751248291,48750
1993-04-21,6.644998073577881,6.683114840506121,6.644998073577881,6.657702693198148,100500
1993-04-22,6.632289886474609,6.632289886474609,6.58146778910424,6.619584543886174,36750
1993-04-23,6.644998073577881,6.670408766852135,6.644998073577881,6.657702693198148,29250
1993-04-26,6.7339348793029785,6.772051638602408,6.7339348793029785,6.772051638602408,18750
1993-04-27,6.860989093780518,6.899105845260388,6.835578410804979,6.899105845260388,126000
1993-04-28,6.924519062042236,6.924519062042236,6.899108369768468,6.911813715905352,68250
1993-04-29,6.949931621551514,6.949931621551514,6.886403426410878,6.937226273330166,48000
1993-04-30,7.0642805099487305,7.115101892570638,7.064280509948731,7.064280509948731,97500
1993-05-03,7.076984405517578,7.115101165606345,7.064279788176961,7.115101165606345,26250
1993-05-04,7.115100860595703,7.115100860595703,7.089690172970319,7.089690172970319,14250
1993-05-05,7.089693069458008,7.140515192488808,7.089693069458008,7.115103767464911,84750
1993-05-06,7.051576137542725,7.0896929107166216,7.051576137542725,7.064282213278676,27000
1993-05-07,6.77205228805542,6.835580468652516,6.733935525100519,6.784757633368126,324750
1993-05-10,6.7339348793029785,6.784756982696646,6.7339348793029785,6.746640950413931,23250
1993-05-11,6.721230983734131,6.721230983734131,6.670408869387541,6.670408869387541,24750
1993-05-12,6.505236625671387,6.568764815558431,6.505236625671387,6.505236625671387,72750
1993-05-13,6.556058406829834,6.556058406829835,6.517941644472857,6.517941644472857,84000
1993-05-14,6.492530822753906,6.530646857322153,6.492530822753906,6.530646857322153,33750
1993-05-17,6.492530822753906,6.530646857322153,6.492530822753906,6.492530822753906,14250
1993-05-18,6.42900276184082,6.42900276184082,6.39088599955976,6.42900276184082,160500
1993-05-19,6.505236625671387,6.543353394200236,6.505236625671387,6.530648047029582,81750
1993-05-20,6.543353080749512,6.543353080749512,6.505236314046596,6.543353080749512,16500
1993-05-21,6.606881618499756,6.606881618499756,6.556059502535543,6.556059502535543,68250
1993-05-24,6.556058406829834,6.606880514300213,6.556058406829835,6.556058406829835,59250
1993-05-25,6.644998073577881,6.644998073577881,6.6068813066496395,6.644998073577881,20250
1993-05-26,6.708523750305176,6.708523750305176,6.657700923234303,6.657700923234303,29250
1993-05-27,6.683115005493164,6.683115005493163,6.619586816705478,6.619586816705478,10500
1993-05-28,6.606881618499756,6.606881618499756,6.5433534282818195,6.606881618499756,20250
1993-06-01,6.543353080749512,6.581469847452427,6.530647734187491,6.530647734187491,48000
1993-06-02,6.670407295227051,6.683113366077825,6.606879849039979,6.606879849039979,129750
1993-06-03,6.848286151885986,6.848286151885986,6.784758688426884,6.784758688426884,4500
1993-06-04,6.7339348793029785,6.7339348793029785,6.695818120003549,6.7339348793029785,3750
1993-06-07,6.695818901062012,6.75934708297711,6.695818901062012,6.75934708297711,6750
1993-06-08,6.670407295227051,6.670407295227051,6.606879849039979,6.670407295227051,14250
1993-06-09,6.670407295227051,6.670407295227051,6.606879849039979,6.606879849039979,33000
1993-06-10,6.556058406829834,6.594174442170039,6.556058406829835,6.568763751943236,40500
1993-06-11,6.517939567565918,6.517939567565918,6.479822817354641,6.505233499484466,58500
1993-06-14,6.441707611083984,6.441707611083984,6.390885507626816,6.390885507626816,90000
1993-06-15,6.276535511016846,6.378180449505517,6.276535511016846,6.378180449505517,302250
1993-06-16,6.251125335693359,6.251125335693359,6.238419989968783,6.251125335693359,190500
1993-06-17,6.225712299346924,6.263829049180893,6.225712299346924,6.263829049180893,8250
1993-06-18,6.174891948699951,6.263830814370604,6.174891948699951,6.225714053795076,299250
1993-06-21,6.149481296539307,6.149481296539307,6.085953475524721,6.085953475524721,24750
1993-06-22,6.289243221282959,6.289243221282959,6.251126450296039,6.276537146276028,43500
1993-06-23,6.280969142913818,6.3320346156699046,6.280969142913818,6.3320346156699046,25500
1993-06-24,6.395865440368652,6.408631443472478,6.357566700569474,6.395865440368652,27000
1993-06-25,6.434164047241211,6.472462790597315,6.434164047241211,6.434164047241211,13500
1993-06-28,6.434164047241211,6.48522952537453,6.434164047241211,6.48522952537453,4500
1993-06-29,6.37033224105835,6.37033224105835,6.357566238881594,6.357566238881594,11250
1993-06-30,6.293735980987549,6.357566727262378,6.268203244184993,6.319267987302398,152250
1993-07-01,6.293735980987549,6.3320347209475285,6.2809692473424175,6.3320347209475285,18750
1993-07-02,6.166073322296143,6.178839324551606,6.127774585042099,6.178839324551606,58500
1993-07-06,6.229903221130371,6.229903221130371,6.178838488530126,6.229903221130371,27750
1993-07-07,6.280969142913818,6.306501148804167,6.280969142913818,6.280969142913818,27000
1993-07-08,6.217137336730957,6.217137336730957,6.178838603943509,6.217137336730957,9000
1993-07-09,6.255435466766357,6.255435466766357,6.24266873674232,6.255435466766357,26250
1993-07-12,6.3065009117126465,6.306500911712647,6.2426701688987825,6.306500911712647,31500
1993-07-13,6.4724626541137695,6.4724626541137695,6.408631903524763,6.408631903524763,129000
1993-07-14,6.485228538513184,6.485228538513184,6.446929800985023,6.446929800985023,4500
1993-07-15,6.523526668548584,6.536291939219012,6.472461202941318,6.510759936902971,149250
1993-07-16,6.485228538513184,6.485228538513184,6.485228538513184,6.485228538513184,3750
1993-07-19,6.434164047241211,6.4596967863078705,6.434164047241211,6.434164047241211,17250
1993-07-20,6.3448004722595215,6.383099215108702,6.3448004722595215,6.383099215108702,26250
1993-07-21,6.293735980987549,6.319267987302398,6.293735980987549,6.306501253657267,39750
1993-07-22,6.434164047241211,6.434164047241211,6.357567291016775,6.357567291016775,51000
1993-07-23,6.446928977966309,6.446928977966309,6.383097513405583,6.434162246761623,29250
1993-07-26,6.3831000328063965,6.3831000328063965,6.3831000328063965,6.3831000328063965,1500
1993-07-27,6.459696292877197,6.459696292877198,6.408631549132283,6.408631549132283,7500
1993-07-28,6.485228538513184,6.497993810372357,6.4341630681505295,6.497993810372357,50250
1993-07-29,6.510760307312012,6.510760307312012,6.510760307312012,6.510760307312012,3750
1993-07-30,6.612890243530273,6.612890243530273,6.561825501952011,6.561825501952011,14250
1993-08-02,6.561825752258301,6.561825752258301,6.510761008732132,6.53629301525136,64500
1993-08-03,6.510760307312012,6.561825045336851,6.510760307312012,6.510760307312012,6750
1993-08-04,6.561825752258301,6.561825752258301,6.561825752258301,6.561825752258301,750
1993-08-05,6.638423919677734,6.638423919677734,6.638423919677734,6.638423919677734,4500
1993-08-06,6.612890243530273,6.612890243530273,6.612890243530273,6.612890243530273,2250
1993-08-09,6.676723003387451,6.676723003387451,6.6256575214933155,6.676723003387451,18750
1993-08-10,6.638423919677734,6.638423919677734,6.638423919677734,6.638423919677734,1500
1993-08-11,6.804383277893066,6.804383277893066,6.689487060280333,6.689487060280333,447750
1993-08-12,6.804383277893066,6.817149280798584,6.778851272082031,6.778851272082031,86250
1993-08-13,6.753320217132568,6.766086223216392,6.753320217132568,6.766086223216392,34500
1993-08-16,6.9065141677856445,6.9065141677856445,6.89374743314435,6.89374743314435,29250
1993-08-17,6.842681884765625,6.880979892741526,6.842681884765625,6.855447887424258,9000
1993-08-18,6.8682146072387695,6.9065133456280074,6.855447874117239,6.855447874117239,117000
1993-08-19,6.727786064147949,6.88098029650372,6.72778606414795,6.88098029650372,79500
1993-08-20,6.919278144836426,6.919278144836425,6.855447405542358,6.868214137791273,120000
1993-08-23,6.855448246002197,6.919278993121746,6.855448246002197,6.919278993121746,17250
1993-08-24,6.778852462768555,6.842683218995528,6.778852462768555,6.842683218995528,18750
1993-08-25,6.804383277893066,6.804383277893066,6.766084538688822,6.804383277893066,25500
1993-08-26,6.791616916656494,6.791616916656494,6.791616916656494,6.791616916656494,3750
1993-08-27,6.8682146072387695,6.8682146072387695,6.842681871483385,6.8682146072387695,400500
1993-08-30,6.8682146072387695,6.9065133456280074,6.8682146072387695,6.8682146072387695,17250
1993-08-31,6.919278144836426,6.970343612856831,6.919278144836425,6.944810878846628,125250
1993-09-01,6.880982398986816,6.893749136783129,6.868217122166392,6.868217122166392,68250
1993-09-02,6.944810390472412,6.9703431226870975,6.944810390472412,6.9703431226870975,12750
1993-09-03,7.008641242980957,7.046939976702387,6.983109240825062,6.983109240825062,174000
1993-09-07,6.8682146072387695,6.919278617774184,6.8682146072387695,6.893746612506477,30750
1993-09-08,6.855448246002197,6.855448246002197,6.817149505535382,6.855448246002197,13500
1993-09-09,6.778852462768555,6.778852462768555,6.715021706541581,6.740553716837242,44250
1993-09-10,6.778852462768555,6.778852462768555,6.727786981201591,6.727786981201591,22500
1993-09-13,6.919278144836426,6.919278144836425,6.868214137791273,6.919278144836425,18000
1993-09-14,6.9065141677856445,6.9320461760927055,6.9065141677856445,6.9320461760927055,47250
1993-09-15,6.944810390472412,6.944810390472412,6.8937456565306166,6.8937456565306166,7500
1993-09-16,7.021410942077637,7.021410942077637,6.944813442261587,6.944813442261587,34500
1993-09-17,7.008641242980957,7.0214079745464915,6.983109240825062,7.0214079745464915,53250
1993-09-20,6.995875358581543,6.995875358581543,6.919277889861176,6.919277889861176,6750
1993-09-21,6.8682146072387695,6.919278617774184,6.817149135728001,6.919278617774184,145500
1993-09-22,6.893743991851807,6.893743991851807,6.842679270240953,6.893743991851807,40500
1993-09-23,6.855448246002197,6.893746986469012,6.855448246002197,6.855448246002197,13500
1993-09-24,6.932044982910156,6.944810984866331,6.932044982910156,6.932044982910156,12000
1993-09-27,6.880982398986816,6.880982398986816,6.880982398986816,6.880982398986816,4500
1993-09-28,6.919278144836426,6.944810878846628,6.906512873562764,6.906512873562764,15000
1993-09-29,6.932044982910156,6.944810984866331,6.919278250466344,6.944810984866331,18000
1993-09-30,6.932044982910156,6.970343719266317,6.9065129789978075,6.970343719266317,21000
1993-10-01,6.932044982910156,6.944810984866331,6.893746246553995,6.944810984866331,116250
1993-10-04,6.995875358581543,6.995875358581543,6.995875358581543,6.995875358581543,750
1993-10-05,7.046942710876465,7.046942710876465,6.983111950233164,6.983111950233164,16500
1993-10-06,7.098006248474121,7.098006248474121,7.04694077738503,7.04694077738503,83250
1993-10-07,7.098006248474121,7.110771520514888,7.098006248474121,7.110771520514888,44250
1993-10-08,7.098006248474121,7.098006248474121,7.098006248474121,7.098006248474121,7500
1993-10-11,7.085241317749023,7.0852413177490225,7.0852413177490225,7.0852413177490225,3750
1993-10-12,6.944810390472412,6.9703431226870975,6.932044389608857,6.944810390472412,84000
1993-10-13,6.995875358581543,6.995875358581543,6.9703433559998205,6.9703433559998205,39000
1993-10-14,6.893743991851807,6.893743991851807,6.868211996290079,6.893743991851807,96750
1993-10-15,6.944810390472412,6.944810390472412,6.944810390472412,6.944810390472412,6750
1993-10-18,6.893743991851807,6.94480871346266,6.893743991851807,6.893743991851807,3000
1993-10-19,6.957577228546143,6.957577228546143,6.957577228546143,6.957577228546143,53250
1993-10-20,6.995875358581543,6.995875358581543,6.9575766242213595,6.995875358581543,51000
1993-10-21,7.008641242980957,7.008641242980957,6.970343239747114,7.008641242980957,15000
1993-10-22,7.110770225524902,7.110770225524902,7.046939494019687,7.046939494019687,3000
1993-10-25,7.110770225524902,7.110770225524902,7.046939494019687,7.110770225524902,15750
1993-10-26,7.046942710876465,7.1235402080387225,7.046942710876465,7.1235402080387225,30000
1993-10-27,6.995875358581543,6.995875358581543,6.995875358581543,6.995875358581543,750
1993-10-28,6.944810390472412,6.9703431226870975,6.944810390472412,6.9703431226870975,81000
1993-10-29,7.021410942077637,7.046942955024389,7.021410942077637,7.046942955024389,2250
1993-11-01,7.085241317749023,7.0852413177490225,7.03417656415813,7.03417656415813,3750
1993-11-02,7.200136661529541,7.200136661529542,7.149071909138485,7.149071909138485,20250
1993-11-03,7.225667953491211,7.263965962235997,7.225667953491211,7.225667953491211,42000
1993-11-04,7.161835670471191,7.225666401826292,7.161835670471191,7.225666401826292,44250
1993-11-05,6.893743991851807,6.94480871346266,6.893743991851807,6.94480871346266,47250
1993-11-08,6.919278144836426,6.957576880607917,6.906512873562764,6.919278144836425,241500
1993-11-09,6.804383277893066,6.880980025813863,6.740552532877787,6.880980025813863,195000
1993-11-10,6.8682146072387695,6.944811353529569,6.8682146072387695,6.893746612506477,182250
1993-11-11,6.829915523529053,6.855447527505862,6.8171487910530075,6.842681525517457,388500
1993-11-12,7.008641242980957,7.008641242980957,6.906512503869789,6.906512503869789,138000
1993-11-15,6.932044982910156,6.970343719266317,6.932044982910156,6.944810984866331,52500
1993-11-16,6.932044982910156,6.932044982910156,6.932044982910156,6.932044982910156,5250
1993-11-17,6.919278144836426,6.919278144836425,6.855447405542358,6.919278144836425,17250
1993-11-18,6.983112335205078,6.983112335205078,6.944813584512579,6.944813584512579,13500
1993-11-19,6.880982398986816,6.880982398986816,6.84268437706171,6.84268437706171,28500
1993-11-22,6.715022087097168,6.766086110582405,6.715022087097168,6.715022087097168,27750
1993-11-23,6.766085147857666,6.766085147857666,6.766085147857666,6.766085147857666,750
1993-11-24,6.65118932723999,6.65118932723999,6.65118932723999,6.65118932723999,750
1993-11-26,6.332034587860107,6.344799860261523,6.280969115328296,6.344799860261523,31500
1993-11-29,6.11500883102417,6.11500883102417,6.051178082855452,6.11500883102417,53250
1993-11-30,6.459696292877197,6.459696292877198,6.408631549132283,6.459696292877198,31500
1993-12-01,6.625655651092529,6.676721118571051,6.612889649466708,6.6384223832059694,54000
1993-12-02,6.612890243530273,6.651188982335891,6.612890243530273,6.651188982335891,5250
1993-12-03,6.638423919677734,6.638423919677734,6.638423919677734,6.638423919677734,4500
1993-12-06,6.536293983459473,6.5362939834594735,6.485229962857005,6.5362939834594735,1500
1993-12-07,6.536293983459473,6.5362939834594735,6.5362939834594735,6.5362939834594735,0
1993-12-08,6.459696292877197,6.459696292877198,6.395865545817984,6.434163555760883,83250
1993-12-09,6.587357997894287,6.638422737611383,6.5745912650992695,6.5745912650992695,9000
1993-12-10,6.638423919677734,6.702254673068168,6.638423919677734,6.638423919677734,196500
1993-12-13,6.791616916656494,6.791616916656494,6.791616916656494,6.791616916656494,13500
1993-12-14,6.727786064147949,6.791617542161978,6.72778606414795,6.72778606414795,6750
1993-12-15,6.880982398986816,6.880982398986816,6.791619617340291,6.791619617340291,57000
1993-12-16,6.944810390472412,6.944810390472412,6.8937456565306166,6.8937456565306166,10500
1993-12-17,6.9065141677856445,6.9575781843997655,6.9065141677856445,6.9065141677856445,10500
1993-12-20,6.753320217132568,6.817150978039557,6.753320217132568,6.817150978039557,11250
1993-12-21,6.817148685455322,6.880979424896247,6.817148685455322,6.880979424896247,5250
1993-12-22,6.893743991851807,6.893743991851807,6.817146544191827,6.817146544191827,17250
1993-12-23,6.937552452087402,6.937552452087402,6.899081592316704,6.899081592316704,3750
1993-12-27,6.924729824066162,6.924729824066162,6.860612199915067,6.873435577991131,3750
1993-12-28,6.924729824066162,6.924729824066162,6.924729824066162,6.924729824066162,3000
1993-12-29,7.091436386108398,7.0914363861083975,7.027318030790794,7.027318030790794,34500
1993-12-30,7.05296516418457,7.091436028681954,7.05296516418457,7.05296516418457,55500
1993-12-31,7.05296516418457,7.091436028681954,7.05296516418457,7.091436028681954,45750
1994-01-03,7.040139675140381,7.091434640274501,7.040139675140381,7.065787157707441,25500
1994-01-04,7.1042585372924805,7.142729401061372,7.0786117839603495,7.0786117839603495,47250
1994-01-05,7.12990665435791,7.12990665435791,7.078611680899089,7.12990665435791,12000
1994-01-06,7.206847190856934,7.206847190856934,7.155552954415397,7.155552954415397,119250
1994-01-07,7.181197166442871,7.23249138474651,7.181197166442871,7.23249138474651,33750
1994-01-10,7.24531888961792,7.258142266768784,7.206848024394602,7.232494778696331,112500
1994-01-11,7.12990665435791,7.12990665435791,7.091435791149136,7.12990665435791,25500
1994-01-12,7.142728805541992,7.194023775470967,7.142728805541992,7.16837629050648,27750
1994-01-13,7.12990665435791,7.12990665435791,7.078611680899089,7.078611680899089,54000
1994-01-14,7.232496738433838,7.232496738433838,7.168379101535296,7.194026596557265,167250
1994-01-17,7.181197166442871,7.23249138474651,7.181197166442871,7.206844642479879,228750
1994-01-18,7.1940226554870605,7.1940226554870605,7.091434199141614,7.16837517451544,57000
1994-01-19,7.322258472442627,7.322258472442627,7.23249265740276,7.23249265740276,279750
1994-01-20,7.322258472442627,7.322258472442627,7.270963511342559,7.309434365282356,517500
1994-01-21,7.232496738433838,7.309438489728826,7.232496738433838,7.309438489728826,484500
1994-01-24,7.181197166442871,7.181197166442871,7.104255472102223,7.104255472102223,153750
1994-01-25,7.335081577301025,7.335081577301025,7.27096397251494,7.309434828894813,89250
1994-01-26,7.42484712600708,7.42484712600708,7.360729517233589,7.42484712600708,22500
1994-01-27,7.386379241943359,7.386379241943359,7.335084258837571,7.335084258837571,103500
1994-01-28,7.655673503875732,7.655673503875732,7.488966651127312,7.553085010078607,244500
1994-01-31,7.796731472015381,7.860849819500517,7.771084720037851,7.771084720037851,71250
1994-02-01,7.642848491668701,7.694142727601335,7.642848491668702,7.694142727601335,70500
1994-02-02,7.694143772125244,7.694143772125244,7.694143772125244,7.694143772125244,83250
1994-02-03,7.617201805114746,7.642849292654285,7.565907563806375,7.5787316744614985,47250
1994-02-04,7.476140022277832,7.617198575744964,7.476140022277832,7.617198575744964,19500
1994-02-07,7.591554641723633,7.591554641723632,7.514613650797983,7.514613650797983,96750
1994-02-08,7.630025863647461,7.681319370834727,7.630025863647461,7.681319370834727,33000
1994-02-09,7.732612133026123,7.732612133026123,7.6684945336173485,7.719788026127975,69750
1994-02-10,7.7710862159729,7.7710862159729,7.694144477687704,7.694144477687704,4500
1994-02-11,7.7710862159729,7.7710862159729,7.694144477687704,7.694144477687704,15750
1994-02-14,7.976260662078857,8.014731518949898,7.886495573969954,7.886495573969954,105000
1994-02-15,7.950616836547852,8.02755858568013,7.950616836547852,7.950616836547852,60750
1994-02-16,7.886497497558594,7.8993216088239,7.822379876315031,7.8993216088239,33750
1994-02-17,7.835202217102051,7.835202217102051,7.796731355937853,7.796731355937853,33000
1994-02-18,7.8223795890808105,7.8223795890808105,7.7454378593972075,7.7454378593972075,24750
1994-02-22,7.860848903656006,7.860848903656005,7.796730563641108,7.796730563641108,13500
1994-02-23,7.860848903656006,7.937789884395083,7.860848903656005,7.937789884395083,12750
1994-02-24,7.950616836547852,7.950616836547852,7.899323315487534,7.950616836547852,17250
1994-02-25,8.104496955871582,8.104496955871582,8.027555965622435,8.027555965622435,71250
1994-02-28,8.37379264831543,8.425086888807193,8.322498407823666,8.360969271635163,84750
1994-03-01,8.360969543457031,8.386616297651361,8.296851190429765,8.386616297651361,21750
1994-03-02,8.155789375305176,8.155789375305176,8.066023569527964,8.130141897401625,160500
1994-03-03,8.155789375305176,8.168612747371736,8.091671781201947,8.155789375305176,82500
1994-03-04,8.053205490112305,8.104499007415553,8.040381377015645,8.104499007415553,106500
1994-03-07,8.078849792480469,8.13014402795913,8.066025683282836,8.104496543334488,40500
1994-03-08,8.258381843566895,8.258381843566895,8.18144083306855,8.245559197883168,79500
1994-03-09,8.155789375305176,8.232730341474964,8.155789375305176,8.181436119438295,130500
1994-03-10,8.232733726501465,8.322498835416674,8.232733726501465,8.258380481179676,9750
1994-03-11,8.335320472717285,8.386614705136523,8.335320472717285,8.386614705136523,19500
1994-03-14,8.284029960632324,8.360970970114712,8.284029960632324,8.284029960632324,35250
1994-03-15,8.309677124023438,8.309677124023438,8.258382136841792,8.258382136841792,24750
1994-03-16,8.284029960632324,8.284029960632324,8.219911596664348,8.232734975949604,59250
1994-03-17,8.284029960632324,8.284029960632324,8.245559089005708,8.245559089005708,22500
1994-03-18,8.258381843566895,8.258381843566895,8.219911705203149,8.219911705203149,54750
1994-03-21,8.181438446044922,8.232732682668454,8.181438446044922,8.194261821758145,34500
1994-03-22,8.155789375305176,8.155789375305176,8.066023569527964,8.066023569527964,11250
1994-03-23,8.014734268188477,8.07885189578699,8.014734268188477,8.07885189578699,29250
1994-03-24,8.194263458251953,8.194263458251953,8.104498342790931,8.194263458251953,45750
1994-03-25,8.207087516784668,8.25838102954705,8.207087516784668,8.25838102954705,4500
1994-03-28,8.322501182556152,8.386618821105085,8.309677801600554,8.309677801600554,22500
1994-03-29,8.335320472717285,8.373791330474358,8.335320472717285,8.373791330474358,46500
1994-03-30,8.296852111816406,8.296852111816406,8.232734485439433,8.232734485439433,9750
1994-03-31,8.053205490112305,8.104499007415553,8.040381377015645,8.053205490112305,20250
1994-04-04,7.860848903656006,7.950613258889834,7.860848903656005,7.860848903656005,11250
1994-04-05,8.053205490112305,8.053205490112305,8.001910505267363,8.001910505267363,45000
1994-04-06,7.989084720611572,8.027555580777163,7.989084720611571,8.027555580777163,21750
1994-04-07,8.053205490112305,8.053205490112305,8.014734618364022,8.053205490112305,8250
1994-04-08,8.001907348632812,8.001907348632812,7.9506131177935355,8.001907348632812,6000
1994-04-11,8.104496955871582,8.117321065721992,8.053203451552593,8.053203451552593,11250
1994-04-12,8.078849792480469,8.155791512583772,8.078849792480469,8.155791512583772,8250
1994-04-13,8.091672897338867,8.14296639268035,8.091672897338867,8.091672897338867,186750
1994-04-14,8.078849792480469,8.155791512583772,8.078849792480469,8.155791512583772,4500
1994-04-15,8.130144119262695,8.194261730888421,8.130144119262695,8.130144119262695,7500
1994-04-18,8.232733726501465,8.258380481179676,8.232733726501465,8.232733726501465,22500
1994-04-19,8.386616706848145,8.386616706848145,8.309675706740355,8.309675706740355,5250
1994-04-20,8.271204948425293,8.271204948425293,8.23273408098079,8.23273408098079,21000
1994-04-21,8.258381843566895,8.309676828926932,8.258381843566895,8.309676828926932,45000
1994-04-22,8.258381843566895,8.335323587836095,8.258381843566895,8.335323587836095,18000
1994-04-25,8.335320472717285,8.386614705136523,8.335320472717285,8.335320472717285,41250
1994-04-26,8.309677124023438,8.309677124023438,8.258382136841792,8.258382136841792,72750
1994-04-28,8.271204948425293,8.284029060087304,8.219910703089544,8.23273408098079,108750
1994-04-29,8.232733726501465,8.309675458077567,8.232733726501465,8.309675458077567,55500
1994-05-02,8.207087516784668,8.25838102954705,8.207087516784668,8.25838102954705,2250
1994-05-03,8.258381843566895,8.258381843566895,8.207088325748567,8.207088325748567,5250
1994-05-04,8.207087516784668,8.25838102954705,8.207087516784668,8.25838102954705,17250
1994-05-05,8.207087516784668,8.207087516784668,8.155793270251506,8.181440026632695,18000
1994-05-06,8.360969543457031,8.412263785616412,8.296851190429765,8.296851190429765,79500
1994-05-09,8.335320472717285,8.386614705136523,8.335320472717285,8.386614705136523,18000
1994-05-10,8.335320472717285,8.335320472717285,8.335320472717285,8.335320472717285,37500
1994-05-11,8.348146438598633,8.386616571144666,8.348146438598633,8.386616571144666,96000
1994-05-12,8.284029960632324,8.309676719202837,8.25838173452012,8.25838173452012,6750
1994-05-13,8.335320472717285,8.335320472717285,8.335320472717285,8.335320472717285,750
1994-05-16,8.360969543457031,8.360969543457031,8.30967530129765,8.322498678394815,21000
1994-05-17,8.284029960632324,8.335323477773352,8.284029960632324,8.322500098488096,17250
1994-05-18,8.335320472717285,8.335320472717285,8.335320472717285,8.335320472717285,4500
1994-05-19,8.360969543457031,8.412263785616412,8.360969543457031,8.360969543457031,5250
1994-05-20,8.335320472717285,8.373791330474358,8.335320472717285,8.360967955812194,24750
1994-05-23,8.348146438598633,8.425087437461443,8.348146438598633,8.425087437461443,30750
1994-05-24,8.425086975097656,8.425086975097656,8.360969357268926,8.360969357268926,3750
1994-05-25,8.335320472717285,8.348144581150029,8.335320472717285,8.335320472717285,27000
1994-05-26,8.309677124023438,8.386618137254143,8.309677124023438,8.309677124023438,11250
1994-05-27,8.425086975097656,8.425086975097656,8.373792734080531,8.373792734080531,33750
1994-05-31,8.59179401397705,8.59179401397705,8.514852283727985,8.514852283727985,44250
1994-06-01,8.758499145507812,8.758499145507812,8.694381533265346,8.694381533265346,93000
1994-06-02,8.630265235900879,8.655911991197062,8.617441124482037,8.655911991197062,97500
1994-06-03,8.694381713867188,8.707205089827923,8.668734961945717,8.668734961945717,294750
1994-06-06,8.617439270019531,8.617439270019531,8.591792520242498,8.617439270019531,3750
1994-06-07,8.720030784606934,8.720030784606934,8.681559912723952,8.681559912723952,92250
1994-06-08,8.771319389343262,8.771319389343262,8.771319389343262,8.771319389343262,176250
1994-06-09,8.822617530822754,8.822617530822754,8.758499184524023,8.822617530822754,560250
1994-06-10,8.8482666015625,8.873913359787801,8.835442488679014,8.873913359787801,20250
1994-06-13,8.925204277038574,8.925204277038574,8.925204277038574,8.925204277038574,3000
1994-06-14,8.925204277038574,8.925204277038574,8.84826256987925,8.912380169998354,283500
1994-06-15,8.89955997467041,8.950854219836442,8.89955997467041,8.89955997467041,134250
1994-06-16,8.950855255126953,8.950855255126953,8.950855255126953,8.950855255126953,3000
1994-06-17,8.950855255126953,8.950855255126953,8.88673762469601,8.88673762469601,21000
1994-06-20,8.8482666015625,8.925208343780074,8.8482666015625,8.8482666015625,21750
1994-06-21,8.771319389343262,8.82261434134679,8.771319389343262,8.771319389343262,7500
1994-06-22,8.822617530822754,8.822617530822754,8.822617530822754,8.822617530822754,2250
1994-06-23,8.906641006469727,8.983866515504971,8.906641006469727,8.95812517014458,9750
1994-06-24,8.932378768920898,8.932378768920898,8.893766769551727,8.932378768920898,15750
1994-06-27,8.803668022155762,8.803668022155762,8.777926694718836,8.777926694718836,63750
1994-06-28,8.842280387878418,8.842280387878418,8.842280387878418,8.842280387878418,24750
1994-06-29,8.958120346069336,8.958120346069336,8.958120346069336,8.958120346069336,11250
1994-06-30,8.958120346069336,8.958120346069336,8.958120346069336,8.958120346069336,0
1994-07-01,8.893768310546875,8.893768310546875,8.855155568010716,8.855155568010716,5250
1994-07-05,9.228410720825195,9.27989487190301,9.21554005129417,9.21554005129417,7500
1994-07-06,9.318510055541992,9.318510055541992,9.267026623399358,9.267026623399358,42750
1994-07-07,9.228410720825195,9.228410720825195,9.176927306224234,9.21554005129417,18750
1994-07-08,9.202669143676758,9.267023226143811,9.202669143676758,9.267023226143811,10500
1994-07-11,9.267024040222168,9.292765380879548,9.267024040222168,9.292765380879548,1500
1994-07-12,9.215536117553711,9.22840678159077,9.215536117553711,9.22840678159077,120000
1994-07-13,9.267024040222168,9.267024040222168,9.215540622430504,9.267024040222168,22500
1994-07-14,9.292762756347656,9.292762756347656,9.228408686402663,9.228408686402663,30750
1994-07-15,9.241281509399414,9.241281509399414,9.228410104251504,9.228410104251504,5250
1994-07-18,9.164056777954102,9.228410863078084,9.164056777954102,9.164056777954102,20250
1994-07-19,9.164056777954102,9.164056777954102,9.164056777954102,9.164056777954102,3750
1994-07-20,9.176924705505371,9.176924705505371,9.176924705505371,9.176924705505371,39750
1994-07-21,9.254149436950684,9.254149436950684,9.254149436950684,9.254149436950684,7500
1994-07-22,9.125445365905762,9.125445365905762,9.099703286208033,9.112574694295384,92250
1994-07-25,8.98386287689209,9.022475615770913,8.958121541957365,8.98386287689209,52500
1994-07-26,9.022475242614746,9.061087243419898,9.009604575679695,9.009604575679695,48000
1994-07-27,8.996733665466309,9.06108774014614,8.996733665466309,8.996733665466309,90000
1994-07-28,8.893768310546875,8.893768310546875,8.842284162847458,8.893768310546875,339000
1994-07-29,8.919508934020996,8.919508934020996,8.829412787473332,8.829412787473332,138000
1994-08-01,8.906641006469727,8.970995842824776,8.906641006469727,8.919512415626958,45750
1994-08-02,8.970993041992188,9.028911787447297,8.958122373330342,8.958122373330342,180750
1994-08-03,8.919508934020996,8.970992341122983,8.919508934020996,8.93881493550546,77250
1994-08-04,8.919508934020996,8.970992341122983,8.919508934020996,8.919508934020996,10500
1994-08-05,8.855154037475586,8.906636703323064,8.855154037475586,8.868023967460775,15750
1994-08-08,8.932378768920898,8.98386217122314,8.906636699531438,8.98386217122314,43500
1994-08-09,8.932378768920898,8.932378768920898,8.880895366618656,8.880895366618656,3000
1994-08-10,8.855154037475586,8.855154037475586,8.855154037475586,8.855154037475586,13500
1994-08-11,8.880898475646973,8.906639817571293,8.855157133722653,8.906639817571293,21000
1994-08-12,8.932378768920898,9.009604240612603,8.932378768920898,8.94524943537729,81000
1994-08-15,8.932378768920898,8.94524943537729,8.932378768920898,8.932378768920898,5250
1994-08-16,8.958120346069336,8.958120346069336,8.880894878621106,8.880894878621106,24750
1994-08-17,8.996733665466309,9.035346404864907,8.970992330185075,8.983862997825693,32250
1994-08-18,9.112574577331543,9.112574577331543,9.061090418596905,9.061090418596905,13500
1994-08-19,9.035345077514648,9.061086409014315,9.035345077514648,9.061086409014315,36750
1994-08-22,9.086830139160156,9.086830139160156,9.035345997962756,9.086830139160156,17250
1994-08-23,9.009608268737793,9.009608268737793,8.945253434729938,8.958124843417716,105750
1994-08-24,9.009608268737793,9.009608268737793,8.958124843417716,8.958124843417716,28500
1994-08-25,8.906641006469727,8.906641006469727,8.855158315748946,8.868028251952106,54750
1994-08-26,8.880898475646973,8.906639817571293,8.842285726283555,8.842285726283555,160500
1994-08-29,8.880898475646973,8.958123974373809,8.880898475646973,8.93238189597255,83250
1994-08-30,8.932378768920898,8.95812083831036,8.853544832160486,8.853544832160486,111000
1994-08-31,8.958120346069336,8.996732343316813,8.93237827809438,8.93237827809438,6750
1994-09-01,8.98386287689209,8.98386287689209,8.945250138013265,8.98386287689209,121500
1994-09-02,9.138314247131348,9.138314247131348,9.08683157077636,9.08683157077636,3750
1994-09-06,9.086830139160156,9.151184210941837,9.086830139160156,9.112571473282143,31500
1994-09-07,9.035345077514648,9.035345077514648,9.022474411764815,9.035345077514648,3750
1994-09-08,9.009608268737793,9.009608268737793,8.970995515628482,8.970995515628482,28500
1994-09-09,8.98386287689209,8.98386287689209,8.91950880307854,8.91950880307854,9750
1994-09-12,8.880898475646973,8.94525256693471,8.880898475646973,8.94525256693471,91500
1994-09-13,8.919508934020996,8.932379601677306,8.893767598708378,8.906637529887938,31500
1994-09-14,8.906641006469727,8.95812517014458,8.906641006469727,8.95812517014458,6000
1994-09-15,8.893768310546875,8.958122390455937,8.893768310546875,8.958122390455937,22500
1994-09-16,8.919508934020996,8.919508934020996,8.88089619457532,8.88089619457532,6750
1994-09-19,8.855154037475586,8.855154037475586,8.855154037475586,8.855154037475586,39000
1994-09-20,8.970993041992188,8.983863710654033,8.970993041992188,8.983863710654033,63750
1994-09-21,9.035345077514648,9.061086409014315,9.009603746014982,9.061086409014315,68250
1994-09-22,9.035345077514648,9.112570544966928,9.035345077514648,9.035345077514648,4500
1994-09-23,9.035345077514648,9.035345077514648,9.035345077514648,9.035345077514648,3000
1994-09-26,9.086830139160156,9.099700069744435,9.022475330901761,9.022475330901761,104250
1994-09-27,9.099699974060059,9.099699974060059,9.061087236806381,9.061087236806381,8250
1994-09-28,9.035345077514648,9.099699142740455,9.035345077514648,9.099699142740455,12000
1994-09-29,9.073958396911621,9.138312466291106,9.073958396911621,9.073958396911621,5250
1994-09-30,9.061088562011719,9.061088562011719,9.061088562011719,9.061088562011719,4500
1994-10-03,9.035345077514648,9.035345077514648,8.983861678038675,9.022474411764815,28500
1994-10-04,8.932378768920898,9.035345573525383,8.932378768920898,8.996732837679533,224250
1994-10-05,9.009608268737793,9.073962366268638,9.009608268737793,9.073962366268638,62250
1994-10-06,9.112574577331543,9.138315920221896,9.112574577331543,9.112574577331543,9750
1994-10-07,9.215536117553711,9.215536117553711,9.176923388965992,9.176923388965992,24000
1994-10-10,9.164056777954102,9.176927447683525,9.151186108224678,9.151186108224678,45750
1994-10-11,9.202669143676758,9.215539812874802,9.16405639960579,9.215539812874802,18750
1994-10-12,9.241281509399414,9.241281509399414,9.2155394355804,9.228410104251504,56250
1994-10-13,9.18979549407959,9.254149560832962,9.18979549407959,9.254149560832962,21000
1994-10-14,9.27989387512207,9.27989387512207,9.27989387512207,9.27989387512207,750
1994-10-17,9.18979549407959,9.267020963364962,9.18979549407959,9.267020963364962,3750
1994-10-18,9.18979549407959,9.241279631254276,9.18979549407959,9.241279631254276,3000
1994-10-19,9.27989387512207,9.27989387512207,9.241281134199646,9.27989387512207,23250
1994-10-20,9.38286018371582,9.38286018371582,9.305635436480033,9.318506104939864,42000
1994-10-21,9.38286018371582,9.38286018371582,9.38286018371582,9.38286018371582,3000
1994-10-24,9.305635452270508,9.369989531155664,9.305635452270508,9.369989531155664,9000
1994-10-25,9.369988441467285,9.369988441467285,9.305634370066224,9.369988441467285,3000
1994-10-26,9.38286018371582,9.38286018371582,9.305635436480033,9.305635436480033,6750
1994-10-27,9.408602714538574,9.408602714538574,9.369989970805014,9.369989970805014,3750
1994-10-28,9.421470642089844,9.421470642089844,9.421470642089844,9.421470642089844,2250
1994-10-31,9.498698234558105,9.511568902781184,9.460085493412087,9.498698234558105,7500
1994-11-01,9.524438858032227,9.524438858032227,9.447213381521069,9.524438858032227,6000
1994-11-02,9.395731925964355,9.434344669206865,9.395731925964355,9.434344669206865,13500
1994-11-03,9.395731925964355,9.395731925964355,9.344248513799949,9.344248513799949,5250
1994-11-04,9.267024040222168,9.292765380879548,9.267024040222168,9.267024040222168,171000
1994-11-07,9.228410720825195,9.267023465895129,9.228410720825195,9.267023465895129,20250
1994-11-08,9.344249725341797,9.344249725341797,9.267024228843997,9.267024228843997,21750
1994-11-09,9.267024040222168,9.267024040222168,9.241282699564787,9.267024040222168,17250
1994-11-10,9.254149436950684,9.267020839310378,9.254149436950684,9.267020839310378,34500
1994-11-11,9.18979549407959,9.18979549407959,9.176924828024248,9.176924828024248,12750
1994-11-14,9.18979549407959,9.18979549407959,9.138312093381563,9.18979549407959,12750
1994-11-15,9.125445365905762,9.189799460434623,9.125445365905762,9.189799460434623,64500
1994-11-16,9.061088562011719,9.061088562011719,9.061088562011719,9.061088562011719,3000
1994-11-17,9.164056777954102,9.164056777954102,9.138314702018388,9.138314702018388,15000
1994-11-18,9.164056777954102,9.164056777954102,9.125444032288964,9.164056777954102,16500
1994-11-21,9.151185989379883,9.151185989379883,9.151185989379883,9.151185989379883,15000
1994-11-22,8.98386287689209,9.061087618173001,8.98386287689209,9.061087618173001,22500
1994-11-23,8.868027687072754,8.9323825193285,8.868027687072754,8.9323825193285,225750
1994-11-25,8.868027687072754,8.868027687072754,8.868027687072754,8.868027687072754,0
1994-11-28,8.932378768920898,8.94524943537729,8.868023963685586,8.868023963685586,12000
1994-11-29,8.98386287689209,8.98386287689209,8.91950880307854,8.945250138013265,104250
1994-11-30,8.98386287689209,8.98386287689209,8.932379470545902,8.958121541957365,73500
1994-12-01,8.958120346069336,8.958120346069336,8.93237827809438,8.93237827809438,22500
1994-12-02,8.958120346069336,8.958120346069336,8.958120346069336,8.958120346069336,24750
1994-12-05,8.98386287689209,8.98386287689209,8.98386287689209,8.98386287689209,3750
1994-12-06,8.932378768920898,9.009604240612603,8.932378768920898,9.009604240612603,115500
1994-12-07,8.893768310546875,8.958122390455937,8.893768310546875,8.919509647919778,120750
1994-12-08,8.880898475646973,8.880898475646973,8.842285726283555,8.842285726283555,3000
1994-12-09,8.842280387878418,8.842280387878418,8.777926335443555,8.777926335443555,132750
1994-12-12,8.752192497253418,8.803675934876972,8.752192497253418,8.803675934876972,60750
1994-12-13,8.674962997436523,8.726447147945594,8.674962997436523,8.687834403302215,35250
1994-12-14,8.700703620910645,8.739315619366124,8.674960815653666,8.674960815653666,35250
1994-12-15,8.829412460327148,8.829412460327148,8.803670389491574,8.829412460327148,15000
1994-12-16,8.790800094604492,8.829412834254754,8.790800094604492,8.829412834254754,43500
1994-12-19,8.829412460327148,8.880895865521579,8.829412460327148,8.880895865521579,48000
1994-12-20,8.868027687072754,8.89377050374744,8.829415671491693,8.829415671491693,174000
1994-12-21,8.765060424804688,8.842285182303696,8.765060424804688,8.77793109497504,5250
1994-12-22,8.867016792297363,8.867016792297363,8.789462414151815,8.867016792297363,16500
1994-12-23,8.867016792297363,8.867016792297363,8.867016792297363,8.867016792297363,2250
1994-12-27,8.828240394592285,8.841165878904068,8.789463202043505,8.789463202043505,8250
1994-12-28,8.85408878326416,8.867014262729937,8.78945990670897,8.78945990670897,18750
1994-12-29,8.841163635253906,8.892867038606964,8.841163635253906,8.841163635253906,18000
1994-12-30,8.789462089538574,8.789462089538574,8.789462089538574,8.789462089538574,2250
1995-01-03,8.75068473815918,8.789461925074251,8.75068473815918,8.76361096020642,14250
1995-01-04,8.66020679473877,8.73776117907549,8.66020679473877,8.66020679473877,9000
1995-01-05,8.737760543823242,8.737760543823242,8.737760543823242,8.737760543823242,2250
1995-01-06,8.724833488464355,8.724833488464355,8.660205338791274,8.724833488464355,5250
1995-01-09,8.66020679473877,8.69898398690713,8.634355086755388,8.634355086755388,20250
1995-01-10,8.711905479431152,8.711905479431152,8.660203561990928,8.660203561990928,3750
1995-01-11,8.66020679473877,8.724834955277087,8.66020679473877,8.66020679473877,3000
1995-01-12,8.595575332641602,8.634352513252269,8.582649852309114,8.582649852309114,5250
1995-01-13,8.453392028808594,8.530946382678193,8.453392028808594,8.453392028808594,6000
1995-01-16,8.556798934936523,8.556798934936523,8.47924530623261,8.543874193034686,175500
1995-01-17,8.34998893737793,8.375839900177569,8.324136495351764,8.34998893737793,90000
1995-01-18,8.414619445800781,8.414619445800781,8.375842251104098,8.414619445800781,15000
1995-01-19,8.220733642578125,8.220733642578125,8.143179258556033,8.143179258556033,106500
1995-01-20,8.091476440429688,8.156105339185181,8.091476440429688,8.112480721583212,50250
1995-01-23,7.8588128089904785,7.8588128089904785,7.794184659906486,7.807110141800626,52500
1995-01-24,7.988069534301758,8.013920497078823,7.975143313299961,8.013920497078823,25500
1995-01-25,8.000996589660645,8.000996589660645,7.962220137866873,7.962220137866873,17250
1995-01-26,7.923442363739014,7.923442363739014,7.923442363739014,7.923442363739014,1500
1995-01-27,7.89758825302124,7.89758825302124,7.832960118186498,7.89758825302124,226500
1995-01-30,7.910518169403076,7.910518169403076,7.83296451202095,7.8975926831083125,96000
1995-01-31,7.729555130004883,7.7424798699768385,7.677851732438099,7.7424798699768385,82500
1995-02-01,7.6390790939331055,7.6390790939331055,7.574450924243472,7.6390790939331055,22500
1995-02-02,7.600299835205078,7.600299835205078,7.548596425938201,7.574448870184967,184500
1995-02-03,7.677853107452393,7.677853107452393,7.613224958339503,7.613224958339503,21750
1995-02-06,7.6907782554626465,7.6907782554626465,7.652001075562237,7.6907782554626465,25500
1995-02-07,7.664926528930664,7.664926528930664,7.587372169400272,7.6520010488799945,51000
1995-02-08,7.548594951629639,7.600298350798377,7.548594951629639,7.600298350798377,48000
1995-02-09,7.613224506378174,7.6520016893892056,7.613224506378174,7.6520016893892056,35250
1995-02-10,7.716629505157471,7.755406686512677,7.7037040245768065,7.7037040245768065,23250
1995-02-13,7.755407333374023,7.820035481281048,7.755407333374023,7.755407333374023,16500
1995-02-14,7.6907782554626465,7.6907782554626465,7.6907782554626465,7.6907782554626465,15750
1995-02-15,7.677853107452393,7.703704810865524,7.626150440239422,7.703704810865524,6750
1995-02-16,7.57444953918457,7.626151473791272,7.574449539184569,7.574449539184569,10500
1995-02-17,7.729555130004883,7.794183267543622,7.729555130004883,7.794183267543622,9000
1995-02-21,7.910518169403076,7.936369141992604,7.884667196813549,7.936369141992604,23250
1995-02-22,7.975142955780029,8.02684635824286,7.975142955780029,7.975142955780029,4500
1995-02-23,8.000996589660645,8.000996589660645,7.936367690777541,7.936367690777541,4500
1995-02-24,7.884665489196777,7.884665489196777,7.832962815601654,7.845888299097089,16500
1995-02-27,7.664926528930664,7.729555408410386,7.664926528930664,7.729555408410386,14250
1995-02-28,7.742482662200928,7.755408886060875,7.677854501354895,7.677854501354895,44250
1995-03-01,7.807109355926514,7.807109355926514,7.75540669394112,7.807109355926514,5250
1995-03-02,7.936367034912109,8.000995928454248,7.923442291662369,8.000995928454248,27000
1995-03-03,8.104400634765625,8.1690287836241,8.000995300746748,8.000995300746748,409500
1995-03-06,8.272435188293457,8.272435188293457,8.194880814869169,8.272435188293457,67500
1995-03-07,8.298284530639648,8.324135490318112,8.246581871669546,8.311210750092055,222750
1995-03-08,8.143179893493652,8.220734283562793,8.143179893493652,8.220734283562793,20250
1995-03-09,8.181955337524414,8.207806302272829,8.169029115536887,8.181955337524414,144000
1995-03-10,8.104400634765625,8.1690287836241,8.104400634765625,8.1690287836241,31500
1995-03-13,8.1948823928833,8.246585071917636,8.1948823928833,8.246585071917636,351000
1995-03-14,8.117326736450195,8.117326736450195,8.039772367273772,8.117326736450195,27750
1995-03-15,8.143179893493652,8.156106118247495,8.13025366873981,8.13025366873981,40500
1995-03-16,8.104400634765625,8.156104041388351,8.104400634765625,8.156104041388351,12000
1995-03-17,8.104400634765625,8.156104041388351,8.104400634765625,8.104400634765625,10500
1995-03-20,8.013920783996582,8.052697969163761,7.975143598829402,8.052697969163761,35250
1995-03-21,8.013920783996582,8.09147515433094,8.013920783996582,8.013920783996582,19500
1995-03-22,7.975142955780029,7.975142955780029,7.910514812121335,7.975142955780029,24750
1995-03-23,7.923442363739014,7.936367107106326,7.923442363739014,7.936367107106326,62250
1995-03-24,7.845887184143066,7.8458871841430655,7.820035481212516,7.83296170248443,47250
1995-03-27,7.768334865570068,7.768334865570068,7.768334865570068,7.768334865570068,17250
1995-03-28,8.143179893493652,8.143179893493652,8.065625503424512,8.065625503424512,41250
1995-03-29,8.272435188293457,8.311212375005601,8.272435188293457,8.272435188293457,21750
1995-03-30,8.33705997467041,8.33705997467041,8.285357326460609,8.298282803609805,57750
1995-03-31,8.375839233398438,8.414616414124207,8.375839233398438,8.375839233398438,9750
1995-04-03,8.272435188293457,8.285360670659731,8.233658001581313,8.285360670659731,30750
1995-04-04,8.33705997467041,8.33705997467041,8.246580155400004,8.246580155400004,4500
1995-04-05,8.375839233398438,8.414616414124207,8.375839233398438,8.375839233398438,9750
1995-04-06,8.311214447021484,8.375842614578215,8.311214447021484,8.324139192996626,40500
1995-04-07,8.375839233398438,8.375839233398438,8.311211091930957,8.375839233398438,62250
1995-04-10,8.543874740600586,8.608502891931327,8.543874740600586,8.608502891931327,14250
1995-04-11,8.530949592590332,8.530949592590332,8.530949592590332,8.530949592590332,12000
1995-04-12,8.518020629882812,8.530946849310215,8.440467011384259,8.530946849310215,21000
1995-04-13,8.556798934936523,8.634353303253707,8.556798934936523,8.556798934936523,36000
1995-04-17,8.737760543823242,8.802388699662968,8.737760543823242,8.737760543823242,63750
1995-04-18,8.763611793518066,8.763611793518066,8.763611793518066,8.763611793518066,28500
1995-04-19,8.698983192443848,8.698983192443848,8.634354298194552,8.660206003816942,199500
1995-04-20,8.621428489685059,8.68605664188094,8.621428489685059,8.68605664188094,21000
1995-04-21,8.70059871673584,8.737760590685355,8.673131694885644,8.737760590685355,74250
1995-04-24,8.66020679473877,8.66020679473877,8.66020679473877,8.66020679473877,152250
1995-04-25,8.737760543823242,8.789462476804328,8.737760543823242,8.737760543823242,25500
1995-04-26,8.608502388000488,8.634353351174175,8.518021798052763,8.608502388000488,307500
1995-04-27,8.627890586853027,8.650510919181594,8.582650661809167,8.582650661809167,900000
1995-04-28,8.621428489685059,8.621428489685059,8.543874854972666,8.543874854972666,23250
1995-05-01,8.582651138305664,8.582651138305664,8.582651138305664,8.582651138305664,11250
1995-05-02,8.595575332641602,8.595575332641602,8.595575332641602,8.595575332641602,11250
1995-05-03,8.595575332641602,8.595575332641602,8.530947191365957,8.582649852309114,61500
1995-05-04,8.595575332641602,8.595575332641602,8.530947191365957,8.530947191365957,16500
1995-05-05,8.543874740600586,8.543874740600586,8.530948518643784,8.530948518643784,13500
1995-05-08,8.543874740600586,8.543874740600586,8.479245849656527,8.543874740600586,23250
1995-05-09,8.453392028808594,8.453392028808594,8.427541070594149,8.427541070594149,41250
1995-05-10,8.169029235839844,8.246583610453849,8.169029235839844,8.246583610453849,4500
1995-05-11,7.6390790939331055,7.6649300659635475,7.548598472985974,7.548598472985974,723000
1995-05-12,7.600299835205078,7.600299835205078,7.574448870184967,7.600299835205078,27750
1995-05-15,7.832963943481445,7.897592109877906,7.832963943481445,7.897592109877906,103500
1995-05-16,7.6907782554626465,7.768332615263468,7.6907782554626465,7.6907782554626465,5250
1995-05-17,7.6907782554626465,7.6907782554626465,7.664926555657977,7.6907782554626465,53250
1995-05-18,7.6390790939331055,7.6390790939331055,7.548598472985974,7.6390790939331055,10500
1995-05-19,7.6261515617370605,7.62615156173706,7.574449626534124,7.62615156173706,16500
1995-05-22,7.509820461273193,7.548596911296602,7.458117788295273,7.548596911296602,67500
1995-05-23,7.471045017242432,7.496896729578318,7.445194044520092,7.471045017242432,26250
1995-05-24,7.8588128089904785,7.871738290884618,7.820035623694766,7.845887327096339,285750
1995-05-25,7.7812581062316895,7.7812581062316895,7.7424809225913025,7.7424809225913025,52500
1995-05-26,8.143179893493652,8.143179893493652,8.091477213318718,8.091477213318718,72750
1995-05-30,8.246582984924316,8.272434687705827,8.22073202175608,8.272434687705827,25500
1995-05-31,8.091476440429688,8.091476440429688,8.000996573862722,8.091476440429688,18000
1995-06-01,7.988069534301758,8.039772199469152,7.988069534301758,7.988069534301758,60000
1995-06-02,8.091476440429688,8.156105339185181,8.091476440429688,8.091476440429688,9000
1995-06-05,8.078548431396484,8.13025035085886,8.078548431396484,8.117325610606441,73500
1995-06-06,8.03977108001709,8.052696559605888,8.03977108001709,8.052696559605888,5250
1995-06-07,8.065624237060547,8.143178614953063,8.065624237060547,8.117327648731132,58500
1995-06-08,8.117326736450195,8.130251478495229,8.065623330590393,8.065623330590393,46500
1995-06-09,7.9492950439453125,8.02684943778043,7.9492950439453125,8.02684943778043,24000
1995-06-12,7.9492950439453125,7.9492950439453125,7.858815164342182,7.9492950439453125,9750
1995-06-13,7.871738433837891,7.8717384338378915,7.845887469580149,7.845887469580149,50250
1995-06-14,7.96221923828125,8.00099568569399,7.96221923828125,7.96221923828125,71250
1995-06-15,8.104400634765625,8.104400634765625,8.03977248590715,8.065623449605223,174750
1995-06-16,8.104400634765625,8.104400634765625,8.065623449605223,8.104400634765625,15000
1995-06-19,8.15610408782959,8.15610408782959,8.10440068091246,8.10440068091246,11250
1995-06-20,8.220733642578125,8.220733642578125,8.143179258556033,8.181956450567078,47250
1995-06-21,8.34998893737793,8.42754256539011,8.34998893737793,8.34998893737793,22500
1995-06-22,8.479248046875,8.530950729259917,8.479248046875,8.479248046875,83250
1995-06-23,8.67313003540039,8.67313003540039,8.582650190283578,8.582650190283578,187500
1995-06-26,8.66020679473877,8.724834955277087,8.66020679473877,8.724834955277087,20250
1995-06-27,8.588383674621582,8.653251118690378,8.588383674621582,8.601357608841333,18750
1995-06-28,8.588383674621582,8.601357608841333,8.484596654923495,8.56243729086872,56250
1995-06-29,8.458650588989258,8.458650588989258,8.406757077190408,8.458650588989258,41250
1995-06-30,8.484597206115723,8.484597206115723,8.406757307457037,8.406757307457037,22500
1995-07-03,8.471626281738281,8.523519808853411,8.471626281738281,8.471626281738281,20250
1995-07-05,8.510544776916504,8.510544776916504,8.432704131862431,8.48459764778401,66750
1995-07-06,8.666223526000977,8.666223526000977,8.588382897102777,8.627303211551878,246000
1995-07-07,9.016507148742676,9.016507148742676,8.89974691824737,8.964614372827821,426000
1995-07-10,9.263002395629883,9.314896660991206,9.263002395629883,9.288949528310544,116250
1995-07-11,9.288947105407715,9.3148942313204,9.237053595925659,9.250026787710343,45000
1995-07-12,9.275973320007324,9.327866083825187,9.275973320007324,9.275973320007324,65250
1995-07-13,9.19813346862793,9.237053787130945,9.19813346862793,9.19813346862793,45750
1995-07-14,9.107322692871094,9.198136552376418,9.107322692871094,9.198136552376418,27000
1995-07-17,9.172187805175781,9.172187805175781,9.107321092219834,9.172187805175781,71250
1995-07-18,9.185162544250488,9.250029262874556,9.185162544250488,9.198135739506599,66000
1995-07-19,9.172187805175781,9.275975585186128,9.172187805175781,9.275975585186128,19500
1995-07-20,9.094347953796387,9.18516179789698,9.094347953796387,9.18516179789698,11250
1995-07-21,9.237055778503418,9.237055778503418,9.198135451609758,9.198135451609758,23250
1995-07-24,9.275973320007324,9.275973320007324,9.211105880548459,9.275973320007324,14250
1995-07-25,9.185162544250488,9.263002458130666,9.185162544250488,9.185162544250488,21750
1995-07-26,9.275973320007324,9.275973320007324,9.237053004800659,9.275973320007324,18750
1995-07-27,9.418683052062988,9.418683052062988,9.34084240177746,9.34084240177746,58500
1995-07-28,9.444628715515137,9.444628715515137,9.379762006819432,9.379762006819432,9750
1995-07-31,9.496520042419434,9.496520042419434,9.418680158391863,9.418680158391863,20250
1995-08-01,9.366788864135742,9.44462951503478,9.35381641211052,9.366788864135742,34500
1995-08-02,9.483550071716309,9.483550071716309,9.405709418919326,9.405709418919326,449250
1995-08-03,9.820859909057617,9.820859909057617,9.755992440515394,9.755992440515394,48000
1995-08-04,9.79491138458252,9.859778843928716,9.7559910574435,9.7559910574435,54000
1995-08-07,9.898698806762695,9.898698806762695,9.807884960895068,9.807884960895068,23250
1995-08-08,9.885725975036621,9.89869991328476,9.846805644979307,9.89869991328476,43500
1995-08-09,9.885725975036621,9.885725975036621,9.820859253170132,9.885725975036621,9000
1995-08-10,9.678152084350586,9.678152084350586,9.600311422521516,9.639231753436052,54750
1995-08-11,9.444628715515137,9.457601908785596,9.444628715515137,9.457601908785596,11250
1995-08-14,9.431656837463379,9.431656837463379,9.392736509881264,9.392736509881264,23250
1995-08-15,9.496520042419434,9.496520042419434,9.314893151459614,9.314893151459614,406500
1995-08-16,9.470576286315918,9.509496610286803,9.444629156220849,9.457602350096666,173250
1995-08-17,9.470576286315918,9.470576286315918,9.418682768469216,9.470576286315918,40500
1995-08-18,9.340841293334961,9.36678767878887,9.31489490788105,9.36678767878887,25500
1995-08-21,9.470576286315918,9.509496610286803,9.470576286315918,9.509496610286803,5250
1995-08-22,9.496520042419434,9.509493975043387,9.470573661857987,9.509493975043387,37500
1995-08-23,9.340841293334961,9.405707999313108,9.340841293334961,9.340841293334961,15750
1995-08-24,9.40571117401123,9.40571117401123,9.40571117401123,9.40571117401123,39750
1995-08-25,9.392732620239258,9.392732620239258,9.314892739652947,9.392732620239258,9000
1995-08-28,9.470576286315918,9.470576286315918,9.470576286315918,9.470576286315918,1500
1995-08-29,9.470576286315918,9.470576286315918,9.431655962345033,9.470576286315918,14250
1995-08-30,9.392732620239258,9.392732620239258,9.327865187016936,9.392732620239258,61500
1995-08-31,9.353815078735352,9.41868178367557,9.353815078735352,9.353815078735352,71250
1995-09-01,9.366788864135742,9.366788864135742,9.250028630130648,9.314896086661001,257250
1995-09-05,9.353815078735352,9.353815078735352,9.288947631451776,9.288947631451776,77250
1995-09-06,9.211109161376953,9.275976623940421,9.211109161376953,9.211109161376953,93750
1995-09-07,9.288947105407715,9.3019202971924,9.27597391362303,9.27597391362303,89250
1995-09-08,9.40571117401123,9.40571117401123,9.340844446138696,9.340844446138696,21750
1995-09-11,9.70409870147705,9.70409870147705,9.639231239298207,9.691124763635164,78750
1995-09-12,9.639229774475098,9.639229774475098,9.574363064497236,9.639229774475098,21750
1995-09-13,9.37976360321045,9.37976360321045,9.301922945652775,9.301922945652775,21750
1995-09-14,9.314896583557129,9.314896583557129,9.275976256031434,9.314896583557129,4500
1995-09-15,9.224079132080078,9.224079132080078,9.211105199741267,9.211105199741267,15000
1995-09-18,9.016507148742676,9.198134833818433,8.951640436505665,8.951640436505665,23250
1995-09-19,8.808934211730957,8.847854541029799,8.755419408495642,8.755419408495642,405000
1995-09-20,8.860828399658203,8.899748731869106,8.83488200641333,8.873801596280641,203250
1995-09-21,8.964614868164062,8.964614868164062,8.873800278264818,8.899747409999387,198000
1995-09-22,8.873800277709961,8.951640930565313,8.873800277709961,8.899747409442906,109500
1995-09-25,8.873800277709961,8.899747409442906,8.873800277709961,8.899747409442906,36750
1995-09-26,8.951638221740723,9.016504917928772,8.951638221740723,9.003531727159814,24000
1995-09-27,9.120295524597168,9.18516224108021,9.120295524597168,9.133267977081589,21000
1995-09-28,9.224079132080078,9.224079132080078,9.146238507420069,9.211105199741267,96000
1995-09-29,9.250025749206543,9.327865633518856,9.250025749206543,9.250025749206543,10500
1995-10-02,8.990558624267578,8.990558624267578,8.990558624267578,8.990558624267578,3750
1995-10-03,9.055427551269531,9.133267458157864,9.055427551269531,9.068400745360346,97500
1995-10-04,9.224079132080078,9.224079132080078,9.159212439758878,9.159212439758878,7500
1995-10-05,9.237055778503418,9.314896432290737,9.237055778503418,9.314896432290737,15750
1995-10-06,9.288947105407715,9.379760932587141,9.27597391362303,9.3019202971924,195000
1995-10-09,9.081375122070312,9.146241838012646,9.081375122070312,9.133267900949392,192000
1995-10-10,8.990558624267578,9.107318827015973,8.97758469102855,9.042452130193894,279000
1995-10-11,8.808934211730957,8.808934211730957,8.795961016079188,8.795961016079188,38250
1995-10-12,8.808934211730957,8.808934211730957,8.808934211730957,8.808934211730957,2250
1995-10-13,8.67919921875,8.69217315553534,8.627305698639042,8.67919921875,116250
1995-10-16,8.73109245300293,8.795959159916848,8.73109245300293,8.795959159916848,28500
1995-10-17,8.821907043457031,8.821907043457031,8.770014262990664,8.80893384834044,114750
1995-10-18,8.73109245300293,8.757038838831145,8.73109245300293,8.73109245300293,11250
1995-10-19,8.782986640930176,8.782986640930176,8.718119923556394,8.782986640930176,34500
1995-10-20,9.120295524597168,9.120295524597168,9.055428065770636,9.068401260598545,98250
1995-10-23,9.133268356323242,9.224082950919989,9.133268356323242,9.224082950919989,100500
1995-10-24,9.172187805175781,9.237055260475179,9.159215353396732,9.237055260475179,46500
1995-10-25,9.02947998046875,9.10731987716215,9.02947998046875,9.10731987716215,4500
1995-10-26,8.938665390014648,8.990559644171197,8.938665390014648,8.990559644171197,33000
1995-10-27,8.951638221740723,8.951638221740723,8.886771525552673,8.886771525552673,6750
1995-10-30,8.92569351196289,8.92569351196289,8.92569351196289,8.92569351196289,1500
1995-10-31,8.847854614257812,8.925695273499734,8.847854614257812,8.925695273499734,33000
1995-11-01,9.068400382995605,9.081374318911442,9.0035336727901,9.081374318911442,34500
1995-11-02,9.172187805175781,9.19813493576423,9.107321092219834,9.19813493576423,12750
1995-11-03,9.159215927124023,9.159215927124023,9.159215927124023,9.159215927124023,17250
1995-11-06,9.366788864135742,9.366788864135742,9.250028630130648,9.250028630130648,162000
1995-11-07,9.366788864135742,9.431656320666095,9.366788864135742,9.366788864135742,4500
1995-11-08,9.37976360321045,9.37976360321045,9.31489688347474,9.366789665388486,66000
1995-11-09,9.263002395629883,9.263002395629883,9.185162482274919,9.263002395629883,13500
1995-11-10,9.37976360321045,9.37976360321045,9.301922945652775,9.37976360321045,86250
1995-11-13,9.340841293334961,9.340841293334961,9.288947780083769,9.340841293334961,210000
1995-11-14,9.211109161376953,9.211109161376953,9.159216379075831,9.211109161376953,12750
1995-11-15,8.873800277709961,8.9386669935271,8.873800277709961,8.92569454117585,342750
1995-11-16,8.951638221740723,8.951638221740723,8.899744716321631,8.899744716321631,12000
1995-11-17,8.951638221740723,8.951638221740723,8.925691840202806,8.925691840202806,12000
1995-11-20,9.016507148742676,9.016507148742676,8.951640436505665,8.977586824463092,29250
1995-11-21,8.938665390014648,8.938665390014648,8.873798685833986,8.938665390014648,16500
1995-11-22,8.847854614257812,8.847854614257812,8.78298715077503,8.847854614257812,54000
1995-11-24,8.860828399658203,8.860828399658203,8.795961674202427,8.860828399658203,8250
1995-11-27,8.964614868164062,8.964614868164062,8.899747409999387,8.964614868164062,10500
1995-11-28,9.120295524597168,9.120295524597168,9.029481676114814,9.029481676114814,71250
1995-11-29,9.133268356323242,9.133268356323242,9.055428441780135,9.133268356323242,15750
1995-11-30,9.19813346862793,9.19813346862793,9.13326602367513,9.19813346862793,45000
1995-12-01,9.211109161376953,9.26300268602161,9.211109161376953,9.211109161376953,48750
1995-12-04,9.40571117401123,9.40571117401123,9.327870506689292,9.327870506689292,24750
1995-12-05,9.418683052062988,9.418683052062988,9.327868465167567,9.405709115453096,41250
1995-12-06,9.535445213317871,9.587338743220503,9.522471274084507,9.522471274084507,70500
1995-12-07,9.781937599182129,9.781937599182129,9.678150561305323,9.678150561305323,95250
1995-12-08,9.73004150390625,9.73004150390625,9.702473102468065,9.702473102468065,49500
1995-12-11,9.665175437927246,9.665175437927246,9.6003079954446,9.61328192934711,33000
1995-12-12,9.613286972045898,9.613286972045898,9.548420237880379,9.561392693901052,90750
1995-12-13,9.509495735168457,9.509495735168457,9.431655094390031,9.431655094390031,24750
1995-12-14,9.522468566894531,9.522468566894531,9.496522180491446,9.496522180491446,15000
1995-12-15,9.340841293334961,9.418681934383432,9.340841293334961,9.418681934383432,11250
1995-12-18,9.250025749206543,9.35381349886168,9.250025749206543,9.35381349886168,15000
1995-12-19,9.353815078735352,9.353815078735352,9.263000504069673,9.263000504069673,21750
1995-12-20,9.5873384475708,9.66517911119614,9.5873384475708,9.600311644060497,99000
1995-12-21,9.665175437927246,9.665175437927246,9.6003079954446,9.665175437927246,26250
1995-12-22,9.561388969421387,9.561388969421387,9.470575873901863,9.561388969421387,53250
1995-12-26,9.698230743408203,9.763319290383377,9.68521243810745,9.68521243810745,188250
1995-12-27,9.685212135314941,9.685212135314941,9.607106030363024,9.685212135314941,51000
1995-12-28,9.659177780151367,9.659177780151367,9.581071669014635,9.659177780151367,21750
1995-12-29,9.515984535217285,9.515984535217285,9.515984535217285,9.515984535217285,16500
1996-01-02,9.476930618286133,9.476930618286133,9.424859620046032,9.424859620046032,29250
1996-01-03,9.476930618286133,9.476930618286133,9.424859620046032,9.424859620046032,112500
1996-01-04,10.596457481384277,10.635510913644673,10.570421611583258,10.635510913644673,161250
1996-01-05,10.622492790222168,10.622492790222168,10.544385929826122,10.544385929826122,54750
1996-01-08,10.466279983520508,10.466279983520508,10.427227294793976,10.466279983520508,18750
1996-01-09,10.375155448913574,10.453262315344661,10.375155448913574,10.414208882129117,157500
1996-01-10,10.271014213562012,10.271014213562012,10.20592564999608,10.231961522351856,50250
1996-01-11,10.010658264160156,10.010658264160156,9.893498711886313,9.893498711886313,103500
1996-01-12,9.99764347076416,9.99764347076416,9.984625159775103,9.984625159775103,8250
1996-01-15,10.023675918579102,10.023675918579102,10.010658355958695,10.010658355958695,27000
1996-01-16,10.127819061279297,10.166872495592552,10.075747318940087,10.114800753253343,309750
1996-01-17,10.179891586303711,10.179891586303711,10.11480301117348,10.179891586303711,12750
1996-01-18,10.1668701171875,10.205922797482593,10.088763266833055,10.088763266833055,226500
1996-01-19,10.192909240722656,10.192909240722656,10.179890930629128,10.179890930629128,90750
1996-01-22,10.036691665649414,10.036691665649414,9.958584820088047,10.036691665649414,42750
1996-01-23,9.737287521362305,9.789357780960602,9.737287521362305,9.789357780960602,54750
1996-01-24,9.659177780151367,9.659177780151367,9.55503505716542,9.620124352141909,75750
1996-01-25,9.854448318481445,9.854448318481445,9.763323863108104,9.841430751965968,74250
1996-01-26,10.088766098022461,10.088766098022461,10.023676789500504,10.049712661885755,44250
1996-01-29,9.88048267364502,9.88048267364502,9.815394101309403,9.815394101309403,13500
1996-01-30,9.919535636901855,9.919535636901855,9.815393628231284,9.815393628231284,84750
1996-01-31,9.893499374389648,9.893499374389648,9.893499374389648,9.893499374389648,32250
1996-02-01,9.841429710388184,9.841429710388184,9.77634113981701,9.841429710388184,69750
1996-02-02,9.841429710388184,9.841429710388184,9.660807642131008,9.77634113981701,20250
1996-02-05,9.76331901550293,9.76331901550293,9.685212165426057,9.698230470360286,37500
1996-02-06,9.945568084716797,9.945568084716797,9.893497839305123,9.893497839305123,45750
1996-02-07,9.958585739135742,10.023674286522317,9.958585739135742,10.023674286522317,25500
1996-02-08,10.257997512817383,10.257997512817383,10.205926508607504,10.244979947985513,34500
1996-02-09,10.101783752441406,10.101783752441406,10.036695188217593,10.101783752441406,111750
1996-02-12,10.101783752441406,10.101783752441406,10.023676879466954,10.075747879822474,41250
1996-02-13,9.99764347076416,9.99764347076416,9.932554895348764,9.932554895348764,153000
1996-02-14,9.991134643554688,10.010660992628267,9.958589983549583,9.971608294481108,189000
1996-02-15,9.99764347076416,10.049714480072973,9.99764347076416,10.049714480072973,39750
1996-02-16,10.218942642211914,10.218942642211914,10.15385408228623,10.218942642211914,59250
1996-02-20,9.945568084716797,10.023674942598712,9.945568084716797,10.023674942598712,12000
1996-02-21,9.945568084716797,9.945568084716797,9.867461971717084,9.945568084716797,15000
1996-02-22,9.776339530944824,9.776339530944824,9.711250226202848,9.763321223067052,60000
1996-02-23,9.828411102294922,9.854446976663233,9.776340843323089,9.815393537551964,74250
1996-02-26,9.9325532913208,9.9325532913208,9.867463981534332,9.9325532913208,60000
1996-02-27,9.776339530944824,9.841428090804508,9.776339530944824,9.777966353878112,8250
1996-02-28,9.81539249420166,9.81539249420166,9.763321495882442,9.763321495882442,121500
1996-02-29,9.63314437866211,9.63314437866211,9.581074121165708,9.63314437866211,87000
1996-03-01,9.581073760986328,9.581073760986328,9.515984451797967,9.581073760986328,80250
1996-03-04,9.63314437866211,9.63314437866211,9.555037502652757,9.620126814288009,60750
1996-03-05,9.646164894104004,9.646164894104004,9.581076312464644,9.581076312464644,13500
1996-03-06,9.424856185913086,9.424856185913086,9.39882032383856,9.411838627316845,75750
1996-03-07,9.112434387207031,9.112434387207031,9.060363384643496,9.073380949063786,210000
1996-03-08,8.969236373901367,9.034325672522524,8.969236373901367,8.9952729872085,51000
1996-03-11,9.086398124694824,9.125451561167049,9.0473446882226,9.060362996968237,45750
1996-03-12,9.086398124694824,9.177522561502567,9.086398124694824,9.112433997303755,33750
1996-03-13,9.034327507019043,9.060363380730756,9.008291633307332,9.008291633307332,78000
1996-03-14,8.93018627166748,8.982257278696748,8.93018627166748,8.956222147623334,41250
1996-03-15,9.2426118850708,9.2426118850708,9.2426118850708,9.2426118850708,33000
1996-03-18,9.372787475585938,9.385805782215659,9.320716483713719,9.372787475585938,415500
1996-03-19,9.54201889038086,9.54201889038086,9.47692959097476,9.47692959097476,118500
1996-03-20,9.59408950805664,9.607107815369208,9.542019258335431,9.542019258335431,71250
1996-03-21,9.659177780151367,9.659177780151367,9.607106791099485,9.607106791099485,181500
1996-03-22,9.685212135314941,9.685212135314941,9.620123590374657,9.67219457530331,145500
1996-03-25,9.867464065551758,9.867464065551758,9.78935719109589,9.78935719109589,22500
1996-03-26,9.958585739135742,9.971604044518779,9.893497191749168,9.971604044518779,51750
1996-03-27,9.945568084716797,9.945568084716797,9.893497839305123,9.945568084716797,53250
1996-03-28,9.958585739135742,9.958585739135742,9.88047888636613,9.945567433752705,24000
1996-03-29,9.958585739135742,9.997639165520548,9.958585739135742,9.997639165520548,12000
1996-04-01,9.97160816192627,9.97160816192627,9.919536408657319,9.97160816192627,10500
1996-04-02,9.9325532913208,9.9325532913208,9.9325532913208,9.9325532913208,15000
1996-04-03,9.945568084716797,9.945568084716797,9.893497839305123,9.945568084716797,9750
1996-04-04,9.841429710388184,9.841429710388184,9.789357960072344,9.789357960072344,48750
1996-04-08,9.81539249420166,9.81539249420166,9.789356622600893,9.789356622600893,9000
1996-04-09,9.893499374389648,9.893499374389648,9.815392504388598,9.815392504388598,60750
1996-04-10,9.789355278015137,9.867462137207003,9.789355278015137,9.80237358446859,82500
1996-04-11,9.789355278015137,9.789355278015137,9.737285031730178,9.789355278015137,24750
1996-04-12,9.81539249420166,9.81539249420166,9.763321495882442,9.763321495882442,54000
1996-04-15,9.867464065551758,9.867464065551758,9.867464065551758,9.867464065551758,20250
1996-04-16,9.945568084716797,9.971604697187038,9.945568084716797,9.945568084716797,33000
1996-04-17,9.99764347076416,10.075749612286144,9.99764347076416,10.075749612286144,32250
1996-04-18,9.99764347076416,10.049714480072973,9.99764347076416,10.049714480072973,10500
1996-04-19,10.127819061279297,10.127819061279297,10.127819061279297,10.127819061279297,130500
1996-04-22,10.336104393005371,10.336104393005371,10.271015819263928,10.271015819263928,36750
1996-04-23,10.375155448913574,10.375155448913574,10.323085197802559,10.323085197802559,21000
1996-04-24,10.388175964355469,10.388175964355469,10.349122522839963,10.349122522839963,18750
1996-04-25,10.401191711425781,10.401191711425781,10.375155840006565,10.401191711425781,9750
1996-04-26,10.492314338684082,10.492314338684082,10.440243349687682,10.440243349687682,13500
1996-04-29,10.596457481384277,10.596457481384277,10.544386486664504,10.596457481384277,34500
1996-04-30,10.362138748168945,10.427227307675865,10.362138748168945,10.427227307675865,11250
1996-05-01,10.218942642211914,10.231960950102888,10.192907516194559,10.231960950102888,28500
1996-05-02,10.101783752441406,10.153854752796928,10.101783752441406,10.101783752441406,30000
1996-05-03,10.1668701171875,10.1668701171875,10.114798387029785,10.1668701171875,12000
1996-05-06,10.114799499511719,10.153852928984254,10.114799499511719,10.153852928984254,84000
1996-05-07,10.088766098022461,10.127819534159167,10.088766098022461,10.127819534159167,523500
1996-05-08,10.153853416442871,10.153853416442871,10.12781829213278,10.12781829213278,123750
1996-05-09,9.994385719299316,9.994385719299316,9.971605729455707,9.971605729455707,144000
1996-05-10,9.97160816192627,9.97160816192627,9.919536408657319,9.97160816192627,16500
1996-05-13,9.97160816192627,9.97160816192627,9.893501276905303,9.93906350235379,75750
1996-05-14,10.06273078918457,10.101784227508402,10.036695660223602,10.036695660223602,125250
1996-05-15,10.284032821655273,10.284032821655273,10.27101451265712,10.27101451265712,14250
1996-05-16,10.284032821655273,10.284032821655273,10.218943511311583,10.284032821655273,27000
1996-05-17,10.036691665649414,10.036691665649414,9.997638242868732,9.997638242868732,50250
1996-05-20,10.101783752441406,10.101783752441406,10.036695188217593,10.036695188217593,15000
1996-05-21,10.14083480834961,10.179888238537595,10.114799684812436,10.114799684812436,36750
1996-05-22,10.323084831237793,10.349119955868813,10.323084831237793,10.323084831237793,13500
1996-05-23,10.157109260559082,10.179889997590548,10.157109260559082,10.179889997590548,42000
1996-05-24,9.99764347076416,9.99764347076416,9.945571716572875,9.99764347076416,15750
1996-05-28,9.81539249420166,9.81539249420166,9.763321495882442,9.802374930842435,79500
1996-05-29,9.9325532913208,9.9455701104428,9.867463981534332,9.867463981534332,13500
1996-05-30,10.114799499511719,10.19290635845679,10.114799499511719,10.19290635845679,228000
1996-05-31,10.205924034118652,10.205924034118652,10.153853042533704,10.179888165885068,33000
1996-06-03,10.010658264160156,10.010658264160156,9.98462239427582,9.98462239427582,42750
1996-06-04,9.854448318481445,9.854448318481445,9.841430751965968,9.841430751965968,61500
1996-06-05,9.906517028808594,9.932552900675665,9.867463593449147,9.867463593449147,18000
1996-06-06,9.99764347076416,10.049714480072973,9.984625159775103,9.984625159775103,9750
1996-06-07,10.101783752441406,10.101783752441406,10.049712752085886,10.049712752085886,20250
1996-06-10,10.101783752441406,10.101783752441406,10.06273031595418,10.06273031595418,17250
1996-06-11,10.218942642211914,10.231960950102888,10.192907516194559,10.231960950102888,17250
1996-06-12,10.596457481384277,10.635510913644673,10.596457481384277,10.596457481384277,91500
1996-06-13,10.81775951385498,10.830777076009007,10.76568777547438,10.76568777547438,93000
1996-06-14,10.869832038879395,10.869832038879395,10.85681373000888,10.85681373000888,8250
1996-06-17,10.75267219543457,10.778707322738295,10.75267219543457,10.778707322738295,118500
1996-06-18,11.013029098510742,11.013029098510742,10.960957345128445,10.986993221819594,60750
1996-06-19,10.934922218322754,11.000010792756711,10.934922218322754,10.934922218322754,24750
1996-06-20,10.973974227905273,10.973974227905273,10.973974227905273,10.973974227905273,5250
1996-06-21,11.000007629394531,11.065096929992688,11.000007629394531,11.03255227969361,68250
1996-06-24,11.130186080932617,11.130186080932617,11.06509752173588,11.130186080932617,35250
1996-06-25,11.134781837463379,11.134781837463379,11.082566455965287,11.082566455965287,22500
1996-06-26,11.043403625488281,11.056457094539997,11.017295940447962,11.017295940447962,69000
1996-06-27,11.017297744750977,11.06951237644592,11.017297744750977,11.06951237644592,20250
1996-06-28,10.886761665344238,10.886761665344238,10.821493557224226,10.886761665344238,23250
1996-07-01,10.847599983215332,10.847599983215332,10.782331882709125,10.808438824136815,15750
1996-07-02,10.704010009765625,10.782332331180333,10.704010009765625,10.730116952279184,42000
1996-07-03,10.76927661895752,10.782330835340295,10.756222402574746,10.782330835340295,225750
1996-07-05,10.756220817565918,10.762748298263888,10.756220817565918,10.762748298263888,9750
1996-07-08,10.76927661895752,10.76927661895752,10.717061994237156,10.717061994237156,15750
1996-07-09,10.79538631439209,10.79538631439209,10.756225149118,10.756225149118,86250
1996-07-10,10.67790412902832,10.704011822901236,10.67790412902832,10.704011822901236,66000
1996-07-11,10.586527824401855,10.677902874881978,10.586527824401855,10.677902874881978,295500
1996-07-12,10.455988883972168,10.455988883972168,10.39072078972269,10.39072078972269,95250
1996-07-15,10.0382719039917,10.181862319836473,10.0382719039917,10.181862319836473,387000
1996-07-16,9.659716606140137,9.71193124204768,9.555287334325053,9.555287334325053,558000
1996-07-17,9.907736778259277,9.920790998051409,9.855522139902073,9.920790998051409,36000
1996-07-18,9.920791625976562,9.920791625976562,9.855522763696108,9.855522763696108,35250
1996-07-19,10.103540420532227,10.103540420532227,10.051325789608093,10.097014431970834,21000
1996-07-22,10.0382719039917,10.0382719039917,10.0382719039917,10.0382719039917,7500
1996-07-23,9.973003387451172,10.025218764881396,9.973003387451172,10.025218764881396,33000
1996-07-24,9.790251731872559,9.790251731872559,9.738037105765033,9.790251731872559,16500
1996-07-25,9.71192741394043,9.71192741394043,9.672767012648258,9.672767012648258,36750
1996-07-26,9.790251731872559,9.790251731872559,9.77719751514298,9.77719751514298,13500
1996-07-29,9.80330753326416,9.80330753326416,9.751092151779316,9.790253314424424,42750
1996-07-30,9.94689655303955,9.94689655303955,9.894681921982716,9.894681921982716,32250
1996-07-31,9.94689655303955,9.94689655303955,9.894681921982716,9.94689655303955,29250
1996-08-01,10.0513277053833,10.0513277053833,9.973005370600426,9.99911381144424,42000
1996-08-02,10.025218963623047,10.07743359515139,10.025218963623047,10.025218963623047,74250
1996-08-05,10.168807029724121,10.181861245741612,10.12964662248232,10.181861245741612,82500
1996-08-06,10.0513277053833,10.0513277053833,9.973005370600426,9.99911381144424,18000
1996-08-07,9.80330753326416,9.80330753326416,9.764146370619052,9.80330753326416,12000
1996-08-08,9.86857795715332,9.86857795715332,9.83594352279601,9.83594352279601,5250
1996-08-09,9.8424654006958,9.8424654006958,9.8424654006958,9.8424654006958,72000
1996-08-12,9.86857795715332,9.86857795715332,9.803309835375925,9.842470260280027,11250
1996-08-13,9.920791625976562,9.933845099657791,9.920791625976562,9.927318362817177,15750
1996-08-14,9.907736778259277,9.933844470906433,9.881629832549228,9.881629832549228,274500
1996-08-15,9.894682884216309,9.894682884216309,9.868575939617555,9.894682884216309,33750
1996-08-16,9.907736778259277,9.907736778259277,9.868576359694202,9.894683305404254,9000
1996-08-19,9.907736778259277,9.907736778259277,9.868576359694202,9.868576359694202,251250
1996-08-20,9.933844566345215,9.97300498528652,9.920791093364778,9.97300498528652,522750
1996-08-21,10.025218963623047,10.103540537447058,10.025218963623047,10.103540537447058,70500
1996-08-22,10.181862831115723,10.181862831115723,10.116594728613213,10.116594728613213,29250
1996-08-23,10.0513277053833,10.0513277053833,9.99911381144424,9.99911381144424,37500
1996-08-26,9.894682884216309,9.894682884216309,9.894682884216309,9.894682884216309,1500
1996-08-27,9.8424654006958,9.8424654006958,9.777196564206784,9.816357716712822,101250
1996-08-28,9.816361427307129,9.868576815010554,9.816361427307129,9.816361427307129,10500
1996-08-29,9.72498607635498,9.72498607635498,9.711931856349583,9.711931856349583,45750
1996-08-30,9.672771453857422,9.724986093157877,9.672771453857422,9.724986093157877,90750
1996-09-03,9.659716606140137,9.724985461227368,9.659716606140137,9.659716606140137,18750
1996-09-04,9.738040924072266,9.790255570653269,9.72498744916132,9.738040924072266,102750
1996-09-05,9.816361427307129,9.88163028846784,9.816361427307129,9.88163028846784,265500
1996-09-06,9.790251731872559,9.790251731872559,9.724983635972384,9.738037105765033,15750
1996-09-09,9.80330753326416,9.80330753326416,9.738038679876631,9.738038679876631,123000
1996-09-10,9.920791625976562,9.920791625976562,9.86857698431449,9.89468393167695,51000
1996-09-11,9.94689655303955,9.94689655303955,9.8685749799228,9.8685749799228,15750
1996-09-12,10.025218963623047,10.025218963623047,9.94689664286203,9.94689664286203,7500
1996-09-13,10.103540420532227,10.129648109462792,10.090486949535443,10.103540420532227,60000
1996-09-16,10.142704963684082,10.142704963684082,10.090490315343109,10.142704963684082,70500
1996-09-17,10.338505744934082,10.338505744934082,10.273237648620627,10.273237648620627,9750
1996-09-18,10.312399864196777,10.312399864196777,10.24713101424372,10.273238703612346,78750
1996-09-19,10.351560592651367,10.351560592651367,10.299345216093869,10.299345216093869,24000
1996-09-20,10.103540420532227,10.103540420532227,10.051325789608093,10.07743347853866,161250
1996-09-23,10.103540420532227,10.103540420532227,10.07743347853866,10.07743347853866,51750
1996-09-24,10.129648208618164,10.181862840053407,10.077433577182921,10.077433577182921,720750
1996-09-25,10.221024513244629,10.221024513244629,10.181863350968879,10.181863350968879,700500
1996-09-26,10.221024513244629,10.221024513244629,10.168809132252266,10.221024513244629,45750
1996-09-27,10.299345016479492,10.299345016479492,10.234076917453068,10.234076917453068,36000
1996-09-30,10.286295890808105,10.286295890808105,10.247134716076488,10.286295890808105,51750
1996-10-01,10.338505744934082,10.338505744934082,10.286291118495932,10.338505744934082,9000
1996-10-02,10.442936897277832,10.442936897277832,10.442936897277832,10.442936897277832,10500
1996-10-03,10.39072322845459,10.455991338022676,10.39072322845459,10.39072322845459,13500
1996-10-04,10.403776168823242,10.46904502667585,10.390723442964664,10.390723442964664,56250
1996-10-07,10.547368049621582,10.547368049621582,10.495152661137393,10.547368049621582,29250
1996-10-08,10.482096672058105,10.547365518531963,10.482096672058105,10.495150142578089,76500
1996-10-09,10.472307205200195,10.521258469560141,10.469043837372,10.469043837372,48000
1996-10-10,10.46904468536377,10.534312794151402,10.46904468536377,10.534312794151402,16500
1996-10-11,10.547368049621582,10.560420776336901,10.508206881727016,10.508206881727016,69000
1996-10-14,10.599579811096191,10.599579811096191,10.599579811096191,10.599579811096191,28500
1996-10-15,10.78233528137207,10.78233528137207,10.717066413355703,10.717066413355703,18000
1996-10-16,10.756220817565918,10.782329246484196,10.717060414998905,10.782329246484196,27000
1996-10-17,10.756220817565918,10.756220817565918,10.720323781879488,10.756220817565918,25500
1996-10-18,10.834546089172363,10.834546089172363,10.78233220475745,10.834546089172363,14250
1996-10-21,10.586527824401855,10.586527824401855,10.54736666166063,10.573473605530078,72000
1996-10-22,10.260189056396484,10.260189056396484,10.207973658198416,10.260189056396484,81750
1996-10-23,10.129648208618164,10.129648208618164,10.077433577182921,10.077433577182921,40500
1996-10-24,10.090484619140625,10.090484619140625,10.038270000275444,10.038270000275444,36000
1996-10-25,9.94689655303955,9.94689655303955,9.894681921982716,9.894681921982716,77250
1996-10-28,9.94689655303955,9.973003495099467,9.907735393012674,9.94689655303955,54750
1996-10-29,10.0513277053833,10.103542346259504,10.0513277053833,10.103542346259504,69000
1996-10-30,10.09375286102295,10.155758357757746,10.090489492451347,10.090489492451347,35250
1996-10-31,10.064380645751953,10.064380645751953,10.0121652645797,10.064380645751953,42750
1996-11-01,10.132911682128906,10.194917164491557,10.129648314313716,10.136175049944097,33750
1996-11-04,10.142704963684082,10.207973087375988,10.142704963684082,10.194920358962305,354750
1996-11-05,10.24713134765625,10.31240019973297,10.24713134765625,10.31240019973297,304500
1996-11-06,10.459253311157227,10.508204573538716,10.442935725738739,10.442935725738739,52500
1996-11-07,10.534313201904297,10.586528587280005,10.534313201904297,10.534313201904297,33750
1996-11-08,10.704010009765625,10.717063481022405,10.67790232031505,10.717063481022405,12000
1996-11-11,10.730116844177246,10.730116844177246,10.677902212739156,10.730116844177246,30000
1996-11-12,10.704010009765625,10.756223894792745,10.704010009765625,10.704010009765625,38250
1996-11-13,10.78233528137207,10.78233528137207,10.73011988818409,10.73011988818409,16500
1996-11-14,10.78233528137207,10.78233528137207,10.73011988818409,10.756226837840861,171750
1996-11-15,10.743171691894531,10.808439798283242,10.743171691894531,10.79538557945586,27750
1996-11-18,10.76927661895752,10.76927661895752,10.743169680065794,10.76927661895752,15750
1996-11-19,10.952030181884766,10.965084401545239,10.91286976371464,10.952030181884766,288750
1996-11-20,11.356695175170898,11.408909815835644,11.356695175170898,11.356695175170898,29250
1996-11-21,11.226156234741211,11.226156234741211,11.17394235015439,11.226156234741211,54000
1996-11-22,11.356695175170898,11.356695175170898,11.317534007938054,11.317534007938054,15750
1996-11-25,11.669981002807617,11.669981002807617,11.617766371164569,11.617766371164569,15750
1996-11-26,11.382801055908203,11.382801055908203,11.330587167071009,11.330587167071009,18750
1996-11-27,11.4611234664917,11.474176938796045,11.395855358032891,11.435016521883005,187500
1996-11-29,11.043403625488281,11.043403625488281,11.017295940447962,11.017295940447962,20250
1996-12-02,10.76927661895752,10.782330835340295,10.704008524791293,10.717061994237156,15750
1996-12-03,10.808441162109375,10.808441162109375,10.704011879935566,10.730118827010445,178500
1996-12-04,11.147835731506348,11.20005111848027,11.147835731506348,11.147835731506348,52500
1996-12-05,11.800518989562988,11.878841317360111,11.800518989562988,11.800518989562988,83250
1996-12-06,11.474178314208984,11.5394464304915,11.461124840339915,11.487232535015218,28500
1996-12-09,11.800518989562988,11.800518989562988,11.748304353343931,11.748304353343931,61500
1996-12-10,11.774409294128418,11.82662466839815,11.774409294128418,11.774409294128418,95250
1996-12-11,11.42195987701416,11.513335657613695,11.382798721480516,11.513335657613695,92250
1996-12-12,11.356695175170898,11.435017509636587,11.356695175170898,11.435017509636587,27000
1996-12-13,11.356695175170898,11.408909815835644,11.356695175170898,11.382802122034702,25500
1996-12-16,11.278368949890137,11.330584319478747,11.278368949890137,11.278368949890137,15750
1996-12-17,11.147835731506348,11.147835731506348,11.08256761819464,11.08256761819464,33000
1996-12-18,10.847599983215332,10.847599983215332,10.821492294850659,10.847599983215332,6750
1996-12-19,10.860652923583984,10.860652923583984,10.808438296341356,10.834545236494197,42750
1996-12-20,11.017297744750977,11.017297744750977,10.965083113056034,10.991190055435,21000
1996-12-23,11.017297744750977,11.017297744750977,10.991190055435,11.017297744750977,77250
1996-12-24,10.991189956665039,11.05645880589995,10.991189956665039,11.05645880589995,12000
1996-12-26,11.302042961120605,11.354427815269243,11.302042961120605,11.3413317890751,23250
1996-12-27,11.655638694763184,11.708023538937882,11.655638694763184,11.655638694763184,47250
1996-12-30,11.590160369873047,11.590160369873047,11.52467948763056,11.52467948763056,15750
1996-12-31,11.524679183959961,11.590160064477052,11.524679183959961,11.524679183959961,8250
1997-01-02,11.524679183959961,11.590160064477052,11.524679183959961,11.524679183959961,21750
1997-01-03,11.590160369873047,11.590160369873047,11.52467948763056,11.52467948763056,20250
1997-01-06,11.655638694763184,11.708023538937882,11.655638694763184,11.655638694763184,15750
1997-01-07,11.60325813293457,11.60325813293457,11.52468046806114,11.52468046806114,14250
1997-01-08,11.341331481933594,11.341331481933594,11.288946629203622,11.315138680882587,61500
1997-01-09,10.8960599899292,10.8960599899292,10.817483084576375,10.817483084576375,112500
1997-01-10,10.535917282104492,10.594850170847755,10.529369266618833,10.594850170847755,165750
1997-01-13,10.529364585876465,10.529364585876465,10.490076510427706,10.529364585876465,60000
1997-01-14,10.660326957702637,10.660326957702637,10.607942108360225,10.614490120856527,17250
1997-01-15,10.75200080871582,10.75200080871582,10.660327133511728,10.660327133511728,129750
1997-01-16,10.974637031555176,10.974637031555176,10.909155406485231,10.974637031555176,50250
1997-01-17,10.869867324829102,10.869867324829102,10.817483220185231,10.817483220185231,45000
1997-01-20,10.503174781799316,10.503174781799316,10.450789920625875,10.463885948576193,53250
1997-01-21,10.555556297302246,10.555556297302246,10.490075428933185,10.542460273502819,63000
1997-01-22,10.843674659729004,10.869866710570822,10.778193783252439,10.817482608887186,176250
1997-01-23,10.948446273803711,11.000831134007507,10.948446273803711,10.987734356927445,75000
1997-01-24,10.961540222167969,11.040117872253994,10.961540222167969,10.961540222167969,36000
1997-01-27,11.040119171142578,11.040119171142578,10.96154151181176,10.96154151181176,34500
1997-01-28,11.157983779907227,11.184175830781543,11.121969709955042,11.184175830781543,23250
1997-01-29,11.249659538269043,11.315140426942975,11.249659538269043,11.249659538269043,18000
1997-01-30,10.974637031555176,10.974637031555176,10.93534820638761,10.974637031555176,22500
1997-01-31,11.06631088256836,11.105599711019197,11.040118829849183,11.105599711019197,80250
1997-02-03,10.974637031555176,10.974637031555176,10.948444231652795,10.948444231652795,117750
1997-02-04,10.948446273803711,10.974639078591684,10.948446273803711,10.974639078591684,22500
1997-02-05,10.974637031555176,11.000829082085545,10.974637031555176,10.974637031555176,44250
1997-02-06,10.791289329528809,10.791289329528809,10.73890522653341,10.73890522653341,198000
1997-02-07,10.8960599899292,10.8960599899292,10.804386309207528,10.804386309207528,114000
1997-02-10,10.987732887268066,11.027021714508892,10.96154083535555,11.027021714508892,58500
1997-02-11,11.027018547058105,11.027018547058105,10.974634458280116,11.013923274235443,38250
1997-02-12,11.223464965820312,11.272575811935331,11.14488806165951,11.14488806165951,334500
1997-02-13,11.838990211486816,11.852086239819547,11.60325870400889,11.629450760674356,489000
1997-02-14,11.734217643737793,11.734217643737793,11.668736768563173,11.734217643737793,176250
1997-02-18,11.48538875579834,11.48538875579834,11.446099933212835,11.48538875579834,79500
1997-02-19,11.354429244995117,11.380621300681453,11.315140412093456,11.34133321715195,230250
1997-02-20,11.367523193359375,11.367523193359375,11.302041571694566,11.302041571694566,235500
1997-02-21,11.311864852905273,11.315138859416802,11.249657979814168,11.315138859416802,68250
1997-02-24,10.8960599899292,10.8960599899292,10.830578361201118,10.8960599899292,86250
1997-02-25,11.04994010925293,11.053214115623462,11.01392603917707,11.04011809014133,32250
1997-02-26,11.000831604003906,11.023750402844078,10.948446741562032,11.013928381643511,269250
1997-02-27,10.987732887268066,11.040118489837202,10.974637610683859,10.974637610683859,123000
1997-02-28,10.948446273803711,10.974639078591684,10.948446273803711,10.948446273803711,12000
1997-03-03,10.922252655029297,10.922252655029297,10.869867798729507,10.915705391035429,230250
1997-03-04,11.000831604003906,11.000831604003906,10.948446741562032,11.000831604003906,191250
1997-03-05,10.8960599899292,10.8960599899292,10.817483084576375,10.8960599899292,23250
1997-03-06,10.634137153625488,10.686522767095166,10.634137153625488,10.686522767095166,62250
1997-03-07,10.817483901977539,10.843675955950278,10.817483901977539,10.843675955950278,95250
1997-03-10,10.922252655029297,10.922252655029297,10.869867798729507,10.909156628297373,117750
1997-03-11,11.040119171142578,11.079408000807987,11.040119171142578,11.053215197907015,27000
1997-03-12,11.06631088256836,11.131792513110446,11.06631088256836,11.06631088256836,72750
1997-03-13,10.791289329528809,10.843674931268286,10.791289329528809,10.843674931268286,96750
1997-03-14,10.738906860351562,10.791290971316686,10.738906860351562,10.765098915834123,67500
1997-03-17,10.765096664428711,10.765096664428711,10.686519765042396,10.71271181504717,37500
1997-03-18,10.778194427490234,10.817483255473366,10.778194427490234,10.817483255473366,40500
1997-03-19,11.013925552368164,11.027020827899468,10.961539954011007,11.027020827899468,78000
1997-03-20,10.974637031555176,11.027021132615914,10.948444231652795,11.000829082085545,144750
1997-03-21,10.974637031555176,10.974637031555176,10.922251431750416,10.922251431750416,38250
1997-03-24,10.712712287902832,10.752001114016183,10.68652023674195,10.68652023674195,164250
1997-03-25,10.75200080871582,10.791288884341567,10.75200080871582,10.75200080871582,108000
1997-03-26,11.06631088256836,11.06631088256836,11.013926777130008,11.013926777130008,36000
1997-03-27,11.157983779907227,11.236561431274216,11.157983779907227,11.223464656465037,185250
1997-03-31,11.157983779907227,11.223464656465037,11.157983779907227,11.157983779907227,67500
1997-04-01,11.419910430908203,11.419910430908203,11.344607519477268,11.367526318171675,142500
1997-04-02,11.708026885986328,11.77350777258116,11.708026885986328,11.721123662803004,36000
1997-04-03,11.969947814941406,12.022333408729297,11.969947814941406,11.969947814941406,188250
1997-04-04,11.750590324401855,11.812796453971858,11.747315568210256,11.786604399416069,30750
1997-04-07,11.81279468536377,11.81279468536377,11.747313809405943,11.747313809405943,44250
1997-04-08,12.205684661865234,12.205684661865234,12.114011711073605,12.114011711073605,116250
1997-04-09,12.205684661865234,12.205684661865234,12.153300546768424,12.153300546768424,18750
1997-04-10,11.786605834960938,11.786605834960938,11.734220970097036,11.786605834960938,112500
1997-04-11,11.943756103515625,12.005963716874792,11.943756103515625,11.969948151774688,60000
1997-04-14,11.655638694763184,11.681831491536492,11.629446647361794,11.655638694763184,33000
1997-04-15,11.838990211486816,11.838990211486816,11.747316514413319,11.7866053487837,117750
1997-04-16,11.825891494750977,11.825891494750977,11.760410618601025,11.773505894584597,264000
1997-04-17,11.4461030960083,11.498487957473342,11.4461030960083,11.498487957473342,159000
1997-04-18,11.4461030960083,11.485391929450124,11.406815011938644,11.472295901426905,93000
1997-04-21,11.57706356048584,11.57706356048584,11.524679454340834,11.57706356048584,180000
1997-04-22,11.64254379272461,11.708024666908539,11.629447767762223,11.655639817686996,63000
1997-04-23,11.973222732543945,12.04852561956237,11.96994797718738,11.96994797718738,27000
1997-04-24,12.179491996765137,12.179491996765137,12.127107134909238,12.179491996765137,101250
1997-04-25,12.231874465942383,12.284259317551275,12.231874465942383,12.231874465942383,184500
1997-04-28,12.24824333190918,12.284258148140589,12.244969325831049,12.284258148140589,45750
1997-04-29,12.31045150756836,12.31045150756836,12.231873859365663,12.258066658557226,57000
1997-04-30,12.441413879394531,12.441413879394531,12.375933002189495,12.375933002189495,45750
1997-05-01,12.519990921020508,12.519990921020508,12.454510047008544,12.454510047008544,20250
1997-05-02,13.148612976074219,13.148612976074219,13.070035309136655,13.070035309136655,45750
1997-05-05,13.148612976074219,13.148612976074219,13.08313133716886,13.08313133716886,89250
1997-05-06,13.58078670501709,13.620074785667958,13.58078670501709,13.606980257528543,81750
1997-05-07,13.55459213256836,13.659361826913496,13.55459213256836,13.620072254819114,153000
1997-05-08,13.606976509094238,13.606976509094238,13.528398870694774,13.528398870694774,34500
1997-05-09,13.096227645874023,13.358151179645448,13.083130120315673,13.305765573644644,652500
1997-05-12,13.253378868103027,13.253378868103027,13.20099327237226,13.20099327237226,35250
1997-05-13,13.253378868103027,13.266474892349741,13.187897248125545,13.187897248125545,51000
1997-05-14,13.266475677490234,13.266475677490234,13.2009940536374,13.2009940536374,21750
1997-05-15,13.24028205871582,13.24028205871582,13.174800442621358,13.174800442621358,58500
1997-05-16,13.266475677490234,13.266475677490234,13.2009940536374,13.266475677490234,24750
1997-05-19,13.00455093383789,13.148610209368128,13.00455093383789,13.148610209368128,52500
1997-05-20,13.135516166687012,13.135516166687012,13.070034531676773,13.135516166687012,96750
1997-05-21,12.467608451843262,12.467608451843262,12.389031537903978,12.441415647615411,264750
1997-05-22,12.441413879394531,12.467606679899761,12.205681672335563,12.205681672335563,288000
1997-05-23,12.768818855285645,12.808106929188943,12.768818855285645,12.768818855285645,10500
1997-05-27,12.991454124450684,12.991454124450684,12.912876478789906,12.991454124450684,27000
1997-05-28,13.489113807678223,13.528401886263627,13.397438626824025,13.397438626824025,509250
1997-05-29,13.436727523803711,13.515305175739979,13.436727523803711,13.515305175739979,32250
1997-05-30,13.292667388916016,13.331955458550777,13.253377820537466,13.27956986696064,91500
1997-06-02,13.567691802978516,13.567691802978516,13.51530769110106,13.567691802978516,16500
1997-06-03,13.593880653381348,13.593880653381348,13.541496553856444,13.580784628500123,54750
1997-06-04,13.659361839294434,13.685555386962406,13.567688169316355,13.567688169316355,114000
1997-06-05,13.921289443969727,13.921289443969727,13.829615756743818,13.829615756743818,53250
1997-06-06,13.9343843460083,13.9343843460083,13.803422588576735,13.803422588576735,115500
1997-06-09,13.724843978881836,13.88199927585138,13.724843978881838,13.88199927585138,297750
1997-06-10,13.85580825805664,13.85580825805664,13.777230595219095,13.85580825805664,123000
1997-06-11,13.882000923156738,13.96057708222175,13.855807371390904,13.96057708222175,141000
1997-06-12,13.777230262756348,13.777230262756348,13.698652601814985,13.698652601814985,196500
1997-06-13,13.58078670501709,13.672460391946654,13.58078670501709,13.672460391946654,22500
1997-06-16,13.803424835205078,13.803424835205078,13.672461557714,13.69865361371448,298500
1997-06-17,13.829614639282227,13.855806691017767,13.777229037067055,13.777229037067055,98250
1997-06-18,13.85580825805664,13.908193866196424,13.85580825805664,13.85580825805664,102000
1997-06-19,14.078441619873047,14.078441619873047,13.986766454380378,13.986766454380378,21000
1997-06-20,14.039152145385742,14.052248169476236,13.960574502098888,14.052248169476236,54750
1997-06-23,13.803424835205078,13.803424835205078,13.75103922445978,13.803424835205078,17250
1997-06-24,13.9343843460083,14.039154051702372,13.9343843460083,14.012960501220787,37500
1997-06-25,14.439396858215332,14.465651410507972,14.360637708040901,14.373764233069974,21000
1997-06-26,14.54440975189209,14.623170391786394,14.521437585624113,14.583789320722113,82500
1997-06-27,14.518157005310059,14.518157005310059,14.4262713333047,14.518157005310059,289500
1997-06-30,14.334383964538574,14.610043981282667,14.324538320125818,14.373763537720752,75000
1997-07-01,14.12435531616211,14.12435531616211,14.058722693036477,14.111230293771433,114750
1997-07-02,14.334383964538574,14.334383964538574,14.321255937910092,14.321255937910092,8250
1997-07-03,14.206400871276855,14.255626098480008,14.17686543450802,14.17686543450802,25500
1997-07-07,14.46565055847168,14.544411206241552,14.46565055847168,14.524721419857686,19500
1997-07-08,14.413145065307617,14.413145065307617,14.334385908263618,14.413145065307617,21750
1997-07-09,14.442670822143555,14.491896013427095,14.413135406926708,14.413135406926708,38250
1997-07-10,14.859453201293945,14.859453201293945,14.767566023664399,14.833198648946576,30750
1997-07-11,15.148240089416504,15.148240089416504,15.04650877696808,15.148240089416504,41250
1997-07-14,15.410772323608398,15.410772323608398,15.332011691189349,15.410772323608398,19500
1997-07-15,15.384519577026367,15.410774125725636,15.305758935397144,15.410774125725636,42750
1997-07-16,15.660179138183594,15.660179138183594,15.519066777504833,15.594545027890138,151500
1997-07-17,15.555170059204102,15.660183765361996,15.555170059204102,15.660183765361996,42750
1997-07-18,15.213869094848633,15.213869094848633,15.121981955220292,15.121981955220292,37500
1997-07-21,15.213869094848633,15.226994112242535,15.121981955220292,15.226994112242535,33000
1997-07-22,15.135111808776855,15.226997466411687,15.121985286257594,15.213872446126635,16500
1997-07-23,15.43702507019043,15.43702507019043,15.332011396395535,15.43702507019043,113250
1997-07-24,15.93584156036377,15.962094605171718,15.857080923705732,15.883335470747875,42750
1997-07-25,15.80457878112793,15.80457878112793,15.80457878112793,15.80457878112793,9000
1997-07-28,16.52654266357422,16.52654266357422,16.43465551239833,16.447782033675733,109500
1997-07-29,16.32964324951172,16.32964324951172,16.277137159869806,16.32964324951172,24000
1997-07-30,16.224628448486328,16.224628448486328,16.145867817223785,16.145867817223785,36000
1997-07-31,16.77594757080078,16.85470819130246,16.723441491955587,16.723441491955587,91500
1997-08-01,16.198375701904297,16.303389378098057,16.172121156180268,16.172121156180268,302250
1997-08-04,16.145875930786133,16.145875930786133,15.988354589104036,16.067115259945083,492000
1997-08-05,15.581421852111816,15.647055976499033,15.568295327681257,15.62080142540349,280500
1997-08-06,15.82754135131836,15.830823732176663,15.752063116149158,15.765189635114774,52500
1997-08-07,16.040851593017578,16.040851593017578,15.962090974275215,16.040851593017578,87750
1997-08-08,16.15900230407715,16.21150841597825,16.093368161965937,16.093368161965937,100500
1997-08-11,15.72581958770752,15.752072641514122,15.647058924053008,15.73894611461082,234750
1997-08-12,15.909590721130371,15.90959072113037,15.870209646224785,15.870209646224785,75000
1997-08-13,15.988348007202148,16.06710864561991,15.962094961807638,15.962094961807638,156000
1997-08-14,16.723445892333984,16.775951984994915,16.723445892333984,16.736572415499218,62250
1997-08-15,16.684066772460938,16.77595394760166,16.684066772460938,16.72344784879808,29250
1997-08-18,16.552799224853516,16.552799224853516,16.460912054144636,16.460912054144636,14250
1997-08-19,15.948970794677734,15.948970794677734,15.843957095355568,15.857083619991533,241500
1997-08-20,16.145875930786133,16.145875930786133,16.080243290280965,16.10649634648303,134250
1997-08-21,15.857080459594727,15.962094137987132,15.857080459594727,15.870206981614508,151500
1997-08-22,15.3976469039917,15.568294719390183,15.318887760485662,15.568294719390183,261750
1997-08-25,14.925081253051758,14.990713851615967,14.911953231105029,14.964460812190282,87000
1997-08-26,15.069480895996094,15.095735448847543,15.00384676721926,15.016974794762248,42750
1997-08-27,14.701932907104492,14.715057929487845,14.610044230310988,14.675678355634442,168750
1997-08-28,14.557534217834473,14.71505397313105,14.557534217834473,14.636293344365738,150000
1997-08-29,14.610039710998535,14.610039710998535,14.557533628768997,14.557533628768997,22500
1997-09-02,15.016972541809082,15.016972541809082,14.820071687253579,14.859451257270958,198000
1997-09-03,15.555170059204102,15.620802686656193,15.515790482732848,15.515790482732848,111750
1997-09-04,15.43702507019043,15.515785701095123,15.423897046511241,15.515785701095123,26250
1997-09-05,15.43702507019043,15.515785701095123,15.423897046511241,15.515785701095123,64500
1997-09-08,15.082601547241211,15.161362170652428,15.043221986652574,15.043221986652574,145500
1997-09-09,15.384519577026367,15.437027172190614,15.384519577026367,15.397646100258857,42000
1997-09-10,15.647054672241211,15.752068361166703,15.647054672241211,15.752068361166703,84000
1997-09-11,15.358264923095703,15.410772512764268,15.292632313802665,15.332011879378488,57000
1997-09-12,14.747875213623047,14.747875213623047,14.570664133178056,14.623171731997992,135750
1997-09-15,14.701932907104492,14.754439005575698,14.688804880252242,14.754439005575698,51750
1997-09-16,15.056346893310547,15.056346893310545,14.911952182158622,14.911952182158622,39750
1997-09-17,14.951336860656738,15.0432240166639,14.951336860656738,14.964463382624311,92250
1997-09-18,15.279502868652344,15.358263494713055,15.279502868652344,15.358263494713055,6000
1997-09-19,15.633930206298828,15.699562831617945,15.59454912887286,15.699562831617945,76500
1997-09-22,15.633930206298828,15.633930206298828,15.581422603809036,15.633930206298828,50250
1997-09-23,15.555170059204102,15.63393071438116,15.542043533713684,15.587987875164696,41250
1997-09-24,15.93584156036377,15.962094605171718,15.883335470747875,15.962094605171718,34500
1997-09-25,15.620797157287598,15.620797157287598,15.542038032223836,15.594544115599676,27000
1997-09-26,15.358264923095703,15.423897532388741,15.358264923095703,15.384517966812918,87750
1997-09-29,15.174492835998535,15.226998931126246,15.121986740870826,15.121986740870826,26250
1997-09-30,15.332013130187988,15.332013130187988,15.240125967447304,15.332013130187988,89250
1997-10-01,15.89646053314209,15.988347692448174,15.89646053314209,15.935841602692811,69000
1997-10-02,15.555170059204102,15.647057239871577,15.555170059204102,15.555170059204102,10500
1997-10-03,15.647054672241211,15.660181195577609,15.52891445997932,15.607675102232015,60000
1997-10-06,15.502657890319824,15.502657890319824,15.410772238942217,15.463278325443707,22500
1997-10-07,15.03010082244873,15.095736457847181,15.03010082244873,15.056355377055036,76500
1997-10-08,15.226999282836914,15.358267528156906,15.21387426098618,15.292634907731298,198750
1997-10-09,14.977592468261719,14.99071899247612,14.898833322975308,14.964465944047317,69000
1997-10-10,14.951336860656738,15.0432240166639,14.951336860656738,15.0432240166639,348000
1997-10-13,14.925081253051758,14.990713851615967,14.911953231105029,14.977587331903125,240000
1997-10-14,15.121984481811523,15.14823752545346,15.06947689229352,15.08260341411449,176250
1997-10-15,14.885702133178711,15.043223394745631,14.872575611753815,15.043223394745631,363000
1997-10-16,14.780691146850586,14.859451791953665,14.71505702555896,14.767564623039132,72000
1997-10-17,14.01933765411377,14.189985430472708,13.940578528625668,14.189985430472708,789750
1997-10-20,13.6517915725708,13.6649195981361,13.441765697040543,13.441765697040543,191250
1997-10-21,13.730552673339844,13.730552673339844,13.625538980950502,13.651792028489249,100500
1997-10-22,14.12435531616211,14.203115966147315,14.12435531616211,14.163736392271938,114750
1997-10-23,13.796182632446289,13.927449332774387,13.796182632446289,13.901196293155547,154500
1997-10-24,13.494271278381348,13.769932764576385,13.49427127838135,13.769932764576385,451500
1997-10-27,12.85106372833252,13.441766318963818,12.85106372833252,13.441766318963818,450750
1997-10-28,13.061087608337402,13.52052488904886,12.654160922020553,12.667285941709459,222750
1997-10-29,13.533650398254395,13.61241103487561,13.507397353458721,13.599284512477773,150750
1997-10-30,12.949515342712402,13.13985145943498,12.903571002498014,13.034837756103606,436500
1997-10-31,12.87731647491455,12.90356952217697,12.785429307261747,12.89044299854576,75000
1997-11-03,13.11359691619873,13.13984996348408,12.864188460284902,12.877316486161915,225000
1997-11-04,12.824806213378906,12.956074426884372,12.732920567052712,12.956074426884372,309000
1997-11-05,12.995454788208008,12.995454788208008,12.877314590580214,12.91669415571144,126000
1997-11-06,12.772300720214844,12.956075025830982,12.70666661042791,12.956075025830982,666750
1997-11-07,12.115965843200684,12.181599962273458,12.024079428509676,12.129092366568377,623250
1997-11-10,11.85999584197998,11.958446277441288,11.81405225535689,11.81405225535689,187500
1997-11-11,11.892812728881836,11.971572625419693,11.879685453527857,11.971572625419693,135000
1997-11-12,11.695910453796387,11.892811298128871,11.695910453796387,11.892811298128871,200250
1997-11-13,11.958443641662598,12.155344469186003,11.905936804397493,12.155344469186003,291000
1997-11-14,11.577770233154297,11.748418043028925,11.341489054698666,11.341489054698666,261000
1997-11-17,12.417877197265625,12.536017372313594,12.391622656628654,12.509763582793537,164250
1997-11-18,12.601653099060059,12.864186537134401,12.601653099060059,12.851061517688208,164250
1997-11-19,12.266923904418945,12.325994014490732,12.194726519017825,12.194726519017825,126000
1997-11-20,12.70666790008545,12.70666790008545,12.49664053013154,12.575401169422818,121500
1997-11-21,12.509767532348633,12.956076837278944,12.444134164502247,12.811682076006022,214500
1997-11-24,12.339118957519531,12.457259155332627,12.299738641209478,12.299738641209478,46500
1997-11-25,12.404752731323242,12.470386093285924,12.260358734111675,12.431005775661482,87750
1997-11-26,12.837934494018555,12.837934494018555,12.6804147193479,12.706667764753972,195000
1997-11-28,12.65416145324707,12.73292209032589,12.562273542577048,12.680414498195276,255750
1997-12-01,13.021706581115723,13.021706581115723,12.719792104067714,12.864185331249818,131250
1997-12-02,13.034834861755371,13.166103088447732,13.034834861755371,13.166103088447732,100500
1997-12-03,12.929824829101562,12.982330926702202,12.864189202631914,12.929824829101562,78000
1997-12-04,12.693541526794434,12.824808259003612,12.693541526794434,12.824808259003612,27000
1997-12-05,13.061087608337402,13.179229310113099,13.021708042568266,13.03483456449131,77250
1997-12-08,13.126725196838379,13.126725196838379,13.047964551219412,13.126725196838379,6750
1997-12-09,13.4811429977417,13.533649082227296,13.402382368779255,13.468016476620301,31500
1997-12-10,13.257990837097168,13.46801973251622,13.257990837097166,13.376132560218638,65250
1997-12-11,13.061087608337402,13.271116465808563,13.061087608337402,13.271116465808563,102000
1997-12-12,12.378501892089844,12.562275488546177,12.352248091957673,12.562275488546177,186750
1997-12-15,12.076584815979004,12.076584815979004,11.800923334669791,11.892811246223305,121500
1997-12-16,11.827179908752441,11.932192858666555,11.814052632785595,11.86655948330127,217500
1997-12-17,12.549147605895996,12.667287064794758,12.549147605895996,12.627907495534217,162750
1997-12-18,12.234107971191406,12.516333525603855,12.234107971191406,12.516333525603855,213000
1997-12-19,12.050331115722656,12.214414892658297,11.932190165390658,12.214414892658297,164250
1997-12-22,11.994544982910156,12.0175164006864,11.9715728140167,11.997825862903834,47250
1997-12-23,12.01095199584961,12.096275147733127,11.965008413550573,11.965008413550573,74250
1997-12-24,11.709036827087402,11.794360725507605,11.682783030989992,11.787797464262528,39750
1997-12-26,11.98346996307373,11.98346996307373,11.911041997005674,11.911041997005674,12750
1997-12-29,12.233675956726074,12.233675956726074,12.055899624254963,12.055899624254963,151500
1997-12-30,12.391702651977539,12.391702651977539,12.292937753451426,12.339028089664703,75000
1997-12-31,12.299517631530762,12.457542016122218,12.299517631530762,12.404866718914326,24750
1998-01-02,12.246848106384277,12.325860331057841,12.246848106384277,12.325860331057841,83250
1998-01-05,12.299517631530762,12.299517631530762,12.154662447999334,12.299517631530762,34500
1998-01-06,12.260014533996582,12.273182230435705,12.141496223849495,12.181002327231857,144750
1998-01-07,12.483880996704102,12.536555549195429,12.43120569069654,12.510217896191648,57000
1998-01-08,12.562891006469727,12.562891006469727,12.444373465349052,12.444373465349052,11250
1998-01-09,12.28635025024414,12.635319415055639,12.28635025024414,12.50363266763984,119250
1998-01-12,12.299517631530762,12.391698271370407,12.24684308783898,12.273179982926816,69000
1998-01-13,12.233675956726074,12.233675956726074,12.009809296536622,12.009809296536622,96750
1998-01-14,12.273183822631836,12.45754591350551,12.273183822631836,12.404870599817977,67500
1998-01-15,12.391702651977539,12.391702651977539,12.286353527351867,12.325859637465589,17250
1998-01-16,12.925028800964355,12.925028800964355,12.773590145825112,12.773590145825112,74250
1998-01-20,12.87894058227539,12.87894058227539,12.681410809497962,12.681410809497962,58500
1998-01-21,12.957951545715332,13.115975951541982,12.91844619777488,13.010626850001689,93750
1998-01-22,12.720914840698242,12.720914840698242,12.602396551265977,12.668239543050936,70500
1998-01-23,13.050131797790527,13.148896671645685,13.010626451061416,13.010626451061416,16500
1998-01-26,12.799928665161133,12.82626556382563,12.641904259109296,12.76042181013196,46500
1998-01-27,12.852602005004883,12.852602005004883,12.562891608910304,12.694579111610258,92250
1998-01-28,12.391702651977539,12.431208008574883,12.325859637465589,12.378534199778425,39750
1998-01-29,12.905275344848633,12.931613748678192,12.760420905431499,12.786757802228738,72000
1998-01-30,12.536556243896484,12.747254465537427,12.536556243896484,12.720917564590447,156750
1998-02-02,12.81309700012207,12.81309700012207,12.687993718517543,12.687993718517543,99000
1998-02-03,12.536556243896484,12.562893144843464,12.391701028139268,12.510218589433228,272250
1998-02-04,12.339027404785156,12.457545728547943,12.31927472758286,12.457545728547943,48000
1998-02-05,12.108574867248535,12.141496747071939,11.996641530771756,12.141496747071939,102000
1998-02-06,12.009809494018555,12.055899822494776,11.904460387077547,12.003225269024272,25500
1998-02-09,11.52256965637207,11.713515201023068,11.52256965637207,11.634503745195385,252750
1998-02-10,11.3513765335083,11.40405108389124,11.167015230409913,11.252611657350766,189750
1998-02-11,11.456727027893066,11.456727027893066,11.377714815949354,11.430390126256027,55500
1998-02-12,11.64108657836914,11.64108657836914,11.483062921864953,11.548906677212205,96000
1998-02-13,11.693760871887207,11.693760871887207,11.562074126107225,11.667423974840911,32250
1998-02-17,12.115158081054688,12.115158081054688,12.022978181574263,12.115158081054688,45750
1998-02-18,12.08881950378418,12.115156398974456,11.983470415990851,12.115156398974456,58500
1998-02-19,11.838616371154785,11.930797779607184,11.838616371154785,11.930797779607184,26250
1998-02-20,11.825448036193848,11.9571340331183,11.825448036193848,11.943965584129092,21750
1998-02-23,12.03614616394043,12.03614616394043,11.957134712003,12.03614616394043,26250
1998-02-24,11.957134246826172,12.088820999620433,11.957134246826172,12.088820999620433,27750
1998-02-25,12.181001663208008,12.220507764436771,12.088821011512962,12.088821011512962,42000
1998-02-26,12.233675956726074,12.246845160014342,12.029562724710905,12.115158401745333,162000
1998-02-27,12.049315452575684,12.141496108419412,12.049315452575684,12.062484655922102,61500
1998-03-02,12.181001663208008,12.299519213378092,12.151371898907383,12.273181561386847,106500
1998-03-03,12.174417495727539,12.31268848247712,12.167833270670357,12.31268848247712,23250
1998-03-04,12.154664039611816,12.312687691379828,12.154664039611816,12.273181590058774,55500
1998-03-05,12.194169044494629,12.194169044494629,12.049313855019546,12.06248305661993,56250
1998-03-06,12.207337379455566,12.220506580933913,12.062482944838967,12.194168931493355,100500
1998-03-09,12.194169044494629,12.233674388747353,12.194169044494629,12.220506694179253,25500
1998-03-10,11.693760871887207,11.693760871887207,11.588411776669687,11.6279178757553,123750
1998-03-11,11.272366523742676,11.31187187643605,11.167016656011437,11.272366523742676,225000
1998-03-12,11.390881538391113,11.390881538391113,11.27236399981494,11.27236399981494,88500
1998-03-13,11.720097541809082,11.799109738449122,11.69376064527317,11.69376064527317,71250
1998-03-16,11.555489540100098,11.588411413893512,11.259194936507786,11.456724672235994,49200
1998-03-17,11.654253959655762,11.720096951193643,11.522567223063884,11.720096951193643,31200
1998-03-18,11.753019332885742,11.753019332885742,11.45672472785501,11.45672472785501,36900
1998-03-19,11.52256965637207,11.753021305695045,11.52256965637207,11.720099426215684,53700
1998-03-20,11.785945892333984,11.884710799941487,11.654259097685168,11.884710799941487,94950
1998-03-23,11.8847074508667,11.917628575114495,11.720098815562784,11.8847074508667,159150
1998-03-24,11.98346996307373,12.115155941080243,11.654253511025283,11.753018371288208,213900
1998-03-25,12.213922500610352,12.213922500610352,11.785941882272075,11.983471630279338,215100
1998-03-26,12.444374084472656,12.510217082424788,12.148079463413783,12.246844337100073,116400
1998-03-27,12.312685012817383,12.345606882342311,12.115155302699906,12.345606882342311,234600
1998-03-30,11.98346996307373,11.98346996307373,11.720096500028538,11.851783231551135,139200
1998-03-31,12.016392707824707,12.148079457177557,11.851784836270786,12.016392707824707,269100
1998-04-01,12.246848106384277,12.246848106384277,12.04931829821679,12.181005088167256,109350
1998-04-02,12.444374084472656,12.444374084472656,12.049314589727492,12.049314589727492,236400
1998-04-03,12.279765129089355,12.378529994059202,12.115156518462202,12.378529994059202,137250
1998-04-06,12.279765129089355,12.279765129089355,12.115156518462202,12.181000264119511,56700
1998-04-07,12.016392707824707,12.510217076002657,11.917627834189117,12.049314583541966,80400
1998-04-08,12.378531455993652,12.378531455993652,12.0493149493742,12.24684470264263,86400
1998-04-09,12.444374084472656,12.444374084472656,12.115157587679624,12.312687335052205,76650
1998-04-13,12.641904830932617,12.773592344276494,12.510218071104987,12.641904830932617,84150
1998-04-14,12.674826622009277,12.674826622009277,12.444374242460633,12.64190399234096,90900
1998-04-15,12.806513786315918,12.806513786315918,12.641906631736981,12.77359416383938,84750
1998-04-16,12.510217666625977,12.658364230557362,12.444374665599113,12.608982544924382,383550
1998-04-17,12.510217666625977,12.510217666625977,12.37853166457225,12.510217666625977,64050
1998-04-20,12.378531455993652,12.378531455993652,12.115157949291607,12.345609579276845,91200
1998-04-21,12.510217666625977,12.510217666625977,12.37853166457225,12.444374665599113,650700
1998-04-22,12.641904830932617,12.773592344276494,12.576061827776925,12.641904830932617,100500
1998-04-23,12.773591041564941,12.773591041564941,12.510216795253593,12.641903541651182,60000
1998-04-24,12.641904830932617,12.905276843555384,12.510218071104987,12.905276843555384,56550
1998-04-27,12.246848106384277,12.444377914551767,12.04931829821679,12.378534896334743,52200
1998-04-28,12.246848106384277,12.3126911246013,11.983475279999766,12.246848106384277,60150
1998-04-29,12.296228408813477,12.296228408813477,12.115159198475451,12.246845965404587,64800
1998-04-30,12.674826622009277,12.674826622009277,12.37853124367259,12.576060993552916,45000
1998-05-01,12.707748413085938,12.707748413085938,12.444376372846405,12.707748413085938,39600
1998-05-04,12.938197135925293,12.938197135925293,12.641902545026241,12.707744782760106,88650
1998-05-05,12.905275344848633,12.9381979728775,12.806510474826668,12.905275344848633,131550
1998-05-06,12.641904830932617,12.79828356464941,12.576061827776925,12.773592344276494,70350
1998-05-07,12.312685012817383,12.378528751867238,12.246842027283572,12.312685012817383,80250
1998-05-08,12.115158081054688,12.115158081054688,11.917628325637946,11.983472079787672,94950
1998-05-11,12.246848106384277,12.444377914551767,12.181005088167256,12.345613010468023,44850
1998-05-12,12.312685012817383,12.378528751867238,12.246842027283572,12.312685012817383,102750
1998-05-13,12.246848106384277,12.3126911246013,12.181005088167256,12.246848106384277,65400
1998-05-14,12.115158081054688,12.24684483583792,12.082236957496042,12.181001835204412,65250
1998-05-15,12.246848106384277,12.246848106384277,12.115161316433813,12.246848106384277,99000
1998-05-18,12.08223819732666,12.115159324263539,11.950551429030261,11.983473309483434,17400
1998-05-19,12.246848106384277,12.279769992251,12.115161316433813,12.279769992251,22050
1998-05-20,12.641904830932617,12.641904830932617,12.411453189613326,12.411453189613326,45750
1998-05-21,12.707748413085938,12.773593683694797,12.608984274754276,12.740671048390366,53400
1998-05-22,12.444374084472656,12.740668705531528,12.444374084472656,12.707746076281182,32400
1998-05-26,12.576061248779297,12.707746495511689,12.411452618194222,12.641904248903598,64050
1998-05-27,12.279765129089355,12.57605972399889,12.181000264119511,12.57605972399889,97200
1998-05-28,12.510217666625977,12.576061421169062,12.37853166457225,12.510217666625977,95850
1998-05-29,12.378531455993652,12.641904209179488,12.378531455993652,12.378531455993652,26550
1998-06-01,12.115158081054688,12.444374591254661,12.115158081054688,12.444374591254661,86700
1998-06-02,12.148078918457031,12.411451651966976,12.11515704419973,12.378530531225827,45300
1998-06-03,12.049315452575684,12.246845214093318,12.049315452575684,12.246845214093318,27000
1998-06-04,12.115158081054688,12.24684483583792,12.049315080421179,12.181001835204412,25200
1998-06-05,12.115158081054688,12.115158081054688,11.917628325637946,12.049315080421179,33600
1998-06-08,11.91762924194336,11.91762924194336,11.85178623624741,11.91762924194336,88950
1998-06-09,12.08223819732666,12.08223819732666,11.917629548577088,11.917629548577088,74250
1998-06-10,11.851786613464355,11.983473382563837,11.785943605672765,11.884708494118302,28050
1998-06-11,11.654253959655762,11.9505485518504,11.621332087128764,11.9505485518504,45300
1998-06-12,12.181001663208008,12.181001663208008,11.785942157952789,11.785942157952789,97800
1998-06-15,11.785945892333984,11.85178891290017,11.654259097685168,11.85178891290017,35700
1998-06-16,11.91762924194336,12.148080892153596,11.85178623624741,11.85178623624741,81150
1998-06-17,12.312685012817383,12.576058461984715,12.246842027283572,12.246842027283572,112950
1998-06-18,12.016392707824707,12.115157581460297,11.851784836270786,12.115157581460297,39750
1998-06-19,12.181001663208008,12.641904168167029,12.115157909988,12.378531415835619,164400
1998-06-22,11.91762924194336,11.91762924194336,11.720099471339235,11.91762924194336,16350
1998-06-23,11.98346996307373,11.98346996307373,11.818861360291464,11.818861360291464,26400
1998-06-24,12.016392707824707,12.049314583541966,11.851784836270786,12.049314583541966,48750
1998-06-25,12.016130447387695,12.082152888913146,11.752039170146363,11.950107250292481,23250
1998-06-26,11.81806468963623,12.049143658170044,11.81806468963623,12.049143658170044,17850
1998-06-29,12.016130447387695,12.115164487460754,11.752039170146363,12.049141290365538,24900
1998-06-30,12.082151412963867,12.18118544093898,11.88408335701364,12.148173846424053,20100
1998-07-01,12.445276260375977,12.445276260375977,12.181185763962354,12.41226542055533,45750
1998-07-02,12.148172378540039,12.148172378540039,11.884081921040119,11.884081921040119,79650
1998-07-06,12.181185722351074,12.28021975261409,12.016129257102609,12.148174127073506,20400
1998-07-07,12.28022289276123,12.313234496480119,12.148177233455558,12.313234496480119,47250
1998-07-08,12.214198112487793,12.313232149195613,12.148174917636087,12.313232149195613,25050
1998-07-09,12.379254341125488,12.379254341125488,12.214197868433724,12.379254341125488,19800
1998-07-10,12.148172378540039,12.18118396906612,11.884081921040119,12.082149953057453,41550
1998-07-13,12.115163803100586,12.148174644213716,11.884084137460066,11.884084137460066,22950
1998-07-14,12.28022289276123,12.544313455802694,12.049143177868773,12.181188837174446,51750
1998-07-15,12.379254341125488,12.544310813817253,12.280220306396485,12.280220306396485,85050
1998-07-16,12.610333442687988,12.610333442687988,12.412265382099013,12.610333442687988,42750
1998-07-17,12.57732105255127,12.64334348338528,12.34624141127777,12.64334348338528,33150
1998-07-20,12.610333442687988,12.676355877694418,12.412265382099013,12.676355877694418,25650
1998-07-21,12.115163803100586,12.54431078212905,12.115163803100586,12.54431078212905,106050
1998-07-22,12.082151412963867,12.115163007478795,11.752037734523597,12.115163007478795,100350
1998-07-23,11.81806468963623,12.082155263204836,11.81806468963623,12.082155263204836,15900
1998-07-24,12.31322956085205,12.31322956085205,12.016127513181917,12.016127513181917,21450
1998-07-27,11.884081840515137,12.082149871190389,11.75203623487511,11.75203623487511,36900
1998-07-28,11.752035140991211,12.082148746579389,11.686012722101378,12.082148746579389,34050
1998-07-29,11.98311710357666,12.148173561135765,11.785049052277872,12.148173561135765,87450
1998-07-30,12.214198112487793,12.247208954343908,11.884084404938479,12.214198112487793,57300
1998-07-31,12.115163803100586,12.24720867869255,12.01612976862175,12.24720867869255,50250
1998-08-03,12.082151412963867,12.214197035453909,12.016128979503682,12.082151412963867,97650
1998-08-04,11.85107135772705,12.115162593687137,11.85107135772705,12.082151000299714,29400
1998-08-05,12.016130447387695,12.280220969059263,12.016130447387695,12.016130447387695,100500
1998-08-06,12.379254341125488,12.41226593789173,12.148174674901238,12.148174674901238,27150
1998-08-07,12.28022289276123,12.412268552066903,12.016132329719767,12.412268552066903,44400
1998-08-10,12.016130447387695,12.280220969059263,11.88408480876703,12.280220969059263,23100
1998-08-11,11.785051345825195,11.884085390748096,11.65300570073806,11.818062945989428,40800
1998-08-12,11.884081840515137,12.082149871190389,11.78504782517751,11.884081840515137,35550
1998-08-13,11.950109481811523,12.082155145089905,11.851075423245213,11.884087027957284,50550
1998-08-14,11.752035140991211,12.016126327689555,11.619990303211543,12.016126327689555,35700
1998-08-17,11.553971290588379,11.5869828897091,11.454937248795993,11.5869828897091,24900
1998-08-18,11.752035140991211,11.884080734340383,11.553967128752204,11.752035140991211,22950
1998-08-19,11.98311710357666,12.049139535486372,11.884083077927267,11.884083077927267,24150
1998-08-20,12.115163803100586,12.2802202753754,12.115163803100586,12.2802202753754,77250
1998-08-21,11.653005599975586,11.950107732175272,11.653005599975586,11.950107732175272,57000
1998-08-24,11.917095184326172,11.950106023916288,11.68601552934693,11.68601552934693,51450
1998-08-25,11.884081840515137,12.082149871190389,11.884081840515137,11.884081840515137,28050
1998-08-26,11.81806468963623,12.016132808705162,11.81806468963623,11.884087144135904,50400
1998-08-27,10.827720642089844,11.686015299215194,10.827720642089844,11.61999286576545,179550
1998-08-28,11.091813087463379,11.289881178310939,10.860733396284623,11.289881178310939,140850
1998-08-31,10.827720642089844,10.827720642089844,10.596640991661236,10.629652586170943,41400
1998-09-01,10.926755905151367,11.223858022612555,10.926755905151367,10.926755905151367,126450
1998-09-02,11.322891235351562,11.322891235351562,11.091811575668567,11.289879639519791,45600
1998-09-03,11.355899810791016,11.686013436561705,11.355899810791016,11.355899810791016,30300
1998-09-04,10.893744468688965,11.355903073079787,10.893744468688965,11.025790108044815,62700
1998-09-08,11.487947463989258,11.7520379584313,11.289879404265305,11.68601552371321,82800
1998-09-09,11.025790214538574,11.223858297700527,10.893744573907348,10.893744573907348,34500
1998-09-10,10.959766387939453,11.355902531546539,10.89374394919485,11.025789582253788,38700
1998-09-11,11.091813087463379,11.091813087463379,10.761699350860843,10.893744996615817,27750
1998-09-14,11.256869316101074,11.28988091566429,10.860733143621625,11.28988091566429,24450
1998-09-15,11.157835006713867,11.25686904747041,10.86073288444424,11.25686904747041,48450
1998-09-16,10.959766387939453,10.959766387939453,10.629653438646702,10.827721510450246,275400
1998-09-17,10.563630104064941,10.827721366676126,10.563630104064941,10.827721366676126,256650
1998-09-18,10.530619621276855,10.563630463549334,10.167494311721612,10.167494311721612,70050
1998-09-21,10.101470947265625,10.233516570981866,9.969425323549384,10.035448513192343,58050
1998-09-22,9.903401374816895,10.101469402313233,9.771355771296149,9.771355771296149,39900
1998-09-23,10.035449028015137,10.101471465475397,9.771357767034662,9.771357767034662,49950
1998-09-24,10.69567584991455,10.69567584991455,10.497607778619837,10.56363021719483,36600
1998-09-25,10.431584358215332,10.695674843228621,10.431584358215332,10.695674843228621,21300
1998-09-28,11.124822616577148,11.289879076363333,10.89374296842076,10.89374296842076,36600
1998-09-29,11.388915061950684,11.487949105967646,11.22385857377901,11.22385857377901,43200
1998-09-30,10.365559577941895,10.76169562239279,10.299537155723261,10.563627600167342,170550
1998-10-01,10.233515739440918,10.26652657601037,9.903402084759076,10.035447697745736,28200
1998-10-02,10.233515739440918,10.29953816814944,9.969424513467597,9.969424513467597,181500
1998-10-05,9.243178367614746,9.771359470516265,9.243178367614746,9.771359470516265,70500
1998-10-06,9.34221076965332,9.50726724072602,8.97908547549578,9.243176735895757,103500
1998-10-07,10.893744468688965,10.959766910582006,10.530619904922588,10.926756067420369,243450
1998-10-08,9.507266998291016,10.101471185684204,9.507266998291016,10.101471185684204,114000
1998-10-09,9.507266998291016,9.639312625123845,9.243176500195052,9.507266998291016,47100
1998-10-12,10.365559577941895,10.365559577941895,9.771355511265552,9.771355511265552,71850
1998-10-13,10.13448429107666,10.167495136025408,9.83738215311907,10.167495136025408,58950
1998-10-14,10.365559577941895,10.497605177948708,9.903401111272366,10.233514733504625,60750
1998-10-15,10.431584358215332,10.629652410867715,10.167493117632384,10.299538737923859,43500
1998-10-16,11.289876937866211,11.355899358160968,10.76169530879959,10.76169530879959,161250
1998-10-19,10.761697769165039,11.025789021860295,10.695675333776073,11.025789021860295,72000
1998-10-20,11.487947463989258,11.487947463989258,11.091811344541352,11.289879404265305,66300
1998-10-21,11.289876937866211,11.553967374614762,11.091808921412419,11.421922534025247,24000
1998-10-22,11.091813087463379,11.091813087463379,10.629654460675672,10.695676905768257,88800
1998-10-23,11.719025611877441,11.719025611877441,11.355900378698946,11.42192356049663,136050
1998-10-26,11.289876937866211,11.289876937866211,10.959763325253382,11.223854517571453,63750
1998-10-27,11.289876937866211,11.355899358160968,10.959763325253382,10.959763325253382,17250
1998-10-28,10.233515739440918,10.497606209844621,10.101470126454258,10.497606209844621,103800
1998-10-29,10.563630104064941,10.563630104064941,10.101471527849949,10.365562034891413,59700
1998-10-30,10.167494773864746,10.365562858781395,10.167494773864746,10.233517972550151,43650
1998-11-02,11.091813087463379,11.355903623403524,10.596642860344478,10.959767441708403,81150
1998-11-03,11.223856925964355,11.355901794887796,10.95976567697811,11.355901794887796,49050
1998-11-04,11.190844535827637,11.553969032921254,11.190844535827637,11.355900988039348,156600
1998-11-05,11.669512748718262,11.818063827179017,11.355904412698981,11.355904412698981,59100
1998-11-06,11.421927452087402,11.653006400401962,11.355904247794802,11.355904247794802,51450
1998-11-09,11.487947463989258,11.619993088995122,11.355901838983394,11.388913434127282,80550
1998-11-10,11.61999225616455,11.818060301692528,11.487946640622688,11.686014686150665,58500
1998-11-11,11.719025611877441,12.016127663258253,11.619991594750504,11.619991594750504,49500
1998-11-12,11.289876937866211,11.289876937866211,11.091808921412419,11.289876937866211,28500
1998-11-13,11.61999225616455,11.686014686150665,11.454935047844815,11.61999225616455,35550
1998-11-16,11.98311710357666,11.98311710357666,11.454935381590008,11.785049052277872,36000
1998-11-17,11.686016082763672,11.752038520640227,11.289879944364904,11.619993644887119,66300
1998-11-18,11.454936027526855,11.686015685595766,11.289879560660316,11.686015685595766,50100
1998-11-19,11.553971290588379,11.553971290588379,11.421926405245049,11.553971290588379,90900
1998-11-20,11.81806468963623,11.81806468963623,11.553973360497714,11.752041479566646,65550
1998-11-23,11.752035140991211,12.049137159349721,11.553967128752204,11.553967128752204,48000
1998-11-24,11.752035140991211,12.181182752698893,11.752035140991211,11.884080734340383,69000
1998-11-25,12.082151412963867,12.148173846424053,11.619992867603228,11.752037734523597,49200
1998-11-27,11.81806468963623,12.214200927774094,11.81806468963623,12.214200927774094,13050
1998-11-30,11.719025611877441,11.950104481460569,11.619991594750504,11.619991594750504,74250
1998-12-01,11.884081840515137,11.983115855852763,11.586979794502259,11.950104265550362,61650
1998-12-02,12.181185722351074,12.181185722351074,11.752038006021438,12.016129257102609,32400
1998-12-03,11.752035140991211,12.049137159349721,11.619990303211543,12.049137159349721,138600
1998-12-04,11.520959854125977,11.752038769369511,11.421925817430251,11.421925817430251,36000
1998-12-07,11.752035140991211,11.752035140991211,11.553967128752204,11.686012722101378,54150
1998-12-08,11.81806468963623,11.917098749170696,11.752041479566646,11.81806468963623,68400
1998-12-09,12.082151412963867,12.34624190237428,12.082151412963867,12.082151412963867,56100
1998-12-10,11.917095184326172,12.346242143555168,11.917095184326172,12.08215164898581,36750
1998-12-11,11.61999225616455,11.818060301692528,11.355901025080826,11.818060301692528,66900
1998-12-14,11.487947463989258,11.719027118857097,11.421925029271168,11.619993088995122,171900
1998-12-15,11.752035140991211,11.752035140991211,11.48794470986237,11.719024309331045,114150
1998-12-16,11.752035140991211,11.884080734340383,11.48794470986237,11.52095629709204,27900
1998-12-17,12.016130447387695,12.016130447387695,11.35590300985413,11.88408480876703,57150
1998-12-18,11.61999225616455,12.08215077720662,11.61999225616455,11.61999225616455,64950
1998-12-21,11.355899810791016,11.88408146091021,11.355899810791016,11.355899810791016,55200
1998-12-22,11.223856925964355,11.355901794887796,11.091811301471234,11.355901794887796,69600
1998-12-23,11.157835006713867,11.355903088226952,11.091812564732761,11.091812564732761,65250
1998-12-24,11.091813087463379,11.355903623403524,11.025790642370794,11.355903623403524,36000
1998-12-28,10.863933563232422,11.195150536814339,10.731446318941668,11.128907293717285,132600
1998-12-29,10.863933563232422,11.128907293717285,10.731446318941668,10.830811562635573,419550
1998-12-30,11.261394500732422,11.327637743610207,10.9301767701502,10.9301767701502,47700
1998-12-31,11.393879890441895,11.526367121549365,10.996418955216054,11.327636653936446,147750
1999-01-04,11.062664985656738,11.128908234352792,10.830812478075485,11.062664985656738,114450
1999-01-05,10.598959922790527,10.797690426080953,10.4002294195001,10.764569180930353,221400
1999-01-06,10.797688484191895,10.996418951742031,10.466471543672714,10.466471543672714,239550
1999-01-07,10.764569282531738,10.797690527994954,10.466473524782522,10.466473524782522,124350
1999-01-08,10.665205001831055,10.930178780166464,10.632082995252834,10.897056773588245,168150
1999-01-11,10.797688484191895,10.996418951742031,10.532714780157237,10.996418951742031,103950
1999-01-12,10.466472625732422,10.797689600493946,10.333985380969823,10.333985380969823,47700
1999-01-13,10.731446266174316,10.731446266174316,10.20149804971374,10.267742050581715,94200
1999-01-14,10.797688484191895,11.327636650357784,10.797688484191895,10.93017571525751,49500
1999-01-15,11.19515323638916,11.526371047936864,10.863936182938286,11.095787968734532,129750
1999-01-19,11.725099563598633,11.725099563598633,11.261395313782332,11.658856315938218,84150
1999-01-20,11.791338920593262,11.791338920593262,11.526365259285514,11.758217686740075,44250
1999-01-21,11.725099563598633,11.857586817016161,11.658856315938218,11.658856315938218,60600
1999-01-22,11.658856391906738,11.990073390463703,11.559491140720308,11.990073390463703,41100
1999-01-25,11.923830032348633,11.923830032348633,11.460125783789529,11.658856284328673,57900
1999-01-26,11.526368141174316,11.923829111559638,11.526368141174316,11.923829111559638,29400
1999-01-27,11.526368141174316,11.791341868732317,11.393880898346996,11.460124898808976,110850
1999-01-28,11.327635765075684,11.592609448402008,11.128905313056812,11.128905313056812,45450
1999-01-29,11.261394500732422,11.460124987462425,11.261394500732422,11.393880986487995,166200
1999-02-01,11.327635765075684,11.460122985787102,11.195148544364264,11.195148544364264,100650
1999-02-02,11.393879890441895,11.592610358054815,11.261393417430996,11.592610358054815,71100
1999-02-03,11.261394500732422,11.460124987462425,11.062664014002419,11.460124987462425,69150
1999-02-04,10.863933563232422,10.996420049426531,10.731446318941668,10.996420049426531,50850
1999-02-05,10.996421813964844,11.128909079515136,10.731448040961025,10.996421813964844,33000
1999-02-08,10.897053718566895,11.062662946932173,10.698323251005817,11.062662946932173,49650
1999-02-09,10.598959922790527,10.731447177683046,10.53271667439262,10.731447177683046,101400
1999-02-10,10.598959922790527,10.665203929285141,10.466473425994714,10.466473425994714,43500
1999-02-11,10.731446266174316,10.86393350981362,10.53271577976368,10.731446266174316,37950
1999-02-12,11.393879890441895,11.393879890441895,10.996418955216054,10.996418955216054,187500
1999-02-16,11.526368141174316,11.592611383539657,11.261394413616316,11.393880898346996,219300
1999-02-17,11.526368141174316,11.725098626366977,11.460124898808976,11.460124898808976,60000
1999-02-18,11.526368141174316,11.658855384001637,11.327637655981656,11.327637655981656,74400
1999-02-19,11.791338920593262,11.791338920593262,11.327634823780592,11.327634823780592,99150
1999-02-22,11.493247032165527,11.691977532768371,11.393881781864106,11.691977532768371,49800
1999-02-23,11.427005767822266,11.791344829459685,11.393883759274562,11.791344829459685,115350
1999-02-24,11.393879890441895,11.592610358054815,11.261393417430996,11.327636653936446,66900
1999-02-25,11.658856391906738,11.658856391906738,11.327638635253068,11.393881883345122,66150
1999-02-26,11.460127830505371,11.592614349128366,11.195153277065716,11.261397294474046,40800
1999-03-01,11.460127830505371,11.559493098521033,11.22827528576988,11.526371089816868,54900
1999-03-02,11.327635765075684,11.526366217094555,11.128905313056812,11.327635765075684,60300
1999-03-03,11.725099563598633,11.725099563598633,11.360760564321303,11.360760564321303,50550
1999-03-04,11.658856391906738,11.658856391906738,11.327638635253068,11.52636913762593,63300
1999-03-05,12.453775405883789,12.453775405883789,11.857584042167488,11.923827274326014,240150
1999-03-08,12.188802719116211,12.321289960639165,11.923828994166934,12.188802719116211,125850
1999-03-09,12.453775405883789,12.58626187020084,12.188800961056641,12.221922956184164,71100
1999-03-10,13.646160125732422,13.646160125732422,13.149333944363358,13.579914613292305,339300
1999-03-11,13.579917907714844,13.745528696605149,13.149337134329077,13.513675411590977,251100
1999-03-12,13.513672828674316,13.513672828674316,13.182454346587773,13.248699862436991,158250
1999-03-15,13.248703956604004,13.38118896447045,13.182458420283327,13.38118896447045,76650
1999-03-16,13.215580940246582,13.248703707784854,13.049973167330018,13.248703707784854,138000
1999-03-17,13.116212844848633,13.28182058209407,13.049970356427806,13.049970356427806,79950
1999-03-18,12.784993171691895,12.917481168834403,12.586263450267982,12.586263450267982,36450
1999-03-19,13.049972534179688,13.182457533130156,12.983727002317202,13.182457533130156,65700
1999-03-22,13.182455062866211,13.248700582314928,12.917482082231384,12.917482082231384,71700
1999-03-23,11.923830032348633,12.718752034505208,11.923830032348633,12.718752034505208,82950
1999-03-24,12.221925735473633,12.354412988015063,12.023195235709835,12.023195235709835,86700
1999-03-25,12.917482376098633,13.116212874192458,12.586264626576694,12.586264626576694,122250
1999-03-26,12.917482376098633,13.248700883717259,12.586264626576694,12.751874638482695,334350
1999-03-29,13.182455062866211,13.182455062866211,12.718751588658593,12.718751588658593,69600
1999-03-30,12.71875286102295,13.248701907694567,12.65250960923737,13.248701907694567,87900
1999-03-31,12.652508735656738,13.31494348206558,12.652508735656738,12.784994471983797,112350
1999-04-01,12.950606346130371,13.314944615868406,12.917483582558901,13.116214099213654,115500
1999-04-05,12.917482376098633,13.248700883717259,12.851239887529609,12.851239887529609,73200
1999-04-06,13.049972534179688,13.116215033654921,12.917484502841969,12.917484502841969,130650
1999-04-07,13.182455062866211,13.248700582314928,12.917482082231384,13.248700582314928,172650
1999-04-08,13.48055362701416,13.579918894614726,13.11621532327453,13.11621532327453,237900
1999-04-09,12.917482376098633,13.248700883717259,12.917482376098633,13.248700883717259,70350
1999-04-12,12.917482376098633,12.917482376098633,12.652508631339096,12.652508631339096,78750
1999-04-13,12.784993171691895,13.116211648354932,12.718750689313874,12.718750689313874,43200
1999-04-14,12.71875286102295,12.983725868165266,12.71875286102295,12.71875286102295,33300
1999-04-15,12.586263656616211,12.851238897148805,12.354411932105528,12.851238897148805,119400
1999-04-16,12.652508735656738,12.851239993485754,12.387534230615847,12.387534230615847,44550
1999-04-19,12.619386672973633,13.049970431141023,12.619386672973633,12.851239932354037,186450
1999-04-20,12.586263656616211,12.9837238640769,12.520020415055534,12.520020415055534,61950
1999-04-21,12.486899375915527,12.520021378292446,12.188803628813327,12.42065612925838,67200
1999-04-22,13.049972534179688,13.049972534179688,12.520023441216061,12.520023441216061,46950
1999-04-23,13.116212844848633,13.248700854077029,12.917482347199412,12.917482347199412,70200
1999-04-26,13.314946174621582,13.314946174621582,12.851242592271353,12.851242592271353,178350
1999-04-27,12.751873970031738,12.851239213869944,12.453777480420479,12.851239213869944,82650
1999-04-28,12.983724594116211,13.04997011369158,12.718751612974799,12.718751612974799,78000
1999-04-29,12.884360313415527,13.04997109238741,12.784995058987164,13.04997109238741,72000
1999-04-30,12.851240158081055,12.884359886869447,12.718752145767043,12.718752145767043,84000
1999-05-03,12.851240158081055,13.049970660358666,12.718752145767043,12.718752145767043,88650
1999-05-04,12.983724594116211,12.983724594116211,12.851239619738848,12.851239619738848,66300
1999-05-05,13.016846656799316,13.116211898454273,12.85123893150323,12.884358657130532,39300
1999-05-06,13.182455062866211,13.513673562949755,13.182455062866211,13.44743107588772,54000
1999-05-07,13.381187438964844,13.447432967733281,13.182456917433745,13.447432967733281,128400
1999-05-10,13.646160125732422,13.646160125732422,13.314941660690925,13.51367213323855,75150
1999-05-11,13.348067283630371,13.646163056472833,13.314944520296649,13.646163056472833,248100
1999-05-12,13.314946174621582,13.513676714541308,13.116215634701858,13.513676714541308,133800
1999-05-13,12.983724594116211,13.248700607644311,12.91748210692753,13.248700607644311,75900
1999-05-14,12.321293830871582,12.851242963425326,12.2550505683508,12.851242963425326,132600
1999-05-17,12.420655250549316,12.619385734558106,12.188802766506852,12.453777250582993,367200
1999-05-18,12.851240158081055,12.983725138008252,12.520021643489432,12.718752145767043,57300
1999-05-19,12.586263656616211,12.851238897148805,12.520020415055534,12.520020415055534,43950
1999-05-20,12.983724594116211,12.983724594116211,12.652508367689446,12.652508367689446,64800
1999-05-21,13.314946174621582,13.38118867713236,12.851242592271353,12.851242592271353,375600
1999-05-24,13.182455062866211,13.381185556439,13.049970088742137,13.116212575804175,65550
1999-05-25,13.182455062866211,13.248700582314928,12.917482082231384,13.248700582314928,57450
1999-05-26,13.447430610656738,13.447430610656738,13.049969637261826,13.049969637261826,100650
1999-05-27,13.513672828674316,13.646160827986236,13.182454346587773,13.447430345211615,154950
1999-05-28,13.314946174621582,13.646164751950254,13.2818234071725,13.2818234071725,41100
1999-06-01,13.513672828674316,13.646160827986236,13.314942345899693,13.381184829362395,79200
1999-06-02,13.381187438964844,13.646163489264378,13.248702446202184,13.447432967733281,39300
1999-06-03,13.116212844848633,13.248700854077029,12.851239858778586,12.983724835620237,48600
1999-06-04,13.083091735839844,13.215579761791355,12.917483977690798,13.182456997206696,98100
1999-06-07,13.613039016723633,13.646161776951626,13.248700783762615,13.51367376842638,125850
1999-06-08,13.811768531799316,13.944256530909442,13.646160807201543,13.844891289673477,81600
1999-06-09,14.043623924255371,14.242354437181689,14.043623924255371,14.043623924255371,40650
1999-06-10,14.739179611206055,14.739179611206053,14.374838343312607,14.407961103772033,106350
1999-06-11,14.441082954406738,14.772298408586598,14.341717711675468,14.772298408586598,175050
1999-06-14,14.275474548339844,14.441085335118402,14.142989557781465,14.441085335118402,88500
1999-06-15,14.60669231414795,14.73918033006057,14.441084568547346,14.441084568547346,99300
1999-06-16,14.871660232543945,14.971025452432627,14.573564572877903,14.838540514171626,794700
1999-06-17,15.434731483459473,15.434731483459473,14.987588004101175,15.037270612918762,607050
1999-06-18,15.169761657714844,15.236007184408852,14.971031142406845,15.10351916340785,338700
1999-06-21,15.103519439697266,15.23600746312188,15.037276944178494,15.037276944178494,183000
1999-06-22,14.871660232543945,15.037270953948987,14.706052543524764,14.937905734060307,134550
1999-06-23,14.374836921691895,14.639812914388619,14.308594439710939,14.374836921691895,113700
1999-06-24,14.772299766540527,15.03727579310639,14.70605727609248,15.03727579310639,113400
1999-06-25,15.0800142288208,15.146444991430545,14.714637431953756,14.781071235568882,144000
1999-06-28,15.212875366210938,15.246092267171687,14.94714928154087,14.94714928154087,167250
1999-06-29,15.412172317504883,15.478606126441854,14.880720092042884,15.179663109242368,299100
1999-06-30,15.478597640991211,15.54502837250487,15.212868632928659,15.54502837250487,174000
1999-07-01,15.412172317504883,15.644684566773023,15.345741549573539,15.412172317504883,136800
1999-07-02,16.541507720947266,16.541507720947266,15.943621899708207,16.010052643955476,313650
1999-07-06,15.744330406188965,15.943625727786293,15.677899645991612,15.810761166386316,114000
1999-07-07,15.545031547546387,15.611462292628392,15.212871740127202,15.212871740127202,171150
1999-07-08,15.777549743652344,15.877197419841716,15.578254391273601,15.677902067462973,174000
1999-07-09,15.976841926574707,16.142920340275413,15.810760471868857,16.142920340275413,69900
1999-07-12,16.17613983154297,16.17613983154297,15.877196814374859,16.0100583502236,123150
1999-07-13,16.67437744140625,16.940103542124014,16.607943635472694,16.607943635472694,79350
1999-07-14,17.006532669067383,17.139397227132157,16.740806593943038,17.07296646860237,116250
1999-07-15,17.870147705078125,17.870147705078125,17.33869251471353,17.33869251471353,102600
1999-07-16,17.1726131439209,17.471556101700923,17.006531695595314,17.471556101700923,94950
1999-07-19,17.072967529296875,17.338693620930023,16.973319864808772,16.973319864808772,113100
1999-07-20,16.475082397460938,17.338694520846058,16.475082397460938,17.00653460831076,168150
1999-07-21,16.774023056030273,16.9401014685239,16.441863190037903,16.873670711727474,116700
1999-07-22,15.777549743652344,16.20935431313579,15.677902067462973,16.20935431313579,94500
1999-07-23,16.142919540405273,16.142919540405273,15.943624237437305,16.10970264290895,75600
1999-07-26,16.209352493286133,16.408647823289673,15.943626400283213,16.076490967287373,88800
1999-07-27,16.275789260864258,16.508298494201178,16.043276986521384,16.043276986521384,40500
1999-07-28,16.607946395874023,16.840458673276288,16.47508484393501,16.74081098881903,49050
1999-07-29,16.508291244506836,17.039746334896975,16.34221285919944,16.74080341674089,106500
1999-07-30,16.940099716186523,17.006530466111144,16.541509134629194,16.74080442540786,171150
1999-08-02,17.13939666748047,17.17261356616333,16.940101357393488,16.95670828623237,33450
1999-08-03,16.873672485351562,17.17261548386563,16.807238680567032,17.17261548386563,62400
1999-08-04,16.275789260864258,16.74081076854405,16.275789260864258,16.74081076854405,33600
1999-08-05,16.275789260864258,16.47508462715645,15.943629303375289,16.325613102437305,94350
1999-08-06,15.146445274353027,15.545035939467581,15.14644527435303,15.545035939467581,54600
1999-08-09,15.777549743652344,15.910411284567676,15.41217290362082,15.41217290362082,133350
1999-08-10,15.644681930541992,15.644681930541994,15.34573896371635,15.412169720453678,30150
1999-08-11,15.279313087463379,15.478608462338961,15.080017712587797,15.345743865419877,72600
1999-08-12,15.113227844238281,15.212875507037666,15.11322784423828,15.212875507037666,120300
1999-08-13,15.976841926574707,16.07648958299616,15.644682058168149,15.976841926574707,52950
1999-08-16,16.541507720947266,16.8736675241927,16.475076976699995,16.475076976699995,76650
1999-08-17,16.97332191467285,17.27226494424044,16.873674238150322,17.006535779509857,108600
1999-08-18,17.63763427734375,17.836929579912606,17.63763427734375,17.737281928628178,170100
1999-08-19,16.940099716186523,17.039747361575856,16.873668966261903,17.039747361575856,162150
1999-08-20,16.607946395874023,16.74081098881903,16.47508484393501,16.607946395874023,499350
1999-08-23,16.275789260864258,16.34222003595967,15.976846211425972,16.34222003595967,212250
1999-08-24,16.740808486938477,16.940103826068697,16.541513147808256,16.674377720896917,177600
1999-08-25,16.17613983154297,16.408649039781082,16.14292292707797,16.14292292707797,201000
1999-08-26,16.10970687866211,16.342219140261253,16.01005920097759,16.076493013437798,221250
1999-08-27,15.777549743652344,15.877197419841716,15.74433283792064,15.810763608378306,61950
1999-08-30,16.209352493286133,16.408647823289673,15.810761833279052,15.810761833279052,88500
1999-08-31,15.87719440460205,16.010055920285637,15.677899090071502,15.943625162443844,111600
1999-09-01,15.943626403808594,16.010057166822662,15.677900310746917,15.677900310746917,61200
1999-09-02,15.412172317504883,15.711115334704367,15.279310781642197,15.545036894373196,187200
1999-09-03,15.744330406188965,15.810761166386316,15.345739762994306,15.611465844788986,294600
1999-09-07,15.744330406188965,15.87719496758894,15.744330406188963,15.744330406188963,42900
1999-09-08,15.87719440460205,16.109703577550913,15.777546747336777,15.777546747336777,47400
1999-09-09,16.275789260864258,16.275789260864258,15.943629303375289,16.05988392004375,119250
1999-09-10,15.611467361450195,15.744331935758026,15.545036594799065,15.744331935758026,50550
1999-09-13,15.212875366210938,15.345739929048626,15.013580042457061,15.345739929048626,89100
1999-09-14,15.179661750793457,15.179661750793457,14.880718760346793,14.880718760346793,71850
1999-09-15,14.91392993927002,15.378954312577909,14.880716084751462,15.378954312577909,97200
1999-09-16,14.349261283874512,14.482125827949048,14.149965988265143,14.432302004046706,168150
1999-09-17,15.146445274353027,15.345740606910304,14.947149941795752,14.947149941795752,156300
1999-09-20,15.478597640991211,15.744323608049804,15.312516250701126,15.677892876536145,201900
1999-09-21,15.478597640991211,15.943618843594738,15.378950023218744,15.943618843594738,473250
1999-09-22,15.013579368591309,15.013579368591309,14.614988738973794,14.747853295848023,123900
1999-09-23,14.614988327026367,15.080012742476105,14.614988327026367,14.880717433284813,82050
1999-09-24,14.880720138549805,15.013581674827725,14.648207888554989,14.648207888554989,58800
1999-09-27,15.146445274353027,15.412171370760918,15.013580705646364,15.013580705646364,57750
1999-09-28,15.545031547546387,15.611462292628392,15.146440995045198,15.511814654503095,39900
1999-09-29,15.37895393371582,15.545032325231675,15.146441752789837,15.146441752789837,54000
1999-09-30,15.744330406188965,15.810761166386316,15.279309002796955,15.279309002796955,43350
1999-10-01,15.744330406188965,15.810761166386316,15.345739762994306,15.412170523191659,57150
1999-10-04,16.076486587524414,16.209348077327338,15.877191311815452,15.877191311815452,39750
1999-10-05,16.076486587524414,16.076486587524414,15.67789603610649,15.893798237789674,29400
1999-10-06,16.408647537231445,16.408647537231445,15.943626122331882,16.209352210702296,54300
1999-10-07,16.34221649169922,16.40864725238729,15.943625845560215,15.943625845560215,56700
1999-10-08,15.87719440460205,16.010055920285637,15.628075261438864,15.81076060575509,227400
1999-10-11,16.010059356689453,16.1429239418963,15.57825477652738,15.644685548627896,94650
1999-10-12,15.412172317504883,15.478606126441854,15.146446204773882,15.478606126441854,66600
1999-10-13,14.880720138549805,15.046798579400024,14.747855561266249,14.747855561266249,317400
1999-10-14,14.681421279907227,14.814282784391787,14.482125982175477,14.747852032149506,164550
1999-10-15,14.349261283874512,14.415692035409341,14.083535236730313,14.28283053233968,159900
1999-10-18,14.05031967163086,14.14996732887647,13.884241256556567,14.14996732887647,278550
1999-10-19,14.083538055419922,14.083538055419922,13.817808914087621,14.017104249584104,65400
1999-10-20,14.216397285461426,14.282831080551032,13.950671228117987,13.950671228117987,64650
1999-10-21,13.950675010681152,14.149970367976598,13.684948881289165,14.017105782777694,46050
1999-10-22,14.083538055419922,14.116751917332346,13.817808914087621,13.88424271992344,42300
1999-10-25,13.8178071975708,13.950671751731853,13.684945684414854,13.751376440992827,84150
1999-10-26,14.083538055419922,14.149968820250255,13.88424271992344,14.017104249584104,53550
1999-10-27,14.216397285461426,14.31604493709084,14.083535777292203,14.083535777292203,71400
1999-10-28,14.216397285461426,14.349261834635644,14.083535777292203,14.149966531376815,295350
1999-10-29,15.113227844238281,15.212875507037666,14.74785409430898,14.74785409430898,81750
1999-11-01,15.412172317504883,15.412172317504883,15.146446204773882,15.146446204773882,224550
1999-11-02,15.246088027954102,15.246088027954102,14.747849857105928,14.747849857105928,73350
1999-11-03,15.279313087463379,15.345743865419877,15.080017712587797,15.212879268500794,75450
1999-11-04,15.279313087463379,15.345743865419877,14.880722337712212,14.880722337712212,117600
1999-11-05,15.478597640991211,15.51181148624606,15.013573397383725,15.279302405446277,449400
1999-11-08,15.677899360656738,15.67789936065674,15.146444165734492,15.412170242693007,85050
1999-11-09,15.212875366210938,15.412170689964817,15.046796943417808,15.345739929048626,71400
1999-11-10,15.545031547546387,15.545031547546387,15.080010249963193,15.146440995045198,76650
1999-11-11,15.412172317504883,15.677901471241508,15.279310781642197,15.345741549573539,40800
1999-11-12,15.279313087463379,15.279313087463379,14.814288518749628,15.279313087463379,109200
1999-11-15,15.146445274353027,15.279309843059693,14.980366844223777,15.080014510502416,128400
1999-11-16,15.478597640991211,15.54502837250487,15.212868632928659,15.212868632928659,37800
1999-11-17,15.611467361450195,15.711115031929678,15.478605828147934,15.478605828147934,131850
1999-11-18,16.142919540405273,16.142919540405273,15.785847775586003,16.076488786417613,62100
1999-11-19,16.375431060791016,16.375431060791016,16.07648811875429,16.07648811875429,68550
1999-11-22,16.607946395874023,16.973323266221293,16.54151561990452,16.790634831047658,145350
1999-11-23,16.70758819580078,16.940100391310608,16.607940546440133,16.607940546440133,82800
1999-11-24,16.873672485351562,16.940103249130654,16.607943348224318,16.707591014395675,104550
1999-11-26,17.13939666748047,17.13939666748047,16.707589148623644,16.840453702349997,49800
1999-11-29,16.541507720947266,16.607938465194536,16.07648642920729,16.607938465194536,93600
1999-11-30,15.677899360656738,16.541511391525827,15.611465560663197,15.87719467862693,79200
1999-12-01,16.275789260864258,16.408650811055082,15.810764712178509,15.910412395324604,100050
1999-12-02,17.471555709838867,17.471555709838867,17.00653131416309,17.00653131416309,97500
1999-12-03,17.272260665893555,17.272260665893555,16.84045316091959,17.07296536221403,69600
1999-12-06,17.670848846435547,17.737279591537156,17.272258293816733,17.405119784019952,79500
1999-12-07,17.870147705078125,18.0694430213392,17.870147705078125,17.870147705078125,106050
1999-12-08,18.06944465637207,18.202306185231443,17.870149322077545,18.135875420801757,99600
1999-12-09,18.235519409179688,18.600893101341963,18.06944101110681,18.06944101110681,94500
1999-12-10,19.099130630493164,19.13234752528169,18.600892413688953,18.600892413688953,108300
1999-12-13,19.0659236907959,19.0659236907959,18.600899159138493,18.600899159138493,118200
1999-12-14,18.468032836914062,18.86662345180426,18.468032836914062,18.86662345180426,75600
1999-12-15,18.335166931152344,18.46803147330723,18.202302388997456,18.46803147330723,92250
1999-12-16,19.697021484375,19.697021484375,18.999487804005838,18.999487804005838,133950
1999-12-17,20.261693954467773,20.261693954467773,19.66380793326386,19.66380793326386,75450
1999-12-20,20.22847557067871,20.26169247198374,20.062397146164244,20.22847557067871,72150
1999-12-21,19.896316528320312,20.062398000915962,19.530942762419727,19.929533431040536,61950
1999-12-22,20.859577178955078,20.859577178955078,20.261691237911826,20.32812199547047,85350
1999-12-23,21.05887222290039,21.05887222290039,20.660281600643632,20.892790769623332,72600
1999-12-27,20.19525909423828,20.19525909423828,19.66380690820925,20.19525909423828,63000
1999-12-28,21.70244789123535,21.769018798359184,20.77043995439775,20.77043995439775,96450
1999-12-29,21.436153411865234,21.80230093836124,21.3030116271577,21.769013968474297,110550
1999-12-30,21.502737045288086,21.502737045288086,20.970160524106785,21.502737045288086,117300
1999-12-31,21.602590560913086,21.602590560913086,21.169872034957624,21.469445695829666,50700
2000-01-03,21.436153411865234,21.70244307612053,21.103295902676283,21.23643768738382,170100
2000-01-04,21.036731719970703,21.402879416290048,20.570729162516976,20.970160796740608,133200
2000-01-05,20.03814697265625,20.304436685179834,19.463964160694474,20.104720924497478,143700
2000-01-06,18.77328109741211,18.77328109741211,17.841273218613154,18.240704731324048,155400
2000-01-07,19.605430603027344,19.83843028127876,18.739993649057578,19.172712126042462,159900
2000-01-10,20.60401153564453,20.77044033017553,19.43900083166502,19.971577240553394,181350
2000-01-11,19.871715545654297,20.237860042414038,19.67199981152712,20.10471825127609,190350
2000-01-12,19.505571365356445,19.638713158654507,19.172710787270674,19.572142262005478,76200
2000-01-13,20.504154205322266,20.504154205322266,19.638717136488513,20.03814869212842,196500
2000-01-14,20.870296478271484,20.903583453373834,20.437577991623264,20.50415194182797,88200
2000-01-18,19.73857307434082,19.838430953380353,19.305857630116595,19.838430953380353,132900
2000-01-19,18.90642547607422,18.972996377380998,18.440420024665215,18.90642547607422,128400
2000-01-20,19.438997268676758,19.505571212223444,18.97299490095138,19.505571212223444,159150
2000-01-21,18.839853286743164,19.305858781670995,18.839853286743164,19.305858781670995,70350
2000-01-24,20.3044376373291,20.970155855014696,20.3044376373291,20.8037270624485,338550
2000-01-25,20.13800621032715,20.23786409739889,19.771861640204396,20.204580166655557,90000
2000-01-26,20.837011337280273,20.870298315312603,20.437579790575725,20.67058254196033,109650
2000-01-27,21.336301803588867,21.769020349274413,21.169873000211815,21.569304566253546,196800
2000-01-28,22.1684513092041,22.567882864324897,22.035306441690196,22.501311954278407,216900
2000-01-31,21.769014358520508,22.00201705706369,21.502727736914135,21.96873008658033,185250
2000-02-01,21.769014358520508,21.96873008658033,21.502727736914135,21.702443464973957,86100
2000-02-02,22.900737762451172,22.900737762451172,22.43473236680718,22.501306307567837,89250
2000-02-03,24.16560935974121,24.16560935974121,23.433317151214794,23.433317151214794,186600
2000-02-04,24.565044403076172,24.631615323320737,23.832752090700374,24.298757674676512,96150
2000-02-07,23.666316986083984,23.666316986083984,23.300172450769995,23.499888205926823,91200
2000-02-08,22.800884246826172,23.03388394166072,22.567881504570888,22.634452410606364,109500
2000-02-09,22.867454528808594,23.16702816892399,22.567880888693196,23.16702816892399,94050
2000-02-10,23.16702651977539,23.300171366155627,22.567879282194994,22.767595028055126,225150
2000-02-11,22.501312255859375,23.233601418448288,22.368167386560952,23.233601418448288,117600
2000-02-14,23.10045623779297,23.10045623779297,22.56787988545619,22.634450786715593,174450
2000-02-15,21.96873664855957,21.96873664855957,21.502734159700182,21.835591774276427,181200
2000-02-16,21.90216064453125,21.90216064453125,21.25308448532133,21.83558669915255,136800
2000-02-17,23.433317184448242,23.699606922883298,23.167030493434147,23.333459294390337,179850
2000-02-18,21.40287208557129,22.035303258196397,21.169869362939654,21.769016609060586,162600
2000-02-22,21.56930160522461,21.56930160522461,20.903583435685032,21.26972797181871,88200
2000-02-23,22.101879119873047,22.101879119873047,21.56930272806454,21.702447587871852,114900
2000-02-24,21.96873664855957,22.101881522842714,21.702449947414358,21.769020860845394,111150
2000-02-25,21.96873664855957,22.60117099212816,21.96873664855957,22.368168223987926,111000
2000-02-28,22.867454528808594,22.867454528808594,22.101878464320578,22.567880888693196,105600
2000-02-29,22.63445281982422,22.63445281982422,22.168450374309334,22.235021281548374,138000
2000-03-01,22.368162155151367,22.6344487840488,22.368162155151367,22.50130699331021,292800
2000-03-02,22.1684513092041,22.235022219250595,21.56930397652291,22.235022219250595,247950
2000-03-03,20.970157623291016,21.30301828391218,20.77044183640253,21.169873410179502,184950
2000-03-06,20.57072639465332,20.90358706085928,20.57072639465332,20.87030008001235,201450
2000-03-07,21.103296279907227,21.30301200795865,20.77043571734813,21.070009309425267,429450
2000-03-08,21.23644256591797,21.23644256591797,20.604011324721856,21.23644256591797,326850
2000-03-09,21.46944236755371,21.569300239030703,21.269726624599723,21.303013597565517,360600
2000-03-10,21.70244789123535,21.835589705483017,21.402874238046923,21.436158167898444,272700
2000-03-13,20.77044105529785,20.77044105529785,20.171293717164257,20.304438585889816,343800
2000-03-14,20.77044105529785,21.303017482779136,20.77044105529785,20.90358592402341,195300
2000-03-15,20.23786163330078,20.47086435723879,20.171290732498708,20.4375773831275,87150
2000-03-16,21.56930160522461,21.635872507952392,20.903583435685032,21.036725241140594,152250
2000-03-17,21.502737045288086,21.569307967652694,20.90358960174218,20.970160524106785,148350
2000-03-20,21.502737045288086,21.569307967652694,21.169876338622085,21.502737045288086,133350
2000-03-21,20.903589248657227,21.036731091137522,20.504157626373466,20.903589248657227,119250
2000-03-22,20.57072639465332,20.60401337550025,20.23786572844736,20.23786572844736,108900
2000-03-23,20.437576293945312,20.504150238619953,20.171289657507764,20.504150238619953,139800
2000-03-24,20.3044376373291,20.670582199943055,20.10472186728134,20.17129277482366,97500
2000-03-27,22.1684513092041,22.1684513092041,21.30301728891602,21.8355906641298,252900
2000-03-28,22.301591873168945,22.301591873168945,21.76901555330576,21.96873129232691,139350
2000-03-29,22.900737762451172,23.167024383233343,22.368161473466674,23.000595626172004,142950
2000-03-30,22.40145492553711,22.900744388606874,22.168452160297537,22.56788373075335,168300
2000-03-31,22.967315673828125,23.167031462296194,22.63445501057431,22.9007447601458,126600
2000-04-03,21.769014358520508,22.30159064915342,21.43615379594742,22.1018749210936,85650
2000-04-04,21.769014358520508,22.30159064915342,21.169867174341046,22.235016708186702,95100
2000-04-05,21.835590362548828,22.2350219121529,21.436158812944758,22.2350219121529,169050
2000-04-06,21.303014755249023,21.303014755249023,20.83700929808502,21.236440805699562,117750
2000-04-07,21.26972770690918,21.56930133658396,21.03672497913306,21.103298928452265,118650
2000-04-10,20.77044105529785,20.90358592402341,20.53743829688336,20.53743829688336,112800
2000-04-11,20.670581817626953,20.770439700803895,20.304437261785083,20.43757907440717,97950
2000-04-12,21.169870376586914,21.769017651395977,21.169870376586914,21.769017651395977,178050
2000-04-13,20.70387077331543,20.903586558757635,20.23786524233626,20.504154987873225,358200
2000-04-14,20.23786163330078,20.903582831003515,20.004861956783273,20.504151331350073,152400
2000-04-17,20.371009826660156,20.9701571745031,20.237864955776946,20.371009826660156,249750
2000-04-18,20.57072639465332,21.303018641337985,20.23786572844736,20.23786572844736,239250
2000-04-19,22.301591873168945,22.301591873168945,20.63729201637911,20.970152597221144,505350
2000-04-20,23.300174713134766,23.433316531219866,22.501311614940672,23.033884982122817,202500
2000-04-24,24.631610870361328,24.69818482599189,24.03246355421129,24.49846905394188,271800
2000-04-25,24.964473724365234,25.23076042828476,24.498471230650786,24.498471230650786,238050
2000-04-26,24.232177734375,24.498467444562184,24.032461975444928,24.498467444562184,145050
2000-04-27,25.164186477661133,25.164186477661133,24.232178555274178,24.398610391634442,323250
2000-04-28,24.73147201538086,24.76475899758254,24.232182519461855,24.76475899758254,103950
2000-05-01,25.3638973236084,25.43046821678753,25.031036762872436,25.247397498689878,210600
2000-05-02,25.763334274291992,25.896479136477698,25.29733182777323,25.330615757754057,184950
2000-05-03,25.69676399230957,25.96305067574098,25.563619126883427,25.96305067574098,229500
2000-05-04,26.295909881591797,26.295909881591797,25.596904709210172,25.963049259888884,163500
2000-05-05,26.196056365966797,26.295914264379096,25.82990870684089,25.82990870684089,102450
2000-05-08,25.064329147338867,25.297331894927176,24.9977582397797,24.9977582397797,324600
2000-05-09,23.499893188476562,24.76475889017861,23.300177390975122,23.699608985978003,90300
2000-05-10,23.366741180419922,23.899317493786118,22.90073881086219,23.30017028403176,134100
2000-05-11,22.501312255859375,22.701028036096528,21.96873582608665,22.03530673702538,70950
2000-05-12,24.465177536010742,24.498464507648805,23.766172463553293,24.498464507648805,46500
2000-05-15,22.76759910583496,23.100459757692175,22.3681675425747,22.83417001723801,159300
2000-05-16,22.934024810791016,23.300172392611664,22.56788027639094,22.60116725130752,110400
2000-05-17,22.301591873168945,22.734307276101223,22.135160059037762,22.601165481700676,156900
2000-05-18,22.334882736206055,22.967317122040345,22.334882736206055,22.501314602037922,117150
2000-05-19,22.2683048248291,22.83416506765027,22.2683048248291,22.301591797025754,197250
2000-05-22,22.334882736206055,22.501314602037922,22.035309034614222,22.368169718856684,202800
2000-05-23,20.77044105529785,21.303017482779136,20.703870144645546,21.169872614053578,118800
2000-05-24,21.90216064453125,21.90216064453125,21.3695843186035,21.50272916194053,463500
2000-05-25,22.46802520751953,22.501312186596916,21.93544877938616,22.368167317708334,97050
2000-05-26,22.40145492553711,22.534596750741688,22.168452160297537,22.534596750741688,173700
2000-05-30,24.298749923706055,24.49846566815454,23.366742100472976,23.366742100472976,131400
2000-05-31,24.698183059692383,24.698183059692383,24.232177593288345,24.698183059692383,109200
2000-06-01,24.764753341674805,24.764753341674805,24.298750934385623,24.398608810763342,64350
2000-06-02,25.3638973236084,25.696757884344358,24.964465869693306,24.964465869693306,111300
2000-06-05,25.66347885131836,25.829907659449837,25.36390516822904,25.69676583191309,108750
2000-06-06,25.763334274291992,25.829905181674444,25.497047597341385,25.829905181674444,29550
2000-06-07,25.031042098999023,25.031042098999023,24.565039652562227,24.698184514724513,166800
2000-06-08,23.699607849121094,24.19889731892406,23.63303388819998,23.699607849121094,113100
2000-06-09,24.16560935974121,24.16560935974121,23.633032931047367,23.633032931047367,79050
2000-06-12,24.032461166381836,24.365321769199603,23.83274541417528,24.298750867604266,77100
2000-06-13,25.563621520996094,25.6301924362333,25.313976779580116,25.330618746534128,236400
2000-06-14,24.79804039001465,25.363900675364217,24.79804039001465,25.23075582399115,70050
2000-06-15,24.099040985107422,24.23218282072694,23.732893318600553,24.099040985107422,106800
2000-06-16,24.16560935974121,24.365325139573784,23.965893579908638,24.365325139573784,51000
2000-06-19,25.3638973236084,25.43046821678753,24.49846352259908,24.49846352259908,130350
2000-06-20,25.49704933166504,25.696765114817975,25.26404656884628,25.430475372333387,76200
2000-06-21,26.0961971282959,26.16276804134727,25.76333646819693,25.8299073812483,101400
2000-06-22,25.8964786529541,26.562196856611124,25.82990469939388,25.92976258231347,91050
2000-06-23,25.963045120239258,26.46233444947463,25.76332938854511,26.46233444947463,55950
2000-06-26,26.06290626525879,26.16276414366974,25.630187776337788,25.630187776337788,37200
2000-06-27,25.8964786529541,26.09619441879328,25.763333793254397,25.92976258231347,50400
2000-06-28,26.528907775878906,26.628765650878975,26.29590809915907,26.429049900878834,151200
2000-06-29,27.09477996826172,27.560782521661388,27.028205998189264,27.26120879859985,78750
2000-06-30,26.828481674194336,27.161342276725758,26.42905017012484,27.094771375187687,80700
2000-07-03,27.294490814208984,27.294490814208984,26.761914387701474,27.028201077244756,51300
2000-07-05,26.429052352905273,26.8284838899639,26.3624814458691,26.8284838899639,70650
2000-07-06,26.595487594604492,26.76191640720042,26.096198109395527,26.096198109395527,155850
2000-07-07,27.261205673217773,27.494208446915575,26.628771314564403,26.8617740882622,311400
2000-07-10,27.194631576538086,27.460918252880298,27.09477369198216,27.460918252880298,89250
2000-07-11,26.62877082824707,26.895060578301674,26.39577110622566,26.79520268388647,60300
2000-07-12,26.295909881591797,26.295909881591797,25.330614992879557,25.56361773281367,112350
2000-07-13,26.362476348876953,26.49562118462751,26.196047589753906,26.49562118462751,123600
2000-07-14,26.429052352905273,26.495626307362237,26.229336584375964,26.229336584375964,70350
2000-07-17,25.963045120239258,26.162760851933406,25.56361365685096,25.963045120239258,265200
2000-07-18,25.230754852294922,25.43047059795272,24.89789730781222,25.43047059795272,192150
2000-07-19,26.06290626525879,26.36247990049165,25.89647748371407,26.129477168392555,70650
2000-07-20,26.495628356933594,26.895059924890276,25.963051917184345,26.362483485141027,56400
2000-07-21,25.49704933166504,25.56362024357568,25.297333548512103,25.363904460422745,146700
2000-07-24,24.831323623657227,25.230755119198204,24.831323623657227,25.230755119198204,68700
2000-07-25,23.89931869506836,24.431891987783672,23.699602948445005,24.431891987783672,73800
2000-07-26,23.96589469909668,24.032465613009357,23.69960799602486,23.69960799602486,50850
2000-07-27,23.699607849121094,24.09903942496347,23.566462974699945,24.09903942496347,93000
2000-07-28,22.934024810791016,23.766174804340903,22.76759603104927,23.766174804340903,170400
2000-07-31,24.232177734375,24.232177734375,23.499888649911835,23.83274621651486,192000
2000-08-01,23.63303565979004,23.63303565979004,23.167033135514945,23.30017801991696,80550
2000-08-02,23.533172607421875,23.566459583091877,23.067170185145017,23.566459583091877,96750
2000-08-03,23.16702651977539,23.49988711201576,23.033881673395157,23.49988711201576,75150
2000-08-04,22.900737762451172,23.10045348989284,22.76759292835001,23.10045348989284,129600
2000-08-07,22.46802520751953,22.501312186596916,22.101880627352124,22.368167317708334,133950
2000-08-08,22.63445281982422,22.701026774484056,22.15180840935477,22.63445281982422,372900
2000-08-09,23.433317184448242,23.53317507450615,23.167030493434147,23.167030493434147,88350
2000-08-10,23.233598709106445,23.433314466054124,23.033882952158766,23.433314466054124,65100
2000-08-11,23.10045623779297,23.10045623779297,22.834166537914317,23.10045623779297,76200
2000-08-14,23.433317184448242,23.56646205366577,23.03388562421662,23.36674627354996,103500
2000-08-15,23.233598709106445,23.433314466054124,23.100456902755067,23.433314466054124,288300
2000-08-16,23.400028228759766,23.400028228759766,23.16702551950965,23.16702551950965,46800
2000-08-17,22.900737762451172,23.033879549132177,22.56787720090834,23.033879549132177,65700
2000-08-18,22.76759910583496,22.83417001723801,22.3681675425747,22.76759910583496,116100
2000-08-21,23.10045623779297,23.300171988991696,22.834166537914317,23.033882289113045,124350
2000-08-22,23.233598709106445,23.300172659702746,23.033882952158766,23.266885684404595,142800
2000-08-23,23.366741180419922,23.499886020616547,23.033880603638515,23.033880603638515,94650
2000-08-24,23.56646156311035,23.56646156311035,23.1337430327265,23.300174877639233,105000
2000-08-25,23.766176223754883,23.832747130143357,23.433315596971006,23.832747130143357,60150
2000-08-28,24.964473724365234,25.097618600035553,24.498471230650786,24.498471230650786,188400
2000-08-29,25.230754852294922,25.264041825711367,24.964468207224673,24.964468207224673,228600
2000-08-30,24.531753540039062,24.764756295182426,24.431895651752036,24.63161142832609,136950
2000-08-31,24.099040985107422,24.365327703767736,23.899325184256867,24.365327703767736,186600
2000-09-01,24.431894302368164,24.431894302368164,24.09903672474255,24.36532339632719,64200
2000-09-05,22.900737762451172,23.266882246954175,22.701022035009505,23.266882246954175,191700
2000-09-06,22.567880630493164,23.0671700249731,22.567880630493164,23.0671700249731,114750
2000-09-07,23.266883850097656,23.30017082277154,22.701023599163875,23.16702597949638,121350
2000-09-08,23.03388786315918,23.49989342700677,23.03388786315918,23.333461562452094,82200
2000-09-11,22.701026916503906,22.834168731814938,22.601169031310224,22.80088480169759,173550
2000-09-12,22.368162155151367,22.73430665081287,22.30159125978207,22.73430665081287,136500
2000-09-13,22.701026916503906,22.900742686891267,22.434737191040213,22.900742686891267,144450
2000-09-14,23.233598709106445,23.233598709106445,22.900741145807388,22.900741145807388,49200
2000-09-15,23.000600814819336,23.3001744735619,22.96731383692988,23.23360051778299,76350
2000-09-18,23.200315475463867,23.300173356925804,23.167028499169653,23.167028499169653,45000
2000-09-19,23.10045623779297,23.233598040311772,22.80088261099488,23.10045623779297,76200
2000-09-20,23.96589469909668,24.198897468922706,23.63303403469108,23.63303403469108,72750
2000-09-21,24.73147201538086,24.99776177815182,24.598330181416618,24.96447479595014,140100
2000-09-22,24.465177536010742,24.465177536010742,23.366740993577604,24.232174829384835,142950
2000-09-25,24.16560935974121,24.431896050377656,24.16560935974121,24.3986121186862,74550
2000-09-26,23.766176223754883,24.19889473383185,23.666318340461796,24.065749873634147,122850
2000-09-27,22.734310150146484,23.233599560818963,22.7010262210488,22.90074198531779,81750
2000-09-28,23.96589469909668,24.065752593676248,23.30017641770658,23.30017641770658,62850
2000-09-29,23.56646156311035,23.832748248581467,23.499890653597795,23.832748248581467,39000
2000-10-02,23.400028228759766,23.533170021970996,23.233596416115265,23.433312153352418,85200
2000-10-03,23.766176223754883,24.36532352351341,23.73288924685027,23.832747130143357,136500
2000-10-04,23.59975242614746,23.96589705986606,23.43332055383968,23.799468234979678,76500
2000-10-05,23.59975242614746,23.666323346617734,23.466607537785514,23.466607537785514,35700
2000-10-06,22.501312255859375,23.10045959657083,22.368167386560952,23.10045959657083,80850
2000-10-09,22.534591674804688,22.56787864731843,22.40144987959042,22.56787864731843,39000
2000-10-10,21.868879318237305,22.16845300752823,21.868879318237305,22.16845300752823,40350
2000-10-11,21.303014755249023,21.336298682603196,20.97015414976339,21.336298682603196,76650
2000-10-12,20.737159729003906,21.169878384751048,20.437585978276296,21.169878384751048,101250
2000-10-13,21.26972770690918,21.436156485366094,20.03814621355047,20.03814621355047,152400
2000-10-16,20.637296676635742,21.26973100882406,20.13800721633471,21.26973100882406,128400
2000-10-17,20.60401153564453,21.402874625266666,20.570724557769996,21.103300966658367,137700
2000-10-18,20.104724884033203,20.138008819088277,19.80515118400997,20.00486698402546,126150
2000-10-19,20.60401153564453,20.60401153564453,19.871719354350624,20.104722104630696,161100
2000-10-20,19.971576690673828,20.67058187484741,19.705290017271764,20.67058187484741,172950
2000-10-23,20.737159729003906,20.83701764591311,20.171299215659015,20.23787014445789,125250
2000-10-24,20.903589248657227,21.303020870940983,20.7371573744247,20.7371573744247,72000
2000-10-25,20.07143783569336,20.63729825140665,19.971579936013292,20.6040143164608,85350
2000-10-26,20.837011337280273,21.036727110632548,20.637295563928,20.837011337280273,199200
2000-10-27,21.436153411865234,21.835584860828067,21.036721962902405,21.036721962902405,141150
2000-10-30,21.169870376586914,21.30301523124025,20.870296739182383,21.30301523124025,86850
2000-10-31,21.602590560913086,21.735732378575637,21.303016900041044,21.303016900041044,86100
2000-11-01,21.735733032226562,21.968735791274337,21.502733320599745,21.669162121393324,42600
2000-11-02,22.368162155151367,22.6344487840488,21.868872821331024,21.868872821331024,64800
2000-11-03,22.46802520751953,22.634454008064544,21.96873575846354,22.434738228442146,60300
2000-11-06,21.90216064453125,22.13516031109559,21.80230277388357,22.10187638582661,127650
2000-11-07,22.501312255859375,22.800885926215102,22.368167386560952,22.43473829749968,49500
2000-11-08,22.46802520751953,22.867456766764324,22.46802520751953,22.634454008064544,58050
2000-11-09,20.803726196289062,21.169870743658652,20.57072345846077,21.169870743658652,70500
2000-11-10,20.803726196289062,20.970154981926026,20.770439220193396,20.87029710105971,51600
2000-11-13,20.57072639465332,20.60401337550025,19.77186323369591,20.23786572844736,185100
2000-11-14,20.371009826660156,20.637296521005574,20.271151935352997,20.57072560927447,115650
2000-11-15,20.03814697265625,20.3710075896004,19.93828909231507,20.3710075896004,65850
2000-11-16,20.371009826660156,20.470867717967312,20.237864955776946,20.237864955776946,120150
2000-11-17,20.870296478271484,21.13658313682853,20.50415194182797,20.50415194182797,73350
2000-11-20,20.504154205322266,21.103301538782127,20.504154205322266,20.637296025588284,58650
2000-11-21,20.371009826660156,20.604012588850523,20.17129404404584,20.371009826660156,78450
2000-11-22,19.771860122680664,20.237862544108683,19.738573147071293,20.237862544108683,52950
2000-11-24,20.637296676635742,20.837012460756156,20.33772300045512,20.33772300045512,45000
2000-11-27,21.369590759277344,21.56930656076592,20.63729847134548,20.63729847134548,79200
2000-11-28,21.336301803588867,21.536017586609734,21.169873000211815,21.236443912078435,63900
2000-11-29,21.103296279907227,21.40286987198436,20.936864474917595,21.136580202969018,69450
2000-11-30,20.637296676635742,20.90358642041031,20.50415485216948,20.90358642041031,55050
2000-12-01,20.670581817626953,21.20315821037756,20.637294840761054,20.637294840761054,121350
2000-12-04,20.903589248657227,21.003447154228166,20.570728547613616,20.670586453184555,181050
2000-12-05,21.303014755249023,21.303014755249023,20.371006888341576,20.703867493827214,219450
2000-12-06,20.204578399658203,20.50415203467412,20.104720521319564,20.43757808416796,118200
2000-12-07,20.004865646362305,20.071436559442322,19.771862879450648,19.771862879450648,141000
2000-12-08,19.605430603027344,20.071433006950702,19.438998778652877,20.071433006950702,138600
2000-12-11,19.405715942382812,19.67200260995946,19.20600017984515,19.67200260995946,84900
2000-12-12,19.905004501342773,20.138004182770455,19.871717526530006,19.905004501342773,79200
2000-12-13,19.638715744018555,20.03814727133704,19.638715744018555,19.838431507677797,100200
2000-12-14,18.77328109741211,19.505573219855616,18.50699443807838,19.505573219855616,171000
2000-12-15,18.440418243408203,18.806565783778666,18.407134319680146,18.806565783778666,172800
2000-12-18,18.473709106445312,18.573566993507182,18.307280310482493,18.373851219383447,73650
2000-12-19,18.340564727783203,18.640138396916253,18.240706838072185,18.373851706827192,66900
2000-12-20,17.408559799194336,18.007707137819523,17.308701909423473,17.97442015875558,86550
2000-12-21,16.70955467224121,17.308702014503794,16.509838891487018,17.308702014503794,249450
2000-12-22,17.142274856567383,17.574993515754983,16.676272256426603,16.676272256426603,178050
2000-12-26,18.363187789916992,18.563513463782535,18.162862116051453,18.363187789916992,157800
2000-12-27,17.862377166748047,18.029314242678392,17.695437034089892,17.79559989099366,81150
2000-12-28,18.463350296020508,18.630287335674854,18.19624736450098,18.429961665398782,152550
2000-12-29,17.995925903320312,18.563517473008837,17.962540321617126,18.229640258881933,76950
2001-01-02,18.429962158203125,18.49673636450493,17.995922175423324,17.995922175423324,83550
2001-01-03,20.7003231048584,20.867263240449294,18.363191773864493,18.429965994064133,554850
2001-01-04,19.765470504760742,20.032570424849514,19.765470504760742,20.032570424849514,92250
2001-01-05,20.26628303527832,20.566771565998785,20.199505768411058,20.566771565998785,138000
2001-01-08,20.633548736572266,20.66693737479639,20.266285943018286,20.33306016273869,103050
2001-01-09,19.73208236694336,20.099345148434075,19.66530814941625,19.79885658447047,172200
2001-01-10,20.065959930419922,20.09934551142254,19.5985312291053,19.69869408556875,78750
2001-01-11,20.032569885253906,20.032569885253906,19.631918487548827,19.999181249869288,91950
2001-01-12,19.331432342529297,19.56514670582153,19.131106618772517,19.531758066286077,123300
2001-01-16,18.8640079498291,19.064333687148604,18.56351934384985,18.76384508116935,125700
2001-01-17,19.030942916870117,19.264657269846218,18.864005840017374,18.897391421351227,116850
2001-01-18,19.698692321777344,19.698692321777344,19.16449250628894,19.16449250628894,178650
2001-01-19,20.26628303527832,20.499994299131526,19.999180081264083,20.23289440184469,109350
2001-01-22,20.73370933532715,20.967423663974305,20.29966931261886,20.29966931261886,92850
2001-01-23,20.46660804748535,20.600156463360957,20.29966794254989,20.4332194151528,103800
2001-01-24,20.199506759643555,20.232895394715637,19.932406849249563,20.166121181299026,157800
2001-01-25,20.199506759643555,20.299669608132245,20.132732546226944,20.299669608132245,112350
2001-01-26,20.26628303527832,20.26628303527832,19.999180081264083,20.1327315582712,83250
2001-01-29,20.05927848815918,20.299668702461506,19.674653533929973,19.899017326381824,138450
2001-01-30,19.968460083007812,20.085985111910265,19.631912942852942,19.925723986745712,76350
2001-01-31,19.97914695739746,20.05927753447647,19.797519279606245,19.968463695580866,108600
2001-02-01,19.845592498779297,19.866960545913972,19.38617872120215,19.663964862316206,84300
2001-02-02,19.09771728515625,19.39152996624288,18.889379884981246,19.39152996624288,94200
2001-02-05,19.391529083251953,19.391529083251953,19.044297042043596,19.09237631223063,244650
2001-02-06,19.236604690551758,19.311393628644055,19.097711603393265,19.25797274024049,182250
2001-02-07,18.803909301757812,19.236612092357856,18.47804527234706,19.236612092357856,209400
2001-02-08,18.937456130981445,19.11374219732472,18.916088076625783,18.937456130981445,71100
2001-02-09,18.91075325012207,18.958831007632043,18.78254487785258,18.942804579007266,93300
2001-02-12,18.905399322509766,19.017582730635116,18.58487857435909,19.017582730635116,98700
2001-02-13,18.510093688964844,18.937454744796103,18.467357583381716,18.937454744796103,75900
2001-02-14,18.643646240234375,18.745144887258572,18.40859762670481,18.51009627372901,81000
2001-02-15,18.675697326660156,18.777194435747635,18.429963944237553,18.777194435747635,203100
2001-02-16,18.563514709472656,18.953481293439935,18.515435444096813,18.777193710455915,154050
2001-02-20,18.563514709472656,18.63830213056224,18.48338412887662,18.48338412887662,141300
2001-02-21,18.381885528564453,18.56351474301945,18.376542369048348,18.44598968748439,160050
2001-02-22,18.269699096679688,18.536800479058513,18.269699096679688,18.355172822866212,83250
2001-02-23,18.56885528564453,18.584881707845057,18.40325401745159,18.40325401745159,125850
2001-02-26,18.483381271362305,18.542142261575545,18.301752085315247,18.483381271362305,156900
2001-02-27,18.168203353881836,18.34449093605319,18.16286325112741,18.323122883217,87300
2001-02-28,17.50579261779785,17.708789871189232,17.414978781031834,17.53784545922327,114450
2001-03-01,17.414979934692383,17.43634798760366,17.041038244563165,17.158563299757045,104250
2001-03-02,17.04103660583496,17.195954592453322,16.827356097270478,17.094455968794303,82950
2001-03-05,17.564558029174805,17.655371880870927,17.276088522375083,17.361562270773838,146250
2001-03-06,18.210941314697266,18.216282945911242,18.109442679813128,18.109442679813128,286500
2001-03-07,18.403249740600586,18.542141291757236,18.280383079556586,18.349828855134913,59400
2001-03-08,18.632959365844727,18.787878899176434,18.440646885357808,18.69706352600703,123150
2001-03-09,18.53680419921875,18.825273688946428,18.483384829040297,18.75048473666008,87450
2001-03-12,17.8957576751709,18.429960446141965,17.79426058534806,18.429960446141965,79950
2001-03-13,18.803909301757812,18.857328682352456,18.515439755781745,18.697067483840407,183000
2001-03-14,18.37120246887207,18.76651225030716,18.242994138952124,18.242994138952124,165000
2001-03-15,18.6810359954834,19.081687322038363,18.6810359954834,18.905399760201526,103200
2001-03-16,19.172502517700195,19.57849550363402,19.16716088681829,19.19387056959145,106200
2001-03-19,19.274002075195312,19.34879102460101,19.129767335886974,19.231265969353117,130800
2001-03-20,19.00690460205078,19.37016157724999,19.00690460205078,19.284690876155373,76500
2001-03-21,19.712045669555664,19.968462275279393,19.423576223934706,19.509048425842618,135750
2001-03-22,20.689638137817383,20.78045198683153,20.427879853781878,20.5881394974325,195900
2001-03-23,21.159732818603516,21.528331304083643,21.106311928686832,21.368071691060617,129600
2001-03-26,21.122343063354492,21.661886071621314,20.860583242551584,21.661886071621314,205800
2001-03-27,21.426837921142578,21.528336566942375,21.04755455361336,21.122343512107072,96900
2001-03-28,20.032569885253906,20.662928247335365,19.92572961442347,20.406511597342323,372450
2001-03-29,19.52507781982422,19.754784779531256,19.509051397434483,19.658627773556592,127350
2001-03-30,19.52507781982422,19.8082041496787,19.487683343702752,19.605208403409147,125700
2001-04-02,19.52507781982422,19.733416725799525,19.364818181018126,19.519736188482227,111900
2001-04-03,19.135107040405273,19.71204593954946,19.097712569467493,19.578494475966465,127350
2001-04-04,20.1394100189209,20.406511458359734,19.915044687523174,19.979148849584842,202950
2001-04-05,20.769765853881836,20.99413115802673,20.395824189761544,20.459928344036715,94950
2001-04-06,20.73237419128418,20.994134002985437,20.561429756718688,20.967424317175528,162300
2001-04-09,20.422536849975586,20.51335069288745,20.288985372816356,20.459929796351016,150000
2001-04-10,20.66292953491211,20.694982382340456,20.246251688526918,20.379801653295964,225600
2001-04-11,20.80716323852539,21.020843782686672,20.753742338303166,20.82853129294152,214050
2001-04-12,20.87660789489746,21.020842636432242,20.566771886940685,20.74839957539182,99150
2001-04-16,20.36377716064453,20.572114559593164,20.305014624773108,20.56677445606802,57450
2001-04-17,20.59882164001465,20.59882164001465,20.29966738883151,20.379797964534784,82200
2001-04-18,21.870222091674805,22.0037720360297,21.218495734437436,21.368073628420394,172350
2001-04-19,21.79009246826172,21.90227436529957,21.42149393321523,21.89693426246237,90000
2001-04-20,21.346702575683594,21.79543316995916,21.154390118864157,21.79543316995916,69750
2001-04-23,21.154394149780273,21.207815051035553,21.05289550724993,21.207815051035553,221550
2001-04-24,21.047555923461914,21.15973936850377,21.03153102705364,21.11166009418698,67800
2001-04-25,20.887290954589844,20.897974216148036,20.620189546908286,20.833870061708094,84000
2001-04-26,20.972763061523438,21.149050644520678,20.887292378141943,20.887292378141943,72750
2001-04-27,21.047555923461914,21.341367088042798,21.042214291325823,21.047555923461914,45600
2001-04-30,21.341360092163086,21.341360092163086,20.988786504569855,21.15438927341461,183000
2001-05-01,22.051851272583008,22.164033164568,21.752698541713933,21.795434646123798,117750
2001-05-02,22.388399124145508,22.570028337320135,22.057193541212122,22.057193541212122,192000
2001-05-03,22.436473846435547,22.48989473549669,22.334975227073823,22.388396116134963,226650
2001-05-04,22.463186264038086,22.543316843212374,22.16937668767183,22.356346001260263,181950
2001-05-07,22.35634422302246,22.42579153457692,22.190741446798064,22.42044837559027,89550
2001-05-08,21.934329986572266,22.169380129539444,21.84885776308017,22.169380129539444,78600
2001-05-09,21.8221435546875,21.93432544269047,21.672567194562344,21.93432544269047,78150
2001-05-10,22.003774642944336,22.217456718937434,21.923645583856235,22.169378977811807,51750
2001-05-11,21.99843406677246,22.105274345713013,21.811463196535517,21.902277051544008,73200
2001-05-14,21.31465721130371,21.848858629308477,21.31465721130371,21.848858629308477,56250
2001-05-15,21.763381958007812,21.843512536435615,21.368073753594338,21.44820280365848,64950
2001-05-16,21.87556266784668,21.982402923851705,21.688593366110567,21.822143304025957,110700
2001-05-17,22.196088790893555,22.431137394627655,21.912960917395505,21.912960917395505,88350
2001-05-18,22.324295043945312,22.43113530843329,22.19608672655974,22.19608672655974,47550
2001-05-21,22.91725730895996,23.02409756605874,22.399080915758194,22.436475387833664,96300
2001-05-22,22.810422897338867,22.911920021320014,22.302929635613204,22.650161706439818,362550
2001-05-23,22.7196044921875,22.831787922264922,22.473872634702207,22.783708654361547,114750
2001-05-24,22.42579460144043,22.724947354334493,22.22813895771974,22.724947354334493,62550
2001-05-25,22.222797393798828,22.351005716856747,21.92898627136682,22.351005716856747,52950
2001-05-29,21.87556266784668,22.24950432804606,21.795433622115592,22.2227946461357,82200
2001-05-30,21.28795051574707,21.768732623735076,21.15439899619451,21.768732623735076,242700
2001-05-31,21.17041778564453,21.341362201772327,21.052892735374858,21.052892735374858,268800
2001-06-01,21.33068084716797,21.448204379582037,21.17576130992774,21.26123352563389,94350
2001-06-04,21.635173797607422,21.715304376604628,21.517648744629696,21.635173797607422,112650
2001-06-05,21.319995880126953,21.501623572822158,21.26657650993322,21.501623572822158,132450
2001-06-06,20.93537139892578,21.14905194139177,20.88729365896188,21.14905194139177,95100
2001-06-07,20.748403549194336,20.935374433040277,20.678957744919224,20.935374433040277,142950
2001-06-08,20.40650749206543,20.823185228660922,20.299665714365084,20.823185228660922,136950
2001-06-11,20.35843849182129,20.427884301578313,20.11804668145875,20.406516242548143,124800
2001-06-12,20.620189666748047,20.689635452370688,20.31569378511596,20.433218833120684,124650
2001-06-13,20.673608779907227,20.98878791932277,20.598821364384868,20.887290821711254,146850
2001-06-14,20.51335334777832,20.85524223909578,20.51335334777832,20.85524223909578,138000
2001-06-15,20.625532150268555,20.748398834163027,20.411851625392803,20.513350256799704,106650
2001-06-18,20.14474868774414,20.219537629999127,19.931068178963546,20.032566802725217,53400
2001-06-19,20.833873748779297,21.020844614409167,20.727033472471355,20.903319546288493,107700
2001-06-20,21.368072509765625,21.544358549354307,21.261230725838676,21.416150242678253,132000
2001-06-21,22.009117126464844,22.0732212887834,21.90761848736951,22.03048518057103,74850
2001-06-22,22.4952392578125,22.596737890222578,22.356346151088655,22.356346151088655,89400
2001-06-25,22.222797393798828,22.356347348226553,22.067879385528116,22.356347348226553,74700
2001-06-26,21.530107498168945,21.56757943941979,21.36416164251224,21.47122323785046,87000
2001-06-27,21.321334838867188,21.530105311455323,21.20356786172113,21.530105311455323,88950
2001-06-28,21.546165466308594,21.679993608367806,21.11791908739077,21.14468410319067,174600
2001-06-29,22.054704666137695,22.209943558380814,21.63716378106991,21.679988408690733,86250
2001-07-02,21.722816467285156,21.808465736054536,21.43910364736902,21.679991832900466,180000
2001-07-03,21.2999267578125,21.32669177636885,20.98944733535679,21.241042491764517,170700
2001-07-05,20.555843353271484,20.636139921479625,20.448781772837183,20.609374909253464,121200
2001-07-06,19.73147201538086,20.047304118123392,19.53875960393632,20.047304118123392,89400
2001-07-09,19.0837459564209,19.479874595708925,18.97668436898221,19.14798290888411,113250
2001-07-10,18.885683059692383,19.06233430223058,18.746502225414243,19.00345157573772,95250
2001-07-11,18.687620162963867,18.810741390150227,18.628737429552988,18.68226746565924,68400
2001-07-12,20.090126037597656,20.149008760950505,19.699350102040334,19.699350102040334,526350
2001-07-13,19.44240379333496,19.72611816527358,19.27110524342327,19.72611816527358,388050
2001-07-16,18.94456672668457,19.1908091643514,18.842859358676858,19.1908091643514,83250
2001-07-17,18.842859268188477,18.89638930040601,18.46814291654624,18.842859268188477,83250
2001-07-18,18.409257888793945,18.628735300024154,18.334314008976357,18.60197028503065,120000
2001-07-19,18.628734588623047,18.783973507492824,18.312902522865407,18.735794644508616,117750
2001-07-20,18.22725486755371,18.452083455276945,18.146958286996888,18.146958286996888,58800
2001-07-23,18.2165470123291,18.575203726517888,18.120192345802753,18.52167369656543,197250
2001-07-24,18.650150299072266,18.869626210319836,18.50026404942246,18.869626210319836,176100
2001-07-25,18.87497901916504,18.880331716658755,18.61267846361252,18.735798163618167,99750
2001-07-26,18.735794067382812,18.86962219617692,18.468140872854008,18.86962219617692,105150
2001-07-27,18.414613723754883,18.601973455229203,18.38784870420001,18.601973455229203,127500
2001-07-30,17.343996047973633,17.611649282226324,17.290464482205135,17.611649282226324,245400
2001-07-31,18.114835739135742,18.3610781328693,18.066658412198173,18.066658412198173,155100
2001-08-01,19.09980583190918,19.404932508822334,18.869623032966555,18.869623032966555,236550
2001-08-02,19.410289764404297,19.47452673787966,19.335347394448164,19.404938597694166,115650
2001-08-03,19.324634552001953,19.36745918448479,19.142629098185054,19.196160654553434,42750
2001-08-06,19.056978225708008,19.34604370481883,18.84285508135572,19.292513684495525,79200
2001-08-07,19.308578491210938,19.45311203536572,19.08374836346684,19.08374836346684,109050
2001-08-08,19.01416015625,19.271108018113367,18.92851086896221,19.271108018113367,63600
2001-08-09,18.628734588623047,18.896387791396474,18.334313308818718,18.896387791396474,73350
2001-08-10,18.628734588623047,18.634087285111374,18.302195598359,18.361079854319865,116850
2001-08-13,18.52167510986328,18.655501726485888,18.20049031105107,18.20049031105107,103800
2001-08-14,18.78932762145996,18.97668579645363,18.601970977996157,18.601970977996157,63150
2001-08-15,18.821443557739258,18.998094776369847,18.741146992350952,18.789324318972096,96900
2001-08-16,18.22725486755371,18.22725486755371,17.718711899400354,17.718711899400354,219000
2001-08-17,16.86221694946289,17.129870165736065,16.781920371969004,17.129870165736065,194850
2001-08-20,17.0174560546875,17.156636892572326,16.8622171263593,16.996045267429672,66450
2001-08-21,17.178050994873047,17.370761883970374,17.07634208718918,17.07634208718918,141750
2001-08-22,17.39752960205078,17.41358769523962,17.135227503408345,17.290466458277876,113250
2001-08-23,16.47144317626953,16.755157583585934,16.433972762451354,16.728391033177196,180750
2001-08-24,16.38043785095215,16.38043785095215,16.177021604836327,16.24661125233413,195300
2001-08-27,16.342966079711914,16.43396957670643,16.246611417815025,16.246611417815025,71850
2001-08-28,16.492855072021484,16.728389048039613,16.466088524789097,16.594563969526938,114750
2001-08-29,16.278732299804688,16.546387083448476,16.27337960232962,16.43932547629697,81750
2001-08-30,16.144901275634766,16.33761211601016,16.0592520132457,16.144901275634766,149100
2001-08-31,16.284082412719727,16.29478780496388,15.92542420500684,15.995015380712445,94500
2001-09-04,16.67485809326172,17.129869461127893,16.519619172947575,16.648093079041303,379050
2001-09-05,15.845132827758789,16.064608734744805,15.636362315489164,16.05925603738661,184350
2001-09-06,15.250937461853027,15.507885261576806,15.213465524844219,15.416883298723725,260850
2001-09-07,15.523948669433594,15.711308418673317,15.443653603155422,15.65777684295765,99300
2001-09-10,15.556061744689941,15.722007572531021,15.31517357843878,15.336585893917318,130950
2001-09-17,14.571098327636719,14.720983036292996,13.382713800395369,13.382713800395369,123600
2001-09-18,14.373030662536621,14.801276986906142,14.373030662536621,14.592506520893586,81750
2001-09-19,14.795928001403809,15.202762111584756,14.533627444827552,15.122465522745479,182400
2001-09-20,14.9136962890625,15.14923182263723,14.720983866425879,15.095700253787053,209550
2001-09-21,14.174967765808105,14.587156020428637,14.137495827837196,14.587156020428637,163800
2001-09-24,14.961873054504395,15.25629284305124,14.731690227193408,14.774514868017313,322050
2001-09-25,15.368706703186035,15.604242220987325,15.202760841852644,15.604242220987325,113100
2001-09-26,14.763808250427246,15.042168392721111,14.613922019961318,15.042168392721111,89700
2001-09-27,14.75309944152832,14.795924073336048,14.319498895827866,14.346265439354925,209100
2001-09-28,14.50686264038086,14.75310357652685,14.44797837225875,14.75310357652685,100350
2001-10-01,15.363351821899414,15.443648392616511,15.288409479018572,15.390118366491581,118950
2001-10-02,16.391141891479492,16.433966518025333,16.19842954049376,16.219843385296134,234450
2001-10-03,16.712329864501953,16.712329864501953,16.03248840202412,16.396497798972835,109050
2001-10-04,16.594566345214844,16.824747657351327,16.487503204017777,16.594566345214844,186750
2001-10-05,16.589210510253906,16.755156372056764,16.2733784094262,16.46073659108975,150000
2001-10-08,16.605268478393555,16.72838815667679,16.385792604573687,16.723036991657242,148050
2001-10-09,16.193082809448242,16.407204469263853,16.128844320514727,16.300142873591113,76200
2001-10-10,15.791600227355957,16.273376605037324,15.791600227355957,15.925425297234389,85500
2001-10-11,17.129867553710938,17.129867553710938,16.60526659467428,16.648091225270317,201150
2001-10-12,17.001394271850586,17.360052480371316,16.808683427254884,17.236931280108315,140550
2001-10-15,16.626678466796875,16.915745481379997,16.541029207887735,16.915745481379997,78450
2001-10-16,17.451053619384766,17.477818630325316,17.124516197627248,17.12986736197986,152700
2001-10-17,17.884653091430664,18.468139840914787,17.884653091430664,18.361078262779575,146250
2001-10-18,17.349348068237305,17.451056967158504,17.135224876576814,17.39752693500832,117750
2001-10-19,17.456411361694336,17.600944913003445,17.236935451780887,17.39752862690879,165900
2001-10-22,17.413583755493164,17.456408390701398,17.183400958366466,17.456408390701398,93150
2001-10-23,17.22087287902832,17.49923300759044,17.183400940377904,17.386818723168947,157200
2001-10-24,17.483177185058594,17.713360031955716,17.354703251655096,17.354703251655096,115350
2001-10-25,17.836477279663086,17.85253690063031,17.2369323911644,17.376111688801007,232650
2001-10-26,16.776565551757812,17.108457213241582,16.771212855677014,16.862214815169153,187350
2001-10-29,16.230554580688477,16.723039493622085,16.21984918598818,16.669507925530606,139500
2001-10-30,15.631003379821777,15.791596488715184,15.523940286206578,15.71129993426848,149250
2001-10-31,15.668477058410645,16.04854759780229,15.647066273040103,15.684536678968263,67950
2001-11-01,15.791600227355957,15.925425297234389,15.55071050698552,15.679184411904519,78150
2001-11-02,15.556061744689941,15.73806719202233,15.36335090538309,15.73806719202233,174750
2001-11-05,16.080669403076172,16.160965994785805,15.57747906199459,15.57747906199459,88950
2001-11-06,16.482147216796875,16.482147216796875,16.225199404879497,16.273376736731564,152250
2001-11-07,16.25196647644043,16.594565133896943,16.219848761649796,16.58921090515687,141150
2001-11-08,15.973605155944824,16.353674197904326,15.941485911948035,16.193082572509937,217800
2001-11-09,15.9843111038208,16.187727354420563,15.86654259173955,15.893307605747196,117000
2001-11-12,16.04854965209961,16.166316644360933,15.657773670001344,15.89866188308171,63900
2001-11-13,15.893310546875,15.95219481381242,15.754131223055687,15.845133206439856,137100
2001-11-14,16.123489379882812,16.503558374513442,16.064605127574616,16.326905617588857,327450
2001-11-15,17.210163116455078,17.29045967702771,16.86756609164333,16.888978405694065,182100
2001-11-16,17.434999465942383,17.772243916717326,17.34399748129837,17.397529051490768,138750
2001-11-19,17.515291213989258,17.61164586955969,17.22087148813803,17.236931107909648,118800
2001-11-20,17.24228858947754,17.79901048768101,17.220876267682407,17.263700911272668,267600
2001-11-21,17.531352996826172,17.5955914894504,17.354701736699422,17.42429292653235,173850
2001-11-23,17.402875900268555,17.45105476094867,17.242284292590554,17.242284292590554,87750
2001-11-26,18.093425750732422,18.4681420855131,17.697298629252078,17.799007523724526,213000
2001-11-27,18.173723220825195,18.468142993843536,18.1255458853218,18.243312875611203,148050
2001-11-28,17.542055130004883,17.825769445970106,17.504583196722,17.745472883658078,104100
2001-11-29,17.606294631958008,17.63305964610812,17.236932535791226,17.30652218519342,165750
2001-11-30,18.146963119506836,18.18978776967063,17.73477471303258,17.93283833715756,99450
2001-12-03,17.740121841430664,17.85253766146237,17.397526279217715,17.558117901144726,142950
2001-12-04,18.039892196655273,18.039892196655273,17.66517593507906,17.7401182684766,83700
2001-12-05,19.308578491210938,19.404934697824107,18.76256356063952,18.76256356063952,117150
2001-12-06,19.1212158203125,19.137273908038733,18.80003109284401,18.86962073424645,133050
2001-12-07,18.976686477661133,19.12122001964629,18.76791597607479,19.12122001964629,139350
2001-12-10,18.52167510986328,18.789328343108494,18.494908561314816,18.548440126881815,283800
2001-12-11,19.110511779785156,19.265752236793467,18.869623580728213,18.869623580728213,152400
2001-12-12,19.217573165893555,19.479875212065068,19.08374656024327,19.324636288249547,134250
2001-12-13,18.52167510986328,19.21757474152477,18.494908561314816,19.21757474152477,167400
2001-12-14,18.634084701538086,18.77861820739197,18.494903891430393,18.494903891430393,99000
2001-12-17,18.462791442871094,18.52167570743562,18.1951366694605,18.46814414014151,298950
2001-12-18,19.169397354125977,19.260400862197333,18.987393401043107,19.137278108564338,243150
2001-12-19,19.169397354125977,19.31928359317713,19.003453023823926,19.11586732022981,78600
2001-12-20,18.853565216064453,19.056983020140564,18.71973860005802,19.056983020140564,107850
2001-12-21,18.880332946777344,19.00345571786494,18.307552926320163,18.735799384319897,229650
2001-12-24,18.655502319335938,18.94456788168813,18.655502319335938,18.89639054321776,87450
2001-12-26,18.56535530090332,18.801446290118605,17.894641112003562,17.894641112003562,262050
2001-12-27,18.656570434570312,18.69949606562388,18.37755229758048,18.5653538523669,222450
2001-12-28,18.737062454223633,18.90876503413216,18.517067372359218,18.538530194847784,83400
2001-12-31,18.812179565429688,19.026807767498106,18.549260401681376,18.672672001656213,74100
2002-01-02,18.887296676635742,18.908759492834534,18.645840378184783,18.779981060500088,75750
2002-01-03,19.085830688476562,19.166316647116815,18.83364217014616,18.90876280758159,129300
2002-01-04,19.804834365844727,19.96043941453023,19.42386895773378,19.531183049093073,101850
2002-01-07,19.47752571105957,19.61166793417349,19.370211625540083,19.61166793417349,115050
2002-01-08,18.871200561523438,19.042903103677382,18.699498019369493,18.779982434647792,181050
2002-01-09,19.021442413330078,19.638498876994937,18.99461427190343,19.262898756453897,153150
2002-01-10,18.490234375,18.69949722312494,18.323897160585727,18.69949722312494,200100
2002-01-11,18.76388931274414,18.860471239753284,18.40438667691022,18.5117007819993,153000
2002-01-14,18.286338806152344,18.645842945916776,18.162928747370696,18.645842945916776,116250
2002-01-15,18.270244598388672,18.393654669026485,18.16293049230662,18.275609919907257,148650
2002-01-16,17.706844329833984,17.94830068391126,17.642455866403907,17.94830068391126,121800
2002-01-17,17.765867233276367,17.78196319756127,17.599529987862716,17.653186272429807,269400
2002-01-18,17.508310317993164,17.58343095199349,17.384900260215623,17.58343095199349,150000
2002-01-22,16.832233428955078,17.175638555915686,16.821501251166556,17.170271699450417,183600
2002-01-23,16.875158309936523,17.111249324090757,16.612237620090124,16.7141863963513,228600
2002-01-24,17.218570709228516,17.51905030896705,17.116621889817296,17.17027819362788,117300
2002-01-25,17.733671188354492,17.78196214864471,17.411728894516454,17.706843047653475,210150
2002-01-28,17.8946475982666,18.02342454815265,17.63172837603484,17.63172837603484,116100
2002-01-29,17.116615295410156,17.653185802507934,16.912717735142,17.653185802507934,214800
2002-01-30,17.390268325805664,17.438560827488487,16.84296558787087,17.009302845002246,196950
2002-01-31,17.792699813842773,17.840992324169882,17.626362526937278,17.7068485090067,94800
2002-02-01,17.470752716064453,17.787329701183076,17.358073292595794,17.787329701183076,213450
2002-02-04,17.250757217407227,17.438558810324448,17.186368757753595,17.438558810324448,183600
2002-02-05,16.521020889282227,16.767842543629925,16.51565556824339,16.767842543629925,161250
2002-02-06,16.49955940246582,16.66053132776621,16.39224529731291,16.633703185263496,55950
2002-02-07,16.955646514892578,17.11661691467906,16.789309258170903,16.82150272407134,199200
2002-02-08,17.37952995300293,17.535136511063744,17.19709679547177,17.35806867342665,159750
2002-02-11,17.78732681274414,17.824887126181707,17.476115199484223,17.476115199484223,112200
2002-02-12,17.706844329833984,17.86781625598021,17.604895545617513,17.653186509404556,63600
2002-02-13,18.3775577545166,18.565359365067852,18.27024518015951,18.3775577545166,151050
2002-02-14,18.40975570678711,18.570727664417475,18.270248109640328,18.40975570678711,106350
2002-02-15,18.221948623657227,18.275606434034643,18.168292348421584,18.275606434034643,97200
2002-02-19,17.476119995117188,17.658554756774713,17.384903381859516,17.637091933941015,103350
2002-02-20,17.830251693725586,17.830251693725586,17.46538382108341,17.476114461531452,86400
2002-02-21,17.948301315307617,18.404387432005024,17.894645028132697,17.894645028132697,180900
2002-02-22,18.350727081298828,18.458041176004897,18.24341452173466,18.458041176004897,227850
2002-02-25,18.45804214477539,18.48487182121649,18.168294841432566,18.275608941771015,148200
2002-02-26,17.921472549438477,18.08244447565809,17.637090552944823,17.867816264126645,154650
2002-02-27,18.275609970092773,18.511701004121605,17.94830079428716,17.94830079428716,96900
2002-02-28,18.586816787719727,18.849737452689478,18.51169769425822,18.763886182938162,221100
2002-03-01,19.633132934570312,19.654595754060974,19.048271487235304,19.048271487235304,182400
2002-03-04,20.604328155517578,20.84578450843524,20.057025451419356,20.067756094368473,155100
2002-03-05,20.057024002075195,20.175070276837612,19.853127984497306,20.175070276837612,187800
2002-03-06,20.158977508544922,20.255560986480365,19.504360592949116,19.504360592949116,158550
2002-03-07,20.604328155517578,20.808224187829232,20.416528087629597,20.65798597568931,158250
2002-03-08,20.2018985748291,20.36286895468258,19.96044070233595,20.014098519048414,233100
2002-03-11,19.713621139526367,19.85313024969582,19.531186385480485,19.74581460486263,201150
2002-03-12,19.423866271972656,19.579472834284115,19.058998411801785,19.262894389620566,133500
2002-03-13,19.47752571105957,19.90678205313753,19.439965397342306,19.90678205313753,112650
2002-03-14,19.702884674072266,20.255554137660223,19.67069121574059,19.9604384812928,250800
2002-03-15,20.180435180664062,20.389696515002015,19.815567256889235,19.815567256889235,111750
2002-03-18,19.61703109741211,19.83165924484879,19.515083878735886,19.826293924948274,116400
2002-03-19,20.395065307617188,20.454088449382212,20.126779276502933,20.38969845098978,122250
2002-03-20,19.767274856567383,19.879955808448294,19.643864797825593,19.853127668299376,82200
2002-03-21,20.024826049804688,20.024826049804688,19.584837547639903,19.767272253944828,93450
2002-03-22,20.01409912109375,20.116047901314786,19.80483623936162,20.024829763673857,84000
2002-03-25,19.584842681884766,19.960442833549667,19.531186394585276,19.960442833549667,77550
2002-03-26,19.783370971679688,20.116045412780274,19.63849656877647,19.681422204070625,79950
2002-03-27,19.847761154174805,19.95507525176164,19.53118418250814,19.53118418250814,94350
2002-03-28,19.933610916137695,20.15360595081484,19.82629682671293,20.121410956416494,102750
2002-04-01,19.53118324279785,19.686788293026606,19.370212871733383,19.686788293026606,195450
2002-04-02,19.638498306274414,19.83166368218823,19.531184208544516,19.611670165627427,113100
2002-04-03,20.282384872436523,20.464818075005766,20.099950134725297,20.389697437377034,147300
2002-04-04,20.443355560302734,20.518476199053367,20.357504278954586,20.49701337871633,161550
2002-04-05,20.389698028564453,20.58823027082987,20.336041744538463,20.443355847732466,140400
2002-04-08,20.23409080505371,20.277016441753933,19.933611348152176,19.933611348152176,61950
2002-04-09,19.681425094604492,20.067755868990755,19.649231630976654,20.067755868990755,95250
2002-04-10,19.49898910522461,19.5848388410391,19.44533129330601,19.5848388410391,102300
2002-04-11,19.128753662109375,19.498988406192026,19.026804897718133,19.498988406192026,206250
2002-04-12,19.670698165893555,19.718989138024376,19.42387491252745,19.53118903678612,51150
2002-04-15,19.799468994140625,20.14287408560716,19.772640855155263,19.960439363194638,171300
2002-04-16,20.47018051147461,20.56676395550887,20.201896066647222,20.201896066647222,104700
2002-04-17,20.357507705688477,20.631159094834327,20.201902615837803,20.631159094834327,64950
2002-04-18,20.121414184570312,20.362870540728327,20.121414184570312,20.282386112103705,73200
2002-04-19,20.421892166137695,20.550669084541457,20.22872678853205,20.22872678853205,190950
2002-04-22,20.63115119934082,20.829681861113926,20.518471800511943,20.66334465537407,120450
2002-04-23,21.03358268737793,21.19455306315289,20.953096731919494,20.953096731919494,118650
2002-04-24,21.307231903076172,21.44137412545069,21.24820877258035,21.24820877258035,130650
2002-04-25,21.629179000854492,21.76332278840694,21.36089449603381,21.414550782941106,146250
2002-04-26,21.34479522705078,21.99941046986726,21.22138362819224,21.99941046986726,132150
2002-04-29,21.114076614379883,21.554065339879166,20.915545846417487,21.393093368187905,58950
2002-04-30,20.851146697998047,21.038945188709565,20.657981351871165,20.71163762489111,145350
2002-05-01,21.017486572265625,21.060413748457844,20.56676734123851,20.792126189181058,109500
2002-05-02,20.556039810180664,20.765301190620452,20.523844806948546,20.765301190620452,51450
2002-05-03,20.593589782714844,20.60432195757769,20.2877450586768,20.38969227659509,59550
2002-05-06,20.36286735534668,20.824318709291216,20.346771393224905,20.41652516784476,57600
2002-05-07,20.01409912109375,20.336041425627027,19.987269444359477,20.336041425627027,76500
2002-05-08,20.8028564453125,20.979925849643983,20.459451348633564,20.459451348633564,96600
2002-05-09,20.389698028564453,20.77603033520488,20.30921360252547,20.550669950926466,72450
2002-05-10,20.48628044128418,20.625789535872507,20.282384423214403,20.577498575690445,61200
2002-05-13,20.604328155517578,20.68481411820415,20.2179973767925,20.51847687135645,105000
2002-05-14,20.969194412231445,21.060412545609786,20.71164058064021,20.71164058064021,172350
2002-05-15,21.307231903076172,21.677465112292218,21.01748310619978,21.01748310619978,99000
2002-05-16,21.645275115966797,21.731126397638786,21.355526272752837,21.46284190998483,75000
2002-05-17,21.677473068237305,21.827714377418946,21.489674502044902,21.731130897965365,131250
2002-05-20,21.489669799804688,21.677468324904144,21.468205444496302,21.596982365494668,100500
2002-05-21,21.650638580322266,21.77941549178512,21.489668208564634,21.650638580322266,124500
2002-05-22,21.382352828979492,21.436009104622602,21.194551258803255,21.344792514944245,138900
2002-05-23,20.63115119934082,20.920899979348423,20.470179313749558,20.920899979348423,170250
2002-05-24,20.979923248291016,21.114065463763126,20.926265441017158,21.060409191630956,71400
2002-05-28,21.30187225341797,21.32870039800648,21.19992346181102,21.30187225341797,91050
2002-05-29,21.194549560546875,21.436007387018925,21.194549560546875,21.38235111567513,105750
2002-05-30,20.979923248291016,21.275035815301326,20.974556392964452,21.275035815301326,208350
2002-05-31,20.818954467773438,21.162359573108343,20.818954467773438,21.060412333818476,110400
2002-06-03,21.103334426879883,21.462838531214185,21.103334426879883,21.140894740483976,210000
2002-06-04,21.167724609375,21.24821056364076,20.91553763989318,20.926268281719608,132600
2002-06-05,21.081872940063477,21.11406793522464,20.899439751289748,21.006753843257194,153900
2002-06-06,20.550668716430664,21.03358291936562,20.44335461968311,21.03358291936562,104250
2002-06-07,20.67408561706543,20.765302238924285,20.47018801334788,20.55067399034914,112800
2002-06-10,20.185800552368164,20.566765975170043,20.148240235158536,20.550668477059926,93600
2002-06-11,20.357507705688477,20.657988776128306,20.266291087687282,20.266291087687282,175350
2002-06-12,20.497011184692383,20.63651873437907,20.309211143060143,20.37359959717904,145800
2002-06-13,20.046295166015625,20.416528451778454,20.019465487880197,20.389698773643026,73200
2002-06-14,19.885318756103516,19.987265983530218,19.638495597794854,19.987265983530218,150000
2002-06-17,19.831661224365234,19.933609988359176,19.638495872391232,19.665324009713295,137100
2002-06-18,19.77264404296875,19.86386065131034,19.51509018284513,19.584842434367655,84900
2002-06-19,19.450700759887695,19.879957172286634,19.450700759887695,19.879957172286634,142200
2002-06-20,19.3380184173584,19.62776724257791,19.252167141018088,19.515087826166727,210600
2002-06-21,19.07509994506836,19.31655628456868,19.048271804044315,19.048271804044315,153000
2002-06-24,19.858489990234375,20.121410656765974,19.477526129806186,19.477526129806186,169650
2002-06-25,19.316551208496094,19.665321555583432,19.29508839428854,19.659956235816935,106350
2002-06-26,19.203025817871094,19.50433540793043,18.864053876007574,19.181503814250792,222000
2002-06-27,19.61194610595703,19.644229884728297,19.262213892395007,19.262213892395007,84000
2002-06-28,20.354450225830078,20.553529879074954,20.23069988116079,20.36521199544798,95850
2002-07-01,19.654991149902344,20.30603302179803,19.654991149902344,20.042387279242995,87450
2002-07-02,19.99396514892578,20.284513044697142,19.859452975397627,20.123097204962935,159750
2002-07-03,20.526628494262695,20.66114216279736,20.19841834493816,20.349072360621964,121350
2002-07-05,20.661144256591797,20.768754278699685,19.967058459464536,19.988580463886112,120900
2002-07-08,19.789499282836914,20.20917907459364,19.665747391485578,20.11232929981326,237300
2002-07-09,19.96167755126953,20.230703365553865,19.934775431653634,20.058525797636808,250950
2002-07-10,19.767980575561523,20.096190762665373,19.746458570843647,19.907874375915338,196950
2002-07-11,19.854068756103516,20.09081080992796,19.342920755047853,19.746458731637862,165900
2002-07-12,19.450525283813477,19.880965260056296,19.31601163670651,19.58503739154566,106950
2002-07-15,19.100797653198242,19.111557885432365,18.794107943898574,18.858673955428742,165600
2002-07-16,18.482038497924805,18.84253245454645,18.293722114960293,18.293722114960293,397050
2002-07-17,19.07927131652832,19.26220909210026,18.826388962925076,19.127696972617162,212250
2002-07-18,19.50433349609375,19.73569385780244,19.47742983967416,19.50433349609375,88650
2002-07-19,18.482038497924805,18.93938224351764,18.293722114960293,18.85867434260418,135600
2002-07-22,18.58964729309082,18.88557521733594,18.482037278763055,18.482037278763055,195600
2002-07-23,18.10540008544922,18.810247550045048,18.051595852054472,18.482035876712267,172350
2002-07-24,18.132307052612305,18.239917078427126,17.32523108931354,17.567353262553077,199200
2002-07-25,17.67496109008789,18.132304797451297,17.405936828697694,18.132304797451297,116700
2002-07-26,17.136913299560547,17.48664704085273,16.787179558268363,16.9754974898295,152850
2002-07-29,17.53507423400879,17.561976360542687,17.013164358748302,17.15305664822498,276750
2002-07-30,18.159208297729492,18.175350185666403,18.003174152673132,18.02469461742213,113100
2002-07-31,18.239917755126953,18.288341883696344,17.755671851307152,18.234536099105124,150150
2002-08-01,17.863277435302734,18.15920532846569,17.8094732034776,18.15920532846569,113700
2002-08-02,18.13768768310547,18.444375880525847,17.97089175352147,18.223775706197173,141900
2002-08-05,17.551210403442383,18.10540080260973,17.540448632712184,18.083880339899363,124050
2002-08-06,17.777193069458008,18.073121023157196,17.58887514079714,17.58887514079714,177000
2002-08-07,18.804872512817383,18.85867830452185,18.562750298586025,18.562750298586025,204900
2002-08-08,18.85867691040039,18.966286946478792,18.691880969635026,18.8048711226735,190500
2002-08-09,19.477432250976562,19.53123803110192,19.127700067974818,19.127700067974818,103350
2002-08-12,19.37520408630371,19.42362975457798,19.127701785750425,19.369823969620562,276900
2002-08-13,18.75644874572754,19.0954207759252,18.74030685396205,18.993190847244463,95550
2002-08-14,19.05775260925293,19.208406640133866,18.67035652984481,18.756444547491057,190350
2002-08-15,19.203025817871094,19.31601595203389,18.804867981207966,19.05775190859028,265200
2002-08-16,19.39672088623047,19.595800543826073,19.31601300014441,19.3375350004757,231900
2002-08-19,19.450525283813477,19.638841618888627,18.966279540852916,19.04160576700802,223050
2002-08-20,19.42362403869629,19.5796581522179,19.42362403869629,19.45052615357074,70650
2002-08-21,19.665748596191406,19.719552832629322,19.45052857168966,19.472050574139832,124350
2002-08-22,19.585041046142578,19.719553178974923,19.396723136552257,19.66574894159201,111300
2002-08-23,19.461288452148438,19.552758115442863,19.36982032822903,19.531236113380942,63600
2002-08-26,19.7464599609375,19.891733887853846,19.601186034021154,19.71955629861481,128550
2002-08-27,19.450525283813477,19.58503739154566,19.396719517095736,19.58503739154566,92400
2002-08-28,18.455141067504883,18.917865046919484,18.385194920645883,18.917865046919484,162150
2002-08-29,18.71877670288086,18.93937835605571,18.29371836002534,18.320620475016227,91350
2002-08-30,18.42285919189453,18.654219646864487,18.401335642332736,18.42823777022159,46650
2002-09-03,17.68034553527832,17.86866193221861,17.357513907665737,17.755671786179377,127050
2002-09-04,17.67496109008789,17.777190986741186,17.470502836156346,17.470502836156346,132000
2002-09-05,17.5135498046875,17.890185681616344,17.486647681871244,17.890185681616344,97950
2002-09-06,17.561975479125977,17.707249418118703,17.45974555617736,17.513551345920217,147900
2002-09-09,17.81485366821289,17.890181441495475,17.55658811651184,17.5673498867129,81750
2002-09-10,18.051603317260742,18.062363552639585,17.86328534375068,17.86328534375068,96750
2002-09-11,18.013935089111328,18.23453525516219,17.94936907421533,18.159209007471134,72450
2002-09-12,18.143070220947266,18.35829184677372,18.13230998631246,18.29910439878035,117150
2002-09-13,18.43361473083496,18.444374963498802,18.024695102104964,18.089262655588815,186000
2002-09-16,18.46051788330078,18.471279655941107,18.15920980062564,18.428234104755084,210600
2002-09-17,18.304481506347656,18.616551323832084,18.299099850992246,18.40132975149362,95850
2002-09-18,18.83177375793457,18.91248167202759,18.293725102315566,18.293725102315566,179400
2002-09-19,17.787954330444336,18.293722203276875,17.728768433530387,18.293722203276875,90150
2002-09-20,18.0731201171875,18.126924357321947,17.922466089685837,17.943988093614646,113700
2002-09-23,17.863277435302734,17.997789554240473,17.626535428647355,17.997789554240473,137100
2002-09-24,17.48664665222168,17.621157258382716,17.31446907396,17.59425513715051,179400
2002-09-25,17.836380004882812,17.890185790217256,17.438222119408916,17.443602236129767,100500
2002-09-26,17.540451049804688,17.755671100316064,17.405938903078884,17.755671100316064,162450
2002-09-27,17.65882110595703,17.89018458182999,17.535070732859584,17.809476678967368,89550
2002-09-30,17.147676467895508,17.454364684101424,17.110012570642045,17.405940552990042,295950
2002-10-01,17.868661880493164,17.884803769702124,17.190717927469684,17.22838182249883,136950
2002-10-02,16.85712432861328,17.190714584262718,16.819460440908912,17.06696422939477,138150
2002-10-03,17.072343826293945,17.23913971873882,16.99163593777224,16.99163593777224,70050
2002-10-04,17.217620849609375,17.44360269090516,17.163816602247504,17.276808292583073,68850
2002-10-07,16.22222900390625,16.684951397527506,16.17918498871472,16.410545415837642,129300
2002-10-08,16.356740951538086,16.410545200132574,16.141520878409345,16.200706783363596,168900
2002-10-09,16.270652770996094,16.518156622480458,16.19532651578914,16.302936551352914,120150
2002-10-10,16.46434783935547,16.46434783935547,16.14151779140244,16.14151779140244,108600
2002-10-11,17.034683227539062,17.088487470688147,16.50739333205179,16.50739333205179,132300
2002-10-14,16.92169189453125,16.948594014212507,16.733373978012207,16.948594014212507,83100
2002-10-15,17.836380004882812,17.836380004882812,17.298328309039608,17.325231971394487,177600
2002-10-16,17.416696548461914,17.718004574414994,17.298324768578563,17.674960570707412,129750
2002-10-17,18.07849884033203,18.148446502242376,17.863278817627187,17.97088882897961,149550
2002-10-18,18.34752655029297,18.374428671090634,18.15382850967443,18.272198764809275,146250
2002-10-21,18.562747955322266,18.643455863003076,18.05159992584421,18.078502048612712,87750
2002-10-22,17.874042510986328,18.239916588938065,17.863280739006033,18.239916588938065,147450
2002-10-23,18.32062530517578,18.32062530517578,17.86866164942126,17.86866164942126,118800
2002-10-24,18.06774139404297,18.385191361311566,17.92784758803255,18.320625344547203,169650
2002-10-25,18.697263717651367,18.751067969144355,18.428236302684535,18.428236302684535,138150
2002-10-28,18.896337509155273,19.154601550658516,18.83176995940435,19.100797311699562,87150
2002-10-29,18.93938446044922,19.020092370809866,18.62731459209654,18.896340446840252,360300
2002-10-30,19.654991149902344,19.730318944739604,19.29987880102777,19.342922815398953,201450
2002-10-31,19.77874183654785,19.907875410944097,19.6442296849115,19.907875410944097,87750
2002-11-01,20.365215301513672,20.365215301513672,19.778739555563998,19.778739555563998,174000
2002-11-04,20.47282600402832,20.634241804283533,20.365215983649897,20.445922344402348,120000
2002-11-05,20.849458694458008,21.09158237612996,20.60733655216109,20.822556576286136,485250
2002-11-06,20.688045501708984,20.688045501708984,20.295269322482188,20.456683579125002,97350
2002-11-07,20.085430145263672,20.38135654993472,19.988580356200746,20.37597797307728,177750
2002-11-08,20.203800201416016,20.27374786925575,19.999341932202217,20.230703861065987,66300
2002-11-11,19.83254623413086,20.0154825012653,19.63884665576765,19.63884665576765,126000
2002-11-12,20.392118453979492,20.569676145183454,20.133854400637563,20.230704190328378,170100
2002-11-13,20.365215301513672,20.42978131157808,19.907873115067915,19.907873115067915,154200
2002-11-14,20.9301700592041,20.98935596049706,20.634243631489888,20.634243631489888,104100
2002-11-15,21.075441360473633,21.215335151623904,20.93016745334165,20.93016745334165,91800
2002-11-18,20.682666778564453,20.940930838086032,20.682666778564453,20.930169065918356,109950
2002-11-19,20.69342803955078,20.87098574382559,20.542773997344316,20.714951584955575,119700
2002-11-20,20.58043670654297,20.65038283726351,20.338314537510193,20.419020900937646,197700
2002-11-21,21.25299644470215,21.360607995229145,20.7795139350085,21.064680079717466,170100
2002-11-22,20.714950561523438,20.876364829082252,20.5535347545894,20.849461168343097,144900
2002-11-25,20.822561264038086,20.822561264038086,20.569678833291395,20.63424485506456,153300
2002-11-26,20.60733985900879,20.82255991767007,20.526631952166987,20.82255991767007,118350
2002-11-27,21.209957122802734,21.252999594267127,20.865603496710293,20.983975296206953,104100
2002-11-29,20.688045501708984,21.209955241375198,20.66114338216437,21.209955241375198,183600
2002-12-02,20.392118453979492,20.499728476205295,20.279128315486194,20.42978234660232,235800
2002-12-03,20.4405460357666,20.564296418402254,20.33831612021947,20.52663252224668,124200
2002-12-04,20.203800201416016,20.472826022289617,20.1446143053113,20.462064250554597,114300
2002-12-05,20.435163497924805,20.58043742013166,20.241465448107423,20.392119486854277,178800
2002-12-06,20.661144256591797,20.790276283121262,20.55353423448391,20.569676122643887,119850
2002-12-09,20.47282600402832,20.957071865418804,20.445922344402348,20.822558185414408,191850
2002-12-10,20.784894943237305,20.82255883639103,20.505110420881643,20.60733878890575,115800
2002-12-11,20.897886276245117,20.90326639249925,20.774134366148886,20.779516021778203,216450
2002-12-12,20.822561264038086,20.978596971188107,20.714952767124863,20.930171300326695,159600
2002-12-13,20.60733985900879,20.72033000496214,20.49972982967815,20.68804776585059,124650
2002-12-16,20.768756866455078,20.768756866455078,20.53739490525198,20.60734104349349,91950
2002-12-17,20.149995803833008,20.295269715185096,20.074668020400388,20.1230921443927,169950
2002-12-18,19.698034286499023,19.854068434603736,19.63346827286516,19.800262653554586,269250
2002-12-19,19.595800399780273,19.751834516191423,19.477428629140864,19.638842860751566,126450
2002-12-20,19.316015243530273,19.45052891575459,19.046990977831776,19.073893096526614,234750
2002-12-23,19.488191604614258,19.773357739706636,19.046989804082205,19.208404045679316,180900
2002-12-24,19.827165603637695,19.98857986225356,19.77335982451565,19.907873502633194,64050
2002-12-26,20.0950984954834,20.311176169471057,19.987061976737138,20.132912204343615,178200
2002-12-27,20.042627334594727,20.28605942865721,19.901976682838587,20.20491488140188,147750
2002-12-30,19.966888427734375,20.226549694188382,19.91279310440807,20.042623737635076,93450
2002-12-31,19.93443489074707,20.118360878185946,19.896567229437835,19.90738567683848,121950
2003-01-02,20.464576721191406,20.588998157158247,20.020987859454493,20.04262785046951,216450
2003-01-03,20.63768196105957,20.680960390548936,20.36179145274805,20.46457443391562,179100
2003-01-06,21.167827606201172,21.28683982222153,20.691781837526943,20.691781837526943,197400
2003-01-07,20.97848892211914,21.151598006291508,20.881116706707108,21.04340424829498,78750
2003-01-08,20.57276725769043,20.691779460036255,20.37261206033073,20.691779460036255,157650
2003-01-09,20.78374671936035,20.848662057329317,20.502446921494837,20.502446921494837,109350
2003-01-10,20.827022552490234,20.90816555401839,20.62145656746373,20.827022552490234,151950
2003-01-13,20.854074478149414,20.924399046249118,20.637688453443495,20.79997758504697,148650
2003-01-14,21.070453643798828,21.070453643798828,20.88652611085884,20.88652611085884,69900
2003-01-15,20.973073959350586,21.092086131957586,20.886520214801145,21.092086131957586,117450
2003-01-16,20.946033477783203,20.989310364885757,20.718829046643002,20.962261149668986,76500
2003-01-17,20.529491424560547,20.718828184683193,20.47539609178465,20.718828184683193,98550
2003-01-21,20.37261199951172,20.578177967421396,20.31851666966396,20.475394983466558,107700
2003-01-22,20.080493927001953,20.286058348371302,19.92902328808301,20.259010683294388,116700
2003-01-23,20.356380462646484,20.46457265772106,19.999346992752,20.053442316437668,117600
2003-01-24,19.555761337280273,19.734278100692194,19.39347224493963,19.734278100692194,249150
2003-01-27,18.960704803466797,19.074306247918056,18.85792180719966,19.068897023825993,266850
2003-01-28,19.063488006591797,19.068897230742554,18.96070500920936,18.987752677666755,291450
2003-01-29,18.98233985900879,19.009387522344422,18.744317016707917,19.009387522344422,201300
2003-01-30,19.12840461730957,19.39347519084698,19.117584620581656,19.31233063235064,156000
2003-01-31,19.150039672851562,19.242002664091512,18.76595694182143,19.01479825006543,189900
2003-02-03,19.274459838867188,19.366424379173967,19.214955283478854,19.231184502086343,155550
2003-02-04,18.820051193237305,18.825461964184868,18.609076009679846,18.7984143002605,198600
2003-02-05,19.274459838867188,19.474616590384763,19.20413683620951,19.312327499716837,176250
2003-02-06,19.058076858520508,19.150039850614114,18.99857075575851,19.150039850614114,150900
2003-02-07,18.814645767211914,19.19872855372725,18.771368877117332,19.17709010867996,89250
2003-02-10,19.041847229003906,19.15003943727983,18.933653473024552,18.933653473024552,156450
2003-02-11,18.987747192382812,19.16085469682768,18.960699531739095,18.998567185262203,84900
2003-02-12,19.25822639465332,19.44756309443795,19.204131079116575,19.33936936795844,230250
2003-02-13,19.27986717224121,19.33937171701876,19.182493425663335,19.236590295473977,129450
2003-02-14,19.69099998474121,19.69099998474121,19.333966480238008,19.333966480238008,126300
2003-02-18,19.56116485595703,19.615260172491357,19.31232206633064,19.31232206633064,318300
2003-02-19,19.46380043029785,19.50707731986762,19.393474323969244,19.480028103108776,151800
2003-02-20,19.707229614257812,19.799192603981187,19.561169746771416,19.59903740643519,135600
2003-02-21,19.647727966308594,19.70723408102432,19.393475833371753,19.474620394556492,80850
2003-02-24,19.642311096191406,19.826237045736168,19.620672658144777,19.826237045736168,108600
2003-02-25,19.528711318969727,19.58821586780429,19.133808630766897,19.420517571971807,112350
2003-02-26,19.193317413330078,19.46379872327101,19.187908189534173,19.37724340401896,93750
2003-02-27,19.5070743560791,19.58821735091629,19.37724215939208,19.46379747308457,97800
2003-02-28,19.447572708129883,19.626089504433157,19.425934261677856,19.528717269250926,80550
2003-03-03,19.69099998474121,19.7991921903033,19.58280777917912,19.58280777917912,107850
2003-03-04,19.496253967285156,19.62608461364372,19.398881756367924,19.555760067125345,142950
2003-03-05,19.371835708618164,19.49625715196164,19.312329599057765,19.339377267874802,82800
2003-03-06,19.047256469726562,19.12299178943995,18.917425819677977,19.0147980333627,153150
2003-03-07,18.90660858154297,19.01480080569105,18.82546557420965,18.912019353528116,162450
2003-03-10,18.64153480529785,18.89578687513586,18.609076369797794,18.857919216286927,77250
2003-03-11,18.24663543701172,18.41433221124632,18.127623225409312,18.316959990574844,172500
2003-03-12,18.619895935058594,18.66317281625899,18.338596207256025,18.35482542463201,124050
2003-03-13,18.776777267456055,18.793006487446597,18.506297490230494,18.625308158852732,137850
2003-03-14,19.17167854309082,19.366424524733983,19.085124773471637,19.339375310950373,133500
2003-03-17,19.604448318481445,19.60985909011619,18.88496891371284,19.003981126420264,129150
2003-03-18,19.647727966308594,19.739692524579727,19.496258841025504,19.63149874453089,199650
2003-03-19,19.76132583618164,19.82083194009556,19.658544394889006,19.69100128484892,107550
2003-03-20,19.626083374023438,19.653131036713912,19.312325224622768,19.44756663348171,171150
2003-03-21,19.799190521240234,19.799190521240234,19.55034769557307,19.680178331302912,121950
2003-03-24,19.864110946655273,20.118363060593154,19.85329249808106,20.015581608323508,204150
2003-03-25,19.674772262573242,19.76132447909028,19.523301627484113,19.53953084520129,122700
2003-03-26,19.85329246520996,20.037218472296303,19.620678796509303,19.620678796509303,151200
2003-03-27,19.939847946166992,19.9614863928299,19.712643482354565,19.85329415951536,67650
2003-03-28,19.501667022705078,19.528716240122495,19.366427126432757,19.447571683277626,94650
2003-03-31,18.98233985900879,19.047255179636302,18.825461554418137,19.04184595650984,113250
2003-04-01,19.17167854309082,19.204136980549755,18.982341785122987,18.982341785122987,85500
2003-04-02,19.528711318969727,19.712637283918927,19.26363926992044,19.26363926992044,217200
2003-04-03,19.528711318969727,19.61526353070212,19.39346990907398,19.528711318969727,126900
2003-04-04,19.27986717224121,19.393468586829403,19.177084202993232,19.393468586829403,101250
2003-04-07,19.55034828186035,19.718046578299585,19.50166217892745,19.50166217892745,132750
2003-04-08,19.12299346923828,19.425931679295623,19.095944253991203,19.420520907624066,92250
2003-04-09,19.07430648803711,19.204138701806155,19.014800379164548,19.12299414858936,61350
2003-04-10,19.20413589477539,19.21495434151439,19.06889447661416,19.20413589477539,177600
2003-04-11,18.65777015686035,18.825468517434203,18.49548102141368,18.609082487604013,230700
2003-04-14,18.652353286743164,18.652353286743164,18.392692014618284,18.46842577846974,262500
2003-04-15,18.960704803466797,19.041849355662094,18.7713680309123,18.8254649149437,95550
2003-04-16,19.02562141418457,19.171681308410463,18.933656859921626,18.933656859921626,81900
2003-04-17,19.06889533996582,19.06889533996582,18.906606249906,19.058076892737013,94350
2003-04-21,19.02020835876465,19.095942128999564,18.939063817460283,18.944473040826335,56400
2003-04-22,19.361013412475586,19.361013412475586,18.94447227603744,19.025616814065998,122100
2003-04-23,19.793785095214844,19.87492964503707,19.339376235291805,19.36642545036825,435150
2003-04-24,20.16704750061035,20.437528812661792,20.11295216682218,20.340156592761677,204150
2003-04-25,20.854074478149414,20.96226516894658,20.778339137346766,20.96226516894658,218250
2003-04-28,21.449129104614258,21.449129104614258,21.097504747746882,21.232746194599024,102450
2003-04-29,21.395029067993164,21.486992055412625,21.15159699341672,21.395029067993164,114450
2003-04-30,21.69797134399414,21.811572793910738,21.530273007443558,21.530273007443558,150000
2003-05-01,21.50863265991211,21.611415652033052,21.35716355751939,21.56272954176128,136650
2003-05-02,22.20647621154785,22.395812998613067,21.638467398055933,21.638467398055933,172500
2003-05-05,22.271387100219727,22.55809606195134,22.206471775995396,22.206471775995396,192450
2003-05-06,22.947593688964844,23.099062806108485,22.62301546166764,22.62301546166764,303300
2003-05-07,22.520225524902344,22.720382243128682,22.4499025339412,22.720382243128682,81300
2003-05-08,22.076642990112305,22.233521316630785,22.071233766229764,22.17942443469475,117900
2003-05-09,22.98546028137207,22.990867957816384,22.660882069238085,22.774485062566427,127500
2003-05-12,22.574323654174805,22.639238973724062,22.439083792039675,22.4499037858162,433650
2003-05-13,22.168603897094727,22.26056688524274,22.055002467752868,22.12532701470703,150150
2003-05-14,21.806161880493164,22.022546314861025,21.67633121987245,22.022546314861025,69450
2003-05-15,21.86566734313965,21.908944228739138,21.76288435291498,21.7737028004631,135000
2003-05-16,21.719606399536133,21.800750942971828,21.568137307384443,21.784521724744,74100
2003-05-19,21.551908493041992,21.816980570052507,21.551908493041992,21.66551147506227,67350
2003-05-20,21.952220916748047,22.006317797112242,21.77370260447935,21.77370260447935,68400
2003-05-21,21.427488327026367,21.486992881347785,21.35716223022269,21.36798067729806,86700
2003-05-22,21.935993194580078,21.99009007863535,21.551910425209538,21.58436886518342,84600
2003-05-23,22.2335205078125,22.34171272004518,22.109100624522537,22.260568173944797,58500
2003-05-27,22.141559600830078,22.141559600830078,21.86025982251709,21.963042820749667,138300
2003-05-28,22.2335205078125,22.31466505391288,21.925173089875237,21.925173089875237,122100
2003-05-29,22.75825309753418,22.963817519695038,22.47695335562224,22.47695335562224,122550
2003-05-30,23.120697021484375,23.261347664094714,22.720385082704244,22.774481959924657,142500
2003-06-02,23.737394332885742,24.08902020269426,23.531829892227194,23.531829892227194,256800
2003-06-03,23.850994110107422,23.905089438050894,23.564285157518952,23.618380485462424,206250
2003-06-04,23.531824111938477,23.569691765919835,23.39658271167693,23.423631920351156,223350
2003-06-05,23.26134490966797,23.26134490966797,23.077417406141922,23.26134490966797,94200
2003-06-06,23.75362205505371,24.126886344963467,23.74821283141245,24.018694133620812,131550
2003-06-09,23.6724796295166,23.915913287614917,23.612975068727053,23.8834548474537,82050
2003-06-10,23.915912628173828,23.93755107178346,23.672478976787787,23.699528192077505,400500
2003-06-11,25.219627380371094,25.30077192235154,24.86259232427917,24.916689201500603,185400
2003-06-12,25.349456787109375,25.506335092273495,25.262903025956298,25.425190554266653,84900
2003-06-13,25.268312454223633,25.457649195208806,25.24667401375971,25.42519076066125,315750
2003-06-16,25.322412490844727,25.371098601041385,25.00865429109212,25.106028059188976,130350
2003-06-17,26.18794822692871,26.431380292725542,26.14467134644468,26.398921858510857,493650
2003-06-18,26.074344635009766,26.19335683442745,25.733540349848315,26.085166177070843,200250
2003-06-19,25.646989822387695,26.014844913717475,25.592894486882688,25.857965035805087,134400
2003-06-20,25.684850692749023,25.776813667407364,25.571247732367716,25.67403069988754,217050
2003-06-23,25.208810806274414,25.587482784141805,25.041112486444334,25.587482784141805,255900
2003-06-24,25.268312454223633,25.34404776969904,24.884231296766483,24.911278960420553,123150
2003-06-25,24.952608108520508,25.413688063697546,24.952608108520508,25.294348845958858,74550
2003-06-26,25.01770782470703,25.57100359368263,24.87124658658307,25.028556000590626,113550
2003-06-27,25.006855010986328,25.223834021447615,24.95803356966531,25.01770473748754,84450
2003-06-30,24.762752532958984,25.137042491070932,24.762752532958984,24.952611107615457,135300
2003-07-01,25.603548049926758,25.608972137195867,24.909213664922977,24.909213664922977,158850
2003-07-02,26.357553482055664,26.552833061496486,25.90189595683883,25.90189595683883,115350
2003-07-03,26.851177215576172,27.116977658090146,26.824055228203317,27.013912243725798,203250
2003-07-07,28.21815299987793,28.272396987145758,27.437028409133642,27.437028409133642,451200
2003-07-08,27.719093322753906,27.79503675000731,27.523813771430877,27.632301721296447,348000
2003-07-09,27.07358169555664,27.214617270616813,26.910846668380497,26.95966500379461,531000
2003-07-10,26.35212516784668,26.66132142514736,26.31958064385132,26.57452982000113,410100
2003-07-11,26.173120498657227,26.325004261953662,25.76628444481236,25.76628444481236,421800
2003-07-14,26.623348236083984,27.00306224142189,26.39551797053387,26.48230956581612,499950
2003-07-15,26.303306579589844,26.558255753313507,26.12972337094924,26.498586137354224,317550
2003-07-16,26.764385223388672,26.88914698426353,26.417218823828254,26.417218823828254,586950
2003-07-17,25.82052993774414,26.09717859473084,25.549305368631025,25.636096982434186,856950
2003-07-18,25.576427459716797,25.684918529350394,25.397420143538675,25.630672994533597,606000
2003-07-21,24.876667022705078,25.305200946329396,24.70850790554269,25.250955419005027,557850
2003-07-22,25.32147789001465,25.32147789001465,24.822424563979048,24.822424563979048,392250
2003-07-23,25.10992431640625,25.120772492630657,24.762756293964117,25.06110286752681,318450
2003-07-24,25.10992431640625,25.663221654720935,25.10992431640625,25.234686102769604,334050
2003-07-25,25.929019927978516,25.98326391161674,25.0773760380325,25.0773760380325,152400
2003-07-28,25.712039947509766,25.787981832212324,25.505909092540858,25.625248335303162,212550
2003-07-29,25.972414016723633,26.227364758036625,25.934442299516082,26.064629713979347,162450
2003-07-30,25.701189041137695,25.836800541001146,25.603549257862053,25.712038768144087,83700
2003-07-31,26.58537483215332,26.889145414029525,26.493160702600353,26.531130861367778,568500
2003-08-01,26.070051193237305,26.118869525925,25.92901407409756,25.92901407409756,360150
2003-08-04,25.386568069458008,25.45166177006867,25.240106855094957,25.435387956926945,247500
2003-08-05,25.033977508544922,25.440813549424753,24.95261154193402,24.95261154193402,308850
2003-08-06,25.115345001220703,25.202136607081254,24.968883778341937,25.06109947157969,298050
2003-08-07,25.375720977783203,25.500484304895124,25.234683835840077,25.250957650671282,102900
2003-08-08,25.446237564086914,25.51133126836341,25.234682637199228,25.305201980799342,248400
2003-08-11,25.907318115234375,26.032081431517092,25.782554798951654,25.874770488397026,253050
2003-08-12,25.73915672302246,25.815100144293673,25.603545244416587,25.815100144293673,192000
2003-08-13,25.603548049926758,25.84222496128683,25.560152247861293,25.560152247861293,158250
2003-08-14,26.091751098632812,26.1405725418911,25.684916601841625,25.684916601841625,148650
2003-08-15,25.625246047973633,25.71203765243315,25.440813112519002,25.440813112519002,75300
2003-08-18,25.722885131835938,25.739158945221366,25.522179939936557,25.625245355435908,198450
2003-08-19,26.303306579589844,26.43891652139494,26.178541708434032,26.308729114914485,179700
2003-08-20,26.362979888916016,26.55283383404106,26.357554248918653,26.444345865398176,165150
2003-08-21,26.807783126831055,26.84575329079517,26.498586863994017,26.5311344924848,192900
2003-08-22,26.086326599121094,26.314153776015058,26.037505159538462,26.04293079857403,242850
2003-08-25,26.08090591430664,26.151423715601826,25.983264568550076,26.08633155437284,211650
2003-08-26,26.200241088867188,26.200241088867188,25.90731864911973,26.08090185727932,308700
2003-08-27,25.961565017700195,26.0103849085857,25.847649869692226,25.91816766229977,177900
2003-08-28,26.108022689819336,26.118870863870935,25.79340391493572,25.79340391493572,426150
2003-08-29,26.287033081054688,26.362976511723904,26.145994394408245,26.173119487007185,135900
2003-09-02,27.26885986328125,27.31225566140179,26.824053708523806,26.824053708523806,401250
2003-09-03,27.295982360839844,27.583482244701504,27.247164026984233,27.540086445767415,368250
2003-09-04,26.357553482055664,26.411797464798898,26.18939589398646,26.265336228261805,377850
2003-09-05,26.362979888916016,26.683021258760345,26.21109300812033,26.444345865398176,572250
2003-09-08,27.013912200927734,27.04103418825762,26.796933198376152,26.82405518570604,387150
2003-09-09,27.50211524963379,27.719094260618835,27.36107966847166,27.36107966847166,265950
2003-09-10,26.90542221069336,27.610606324781248,26.90542221069336,27.610606324781248,235200
2003-09-11,26.796934127807617,26.899999545583423,26.368398642959512,26.390098095923545,181050
2003-09-12,27.339385986328125,27.45872524353868,27.127832569929357,27.25802000400089,166050
2003-09-15,27.312259674072266,27.437024551944255,27.263441333959552,27.420750737269092,118350
2003-09-16,28.125932693481445,28.245271935681583,27.664852643794966,27.719096625190346,288150
2003-09-17,28.3157901763916,28.592438831325108,28.261546194145442,28.478525227043004,302700
2003-09-18,28.722623825073242,28.728049464404762,28.29409143526291,28.342909773595952,270000
2003-09-19,28.342914581298828,28.749750690618495,28.27239677759069,28.749750690618495,395550
2003-09-22,27.122406005859375,27.39905468182897,27.0735876596909,27.20377508932876,390150
2003-09-23,27.312259674072266,27.333959128276742,27.041036671949357,27.122402641412396,315600
2003-09-24,26.645051956176758,27.285140924487056,26.639629419916268,27.24717075501106,163950
2003-09-25,25.923593521118164,26.297881941002284,25.901894067256105,26.037507118133963,214200
2003-09-26,26.135143280029297,26.362973546410544,25.92901401646006,26.03207942422275,217650
2003-09-29,26.769811630249023,26.769811630249023,26.23821073773867,26.31957980491502,182550
2003-09-30,26.428071975708008,26.76981590458991,26.2599143832147,26.76981590458991,225600
2003-10-01,26.634201049804688,26.68301939071105,26.200242997788006,26.335856053010527,550800
2003-10-02,26.021230697631836,26.28703113332335,25.988684624011036,26.281605494423044,460950
2003-10-03,27.230894088745117,27.388203494273764,26.720992602743866,26.720992602743866,599550
2003-10-06,27.46957015991211,27.63773084890721,27.176650795954032,27.366504732182957,112650
2003-10-07,27.095277786254883,27.258012811884445,26.932542760625324,27.230890824931592,260400
2003-10-08,25.7608585357666,26.037507173643068,25.7608585357666,26.037507173643068,420600
2003-10-09,26.536561965942383,26.704719551579124,26.04293428072839,26.04293428072839,385650
2003-10-10,26.715564727783203,26.807781969889707,26.634198763980447,26.796933795498518,145950
2003-10-13,26.932544708251953,26.99221432542821,26.775235310202113,26.93254470825195,215100
2003-10-14,27.344806671142578,27.36108048544145,27.05730986099215,27.122402014274936,180750
2003-10-15,26.715564727783203,27.20376982233741,26.688442739848952,27.1224007546221,375900
2003-10-16,27.328536987304688,27.420754247631866,26.986796147115452,27.084435943753352,299250
2003-10-17,26.379243850708008,26.878297069715476,26.362973142705638,26.878297069715476,405600
2003-10-20,26.94339370727539,27.013911493268303,26.769810509781333,26.769810509781333,704850
2003-10-21,27.149526596069336,27.285136539484796,26.487738277333847,26.796934535363853,603150
2003-10-22,26.932544708251953,27.285136771961614,26.90542271933777,27.285136771961614,250200
2003-10-23,26.493165969848633,26.493165969848633,26.319582745694078,26.362978551732716,373350
2003-10-24,26.319581985473633,26.579956814184744,26.178543291987186,26.547409184617656,357750
2003-10-27,26.623348236083984,26.769809441111814,26.57995243844286,26.607074423979526,161850
2003-10-28,26.742687225341797,26.742687225341797,26.40094338191491,26.417217193879264,232050
2003-10-29,27.203767776489258,27.34480334470587,27.02475894489041,27.23088976238381,211950
2003-10-30,27.664852142333984,27.827587187483218,27.447873116772612,27.556364181509707,274650
2003-10-31,26.552831649780273,26.65589707386058,26.34127826598141,26.531135299401676,224250
2003-11-03,26.845752716064453,26.93254432090665,26.74269040123789,26.74269040123789,302100
2003-11-04,26.932544708251953,27.285136771961614,26.93254470825195,27.013913778907156,302550
2003-11-05,26.254486083984375,26.254486083984375,25.728312351826727,26.091751044043285,532350
2003-11-06,25.533029556274414,25.663218518754363,25.088221794340622,25.088221794340622,645450
2003-11-07,25.815105438232422,26.042934196811085,25.59270076744085,25.59270076744085,387750
2003-11-10,25.956138610839844,26.525708126213452,25.956138610839844,26.118872092965315,337050
2003-11-11,25.440811157226562,25.543876567590065,25.33232165999029,25.516754581270046,283650
2003-11-12,25.175016403198242,25.21841220920537,24.464409691842434,24.464409691842434,632400
2003-11-13,25.511335372924805,25.6306746259439,25.44081756993529,25.576429087674335,288600
2003-11-14,25.088226318359375,25.55473361812609,25.088226318359375,25.386574461220828,196200
2003-11-17,24.534929275512695,24.68138896748619,24.182337162057905,24.68138896748619,266550
2003-11-18,24.51865577697754,24.637995029714197,24.274553183277078,24.53492959361555,306600
2003-11-19,24.079267501831055,24.08469314099233,23.515122081648304,23.542244069629557,645300
2003-11-20,24.551197052001953,24.887515287550446,24.355915946444973,24.68138445570661,910350
2003-11-21,24.73563003540039,24.83327136436296,24.654262519924295,24.779025836726806,191850
2003-11-24,25.375720977783203,25.375720977783203,24.979734645947698,25.006856636028775,351300
2003-11-25,24.816999435424805,24.909215132257025,24.62714240221535,24.6813863820144,385200
2003-11-26,25.25095558166504,25.413690612730168,25.093646189736678,25.413690612730168,146850
2003-11-28,25.30520248413086,25.375720277177276,25.234683139128084,25.33232447346312,80400
2003-12-01,25.90189552307129,25.972414872195603,25.793407559401622,25.793407559401622,245250
2003-12-02,25.668643951416016,25.87477325290278,25.370297398674957,25.53845653406971,664500
2003-12-03,25.278078079223633,25.6306685627185,25.278078079223633,25.4679335383632,343650
2003-12-04,25.804250717163086,26.032079431653216,25.712035034802003,25.842222428237466,236400
2003-12-05,25.21298599243164,25.68491573089799,25.21298599243164,25.68491573089799,166200
2003-12-08,25.2401065826416,25.332322269522226,24.865816644203374,24.952609796036946,234150
2003-12-09,24.231155395507812,24.681385691902854,24.193183679536364,24.670537517028922,234150
2003-12-10,23.840593338012695,24.030450379651903,23.623614305269733,24.030450379651903,404850
2003-12-11,24.491527557373047,24.616289314661937,23.987050233544597,24.138937080942892,473250
2003-12-12,24.50780487060547,24.529502773053704,24.29082429416672,24.518653045851384,170850
2003-12-15,24.69765281677246,25.223827954551396,24.69222873080462,25.223827954551396,331800
2003-12-16,24.513227462768555,24.583745253434195,24.111815515986645,24.410162044437975,425400
2003-12-17,23.873138427734375,23.970778206097247,23.650735330835573,23.813468812092456,449700
2003-12-18,24.50780487060547,24.50780487060547,23.81347044030555,23.86771442044794,326550
2003-12-19,24.220306396484375,24.648840356008765,24.16606241657203,24.648840356008765,383100
2003-12-22,25.01770782470703,25.082801535878072,24.762755516008173,24.817001051295623,332850
2003-12-23,25.191287994384766,25.278081156039836,25.050252404602627,25.153317829108897,172200
2003-12-24,24.91463851928711,24.968882494182,24.692233876740556,24.898364706036144,138450
2003-12-26,24.914094924926758,25.055560182585495,24.865126840481068,24.919535477272426,88950
2003-12-29,25.110225677490234,25.11567336790129,24.788787003882682,24.854165523654167,400800
2003-12-30,25.987363815307617,25.987363815307617,25.469797423070524,25.469797423070524,298500
2003-12-31,25.954681396484375,25.965576778530412,25.725861227708926,25.769445873312833,104700
2004-01-02,25.960128784179688,26.227085904416796,25.960128784179688,26.041850383409617,133350
2004-01-05,26.216188430786133,26.22163456260111,25.90564669023158,26.03095136584861,249150
2004-01-06,26.439558029174805,26.445007278462526,26.150810165315605,26.25977021171402,169500
2004-01-07,26.096332550048828,26.24887882038729,25.742207669297752,26.041852518568657,446400
2004-01-08,26.314250946044922,26.395970973370904,26.047293868909303,26.090878506967,220200
2004-01-09,26.395980834960938,26.831827378371056,26.39053158413567,26.450463990952485,292650
2004-01-12,26.73920440673828,26.750099787900385,26.297908736768218,26.477696554330727,208950
2004-01-13,25.872957229614258,26.17804971857539,25.769443316896442,26.17804971857539,243000
2004-01-14,26.368736267089844,26.37418551697512,26.161708415327077,26.254326958857746,211200
2004-01-15,25.905651092529297,26.06364505556289,25.660486272738197,25.714967863372888,369900
2004-01-16,25.742206573486328,25.823928175937795,25.442561736970905,25.497043324841858,596100
2004-01-20,26.16170883178711,26.385081319341662,26.145365758000878,26.281567391812473,544650
2004-01-21,26.40142250061035,26.55396718826734,26.00371147497906,26.20529005371481,256350
2004-01-22,26.684724807739258,26.82637725132504,26.64114015988669,26.695623307767338,342900
2004-01-23,26.428665161132812,26.80458234482468,26.34149586875731,26.64113914226567,228450
2004-01-26,27.185941696166992,27.185941696166992,26.695615333643698,26.83181536911184,239700
2004-01-27,27.703516006469727,27.948679230415042,27.68172212654905,27.785236041978322,340200
2004-01-28,27.83426856994629,28.607896714383262,27.82881932087823,28.547967444312153,312150
2004-01-29,28.150259017944336,28.673274749413114,27.948680427784872,28.586105460834986,382200
2004-01-30,27.88330078125,28.27556256407587,27.659931436639145,27.86695615062148,226950
2004-02-02,27.67627716064453,27.894197264515167,27.567313991289552,27.785237212579847,202200
2004-02-03,27.055194854736328,27.185948793371963,26.940785548107627,26.968025562312576,280800
2004-02-04,26.804584503173828,27.131470934613287,26.75010447040727,27.022507751660118,195000
2004-02-05,26.58665657043457,26.690170484905142,26.42321338351159,26.450456512515004,382200
2004-02-06,26.771892547607422,26.886304969313812,26.156261380854485,26.232532172099095,430950
2004-02-09,26.232532501220703,26.423215716564076,26.205292487231617,26.423215716564076,361200
2004-02-10,26.515836715698242,26.53218134909056,26.31425809955976,26.31425809955976,165600
2004-02-11,26.75010108947754,26.799131865802455,26.423214699353064,26.423214699353064,225750
2004-02-12,25.932891845703125,26.01461189591327,25.802137894914846,25.905651828966413,348150
2004-02-13,26.559415817260742,26.668375860554022,26.36873262407809,26.42321264572473,193500
2004-02-17,26.69562339782715,26.837272724470882,26.624798734505283,26.83182347443846,228450
2004-02-18,26.205291748046875,26.287014905128704,26.096330136454174,26.287014905128704,367650
2004-02-19,26.59755516052246,26.902647691458355,26.58665977805829,26.831823029311437,267900
2004-02-20,26.64113998413086,26.82637707434717,26.417770613747496,26.82637707434717,252600
2004-02-23,26.543075561523438,26.98437129139238,26.543075561523438,26.968026658720948,228450
2004-02-24,26.341493606567383,26.510382927008386,26.069088811932936,26.368733618417895,463050
2004-02-25,26.35239028930664,26.50493810410694,26.259771750505053,26.346944157119285,427800
2004-02-26,26.330598831176758,26.46135276151959,26.20529103287763,26.35238959419076,301800
2004-02-27,26.777341842651367,26.96802505592529,26.5812124970906,26.5812124970906,244500
2004-03-01,27.36573600769043,27.480145311725657,26.297910640995443,27.32215136246655,292350
2004-03-02,27.398422241210938,27.501933034429044,27.294908330573453,27.37662836229913,235050
2004-03-03,27.349390029907227,27.474694709725952,27.267669993167136,27.349390029907227,192900
2004-03-04,26.9843692779541,27.060643185589644,26.886304606662517,26.968024646502222,136350
2004-03-05,27.338499069213867,27.48559453564792,26.978923367605958,26.984372617904288,209250
2004-03-08,27.10967445373535,27.550970158673017,27.10967445373535,27.376631576586988,293250
2004-03-09,26.96802520751953,27.15870842186533,26.695621951634003,27.109674526489638,495750
2004-03-10,26.532175064086914,26.978916840444803,26.50493505402575,26.978916840444803,156600
2004-03-11,25.43166160583496,25.796683344410017,25.43166160583496,25.605998601822716,316800
2004-03-12,26.227087020874023,26.27067166782402,25.823928257231593,25.823928257231593,228750
2004-03-15,25.834823608398438,26.17805309239242,25.769446638052436,26.17805309239242,280950
2004-03-16,26.014606475830078,26.096328067723757,25.77489250803879,25.971023393357797,209400
2004-03-17,26.799131393432617,26.886303797692985,26.42321423360926,26.42321423360926,442050
2004-03-18,26.804584503173828,26.913547686126996,26.69562443764071,26.69562443764071,155550
2004-03-19,26.428665161132812,26.679277656067324,26.39597589713705,26.477699057126454,191550
2004-03-22,25.7149658203125,26.052746044054846,25.660484234006386,26.052746044054846,269400
2004-03-23,26.303361892700195,26.374186556902195,26.10722941555469,26.188949462537003,127650
2004-03-24,26.25977325439453,26.39597644559371,26.14536550416189,26.308807151407002,91500
2004-03-25,26.940786361694336,26.968026376721905,26.287016648772934,26.36873669385565,277200
2004-03-26,27.300357818603516,27.512834915083694,27.18594851315408,27.240428541002426,136200
2004-03-29,28.275562286376953,28.422660843169417,27.894195888575712,27.894195888575712,250650
2004-03-30,28.340946197509766,28.466250898366106,27.839721159244217,27.839721159244217,244050
2004-03-31,28.221092224121094,28.32460617534208,28.05764897917108,28.32460617534208,143100
2004-04-01,28.041292190551758,28.24832000327315,27.785233607788477,27.785233607788477,276600
2004-04-02,28.193843841552734,28.313702393464904,27.83971743541938,27.83971743541938,350100
2004-04-05,28.923885345458984,28.923885345458984,28.313700365241154,28.330044995460135,263700
2004-04-06,28.221092224121094,28.237436860358155,27.948688894151477,28.215646090322476,248250
2004-04-07,28.193843841552734,28.553416379869567,28.16660382837627,28.16660382837627,218100
2004-04-08,28.221092224121094,28.547978714021117,28.221092224121094,28.493498671511315,160350
2004-04-12,28.08488655090332,28.11212656675875,27.965027987203452,27.997714135777972,118800
2004-04-13,27.218637466430664,27.53462536525128,27.158708189513007,27.365736033879507,256650
2004-04-14,26.95168113708496,27.202293634080963,26.85906571156153,27.185949001948632,172050
2004-04-15,26.559415817260742,26.722858999620076,26.450455773967462,26.641135849730702,294900
2004-04-16,27.300357818603516,27.387527110128776,27.07698534003762,27.10422847138156,285450
2004-04-19,27.616344451904297,27.621793701406617,27.267670419246514,27.512833650717237,155550
2004-04-20,27.79068374633789,28.161151627618096,27.785234497305783,27.866954528271293,344850
2004-04-21,27.15870475769043,27.158704757690433,26.913541548728197,26.984366198657792,232650
2004-04-22,27.97591781616211,28.030397837057357,27.202289673256022,27.202289673256022,368700
2004-04-23,28.411767959594727,28.673275835232072,28.33004791749047,28.33004791749047,234750
2004-04-26,28.335491180419922,28.6841683126272,28.291906538894015,28.60244827879842,194400
2004-04-27,28.749549865722656,28.842165290345818,28.5806574136102,28.602451295381396,208500
2004-04-28,28.270122528076172,28.84761838685236,28.18839935731148,28.760449082983495,200850
2004-04-29,28.095783233642578,28.515285108580827,27.83972146139862,28.406321922697835,193650
2004-04-30,28.49893569946289,28.8476128479909,28.210187825515586,28.547969592506995,223050
2004-05-03,28.62969207763672,28.820375299216423,28.520732018116817,28.575212047876768,87450
2004-05-04,29.0927791595459,29.267117752273847,28.493492585108534,28.493492585108534,179550
2004-05-05,29.01106071472168,29.386977936365412,28.96202681377767,29.14726391684163,213300
2004-05-06,28.08488655090332,28.62969310285183,27.9486833542062,28.384529842733006,215100
2004-05-07,27.807031631469727,28.08488413366861,27.79613313212959,27.948680948694342,246150
2004-05-10,27.126018524169922,27.24042782661896,26.815476762222758,27.02250460352087,284400
2004-05-11,27.442005157470703,27.54006981286412,27.044294169737412,27.104223436205388,237900
2004-05-12,27.51283073425293,27.51283073425293,27.033399703717997,27.44200608532859,171600
2004-05-13,26.810028076171875,26.869957346492587,26.499486343806193,26.65203414415335,276600
2004-05-14,26.221635818481445,26.521282192338084,26.14536347135324,26.450457535995504,604650
2004-05-17,25.872957229614258,26.085432745532476,25.562417050170534,26.085432745532476,479250
2004-05-18,26.25977325439453,26.357841048419473,25.987369989416038,26.15081319537108,381300
2004-05-19,26.248878479003906,26.652038812005753,26.156263050176133,26.395977056023238,192450
2004-05-20,25.769445419311523,25.878408590111476,25.63324379387636,25.742205405966462,216150
2004-05-21,26.46135139465332,26.624794578494072,26.423212885219463,26.450456013709122,143400
2004-05-24,26.385080337524414,26.73920675445106,26.379631087755165,26.69562210855639,268500
2004-05-25,26.744651794433594,26.760996425653985,26.243429945826787,26.314254602835376,192450
2004-05-26,26.940786361694336,27.044300289251044,26.842721684111098,26.913546346666763,179250
2004-05-27,27.267669677734375,27.414765118681025,27.218635785805798,27.24042654838325,276300
2004-05-28,27.000715255737305,27.076986049756226,26.859065932650907,26.968025991203568,373950
2004-06-01,26.760997772216797,27.098779560455547,26.69562236146532,26.97892100375473,196050
2004-06-02,27.10967445373535,27.267671521493096,26.886305093824973,26.886305093824973,135900
2004-06-03,26.777341842651367,26.96802505592529,26.777341842651367,26.848166501738298,108600
2004-06-04,27.545528411865234,27.610903831845974,27.458355989523838,27.463805240114002,220200
2004-06-07,28.651485443115234,28.79858401474932,28.259223624564278,28.417217578469824,336150
2004-06-08,28.765893936157227,28.82037396339203,28.439007537908957,28.711410791502693,178800
2004-06-09,28.123022079467773,28.71141328298571,28.117572829303533,28.629693235042108,348150
2004-06-10,28.542518615722656,28.656927908482256,28.4390047038403,28.629687897579437,111750
2004-06-14,27.59455108642578,28.003157472816508,27.56731107632231,27.921437442506093,128550
2004-06-15,28.411767959594727,28.482592619569036,28.057641542303404,28.057641542303404,198750
2004-06-16,28.553415298461914,28.62968920291908,28.384525976196358,28.411765988341152,70800
2004-06-17,28.248321533203125,28.406315467020324,28.172047632161206,28.33004468339783,113850
2004-06-18,28.384525299072266,28.49348846247165,28.226531361949718,28.226531361949718,116100
2004-06-21,28.275562286376953,28.547968637617554,28.22653151239247,28.384525450357096,76200
2004-06-22,28.340946197509766,28.362740081417883,28.128469078441068,28.270121530293565,94350
2004-06-23,28.504384994506836,28.520729625547666,28.150258595934638,28.27556327735484,351150
2004-06-24,28.923885345458984,29.038294639572396,28.82037143235174,29.038294639572396,126900
2004-06-25,29.027849197387695,29.137283333477146,28.803504835027383,28.86369486226999,127650
2004-06-28,28.91294288635254,29.21389306331864,28.754261488944934,29.07162428376014,144900
2004-06-29,28.967660903930664,29.000492402664563,28.819925421596217,29.000492402664563,85950
2004-06-30,29.219364166259766,29.246722705179728,28.86370002931617,28.86370002931617,194100
2004-07-01,28.885583877563477,29.19200387848758,28.770676768589926,29.186534049621727,265950
2004-07-02,28.874643325805664,29.055213443029622,28.737847497819256,28.74879341836675,210600
2004-07-06,28.524446487426758,28.672185091901316,28.371234923162824,28.584636521174456,217800
2004-07-07,28.863698959350586,28.880114708290854,28.590107318324726,28.590107318324726,201600
2004-07-08,28.22349739074707,28.508031821909228,28.196138852728705,28.40954045884632,275550
2004-07-09,28.497089385986328,28.69407211455282,28.376709312426794,28.535390713489807,171450
2004-07-12,28.404064178466797,28.726899898918976,28.26726837338217,28.726899898918976,241950
2004-07-13,28.814451217651367,28.880114212284703,28.562748289863432,28.579164038521768,125100
2004-07-14,28.179723739624023,28.628412540005453,28.157838161109055,28.453315387949495,188100
2004-07-15,28.08670425415039,28.207084324304653,28.004625510416155,28.042929967820108,187950
2004-07-16,27.80217170715332,28.015570193321867,27.698207378717115,28.015570193321867,153450
2004-07-19,27.763870239257812,27.933494435288065,27.69820724015957,27.933494435288065,95850
2004-07-20,27.911605834960938,28.05934443595594,27.632544380968582,27.65990291730339,121500
2004-07-21,27.16197395324707,27.758398271794878,27.16197395324707,27.752925311346242,211200
2004-07-22,27.58329963684082,27.616131135811614,27.24952107992861,27.358955235185825,124500
2004-07-23,26.850074768066406,27.18932622503017,26.81177344670901,27.1291361979089,331650
2004-07-26,26.664037704467773,26.92121045599555,26.647621956138618,26.89385191910824,96000
2004-07-27,26.811779022216797,26.861023141204686,26.62573594297848,26.811779022216797,122250
2004-07-28,26.800830841064453,26.910268121443867,26.592905331016205,26.866493835488882,165750
2004-07-29,26.36309242248535,26.45611396992852,26.15516531191898,26.26460104524134,259950
2004-07-30,26.811779022216797,27.025177510127367,26.647624653294116,26.78441735157621,223800
2004-08-02,26.82819175720215,26.893851618801737,26.67498019516342,26.729697268327044,309600
2004-08-03,26.55459976196289,26.80630267840993,26.527241225759656,26.80630267840993,101550
2004-08-04,26.357616424560547,26.412333495670907,26.023836341918326,26.056667836978022,194850
2004-08-05,25.520431518554688,25.881570150869173,25.509488730101598,25.848740220017987,194700
2004-08-06,25.263259887695312,25.50401846473076,25.126464067533462,25.389109787935766,211800
2004-08-09,25.421939849853516,25.498545630056675,25.268729854939092,25.361749817621305,171300
2004-08-10,25.4383602142334,25.49307729674378,25.263263045412703,25.285150191515292,371850
2004-08-11,25.334388732910156,25.47665592519436,25.15929161347836,25.44382443255503,284550
2004-08-12,25.110048294067383,25.279674046367568,25.049859823986395,25.230428365213314,212550
2004-08-13,24.562868118286133,24.568339512394846,24.316638162983306,24.491735298397206,287100
2004-08-16,25.15382194519043,25.219483369481125,24.650416126803258,24.650416126803258,195300
2004-08-17,25.19759750366211,25.27967311406162,25.126463116293845,25.268730325538453,331500
2004-08-18,25.66269874572754,25.70647303055586,25.334391609515134,25.334391609515134,189600
2004-08-19,25.55326271057129,25.744775595646754,25.493072678320388,25.701001311371897,248250
2004-08-20,25.85968017578125,25.985531622157392,25.607978848520702,25.69005444940399,152400
2004-08-23,25.8159122467041,26.045728055992384,25.788553706345915,25.991010975276012,141750
2004-08-24,25.99100685119629,26.27006830194812,25.99100685119629,26.0293081754235,161700
2004-08-25,26.1551570892334,26.24270564836768,25.854208525836384,26.034777037677905,182850
2004-08-26,26.084030151367188,26.209880059349825,25.98006582260581,26.18252151983117,125250
2004-08-27,26.352144241333008,26.46158151776121,26.04572425071135,26.291954208945064,207900
2004-08-30,26.12779998779297,26.428750151207016,26.12779998779297,26.428750151207016,152400
2004-08-31,26.248180389404297,26.281011886012557,26.07308324880538,26.10044178565098,613500
2004-09-01,26.27553939819336,26.417808175723202,26.2098779692894,26.231765112257385,543150
2004-09-02,26.37403106689453,26.412335524400905,26.08949977047887,26.155161200149863,493950
2004-09-03,25.766664505004883,26.040254583233,25.690058719523893,25.99100890141922,507600
2004-09-07,26.68045425415039,26.81177711374409,26.516299896912276,26.53818547468592,526950
2004-09-08,26.428749084472656,26.62026196319241,26.40139054908179,26.538183226036125,252900
2004-09-09,25.936290740966797,26.029310711784213,25.72836208979513,25.88157209810877,403800
2004-09-10,25.85968017578125,25.936285948529072,25.662695915776226,25.717412983031753,230850
2004-09-13,26.23176383972168,26.44516543017211,26.16063101989945,26.259123941223354,241200
2004-09-14,26.63667869567871,26.757055629653472,26.510825671046117,26.538184207448733,183150
2004-09-15,26.166099548339844,26.30289377889926,26.06760820329441,26.297423950886596,298650
2004-09-16,25.914398193359375,26.07307956322363,25.83232102893274,25.88156670139204,310500
2004-09-17,26.17157745361328,26.275540211811446,25.991008909909098,26.16610449358285,255300
2004-09-20,26.166099548339844,26.242705319367808,26.056665416285675,26.14968536782674,386100
2004-09-21,26.209880828857422,26.302900805247106,26.05119941639994,26.127803642399645,242250
2004-09-22,25.65175437927246,25.837795872448105,25.597037306009682,25.837795872448105,306600
2004-09-23,25.60797882080078,25.76118880063884,25.591563074445197,25.76118880063884,273450
2004-09-24,25.115520477294922,25.203069047969155,25.038914695209005,25.17023911671228,246750
2004-09-27,25.389108657836914,25.57515015092028,25.301561653758277,25.361750121219096,270450
2004-09-28,25.49854850769043,25.509491297244747,25.274204101414185,25.279675496191345,202350
2004-09-29,25.41646957397461,25.41646957397461,25.170239605544275,25.186653788745527,170100
2004-09-30,25.804967880249023,25.908932205849162,25.45477200999192,25.45477200999192,138000
2004-10-01,26.248180389404297,26.335728959703758,25.947231787626926,26.045724711959778,188850
2004-10-04,26.691394805908203,26.89385047277342,26.680452017938546,26.70233759387786,186750
2004-10-05,26.647624969482422,26.95951796103788,26.647624969482422,26.943102210852413,102600
2004-10-06,27.079891204833984,27.079891204833984,26.800829751839437,26.959514271588,151050
2004-10-07,26.428749084472656,26.707810528836657,26.417806296513046,26.62026196319241,212250
2004-10-08,26.713281631469727,26.93762601575256,26.691396054506626,26.735170339416655,138300
2004-10-11,26.833660125732422,26.95951314434085,26.811774550051435,26.839133085144493,123900
2004-10-12,26.48893928527832,26.581957680009445,26.302896233848674,26.565545063456195,129600
2004-10-13,26.248180389404297,26.477994603694416,26.220821852558696,26.37403028509083,168300
2004-10-14,26.084030151367188,26.428753071975283,26.07308579626448,26.428753071975283,152850
2004-10-15,26.209880828857422,26.374033636280856,26.166106538145556,26.264599474993314,148200
2004-10-18,26.149690628051758,26.177049166568693,25.89798769031828,25.9910092260631,323400
2004-10-19,26.549131393432617,26.893852725732508,26.549131393432617,26.56554714225413,202950
2004-10-20,26.549131393432617,26.609318297799565,26.335729789736924,26.412335573909324,150000
2004-10-21,26.647624969482422,26.69687222003882,26.472527808816384,26.53271784916836,206100
2004-10-22,26.37403106689453,26.565547092458523,26.37403106689453,26.56007413253363,114000
2004-10-25,26.2810115814209,26.35214440259181,26.155160121701037,26.313843077648645,117750
2004-10-26,26.07308578491211,26.100444324418852,25.876101482577834,25.97459441649101,174750
2004-10-27,26.48347282409668,26.516304327226543,25.991012801086622,26.018371343366685,185250
2004-10-28,27.244049072265625,27.282353532732092,26.757058923786506,26.757058923786506,476400
2004-10-29,27.085365295410156,27.123666621544434,26.92121094015028,26.92121094015028,252000
2004-11-01,26.696868896484375,26.855550287210338,26.5381843747746,26.5381843747746,328650
2004-11-02,27.419145584106445,27.621601278416897,27.194801179905728,27.304238467388846,451500
2004-11-03,27.57235336303711,27.76386624151874,27.424614767323174,27.534048908750577,425250
2004-11-04,27.911605834960938,27.928021582958582,27.49574856831075,27.572354348638488,397050
2004-11-05,28.245386123657227,28.37123602484501,28.125006051487357,28.179723127570394,316200
2004-11-08,27.933494567871094,28.103121895690588,27.878777489018933,27.911608988723884,240600
2004-11-09,27.63254165649414,27.73650283192268,27.495745857323907,27.55046292459861,277350
2004-11-10,27.331594467163086,27.468390281061396,27.27687739399729,27.424615996331994,450150
2004-11-11,27.413677215576172,27.517641548380304,27.134615718256498,27.134615718256498,277200
2004-11-12,28.157835006713867,28.223494865887247,27.88971634854529,27.960849167226325,324900
2004-11-15,28.497089385986328,28.644827997903207,28.376709312426794,28.45331509841777,311700
2004-11-16,28.070289611816406,28.25632955330704,27.98821086484697,28.25632955330704,178650
2004-11-17,28.289161682128906,28.53539166655295,28.07029023697596,28.07029023697596,307050
2004-11-18,27.933494567871094,28.015570186149333,27.769340200330472,27.889720278592534,202650
2004-11-19,27.944435119628906,28.343876651427145,27.938965290772202,28.343876651427145,227850
2004-11-22,28.08670425415039,28.130478540480674,27.824058536168693,27.944435475339024,186750
2004-11-23,27.87877655029297,28.103120949410567,27.747453686879165,28.09217502922139,274350
2004-11-24,27.534048080444336,27.65442813718003,27.51216250521071,27.6325425619464,406050
2004-11-26,27.57235336303711,27.632543393215652,27.51763629232341,27.523106120804574,102900
2004-11-29,27.82405662536621,28.14688922527075,27.796698089661607,27.90613223248002,162300
2004-11-30,27.451974868774414,27.550466227874598,27.364426298244503,27.51763786216377,192150
2004-12-01,27.627071380615234,27.627071380615234,27.172912789962016,27.172912789962016,402750
2004-12-02,27.785751342773438,27.884242694572404,27.720091485235336,27.736504101382145,226500
2004-12-03,28.212554931640625,28.272744968378454,28.01556907222737,28.042930741549668,205800
2004-12-06,27.57782745361328,27.8240605718471,27.561414834649575,27.8240605718471,573150
2004-12-07,27.227632522583008,27.523109753004746,27.20574694380278,27.523109753004746,243750
2004-12-08,27.599714279174805,27.632545776828575,27.38084284645624,27.41367434411001,184350
2004-12-09,27.451974868774414,27.48480636546909,27.101780586654776,27.386315006368907,171300
2004-12-10,27.1564998626709,27.172915612349428,26.893854129782646,26.975932878175293,220050
2004-12-13,27.490278244018555,27.54499845291774,27.309711260701917,27.413675587331053,158100
2004-12-14,27.79669952392578,27.889717923924284,27.632545170244352,27.632545170244352,172800
2004-12-15,28.458786010742188,28.491617510414294,28.30010460363919,28.42595451107008,367350
2004-12-16,28.250856399536133,28.535390835439756,28.16330782402487,28.398595012084396,226500
2004-12-17,28.38764762878418,28.513500642579253,28.289156280019338,28.300099067441312,157050
2004-12-20,28.458786010742188,28.639356127954635,28.37123743227266,28.37123743227266,348900
2004-12-21,28.7214298248291,28.7816198598735,28.51350431311127,28.606522714647582,179700
2004-12-22,28.67765235900879,28.787089628133554,28.51350115179701,28.535386727031813,257850
2004-12-23,28.819927215576172,28.86370150628488,28.60105576203264,28.72690567370108,231300
2004-12-27,28.891056060791016,28.934830345460615,28.798034531749185,28.891056060791016,128400
2004-12-28,29.4621639251709,29.489646867482975,29.132362326983678,29.132362326983678,132450
2004-12-29,29.027925491333008,29.077393524442172,28.8850098023422,29.07189567844301,167400
2004-12-30,29.61056900024414,29.6820252664384,29.187326103419323,29.187326103419323,185700
2004-12-31,29.82493782043457,29.8963940866806,29.736991162713217,29.736991162713217,123450
2005-01-03,29.583087921142578,29.951364966369866,29.583087921142578,29.9458671204632,264150
2005-01-04,28.95096778869629,29.682023955023222,28.85752328960591,29.682023955023222,278400
2005-01-05,29.236793518066406,29.32474017387551,29.077390597564968,29.077390597564968,282900
2005-01-06,29.022428512573242,29.18183145388312,29.022428512573242,29.099379487536,266400
2005-01-07,28.8960018157959,29.418187093349697,28.890507115118975,29.297259645366633,238050
2005-01-10,29.209314346313477,29.40169807384642,29.01693061878053,29.01693061878053,168750
2005-01-11,29.302759170532227,29.374215445193357,29.093885047540653,29.346732504571456,152700
2005-01-12,29.033422470092773,29.071897959443252,28.90150246274976,29.02242992245279,243750
2005-01-13,28.45626449584961,28.709111902806217,28.450769795945973,28.610172707117222,244500
2005-01-14,29.291765213012695,29.352225792337304,29.10487619342844,29.352225792337304,423300
2005-01-18,28.99494171142578,29.03341719378402,28.769577227046227,28.857523882625493,353250
2005-01-19,28.588186264038086,28.852026232562444,28.58269156378999,28.81904859541229,234300
2005-01-20,28.01103401184082,28.219908098048382,27.923090504470704,28.12646674543371,346950
2005-01-21,28.01103401184082,28.14295399072659,27.868121487686338,27.868121487686338,263400
2005-01-24,28.13745880126953,28.30785425824208,28.10997586596559,28.142953501198114,201300
2005-01-25,27.78567123413086,27.98354961954999,27.774678689434293,27.840637102833927,296250
2005-01-26,28.379316329956055,28.48925123890215,28.30236535343687,28.362829081574073,281100
2005-01-27,28.208913803100586,28.296860450236142,28.076993832397257,28.142952245138822,442800
2005-01-28,28.461763381958008,28.549710035836043,28.23639890193788,28.252889292692565,338700
2005-01-31,28.9014949798584,28.967453393842067,28.81904617607375,28.967453393842067,343650
2005-02-01,28.934480667114258,29.066400662677147,28.75308949375749,28.797062825611786,579900
2005-02-02,28.538721084594727,28.544215785391337,28.401303241146124,28.544215785391337,328350
2005-02-03,28.40129852294922,28.560701433544946,28.252888157341395,28.417788913041232,213750
2005-02-04,28.83004379272461,28.846534185426624,28.5277251685557,28.637660071495525,206100
2005-02-07,28.75858497619629,29.01692710015085,28.747592430441326,28.852026332944273,182850
2005-02-08,28.808053970336914,28.939973959479968,28.610175559232655,28.610175559232655,446100
2005-02-09,28.511240005493164,28.74759707613376,28.47276137130174,28.637662165156748,219150
2005-02-10,28.692630767822266,28.989451595852852,28.67064567067551,28.742101954234478,179250
2005-02-11,29.071897506713867,29.187330263409837,28.808057496136552,28.830045736295173,201300
2005-02-14,29.31924819946289,29.48414583552013,29.231301535477378,29.324742900198988,195600
2005-02-15,29.33574104309082,29.390706926368924,29.15434985400781,29.209315737285912,161550
2005-02-16,29.06639862060547,29.165337824021424,28.967456271968942,29.082889012044888,295950
2005-02-17,28.511240005493164,28.73110668222616,28.445278429862746,28.61017922371775,293850
2005-02-18,28.780574798583984,28.82454813405259,28.637662244616262,28.692628127646763,158250
2005-02-22,28.665136337280273,29.07188877849626,28.511231283260745,29.07188877849626,241650
2005-02-23,28.533222198486328,28.55520729131304,28.362826720806805,28.423287298690617,136200
2005-02-24,28.593687057495117,28.665143329851656,28.417793727011073,28.665143329851656,139200
2005-02-25,28.961965560913086,29.027927135756443,28.692627705671047,28.692627705671047,213900
2005-02-28,28.98944091796875,29.247783013003545,28.885003881936335,29.214805379430295,136950
2005-03-01,29.40719223022461,29.462158103988518,29.23679361824777,29.269774400594322,155250
2005-03-02,29.132360458374023,29.3137516402643,29.038919089550706,29.159846544144226,245700
2005-03-03,29.022428512573242,29.25328772790335,28.961964785658992,29.077394393324045,198300
2005-03-04,29.418184280395508,29.588579744281585,29.313747234870974,29.34123017128999,214200
2005-03-07,29.51163101196289,29.65454671068853,29.346733363405747,29.407197092631783,270300
2005-03-08,29.412689208984375,29.58858253483124,29.335738237841944,29.511628418468046,253650
2005-03-09,29.43467903137207,29.72050412864471,29.41269079184752,29.55560648570477,179850
2005-03-10,29.599580764770508,29.764478412976313,29.462162912711307,29.55560742953809,168000
2005-03-11,29.6435489654541,29.907388931148997,29.63805112004444,29.76447325748223,172050
2005-03-14,29.40719223022461,29.50063358657915,29.24229146371237,29.462158103988518,152550
2005-03-15,29.19281768798828,29.484140567233524,29.19281768798828,29.462155477775887,184800
2005-03-16,29.412689208984375,29.67652919775467,29.407194508314635,29.67652919775467,131100
2005-03-17,29.6545467376709,29.660041438828515,29.368718485180583,29.544611826645074,166650
2005-03-18,29.269775390625,29.31924656581816,29.121365010266153,29.20931166935135,251550
2005-03-21,29.148847579956055,29.346729133009006,29.0389158300982,29.346729133009006,220500
2005-03-22,28.93997573852539,29.363221815112546,28.91249279891702,29.148849853813964,215850
2005-03-23,28.720108032226562,28.939974686320365,28.66514215500829,28.939974686320365,218400
2005-03-24,28.780574798583984,28.97845638080325,28.687130281255296,28.720111069162012,197400
2005-03-28,28.945476531982422,29.09388693715653,28.907001041657008,28.912495743005696,224850
2005-03-29,28.659639358520508,29.104870435608834,28.59368094629641,29.07738750174711,228600
2005-03-30,29.231300354003906,29.297258776716728,28.95646468124191,28.967457227490602,222450
2005-03-31,29.4621639251709,29.594083935401557,29.374217251683792,29.407198040546742,251400
2005-04-01,29.21480369567871,29.682019835851033,29.187320763341514,29.599571038839446,121350
2005-04-04,29.15984535217285,29.209313385051043,28.88500966747282,28.994944570396992,145350
2005-04-05,29.43467903137207,29.53911609236659,29.31924942322574,29.379710005171162,153900
2005-04-06,29.605072021484375,29.874409847904502,29.583086929036554,29.68202613549308,192750
2005-04-07,29.852432250976562,29.918390690101912,29.715014380401687,29.819451458803158,122250
2005-04-08,29.682024002075195,29.868909855331772,29.638050675119505,29.868909855331772,118950
2005-04-11,29.588581085205078,29.868911452691957,29.550105601518883,29.780964794077274,122700
2005-04-12,29.40169906616211,29.445672401218868,29.027927290790164,29.313752396048592,237300
2005-04-13,29.20381736755371,29.484147770558156,29.121368544113995,29.484147770558156,234750
2005-04-14,29.033422470092773,29.26428169663778,28.983951287881244,29.07739580587378,256350
2005-04-15,28.379316329956055,28.70911791157335,28.313357900765187,28.70911791157335,412200
2005-04-18,28.313358306884766,28.39031242972874,28.03302790205537,28.03302790205537,481950
2005-04-19,28.786069869995117,28.824545355363217,28.610176545076815,28.610176545076815,459450
2005-04-20,28.472759246826172,28.769580024573894,28.406800821338237,28.692625907153968,265350
2005-04-21,29.291765213012695,29.352225792337304,28.885009533818245,28.939975412415595,246900
2005-04-22,28.654150009155273,28.97295587574259,28.527724715521135,28.74759451790914,286200
2005-04-25,29.132360458374023,29.198322031869008,28.939976729308224,28.939976729308224,142350
2005-04-26,28.412296295166016,28.747595713357413,28.395805902040134,28.676136294738306,206100
2005-04-27,28.753087997436523,28.868517594394458,28.47825547395475,28.549711741346773,265500
2005-04-28,28.41779327392578,28.610176994228002,28.368322096058083,28.582694054930656,194100
2005-04-29,28.604673385620117,28.71460826588296,28.401297159615027,28.703612576202563,226050
2005-05-02,28.945476531982422,29.04991360026128,28.874020252680285,28.956469079900945,222000
2005-05-03,29.022428512573242,29.209314394258524,28.923489298177614,29.055409299112092,222600
2005-05-04,29.247787475585938,29.352224527553197,28.994943186844846,29.022426124959285,209700
2005-05-05,29.308252334594727,29.51712644663291,29.214810970424537,29.2477886103089,213300
2005-05-06,29.6545467376709,29.846930473050318,29.6545467376709,29.682029679122095,204450
2005-05-09,29.6435489654541,29.69851483866875,29.583085246829793,29.654541511052933,198000
2005-05-10,29.59408187866211,29.747990119178752,29.572096784428833,29.69851893932249,162750
2005-05-11,29.54460906982422,29.69851730185492,29.407194375390464,29.69851730185492,284250
2005-05-12,29.0609073638916,29.242298565630616,28.939979896065594,29.198325226895818,853800
2005-05-13,28.791566848754883,29.02242921489259,28.709118025633487,28.82454763609184,636900
2005-05-16,28.819047927856445,28.819047927856445,28.494744247571433,28.494744247571433,358650
2005-05-17,28.917991638183594,29.01693085321618,28.747596148670763,28.819052423151014,310350
2005-05-18,29.522626876831055,29.605075701590316,28.98395115702986,28.98395115702986,327600
2005-05-19,29.54460906982422,29.60507279346337,29.451167706653415,29.58858240108717,169650
2005-05-20,29.297264099121094,29.429184113733186,29.13236329455067,29.13236329455067,116700
2005-05-23,29.73150062561035,29.8194472956467,29.489645710399884,29.682029444257026,225300
2005-05-24,29.852432250976562,29.890907745031228,29.72050908228295,29.874417348944526,217050
2005-05-25,29.49514389038086,29.79745939259269,29.385208978981343,29.791961546195346,251700
2005-05-26,29.92937469482422,30.061294680635754,29.769971771787855,29.786462163166863,217500
2005-05-27,30.363616943359375,30.462556158348075,30.220701249241326,30.424080670636066,210300
2005-05-31,29.819448471069336,30.09428103946102,29.791962383531143,30.09428103946102,390600
2005-06-01,30.132755279541016,30.253682736896042,29.819447233947916,29.819447233947916,310800
2005-06-02,30.12176513671875,30.138255531785493,29.96236217803526,30.011833363235485,559500
2005-06-03,29.923877716064453,30.094276335102954,29.868911840022648,30.039310459061152,194700
2005-06-06,30.105268478393555,30.127256715648418,29.951363398491957,30.12175887002955,148500
2005-06-07,30.12176513671875,30.297658490468983,29.989845121406074,30.066799249977116,270450
2005-06-08,30.446060180664062,30.621953484035956,30.36910607413377,30.479040961351384,283050
2005-06-09,30.044801712036133,30.16572914162878,29.85791586780586,29.929372127505076,253650
2005-06-10,29.780963897705078,30.000830537624054,29.49513883842066,29.90738918142131,202800
2005-06-13,29.56659698486328,29.665536192818198,29.473152477493205,29.544608746861794,349200
2005-06-14,29.764474868774414,29.841428982573103,29.621562332591598,29.654543116393988,253050
2005-06-15,30.127262115478516,30.127262115478516,29.758985023521817,30.01183249855825,187350
2005-06-16,29.8414249420166,29.890896111021743,29.747983594189417,29.81943985260558,263400
2005-06-17,29.907394409179688,29.9953410805202,29.830440285451477,29.835938131868158,491250
2005-06-20,29.8469295501709,29.984347398398906,29.786465822759414,29.929378371975137,310200
2005-06-21,30.15473747253418,30.15473747253418,29.912882606324498,29.984342013319452,322500
2005-06-22,30.01182746887207,30.19871333422174,29.89639472607602,30.127257066447473,195600
2005-06-23,29.989845275878906,30.31964688846998,29.90189859855079,30.17673117889583,214500
2005-06-24,29.75348472595215,29.956861000460407,29.660040212704175,29.956861000460407,180600
2005-06-27,29.63298797607422,29.793285247457405,29.58876793007654,29.787756555632505,172800
2005-06-28,29.765647888183594,29.837505067026118,29.56665610127055,29.682733325775178,164400
2005-06-29,29.605348587036133,29.67720259808219,29.43399394505875,29.572182764348003,208050
2005-06-30,29.091285705566406,29.400825981425633,29.06917726729553,29.16867156524789,417150
2005-07-01,29.21842384338379,29.445049596077553,29.207366460039047,29.22947806386144,171300
2005-07-05,29.4284610748291,29.516901147527715,29.074700784034643,29.08022947465324,150000
2005-07-06,29.212894439697266,29.323446130380546,29.107871440551605,29.22947735144311,168600
2005-07-07,29.31238555908203,29.345551378966366,28.99731659591419,29.212891262295695,250950
2005-07-08,29.489269256591797,29.5942922569287,29.251586123650448,29.31238907978587,258300
2005-07-11,29.5666561126709,29.682733337220284,29.516907375206664,29.682733337220284,172500
2005-07-12,29.765647888183594,29.837505067026118,29.627459059414335,29.65509619259476,130500
2005-07-13,29.594289779663086,29.79328154334617,29.533486828617335,29.79328154334617,166200
2005-07-14,29.69377899169922,29.82091356314228,29.599813398530692,29.63297921393899,243150
2005-07-15,29.826444625854492,29.903830488546888,29.6937845024676,29.82091909750514,173700
2005-07-18,29.660627365112305,29.8761989196697,29.655098672866956,29.8264501780638,158250
2005-07-19,30.053070068359375,30.235478903125,29.948047087391267,30.235478903125,199500
2005-07-20,30.119400024414062,30.17467427567316,29.74352815754636,29.91488276446237,277200
2005-07-21,30.218896865844727,30.428942833839237,30.124928100461247,30.263116903166384,234150
2005-07-22,30.014389038085938,30.163632106391372,29.959111601880835,30.042026174754714,204600
2005-07-25,29.83750343322754,29.981217783043288,29.765646258319663,29.981217783043288,181800
2005-07-26,29.500328063964844,29.666150865575457,29.49479937209761,29.56665655203565,354750
2005-07-27,28.825960159301758,29.21288622356972,28.825960159301758,29.21288622356972,774450
2005-07-28,27.75362777709961,28.151611303759598,27.416450364244263,27.444087494149333,1162500
2005-07-29,27.178770065307617,27.410927673704567,27.0626928425427,27.36117893700513,660900
2005-08-01,27.234045028686523,27.333539330212822,27.123493344760888,27.123493344760888,438150
2005-08-02,27.819961547851562,27.819961547851562,27.471726726095056,27.471726726095056,731850
2005-08-03,27.825489044189453,27.853126175022098,27.67071731608638,27.692828918472628,257100
2005-08-04,27.45514488220215,27.643079263316377,27.45514488220215,27.637550572187482,339450
2005-08-05,27.228519439697266,27.350125357010274,27.140079347627292,27.25063104414835,248100
2005-08-08,27.095857620239258,27.261683573297415,27.090328928752758,27.095857620239258,305850
2005-08-09,27.3667049407959,27.565693542315138,27.311427517825624,27.39986759913791,300450
2005-08-10,27.7204647064209,28.046587895034477,27.676244666657475,27.913927775744213,376200
2005-08-11,27.936038970947266,27.974733486350377,27.637552882372592,27.637552882372592,294750
2005-08-12,27.510421752929688,27.637553195158755,27.37776161904702,27.60991606262492,285300
2005-08-15,27.499364852905273,27.560167803701805,27.206404318285593,27.305901781152702,272700
2005-08-16,27.250627517700195,27.4938361579859,27.250627517700195,27.388813166885217,672000
2005-08-17,27.74810218811035,27.8918165284489,27.41092477599294,27.421978995357417,482100
2005-08-18,27.670717239379883,27.786794453701965,27.609914286569865,27.637551417325895,237900
2005-08-19,27.83101463317871,27.880763366505825,27.759157460284143,27.808906193611257,298200
2005-08-22,28.19582748413086,28.251101736373872,27.913924369678604,27.913924369678604,340050
2005-08-23,28.289796829223633,28.328491341214463,28.096333757869772,28.195831220531826,227100
2005-08-24,28.328495025634766,28.56617816812938,28.32849502563477,28.4445722509708,272700
2005-08-25,28.615917205810547,28.6269745869296,28.37823411761419,28.466674189367886,512700
2005-08-26,28.306379318237305,28.726471275577982,28.28427087988607,28.726471275577982,625650
2005-08-29,28.26768684387207,28.322961100415473,27.91392654140775,27.941563669679454,355050
2005-08-30,27.781267166137695,27.88628699121392,27.692827088171747,27.76468425616075,543900
2005-08-31,27.99683952331543,28.068696693494296,27.554639120009504,27.554639120009504,339450
2005-09-01,28.157140731811523,28.25110951679695,27.85865462690931,27.85865462690931,214650
2005-09-02,28.19029998779297,28.201354206136514,28.068694097414504,28.16266286050086,194850
2005-09-06,28.34507179260254,28.350597320359892,28.140551356784737,28.140551356784737,285600
2005-09-07,28.024477005004883,28.101862867271674,27.875233971657075,27.913928484223874,681750
2005-09-08,27.95262336730957,28.068700593949238,27.886291716162784,27.886291716162784,242550
2005-09-09,28.643558502197266,28.73199858682419,28.383766939680765,28.411404070768317,255900
2005-09-12,28.798328399658203,28.89229716967137,28.748579669145343,28.78174548948725,297600
2005-09-13,28.930994033813477,29.008379908409204,28.825971024619417,28.825971024619417,258900
2005-09-14,28.997316360473633,29.295802411275783,28.947570793917702,29.157616767657487,301350
2005-09-15,29.124454498291016,29.196311674305193,29.041543102013204,29.047068630711507,181800
2005-09-16,29.22395133972168,29.290282992787617,28.95310236114794,29.102345417678997,232350
2005-09-19,28.95309829711914,29.22947592894347,28.87571559656051,29.22947592894347,493500
2005-09-20,28.942045211791992,29.27922264645134,28.864659345333475,29.12997960501955,394050
2005-09-21,28.864652633666992,29.06917305379479,28.848069725934128,28.942038482131597,370650
2005-09-22,29.0360164642334,29.052599377235314,28.649090261834676,28.687781616927648,450150
2005-09-23,28.870187759399414,29.0194307993971,28.83149640797544,28.897824890826104,551700
2005-09-26,29.074703216552734,29.141034858059538,28.87018592668468,28.87018592668468,315450
2005-09-27,29.09681510925293,29.179726499099576,28.914406256150166,29.01942924767599,324450
2005-09-28,29.26264190673828,29.356610691759922,29.223950552070836,29.26264190673828,184650
2005-09-29,29.887248992919922,29.953580639187575,29.47821438382601,29.489268603914958,441900
2005-09-30,29.99226951599121,30.00332689803469,29.78222353729914,29.920412347042177,595800
2005-10-03,30.334980010986328,30.40131166139626,30.229957006415386,30.235485698238605,387900
2005-10-04,30.650047302246094,30.987224738568955,30.53949561206465,30.76059582956054,1469100
2005-10-05,30.185733795166016,30.6224086802627,30.18573379516602,30.594771549778976,605250
2005-10-06,29.102346420288086,29.400832543633385,28.936523607645064,29.295809531239023,886950
2005-10-07,29.699310302734375,29.76011324872646,29.54453859241516,29.54453859241516,274800
2005-10-10,29.594289779663086,29.704841462346305,29.533486828617335,29.572181340846512,143700
2005-10-11,30.047548294067383,30.135988377207433,29.959105048060472,29.959105048060472,310050
2005-10-12,29.738008499145508,29.942525799460128,29.572182549775007,29.909359977012645,262050
2005-10-13,29.7822208404541,29.89277251081118,29.583232261824357,29.627452297393905,240750
2005-10-14,30.340511322021484,30.35156554375503,29.959110624973462,29.986750923608493,243150
2005-10-17,29.77669906616211,29.87619336801827,29.655093162300787,29.87619336801827,322200
2005-10-18,29.35660743713379,29.483742033699702,29.152090139812035,29.240530223133167,562500
2005-10-19,29.445043563842773,29.49479229010111,28.964151861477966,29.047063242375415,578250
2005-10-20,29.002843856811523,29.428461314785736,28.997315166147846,29.201835603439207,484350
2005-10-21,29.46163558959961,29.58324151617373,29.306866998124075,29.406361318563164,133200
2005-10-24,29.317913055419922,29.340021492530862,28.892295593802217,29.008372795800998,321000
2005-10-25,29.351083755493164,29.433995152748444,29.190786489746046,29.295806327789244,225900
2005-10-26,29.24053192138672,29.472686362871205,29.190786348421213,29.24053192138672,131250
2005-10-27,28.964155197143555,29.16867249053705,28.743054993087508,29.03601236810342,415500
2005-10-28,28.676727294921875,28.709893120808943,28.505375799284085,28.571704288190983,384900
2005-10-31,29.334497451782227,29.340022979906806,28.986262665265784,28.986262665265784,324450
2005-11-01,29.362138748168945,29.566656063738165,29.268169965181077,29.522436018132193,363300
2005-11-02,29.345552444458008,29.367660883272507,28.908880730637172,29.096815112027564,261900
2005-11-03,29.522430419921875,29.616399185090856,29.37318739894364,29.433990345480442,238950
2005-11-04,29.472684860229492,29.621927897251066,29.201839079928803,29.43399350957708,464100
2005-11-07,29.190786361694336,29.279223287325117,29.024960405044137,29.041543316995863,280350
2005-11-08,29.257110595703125,29.45057365654117,29.190782120400517,29.323442233872324,164850
2005-11-09,29.959110260009766,29.992276087673815,29.682735742833287,29.84856171828614,355650
2005-11-10,29.931468963623047,29.992271918265416,29.5445427956445,29.887248920507414,425250
2005-11-11,30.506322860717773,30.506322860717773,30.34602563479523,30.35155432505218,279150
2005-11-14,30.334980010986328,30.440003015557274,30.2907599650021,30.301814185781364,250950
2005-11-15,30.7827091217041,30.954060613589867,30.683214809088728,30.683214809088728,334500
2005-11-16,30.710847854614258,30.727430764987385,30.45658183367088,30.650044904201707,247350
2005-11-17,31.03143882751465,31.070130172076908,30.788227053505032,30.843504469422193,272700
2005-11-18,30.87667465209961,30.943003132565543,30.755068747900758,30.837980139199882,285450
2005-11-21,31.396259307861328,31.506807823889943,31.263599190906984,31.506807823889943,454500
2005-11-22,31.66158676147461,31.86610409305641,31.252548935443606,31.274660541411382,374400
2005-11-23,31.843982696533203,31.97111727530826,31.617353828661543,31.617353828661543,334200
2005-11-25,31.119888305664062,31.25807714293444,31.04803112240102,31.25254845081138,247200
2005-11-28,31.440473556518555,31.55655391666118,31.368616394531678,31.50680519088577,345450
2005-11-29,31.412843704223633,31.6284184029722,31.37415235046045,31.440480837321218,351600
2005-11-30,31.103307723999023,31.374156726722454,31.092253501791507,31.14752777569667,319800
2005-12-01,31.960065841674805,32.03745170886893,31.51233987599046,31.51233987599046,410550
2005-12-02,31.877153396606445,31.932427658697094,31.727910358668172,31.899261836295942,184950
2005-12-05,32.05403137207031,32.20880309077309,31.960062602653153,32.11483432135592,175950
2005-12-06,32.05955505371094,32.24196071020001,31.921366266666073,32.031914766009,262950
2005-12-07,32.164573669433594,32.39120251268994,32.0871909879114,32.22537976982859,261000
2005-12-08,31.965587615966797,32.3635679231574,31.949004707808896,32.214324912602635,352200
2005-12-09,32.30830001831055,32.385685883961415,32.14247406702067,32.385685883961415,153300
2005-12-12,32.75602340698242,32.79471475160499,32.5349232315683,32.55703166767652,211800
2005-12-13,32.9273796081543,33.0102909998235,32.63995092007423,32.63995092007423,142950
2005-12-14,32.76156234741211,32.927388337579735,32.75050812483232,32.88869697711662,270900
2005-12-15,32.557037353515625,32.86104896172846,32.55150866208983,32.71180908476841,624900
2005-12-16,32.855525970458984,32.97160319642924,32.61231413481297,32.77814009885642,243300
2005-12-19,32.92185592651367,33.12637323439692,32.92185592651367,33.098732939423186,152550
2005-12-20,32.833412170410156,33.04345816662869,32.81130373021188,33.04345816662869,302250
2005-12-21,33.1595344543457,33.32536040264745,33.054514622050384,33.16506314567362,209550
2005-12-22,33.18717956542969,33.25903674878866,32.91633058265043,33.203759316086305,211950
2005-12-23,33.2203369140625,33.39721707952599,33.15953396182607,33.15953396182607,108000
2005-12-27,32.76156234741211,33.28667745579831,32.76156234741211,33.22034579458418,198000
2005-12-28,33.33470916748047,33.37935631649436,33.13379859362595,33.13379859362595,175500
2005-12-29,32.94404983520508,33.122638453052666,32.932888844943704,33.03892623596776,146550
2005-12-30,32.832427978515625,32.87149303451456,32.60919224405919,32.815684899254414,93300
2006-01-03,33.66398620605469,33.70863336026144,33.22867565418476,33.48539758922768,852900
2006-01-04,34.36717987060547,34.462056271343414,33.931869316361336,33.98767746107007,638850
2006-01-05,34.439735412597656,34.51786874102956,34.333698008315096,34.46206058932825,328500
2006-01-06,35.43313980102539,35.45546178602903,35.02015114428779,35.15967472752013,463500
2006-01-09,35.550331115722656,35.67311158900657,35.444293724560765,35.606139260518475,512400
2006-01-10,34.63506317138672,34.785747718460875,34.3281151787571,34.51786478886602,509100
2006-01-11,34.89736557006836,34.91968754978221,34.54576724553694,34.60157538823784,521250
2006-01-12,35.1373405456543,35.41080554908803,35.10385757672837,35.38290147827499,707400
2006-01-13,35.57823181152344,35.62287896180607,35.29918792061097,35.29918792061097,520500
2006-01-17,34.63506317138672,34.71877538935396,34.450892459759096,34.59041601645424,462000
2006-01-18,33.95418930053711,34.15509986814674,33.719789380438016,33.86489500528486,616500
2006-01-19,34.19975662231445,34.32811920368091,34.01558588909307,34.04349315843732,429450
2006-01-20,33.5523681640625,34.35601689779166,33.45749176879951,34.32811282704753,384600
2006-01-23,34.015586853027344,34.13836734532095,33.74770388443231,33.76444696914661,243450
2006-01-24,34.41182327270508,34.60157286007382,34.24439566341923,34.462052513515644,368850
2006-01-25,33.82025146484375,33.85931652565223,33.51888238787013,33.76444012929647,517950
2006-01-26,33.90395736694336,33.94860451102054,33.73652977830002,33.7644338441713,367200
2006-01-27,34.4229850769043,34.573669609488256,34.15510217306972,34.43414606621004,378300
2006-01-30,34.1885871887207,34.51786031282689,34.15510102850949,34.450887992404475,356850
2006-01-31,33.60817337036133,33.82024812159445,33.412841698795646,33.81466603056666,688650
2006-02-01,34.15510177612305,34.24439607636347,34.076971658474726,34.177426947891185,470400
2006-02-02,34.28904342651367,34.50670028050448,34.222074297650714,34.39508080784477,392700
2006-02-03,33.99884033203125,34.1048777189335,33.81466962950372,34.00441923023689,421500
2006-02-06,33.89838790893555,34.14952778878223,33.75886752758563,34.127205805132974,406950
2006-02-07,33.62491989135742,34.0937133963608,33.62491989135742,34.043487345634006,318600
2006-02-08,33.658409118652344,33.70863517395212,33.27890669076766,33.51888555671805,555750
2006-02-09,33.67515182495117,33.98210304819872,33.641668849756094,33.7030559009888,265500
2006-02-10,33.809085845947266,33.99883863060075,33.52445986238314,33.90954432961656,283200
2006-02-13,33.23984909057617,33.513310990329245,33.17287674391517,33.21194181718925,342900
2006-02-14,34.054649353027344,34.14394366078351,33.463072169080455,33.50772251637488,318150
2006-02-15,33.67515182495117,33.976520955624466,33.54679243649471,33.82025749113038,345450
2006-02-16,34.568092346191406,34.568092346191406,34.09371670357282,34.18301101732259,306900
2006-02-17,33.859317779541016,33.95419417941027,33.652825091276256,33.82583161565583,500550
2006-02-21,34.2276611328125,34.26114730171732,33.88722693139167,34.238825318058666,364350
2006-02-22,34.049068450927734,34.20533509166913,33.76444243583313,33.814671683232106,380850
2006-02-23,34.06581497192383,34.29463286417137,34.0434929886599,34.26672878838307,330000
2006-02-24,34.489959716796875,34.562510942282785,34.127200395951,34.127200395951,378450
2006-02-27,35.0592155456543,35.10386270415977,34.86946272694352,34.89736999524903,293850
2006-02-28,34.86946105957031,35.02014561149801,34.696454526165596,35.02014561149801,231600
2006-03-01,35.18199157714844,35.27686478107968,34.936430639738994,35.04805011858409,239400
2006-03-02,34.90852355957031,35.03130401769242,34.83039025045478,34.97549268637219,196650
2006-03-03,34.82481002807617,35.036884795591874,34.662964503419296,34.68528967582861,235800
2006-03-06,34.96433639526367,35.27128438839433,34.82481283834078,35.092695768372906,165750
2006-03-07,34.68529510498047,34.98108213014308,34.60157968711212,34.94201706408229,340500
2006-03-08,34.22207260131836,34.32810997739336,33.848152336237874,34.32252788634143,651600
2006-03-09,34.32811737060547,34.68529463287103,34.28347021282227,34.651808466179475,463950
2006-03-10,34.27229690551758,34.40065944586137,33.937444907984755,34.071386345681034,646200
2006-03-13,34.17743682861328,34.27789214707145,33.937457928162054,34.27789214707145,415650
2006-03-14,34.56250762939453,34.741096226831395,34.07697107764406,34.18300526313318,306300
2006-03-15,34.82481002807617,34.92526851379382,34.752258806224205,34.841553109029114,382050
2006-03-16,35.26569747924805,35.52799825779133,35.19872516524466,35.20430725588351,392250
2006-03-17,35.85728073120117,35.90750997984452,35.68985309580655,35.829376657538155,346200
2006-03-20,37.21902084350586,37.352962314005545,36.789292358163095,36.789292358163095,594600
2006-03-21,36.46001434326172,37.090656547448106,36.398624111578435,36.889742771628605,460800
2006-03-22,36.90090560913086,37.01810397682951,36.58837556412913,36.61069754206411,345450
2006-03-23,36.79487609863281,37.08508103434111,36.705581780966156,36.90649239900779,220650
2006-03-24,36.672088623046875,36.95113251420962,36.610698392176175,36.610698392176175,352650
2006-03-27,36.92323303222656,37.08507857307893,36.77254848198762,37.057174499837124,509850
2006-03-28,36.30933380126953,36.91207200157147,36.13074517798251,36.79487361671642,410550
2006-03-29,37.10740280151367,37.13530687404395,36.454435369322894,36.62186299792095,611100
2006-03-30,37.046016693115234,37.19670125630464,36.81161670958905,36.967883365273174,227850
2006-03-31,36.86184310913086,37.04043173413967,36.7502268152086,36.96788050440691,190650
2006-04-03,37.62084197998047,37.73246145905496,37.36412005218379,37.39202731701462,370650
2006-04-04,38.26264572143555,38.30728967784498,37.978019742121056,38.217995378194004,336450
2006-04-05,39.80297088623047,39.881104196960706,39.35092048908163,39.568574147455806,484200
2006-04-06,39.50718688964844,39.57973811456526,39.21698198998117,39.51276898134062,600000
2006-04-07,39.32859802246094,39.77506955246232,39.194656563460526,39.484864654669565,415350
2006-04-10,39.3453369140625,39.47369626773759,39.205813378264054,39.350919005124176,374100
2006-04-11,38.67563247680664,39.10536091045369,38.536108930956075,39.07187474850297,488700
2006-04-12,38.97700119018555,39.0049052604166,38.480300437190856,38.79283049456124,619650
2006-04-13,38.9323616027832,39.18908037614982,38.91003642621141,38.943522594360715,252450
2006-04-17,38.91002655029297,39.12210130352194,38.88770457280358,38.93235172119831,235800
2006-04-18,39.40114974975586,39.40114974975586,38.96026030578387,39.13326682833625,619650
2006-04-19,39.99272918701172,40.070862508523426,39.62438775420645,39.84762353465669,381600
2006-04-20,40.126670837402344,40.327581444011166,39.97040419366969,40.07086269039061,250950
2006-04-21,41.81209945678711,42.36460838431029,41.37120681707014,41.97394499015591,614400
2006-04-24,41.538631439208984,41.840000503964745,41.460501320759505,41.800935444740006,458100
2006-04-25,40.58430480957031,41.058680462583624,40.444781243747784,40.947064164658904,544050
2006-04-26,41.38236999511719,41.499568371832666,41.226103363885706,41.29865458788023,325200
2006-04-27,41.03635787963867,41.49399044258072,41.0307757874575,41.49399044258072,439200
2006-04-28,42.303218841552734,42.593426942751705,41.91255544099951,41.91255544099951,703950
2006-05-01,42.392513275146484,42.866892087735295,42.21950674833842,42.805498657473095,320850
2006-05-02,43.452880859375,44.02213283864588,43.3859117289164,44.02213283864588,371250
2006-05-03,43.2742919921875,43.44171960744687,42.972922923403864,43.3412643156577,400350
2006-05-04,43.715187072753906,43.765413124774646,43.31336268950632,43.31336268950632,454200
2006-05-05,44.290016174316406,44.45186170068591,44.03329425268166,44.228625941311385,547650
2006-05-08,43.419403076171875,43.91610069942397,43.32452667049082,43.83797057012769,420600
2006-05-09,43.22406768798828,43.41940258928826,43.02873917352133,43.168259540997724,237000
2006-05-10,42.76643371582031,43.078963799382954,42.76085481735623,43.0008336735546,480600
2006-05-11,42.59900665283203,43.36917247833245,42.5766846718464,43.14035460943924,313950
2006-05-12,43.184993743896484,43.882605018082195,42.96175800842042,43.81005380322946,551550
2006-05-15,41.96836471557617,42.37019231064287,41.64467363482317,42.13579234795122,585750
2006-05-16,41.493988037109375,41.85674736585785,41.43817989219927,41.493988037109375,397800
2006-05-17,40.62894821166992,41.97394491519726,40.288514063686094,41.800938392040074,518400
2006-05-18,40.47268295288086,40.92473336817189,40.44477568881601,40.48942603395329,305250
2006-05-19,41.058677673339844,41.1982012296841,40.40571343327157,40.601045134786965,255450
2006-05-22,40.13224792480469,40.310836541915364,39.51835194854902,39.70810155587502,439650
2006-05-23,40.154579162597656,40.76847842497772,40.132253985379194,40.18248323905809,488700
2006-05-24,40.08202362060547,40.29409521761321,39.57974071800859,40.188061015817595,471000
2006-05-25,40.785213470458984,40.92473382526062,40.34990293796221,40.45594032366118,547950
2006-05-26,40.71824645996094,40.82986595178703,40.461524502835914,40.51733584545728,230250
2006-05-30,39.479278564453125,40.26060525952896,39.445792404740516,40.18805404242894,318450
2006-05-31,39.177913665771484,39.18907465571983,38.731442133674804,38.99932505293281,543000
2006-06-01,39.496028900146484,39.51277198307867,38.82073945782549,38.84864353157362,358500
2006-06-02,40.02621841430664,40.16574199642395,39.81972568429659,39.92018419626121,314250
2006-06-05,38.764930725097656,39.54625755191583,38.764930725097656,39.523932377204446,372900
2006-06-06,38.48030471801758,38.926776278215414,38.06731612977221,38.89887220488011,424200
2006-06-07,38.07847595214844,38.636563741761435,38.00592473110372,38.273807636537825,345000
2006-06-08,37.08507537841797,37.19111276365223,36.4153680980565,36.90648677032158,783600
2006-06-09,37.13530349731445,37.51480268131785,36.99577995393361,37.22459779865832,517200
2006-06-12,36.87858581542969,37.592940308172516,36.87858581542969,37.47574192338395,291000
2006-06-13,35.45545196533203,36.07493318214172,35.29360644192514,35.58939341850492,621000
2006-06-14,36.34281921386719,36.34839811234407,35.913090747159096,35.92425173752928,324150
2006-06-15,37.2804069519043,37.42551259059407,36.57721351135488,36.58837769438838,549600
2006-06-16,37.1018180847168,37.61526192451405,36.9622945385202,37.61526192451405,279300
2006-06-19,37.35295867919922,37.79385130590956,37.224599313325506,37.726878980468506,335850
2006-06-20,37.269248962402344,37.61526521572216,37.1911156419592,37.447837584320126,392700
2006-06-21,38.05057907104492,38.218003523511264,37.47574489864362,37.47574489864362,286650
2006-06-22,38.25706481933594,38.49146156485158,38.01708598238758,38.45239650507103,209700
2006-06-23,38.787254333496094,39.06071937303746,38.59750471086363,38.78167543464659,461550
2006-06-26,39.3453369140625,39.395566153369764,39.09419710435805,39.3453369140625,263550
2006-06-27,38.223087310791016,39.12179236047262,38.16129772284978,39.12179236047262,207600
2006-06-28,38.71737289428711,38.897113894038824,38.36350579226178,38.812858291641085,374100
2006-06-29,40.812477111816406,40.83494634302091,39.35208314626592,39.37454916344793,576450
2006-06-30,41.15510940551758,41.24497989838721,40.90796394311493,40.93043317334351,266250
2006-07-03,41.22813034057617,41.24498146038019,40.98098486881385,41.16072586136009,134250
2006-07-05,41.284297943115234,41.68309705875005,41.2281296873401,41.56514243601331,359700
2006-07-06,41.7392692565918,41.92462514668731,41.45280664751057,41.50897490426543,308250
2006-07-07,41.41910171508789,41.8347519304873,41.28991409014604,41.62131192589064,158250
2006-07-10,42.227943420410156,42.548108303611244,42.048202408231894,42.548108303611244,251250
2006-07-11,42.77839660644531,42.85703409161295,42.22232252722517,42.688526113117256,318000
2006-07-12,41.23374557495117,41.95832766233575,40.99221821248965,41.95832766233575,678000
2006-07-13,40.295719146728516,40.8124728421005,40.24516579232404,40.778773819853,271950
2006-07-14,39.62169647216797,39.91939210476738,39.25659635685485,39.885689863410526,217500
2006-07-17,39.40263366699219,39.52058829337673,38.8690255785591,39.37454953823611,226350
2006-07-18,38.19499969482422,38.672439561351304,37.33561179190277,38.565717935705685,772800
2006-07-19,38.87464141845703,39.11055065744184,37.6782408904371,37.71193991456184,368550
2006-07-20,38.419673919677734,39.20604239791127,38.419673919677734,39.17795826854901,207000
2006-07-21,38.554481506347656,38.85218036262413,38.430911974069524,38.818478120174305,154800
2006-07-24,38.852176666259766,38.964513178374595,38.4758435654347,38.55447783830611,210600
2006-07-25,39.17233657836914,39.30714231540597,38.824090834874056,38.99259559565337,186000
2006-07-26,39.44195556640625,39.61608168534831,39.08809164452943,39.20604628515504,129000
2006-07-27,39.81828689575195,40.0204971375644,39.38017059753338,39.38017059753338,196950
2006-07-28,40.54848098754883,40.62150035948047,39.81828084018786,39.81828084018786,199500
2006-07-31,40.4866943359375,40.688901331539604,40.36873971949923,40.688901331539604,161400
2006-08-01,39.64415740966797,40.132826990624835,39.346461815220685,40.132826990624835,170250
2006-08-02,40.13844680786133,40.31818779434036,39.59922384842424,39.59922384842424,119250
2006-08-03,40.385597229003906,40.58780425660451,39.96994373622889,40.132833623469025,179550
2006-08-04,40.385597229003906,40.79562939598063,40.160920968323936,40.52601788316467,238650
2006-08-07,39.61045455932617,39.89130224492839,39.53743518955669,39.88006602340833,153600
2006-08-08,39.73965072631836,40.02049523557804,39.50373825307853,39.76211674432828,579750
2006-08-09,39.60484313964844,40.08227974745714,39.520587540961785,39.599225028395175,165300
2006-08-10,39.981178283691406,40.16091928470029,39.75088392089029,40.04857955205843,338400
2006-08-11,39.2228889465332,39.55990488764305,39.19480482044442,39.470034398550055,198000
2006-08-14,39.85198211669922,40.23954819669481,39.72279449470808,39.823897990789064,204750
2006-08-15,40.84055709838867,40.96974793316184,40.23393291370382,40.23393291370382,141750
2006-08-16,41.34608840942383,41.49774528627096,41.12702704774564,41.40225667076788,184350
2006-08-17,41.3179931640625,41.542669363022746,41.04838172531021,41.45841699367086,241950
2006-08-18,41.171966552734375,41.171966552734375,40.7619311637244,40.947287073642286,152400
2006-08-21,40.672054290771484,40.790008909715034,40.621500933786116,40.72260443373454,121350
2006-08-22,41.065250396728516,41.09894943046195,40.711383223329854,40.711383223329854,142200
2006-08-23,41.14387512207031,41.520208230447295,40.958519230556796,41.25621485046191,360150
2006-08-24,40.351890563964844,40.610269038935094,40.14406544736565,40.57094868886126,257100
2006-08-25,40.37435531616211,40.53163028348731,39.992407333839154,40.048575587588594,197700
2006-08-28,39.986793518066406,40.18057658553517,39.81828552469537,40.003644638805774,178600
2006-08-29,40.54287338256836,40.54287338256836,40.02050142183093,40.3996436570529,144900
2006-08-30,41.07366943359375,41.326429833457446,41.01469211409298,41.28430363581731,193900
2006-08-31,41.85722732543945,42.30377078862304,41.62974201003761,42.18581615412343,387300
2006-09-01,42.034149169921875,42.211081079127354,41.781388840482336,41.88249232945376,204300
2006-09-05,43.28953552246094,43.47489140654343,42.99464575601935,43.47489140654343,442800
2006-09-06,42.32061767578125,42.868267811478844,42.27006431718654,42.80086333335256,528300
2006-09-07,42.211082458496094,42.438567726632,41.916195933517365,42.27848692936099,224800
2006-09-08,42.194236755371094,42.32061532380072,42.00045049853897,42.12683228099083,351400
2006-09-11,41.41067886352539,41.63816093744487,41.039960669536164,41.41067886352539,300400
2006-09-12,41.50335693359375,41.62131477281005,40.77877806254282,40.77877806254282,355300
2006-09-13,42.421722412109375,42.63235659134333,42.05943136670518,42.21108823287542,434300
2006-09-14,42.37959289550781,42.59022705822308,42.30376446836942,42.59022705822308,215300
2006-09-15,42.76715850830078,43.601271197554205,42.75031060381036,43.601271197554205,274300
2006-09-18,42.826141357421875,43.003073290386325,42.632355091006644,42.75873687970834,225900
2006-09-19,42.5565299987793,42.96095046873902,42.22794117920684,42.94409934798881,304200
2006-09-20,43.08732223510742,43.255830201921825,42.95251650446033,42.95251650446033,139700
2006-09-21,43.37378692626953,43.685524590939686,42.98622083354207,43.50859266348005,452200
2006-09-22,42.35431671142578,42.750309955411176,42.11840748387134,42.750309955411176,182800
2006-09-25,43.10417556762695,43.2221301862502,42.48912418907552,42.75873566422074,153900
2006-09-26,42.935672760009766,42.9862261229426,42.480702135682336,42.49755325665995,141600
2006-09-27,43.72765350341797,43.89615826251927,43.474889936721496,43.5001682218045,167900
2006-09-28,43.7697868347168,43.88774147094222,43.36536956164847,43.83718810655013,134000
2006-09-29,44.05624771118164,44.13207614772846,43.896163670681325,44.106797859531085,191500
2006-10-02,44.67129898071289,45.06729228267551,44.53649322894176,44.53649322894176,261100
2006-10-03,44.89034652709961,45.03357941243847,44.48592936723641,44.612311135828236,270600
2006-10-04,45.412723541259766,45.43799861050313,44.511209645996615,44.511209645996615,175900
2006-10-05,46.836612701416016,47.17362864845939,46.67653189428266,46.97141843742891,660200
2006-10-06,45.732887268066406,45.91824635523518,45.48855408791559,45.91824635523518,201500
2006-10-09,45.328468322753906,45.66548424751186,45.25263990038447,45.66548424751186,210800
2006-10-10,46.00250244140625,46.22998773562913,45.71603983542438,45.71603983542438,241400
2006-10-11,46.9882698059082,47.097800471382754,46.49117304908959,46.962994734653414,475000
2006-10-12,46.11203384399414,46.39849645452271,46.0025031715508,46.04463257835227,649600
2006-10-13,45.22737121582031,45.47170763506244,45.03358815663527,45.345325841930986,543500
2006-10-16,45.74131774902344,45.83399729932417,45.57280976793324,45.64863819872271,289800
2006-10-17,45.35375213623047,45.79186839220466,45.12626684138476,45.74131824714281,249900
2006-10-18,45.61493682861328,45.918250557548944,45.505406156714855,45.74974257324886,162100
2006-10-19,45.800296783447266,45.91825141044149,45.64863991616254,45.70761722965965,192100
2006-10-20,45.96037292480469,46.09517865822029,45.775017050122116,45.89297166510799,146700
2006-10-23,46.836612701416016,46.912441128799664,46.28053863861003,46.60912741926508,189600
2006-10-24,46.75236511230469,46.802915259725395,46.364795769284534,46.60070824199737,194600
2006-10-25,46.64282989501953,46.7186583227905,46.12888201946323,46.12888201946323,170400
2006-10-26,47.40110778808594,47.60331798662361,47.064095075885916,47.392683836240316,275200
2006-10-27,45.96879959106445,46.592274896072226,45.833993859115026,46.592274896072226,261800
2006-10-30,45.26949691772461,45.438004902064215,44.90720587630233,45.067289907735066,303400
2006-10-31,44.9830322265625,45.15154020310289,44.65444344002101,44.65444344002101,178800
2006-11-01,45.10942077636719,45.83400293432211,45.067294579421095,45.72447225104401,213600
2006-11-02,44.999881744384766,45.109412407341935,44.831373773840404,44.949328389014795,121200
2006-11-03,44.74712371826172,45.117838701484196,44.66286812160499,45.05043743818119,277700
2006-11-06,45.65706253051758,45.91825006407692,45.421153283446195,45.454855522748524,388900
2006-11-07,45.11784744262695,45.64021938701363,45.100996320030866,45.421161221310506,284700
2006-11-08,45.058860778808594,45.22736875581086,44.51963782361921,44.57019118092659,235400
2006-11-09,44.65444564819336,45.12626736303368,44.59546833559113,44.730274080685156,240800
2006-11-10,44.974609375,45.07571287779027,44.806101394334625,45.07571287779027,188800
2006-11-13,44.01411437988281,44.16576801436507,43.84560641331991,44.106790708171374,212700
2006-11-14,44.86507797241211,44.949330354356995,44.309003895117755,44.58703932675376,207400
2006-11-15,44.80610275268555,44.974610738459454,44.64602193391272,44.78082767972734,313200
2006-11-16,44.67129898071289,44.80610473248403,44.31743187354951,44.7976775651106,282700
2006-11-17,45.0083122253418,45.067292755506706,44.772402960772894,44.82295632347595,329000
2006-11-20,43.80348587036133,44.098372439333325,43.70237914898017,43.946715571284145,277900
2006-11-21,43.81190872192383,43.83718379462236,43.34008700940887,43.70237805019273,413200
2006-11-22,43.626548767089844,43.971988681328995,43.50017019203985,43.761354508889944,254100
2006-11-24,43.7108039855957,43.79505636823207,43.55914712563234,43.601273316950525,105300
2006-11-27,42.96937561035156,43.53387370799194,42.834569854644705,43.53387370799194,317400
2006-11-28,43.348514556884766,43.45804522957744,42.977796345931836,43.13788037848787,228800
2006-11-29,44.250022888183594,44.410103686114226,44.04781268877777,44.13206827770606,242400
2006-11-30,44.34270095825195,44.587034122984846,44.16576583438209,44.3595520754787,170300
2006-12-01,44.08994674682617,44.477512854762985,43.786633022693906,44.477512854762985,201400
2006-12-04,44.18262481689453,44.35955997226196,43.88773824798639,43.88773824798639,202200
2006-12-05,44.46065902709961,44.553338572052965,44.25844881865392,44.39325455294364,245900
2006-12-06,44.9324836730957,45.03358717698798,44.4859370373618,44.65444501986389,337500
2006-12-07,46.2047119140625,46.52487675415089,46.13730743656078,46.38164384647093,351900
2006-12-08,46.929298400878906,47.173634833821396,46.676538014465805,46.676538014465805,406200
2006-12-11,46.79448699951172,47.03882340296498,46.55015059605846,46.67653238102319,460600
2006-12-12,46.66809844970703,46.76077798337704,46.30580748028164,46.57541891603702,309700
2006-12-13,47.0135498046875,47.316863547624614,46.6344076260161,47.316863547624614,289800
2006-12-14,47.931915283203125,48.016170886774816,47.35056608166035,47.35056608166035,170100
2006-12-15,48.04143524169922,48.29419556797244,47.88135445166463,48.04143524169922,158100
2006-12-18,47.74655532836914,48.17625086395959,47.620176746271575,48.11727354950954,220800
2006-12-19,47.72970199584961,47.88135884834373,47.44323940936318,47.74654990032921,138300
2006-12-20,47.48536682128906,47.88136008122246,47.460091749896655,47.493790773745765,195000
2006-12-21,47.367408752441406,47.71284863040527,47.207324741224106,47.207324741224106,578600
2006-12-22,47.59489059448242,47.76339533139139,47.392680410561084,47.561188361491894,243800
2006-12-26,47.78868103027344,47.8982084834593,47.502218433436674,47.51906955254734,145600
2006-12-27,48.444854736328125,48.444854736328125,48.13077475378732,48.29205836900089,123500
2006-12-28,47.7657585144043,47.91855487195896,47.65540486991006,47.71482531582893,164000
2006-12-29,48.03739547729492,48.24112503220988,47.808200942329876,47.808200942329876,144800
2007-01-03,47.94401931762695,48.376943405262246,47.62993935867584,48.01193024830363,228400
2007-01-04,47.61296844482422,47.79972029275905,47.078181122756575,47.40923886178878,216100
2007-01-05,46.602806091308594,47.027239650471074,46.433032020009385,46.67071377692563,256800
2007-01-08,46.86595916748047,46.984800062020184,46.47548101737238,46.61129964515656,185800
2007-01-09,46.79805374145508,47.04422279000533,46.636766886899224,47.0017800739223,171300
2007-01-10,46.161407470703125,46.32269110170934,45.770926028091715,46.02558882402106,217300
2007-01-11,46.15291213989258,46.3141989921431,45.830344911734784,45.830344911734784,244400
2007-01-12,46.40757369995117,46.54339557648858,46.118961926824475,46.16140464415653,266700
2007-01-16,45.41439437866211,45.56719073095243,45.1682221179531,45.329508955465855,366400
2007-01-17,45.176719665527344,45.36346827338727,45.11729921236666,45.23614011868803,219200
2007-01-18,45.27009201049805,45.804876046676064,45.20218107615517,45.6690574161619,262000
2007-01-19,45.36346435546875,45.5756811664774,45.091827096431395,45.36346435546875,337800
2007-01-22,44.82868194580078,45.2106696289053,44.463668758600384,45.142761930773794,326700
2007-01-23,45.98313903808594,46.110470425451005,45.31253634738879,45.43137724857128,404600
2007-01-24,46.74711608886719,46.84897924540329,46.28023978005772,46.297217512508965,202000
2007-01-25,45.53323745727539,46.07651196348274,45.48230749617563,45.87278564274072,553000
2007-01-26,45.57568359375,45.74545769923308,45.10031998420346,45.71150223050212,204900
2007-01-29,45.60963821411133,46.05104958488809,45.28706774351068,46.05104958488809,137700
2007-01-30,44.83716583251953,45.41439579513761,44.54006360389468,45.41439579513761,265100
2007-01-31,44.82868194580078,44.90508013005602,44.158076021579426,44.268429673986255,287400
2007-02-01,45.00694274902344,45.17671684954514,44.74379273130622,45.17671684954514,200900
2007-02-02,44.36180114746094,44.48913253048002,43.97132298885408,44.31087118479057,352600
2007-02-05,43.419559478759766,43.665728510871894,43.2752503679078,43.462002192008654,310100
2007-02-06,43.96283721923828,44.124120836736374,43.614801763879036,43.793063115561935,397200
2007-02-07,43.16489791870117,43.29222930014669,43.05454750883137,43.207343871297375,336200
2007-02-08,43.419559478759766,43.57235583699293,43.1309444952273,43.249785387592766,577800
2007-02-09,44.25144958496094,44.84565729330483,44.107140472082285,44.4806441255295,315200
2007-02-12,44.166561126708984,44.50610931540772,44.02225525132351,44.421223887318796,175800
2007-02-13,44.268428802490234,44.29389378401677,43.877947402777565,43.88643788873415,201400
2007-02-14,44.75228500366211,44.94752409369517,44.25145316812625,44.48064772725335,352600
2007-02-15,45.03240966796875,45.07485238538209,44.70135193870422,45.03240966796875,410200
2007-02-16,46.560367584228516,46.594323051547946,46.37361899031483,46.51792486916502,306900
2007-02-20,46.96783447265625,47.01027719472934,46.50095481533591,46.73014940033713,228000
2007-02-21,45.61812973022461,45.67755018165431,45.26160378347467,45.60963924392223,291700
2007-02-22,46.19535446166992,47.027247221140975,45.8727872362612,47.027247221140975,219900
2007-02-23,46.730140686035156,46.89991478083992,46.50094614377445,46.82351660008635,310400
2007-02-26,46.57734680175781,46.89143002721127,46.31420001707784,46.89143002721127,143600
2007-02-27,45.34648895263672,46.687700821466734,45.06636443155721,46.60281538796912,373300
2007-02-28,45.89825439453125,46.39908622824927,45.75394850866302,46.11896170466963,345400
2007-03-01,45.32950973510742,45.60963422701011,44.37028889326928,45.2446210722798,1014100
2007-03-02,44.540061950683594,45.049380963184866,44.50610648633783,44.956005055319665,325700
2007-03-05,44.684364318847656,45.90673503423334,44.65040885716004,44.94751428967009,385200
2007-03-06,45.71998977661133,45.838830671355545,45.337998873382396,45.41439705402818,439000
2007-03-07,44.22598648071289,44.55704745860131,43.945861946403454,44.42971606416947,344500
2007-03-08,45.08333969116211,45.40591014945551,44.820189680689666,44.896587861912536,576400
2007-03-09,45.422882080078125,45.686032075692935,45.2276430142367,45.4992802569875,135700
2007-03-12,45.71998977661133,45.838830671355545,45.431374787301856,45.431374787301856,183000
2007-03-13,44.87112045288086,45.643589470925775,44.74378907834224,45.643589470925775,260200
2007-03-14,44.769264221191406,45.05787924170756,43.9713268619087,44.72681826433196,278600
2007-03-15,44.90507888793945,45.08334023354691,44.65041612201842,44.65041612201842,222100
2007-03-16,45.49928283691406,45.9916273911742,45.270091531361565,45.66905693280278,217300
2007-03-19,46.594322204589844,46.679210871345376,46.348149928256106,46.43303859501164,408100
2007-03-20,46.483970642089844,46.77258564566238,46.25477932699759,46.26326657496811,224400
2007-03-21,47.20550537109375,47.37527945822807,46.32268270853241,46.43303635089542,368100
2007-03-22,47.477149963378906,47.69785404409239,47.171557206874176,47.18004769353924,171600
2007-03-23,47.460166931152344,47.6214505398969,47.40074648381638,47.587498311541715,152800
2007-03-26,46.882938385009766,47.010269769288705,46.492460222539385,46.6792120559694,127500
2007-03-27,46.51792907714844,46.74712364503,46.288734509266874,46.74712364503,100600
2007-03-28,46.05104064941406,46.30570013440334,45.94068701858932,46.10197384168033,183200
2007-03-29,46.11896514892578,46.33966923737503,45.84732461504456,46.26327104557106,222100
2007-03-30,45.56719970703125,45.974655647344605,45.49080151583675,45.83034975185053,407300
2007-04-02,45.33799743652344,45.44835108021923,45.00693974360747,45.032404723625184,296500
2007-04-03,45.32101821899414,45.490792302616796,45.02391600128298,45.074845959649856,271000
2007-04-04,46.3311767578125,46.39908445498706,45.872787658740634,45.92371762207865,273000
2007-04-05,46.19535446166992,46.314198597431215,46.068026316325934,46.144424498800966,130100
2007-04-09,46.68769836425781,46.90840242263882,46.611300182862166,46.6707206308175,156700
2007-04-10,46.874446868896484,46.97631002414118,46.704672784707775,46.933867312636835,213700
2007-04-11,46.882938385009766,47.40923517956426,46.77258473451279,47.40923517956426,154500
2007-04-12,46.68769836425781,46.77258379328784,45.95767201718197,46.09349064653295,299500
2007-04-13,46.509437561035156,46.58583574331889,46.271752528279336,46.58583574331889,147500
2007-04-16,47.55354309082031,47.62145078605322,47.095154004854976,47.239463119253635,127000
2007-04-17,47.28190994262695,47.38377311341459,47.0527153797259,47.239467224646425,132000
2007-04-18,47.50260925292969,47.75726877343383,47.30737017927079,47.49412200545386,163500
2007-04-19,46.89142990112305,47.12062121678556,46.6367671269706,46.815031716511655,194700
2007-04-20,47.358314514160156,47.40075723786197,47.04423123478781,47.247960841997646,248100
2007-04-23,46.976318359375,47.35830930703525,46.74712379077885,47.35830930703525,170700
2007-04-24,47.83366394042969,47.910062115585866,47.426208085653805,47.56202670391243,393000
2007-04-25,49.404075622558594,49.896416953923364,48.300548822299426,48.35996927197842,864200
2007-04-26,48.47880935668945,48.75893386644436,48.2835702770005,48.6400929690834,316300
2007-04-27,47.960994720458984,48.17321151125748,47.7487779296605,48.16472426442089,169200
2007-04-30,47.706336975097656,48.28356692636979,47.697846489777305,47.80820013174234,176800
2007-05-01,48.232643127441406,48.26659859899656,47.799722198715216,48.0968244793928,219100
2007-05-02,48.54671859741211,48.67404998473312,48.14775317760487,48.512766367208634,305900
2007-05-03,48.53822708129883,48.6400902392955,48.33449752713407,48.41089570517443,183900
2007-05-04,48.7249755859375,48.86079420007802,48.563688755402936,48.563688755402936,139200
2007-05-07,50.03223419189453,50.21049877413164,49.97281374387268,50.0831673922725,168100
2007-05-08,49.7011833190918,50.03224107164223,49.48896647892644,50.03224107164223,149200
2007-05-09,50.847145080566406,50.92354325584746,50.40573376096157,50.43119873999815,370600
2007-05-10,49.089988708496094,49.74361356267017,49.04754276057182,49.429533624691935,203300
2007-05-11,49.28523635864258,49.40407726194409,48.88626769341171,48.88626769341171,190600
2007-05-14,49.073020935058594,49.285237765059094,48.70800772840398,49.23430456011711,138900
2007-05-15,48.46182632446289,48.89474715154033,48.3939153972979,48.64008765101411,285000
2007-05-16,49.43803024291992,49.47198247203185,48.60613748533164,48.60613748533164,193100
2007-05-17,49.18336868286133,49.33616505121345,48.82684598215416,49.33616505121345,135600
2007-05-18,49.48896026611328,49.71815481329956,49.32767665357697,49.582336182171204,170700
2007-05-21,49.50593948364258,49.61629313667068,49.115461312215984,49.23430221324393,191200
2007-05-22,49.70967102050781,49.91339736227408,49.42954325286443,49.65873781598034,190800
2007-05-23,49.480472564697266,49.89641570201415,49.421052116509145,49.66722115692928,201100
2007-05-24,49.39558792114258,49.947352971463296,49.285237501615896,49.599317501649686,186200
2007-05-25,48.860801696777344,49.2173243992832,48.809868494345785,49.005107579742564,176000
2007-05-29,49.20883560180664,49.41256192877456,49.06452648521375,49.26825605035325,156800
2007-05-30,49.514427185058594,49.599312612969726,48.98812716986079,49.11545854989898,118000
2007-05-31,49.964324951171875,50.15956402265934,49.870949039118855,49.88792677205317,165900
2007-06-01,50.244449615478516,50.36329374641213,50.08316600932581,50.295382814450065,206700
2007-06-04,50.18503189086914,50.21898735869174,49.862464661069374,49.862464661069374,130100
2007-06-05,49.964324951171875,50.15956402265934,49.735130413815774,50.05770086322489,200700
2007-06-06,49.429542541503906,49.93037437854838,49.1239497950806,49.921887130335186,173300
2007-06-07,48.826847076416016,49.42105482908313,48.80986934197733,49.42105482908313,210600
2007-06-08,49.964324951171875,50.02374539735626,48.90324092906296,48.90324092906296,252100
2007-06-11,50.04072189331055,50.29538140468735,49.92188100387946,49.9388587363941,143300
2007-06-12,49.429542541503906,50.108635734571386,49.404077558692556,49.77757800533672,88700
2007-06-13,50.38027572631836,50.45667391704057,49.9643325398534,50.12561616996831,175700
2007-06-14,50.02375030517578,50.25294486501811,49.743622541533455,49.803042993547564,191400
2007-06-15,49.8115348815918,49.998286729275065,49.61629578545559,49.870955335277955,249800
2007-06-18,50.55853271484375,50.68586085475426,50.15107683842149,50.60097542814725,265500
2007-06-19,50.72830581665039,50.762261284066895,50.45666855366157,50.71981856888207,185500
2007-06-20,50.066192626953125,50.617957663491694,49.9049090067853,50.617957663491694,296500
2007-06-21,50.617958068847656,50.70284350368487,50.17654668371627,50.40574124358286,306100
2007-06-22,49.72664260864258,50.32084706382112,49.55686851937524,50.278404351047136,189400
2007-06-25,50.26142501831055,50.82167722833802,50.168049110277416,50.422711855157345,168600
2007-06-26,50.550045013427734,51.0678545634957,50.44818184825471,51.0678545634957,208800
2007-06-27,50.44063186645508,50.56030396086944,50.01324131145443,50.27822462941805,105300
2007-06-28,49.944854736328125,50.32950684344539,49.944854736328125,50.05597718076884,172400
2007-06-29,50.12436294555664,50.38934625916839,50.04743251649072,50.15855497197063,435100
2007-07-02,50.60304641723633,50.60304641723633,50.17565582800415,50.261132641558014,195800
2007-07-03,50.72271728515625,50.76545569363913,50.551760390493165,50.68852525407732,73900
2007-07-05,50.70561218261719,50.74835058344088,50.39789047951704,50.67996979426917,192200
2007-07-06,49.97050094604492,50.21838824078766,49.77390168975169,50.00469297167793,308600
2007-07-09,49.68842315673828,50.12436005582545,49.66277750804073,50.013237606751886,220100
2007-07-10,49.32087326049805,49.42344608602018,49.08153231997131,49.235393188620165,167700
2007-07-11,48.97895812988281,49.004603781097344,48.440445104614916,48.67978603847356,234800
2007-07-12,49.95341491699219,49.95341491699219,49.23539853885041,49.31232898153459,138600
2007-07-13,50.303863525390625,50.43208198727777,50.030333850046915,50.372247574592016,109000
2007-07-16,50.1585578918457,50.406445206680694,50.06453144409924,50.31241875893423,79800
2007-07-17,49.8764762878418,50.12436359144074,49.81664187121187,49.961956354978234,154700
2007-07-18,49.107173919677734,49.3379652036066,48.56866092384371,49.226842749700616,508800
2007-07-19,49.816646575927734,49.9619610734177,49.56021287176297,49.56021287176297,152600
2007-07-20,49.98759460449219,50.49191554626735,49.756803333436004,50.432081134593254,221600
2007-07-23,50.18419647216797,50.432083768180235,50.073077279388166,50.3551533404775,216500
2007-07-24,50.32951354980469,50.75690411227752,50.115818268568276,50.71416570817647,218000
2007-07-25,49.74826431274414,50.13291648803937,49.28668170238987,50.004698009363835,329000
2007-07-26,47.20101547241211,48.756716882338466,44.61102640759938,48.72252485425121,1184900
2007-07-27,46.235107421875,47.269391716442286,46.10688895925914,47.03860044017231,368500
2007-07-30,45.91883850097656,46.15817614868401,45.38887190858024,45.92738487665287,476600
2007-07-31,45.37178421020508,46.047058828688215,45.10680088449618,45.19227769370227,719100
2007-08-01,46.243656158447266,46.277848184987796,45.49999751521199,45.65385837391324,377800
2007-08-02,47.21810531616211,47.50873099546335,46.85054921408316,47.34632051363772,260500
2007-08-03,45.876102447509766,46.8676517051583,45.876102447509766,46.765075620120065,361500
2007-08-06,45.98722839355469,46.16673166487498,45.56838742714068,46.0727084708964,352300
2007-08-07,45.91883850097656,46.27784497253772,45.50854399316486,45.62821281701858,290300
2007-08-08,46.67104721069336,46.713788874694934,45.77352769908986,45.77352769908986,597900
2007-08-09,45.491451263427734,46.294944324942094,45.482901626403645,45.987222606697536,525000
2007-08-10,44.91875076293945,45.02987323034885,44.39733371670858,44.790535541219185,361000
2007-08-13,44.422977447509766,45.02987128196126,44.422977447509766,44.96148722475085,357400
2007-08-14,44.19218444824219,44.79907825938485,44.06396597626278,44.70505181469744,332200
2007-08-15,43.593841552734375,44.645222045953716,43.593841552734375,44.19218904972213,351500
2007-08-16,43.23482894897461,43.9699379448377,42.055230135818135,43.9699379448377,645200
2007-08-17,42.47407150268555,42.76469720586638,41.3286647031765,42.43988273698806,706600
2007-08-20,43.593841552734375,43.89301367086249,43.21773899555453,43.43998067463091,414600
2007-08-21,43.987037658691406,44.27766338317489,43.68786555733988,43.72205758627473,251600
2007-08-22,44.7734375,44.85891431061201,44.19218605779066,44.31185489694,211000
2007-08-23,46.380428314208984,46.457358755685135,46.012875383524765,46.1581866281288,315200
2007-08-24,48.312232971191406,48.312232971191406,47.0471572085822,47.52583258535076,603900
2007-08-27,47.88483428955078,48.47463203374909,47.79935422904537,47.79935422904537,310900
2007-08-28,47.44034957885742,48.602852360524764,47.20101192171333,47.20101192171333,325900
2007-08-29,48.22674560546875,48.29512965508699,47.51727902469978,47.825000726519946,289900
2007-08-30,47.48308563232422,47.910476147936016,47.01295671729741,47.18391357568831,194200
2007-08-31,48.825096130371094,48.996053004657995,48.20110631084538,48.286586378354414,173200
2007-09-04,49.243934631347656,49.44908024825304,48.89347454679774,49.44908024825304,279100
2007-09-05,47.312129974365234,47.44889481240185,46.95312349729321,47.38906039955652,257000
2007-09-06,47.585662841796875,47.90193420031136,47.38906357772988,47.833550146341366,193800
2007-09-07,46.27784729003906,47.14117800947058,45.87609913778493,47.14117800947058,548400
2007-09-10,45.414520263671875,45.73078835423854,44.55973917293844,45.30339780887183,253300
2007-09-11,45.37178421020508,45.37178421020508,44.55974147982217,45.04696646590566,464300
2007-09-12,45.568382263183594,45.96158079220233,45.22646851402659,45.448710168466825,1527900
2007-09-13,43.91865158081055,44.09815482003814,43.57673785403622,43.72205232917114,566200
2007-09-14,44.56828689575195,44.739243771210305,44.354591616611806,44.44861806115046,324100
2007-09-17,44.24346923828125,44.65376704441406,44.140896417113645,44.65376704441406,286200
2007-09-18,46.320587158203125,46.38897121212628,45.43161728232026,45.47435568565665,733900
2007-09-19,46.594120025634766,46.867652999224646,46.41461676295851,46.807815317601175,199300
2007-09-20,46.320587158203125,47.01296103088483,46.14108390775159,47.01296103088483,229600
2007-09-21,45.568382263183594,45.94448477867136,45.568382263183594,45.730789500631026,219400
2007-09-24,45.8504524230957,46.05560129828619,45.68804520658752,45.987217252979114,135500
2007-09-25,45.217918395996094,45.44016003204658,44.944388723596624,45.30339519584684,470700
2007-09-26,45.388877868652344,45.585480403063464,45.175182580644126,45.30340105774158,159600
2007-09-27,45.28630447387695,45.45726135427977,45.08970520266965,45.397426935248475,350300
2007-09-28,46.406070709228516,46.568477958390886,45.901749686245836,45.901749686245836,193900
2007-10-01,46.71379089355469,46.87619813729361,45.585480042650595,45.585480042650595,167200
2007-10-02,47.25230407714844,47.26085371522767,46.8505591271761,47.01296638263457,158400
2007-10-03,46.55137634277344,46.91893246415157,46.48299555267549,46.73087958510294,154700
2007-10-04,47.37196350097656,47.85919169189359,47.10698346639901,47.397609149381175,150300
2007-10-05,47.235206604003906,47.423259507165064,46.961676887077545,47.37197146246709,144200
2007-10-08,47.22665786743164,47.483091556647004,46.9018401220355,47.483091556647004,102300
2007-10-09,47.10698699951172,47.10698699951172,46.799265281423736,47.06424859660642,110900
2007-10-10,45.8504524230957,46.05560129828619,45.58547239935764,45.81626040044216,247500
2007-10-11,45.576927185058594,46.03850975347042,45.44870871803384,45.90174491031851,310000
2007-10-12,45.252105712890625,45.50854262570696,45.03841045936421,45.32048975916986,153900
2007-10-15,44.58538818359375,45.09825560990721,44.4571696966496,45.09825560990721,194400
2007-10-16,43.48271560668945,43.80753335235558,43.28611633610322,43.80753335235558,228400
2007-10-17,44.20073318481445,44.26911724304985,43.60238571818021,43.687865790974456,760200
2007-10-18,44.75633239746094,44.901643598140566,44.44861072457391,44.747782761697046,433500
2007-10-19,43.098060607910156,44.14944420866775,43.098060607910156,43.73060004358512,237700
2007-10-22,44.18363571166992,44.209281363027266,43.50836109291,43.636576306771694,274200
2007-10-23,44.36314392089844,44.36314392089844,43.86736927833636,44.03832616407264,296400
2007-10-24,42.9698486328125,43.183543919472164,42.27747473017193,43.16644790525164,632800
2007-10-25,43.414329528808594,43.47416394037061,42.03813154142055,42.14925398892038,775000
2007-10-26,43.08951187133789,43.26901510622669,42.56809491793918,42.952747036080105,1253800
2007-10-29,43.85026168823242,43.91864572876768,43.63656645265553,43.8759073337984,271300
2007-10-30,43.08096694946289,43.431427055432856,42.99548688658547,43.41433104285737,278600
2007-10-31,43.226280212402344,44.43152143983937,42.60229039713519,44.43152143983937,531100
2007-11-01,43.29466247558594,43.82462582568495,43.28611283888135,43.59383454562626,366800
2007-11-02,43.23482894897461,43.448524220741234,42.824531157739344,43.32030575338883,349700
2007-11-05,43.055328369140625,43.499814986886925,42.371504057504595,42.371504057504595,482400
2007-11-06,43.85882568359375,43.85882568359375,43.14935570403845,43.64513037805033,354900
2007-11-07,42.63648223876953,43.363044870461444,42.61938622545863,43.363044870461444,1336400
2007-11-08,42.901466369628906,43.508363487272334,42.34586055752284,43.14935369509372,670400
2007-11-09,42.08942413330078,42.78179475938667,41.79879841965632,42.78179475938667,888700
2007-11-12,41.798805236816406,42.51682163111725,41.798805236816406,42.31167269243197,419500
2007-11-13,42.79034423828125,42.86727466986507,41.49962291512292,41.49962291512292,882100
2007-11-14,43.12371063232422,43.56819723153453,42.73905845409112,42.73905845409112,839100
2007-11-15,42.82453155517578,43.457071000197,42.59374352896933,42.59374352896933,761300
2007-11-16,42.65358352661133,43.080974130041376,42.311669739574675,42.67922591938304,490600
2007-11-19,41.95266342163086,42.26893155685132,41.55946158622181,42.00394820744785,500500
2007-11-20,42.371498107910156,42.944203130241874,41.61074346424072,41.61074346424072,585500
2007-11-21,41.875728607177734,42.16635431912638,41.559457244268394,41.88427498367716,386700
2007-11-23,43.38869094848633,43.38869094848633,42.704866661574954,42.704866661574954,199500
2007-11-26,43.26047897338867,44.20073703081975,43.02114127020221,43.02114127020221,486600
2007-11-27,44.01268005371094,44.55973943325932,43.61947827152082,44.55973943325932,427500
2007-11-28,45.69659423828125,45.81626306379437,44.1579889974693,44.34604187226475,766500
2007-11-29,45.688053131103516,46.02141725797011,45.30340096136079,45.69659950788388,423400
2007-11-30,44.978580474853516,45.37178225818619,44.78198121355274,45.08115655436523,546200
2007-12-03,44.54264450073242,45.07260787993628,44.40587965252719,44.764886156291716,675300
2007-12-04,44.534095764160156,44.76488706156081,44.42297656449897,44.44861895507751,364900
2007-12-05,45.51708984375,45.68804670188209,45.0042225300846,45.534185855636295,484600
2007-12-06,45.380332946777344,45.73079309991755,44.756343077075584,45.73079309991755,220400
2007-12-07,45.19227600097656,45.89319624455281,44.99567673858138,45.89319624455281,211700
2007-12-10,45.431617736816406,45.72224344743489,44.95293913675913,44.95293913675913,498700
2007-12-11,43.43997573852539,45.43161728948045,43.41433334866575,45.43161728948045,452400
2007-12-12,43.18354415893555,44.16654052658216,42.61938872945491,44.09815973005216,782500
2007-12-13,42.61083984375,42.89291919383294,41.90991954811112,41.90991954811112,698000
2007-12-14,41.30302047729492,41.95265590762953,41.268828452386586,41.89281823367445,368400
2007-12-17,41.32011795043945,41.86717732538791,41.0294922499067,41.0294922499067,428900
2007-12-18,40.86708450317383,41.285925405283294,40.40550193858985,41.285925405283294,628600
2007-12-19,40.76451110839844,41.19190167541733,40.18325967639425,40.18325967639425,710200
2007-12-20,40.65339279174805,40.91837286218749,40.15761815808622,40.91837286218749,549700
2007-12-21,40.166160583496094,40.260183754385764,39.678932414123885,40.260183754385764,483900
2007-12-24,40.149070739746094,40.32002435724717,39.841349011074186,39.95247147103487,189000
2007-12-26,40.491668701171875,41.268364460733046,40.025654537495356,41.268364460733046,412100
2007-12-27,40.06880569458008,40.69879082537361,39.96524735183521,40.69879082537361,430700
2007-12-28,39.90484619140625,40.33634321501027,39.78402425946586,40.13785168713871,460200
2007-12-31,39.5510139465332,39.9134698220252,39.421563538394274,39.421563538394274,278500
2008-01-02,39.456085205078125,40.10333068000625,39.24033671343542,39.56827205044861,532000
2008-01-03,39.7149772644043,39.91346545431908,39.14540145663047,39.214439252572014,1001900
2008-01-04,38.27378463745117,39.35252719535071,38.204746825617335,39.35252719535071,564800
2008-01-07,39.2921142578125,39.3697838465126,38.05803262183356,38.6621290570498,1324400
2008-01-08,38.43775177001953,39.387043809232914,38.43775177001953,39.09362573113885,608500
2008-01-09,39.22307586669922,39.292113671145884,38.13570164113332,38.13570164113332,667300
2008-01-10,38.662132263183594,39.02459147119527,38.03214701017813,38.342825390742135,720000
2008-01-11,37.8163948059082,38.32556137051786,37.61790659150928,37.75598549248508,858900
2008-01-14,38.092552185058594,38.47227162757294,37.97173355955336,38.19611053662585,971600
2008-01-15,36.78080368041992,37.41078891089124,36.6427247708928,37.41078891089124,878500
2008-01-16,36.35793685913086,37.07422014198996,35.90917959991495,35.97821740560777,1141500
2008-01-17,35.702056884765625,36.73765022792152,35.47767991824441,36.41834340523579,1042400
2008-01-18,35.658905029296875,36.383819982998546,35.4345280805117,36.383819982998546,927000
2008-01-22,35.546722412109375,35.91781010317073,33.173488862887694,33.70854752426881,1220800
2008-01-23,35.900550842285156,35.900550842285156,34.01059507482015,34.899477884915505,1089800
2008-01-24,37.367637634277344,37.51434831866061,36.81532202919825,36.979289695687136,809900
2008-01-25,38.3859748840332,39.12815029250778,37.99762690377778,38.89514150435453,966800
2008-01-28,38.2996711730957,38.77431717169633,37.436677251254366,38.77431717169633,685200
2008-01-29,38.808841705322266,38.808841705322266,38.38597319167398,38.40323346693115,743400
2008-01-30,36.40971755981445,37.25545132855137,35.546723515136655,37.151892964967125,1398600
2008-01-31,36.77217483520508,37.05696114308929,35.52083287786568,35.52083287786568,1159300
2008-02-01,37.85954666137695,37.86817844511414,36.392456171841864,36.418348230992514,461700
2008-02-04,37.02244567871094,37.445310915280885,36.93614429936737,37.445310915280885,331100
2008-02-05,35.391380310058594,36.24574576590446,35.339602780168974,36.24574576590446,661100
2008-02-06,35.063446044921875,35.71932001589804,35.02029700468383,35.400013167663644,440300
2008-02-07,35.745208740234375,35.969589016509545,35.32234353750622,35.39138134339499,614200
2008-02-08,34.67509841918945,35.14111595901389,34.528387730551046,34.744136225796346,560000
2008-02-11,34.88220977783203,35.158370838060556,34.53701421365186,34.86495279787425,541500
2008-02-12,35.64165496826172,35.978222133890355,35.253306972512846,35.65028675264568,1055200
2008-02-13,36.73765563964844,37.01381346622869,36.228489029629664,36.228489029629664,582500
2008-02-14,37.25544738769531,38.083924084916674,37.07421944757779,37.98036244022608,1260200
2008-02-15,37.41941833496094,37.56612572680593,37.0655909458552,37.42804682598566,707600
2008-02-19,39.11088943481445,39.70635413430938,38.826103114903304,39.628684539413435,649700
2008-02-20,38.895145416259766,39.14541450560213,38.265160092511344,38.265160092511344,807800
2008-02-21,39.23170852661133,39.90484612084482,39.00733152324085,39.05048056711274,677800
2008-02-22,38.99006652832031,39.68909280586174,38.308300524650846,39.68909280586174,415000
2008-02-25,40.1205940246582,40.18963183539549,39.30074903526421,39.30074903526421,510900
2008-02-26,40.15510559082031,40.310444758031494,39.818538492549585,40.206886410577546,1475700
2008-02-27,40.215518951416016,40.50893704213711,39.947992919211465,39.956621410676426,597500
2008-02-28,39.378414154052734,39.82717139505187,38.51542021952993,39.2662240207878,747100
2008-02-29,38.71390914916992,40.54345540259519,38.36008176111984,40.50893485447795,734500
2008-03-03,38.610347747802734,38.70527430953777,38.22199984230341,38.35144694942959,422800
2008-03-04,38.040771484375,38.213367625246605,37.29859622720977,38.0321397020952,427000
2008-03-05,38.0148811340332,38.29967070494886,37.62653321553937,37.902691003788206,539100
2008-03-06,37.58338165283203,38.26514758703403,37.548861108605536,38.17021773644131,312500
2008-03-07,37.548858642578125,38.05802511426834,37.34174197494215,37.583379184537485,452000
2008-03-10,37.98036193847656,38.74842931217866,37.842283039440574,38.29967206729654,451000
2008-03-11,38.96417999267578,39.1454079406084,38.19611257570554,39.1454079406084,778600
2008-03-12,39.059104919433594,39.75813120749262,39.0073273890993,39.119517524924724,768300
2008-03-13,38.50679016113281,38.79157975246855,37.67831673698281,38.161594547100684,517900
2008-03-14,37.51435089111328,38.437754223936345,37.34175142967532,38.28241503784827,896100
2008-03-17,37.26408386230469,37.60928280394561,36.24575060573117,36.67724763675177,629800
2008-03-18,39.041847229003906,39.171294344551676,37.755984812041426,37.755984812041426,563800
2008-03-19,38.3514518737793,39.91347218665853,38.33419159886749,39.69772368835227,776300
2008-03-20,39.36978530883789,39.4388264089405,38.17885596061559,38.17885596061559,881400
2008-03-24,40.15510559082031,40.388114341637085,39.51649194078367,39.896208076155176,444500
2008-03-25,41.138919830322266,41.39782064780031,40.224148354376766,40.647013544411024,503200
2008-03-26,39.59416580200195,40.457159805494214,39.430194834419474,40.09470061215582,693400
2008-03-27,39.965248107910156,40.560712705033794,39.93072756232201,40.13784425173005,656100
2008-03-28,40.103328704833984,40.65564428950692,40.01702733719099,40.405375261433065,339900
2008-03-31,40.01702880859375,40.20688853232881,39.775391554429625,39.78402004548091,229000
2008-04-01,41.77753829956055,41.84657939791744,41.05262322711703,41.05262322711703,432700
2008-04-02,41.76890182495117,42.174506678061434,41.53589310062308,41.53589310062308,295400
2008-04-03,41.803428649902344,42.027808936006224,41.07851354998215,41.07851354998215,308900
2008-04-04,41.397823333740234,41.68260964255845,41.17344304964263,41.67398115104432,178300
2008-04-07,41.829315185546875,42.303961169854986,41.699864784344456,42.12273324181996,380200
2008-04-08,40.92317581176758,41.199336933365984,40.733319361498744,41.113035554097415,441700
2008-04-09,40.18099594116211,40.733311493553,40.07743430604354,40.517563025146536,300800
2008-04-10,40.38811111450195,40.70741791400667,40.01702349937746,40.01702349937746,347600
2008-04-11,40.20689392089844,40.69017178605677,40.103335554100624,40.3708616093334,364400
2008-04-14,39.55963897705078,39.71497813640528,39.36115078277789,39.602788011969174,274700
2008-04-15,39.10226058959961,39.43882773375351,38.748433169840254,39.36115813955946,496900
2008-04-16,41.09577178955078,41.16481288710461,39.81854111335142,39.81854111335142,737400
2008-04-17,41.648094177246094,41.855214211542126,41.449605927578915,41.45823771220777,1832800
2008-04-18,43.39133834838867,43.563937811104154,42.51971583516385,42.683683514110044,774200
2008-04-21,44.25432586669922,44.5045948862564,43.97816808376041,44.20254833993597,536000
2008-04-22,42.96847152709961,44.25433072789457,42.47656521645176,44.25433072789457,876000
2008-04-23,43.037506103515625,43.23599431115168,42.64915817898397,42.85627816942104,910500
2008-04-24,41.31151580810547,43.33955338633362,40.6124928773971,42.726825234102094,838600
2008-04-25,44.9188346862793,45.04828509631594,43.92639361355422,44.54774702237232,1399700
2008-04-28,43.87461853027344,44.19392541352148,43.330931345885936,43.99543717301264,710300
2008-04-29,43.63297653198242,44.038581461360046,43.45174529538736,43.45174529538736,485300
2008-04-30,43.12380599975586,43.70201032939311,43.0029873811487,43.46037309217879,736300
2008-05-01,44.18529510498047,44.20255538067098,43.34818984032621,43.34818984032621,463100
2008-05-02,45.14321517944336,45.730051334915366,44.539118749744446,44.841165318563554,824100
2008-05-05,44.81528091430664,45.03965791696954,44.33200306510677,44.763500086587044,192800
2008-05-06,44.90157699584961,45.11732549695142,44.33200108462326,44.40967067670235,299000
2008-05-07,44.13351058959961,45.06554564662949,44.124882098505935,44.93609523579955,366700
2008-05-08,44.659934997558594,44.892943749114856,44.37514542608076,44.452815009932856,299000
2008-05-09,43.87461853027344,44.10762732358237,43.58982890776438,43.978176896612595,174900
2008-05-12,43.96954345703125,44.133511126290514,43.71927441548231,43.95228318257331,258900
2008-05-13,45.28992462158203,45.28992462158203,44.280223224075804,44.280223224075804,616600
2008-05-14,45.64375305175781,46.10977061123007,45.082808915706465,45.082808915706465,361800
2008-05-15,46.49810791015625,46.49810791015625,45.48840342960635,45.48840342960635,272300
2008-05-16,46.20469284057617,46.32551145630201,45.686894540530666,46.127023260172365,349700
2008-05-19,46.43770980834961,47.45604302423976,46.325519662989244,47.430150964811396,281800
2008-05-20,46.221961975097656,46.75701735820804,46.06662278450738,46.62756693536247,515100
2008-05-21,44.82390594482422,45.81635033441443,44.80664567025057,45.81635033441443,251500
2008-05-22,45.26403045654297,45.41073783852139,44.953352127576366,45.08280252866593,380800
2008-05-23,44.90157699584961,45.2640361895723,44.60815890266871,45.2640361895723,271900
2008-05-27,44.76349639892578,44.85842626256078,44.444189551112274,44.61678900389767,315500
2008-05-28,44.565006256103516,44.65130762480005,43.028878105971835,44.452816122828324,160200
2008-05-29,45.92853927612305,46.14428776457975,45.13458312673082,45.13458312673082,529000
2008-05-30,46.69660186767578,46.91235034919928,46.17017504602875,46.17017504602875,276600
2008-06-02,46.748382568359375,47.3697392907676,46.51537708951708,47.3697392907676,295200
2008-06-03,46.40318298339844,46.99864759676814,46.12702519527969,46.53263009479506,299000
2008-06-04,46.230587005615234,46.67071577668802,46.00621002048496,46.31688508634363,348400
2008-06-05,46.6016731262207,46.65345394816945,46.01483697904418,46.01483697904418,381700
2008-06-06,44.87568283081055,46.12702464508178,44.71171517483974,45.471147437077605,738900
2008-06-09,44.245704650878906,44.87568990254033,44.01269586595301,44.87568990254033,469800
2008-06-10,43.31367492675781,43.779692554876576,42.0191837100244,43.53805524787933,734400
2008-06-11,43.29640197753906,44.33199530625758,43.29640197753906,43.788311524630224,386700
2008-06-12,43.23599624633789,43.529414325554754,43.063400087319145,43.40859569741735,531300
2008-06-13,43.848724365234375,44.073101346698614,43.235996150655254,43.235996150655254,226300
2008-06-16,44.47871017456055,44.53048770604035,43.89187400934398,44.13351126841171,279400
2008-06-17,44.15077209472656,44.668567168360525,44.14214360339234,44.49597100518973,198900
2008-06-18,43.520782470703125,44.08172982034051,43.42585261534353,43.98679996498092,302400
2008-06-19,43.71064376831055,44.27158784625221,43.5466728150782,43.95228101468169,726500
2008-06-20,43.002994537353516,44.10762585365458,42.666424096860844,43.52078964385439,551900
2008-06-23,43.814205169677734,44.798017789354915,43.54667584823221,43.7020150294508,479300
2008-06-24,43.49489974975586,44.245703622356785,43.279151245624256,44.17666252084543,557300
2008-06-25,44.27159118652344,44.608158317094386,43.83146569856008,43.83146569856008,340100
2008-06-26,43.1324348449707,43.97816847423752,42.99435595227531,43.7624199986472,397100
2008-06-27,43.615718841552734,43.85735611524812,42.97710181413656,43.62434733330145,292700
2008-06-30,44.19392013549805,44.86705766646337,44.08173329038776,44.86705766646337,336300
2008-07-01,43.192848205566406,43.23599724631906,42.45067285320188,43.05476929992143,482300
2008-07-02,42.01054763793945,42.882170118116356,41.88109722279577,42.7872435446799,352600
2008-07-03,42.5024528503418,42.933949833594,42.373002438541846,42.70094106759052,276300
2008-07-07,42.58875274658203,43.14107167403231,42.31259492888733,42.39026452086777,349400
2008-07-08,42.908058166503906,42.9253184397141,41.88972509152618,41.88972509152618,811400
2008-07-09,42.114105224609375,42.95983892311457,42.114105224609375,42.49382467965386,353400
2008-07-10,41.55316162109375,42.02780765359225,41.0526235304897,42.02780765359225,738800
2008-07-11,40.448524475097656,40.84550418386042,39.939357926002046,40.62112391907357,1063300
2008-07-14,39.99977493286133,40.56072241068464,39.87895628645291,40.552093918253135,445500
2008-07-15,39.54238510131836,40.06881197183807,39.12814837338338,39.205817965624995,696400
2008-07-16,41.121665954589844,41.13892293780197,39.82717493766123,39.82717493766123,487000
2008-07-17,41.38918685913086,41.44959616906556,40.7850904677234,40.974950180124154,568500
2008-07-18,40.897281646728516,41.00947177894121,40.58660330648448,40.77646302375818,353700
2008-07-21,40.83687210083008,41.16481071276752,40.18099816901576,40.18099816901576,254000
2008-07-22,42.079586029052734,42.079586029052734,40.90591695333625,41.04399586177707,510100
2008-07-23,42.027801513671875,42.24354997802126,41.000836716450216,41.000836716450216,504300
2008-07-24,42.13999938964844,44.012694824542685,42.0709582881658,44.012694824542685,398600
2008-07-25,41.2856330871582,41.734390362156326,40.56071799555521,40.5866067620929,423000
2008-07-28,40.05154800415039,40.78509152497878,40.025659239810274,40.64701262839718,304100
2008-07-29,40.103328704833984,40.17236650688782,39.318004365615806,39.464711752518056,330900
2008-07-30,39.87031936645508,40.24140701173461,39.6545708885977,39.69771992575708,540500
2008-07-31,39.378414154052734,39.98251056663082,39.36978237115357,39.68046071431148,331000
2008-08-01,39.24033737182617,39.54238394836954,38.990068327226936,39.53375545706578,324400
2008-08-04,38.33418655395508,38.834724584342254,38.27377724574426,38.834724584342254,327100
2008-08-05,39.48196792602539,39.611418318016774,38.72253242993372,38.94691267044409,346400
2008-08-06,40.38811111450195,40.50030123564803,40.02565528134421,40.02565528134421,773000
2008-08-07,39.74950408935547,39.991141351423146,39.62868216626084,39.85306244566151,382000
2008-08-08,40.68153381347656,40.8109842213282,39.585531114397426,39.70634973929329,411800
2008-08-11,41.76890182495117,42.079576831995155,41.346033408490534,41.510001047657646,510000
2008-08-12,41.751651763916016,41.88973067594466,41.43234160505026,41.43234160505026,327800
2008-08-13,40.966331481933594,41.24248933394918,40.63839279814211,41.225229056690544,324800
2008-08-14,40.68153381347656,40.819612712223346,40.2241480786392,40.327706429684135,281900
2008-08-15,41.09577178955078,41.40645014442157,40.69879535479842,41.354669321256196,250300
2008-08-18,41.268367767333984,41.55315733267838,40.93180067524365,41.45822747756358,292300
2008-08-19,39.78402328491211,40.53483045787519,39.68046492356101,40.53483045787519,312900
2008-08-20,39.66320037841797,39.78401900233213,39.231703411832754,39.611422849346525,246700
2008-08-21,39.7149772644043,39.82716738637709,39.240331306602826,39.26622006857337,232900
2008-08-22,39.81854248046875,39.956621388256444,39.56827343133454,39.71498412264319,359300
2008-08-25,39.60279083251953,39.97387848495558,39.473343718544996,39.95661821134686,250100
2008-08-26,40.01702880859375,40.12059045357325,39.69772196672534,39.69772196672534,233800
2008-08-27,38.532684326171875,40.008403310903326,38.04077799792806,39.77539453035716,1475400
2008-08-28,38.178855895996094,38.67939070264941,38.04077698808543,38.196112878931686,832000
2008-08-29,38.610347747802734,38.96417510791092,38.4032277675163,38.84335319904193,452200
2008-09-02,37.47983169555664,38.696653169202094,37.34175277982599,37.704208699096064,572700
2008-09-03,38.05802917480469,38.06666095724552,37.23818761418892,37.23818761418892,485500
2008-09-04,37.22956085205078,38.135703898963584,37.16915153506066,38.135703898963584,368800
2008-09-05,37.17778396606445,37.25545026749489,36.60820475242046,36.98792422818312,801800
2008-09-08,37.393531799316406,38.11844360279827,37.06559315579303,37.376271524177184,501400
2008-09-09,36.34930419921875,37.39352937916217,36.34930419921875,37.039698699799885,467900
2008-09-10,35.6848030090332,36.21122991154951,35.494946554728116,36.21122991154951,492100
2008-09-11,35.175636291503906,35.27919794855925,34.140046057439,34.51976225712539,606700
2008-09-12,34.562904357910156,34.79591310138205,34.08825838064241,34.09688687096637,797800
2008-09-15,33.199378967285156,34.51113019230424,33.04403978984469,34.51113019230424,911200
2008-09-16,31.948040008544922,32.086118924354636,31.03326513376742,31.887630688631987,1153900
2008-09-17,31.249013900756836,32.31912797606999,31.19723636444335,32.172417275039315,679200
2008-09-18,32.99225616455078,33.3978643480915,31.87899325146696,31.939402560667435,899400
2008-09-19,35.4000129699707,35.50357132437582,33.147598186279744,34.59742831619437,808400
2008-09-22,34.11415481567383,35.38275716252136,33.941558633895816,35.374128670256916,722700
2008-09-23,33.656768798828125,34.63195302169949,32.931853646863225,33.958815407121364,1039600
2008-09-24,33.932926177978516,34.26949333467,33.42375955086391,33.88977713338801,611100
2008-09-25,34.61468505859375,34.83906201892,34.16592784588085,34.41619686121196,553300
2008-09-26,34.18319320678711,34.25223101560226,33.45827810789316,33.54457619192732,426600
2008-09-29,31.76680564880371,33.06129645824389,31.007370118821903,32.9922553682181,559100
2008-09-30,32.578025817871094,32.6988444597374,30.644917671826963,30.644917671826963,853400
2008-10-01,32.80240249633789,33.000894025483014,31.7236599304064,31.7236599304064,579400
2008-10-02,32.13789749145508,33.11307832548203,31.887628445386934,32.5348739349737,541200
2008-10-03,30.791624069213867,32.2673429177965,30.70532599196343,31.87036649514748,857100
2008-10-06,29.652475357055664,30.386018964730027,28.124975530993304,29.70425289186597,1007800
2008-10-07,28.306201934814453,29.928631541812997,28.26305289415157,29.50576304237086,648900
2008-10-08,27.33964729309082,28.953444980707424,26.752811171764687,26.977189785567635,1673000
2008-10-09,26.666513442993164,29.07426577231419,26.45939508694633,28.168122758855496,1198100
2008-10-10,26.321317672729492,27.27061142619796,24.129312066610836,24.29328139169014,753900
2008-10-13,29.333166122436523,29.341794613522026,27.538137107067218,28.642768321410976,887000
2008-10-14,29.919998168945312,32.37090107788593,29.255495735504837,32.37090107788593,744400
2008-10-15,26.0451602935791,28.668662955504463,25.94160028491131,28.47880321395193,981600
2008-10-16,26.78733253479004,26.890890885221943,25.27709314841062,26.468024054559343,1702900
2008-10-17,26.873632431030273,27.86607684038588,26.25227734827729,26.25227734827729,1059600
2008-10-20,28.478801727294922,28.59099186799766,27.434579787388703,27.503619240886383,854500
2008-10-21,28.392505645751953,29.09152872139918,27.883339023064426,28.392505645751953,1129800
2008-10-22,26.925413131713867,27.771146846404893,26.286796130955725,27.72799780534061,649200
2008-10-23,26.442134857177734,26.804592392380606,25.104494854850444,26.35583677653498,1323100
2008-10-24,23.663293838500977,24.301909154900326,22.653590865511262,22.653590865511262,1506800
2008-10-27,20.746376037597656,22.204834676427502,20.746376037597656,21.566219329726845,2126400
2008-10-28,24.53491973876953,24.56080850536852,22.429213913125917,22.429213913125917,1389500
2008-10-29,24.388212203979492,25.630924104687445,23.335360048925708,25.630924104687445,766500
2008-10-30,26.286794662475586,26.951300392338325,25.81214865316238,26.11419686183002,1128800
2008-10-31,29.57480239868164,29.980410599550076,28.59961833526164,28.85851585604679,1679200
2008-11-03,30.006298065185547,30.222046538511247,29.29001155355521,29.29001155355521,642500
2008-11-04,31.758176803588867,31.84447817410245,30.912443124919818,31.01600147747544,898600
2008-11-05,31.904888153076172,33.91566239311443,31.516540207814483,33.45827664206219,2499700
2008-11-06,27.771146774291992,30.360128736155925,27.19294073696783,30.360128736155925,2052300
2008-11-07,29.22960662841797,29.36768554037389,27.969636145312574,28.150864099993292,631900
2008-11-10,29.600692749023438,30.19616069999861,29.1519354859917,30.19616069999861,642500
2008-11-11,26.761442184448242,27.22745805450214,26.37309425437807,27.072120528504378,840900
2008-11-12,25.596397399902344,26.511170417890504,25.501467549893054,26.390351805900597,559200
2008-11-13,27.07212257385254,27.07212257385254,24.81107756378628,25.23394442734977,909600
2008-11-14,25.587770462036133,26.726922220406173,25.415172658482383,25.760369911620224,1063400
2008-11-17,25.630924224853516,26.226388940750063,25.294355422357054,25.59640367237981,756100
2008-11-18,25.18216323852539,25.484211444404043,24.483138613400165,25.277093097923615,932500
2008-11-19,23.689184188842773,25.11312385326916,23.602884466083232,24.793815372867943,869200
2008-11-20,22.636329650878906,23.77548133797623,22.403320902328026,23.37850493321272,1292100
2008-11-21,24.500398635864258,24.500398635864258,22.834819986313896,23.74096465553564,1228200
2008-11-24,26.0451602935791,26.545696769074006,24.526290591311337,24.85422760103676,1496900
2008-11-25,26.019268035888672,26.81322255930492,25.30298310196111,26.66651351760745,1535500
2008-11-26,26.390356063842773,26.511174695326115,25.035455767246752,25.449692486072845,1084500
2008-11-28,25.682701110839844,25.74311042623614,25.14764411755905,25.328873709778335,288800
2008-12-01,23.887672424316406,25.233942504290795,23.749593526166738,24.957784707991465,995300
2008-12-02,25.25983428955078,25.622291828425528,24.439989346896112,25.622291828425528,953300
2008-12-03,25.121755599975586,25.23394409453093,23.930822970844407,24.05164324886217,1076200
2008-12-04,23.611515045166016,24.370948998406234,23.300836695825303,23.758224082795756,743900
2008-12-05,24.215608596801758,24.26738941642185,22.929747871447326,22.94700814465402,871200
2008-12-08,25.44106101989746,25.71721881802455,24.8455963849473,24.854224875862243,789700
2008-12-09,24.923263549804688,25.535990085608194,24.7592958910382,24.906004922481554,884100
2008-12-10,25.734479904174805,25.872558807596544,25.13038511321228,25.13038511321228,722000
2008-12-11,24.940526962280273,25.786260710681287,24.836968601186115,25.492844256894188,1100800
2008-12-12,25.45832061767578,25.63092005993654,24.72477545711297,24.72477545711297,796600
2008-12-15,25.544620513916016,25.941596929394674,25.130383824886906,25.570509278211407,826500
2008-12-16,27.02033805847168,27.02896819483892,25.54461930630793,25.682698196123358,850600
2008-12-17,27.01171112060547,27.192940713716794,26.649253580413216,26.752813583052603,906400
2008-12-18,25.74310874938965,26.744181571970312,25.39791150816016,26.407614467525345,826000
2008-12-19,25.88981819152832,26.433503649297077,25.812148605271307,26.04515736404234,755300
2008-12-22,26.24364471435547,26.813220564204947,25.872557069083484,26.813220564204947,617400
2008-12-23,25.812150955200195,26.398987150998376,25.648181630837655,25.932969591030247,624100
2008-12-24,25.88981819152832,26.04515736404234,25.466951358590325,25.561881218688963,307000
2008-12-26,25.7862606048584,25.846671568950956,25.4583236013654,25.717221149068795,354400
2008-12-29,25.630924224853516,25.786261772893567,25.24257623967704,25.786261772893567,546700
2008-12-30,26.795963287353516,26.839113975367535,25.86392982464636,25.86392982464636,530700
2008-12-31,27.098012924194336,27.400061171830064,26.588846301444814,26.588846301444814,486300
2009-01-02,27.365537643432617,27.555397367827897,26.68377327191692,26.68377327191692,404500
2009-01-05,26.735553741455078,27.236090195922813,26.61473510811024,26.865002512328893,1037000
2009-01-06,28.150861740112305,28.340721462658646,27.486357649291104,27.658955451751932,1758400
2009-01-07,29.902742385864258,30.42053745118784,29.52302293203694,30.4119089599921,2011300
2009-01-08,30.075340270996094,30.127121097322224,29.479875582519774,29.945893143272162,691900
2009-01-09,29.160566329956055,29.75603096968857,29.091525233839477,29.68699316563265,639200
2009-01-12,28.979339599609375,29.56617248077663,28.625508905342915,29.56617248077663,916800
2009-01-13,27.822925567626953,28.21990198270597,27.615805577290626,28.10771185077127,1249800
2009-01-14,26.839111328125,27.572656491706653,26.537063125940755,27.529505807948745,1670900
2009-01-15,26.88226318359375,27.106641824562924,26.131459313841564,26.761444548468216,1128200
2009-01-16,26.78733253479004,27.26197854066859,26.235015297042104,26.726921576669408,753700
2009-01-20,25.527360916137695,26.56295431215546,25.492842014153275,26.40761513814976,861100
2009-01-21,26.640625,26.675143903410802,25.93296855072895,26.148717046645267,1153300
2009-01-22,25.242572784423828,25.527360719227396,24.828336087624148,25.33750264470179,1018400
2009-01-23,24.742034912109375,25.00093242090623,23.99985963938073,24.172459075932114,1045300
2009-01-26,24.155202865600586,24.54355084014018,23.887675175379137,24.120683960102895,950500
2009-01-27,24.888744354248047,25.02682324737875,24.509026575123485,24.509026575123485,891600
2009-01-28,25.199424743652344,25.613661456855574,24.92326528881981,24.975046112492997,742500
2009-01-29,24.465879440307617,25.311613137989763,24.422728754080747,25.026825193013924,793600
2009-01-30,23.266319274902344,24.276022399944104,23.162760908556322,24.12068485042507,796100
2009-02-02,22.65359115600586,22.731260743080306,22.222094181605748,22.273873357645268,713700
2009-02-03,23.697813034057617,23.784112758107646,22.990158259701975,23.231797157835988,793800
2009-02-04,24.00848960876465,24.52628626878585,23.818631546703298,24.137938362262396,872800
2009-02-05,23.818632125854492,24.025750465693022,23.1023472499849,23.188646969758516,997600
2009-02-06,24.785184860229492,24.966414439880005,24.12068079092503,24.12068079092503,627800
2009-02-09,24.7938175201416,24.9491567053559,24.284650922397162,24.284650922397162,621400
2009-02-10,23.896305084228516,24.77655774136405,23.723705620302855,24.7679292495952,988200
2009-02-11,23.90493392944336,24.232870917933376,23.62014598158637,23.85315310544726,508100
2009-02-12,23.110980987548828,23.17139030699382,22.524144776888022,23.085090573773616,717600
2009-02-13,22.886598587036133,23.205905407756784,22.82618927749602,23.050566242636368,655400
2009-02-17,21.410879135131836,21.93730596389992,21.410879135131836,21.807857202440804,1015500
2009-02-18,21.548961639404297,21.94593977314191,21.27280379647235,21.54033150105885,1537400
2009-02-19,21.065683364868164,21.661149684528493,20.99664391085178,21.402250497444236,748200
2009-02-20,20.80678367614746,21.05705105386296,20.478845068896494,20.591035198861917,914700
2009-02-23,20.77226448059082,21.592109406005786,20.677334617681833,21.54895872012426,1028400
2009-02-24,21.70429801940918,21.825118294527172,20.944864049953537,20.944864049953537,1196700
2009-02-25,21.989086151123047,22.377434099400848,21.652519026635876,21.954567247959677,1312600
2009-02-26,21.212392807006836,22.049496408360305,21.09157417172687,21.91141749774593,1422100
2009-02-27,21.669776916503906,21.980453594906226,21.50580761793894,21.60073747174448,2042900
2009-03-02,20.608293533325195,21.36772908435962,20.547884223908184,21.14335047364628,954700
2009-03-03,20.047348022460938,20.703223587927152,19.848859819315045,20.288986908484357,1285700
2009-03-04,20.608293533325195,20.858562553515924,20.297616849747683,20.452956014551553,843700
2009-03-05,18.942718505859375,19.572703715761353,18.761488914253235,19.408734398790155,925700
2009-03-06,19.029014587402344,19.49503207739434,18.56299874344056,19.12394444188891,798700
2009-03-09,18.571630477905273,18.98586718507787,18.32136143855286,18.701079243142914,1237400
2009-03-10,19.512292861938477,19.57270217236685,18.735597024915776,18.925456738868107,646200
2009-03-11,20.271728515625,20.401177284204035,19.935161388113436,19.935161388113436,724900
2009-03-12,20.96212387084961,20.97075236185743,20.099129919398187,20.332137035307017,740700
2009-03-13,22.161685943603516,22.282504575566673,21.626628945138766,21.721558810841483,1324700
2009-03-16,23.007421493530273,23.64603690000726,22.739893795986116,22.998791355412003,1309600
2009-03-17,23.835895538330078,23.86178430545068,22.955641243559445,23.16275961067657,1111800
2009-03-18,23.740964889526367,23.99123229097626,22.73126185423247,22.85208048624067,1345900
2009-03-19,24.215608596801758,24.74203540739427,24.198349969625312,24.457247483604768,1157500
2009-03-20,23.335355758666992,24.129308563503365,23.318095485684402,23.948080635276863,1350000
2009-03-23,25.466951370239258,25.510100408832752,24.396839082023575,24.543548117683887,1145600
2009-03-24,25.000934600830078,25.372022269550907,24.69888802957393,24.819706658076388,700600
2009-03-25,25.466951370239258,25.889818203370677,24.983675224664825,25.02682426325832,1248700
2009-03-26,26.459396362304688,26.580214997647943,25.8552998935275,25.907080719557857,927800
2009-03-27,26.105566024780273,26.364463541820534,25.932966582733254,25.932966582733254,766500
2009-03-30,25.121755599975586,25.484213141968063,24.880116689970464,25.40654355111036,674200
2009-03-31,25.052715301513672,25.43243145953182,24.87148571361516,24.87148571361516,773100
2009-04-01,25.846668243408203,25.93296631751888,24.93189351435671,25.53598990931296,801000
2009-04-02,26.70966339111328,27.098009680707218,26.13145737920067,26.26090614239865,809000
2009-04-03,26.64925193786621,26.73555166040815,26.20912648035989,26.64925193786621,692300
2009-04-06,26.48528480529785,26.67514288186248,26.036527555930178,26.528433844416526,533600
2009-04-07,26.157346725463867,26.381725354807095,26.062418508225463,26.183237137090906,621800
2009-04-08,25.725849151611328,25.958857912823483,25.449691351373364,25.846669423738184,648500
2009-04-09,27.21883201599121,27.27924133366035,26.52843581655565,26.52843581655565,501000
2009-04-13,27.564027786254883,27.77114614095691,26.84774285898232,27.02034066488549,442000
2009-04-14,26.70966339111328,27.158418993797586,26.70966339111328,27.158418993797586,653700
2009-04-15,26.744184494018555,26.813223949807647,26.321317621556545,26.545696264378716,755500
2009-04-16,26.640625,26.821852946475115,26.217756499497273,26.554325272427395,786900
2009-04-17,26.69240379333496,26.770073382427586,26.4507648888212,26.726922696248145,371400
2009-04-20,26.062419891357422,26.502545390161952,25.95885988538371,26.45076621019032,599500
2009-04-21,26.16597557067871,26.243645155694377,25.613659984816454,25.829408466297682,510800
2009-04-22,26.053787231445312,26.55432364546243,25.24257247561402,25.466951095143113,1409000
2009-04-23,26.52843475341797,26.58021393134067,25.786259403727616,25.976119132828156,1258300
2009-04-24,26.45076560974121,26.67514424589867,26.010638474897394,26.010638474897394,945300
2009-04-27,25.838041305541992,26.25227803826468,25.760371712402684,26.079678576615,554800
2009-04-28,25.294353485107422,25.49284335456816,24.94915621696112,25.121755674049478,333700
2009-04-29,25.570510864257812,25.87255908600452,25.42380182203972,25.44106209666076,487600
2009-04-30,26.071048736572266,26.537066300728466,25.501472811068336,25.501472811068336,617700
2009-05-01,27.650327682495117,27.71073699723475,27.192940284275856,27.192940284275856,624600
2009-05-04,28.332094192504883,28.34072268387395,27.745258017584288,27.745258017584288,475500
2009-05-05,28.366609573364258,28.789478047810043,28.099083561831744,28.27167971428088,397200
2009-05-06,28.92755889892578,28.936187390306817,28.40976053042178,28.40976053042178,543900
2009-05-07,28.987964630126953,29.790549203808947,28.65139754285265,29.34179199008974,884100
2009-05-08,30.06671142578125,30.187530060394042,29.41946591858911,29.756033055599282,677200
2009-05-11,29.1691951751709,29.44535297886955,29.022487782232545,29.44535297886955,600700
2009-05-12,30.058080673217773,30.30834641520742,29.60932342693952,29.997668068394738,696500
2009-05-13,28.82400131225586,29.14330817485934,28.65140185147583,29.126047899575244,742800
2009-05-14,28.616880416870117,28.832628913164992,28.081825067835844,28.599620142119228,687300
2009-05-15,29.462615966796875,29.799183115300725,29.25549924097651,29.548917345939532,1084700
2009-05-18,29.445354461669922,29.497135286993746,28.70317909233279,28.70317909233279,505800
2009-05-19,29.609325408935547,29.87685144277369,29.359056358132687,29.445354441552567,430000
2009-05-20,29.9113712310791,30.30834767199635,29.81644136649872,29.894110956422598,653700
2009-05-21,28.99659538269043,29.40220359236329,28.737697856285465,29.40220359236329,375500
2009-05-22,28.936187744140625,29.203717069075434,28.83262938599783,28.83262938599783,294000
2009-05-26,29.41083526611328,29.514393617878287,28.616879123753183,28.660028162650214,656600
2009-05-27,28.357980728149414,28.936185074160935,28.28031114369378,28.84125521626399,466000
2009-05-28,28.608251571655273,28.711809926818827,28.237163899253392,28.49606143319265,719800
2009-05-29,28.625511169433594,28.634142953521284,28.116347838335646,28.366613611840773,602700
2009-06-01,28.608251571655273,28.927558420445003,28.573731022580507,28.737698692594527,1316700
2009-06-02,28.78084373474121,28.996592198396122,28.418387895989902,28.418387895989902,791800
2009-06-03,27.943744659423828,28.34934957204849,27.658955079437835,28.219902456468088,580900
2009-06-04,28.124975204467773,28.19401301410032,27.771147788441038,27.89196642434369,443400
2009-06-05,28.918926239013672,29.24686486658768,28.78947911985654,29.186455552568876,844800
2009-06-08,29.31591033935547,29.592068185248348,28.901673570516145,29.13467907818854,705500
2009-06-09,29.74740219116211,29.95451889338851,29.540282196875086,29.55754247073739,457000
2009-06-10,29.497133255004883,29.84233214926202,29.15193436074774,29.84233214926202,395000
2009-06-11,29.868221282958984,30.153007575986468,29.43672430583923,29.54028265857098,372400
2009-06-12,29.79054832458496,29.816437086823406,29.462609737303314,29.583428350496472,496000
2009-06-15,28.66002655029297,29.376313065517266,28.4011290394152,29.350421009987166,380400
2009-06-16,28.530580520629883,29.07426432643088,28.47879969967049,28.737697220346288,430300
2009-06-17,28.470169067382812,28.63413671666323,28.133598694554045,28.487426047677307,415700
2009-06-18,27.92648696899414,28.142235473646988,27.797036549378067,27.995524778611372,298500
2009-06-19,29.00522804260254,29.160567221553748,28.901669687321988,28.979339276797592,349900
2009-06-22,28.116344451904297,28.651399778760318,27.98689404266882,28.651399778760318,325400
2009-06-23,28.237163543701172,28.42701997710029,27.93511368119138,27.93511368119138,267200
2009-06-24,29.074264526367188,29.47987272985357,28.910296863625756,28.910296863625756,396300
2009-06-25,29.678363800048828,29.704252567170993,28.772220738102842,28.910299649522603,461200
2009-06-26,29.255496978759766,29.39357588264989,29.108786291592335,29.359055333662173,363800
2009-06-29,28.84988784790039,29.022487295331576,28.599618813728203,29.022487295331576,352800
2009-06-30,28.07319450378418,28.44428219689436,27.822928739178078,28.44428219689436,429100
2009-07-01,28.0904541015625,28.418392744039704,28.064565334966698,28.081825610050853,392900
2009-07-02,26.99445152282715,27.469097539978982,26.959930974509753,27.400058089374525,398000
2009-07-06,27.88333511352539,28.01278222802155,27.667586630637867,27.831554292490573,416200
2009-07-07,27.22745704650879,27.736623582181803,27.158417599944492,27.736623582181803,731500
2009-07-08,27.356908798217773,27.529506600125163,27.106639763311115,27.47772742415598,519000
2009-07-09,27.382795333862305,27.589913666907172,27.210197546006675,27.210197546006675,443800
2009-07-10,27.305130004882812,27.374169459981196,27.03760232213038,27.14116232779318,371700
2009-07-13,27.788406372070312,27.87470445187229,27.279239800292903,27.512246920200752,268400
2009-07-14,28.09908676147461,28.211273614929148,27.883338254285324,27.883338254285324,188200
2009-07-15,28.513320922851562,28.60825078416369,28.090452438477712,28.090452438477712,434000
2009-07-16,28.832626342773438,28.987965509622327,28.46153869886337,28.478798972075527,509200
2009-07-17,28.590993881225586,28.772221842156718,28.487432224641182,28.772221842156718,393900
2009-07-20,29.022489547729492,29.057006806246058,28.69455090136541,28.69455090136541,225800
2009-07-21,29.272754669189453,29.531655500798422,29.091526720711837,29.50576344240103,715500
2009-07-22,29.031118392944336,29.246866898589953,28.815369887298722,28.83263016279768,484200
2009-07-23,29.376314163208008,29.557542098388254,28.82399857481453,28.82399857481453,353700
2009-07-24,30.325611114501953,30.619029230191764,29.833704757619202,29.85959352627794,441100
2009-07-27,30.662174224853516,30.68806628215305,30.325607108505768,30.420536970462454,264400
2009-07-28,31.110929489135742,31.128189762212152,30.489576118687367,30.5068330997033,823700
2009-07-29,30.98147964477539,31.067777710480428,30.644909287581296,30.644909287581296,410700
2009-07-30,31.352571487426758,31.56831997288807,30.93833149832769,31.119562728081267,360000
2009-07-31,31.948040008544922,32.11200769229989,31.6805106688869,31.715031220854588,441800
2009-08-03,31.758176803588867,31.87899543024721,31.542428315395927,31.758176803588867,303600
2009-08-04,31.335309982299805,31.43886832947519,31.197231088712456,31.43886832947519,206600
2009-08-05,30.921072006225586,31.076407874451252,30.67080299331361,30.834770643810923,513600
2009-08-06,30.696693420410156,30.89518162663554,30.48957672350564,30.739842457926883,1784300
2009-08-07,30.748477935791016,31.231752481351606,30.722585876521027,30.722585876521027,574700
2009-08-10,30.826147079467773,31.01600352299744,30.670807894359303,30.670807894359303,649000
2009-08-11,30.67943572998047,30.903816011255543,30.644915180236488,30.82614642036199,341000
2009-08-12,30.912446975708008,31.1627160432826,30.455061177221474,30.455061177221474,719300
2009-08-13,30.990116119384766,31.093674483325525,30.62766019956158,31.041896947385663,720200
2009-08-14,30.662174224853516,31.171340790935172,30.455057518821373,31.171340790935172,304900
2009-08-17,29.57480239868164,30.032188128470754,29.557542125021218,29.945890052229235,346900
2009-08-18,31.01599884033203,31.110928693795195,29.90273923787775,30.627654228252375,793600
2009-08-19,31.30078887939453,31.516537352542777,30.817511114400705,31.015999314649836,392700
2009-08-20,32.44857406616211,32.52624366019744,31.922150475545923,31.93940745905515,615600
2009-08-21,32.77650451660156,32.89732312330087,32.37089637234519,32.46582621819755,455600
2009-08-24,33.76032257080078,33.87251270663798,33.53594559118707,33.60498339566026,513600
2009-08-25,33.95880889892578,34.148668611787045,33.76032069550741,33.87251082511275,456100
2009-08-26,33.70854949951172,33.87251718737868,33.47554070597796,33.743066760284,935200
2009-08-27,33.64813232421875,33.68264957693431,33.26841291580453,33.5273104175031,534300
2009-08-28,34.06237030029297,34.252226719768956,33.84662182520535,33.993329208075906,376500
2009-08-31,32.974998474121094,33.078560119770046,32.79377053232649,33.06992833660228,537600
2009-09-01,32.64706039428711,33.397864155784454,32.62116833902139,33.2080044467845,587500
2009-09-02,32.46583557128906,32.68158408599577,32.28460760903008,32.55213695240839,773600
2009-09-03,32.431312561035156,32.474461597914235,32.08611368188157,32.3967920147077,412700
2009-09-04,32.89732360839844,33.01814221687932,32.46582669693234,32.629797630207975,405300
2009-09-08,33.371971130371094,33.60497986862628,33.21663526359463,33.371971130371094,593800
2009-09-09,33.14759826660156,33.33745799352162,32.56076210344933,32.862811968282216,720200
2009-09-10,33.80347442626953,33.84662676122855,33.31156809469743,33.50142783392208,321200
2009-09-11,33.69991683959961,33.98470645498337,33.682656563631404,33.725808899582425,396900
2009-09-14,33.2943115234375,33.36334933451705,32.44857447027081,33.078563014214794,394800
2009-09-15,34.11415481567383,34.21771647521401,33.51869008759292,33.51869008759292,678900
2009-09-16,35.45178985595703,35.59849723406602,34.92536306709937,35.18426057038959,681200
2009-09-17,34.64920425415039,34.977139545540325,34.52838235030854,34.71824204999975,324400
2009-09-18,34.942630767822266,35.14974749765991,34.83044061879125,35.14974749765991,412900
2009-09-21,34.588802337646484,34.804550845365156,34.381682321729734,34.48524068365762,145400
2009-09-22,34.942630767822266,35.08933817711884,34.856329387005694,34.86496117111788,239000
2009-09-23,34.64057922363281,35.227415416998845,34.63195073199254,34.95125759565729,303900
2009-09-24,34.951255798339844,35.48631113816705,34.74413579695407,35.29645470329589,733000
2009-09-25,34.61468505859375,35.13248006984534,34.58016451329421,34.80454476568085,541900
2009-09-28,34.97714614868164,35.16700588421541,34.46797955143633,34.5801696944391,609100
2009-09-29,34.55427932739258,34.97714452887543,34.50249850408293,34.68372644757558,368900
2009-09-30,34.511131286621094,34.847698417727436,34.20045292188883,34.72687978523396,262600
2009-10-01,33.22526931762695,34.12278387630162,33.147599725202014,34.04511428387668,524900
2009-10-02,32.74199295043945,33.026782566072654,32.60391403463394,32.79377377838941,410700
2009-10-05,32.87144470214844,32.94911430118037,32.37090655459573,32.37090655459573,648400
2009-10-06,32.77650451660156,33.00951324040457,32.569387845705634,32.77650451660156,376700
2009-10-07,32.526241302490234,32.67295198817177,32.370902125679535,32.67295198817177,495500
2009-10-08,33.113075256347656,33.2684144228155,32.97499636304963,33.25978593226084,779600
2009-10-09,33.21664047241211,33.397868422120574,33.052669505671346,33.12171060578553,491800
2009-10-12,33.47553253173828,33.64813196169787,33.14759394402108,33.33745364618267,464400
2009-10-13,33.441017150878906,33.69128619836073,33.25978920286551,33.52731523315362,614900
2009-10-14,33.72580337524414,33.72580337524414,33.32019518658325,33.3806044965463,915400
2009-10-15,33.78620910644531,33.82072635701051,33.56182887144077,33.61360968537877,968300
2009-10-16,33.406494140625,33.46690345218008,33.1734853851723,33.415125923453196,471900
2009-10-19,33.855255126953125,33.98470554722639,33.57046881123725,33.64813840498902,657700
2009-10-20,34.10551834106445,34.243597229406404,33.88113808997106,34.174556139205244,728400
2009-10-21,33.8638801574707,34.338526117048715,33.85524837540803,33.95880671573808,650200
2009-10-22,34.545650482177734,34.60605980181297,34.01922358930411,34.26086415990606,1112800
2009-10-23,33.72580337524414,34.286747438052515,33.57046420903616,34.286747438052515,695800
2009-10-26,33.62224578857422,34.29538335395595,33.4496463284235,34.019222242478264,482100
2009-10-27,32.89732360839844,33.57046102888647,32.67294666294254,33.397861605888,423700
2009-10-28,32.14652633666992,32.62980415935639,32.07748523683149,32.56076305951797,399700
2009-10-29,33.2943115234375,33.37197782637912,32.97500135950398,33.04404246264452,497300
2009-10-30,32.5003547668457,33.37197728136368,32.26734598564325,33.32019974691487,629500
2009-11-02,32.60391616821289,33.121714605413736,32.301869548891666,32.69021755377699,388700
2009-11-03,32.56939697265625,32.578025464669835,32.215569543000555,32.465835316126984,231300
2009-11-04,32.388160705566406,32.78514041001448,32.33638317737879,32.672950278840425,278100
2009-11-05,32.353641510009766,32.534869431916235,32.21556262302479,32.50897737731506,410700
2009-11-06,32.638423919677734,32.75924252001387,32.19829854815895,32.206927037300126,337600
2009-11-09,33.02677917480469,33.02677917480469,32.24145480453835,32.8800684900416,364800
2009-11-10,32.88007736206055,32.94911847753386,32.59529099088711,32.60391948429048,475800
2009-11-11,33.05266571044922,33.32882349507487,32.940475581676154,33.026776946909465,383100
2009-11-12,32.414058685302734,32.845555723377295,32.32775730245114,32.75925434052569,171800
2009-11-13,32.7851448059082,33.00089331444599,32.5176154701794,32.534875745909744,221800
2009-11-16,33.07856369018555,33.225271099265726,32.57802555837094,32.707475983374316,494400
2009-11-17,33.579097747802734,33.63950706684762,33.32020019588737,33.397869790668075,262000
2009-11-18,33.337459564208984,33.950184521878455,33.1734885952123,33.950184521878455,418700
2009-11-19,32.02570343017578,32.69020911316842,31.82721523271986,32.69020911316842,409500
2009-11-20,32.81965255737305,32.87143336956304,32.63842465279812,32.67294519425811,839000
2009-11-23,33.113075256347656,33.39786482555888,32.95773608987981,32.95773608987981,267100
2009-11-24,32.483089447021484,32.836916809739655,32.1637826299491,32.595279574340054,274200
2009-11-25,33.07856369018555,33.07856369018555,32.647066662922356,32.966373541320024,187200
2009-11-27,32.17241668701172,32.42268574815616,31.611472537481518,31.853109814690775,233900
2009-11-30,32.9836311340332,33.10444976510777,32.73336208848685,33.04404044957049,428000
2009-12-01,33.881141662597656,34.04511262308529,33.38923536525621,33.56183481689864,346100
2009-12-02,33.337459564208984,33.51005902480823,33.1734885952123,33.25978997154237,201600
2009-12-03,34.23497009277344,34.70098763868855,34.157303793848406,34.217713109941755,415800
2009-12-04,35.417274475097656,35.684800507612216,35.01166624249707,35.02892651750782,700900
2009-12-07,35.66754150390625,35.90917875624507,35.512202329671105,35.76246807299603,504900
2009-12-08,35.6243896484375,35.66754198012615,35.42590143250038,35.66754198012615,279200
2009-12-09,35.633026123046875,35.68480366059317,35.34823649829773,35.59850556997526,230600
2009-12-10,36.41834259033203,36.6686116069729,36.25437164533126,36.383822044851826,415100
2009-12-11,36.401084899902344,36.42697366481885,36.14218737455532,36.22848545231744,238900
2009-12-14,36.53053665161133,36.68587253888178,36.33204513975195,36.33204513975195,163800
2009-12-15,36.16807556152344,36.228484873403744,35.96958735219377,36.0558854285769,182700
2009-12-16,36.116294860839844,36.44423347789787,36.047257057915346,36.44423347789787,174300
2009-12-17,35.59850311279297,35.72795353184567,35.52083351977353,35.70206147279858,232400
2009-12-18,35.6848030090332,35.87466275539936,35.477686278507456,35.762472605995626,255500
2009-12-21,35.477684020996094,35.81425115572984,35.40864292050668,35.59850265479171,504700
2009-12-22,35.96958541870117,36.055883490445474,35.74520516486933,35.74520516486933,335300
2009-12-23,36.18533706665039,36.237117889478796,35.98684885056589,36.099038987330424,140700
2009-12-24,37.833656311035156,37.92858617580614,37.540238225407016,37.540238225407016,179200
2009-12-28,37.21229553222656,37.62653220345764,37.108737187433896,37.62653220345764,262800
2009-12-29,36.84121322631836,37.065593513231086,36.71176609961723,36.962035153458004,103500
2009-12-30,36.78080368041992,36.798063955618424,36.383827227037045,36.383827227037045,137100
2009-12-31,36.52190399169922,36.82395055978214,36.49601522645231,36.63409412787031,116300
2010-01-04,37.30723190307617,37.30723190307617,36.67724664978599,36.67724664978599,213300
2010-01-05,37.60064697265625,37.704205327177675,37.272708342600886,37.281340125846434,283700
2010-01-06,37.55750274658203,37.72147043659607,37.307233673354425,37.643800837734446,491100
2010-01-07,36.51327896118164,36.720395686907786,36.383828538557054,36.65998636756591,790500
2010-01-08,36.23712158203125,36.27163884204012,35.77110400527065,36.211229521948304,278500
2010-01-11,36.34930419921875,36.42697378628792,36.012737085939236,36.25437433812747,188600
2010-01-12,36.832584381103516,36.901622189602506,36.61683587994525,36.901622189602506,304000
2010-01-13,36.41834259033203,36.521900934712235,36.15081330095106,36.297523973211725,633400
2010-01-14,36.496009826660156,36.642717197434045,35.952322792491806,36.15944276000457,532900
2010-01-15,36.13356018066406,36.38382924684441,35.99548126347164,36.24575032965198,130800
2010-01-19,36.478755950927734,36.53053677489982,35.70206005165033,35.70206005165033,177500
2010-01-20,34.951255798339844,35.10659497636399,34.68372648239587,35.08933470191011,309700
2010-01-21,35.4259033203125,35.74521018104771,35.23604687742012,35.51220469622802,472500
2010-01-22,35.45178985595703,35.986845135031544,35.39137725619763,35.66753832404228,443900
2010-01-25,36.00410842895508,36.176704584259085,35.74520761187779,35.74520761187779,308800
2010-01-26,35.745208740234375,36.09903942913451,35.650282168644914,35.66754244313229,208600
2010-01-27,35.28782272338867,35.45179368375636,34.873586014986294,35.08070601521784,320300
2010-01-28,34.77865219116211,35.529455933879746,34.606052759303026,35.28781870451323,297100
2010-01-29,33.7516975402832,34.23497209732707,33.674027944749575,34.08826469024191,611300
2010-02-01,33.95880889892578,34.0105897184499,33.743060422332704,33.829361788206235,332400
2010-02-02,34.88220977783203,34.94262237592534,34.19181535741141,34.21770741146862,368700
2010-02-03,34.99440383911133,35.04618466099426,34.64057645306294,34.69235727494586,234300
2010-02-04,34.43346405029297,34.81318024867796,34.32990239359256,34.58017145919363,351300
2010-02-05,34.08826446533203,34.278124206952896,33.579097851762356,34.01059487031086,392100
2010-02-08,33.54457473754883,34.105522135632754,33.54457473754883,33.846624602694305,290000
2010-02-09,34.26948928833008,34.373050933592644,33.86388436659744,34.12278189563248,253700
2010-02-10,34.174556732177734,34.38167671431464,33.8725101874577,34.269486586821294,213300
2010-02-11,34.41619873046875,34.45071598558265,33.92429245544457,34.0192190220835,212900
2010-02-12,34.12278747558594,34.191825291656414,33.63950959484766,33.63950959484766,174200
2010-02-16,34.545650482177734,34.58880281796949,34.0882646929221,34.450720610733505,133200
2010-02-17,35.44316101074219,35.51220210643966,35.14111444721734,35.14111444721734,294400
2010-02-18,35.65028381347656,35.667544088760295,35.2964564003123,35.52083339487902,298000
2010-02-19,35.46042251586914,35.60712991122906,35.106595118286144,35.28782306269337,193600
2010-02-22,36.40971755981445,36.46149838763709,36.14219151288339,36.23712138452771,417100
2010-02-23,35.9091796875,36.35793694781046,35.85739886405854,36.35793694781046,379900
2010-02-24,35.73657989501953,35.900547562934264,35.58124071823264,35.65891030662608,271200
2010-02-25,35.8832893371582,35.92643837542354,35.41727182294718,35.41727182294718,160700
2010-02-26,35.7969856262207,35.90917575201798,35.56397688436193,35.7969856262207,329400
2010-03-01,36.401084899902344,36.461494212747965,36.01273696585148,36.01273696585148,196400
2010-03-02,36.68587875366211,36.91025906940097,36.47876200750766,36.60820915083886,206300
2010-03-03,36.91888427734375,37.18641361705676,36.7203960415803,36.91888427734375,166500
2010-03-04,36.73765563964844,36.867106061134606,36.50464685620992,36.867106061134606,159400
2010-03-05,38.02351379394531,38.09255159657005,37.289966977186424,37.39352861921441,254700
2010-03-08,38.092552185058594,38.26515163237779,37.95447328561537,38.10118396805791,219100
2010-03-09,37.86817932128906,38.10981659854657,37.77324945034904,37.885439597101886,533700
2010-03-10,38.3859748840332,38.463644480084284,37.971738135781095,38.092556775846994,332300
2010-03-11,38.662132263183594,38.67939253899949,38.32556511492625,38.39460621818981,126500
2010-03-12,38.70528030395508,38.76568962171517,38.541312626043535,38.69665181230117,154900
2010-03-15,39.78402328491211,39.88758493832416,39.205818867635784,39.28348846166434,555700
2010-03-16,39.56827163696289,39.59416369429074,39.16266671551443,39.49060204910073,201700
2010-03-17,39.42156219482422,39.61142190907432,39.31800384707894,39.45608274142615,253000
2010-03-18,38.56719970703125,38.7915799849546,38.39460354501116,38.69665012060709,299100
2010-03-19,38.98143768310547,39.171297417944736,38.696651372907446,38.98143768310547,691300
2010-03-22,39.499237060546875,39.51649733615591,38.765690161437135,38.765690161437135,290900
2010-03-23,39.5510139465332,39.5510139465332,39.02458711512382,39.214443543784114,114000
2010-03-24,39.35252380371094,39.58553257118245,39.24033695764227,39.36115558698437,169300
2010-03-25,39.27485656738281,39.73224563851384,39.231707524612965,39.473348089833806,358900
2010-03-26,39.62868881225586,39.904849962154,39.4388323425314,39.525130438582394,241000
2010-03-29,39.58553695678711,39.60279723318546,39.248969797171995,39.55101969605151,166800
2010-03-30,40.172367095947266,40.39674736304865,39.91346957334311,40.08606901909942,461600
2010-03-31,39.87894821166992,40.16373778516308,39.663199731894096,40.16373778516308,427400
2010-04-01,40.53482437133789,40.53482437133789,40.155104949966,40.45715478897186,437800
2010-04-05,40.897281646728516,40.949062467456045,40.39674688127134,40.48304495708999,304300
2010-04-06,41.00083541870117,41.00083541870117,40.508929198919105,40.83686777612722,226900
2010-04-07,40.586605072021484,41.02673383719988,40.43126589514213,40.89728342578018,298400
2010-04-08,40.06880569458008,40.37948401487505,39.87894598949752,40.215513072463615,382100
2010-04-09,39.74087142944336,39.92209937199699,39.49060238950127,39.79265225248471,665700
2010-04-12,39.697723388671875,39.88758311920759,39.49060338335466,39.525123932917666,393000
2010-04-13,39.775394439697266,39.84443224929751,39.490604833436315,39.69772484635891,170400
2010-04-14,40.81098556518555,40.88865515404197,40.206889128753446,40.55208803301771,193000
2010-04-15,40.88002395629883,40.93180478029831,40.53482833915129,40.5693455964235,178800
2010-04-16,39.95661926269531,40.5952362347791,39.740870775000346,40.5952362347791,201900
2010-04-19,39.8616943359375,39.93073544073574,39.42156881506246,39.59416828499699,198300
2010-04-20,39.766761779785156,40.09469710211974,39.55964178857227,39.835799582149065,376900
2010-04-21,39.38704299926758,39.594162993923234,39.19718327850495,39.4129317640768,323300
2010-04-22,39.24033737182617,39.257597646494474,38.74843106599224,38.87787818791335,498100
2010-04-23,39.7149772644043,39.84442436631728,39.06773187865858,39.06773187865858,382200
2010-04-26,40.819618225097656,40.854138777461664,39.73224716211991,40.3363436602458,354400
2010-04-27,39.47334289550781,40.36222556942954,39.42156207576131,40.20688640225053,424000
2010-04-28,39.31801223754883,39.749509285972955,39.1885618061971,39.6632079010514,208500
2010-04-29,39.939361572265625,39.98251390624463,39.45608703548523,39.53375662776221,179500
2010-04-30,39.42156219482422,39.95661749891209,39.326632337699166,39.79264984064369,287600
2010-05-03,39.775394439697266,39.82717526594315,39.38704647300548,39.395678256743594,249000
2010-05-04,38.27378463745117,39.145410467788174,38.13570572172247,39.145410467788174,466700
2010-05-05,38.34282302856445,38.446381385018896,37.81639617082478,37.89406576118081,445100
2010-05-06,38.0148811340332,38.644866294229644,35.650279660644976,38.33418795943457,1239900
2010-05-07,37.79050827026367,38.11844362189042,36.6513564469918,38.01488526306413,856200
2010-05-10,39.23170852661133,39.60279622961949,39.01596001519082,39.378419226249015,436600
2010-05-11,38.049400329589844,38.826096139,37.945841985688624,37.945841985688624,534200
2010-05-12,38.23063278198242,38.385971962260854,37.84228483128635,37.84228483128635,235900
2010-05-13,37.678314208984375,38.33418813608257,37.54886380486974,37.98899254521108,262800
2010-05-14,37.108741760253906,37.315861767422554,36.69450503797744,37.143262310125486,202600
2010-05-17,37.350379943847656,37.38490049456825,36.53916675427912,37.32449117683767,250900
2010-05-18,36.85847091674805,37.540236929235625,36.642722428648995,37.436678576725065,207500
2010-05-19,36.76354217529297,36.93614162944276,36.193966281041185,36.6858725855286,470200
2010-05-20,35.494937896728516,35.986844126816706,35.28781792466283,35.986844126816706,651200
2010-05-21,36.073143005371094,36.073143005371094,34.76139193164083,34.76139193164083,315100
2010-05-24,35.26193618774414,35.7624710075266,35.16700631880412,35.451795925624175,286000
2010-05-25,34.70962142944336,34.75277047313954,34.105524941513785,34.34716221986121,1203400
2010-05-26,34.13140869140625,34.87358398528748,34.01059006999498,34.61468646911184,1060300
2010-05-27,35.745208740234375,35.76246901472175,34.916735317204704,35.115223535718435,496200
2010-05-28,35.27919387817383,35.70205907348076,35.011664566405685,35.70205907348076,532800
2010-06-01,35.01166915893555,35.60713388213437,34.94263134520259,35.003040666741846,371400
2010-06-02,35.7711067199707,35.8056272746604,34.90811260509595,35.03755974709039,409900
2010-06-03,36.21122360229492,36.23711565814515,35.75383788435375,35.81424719457011,327200
2010-06-04,35.4000129699707,35.69343105083582,35.244673792332655,35.47768255878972,451600
2010-06-07,34.373050689697266,35.02029615372265,34.278120828243836,34.78728739162623,366400
2010-06-08,34.908103942871094,34.93399270643359,34.21770948070056,34.675095194627204,329200
2010-06-09,34.38167953491211,35.06344555413698,34.32989871211479,34.42482857454619,527600
2010-06-10,35.020301818847656,35.07207935742675,34.68373135777754,34.80455329593823,321800
2010-06-11,35.25330352783203,35.30508435289265,34.537020220828154,34.537020220828154,149100
2010-06-14,35.43453598022461,35.805623675686064,35.28782528357054,35.66754476286745,272000
2010-06-15,35.94370651245117,35.97822377537833,35.38275901610306,35.53809822148988,181000
2010-06-16,36.58230972290039,36.66861108537329,36.2543711296241,36.36656125480869,239300
2010-06-17,36.25437927246094,36.46149929685529,35.96096115827125,36.332048870101175,172400
2010-06-18,36.064517974853516,36.21985714927978,35.952327839532174,35.952327839532174,159000
2010-06-21,36.634090423583984,36.849838890987826,36.40108168374059,36.651350696023535,268100
2010-06-22,35.44316101074219,36.26300591581615,35.39138018896908,35.796988396040135,412500
2010-06-23,34.98577117919922,35.313706469198515,34.7355021746785,35.123850062372675,321000
2010-06-24,34.60605239868164,35.17562821343897,34.407564206333205,35.17562821343897,545300
2010-06-25,33.82072830200195,34.0019595151773,33.56183080154331,33.7775792672689,387000
2010-06-28,33.76032257080078,33.9156617459413,33.55320586532054,33.656764218060665,217400
2010-06-29,32.3018684387207,32.99226303919933,32.163789518624974,32.99226303919933,350700
2010-06-30,32.198307037353516,32.66432129122204,32.02570758048404,32.02570758048404,1343700
2010-07-01,31.939403533935547,32.15515201395745,31.758175600811683,31.766807383566462,540400
2010-07-02,32.07748031616211,32.33638110878012,31.91351266728966,32.20693071247111,549400
2010-07-06,32.888702392578125,33.432389543048025,32.61254457152758,32.9663719855024,419100
2010-07-07,33.561832427978516,33.57909270112025,33.0267771288267,33.13033547561662,306000
2010-07-08,33.79484558105469,33.82073434811057,33.38060884785599,33.69991571243523,773200
2010-07-09,33.941551208496094,34.01921749806844,33.60498082671378,33.74305971716534,540600
2010-07-12,33.79484558105469,33.84662640722737,33.45827844108455,33.65676666998845,203400
2010-07-13,34.15729904174805,34.26085738463479,33.83798893875168,33.93291879142301,179300
2010-07-14,34.631954193115234,34.718252286386274,34.43346594494285,34.56291308484941,412100
2010-07-15,34.31263732910156,34.36441815022568,33.98470200483058,34.191818705205876,212000
2010-07-16,32.7851448059082,33.70854815908503,32.776513022012544,33.70854815908503,300400
2010-07-19,33.09581756591797,33.173487155213095,32.74199016847591,32.75925044299268,165400
2010-07-20,33.46690368652344,33.46690368652344,32.78514098104786,32.828290019309264,377400
2010-07-21,32.91459274291992,33.46690841159067,32.79377410190583,33.46690841159067,224100
2010-07-22,33.691287994384766,33.89840471970944,33.423758657774314,33.46690770121187,319300
2010-07-23,34.511131286621094,34.666467176926396,33.93292359846698,34.09689127227086,296500
2010-07-26,35.020301818847656,35.037558803666556,34.580172988558154,34.75277246529794,486600
2010-07-27,35.6848030090332,35.97822112066224,35.08933829369534,35.167007890657764,382500
2010-07-28,36.35793685913086,36.539164802642844,36.15081685793093,36.539164802642844,503000
2010-07-29,37.281341552734375,37.79913663722006,37.12600236897649,37.54023909497722,503600
2010-07-30,37.38490295410156,37.47983282879813,37.02244702387225,37.03970400830697,543000
2010-08-02,38.30830383300781,38.41186219312237,37.574760236433285,38.10981560442954,335600
2010-08-03,37.928585052490234,38.19611107212803,37.712836563331656,37.83365519053075,265200
2010-08-04,37.1864128112793,37.307231448512034,36.97929279597964,37.29860295673582,355400
2010-08-05,37.17778396606445,37.246821775800704,36.780804214852495,37.186412457758635,204600
2010-08-06,37.26408386230469,37.42805154895053,36.754917234017924,36.953405473240075,230400
2010-08-09,37.30723190307617,37.30723190307617,36.858474607843235,37.02244558213779,180400
2010-08-10,36.68587875366211,36.884370299147,36.366571849638234,36.565060103061796,162400
2010-08-11,35.15837478637695,35.68479832777406,35.10659396450777,35.58987175910487,239700
2010-08-12,35.77973175048828,35.831512577512406,35.45179638885174,35.5208341994896,399900
2010-08-13,35.65028381347656,35.87466080804329,35.42590352684894,35.72795340622291,169000
2010-08-16,35.75383758544922,35.8487674412986,35.28782008876708,35.63301896602655,171500
2010-08-17,36.107666015625,36.32341449724512,35.85739698685113,35.86602876966985,149500
2010-08-18,36.064517974853516,36.271634679381435,35.90054701736986,36.10766701395844,150200
2010-08-19,36.47012710571289,36.953404958871026,35.94370350052656,36.66861863423325,416000
2010-08-20,36.21122360229492,36.21985538493183,35.909177051213106,36.15081429207856,165400
2010-08-23,35.538089752197266,36.12492587890368,35.538089752197266,36.03862451199948,178000
2010-08-24,35.4000129699707,35.65891050201387,35.20152475233558,35.57261242201972,524700
2010-08-25,35.03755187988281,35.14974201140292,34.64057546627081,34.89084449348468,283300
2010-08-26,35.00303649902344,35.42590169944877,34.864957595937106,35.210153207622575,293200
2010-08-27,35.6848030090332,35.77973288221629,35.15837939857797,35.538095599249225,301800
2010-08-30,35.8487663269043,36.107663830770576,35.81424578183936,35.9695849425712,340100
2010-08-31,35.305084228515625,35.47768368604878,34.830438189345074,34.94262833055075,921000
2010-09-01,36.18533706665039,36.349304734182624,35.57261214412076,35.75384008592913,219900
2010-09-02,36.17670440673828,36.17670440673828,35.80562004100708,35.90054660913422,220800
2010-09-03,36.79806137084961,36.832581918821816,36.53916384517933,36.54779233614206,159100
2010-09-07,36.41834259033203,36.754909678613,36.37519355451198,36.754909678613,177100
2010-09-08,36.4528694152832,36.63409737218248,36.37519982060337,36.51327873424963,266400
2010-09-09,37.16914749145508,37.31585816822832,36.953399013658355,37.17777927412084,644500
2010-09-10,38.54993438720703,38.61034698648051,38.29103688599925,38.40322701027808,491200
2010-09-13,38.86061477661133,38.929655869711894,38.48089864073977,38.705275609195574,403200
2010-09-14,38.420494079589844,38.748432728234064,38.1270759817631,38.44638284667249,439000
2010-09-15,39.22307586669922,39.2317043577323,38.67938875391627,38.67938875391627,377100
2010-09-16,39.093624114990234,39.11088438852466,38.739796737686014,38.78294577549178,219300
2010-09-17,38.59309005737305,38.8433557980531,38.515420471076304,38.8433557980531,351100
2010-09-20,39.24896240234375,39.33526376807563,38.83472572301221,39.02458543556185,322700
2010-09-21,39.499237060546875,39.94799435019895,39.39567869895362,39.55101788737398,471700
2010-09-22,39.10226058959961,39.38704690693716,38.86062002318425,39.20581895117136,317300
2010-09-23,38.80021286010742,39.1022627618915,38.45501720500423,38.51542652694882,264300
2010-09-24,39.283485412597656,39.430192805452975,39.04184815751327,39.145406510826476,244400
2010-09-27,39.456085205078125,39.680462187879826,39.36115534202562,39.66320191350112,239000
2010-09-28,39.697723388671875,39.9738812010543,39.2921151614586,39.9738812010543,280300
2010-09-29,40.43989562988281,40.612495072345936,40.30181673432442,40.43126384712635,347000
2010-09-30,40.3190803527832,40.81098666477396,39.96525294780633,40.560717617042286,400500
2010-10-01,40.974952697753906,41.19933297020697,40.854134070461036,41.052622285593706,476900
2010-10-04,40.37948989868164,40.698796755707285,40.06881153311687,40.672907989263834,249200
2010-10-05,41.29426193237305,41.47549317587185,40.836876161964724,40.836876161964724,295900
2010-10-06,40.586605072021484,40.88002315145351,40.47441822698918,40.71605548344118,231200
2010-10-07,40.2586669921875,40.638383125312814,39.86168729385139,40.638383125312814,294000
2010-10-08,40.38811111450195,40.5261899974278,39.9307254320714,40.0860645868705,178200
2010-10-11,40.293190002441406,40.50893850954991,40.21552040819991,40.293190002441406,96500
2010-10-12,40.69879150390625,40.785089575622344,40.03428581709896,40.32770386981828,237900
2010-10-13,40.905914306640625,41.138919774759124,40.81961293691096,40.836873210856886,202100
2010-10-14,41.21658706665039,41.363297740992024,40.94906106553519,41.24247912215801,476200
2010-10-15,40.940433502197266,41.225223097707314,40.75057706391803,41.182074056828434,296300
2010-10-18,41.121665954589844,41.17344348834801,40.854136625949344,40.87139690122237,125600
2010-10-19,40.11195755004883,40.65564464879246,39.89620906712555,40.47441671323144,301400
2010-10-20,40.25004196166992,40.49167924218877,39.956623853013724,39.956623853013724,259200
2010-10-21,39.91347122192383,40.22414957870528,39.50786300145241,39.87895067293461,464800
2010-10-22,40.18962478637695,40.25866587706582,39.99976507904296,39.99976507904296,280000
2010-10-25,40.1205940246582,40.379491576029736,40.03429264616038,40.172371559695925,587100
2010-10-26,39.49060821533203,39.706356738408076,39.17993310743394,39.47335123049981,592800
2010-10-27,39.39567947387695,39.40430796582072,38.74843394008091,38.74843394008091,348200
2010-10-28,40.215518951416016,40.319080601360525,39.913472369229964,39.913472369229964,424900
2010-10-29,39.697723388671875,40.03429051675915,39.680463113890376,39.92210037670979,206500
2010-11-01,39.31801223754883,39.68909996255848,39.05911137484537,39.33527251453314,325000
2010-11-02,39.44745635986328,39.72361418636903,39.39567882493156,39.68046514323894,193700
2010-11-03,39.62868881225586,39.7149902003682,39.1195254366691,39.44746083531196,277100
2010-11-04,40.84550094604492,40.88001819845547,40.50893057554452,40.56071139225081,348200
2010-11-05,41.5359001159668,41.58767764652253,41.19933299911175,41.432338470733946,400400
2010-11-08,41.44960021972656,41.55316186864416,41.29426103841097,41.510009535564755,376000
2010-11-09,41.04399490356445,41.648088056351824,40.93180476430646,41.46686011051561,241800
2010-11-10,42.06232833862305,42.13136614565191,41.415082848931064,42.06232833862305,489600
2010-11-11,41.915618896484375,41.967399722342606,41.58768025017072,41.65672135131503,368500
2010-11-12,41.20796203613281,41.69986833529352,41.00084203498375,41.49275162620519,212100
2010-11-15,41.17344284057617,41.61357162296156,41.113033524101446,41.59631134796009,206000
2010-11-16,40.56934356689453,40.99221204491719,40.20688769321278,40.95769149731113,367100
2010-11-17,41.018104553222656,41.23385305736048,40.88002564225689,40.914546193013564,210200
2010-11-18,41.83795166015625,41.99329085441917,41.53590505579007,41.53590505579007,312100
2010-11-19,41.78616714477539,41.78616714477539,41.29426083702853,41.501380841792844,210500
2010-11-22,41.82068634033203,41.941504967507804,41.18207265609989,41.83794661450867,155200
2010-11-23,40.992210388183594,41.09576873475575,40.603862473462385,41.09576873475575,382500
2010-11-24,41.93287658691406,42.019174665963895,41.45823056801858,41.45823056801858,214300
2010-11-26,41.18207550048828,41.39782400450666,40.84550836094935,41.10440590735922,208600
2010-11-29,41.21658706665039,41.268367885605166,40.64701122638968,41.03535913839936,277200
2010-11-30,40.61249923706055,40.871396781274285,40.310449358760444,40.34496990920518,244900
2010-12-01,41.35466766357422,41.54452738217609,41.061252886914,41.164811237032936,797000
2010-12-02,42.243553161621094,42.34711151053637,41.60493621051231,41.622196484008285,252600
2010-12-03,42.82175827026367,42.85627881786893,42.34711226290348,42.49382294419553,729800
2010-12-06,42.41615295410156,42.5456000682974,42.27807405705633,42.51107952102094,171500
2010-12-07,42.226295471191406,42.700941499153764,42.157254372984134,42.58012286935179,294900
2010-12-08,42.105472564697266,42.17451036383155,41.84657505683796,42.00191092790521,165400
2010-12-09,42.269447326660156,42.50245611053681,42.21766649955613,42.39026596450858,314600
2010-12-10,42.278072357177734,42.36437042983849,42.079580864349175,42.20040277495887,208300
2010-12-13,42.286705017089844,42.50245351207499,42.22629570185886,42.45930447149012,319500
2010-12-14,42.105472564697266,42.329849526959215,42.00191092790521,42.13999311029462,355500
2010-12-15,42.09684371948242,42.31259220642862,41.81205742858498,42.148624541491344,225700
2010-12-16,42.85627746582031,42.95983581330838,42.20903203291401,42.2608128526883,256700
2010-12-17,42.71820068359375,42.76998150592783,42.48519192118141,42.50245219529277,137000
2010-12-20,42.640533447265625,42.74409180558318,42.40752467200549,42.54560358044918,118500
2010-12-21,43.37407684326172,43.43448945175124,43.13243957754699,43.149699852535306,250300
2010-12-22,43.848724365234375,43.986803267380225,43.736534228471896,43.926393953445206,205000
2010-12-23,43.771060943603516,44.05584727912421,43.59846146858977,43.69339134445039,183200
2010-12-27,44.74623107910156,45.005131875117804,44.28021688880516,44.28021688880516,327300
2010-12-28,44.44418716430664,44.677195919244454,44.19391813581116,44.57363756995895,308500
2010-12-29,44.27159118652344,44.51323174318683,44.27159118652344,44.34063228615893,177100
2010-12-30,44.18529510498047,44.495973483287656,44.142146061784686,44.3751515534541,103700
2010-12-31,44.30611038208008,44.608156953600925,44.13351093032786,44.13351093032786,114400
2011-01-03,45.10006332397461,45.13458387279286,44.651309357580274,44.88431483195164,186400
2011-01-04,44.73760986328125,44.92746960001527,44.34926189817116,44.89294904932528,337900
2011-01-05,44.418304443359375,44.5909006182977,43.93502659417343,43.93502659417343,305600
2011-01-06,44.22844314575195,44.53912151701771,44.10762451071769,44.48734069111979,159300
2011-01-07,43.62434768676758,44.01269565982529,43.31366930832141,44.01269565982529,256300
2011-01-10,43.56393814086914,43.710648837509176,43.27052003965002,43.581198416477434,135200
2011-01-11,43.40859603881836,43.494897411067186,43.21010782073716,43.494897411067186,354000
2011-01-12,43.58982467651367,43.74516385697423,43.29640659031714,43.36544768921552,290100
2011-01-13,43.96091079711914,44.2543288729313,43.92639354095235,44.10762148105556,232900
2011-01-14,44.42692947387695,44.46145002299944,43.73653495173084,43.78831577541458,668100
2011-01-18,43.891876220703125,44.05584389875143,43.702016483549684,43.99543458094095,357800
2011-01-19,43.7020149230957,44.0213217761298,43.60708505790861,43.891874653469884,274500
2011-01-20,42.97710037231445,43.296407229279765,42.606012690411184,43.02024941373233,359000
2011-01-21,42.58012390136719,42.89080226670832,42.5024543100319,42.77861212543272,248600
2011-01-24,43.1324348449707,43.184215664254154,42.70956967636753,42.73545843997901,560300
2011-01-25,43.20147705078125,43.20147705078125,42.81312912629767,43.00298884316977,218900
2011-01-26,43.210105895996094,43.48626369076976,43.08065548941943,43.184217131504994,279100
2011-01-27,43.88324737548828,44.20255755336632,43.51215966005467,43.80557777709378,602800
2011-01-28,42.09684371948242,42.92532041132191,41.889727015568035,42.89079986331596,433700
2011-01-31,42.42478561401367,42.571496308325706,42.27807821176254,42.53697575765688,187300
2011-02-01,42.33848571777344,42.476564622479536,42.16588626387563,42.25218434479415,394600
2011-02-02,42.17451858520508,42.40752737531861,42.09684898850057,42.28670873423627,269200
2011-02-03,42.355743408203125,42.424781210313725,41.855205351643875,42.148623417750194,292900
2011-02-04,41.881099700927734,41.967401080150296,41.63946242322656,41.88973148488049,313600
2011-02-07,41.48412322998047,41.68261146408791,41.43234240245031,41.55316433335401,330700
2011-02-08,41.33741760253906,41.518645568603056,41.277008280517734,41.47549652316798,330100
2011-02-09,41.30289077758789,41.492750499145686,41.14755160396072,41.19070064284368,1097400
2011-02-10,41.23385238647461,41.35467102009629,40.897285252225394,40.897285252225394,136300
2011-02-11,41.40644836425781,41.4927497324898,40.905913596754644,41.07850974909744,154100
2011-02-14,41.30289077758789,41.44959816820208,41.13891982094774,41.43233789423677,530800
2011-02-15,40.53482437133789,40.66427148057429,40.21551425935508,40.64701120759735,1205400
2011-02-16,40.914546966552734,41.069886155833714,40.767839561154574,40.90591847473089,494600
2011-02-17,42.53697204589844,42.58874957532268,42.053694254888285,42.25218246582265,620800
2011-02-18,42.476566314697266,42.54560412377032,42.28670657863981,42.38163644666854,208100
2011-02-22,41.38056182861328,41.86383634849966,41.242482924065634,41.579050048146726,453900
2011-02-23,41.25111389160156,41.4668623986623,40.99221634154087,41.40645308005017,728700
2011-02-24,41.121665954589844,41.2424845894401,40.888657176495386,41.16481499674195,384100
2011-02-25,41.32878494262695,41.40645453958904,41.20796630114395,41.36330549506812,259800
2011-02-28,41.665348052978516,41.77753819148786,41.466859833807064,41.682608327523084,337500
2011-03-01,41.15618133544922,41.66534791056106,41.095772020780075,41.587678321406344,364800
2011-03-02,41.17344284057617,41.397823123534444,41.113033524101446,41.1993348991088,109800
2011-03-03,41.121665954589844,41.16481499674195,40.810987583797235,40.888657176495386,384800
2011-03-04,41.02674102783203,41.19934050928904,40.66428178756618,41.13029939988172,357600
2011-03-07,40.12921905517578,40.8713943859367,40.008400427760876,40.63838562218194,242100
2011-03-08,40.344966888427734,40.483045787807306,39.96525073814907,40.10332963752864,159500
2011-03-09,40.008399963378906,40.017028454353806,39.56827120626387,39.84442900630989,570800
2011-03-10,39.72361373901367,39.9825145790005,39.671836204665055,39.78402305712768,573300
2011-03-11,39.283485412597656,39.56827170722415,39.093625688139525,39.24033637305554,622400
2011-03-14,37.635162353515625,38.48952442210399,36.78942877492722,36.89298711522817,887400
2011-03-15,39.4647102355957,39.65456994505202,36.72902118164655,36.72902118164655,1618500
2011-03-16,36.84121322631836,38.18748507161203,36.49601759638779,37.9631080767602,2290200
2011-03-17,37.842281341552734,38.161591456046075,37.55749506534518,37.68694217559935,980700
2011-03-18,38.76568603515625,38.817466856471725,37.46256663995919,37.58338526430136,1171700
2011-03-21,39.40430450439453,39.84442998020667,39.27485409218234,39.6200529967077,789300
2011-03-22,38.895145416259766,39.11089395009394,38.6276160491633,39.00733557563072,1253800
2011-03-23,39.81854248046875,40.03429097964083,39.29211561575915,39.78402193050662,438600
2011-03-24,39.093624114990234,39.23170301120504,38.55856880366544,38.6103496242687,418900
2011-03-25,37.488460540771484,37.790510435070495,37.436683004422726,37.62653945780327,1007500
2011-03-28,37.40216064453125,37.799137100304435,37.38490036922882,37.678318465248324,641700
2011-03-29,37.68694305419922,37.79050469528948,37.220928837535304,37.497086629654866,785900
2011-03-30,38.127071380615234,38.222001237876775,37.89406262880795,38.07529056063788,394900
2011-03-31,37.41078567504883,37.68694347021684,37.36763663681519,37.63516594116071,385600
2011-04-01,37.87680435180664,37.96310572298413,37.52297696013068,37.738725449983356,448600
2011-04-04,37.55750274658203,37.730102220948005,37.4798331477204,37.67832139101987,518500
2011-04-05,36.832584381103516,37.13463096590073,36.69450547204466,36.69450547204466,538100
2011-04-06,36.93613815307617,37.09147731798465,36.89298911661503,37.065588554520055,338600
2011-04-07,36.73765563964844,37.08285456890424,36.409716986061525,37.005184974424736,390500
2011-04-08,36.789432525634766,37.12599963497132,36.68587088271535,37.12599963497132,378600
2011-04-11,36.43560791015625,36.76354326146278,36.37519859322816,36.74628627839264,308300
2011-04-12,36.754913330078125,36.88436374245911,36.573685386393336,36.582313877590394,610100
2011-04-13,37.26408386230469,37.44531182523868,37.074224115196074,37.419423056837,525000
2011-04-14,37.93721008300781,38.04940020891355,37.76461064901292,37.911321320129716,586300
2011-04-15,37.90269470214844,38.144335259489665,37.816396619422825,38.014884843340404,525700
2011-04-18,37.436683654785156,37.4970929762822,36.78080631844425,37.1864145845482,571100
2011-04-19,37.428043365478516,37.52297321827684,37.21229489714064,37.41078309296424,245100
2011-04-20,37.626529693603516,37.69557078023357,37.51434286591999,37.60927271400621,255800
2011-04-21,37.281341552734375,37.66968951212907,37.195040177279516,37.54886758649227,681500
2011-04-25,36.84121322631836,37.14326310607613,36.71176609961723,37.12600283077046,838600
2011-04-26,37.31585693359375,37.54023389457197,36.70312877495782,36.77216986575752,1100000
2011-04-27,39.47334289550781,39.507860149944975,38.68801856901859,39.21444208883579,878400
2011-04-28,40.20689392089844,40.526200805560684,40.01703417171817,40.09470376983182,634100
2011-04-29,40.70742416381836,40.76783677068004,40.250038411165356,40.46578690461462,586000
2011-05-02,41.25111389160156,41.337415269662436,40.98358784976526,41.216593340377216,502700
2011-05-03,40.897281646728516,41.25110902488188,40.647012617969644,41.19933149621492,308300
2011-05-04,40.93180465698242,41.14755315157244,40.72468465366927,40.91454438236793,226000
2011-05-05,40.577972412109375,40.931799769303936,40.405372978635356,40.793720880936796,265000
2011-05-06,40.67291259765625,41.05262881411377,40.42264352014367,40.85414056741589,237400
2011-05-09,40.75057601928711,40.78509327586889,40.35359629401981,40.69016670519309,203000
2011-05-10,40.793724060058594,40.92317117620685,40.664273651849705,40.707422690565785,184000
2011-05-11,39.93073272705078,40.16374150181801,39.663203402230444,40.03429108514926,344000
2011-05-12,39.92210006713867,40.03429020631806,39.55101568442672,39.71498335548832,267000
2011-05-13,39.809913635253906,40.293188162186,39.76676459421508,40.18100131389723,247400
2011-05-16,39.697723388671875,40.05155079154065,39.59416503204367,39.59416503204367,199200
2011-05-17,39.5510139465332,39.58553120225104,39.128145466398585,39.36115422581228,309100
2011-05-18,39.53376007080078,39.66320720782885,39.31801155035951,39.42156991839419,159000
2011-05-19,39.35252380371094,39.37841586147049,39.00732819017076,39.17992764297122,440700
2011-05-20,38.75706100463867,39.10225992677429,38.731172237699816,39.0332188255228,203300
2011-05-23,38.40323257446289,38.60172079721619,38.22200462656564,38.22200462656564,172500
2011-05-24,38.360076904296875,38.49815578722282,38.256518565117474,38.403225937949934,211600
2011-05-25,39.283485412597656,39.4560848628268,38.78294733613921,38.78294733613921,729400
2011-05-26,40.75057601928711,40.84550588202362,40.31044725424704,40.603865333586846,518400
2011-05-27,40.716060638427734,40.854139558462336,40.53483267314379,40.67291159317839,223000
2011-05-31,41.40644836425781,41.458229185197006,41.21658864620803,41.40644836425781,267400
2011-06-01,41.07851028442383,41.60493711528717,41.018100971904495,41.60493711528717,368700
2011-06-02,41.36330032348633,41.56178853711478,40.888654308978225,41.50137922392615,530100
2011-06-03,41.23385238647461,41.44960088710214,41.0871449862371,41.104405261334605,214600
2011-06-06,40.992210388183594,41.2942569373776,40.85413149540055,41.164809827177514,484500
2011-06-07,40.13785171508789,40.56072024702114,40.13785171508789,40.50031092703939,328000
2011-06-08,40.35359573364258,40.603864769734216,40.19825985102986,40.44852559506083,269700
2011-06-09,40.819618225097656,40.914548098068146,40.56072066648972,40.63839026327821,189500
2011-06-10,39.95661926269531,40.38811623808524,39.8789496754427,40.37085596402236,247500
2011-06-13,39.965248107910156,40.12921576136322,39.723607580853546,39.97387659827698,171900
2011-06-14,40.776466369628906,40.81961541107878,40.50893704534234,40.5607178703187,195100
2011-06-15,40.35359573364258,40.560715730560645,39.97387958003023,40.43989710405038,380800
2011-06-16,39.947994232177734,40.232780548733075,39.66320462356145,39.99114327504237,178000
2011-06-17,39.853057861328125,40.05154605977442,39.706347189048444,39.999765241547394,187100
2011-06-20,40.08607482910156,40.24141402359076,39.87032631365114,39.89621508204564,149700
2011-06-21,40.336341857910156,40.51756981163185,40.12059335336692,40.24141198918139,222800
2011-06-22,39.853057861328125,40.31907534919006,39.78401677035877,39.99113675120643,227800
2011-06-23,40.293190002441406,40.32771055367339,39.71498558357989,39.90484532329487,197500
2011-06-24,40.38811111450195,40.72467818587993,40.310441537102406,40.62111984670061,148600
2011-06-27,40.172367095947266,40.37948708926696,39.818539713574104,39.93935833798534,236500
2011-06-28,40.172367095947266,40.34496654170357,39.94799012090649,39.98251066846988,176700
2011-06-29,41.07851028442383,41.23384945720517,40.76783523092179,40.78509221273249,199800
2011-06-30,41.06988525390625,41.22522443977586,40.86276524205981,40.94906661868787,667100
2011-07-01,41.15618133544922,41.27700325684824,40.629757777912545,40.77646517294881,1298800
2011-07-05,41.16481399536133,41.22522331131693,40.98358604749451,41.043995363450115,201900
2011-07-06,41.25111389160156,41.4582339068867,41.1302952543773,41.216593340377216,399000
2011-07-07,41.32878494262695,41.52727318107205,41.1561854724822,41.29426439018579,1043100
2011-07-08,41.5359001159668,41.579049155450136,41.259742312800576,41.29425956915083,271600
2011-07-11,40.647010803222656,41.069879256799794,40.439894113680715,41.00083816557886,822100
2011-07-12,40.776466369628906,41.164814326799444,40.63838746175281,40.66427622821056,229700
2011-07-13,40.992210388183594,41.36329802979935,40.86275998592303,40.98358189766111,213700
2011-07-14,40.76783752441406,41.156182186154034,40.57797779320906,41.156182186154034,170900
2011-07-15,41.16481399536133,41.26837235241939,41.000843030286845,41.12166495425887,457900
2011-07-18,40.793724060058594,41.00084076272005,40.45715694918824,41.00084076272005,284400
2011-07-19,40.491668701171875,40.60385882023297,40.33633284131982,40.37948187417096,193800
2011-07-20,40.629764556884766,40.93181118062616,40.61250427951936,40.70743086693716,484000
2011-07-21,41.52727127075195,41.6222011395677,41.05262521873415,41.095774261270144,213500
2011-07-22,41.604942321777344,41.768913298044176,41.492755465665454,41.639462873839946,130600
2011-07-25,42.45930480957031,42.49382535913739,41.87246863517318,41.88109712653455,373500
2011-07-26,42.99435806274414,43.14969723615916,42.795869850505085,42.87353943721259,319100
2011-07-27,42.226295471191406,42.83902040350755,42.122737115941256,42.79587136315838,321400
2011-07-28,41.829315185546875,42.14862200523626,41.67397602092815,42.07958091337885,248200
2011-07-29,41.69987106323242,41.958768612559865,41.406452962778395,41.622201469228095,318300
2011-08-01,41.65672302246094,42.07958826172078,41.33741614701111,42.04507100182479,496000
2011-08-02,41.21658706665039,41.84657550838856,41.13891748424845,41.62219525164499,716400
2011-08-03,41.630828857421875,41.68260638658383,41.000840388092875,41.518638724136636,466300
2011-08-04,39.11088943481445,40.33634267738817,39.059108607530156,40.18100348759627,454300
2011-08-05,39.2921142578125,39.80991261316673,38.36008248547205,39.723611241243994,337300
2011-08-08,37.54023742675781,39.17992727486577,37.3762697587713,38.72253823543272,476700
2011-08-09,39.49060821533203,39.49923999980935,37.72147098452072,39.007333630560865,719700
2011-08-10,37.609283447265625,38.64487370578035,37.548870833193156,38.64487370578035,374900
2011-08-11,39.973876953125,40.37085335473138,38.89513458437258,38.99869292999588,679600
2011-08-12,40.577972412109375,40.98358058696425,40.370852433528476,40.78508909862989,429200
2011-08-15,40.73331832885742,40.73331832885742,40.3881194046564,40.61249969300534,560100
2011-08-16,40.4571647644043,40.66428150707504,40.103337311285614,40.36223488565468,1209900
2011-08-17,40.65564727783203,40.897284540872434,40.26729932504509,40.569345903845594,542900
2011-08-18,38.972808837890625,39.44745487862073,38.688022530276896,39.38704556209476,540900
2011-08-19,38.644866943359375,39.39567402907917,38.49815955616437,38.70527625479974,281700
2011-08-22,39.38704299926758,40.00839969117391,39.11088520110046,39.999767908197086,273300
2011-08-23,40.966331481933594,40.974959974532275,39.96525844536178,40.224156020118734,325200
2011-08-24,40.862762451171875,40.94906382190564,40.27592629842503,40.48304629612537,302400
2011-08-25,39.2662239074707,40.04291976312403,39.145405283715874,39.99976743287394,350300
2011-08-26,39.59416580200195,39.87895211128275,38.9900693411452,39.32663647577744,398100
2011-08-29,40.20689392089844,40.275931734743274,39.96525663434983,40.103335554100624,205100
2011-08-30,40.0601806640625,40.22415163410962,39.68046448196034,39.922101753110724,477600
2011-08-31,40.76783752441406,40.974954238400606,40.43989888653109,40.64701560051763,211800
2011-09-01,40.43126678466797,40.91454460026526,40.32770842849026,40.50030788349363,202800
2011-09-02,39.72361373901367,40.12922198240283,39.57690633561134,39.78402305712768,196200
2011-09-06,38.88650894165039,38.96417852957085,38.4636404536255,38.688020726311585,180000
2011-09-07,39.43882369995117,39.48197273852104,39.00732673013127,39.23170370593095,183800
2011-09-08,39.06773376464844,39.57690029103076,38.95554363725967,39.136771563922764,264700
2011-09-09,38.006256103515625,38.54131145545161,37.850916921976015,38.48953063091814,266300
2011-09-12,38.23063278198242,38.29104209741728,37.58338729484256,37.799135790555844,275700
2011-09-13,38.575836181640625,38.69665482657195,38.28241806163832,38.342827384103984,177100
2011-09-14,37.436683654785156,37.91132973457382,37.15189403167528,37.600651342839825,500600
2011-09-15,37.33311462402344,37.43667626219194,37.11736614926309,37.11736614926309,403500
2011-09-16,38.22200393676758,38.29104174288501,37.83365598966717,38.239264211312125,347000
2011-09-19,37.833656311035156,37.99762398250999,37.30722945516754,37.64379658149319,263100
2011-09-20,38.03214645385742,38.39460565656718,37.963108643664725,38.13570481517694,329500
2011-09-21,37.566131591796875,38.73980407803847,37.566131591796875,38.222008942137144,236900
2011-09-22,36.89299011230469,37.27270625229538,36.64272108519101,37.10011010179269,596300
2011-09-23,37.350379943847656,37.55749995611032,36.789435808912074,36.806696084272374,294000
2011-09-26,38.43775177001953,38.455012044267505,37.78187451683952,38.29104108494215,326500
2011-09-27,39.47334289550781,39.89620806789251,39.30937194567413,39.77538944721117,502600
2011-09-28,38.96417999267578,39.7408726089845,38.8606183435193,39.542384386192474,374800
2011-09-29,39.58553695678711,40.02566577479234,39.085002109479305,40.02566577479234,826300
2011-09-30,39.059104919433594,39.49060189654296,38.92965780153719,39.3007454652161,348800
2011-10-03,38.48090744018555,39.36979031872321,38.44638688574143,38.955553541577665,431500
2011-10-04,38.40323257446289,38.4463816155726,37.419419952094024,37.85954543871032,809300
2011-10-05,39.11088943481445,39.20581930547183,38.40323458890071,38.53268501108095,306500
2011-10-06,40.07743835449219,40.0860701376542,39.3697835699996,39.61142411762537,218000
2011-10-07,38.95554733276367,39.53375500533221,38.912398292616345,39.38704431835841,239500
2011-10-10,40.025657653808594,40.025657653808594,39.43018976109643,39.43882154357482,149300
2011-10-11,39.697723388671875,39.88758311920759,39.45608612585246,39.65457434774852,148500
2011-10-12,40.103328704833984,40.36222622364185,39.775390091911724,40.068808157776786,203800
2011-10-13,39.7149772644043,39.77538657037574,39.387038680516255,39.76675808040565,163900
2011-10-14,39.27485656738281,39.300748626693476,38.9555497004128,39.197186973572705,360200
2011-10-17,38.51541519165039,38.87787101664517,38.394596583318794,38.85198225544845,605100
2011-10-18,38.81747055053711,39.09362837304567,38.04940640093137,38.37734504968313,328700
2011-10-19,38.86924362182617,39.18855042313413,38.757053500046524,38.91239265572288,244600
2011-10-20,38.95554733276367,39.02458843064799,38.558570896111085,38.834728703526864,134300
2011-10-21,39.99113845825195,40.025659005210166,39.68046011974918,39.689091902519,255200
2011-10-24,40.465789794921875,40.517570622190064,39.9911437338436,39.9911437338436,111100
2011-10-25,38.929656982421875,39.98251063787516,38.826098631871574,39.98251063787516,759400
2011-10-26,39.92210006713867,40.1033313049087,39.47334609454265,39.86169075190225,510300
2011-10-27,40.828250885009766,41.078516664864516,40.43990289273703,40.638391134996176,326500
2011-10-28,40.65564727783203,40.71605659359213,40.44852727232539,40.55208892110911,232600
2011-10-31,39.30937957763672,39.78402566192102,39.30937957763672,39.76676867738223,222900
2011-11-01,38.722537994384766,39.084997168810105,38.42911991682547,38.61035115006849,271200
2011-11-02,38.86924362182617,39.007322505531796,38.549933528457956,38.90376416576765,221000
2011-11-03,39.15403747558594,39.30937666140012,38.757061019421194,39.03321884041066,184700
2011-11-04,38.489532470703125,38.64487165966789,38.187485876638846,38.61035440038981,393700
2011-11-07,38.05802917480469,38.10118150288798,37.755982630584185,37.95447082993772,379700
2011-11-08,38.34282302856445,38.411860835513814,37.98036384288271,38.16159508175398,256800
2011-11-09,37.359012603759766,37.773249345939504,37.16052437055245,37.773249345939504,278800
2011-11-10,37.49708938598633,37.80776774797329,37.25544883107381,37.61790801741219,160100
2011-11-11,38.662132263183594,38.748433642263045,37.9113283715279,38.17885770858268,514500
2011-11-14,38.14433288574219,38.27378000177503,37.87680357864397,38.22200247218615,377900
2011-11-15,37.928585052490234,38.04077518862969,37.61790670137217,38.02351491444972,197900
2011-11-16,37.548858642578125,38.196103990045685,37.49708112169917,37.88542898859172,358100
2011-11-17,37.272705078125,37.66105298864336,37.04832811430352,37.66105298864336,245700
2011-11-18,37.592018127441406,37.730097029523165,37.41941867682404,37.643795658184125,197100
2011-11-21,36.970664978027344,37.11737238532355,36.71176742322985,37.10874389339008,221300
2011-11-22,36.6513557434082,36.91025328153441,36.48738477868165,36.72039355061348,143500
2011-11-23,35.98685073852539,36.47012527536814,35.98685073852539,36.47012527536814,179700
2011-11-25,36.832584381103516,37.1518912410407,36.71176574718463,36.754914789004104,170300
2011-11-28,37.108741760253906,37.44530889134973,36.962034361390934,37.25544915911687,322900
2011-11-29,37.626529693603516,37.71283105189108,37.3762639847201,37.531603137577505,226300
2011-11-30,38.843360900878906,38.92966228146854,38.47227648655717,38.826103916822035,263000
2011-12-01,38.23063278198242,38.54131114253928,38.16159497522578,38.47227333578264,128500
2011-12-02,37.91133117675781,38.34282822790046,37.902699392180665,38.291047396621295,130800
2011-12-05,38.14433288574219,38.35144958821899,37.94584467417666,38.23926274606932,149200
2011-12-06,38.27378463745117,38.37734629329347,38.00625859001114,38.032147357941206,167000
2011-12-07,38.67939376831055,38.75706336592005,38.213376182653526,38.24789673538244,225600
2011-12-08,37.91133117675781,38.524056199285674,37.842290068385594,38.39460905917962,159300
2011-12-09,38.62760925292969,38.662129802364255,38.152963220417135,38.152963220417135,115100
2011-12-12,38.30830383300781,38.385973426108954,38.02351751967757,38.13570437144295,110600
2011-12-13,38.02351379394531,38.662127459481596,37.84228256642664,38.48952801482888,179000
2011-12-14,37.49708938598633,37.77324719840567,37.34175020499285,37.69557760790893,198500
2011-12-15,37.566131591796875,37.8422894365524,37.47983349983372,37.75599134458925,101600
2011-12-16,37.125999450683594,37.764613118546926,37.03106959117565,37.40215724631,168900
2011-12-19,37.34175109863281,37.799136869136824,37.31586233186795,37.66105795962273,255600
2011-12-20,38.05802917480469,38.239260393397416,37.83365221224952,37.95447082993772,516800
2011-12-21,38.07529830932617,38.25652957009893,37.86818157138758,37.98900021719529,302400
2011-12-22,38.049400329589844,38.05802881988978,37.85091213208734,38.05802881988978,145100
2011-12-23,38.377342224121094,38.44638002863481,38.04940359951407,38.144333461273526,134500
2011-12-27,37.93721008300781,38.20473937030292,37.93721008300781,38.127069789608235,214000
2011-12-28,37.45393753051758,37.91995174641779,37.40215671005731,37.84228216175766,113900
2011-12-29,37.86817932128906,37.91132836479062,37.48845983752897,37.48845983752897,154300
2011-12-30,38.006256103515625,38.17885555989973,37.842285138523366,37.842285138523366,100700
2012-01-03,38.903770446777344,38.96417976239786,38.54993975234172,38.567200027099126,160400
2012-01-04,38.42911911010742,38.66212786904787,38.368709797648116,38.66212786904787,121700
2012-01-05,38.049400329589844,38.10118114757065,37.82502336912713,38.07528909255005,129700
2012-01-06,37.58338165283203,37.96310105520291,37.548861108605536,37.86817120461019,105200
2012-01-09,37.58338165283203,37.799130116157194,37.540232618579054,37.7646095719307,165500
2012-01-10,37.41941833496094,37.643795314271124,37.350377238520466,37.643795314271124,223200
2012-01-11,37.125999450683594,37.17778027188627,36.737651521815025,36.944771514565126,347400
2012-01-12,36.71176528930664,36.910253512849344,36.642724189607875,36.83258392171865,266400
2012-01-13,37.592018127441406,37.592018127441406,37.17778142119614,37.410786893659775,413300
2012-01-17,37.17778396606445,37.49709083172411,37.14326341516586,37.453941789131335,189500
2012-01-18,37.643795013427734,37.67831556137209,37.264078862221794,37.264078862221794,183500
2012-01-19,37.98036193847656,37.98036193847656,37.78187372686612,37.816394274640274,101300
2012-01-20,38.40323257446289,38.46364189042864,38.13570325228542,38.13570325228542,128600
2012-01-23,38.239261627197266,38.411857776857595,37.997621091963836,38.09255094951334,163800
2012-01-24,37.9544792175293,38.05803758528172,37.79051152758287,37.876809618699696,212300
2012-01-25,38.92102813720703,38.99869772899729,38.46364237003155,38.50679141167928,229800
2012-01-26,38.99006652832031,39.154034192012965,38.843355846438996,39.05047584084185,340700
2012-01-27,38.95554733276367,38.990067881705826,38.65350075967165,38.84335719473203,1152800
2012-01-30,37.71283721923828,38.72253858587216,37.63516763010792,38.72253858587216,347900
2012-01-31,36.97929000854492,37.47982808742051,36.88436343791815,37.47982808742051,533300
2012-02-01,37.108741760253906,37.307229983924245,36.97066285282842,37.074221210382326,869600
2012-02-02,38.39460372924805,38.57583167547523,38.29967386444501,38.41186071188425,1793800
2012-02-03,38.15296173095703,38.23063131812226,37.81639461726127,37.87680393038303,344400
2012-02-06,38.170223236083984,38.29967364955468,38.06666488054389,38.29967364955468,142900
2012-02-07,38.54131317138672,38.66213180861643,38.058035330406916,38.11844464902177,271000
2012-02-08,38.50679016113281,38.72253865442567,38.40323180612925,38.54131071015425,409100
2012-02-09,38.67939376831055,38.72254281319114,38.46364525184649,38.54994334160767,215600
2012-02-10,37.70420455932617,37.971733869457374,37.61790648099258,37.971733869457374,203600
2012-02-13,38.24789047241211,38.299671293026535,38.08392281189061,38.170220887520756,153300
2012-02-14,38.662132263183594,38.68802432293793,38.43775526169903,38.480904305208256,326400
2012-02-15,38.498165130615234,38.964182708114016,38.47227636255232,38.826103791676715,445400
2012-02-16,39.23170852661133,39.23170852661133,38.61035505232175,38.68802464811558,359400
2012-02-17,38.8347282409668,39.059105222296786,38.79157920133342,39.050476731194394,130900
2012-02-21,38.972808837890625,39.15403678746853,38.8692504798548,39.04184993795507,285800
2012-02-22,38.498165130615234,38.54994266674107,38.36871470617856,38.54994266674107,1458400
2012-02-23,38.94691848754883,38.94691848754883,38.61035136857389,38.67938917376994,256200
2012-02-24,39.00733184814453,39.05048089237583,38.86062114728485,38.87788142338958,205200
2012-02-27,39.23170852661133,39.29211784644419,38.88651288357512,39.03322029115178,189000
2012-02-28,39.68909454345703,39.69772303474045,39.3525241263097,39.47334604870301,217400
2012-02-29,39.128143310546875,39.72360791264412,39.06773400129326,39.542379984883276,245300
2012-03-01,39.55963897705078,39.6200482843486,39.34389051039847,39.34389051039847,349200
2012-03-02,39.39567947387695,39.481977561558686,39.300749602190436,39.31800987813899,133700
2012-03-05,39.283485412597656,39.481973628139926,39.076365413910544,39.481973628139926,173000
2012-03-06,38.70528030395508,38.851990998558804,38.57583317678099,38.82610223153617,344800
2012-03-07,38.92102813720703,39.00732951256335,38.82610156240637,38.860618820488035,819600
2012-03-08,39.654571533203125,39.78401864678547,39.49060058044736,39.49060058044736,179900
2012-03-09,39.8012809753418,39.91347111322083,39.61142454053967,39.61142454053967,212600
2012-03-12,39.00733184814453,39.214448577279185,38.96418280391323,39.04185240035399,647200
2012-03-13,39.10226058959961,39.11088908137185,38.6362430244353,38.68802385125165,463900
2012-03-14,39.34388732910156,39.628673570183786,39.27484624516643,39.56826426777058,287800
2012-03-15,40.60386276245117,40.75057343886136,40.42263483164492,40.543453452182426,303900
2012-03-16,40.83687210083008,41.13029016581399,40.77646278969168,41.018100034245286,255800
2012-03-19,40.53482437133789,40.62112244416216,40.422634243017974,40.51756409836094,142800
2012-03-20,40.241416931152344,40.34497530427384,40.03429689284802,40.17237582103046,142800
2012-03-21,40.094696044921875,40.24140672067522,39.991137698076294,40.189625901222186,180500
2012-03-22,40.215518951416016,40.250039501397524,39.99114196065793,39.99114196065793,138500
2012-03-23,40.336341857910156,40.431268434578,40.06018074339877,40.13785033671677,199100
2012-03-26,40.87139892578125,40.888659201909256,40.53483177143775,40.698799456562234,212200
2012-03-27,41.510009765625,41.71712977254731,41.47549250785531,41.59631114020131,431600
2012-03-28,41.138919830322266,41.34603982589257,41.02673298761314,41.34603982589257,233400
2012-03-29,41.10440444946289,41.14755349032397,40.880024169688014,41.061255408601816,165300
2012-03-30,41.13029479980469,41.24248494401341,41.02673643933713,41.15618356690634,195300
2012-04-02,41.673980712890625,41.83794838642198,41.29426124904417,41.320153307436044,201700
2012-04-03,41.440975189208984,41.70850453316376,41.28563599492055,41.67398398064165,199100
2012-04-04,40.448524475097656,40.62975570190568,40.232775993142916,40.560714607491086,201900
2012-04-05,40.621124267578125,40.73331440093408,40.41400756667856,40.43989633127586,119500
2012-04-09,40.094696044921875,40.22414644752421,39.991137698076294,40.08606755437661,138000
2012-04-10,39.283485412597656,39.93073088191142,39.25759664728453,39.78402019699541,242800
2012-04-11,40.025657653808594,40.07743518043717,39.76676014448439,39.8357979440093,176200
2012-04-12,40.215518951416016,40.26729977638827,39.77539346136479,39.82717428633705,138500
2012-04-13,39.965248107910156,40.301815197243535,39.93935605268884,40.20688534290634,110500
2012-04-16,39.54238510131836,39.95662182925333,39.54238510131836,39.88758402062794,301800
2012-04-17,40.15510559082031,40.22414668382995,39.878947802902765,39.878947802902765,158700
2012-04-18,40.36222839355469,40.46578674823312,40.198260724308774,40.20688921550667,148100
2012-04-19,39.947994232177734,40.27592959159771,39.80991531977434,40.111961911887725,191200
2012-04-20,40.04292678833008,40.2241547557573,39.853067036514226,39.88758758994641,308400
2012-04-23,39.78402328491211,39.913473705646695,39.59416683777859,39.79265506872692,173400
2012-04-24,40.0601806640625,40.232780125767455,39.93073353682947,40.00840312999366,190600
2012-04-25,40.61249923706055,40.61249923706055,40.35359840078592,40.35359840078592,258100
2012-04-26,39.74950408935547,39.89621148645062,39.516495318621295,39.5423840846826,301800
2012-04-27,39.2921142578125,39.46471370959724,39.2921142578125,39.33526658980423,217200
2012-04-30,39.14540481567383,39.27485192869459,39.084995504518695,39.231702891021,190000
2012-05-01,39.18855667114258,39.31800708553183,39.059106256753324,39.059106256753324,248200
2012-05-02,38.71390914916992,38.782946953343746,38.480900387469525,38.59309052282023,239000
2012-05-03,38.455013275146484,38.68802204686123,38.3773436845749,38.68802204686123,152200
2012-05-04,38.118446350097656,38.23926828478014,38.032148260242714,38.12707813431982,265300
2012-05-07,38.48090744018555,38.575837318876225,38.222009865977235,38.230638358557634,303000
2012-05-08,38.049400329589844,38.118438128170524,37.80776309646686,38.07528909255005,157100
2012-05-09,37.635162353515625,37.807761782057405,37.35900458467289,37.58338153733501,199000
2012-05-10,37.50571060180664,37.8163889035267,37.45393307956007,37.74735110984456,231400
2012-05-11,37.37627029418945,37.59201878823845,37.32448947047582,37.40215906001589,202000
2012-05-14,36.94477462768555,37.229560938146044,36.91025407730825,37.03107271156791,180300
2012-05-15,36.426971435546875,36.798059072923216,36.30615281724954,36.67724045462589,353000
2012-05-16,36.09904098510742,36.42697633832033,36.090409201461306,36.193967560788494,154900
2012-05-17,36.17670440673828,36.418344948687306,36.099038112468975,36.28889454078388,441900
2012-05-18,35.702056884765625,36.202594929247496,35.64164757485374,36.19396314665409,182500
2012-05-21,36.31478500366211,36.37519431348271,35.88328805233757,35.88328805233757,257200
2012-05-22,35.97821807861328,36.1594493175761,35.805621915122295,35.995478353374544,413900
2012-05-23,35.14111328125,35.17563053589283,34.770025634340215,35.132481498543896,363000
2012-05-24,34.295379638671875,34.56290564546605,34.062370886519815,34.44208702406732,357800
2012-05-25,34.85633087158203,35.020301856086725,34.79592154846805,34.89947991779756,282400
2012-05-29,35.45178985595703,35.59849723406602,34.95988032002713,35.425897801185755,265000
2012-05-30,34.9167366027832,35.21878647934219,34.890847836129325,35.175634145504574,326100
2012-05-31,34.4593505859375,34.61468976886318,34.28675112801332,34.51975990240184,406300
2012-06-01,32.74199295043945,33.63087905724467,32.67295513856721,33.62224727322249,911700
2012-06-04,33.156227111816406,33.208007935727686,32.63843204094672,32.63843204094672,921300
2012-06-05,33.17348861694336,33.233897934383535,32.97500038934552,33.01814943150837,665800
2012-06-06,34.03647994995117,34.07963228077906,33.11307669367734,33.492796135774675,353300
2012-06-07,34.295379638671875,34.770025633621394,34.226338545266586,34.692356049570705,1196700
2012-06-08,34.11415481567383,34.13141509226386,33.87251752753569,34.03648521704926,298000
2012-06-11,34.329898834228516,34.84769718786144,34.27812130330772,34.84769718786144,411100
2012-06-12,35.07207107543945,35.16700092983247,34.718243713103924,34.96851273067453,2585400
2012-06-13,34.70962142944336,34.951258707790785,34.606059774099315,34.66646909368617,217400
2012-06-14,34.75276565551758,34.97714262686994,34.614686759594456,34.66646428802778,281400
2012-06-15,35.184261322021484,35.236042140609854,34.9253638132005,34.98577312219005,302700
2012-06-18,34.99440383911133,35.21878410854337,34.95988329118938,35.08070520891621,560000
2012-06-19,35.21015548706055,35.27056480531781,34.98577848954229,35.16700644431407,198400
2012-06-20,35.2274169921875,35.33960714089311,35.037557247002795,35.261937544414,151600
2012-06-21,34.79591369628906,35.54671746560586,34.787285205817575,35.46904788312064,293600
2012-06-22,35.1152229309082,35.16700375347849,34.89084595055836,34.98577581257353,239900
2012-06-25,33.87250900268555,34.72687437253371,33.8120996958545,34.234964843671825,271300
2012-06-26,33.32882308959961,33.6653901797637,33.19074419896664,33.41512445378299,431400
2012-06-27,33.57046890258789,33.61361794544275,33.285679294036115,33.337460120698516,241200
2012-06-28,33.682655334472656,33.743064652126364,33.38923723784282,33.743064652126364,487300
2012-06-29,34.46797561645508,34.51975643625124,34.33852850505544,34.44208685258725,188400
2012-07-02,34.286746978759766,34.390305324157694,34.0968872688132,34.269486705850035,219100
2012-07-03,34.70962142944336,34.75277047313954,34.44209209122942,34.467980859034924,215400
2012-07-05,34.34716033935547,34.519759796751394,34.2781225316336,34.45071869696869,432700
2012-07-06,33.57046890258789,33.829366451777986,33.432389990215775,33.829366451777986,199800
2012-07-09,33.164852142333984,33.32019129037781,32.880062606900275,33.32019129037781,180800
2012-07-10,32.90595626831055,33.21663457958653,32.81965490847818,33.208002797573165,160100
2012-07-11,32.87144470214844,32.923225532190116,32.6470676894235,32.888704978829,225100
2012-07-12,32.14652633666992,32.56076305951797,32.08611702034172,32.46583319327055,464100
2012-07-13,32.431312561035156,32.508978852181194,32.094742172433186,32.12063422820903,334900
2012-07-16,32.25872039794922,32.37953904528748,32.181050797223016,32.29323766000213,360800
2012-07-17,31.49928092956543,31.60283928755683,31.343941746547912,31.533801479582845,584200
2012-07-18,31.809953689575195,31.870362995429016,31.53379592222622,31.611465500046883,347200
2012-07-19,32.12063217163086,32.17240969574641,31.922143981047263,31.98255328722226,273100
2012-07-20,31.240381240844727,31.559688076402008,31.17997192849769,31.53379931169917,390800
2012-07-23,30.16164207458496,30.420539625753648,29.97178233409947,30.040823436843638,1138800
2012-07-24,29.47987174987793,29.85958788405367,29.393573675948147,29.842330902916114,511300
2012-07-25,27.3223876953125,29.34179362343106,26.93403976835497,29.307273076132482,2232000
2012-07-26,27.460464477539062,27.555394329268697,27.339645863359646,27.50361515833897,906600
2012-07-27,28.15949249267578,28.202641530204367,27.762512788055357,27.805665117644487,3633200
2012-07-30,28.651399612426758,28.944817685204512,27.55539690799398,28.63413933849152,673200
2012-07-31,28.86714744567871,29.246863587484512,28.789477860757007,29.21234304039474,1213800
2012-08-01,29.255496978759766,29.548915061033878,28.996596153412625,29.497134237552302,994300
2012-08-02,29.264123916625977,29.540281709747674,29.048375434995865,29.540281709747674,2059200
2012-08-03,30.032190322875977,30.109859913992775,29.902743199055198,30.109859913992775,618900
2012-08-06,30.696693420410156,30.826143825020882,30.670804656312225,30.765734514085356,545800
2012-08-07,31.0764102935791,31.223120975074465,31.016000981216486,31.0764102935791,561800
2012-08-08,29.93726348876953,30.170272285718173,29.81644484414309,30.006304595448164,887900
2012-08-09,29.7128849029541,29.954522179412827,29.643843799931048,29.954522179412827,487600
2012-08-10,29.48849868774414,29.540279504611817,29.117414355736944,29.281382004394093,901900
2012-08-13,29.29001235961914,29.462611801441742,29.22960304879031,29.246863322178623,411900
2012-08-14,29.29001235961914,29.471243584166167,29.22960304879031,29.428091254665112,289000
2012-08-15,29.38494300842285,29.497133142437374,29.298644931218217,29.428092047025167,240700
2012-08-16,30.299718856811523,30.299718856811523,29.885482145665726,29.99766899164262,496600
2012-08-17,30.040821075439453,30.213417234610745,30.006300526780908,30.204788743476467,306700
2012-08-20,30.118494033813477,30.196163630955205,30.014932376250453,30.1530112942734,197200
2012-08-21,29.626585006713867,29.97178062456245,29.55754390790768,29.937260075159354,364400
2012-08-22,29.272754669189453,29.43672563481658,29.10878699562316,29.290014944100776,673000
2012-08-23,29.678363800048828,29.868223537773847,29.592065714934325,29.842334770651682,485700
2012-08-24,30.014925003051758,30.049445547092756,29.695618200823198,29.730138744864195,423200
2012-08-27,29.626585006713867,29.902742817817046,29.600692948631153,29.8854825431155,472700
2012-08-28,29.781917572021484,29.807809627215317,29.505759791730306,29.583429373190974,652200
2012-08-29,29.963150024414062,30.204787269107545,29.781918798833395,30.204787269107545,284800
2012-08-30,28.910297393798828,29.272753273472258,28.901668902784984,29.16056642998896,367700
2012-08-31,28.72907257080078,28.936189298209943,28.565101595202417,28.78948189063354,392400
2012-09-04,28.10771369934082,28.280313153962407,27.935114244719234,28.194011780621224,661800
2012-09-05,27.287872314453125,27.33102135811271,27.072123804094176,27.16705202935137,970900
2012-09-06,27.900596618652344,27.93511387547179,27.39142839885191,27.4604678505819,751000
2012-09-07,28.418392181396484,28.427020672737303,28.2285324512906,28.340722591085967,472000
2012-09-10,27.874704360961914,28.159493949088933,27.848815595517898,28.142233674772687,419700
2012-09-11,28.616880416870117,28.66002945771693,28.40976041192028,28.556471101272415,502400
2012-09-12,29.324535369873047,29.42809372684206,29.082898106258416,29.212345229454478,869500
2012-09-13,30.429162979125977,30.429162979125977,29.583429365691096,29.764660583760328,1221400
2012-09-14,31.326679229736328,31.55968798758801,30.955591573757047,31.041892942624674,1137500
2012-09-17,30.37738609313965,31.0936693219166,30.30834500059896,31.0936693219166,518500
2012-09-18,30.86066436767578,30.90381670185048,30.69669669081897,30.85203587607738,357000
2012-09-19,31.102298736572266,31.249006108961076,31.041889431228608,31.110927226452688,366500
2012-09-20,30.455059051513672,30.593137959837673,30.386017951321246,30.524096859645248,212700
2012-09-21,30.65354347229004,30.90381249133726,30.61039443605511,30.869291945525138,351700
2012-09-24,29.686992645263672,29.799179486395655,29.57480251207109,29.592062785797687,726900
2012-09-25,29.4280948638916,29.87685215084426,29.41083788044733,29.678363920625745,368600
2012-09-26,28.40976333618164,28.496064718819206,28.211275094206947,28.40976333618164,1128500
2012-09-27,28.67728614807129,28.763587511038843,28.28893824486826,28.418388643289397,646600
2012-09-28,27.624435424804688,27.70210501348799,27.434578990737172,27.61580693364464,1253700
2012-10-01,28.18538475036621,28.39250476506077,28.04730583792349,28.263054344369053,434500
2012-10-02,28.66002655029297,28.918924061170735,28.4874271123543,28.82399749776191,502800
2012-10-03,27.417316436767578,28.297570604636828,27.244716999370784,28.271678549188014,1235900
2012-10-04,27.702104568481445,27.71936484258499,27.374167590665753,27.4432070410496,682200
2012-10-05,27.14978790283203,27.38279665601948,27.037599417610448,27.2101988598301,664900
2012-10-08,27.00308609008789,27.132534875455082,26.87363565869009,27.011714582552507,215200
2012-10-09,26.312685012817383,26.821851568707785,26.30405487590039,26.657882259345545,430700
2012-10-10,25.85529899597168,26.05378886346998,25.725850227450458,26.03652858872571,667500
2012-10-11,26.778703689575195,26.873631907711548,26.597474098532377,26.675143688117817,718700
2012-10-12,26.985824584960938,27.30513146459951,26.925415264274207,27.30513146459951,340400
2012-10-15,27.572656631469727,27.607175532620747,27.356908149677412,27.503617183137397,489500
2012-10-16,27.952375411987305,27.99552445400538,27.68484937623871,27.745258693476192,391100
2012-10-17,27.995525360107422,28.090455230856215,27.87470672172205,27.995525360107422,464000
2012-10-18,28.323463439941406,28.418393308760237,28.24579384654972,28.34072371536855,330900
2012-10-19,28.15949249267578,28.616878216187793,28.06456263487656,28.59098945208275,715700
2012-10-22,28.70318031311035,28.99659841830301,28.401133716027175,28.99659841830301,486400
2012-10-23,27.771146774291992,27.84881636483034,27.520877727883885,27.797035540451173,617700
2012-10-24,27.93511390686035,28.090453084934968,27.81429527770471,28.055932536015998,307500
2012-10-25,27.27060890197754,28.150861472014338,27.09800945513015,27.926484495555176,941500
2012-10-26,27.857446670532227,27.86607845452134,27.650329943647797,27.77977707493531,828800
2012-10-31,27.745256423950195,28.004153946942044,27.676215328720037,27.874703539415812,594500
2012-11-01,28.0904541015625,28.107714376646655,27.727998200977844,27.85744532601771,365300
2012-11-02,27.348281860351562,27.900599170742765,27.33965172234211,27.874707110683893,544600
2012-11-05,27.3223876953125,27.417317554353293,27.17567866135413,27.287868794044215,415900
2012-11-06,27.81429672241211,27.88333782383612,27.65032904462145,27.676217811624998,371400
2012-11-07,27.158422470092773,27.486361134603026,27.003084921990094,27.486361134603026,500300
2012-11-08,26.813222885131836,27.106640972092315,26.761443706853633,27.03760151904458,529600
2012-11-09,26.88226318359375,27.054862644656332,26.778704823780565,26.8995234589061,306800
2012-11-12,26.554325103759766,26.726922911778278,26.528434691843316,26.726922911778278,375100
2012-11-13,26.519805908203125,26.67514509557012,26.304057402644627,26.34720809137461,336500
2012-11-14,26.22638702392578,26.5715859393109,26.14008894110992,26.511174976897212,504500
2012-11-15,27.684850692749023,27.753888504848753,27.106642967616214,27.115273105636312,1336300
2012-11-16,28.616880416870117,28.77221959756729,28.263053014628948,28.6945500072187,1177100
2012-11-19,30.075340270996094,30.08397205474758,29.669735320321323,29.937261359520676,1508900
2012-11-20,29.48849868774414,29.55753977690104,29.229601187526416,29.514390742208143,756700
2012-11-21,29.825071334838867,29.850960099217758,29.661100381610996,29.71288120242936,1211200
2012-11-23,30.826147079467773,30.89518488837105,30.446427608286665,30.480948158768747,738100
2012-11-26,30.342864990234375,30.61902277121008,30.25656691820213,30.61902277121008,716100
2012-11-27,30.16164207458496,30.420539625753648,30.144381798898916,30.334241539384408,345600
2012-11-28,29.85096549987793,29.87685426894064,29.290018028403935,29.42809695017368,1050000
2012-11-29,30.16164207458496,30.291089204138817,29.97178233409947,30.09260097184079,480500
2012-11-30,30.360130310058594,30.41191113712214,30.222051396616788,30.291089207307206,434700
2012-12-03,31.024625778198242,31.18859340453817,30.990105238318296,31.093663565898257,2099300
2012-12-04,30.593135833740234,30.748475006316905,30.498205973603312,30.549986795149078,687200
2012-12-05,30.791624069213867,30.921074477150153,30.549986819264138,30.58450407492794,377100
2012-12-06,31.283531188964844,31.412981600364155,31.21449009166902,31.283531188964844,465400
2012-12-07,31.576948165893555,31.628728987057578,31.343939408746337,31.46475803273513,340900
2012-12-10,31.3870906829834,31.412982741440217,31.223123009040762,31.31805287524049,326500
2012-12-11,32.1292610168457,32.26733990278088,31.395717552576382,31.499275894012687,855700
2012-12-12,32.5003547668457,32.690214505320505,32.198308175691196,32.241457218418844,596700
2012-12-13,32.543495178222656,32.638425022282284,32.34500700067074,32.37952754252153,781800
2012-12-14,32.66432571411133,32.70747805321733,32.50898651110129,32.56076734279173,448000
2012-12-17,32.595279693603516,32.62116845690236,32.301861638661656,32.3277504019605,499800
2012-12-18,34.07100296020508,34.10552351053804,33.363348138683754,33.423757455735995,1292600
2012-12-19,34.97714614868164,35.33097356086493,34.89947655615063,35.23604698515893,1172700
2012-12-20,34.8045539855957,34.968521681113884,34.34716486936287,34.537024626744845,541900
2012-12-21,35.1670036315918,35.1670036315918,33.294308331276525,33.97607105308851,1037600
2012-12-24,34.21771240234375,34.27812171718788,34.122782538428474,34.20045212780818,281700
2012-12-26,33.82072830200195,34.06236882221564,33.70854147010808,33.82936008418476,360600
2012-12-27,33.28567886352539,33.43238955780752,33.0785621436765,33.190748995235936,790800
2012-12-28,33.42375946044922,33.54457810180025,33.251159990493,33.259791774624404,347300
2012-12-31,33.83799362182617,33.958812253925025,33.37197607624988,33.45827745064965,450100
2013-01-02,34.64057922363281,34.71824881663893,34.39894195297418,34.545649355285235,301700
2013-01-03,34.51975631713867,34.890843960912754,34.32989660393505,34.511127826566,594900
2013-01-04,33.87250900268555,34.03647665093263,33.656760537700286,33.708541354438466,429300
2013-01-07,33.26841354370117,33.786211848931394,32.88006563779361,33.665389939935395,1374700
2013-01-08,32.7506217956543,32.89732919025648,32.52624152006648,32.854180150200584,979300
2013-01-09,32.58665084838867,32.724729751862576,32.47446400260788,32.517613042682086,731800
2013-01-10,32.70747756958008,32.73336633901185,32.31912956779738,32.48309726096731,1806500
2013-01-11,32.9232292175293,33.13897776209486,32.88007687496696,33.095825419532524,868700
2013-01-14,33.044044494628906,33.27705329396521,33.00952394093586,33.27705329396521,379000
2013-01-15,32.89732360839844,32.93184415141017,32.68157515266539,32.76787651019472,309800
2013-01-16,32.01707077026367,32.526237277455024,31.715024237209605,31.766805053759004,645800
2013-01-17,32.62117004394531,33.0612987938009,31.982556376394896,32.09474321752149,1329000
2013-01-18,32.526241302490234,32.5693936343182,32.26734377182597,32.54350157680928,1258200
2013-01-22,31.3870906829834,31.620099456729772,31.18860245913889,31.47339205773807,1460100
2013-01-23,31.896255493164062,32.06885494098776,31.715027554376466,31.88762700220017,660800
2013-01-24,32.06022644042969,32.33638424004071,32.03433438342446,32.08611520537427,918300
2013-01-25,31.93077278137207,32.2759716417786,31.861731692466638,32.250079587408905,1088600
2013-01-28,31.42161750793457,31.68914688500973,31.35257968640448,31.66325482138214,1606500
2013-01-29,31.326679229736328,31.48201840163745,31.257641426702833,31.257641426702833,566200
2013-01-30,32.733360290527344,33.44101505543229,31.948035939617682,31.982556487188806,1189300
2013-01-31,31.5596923828125,31.88763104605931,31.4475022336905,31.809961449291936,767600
2013-02-01,31.43886947631836,31.533799336383908,30.972851958938747,31.04189305428119,849100
2013-02-04,30.43779945373535,30.782995086195854,30.403278902871023,30.774366594510234,507500
2013-02-05,31.369829177856445,31.464759040333472,31.197233019237167,31.257642333166054,1056100
2013-02-06,31.01599884033203,31.154077729352892,30.869291461023785,31.136820748778128,1314300
2013-02-07,30.325611114501953,30.644917998850502,30.075342043930416,30.60176895373223,870800
2013-02-08,30.049449920654297,30.17890033361883,29.93725978222242,29.980412114584432,282700
2013-02-11,30.37738609313965,30.506833203562707,30.299716510061618,30.489576222488022,600300
2013-02-12,30.213417053222656,30.411908560787275,30.17026801368888,30.377388012335974,881900
2013-02-13,30.37738609313965,30.39464636627482,30.170266107578072,30.368754310541817,1239900
2013-02-14,30.446428298950195,30.549989952745687,30.394650764113415,30.411911039745995,309500
2013-02-15,30.62765884399414,30.670807886054614,30.506836917339573,30.506836917339573,723700
2013-02-19,31.059152603149414,31.309418337772634,30.774363029600195,30.869292887449937,780200
2013-02-20,30.610393524169922,31.162709072468598,30.610393524169922,31.145448800076718,561400
2013-02-21,30.38601303100586,30.53272369912792,30.118487041232015,30.489574664525072,473800
2013-02-22,30.98147964477539,31.02462867762791,30.705321884047045,30.860657743904078,473000
2013-02-25,30.256572723388672,31.050525673010743,30.222052171128304,30.903818263995774,911300
2013-02-26,31.102298736572266,31.404345263290548,30.88655027689914,31.30078692442431,934400
2013-02-27,30.782995223999023,30.877925093270424,30.377390271740676,30.377390271740676,533200
2013-02-28,31.3870906829834,31.5855789068279,31.171342184187957,31.343941641636476,476600
2013-03-01,31.680509567260742,31.697769842644394,31.274904617958132,31.456132571395102,577400
2013-03-04,31.041898727416992,31.128196820306037,30.76574087969859,31.11956832784162,1148200
2013-03-05,31.335309982299805,31.43886832947519,31.214488069857936,31.214488069857936,329400
2013-03-06,31.3612003326416,31.507907724223617,31.274902254306376,31.43886991996757,395700
2013-03-07,31.085046768188477,31.257646240443794,31.050526215325192,31.136827597483407,400700
2013-03-08,30.83477783203125,30.981488536307275,30.549991499824227,30.92107921456454,714700
2013-03-11,31.948040008544922,31.991189052474017,31.43024160521272,31.438873389235155,750900
2013-03-12,31.697769165039062,31.861736839587234,31.533801490490895,31.861736839587234,607300
2013-03-13,31.0764102935791,31.24900973978398,30.912442630317805,31.050521528869584,394800
2013-03-14,31.335309982299805,31.39571929249049,31.136821778521774,31.171339032873234,190900
2013-03-15,31.352571487426758,31.378460252222713,31.1627117667614,31.1627117667614,245000
2013-03-18,30.99874496459961,31.136827174175515,30.938335643940686,30.99011647253165,293200
2013-03-19,31.49064826965332,31.68913646788817,31.300788561750245,31.551057578156954,273900
2013-03-20,31.853105545043945,31.939403620462276,31.628728573719954,31.697766375642505,284300
2013-03-21,31.740917205810547,32.12926515124476,31.740917205810547,31.93940542413009,358600
2013-03-22,32.11200714111328,32.12063892498755,31.95666795198604,31.982560011547896,181600
2013-03-25,31.637359619140625,31.93940619955547,31.482020437195615,31.904888941837218,544700
2013-03-26,32.034339904785156,32.06886045870157,31.879000704222488,31.930781535097115,300100
2013-03-27,32.09474563598633,32.155154952548294,31.80132754465927,31.930777961326825,244500
2013-03-28,31.663246154785156,31.715026975805834,31.516538766650783,31.67187793765223,229100
2013-04-01,30.73984718322754,31.05915735246859,30.584507990640287,31.050525568402048,344000
2013-04-02,30.282461166381836,30.368759254045028,30.196163078718644,30.316981718271524,534700
2013-04-03,29.894113540649414,30.282461523839938,29.833704220159895,30.25657275564759,621500
2013-04-04,30.43779945373535,30.57587836513174,29.557545159060545,29.920001066953212,1351100
2013-04-05,29.9113712310791,29.989040821002977,29.376315884970598,29.38494437626846,733000
2013-04-08,30.282461166381836,30.386019529989873,29.850964143943827,29.92863373966511,750000
2013-04-09,30.55861473083496,30.662173079984353,30.213415844256232,30.44642459888779,790800
2013-04-10,31.27490234375,31.533799871556766,31.05915385523425,31.05915385523425,635700
2013-04-11,32.34501266479492,32.448571016421916,31.84447788854723,32.034334317853286,804600
2013-04-12,31.809953689575195,32.017070369056796,31.645982751920307,31.999813389150216,283000
2013-04-15,31.948040008544922,32.31049592802254,31.887630688631987,32.18967728819667,657700
2013-04-16,32.14652633666992,32.189675378038515,31.92214934631671,32.12063757026093,310200
2013-04-17,32.85417175292969,33.13896127021791,32.01706676314781,32.172405901294134,1095600
2013-04-18,32.388160705566406,32.63842973200832,32.24145331962079,32.560760147666365,500300
2013-04-19,32.7506217956543,32.802399326897074,32.457203714389195,32.603911108991376,567400
2013-04-22,32.90595626831055,33.0354033699687,32.621166718954136,32.7937661465586,247900
2013-04-23,33.53594970703125,33.56183847537842,33.15623021361363,33.20801104236906,522700
2013-04-24,31.835847854614258,33.095818293491256,31.318052775970806,33.052669252281106,1338100
2013-04-25,31.43886947631836,31.620097413501338,31.17997195290545,31.257641539135385,570200
2013-04-26,31.30078887939453,31.447496260946327,31.205859024479633,31.24037957027786,325000
2013-04-29,31.49928092956543,31.60283928755683,31.309421196530497,31.31805298006527,335900
2013-04-30,31.0764102935791,31.1454513888853,30.83477304412864,30.95559166885387,1495300
2013-05-01,30.31698226928711,30.619028873659047,30.28246171677001,30.619028873659047,1509000
2013-05-02,30.575878143310547,30.7139570537052,30.403278682302002,30.662176227784368,659800
2013-05-03,30.877925872802734,30.955595468525523,30.748478741305437,30.79162778513787,305000
2013-05-06,30.85203742980957,31.03326539105086,30.81751687755569,30.88655798206345,338600
2013-05-07,30.575878143310547,30.619027185547456,30.42916744923197,30.42916744923197,260200
2013-05-08,30.912446975708008,30.972856296562416,30.59314009518313,30.644917631880574,526400
2013-05-09,30.567243576049805,30.705325765931036,30.35149509245128,30.46368522569948,586700
2013-05-10,30.498205184936523,30.55861449581412,30.308345469572345,30.386015053852187,667900
2013-05-13,30.877925872802734,30.955595468525523,30.73121846536026,30.860665596857555,280100
2013-05-14,31.335309982299805,31.44749682004793,31.076409176270587,31.076409176270587,499500
2013-05-15,31.680509567260742,31.715030118028043,31.55106243997473,31.56832271535838,263900
2013-05-16,31.663246154785156,31.913515184960886,31.620097116631552,31.861734363940208,262100
2013-05-17,32.01707077026367,32.05159131462994,31.809954088186686,31.930772701408312,454400
2013-05-20,31.965299606323242,32.02570892495448,31.835849185221473,32.02570892495448,192000
2013-05-21,32.051597595214844,32.1810480159243,31.896258407187876,31.956667725636034,334400
2013-05-22,32.58665084838867,33.268416874567656,32.526241533872636,32.836919889704106,560200
2013-05-23,32.13789749145508,32.14652598280948,30.938333085423196,31.49065200186831,597100
2013-05-24,31.249013900756836,31.41298487791236,30.990116343006235,31.1799760883185,409700
2013-05-28,31.464763641357422,31.792702316397083,31.300795949868185,31.542433240917838,358100
2013-05-29,30.670804977416992,30.739842779754436,30.31697759877859,30.610395665849016,467500
2013-05-30,30.98147964477539,31.421605047167382,30.843400764411218,30.843400764411218,1038900
2013-05-31,29.583433151245117,29.95452083316375,29.531655618365857,29.868222750324417,1114000
2013-06-03,28.89303970336914,29.134676978092326,28.219905414034,29.048378891994318,1051500
2013-06-04,29.66973304748535,30.04944920193954,29.54028263761698,29.825072222503128,446900
2013-06-05,28.565099716186523,28.918927119958305,28.487430125501945,28.75495944720678,392300
2013-06-06,28.427019119262695,28.521948979127927,27.952373111997147,28.409758845463504,561900
2013-06-07,28.89303970336914,29.031118616362527,28.245794181451206,28.49606324002077,408500
2013-06-10,28.616880416870117,29.108786725057573,28.582359867368343,29.08289795896164,529900
2013-06-11,27.900596618652344,28.11634511106236,27.693476617432005,27.92648538428211,707900
2013-06-12,28.470169067382812,28.87577394551024,28.30619812604205,28.798104365943654,620600
2013-06-13,29.29001235961914,29.359053453172393,28.74632856215967,29.005226078863302,614800
2013-06-14,28.202646255493164,28.625511503008195,28.14223693441959,28.530584921364785,263000
2013-06-17,28.634140014648438,28.944818368697682,28.45291207213995,28.677289054475118,367900
2013-06-18,28.962080001831055,29.0828986358384,28.832629584216978,29.065638360685796,418400
2013-06-19,28.82400131225586,29.410837503671434,28.789480761687674,29.376316953103245,628700
2013-06-20,27.93511390686035,28.323461852046886,27.702105139748433,28.3062015775874,788500
2013-06-21,28.90167236328125,28.962081683793173,28.357985186612908,28.858520026863253,857800
2013-06-24,28.487430572509766,28.668661814991427,28.168123713378716,28.427021255702837,363100
2013-06-25,28.616880416870117,28.677289732467816,28.40976041192028,28.565099592617457,286900
2013-06-26,28.478801727294922,28.521950768469566,28.314834054006937,28.478801727294922,297000
2013-06-27,28.444276809692383,28.66002527449659,28.392499285057973,28.61687623994781,614000
2013-06-28,28.366609573364258,28.660027641412608,28.107712052629967,28.14223259994403,431100
2013-07-01,28.237163543701172,28.47880080006044,28.17675422961136,28.254423818021223,448000
2013-07-02,29.022489547729492,29.462615045378982,28.927559679671926,29.10015914049833,450500
2013-07-03,28.72907257080078,28.806742166594475,28.357984867793256,28.67729174291798,198000
2013-07-05,28.99659538269043,29.065636478830772,28.763589913368424,29.065636478830772,109800
2013-07-08,28.67728614807129,28.823996819085938,28.651397385211215,28.67728614807129,204500
2013-07-09,28.82400131225586,28.95344843879521,28.75496021111949,28.875778846047243,155700
2013-07-10,28.875776290893555,29.03974724555256,28.772217940413544,28.849887526288704,88200
2013-07-11,29.160566329956055,29.220975643027728,28.918925785608693,29.048376194796944,122800
2013-07-12,29.367685317993164,29.367685317993164,29.169197089313347,29.27275544948088,314100
2013-07-15,29.462615966796875,29.540285561994764,29.376317879715224,29.462615966796875,83800
2013-07-16,29.928627014160156,30.032185354496754,29.83369716382649,29.937255504163087,193400
2013-07-17,29.566171646118164,29.807812193723965,29.48850205797,29.712882331313907,144800
2013-07-18,29.661100387573242,29.833699831608577,29.592062585195453,29.661100387573242,165000
2013-07-19,29.497133255004883,29.540282293771863,29.341794081795232,29.37631462963307,121700
2013-07-22,29.445354461669922,29.445354461669925,29.212345685804017,29.315907336451662,197300
2013-07-23,29.79918098449707,29.85959029954683,29.617953039347782,29.617953039347782,392000
2013-07-24,27.52950668334961,28.159493518005565,27.09800970823118,28.159493518005565,1546400
2013-07-25,27.857446670532227,27.883338730438545,27.564030210092277,27.693478987410302,1213500
2013-07-26,27.486358642578125,28.107713716745895,27.279240284522203,27.50361891725705,903400
2013-07-29,27.175678253173828,27.382796595763484,27.098008668948925,27.218828936648922,577600
2013-07-30,26.554325103759766,26.78733387291666,26.50254427992687,26.597474144256797,719500
2013-07-31,26.614736557006836,26.770075748924196,26.554327237045754,26.614736557006836,423200
2013-08-01,27.132532119750977,27.30512993403387,27.028972114356886,27.244720616733336,456000
2013-08-02,27.356908798217773,27.39142770018712,27.020340039342255,27.12390003731095,251200
2013-08-05,27.762516021728516,27.83155712346434,27.572659576076855,27.67621793661966,239900
2013-08-06,28.07319450378418,28.090454779284762,27.814296955397317,27.969636142841622,601700
2013-08-07,27.762516021728516,28.047305628297394,27.66758944493315,27.943747267754585,262800
2013-08-08,27.86607551574707,28.090452494885763,27.753885380147384,28.047303455673784,318600
2013-08-09,27.356908798217773,27.624434815063616,27.305127976218262,27.624434815063616,343700
2013-08-12,27.909225463867188,27.961006287844288,27.831555873931922,27.848816148590956,198600
2013-08-13,28.116344451904297,28.159493490962568,27.805666103387683,28.081823903833413,267600
2013-08-14,27.5208740234375,27.581283331051402,27.348276236830667,27.538134295907238,352800
2013-08-15,27.331018447875977,27.43457844607451,27.210199821669626,27.313758173837833,152900
2013-08-16,27.080751419067383,27.253350880177592,27.063492789780724,27.175681287281044,128900
2013-08-19,26.84774398803711,27.167050847702807,26.813223437786526,27.011711663636063,154700
2013-08-20,26.701032638549805,26.804590988308696,26.6147329163972,26.657881954458357,362800
2013-08-21,26.459396362304688,26.666514728334747,26.381726769289607,26.666514728334747,170300
2013-08-22,26.3558349609375,26.51980261968766,26.33857468758582,26.485283719014564,277100
2013-08-23,26.407617568969727,26.52843620608203,26.381727155575458,26.416247706767816,211100
2013-08-26,26.278167724609375,26.47665594779608,26.243647174821906,26.355837315600766,337200
2013-08-27,26.304058074951172,26.33857862681747,26.19186957344673,26.200499711413304,491100
2013-08-28,26.235017776489258,26.407617238228383,26.09693886551014,26.1746084586897,384400
2013-08-29,26.00200653076172,26.165975839258994,25.950227355563218,25.984747903049087,196700
2013-08-30,25.803516387939453,25.932965139254215,25.734476944169568,25.91570651283438,252300
2013-09-03,27.05486297607422,27.11527229437699,26.9340426934382,27.11527229437699,1090200
2013-09-04,27.261978149414062,27.322387460637415,27.046229668741923,27.141159526967353,536200
2013-09-05,26.830482482910156,26.908152071382887,26.709663854632733,26.830482482910156,325000
2013-09-06,26.91678237915039,27.080750048271746,26.839112790185386,27.011710596528445,363700
2013-09-09,27.417316436767578,27.434576709713305,27.21019809950956,27.348276991014906,235400
2013-09-10,27.658954620361328,27.693475167434052,27.53813599766736,27.633065856087068,541100
2013-09-11,27.22745704650879,27.322386902796037,27.02896884339022,27.106638426528832,399900
2013-09-12,27.443208694458008,27.572659112003443,27.36553910234292,27.50361965746008,1237600
2013-09-13,27.658954620361328,27.7797732430553,27.512245587362816,27.7797732430553,242100
2013-09-16,27.969636917114258,28.04730651298651,27.866078553304934,27.952376641135867,391300
2013-09-17,28.228532791137695,28.25442484959345,28.012784292351146,28.012784292351146,472200
2013-09-18,28.461538314819336,28.530579406736354,27.736623309992954,27.900594257265638,380800
2013-09-19,27.460464477539062,27.943742226317053,27.38279489812939,27.857440864717233,508500
2013-09-20,27.693477630615234,27.961006956133247,27.676217355543667,27.866077089270053,266600
2013-09-23,27.891963958740234,27.909224232637825,27.727996294804093,27.900595741719346,217800
2013-09-24,27.572656631469727,27.693475254543728,27.40005718762376,27.615805669416073,186100
2013-09-25,27.253347396850586,27.46046573609219,27.227456987184045,27.43457697245589,189200
2013-09-26,27.67621421813965,27.771144074241498,27.589914498595263,27.615804908267652,130600
2013-09-27,27.581289291381836,27.6934794406493,27.42595174367622,27.589919429481682,140300
2013-09-30,27.615806579589844,27.615806579589844,27.417318364846324,27.555397266061846,412900
2013-10-01,27.244720458984375,27.503619647955336,27.2015714171711,27.331020188641364,306000
2013-10-02,27.080751419067383,27.123902107360163,26.93404237093284,27.080751419067383,155100
2013-10-03,27.460464477539062,27.60717350019842,27.374164761969407,27.50361515833897,180300
2013-10-04,27.598546981811523,27.624435747654946,27.494988626377058,27.52950752951175,101300
2013-10-07,27.408689498901367,27.55539854400059,27.356910320051764,27.400059361421363,281300
2013-10-08,27.14978790283203,27.37416651930547,27.11526900200626,27.322387345051684,339600
2013-10-09,27.762516021728516,27.797036572596426,27.27924147782146,27.503620120371494,340200
2013-10-10,26.934040069580078,27.848814830859524,26.916781441768066,27.736624696914728,1001900
2013-10-11,27.5208740234375,27.555394568376975,27.218827485367996,27.227455975572685,337900
2013-10-14,27.469097137451172,27.58128562577804,27.425948098717065,27.443206726592518,251300
2013-10-15,27.3223876953125,27.417317554353293,27.227457836271704,27.34827810578643,133000
2013-10-16,27.451839447021484,27.451839447021484,27.236090940986355,27.2706114920466,132400
2013-10-17,27.684850692749023,27.684850692749023,27.18431256376656,27.201572839806754,242600
2013-10-18,27.8056640625,27.83155282562264,27.71073420830309,27.745254753840225,164700
2013-10-21,28.150861740112305,28.2544233844434,27.952373526568703,28.047303387841875,286100
2013-10-22,28.31483268737793,28.478800352751936,28.194010769035298,28.27168035622523,173500
2013-10-23,27.684850692749023,28.228534573740404,27.469100534307657,28.081827165490328,591000
2013-10-24,27.840185165405273,28.461541902746237,27.607178034932847,27.61580817251041,1046000
2013-10-25,27.503618240356445,27.68484782796407,27.400058240862037,27.598546456693438,512800
2013-10-28,28.03004264831543,28.09045196047507,27.771145125908316,27.952373062387235,697800
2013-10-29,27.650327682495117,27.79703507770259,27.581286584472245,27.745257546246187,343800
2013-10-30,27.425949096679688,27.866076221110053,27.356909644574753,27.61580717846067,915100
2013-10-31,27.244720458984375,27.365539092885896,27.184311142033614,27.331020188641364,873800
2013-11-01,27.296499252319336,27.296499252319336,27.028971575593637,27.210201169913272,659400
2013-11-04,27.27060890197754,27.348278488455833,27.063490553378863,27.31375794067423,294000
2013-11-05,26.934040069580078,27.20156937604517,26.865000620241094,26.951300343422403,322500
2013-11-06,27.175678253173828,27.192938526563864,26.86499991627421,27.192938526563864,677000
2013-11-07,26.942672729492188,27.192941785550882,26.942672729492188,27.167051372362945,382500
2013-11-08,27.21883201599121,27.2360906453035,27.046232554624705,27.098011734622478,186600
2013-11-11,27.115270614624023,27.192940203639058,26.847742944700222,27.00308212273029,338000
2013-11-12,27.21883201599121,27.287871471331723,27.098011734622478,27.158421052291615,172200
2013-11-13,27.555400848388672,27.589919755165,27.236092319047263,27.348282469639063,231400
2013-11-14,27.684850692749023,27.84881837703929,27.58128903650787,27.62443808057783,246000
2013-11-15,28.0904541015625,28.0904541015625,27.88333738467437,27.926486426354327,167300
2013-11-18,28.03004264831543,28.254422915246042,27.986893609924348,28.254422915246042,262100
2013-11-19,28.004154205322266,28.090452283095573,27.857443522634867,28.04730324420892,263700
2013-11-20,27.8056640625,28.03004102437053,27.7538832441943,28.03004102437053,164700
2013-11-21,27.909225463867188,28.038675877779554,27.909225463867188,28.030044094419647,126500
2013-11-22,28.081825256347656,28.185383613487357,27.99552388201389,28.012784156880645,188700
2013-11-25,28.237163543701172,28.357982171880806,28.150862172100926,28.211271486190743,412500
2013-11-26,27.995525360107422,28.245794420797694,27.917855765136682,28.133604274270848,269700
2013-11-27,28.625511169433594,28.746333102233894,28.366613611840773,28.366613611840773,799400
2013-11-29,28.754959106445312,28.95344732649575,28.513321845872742,28.720438557203295,205500
2013-12-02,28.349349975585938,28.858516538395367,28.280312171372465,28.54784148134375,207100
2013-12-03,28.09908676147461,28.159496080122732,27.961007848555905,28.00415689158157,792300
2013-12-04,28.133602142333984,28.194011456948914,27.917853649549027,27.98689474742937,404500
2013-12-05,27.296499252319336,27.69347734471495,27.218831307359963,27.598547478831787,598900
2013-12-06,27.797035217285156,27.874704806920526,27.710737136383973,27.874704806920526,606200
2013-12-09,27.771146774291992,27.90059718920951,27.727997733339752,27.805667323878104,398100
2013-12-10,27.67621421813965,27.75388380112657,27.633065181382577,27.727995037484426,177100
2013-12-11,27.443208694458008,27.745258571377065,27.434580202916717,27.710738021090165,227100
2013-12-12,27.4949893951416,27.63306830360185,27.434580078444046,27.589917615939004,263700
2013-12-13,27.313758850097656,27.512247068359684,27.261979672731556,27.477728165459073,232900
2013-12-16,27.425949096679688,27.529507451821907,27.400058684878946,27.400058684878946,262300
2013-12-17,27.33964729309082,27.460465913588465,27.31375688325693,27.451835776977166,733300
2013-12-18,27.857446670532227,27.90059900635575,27.451840062660953,27.693478987410302,276400
2013-12-19,27.408689498901367,27.53813826904058,27.33965004509176,27.39142922394136,262600
2013-12-20,27.443208694458008,27.63306842897508,27.443208694458008,27.520878286573094,372200
2013-12-23,27.727994918823242,27.848813538050198,27.53813520743205,27.615804790086585,237700
2013-12-24,27.702104568481445,27.857443743352686,27.702104568481445,27.79703443002061,124400
2013-12-26,27.374168395996094,27.598547027852256,27.331019355498146,27.58991689054659,346700
2013-12-27,27.296499252319336,27.520877887842,27.22745979877624,27.356910214446156,293000
2013-12-30,27.486358642578125,27.572658369942356,27.408689052553356,27.460468230559737,364000
2013-12-31,27.615806579589844,27.63306685374937,27.44320713005527,27.451837267135033,243600
2014-01-02,27.253347396850586,27.572655865283625,27.227456987184045,27.48635614575873,293200
2014-01-03,27.244720458984375,27.365539092885896,27.218831692308584,27.35691060134759,172600
2014-01-06,27.331018447875977,27.408688035017295,27.244718723715586,27.365537349921937,314400
2014-01-07,27.261978149414062,27.313757323886897,27.141159526967353,27.29649705038586,320200
2014-01-08,26.701032638549805,27.35690822246719,26.64062332685207,27.35690822246719,1009400
2014-01-09,26.925413131713867,26.951301897940276,26.79596271646021,26.951301897940276,421400
2014-01-10,26.84774398803711,26.873632754694608,26.675144528845074,26.795963162661238,285600
2014-01-13,26.606101989746094,26.839110738831906,26.58021158005981,26.839110738831906,519500
2014-01-14,26.865001678466797,26.908152364772334,26.3644652395352,26.657883322291347,588600
2014-01-15,26.640625,26.839113221195714,26.623364725279398,26.718292944181908,486200
2014-01-16,26.631994247436523,26.67514328721088,26.46802493343933,26.46802493343933,645500
2014-01-17,26.942672729492188,27.115272192017528,26.830484231072045,26.856374644259983,1071900
2014-01-21,26.58884620666504,26.770075813012667,26.468027566453635,26.75281553697375,396000
2014-01-22,26.75281524658203,26.890894161333563,26.649255237503134,26.761445384507816,284900
2014-01-23,26.47665786743164,26.614736784531814,26.3903581327364,26.614736784531814,349100
2014-01-24,26.105566024780273,26.398984088642045,26.105566024780273,26.364463541820534,563400
2014-01-27,25.898448944091797,26.10556729702388,25.72584949363322,26.088307022771954,341700
2014-01-28,25.79488754272461,25.88981739992067,25.725848095499366,25.79488754272461,220000
2014-01-29,25.717222213745117,26.29542829718182,25.682703307436487,25.889821683379864,489200
2014-01-30,25.648181915283203,25.769002198483648,25.32887504675388,25.579142458896015,1140500
2014-01-31,25.173534393310547,25.320243435348875,25.04408562587211,25.061345900472006,559300
2014-02-03,25.000934600830078,25.36339213236782,24.95778556094502,25.190794326797217,426300
2014-02-04,25.277095794677734,25.372024018173327,24.914638238159668,24.98367769435213,964300
2014-02-05,24.97504234313965,25.095860954748474,24.854222085500695,25.000931105038607,470000
2014-02-06,24.940526962280273,25.009566418353206,24.742038731824408,24.75929900735026,432200
2014-02-07,25.346132278442383,25.415171726538357,25.199423245484653,25.2339421465175,213000
2014-02-10,25.372024536132812,25.561884279060862,25.311615216484984,25.475584545550884,263000
2014-02-11,25.527360916137695,25.630920914151602,25.449691329134843,25.518730779134007,188100
2014-02-12,25.596397399902344,25.682697113908052,25.51009768589664,25.579137127895176,154400
2014-02-13,25.674070358276367,25.682700495416235,25.449691730730812,25.475582142150422,140200
2014-02-14,25.74310874938965,25.9329668205583,25.587769579328807,25.665439164359228,351600
2014-02-18,26.821853637695312,26.865002679578403,26.597474998636283,26.631995548967105,784700
2014-02-19,26.37309455871582,26.692403043350495,26.364464421722413,26.614733456440177,213500
2014-02-20,26.191869735717773,26.329948651977404,26.096939863527833,26.31268837593732,126800
2014-02-21,26.157346725463867,26.338576314792398,26.157346725463867,26.321316040374374,107800
2014-02-24,26.459396362304688,26.57158650600667,26.45076622463296,26.49391691299159,225900
2014-02-25,26.69240379333496,26.821852559812545,26.597473929770562,26.60610406700645,241500
2014-02-26,26.58884620666504,26.709666492906965,26.450767290414714,26.5974763446845,168500
2014-02-27,26.70966339111328,26.726922019117435,26.53706394282909,26.61473352995394,136200
2014-02-28,26.942672729492188,27.089381778829587,26.79596368015479,26.856374644259983,472300
2014-03-03,26.17460823059082,26.5974750975331,26.019269045585403,26.364466320024974,498300
2014-03-04,26.744184494018555,26.795963674352755,26.67514503822946,26.761444769473442,253800
2014-03-05,26.502544403076172,26.64925344589033,26.442135087687472,26.64925344589033,227300
2014-03-06,26.554325103759766,26.683773871281247,26.519804554537835,26.588844006951316,191200
2014-03-07,26.407617568969727,26.58884552463818,26.321317837019304,26.57158689507248,238100
2014-03-10,26.157346725463867,26.338576314792398,26.08830727382213,26.321316040374374,314300
2014-03-11,25.90707778930664,26.157345169358084,25.889817515915432,26.14871503266248,182200
2014-03-12,25.950227737426758,25.984748285420608,25.820778974510485,25.898448561466314,123400
2014-03-13,25.79488754272461,26.174605325478588,25.70858946821575,26.14871491550777,208500
2014-03-14,25.682701110839844,25.77763097562282,25.587771246056864,25.630921932790216,150000
2014-03-17,25.881189346313477,26.010638114525722,25.794889618828517,25.80351975618005,167800
2014-03-18,25.85529899597168,25.94159872366263,25.743110502194728,25.794889680397137,277400
2014-03-19,25.85529899597168,26.00200803923717,25.725850227450458,25.932968586290492,168200
2014-03-20,25.61366081237793,25.639549577532744,25.432431226142533,25.51873095072937,151700
2014-03-21,25.535991668701172,25.803519338143044,25.52736153148945,25.648180160392805,125200
2014-03-24,25.820781707763672,25.872560889205193,25.665442517408618,25.78626115611566,130300
2014-03-25,25.950227737426758,26.053787735377973,25.863928013472467,26.010637050385665,230300
2014-03-26,26.278167724609375,26.381726081910955,26.07967785539226,26.14871730893678,501500
2014-03-27,26.58021354675293,26.657883135528373,26.39898560363047,26.528434369579422,170700
2014-03-28,26.666513442993164,26.804592347024386,26.614734265489048,26.718292620497277,128200
2014-03-31,26.804594039916992,26.93404281486804,26.71829430793947,26.839114591120193,275600
2014-04-01,26.545696258544922,26.56295653399602,26.41624748472263,26.51980584536828,270000
2014-04-02,26.830482482910156,26.89952193421588,26.675143305964696,26.718292345769388,124100
2014-04-03,26.813222885131836,26.86500206341004,26.649253566882063,26.83048315990137,119900
2014-04-04,26.718292236328125,27.046230863209793,26.66651305956852,26.985821549318526,185300
2014-04-07,26.64925193786621,26.795960972378417,26.614733036467616,26.683772485295105,133500
2014-04-08,26.416244506835938,26.60610257730402,26.416244506835938,26.60610257730402,218700
2014-04-09,26.873632431030273,26.873632431030273,26.606104753932094,26.70103461994743,137000
2014-04-10,26.424875259399414,26.80459140918457,26.390354711584227,26.787332781307292,139800
2014-04-11,26.614736557006836,26.744185334927796,26.528436823049358,26.657885600970317,233800
2014-04-14,26.839111328125,26.934039540331842,26.675142021905504,26.718291059633135,163100
2014-04-15,26.64925193786621,26.77870234469427,26.442133591383737,26.77870234469427,139400
2014-04-16,27.391427993774414,27.44320717029858,26.709663623776816,26.86500115334931,834800
2014-04-17,27.184309005737305,27.348278314596904,27.037599970658782,27.270608728612373,635600
2014-04-21,27.123899459838867,27.26197835683719,26.761441943710697,27.046229874523522,243400
2014-04-22,27.05486297607422,27.080751743329422,26.959933106723877,27.028972562788542,235100
2014-04-23,26.985824584960938,27.098013088231927,26.97719444685847,27.072124319955062,170100
2014-04-24,27.115270614624023,27.18431006641179,26.847742944700222,27.18431006641179,193000
2014-04-25,26.91678237915039,27.037601008193572,26.88226183026356,26.9944519681154,149000
2014-04-28,26.99445152282715,27.046230699272904,26.830482210380193,26.959930974509753,468800
2014-04-29,26.95130157470703,27.17568020681717,26.91678267147568,27.149789794870866,607000
2014-04-30,26.99445152282715,27.089379738639312,26.890891523905296,26.9858213857478,471400
2014-05-01,27.184309005737305,27.218829553299454,27.089379145971698,27.149788458175156,210900
2014-05-02,27.279239654541016,27.400058282442544,27.19293992916977,27.30512841993114,152600
2014-05-05,27.253347396850586,27.253347396850586,27.11526850402285,27.227456987184045,130500
2014-05-06,27.210201263427734,27.28787085468445,27.13253167217102,27.24472016730271,127900
2014-05-07,27.028972625732422,27.089381944175873,26.88226357549955,27.00308385841693,184700
2014-05-08,27.572656631469727,27.710735528134382,27.512245673902434,27.607175532620747,297100
2014-05-09,27.607177734375,27.676217188213432,27.443208414247323,27.486359101665354,284700
2014-05-12,27.86607551574707,27.883335789843994,27.719364831953534,27.805666202438164,162600
2014-05-13,27.91785430908203,27.943746367429206,27.73662636095591,27.874705267917836,226400
2014-05-14,27.891963958740234,28.064563405655488,27.85744341094506,27.85744341094506,271800
2014-05-15,27.995525360107422,28.06456646321963,27.86607822986352,27.969636592470838,287000
2014-05-16,28.18538475036621,28.194013242117215,28.030045562360527,28.064566113486446,197700
2014-05-19,28.31483268737793,28.332092961426877,28.16812200399221,28.185382278041157,148000
2014-05-20,28.263051986694336,28.383870613495535,28.211271164324963,28.383870613495535,173900
2014-05-21,28.211271286010742,28.263052108603468,28.150861972349578,28.211271286010742,180400
2014-05-22,28.228532791137695,28.306202382383287,28.176755258347857,28.25442484959345,122500
2014-05-23,27.96100425720215,28.08182287898027,27.71936372158537,28.03867384149673,332300
2014-05-27,28.03004264831543,28.03004264831543,27.65895499244301,27.71936430460265,223400
2014-05-28,28.202646255493164,28.297576129197665,28.021418292272436,28.021418292272436,174400
2014-05-29,28.332094192504883,28.34072268387395,28.099085420810457,28.306202134276077,128000
2014-05-30,28.504688262939453,28.521948536470767,28.34072060248284,28.35798087601415,160000
2014-06-02,28.40976333618164,28.565102532868124,28.366614290893427,28.565102532868124,259100
2014-06-03,28.427019119262695,28.427019119262695,28.202642143994463,28.37524158992574,199500
2014-06-04,28.383872985839844,28.427022028723748,28.202645030490885,28.25442585718814,235600
2014-06-05,28.461538314819336,28.47879858779859,28.306199150066508,28.392500514962776,104200
2014-06-06,28.427019119262695,28.427019119262695,28.25442296539203,28.36660980699584,1533100
2014-06-09,28.418392181396484,28.444280947479726,28.357982865828394,28.392503415313247,157800
2014-06-10,28.349349975585938,28.392502306787605,28.280312171372465,28.383870523723004,135000
2014-06-11,28.15949249267578,28.332091934850677,28.150860709933735,28.332091934850677,98500
2014-06-12,28.487430572509766,28.59962071460587,28.427021255702837,28.444281530799223,217200
2014-06-13,28.72043800354004,28.78947910069312,28.521949787315993,28.573730610180807,196500
2014-06-16,28.694549560546875,28.746330383993488,28.55647065674998,28.729070109511284,97500
2014-06-17,28.772218704223633,28.780847195300776,28.6255080194267,28.6255080194267,133600
2014-06-18,28.910297393798828,28.953446432989377,28.67728863169705,28.72906945396211,91800
2014-06-19,29.082895278930664,29.09152376948058,28.87577529306724,29.04837473261001,211200
2014-06-20,29.091524124145508,29.18645398165438,28.944816738584908,28.970705502610773,215300
2014-06-23,28.884408950805664,29.0052275787108,28.82399963685309,28.970707030149132,143900
2014-06-24,28.884408950805664,29.06563689266337,28.84988840224399,29.0311163441017,102500
2014-06-25,28.590993881225586,28.677291969651538,28.375245368099655,28.590993881225586,183300
2014-06-26,28.340723037719727,28.409760845716633,28.271681937661977,28.383872079225398,298800
2014-06-27,28.14223289489746,28.15086138578612,27.857443314662508,28.064563308657075,364700
2014-06-30,28.263051986694336,28.297572534940585,28.124973085770012,28.176753908139386,411400
2014-07-01,28.40976333618164,28.530585271874234,28.323465245605213,28.323465245605213,274000
2014-07-02,28.306201934814453,28.38387152483196,28.219903853488685,28.306201934814453,189900
2014-07-03,28.150861740112305,28.202642562277852,28.08182393595224,28.090452426949497,182600
2014-07-07,27.986892700195312,28.064562283598814,27.94374366320681,27.986892700195312,232700
2014-07-08,28.03867530822754,28.10771311340053,28.021415033919116,28.073192564783678,196700
2014-07-09,28.14223289489746,28.2285309720265,28.064563308657075,28.12497262105953,139600
2014-07-10,28.694549560546875,28.893037779001112,27.61580709586466,27.684848193793478,757900
2014-07-11,28.55647087097168,28.68592128452894,28.504690047136624,28.599619911470512,197200
2014-07-14,28.72907257080078,28.78085010662256,28.67729174291798,28.67729174291798,192500
2014-07-15,28.711811065673828,28.78948065814245,28.625509689563756,28.737699832476405,135600
2014-07-16,28.910297393798828,29.00522725525444,28.832627806431567,28.88440862869663,234800
2014-07-17,28.668663024902344,28.979341405627267,28.634142473252684,28.91030030232795,211600
2014-07-18,28.962080001831055,29.005229043682125,28.82400109267111,28.82400109267111,99800
2014-07-21,28.90167236328125,28.962081683793173,28.798110706351334,28.962081683793173,88900
2014-07-22,29.0570068359375,29.108787661856603,28.91892792554746,28.970708751466564,143800
2014-07-23,28.89303970336914,29.005229848945316,28.884411211583725,28.962080805896314,151000
2014-07-24,29.100160598754883,29.264128284123164,28.867151808771915,29.04837977029387,112200
2014-07-25,29.022489547729492,29.281387092938655,28.953448446574573,29.281387092938655,206100
2014-07-28,29.143308639526367,29.30727631924824,28.936188624875783,29.022490002672257,553800
2014-07-29,29.00522804260254,29.195087770667516,29.00522804260254,29.143306946996862,383900
2014-07-30,28.875776290893555,28.996594915130334,28.858516017136786,28.987966424282252,531100
2014-07-31,28.29757308959961,28.608251445784095,28.29757308959961,28.608251445784095,591600
2014-08-01,28.504688262939453,28.565097574268766,28.366609366749525,28.392501423076773,259500
2014-08-04,28.737695693969727,28.754955966706095,28.52194722285575,28.5996168041392,206600
2014-08-05,28.357980728149414,28.565097425324076,28.314831690576405,28.565097425324076,140200
2014-08-06,28.366609573364258,28.4442791587906,28.28031149713969,28.28031149713969,107700
2014-08-07,28.288942337036133,28.565100154359445,28.228533020250463,28.556471662844718,123000
2014-08-08,28.52195167541504,28.530583459160937,28.263054128073875,28.288942895189713,162000
2014-08-11,28.547842025756836,28.642768596853045,28.46154065376838,28.547842025756836,371500
2014-08-12,28.504688262939453,28.55646908353339,28.392501423076773,28.521948536470767,124900
2014-08-13,28.599620819091797,28.625509585800533,28.504690951745268,28.565100268772902,113900
2014-08-14,28.7463321685791,28.75496066032549,28.651402299064056,28.651402299064056,92600
2014-08-15,28.754959106445312,28.815368421588456,28.625508692818137,28.660029242060155,93600
2014-08-18,28.711811065673828,28.772220382920434,28.668662023649237,28.75496010769842,144300
2014-08-19,28.78948211669922,28.815370884813394,28.711812520295634,28.74633307248857,147100
2014-08-20,28.513320922851562,28.60825078416369,28.496060648789296,28.58235872703996,165900
2014-08-21,28.52195167541504,28.582360993392612,28.478802632868334,28.478802632868334,218100
2014-08-22,28.306201934814453,28.44428084017215,28.237164128165997,28.392503308201004,114900
2014-08-25,28.306201934814453,28.38387152483196,28.288941660137144,28.33209399286081,152000
2014-08-26,28.444276809692383,28.51331789861868,28.314829706046044,28.314829706046044,168200
2014-08-27,28.340723037719727,28.401132354239838,28.306202487690854,28.401132354239838,294300
2014-08-28,28.383872985839844,28.418393536971347,28.29757490007204,28.349352434708344,103500
2014-08-29,28.194011688232422,28.357982651012964,28.159494431069838,28.357982651012964,153000
2014-09-02,28.323463439941406,28.401133033333092,28.271682613659973,28.288942889087117,519400
2014-09-03,28.452913284301758,28.49606232596669,28.349351633832892,28.478802050888547,336600
2014-09-04,28.599620819091797,28.720439453147062,28.504690951745268,28.547843285674325,373000
2014-09-05,28.573728561401367,28.599617324947154,28.461538432602165,28.58235705189647,466800
2014-09-08,28.444276809692383,28.57372720539903,28.392499285057973,28.444276809692383,136500
2014-09-09,28.124975204467773,28.280314391217164,28.07319437819767,28.263054115793796,282400
2014-09-10,28.427019119262695,28.46153966686107,28.306200494728984,28.306200494728984,138500
2014-09-11,28.357980728149414,28.375241001590727,28.288939634384164,28.3407204547081,161300
2014-09-12,28.31483268737793,28.36661021746411,28.27168035622523,28.288940630274176,92200
2014-09-15,28.323463439941406,28.39250454164998,28.271682613659973,28.30620316451426,91200
2014-09-16,28.547842025756836,28.59961955688918,28.34072202504527,28.37524257384065,977100
2014-09-17,28.31483268737793,28.41839103961095,28.27168035622523,28.27168035622523,334400
2014-09-18,28.349349975585938,28.427019562864007,28.2889406623764,28.306200936444935,377400
2014-09-19,28.392505645751953,28.52195277839797,28.34935330947556,28.48743222620128,131000
2014-09-22,28.78948211669922,28.798110608716925,28.64277141590976,28.711812520295634,190800
2014-09-23,28.590993881225586,28.789482118254117,28.56510182104896,28.780850334174893,166400
2014-09-24,28.565099716186523,28.66866136513983,28.478801634119574,28.5392109499786,168300
2014-09-25,28.194011688232422,28.521950321732735,28.194011688232422,28.521950321732735,308900
2014-09-26,28.29757308959961,28.349350620923197,28.14223391150737,28.168122677169162,113400
2014-09-29,28.332094192504883,28.34935117524301,28.21127226891233,28.2199040523422,130300
2014-09-30,28.124975204467773,28.202644797842467,28.0559341027743,28.176756030737877,492200
2014-10-01,27.900596618652344,28.09908483662227,27.840184012081664,28.047304013302,193300
2014-10-02,27.779773712158203,27.805665768930254,27.538136462689863,27.736624673618945,343400
2014-10-03,27.67621421813965,27.822924893586272,27.6416936719098,27.736623528011645,195100
2014-10-06,27.762516021728516,27.85744589058481,27.69347821205362,27.81429684803038,164800
2014-10-07,27.54676628112793,27.788405173832928,27.529506007499652,27.702103805691547,261600
2014-10-08,27.8056640625,27.848813098391204,27.287867401654466,27.40005588258973,569900
2014-10-09,27.132532119750977,27.39142966419054,27.10664170689484,27.374169388953117,235600
2014-10-10,26.795963287353516,27.072122752551937,26.752814245369933,27.011711789332303,155000
2014-10-13,26.571584701538086,26.925412091898266,26.54569429028112,26.908151817726953,275300
2014-10-14,26.3558349609375,26.692402061143923,26.3558349609375,26.56295330306686,602000
2014-10-15,26.304058074951172,26.35583890275062,26.01927010617627,26.35583890275062,402900
2014-10-16,26.312685012817383,26.407614872873996,25.967487766289224,26.027897078677864,266800
2014-10-17,26.200498580932617,26.235017485279005,26.04515939629777,26.148717755367375,395600
2014-10-20,26.398984909057617,26.43350381092162,26.209126833729787,26.27816628348812,241900
2014-10-21,26.47665786743164,26.47665786743164,26.23501893949107,26.26953949178138,226400
2014-10-22,26.191869735717773,26.416248386147302,26.17460945967769,26.28679796187719,260200
2014-10-23,26.278167724609375,26.398986356804688,26.217756762481308,26.252277312268774,193900
2014-10-24,26.191869735717773,26.252279055827547,26.071049449467704,26.165979321657648,400000
2014-10-27,26.13146209716797,26.295429792008527,25.99338317202296,26.16598100543891,518000
2014-10-28,25.69995880126953,25.984746720951176,25.54461963671041,25.907077138671614,423200
2014-10-29,25.691329956054688,25.820778717683396,25.630920643696644,25.665439545316822,393200
2014-10-30,26.235017776489258,26.31268736966882,26.088308727820138,26.131459416270147,416800
2014-10-31,26.77007293701172,26.84774252481203,26.53706417361078,26.62336389850339,302500
2014-11-03,26.830482482910156,26.839112620077167,26.606103854658976,26.649252894463665,362200
2014-11-04,26.51117515563965,26.537065568277214,26.35583761790554,26.537065568277214,335000
2014-11-05,26.778703689575195,26.8650017704209,26.631994647694963,26.631994647694963,215300
2014-11-06,26.614736557006836,26.778705886922996,26.606106419008036,26.709666428963114,150000
2014-11-07,26.64925193786621,26.69240262215233,26.545693587640123,26.640623447039285,194100
2014-11-10,26.64925193786621,26.718291386693704,26.554323724497348,26.571583998211796,259200
2014-11-11,26.744184494018555,26.873633267869295,26.744184494018555,26.795963674352755,266000
2014-11-12,26.675146102905273,26.726925285306123,26.416248544870502,26.416248544870502,248400
2014-11-13,26.795963287353516,26.92541370536514,26.74418410776713,26.821853700161927,168600
2014-11-14,26.985824584960938,27.037603767545196,26.847745667382547,26.916785126171742,171800
2014-11-17,26.58021354675293,26.640624507157447,26.537064506780066,26.640624507157447,207700
2014-11-18,26.795963287353516,26.908153430159533,26.718293694958714,26.726923832561518,179300
2014-11-19,26.75281524658203,26.83048484188358,26.63199660768207,26.795964290180446,148700
2014-11-20,26.778703689575195,26.882262045002197,26.752813277703257,26.752813277703257,103200
2014-11-21,27.132532119750977,27.287871304826893,26.942672384200215,27.141162257369686,236600
2014-11-24,27.158422470092773,27.227461929037478,27.08938301114807,27.1325337017576,312000
2014-11-25,27.469097137451172,27.555396860949703,27.425948098717065,27.425948098717065,245100
2014-11-26,27.477725982666016,27.564025702107568,27.434576945960362,27.443205436477303,173000
2014-11-28,27.538137435913086,27.67621633935492,27.512247024256354,27.538137435913086,112800
2014-12-01,28.349349975585938,28.40113079779154,28.280312171372465,28.306200936444935,305100
2014-12-02,28.435653686523438,28.47880272921612,28.340723817362967,28.435653686523438,450600
2014-12-03,28.263051986694336,28.323461300094934,28.15086185092436,28.323461300094934,195200
2014-12-04,28.064563751220703,28.09045251635554,27.96963388964539,28.09045251635554,145800
2014-12-05,27.978261947631836,27.978261947631836,27.822926067166357,27.94374469200652,226900
2014-12-08,27.822925567626953,27.85744282263254,27.77114474702773,27.822925567626953,193500
2014-12-09,27.84881591796875,27.93511399848849,27.745257562932913,27.883336467000944,232000
2014-12-10,27.313758850097656,27.598546794656766,27.244719398266064,27.53813748005792,358300
2014-12-11,27.969636917114258,28.28031530060326,27.90059910526172,27.935116365157473,635700
2014-12-12,28.357980728149414,28.660027283221023,28.349348945398486,28.60824975495763,743400
2014-12-15,27.788406372070312,28.13360198333895,27.745257332169324,28.073192669065417,344200
2014-12-16,27.641698837280273,27.883339413983823,27.60717993063016,27.73662871112155,379900
2014-12-17,28.09908676147461,28.237165674393314,27.83155742741795,27.926487297310988,933200
2014-12-18,28.64276885986328,28.668660917727934,28.43565214931061,28.49606146422687,315100
2014-12-19,28.435653686523438,28.530583555683908,28.36661258456639,28.452913962012698,361100
2014-12-22,28.798110961914062,28.849891790838537,28.6945525961262,28.6945525961262,160700
2014-12-23,28.78084373474121,28.93618289193757,28.73769470042229,28.772215244701545,159900
2014-12-24,28.910297393798828,28.936186158901023,28.789478767241018,28.789478767241018,132700
2014-12-26,28.947330474853516,28.98259728055528,28.770982992150827,28.95614633539184,159500
2014-12-29,28.48883056640625,28.59463771878356,28.462376255650376,28.577002632795885,232400
2014-12-30,28.109683990478516,28.286033175141252,28.074415498965507,28.286033175141252,234900
2014-12-31,27.915699005126953,28.171402678787405,27.898063921059162,27.977420117590047,238600
2015-01-02,27.93333625793457,28.08323112060026,27.889248544342127,27.977422289752703,266200
2015-01-05,27.50128746032715,27.695268359783366,27.457199745604584,27.695268359783366,217400
2015-01-06,27.342571258544922,27.457195937376795,27.1397728442717,27.421927452264725,575600
2015-01-07,27.41311264038086,27.607093532249433,27.236765151937217,27.377842469982415,234800
2015-01-08,27.73053741455078,27.748170817955163,27.474833724782943,27.49246880996161,279900
2015-01-09,27.395475387573242,27.57182286206377,27.369024443641575,27.527735152554058,244600
2015-01-12,27.430747985839844,27.492469102848432,27.192679378714445,27.4131129004733,351800
2015-01-13,27.88043212890625,28.109681507930357,27.739353129990544,27.95097078747696,383600
2015-01-14,27.986238479614258,28.07441222076251,27.809892679091984,28.0303261910755,236700
2015-01-15,28.383018493652344,28.497644864510516,28.30366229283492,28.383018493652344,302700
2015-01-16,28.453561782836914,28.471196869685098,28.286033503102487,28.400656522292355,190300
2015-01-20,28.762165069580078,28.83270541127256,28.603452664320614,28.762165069580078,373800
2015-01-21,29.3441104888916,29.379380661005353,29.08841014993877,29.132496183306586,1902300
2015-01-22,29.229488372802734,29.282390269049813,29.00905483564298,29.141312939809527,290200
2015-01-23,29.141311645507812,29.211851988769354,29.088409751610353,29.088409751610353,183200
2015-01-26,29.335294723510742,29.335294723510742,29.044320847944462,29.141312139799886,357700
2015-01-27,29.097225189208984,29.31765871336966,29.061955018091602,29.31765871336966,305500
2015-01-28,28.021507263183594,29.061951975607816,27.986237095758632,29.061951975607816,590900
2015-01-29,28.03914451599121,28.08323223132738,27.792260037206173,28.02151111163112,486700
2015-01-30,27.783443450927734,28.030329619989256,27.721722329105962,27.880434746233053,343900
2015-02-02,28.03914451599121,28.074414688260145,27.748172321870005,27.880433786104135,250700
2015-02-03,27.88043212890625,27.88043212890625,27.659998610650987,27.71290218413545,444900
2015-02-04,27.756988525390625,27.93333601467605,27.695267408673015,27.79225869595743,311500
2015-02-05,27.836345672607422,27.880433387312976,27.67763326321613,27.721720977921684,286000
2015-02-06,27.85398292541504,27.93333913628427,27.774626714545807,27.774626714545807,258400
2015-02-09,27.62472915649414,27.792259105607208,27.62472915649414,27.774624020063868,226700
2015-02-10,28.250761032104492,28.268396117518627,27.95097130716149,28.030327509750773,290800
2015-02-11,28.46237564086914,28.49764581208266,28.06559630536304,28.10968233760561,943100
2015-02-12,28.471195220947266,28.471195220947266,28.26839677926032,28.435925049293353,217700
2015-02-13,28.541730880737305,28.647541390805625,28.427107873486108,28.541730880737305,213000
2015-02-17,28.36538314819336,28.418288402768734,28.286030311653064,28.286030311653064,153800
2015-02-18,28.427108764648438,28.471194796784687,28.294847304691043,28.321298251263062,257400
2015-02-19,28.427108764648438,28.471194796784687,28.338933336827292,28.34775256138373,110900
2015-02-20,28.656356811523438,28.67399189626404,28.435923297588644,28.435923297588644,124000
2015-02-23,28.594635009765625,28.63872103878379,28.506462951729294,28.603450870149892,157000
2015-02-24,28.815073013305664,28.841523962133,28.48883231142244,28.726900941515257,149200
2015-02-25,28.656356811523438,28.709262065745246,28.594635696705577,28.647540950927382,170300
2015-02-26,28.75334930419922,28.80625119709577,28.66517387679058,28.709263272269215,103000
2015-02-27,28.673994064331055,28.74453104507834,28.58581863396102,28.691629150405063,122200
2015-03-02,28.7004451751709,28.7004451751709,28.5681870741855,28.682810088996426,134700
2015-03-03,28.629907608032227,28.7621657063106,28.585818211724074,28.673993640791686,343900
2015-03-04,28.6210880279541,28.718079316949755,28.550551049124586,28.647542338120243,248500
2015-03-05,28.92087745666504,28.97378271290115,28.7533491905736,28.832705393153464,300700
2015-03-06,29.158946990966797,29.22066811009589,29.061955699892874,29.20303302412347,425200
2015-03-09,29.079587936401367,29.10603888099374,28.982596654831468,29.044317767912606,245400
2015-03-10,28.876789093017578,29.017866401372828,28.876789093017578,28.938510205201226,267300
2015-03-11,28.938512802124023,29.026684866427928,28.885607545412494,28.929696941113093,359200
2015-03-12,29.220664978027344,29.247115922376413,29.0531367245693,29.247115922376413,546900
2015-03-13,29.061952590942383,29.088406898845378,28.956145449975512,29.061952590942383,442300
2015-03-16,29.106040954589844,29.27357258507269,29.079590008113033,29.079590008113033,135900
2015-03-17,29.405832290649414,29.494007722979813,29.361746256258623,29.432286602122943,160300
2015-03-18,30.25229835510254,30.33165455909888,29.89078750657447,29.97895957165988,307300
2015-03-19,29.92605209350586,30.111218798120888,29.908417009087835,30.040678460448795,134800
2015-03-20,30.719615936279297,30.79015291467772,30.190576825870895,30.402191124614802,1082100
2015-03-23,31.50436019897461,31.742428818741022,31.38091795840287,31.486725112671678,355200
2015-03-24,31.037036895751953,31.275105474952213,31.001766729156017,31.239835308356273,328100
2015-03-25,30.81661033630371,31.142851041878515,30.807791110895515,31.116400092751874,222900
2015-03-26,30.913602828979492,31.266294497308692,30.79897643908668,30.87833265308184,419800
2015-03-27,31.34564208984375,31.389728115815625,31.275105120998386,31.363277172942134,330700
2015-03-30,31.50436019897461,31.583716405563415,31.44263907868874,31.530811146654614,241400
2015-03-31,31.186935424804688,31.336831976856047,31.14284939074798,31.336831976856047,232600
2015-04-01,31.10757827758789,31.2751099109066,30.878328889294774,30.99295526521568,263100
2015-04-02,31.812965393066406,31.865867282155797,31.663068859033555,31.74242505621603,255800
2015-04-06,32.959224700927734,33.10911789752783,32.72997192977009,32.78287719162546,313000
2015-04-07,32.75642013549805,32.959218556144606,32.72114996750343,32.959218556144606,506700
2015-04-08,32.82695770263672,32.93276484498905,32.721150560284386,32.87104373165449,282300
2015-04-09,33.06502914428711,33.073845005430826,32.75642355102658,32.89750087416692,172800
2015-04-10,33.00330352783203,33.020938611264796,32.58007161609049,32.862226223918185,391900
2015-04-13,32.8798713684082,32.97686267519307,32.75642911015447,32.9151415460662,102000
2015-04-14,33.28546142578125,33.32073159613307,33.10911393757071,33.10911393757071,129700
2015-04-15,33.16202163696289,33.303098965218254,33.091481291060795,33.28546387874273,228100
2015-04-16,33.02975845336914,33.07384448549206,32.88868113244661,32.932767164569526,152800
2015-04-17,33.3383674621582,33.35600254774716,33.13556902320815,33.20610600201533,238300
2015-04-20,33.1531982421875,33.34718080547175,33.117931437220875,33.18846841070253,267000
2015-04-21,33.43535614013672,33.52353157006617,33.38245424572778,33.505896484080274,159400
2015-04-22,32.98567581176758,33.03858107388228,32.835782614432745,32.89750373845873,316500
2015-04-23,32.915138244628906,32.95040505520032,32.52717305640294,32.80932772226786,753900
2015-04-24,33.135562896728516,33.22373494482241,33.06502256741498,33.20609986249403,163900
2015-04-27,32.580074310302734,33.047392287496955,32.483083025175965,33.029757202605865,279800
2015-04-28,32.209747314453125,32.31555783385118,32.09512429709516,32.24501748758581,201500
2015-04-29,32.0069465637207,32.12157293638858,31.839418298705038,32.08630276579099,185300
2015-04-30,31.38973045349121,31.68952016139353,31.319193479392773,31.486721735981437,250600
2015-05-01,31.7071590423584,31.733613353917775,31.504360592663616,31.504360592663616,100100
2015-05-04,31.76887321472168,31.8305943222788,31.66306608227349,31.66306608227349,106700
2015-05-05,31.354461669921875,31.74242341185609,31.319191503323797,31.71597246868164,127200
2015-05-06,31.319196701049805,31.4867249748713,31.169300149905283,31.4867249748713,114700
2015-05-07,31.319196701049805,31.416187993517063,31.25747558103405,31.25747558103405,132200
2015-05-08,31.574901580810547,31.574901580810547,31.328013728012785,31.328013728012785,184300
2015-05-11,31.292749404907227,31.451458472360567,31.231024914140324,31.451458472360567,96800
2015-05-12,31.239839553833008,31.310376533062605,31.142848264287224,31.213388607065497,89500
2015-05-13,31.363283157348633,31.548446519890305,31.25747600211751,31.495544624049153,198300
2015-05-14,31.530811309814453,31.55726562118014,31.41618829357544,31.495544500574884,210600
2015-05-15,31.60135269165039,31.627803640334637,31.407370098502128,31.46909122113132,147300
2015-05-18,31.618986129760742,31.76887931588676,31.539629924297337,31.76887931588676,134100
2015-05-19,31.425003051757812,31.601350545959836,31.38091701909448,31.530810202859552,138900
2015-05-20,31.698339462280273,31.768876436549846,31.61016404000776,31.645434208916765,132700
2015-05-21,31.25747299194336,31.495541590948392,31.107576453214932,31.469087282026614,317000
2015-05-22,31.054676055908203,31.160483206038165,30.89596364893893,30.89596364893893,193800
2015-05-26,30.569719314575195,30.64025965634494,30.43746121907986,30.64025965634494,181800
2015-05-27,30.940046310424805,31.045853449027575,30.89596028296934,30.940046310424805,128200
2015-05-28,30.825424194335938,30.860694366578016,30.68434686891639,30.719617041158465,126200
2015-05-29,30.446277618408203,30.49036701456824,30.366921414288296,30.455096843059685,214800
2015-06-01,30.48154640197754,30.613807857337918,30.463911317026252,30.52563243258149,100800
2015-06-02,30.15530776977539,30.278750009197918,30.04950061649162,30.111221736202882,177600
2015-06-03,30.39337730407715,30.437463338979416,30.22584566248012,30.32283695739443,113700
2015-06-04,30.11121940612793,30.146486212127652,29.978957952096337,30.031863206418674,128500
2015-06-05,30.04949951171875,30.11122062916083,29.917238052315074,29.93487313780547,121300
2015-06-08,29.89960289001465,29.978959092743267,29.873151943621316,29.96132400729817,98800
2015-06-09,29.705617904663086,29.78497410095624,29.626261708369928,29.776158240722935,1401800
2015-06-10,30.093585968017578,30.208208979998513,29.961324506748895,29.961324506748895,499900
2015-06-11,29.9525089263916,29.996594959378143,29.85551763569198,29.996594959378143,164100
2015-06-12,29.758527755737305,29.837883964294562,29.687987408775804,29.749711894141555,162200
2015-06-15,29.5380916595459,29.63508294644651,29.476370543072527,29.582177690805654,184100
2015-06-16,29.63508415222168,29.67035432408397,29.476371742390096,29.502822689512456,117900
2015-06-17,29.458736419677734,29.53809262395568,29.291208150001484,29.43228547276798,122600
2015-06-18,29.599809646606445,29.740886949851543,29.555723620007644,29.555723620007644,160600
2015-06-19,29.643898010253906,29.758524379286218,29.63508214965842,29.63508214965842,221100
2015-06-22,29.99659538269043,30.128853483516483,29.952509349081744,30.014230468843657,182000
2015-06-23,29.99659538269043,30.155307794520702,29.899604090622066,30.093586674758793,181800
2015-06-24,29.63508415222168,29.829066733915553,29.59981398035939,29.758526390190973,160800
2015-06-25,29.370563507080078,29.811430548452076,29.352928421799366,29.811430548452076,219600
2015-06-26,29.088409423828125,29.18539734939679,29.053139252594796,29.15013054171212,214700
2015-06-29,28.471195220947266,28.700444609600297,28.435925049293353,28.54173220070639,170900
2015-06-30,28.577001571655273,28.841521124550585,28.577001571655273,28.726898115210066,218100
2015-07-01,28.374202728271484,28.532915130439697,28.286030666421834,28.471194014435234,346400
2015-07-02,28.180221557617188,28.3565690536365,28.144953067477942,28.286032073358008,243800
2015-07-06,28.585817337036133,28.700443709542267,28.25076080747758,28.25076080747758,531100
2015-07-07,28.46237564086914,28.488829951053606,28.215491169471832,28.435924694233332,147800
2015-07-08,27.765806198120117,28.100866092977384,27.748171112754093,28.08323100761136,406700
2015-07-09,27.889249801635742,28.16258859290853,27.809895277140534,28.04796221417494,169000
2015-07-10,28.118499755859375,28.24194199101125,27.959787349650213,27.959787349650213,319700
2015-07-13,28.347753524780273,28.453560678212853,28.303664127597003,28.347753524780273,176300
2015-07-14,28.277210235595703,28.347750572904502,28.092046895482724,28.153768008853717,333800
2015-07-15,28.435924530029297,28.59463693602498,28.435924530029297,28.55936676501513,197200
2015-07-16,28.36538314819336,28.435923487627193,28.268395226794606,28.356567287538386,130800
2015-07-17,28.629907608032227,28.74453062049708,28.603453297537595,28.673993640791686,105600
2015-07-20,28.68280792236328,28.770983346575076,28.64754111622707,28.691627146558716,117500
2015-07-21,28.585817337036133,28.673992763405693,28.515280359489076,28.65635767813178,109800
2015-07-22,28.277210235595703,28.4094716862755,28.26839437520631,28.312480404250103,164500
2015-07-23,28.162586212158203,28.224305645203906,28.083230012597053,28.1714037545288,226400
2015-07-24,27.783443450927734,28.06559811169837,27.7393557340733,28.06559811169837,204600
2015-07-27,27.88043212890625,27.933335702390714,27.748170672533668,27.80107592779241,185300
2015-07-28,27.92452049255371,28.003876700296658,27.836346741531056,27.95978898389812,185800
2015-07-29,28.321298599243164,28.383019717702002,28.15377032964756,28.250761619668218,214500
2015-07-30,27.92452049255371,28.012694243576366,27.79226070690694,28.012694243576366,136000
2015-07-31,28.189037322998047,28.294846150292212,28.15376883508283,28.23312503510989,166000
2015-08-03,28.39183807373047,28.427108244213212,28.28603092583083,28.356567903247726,125300
2015-08-04,28.471195220947266,28.568186511221175,28.418289963466396,28.480011082086396,163200
2015-08-05,28.7357120513916,28.779798079996517,28.647539994181773,28.72689619108997,204900
2015-08-06,28.532917022705078,28.656359262900537,28.48001176395755,28.62990831530116,176800
2015-08-07,28.55055046081543,28.656357608653778,28.453559173818366,28.656357608653778,128900
2015-08-10,28.638723373413086,28.65635845916765,28.383019675294985,28.418289846804107,112800
2015-08-11,28.21548843383789,28.33011479739389,28.180218266043994,28.286028769425684,207500
2015-08-12,28.39183807373047,28.39183807373047,28.02150969253314,28.197855499623973,182500
2015-08-13,28.48883056640625,28.55936754680821,28.409474361236086,28.471195480418576,108800
2015-08-14,28.506465911865234,28.524097634464667,28.36538522267971,28.409474619824564,102800
2015-08-17,28.480010986328125,28.480010986328125,28.197856341142913,28.206673884026745,149700
2015-08-18,28.55055046081543,28.709262864347245,28.524096151194403,28.524096151194403,116900
2015-08-19,28.36538314819336,28.49764460285754,28.312481257166496,28.471193657344113,148500
2015-08-20,27.183862686157227,27.474834876707572,27.183862686157227,27.333757552911912,181000
2015-08-21,26.760629653930664,27.501286415384094,26.760629653930664,27.501286415384094,221200
2015-08-24,26.310943603515625,26.681271963580457,25.579104425503477,25.93179770133327,381400
2015-08-25,26.29330825805664,27.078050999203292,26.284490716026724,27.02514742879797,471500
2015-08-26,26.77826499938965,26.8223510310912,26.275675156410685,26.60191750903482,192500
2015-08-27,27.00751495361328,27.09568870065569,26.778265565787095,26.839986684184478,231400
2015-08-28,27.41311264038086,27.7305374468697,27.236765151937217,27.395477555181635,308200
2015-08-31,26.875253677368164,27.060418704023604,26.79589747762644,26.928158931712147,200900
2015-09-01,26.12578010559082,26.434387370597385,26.0728765315759,26.39911888184554,188800
2015-09-02,26.972246170043945,27.007514659412113,26.681273985215682,26.901707509533285,304600
2015-09-03,27.2896728515625,27.545374882754402,27.166228925886756,27.166228925886756,308800
2015-09-04,26.6812744140625,26.822351737351347,26.601918209490726,26.822351737351347,165300
2015-09-08,27.386659622192383,27.386659622192383,27.060418959528697,27.069236502002614,200600
2015-09-09,27.113325119018555,27.607095772240427,27.086872489073404,27.607095772240427,210700
2015-09-10,26.901708602905273,27.007515757084445,26.79589976695171,26.875255973473287,148800
2015-09-11,26.58428382873535,26.59310137189657,26.363850295028136,26.549015337864883,171300
2015-09-14,26.619550704956055,26.690089359736255,26.522559423967962,26.619550704956055,155600
2015-09-15,26.94579315185547,26.963428237171584,26.59309985440467,26.66363851389483,628500
2015-09-16,27.404294967651367,27.483651168896753,26.945792845294534,26.945792845294534,513100
2015-09-17,26.963430404663086,27.245585065305107,26.769449495915307,26.910526826236318,182400
2015-09-18,26.1875057220459,26.425572671618532,26.169870634885118,26.37266909191067,145800
2015-09-21,26.28449249267578,26.355031151908864,26.1345976315837,26.293310035301705,97900
2015-09-22,25.80835723876953,26.011155676007483,25.720183493343455,25.98470304784737,177200
2015-09-23,25.729000091552734,25.94943360613866,25.640826349363515,25.85244232155309,147000
2015-09-24,25.729000091552734,25.77308612176022,25.46447886498508,25.64964389175986,147700
2015-09-25,25.92298126220703,26.13459723670891,25.790721488365143,26.0376076328378,127100
2015-09-28,25.367490768432617,25.693731447597568,25.332220596752975,25.693731447597568,136900
2015-09-29,25.314584732055664,25.393940934118948,25.147056467054774,25.341037360001526,197400
2015-09-30,25.543834686279297,25.596739939873448,25.28813268767113,25.446845084905135,252500
2015-10-01,25.75545310974121,25.905347978994,25.58792483605086,25.77308819595316,668800
2015-10-02,26.12578010559082,26.134597648222357,25.667279661171037,25.676097203802573,212300
2015-10-05,26.310943603515625,26.381482258681583,26.143413666831147,26.222769864114625,205900
2015-10-06,26.26685905456543,26.337397713705506,26.125780054510987,26.24922396933684,225400
2015-10-07,26.47847557067871,26.496108974491754,26.337398249528402,26.434387856710288,171900
2015-10-08,26.88407325744629,26.89289080050528,26.55783257313545,26.55783257313545,178400
2015-10-09,27.15740966796875,27.245583414520624,27.06923760319121,27.13095872124522,174900
2015-10-12,27.236766815185547,27.24558435832361,27.122142117939475,27.21031586754574,91300
2015-10-13,27.069236755371094,27.245582561177283,27.016331500032383,27.09568770126617,90500
2015-10-14,26.875253677368164,27.078052107030683,26.848802731970423,27.016330992070287,181100
2015-10-15,27.324939727783203,27.351392356387112,27.139776372878863,27.1750448625764,177000
2015-10-16,27.66881561279297,27.695268241513546,27.527738289831927,27.642364665846742,153400
2015-10-19,27.50128746032715,27.52773840738633,27.360210136763648,27.430748798545398,103700
2015-10-20,27.36902618408203,27.510103499936122,27.351391099156704,27.448380702697477,124000
2015-10-21,27.942153930664062,28.18022085807371,27.915701302385518,28.11849974053142,150600
2015-10-22,28.074411392211914,28.136132504661866,27.89806391511989,27.89806391511989,485500
2015-10-23,27.986238479614258,28.100864847639254,27.836343624194498,27.942152449927246,225700
2015-10-26,27.633546829223633,27.924519014959838,27.60709420078422,27.924519014959838,342200
2015-10-27,25.65846061706543,26.804714183700213,25.420392025268082,26.769445697012195,764000
2015-10-28,26.663637161254883,26.663637161254883,26.21395259915214,26.372664995397134,560900
2015-10-29,26.557830810546875,26.575464213720192,26.39911840956718,26.416751812740493,189100
2015-10-30,26.258041381835938,26.522560931856887,26.249223839265333,26.513743389286287,281500
2015-11-02,26.44320297241211,26.44320297241211,26.258039636062936,26.328578290163694,337800
2015-11-03,26.40793228149414,26.48728847095395,26.302123468289725,26.434383223464724,212100
2015-11-04,26.310943603515625,26.425568287494983,26.205134779879586,26.266857574702225,253600
2015-11-05,26.593097686767578,26.707724050204686,26.513741491087785,26.522559033027115,184700
2015-11-06,26.857620239257812,26.945793986796232,26.672456883024047,26.822351749307057,209800
2015-11-09,26.716541290283203,26.839985202035535,26.601916602699877,26.76944654465174,145400
2015-11-10,26.725358963012695,26.936974936196098,26.707725559911438,26.831167790491524,522100
2015-11-11,26.690092086791992,26.72536057689855,26.601918338864056,26.663639457881303,1269100
2015-11-12,26.619550704956055,26.716540304169964,26.425568142979866,26.549012050175858,348900
2015-11-13,26.460840225219727,26.707726375695263,26.443205139805553,26.628370173105782,224800
2015-11-16,26.6812744140625,26.6812744140625,26.47847597205657,26.522562004918957,280900
2015-11-17,26.690092086791992,26.76063074877947,26.619553424804515,26.672457000851534,257300
2015-11-18,26.742992401123047,26.751809943017843,26.540193982865212,26.66363620584404,188100
2015-11-19,26.901708602905273,27.042785929660432,26.86643843032929,26.88407351661728,154800
2015-11-20,26.910524368286133,27.05160168572144,26.85761911291718,27.05160168572144,178300
2015-11-23,26.875253677368164,26.901706304540156,26.75181144744737,26.901706304540156,211100
2015-11-24,26.654821395874023,26.72536005648793,26.549014245840322,26.7165425136894,175700
2015-11-25,26.654821395874023,26.822351345497427,26.513744074646205,26.67245648147108,370900
2015-11-27,26.77826499938965,26.804715945700856,26.654821083431546,26.725359743218615,72300
2015-11-30,26.64600372314453,26.725359926170015,26.59310014838565,26.707726522433266,216900
2015-12-01,26.822351455688477,26.875255030922666,26.70772676238535,26.795898827184217,235300
2015-12-02,26.77826499938965,26.93697572257982,26.698908796907407,26.8223510310912,245600
2015-12-03,26.64600372314453,26.866437246709914,26.531379030871236,26.78708104368443,239300
2015-12-04,26.981061935424805,26.998697019834324,26.71654071460469,26.734175799014206,444000
2015-12-07,26.875253677368164,26.96342741950055,26.769446532228695,26.848802731970423,307300
2015-12-08,26.601917266845703,26.62836989469039,26.452022405941065,26.619552352075495,289100
2015-12-09,26.27567481994629,26.52256096692677,26.090511471041648,26.407936276905932,252400
2015-12-10,26.57546615600586,26.681274991650188,26.513745035952663,26.54901520842557,1010900
2015-12-11,26.37266731262207,26.54019726579777,26.284493564541474,26.425570888760685,283900
2015-12-14,26.58428382873535,26.61955400138022,26.27567654519037,26.58428382873535,396400
2015-12-15,26.62837028503418,26.742994977159515,26.566647485825122,26.62837028503418,225200
2015-12-16,27.05160140991211,27.06923649485529,26.80471526603035,26.866436381557225,200000
2015-12-17,26.5666446685791,26.884069446610134,26.55782880854414,26.831165877529674,265800
2015-12-18,26.452022552490234,26.557831382680888,26.372666350290817,26.504926126698408,326400
2015-12-21,26.928157806396484,26.954608750688852,26.72535770343464,26.804713899860104,446900
2015-12-22,27.37784194946289,27.41311211919076,27.04278374591939,27.175043518850394,223300
2015-12-23,27.651180267333984,27.677631212423062,27.518918814791675,27.554188983942755,153600
2015-12-24,27.571826934814453,27.651183141879812,27.50128827095351,27.580644478018872,86000
2015-12-28,26.919343948364258,26.963429982734294,26.839987741078666,26.954612439505407,322000
2015-12-29,27.148595809936523,27.210316932544327,27.051604513396,27.157411671645246,332900
2015-12-30,26.822351455688477,26.936976148991604,26.760630337619535,26.85761994525316,135300
2015-12-31,26.5666446685791,26.716539515785517,26.5666446685791,26.698906113941458,224300
2016-01-04,26.328580856323242,26.355031803080255,26.099329787707898,26.222772023972183,373400
2016-01-05,26.363847732543945,26.43438638920314,26.231587961529733,26.372665274848124,177400
2016-01-06,25.870080947875977,25.949437158532458,25.737821157373336,25.949437158532458,197800
2016-01-07,25.085336685180664,25.720184653695455,24.979527849541004,25.552654698005323,647800
2016-01-08,24.72382164001465,25.288130849812998,24.670916390265475,25.288130849812998,421400
2016-01-11,24.935441970825195,24.970710461741525,24.706190893658643,24.944259513997878,386400
2016-01-12,24.741455078125,24.988341198664394,24.56510929068895,24.961888573750638,333000
2016-01-13,24.60038185119629,25.13824020780159,24.538660731279165,24.935441761852648,1094600
2016-01-14,24.953073501586914,25.050064787428624,24.556294179258067,24.697371495878226,427900
2016-01-15,24.379947662353516,24.60038118856245,24.274140511566856,24.51220744172401,256800
2016-01-19,24.72382164001465,24.89134988556472,24.556291712690474,24.856081400839376,318000
2016-01-20,24.256505966186523,24.327044628873743,23.859724937461937,24.291774456642944,685700
2016-01-21,24.177148818969727,24.33586122427921,23.87735909377944,24.071339988171967,295900
2016-01-22,24.900169372558594,24.944257084127333,24.618014745615596,24.644467372556843,253400
2016-01-25,24.42403221130371,24.7502728460185,24.388762044429615,24.591560458633307,383400
2016-01-26,24.697370529174805,24.767909184723862,24.47693702036222,24.485754562527628,336200
2016-01-27,24.538658142089844,24.87371633561825,24.388763288775348,24.48575457085361,457800
2016-01-28,24.626832962036133,24.732640109148882,24.494573187258055,24.732640109148882,447900
2016-01-29,24.697370529174805,24.71500561350562,24.34467725142951,24.371128196151528,485600
2016-02-01,24.565114974975586,24.635653642627243,24.41522009599401,24.459306132610855,347000
2016-02-02,24.35349464416504,24.512205356845936,24.309406933608514,24.468119328063608,349700
2016-02-03,24.30059242248535,24.3623135431887,23.956716646124168,24.3623135431887,566400
2016-02-04,24.6621036529541,24.8384511562566,24.503392918111167,24.591564987987987,234500
2016-02-05,24.811996459960938,25.111786181544947,24.759092886085607,25.05006506506135,275500
2016-02-08,24.811996459960938,25.03242997984481,24.556294451418275,24.891352661661074,445000
2016-02-09,24.468120574951172,24.60038034981227,24.31822571496879,24.397581916240302,406400
2016-02-10,23.965532302856445,24.406399338061977,23.9478972178224,24.247686936304103,352300
2016-02-11,23.648107528686523,23.824455015697282,23.45412663839411,23.824455015697282,622100
2016-02-12,23.903812408447266,23.903812408447266,23.524666469713047,23.524666469713047,228600
2016-02-16,24.838449478149414,24.96189171305664,24.529842209107027,24.697372157748493,451600
2016-02-17,25.217594146728516,25.270497718790555,24.908986893113852,24.96189046517589,385400
2016-02-18,25.65846061706543,25.852441498285014,25.640825532834324,25.72899927221566,504500
2016-02-19,25.411577224731445,25.420394767798296,25.226413865650695,25.39394213859774,188800
2016-02-22,25.940616607666016,25.984702638797895,25.861260406209198,25.878895491371665,192800
2016-02-23,25.684913635253906,25.870078671081032,25.640827602891147,25.82599263871827,193500
2016-02-24,25.720184326171875,25.720184326171875,25.25286463752373,25.332220842799344,181800
2016-02-25,25.702547073364258,25.71136461562647,25.385123960795813,25.499748646656098,396600
2016-02-26,25.676095962524414,25.81717327426019,25.570287137835475,25.693729365160724,385900
2016-02-29,24.864904403686523,25.005981737121736,24.81199914231746,24.864904403686523,442200
2016-03-01,25.296953201293945,25.34985677932788,25.00598099944568,25.00598099944568,296900
2016-03-02,25.56147003173828,25.57028757409398,25.367489145235606,25.376306687591306,361200
2016-03-03,25.65846061706543,25.676095701296536,25.535016709221882,25.57910441979965,130600
2016-03-04,26.12578010559082,26.222771392763416,26.04642558545559,26.099329159470507,187400
2016-03-07,25.92298126220703,25.958251432177814,25.711365287705153,25.781903945872447,167200
2016-03-08,25.6937313079834,25.808357683545037,25.56147152845211,25.78190505492904,143400
2016-03-09,26.169870376586914,26.4784776717567,26.116966797401208,26.460842584769978,373800
2016-03-10,25.65846061706543,25.89652920886278,25.385123538580064,25.878894124631675,405500
2016-03-11,26.37266731262207,26.399119941578558,26.19631981646088,26.240407531388357,204700
2016-03-14,26.37266731262207,26.496109550870287,26.15223378330776,26.266860160344844,543800
2016-03-15,26.169870376586914,26.284495078451684,26.099331710414486,26.116966797401208,180100
2016-03-16,26.390300750732422,26.434386781132723,26.06405840773772,26.07287595017263,267300
2016-03-17,26.240406036376953,26.310944694467715,26.064058550262917,26.11696380516169,146900
2016-03-18,26.557830810546875,26.637185329262458,26.478474610057027,26.557830810546875,152100
2016-03-21,26.716541290283203,26.734176375072714,26.54901303010559,26.55783057250035,158000
2016-03-22,26.40793228149414,26.478470929705743,26.33739363328254,26.39911474024594,110300
2016-03-23,26.178686141967773,26.35503195453382,26.143415970389956,26.35503195453382,91100
2016-03-24,25.887712478637695,25.896530021029786,25.729000079128593,25.808356278883146,171800
2016-03-28,26.21395492553711,26.416753369059176,26.002338939021776,26.002338939021776,122100
2016-03-29,26.38148307800293,26.43438665057686,26.12577939397615,26.1610495635416,116300
2016-03-30,26.3373966217041,26.5313775058529,26.31094399495799,26.407935277919503,155900
2016-03-31,26.29330825805664,26.425568024957037,26.284490716026724,26.29330825805664,143200
2016-04-01,25.737817764282227,25.755451167389964,25.526201791021055,25.59674044877478,202000
2016-04-04,25.49093246459961,25.70254844486189,25.446846432710338,25.67609749843805,166400
2016-04-05,25.164691925048828,25.270499074850708,25.102969125594353,25.22641304272898,903100
2016-04-06,25.411577224731445,25.438029853932,25.111787487556004,25.23523140871755,175200
2016-04-07,25.050065994262695,25.296952151129315,24.953074703748246,25.296952151129315,159500
2016-04-08,25.552656173706055,25.676100102710443,25.446849013730276,25.587926348214303,349100
2016-04-11,25.57029151916504,25.773089979311848,25.535021344300638,25.693733767641444,184800
2016-04-12,25.878896713256836,25.949435375462937,25.676098269636093,25.7730878790605,171100
2016-04-13,26.40793228149414,26.416748140968316,26.20513219633351,26.222767278829917,181100
2016-04-14,26.513744354248047,26.619553187171885,26.50492681135653,26.593100558497337,208200
2016-04-15,26.355030059814453,26.469656427427278,26.302126488025422,26.434386258385107,151500
2016-04-18,26.64600372314453,26.681273894166665,26.407936795842403,26.407936795842403,215500
2016-04-19,27.148595809936523,27.192681845577965,26.98106584730502,27.03396942642964,341800
2016-04-20,27.148595809936523,27.272038055152127,27.042786969912818,27.122143179486983,183200
2016-04-21,26.822351455688477,27.02514989556481,26.795898827184217,27.016332352730053,136500
2016-04-22,27.01633071899414,27.05160088820029,26.831167375984545,26.928158659527227,201900
2016-04-25,26.89288902282715,26.963427680861955,26.742994164281406,26.87525393787488,238600
2016-04-26,25.623191833496094,26.363848593491927,25.535018089349105,26.34621350830767,542500
2016-04-27,25.53502082824707,25.570291002398676,25.411578582265392,25.455666299954895,220200
2016-04-28,24.741455078125,25.199957152652114,24.73263753648708,25.0941483347712,305700
2016-04-29,24.626832962036133,24.820813852925696,24.565111845924648,24.811996310370585,335800
2016-05-02,24.997159957885742,25.014795042020566,24.820812480085902,24.891351134851,285000
2016-05-03,24.68855094909668,24.873714273963355,24.582742133619963,24.785542223135835,211000
2016-05-04,24.51220703125,24.6797369792602,24.476938542169822,24.55629474481811,359500
2016-05-05,24.626832962036133,24.635650504591244,24.512206590593994,24.53865921825932,315200
2016-05-06,24.697370529174805,24.74145655822764,24.53865813374587,24.626831873625743,353900
2016-05-09,24.441667556762695,24.635650126449026,24.397581526438124,24.582744871930434,251100
2016-05-10,25.014799118041992,25.041250066780073,24.811998980994773,24.838451611507313,223500
2016-05-11,24.72382164001465,24.961888536789512,24.644465447164993,24.84726385921451,235900
2016-05-12,24.76791000366211,24.988343519763216,24.662101175952902,24.90016977696792,282500
2016-05-13,24.54747772216797,24.68855504502617,24.49457414653973,24.653284873424447,277100
2016-05-16,25.005977630615234,25.06769874363543,24.856082778234388,24.856082778234388,309300
2016-05-17,24.72382164001465,24.917802510439305,24.653281307015753,24.89134988556472,345400
2016-05-18,24.811996459960938,24.98834394857775,24.74145780086907,24.838449087785747,326400
2016-05-19,24.538658142089844,24.591561713326076,24.41521591528057,24.57392831076347,199100
2016-05-20,24.7767276763916,24.8649014196505,24.697371475636018,24.74145750637833,181000
2016-05-23,24.838449478149414,24.96189171305664,24.829631935402567,24.864902106389955,279500
2016-05-24,25.09415054321289,25.155873340110308,24.908987197843395,24.944257367499063,316300
2016-05-25,25.22641372680664,25.26168221710555,25.0941522633062,25.0941522633062,199600
2016-05-26,25.18232536315918,25.19996044874164,25.07651821321307,25.120604245394897,314500
2016-05-27,25.191143035888672,25.191143035888672,25.129421917806024,25.129421917806024,143300
2016-05-31,25.438030242919922,25.52620399316238,25.332221406274098,25.464481190750575,188000
2016-06-01,25.508567810058594,25.526202895703772,25.446846692074796,25.482115181590824,111800
2016-06-02,25.438030242919922,25.438030242919922,25.226414251402673,25.28813537204007,249600
2016-06-03,25.40275764465332,25.43802781409246,25.26168033044524,25.323401445189496,219400
2016-06-06,25.720184326171875,25.781905445436387,25.561471915620643,25.561471915620643,162500
2016-06-07,25.702547073364258,25.834806843748964,25.69372953110205,25.77308572968772,178300
2016-06-08,25.702547073364258,25.764268187425508,25.658461043827433,25.72899970015089,131100
2016-06-09,25.499752044677734,25.614376745812567,25.464481870928893,25.614376745812567,161600
2016-06-10,25.173507690429688,25.341037639049667,25.102969030238274,25.341037639049667,130100
2016-06-13,24.9707088470459,25.244045940626506,24.944257901012662,25.058882591296694,201800
2016-06-14,24.785545349121094,24.89135249616828,24.65328389265069,24.82963138009504,181300
2016-06-15,25.050065994262695,25.164692370647835,25.005979961360318,25.005979961360318,201200
2016-06-16,25.305768966674805,25.34985499830997,24.98834415722384,25.120603933903638,275600
2016-06-17,25.473295211791992,25.57028649182527,25.314582819655417,25.393939015723706,186100
2016-06-20,25.605558395385742,25.852442860533586,25.596740852805564,25.808356829406982,211200
2016-06-21,26.134599685668945,26.249226067040855,26.03761007270936,26.108148737486523,556300
2016-06-22,26.01115608215332,26.205136979700107,26.01115608215332,26.12578077575498,144500
2016-06-23,26.44320297241211,26.44320297241211,26.231587010109838,26.258039636062936,325900
2016-06-24,25.729000091552734,25.967068690931352,25.71136500676004,25.71136500676004,313500
2016-06-27,24.679738998413086,25.341039620069733,24.55629675387167,25.341039620069733,394900
2016-06-28,25.09415054321289,25.12942071286856,24.873717028187727,24.908987197843395,592900
2016-06-29,25.261680603027344,25.349854345802378,25.147055914661784,25.164690999571643,345900
2016-06-30,25.22641372680664,25.25286467408723,25.014797739690053,25.173508468696717,360300
2016-07-01,25.005977630615234,25.085333827862396,24.803177525553483,25.085333827862396,404600
2016-07-05,24.9707088470459,25.164691420752508,24.900170188000118,25.164691420752508,428400
2016-07-06,24.88253402709961,24.88253402709961,24.67973560133195,24.794361968434867,937300
2016-07-07,24.732641220092773,24.847267596683718,24.60919898232501,24.75027630599513,519700
2016-07-08,24.856082916259766,24.882533860972906,24.670917894396766,24.759091634247042,544200
2016-07-11,25.252864837646484,25.32340350047555,25.067701478385583,25.085336564536444,347900
2016-07-12,25.438030242919922,25.49975136355732,25.2705002856367,25.28813537204007,1283200
2016-07-13,25.173507690429688,25.30576914984112,25.129421658475422,25.30576914984112,371100
2016-07-14,25.3851261138916,25.464480637433674,25.349855941851242,25.43802969017777,151400
2016-07-15,24.847267150878906,24.8737180974835,24.697372286946997,24.75909340472349,789400
2016-07-18,24.829631805419922,24.91780555065249,24.81199672001855,24.8472668908213,301900
2016-07-19,24.820816040039062,24.864903756699444,24.776730005153105,24.84726867003529,175600
2016-07-20,24.670917510986328,24.750273707440883,24.52984020212805,24.609196398582604,306300
2016-07-21,24.61801528930664,24.72382411763418,24.556294173521525,24.66210132007479,229500
2016-07-22,24.741455078125,24.741455078125,24.60037777546652,24.635647942018192,142300
2016-07-25,24.891353607177734,24.953074726005855,24.856085117179244,24.891353607177734,188200
2016-07-26,24.071338653564453,24.4681196448391,23.96553151040736,24.335859875005625,484100
2016-07-27,24.48575782775879,24.55629649271434,24.40640161946199,24.41521916280324,292800
2016-07-28,24.415218353271484,24.441669300643767,24.309409518459233,24.424035896320373,202700
2016-07-29,24.92662239074707,24.944257475651366,24.78554507506123,24.882534678486333,281200
2016-08-01,24.847267150878906,24.900170725862424,24.79436357589539,24.803179436914036,162100
2016-08-02,24.591564178466797,24.77672921901648,24.538660601927333,24.77672921901648,194500
2016-08-03,24.582744598388672,24.591562140710323,24.43284974246911,24.538658568554663,173800
2016-08-04,24.91780662536621,24.97071020207778,24.864903048654647,24.944259254609186,128000
2016-08-05,25.13823890686035,25.13823890686035,24.944258014048994,24.944258014048994,182800
2016-08-08,25.173507690429688,25.21759540415827,25.13823920122114,25.21759540415827,124000
2016-08-09,25.22641372680664,25.22641372680664,25.06770131602561,25.19996109775168,74200
2016-08-10,25.358671188354492,25.51738358461422,25.358671188354492,25.49974850019109,156700
2016-08-11,25.526203155517578,25.561471645392576,25.438029408168553,25.490932983868227,161700
2016-08-12,25.28813362121582,25.367489822762362,25.28813362121582,25.341037194988754,102700
2016-08-15,25.367490768432617,25.464480377002936,25.358673225512707,25.385125854272438,112800
2016-08-16,25.296953201293945,25.341039236026486,25.25286548478698,25.296953201293945,96500
2016-08-17,25.429210662841797,25.464479151049133,25.34985446215745,25.464479151049133,155400
2016-08-18,25.499752044677734,25.499752044677734,25.36749225666848,25.36749225666848,187100
2016-08-19,25.473295211791992,25.508565379721976,25.411574099688696,25.490930295756986,121200
2016-08-22,25.305768966674805,25.314584827582394,25.226412764312062,25.270498795947226,150100
2016-08-23,25.235231399536133,25.36749118194203,25.22641385647249,25.305770062270902,123000
2016-08-24,25.22641372680664,25.385126137587672,25.182326011715038,25.323403336459428,180700
2016-08-25,25.22641372680664,25.296952389178834,25.173508468696717,25.20877864077,108600
2016-08-26,25.050065994262695,25.34103818403169,24.96189224668359,25.20877840355021,162300
2016-08-29,25.03243064880371,25.085335905867154,25.03243064880371,25.06770082017934,122400
2016-08-30,25.085336685180664,25.1382402621133,25.04124896959148,25.050066512709314,186100
2016-08-31,25.24404525756836,25.28813296938797,25.102967943294097,25.23522939697868,144100
2016-09-01,25.33222007751465,25.393941194914568,25.244046331897202,25.27931650285391,181700
2016-09-02,25.473295211791992,25.53501632389529,25.429209183653686,25.44684426761868,340600
2016-09-06,26.06406021118164,26.06406021118164,25.808358189973507,25.91416534296502,288600
2016-09-07,26.134599685668945,26.231590980402956,26.064061020891778,26.143417228987893,322300
2016-09-08,26.046424865722656,26.205135583381807,26.037607323334775,26.090510895887824,222200
2016-09-09,25.605558395385742,25.870077945693943,25.605558395385742,25.870077945693943,334300
2016-09-12,25.24404525756836,25.261680342296202,25.005978340839444,25.085334540340497,582700
2016-09-13,25.014799118041992,25.23523266032311,24.908990277766293,25.15587645055995,177700
2016-09-14,24.847267150878906,24.997162014810815,24.803179436914036,24.8737180974835,159600
2016-09-15,25.06770133972168,25.1294224591339,24.811997637271777,24.935441557870586,152400
2016-09-16,24.91780662536621,24.997162831320754,24.847267962492662,24.997162831320754,200800
2016-09-19,25.014799118041992,25.147058907055772,24.970711400521093,24.970711400521093,149400
2016-09-20,25.155874252319336,25.244046316107315,25.12060408138469,25.182325198746003,160500
2016-09-21,25.6143741607666,25.623191703313932,25.402758184953548,25.446845897690192,179500
2016-09-22,25.825992584228516,25.90534710595919,25.790722412993258,25.85244353088063,125400
2016-09-23,25.48211669921875,25.552655364226176,25.44684820760225,25.52620441595741,134200
2016-09-26,25.552656173706055,25.60556143546843,25.42921392647615,25.42921392647615,157500
2016-09-27,25.667280197143555,25.70254868663186,25.543836279498652,25.59674153639261,228800
2016-09-28,25.720184326171875,25.720184326171875,25.57910700163175,25.57910700163175,208800
2016-09-29,25.702547073364258,25.82599098326098,25.649643501565222,25.781903271949925,200800
2016-09-30,25.596742630004883,25.693732241572324,25.464481163893492,25.55265491404295,190900
2016-10-03,25.57029151916504,25.605561694029443,25.50857039492684,25.59674415031334,180800
2016-10-04,25.40275764465332,25.57910512830054,25.332218987549282,25.52620155591607,301700
2016-10-05,25.5791072845459,25.623193318286905,25.50856862149565,25.587924827648976,120200
2016-10-06,25.438030242919922,25.508568906759006,25.393942526911495,25.464481190750575,216900
2016-10-07,25.58792495727539,25.605560043570886,25.438030087312463,25.605560043570886,120400
2016-10-10,25.623191833496094,25.684912949866696,25.570288259717614,25.579105802309744,180100
2016-10-11,25.53502082824707,25.623194581851617,25.46448216171833,25.623194581851617,234100
2016-10-12,25.44684600830078,25.48211449686912,25.393940752786843,25.473296954283462,132400
2016-10-13,25.341039657592773,25.44684849719527,25.31458702724854,25.323404570696617,173700
2016-10-14,25.40275764465332,25.52620155591607,25.393940102293534,25.455662898812033,190800
2016-10-17,25.526203155517578,25.605559359954263,25.499750526780563,25.570289188304915,262800
2016-10-18,25.781904220581055,25.7907217631677,25.640826902743274,25.72018310424881,222400
2016-10-19,25.737817764282227,25.922981110220405,25.72900022184123,25.790721337153958,144400
2016-10-20,25.729000091552734,25.77308612176022,25.64964389175986,25.729000091552734,192800
2016-10-21,25.870080947875977,25.931802071325578,25.781907193616057,25.86126340427254,169500
2016-10-24,25.993518829345703,26.0023363714683,25.887711687422954,25.993518829345703,101100
2016-10-25,25.905349731445312,25.949437449957642,25.83481106360009,25.887716325814882,195200
2016-10-26,24.653284072875977,25.217595027758666,24.52984183982709,25.182324857302245,724800
2016-10-27,24.811996459960938,25.01479657640256,24.72382439742682,24.917805289485884,1063900
2016-10-28,25.050065994262695,25.09415202716507,24.935441299651906,24.988344875489627,714500
2016-10-31,25.323400497436523,25.332218039466305,25.208775814597743,25.235228440687084,236700
2016-11-01,25.22641372680664,25.33222087947775,25.138239978397802,25.33222087947775,404100
2016-11-02,25.305768966674805,25.473297232307875,25.279316338629123,25.429211200672707,224800
2016-11-03,25.24404525756836,25.42921028366223,25.21759431225084,25.385124253616866,716400
2016-11-04,25.199960708618164,25.2969519985476,25.1558746759817,25.22641333726465,457500
2016-11-07,25.005977630615234,25.041246117294975,24.864900320347875,25.041246117294975,432300
2016-11-08,25.06770133972168,25.16469263124052,24.917806471817276,24.94425910089724,247900
2016-11-09,25.12942123413086,25.332219668534858,25.005979001323954,25.023612404743307,587500
2016-11-10,24.626832962036133,24.78554536447954,24.5210241331491,24.723824248368054,432200
2016-11-11,24.573928833007812,24.635649947724147,24.494572633579885,24.635649947724147,194000
2016-11-14,24.715007781982422,24.75027627196428,24.556295372628178,24.688555153165264,273100
2016-11-15,24.759090423583984,24.803176450466314,24.662099146313913,24.662099146313913,672200
2016-11-16,24.715007781982422,24.838450019580456,24.697372696104317,24.759093814903334,310000
2016-11-17,25.085336685180664,25.10297008964195,24.99716293577668,25.03243142647364,363800
2016-11-18,24.856082916259766,24.891351403135353,24.66210035223432,24.891351403135353,535800
2016-11-21,24.820816040039062,24.829633583371137,24.7414598318248,24.776730005153105,180100
2016-11-22,24.87371826171875,24.988344637009938,24.83844977208831,24.864902400641892,239000
2016-11-23,24.759090423583984,24.776725507046564,24.670916688045203,24.759090423583984,366600
2016-11-25,24.908987045288086,24.935439672367828,24.644467501587645,24.688553531612968,225400
2016-11-28,25.24404525756836,25.261680342296202,25.058881913248733,25.129420570385864,317000
2016-11-29,25.349855422973633,25.42039408383615,25.2175956440782,25.305769390599934,231200
2016-11-30,25.49093246459961,25.543836039221603,25.464479836401456,25.508567550065045,346000
2016-12-01,25.252864837646484,25.402759706380046,25.18232617481742,25.367491215852702,273100
2016-12-02,25.455663681030273,25.48211462714819,25.332219765974255,25.41157596787659,447900
2016-12-05,25.57029151916504,25.632012643403243,25.455666814404736,25.464482676346336,201500
2016-12-06,25.65846061706543,25.667278159180984,25.473295596187203,25.561469335568543,226200
2016-12-07,26.302127838134766,26.302127838134766,25.993520570271624,25.993520570271624,282200
2016-12-08,26.399120330810547,26.43438882149817,26.26686054762678,26.275676408967893,326500
2016-12-09,26.26685905456543,26.355031117159804,26.196318713651063,26.310945085862617,649200
2016-12-12,26.11696434020996,26.125780201099428,26.02879059534656,26.09051171221865,235300
2016-12-13,26.143413543701172,26.178683712005135,26.081692430943427,26.09050997301942,241200
2016-12-14,25.702547073364258,26.099328066292596,25.667278586089644,26.064057897243757,408000
2016-12-15,25.649646759033203,25.720185424314966,25.579108093751437,25.60556072389751,263600
2016-12-16,25.53502082824707,25.623194581851617,25.482117248794133,25.54383837178497,294800
2016-12-19,25.667280197143555,25.7378188578945,25.60555907920827,25.676097739959214,261000
2016-12-20,25.684913635253906,25.729001349390998,25.640827602891147,25.67609777420082,220700
2016-12-21,25.6143741607666,25.729000532107598,25.56147058725691,25.658461873503246,185000
2016-12-22,25.6937313079834,25.74663656521539,25.570289071324108,25.63201018965375,325400
2016-12-23,25.6937313079834,25.773087512057042,25.6937313079834,25.73781902234339,118900
2016-12-27,25.376306533813477,25.455662732759645,25.244045081053706,25.252862623355973,351400
2016-12-28,24.803180694580078,24.970710652592683,24.71500862572815,24.803180694580078,364900
2016-12-29,24.49457550048828,24.600382657593297,24.476940413712633,24.503393043876105,476500
2016-12-30,24.811996459960938,24.926622832094154,24.74145780086907,24.847266630394017,415300
2017-01-03,25.058879852294922,25.076514935572376,24.820811273371582,24.847263898287768,562400
2017-01-04,25.305768966674805,25.305768966674805,25.191142593584487,25.19996013626638,343000
2017-01-05,25.473295211791992,25.49974783773948,25.341035445602905,25.341035445602905,195800
2017-01-06,25.18232536315918,25.296951737670845,25.18232536315918,25.226413077115332,164600
2017-01-09,25.173507690429688,25.270498978858253,25.173507690429688,25.270498978858253,226000
2017-01-10,25.252864837646484,25.296952553023637,25.16469277044094,25.18232617481742,196300
2017-01-11,25.420392990112305,25.420392990112305,25.191141931729163,25.27931567445718,254800
2017-01-12,25.543834686279297,25.543834686279297,25.402757373576677,25.508566198990756,248600
2017-01-13,25.596742630004883,25.632011121000026,25.55265491404295,25.56147245723534,167500
2017-01-17,25.56147003173828,25.587922658805383,25.49093137466692,25.54383494702688,262200
2017-01-18,25.420392990112305,25.570287848217653,25.385124502085652,25.561470305767426,200600
2017-01-19,25.438030242919922,25.52620399316238,25.36749157908084,25.42921269971824,227200
2017-01-20,25.499752044677734,25.543838080089333,25.43803092239171,25.464481870928893,226200
2017-01-23,25.702547073364258,25.72899970015089,25.535017133930715,25.570287302979555,242200
2017-01-24,25.711366653442383,25.773087772395485,25.640827991528212,25.640827991528212,245100
2017-01-25,26.2227725982666,26.2227725982666,25.975886438556735,25.98470398159363,294700
2017-01-26,26.240406036376953,26.35503072510909,26.152232293319933,26.231588493893824,210500
2017-01-27,26.16105079650879,26.249224542803788,26.01997347514652,26.090512135827655,519700
2017-01-30,26.231590270996094,26.258042900237555,26.07287785909608,26.11696557449852,363300
2017-01-31,26.0728759765625,26.40793586233125,25.508566714351037,25.99351977634223,1243700
2017-02-01,25.75545310974121,25.843626859026568,25.658463499124267,25.781905739059134,238800
2017-02-02,25.596742630004883,25.632011121000026,25.490933793470653,25.56147245723534,330900
2017-02-03,25.57029151916504,25.667282818267644,25.490935307494635,25.490935307494635,244600
2017-02-06,25.517385482788086,25.517385482788086,25.39394156441772,25.508567939920606,162000
2017-02-07,25.5791072845459,25.623193318286905,25.54383711213358,25.5791072845459,171400
2017-02-08,25.632007598876953,25.658460224819226,25.587921570747337,25.623190056896195,128600
2017-02-09,25.53502082824707,25.63201212538952,25.47329970525623,25.59674363301238,233100
2017-02-10,25.49093246459961,25.517385092797763,25.411576261779466,25.446846432710338,259700
2017-02-13,25.632007598876953,25.67609530878074,25.57028648678582,25.623190056896195,258100
2017-02-14,25.667280197143555,25.6937311438162,25.57028890794563,25.632010025880916,133800
2017-02-15,25.720184326171875,25.737819412182983,25.53501928660398,25.561471915620643,171700
2017-02-16,25.834810256958008,25.834810256958008,25.729003099381046,25.755454047888065,195700
2017-02-17,25.773082733154297,25.773082733154297,25.640822978146904,25.720179167506146,201100
2017-02-21,25.64082908630371,25.6584641729788,25.517386843126946,25.552655334702695,426000
2017-02-22,25.852445602416992,25.878898232963067,25.667282233917877,25.667282233917877,1295900
2017-02-23,25.773082733154297,25.817170439339446,25.693726543795055,25.790717815628355,553100
2017-02-24,25.949434280395508,25.958251823020966,25.764269248809487,25.773086791434945,232800
2017-02-27,25.86126136779785,25.94943511511443,25.817175335026736,25.94943511511443,227100
2017-02-28,25.781904220581055,25.852442879499943,25.737818189422104,25.834807794326647,204100
2017-03-01,25.75545310974121,25.781905739059134,25.676098585336216,25.693731989773777,632800
2017-03-02,25.720184326171875,25.817175617458602,25.693731697155215,25.720184326171875,414800
2017-03-03,25.781904220581055,25.781904220581055,25.649644445329923,25.72900064683546,408800
2017-03-06,26.028791427612305,26.090512546457916,25.61437531803574,25.746636780447027,1264800
2017-03-07,26.2227725982666,26.31094634686115,26.143416392708943,26.152233935745837,344900
2017-03-08,26.249223709106445,26.319762367547213,26.169867508138797,26.196318453945164,250600
2017-03-09,26.302127838134766,26.38148404077884,26.231589178203844,26.284492752708456,289700
2017-03-10,26.57546615600586,26.610736328478765,26.49610994971621,26.52256257907089,402900
2017-03-13,26.769447326660156,26.804715815495218,26.707726209868074,26.707726209868074,289000
2017-03-14,26.690092086791992,26.73417811986878,26.646004371940844,26.71654303392832,222700
2017-03-15,27.033967971801758,27.11332417710597,26.80471689889786,26.80471689889786,236100
2017-03-16,27.351390838623047,27.527736640873762,27.32493821148703,27.395476868742165,275300
2017-03-17,27.483652114868164,27.536555690261235,27.457199486284456,27.492469657729398,172500
2017-03-20,27.474836349487305,27.58064518889308,27.430750314103328,27.51892238487128,201900
2017-03-21,27.430747985839844,27.677632453874207,27.39547781510676,27.598276251499072,235500
2017-03-22,27.571826934814453,27.589462021223287,27.439567150296988,27.466018098135837,349400
2017-03-23,27.554189682006836,27.64236342534411,27.492468566203023,27.571824767029145,270200
2017-03-24,27.589462280273438,27.6600009447967,27.554192107124596,27.607095685073435,251300
2017-03-27,27.651180267333984,27.677631212423062,27.536553899367217,27.60709255589514,190600
2017-03-28,27.765806198120117,27.783441283486145,27.677632453064295,27.704085081113334,404500
2017-03-29,27.607093811035156,27.633546439101117,27.536555151300234,27.624728896412464,729900
2017-03-30,27.906883239746094,27.933335867531852,27.87161475113937,27.906883239746094,218600
2017-03-31,27.571826934814453,27.589462021223287,27.42193206388815,27.43074960709257,165400
2017-04-03,27.801076889038086,27.818710292959743,27.668815428092454,27.765806717646093,311500
2017-04-04,27.889249801635742,27.89806734475174,27.809895277140534,27.83634622471414,237800
2017-04-05,27.783443450927734,27.906885694571276,27.756990820815073,27.801078537669508,224900
2017-04-06,27.598276138305664,27.615911223599877,27.501286532736096,27.56300764949154,148600
2017-04-07,27.615909576416016,27.65999728702188,27.589458631826695,27.60709203429484,243900
2017-04-10,27.510101318359375,27.59827337244536,27.43956266602611,27.51891717834867,199300
2017-04-11,27.404294967651367,27.404294967651367,27.18386144903069,27.3073036812905,286300
2017-04-12,27.37784194946289,27.404294576758794,27.289669888691723,27.386659491894857,178600
2017-04-13,27.15740966796875,27.28085358585111,27.148593806910462,27.28085358585111,304300
2017-04-17,27.430747985839844,27.430747985839844,27.34257424078144,27.36020932614798,233300
2017-04-18,27.37784194946289,27.42192966162273,27.316120834213372,27.42192966162273,239000
2017-04-19,28.109683990478516,28.118501533800373,27.36902885096112,27.466018463952707,1024900
2017-04-20,28.109683990478516,28.330119209976118,28.109683990478516,28.215492828566386,849800
2017-04-21,28.021507263183594,28.12731440191019,27.968602012046148,28.092045916259377,297600
2017-04-24,28.09204864501953,28.136134676808943,28.030327527804623,28.07441355959404,261000
2017-04-25,28.33893394470215,28.41829014966906,28.321298858759643,28.391839202529663,273400
2017-04-26,28.25957679748535,28.41828920212728,28.215490765873398,28.39183825586983,567600
2017-04-27,29.41465187072754,29.494008079008413,29.388200922483534,29.423467732292586,457200
2017-04-28,29.282386779785156,29.282386779785156,29.158944551852784,29.27357091931075,237100
2017-05-01,29.449920654296875,29.47637160129262,29.344110139216504,29.352929363914217,750500
2017-05-02,29.405832290649414,29.56454470529531,29.335295308333915,29.46755341150628,521700
2017-05-03,29.39701271057129,29.432282879041892,29.282386344816015,29.388196850227835,118300
2017-05-04,29.52927589416504,29.52927589416504,29.36174426586842,29.379379351139043,127400
2017-05-05,29.758527755737305,29.758527755737305,29.54691007840167,29.564545165142047,195500
2017-05-08,29.687986373901367,29.705621460027015,29.626265254235985,29.687986373901367,234400
2017-05-09,29.970142364501953,29.97895822519507,29.84669676995862,29.926052970390785,182900
2017-05-10,29.864334106445312,29.89078841761618,29.776162038672503,29.776162038672503,200400
2017-05-11,29.60862922668457,29.617445086691223,29.46754855819196,29.54690475244492,223300
2017-05-12,29.63508415222168,29.687986046466396,29.582178894428246,29.582178894428246,133500
2017-05-15,29.73207664489746,29.74971173154145,29.68798724651306,29.68798724651306,126100
2017-05-16,29.802610397338867,29.846696427395514,29.64389799829615,29.67035230716893,157100
2017-05-17,29.767343521118164,30.05831740607056,29.74971179798365,30.014231371136553,448600
2017-05-18,30.023040771484375,30.049495077590674,29.890782695145443,29.917233637703603,383700
2017-05-19,29.934873580932617,29.952508666684068,29.82024720532252,29.9084192705311,239700
2017-05-22,29.970142364501953,30.04067934069247,29.926052970390785,30.04067934069247,941200
2017-05-23,29.908418655395508,30.040680114036796,29.873151848166632,30.040680114036796,258000
2017-05-24,29.917236328125,29.926052188587807,29.82906426930317,29.908417104113752,116000
2017-05-25,30.075950622558594,30.093585708145376,29.97014347258655,29.97014347258655,111200
2017-05-26,30.181758880615234,30.190578105506738,29.99659552047896,30.09358681299285,150300
2017-05-30,30.243478775024414,30.29638403158309,30.10240145441658,30.18175765748028,165000
2017-05-31,30.701980590820312,30.746066622389606,30.48154706942525,30.66671042014544,579100
2017-06-01,30.96649932861328,31.0194045832329,30.843057098049353,30.860692182922563,334900
2017-06-02,31.34564208984375,31.389728115815625,31.178113845731357,31.213384011928127,570800
2017-06-05,31.38973045349121,31.44263570672636,31.2751074501377,31.36327950864785,205600
2017-06-06,31.583709716796875,31.663065906579703,31.51317275007218,31.56607463422868,276500
2017-06-07,31.328014373779297,31.469091708193666,31.239842301101177,31.45145662094825,140100
2017-06-08,31.275108337402344,31.34564531350189,31.169297827930237,31.34564531350189,272000
2017-06-09,30.869504928588867,31.04585239597745,30.728427627387635,31.04585239597745,275300
2017-06-12,31.336833953857422,31.363284903250445,31.08113023122818,31.15167058100825,472200
2017-06-13,31.054676055908203,31.17811829165127,31.02822174571422,31.14284812042506,463700
2017-06-14,31.160478591918945,31.24865064337964,31.072306540458253,31.23101556037787,237100
2017-06-15,31.06348991394043,31.116395167368367,30.90477751720507,31.045854829464453,205300
2017-06-16,31.07230567932129,31.107572480799288,31.028216291264677,31.06348645629074,254600
2017-06-19,31.310373306274414,31.37209778161853,31.239836334314223,31.275106502068482,113000
2017-06-20,31.081127166748047,31.23102034992829,31.081127166748047,31.2133886277707,126400
2017-06-21,30.904781341552734,30.93123565331454,30.781339098493824,30.93123565331454,197400
2017-06-22,30.76369857788086,30.816603828510683,30.640256356626203,30.640256356626203,184400
2017-06-23,30.798969268798828,30.834239436485255,30.710797213131084,30.754883240964958,83000
2017-06-26,30.807788848876953,30.992955569814754,30.807788848876953,30.93123445068506,144300
2017-06-27,30.3757381439209,30.631441821031768,30.366918919993815,30.525631315197224,252400
2017-06-28,30.22584342956543,30.26111360030123,29.978958961512063,30.04949930298366,339000
2017-06-29,29.873153686523438,30.0318661012405,29.75852730621693,30.0318661012405,265800
2017-06-30,29.99659538269043,30.084767449907797,29.899604090622066,30.084767449907797,98300
2017-07-03,29.73207664489746,29.864334749404097,29.68798724651306,29.70562233315705,165600
2017-07-05,29.820247650146484,29.837882736160996,29.670354464346232,29.670354464346232,211700
2017-07-06,29.379377365112305,29.449917701426315,29.326472112876797,29.423463393534377,489600
2017-07-07,28.55055046081543,28.568185546046585,28.391838057283614,28.480010119890807,1233700
2017-07-10,29.061952590942383,29.141308787554628,28.991415618147258,29.053136730673632,176300
2017-07-11,29.238304138183594,29.2471199996795,29.026686463244598,29.10604267090312,359900
2017-07-12,29.705617904663086,29.714437128444743,29.546905512076773,29.55572473585843,262500
2017-07-13,29.643898010253906,29.670352319137358,29.56454181070054,29.57336103484452,92600
2017-07-14,29.696802139282227,29.732072307424804,29.626261802997067,29.723253083614978,132600
2017-07-17,29.652719497680664,29.732075703291,29.529277258630973,29.652719497680664,142000
2017-07-18,29.873153686523438,29.881969547986017,29.723257133268955,29.749711444754347,181100
2017-07-19,30.01422691345215,30.049497081580608,29.926051493131002,29.970140885065756,100000
2017-07-20,30.516815185546875,30.66670835550059,29.94368672308631,30.005407835837648,989600
2017-07-21,30.46391487121582,30.587357116728153,30.384558661450903,30.516820132242074,610200
2017-07-24,30.287565231323242,30.314019541747477,30.172942219163403,30.269933509105332,128800
2017-07-25,30.199390411376953,30.26993074800894,30.172939466914148,30.20820627168176,144100
2017-07-26,30.278751373291016,30.32283740884965,30.102403867507565,30.225846112491308,145700
2017-07-27,30.922414779663086,30.957684951099253,30.35810549087912,30.375740576597202,358900
2017-07-28,30.675533294677734,30.728435193436255,30.44628052156081,30.631447257862636,92700
2017-07-31,30.798969268798828,30.807785128946275,30.66670782174889,30.737248157121744,94500
2017-08-01,30.89596176147461,30.966498736069195,30.860691592403093,30.869507452896745,106700
2017-08-02,30.984134674072266,31.01940484411531,30.94004864329273,30.9929538983573,164800
2017-08-03,30.984134674072266,31.01940484411531,30.91359769753472,30.96649958905074,137000
2017-08-04,30.940046310424805,30.966497254188425,30.807784864510122,30.89596028296934,138800
2017-08-07,30.807788848876953,30.82542393484954,30.701981696590156,30.719616782562742,137200
2017-08-08,30.88714599609375,30.984137290127027,30.8518791866216,30.8518791866216,157200
2017-08-09,31.001771926879883,31.054677185643826,30.87832968664612,30.966501754370583,94600
2017-08-10,30.68434715270996,31.028222926378756,30.675531291342285,30.97532103107512,179700
2017-08-11,30.719615936279297,30.77252119273959,30.366920953641273,30.631443872394108,141900
2017-08-14,30.710798263549805,30.83424049112614,30.68434395510599,30.710798263549805,173500
2017-08-15,30.88714599609375,30.9136003076339,30.81660901360062,30.82542487508145,64600
2017-08-16,31.037036895751953,31.0634878389248,30.843054343022512,30.86068942632048,85600
2017-08-17,30.984134674072266,31.17811724576047,30.96649958905074,31.169298021475434,118000
2017-08-18,30.869504928588867,31.00176637001735,30.84305398572244,30.966496203829998,105100
2017-08-21,30.68434715270996,30.746068272930064,30.631445257406323,30.710801463910567,66200
2017-08-22,30.649070739746094,30.70197598782659,30.587349632092902,30.5961688552137,505200
2017-08-23,30.76369857788086,30.83423891205396,30.72842841079431,30.79014952142164,89500
2017-08-24,30.622621536254883,30.693161871034206,30.604986452560052,30.675526787339376,118500
2017-08-25,30.72843360900879,30.82542490313032,30.666712487940327,30.666712487940327,123300
2017-08-28,30.68434715270996,30.763703359214205,30.657896205058144,30.763703359214205,80300
2017-08-29,30.807788848876953,30.895964278739886,30.657895663433052,30.657895663433052,133700
2017-08-30,30.675533294677734,30.737254418928675,30.613812170426794,30.719619331492837,71600
2017-08-31,30.957687377929688,31.001773413906545,30.825425906450178,30.825425906450178,69900
2017-09-01,30.746065139770508,30.825421338188008,30.72843005528346,30.816605477718703,97500
2017-09-05,30.507997512817383,30.56971862870681,30.366920195991753,30.525632597864153,99000
2017-09-06,30.798969268798828,30.860690380475916,30.728428933425977,30.737248157121744,104800
2017-09-07,30.65789031982422,30.754881593993698,30.622620154026563,30.69316048562187,88300
2017-09-08,30.40219497680664,30.52563722730644,30.322838763835474,30.46391610205654,210700
2017-09-11,30.472732543945312,30.50799935261709,30.402192199504256,30.41982728561452,182700
2017-09-12,30.35810661315918,30.419827733679845,30.296385492638517,30.419827733679845,86300
2017-09-13,30.296382904052734,30.3933741890263,30.252296873668893,30.3933741890263,76500
2017-09-14,30.322834014892578,30.34928496055739,30.199391783725407,30.199391783725407,94100
2017-09-15,30.48154640197754,30.5079973476302,30.331653225214406,30.331653225214406,105200
2017-09-18,30.41982650756836,30.52563365797497,30.384556336249933,30.49036685020521,83500
2017-09-19,30.40219497680664,30.455100239970438,30.358108939278008,30.419830064527908,90400
2017-09-20,30.084768295288086,30.24348071157817,29.987777000494273,30.24348071157817,141800
2017-09-21,29.820247650146484,29.90841971667031,29.758526530870057,29.90841971667031,309200
2017-09-22,29.79379653930664,29.89960369126401,29.749710506286796,29.855517658244164,144800
2017-09-25,29.934873580932617,29.970143752435522,29.864333237926807,29.92605435628255,120700
2017-09-26,30.023040771484375,30.067126796930687,29.917233637703603,29.952503803479907,161000
2017-09-27,30.12885284423828,30.208209048469627,30.005410607333673,30.049500003555625,199200
2017-09-28,30.1464900970459,30.22584630698163,30.1200391482503,30.190579496437138,99600
2017-09-29,30.261112213134766,30.2875631581998,30.120034900207152,30.261112213134766,116200
2017-10-02,30.11121940612793,30.146486212127652,29.987773812709147,29.99659303687045,155200
2017-10-03,30.31401824951172,30.340469195259708,30.234662048719205,30.322834110244866,104400
2017-10-04,30.39337730407715,30.41101239074783,30.296386009162838,30.349287905626017,107600
2017-10-05,30.525632858276367,30.543267943473584,30.402190625444433,30.525632858276367,149900
2017-10-06,30.46391487121582,30.49918504523332,30.358107712712236,30.37574279972099,107900
2017-10-09,30.596174240112305,30.70198139134715,30.57853915431505,30.596174240112305,69200
2017-10-10,30.94886589050293,30.957685115183054,30.86950968612528,30.887144771936835,124900
2017-10-11,31.08994483947754,31.142850099679194,31.08994483947754,31.134034238086688,79200
2017-10-12,31.204566955566406,31.2574722085355,31.142845842210004,31.142845842210004,112100
2017-10-13,31.530811309814453,31.592535793968512,31.45145510281501,31.469090189209197,151500
2017-10-16,31.539628982543945,31.636620271164087,31.486723725965145,31.53080975800649,157000
2017-10-17,31.46027183532715,31.486722781048435,31.398550719611787,31.477906920324187,105600
2017-10-18,31.636621475219727,31.689523370263274,31.530810958035097,31.5396301829082,132400
2017-10-19,31.610170364379883,31.61898959014585,31.48672811204922,31.59253863994617,85300
2017-10-20,31.548444747924805,31.557263972435532,31.425002513163673,31.442637598636495,83800
2017-10-23,31.654254913330078,31.733611115312467,31.645435688916148,31.707156805619274,122000
2017-10-24,32.49190139770508,32.71233493056209,32.218565969633595,32.43018027758902,247300
2017-10-25,32.077484130859375,32.13920524229323,31.954041907991666,32.05102982342464,279600
2017-10-26,32.51835250854492,32.597708707105504,32.44781217046954,32.51835250854492,115600
2017-10-27,33.09148025512695,33.09148025512695,32.83577991810865,32.94158707010066,136500
2017-10-30,33.05621337890625,33.24137673539898,32.932767777695716,32.97685717418812,307700
2017-10-31,33.28546142578125,33.32073159613307,33.06502790640522,33.162019193098445,361500
2017-11-01,33.2325553894043,33.40890287347129,33.04739204473078,33.40890287347129,230500
2017-11-02,33.26782989501953,33.27664912032404,33.117936700332194,33.18847368502361,145800
2017-11-03,33.311912536621094,33.34718270714746,33.17083521806423,33.311912536621094,113500
2017-11-06,33.24137878417969,33.285464819840556,33.100301451935565,33.206108610231425,168500
2017-11-07,33.67341995239258,33.67341995239258,33.541161871687,33.611698842020324,105700
2017-11-08,34.17601013183594,34.51988923504432,34.07902221218832,34.07902221218832,112500
2017-11-09,33.98202896118164,34.00847990468579,33.620518157915804,33.937942934158635,214600
2017-11-10,34.17601013183594,34.2289153854561,34.08783807268412,34.08783807268412,102400
2017-11-13,33.84095764160156,33.85859272823931,33.50589772258206,33.66461013877294,87500
2017-11-14,33.82331848144531,33.867404510955744,33.75277814338986,33.76159736742102,81400
2017-11-15,33.417724609375,33.47944572890527,33.07384547600084,33.23255788723546,134100
2017-11-16,33.92913055419922,34.04375693841801,33.80568830821696,33.86740943120809,151300
2017-11-17,33.752777099609375,33.81449821172499,33.73514201564087,33.81449821172499,137000
2017-11-20,33.81449890136719,33.84095320963365,33.743961927602896,33.81449890136719,81100
2017-11-21,33.92913055419922,34.079027112569776,33.88504451828397,33.91149546712333,175100
2017-11-22,33.95557403564453,33.96439325901745,33.86740198320454,33.937942315995095,172900
2017-11-24,34.167198181152344,34.2641894754473,34.08784197341546,34.2641894754473,47400
2017-11-27,34.14956283569336,34.14956283569336,34.0173047328338,34.11429266284462,126800
2017-11-28,34.264183044433594,34.281818127681746,34.13192160184653,34.22891287793728,109800
2017-11-29,33.779232025146484,34.07020250707779,33.682240743319916,34.043751562415416,118400
2017-11-30,33.83213424682617,33.92912552960555,33.805683301903954,33.92030966914762,110000
2017-12-01,33.47062683105469,33.62933924383973,33.29427933201033,33.54116717609194,150300
2017-12-04,33.311912536621094,33.65578829038167,33.28546159050062,33.65578829038167,184700
2017-12-05,33.40009307861328,33.47063006692112,33.35600704047725,33.45299497895688,136200
2017-12-06,33.549983978271484,33.57643829017669,33.40890664778961,33.42654173454345,91500
2017-12-07,33.68224334716797,33.75278032623671,33.62052222915207,33.62052222915207,95400
2017-12-08,33.81449890136719,33.92912526772612,33.68224081422849,33.902674323008064,116900
2017-12-11,33.92913055419922,33.93794977951163,33.84095848236873,33.91149546712333,98800
2017-12-12,34.07902145385742,34.105472398304684,33.90267397592944,33.99084603311924,70700
2017-12-13,34.09665298461914,34.1583774605664,33.9643948995708,34.0261160119697,55600
2017-12-14,33.89385986328125,34.00848624575237,33.85859305321611,34.00848624575237,114700
2017-12-15,33.90267562866211,33.920310713669444,33.814500203625435,33.840954512910706,108500
2017-12-18,34.09665298461914,34.11428806866859,33.9643948995708,33.9643948995708,99900
2017-12-19,33.89385986328125,34.052572280995456,33.85859305321611,34.034937194188444,105400
2017-12-20,33.79686737060547,34.026116741063845,33.770413062190265,34.0173008806244,464700
2017-12-21,33.911495208740234,33.99085141820261,33.90267934704393,33.920314433985446,303100
2017-12-22,33.911495208740234,34.03493745378195,33.77923710200222,34.03493745378195,188600
2017-12-26,34.04375076293945,34.04375076293945,33.71751012008741,33.840952343677465,205000
2017-12-27,33.1884765625,33.33837313373246,33.029764128747615,33.28546786796526,193700
2017-12-28,33.00330352783203,33.206101941986425,32.915131474216466,33.14438083174588,161100
2017-12-29,32.97685623168945,33.02975812429043,32.81814382678929,32.98567209260674,151800
2018-01-02,33.135562896728516,33.135562896728516,32.95921543699269,33.06502256741498,172600
2018-01-03,33.46180725097656,33.51470914032656,33.21491943433243,33.26782468723083,119300
2018-01-04,33.691062927246094,33.75278405207515,33.45299428995587,33.523534640359955,184700
2018-01-05,33.514713287353516,33.567618546798286,33.267828803708916,33.32073406315369,370500
2018-01-08,33.68224334716797,33.75278032623671,33.55880111113617,33.55880111113617,237200
2018-01-09,34.09665298461914,34.17600918106749,33.946759815521354,34.0878371243686,455300
2018-01-10,34.131919860839844,34.20246019023433,33.98202670619861,33.98202670619861,186100
2018-01-11,34.484622955322266,34.484622955322266,34.25537019399368,34.29945959209067,143200
2018-01-12,34.29945755004883,34.33472435745843,34.10547497332719,34.13192591977155,278000
2018-01-16,34.36117935180664,34.66096908382511,34.334725041286774,34.63451477330524,271700
2018-01-17,34.7932243347168,34.88139975665216,34.51106971162049,34.56397496478171,309100
2018-01-18,34.40525817871094,34.48461436655264,34.29945104943799,34.35235293230047,286200
2018-01-19,34.6786003112793,34.69623203159922,34.590424891938056,34.65214600370276,192300
2018-01-22,34.890220642089844,34.890220642089844,34.68742218775337,34.757959171912226,137200
2018-01-23,34.837318420410156,34.87258859734091,34.766781430097865,34.87258859734091,133500
2018-01-24,34.828495025634766,34.97838819984942,34.67860185142011,34.91666708534356,283000
2018-01-25,34.722686767578125,34.84612899263055,34.65214643123482,34.757953572201416,188500
2018-01-26,34.99602508544922,34.99602508544922,34.73150552916177,34.8020458713977,244900
2018-01-29,34.58161163330078,34.705053866116565,34.528706377716055,34.65214861053184,171600
2018-01-30,35.39280319213867,35.43688922063765,35.022476516489206,35.022476516489206,343900
2018-01-31,35.46334457397461,35.86012220571011,35.33108312103046,35.76313428557267,412400
2018-02-01,35.101829528808594,35.181185718327,34.8813960427628,35.0489242812803,409600
2018-02-02,34.78440475463867,35.181185702047095,34.74913458963613,35.110645372042015,303500
2018-02-05,33.02094650268555,34.04375804138182,32.99449218944017,33.92031579140023,1026700
2018-02-06,33.691062927246094,33.779238365251196,33.012127190577466,33.0473973657795,1027400
2018-02-07,33.08266067504883,33.426536403028614,33.08266067504883,33.24137306697001,446400
2018-02-08,32.10393524169922,33.012120197704554,32.10393524169922,33.012120197704554,624200
2018-02-09,32.13921356201172,32.3860980716569,31.39855666952699,32.3860980716569,932100
2018-02-12,32.71232986450195,32.791686058582776,32.28028209059946,32.438994478761096,506600
2018-02-13,32.359642028808594,32.41254392195124,32.06866816232942,32.156843590148256,558600
2018-02-14,32.75642013549805,32.78287107971984,31.998128341355407,32.086300397793615,686200
2018-02-15,33.06502914428711,33.109115177103085,32.74760432633416,32.985672939798874,505400
2018-02-16,33.24137878417969,33.36482102944968,33.029761104039046,33.10911731364817,467100
2018-02-20,32.571258544921875,32.765241135775,32.5183566481793,32.659433978740964,403900
2018-02-21,32.70351791381836,33.12674987832551,32.694702052777,32.89750049221488,409100
2018-02-22,32.562442779541016,32.78287631941684,32.509537519093215,32.659434075254204,451300
2018-02-23,33.10911560058594,33.10911560058594,32.756423969998316,32.826960950696346,274900
2018-02-26,33.541168212890625,33.5764383864995,33.311915447981846,33.311915447981846,225800
2018-02-27,33.66460418701172,33.95557465622006,33.66460418701172,33.78804640810303,425800
2018-02-28,33.61170196533203,33.95557771608816,33.61170196533203,33.823319623092715,414300
2018-03-01,32.6947021484375,33.18847109336622,32.56244068758949,33.162020146616086,460200
2018-03-02,32.782875061035156,32.84459618074729,32.2802868784942,32.41254497921359,360700
2018-03-05,32.941585540771484,32.976855710980956,32.53598867400821,32.58889056577386,260100
2018-03-06,32.74760437011719,32.853411521726734,32.632977993803436,32.67706739022706,313100
2018-03-07,32.51835250854492,32.56243853806781,32.280283912863176,32.280283912863176,306300
2018-03-08,32.50953674316406,32.56244200234913,32.359643554129576,32.447815622555886,327600
2018-03-09,32.66824722290039,32.809324542158656,32.315555606529045,32.42136275508559,599000
2018-03-12,32.87105178833008,32.9239570542475,32.809330659867705,32.81814988596189,438400
2018-03-13,32.74760437011719,32.93276772632107,32.650613079663145,32.92395186516556,375900
2018-03-14,32.809322357177734,32.93276458286434,32.74760124433443,32.88867855419746,282200
2018-03-15,32.82695770263672,32.906313900288076,32.756420728917966,32.87986295558709,207800
2018-03-16,32.65061569213867,32.712336815811796,32.49190327025094,32.59771379387541,394200
2018-03-19,32.18329620361328,32.34200861835884,32.02458378886772,32.34200861835884,917300
2018-03-20,32.37726974487305,32.456625930073145,32.0862959446234,32.13920118927276,662000
2018-03-21,32.465450286865234,32.756424163276925,32.27146770259077,32.31555709977952,1340600
2018-03-22,32.67706298828125,33.01211948383394,32.48308043350466,32.66824376476509,1589200
2018-03-23,31.7071590423584,32.19211214932843,31.7071590423584,32.17448042635395,1490300
2018-03-26,32.077484130859375,32.077484130859375,31.707154098707942,31.980492851878086,303800
2018-03-27,31.654254913330078,32.262650219495995,31.56607948693376,32.165658932234344,346400
2018-03-28,31.989309310913086,32.16565678840362,31.84823200163033,31.927588198323654,354700
2018-03-29,32.13921356201172,32.28029090517313,31.812972836616414,32.06867320865642,441100
2018-04-02,31.654254913330078,32.12157290081048,31.5219934555099,32.051032559693425,475400
2018-04-03,31.90995216369629,31.92758724727487,31.5043553320337,31.751239775037316,426200
2018-04-04,31.848230361938477,31.88350052833039,31.354461486644485,31.389728289488204,519700
2018-04-05,32.16565704345703,32.35963960658962,32.10393593037819,32.16565704345703,268400
2018-04-06,31.319196701049805,31.671888334918556,31.26629144237254,31.618986439790067,465600
2018-04-09,31.56608009338379,31.848234736175595,31.557264232349084,31.777697757251975,367800
2018-04-10,32.37726974487305,32.49189272962483,32.23619245602264,32.28909433712411,376800
2018-04-11,32.18329620361328,32.333189393345855,32.148026030658976,32.2097471515546,296300
2018-04-12,32.077484130859375,32.130386018632215,31.98930871199079,32.03339810319924,214700
2018-04-13,31.733612060546875,31.909956191495002,31.61898568459164,31.874689383434596,444800
2018-04-16,31.865873336791992,31.97168049862292,31.830603161665337,31.954048774608626,256800
2018-04-17,32.13039016723633,32.183295425388486,31.945226809026884,32.04221810053147,520300
2018-04-18,31.989309310913086,32.033398702947,31.918772338045894,31.971674226809196,226800
2018-04-19,31.75124740600586,31.883508882858294,31.707161368238076,31.883508882858294,226900
2018-04-20,31.777692794799805,31.901135011300713,31.71597168654935,31.901135011300713,207200
2018-04-23,31.486719131469727,31.65425073774897,31.43381724615893,31.645431514498405,229600
2018-04-24,31.292749404907227,31.67189203058081,31.248660002423843,31.636625217562937,395300
2018-04-25,30.40219497680664,30.878332254633634,30.349289713642843,30.684349653248773,376600
2018-04-26,30.587356567382812,30.798974244138275,30.569721480690788,30.73725312249061,654400
2018-04-27,30.35810661315918,30.59617523383123,30.340471526789162,30.578540147461208,466400
2018-04-30,30.25229835510254,30.43746170991111,30.199393097922083,30.375740591641584,476400
2018-05-01,30.33165168762207,30.349283408131026,30.190574378711897,30.26993057519564,270800
2018-05-02,30.1464900970459,30.34928855275967,30.1200391482503,30.34928855275967,260000
2018-05-03,30.137672424316406,30.243479576689758,30.005410961188172,30.128853199548537,340200
2018-05-04,30.366920471191406,30.41100986598217,30.04949902811853,30.075949974154124,329000
2018-05-07,30.60498809814453,30.631442406883334,30.358103640238877,30.41982475471529,472300
2018-05-08,30.613807678222656,30.631442763070766,30.45509527813821,30.587353369176242,339300
2018-05-09,30.48154640197754,30.64907466369196,30.411009425720927,30.56090260248406,275100
2018-05-10,30.60498809814453,30.61380732224029,30.499180953834745,30.587353013501488,176000
2018-05-11,30.60498809814453,30.622623182787574,30.507996814382032,30.552086207763875,222400
2018-05-14,30.507997512817383,30.66670991468978,30.507997512817383,30.66670991468978,202400
2018-05-15,30.22584342956543,30.331653941772824,30.155306451642442,30.331653941772824,305400
2018-05-16,30.243478775024414,30.269933085078073,30.14648748644116,30.261113860543976,267700
2018-05-17,30.17294692993164,30.287569959987064,30.128857526857328,30.217032969456742,392200
2018-05-18,30.199390411376953,30.375737889408537,30.172939466914148,30.26993074800894,332700
2018-05-21,30.190576553344727,30.252297670216937,30.146487158251485,30.243478445778848,203500
2018-05-22,30.10240364074707,30.26111605840171,30.10240364074707,30.22584588480093,217200
2018-05-23,30.199390411376953,30.199390411376953,30.05831310166136,30.128850074744964,230000
2018-05-24,30.04949951171875,30.18175760757379,29.926053913285955,30.128852351102594,237400
2018-05-25,30.287565231323242,30.32283540285643,30.12003696186362,30.12003696186362,217200
2018-05-29,30.031862258911133,30.19939051365692,29.926051753604796,30.172939569104532,445200
2018-05-30,30.120033264160156,30.199389458593284,29.846694513657557,30.02304198612542,391000
2018-05-31,30.01422691345215,30.181755166739784,29.99659182938792,30.120034054289164,290300
2018-06-01,29.9525089263916,30.06713193944687,29.943689701665065,30.02304590646033,226500
2018-06-04,30.217025756835938,30.3228328991505,30.1905748121444,30.261111785837972,455000
2018-06-05,30.040681838989258,30.243480287281713,29.996595804760258,30.208210114478987,448500
2018-06-06,30.031862258911133,30.09358337189897,29.952506061705574,30.04949734312886,582800
2018-06-07,29.98777198791504,30.111217573822003,29.926050876735708,30.05831232271902,288800
2018-06-08,30.075950622558594,30.075950622558594,29.952508386999764,30.075950622558594,324900
2018-06-11,30.181758880615234,30.269934311786397,30.09358681299285,30.111221899227083,299000
2018-06-12,29.92605209350586,30.102399574137664,29.829064174529375,30.102399574137664,316000
2018-06-13,29.908418655395508,29.99659408233924,29.820246592000395,29.99659408233924,282300
2018-06-14,29.89078712463379,29.978959188592547,29.83788186812935,29.970143327616125,239200
2018-06-15,29.740890502929688,29.864332737572987,29.582178097374406,29.829065930209637,372600
2018-06-18,29.405832290649414,29.52927789591197,29.344111169792544,29.52045867090452,439600
2018-06-19,29.39701271057129,29.51163907632656,29.308840652943168,29.388196850227835,628600
2018-06-20,29.317659378051758,29.538092907210043,29.273573344929847,29.52927704600515,378800
2018-06-21,29.1148624420166,29.211853738034907,29.02668700765955,29.158948477420676,208400
2018-06-22,29.555727005004883,29.66153415366967,29.502821748898185,29.64389906830077,270800
2018-06-25,29.326473236083984,29.564541834939277,29.167764200395617,29.3970135750997,423300
2018-06-26,29.617448806762695,29.661534839429887,29.50282243098905,29.546908463656237,482800
2018-06-27,28.6210880279541,29.12367619497826,28.612272166931156,28.920877755964007,317700
2018-06-28,28.524097442626953,28.58581856195614,28.462376323297768,28.559367614686128,479800
2018-06-29,28.82388687133789,28.93851324753618,28.788620063202703,28.806251785495945,252900
2018-07-02,28.197856903076172,28.241942936599536,28.030328630267874,28.1714059556719,479900
2018-07-03,27.93333625793457,28.09204866331875,27.91570117249759,28.056778492444792,326500
2018-07-05,27.950969696044922,28.01269080966242,27.889246900653212,28.003873267463604,237500
2018-07-06,27.774625778198242,27.86279952972201,27.70408711333411,27.7569906915386,374400
2018-07-09,28.100866317749023,28.100866317749023,27.93333636898036,28.065596146734855,344300
2018-07-10,28.197856903076172,28.197856903076172,28.07441466379124,28.10968315425506,194800
2018-07-11,27.836345672607422,28.056779200812134,27.783442096735108,27.9421545061264,175400
2018-07-12,27.651180267333984,27.704083839286373,27.536553899367217,27.642362725046215,286900
2018-07-13,27.871614456176758,27.871614456176758,27.75698808542584,27.78344071293165,169300
2018-07-16,27.739355087280273,27.959788621089334,27.72172168272409,27.880434096150516,213600
2018-07-17,28.03914451599121,28.047962059058445,27.924519819665925,27.924519819665925,363200
2018-07-18,27.950969696044922,27.98623818306597,27.809892384412297,27.98623818306597,243000
2018-07-19,27.942153930664062,27.995057505446837,27.801076610060452,27.88043281312177,339200
2018-07-20,27.977418899536133,28.109678660738016,27.977418899536133,27.98623644118614,159700
2018-07-23,28.109683990478516,28.153771707087806,28.06559795564365,28.118501533800373,232700
2018-07-24,28.012691497802734,28.16258635531639,27.995056412971895,28.153768812900967,453800
2018-07-25,28.233125686645508,28.259576632748768,28.083230825554633,28.189037973516253,516000
2018-07-26,27.959787368774414,28.330117438031976,27.933336422237677,27.959787368774414,520500
2018-07-27,28.277210235595703,28.303661180312297,28.18903649573391,28.259575151268503,325100
2018-07-30,28.400651931762695,28.63872052040973,28.35656590354251,28.585815268416493,574400
2018-07-31,28.559368133544922,28.585819081295487,28.435925892643887,28.550552272144333,327100
2018-08-01,28.26839828491211,28.338935268428227,28.180222851080867,28.33011940681954,265500
2018-08-02,28.312482833862305,28.312482833862305,28.144952881925875,28.215491543513686,178100
2018-08-03,28.471195220947266,28.471195220947266,28.21549152177945,28.21549152177945,127000
2018-08-06,28.074411392211914,28.286029037432012,28.030325363825998,28.27720981362581,774600
2018-08-07,28.638723373413086,28.665174320270587,28.50646527557691,28.541732083537347,277000
2018-08-08,28.594635009765625,28.64754026271647,28.550548980747458,28.62990517839952,108300
2018-08-09,28.435924530029297,28.577001850520055,28.427108669051155,28.532915818532064,163700
2018-08-10,28.286029815673828,28.40065281992119,28.21548947747688,28.356566790322326,319600
2018-08-13,27.942153930664062,28.153769911569483,27.915701302385518,28.153769911569483,265600
2018-08-14,28.162586212158203,28.286030123572345,28.109680957934607,28.118498500305204,293800
2018-08-15,27.739355087280273,27.809895432602595,27.668816423732352,27.73053922588938,255600
2018-08-16,27.792259216308594,27.88043296260217,27.748171502274637,27.76580658788822,209900
2018-08-17,28.065595626831055,28.092048254601657,27.8363445648087,27.889248138575617,215900
2018-08-20,27.977418899536133,28.047957550962078,27.933332873060206,28.012689066136158,145900
2018-08-21,27.818710327148438,27.968605192199945,27.801076923205105,27.968605192199945,281500
2018-08-22,27.915699005126953,27.986237659623942,27.889246379025263,27.986237659623942,474900
2018-08-23,27.801076889038086,27.889248953969393,27.792259346190086,27.889248953969393,168200
2018-08-24,27.792259216308594,27.88043296260217,27.7834416735018,27.88043296260217,95200
2018-08-27,28.189037322998047,28.206672407842785,28.04796000778866,28.12731620781572,145100
2018-08-28,28.29484748840332,28.3830195532483,28.27721240272459,28.29484748840332,148300
2018-08-29,28.453561782836914,28.453561782836914,28.286033503102487,28.30366522640178,218300
2018-08-30,28.224308013916016,28.286032497464657,28.136135946358714,28.259578186358446,257700
2018-08-31,28.29484748840332,28.36538446756957,28.206673741784005,28.29484748840332,187400
2018-09-04,27.73053741455078,27.80107607349117,27.642363670431724,27.756988360544497,214900
2018-09-05,27.41311264038086,27.51010392720229,27.33375643875865,27.448381129005014,374000
2018-09-06,27.342571258544922,27.35138880026647,27.210311496269956,27.35138880026647,183000
2018-09-07,26.981061935424805,27.05160059128866,26.884070652946676,27.025147964674385,278800
2018-09-10,27.01633071899414,27.113322002536822,27.01633071899414,27.086869375632208,158500
2018-09-11,27.0604190826416,27.086870028409436,26.848803107627578,26.954610254247452,211700
2018-09-12,26.866437911987305,26.91934316983057,26.734178130927873,26.734178130927873,212500
2018-09-13,26.751811981201172,27.13095790269321,26.575464493417897,27.095687732426843,882500
2018-09-14,27.30730628967285,27.34257646327281,27.051604258170947,27.051604258170947,401700
2018-09-17,27.457199096679688,27.5630079277388,27.351391947394895,27.351391947394895,272900
2018-09-18,28.09204864501953,28.118499591383454,27.862797579811087,27.968604728815407,346000
2018-09-19,27.93333625793457,28.02151000334515,27.898066087060617,27.99505737518968,224800
2018-09-20,27.92452049255371,27.93333803583342,27.783443163627233,27.80107825018665,292100
2018-09-21,27.93333625793457,28.02151000334515,27.906883629779106,27.92451871521608,156100
2018-09-24,27.801076889038086,27.906884039665385,27.756989174798097,27.89806649681739,222200
2018-09-25,27.995058059692383,28.056779178456626,27.942154483862222,28.01269314556055,198600
2018-09-26,28.189037322998047,28.277211065447474,28.12731620781572,28.15376883508283,235700
2018-09-27,27.871614456176758,28.118498919133934,27.83634428616901,28.06559534589658,385400
2018-09-28,27.906883239746094,27.95978681354332,27.827527038163105,27.89806569715084,316500
2018-10-01,28.206674575805664,28.250762291306085,28.012693672926964,28.136135912779373,322100
2018-10-02,28.277210235595703,28.330115488577302,28.224304982614104,28.303661180312297,524100
2018-10-03,27.92452049255371,28.153771572502844,27.880434457929596,28.153771572502844,460800
2018-10-04,27.756988525390625,27.845162270033338,27.615911206672,27.818709642108235,281400
2018-10-05,27.739355087280273,27.977423707419913,27.67763396689764,27.88924995754141,367000
2018-10-08,27.818710327148438,27.836345412866105,27.651182058153598,27.73053826210877,325900
2018-10-09,27.607093811035156,27.64236398178977,27.298486544029508,27.448381406188005,312800
2018-10-10,27.078052520751953,27.60709329985517,27.06041911747546,27.60709329985517,367000
2018-10-11,26.919343948364258,27.254402182189995,26.787082481705333,27.122142397305478,593500
2018-10-12,27.21031379699707,27.369026197856368,26.981062738175225,27.369026197856368,471600
2018-10-15,27.342571258544922,27.474831020819888,27.15740624594067,27.15740624594067,398700
2018-10-16,27.889249801635742,27.90688488786774,27.64236532148534,27.64236532148534,855400
2018-10-17,27.792259216308594,28.03914368780142,27.76580658788822,27.86279787698859,957500
2018-10-18,27.73053741455078,28.10968165524644,27.677632159014774,27.986239422544333,646900
2018-10-19,27.748170852661133,27.924518341119814,27.695267278833246,27.827527054290112,409800
2018-10-22,27.66881561279297,27.86279819319516,27.589461090179938,27.836345564474588,437300
2018-10-23,27.272035598754883,27.3602093438704,26.919342300067118,27.09568810852385,539100
2018-10-24,26.77826499938965,27.386660309387754,26.769447456694476,27.324939192295854,604400
2018-10-25,25.64082908630371,26.099331249209452,25.490934213114315,26.05524353252173,832100
2018-10-26,25.050065994262695,25.30576969406466,24.944258842587253,25.173508231808828,1246000
2018-10-29,24.679738998413086,25.147058709822584,24.45048791442585,25.12942362295254,565700
2018-10-30,25.314584732055664,25.332219817352904,25.102968753811673,25.164691552352014,945800
2018-10-31,24.847267150878906,25.111786707570825,24.750275861930515,25.08533576096623,2208800
2018-11-01,25.499752044677734,25.535020536652123,25.28813604750804,25.32340453948243,1064300
2018-11-02,25.305768966674805,25.623192094351463,25.21759522163017,25.570288520034403,712700
2018-11-05,25.22641372680664,25.305769932197155,25.147057521416123,25.296952389178834,531400
2018-11-06,25.341039657592773,25.35867474448893,25.208779869420493,25.279318535230672,332900
2018-11-07,25.341039657592773,25.37630983138509,25.094153486369922,25.252865904886438,488100
2018-11-08,25.235231399536133,25.41157721548587,25.12942256454679,25.349856095814744,282500
2018-11-09,25.27931785583496,25.30577048546827,25.085336950513927,25.261682769412758,291700
2018-11-12,25.12060546875,25.32340391750145,25.08533697764186,25.30577051283458,436200
2018-11-13,25.023611068725586,25.288132287184464,24.944256553139542,25.173505921320025,507500
2018-11-14,25.199960708618164,25.367490659830548,25.06770092893443,25.2969519985476,338600
2018-11-15,25.058879852294922,25.12941850363064,24.856081439926495,24.96188857604302,434500
2018-11-16,25.208776473999023,25.27049758804778,24.93543939102271,25.041246534599377,316400
2018-11-19,25.085336685180664,25.27931758844992,24.99716293577668,25.24404741597857,291500
2018-11-20,24.679738998413086,24.847268960129615,24.573931840741714,24.82963387325957,435600
2018-11-21,24.847267150878906,24.979526929224868,24.776728490309438,24.83844960808593,282300
2018-11-23,24.697370529174805,24.820812755942104,24.697370529174805,24.697370529174805,61200
2018-11-26,24.997159957885742,25.032428444381196,24.87371605071618,24.87371605071618,266000
2018-11-27,24.935441970825195,24.979528004914208,24.838450677700084,24.926624427652513,380900
2018-11-28,25.455663681030273,25.455663681030273,25.050065128887866,25.1294213307902,513200
2018-11-29,25.041244506835938,25.16468840671157,24.97070585623876,25.10296561588671,441400
2018-11-30,24.944257736206055,24.97070868206453,24.82963136490507,24.873717395852047,365200
2018-12-03,25.341039657592773,25.42039586685103,25.279318535230672,25.341039657592773,401400
2018-12-04,24.70619010925293,25.252864314407503,24.697372566360198,25.217595824610925,633600
2018-12-06,24.653284072875977,24.662101615490084,24.21241703281647,24.485755808530854,423700
2018-12-07,24.441667556762695,24.77672744161676,24.353495496113553,24.6532835295143,416000
2018-12-10,24.274139404296875,24.35349560465419,23.99198309092961,24.318225434817933,679300
2018-12-11,24.19478416442871,24.538659925112146,24.124245503730204,24.424035232142444,611600
2018-12-12,24.415218353271484,24.59156416892607,24.4064008102226,24.512207963260476,426000
2018-12-13,24.50339126586914,24.626833500792632,24.441668466633075,24.591563329800593,388300
2018-12-14,24.318225860595703,24.459303178862267,24.282957371916208,24.388764519728984,389700
2018-12-17,24.23887062072754,24.503391864305144,24.150696872868334,24.415218116445942,599100
2018-12-18,24.441667556762695,24.635650126449026,24.38876398401836,24.512206214346566,552500
2018-12-19,24.097793579101562,24.59156421841215,24.018437373276278,24.424035945469328,683200
2018-12-20,23.886178970336914,24.088977427258577,23.709831462368392,24.07134234010683,568800
2018-12-21,23.48057746887207,23.92144450245924,23.471761608161682,23.806819813707254,530200
2018-12-24,23.286596298217773,23.533482439482807,23.25132781047948,23.401222667359278,299100
2018-12-26,23.718645095825195,23.727462637947458,23.339499193438815,23.454125559254056,803800
2018-12-27,23.912630081176758,23.92144594241782,23.489396425307955,23.489396425307955,811200
2018-12-28,24.115428924560547,24.238871165272037,23.930263881718915,24.036072717881904,453400
2018-12-31,24.335861206054688,24.344678748762423,24.04488902379664,24.203601428987266,605800
2019-01-02,24.282957077026367,24.309408022771198,23.991983219639057,24.00961830465179,347900
2019-01-03,24.018436431884766,24.300591071860467,23.95671531461187,24.25650504002963,485500
2019-01-04,24.282957077026367,24.318225565277565,23.859723445592085,24.00961830465179,461700
2019-01-07,24.582744598388672,24.706188509117524,24.468119911755707,24.57392873784126,614300
2019-01-08,24.670917510986328,24.723822763138816,24.521022660102634,24.653282426935498,419200
2019-01-09,24.741455078125,24.80317618781632,24.609195317104437,24.741455078125,319100
2019-01-10,24.838449478149414,24.864902106389955,24.670919529507948,24.688554615001642,270400
2019-01-11,24.838449478149414,24.88253551010933,24.715007243242187,24.794363446189493,249200
2019-01-14,24.741455078125,24.85608143764383,24.706186593347432,24.73263753648708,280200
2019-01-15,24.61801528930664,24.759092605893844,24.57392925853849,24.72382411763418,363200
2019-01-16,24.72382164001465,24.82962877596479,24.706186556764923,24.706186556764923,247700
2019-01-17,24.679738998413086,24.741460120683794,24.45930545786087,24.582747702402287,283900
2019-01-18,24.838449478149414,24.926623223843567,24.76791081794895,24.873717967362484,518200
2019-01-22,24.54747772216797,24.767911249355702,24.476939060738868,24.767911249355702,294100
2019-01-23,24.635652542114258,24.679738576761714,24.529843704476175,24.635652542114258,278700
2019-01-24,24.864904403686523,24.92662552684262,24.785548193407404,24.88253780903507,245100
2019-01-25,25.24404525756836,25.349854084161176,25.129420570385864,25.199959227522992,312300
2019-01-28,25.18232536315918,25.226413077115332,25.094151617021204,25.226413077115332,216700
2019-01-29,25.147056579589844,25.323402388028516,25.138239036901766,25.208777696632094,296300
2019-01-30,25.56147003173828,25.67609640058814,25.349854060524205,25.49974891702262,237900
2019-01-31,25.420392990112305,25.43802807501276,25.173506846828708,25.270498132006953,398000
2019-02-01,25.464481353759766,25.52620415656668,25.429212862501657,25.51738661330855,364500
2019-02-04,25.543834686279297,25.56146977081068,25.429210000373754,25.464478487662294,280900
2019-02-05,25.65846061706543,25.737816814331214,25.57910441979965,25.57910441979965,379200
2019-02-06,25.702547073364258,25.808355898736558,25.667278586089644,25.69372953110205,259900
2019-02-07,25.455663681030273,25.579105914311995,25.341037308604992,25.543835743789046,291100
2019-02-08,25.296953201293945,25.3234041494237,25.147058328719115,25.24404794148559,271800
2019-02-11,25.358671188354492,25.42920984427279,25.305767616859324,25.34985364614293,509200
2019-02-12,25.49093246459961,25.543836039221603,25.36749022989019,25.455663975443056,467700
2019-02-13,25.57029151916504,25.702551311357546,25.561473975448937,25.58792660659724,507700
2019-02-14,25.473295211791992,25.587921575790265,25.4027565577062,25.49974783773948,489300
2019-02-15,25.825992584228516,25.834808445263,25.55265380247825,25.57028888809588,373100
2019-02-19,25.65846061706543,25.737816814331214,25.552651793452988,25.596739504030754,356700
2019-02-20,25.676095962524414,25.799538189849663,25.66727842031915,25.70254690736599,308400
2019-02-21,25.596742630004883,25.720184871149485,25.56147245723534,25.70254978476471,361100
2019-02-22,25.86126136779785,25.878896453616036,25.76427007757218,25.76427007757218,247400
2019-02-25,25.949434280395508,26.08169405622878,25.896530706417057,26.02879048225033,290300
2019-02-26,26.05524253845215,26.090512710456686,25.834809008746884,25.922982756983863,327900
2019-02-27,25.676095962524414,25.861259303512288,25.62319070929284,25.825990816465453,314300
2019-02-28,25.393939971923828,25.4997487979238,25.37630656906903,25.446845225810932,274000
2019-03-01,25.13823890686035,25.305768853518607,25.05006516220999,25.305768853518607,296300
2019-03-04,25.023611068725586,25.138237434590028,24.935439011013493,25.138237434590028,310300
2019-03-05,25.199960708618164,25.21759579438249,25.058883386052266,25.10296941868873,163300
2019-03-06,25.261680603027344,25.32340171843759,25.244045518117485,25.279315687937203,141200
2019-03-07,25.03243064880371,25.18232551360146,24.98834461635851,25.18232551360146,351100
2019-03-08,24.997159957885742,25.005977499953154,24.794361535657856,24.900168676918412,207900
2019-03-11,25.27050018310547,25.31458621716062,25.11178776966788,25.129422855999703,226000
2019-03-12,25.44684600830078,25.499749582040433,25.411575837958157,25.429210923129467,155000
2019-03-13,25.438030242919922,25.48211627715395,25.314586319870724,25.393942526911495,175400
2019-03-14,25.217594146728516,25.270497718790555,25.129420405442293,25.270497718790555,148100
2019-03-15,25.49093246459961,25.499750007332327,25.349855144424758,25.349855144424758,262600
2019-03-18,25.57029151916504,25.57910906288114,25.438031726972536,25.499752851210737,231200
2019-03-19,25.429210662841797,25.570287979219685,25.40275803535559,25.570287979219685,213600
2019-03-20,25.420392990112305,25.526201817740777,25.296950759357635,25.420392990112305,196400
2019-03-21,25.5791072845459,25.596742370752054,25.39394224293001,25.41157732913617,127200
2019-03-22,25.27931785583496,25.53501988185931,25.27050031262386,25.508568934000408,222500
2019-03-25,25.155874252319336,25.22641291241431,25.067700506757042,25.20877782694699,399500
2019-03-26,25.649646759033203,25.81717671974281,25.59674318051549,25.59674318051549,358900
2019-03-27,25.799543380737305,25.91416808891987,25.693734534759546,25.843629418859546,181900
2019-03-28,25.781904220581055,25.7907217631677,25.676097073089863,25.755451592821114,173700
2019-03-29,25.605558395385742,25.729000627959664,25.57028822506503,25.729000627959664,155000
2019-04-01,25.92298126220703,25.949433889685118,25.817174115843226,25.85244260403974,147100
2019-04-02,25.825992584228516,25.87007861649826,25.7378188379147,25.87007861649826,165500
2019-04-03,25.667280197143555,25.72900131507884,25.632010025880916,25.68491360100054,226300
2019-04-04,25.878896713256836,25.896531799251953,25.7025492168544,25.746636931842193,185000
2019-04-05,25.940616607666016,25.97588509621666,25.87007794879043,25.940616607666016,187800
2019-04-08,25.97588539123535,26.011155561960862,25.92298181692139,25.967069530328278,148500
2019-04-09,25.843624114990234,25.967068023592404,25.834806572820494,25.94943293925292,148700
2019-04-10,25.6937313079834,25.764269969185044,25.64964527539775,25.764269969185044,126200
2019-04-11,25.499752044677734,25.579108253838175,25.45566600926613,25.579108253838175,142300
2019-04-12,25.543834686279297,25.614373342630607,25.508566198990756,25.596739939873448,149400
2019-04-15,25.58792495727539,25.69373211149958,25.5350196983889,25.64964607753523,297800
2019-04-16,25.940616607666016,26.01997280912283,25.90534643734108,25.922981522503548,271300
2019-04-17,25.58792495727539,26.372667797906622,25.252865044758543,26.284494048203538,1669900
2019-04-18,25.341039657592773,25.473299445765054,25.332222114144695,25.473299445765054,368500
2019-04-22,24.944257736206055,25.076517510821265,24.926622651117555,25.03242979810001,304800
2019-04-23,25.102968215942383,25.102968215942383,24.93543995453104,24.988343527514925,221700
2019-04-24,24.50339126586914,25.00597943008543,24.38876489191934,24.7326406502201,701100
2019-04-25,24.24768829345703,24.33586204178811,24.19478471716813,24.26532337947812,416200
2019-04-26,24.50339126586914,24.547477297834867,24.30059114621357,24.30059114621357,359500
2019-04-29,24.42403221130371,24.52983934837776,24.42403221130371,24.42403221130371,312200
2019-04-30,24.40639877319336,24.529841002026156,24.309407489525167,24.476937429922707,203700
2019-05-01,24.221233367919922,24.503389672181964,24.20359996534509,24.46811950348388,450800
2019-05-02,24.23887062072754,24.309409282660027,24.15951441583169,24.274140792580962,169500
2019-05-03,24.388761520385742,24.3975790619148,24.28295438558518,24.31822286992734,179000
2019-05-06,24.282957077026367,24.30059048026483,24.05370601718363,24.05370601718363,224800
2019-05-07,24.212417602539062,24.432851127755658,24.062524419895137,24.274140402290147,248100
2019-05-08,24.071338653564453,24.177147478495765,23.991982455309525,24.13306144914268,227200
2019-05-09,24.468120574951172,24.51220660598011,24.212416886015344,24.282957226500496,590200
2019-05-10,24.432849884033203,24.48575513826963,24.14187771282983,24.468120053524157,361700
2019-05-13,24.23887062072754,24.371130401629163,24.15951441583169,24.247688163690896,333100
2019-05-14,24.415218353271484,24.485757015888193,24.327044604557006,24.371130638027058,254400
2019-05-15,24.732641220092773,24.74145876304395,24.494574287508428,24.494574287508428,176600
2019-05-16,24.91780662536621,24.97952774515877,24.811997790168697,24.811997790168697,167100
2019-05-17,25.208776473999023,25.367488871138242,25.208776473999023,25.226411558519874,206100
2019-05-20,25.323400497436523,25.44684440407927,25.261679385002243,25.42920932001971,420700
2019-05-21,25.896530151367188,25.905346012029398,25.596740435624312,25.70254758131341,302600
2019-05-22,25.305768966674805,25.438028743354604,25.288133881311015,25.288133881311015,162500
2019-05-23,25.341039657592773,25.438030953747187,25.323404570696617,25.36749228793701,236600
2019-05-24,24.785545349121094,24.90898758126757,24.723824233047857,24.89135249616828,269100
2019-05-28,24.820816040039062,24.93544242158163,24.79436509181726,24.917807334917477,151300
2019-05-29,24.697370529174805,24.750274100393046,24.635649415791153,24.723823155671028,214000
2019-05-30,24.811996459960938,24.882535119052804,24.74145780086907,24.767910428693877,199500
2019-05-31,24.70619010925293,24.794363856405898,24.635651447885426,24.65328485189654,158400
2019-06-03,24.856082916259766,24.882533860972906,24.732639007759698,24.732639007759698,204700
2019-06-04,25.06770133972168,25.076518882748335,24.794364232992837,24.80318009424512,208800
2019-06-05,25.102968215942383,25.235229671063486,25.0500646429585,25.235229671063486,138000
2019-06-06,25.27931785583496,25.27931785583496,25.129422984795035,25.164693157639444,123000
2019-06-07,25.517385482788086,25.56147151535114,25.323402903252227,25.323402903252227,110800
2019-06-10,25.376306533813477,25.446845190457378,25.332218822302142,25.376306533813477,221900
2019-06-11,25.552656173706055,25.693733508190082,25.52620522459935,25.57029126096018,179800
2019-06-12,25.49093246459961,25.561471124687035,25.446846432710338,25.464479836401456,126600
2019-06-13,25.543834686279297,25.543834686279297,25.429210000373754,25.508566198990756,93800
2019-06-14,25.429210662841797,25.54383535173348,25.411575577850993,25.54383535173348,98000
2019-06-17,25.48211669921875,25.57029045092164,25.48211669921875,25.52620441595741,116800
2019-06-18,25.781904220581055,25.799539305754347,25.614374274983334,25.614374274983334,113500
2019-06-19,25.958251953125,25.98470289935965,25.75545183527162,25.773086920610925,115500
2019-06-20,26.28449249267578,26.302127577927628,26.12578008895778,26.231588918694545,96200
2019-06-21,26.346214294433594,26.425570498356308,26.258042229429993,26.355031837288823,103800
2019-06-24,26.460840225219727,26.53137888510212,26.40793665075151,26.40793665075151,101700
2019-06-25,26.37266731262207,26.55783235176876,26.35503222665108,26.54019726579777,122600
2019-06-26,25.896530151367188,25.949433724211737,25.720182666186346,25.7995388663403,208400
2019-06-27,25.896530151367188,25.967068809084672,25.878895066494252,25.914163554465866,127400
2019-06-28,25.80835723876953,25.843625727875374,25.746636121503574,25.843625727875374,108400
2019-07-01,26.037607192993164,26.05524059590641,25.931798366642486,26.05524059590641,388600
2019-07-02,26.152233123779297,26.17868575206868,26.01997334588102,26.046425974170404,168600
2019-07-03,26.2227725982666,26.240407684340386,26.143416392708943,26.16986902181962,103500
2019-07-05,26.019973754882812,26.019973754882812,25.81717531346609,25.949435093443327,187200
2019-07-08,25.914165496826172,25.984704159830784,25.896532092405806,25.93180058302092,120200
2019-07-09,25.702547073364258,25.702547073364258,25.43802753259485,25.587922387503976,225000
2019-07-10,26.046424865722656,26.064058268724175,25.940616038842307,25.949433581230192,177100
2019-07-11,26.134599685668945,26.19632080712716,26.099331194167576,26.161052315625792,111600
2019-07-12,26.249223709106445,26.249223709106445,26.06405867959051,26.169867508138797,98700
2019-07-15,26.231590270996094,26.258042900237555,26.169869151207063,26.205137641754632,117700
2019-07-16,25.852445602416992,26.002340478629144,25.81717711013003,26.002340478629144,196100
2019-07-17,24.803180694580078,25.790723674401136,24.794364833114415,25.790723674401136,1392200
2019-07-18,25.041244506835938,25.08533221456798,24.75908990444722,24.776724987540035,471100
2019-07-19,25.164691925048828,25.305769245967554,25.155874382269616,25.244046446513078,188900
2019-07-22,25.041244506835938,25.08533221456798,24.935437371827213,24.935437371827213,172600
2019-07-23,25.420392990112305,25.49974919039009,25.24404550465627,25.24404550465627,250200
2019-07-24,25.11178207397461,25.138234697472527,24.90016613131333,25.08533113225071,312400
2019-07-25,24.521026611328125,24.715009203596516,24.485758119317616,24.715009203596516,165300
2019-07-26,24.759090423583984,24.811993992197603,24.732637798390112,24.7414553401214,203900
2019-07-29,24.538658142089844,24.662100368899118,24.512205515584625,24.6268318819997,177900
2019-07-30,24.24768829345703,24.353497127809202,24.150697002115404,24.344679584798655,308000
2019-07-31,23.894994735717773,24.21241787195515,23.81563853121484,24.16833183913101,265800
2019-08-01,24.044891357421875,24.335863567919603,23.903814023954762,24.282959988313056,473500
2019-08-02,24.00961685180664,24.106608131733374,23.84208859964577,24.02725193575226,335200
2019-08-05,23.392404556274414,23.718645207462735,23.27777818991966,23.533481867346264,527800
2019-08-06,23.595205307006836,23.701012459855313,23.365954233469306,23.595205307006836,460700
2019-08-07,23.75391387939453,23.824452530485846,23.445306650204735,23.595201493995546,588900
2019-08-08,23.842090606689453,23.877359095775446,23.630472945076242,23.65692557322147,144600
2019-08-09,23.6392879486084,23.81563542041917,23.59520192154277,23.771547711579412,179400
2019-08-12,23.551116943359375,23.63929068948815,23.454127336214615,23.604022200101234,348200
2019-08-13,23.189603805541992,23.480575961762394,23.14551777772266,23.19842134746069,327200
2019-08-14,22.766374588012695,22.995625659804126,22.695835926059512,22.925086997850947,492300
2019-08-15,22.554758071899414,22.757556510025307,22.475401868845925,22.669382764213168,490700
2019-08-16,22.845731735229492,22.863366821888757,22.704654405504236,22.704654405504236,437200
2019-08-19,22.80164337158203,22.8809995716695,22.475401028803088,22.792825829152953,292200
2019-08-20,22.660568237304688,22.87218423064751,22.625298064193675,22.87218423064751,683000
2019-08-21,22.6870174407959,22.739922696394153,22.66056649477106,22.6870174407959,318500
2019-08-22,22.66938018798828,22.819275034302063,22.66938018798828,22.819275034302063,320000
2019-08-23,22.501853942871094,22.810461204725005,22.47540131524672,22.61647863236149,394200
2019-08-26,22.57239532470703,22.63411644816939,22.50185665763941,22.581212868312296,270300
2019-08-27,22.78400993347168,22.951539888184165,22.78400993347168,22.951539888184165,324100
2019-08-28,22.75755500793457,22.88099891663349,22.669381267942256,22.68701635229556,496700
2019-08-29,22.810461044311523,22.8545470749345,22.76637333191428,22.810461044311523,208700
2019-08-30,22.8369140625,22.96917384814621,22.766375398037063,22.96917384814621,166100
2019-09-03,22.81927490234375,22.845727527460554,22.775188875589865,22.845727527460554,230500
2019-09-04,22.872182846069336,22.925086420758895,22.80164418589182,22.80164418589182,358000
2019-09-05,23.022075653076172,23.110247709092718,22.97798794329373,23.022075653076172,254900
2019-09-06,22.995628356933594,23.074984571160314,22.97799326893331,23.04853193915989,168600
2019-09-09,23.05734634399414,23.154337633016166,23.030895397369463,23.154337633016166,162800
2019-09-10,23.418855667114258,23.436490751566886,23.348317011077963,23.436490751566886,395000
2019-09-11,23.762733459472656,23.78036686242758,23.63047200577814,23.63047200577814,237800
2019-09-12,23.87735939025879,23.93908050825123,23.842090900737823,23.894994475906437,252500
2019-09-13,24.00961685180664,24.05370456167069,23.956713281743955,24.01843439377945,155100
2019-09-16,23.930265426635742,23.97435314528925,23.886179389756737,23.930265426635742,123900
2019-09-17,24.000802993774414,24.018438080426883,23.842092259225463,23.88617829408221,188200
2019-09-18,23.903812408447266,24.16833197037728,23.745099998579512,24.141879341474535,248200
2019-09-19,23.912630081176758,24.000802147782323,23.886177452130468,23.96553365749497,139900
2019-09-20,23.656923294067383,24.00961655981972,23.612837266513644,23.930260364803676,827500
2019-09-23,23.62165641784668,23.62165641784668,23.46294401700068,23.54230021742368,327200
2019-09-24,23.224876403808594,23.5070310476391,23.16315528569246,23.304232607607716,343400
2019-09-25,23.50703239440918,23.595206146101468,23.365955064411292,23.365955064411292,421700
2019-09-26,23.57756996154785,23.674561252070532,23.52466638570564,23.64810862326225,147600
2019-09-27,23.798002243041992,23.974349728977746,23.780367158093565,23.81563732799042,328200
2019-09-30,23.542301177978516,23.58638721033483,23.471762517143816,23.551117039030313,177200
2019-10-01,23.6392879486084,23.859721447484798,23.621654546846624,23.859721447484798,187300
2019-10-02,23.798002243041992,23.83327241293885,23.63928984205467,23.73628112749676,517600
2019-10-03,23.551116943359375,23.586387114520615,23.374771132876152,23.462944879004926,255600
2019-10-04,23.69219398498535,23.736280013513127,23.551114993793266,23.559932535853658,229400
2019-10-07,23.33949851989746,23.454124882404763,23.233691381032113,23.233691381032113,199100
2019-10-08,23.11025047302246,23.348319088997567,23.11025047302246,23.348319088997567,190900
2019-10-09,23.224876403808594,23.29541506476622,23.12788511432648,23.12788511432648,158400
2019-10-10,23.189603805541992,23.277777542954816,23.101431749903327,23.101431749903327,345100
2019-10-11,23.595205307006836,23.648108883431075,23.392406862568613,23.392406862568613,174700
2019-10-14,23.489395141601562,23.559933800095667,23.365952909680455,23.41885648310746,138700
2019-10-15,23.69219398498535,23.75391509763391,23.63047119056261,23.656923816743785,377400
2019-10-16,23.66574478149414,23.70983081639792,23.55111839990524,23.64810969482286,296500
2019-10-17,23.656923294067383,23.69219346152969,23.56874955718576,23.56874955718576,166900
2019-10-18,23.321866989135742,23.374770562813065,23.242510787732613,23.28659681883467,243800
2019-10-21,23.894994735717773,24.009619430125145,23.656926122208976,23.753917412551306,509800
2019-10-22,23.921445846557617,24.027254680544402,23.903812442371787,23.965533561458095,314300
2019-10-23,24.097793579101562,24.10661112216819,23.99198474407639,24.053707545542792,310100
2019-10-24,24.159513473510742,24.247687217930803,24.08897481432955,24.247687217930803,206300
2019-10-25,24.044891357421875,24.14188097307147,23.868543849700746,23.9302649728708,523300
2019-10-28,22.872182846069336,23.427674584745485,22.66938272650645,23.180790115011337,1083300
2019-10-29,23.52466583251953,23.621657120761448,23.427674544277618,23.436492087006364,612600
2019-10-30,24.10660743713379,24.10660743713379,23.947895049744645,23.974347674900876,329500
2019-10-31,23.894994735717773,24.053707144723635,23.806820988295144,24.009619430125145,156600
2019-11-01,24.379947662353516,24.379947662353516,24.124245646473806,24.133063189335083,235300
2019-11-04,24.3975830078125,24.42403563667795,24.32704434594566,24.353496974811108,157200
2019-11-05,24.282957077026367,24.379946681047866,24.282957077026367,24.3358606502903,203600
2019-11-06,24.088973999023438,24.22123377028997,24.088973999023438,24.185965282780206,209000
2019-11-07,24.274139404296875,24.30940789235887,24.19478320393956,24.203600746398624,138000
2019-11-08,24.327043533325195,24.344678618646412,24.20360129962528,24.265322416475236,122700
2019-11-11,24.379947662353516,24.51220744172401,24.265322968705576,24.274140511566856,504900
2019-11-12,24.459300994873047,24.538657189534003,24.43284836939468,24.538657189534003,189300
2019-11-13,24.538658142089844,24.538658142089844,24.36231066227013,24.36231066227013,235300
2019-11-14,24.37112808227539,24.41521579289643,24.274138482457506,24.397580708648015,126300
2019-11-15,24.51220703125,24.54747720210449,24.424034967662397,24.468120999456197,129900
2019-11-18,24.521026611328125,24.60920036401608,24.503393206210095,24.60920036401608,130000
2019-11-19,24.459300994873047,24.56510981501237,24.450483453046925,24.547474731360126,156300
2019-11-20,24.115428924560547,24.291774742466334,24.08015875191475,24.291774742466334,271600
2019-11-21,24.221233367919922,24.256503536618006,24.168329796647008,24.247685994443486,147400
2019-11-22,24.212417602539062,24.265322859468565,24.12424553787189,24.23005268818223,174100
2019-11-25,24.40639877319336,24.40639877319336,24.247686375108767,24.247686375108767,119200
2019-11-26,24.3975830078125,24.4152180937228,24.353496974811108,24.4152180937228,192200
2019-11-27,24.529842376708984,24.547477462323172,24.424035226572517,24.459303716026565,366000
2019-11-29,24.37112808227539,24.476936905991682,24.344677137676968,24.476936905991682,102600
2019-12-02,24.282957077026367,24.4328502543118,24.17714824872423,24.4328502543118,207000
2019-12-03,24.415218353271484,24.468121929790424,24.274141028038066,24.309409518459233,234600
2019-12-04,24.88253402709961,24.935439280427516,24.653282974667995,24.67091805911063,495300
2019-12-05,24.732641220092773,24.77672893484866,24.68855518711125,24.68855518711125,198700
2019-12-06,24.953073501586914,25.032429702407537,24.953073501586914,24.997161214139634,247900
2019-12-09,24.811996459960938,24.882535119052804,24.811996459960938,24.864901715610557,148600
2019-12-10,24.785545349121094,24.864901550293624,24.741457636372868,24.79436289167074,130600
2019-12-11,24.96189308166504,25.014798341046806,24.785547262382373,24.79436480561267,253000
2019-12-12,25.005977630615234,25.03242857518149,24.7326388704198,24.7326388704198,248300
2019-12-13,24.803180694580078,24.944259704646868,24.688555996007924,24.759094660154112,213900
2019-12-16,24.908987045288086,24.988343244753064,24.829630845823104,24.84726593054293,183600
2019-12-17,24.856082916259766,24.953072516498285,24.803177663285076,24.803177663285076,148300
2019-12-18,25.041244506835938,25.050062048382348,24.926619830280803,24.926619830280803,122700
2019-12-19,24.92662239074707,25.00597859104214,24.908987305842775,24.908987305842775,130400
2019-12-20,24.794363021850586,24.90898771204924,24.776727936658702,24.838449053056,244200
2019-12-23,24.7767276763916,24.794362761398233,24.688553933132702,24.697371475636018,176200
2019-12-24,24.68855094909668,24.759089598823138,24.679733407659114,24.759089598823138,81000
2019-12-26,24.785545349121094,24.785545349121094,24.69737160539892,24.71500669049821,239300
2019-12-27,24.159513473510742,24.318225877111992,24.133062527426727,24.318225877111992,247800
2019-12-30,24.071338653564453,24.185965020721227,24.027252624211368,24.150694851819384,189600
2019-12-31,24.115428924560547,24.115428924560547,23.983169140687608,24.009620088397558,213800
2020-01-02,24.30059242248535,24.31822750890757,24.168332637867543,24.203602810711974,133000
2020-01-03,24.30940818786621,24.57392941953089,24.14187824265601,24.57392941953089,231300
2020-01-06,24.55629539489746,24.582746341964253,24.397582985399286,24.397582985399286,184400
2020-01-07,24.670917510986328,24.732638623390052,24.61801394060802,24.732638623390052,130200
2020-01-08,24.7767276763916,24.847266334643866,24.688553933132702,24.697371475636018,111200
2020-01-09,24.803180694580078,24.811998237820152,24.723826168968223,24.776729746634263,148400
2020-01-10,24.60038185119629,24.706190686607346,24.573930903674313,24.6709205142122,177300
2020-01-13,24.732641220092773,24.76791139189748,24.59156389642266,24.67973764416007,194300
2020-01-14,24.644468307495117,24.688554338962113,24.618015679550336,24.670919253665595,295200
2020-01-15,24.626832962036133,24.732640109148882,24.591562791815697,24.679736535592507,203900
2020-01-16,24.635652542114258,24.662103490192965,24.5562963343293,24.662103490192965,117800
2020-01-17,24.68855094909668,24.68855094909668,24.59155967505753,24.62682984080779,69900
2020-01-21,24.715007781982422,24.759093814903334,24.662102524348104,24.70619023904337,106300
2020-01-22,24.60919761657715,24.67973627449749,24.547476501118634,24.67973627449749,205100
2020-01-23,24.715007781982422,24.715007781982422,24.56511291556723,24.662102524348104,93200
2020-01-24,24.51220703125,24.71500715011469,24.468120999456197,24.71500715011469,227200
2020-01-27,24.318225860595703,24.388764519728984,24.256504744075865,24.256504744075865,185100
2020-01-28,24.626832962036133,24.635650504591244,24.33586078481465,24.40639944348124,225200
2020-01-29,23.956716537475586,24.353497571303933,23.727465460349695,24.344680028132814,500800
2020-01-30,23.357135772705078,23.392405943451678,23.13670225086176,23.357135772705078,420400
2020-01-31,23.07497787475586,23.295411365465498,22.98680414211719,23.295411365465498,424500
2020-02-03,23.2954158782959,23.374772084866322,23.23369475802432,23.268963248847623,239300
2020-02-04,23.25132942199707,23.35713657431954,23.25132942199707,23.33068394535174,195900
2020-02-05,23.383588790893555,23.471762537456822,23.304232587164048,23.304232587164048,239300
2020-02-06,23.762733459472656,23.771549320062995,23.595203518094053,23.595203518094053,232200
2020-02-07,23.66574478149414,23.780369481308615,23.57757102991216,23.780369481308615,138600
2020-02-10,23.365955352783203,23.4453115621082,23.313051773824693,23.392407983149685,200900
2020-02-11,23.50703239440918,23.533485024449195,23.410041099370222,23.410041099370222,213600
2020-02-12,22.933902740478516,22.969171227799308,22.828093914967678,22.92508519820476,281900
2020-02-13,22.863365173339844,22.933903833116325,22.8369125452583,22.91626874772863,171900
2020-02-14,22.563575744628906,22.731105694459544,22.55475820181947,22.71347060884067,250100
2020-02-18,22.3784122467041,22.431317507195615,22.35196129823279,22.387229790119353,195600
2020-02-19,22.237333297729492,22.36959475756113,22.22851575495576,22.35195967201367,234600
2020-02-20,22.043350219726562,22.14034149886109,21.972811566294403,22.105071331257932,367000
2020-02-21,21.75238037109375,21.91109277859224,21.70829433868832,21.91109277859224,229700
2020-02-24,21.188072204589844,21.30269690397196,21.143984488077933,21.161619574682696,441700
2020-02-25,21.840553283691406,22.38722746445093,21.681840882253393,22.26378523300993,1432400
2020-02-26,22.351959228515625,22.54594012036585,22.228515313907035,22.36959431371318,1428500
2020-02-27,22.06098747253418,22.369594742307026,21.990448812166758,22.14034367566932,1073800
2020-02-28,22.17561149597168,22.18442903847339,21.77001463153863,21.893456863014034,905700
2020-03-02,22.78400993347168,22.80164501960444,22.40486399048918,22.484220196312233,803200
2020-03-03,22.448949813842773,22.66056748190565,22.210882880377167,22.53712356190658,971500
2020-03-04,22.70465087890625,22.7134684208663,22.440131347201476,22.616477141079937,427200
2020-03-05,22.554758071899414,22.598844103918324,22.36077717653217,22.36077717653217,433400
2020-03-06,22.03453254699707,22.096253658161974,21.87582015727352,21.999264061377474,633700
2020-03-09,20.394508361816406,21.05580891634939,20.209345013798828,20.209345013798828,656300
2020-03-10,20.29751968383789,20.38569343148821,19.80374736970585,20.37687588854574,945100
2020-03-11,19.68912124633789,20.28870066872468,19.415784162052468,20.21816201207766,904000
2020-03-12,17.749305725097656,18.657492404010334,17.749305725097656,18.551685259573933,777300
2020-03-13,18.17254066467285,18.31361798865787,17.264353919966727,18.31361798865787,879700
2020-03-16,16.894025802612305,17.51124036655421,16.867573173263576,17.0527382151559,733500
2020-03-17,17.625864028930664,17.6523166567267,16.911659896180527,17.158544361846392,933200
2020-03-18,17.86393165588379,18.19017230530476,17.29080487253744,17.634680606190408,718000
2020-03-19,18.86910629272461,19.265887245017677,18.63103772134877,18.88674137544298,806600
2020-03-20,18.622224807739258,19.380514985073646,18.516415976464476,19.13363051505635,680200
2020-03-23,17.828662872314453,18.17254031445333,17.484787111949906,18.12845260044869,541500
2020-03-24,19.12481117248535,19.354062217194198,18.763300362460605,19.1688972003326,729200
2020-03-25,19.26589012145996,19.354063866442306,18.631040503006528,19.045456599891253,1506400
2020-03-26,19.574499130249023,19.706758918607235,19.17771808339993,19.17771808339993,568600
2020-03-27,19.336427688598633,19.66266834029438,19.124811721661718,19.239436406420552,537300
2020-03-30,19.92719268798828,19.997731354705383,19.49514314412421,19.662671426468286,680500
2020-03-31,19.08072280883789,19.292338762444654,18.692761068112542,19.05427186574586,615100
2020-04-01,18.146085739135742,18.54286671373476,18.084364627925705,18.516414088170112,427000
2020-04-02,17.8903865814209,18.057914857832237,17.643500415766862,17.669953045514426,556800
2020-04-03,17.590595245361328,17.88156741914174,17.440700387245705,17.61704619093956,416000
2020-04-06,18.648677825927734,18.719216494022362,18.066733393703426,18.08436848117071,854400
2020-04-07,18.569320678710938,19.274709005899343,18.534052187327447,19.11599659023759,775100
2020-04-08,18.780933380126953,18.966098393198592,18.348883925325296,18.622222674060854,661100
2020-04-09,18.69276237487793,18.877925716562874,18.595771092029118,18.728030862057537,362900
2020-04-13,18.69276237487793,18.736848404295994,18.463511322000695,18.728030862057537,421900
2020-04-14,18.516414642333984,18.69276212116113,18.42824090292041,18.59577083962878,733100
2020-04-15,18.36652183532715,18.534051790693184,18.225444509263447,18.472330670762116,570600
2020-04-16,18.084367752075195,18.22544508257673,17.95210796495181,18.190174909064126,394300
2020-04-17,18.454694747924805,18.454694747924805,18.207808597618616,18.392973630791836,401900
2020-04-20,18.207809448242188,18.48996410075979,18.207809448242188,18.340069231388014,482000
2020-04-21,17.828662872314453,18.11081919662116,17.828662872314453,18.06673148261652,568600
2020-04-22,17.687585830688477,17.758124492436785,17.317257436066264,17.758124492436785,1226100
2020-04-23,17.308439254760742,17.722855348800238,17.22908473477319,17.63468160442326,584300
2020-04-24,17.58177947998047,17.634683058258403,17.352528398410175,17.564144393296345,517100
2020-04-27,18.28716468811035,18.348885804865162,18.04909608196382,18.18135753989476,439500
2020-04-28,18.32243537902832,18.57813739595614,18.225444088931038,18.516416277448542,660100
2020-04-29,18.648677825927734,18.780937618383348,18.560504070365823,18.692765544595943,381600
2020-04-30,18.6134090423584,18.825025043340617,18.472331708370252,18.825025043340617,396100
2020-05-01,17.75812530517578,18.19017483837965,17.62586551856634,18.154906346778535,449700
2020-05-04,17.669952392578125,17.705220882497233,17.511239983506268,17.705220882497233,462300
2020-05-05,17.9256534576416,18.049095688459957,17.72285502650452,17.72285502650452,523200
2020-05-06,17.987377166748047,18.084368465962033,17.899203411260288,17.987377166748047,447600
2020-05-07,17.978557586669922,18.08436641762563,17.85511535203352,17.96974004394242,324700
2020-05-08,18.22544288635254,18.243077970983755,18.066730488220056,18.09318311516688,348200
2020-05-11,18.384157180786133,18.51641696561421,18.24307985273293,18.51641696561421,886100
2020-05-12,17.996192932128906,18.34006869459814,17.978557846419115,18.251896629597862,567400
2020-05-13,17.64349937438965,17.978557589210507,17.537690543418986,17.96974004648176,508900
2020-05-14,17.59941291809082,17.643500634884294,17.140912435859725,17.405432009522837,683600
2020-05-15,17.64349937438965,17.749306523586,17.528873000690236,17.546508086147735,277300
2020-05-18,18.02264404296875,18.05791252964396,17.75812282492079,17.75812282492079,476500
2020-05-19,17.96092414855957,18.102001468380543,17.890385488649084,17.96092414855957,390700
2020-05-20,18.163721084594727,18.34006687891119,18.075547346549406,18.075547346549406,378400
2020-05-21,17.696401596069336,17.9432877282765,17.669950651679624,17.9168351021126,597000
2020-05-22,17.520057678222656,17.590596340446364,17.440701472999187,17.590596340446364,366100
2020-05-26,18.05791473388672,18.137270940810318,17.863933829059256,17.863933829059256,553000
2020-05-27,18.52523422241211,18.542869308589697,18.26071297507143,18.357704267273785,686100
2020-05-28,18.78975486755371,18.9925550066992,18.719216200564905,18.807389954744533,582500
2020-05-29,18.10200309753418,18.26953137878994,17.978559170250325,18.181359307297207,676900
2020-06-01,18.17254066467285,18.234261783694503,17.98737562583354,17.98737562583354,549300
2020-06-02,18.560501098632812,18.719213496877813,18.42824132735339,18.61340635256397,523200
2020-06-03,18.86910629272461,18.930827400464853,18.657490345426325,18.657490345426325,309500
2020-06-04,18.48996353149414,18.69276365329998,18.43705995621947,18.69276365329998,408300
2020-06-05,18.95728302001953,19.071907712252905,18.84265832778616,18.84265832778616,447400
2020-06-08,19.283525466918945,19.318793956323024,19.089542888986376,19.151264006774255,369700
2020-06-09,19.019004821777344,19.142447061204376,18.974918788203226,19.089543484560558,448900
2020-06-10,19.08072280883789,19.204166709772412,18.992550756165652,19.05427186574586,446700
2020-06-11,18.0050106048584,18.578137440366007,17.87275082462962,18.542868950466364,991900
2020-06-12,18.357704162597656,18.5164165737422,18.1549057180349,18.384156791713206,687600
2020-06-15,18.36652183532715,18.463513127661336,17.92565477093449,17.978558347764782,514600
2020-06-16,18.74566650390625,18.983735106100525,18.586954102443404,18.81620516213704,411200
2020-06-17,18.59577178955078,18.780935138181146,18.59577178955078,18.77211927738623,383800
2020-06-18,18.516414642333984,18.6663094948048,18.516414642333984,18.560500671153672,283500
2020-06-19,18.52523422241211,18.692764177550433,18.481146506968138,18.675129091372845,349900
2020-06-22,18.516414642333984,18.59577083962878,18.445875987157965,18.52523218445276,266300
2020-06-23,18.877927780151367,18.974919073602514,18.675129331821154,18.728032909260687,468100
2020-06-24,18.331253051757812,18.833841228049984,18.32243550879794,18.833841228049984,518200
2020-06-25,18.65749168395996,18.65749168395996,18.392972151303347,18.45469326347161,357600
2020-06-26,18.18798065185547,18.600934963491312,18.02638923868272,18.600934963491312,843800
2020-06-29,17.85582160949707,17.954572305105213,17.658321930562234,17.927639830226234,526700
2020-06-30,17.92763900756836,17.98150395485458,17.739116828910696,17.757071811339436,485400
2020-07-01,17.505708694458008,17.577526918046576,17.335139771329594,17.559571934079056,702200
2020-07-02,17.694231033325195,17.873777449899098,17.685255253549876,17.712186017438892,394000
2020-07-06,17.909687042236328,17.945595297428547,17.784003868359836,17.873777074762618,345000
2020-07-07,17.54161834716797,17.83786872818234,17.532640855345534,17.757073014061923,346600
2020-07-08,17.371047973632812,17.406956225636545,17.164570815837667,17.38900295577535,650300
2020-07-09,16.868318557739258,17.164568880564065,16.77854536942968,17.15559139050499,522200
2020-07-10,17.09275245666504,17.128660708368603,16.877296097318354,16.877296097318354,362100
2020-07-13,17.64934539794922,17.855822579729743,17.54161891714266,17.613437141774213,666900
2020-07-14,18.286733627319336,18.349574359793863,17.96355076055716,17.999459016707657,739800
2020-07-15,18.143095016479492,18.358551397171915,18.11616425310406,18.286733174368273,479300
2020-07-16,18.268779754638672,18.367528749271923,18.18798403303224,18.25980226198444,332000
2020-07-17,17.99945831298828,18.089231518277,17.94559507472764,18.089231518277,239900
2020-07-20,18.250823974609375,18.259801466872688,18.134119999749466,18.16105076425783,311900
2020-07-21,17.81991195678711,17.9725258778948,17.801956974943543,17.963548386973017,382900
2020-07-22,17.801958084106445,17.864798812192948,17.75707233898221,17.792980592625316,258900
2020-07-23,17.766050338745117,17.92764005318427,17.75707284700714,17.828891068629478,208300
2020-07-24,17.6583194732666,17.7840009139827,17.604456243285586,17.766047645509836,299300
2020-07-27,17.78400421142578,17.90968738772679,17.74809595554087,17.775026719384172,429300
2020-07-28,16.47332000732422,16.949115065272295,16.46434251592954,16.931161794764343,1410400
2020-07-29,15.620479583740234,15.683320320972511,15.485820616487977,15.55763884650796,1789400
2020-07-30,15.36911392211914,15.449907918384792,15.135704287681243,15.440932139463005,587000
2020-07-31,14.516270637512207,14.686839540458331,14.453429913342926,14.677862049536818,889700
2020-08-03,15.010021209716797,15.027976192226694,14.749680812448803,14.776611573932271,744500
2020-08-04,15.126728057861328,15.234454536719506,15.054909834528708,15.108773073957796,588600
2020-08-05,15.063886642456055,15.225476353405819,15.045931659367827,15.126727370983424,423500
2020-08-06,15.108771324157715,15.162634557348712,14.947179912303412,14.947179912303412,491700
2020-08-07,15.387067794799805,15.387067794799803,15.198545608995168,15.20752310054988,325700
2020-08-10,15.449910163879395,15.485820133911174,15.396046921113337,15.414001906129227,362700
2020-08-11,15.557638168334961,15.898774317988991,15.557638168334961,15.800025326192126,489700
2020-08-12,15.853886604309082,15.907749839733121,15.817978351453517,15.898772348448885,492600
2020-08-13,15.889796257019043,15.916727018060856,15.746159823858216,15.79104556711547,326600
2020-08-14,16.033430099487305,16.096270814806154,15.889793689535345,15.898769466911407,282200
2020-08-17,15.889796257019043,16.033432690179872,15.871841274803604,15.97956774353355,560800
2020-08-18,15.548660278320312,15.746161681426623,15.53070529398673,15.737184189259832,491500
2020-08-19,15.62945556640625,15.87184271140981,15.62047807448595,15.719228773327735,444700
2020-08-20,15.728204727172852,15.737182218215233,15.620476546945604,15.656386511115132,417600
2020-08-21,15.656386375427246,15.692294627004236,15.557635687098212,15.692294627004236,219400
2020-08-24,15.5307035446167,15.557636018083414,15.387067110690268,15.449907836497912,582700
2020-08-25,15.84490966796875,16.04241105857638,15.84490966796875,15.871842142764729,738100
2020-08-26,15.728204727172852,15.746159709257617,15.656386511115132,15.656386511115132,1031700
2020-08-27,15.5307035446167,15.620476743891059,15.440932057623698,15.620476743891059,369500
2020-08-28,15.593548774719238,15.60252455520056,15.512753052134036,15.557638803667299,304000
2020-08-31,15.405022621154785,15.59354651732252,15.342181893192677,15.59354651732252,864000
2020-09-01,14.79456615447998,15.07286323897803,14.749680411706143,15.07286323897803,715100
2020-09-02,14.902295112609863,14.91127260408975,14.70479372461519,14.794566927132639,438200
2020-09-03,14.650930404663086,14.992068229832261,14.58808967694282,14.947180772688206,556800
2020-09-04,14.695817947387695,14.767636166955004,14.453430814242497,14.713771218068457,478500
2020-09-08,14.668886184692383,14.722749423911003,14.53422723050508,14.686841168525756,516000
2020-09-09,14.758657455444336,14.857406429010378,14.677861751074941,14.758657455444336,427800
2020-09-10,14.597067832946777,14.821499992040767,14.58809034110924,14.80354500836569,404700
2020-09-11,14.893317222595215,14.911272205074525,14.731725804844162,14.767635769802784,696800
2020-09-14,15.476842880249023,15.61150184538309,15.387069666065765,15.414002144005234,720500
2020-09-15,15.054908752441406,15.225475950420742,15.036953769828406,15.207522680089129,651800
2020-09-16,14.920249938964844,14.974113174997392,14.830476737389665,14.884339973422213,371600
2020-09-17,15.063886642456055,15.063886642456055,14.81252201606515,14.81252201606515,466500
2020-09-18,14.722748756408691,14.857407704490806,14.632975553593473,14.857407704490806,534100
2020-09-21,14.543205261230469,14.552181041198196,14.282863122845677,14.471387035517694,568800
2020-09-22,14.570135116577148,14.731726542418611,14.49831689534555,14.561157624888017,614500
2020-09-23,14.552180290222168,14.812522415171813,14.552180290222168,14.713771717807262,1080200
2020-09-24,14.704793930053711,14.767636371290882,14.408543556204249,14.534226726397147,559900
2020-09-25,14.588089942932129,14.650930671798191,14.498316739288567,14.543204197251068,666900
2020-09-28,15.288318634033203,15.306271904651899,15.027976518825886,15.054908993176047,768300
2020-09-29,14.875361442565918,14.98308961938451,14.84843068257223,14.875361442565918,610600
2020-09-30,14.893317222595215,15.001043692908334,14.812521513719688,14.929225475272464,650200
2020-10-01,14.911270141601562,14.911270141601562,14.794564483917545,14.893315161606925,342400
2020-10-02,14.695817947387695,14.73172620103064,14.48036157640435,14.489339067885442,583500
2020-10-05,14.875361442565918,14.893316424082563,14.740702505753639,14.740702505753639,371100
2020-10-06,15.018998146057129,15.2075220308828,15.001043164210625,15.081838870238581,609300
2020-10-07,14.902295112609863,14.947180857727878,14.857407655210428,14.91127260408975,414000
2020-10-08,14.767637252807617,14.830477985514463,14.731727284242822,14.78559052480847,399000
2020-10-09,14.435477256774902,14.534227960537056,14.408544779672065,14.534227960537056,517000
2020-10-12,14.291838645935059,14.345701879727859,14.273883663910349,14.345701879727859,492000
2020-10-13,14.597067832946777,14.650931071690518,14.507294626852886,14.525249610527961,545500
2020-10-14,14.175134658813477,14.282861988829415,14.157180531881178,14.282861988829415,425500
2020-10-15,14.184111595153809,14.184111595153809,14.022520178384573,14.085360904398973,396800
2020-10-16,14.157181739807129,14.228999965945464,14.094340149830495,14.112295134435472,343000
2020-10-19,13.914793968200684,14.049452922210842,13.878884856721925,14.049452922210842,582500
2020-10-20,14.013543128967285,14.085361348430816,13.941724909503755,13.986611510703638,573700
2020-10-21,14.462409973144531,14.53422820099201,14.372636760264777,14.372636760264777,519800
2020-10-22,14.597067832946777,14.606045324784317,14.42649891259653,14.47138637178422,359600
2020-10-23,14.767637252807617,14.93820446664576,14.722749792101624,14.812523001232066,378000
2020-10-26,15.817976951599121,15.943658393893154,15.378088479007545,15.62047558538709,973600
2020-10-27,16.446386337280273,16.5630920046437,16.329682382198126,16.473318809505976,1313400
2020-10-28,15.638433456420898,15.800024890536768,15.602523487825573,15.719229173478833,1423300
2020-10-29,15.773093223571777,15.871843929995302,15.63843425899165,15.764115730962219,616500
2020-10-30,15.66536808013916,15.683321354616155,15.566617365247676,15.584572352006452,413000
2020-11-02,15.952638626098633,15.952638626098633,15.800024686106207,15.817979670171558,358300
2020-11-03,16.239910125732422,16.320705834798265,16.132181942884174,16.15911441666658,372500
2020-11-04,15.66536808013916,15.871845291019731,15.638435600000996,15.77309457612825,554400
2020-11-05,15.692296028137207,15.719228503435685,15.58456955150624,15.611500314523244,515100
2020-11-06,15.782069206237793,15.87184241146274,15.737183459766054,15.81797917324036,297200
2020-11-09,16.455366134643555,16.643890042087133,16.24888895548086,16.24888895548086,1278000
2020-11-10,16.625934600830078,16.778548536075117,16.581047142063024,16.68877533082248,684800
2020-11-11,16.266841888427734,16.3655908634171,16.195023673762147,16.34763588168038,500300
2020-11-12,15.907751083374023,16.060365022574384,15.844910351752969,16.0513875305883,354200
2020-11-13,16.15013885498047,16.212979589032745,15.898774206489772,15.898774206489772,350500
2020-11-16,16.625934600830078,16.724683585554654,16.52718390382403,16.590024633816434,496000
2020-11-17,16.518205642700195,16.59900135243619,16.500250660029664,16.554115608041254,326600
2020-11-18,16.35661506652832,16.554116461523975,16.3476375747302,16.473320747622385,246000
2020-11-19,16.455366134643555,16.46434362664387,16.338662163202493,16.44638864264324,247000
2020-11-20,16.599002838134766,16.634912806689957,16.527184613305923,16.599002838134766,177200
2020-11-23,16.77855110168457,16.868324320664435,16.733663636053773,16.76957360855841,465900
2020-11-24,16.742639541625977,17.020934953021747,16.706731284807926,16.796502782993837,738700
2020-11-25,16.92218589782715,16.940140882308274,16.751616969819587,16.760594462060148,691400
2020-11-27,16.68877601623535,16.742639256686523,16.670821031991114,16.68877601623535,204600
2020-11-30,15.916727066040039,16.320705605698457,15.898772083770476,16.293773132294113,536300
2020-12-01,16.24888801574707,16.27581877790899,16.14115983025513,16.159114813217357,423400
2020-12-02,16.80548095703125,16.949117414693614,16.634913733733217,16.67979948464709,385200
2020-12-03,16.97604751586914,17.083775700174183,16.940139262621727,17.002979990015753,329300
2020-12-04,17.487751007080078,17.50570598827196,17.28127386021719,17.290251350813133,413900
2020-12-07,16.94013786315918,17.074796798204957,16.922182881878072,16.958091132159026,387800
2020-12-08,17.182523727416992,17.272296923976423,17.110705512625707,17.110705512625707,300800
2020-12-09,17.110708236694336,17.200481447545894,16.9850267688711,17.173548970605953,335300
2020-12-10,17.730138778686523,17.775024521061813,17.658320563517275,17.730138778686523,342100
2020-12-11,17.613435745239258,17.6583214899695,17.523662543497373,17.568548288227614,190800
2020-12-14,17.81991195678711,17.9725258778948,17.79297948402176,17.945593405129447,304200
2020-12-15,17.89173126220703,17.909686245144776,17.69422987445464,17.757072314736757,229700
2020-12-16,18.026390075683594,18.1341182602279,17.981504330954287,18.0712758204129,242900
2020-12-17,17.801958084106445,17.846843829230686,17.730139864538813,17.846843829230686,207700
2020-12-18,18.053321838378906,18.17900328849278,17.97252613122532,18.134117545532494,346300
2020-12-21,17.7750244140625,17.784001904939778,17.55956976985171,17.667297948097758,275300
2020-12-22,17.64036750793457,17.739118206681088,17.577526776834606,17.739118206681088,334600
2020-12-23,17.559568405151367,17.604455856049185,17.389001228583172,17.424909477020254,651200
2020-12-24,17.586502075195312,17.61343454757096,17.523661351933423,17.595479565987198,92900
2020-12-28,17.70320701599121,17.90968589113109,17.514684835715553,17.514684835715553,304500
2020-12-29,17.803794860839844,18.10555403664657,17.758074460674553,17.91352626300659,473800
2020-12-30,17.71235466003418,17.8129398926267,17.602623254153258,17.639200970820742,293700
2020-12-31,17.74892807006836,17.867803887953386,17.73063921437508,17.822081748720194,360700
2021-01-04,16.651620864868164,16.971668857608737,16.615044898220777,16.91680403557703,593200
2021-01-05,17.255142211914062,17.310007038168983,17.154555243678896,17.181988528867045,369600
2021-01-06,17.620908737182617,17.675773557552898,17.401447711580303,17.465456959365827,346300
2021-01-07,17.37401580810547,17.419736204688792,17.31000655524028,17.37401580810547,360700
2021-01-08,17.584333419799805,17.60262227711842,17.419737192175113,17.60262227711842,230300
2021-01-11,17.5751895904541,17.6300561642809,17.38316181442477,17.38316181442477,211400
2021-01-12,17.71235466003418,17.730641774246394,17.63005654165387,17.684921372533566,260500
2021-01-13,17.840370178222656,17.91352385512691,17.80379246770991,17.876946144614166,246000
2021-01-14,19.394887924194336,19.687504401214774,18.95596582484576,19.047408364907056,521900
2021-01-15,19.541196823120117,19.724080157140577,19.321734031701382,19.669215331346575,411300
2021-01-19,19.24858283996582,19.294304987478238,19.001690219885123,19.276016128473273,456600
2021-01-20,19.806379318237305,19.815523747041468,19.596062688105935,19.66921637441778,389300
2021-01-21,19.495473861694336,19.70579047182818,19.404031326468793,19.70579047182818,383500
2021-01-22,19.358312606811523,19.3766014642642,19.184571949253982,19.312592207301275,130000
2021-01-25,19.641780853271484,19.650925281035246,19.413175391541262,19.586916030810183,339100
2021-01-26,20.49219512939453,20.57449324189181,20.06241745400316,20.57449324189181,762300
2021-01-27,21.763240814208984,22.147298087124266,21.479770509761465,21.51634822343025,1287600
2021-01-28,21.13228988647461,21.882115537716015,21.123145458517847,21.790673002269703,503000
2021-01-29,20.208724975585938,20.49219528516389,20.135571291045775,20.32759905891817,487900
2021-02-01,20.748233795166016,20.803098621858688,20.41904134676721,20.528772744273944,528500
2021-02-02,20.382465362548828,20.446474617665086,20.27273396511996,20.391608046889957,280800
2021-02-03,20.26358985900879,20.373321258183253,20.071562090605255,20.126426918131777,332700
2021-02-04,20.766521453857422,20.766521453857422,20.574493683324683,20.629358511459547,204900
2021-02-05,20.59278106689453,20.620212606937937,20.5287718146315,20.611069923004344,197500
2021-02-08,20.784809112548828,20.85796279388345,20.611070209454944,20.611070209454944,191100
2021-02-09,20.720802307128906,20.76652270931846,20.565350497914267,20.592783785700927,330900
2021-02-10,20.684223175048828,20.84881764426522,20.611069496245563,20.80309724905866,189500
2021-02-11,20.848819732666016,20.885397447792233,20.693367931622497,20.867108590229126,282400
2021-02-12,20.97684097290039,21.03170580403515,20.757379904239826,20.78481144774644,229200
2021-02-16,20.55620574951172,20.684226013073697,20.53791689127122,20.611072324233216,246100
2021-02-17,20.6019287109375,20.63850468474537,20.44647689798049,20.611073140419865,166200
2021-02-18,20.281879425048828,20.31845539663765,20.098994334740276,20.31845539663765,264200
2021-02-19,20.355031967163086,20.47390604829069,20.30930982509756,20.373320823989296,125100
2021-02-22,20.300167083740234,20.409896736146273,20.227013400762416,20.263589370190637,139900
2021-02-23,20.14471435546875,20.309308826447047,20.007549680138222,20.309308826447047,255100
2021-02-24,20.40989875793457,20.41904318722781,20.19958211655472,20.2178709751412,350500
2021-02-25,20.217870712280273,20.51962989854767,20.16300413723418,20.492196611024625,231100
2021-02-26,19.778945922851562,19.970975438438064,19.669216266049087,19.916110610036828,221900
2021-03-01,19.9984073638916,20.126425869490514,19.68750378390453,19.778944576977278,323000
2021-03-02,20.007551193237305,20.163002992129705,19.897821537619983,19.943541936773627,343700
2021-03-03,19.82466697692871,20.034983594340968,19.82466697692871,19.943541055950877,364000
2021-03-04,19.33087730407715,19.596060477113294,19.16628109241627,19.522906799055264,333600
2021-03-05,19.27601432800293,19.321734727123257,18.95596630179635,19.20286064293755,368800
2021-03-08,19.861244201660156,19.980120032320325,19.77894608631741,19.87038863048951,227500
2021-03-09,20.13557243347168,20.190437263959296,20.06241874478102,20.117283575268637,254100
2021-03-10,20.080705642700195,20.117283358712537,19.906966724006065,20.06241852881552,226200
2021-03-11,20.034984588623047,20.06241787473792,19.91611050370148,20.016695731213133,123300
2021-03-12,19.852100372314453,19.89782251784193,19.669217022569097,19.742370711291542,178300
2021-03-15,20.034984588623047,20.05327344603296,19.888677217586608,19.934397616989955,170100
2021-03-16,20.025840759277344,20.08985001800636,19.952687071569688,19.952687071569688,192800
2021-03-17,19.980119705200195,20.016695675797326,19.77894576249096,19.879532733845576,162800
2021-03-18,19.84295654296875,20.025839882167055,19.84295654296875,19.86124365600359,133600
2021-03-19,20.108137130737305,20.172146383910825,19.989263052575243,20.126425987107265,139100
2021-03-22,20.208724975585938,20.272734231543403,20.016695463592125,20.08070471954959,270100
2021-03-23,20.227014541625977,20.528773718944755,20.19958125491646,20.483051574428895,313600
2021-03-24,20.117284774780273,20.217871756773093,20.02584222243422,20.19958289747956,598900
2021-03-25,20.81224250793457,20.839675792626657,20.473905639884233,20.519627781037713,288900
2021-03-26,20.995126724243164,21.01341558147466,20.684224871914868,20.766521241213752,262000
2021-03-29,21.022560119628906,21.104858233478026,20.940262005779786,21.022560119628906,301500
2021-03-30,21.022560119628906,21.104858233478026,20.88539717792085,20.98598414909676,210700
2021-03-31,20.821388244628906,20.857964215728856,20.71165684308614,20.821388244628906,164600
2021-04-01,20.93111801147461,20.940262440327768,20.67508098007206,20.82138835347965,184900
2021-04-05,21.324317932128906,21.397471612659725,21.10485689053645,21.10485689053645,171100
2021-04-06,20.921974182128906,21.09571484707441,20.90368706802005,21.02256115827444,161400
2021-04-07,21.086570739746094,21.086570739746094,20.912831816270803,20.94026335991346,110500
2021-04-08,21.287744522094727,21.38832975483621,21.260311234553487,21.278600092914314,178200
2021-04-09,21.525493621826172,21.525493621826172,21.40661779116725,21.48891590650913,148200
2021-04-12,21.74495506286621,21.9369828392853,21.690088488928048,21.900406867448016,242000
2021-04-13,21.47977066040039,21.52549280280702,21.296887323138066,21.507203945844367,205600
2021-04-14,21.973562240600586,22.055860363698546,21.836397539356238,21.836397539356238,195100
2021-04-15,22.055858612060547,22.074145725868718,21.964416066533733,22.055858612060547,169900
2021-04-16,21.87297248840332,21.955270601080084,21.726665120116053,21.87297248840332,180100
2021-04-19,21.863828659057617,22.000991602570764,21.799819401692915,21.982704489124743,152500
2021-04-20,21.488914489746094,21.781529216504495,21.41576080805649,21.76324036005176,245100
2021-04-21,21.434051513671875,21.452338627580936,21.141436761668956,21.196301591639127,215500
2021-04-22,21.223730087280273,21.52549096909343,21.223730087280273,21.507202113688766,197100
2021-04-23,21.955270767211914,22.083289279401615,21.754098570325038,21.76324125480594,222700
2021-04-26,23.03428840637207,23.720104839024454,22.89712546866587,23.04343283476867,452000
2021-04-27,22.010135650634766,22.14729859177534,21.909548679875016,22.074144906892272,313900
2021-04-28,21.799819946289062,21.87297363426501,21.70837740028876,21.87297363426501,655200
2021-04-29,21.84554100036621,22.010137239263553,21.671802076304836,22.010137239263553,154800
2021-04-30,21.699234008789062,21.900407968432827,21.653513605663615,21.827254276959163,153400
2021-05-03,21.67180061340332,21.927837639630216,21.67180061340332,21.818107983853384,261000
2021-05-04,21.470624923706055,21.772384068717926,21.37003970478296,21.62607671017407,162600
2021-05-05,21.589502334594727,21.763241245601147,21.479770935534667,21.56206904879936,286300
2021-05-06,21.534635543823242,21.552924400834012,21.351752206079762,21.46148185990157,168900
2021-05-07,21.87297248840332,21.955270601080084,21.60778929330677,21.60778929330677,123700
2021-05-10,21.808963775634766,21.991847118485254,21.7723860605918,21.946126718802994,124800
2021-05-11,21.72666358947754,21.827250552134235,21.543778519941963,21.690085877921913,260400
2021-05-12,21.04999351501465,21.5163489145428,21.022560228881893,21.5163489145428,288700
2021-05-13,20.821388244628906,20.940262330855568,20.72994570069684,20.83053267343426,239600
2021-05-14,21.342607498168945,21.4249056095186,21.040848337927333,21.104857592505645,153800
2021-05-17,21.21459197998047,21.35175493686088,21.10486056800317,21.28774567325813,293700
2021-05-18,21.196300506591797,21.424905987906858,21.178011649497453,21.32431901800938,203000
2021-05-19,21.18715476989746,21.18715476989746,20.93111601874935,21.03170298243634,131300
2021-05-20,21.516347885131836,21.552923854104154,21.2694535541136,21.296886838933855,166400
2021-05-21,21.488914489746094,21.562068171435694,21.397471951603755,21.562068171435694,158500
2021-05-24,21.84554100036621,21.909550261243723,21.635224359162518,21.66265764701926,223200
2021-05-25,21.543781280517578,21.955271867639535,21.525494166517774,21.83639603397252,291200
2021-05-26,21.616933822631836,21.67180039408644,21.534635709571344,21.626078251207602,394400
2021-05-27,21.808963775634766,21.891261890359992,21.763241631831058,21.799819346874024,243700
2021-05-28,21.84554100036621,21.973561266242783,21.83639657108063,21.909550261243723,194000
2021-06-01,21.47977066040039,21.66265574178411,21.424905833633833,21.616933599377482,371400
2021-06-02,21.47977066040039,21.47977066040039,21.269454037694086,21.415761405152505,512600
2021-06-03,21.57121467590332,21.65351279374053,21.452338841640014,21.452338841640014,359800
2021-06-04,21.735811233520508,21.79067606485078,21.571214995408152,21.64436868522236,290800
2021-06-07,21.71752166748047,21.80896421279942,21.54378100578661,21.80896421279942,196100
2021-06-08,21.74495506286621,21.790675463693187,21.63522365911138,21.78153103470349,167400
2021-06-09,21.763240814208984,21.86382778267675,21.74495370149598,21.84553892584236,113100
2021-06-10,22.09243392944336,22.10157835813734,21.946126558582524,21.946126558582524,171500
2021-06-11,21.91869354248047,21.964415686513554,21.781530598624133,21.964415686513554,135100
2021-06-14,21.64436912536621,21.84554134041579,21.580359863492326,21.84554134041579,319900
2021-06-15,21.616933822631836,21.808963334480115,21.607789394056066,21.772385620177047,240000
2021-06-16,21.635221481323242,21.7540973021018,21.543778944752347,21.735808445963357,117400
2021-06-17,21.7083740234375,21.763238844854573,21.589499953013636,21.635220346840992,289900
2021-06-18,21.004270553588867,21.452337078248224,20.93111687087145,21.452337078248224,508600
2021-06-21,21.47977066040039,21.498059517363043,21.077424527829038,21.077424527829038,238200
2021-06-22,21.269453048706055,21.44319369352985,21.232875336481545,21.44319369352985,338600
2021-06-23,21.18715476989746,21.37918252516757,21.17801034191489,21.296886161567024,318000
2021-06-24,21.333463668823242,21.360896954750576,21.242021126520225,21.242021126520225,135100
2021-06-25,21.498058319091797,21.53463428685701,21.370039815731598,21.370039815731598,109100
2021-06-28,21.449668884277344,21.67300756996834,21.41244695327817,21.589256006565215,215400
2021-06-29,21.161191940307617,21.384528847668175,21.096052230859616,21.29147135920362,314000
2021-06-30,21.058828353881836,21.142579915324994,20.98438271870169,21.08674613267087,154700
2021-07-01,20.84479522705078,20.90993492925684,20.78896145014898,20.90993492925684,212600
2021-07-02,20.975080490112305,21.002996496536404,20.826187431179292,20.844799285411433,194200
2021-07-06,20.79827117919922,20.975080242468827,20.733131465079914,20.975080242468827,121500
2021-07-07,20.993688583374023,21.012300435845443,20.761045752253093,20.882021018393385,322100
2021-07-08,20.761045455932617,20.854102942037578,20.574932258646616,20.667987969827657,264400
2021-07-09,21.291473388671875,21.412448667684153,21.030914526043826,21.030914526043826,289900
2021-07-12,21.12396812438965,21.25424753165715,21.105356273373204,21.25424753165715,126000
2021-07-13,21.27286148071289,21.38452904797718,21.217025922156765,21.328695264345033,178000
2021-07-14,21.691617965698242,21.793981383562148,21.54272668967293,21.793981383562148,247000
2021-07-15,21.393835067749023,21.533420414900416,21.31008350447339,21.533420414900416,181200
2021-07-16,21.105358123779297,21.33800095711033,21.077440344806945,21.33800095711033,123100
2021-07-19,22.156902313232422,22.37093506269322,21.766062293462316,21.905649409391852,807700
2021-07-20,23.050254821777344,23.09678268345846,22.83622381816556,22.985115105454117,511600
2021-07-21,22.380239486694336,22.39885133903505,22.063845096597895,22.36162940927755,496700
2021-07-22,22.287185668945312,22.454687029475288,22.268573815022844,22.38954731567073,300700
2021-07-23,22.49190902709961,22.622188444802656,22.398851539487172,22.398851539487172,214100
2021-07-26,22.30579376220703,22.361629319003768,22.18482027232861,22.32440561447261,233700
2021-07-27,22.222042083740234,22.31509956964925,22.017317034679532,22.305793643565956,197500
2021-07-28,21.88703727722168,22.156902029722975,21.62647667573432,22.03592854237906,349400
2021-07-29,21.365917205810547,21.579949963868103,21.356613054303853,21.477586548054663,410200
2021-07-30,21.47758674621582,21.626478020632387,21.365917402941395,21.37522332945793,273400
2021-08-02,21.91495704650879,22.05454418464227,21.75675982822514,21.75675982822514,293900
2021-08-03,22.733858108520508,22.845525675305772,22.11968116642963,22.4546856417094,1568900
2021-08-04,22.501216888427734,22.845527314802858,22.491910961373797,22.743165667057763,491400
2021-08-05,22.49190902709961,22.501214953353248,22.277878048037767,22.501214953353248,344300
2021-08-06,22.277877807617188,22.40815722391427,22.184820321009017,22.40815722391427,335300
2021-08-09,22.370935440063477,22.454685226140484,22.277877952848655,22.34301766142185,353300
2021-08-10,22.11968231201172,22.18482202516405,21.93356732449872,22.18482202516405,557000
2021-08-11,22.194128036499023,22.287185530609683,22.110376469291836,22.249961822995793,283900
2021-08-12,22.324405670166016,22.389545378334127,22.17551440151778,22.277877814309914,175900
2021-08-13,22.333711624145508,22.426769110897567,22.203432207646983,22.426769110897567,144300
2021-08-16,22.222042083740234,22.222042083740234,22.026622960762822,22.175514228247682,143500
2021-08-17,22.063844680786133,22.14759623981705,21.998704973745173,22.11968023675601,146600
2021-08-18,22.063844680786133,22.287183354817852,22.063844680786133,22.12898616275099,175600
2021-08-19,21.6637020111084,21.831203365833066,21.56133859300664,21.831203365833066,166600
2021-08-20,21.72884178161621,21.812593346667814,21.607866509908774,21.673007996556485,161000
2021-08-23,21.859121322631836,21.868427249345846,21.75675790370176,21.78467568384379,183200
2021-08-24,22.073150634765625,22.194125897929837,21.92425936850498,21.96148307253209,212800
2021-08-25,22.008012771606445,22.054542405538868,21.868427419657273,22.026624625179412,426100
2021-08-26,21.849817276000977,21.98940263887378,21.831205420971486,21.98009848628322,163700
2021-08-27,21.81259536743164,21.831205447559608,21.607868511706286,21.691620084516806,202500
2021-08-30,21.8218994140625,21.84981541931038,21.71023006829886,21.81259348733853,219900
2021-08-31,22.156902313232422,22.24065387282058,22.01731697222679,22.05454067645438,335800
2021-09-01,22.501216888427734,22.612884463226763,22.277879963905576,22.28718589095951,237400
2021-09-02,22.380239486694336,22.547742607912912,22.352323483107195,22.43607504371648,241400
2021-09-03,22.70594024658203,22.72455209928638,22.491909265253934,22.491909265253934,165500
2021-09-07,22.510522842407227,22.603580338133796,22.38954756548546,22.56635662987353,226900
2021-09-08,22.57566261291504,22.780387684081823,22.5663566858269,22.743165750653365,211600
2021-09-09,22.966501235961914,22.985113088971207,22.640800907995313,22.640800907995313,241500
2021-09-10,22.864137649536133,23.08747455921704,22.84552579666506,22.919971433225363,172300
2021-09-13,23.031641006469727,23.050252859527422,22.89205565838501,23.050252859527422,149100
2021-09-14,22.966501235961914,23.078168804169668,22.93858345644798,23.059558726084372,202700
2021-09-15,23.15261459350586,23.15261459350586,22.65941290998494,23.0037233183006,124100
2021-09-16,23.13400650024414,23.189840289505767,23.050254928889622,23.10608871815125,124700
2021-09-17,22.947891235351562,23.245673807841825,22.892057446740672,23.245673807841825,187900
2021-09-20,22.566356658935547,22.724553869397212,22.398853521396827,22.724553869397212,223600
2021-09-21,22.864137649536133,22.9292773596609,22.59427288260153,22.77108016010476,369500
2021-09-22,22.65010643005371,22.798997701621403,22.557048941592914,22.724552065837557,546000
2021-09-23,22.7431640625,22.84552570302336,22.64080064705267,22.64080064705267,154100
2021-09-24,22.864137649536133,22.91066728171381,22.77108016010476,22.836221645153508,218800
2021-09-27,22.919971466064453,23.124698298091598,22.8362216778726,22.873443608744093,859200
2021-09-28,23.050254821777344,23.124700465421622,22.892057607167732,23.003725185172076,804900
2021-09-29,23.15261459350586,23.23636615767432,23.05955887769558,23.12469858873238,390500
2021-09-30,22.687328338623047,22.97580673006595,22.687328338623047,22.929277098418407,236900
2021-10-01,22.65010643005371,22.724552065837557,22.47329737947059,22.69663428682213,235000
2021-10-04,21.896345138549805,22.333713046742524,21.803287645870235,22.333713046742524,485300
2021-10-05,22.13829231262207,22.21273794641085,21.96148326677725,21.96148326677725,228300
2021-10-06,22.054540634155273,22.08245663734851,21.793980029833637,22.063844785270415,214600
2021-10-07,22.287185668945312,22.417465096554434,22.277879741984076,22.35232538274987,294400
2021-10-08,22.408157348632812,22.529130839449994,22.37093541873673,22.408157348632812,239000
2021-10-11,22.538436889648438,22.808303426306406,22.538436889648438,22.668718082311294,182500
2021-10-12,22.45468521118164,22.557048624542144,22.39885142885952,22.501214842220023,171400
2021-10-13,22.529130935668945,22.547742788158445,22.39885151809035,22.491909005613895,143600
2021-10-14,22.510522842407227,22.622190417339826,22.47329913414696,22.519828769472294,403700
2021-10-15,22.808303833007812,22.826915685852086,22.650106633679442,22.650106633679442,149700
2021-10-18,23.115392684936523,23.161920542887497,22.91066762505863,22.91066762505863,268500
2021-10-19,23.338729858398438,23.375953565113797,23.13400479623604,23.13400479623604,266100
2021-10-20,23.608596801757812,23.710958447087226,23.487621527835703,23.673736514674,190600
2021-10-21,23.264284133911133,23.469009195316904,23.161920715746238,23.469009195316904,232000
2021-10-22,23.375951766967773,23.58998273934513,23.26428243033565,23.58998273934513,165600
2021-10-25,23.29220199584961,23.431787346159712,23.05025322701422,23.329423927634426,871600
2021-10-26,20.04450798034668,21.998706419720587,19.541998593131208,21.905650703502033,2253800
2021-10-27,20.547016143798828,20.89132833778509,20.472570503872618,20.854104630359956,2174100
2021-10-28,20.8634090423584,20.937854676879233,20.73312962567792,20.73312962567792,1158100
2021-10-29,20.81688117980957,20.900630965560637,20.779657475098936,20.807575253631914,459800
2021-11-01,20.882020950317383,20.93785473262568,20.80757531559834,20.81688124180371,399700
2021-11-02,21.12396812438965,21.263553457165372,21.105356273373204,21.15188412599051,430000
2021-11-03,21.235637664794922,21.254249517550367,20.993688903746047,21.077440466221578,349700
2021-11-04,21.533422470092773,21.61717404136182,21.40314303697388,21.40314303697388,448700
2021-11-05,21.51481056213379,21.533420640337884,21.365917512032997,21.44966907618544,191000
2021-11-08,21.552032470703125,21.561338397257344,21.403141195683595,21.403141195683595,195800
2021-11-09,21.161191940307617,21.33800099089788,21.105358157198467,21.272861281449877,350600
2021-11-10,20.937854766845703,21.123969741409464,20.87271505822557,21.077440110306554,283400
2021-11-11,21.068134307861328,21.151885869414667,20.98438274630799,21.08674616041184,179300
2021-11-12,21.27286148071289,21.328695264345033,21.123970207744517,21.161192138524623,277400
2021-11-15,21.142580032348633,21.235637520569874,21.13327410603411,21.142580032348633,154300
2021-11-16,21.105358123779297,21.161191906800035,21.077440344806945,21.077440344806945,253700
2021-11-17,20.993688583374023,21.021606362081155,20.919242948412283,20.993688583374023,195700
2021-11-18,20.909936904907227,21.002994391818493,20.844797196546523,20.993688465634975,269300
2021-11-19,21.12396812438965,21.263553457165372,21.08674442235676,21.207719679039844,243000
2021-11-22,21.12396812438965,21.272859382673595,21.002992867706563,21.002992867706563,405800
2021-11-23,21.105358123779297,21.319389104462097,21.002994709137973,21.170497833124152,378500
2021-11-24,21.217025756835938,21.282167241310507,21.06813448502771,21.161191973638843,540200
2021-11-26,20.900630950927734,21.049523994742106,20.854103094995946,20.90993687709888,136500
2021-11-29,20.426042556762695,20.658685402398152,20.342290990340008,20.658685402398152,345100
2021-11-30,20.472570419311523,20.751741124150698,20.379512926057117,20.70521326498552,411900
2021-12-01,20.686601638793945,21.068135767900248,20.686601638793945,20.928550413945956,283500
2021-12-02,20.640073776245117,20.779659130179986,20.48187656847251,20.519098501223908,433900
2021-12-03,20.900630950927734,20.993688437715242,20.76104560820844,20.854103094995946,484200
2021-12-06,20.937854766845703,21.123969741409464,20.891326910666734,20.937854766845703,234700
2021-12-07,21.654396057128906,21.68231206208576,21.40314136297311,21.40314136297311,291800
2021-12-08,21.700923919677734,21.72884169956419,21.561338570093508,21.64509013482885,161400
2021-12-09,21.598560333251953,21.68231189733417,21.56133840195097,21.654395892589434,139600
2021-12-10,21.738149642944336,21.756759723004496,21.63578621545462,21.663703997931137,168100
2021-12-13,21.598560333251953,21.673007745701927,21.579950255063462,21.654395892589434,185700
2021-12-14,21.77536964416504,21.80328742416224,21.58925643562245,21.617172440695622,289400
2021-12-15,22.324405670166016,22.42676908295815,22.02662313286955,22.13829247181769,447900
2021-12-16,23.189838409423828,23.413175323287778,22.82691614626041,22.97580742216971,422200
2021-12-17,23.3015079498291,23.56206679740018,23.25497831638853,23.25497831638853,344400
2021-12-20,23.059560775756836,23.06886670308865,22.8734457789689,22.966503277362868,272200
2021-12-21,23.320117950439453,23.413175442085944,23.106086962099344,23.106086962099344,215500
2021-12-22,23.227062225341797,23.264285934801073,23.06886678491234,23.124700574177098,254300
2021-12-23,23.329425811767578,23.43178923855995,23.30150980440542,23.375955448911462,234200
2021-12-27,23.496925354003906,23.50623128000626,23.273588454719093,23.273588454719093,180700
2021-12-28,23.348033905029297,23.46900739226504,23.32011612724079,23.42247953754142,325200
2021-12-29,23.366039276123047,23.451316936838296,23.17653296180779,23.43236594395354,736500
2021-12-30,23.1291561126709,23.38498908182885,23.11020512074822,23.27128493755885,225700
2021-12-31,23.148107528686523,23.27128536390852,23.091256359142992,23.091256359142992,194900
2022-01-03,23.23338508605957,23.280760759263078,23.129156436292547,23.195483101683894,264400
2022-01-04,23.10072898864746,23.299710783823954,23.072304308812253,23.138630971449082,520300
2022-01-05,23.062829971313477,23.38498961224189,23.053354475137215,23.21443429560142,233200
2022-01-06,22.97755241394043,23.186007908935636,22.939650429068877,23.043879080199538,262900
2022-01-07,22.89227294921875,22.9396486193045,22.75961962716588,22.9396486193045,134500
2022-01-10,22.873323440551758,22.90174992880493,22.645916956324665,22.854374255649063,164800
2022-01-11,23.261810302734375,23.27128579904649,22.949126153499094,23.015454627683898,242500
2022-01-12,23.176530838012695,23.299710473209817,23.00597733947712,23.195481829160865,197800
2022-01-13,23.157583236694336,23.290236569264938,23.100730259364553,23.290236569264938,224800
2022-01-14,23.1291561126709,23.223909265018218,23.01545377566696,23.072304944168927,154100
2022-01-18,22.721717834472656,22.911224130925476,22.69329315509092,22.816470982699066,283600
2022-01-19,22.570112228393555,22.844896161796008,22.551161238379756,22.75014301899289,237000
2022-01-20,22.702768325805664,22.987027789046294,22.674343644567873,22.882799138464787,427000
2022-01-21,22.636442184448242,22.92070165427599,22.626966688060705,22.806997504891662,308300
2022-01-24,23.062829971313477,23.13863213345745,22.560639517568344,22.731194834208807,487900
2022-01-25,23.68819808959961,23.86822890111507,23.318662777727006,23.53659376640746,542600
2022-01-26,23.157583236694336,23.91560486176366,23.00597891168047,23.91560486176366,550400
2022-01-27,22.655391693115234,23.498690936435857,22.390083233442375,22.835422498152745,312100
2022-01-28,22.134254455566406,22.143729952351556,21.92579714082557,22.11530346199611,344100
2022-01-31,22.475360870361328,22.475360870361328,22.1247765635955,22.1247765635955,279900
2022-02-01,22.617490768432617,22.64591544752589,22.40903348299682,22.50378663026164,219300
2022-02-02,22.816471099853516,22.901748752968555,22.67434228041711,22.731193446738473,231900
2022-02-03,22.958599090576172,23.176530059663285,22.930174412074503,22.930174412074503,279600
2022-02-04,22.816471099853516,23.04387757240496,22.664866784819218,22.911224248566448,136200
2022-02-07,23.072303771972656,23.138630433066215,22.96807512895937,22.96807512895937,146000
2022-02-08,23.33761215209961,23.39446512920769,23.148107650204327,23.17653233149226,162200
2022-02-09,23.422889709472656,23.45131619790409,23.261809889560045,23.337612051444445,261800
2022-02-10,23.261810302734375,23.441841118132302,23.22391012475204,23.280761295358605,234100
2022-02-11,23.10072898864746,23.394463933561997,23.072304308812253,23.299710783823954,221500
2022-02-14,23.02492904663086,23.12915770210209,22.844900032792058,23.1196822054896,232000
2022-02-15,23.508167266845703,23.517642762948945,23.204958620606355,23.204958620606355,161900
2022-02-16,23.403940200805664,23.441840377590704,23.223909391095017,23.29971155193117,212600
2022-02-17,23.176530838012695,23.356561639388342,23.148106158556427,23.337610648240172,207100
2022-02-18,23.29023551940918,23.31866200679269,23.18600687293568,23.242859847702697,177800
2022-02-22,22.721717834472656,22.996501783602646,22.61749099796299,22.911224130925476,329800
2022-02-23,22.456411361694336,22.806995663395483,22.437460370449408,22.74066900130424,225100
2022-02-24,22.238481521606445,22.238481521606445,21.802619508854686,22.039501508984877,418100
2022-02-25,22.57958984375,22.57958984375,22.295332195913147,22.30480769180985,185300
2022-02-28,22.390085220336914,22.437462703375285,22.247956385754176,22.314283054741708,247200
2022-03-01,22.030025482177734,22.380611629134247,21.954223316250136,22.247956483311306,244900
2022-03-02,21.755239486694336,21.783665974009818,21.508883825690905,21.64153715196445,358500
2022-03-03,21.76471519470215,21.93527050572615,21.63206186713505,21.812092674023283,249100
2022-03-04,21.669963836669922,21.821568155868075,21.584686181212707,21.6983885169783,238200
2022-03-07,21.035120010375977,21.44255548748025,21.035120010375977,21.44255548748025,239900
2022-03-08,21.11092185974121,21.4236059884834,21.091970868359017,21.19619951369508,360800
2022-03-09,21.76471519470215,21.79314168229483,21.508884035432185,21.508884035432185,303500
2022-03-10,21.849994659423828,21.963698811943374,21.745767810819288,21.802618983445964,287900
2022-03-11,21.90684700012207,22.21953115134463,21.90684700012207,22.048975831174843,231200
2022-03-14,22.143728256225586,22.314281763495853,22.096350775928776,22.10582627198814,229800
2022-03-15,22.513261795043945,22.541688280985657,22.21952866937667,22.21952866937667,221900
2022-03-16,22.996501922607422,23.005977418213938,22.664866805443378,22.740668963029503,250500
2022-03-17,22.712242126464844,22.759619603767856,22.494311152668896,22.560637813627146,198700
2022-03-18,22.873323440551758,22.88279893663615,22.61749227533758,22.68381894066222,152500
2022-03-21,22.88279914855957,22.977552303014914,22.788045994104227,22.83542347496495,203000
2022-03-22,22.702768325805664,22.788045984051244,22.570114993986365,22.636441659896015,287300
2022-03-23,22.4279842376709,22.674341695058185,22.409033246964352,22.674341695058185,336500
2022-03-24,22.797521591186523,22.80699708740061,22.674343754935617,22.740670421168115,140800
2022-03-25,22.73119354248047,22.788044709041284,22.598540218083233,22.712242551204863,147800
2022-03-28,22.626964569091797,22.655391055592332,22.503786742121424,22.655391055592332,128400
2022-03-29,23.16705894470215,23.27128578956067,23.015454618302364,23.015454618302364,208300
2022-03-30,23.062829971313477,23.261809969216618,23.02492798660844,23.11968114110493,135700
2022-03-31,23.03440284729004,23.242860142884425,23.024927351375197,23.119680503257552,208900
2022-04-01,23.110204696655273,23.138631184017637,22.958600378588056,23.100729200867818,149800
2022-04-04,23.148107528686523,23.17653220982524,22.968076716654902,22.968076716654902,173600
2022-04-05,22.674341201782227,22.996500807721237,22.63643922119368,22.996500807721237,186300
2022-04-06,22.53221321105957,22.60801536773594,22.42798456790482,22.50378672458119,185400
2022-04-07,22.759620666503906,22.788045346947005,22.4658857153075,22.560638867071955,206900
2022-04-08,22.958599090576172,23.053352235868893,22.825945771525916,22.958599090576172,311500
2022-04-11,22.52273941040039,22.740670401335993,22.503788417988744,22.740670401335993,193300
2022-04-12,22.465885162353516,22.683817948227574,22.427984986940203,22.6269649742086,166500
2022-04-13,22.53221321105957,22.57011338576477,22.42798456790482,22.437460063397612,223900
2022-04-14,22.863847732543945,23.233384847345587,22.84489854781689,23.034403045949922,261600
2022-04-18,22.664867401123047,22.769096048268064,22.598540737400235,22.740669560701413,180500
2022-04-19,22.759620666503906,22.769096162406957,22.589065354781102,22.721718682891705,176400
2022-04-20,23.29023551940918,23.460790829178173,23.26180903202567,23.441839837589164,250100
2022-04-21,22.153202056884766,22.939650161122263,22.143728368043643,22.844898814582344,377500
2022-04-22,21.935270309448242,22.31428110429571,21.916319317889364,22.12477661050499,229400
2022-04-25,22.096351623535156,22.096351623535156,21.793142967068956,21.944747295302054,293300
2022-04-26,21.489933013916016,22.030023626566038,21.319377703128424,21.79314165208683,453000
2022-04-27,21.508882522583008,21.783664654254345,21.49940702738525,21.651011336017554,409500
2022-04-28,21.973173141479492,22.02054881494098,21.527833858970666,21.7078646712033,271400
2022-04-29,21.77419090270996,22.23847936098435,21.736290726149836,22.001597383868884,219700
2022-05-02,21.594161987304688,21.764715493403344,21.385704689962886,21.70786432470379,388900
2022-05-03,21.698389053344727,21.75524022263284,21.61311139577952,21.679438061159995,181300
2022-05-04,22.12477684020996,22.143727831965595,20.845613812961393,21.75523973003928,209000
2022-05-05,21.688913345336914,22.219530277728413,21.48045785513987,21.87841965080046,466700
2022-05-06,21.963699340820312,22.200581340946044,21.82157050219812,22.200581340946044,369300
2022-05-09,22.285856246948242,22.513262722047795,22.229003272723844,22.45641155508941,429200
2022-05-10,22.674341201782227,22.90174766351578,22.579588057576768,22.740667860546274,304000
2022-05-11,22.750144958496094,23.07230458713203,22.72171847105197,22.892273781184645,451300
2022-05-12,23.347087860107422,23.46079200808909,23.08178119359373,23.290236689749648,657400
2022-05-13,23.29023551940918,23.31866200679269,23.148106697023696,23.309186510998185,246800
2022-05-16,23.280759811401367,23.39446395263291,23.100729007478925,23.17653116587795,407900
2022-05-17,23.602920532226562,23.63134702067071,23.366038550323633,23.39446503876778,313900
2022-05-18,23.422889709472656,23.71662466813254,23.37551403601969,23.479742686335527,282300
2022-05-19,23.73557472229004,23.849278872913242,23.688199047102298,23.697674543593077,259100
2022-05-20,23.716625213623047,23.782951880889172,23.508167908196786,23.67872322817604,238100
2022-05-23,23.9061279296875,23.91560342534001,23.735572622474297,23.735572622474297,244800
2022-05-24,24.019832611083984,24.076683779013116,23.782950636235554,23.782950636235554,426200
2022-05-25,23.887176513671875,23.962980477544182,23.7355722004592,23.830325348033615,590500
2022-05-26,24.228288650512695,24.266190634839955,23.972455678101948,24.019833158511023,237300
2022-05-27,24.379892349243164,24.389367845082436,24.171436862577277,24.171436862577277,201500
2022-05-31,24.05773162841797,24.171435766065134,23.94402929803676,24.11458460087453,645300
2022-06-01,24.15248680114746,24.417795273067515,24.038784461228946,24.417795273067515,260400
2022-06-02,24.218812942504883,24.237763934502684,24.03878394032399,24.143010781779754,277600
2022-06-03,23.896652221679688,23.962980690657847,23.34708612957971,23.962980690657847,315900
2022-06-06,24.06720733642578,24.29461380646296,23.991405179746724,24.256713631756416,223400
2022-06-07,24.161962509155273,24.171438005442564,23.98193169422901,24.07668484983579,186600
2022-06-08,23.934555053710938,24.038783701396813,23.868228389643942,23.934555053710938,235900
2022-06-09,23.621871948242188,23.85875393439421,23.593445459288137,23.735574289526124,264400
2022-06-10,23.29023551940918,23.45131533338367,23.233384351908192,23.384988670088177,207100
2022-06-13,22.844898223876953,23.110204878954374,22.806996240428155,22.86384740833531,382600
2022-06-14,22.68381690979004,22.873321392713322,22.551161783751226,22.778570054884643,189300
2022-06-15,23.110204696655273,23.195482351476336,22.788045068945934,22.90174921112936,365000
2022-06-16,22.92070198059082,23.072306310417506,22.778573147286576,23.015455138549044,336300
2022-06-17,22.598541259765625,22.731194590277532,22.513263602360517,22.731194590277532,451100
2022-06-21,22.68381690979004,22.86384589747727,22.50378611483689,22.86384589747727,305700
2022-06-22,22.446935653686523,22.59853996767951,22.26690485309511,22.304806835226348,279700
2022-06-23,22.409034729003906,22.608016530050588,22.32375707245048,22.494312385557333,275600
2022-06-24,22.399559020996094,22.475361180852055,22.276381188954925,22.30480767662568,180600
2022-06-27,22.465885162353516,22.551162816115973,22.352182828847575,22.44693597827986,217200
2022-06-28,22.685989379882812,23.197631505353904,22.67633554642708,23.197631505353904,290000
2022-06-29,21.92335319519043,22.338458829027896,21.92335319519043,22.338458829027896,238400
2022-06-30,21.92335319519043,21.971622362660174,21.730282049152855,21.74958971614075,195200
2022-07-01,22.270883560180664,22.290191226929572,21.855777931481395,21.961968257319935,374300
2022-07-05,21.894392013549805,21.961967002028114,21.662705549646883,21.961967002028114,320800
2022-07-06,21.933006286621094,22.01988894384665,21.72062748078107,21.894392795232182,613500
2022-07-07,22.16469383239746,22.184001499667332,21.913701523011092,21.952315016270344,289800
2022-07-08,22.135732650756836,22.22261530621686,22.04884999529681,22.058503828267966,210900
2022-07-11,22.135732650756836,22.35776528525229,22.097117318872215,22.212961473245706,203300
2022-07-12,22.155040740966797,22.232269564934597,21.739935121659734,21.865431270127253,202600
2022-07-13,21.865432739257812,21.933007734609923,21.730282748553588,21.933007734609923,161700
2022-07-14,21.633745193481445,21.643399026813853,21.45032604272663,21.48894137605625,188200
2022-07-15,21.836471557617188,21.846123549468796,21.61443707814177,21.682012068785436,314300
2022-07-18,21.730281829833984,22.17434711839098,21.730281829833984,22.17434711839098,240300
2022-07-19,22.174346923828125,22.193654590451747,22.000583448056844,22.000583448056844,248700
2022-07-20,22.290191650390625,22.348112810457266,22.21296282320828,22.348112810457266,227400
2022-07-21,22.570144653320312,22.589452319747274,22.33845818003803,22.37707351289195,158600
2022-07-22,22.772872924804688,22.908022915876828,22.68599026160673,22.850101754171703,248900
2022-07-25,22.994903564453125,23.0431727293789,22.88871324289679,22.98524973146797,275600
2022-07-26,22.174346923828125,22.560492891178797,21.759243139102892,22.531531391243366,515000
2022-07-27,22.434995651245117,22.521878312682578,22.241924502380034,22.25157649473487,498700
2022-07-28,22.74390983581543,22.792179001601017,22.579798354705233,22.71495017762448,295000
2022-07-29,22.85975456237793,22.869408395775743,22.492916258382763,22.550839258769653,208300
2022-08-01,22.89836883544922,22.97559766398454,22.78252651328649,22.821140006913897,211000
2022-08-02,22.67633628845215,22.86940928132371,22.66668245468052,22.743911283573038,178900
2022-08-03,23.023866653442383,23.05282631311744,22.72460517535699,22.869408997573764,237900
2022-08-04,23.072134017944336,23.110749352614544,22.87906286843481,23.02386669088708,154500
2022-08-05,23.477584838867188,23.506546338652655,23.30381952271524,23.410009847314857,236500
2022-08-08,23.950611114501953,24.162991759209724,23.911997623551695,24.095414927806097,250500
2022-08-09,23.892690658569336,24.018186809440852,23.786500333099287,23.969919484016526,164000
2022-08-10,24.607057571411133,24.72290172936125,24.27883460537963,24.471907588203017,267700
2022-08-11,24.68428611755371,24.819436099235737,24.616711126712698,24.674632284393507,165700
2022-08-12,24.887014389038086,24.896668222763733,24.713249064537475,24.77117022561084,105500
2022-08-15,24.809783935546875,24.848397426639877,24.65532628861407,24.82908976045318,142100
2022-08-16,24.626365661621094,24.713248321258305,24.433292675476082,24.597404161315204,298400
2022-08-17,24.78082275390625,24.829090078711292,24.510520947668933,24.616711271776524,159800
2022-08-18,24.76151466369629,24.771168496748164,24.636018516582705,24.72290117276918,166100
2022-08-19,24.65532684326172,24.761515327116598,24.3464097011663,24.3464097011663,121000
2022-08-22,24.404333114624023,24.50086776680441,24.37537161420163,24.442946607240085,175100
2022-08-23,24.24022102355957,24.404332505965844,24.095415366339598,24.134030699273033,198000
2022-08-24,24.20160675048828,24.307797079425214,24.008535601207175,24.037495260895067,257500
2022-08-25,24.356061935424805,24.38502343345496,24.21125812783466,24.29814078064481,245400
2022-08-26,23.86372947692871,24.34641010273352,23.86372947692871,24.34641010273352,174500
2022-08-29,23.622386932373047,23.747884914343317,23.45827546145213,23.564465778306925,167100
2022-08-30,23.71892547607422,23.873383127848243,23.612735149999406,23.844423468940892,138900
2022-08-31,23.052824020385742,23.35208730998823,23.052824020385742,23.332779644604784,332800
2022-09-01,22.579797744750977,22.608759243439987,22.46395543255565,22.53153042154965,227800
2022-09-02,22.31915283203125,22.66668162874395,22.270883664931947,22.48326431760797,352400
2022-09-06,22.07781219482422,22.222616011425988,22.01988919515917,22.20330834487097,235100
2022-09-07,21.836471557617188,21.855777382600806,21.672360076933824,21.77854855882513,278100
2022-09-08,22.058504104614258,22.08746376261016,21.836471467337205,22.000582947342068,348100
2022-09-09,22.348112106323242,22.415687097818616,22.2612294483205,22.348112106323242,146400
2022-09-12,22.48326301574707,22.62806682609941,22.4736091828862,22.599105327516803,208300
2022-09-13,21.749589920043945,22.126080223435228,21.73993608645949,21.952314901476026,237400
2022-09-14,22.048851013183594,22.203308665291885,21.971622187129448,21.981276020546275,263200
2022-09-15,22.03919792175293,22.164694077835783,21.904047931928243,22.126080584148948,340000
2022-09-16,22.232269287109375,22.309498110112084,22.029542475927027,22.077811641103956,243800
2022-09-19,22.309497833251953,22.338457490718344,22.058503701287883,22.058503701287883,163600
2022-09-20,22.193653106689453,22.377072244790444,22.13573195197136,22.377072244790444,248900
2022-09-21,21.92335319519043,22.203308842673547,21.865432035507204,22.126080016002422,258700
2022-09-22,21.94266128540039,22.309499600124024,21.923353618040093,22.135734276442356,262500
2022-09-23,21.643400192260742,21.826819352892254,21.498596367038196,21.826819352892254,218200
2022-09-26,21.286212921142578,21.46963205778743,21.14140911485677,21.31517441891186,684300
2022-09-27,20.91937828063965,21.199332084596364,20.76492062853654,21.10279743299226,1185900
2022-09-28,21.06418228149414,21.228293768433023,20.774574641616333,20.938686128555215,4005400
2022-09-29,21.247600555419922,21.31517554584062,21.044873742877428,21.266908221620234,623400
2022-09-30,21.04487419128418,21.392404825173124,21.035222199258758,21.09314335781344,441100
2022-10-03,21.38275146484375,21.47928795875718,21.13175731718102,21.199332310536278,325500
2022-10-04,22.029544830322266,22.05850633252367,21.836473672821313,21.86543333374214,566100
2022-10-05,22.068157196044922,22.164691841160796,21.85577655771721,21.85577655771721,245500
2022-10-06,22.10677146911621,22.21296179204257,22.01988881240926,22.12607913533562,330700
2022-10-07,21.865432739257812,22.068159566594677,21.807511577710365,22.000584571242566,214800
2022-10-10,21.768896102905273,21.94266142771393,21.59513261937713,21.94266142771393,315500
2022-10-11,21.305522918701172,21.585478570610906,21.286215251407985,21.47928824177887,333400
2022-10-12,21.218639373779297,21.315175864945694,21.093143224159277,21.16071821559163,339500
2022-10-13,21.459980010986328,21.546862670243797,20.81318790389207,20.909724396542646,463200
2022-10-14,21.10279655456543,21.479286835734882,21.09314272155078,21.479286835734882,454100
2022-10-17,21.3248291015625,21.42136559002799,21.30552143561333,21.363442592180473,340900
2022-10-18,21.42136573791504,21.595131050096473,21.30552158270062,21.595131050096473,348700
2022-10-19,21.247600555419922,21.363442870061007,21.170371731899063,21.247600555419922,333600
2022-10-20,21.286212921142578,21.527553212045692,21.228291766884315,21.257253264653595,376200
2022-10-21,21.749589920043945,21.82681874743909,21.218640120581885,21.23794778775079,306800
2022-10-24,21.73993492126465,21.78820224531945,21.556515775551702,21.662706098008734,296300
2022-10-25,22.22261619567871,22.24192386239381,22.05850471116124,22.1550412034563,340600
2022-10-26,20.581501007080078,21.112450785203237,20.243624210325418,20.76492015525211,1339900
2022-10-27,20.639421463012695,20.73595795041365,20.5139253182877,20.562192641348002,435200
2022-10-28,20.52358055114746,20.62977087866019,20.301547903875818,20.446351724214693,537700
2022-10-31,20.475311279296875,20.533234280161984,20.407736286234716,20.533234280161984,402300
2022-11-01,20.658729553222656,20.880762189910694,20.513925739786124,20.82284103279216,444300
2022-11-02,20.446352005004883,20.842149978630864,20.398082836708728,20.65873082166647,375300
2022-11-03,20.12778091430664,20.349813543171145,20.118127081580315,20.29189238809352,563100
2022-11-04,20.80353355407715,20.822841220384063,20.494618258288114,20.55254125720886,397300
2022-11-07,21.054527282714844,21.112450280508988,20.90006963782453,20.996606126201065,295300
2022-11-08,21.189680099487305,21.295868584543122,21.064182106311627,21.295868584543122,550700
2022-11-09,21.04487419128418,21.25725484145206,21.04487419128418,21.15106451636812,465100
2022-11-10,21.88473892211914,21.92335241343757,21.624090950918223,21.653052450367348,549800
2022-11-11,21.971620559692383,22.00058205779768,21.73028026598919,21.846122575849744,399900
2022-11-14,21.73993492126465,21.84612340244129,21.614436932673545,21.614436932673545,361900
2022-11-15,21.653053283691406,21.923353257164198,21.643399450170165,21.923353257164198,303700
2022-11-16,21.595130920410156,21.691665567682,21.48894059887468,21.62409057807956,318100
2022-11-17,21.691667556762695,21.710975224499688,21.402059905830004,21.459981067760435,185800
2022-11-18,22.00058364868164,22.010235640801035,21.92335298148289,21.97162214848211,155500
2022-11-21,21.691667556762695,21.788204054167107,21.653054062569257,21.73993672610517,169900
2022-11-22,22.10677146911621,22.116425302225917,21.894392664543883,22.039196478628668,345600
2022-11-23,22.251575469970703,22.290190802733644,22.1357331542427,22.1357331542427,219700
2022-11-25,22.203310012817383,22.23227151482554,22.1260811820762,22.193656178814663,84000
2022-11-28,22.03919792175293,22.21296324654497,22.03919792175293,22.145388251632625,196200
2022-11-29,22.135732650756836,22.212961473245706,22.077811494210273,22.174346141361088,273900
2022-11-30,22.550840377807617,22.618415373665137,22.08746555812075,22.2033097233626,376300
2022-12-01,22.531530380249023,22.589451536240514,22.406032394107044,22.47360922425753,161500
2022-12-02,22.212963104248047,22.25157659768752,21.98127661976969,22.01023627952917,319500
2022-12-05,21.643400192260742,22.01023667224323,21.62409252455626,22.01023667224323,345000
2022-12-06,21.730281829833984,21.846124148031265,21.624091503752766,21.75924333002353,350400
2022-12-07,21.70132064819336,21.81716480937154,21.66270715532095,21.720628315269803,222500
2022-12-08,21.7882022857666,21.865431109165883,21.71097346236732,21.817163785021478,312200
2022-12-09,21.94266128540039,22.05850544828167,21.91370162564045,21.91370162564045,200300
2022-12-12,21.768896102905273,21.913701767766163,21.701321107986463,21.807511437876315,460600
2022-12-13,21.855777740478516,22.10677188217947,21.826818081888685,22.087464215599297,360100
2022-12-14,21.990930557250977,22.20330937537181,21.86543256009918,22.116426713122262,401200
2022-12-15,21.585477828979492,21.86543162999011,21.566170162349675,21.86543162999011,293700
2022-12-16,21.411712646484375,21.61443762353066,21.25725499503565,21.469633805457537,839600
2022-12-19,21.392404556274414,21.49859488002356,21.334483398447794,21.469633380470047,293600
2022-12-20,21.633745193481445,21.73993551885746,21.575824034767454,21.720627852192653,682500
2022-12-21,21.411712646484375,21.51790297233554,21.21863966153325,21.23794732828445,436000
2022-12-22,21.34413719177246,21.421366015823867,21.17037187733669,21.392404516324437,511600
2022-12-23,21.3248291015625,21.37309642515506,21.218638780122422,21.247600279046182,344400
2022-12-27,21.247600555419922,21.31517554584062,21.189679398099376,21.266908221620234,242600
2022-12-28,20.880762100219727,21.21863889097391,20.861456275450067,21.131756235029112,297900
2022-12-29,20.832496643066406,20.93868697457641,20.755267813226553,20.832496643066406,499100
2022-12-30,20.929031372070312,20.977298696161167,20.745612226220363,20.813187216459717,380500
2023-01-03,20.996606826782227,21.170372143401845,20.93868566833583,21.064181818516428,377300
2023-01-04,20.629770278930664,20.938685577681227,20.591154945946634,20.890416411451188,896000
2023-01-05,20.581501007080078,20.639422164978463,20.46565869128331,20.513926015985227,350400
2023-01-06,21.170372009277344,21.170372009277344,20.68769139562772,20.784227886613728,278000
2023-01-09,21.151063919067383,21.324829231104765,21.141410086034153,21.141410086034153,273800
2023-01-10,21.015914916992188,21.10279757705336,20.967645749580168,21.08348991008855,296100
2023-01-11,21.18002700805664,21.199332834291923,21.064182844242357,21.18002700805664,334400
2023-01-12,21.431020736694336,21.527555389796895,21.228293914361895,21.421366903127982,409200
2023-01-13,21.36344337463379,21.392404874618283,21.122103065270963,21.160718398583626,512900
2023-01-17,21.131757736206055,21.286215393018118,21.083490408932473,21.122103902495237,299000
2023-01-18,21.12210464477539,21.421367976486025,21.11245265200589,21.421367976486025,379300
2023-01-19,21.315176010131836,21.36344333540359,21.1607183597257,21.170372193036137,432600
2023-01-20,21.556516647338867,21.566170480796323,21.32483016820127,21.431020494952843,224600
2023-01-23,21.459980010986328,21.537208836850695,21.334483859436897,21.373097351728855,428100
2023-01-24,21.60478401184082,21.691666671832284,21.43102053313836,21.440672525332555,242100
2023-01-25,21.84612274169922,21.942659228169436,21.70131893263406,21.76889392077911,403400
2023-01-26,21.952314376831055,21.96196821018479,21.826818225793392,21.96196821018479,246500
2023-01-27,21.933006286621094,22.01023511067932,21.865431295730193,21.923352453453763,259800
2023-01-30,20.533233642578125,21.6820121715247,20.282239503797754,21.6820121715247,2004300
2023-01-31,21.431020736694336,21.653053384878998,21.247601581494603,21.28621507447953,1196500
2023-02-01,21.66270637512207,21.682012200222722,21.257254587521803,21.257254587521803,736500
2023-02-02,21.556516647338867,21.65305314063298,21.46963398750221,21.53720898042395,507000
2023-02-03,21.45032501220703,21.56616916535005,21.392403856275696,21.469632677944258,440700
2023-02-06,21.334482192993164,21.4213648454642,21.131755390133975,21.4213648454642,499500
2023-02-07,21.469635009765625,21.469635009765625,21.24760235351354,21.33448501748706,400800
2023-02-08,21.18002700805664,21.30552316434831,21.11245201303186,21.237948169323523,371800
2023-02-09,21.286212921142578,21.527553212045692,21.266907097243354,21.479285890377188,350300
2023-02-10,21.276561737060547,21.38275021701608,21.189679081736696,21.38275021701608,424900
2023-02-13,21.12210464477539,21.15106614692562,20.861458490545633,20.861458490545633,664900
2023-02-14,20.98695182800293,21.11244981249454,20.89041534176638,20.98695182800293,353900
2023-02-15,20.98695182800293,21.01591332625799,20.842148019288274,20.89041534176638,331400
2023-02-16,20.909725189208984,20.97730018424195,20.80353485913974,20.85180402793509,354500
2023-02-17,21.131757736206055,21.15106540362769,20.96764624568317,21.01591541423726,572500
2023-02-21,21.093143463134766,21.208985780822545,21.0641819630726,21.151064621978655,594200
2023-02-22,20.832496643066406,21.015915804416263,20.822842809176354,21.00626197052621,597400
2023-02-23,20.98695182800293,21.006259493506303,20.784226864058475,20.92903067277313,550700
2023-02-24,20.72630500793457,20.86145683261408,20.69734534936644,20.85180299933123,603400
2023-02-27,21.093143463134766,21.189679955394876,21.04487429636449,21.04487429636449,489800
2023-02-28,20.72630500793457,20.813187666199816,20.66838384951788,20.803533832916965,626300
2023-03-01,20.82284164428711,20.90007046980656,20.76492048546763,20.890416636456575,449700
2023-03-02,20.784229278564453,20.784229278564453,20.6104639514084,20.668385113366906,353200
2023-03-03,20.909725189208984,20.957992516723813,20.764921365383984,20.900071355449914,332200
2023-03-06,20.880762100219727,21.035221587339667,20.842148609400027,20.880762100219727,934000
2023-03-07,20.54288673400879,20.99660582929822,20.51392523552125,20.900069342286756,519200
2023-03-08,20.706998825073242,20.996606453436065,20.58150083584373,20.996606453436065,740400
2023-03-09,20.996606826782227,21.02556832664564,20.745612685140603,20.900070335184612,75000
2023-03-10,21.015914916992188,21.180026403632127,20.8904169230014,20.8904169230014,57400
2023-03-13,20.9676456451416,21.18968013157002,20.65873034036522,20.65873034036522,136400
2023-03-14,20.56219482421875,20.755267819517172,20.29189484033761,20.29189484033761,79800
2023-03-15,20.475311279296875,20.658730432808785,20.272586300110394,20.272586300110394,73600
2023-03-16,20.755266189575195,20.83249501337356,20.272585580515305,20.272585580515305,37500
2023-03-17,20.793882369995117,20.986953516723403,20.475311387396523,20.475311387396523,50900
2023-03-20,21.04487419128418,21.04487419128418,20.7649203905362,20.7649203905362,53400
2023-03-21,21.015914916992188,21.237947563246085,20.63942277630029,20.63942277630029,99000
2023-03-22,20.938684463500977,21.14140942703856,20.871109475655114,20.96764412041759,55000
2023-03-23,21.054527282714844,21.23794642650223,21.00625995916676,21.083488781611916,126300
2023-03-24,21.015914916992188,21.08348991008855,20.95799191609776,20.95799191609776,49400
2023-03-27,21.151063919067383,21.237946575086074,20.94833894921069,21.04487359698223,38300
2023-03-28,21.04487419128418,21.15106451636812,20.832495382396733,20.832495382396733,140700
2023-03-29,21.04487419128418,21.237947174840354,21.04487419128418,21.04487419128418,67700
2023-03-30,21.286212921142578,21.585476207584254,21.18967827780557,21.237945599474074,233700
2023-03-31,21.47928810119629,21.614438088803052,21.25725545261933,21.25725545261933,56800
2023-04-03,21.691667556762695,21.913702053177005,21.35379257776807,21.35379257776807,75100
2023-04-04,21.51790428161621,21.614438938685087,21.22829478656791,21.22829478656791,27100
2023-04-05,21.353792190551758,21.50824984708576,21.324830689471444,21.382751850351568,35800
2023-04-06,21.42136573791504,21.48894072792329,21.315175415741855,21.39240423879134,63900
2023-04-10,21.112449645996094,21.537207236038622,21.073834315293876,21.537207236038622,112700
2023-04-11,21.14141082763672,21.160718494380458,20.84214935823055,21.12210316089298,105700
2023-04-12,21.315176010131836,21.45997982722754,21.315176010131836,21.37309716871403,203600
2023-04-13,21.295869827270508,21.42136782776966,21.27656400058496,21.286215993287453,20800
2023-04-14,21.10279655456543,21.286213858002643,20.90006974381854,20.90006974381854,28800
2023-04-17,21.208986282348633,21.23794778309565,20.871111313369227,20.871111313369227,26300
2023-04-18,21.411712646484375,21.411712646484375,21.266908828411253,21.36344347960637,35600
2023-04-19,21.170372009277344,21.28621432543622,21.1607181760507,21.199331667676855,45600
2023-04-20,21.266908645629883,21.39240479587321,21.208985645874105,21.208985645874105,41900
2023-04-21,21.537208557128906,21.61443738199024,21.344137415615787,21.344137415615787,27400
2023-04-24,21.34413719177246,21.575823663926684,21.27656220088753,21.41171218265739,43400
2023-04-25,21.45032501220703,21.54686149961282,21.421365354881537,21.53720766674421,226500
2023-04-26,21.913700103759766,22.2033077289293,21.87508477172096,22.058503916344534,136300
2023-04-27,22.888713836669922,22.946636836083474,22.68598886256374,22.68598886256374,317000
2023-04-28,22.89836883544922,23.02386683261944,22.531532360226564,22.88871500172224,37300
2023-05-01,22.512224197387695,22.830793338245805,21.720628261999693,22.830793338245805,103600
2023-05-02,22.531530380249023,22.879060998758682,22.444647725621607,22.879060998758682,79300
2023-05-03,22.78252601623535,22.956291336968885,22.40603387421921,22.956291336968885,63600
2023-05-04,22.84044647216797,22.85010030538682,22.618413831975598,22.647373490351743,72300
2023-05-05,22.936983108520508,22.98525043364042,22.78252545860027,22.840446617000254,41900
2023-05-08,23.207284927368164,23.2748599190798,22.97559661109909,22.98525044438367,76100
2023-05-09,23.1976318359375,23.361743324462754,22.93698385275966,23.361743324462754,28600
2023-05-10,22.95629119873047,23.05282585075181,22.772872045585093,22.772872045585093,65000
2023-05-11,22.869407653808594,23.16866911430992,22.840446154554765,23.16866911430992,46200
2023-05-12,22.888713836669922,23.149361810189657,22.830792678536785,22.830792678536785,40300
2023-05-15,23.072134017944336,23.1590166796718,22.685989877644783,22.753564872037142,39100
2023-05-16,22.936983108520508,23.159015750120798,22.695642800360083,23.159015750120798,102900
2023-05-17,23.45827865600586,23.477586323750653,23.303820996608597,23.303820996608597,84600
2023-05-18,23.429317474365234,23.554813623996637,23.29416565020785,23.29416565020785,47000
2023-05-19,23.776845932006836,23.83476893066945,23.64169595102152,23.64169595102152,122500
2023-05-22,24.047147750854492,24.05680158397119,23.75754012247516,23.892690103548127,66000
2023-05-23,23.670658111572266,24.03749457361412,23.65135044481205,23.873383088713183,61800
2023-05-24,23.873382568359375,23.98922672511523,23.80580757745196,23.825115243791338,96400
2023-05-25,24.182296752929688,24.240219749284915,24.124375597854783,24.20160441838143,94500
2023-05-26,24.066455841064453,24.172646165938474,23.989227016050737,24.172646165938474,183600
2023-05-30,23.960264205932617,24.29814098737112,23.93130454893639,24.047146859481956,36600
2023-05-31,23.825115203857422,24.018186343086363,23.709271047295733,24.018186343086363,71600
2023-06-01,24.385025024414062,24.385025024414062,24.162992382204347,24.162992382204347,71700
2023-06-02,24.356061935424805,24.80012903215227,24.356061935424805,24.693938713988686,91300
2023-06-05,24.529827117919922,24.751859744529025,24.182296508423722,24.182296508423722,81900
2023-06-06,24.76151466369629,24.76151466369629,24.626364683530834,24.626364683530834,119100
2023-06-07,24.327104568481445,24.58775071016509,24.327104568481445,24.58775071016509,35700
2023-06-08,24.520174026489258,24.549135525249493,24.298141393168535,24.33675488356849,69000
2023-06-09,24.771169662475586,24.83874465573838,24.607058175431447,24.80978499650031,65500
2023-06-12,24.819435119628906,24.98354659431417,24.780821629792552,24.858050450745594,41100
2023-06-13,24.954587936401367,25.08008408499462,24.42363815997046,24.42363815997046,131800
2023-06-14,24.973896026611328,25.08973834400506,24.84839803460761,25.051124851967295,277700
2023-06-15,25.649646759033203,25.678608257859853,25.29246414657301,25.38899879343445,362900
2023-06-16,25.833066940307617,26.06475341638853,25.833066940307617,25.862028440297895,85300
2023-06-20,26.296438217163086,26.354359372173136,26.161288241712864,26.161288241712864,107300
2023-06-21,26.151636123657227,26.44124375897622,26.10336879819754,26.161289957005252,38800
2023-06-22,26.103368759155273,26.257826409931777,26.074407259154516,26.219211076597432,52700
2023-06-23,25.26350212097168,25.456575093229475,25.205580965806472,25.456575093229475,67800
2023-06-26,25.668954849243164,26.035791300709633,25.495189535971534,25.58207219260735,31200
2023-06-27,25.572420120239258,25.69791811792317,25.466229790088335,25.47588362385483,56300
2023-06-28,25.649646759033203,25.75583708011722,25.186273825488996,25.75583708011722,36100
2023-06-29,25.43726921081543,25.591726862936504,25.408307710562557,25.408307710562557,29800
2023-06-30,25.37934684753418,25.53380449232742,25.29246419217794,25.53380449232742,45000
2023-07-03,25.620689392089844,25.755839382803153,25.437270232349974,25.755839382803153,105700
2023-07-05,25.36004066467285,25.38900032396492,24.896667703195032,24.896667703195032,38800
2023-07-06,25.282812118530273,25.389000605914553,25.205583290759662,25.389000605914553,36300
2023-07-07,25.282812118530273,25.321425611775332,25.09939296209489,25.09939296209489,26600
2023-07-10,25.427614212036133,25.47588153563168,25.33107772356467,25.33107772356467,21800
2023-07-11,25.60137939453125,25.659300550811267,25.533804405324506,25.582071728677793,28800
2023-07-12,25.78479766845703,25.90064182666507,25.649647684948008,25.649647684948008,35600
2023-07-13,25.82341194152832,25.948908086594823,25.417960166365262,25.417960166365262,57900
2023-07-14,25.41796112060547,25.736530252958985,25.41796112060547,25.66895526144164,35600
2023-07-17,25.43726921081543,25.485536536623094,25.417961543980184,25.446923044233053,24700
2023-07-18,25.997177124023438,26.05509827982644,25.95856179263454,26.016484789717886,57500
2023-07-19,25.910295486450195,26.19990311811032,25.852374328374253,26.19990311811032,25900
2023-07-20,25.746185302734375,25.900642959580914,25.688264141737047,25.900642959580914,19600
2023-07-21,25.60137939453125,25.736529372944737,25.417960251484118,25.417960251484118,39900
2023-07-24,25.6593017578125,25.765492083721302,25.553111431903698,25.553111431903698,49900
2023-07-25,25.67860984802246,25.726877174442162,25.582073353902583,25.61103485452269,38000
2023-07-26,25.813758850097656,25.85237418278443,25.74618385917621,25.765491525519597,35800
2023-07-27,25.485536575317383,26.170944018765688,25.485536575317383,26.074407525723334,53200
2023-07-28,24.8387451171875,25.32142575378087,24.8387451171875,25.32142575378087,69100
2023-07-31,24.964242935180664,25.01251026198241,24.86770644029668,24.983548761133065,37300
2023-08-01,24.722902297973633,24.954588777922098,24.607058137359164,24.607058137359164,230000
2023-08-02,24.674633026123047,24.780823352796997,24.491215714406813,24.491215714406813,94000
2023-08-03,24.211259841918945,24.230567508639304,24.085763690797485,24.085763690797485,66200
2023-08-04,24.404333114624023,24.568444601123332,24.05680247467714,24.05680247467714,47900
2023-08-07,24.44294548034668,24.491214645491983,24.13403018853825,24.13403018853825,82800
2023-08-08,24.336755752563477,24.38502491888742,23.87338280353617,24.00853462796279,82800
2023-08-09,24.327104568481445,24.37537189512792,23.873383596370445,23.873383596370445,71900
2023-08-10,24.34640884399414,24.55878948678741,24.28848768745069,24.385024175876687,154700
2023-08-11,24.298141479492188,24.394677967755573,23.873382035901503,23.873382035901503,45900
2023-08-14,23.844423294067383,23.940957944757834,23.767194468746762,23.940957944757834,36600
2023-08-15,23.506546020507812,24.423638072603605,23.16866922603867,23.16866922603867,54500
2023-08-16,23.49689292907715,23.69961790738959,23.49689292907715,23.69961790738959,91700
2023-08-17,23.506546020507812,24.124376610659116,23.438971029870064,23.54515951175207,61800
2023-08-18,23.38104820251465,23.998880638476344,22.96594442251342,22.96594442251342,68100
2023-08-21,23.30381965637207,23.40035614826354,23.16866967249227,23.361742656275215,57100
2023-08-22,23.467931747436523,24.0278412053582,23.40035675374812,24.0278412053582,50200
2023-08-23,23.525854110717773,23.60308293587839,23.506546444107514,23.525854110717773,30400
2023-08-24,23.255552291870117,23.94095788471151,23.255552291870117,23.94095788471151,58000
2023-08-25,23.49689292907715,23.67065824836236,23.487239095641254,23.57412175528386,86600
2023-08-28,23.68031120300293,23.718924694033078,23.545159381196438,23.545159381196438,84800
2023-08-29,23.834768295288086,23.940956774111346,23.59342799780196,23.940956774111346,46600
2023-08-30,23.448623657226562,23.863727412838763,22.97559506452559,22.97559506452559,50700
2023-08-31,23.699617385864258,23.998880691950177,23.632042394580473,23.998880691950177,26100
2023-09-01,23.699617385864258,23.940957692609434,23.689965393921216,23.931305700666393,34600
2023-09-05,23.48723793029785,23.603082084500418,23.48723793029785,23.603082084500418,34800
2023-09-06,23.583776473999023,24.134032111537188,23.574122640200745,24.134032111537188,53300
2023-09-07,23.506546020507812,23.57412101114556,22.975596245976188,22.975596245976188,49400
2023-09-08,23.26520538330078,23.371393863663943,22.97559591734943,22.97559591734943,27000
2023-09-11,23.632043838500977,23.641697672314287,23.101095867732774,23.101095867732774,56700
2023-09-12,23.535505294799805,23.651349449204165,22.975595871286185,22.975595871286185,95800
2023-09-13,23.371395111083984,23.632043091967862,23.36174311885611,23.632043091967862,52200
2023-09-14,23.670658111572266,23.680311944952372,23.458277459770795,23.458277459770795,37900
2023-09-15,23.632043838500977,23.718926501540214,23.603084178341586,23.632043838500977,31500
2023-09-18,23.651350021362305,23.75754034536183,22.97559642709693,22.97559642709693,36700
2023-09-19,24.076108932495117,24.12437625616127,23.844422464592917,23.844422464592917,57800
2023-09-20,23.815462112426758,24.124377417838428,23.815462112426758,24.124377417838428,50300
2023-09-21,23.689966201782227,23.90234501609945,23.689966201782227,23.78650085474793,22700
2023-09-22,23.767194747924805,23.873383233187717,23.709271747293627,23.767194747924805,27300
2023-09-25,23.796154022216797,23.844423188629015,23.410009897321192,23.651350205541,26400
2023-09-26,23.506546020507812,23.6706575011768,23.49689218737665,23.564467178014397,29100
2023-09-27,23.45827865600586,23.641697817020315,23.419665161796814,23.564468987321682,40400
2023-09-28,23.738231658935547,23.805806647202363,23.487237530172855,23.805806647202363,50600
2023-09-29,23.168668746948242,23.46793020270449,23.159014914016705,23.46793020270449,50200
2023-10-02,22.946638107299805,23.41001108059603,22.908022772218192,23.110749598835618,38900
2023-10-03,22.44464874267578,22.68598905173681,22.406033409411407,22.68598905173681,92400
2023-10-04,22.26123046875,22.28053813614241,21.749590171814646,21.94266132189724,72300
2023-10-05,22.589452743530273,22.68598923619571,21.87508564385479,21.87508564385479,49000
2023-10-06,22.792179107666016,22.80183294086806,22.531531135052102,22.618413792590072,48500
2023-10-09,22.792179107666016,23.072132905403603,22.512223468648017,23.072132905403603,38200
2023-10-10,23.207284927368164,23.2748599190798,23.178323427514425,23.178323427514425,52500
2023-10-11,23.284515380859375,23.438973041654418,23.178325048582575,23.178325048582575,33600
2023-10-12,23.36174201965332,23.477584333741966,22.74390959315248,22.74390959315248,51600
2023-10-13,23.207284927368164,23.612734877637976,23.207284927368164,23.612734877637976,81700
2023-10-16,23.709270477294922,23.883035787319717,23.53550516727013,23.834768463992987,102500
2023-10-17,23.805809020996094,24.423639651077124,23.583776368470787,24.423639651077124,60500
2023-10-18,23.689966201782227,23.940958509029635,23.632043200466228,23.940958509029635,49200
2023-10-19,24.2595272064209,24.481561691500936,23.612735100493058,24.134031055097786,90000
2023-10-20,23.632043838500977,24.21126097833572,23.632043838500977,24.21126097833572,45600
2023-10-23,23.593429565429688,23.651350725116338,23.390702744605704,23.390702744605704,52800
2023-10-24,23.51620101928711,23.53550684522599,23.361743364093144,23.525854852896792,72900
2023-10-25,23.535505294799805,24.22091270569151,22.936982380671644,22.936982380671644,38000
2023-10-26,22.348112106323242,22.724604238095267,22.348112106323242,22.628067746838838,79300
2023-10-27,22.18400001525879,22.299844169845997,21.7495885784376,21.7495885784376,53600
2023-10-30,22.579797744750977,22.59910541054365,22.521876588653313,22.589451577647313,47800
2023-10-31,22.76321792602539,22.830792918103192,22.328804632267477,22.328804632267477,96500
2023-11-01,23.255552291870117,23.30381961709428,23.023865816489344,23.023865816489344,55000
2023-11-02,23.56446647644043,23.603081807815407,23.323126179187838,23.39070116781371,45300
2023-11-03,23.873382568359375,24.13403054009975,23.26520580891224,23.26520580891224,44600
2023-11-06,23.94095802307129,24.80978461237085,23.873383030854757,24.80978461237085,81700
2023-11-07,23.612733840942383,23.641695339524595,23.487237696313485,23.641695339524595,43400
2023-11-08,23.410011291503906,23.661005447954107,23.390703623789154,23.53550744908874,28200
2023-11-09,23.30381965637207,23.525854140106585,23.274859997700933,23.274859997700933,56300
2023-11-10,23.632043838500977,23.632043838500977,23.438972686076415,23.632043838500977,44200
2023-11-13,23.844423294067383,23.863729119437213,23.120402366206395,23.16866969155162,133900
2023-11-14,24.172645568847656,24.18229756061558,23.709270788930798,23.709270788930798,49300
2023-11-15,23.738231658935547,24.201604585291136,23.69961632776575,24.201604585291136,27100
2023-11-16,23.776845932006836,23.83476893066945,23.776845932006836,23.83476893066945,19600
2023-11-17,23.97957420349121,24.04714919809459,23.805808879493657,23.805808879493657,19400
2023-11-20,23.94095802307129,23.998881023211556,23.680311887561864,23.680311887561864,38600
2023-11-21,24.191951751708984,24.23056708447373,24.02784027001964,24.02784027001964,22600
2023-11-22,24.162992477416992,24.298142461680598,24.076109818595977,24.298142461680598,32200
2023-11-24,24.356061935424805,24.375369600778242,23.950610169404214,23.950610169404214,12700
2023-11-27,24.31745147705078,24.37537263905037,24.278836141530693,24.37537263905037,10500
2023-11-28,24.71324920654297,24.819437695574226,24.33675705420144,24.33675705420144,31500
2023-11-29,24.674633026123047,25.051125165566837,24.674633026123047,25.051125165566837,16000
2023-11-30,24.87735939025879,24.92562671534606,24.53948259080662,24.53948259080662,87400
2023-12-01,25.350385665893555,25.350385665893555,24.906318550595596,25.08973769656304,21700
2023-12-04,25.00285530090332,25.890987699482206,24.993201467722198,25.58207240280788,30200
2023-12-05,24.954587936401367,25.128353250823107,24.896666778687592,25.08008408499462,138300
2023-12-06,25.13800811767578,25.28281193855483,25.031817789766922,25.031817789766922,49300
2023-12-07,25.24419593811035,25.253849771418253,25.080084454436864,25.099392121052674,49100
2023-12-08,24.887014389038086,25.012510544910466,24.82909138668421,25.012510544910466,72400
2023-12-11,25.1959285736084,25.205582406901264,24.906319098663676,24.906319098663676,22600
2023-12-12,25.09939193725586,25.14765926216149,24.24987486646597,24.24987486646597,130400
2023-12-13,25.427614212036133,25.47588153563168,24.124376220872293,24.124376220872293,97600
2023-12-14,24.954587936401367,25.582072361928436,24.61671114072359,25.582072361928436,25000
2023-12-15,24.452600479125977,24.65532729984027,24.41398698644926,24.616711965883084,39100
2023-12-18,24.327104568481445,24.327104568481445,23.960266257358487,23.960266257358487,39800
2023-12-19,24.771169662475586,24.944934983025902,24.394679362136877,24.944934983025902,55700
2023-12-20,24.587749481201172,24.771168627594854,24.49121483273329,24.771168627594854,22800
2023-12-21,25.11870002746582,25.11870002746582,24.336756093584697,24.336756093584697,26800
2023-12-22,24.915971755981445,25.16696588590837,24.858050600238414,25.16696588590837,64100
2023-12-26,25.13800811767578,25.446923426559213,24.944935128983396,25.446923426559213,19300
2023-12-27,25.128353118896484,25.138006952011498,25.022162795911733,25.06077628709139,28200
2023-12-28,24.71324920654297,24.91597419210489,24.664980037637378,24.91597419210489,15800
2023-12-29,24.71324920654297,24.819437695574226,24.59740504245007,24.59740504245007,54100
2024-01-02,24.568443298339844,24.76151443374316,24.404331820542826,24.5780952900217,18100
2024-01-03,24.385025024414062,25.041470959017072,24.3271038658551,24.3271038658551,47700
2024-01-04,24.452600479125977,24.80978495310808,24.327104326326058,24.327104326326058,27200
2024-01-05,24.636018753051758,24.809784067092593,24.32710345754823,24.32710345754823,22700
2024-01-08,24.944934844970703,24.944934844970703,24.336756226410493,24.336756226410493,26500
2024-01-09,24.452600479125977,24.62636579937238,24.44294664563668,24.44294664563668,26400
2024-01-10,24.809783935546875,24.858051259733227,24.751860936986777,24.81943592735983,21500
2024-01-11,24.742206573486328,24.935279548653558,24.655325760069463,24.655325760069463,21600
2024-01-12,24.993202209472656,25.128354036739026,24.993202209472656,25.08008486940087,33600
2024-01-16,24.915971755981445,25.205581217257283,24.867704433075644,24.867704433075644,19600
2024-01-17,24.549137115478516,24.63601977610689,24.38502562776719,24.38502562776719,30200
2024-01-18,24.742206573486328,24.742206573486328,24.462252784902233,24.462252784902233,25100
2024-01-19,24.385025024414062,24.539482674758247,24.269180866015706,24.539482674758247,42600
2024-01-22,24.61671257019043,24.89666822441116,24.520176074208088,24.520176074208088,22300
2024-01-23,24.71324920654297,24.819437695574226,24.549137714825,24.549137714825,66800
2024-01-24,24.848398208618164,24.9159732011178,24.626365564324946,24.626365564324946,112700
2024-01-25,24.587749481201172,24.73255513646378,24.452599500321824,24.452599500321824,58900
2024-01-26,24.693939208984375,24.983546829969914,24.684285376114143,24.983546829969914,18900
2024-01-29,24.90631866455078,24.93528016392459,24.520174545968676,24.520174545968676,30600
2024-01-30,25.88133430480957,26.132328447930163,25.630340161688974,25.630340161688974,150400
2024-01-31,26.586048126220703,26.817734591475393,26.42193664983859,26.42193664983859,76100
2024-02-01,26.595701217651367,26.730853042265903,26.479858900873683,26.730853042265903,63200
2024-02-02,25.910295486450195,26.103368468410558,25.871680153545956,26.103368468410558,46900
2024-02-05,26.045446395874023,26.344709712689827,25.987525235736975,26.344709712689827,46100
2024-02-06,26.0164852142334,26.045444871967266,25.9199487254663,25.93925639147579,50900
2024-02-07,26.711545944213867,26.7501594368681,26.335055644752874,26.335055644752874,164300
2024-02-08,26.267478942871094,26.740507579554986,26.074407796065064,26.54743459146848,42000
2024-02-09,26.228864669799805,26.412283818897823,26.151635845118598,26.257826169535413,61400
2024-02-12,26.31574821472168,27.0301153274213,26.19025021958444,27.0301153274213,43400
2024-02-13,26.286785125732422,26.615008082179088,26.2481716350636,26.615008082179088,38300
2024-02-14,26.470203399658203,26.711543692564906,26.39297457957927,26.711543692564906,36300
2024-02-15,26.672929763793945,26.74050659603507,26.643970105542444,26.66327777189705,64300
2024-02-16,27.00115394592285,27.097690440774528,26.711546302648305,26.981848119976906,69400
2024-02-20,26.991500854492188,27.078383518119654,26.026139561991943,26.026139561991943,32000
2024-02-21,27.13630485534668,27.174918347210117,26.064753297249997,26.064753297249997,32100
2024-02-22,27.54175567626953,27.570715333826346,27.47417884564946,27.56106150088062,75900
2024-02-23,27.59967803955078,27.802403016434738,27.58037037281504,27.78309719097944,38100
2024-02-26,27.51279640197754,27.705869393942216,27.483834900798684,27.705869393942216,35400
2024-02-27,28.101665496826172,28.526423104781763,28.04374249833009,28.526423104781763,71700
2024-02-28,27.908594131469727,28.101667121726457,27.725174974853882,28.101667121726457,38500
2024-02-29,28.17889404296875,28.285082523272717,27.396950142488325,27.396950142488325,29800
2024-03-01,28.265777587890625,28.294737246484498,28.149933429673837,28.188548762839574,52800
2024-03-04,28.45884895324707,28.709843096953104,28.304391301932657,28.709843096953104,45100
2024-03-05,28.14027976989746,28.391273913181127,28.04374327766829,28.381620079830167,50500
2024-03-06,28.59400177001953,28.70984409187958,28.545732601510753,28.545732601510753,46800
2024-03-07,29.057373046875,29.115294204430015,28.844992400372615,28.844992400372615,26900
2024-03-08,29.97446632385254,30.4668007863774,29.366289541486807,29.8393163369447,90500
2024-03-11,28.7001895904541,29.06702789746411,28.66157609782595,28.941529903541568,48700
2024-03-12,29.09598731994629,29.173216145854877,28.478156712677603,29.173216145854877,42300
2024-03-13,28.420236587524414,28.48781158249282,28.333353925056315,28.478157748742973,37800
2024-03-14,28.25612449645996,28.478157144151115,27.99547651458923,27.99547651458923,53200
2024-03-15,28.381620407104492,28.449195400060002,28.314045414148985,28.314045414148985,25800
2024-03-18,28.62295913696289,28.748457123752015,28.188547702866064,28.42023416930711,49500
2024-03-19,28.719497680664062,28.719497680664062,28.449195863161542,28.613307352130843,55400
2024-03-20,28.748456954956055,28.844991601112753,28.53607631433848,28.57469164582544,43400
2024-03-21,28.787071228027344,29.250444170790185,28.787071228027344,28.96083654188351,63800
2024-03-22,28.912569046020508,28.96083637012523,28.88360754678944,28.96083637012523,21200
2024-03-25,28.43954086303711,28.555385020438177,28.38161970497678,28.555385020438177,40200
2024-03-26,28.632614135742188,28.96083710355154,28.57469297709361,28.96083710355154,36400
2024-03-27,28.7001895904541,28.960837570495876,28.285083957338788,28.960837570495876,19600
2024-03-28,28.719497680664062,28.91257067049165,28.632615019369698,28.91257067049165,35300
2024-04-01,28.719497680664062,28.719497680664062,28.52642469083648,28.52642469083648,91800
2024-04-02,28.565038681030273,28.565038681030273,28.449194524329304,28.458848357494418,33200
2024-04-03,28.632614135742188,28.632614135742188,28.362312326581417,28.478156485159015,20500
2024-04-04,28.14027976989746,28.632614223113833,28.14027976989746,28.632614223113833,26600
2024-04-05,28.17889404296875,28.32369785522352,28.092011387359815,28.31404402223582,20200
2024-04-08,28.246471405029297,28.545732887661572,28.21750990363371,28.545732887661572,19600
2024-04-09,28.19820213317871,28.323700130821276,28.092013644343293,28.246471301995282,34500
2024-04-10,27.889284133911133,28.06304944236721,27.31006889409801,27.31006889409801,24800
2024-04-11,28.092012405395508,28.188548897490563,27.2907626511833,27.310070317858397,36800
2024-04-12,27.966514587402344,28.497464376590525,27.966514587402344,28.497464376590525,19900
2024-04-15,27.91824722290039,28.159587533664993,27.898939556131914,28.159587533664993,24300
2024-04-16,27.6575984954834,27.86032530849494,27.49348701496183,27.86032530849494,37400
2024-04-17,27.435565948486328,27.54175627190548,26.711545033422066,26.711545033422066,29400
2024-04-18,27.26180076599121,27.43556608105111,27.165264275260114,27.165264275260114,22200
2024-04-19,27.252147674560547,27.435566827814043,27.252147674560547,27.281109174952295,22100
2024-04-22,27.812057495117188,27.812057495117188,27.628640180713194,27.628640180713194,90700
2024-04-23,27.73482894897461,27.88928660545014,26.79842917643164,26.79842917643164,38500
2024-04-24,26.70189094543457,27.242492707964736,26.47985830884116,27.03976773749607,59500
2024-04-25,25.1959285736084,25.466228540686956,25.012509423604783,25.466228540686956,45800
2024-04-26,26.1323299407959,26.1323299407959,25.948910779329474,26.035793443114592,35500
2024-04-29,26.31574821472168,26.39297704200595,26.14198289301195,26.209557886725626,35000
2024-04-30,26.006832122802734,26.306093589361723,25.746184148083408,25.746184148083408,25400
2024-05-01,26.49916648864746,26.52812614711557,26.09371469857013,26.09371469857013,26100
2024-05-02,26.68258285522461,26.779119343033628,26.479857887977992,26.779119343033628,27000
2024-05-03,26.87565803527832,27.657600152236316,26.77912153955104,27.657600152236316,22000
2024-05-06,26.9432315826416,27.030114240001183,26.306093322858292,27.030114240001183,22600
2024-05-07,26.962539672851562,26.991499331573056,26.7405070300114,26.7405070300114,25100
2024-05-08,26.856348037719727,26.885309536309254,26.71154422733278,26.75015771750514,38500
2024-05-09,27.13630485534668,27.13630485534668,26.51847241400784,26.51847241400784,44400
2024-05-10,27.194225311279297,27.425911780316092,26.653623550193437,26.653623550193437,26000
2024-05-13,26.991500854492188,27.44522184038685,26.122676059498076,26.122676059498076,20400
2024-05-14,27.26180076599121,27.483833405776455,27.174918108461263,27.483833405776455,19700
2024-05-15,27.48383331298828,27.48383331298828,27.18457184988458,27.300416006626882,29800
2024-05-16,26.885311126708984,27.24249375737389,26.885311126708984,27.24249375737389,20600
2024-05-17,26.769466400146484,26.904618224084732,26.711545242047475,26.711545242047475,33300
2024-05-20,27.165266036987305,27.174919870814527,26.74050839627266,26.74050839627266,36100
2024-05-21,27.010807037353516,27.02046087070147,26.92392437850235,27.001153204005558,26100
2024-05-22,26.77912139892578,27.290763534697216,26.73085407195586,27.078382876956375,18900
2024-05-23,26.933578491210938,27.155611136675578,26.78877467205054,26.78877467205054,35300
2024-05-24,27.348684310913086,27.387299644970657,26.431590381131002,26.431590381131002,22100
2024-05-28,27.667251586914062,27.937553383256517,27.53210160938301,27.53210160938301,30600
2024-05-29,27.300416946411133,27.454874599864283,27.2038804526828,27.445220766363406,53200
2024-05-30,27.667251586914062,27.744480408543286,26.952884526523665,27.319720968942384,38700
2024-05-31,27.93755340576172,27.995474561710207,27.802401586841448,27.82170925258439,42100
2024-06-03,28.883607864379883,28.883607864379883,28.51677140982144,28.51677140982144,113500
2024-06-04,28.806379318237305,28.96083696809806,27.927900744174096,28.96083696809806,124900
2024-06-05,28.053396224975586,28.71949597491016,27.81205592266542,28.71949597491016,34300
2024-06-06,28.236814498901367,28.391272140310882,27.667251255723667,27.667251255723667,26800
2024-06-07,28.294736862182617,28.85464629651809,28.25612337082176,28.85464629651809,20300
2024-06-10,28.06304931640625,28.082356981988116,27.136303463840672,27.136303463840672,105900
2024-06-11,27.947208404541016,28.014783396180086,27.097689489214467,27.097689489214467,72900
2024-06-12,27.80240249633789,27.947208152866647,27.773442838056468,27.908592820117537,20600
2024-06-13,27.030113220214844,27.33902850526959,26.972192064587166,27.33902850526959,32400
2024-06-14,27.155609130859375,27.223185960004507,26.267476773321174,27.088034142994562,33200
2024-06-17,26.788774490356445,26.856349482754275,26.547434179632514,26.837041815989053,41800
2024-06-18,26.933578491210938,27.020461150963268,26.885311165250958,26.885311165250958,54200
2024-06-20,26.286785125732422,26.65362341412828,25.514496899552256,25.514496899552256,51800
2024-06-21,26.21921157836914,26.59570187918192,26.209557744850805,26.59570187918192,65300
2024-06-24,26.364015579223633,26.72120005672756,25.639994631911783,25.639994631911783,53500
2024-06-25,26.711545944213867,26.730853611181214,26.38332297089078,26.38332297089078,81600
2024-06-26,26.566741943359375,26.79842842154629,26.48951311729707,26.6053554357503,32300
2024-06-27,26.325401306152344,26.615008939983902,26.26747830636169,26.30609363955546,29600
2024-06-28,26.190250396728516,26.499167549235516,26.074408075658827,26.499167549235516,58600
2024-07-01,26.228864669799805,26.392976152407414,26.228864669799805,26.306093494481008,41400
2024-07-02,26.566741943359375,26.57639577677722,26.064753653314163,26.064753653314163,53000
2024-07-03,26.479860305786133,26.57639680240965,26.277133478748695,26.277133478748695,27200
2024-07-05,26.257827758789062,26.78877573044789,26.07440859858961,26.78877573044789,25300
2024-07-08,26.57639503479004,26.730852682602343,26.064752925611533,26.064752925611533,26000
2024-07-09,26.87565803527832,27.841019309990095,26.605356215498038,26.605356215498038,27400
2024-07-10,27.20387840270996,27.213532235483367,26.36401336422683,26.36401336422683,70000
2024-07-11,27.329376220703125,27.512795372075484,27.27145506179412,27.27145506179412,73800
2024-07-12,26.914270401000977,26.981847234074728,26.064753325015708,26.064753325015708,51800
2024-07-15,26.81773567199707,26.943231821919632,26.537780031067655,26.537780031067655,17000
2024-07-16,27.39695167541504,27.406605508942896,26.740507567045064,26.740507567045064,24100
2024-07-17,27.377643585205078,27.464526238489153,27.3679897524757,27.4452185730304,25800
2024-07-18,27.339031219482422,27.551411880002917,27.261802390551477,27.551411880002917,26300
2024-07-19,27.310070037841797,27.657598828028085,27.107343222392743,27.107343222392743,12000
2024-07-22,27.223188400268555,27.31007106139149,26.50881944408429,27.213534566668173,21600
2024-07-23,27.35833740234375,27.406604727326005,27.300416244108956,27.300416244108956,18700
2024-07-24,27.387300491333008,27.80240429759719,27.329377488456633,27.62864081280965,37400
2024-07-25,28.371967315673828,28.371967315673828,27.841019350325332,27.841019350325332,21400
2024-07-26,29.33732795715332,29.33732795715332,28.391274368937705,28.391274368937705,42800
2024-07-29,29.791048049926758,29.87793070764606,28.970490638844705,29.443517419049556,70200
2024-07-30,29.4049015045166,29.443516836641532,29.153909210826065,29.153909210826065,54100
2024-07-31,30.00342559814453,30.16753707347545,29.723471811568455,29.92619677688765,93800
2024-08-01,27.590023040771484,28.23681511885458,27.51279421837113,28.23681511885458,44400
2024-08-02,27.00115394592285,27.512796079740404,26.3350559981353,27.512796079740404,36700
2024-08-05,26.740507125854492,26.827389784891253,25.012509619768302,25.012509619768302,84400
2024-08-06,27.184572219848633,27.271454878267672,26.113020660200768,26.113020660200768,215600
2024-08-07,28.429889678955078,29.086333785279862,28.362312844470623,28.362312844470623,145000
2024-08-08,29.482131958007812,29.578666605069287,28.719495725515678,28.719495725515678,67800
2024-08-09,29.742778778076172,29.868276768238076,28.66157523896046,28.66157523896046,71900
2024-08-12,29.82000732421875,29.97446497122349,28.62295963929181,28.62295963929181,80400
2024-08-13,30.39922523498535,30.408879068341655,29.24079285143584,29.829661955926678,59100
2024-08-14,30.505414962768555,30.56333612049076,30.360611147822837,30.49576112960145,66700
2024-08-15,30.852943420410156,30.891558752665574,30.408878147155175,30.408878147155175,34200
2024-08-16,30.45714569091797,30.54402834783906,29.92619775753832,29.92619775753832,35000
2024-08-19,31.53835105895996,31.721772057888142,31.316318407812016,31.316318407812016,56600
2024-08-20,31.634889602661133,31.73142425768296,31.576966600111415,31.69281260521085,26800
2024-08-21,33.1698112487793,33.29530923524391,32.3878673551223,32.73539797452541,65800
2024-08-22,32.96708679199219,33.39184439863769,32.0789525639288,32.0789525639288,28700
2024-08-23,33.87452697753906,33.88417896987402,33.256696356393974,33.49803667293884,42600
2024-08-26,33.276004791259766,33.49803744569573,32.484408829336395,32.484408829336395,41600
2024-08-27,33.34357833862305,33.95175327248693,33.19877267862065,33.314614997086025,32000
2024-08-28,33.25669479370117,33.89383305213879,33.169812136525096,33.88417737769655,20600
2024-08-29,33.333919525146484,33.72971745164835,32.33959871327705,33.063619579992206,97900
2024-08-30,33.16015625,33.7586828545231,32.54232566183751,33.54630220888195,121400
2024-09-03,33.09257888793945,34.077247698215615,32.484404017743415,34.077247698215615,46500
2024-09-04,33.13119888305664,33.440114198499884,32.95743355779968,33.440114198499884,43100
2024-09-05,32.88985824584961,33.13119856387466,32.66782559517388,33.13119856387466,281100
2024-09-06,32.00172805786133,32.658174026001326,31.992072382781036,32.658174026001326,62000
2024-09-09,32.69678497314453,32.91881762190684,31.760387051418448,32.00172736736369,42400
2024-09-10,32.629207611083984,32.70643827421039,31.480429116283965,31.480429116283965,29900
2024-09-11,33.044315338134766,33.044315338134766,32.474752050013606,32.60990203659135,36600
2024-09-12,33.12154769897461,33.12154769897461,32.802976700707745,32.802976700707745,27500
2024-09-13,32.30098342895508,32.74504867735435,32.23340844257086,32.484404405621284,22900
2024-09-16,32.40717697143555,32.46509997234254,32.30098664438652,32.31064231915149,22200
2024-09-17,32.51336669921875,32.60024935769741,32.349253374287564,32.44579170735322,27900
2024-09-18,31.62523078918457,32.04999206727447,31.62523078918457,31.8279594367096,45500
2024-09-19,32.37821578979492,32.47475043753979,32.1658351456833,32.46509844578961,25500
2024-09-20,31.972761154174805,31.972761154174805,31.644538206661053,31.972761154174805,52300
2024-09-23,32.156185150146484,32.18514480975557,31.924496825590833,32.01137948697908,19300
2024-09-24,32.194793701171875,32.378214681192006,32.11756672213232,32.204449375152215,18300
2024-09-25,31.905187606811523,32.01137793029555,31.017057051419297,31.017057051419297,24100
2024-09-26,32.831932067871094,33.671798944799384,32.667822435118154,33.671798944799384,16200
2024-09-27,32.02103042602539,33.314614629387435,32.001726441961644,33.30496263735556,32100
2024-09-30,31.760387420654297,32.822283350134235,31.625233748802493,32.822283350134235,19300
2024-10-01,31.847267150878906,32.02102877642716,30.939825279074352,30.939825279074352,46100
2024-10-02,31.56731414794922,32.243067770944776,31.47077581177215,32.12722176753229,24900
2024-10-03,31.57696533203125,31.615580665513665,31.470775006235048,31.509390339717466,42100
2024-10-04,32.04033660888672,32.04999228303231,31.798996311096655,31.798996311096655,16000
2024-10-07,31.634889602661133,32.33960289549138,31.58662227515022,32.29133556798047,30500
2024-10-08,32.53267288208008,32.59059219671702,32.43613455341735,32.43613455341735,39400
2024-10-09,32.82228088378906,32.82228088378906,32.532673259561896,32.532673259561896,19200
2024-10-10,33.034664154052734,34.28963308055406,32.812631501734586,34.28963308055406,35800
2024-10-11,32.81262969970703,32.81262969970703,32.69678370111626,32.706439375612575,30400
2024-10-14,32.802974700927734,32.812630375622945,31.528698150666738,31.528698150666738,10900
2024-10-15,32.5616340637207,33.160156999205775,32.532674405046535,33.025007015311814,32600
2024-10-16,32.899513244628906,32.96708823768219,32.69678458290813,32.69678458290813,20500
2024-10-17,32.5616340637207,32.77401471416029,32.5616340637207,32.745051372925246,35900
2024-10-18,32.63886260986328,32.658170275245354,32.542324282952926,32.542324282952926,13500
2024-10-21,32.17549133300781,32.571289287169684,31.08463211980624,31.08463211980624,24000
2024-10-22,32.06930160522461,32.185143923030395,32.01137860504127,32.185143923030395,22700
2024-10-23,31.35493278503418,31.47077510327775,30.312342714439804,30.312342714439804,31900
2024-10-24,31.1715145111084,31.85692008983263,30.92051853301507,31.42250680664094,23000
2024-10-25,31.43216323852539,31.683155540106743,31.2294345797764,31.2294345797764,25700
2024-10-28,31.731420516967773,32.06929913483482,30.93017266357223,30.93017266357223,35400
2024-10-29,31.905187606811523,33.12154480709665,31.837612615969107,33.12154480709665,26000
2024-10-30,31.972761154174805,32.21410144844784,31.87622650948985,31.87622650948985,56500
2024-10-31,31.074975967407227,32.48440613017852,30.949481661780244,32.48440613017852,24600
2024-11-01,31.25839614868164,31.316315462845097,29.974464007168613,29.974464007168613,21200
2024-11-04,31.19082260131836,31.470774558682397,30.9977496192129,30.9977496192129,57500
2024-11-05,31.78934669494629,31.885881348251512,31.190823742819763,31.190823742819763,37600
2024-11-06,31.596271514892578,31.596271514892578,31.335623549968613,31.451469544975296,16900
2024-11-07,32.05964660644531,32.07895427358013,30.592298888528653,30.601952722096062,21000
2024-11-08,31.634889602661133,31.70246459768862,31.596274267627987,31.70246459768862,18700
2024-11-11,31.81830406188965,31.827959736061054,31.57696376345439,31.57696376345439,25900
2024-11-12,31.084630966186523,31.741076868126115,31.007400303576837,31.596271217013296,33200
2024-11-13,30.920520782470703,30.95913611768828,30.03239016783279,30.03239016783279,19300
2024-11-14,31.490081787109375,31.60592778429769,31.094283836451268,31.094283836451268,19700
2024-11-15,31.15220832824707,31.21013132961762,31.074977659753007,31.15220832824707,27700
2024-11-18,31.19082260131836,32.233410812590506,30.90121128687975,30.90121128687975,26300
2024-11-19,31.287357330322266,31.41285532139275,31.258397671829403,31.268049663806742,37200
2024-11-20,30.93982696533203,30.997749965378773,30.843292314481673,30.901211631967538,35200
2024-11-21,31.248741149902344,31.325971813870133,30.698485558094443,30.698485558094443,33400
2024-11-22,31.61557960510254,31.644539262962578,31.49008161677443,31.567312281148887,20000
2024-11-25,31.654197692871094,31.731424681407596,31.181169038801073,31.181169038801073,38900
2024-11-26,31.316316604614258,31.49008191856131,31.190822297644235,31.403199261587783,18200
2024-11-27,31.422508239746094,31.856921542750335,31.422508239746094,31.538350559693573,18700
2024-11-29,31.441816329956055,31.557658651462468,31.258399014024143,31.37424133553056,39000
2024-12-02,31.605926513671875,31.663845827376765,31.49973619513206,31.49973619513206,257900
2024-12-03,31.943801879882812,32.04999219984453,31.876226891281846,31.97276153712303,43600
2024-12-04,31.316316604614258,31.41285493600751,31.27770495461776,31.27770495461776,26200
2024-12-05,31.702463150024414,31.81830546727298,31.702463150024414,31.789345808601055,41400
2024-12-06,32.05964660644531,32.10791393300187,31.750731297410226,31.750731297410226,51800
2024-12-09,31.9920711517334,32.33960179003003,31.97276348487682,32.33960179003003,23500
2024-12-10,31.83761215209961,32.059644787712685,31.673502514605026,32.059644787712685,42300
2024-12-11,31.953454971313477,32.0982606276203,31.8955356548394,31.914843321184364,38000
2024-12-12,31.953454971313477,32.107912619512376,31.615580016678642,31.615580016678642,32300
2024-12-13,31.57696533203125,31.68315565782745,31.55765766529004,31.644540324345034,17900
2024-12-16,31.654197692871094,31.683157353252145,31.5962746895479,31.625234349928956,27000
2024-12-17,31.422508239746094,32.29133484575458,31.354933246229983,32.29133484575458,27500
2024-12-18,31.0556697845459,31.83761372628468,31.036365800112687,31.83761372628468,20400
2024-12-19,31.45147132873535,31.634888640723982,31.017058029224465,31.017058029224465,33100
2024-12-20,31.78934669494629,32.078954337422935,31.692812041641066,31.7024640339472,48500
2024-12-23,31.885881423950195,31.943804425607425,31.59627378078601,31.779691095525767,49800
2024-12-24,31.9920711517334,32.02103081073781,31.297009875140127,31.335625208853287,12200
2024-12-26,31.731420516967773,31.86657049109035,30.727445861108063,30.727445861108063,27400
2024-12-27,31.548006057739258,32.059646343654556,31.017058104847408,31.856921364242186,24800
2024-12-30,31.945484161376953,32.13195789793101,31.33699978279532,31.33699978279532,41800
2024-12-31,31.945484161376953,32.38712755867456,31.84734284813354,32.38712755867456,14000
2025-01-02,31.670684814453125,31.906225458759444,31.651055803452426,31.847342169608385,84900
2025-01-03,31.955299377441406,32.367497370701756,31.709942359400443,32.367497370701756,79300
2025-01-06,31.562726974487305,31.601984996300406,31.513656319146435,31.543097963580752,72300
2025-01-07,31.20941162109375,31.572538955735286,31.140711956265648,31.140711956265648,46400
2025-01-08,31.346813201904297,31.346813201904297,31.150526838370386,31.170155849108873,41000
2025-01-10,30.708885192871094,30.973869348970066,30.296685328808213,30.296685328808213,36300
2025-01-13,30.669628143310547,30.67944264894747,29.511542685111056,30.542043313881617,38300
2025-01-14,30.75795555114746,31.631425925559522,30.66962687599057,31.631425925559522,50600
2025-01-15,30.983684539794922,31.013128056424225,30.81684168941326,30.944428389548047,41000
2025-01-16,30.934614181518555,31.091642527867336,30.885541653331096,30.97387033214298,24900
2025-01-17,30.86591339111328,31.690313115416387,30.84628438055238,31.690313115416387,19300
2025-01-21,31.02294158935547,31.09164125407782,30.914983903691507,30.98368356841386,59900
2025-01-22,30.738327026367188,30.87572635792646,30.27705650475713,30.27705650475713,58500
2025-01-23,31.003313064575195,31.07201273037378,30.42427035009357,30.42427035009357,30800
2025-01-24,31.405698776245117,31.48421482023423,30.365385528421143,30.365385528421143,44900
2025-01-27,31.111270904541016,32.41656830496799,31.111270904541016,32.41656830496799,54800
2025-01-28,31.43514060974121,31.43514060974121,30.96405557452843,31.160341941829852,57900
2025-01-29,31.268299102783203,31.40569843441762,31.24867009199957,31.327184263208594,21000
2025-01-30,33.074127197265625,33.074127197265625,32.80914116518173,32.80914116518173,39800
2025-01-31,31.65105628967285,32.68155504800826,31.611798267068377,32.68155504800826,22600
2025-02-03,31.24867057800293,31.974929012888605,31.23885607245847,31.974929012888605,38800
2025-02-04,32.279170989990234,32.35768703839549,31.503841859318925,31.503841859318925,36400
2025-02-05,32.02399826049805,32.11232693458857,31.572538513007068,31.729570594813246,77100
2025-02-06,31.611797332763672,31.808083696133608,31.435139980115828,31.572539311319485,30900
2025-02-07,30.738327026367188,30.905169874085804,30.42427034170285,30.42427034170285,68400
2025-02-10,31.20941162109375,31.494026657582143,30.424269920307612,30.424269920307612,39300
2025-02-11,31.130897521972656,31.248669713321753,31.121083016699775,31.189784553609943,32600
2025-02-12,31.974929809570312,32.03381310045313,30.81684246150142,30.81684246150142,39300
2025-02-13,33.10356903076172,33.123198041826406,32.50489729676735,32.50489729676735,34700
2025-02-14,33.368553161621094,33.427440191457315,32.83858112464762,33.12319615307976,31600
2025-02-18,33.32929611206055,33.43725379797789,32.730624394774175,32.730624394774175,230200
2025-02-19,33.44707107543945,33.48632535367884,33.17226866465744,33.17226866465744,82300
2025-02-20,33.52558517456055,33.52558517456055,33.339115175402625,33.348927809526195,89700
2025-02-21,33.42744064331055,33.62372325771618,33.368553612678326,33.62372325771618,21700
2025-02-24,33.28022766113281,33.44707238964734,33.17226996806774,33.26059864931633,99500
2025-02-25,33.79056930541992,33.859268971941866,33.496141628347154,33.496141628347154,50300
2025-02-26,33.71205139160156,33.82982545097902,33.19189573282902,33.19189573282902,25900
2025-02-27,33.27041244506836,33.63353977586342,33.27041244506836,33.59428175527722,17600
2025-02-28,33.25078582763672,33.25078582763672,31.759014632665465,31.759014632665465,49700
2025-03-03,33.71205139160156,34.04573707213604,32.82876840937559,32.87783906219079,55400
2025-03-04,33.466697692871094,33.721871102903044,32.47545693012704,33.221340660683325,181000
2025-03-05,33.71205139160156,33.83963808400173,33.46669438367476,33.83963808400173,46500
2025-03-06,33.65317153930664,33.967228241987236,33.65317153930664,33.967228241987236,32300
2025-03-07,32.98579788208008,33.99666759156208,32.661924823400824,33.99666759156208,35500
2025-03-10,31.611797332763672,31.83752534029125,31.513656023004195,31.55291404444838,22800
2025-03-11,31.709943771362305,31.79827245154414,31.5627280564422,31.709943771362305,46000
2025-03-12,31.65105628967285,31.65105628967285,31.405699264171513,31.53328596571052,36700
2025-03-13,32.25954055786133,32.27916956909859,32.00437089947901,32.00437089947901,47200
2025-03-14,32.50489807128906,32.86802916886188,32.33805708904031,32.86802916886188,38500
2025-03-17,32.583412170410156,32.61285381402392,32.35768416705247,32.35768416705247,53000
2025-03-18,32.22028732299805,32.387128308142934,32.0730716058751,32.387128308142934,27200
2025-03-19,32.40675735473633,33.36855647444344,32.249729003434176,33.36855647444344,41800
2025-03-20,32.23991012573242,32.49508351671971,32.07306915334536,32.49508351671971,25700
2025-03-21,31.886600494384766,32.36749816498958,31.83752609449152,32.36749816498958,44000
2025-03-24,31.513656616210938,31.533285627302522,31.386069916041166,31.5234692498312,47700
2025-03-25,31.896411895751953,32.014182214473394,31.474397531161625,31.474397531161625,39200
2025-03-26,31.444957733154297,31.660869372841713,31.43514135543828,31.601986081950212,24400
2025-03-27,31.50383949279785,31.670684211200278,31.4547688381563,31.63142618994665,64000
2025-03-28,31.003313064575195,31.405698425903037,30.95424240955492,31.170155912339823,55300
2025-03-31,30.600927352905273,30.669627017917332,30.414455496497204,30.414455496497204,80600
2025-04-01,30.64018440246582,30.816841758788275,30.571484735434986,30.630369896900625,58600
2025-04-02,30.699071884155273,31.945484158327936,30.424271340093487,31.945484158327936,39500
2025-04-03,29.148414611816406,30.01207049522241,29.109156590244293,29.737269959994112,122200
2025-04-04,28.068843841552734,28.20624317559263,27.666458473071156,27.872557474131,57600
2025-04-07,27.195371627807617,28.363271585592923,26.498558578526186,27.921630065772806,159800
2025-04-08,27.38184356689453,28.86380021988876,27.12667203671749,28.86380021988876,226800
2025-04-09,28.736215591430664,28.86380042144735,26.184502143766952,26.184502143766952,307100
2025-04-10,28.245500564575195,29.38395697747547,28.06884321224145,28.952128101984698,135900
2025-04-11,29.040456771850586,29.040456771850586,28.363270878693314,28.48104307086542,183000
2025-04-14,29.21711540222168,29.442843419173204,29.020829030656962,29.050272547969342,144600
2025-04-15,29.57042694091797,29.75689879845463,28.971757090814197,28.971757090814197,142800
2025-04-16,29.148414611816406,29.364328114686533,28.039399837435695,28.039399837435695,61600
2025-04-17,29.40358543395996,29.590057299994047,29.40358543395996,29.46247246866056,62800
2025-04-21,28.755842208862305,28.9030579194964,28.598813864649753,28.814729241886152,51100
2025-04-22,29.207300186157227,29.52135687548276,28.716586141104703,28.716586141104703,108500
2025-04-23,29.442842483520508,29.73727015958551,29.374142817233707,29.73727015958551,57600
2025-04-24,28.952129364013672,29.501728583733755,28.775472003979395,28.775472003979395,78500
2025-04-25,29.599870681762695,29.79615704612651,28.6577006254376,28.6577006254376,63200
2025-04-28,30.29668617248535,30.424271001424735,28.932499844995974,28.932499844995974,75900
2025-04-29,30.443899154663086,30.492969809350985,30.267241802705872,30.326126962716447,43900
2025-04-30,30.14946937561035,30.42426990672556,29.177855819349205,30.42426990672556,36900
2025-05-01,30.178913116455078,30.630369129591635,30.178913116455078,30.630369129591635,60400
2025-05-02,30.85610008239746,31.39588479027616,30.777585909034638,31.17997128150979,41400
2025-05-05,30.993499755859375,31.268300301589385,30.22798515327794,31.02294327316367,33900
2025-05-06,30.944427490234375,31.062197809477865,29.864856246899855,29.864856246899855,32200
2025-05-07,30.885541915893555,31.08182828646096,30.797213236330776,30.87572741017263,38500
2025-05-08,30.81684112548828,30.99349847818035,30.81684112548828,30.92479881256132,45100
2025-05-09,31.30755615234375,31.474399004949422,31.10145714896792,31.40569933715748,29500
2025-05-12,31.680498123168945,31.680498123168945,31.53328615330303,31.543098787086976,50300
2025-05-13,31.611797332763672,31.6804969983655,31.513656023004195,31.562726677883933,81600
2025-05-14,31.287925720214844,31.484213952854425,31.2486695712273,31.484213952854425,30300
2025-05-15,30.86591339111328,31.28792588661981,30.83646987527193,31.032756237029993,95600
2025-05-16,30.551855087280273,30.56166959264083,30.139655221764336,30.139655221764336,25200
2025-05-19,30.41445541381836,30.41445541381836,29.4133983414127,29.4133983414127,49200
2025-05-20,30.277057647705078,30.404642478694186,29.23674437250164,29.23674437250164,67500
2025-05-21,30.070955276489258,30.375199324060414,29.992441106260518,30.16909845725655,29800
2025-05-22,29.805971145629883,29.923741465103934,29.5115416030938,29.5115416030938,31200
2025-05-23,29.84522819519043,29.923742367850256,28.667513733367493,28.667513733367493,37200
2025-05-27,29.923742294311523,30.061141628147173,29.6881997769109,29.6881997769109,54200
2025-05-28,29.629314422607422,29.76671375554838,29.29562872381465,29.29562872381465,32400
2025-05-29,29.864856719970703,30.414455919638957,29.75689903234952,30.414455919638957,54200
2025-05-30,30.002256393432617,30.080770565707553,29.85504255440781,29.9433712322078,38700
2025-06-02,29.78634262084961,29.835413276109826,28.598813669912197,28.598813669912197,70800
2025-06-03,29.383956909179688,29.609684915781276,29.207299557256537,29.295628233218114,206000
2025-06-04,29.236743927001953,29.295629088720762,29.158227882142818,29.168042387750212,86900
2025-06-05,29.207300186157227,29.33488501422365,28.38290044071495,28.38290044071495,74300
2025-06-06,29.442842483520508,29.442842483520508,29.354513806315907,29.39377182815151,32600
2025-06-09,29.197484970092773,29.334884300347646,29.128785304965337,29.128785304965337,44400
2025-06-10,29.35451316833496,29.423212833128666,28.196427756311174,28.196427756311174,43400
2025-06-11,29.39377212524414,29.599871126187647,29.38395761968604,29.442842781109107,39400
2025-06-12,29.45265769958496,29.46247220528066,29.36432902024925,29.423214182497873,82500
2025-06-13,28.981571197509766,29.040456356791463,28.72639967805513,28.824542858141598,177600
2025-06-16,28.746028900146484,29.266184576161972,28.72639988959955,29.266184576161972,135400
2025-06-17,28.569372177124023,28.71658601561134,28.363271305701364,28.363271305701364,63200
2025-06-18,28.804914474487305,28.981571828101632,28.7558419474136,28.7558419474136,56800
2025-06-20,28.333829879760742,28.4712292138189,27.332772775242784,27.332772775242784,59600
2025-06-23,28.186613082885742,28.304385273204723,26.82242868462046,26.82242868462046,142600
2025-06-24,28.520299911499023,28.569372439395636,28.196428715083524,28.49085826668659,75400
2025-06-25,28.333829879760742,28.549743386412924,28.30438636306591,28.39271504122488,48800
2025-06-26,28.588998794555664,28.68714197573171,28.39271430412906,28.39271430412906,90200
2025-06-27,29.209999084472656,29.329999923706055,27.8799991607666,27.8799991607666,75000
2025-06-30,29.020000457763672,29.18000030517578,28.8799991607666,29.049999237060547,126000
2025-07-01,28.43000030517578,28.850000381469727,28.299999237060547,28.850000381469727,61000
2025-07-02,28.68000030517578,28.969999313354492,27.670000076293945,28.5,48400
2025-07-03,28.84000015258789,28.940000534057617,28.84000015258789,28.940000534057617,30900
2025-07-07,27.93000030517578,28.1200008392334,27.799999237060547,28.110000610351562,202500
2025-07-08,27.8700008392334,27.889999389648438,27.170000076293945,27.170000076293945,77200
2025-07-09,28.15999984741211,29.149999618530273,28.0,29.149999618530273,121300
2025-07-10,27.579999923706055,27.579999923706055,27.3799991607666,27.440000534057617,77900
2025-07-11,27.350000381469727,27.3700008392334,27.25,27.3700008392334,60000
2025-07-14,27.229999542236328,28.139999389648438,27.079999923706055,28.139999389648438,92000
2025-07-15,26.84000015258789,27.5,26.84000015258789,27.5,99600
2025-07-16,26.979999542236328,27.06999969482422,26.719999313354492,27.06999969482422,80900
2025-07-17,27.170000076293945,27.190000534057617,27.049999237060547,27.1299991607666,91400
2025-07-18,26.780000686645508,26.899999618530273,26.760000228881836,26.899999618530273,150000
2025-07-21,27.059999465942383,27.149999618530273,26.5,26.5,92700
2025-07-22,26.8700008392334,27.049999237060547,26.809999465942383,27.049999237060547,91100
2025-07-23,28.5,28.670000076293945,27.200000762939453,27.200000762939453,65800
2025-07-24,27.90999984741211,28.6299991607666,27.600000381469727,28.6299991607666,99300
2025-07-25,27.34000015258789,27.350000381469727,26.25,26.25,62700
2025-07-28,27.309999465942383,27.600000381469727,27.0,27.0,88600
2025-07-29,27.969999313354492,28.280000686645508,27.959999084472656,28.25,111100
2025-07-30,28.65999984741211,28.899999618530273,28.610000610351562,28.899999618530273,91600
2025-07-31,28.489999771118164,28.610000610351562,28.31999969482422,28.610000610351562,84700
2025-08-01,29.020000457763672,29.020000457763672,28.549999237060547,28.610000610351562,44600
2025-08-04,29.18000030517578,29.18000030517578,29.0,29.09000015258789,57800
2025-08-05,29.139999389648438,29.149999618530273,28.979999542236328,29.149999618530273,46400
2025-08-06,29.34000015258789,30.34000015258789,29.18000030517578,30.34000015258789,22200
2025-08-07,29.469999313354492,29.559999465942383,29.309999465942383,29.399999618530273,46600
2025-08-08,30.06999969482422,30.170000076293945,29.989999771118164,30.0,58500
2025-08-11,29.989999771118164,30.559999465942383,29.969999313354492,30.559999465942383,35200
2025-08-12,30.229999542236328,30.25,29.899999618530273,29.899999618530273,36200
2025-08-13,30.200000762939453,30.200000762939453,29.809999465942383,29.809999465942383,18600
2025-08-14,29.690000534057617,30.170000076293945,29.540000915527344,29.920000076293945,34600
2025-08-15,29.649999618530273,30.8799991607666,29.540000915527344,30.8799991607666,33600
2025-08-18,29.75,30.0,28.649999618530273,28.989999771118164,44500
2025-08-19,29.829999923706055,29.829999923706055,28.600000381469727,28.600000381469727,37000
2025-08-20,29.950000762939453,29.989999771118164,29.709999084472656,29.760000228881836,67900
2025-08-21,29.799999237060547,29.799999237060547,29.170000076293945,29.170000076293945,53800
2025-08-22,29.420000076293945,30.100000381469727,28.270000457763672,30.100000381469727,99100
2025-08-25,29.440000534057617,29.690000534057617,29.43000030517578,29.690000534057617,40800
2025-08-26,29.549999237060547,29.579999923706055,28.3700008392334,28.3700008392334,61300
2025-08-27,29.3700008392334,29.389999389648438,29.1200008392334,29.219999313354492,36900
2025-08-28,29.68000030517578,29.68000030517578,29.559999465942383,29.56999969482422,99200
2025-08-29,29.309999465942383,29.59000015258789,29.25,29.440000534057617,58300
2025-09-02,29.459999084472656,29.739999771118164,28.239999771118164,29.739999771118164,101200
2025-09-03,29.59000015258789,29.610000610351562,29.450000762939453,29.469999313354492,72400
2025-09-04,29.3700008392334,30.329999923706055,29.049999237060547,30.329999923706055,36000
2025-09-05,29.889999389648438,30.0,29.780000686645508,29.8799991607666,30200
2025-09-08,30.520000457763672,30.520000457763672,30.0,30.299999237060547,42900
2025-09-09,29.709999084472656,29.979999542236328,29.600000381469727,29.979999542236328,34200
2025-09-10,29.84000015258789,30.06999969482422,29.790000915527344,30.06999969482422,37600
2025-09-11,30.06999969482422,30.18000030517578,30.0,30.0,26500
2025-09-12,29.8700008392334,30.0,28.739999771118164,28.739999771118164,104800
2025-09-15,30.049999237060547,30.15999984741211,28.950000762939453,28.950000762939453,43100
2025-09-16,29.8700008392334,30.020000457763672,29.850000381469727,30.020000457763672,49300
2025-09-17,29.84000015258789,30.299999237060547,29.719999313354492,30.299999237060547,71200
2025-09-18,30.170000076293945,30.209999084472656,29.920000076293945,29.920000076293945,54200
2025-09-19,29.59000015258789,29.729999542236328,29.59000015258789,29.700000762939453,52700
2025-09-22,30.170000076293945,30.170000076293945,30.0,30.030000686645508,49000
2025-09-23,30.09000015258789,30.170000076293945,30.0,30.0,25400
2025-09-24,29.700000762939453,29.81999969482422,28.850000381469727,28.850000381469727,120700
2025-09-25,29.450000762939453,29.469999313354492,29.350000381469727,29.43000030517578,50300
2025-09-26,29.520000457763672,29.600000381469727,29.450000762939453,29.530000686645508,45000
2025-09-29,29.25,29.290000915527344,29.170000076293945,29.18000030517578,39900
2025-09-30,29.15999984741211,29.170000076293945,29.09000015258789,29.170000076293945,60500
2025-10-01,29.030000686645508,29.1299991607666,28.979999542236328,29.1299991607666,39000
2025-10-02,28.760000228881836,29.0,28.670000076293945,29.0,26500
2025-10-03,29.700000762939453,29.700000762939453,29.0,29.0,44000
2025-10-06,30.18000030517578,30.209999084472656,29.0,29.0,85100
2025-10-07,30.1299991607666,30.350000381469727,30.1299991607666,30.350000381469727,24200
2025-10-08,29.790000915527344,30.799999237060547,29.729999542236328,30.799999237060547,34100
2025-10-09,29.34000015258789,29.520000457763672,29.270000457763672,29.469999313354492,39800
2025-10-10,28.25,28.829999923706055,28.239999771118164,28.709999084472656,37100
2025-10-13,28.5,28.649999618530273,28.329999923706055,28.469999313354492,77900
2025-10-14,28.780000686645508,28.950000762939453,28.639999389648438,28.639999389648438,89100
2025-10-15,29.299999237060547,30.299999237060547,29.110000610351562,30.299999237060547,49300
2025-10-16,29.3799991607666,29.520000457763672,29.290000915527344,29.459999084472656,57800
2025-10-17,29.540000915527344,29.969999313354492,29.25,29.969999313354492,58500
2025-10-20,30.010000228881836,30.110000610351562,30.0,30.0,25300
2025-10-21,29.700000762939453,29.829999923706055,29.639999389648438,29.829999923706055,38500
2025-10-22,29.75,29.979999542236328,29.719999313354492,29.979999542236328,37600
2025-10-23,29.709999084472656,29.729999542236328,29.600000381469727,29.68000030517578,20100
2025-10-24,29.770000457763672,30.059999465942383,29.770000457763672,29.989999771118164,29000
2025-10-27,29.530000686645508,29.809999465942383,29.5,29.690000534057617,54400
2025-10-28,29.100000381469727,30.059999465942383,28.899999618530273,30.059999465942383,52100
2025-10-29,28.56999969482422,28.770000457763672,28.399999618530273,28.739999771118164,24400
2025-10-30,28.719999313354492,28.90999984741211,28.420000076293945,28.65999984741211,52000
2025-10-31,28.690000534057617,29.8700008392334,28.530000686645508,29.8700008392334,52800
2025-11-03,28.690000534057617,28.84000015258789,28.65999984741211,28.700000762939453,45200
2025-11-04,28.670000076293945,29.790000915527344,28.549999237060547,29.790000915527344,145100
2025-11-05,28.739999771118164,28.799999237060547,28.549999237060547,28.549999237060547,54000
2025-11-06,28.079999923706055,28.40999984741211,28.020000457763672,28.40999984741211,82400
2025-11-07,28.68000030517578,28.709999084472656,27.600000381469727,27.600000381469727,58500
2025-11-10,29.020000457763672,29.790000915527344,28.81999969482422,29.790000915527344,67700
2025-11-11,28.860000610351562,28.90999984741211,28.469999313354492,28.469999313354492,94100
2025-11-12,28.889999389648438,28.920000076293945,28.81999969482422,28.81999969482422,30200
2025-11-13,28.579999923706055,28.809999465942383,28.559999465942383,28.75,35400
2025-11-14,29.329999923706055,29.780000686645508,28.1299991607666,28.1299991607666,35700
2025-11-17,28.889999389648438,29.149999618530273,28.75,28.889999389648438,36600
2025-11-18,28.350000381469727,28.3799991607666,28.1299991607666,28.25,85700
2025-11-19,28.239999771118164,28.309999465942383,28.149999618530273,28.299999237060547,44600
2025-11-20,27.850000381469727,28.329999923706055,27.809999465942383,28.25,67700
2025-11-21,28.850000381469727,28.940000534057617,28.350000381469727,28.5,99500
2025-11-24,28.860000610351562,29.020000457763672,28.700000762939453,28.700000762939453,57700
2025-11-25,28.940000534057617,29.899999618530273,28.200000762939453,28.200000762939453,59100
2025-11-26,29.420000076293945,29.469999313354492,29.280000686645508,29.31999969482422,27000
2025-11-28,29.40999984741211,29.40999984741211,29.219999313354492,29.40999984741211,15000
2025-12-01,29.170000076293945,29.200000762939453,28.010000228881836,28.010000228881836,60600
2025-12-02,29.540000915527344,29.739999771118164,29.459999084472656,29.459999084472656,176600
2025-12-03,29.540000915527344,29.649999618530273,29.25,29.31999969482422,53900
2025-12-04,29.729999542236328,29.950000762939453,29.709999084472656,29.950000762939453,51900
2025-12-05,29.290000915527344,29.3799991607666,29.219999313354492,29.350000381469727,38800
2025-12-08,29.290000915527344,29.420000076293945,29.270000457763672,29.290000915527344,37100
2025-12-09,29.760000228881836,30.0,29.760000228881836,30.0,51900
2025-12-10,30.43000030517578,30.540000915527344,30.0,30.0,40500
2025-12-11,30.399999618530273,30.469999313354492,30.260000228881836,30.469999313354492,58000
2025-12-12,30.530000686645508,30.610000610351562,30.299999237060547,30.59000015258789,38900
2025-12-15,31.030000686645508,31.1200008392334,30.829999923706055,30.889999389648438,114100
2025-12-16,30.600000381469727,30.799999237060547,30.579999923706055,30.780000686645508,111300
2025-12-17,29.770000457763672,30.209999084472656,29.549999237060547,29.549999237060547,82100
2025-12-18,29.979999542236328,30.1299991607666,29.81999969482422,30.0,63200
2025-12-19,29.81999969482422,30.729999542236328,29.790000915527344,30.729999542236328,32500
2025-12-22,30.290000915527344,30.700000762939453,30.100000381469727,30.700000762939453,39900
2025-12-23,30.450000762939453,31.5,30.329999923706055,31.5,34000
2025-12-24,30.43000030517578,30.530000686645508,29.299999237060547,29.299999237060547,12200
2025-12-26,30.479999542236328,30.59000015258789,30.43000030517578,30.43000030517578,28000
2025-12-29,30.360000610351562,30.450000762939453,29.020000457763672,29.780000686645508,37900
2025-12-30,29.6299991607666,29.670000076293945,29.510000228881836,29.510000228881836,49700
2025-12-31,29.549999237060547,29.81999969482422,29.40999984741211,29.40999984741211,112400
