Date,close,high,low,open,volume
2021-02-10,35.583526611328125,39.54603832384294,34.00959295850493,34.00959295850493,1836900
2021-02-11,33.85141372680664,35.963174086872634,33.81186828545309,35.963174086872634,1652100
2021-02-12,33.622047424316406,34.40506047295966,32.862764055229796,34.01750788952284,2088200
2021-02-16,34.44460678100586,36.01854079958558,34.01750874374817,34.95870660553352,1369100
2021-02-17,35.00615310668945,35.27506629803946,34.405054629207704,34.8242416856473,1910200
2021-02-18,34.00959396362305,35.59143554332645,33.83559042437619,34.99033707057344,1589500
2021-02-19,34.80051803588867,35.29879902528806,34.01750505254677,34.53160482129004,1048200
2021-02-22,34.67396926879883,35.6151639692734,34.5236953974327,35.464890097907265,1449400
2021-02-23,34.5316047668457,34.76097254128483,33.21867625461034,34.76097254128483,888400
2021-02-24,35.591434478759766,35.654709588274514,33.72486098780064,34.19941525779141,3153100
2021-02-25,35.393707275390625,35.98689790011784,34.879607527110956,35.84453190881343,2485000
2021-02-26,34.94288635253906,35.54398492189204,34.337832333806624,35.243437145777484,466100
2021-03-01,35.3304328918457,35.812895092683526,34.863792487173136,35.15643235663472,718900
2021-03-02,35.82870864868164,36.97554431646729,35.330427741440644,35.330427741440644,756600
2021-03-03,37.37101364135742,37.679472318831984,35.76544513187505,35.99480990671261,1214600
2021-03-04,36.524723052978516,38.58902683884296,36.216264421458256,37.69528548350016,679700
2021-03-05,35.61515808105469,37.23654792636303,34.816329503259055,37.173272822276274,968200
2021-03-08,35.09315872192383,35.69426028238772,34.01750583867159,35.34625316302745,1125500
2021-03-09,35.02198028564453,35.54398801558608,34.49918206918306,34.555336783338895,183400
2021-03-10,35.393707275390625,35.48861693055239,34.61860522113522,35.00615473970115,484300
2021-03-11,35.8603515625,36.23999320953364,35.20388580689852,35.39370813897714,578900
2021-03-12,36.18463134765625,36.62754813993421,35.50443888767088,36.485182135885005,684300
2021-03-15,36.18463134765625,36.580091799543204,35.67053155335369,36.319086453078384,626800
2021-03-16,35.441165924072266,36.28349557998252,34.75701803137848,36.20835713046808,717600
2021-03-17,35.812889099121094,36.065983487183054,34.95869629369276,35.48861172584652,543100
2021-03-18,34.40505599975586,35.7891674480219,34.18359913351282,35.52816212670101,886900
2021-03-19,34.25477981567383,34.61069175035382,33.851408531255636,34.246868918343026,537100
2021-03-22,33.811859130859375,34.405049641927086,33.15539351705876,34.19150069588795,539100
2021-03-23,32.98139190673828,33.788131336643865,32.45938439528442,33.44012431759272,447000
2021-03-24,32.90230178833008,33.851407285846435,32.64920739127548,33.61413166574815,688700
2021-03-25,33.34522247314453,33.47968058476584,31.63683358048337,32.54639375277169,675200
2021-03-26,34.270591735839844,34.278499614465005,33.3293942719418,33.432214796805184,325000
2021-03-29,33.62995147705078,34.412961349170246,33.48758549718846,34.32596259891954,204000
2021-03-30,34.120330810546875,34.32597195623871,32.657128195129935,33.43223039838383,480200
2021-03-31,34.318058013916016,35.21021851962733,33.368952312634896,34.0333260018193,446700
2021-04-01,35.536075592041016,36.2202204677384,33.871187491750824,34.08078104346301,619000
2021-04-05,35.32252883911133,35.714033857171515,34.40506067512625,35.449076068036035,580000
2021-04-06,35.75752258300781,36.342805203336994,34.840054731203104,35.599337846395365,725400
2021-04-07,35.6705322265625,36.382362260242886,35.11688999717094,35.67844312533887,943000
2021-04-08,35.852447509765625,36.239997079169335,35.40953069903746,35.583534270595656,732100
2021-04-09,36.01853942871094,36.31117932437964,35.18016216716476,35.74962619516774,686000
2021-04-12,35.94735336303711,36.31908411220753,35.789168589053034,36.121353899008334,640400
2021-04-13,35.99480056762695,36.23998707650056,35.84452671729203,35.86825337336515,312000
2021-04-14,36.532630920410156,36.6275435894004,35.78916644939381,36.12135173948938,821100
2021-04-15,36.532630920410156,36.84109256894331,35.868257323095584,36.50890426172431,465700
2021-04-16,36.105533599853516,37.0862736444885,35.84848375157178,36.93599978750564,390800
2021-04-19,36.35862731933594,36.87667943764543,35.915710619550545,36.15298623770862,386400
2021-04-20,36.152992248535156,36.62754658087427,35.04570484065791,36.35863336435254,595800
2021-04-21,36.57218551635742,36.849006637926706,35.41822913983991,36.018540256094916,593000
2021-04-22,36.44563674926758,37.09419164997362,36.26372228605537,36.59591063504743,1098600
2021-04-23,36.746185302734375,37.34728689289201,35.92362681995228,36.421907845481186,471700
2021-04-26,37.078369140625,37.53710165046612,36.595906954377206,36.651271170786934,380100
2021-04-27,37.070465087890625,37.56874614470994,36.68291550146099,36.89646452581213,721700
2021-04-28,36.524723052978516,37.42637228884495,36.33490073205343,37.29191720007907,599700
2021-04-29,37.13373947143555,38.359666349276274,36.216271283560495,36.71454931329398,1033800
2021-04-30,36.042259216308594,37.55291776501506,35.84452902397988,36.78572365330018,766100
2021-05-03,36.66709899902344,36.872737136851875,35.915723426002614,36.35864028371866,870300
2021-05-04,36.382362365722656,36.77782282621964,36.06599279047552,36.77782282621964,772200
2021-05-05,36.967647552490234,37.671566734709955,36.45750316358262,36.56427616724976,1923400
2021-05-06,37.5766487121582,37.829746162984605,36.92809384865443,36.92809384865443,1222600
2021-05-07,38.88957595825195,39.15058128168247,37.29982640949981,37.29982640949981,1809500
2021-05-10,39.2059440612793,39.52231359011898,38.95284964505692,39.25340039574228,840000
2021-05-11,38.802581787109375,39.33249736028479,38.09075174555027,38.88958055474536,1135800
2021-05-12,39.134769439697266,41.66571716045448,38.185663667272806,41.66571716045448,2008400
2021-05-13,39.15058517456055,40.012689089998446,38.11447769286719,39.14267729296886,831200
2021-05-14,38.65229797363281,39.403673323885926,38.53366166598655,38.75511852062493,2141500
2021-05-17,39.53813171386719,39.862409117855115,38.60484493807297,38.73139214408965,1427100
2021-05-18,40.57424545288086,41.127890739335186,40.02060016642653,40.178784965002635,2565200
2021-05-19,40.33696365356445,40.53311289477221,39.55553466854126,39.87032022786768,928100
2021-05-20,39.933589935302734,40.636718432727044,39.79992232538285,40.257867321632766,913100
2021-05-21,40.15975570678711,40.39069692931031,39.55851322670806,40.167717835437145,1668000
2021-05-24,40.255313873291016,40.5579263856558,39.681946474593374,40.37476706017259,955800
2021-05-25,40.1677131652832,40.74904569941634,39.74565052602147,40.191605624097285,726400
2021-05-26,42.047096252441406,42.28599960430907,39.86908800290302,40.15975582351965,1400600
2021-05-27,42.16654968261719,42.40545303581817,41.04370118853371,42.40545303581817,1807600
2021-05-28,42.047096252441406,42.36563608014558,41.63299569155435,42.20636616629349,652500
2021-06-01,43.7034912109375,43.79108980084515,42.30988501322233,42.6602763350325,1429300
2021-06-02,42.54082489013672,43.799053709396894,42.36563074101711,43.799053709396894,1079700
2021-06-03,42.5886116027832,42.91511355506621,41.792265081329916,42.51694029433957,755700
2021-06-04,43.34513854980469,43.520335745083706,42.1108021304442,42.66028010042745,929500
2021-06-07,44.22908401489258,44.65114667515369,43.496443677160435,44.268900731136334,1978600
2021-06-08,44.20519256591797,44.53965967322079,43.185870025225164,43.83887390758409,1999500
2021-06-09,44.1414794921875,44.46798138207928,43.408839252783814,44.27685691681126,886200
2021-06-10,44.260948181152344,44.4600348432745,43.607941134596,44.364471058224474,1343100
2021-06-11,44.770599365234375,45.025429991753406,44.109630339198915,44.53169299477968,1086800
2021-06-14,44.46003341674805,45.16081625770162,44.16538297902989,44.71486409306231,1610100
2021-06-15,44.56354522705078,45.383784110760374,44.141482593779024,45.383784110760374,1689500
2021-06-16,43.07438659667969,44.88209369626405,42.875299951850856,44.563553849409466,2412100
2021-06-17,42.81159210205078,43.05846064295054,41.41798554480169,42.93900743720071,2991600
2021-06-18,42.293968200683594,42.8434462583219,41.983393514287116,42.27007877490577,3169900
2021-06-21,43.862762451171875,43.96628529896456,42.11876184003302,42.63638823027854,2881500
2021-06-22,42.692142486572266,43.96629585455948,42.09488252573678,43.96629585455948,2750100
2021-06-23,42.1506233215332,43.22568995367449,41.89579266742829,42.90715315495386,1302700
2021-06-24,42.278038024902344,43.161983172335546,41.72059483808833,42.07895138945598,1768800
2021-06-25,42.30989074707031,42.652319987940636,41.959496339954164,42.38156205417854,13760200
2021-06-28,40.613677978515625,42.516945931065244,40.40662919212927,42.28600468014951,1853900
2021-06-29,39.45896911621094,41.664849322018,39.18821118024636,40.85257551412428,1478000
2021-06-30,41.34630584716797,41.43390444191698,39.49082021532852,39.49878234311452,1480100
2021-07-01,42.99474334716797,43.14604806911105,41.720587288194125,42.06301648222043,1452700
2021-07-02,43.47255325317383,43.735346004583256,42.604535492651834,43.0106708494921,755800
2021-07-06,42.89122772216797,43.480522496196556,41.96746580146219,43.480522496196556,809900
2021-07-07,43.20976257324219,43.544229704736445,41.9435714340973,42.73195585718869,844800
2021-07-08,43.48848342895508,43.631826043885575,42.46916086751231,42.8354795333032,820400
2021-07-09,43.64775848388672,43.759246522459264,43.09827738260603,43.759246522459264,599500
2021-07-12,43.59200668334961,43.814982720693074,42.85936635836003,43.40884432373671,895700
2021-07-13,42.85140609741211,43.6636798888949,42.81955150845494,43.55218882754483,495800
2021-07-14,40.48625946044922,43.273472436182445,40.45440486879235,43.04253120340178,786600
2021-07-15,40.390689849853516,40.8286797565395,39.81731947727818,40.096039498490974,1350300
2021-07-16,39.928810119628906,40.940170465603636,38.885598224714805,40.629595839245376,805500
2021-07-19,38.94135284423828,39.89696640487954,38.37594440754578,39.41915962455891,1172800
2021-07-20,40.462371826171875,40.68933048558362,38.73429812507901,38.90949534912358,874700
2021-07-21,42.17451095581055,42.4452688940315,40.43051317121792,40.8685031495051,1125800
2021-07-22,42.986785888671875,43.50441235508938,41.70466747250439,42.12673320465839,890400
2021-07-23,43.631832122802734,43.64775941977192,42.56472752843731,43.185876921129285,1090800
2021-07-26,43.9423942565918,44.507799467160275,43.40884059303447,43.791089535372464,1040000
2021-07-27,43.767208099365234,44.05389335940205,43.345145376433905,43.69553678435603,952300
2021-07-28,44.14944839477539,44.50780492351156,43.58404311489211,43.90258292661776,730500
2021-07-29,44.0698127746582,44.53169213714587,43.7034941358196,44.52373000926704,562900
2021-07-30,43.04252624511719,44.22908382617079,42.73991373487857,43.99814261999341,622700
2021-08-02,42.44527053833008,43.958330199559775,42.34174463616484,42.986786435749906,567600
2021-08-03,43.456626892089844,43.65571351081403,41.999314422695576,42.365633072071105,576400
2021-08-04,43.38496017456055,44.19564221114283,42.397492142471556,42.92308074995661,559300
2021-08-05,43.16994094848633,43.894616106932595,42.87529360832352,43.44866403270146,558300
2021-08-06,43.83091354370117,44.08574418913262,43.35310380515153,43.45662970417709,380200
2021-08-09,43.05048751831055,43.59200331384807,42.88325246540893,43.480512265973516,748700
2021-08-10,44.197227478027344,44.45205809613627,42.8514030862758,43.09826853879474,792800
2021-08-11,45.34397506713867,46.04476093742416,44.07778383049411,45.200632433720706,2950300
2021-08-12,46.83313751220703,47.22334558564245,45.120991367645445,45.455458468410825,1699400
2021-08-13,45.22452163696289,47.016301387671525,44.95376368645408,47.00833622093304,1459400
2021-08-16,44.46003341674805,45.19267085169622,43.27347561192999,44.6511549050731,1790400
2021-08-17,43.61590576171875,45.288232487690784,43.20180514509814,43.99815178371746,862000
2021-08-18,41.744476318359375,43.639781577726296,41.728552063836474,43.53625569640506,605200
2021-08-19,41.38612747192383,41.50557762104153,40.38272920753901,40.820719163278724,1189500
2021-08-20,41.94356918334961,42.27803629689592,40.93221178990119,40.94017391835238,1388400
2021-08-23,41.88264465332031,42.692240840903565,41.61812121934886,42.291449982977056,1059600
2021-08-24,42.24336624145508,42.499872201795014,41.3536098537418,42.09106372527107,1247000
2021-08-25,42.507877349853516,42.75636878220266,41.61812115733579,42.17121449743685,980900
2021-08-26,42.57201385498047,42.716298837051255,41.9788419222681,42.37963285962203,953200
2021-08-27,44.3916015625,45.28937233490396,42.81248441586922,42.89264137387617,2092500
2021-08-30,43.91866683959961,44.616042138044364,43.79842834844382,44.575963660256384,516500
2021-08-31,44.73627853393555,44.84849948960265,43.88660077878331,43.88660077878331,1772800
2021-09-01,45.37754440307617,45.4416693545031,44.439692143899194,44.71223006749513,1345300
2021-09-02,46.72420883178711,47.124999774469536,45.49778646788018,45.69016746579632,1362400
2021-09-03,47.3173713684082,47.445624330553656,46.36349015356337,47.141025456578085,1015300
2021-09-07,47.95864486694336,48.70411319469481,47.30936244985279,47.30936244985279,1694900
2021-09-08,48.80030059814453,49.257201977255065,47.95864032387733,48.09490776146137,1972900
2021-09-09,48.55181121826172,49.82632645079277,48.31133728072213,48.72816019942703,1752500
2021-09-10,47.72617721557617,49.24116620483849,47.70212768423803,49.185055728035564,1394800
2021-09-13,50.227115631103516,50.23513010370147,48.463635053737384,48.54379506867652,2490200
2021-09-14,49.449588775634766,50.76017695984129,49.1530043140296,50.51569422352857,1377500
2021-09-15,50.48362350463867,52.39138912446517,50.25116403906397,50.25116403906397,2657300
2021-09-16,49.048789978027344,50.59023207166925,48.912522537720385,50.17902021069448,1432300
2021-09-17,48.95259475708008,49.73814446549583,48.2071235225831,49.18505418671711,7431800
2021-09-20,47.87046813964844,49.2972828267085,47.10094725452909,47.83038660168578,1288800
2021-09-21,46.70016098022461,48.22316784046377,46.51579750687647,48.10292933020561,1069100
2021-09-22,46.940643310546875,47.76627179714942,46.716198269862474,47.453655304466615,1074600
2021-09-23,48.471656799316406,48.83236619563882,46.88452505900442,46.97269649641716,1226900
2021-09-24,46.964683532714844,48.936574268201106,46.924605049367685,48.279277356372354,1278600
2021-09-27,50.08283233642578,50.19505330330055,48.143005776923104,48.143005776923104,1729300
2021-09-28,49.778228759765625,51.30123540908974,49.561804363740414,50.836316495454746,1424600
2021-09-29,48.78427505493164,49.81831644259301,48.60792605796209,49.4976824586106,1220400
2021-09-30,49.36943054199219,49.978631455354865,48.32737465824972,49.016735598234035,1773500
2021-10-01,49.76219940185547,50.307272210387936,49.25720201380369,49.930530845275435,1261100
2021-10-04,51.81425094604492,52.30321636993782,50.443546699185625,50.58783167862262,1710300
2021-10-05,53.64186477661133,53.705992802922424,51.71005537977469,52.71203285744115,2127000
2021-10-06,51.277191162109375,53.05670382119729,50.635923245391254,53.04066875970808,1171300
2021-10-07,51.90242385864258,52.43948222079106,50.76417911975307,51.32528395847773,1223300
2021-10-08,52.728065490722656,52.97495168212843,51.72608794304068,52.4074314523473,1000700
2021-10-11,50.283226013183594,54.03463214453166,50.2752115406015,53.82621916389415,1231000
2021-10-12,49.778228759765625,50.764177068640954,49.40950186413285,50.01068821658312,1053600
2021-10-13,49.7381477355957,50.35536605945752,49.00069398207254,49.61791230593437,1199600
2021-10-14,51.30925750732422,51.429496011635344,50.090852690954065,50.50767257490369,1024500
2021-10-15,50.299259185791016,52.29519620446528,50.130927737525376,52.29519620446528,949700
2021-10-18,50.651954650878906,51.2090537771595,50.07481781355756,50.33933822695651,854000
2021-10-19,49.55378723144531,50.61989250609536,49.313313300091686,50.46759000526425,747700
2021-10-20,49.94655990600586,50.235126767245326,48.7602192838268,49.24116711035095,937900
2021-10-21,49.241172790527344,49.87442317947255,48.49570143296746,49.55378921960884,444800
2021-10-22,49.75418472290039,49.87442322240079,48.77625389648718,49.2892688442691,617200
2021-10-25,54.30717849731445,54.80416152059793,51.09283614127851,51.62989765152548,2842900
2021-10-26,54.17090606689453,55.6297848748083,53.82622560656182,54.483522517477155,1438200
2021-10-27,53.07273483276367,54.860265092169236,53.01662434653575,54.18693314184982,1228300
2021-10-28,53.128849029541016,54.26709389570848,52.415441605282204,52.98456403836593,1169600
2021-10-29,51.09282684326172,53.465505252314834,50.275213015269415,53.465505252314834,1510700
2021-11-01,52.73607635498047,53.044687113006596,51.50163943846079,51.50163943846079,1744600
2021-11-02,52.39940643310547,52.6799588505122,51.82226653696362,52.27115040481438,1361100
2021-11-03,54.146854400634766,55.61374448375401,51.98257981674874,53.31320857375837,2756400
2021-11-04,52.58375549316406,55.30111682203012,52.52764502177915,54.73199457924518,1459700
2021-11-05,52.76012420654297,53.425438699115766,52.32326350737535,53.02464772030107,1104700
2021-11-08,53.080745697021484,53.25709466461295,52.3753498266556,53.184949125333006,1106200
2021-11-09,54.0025634765625,54.45946481909551,52.53566743953109,52.824237352244914,2139500
2021-11-10,50.579811096191406,53.6979638545217,50.307273157896134,53.62582442694749,1423900
2021-11-11,51.65393829345703,52.22306069426868,50.57981539437626,50.82029240456007,836500
2021-11-12,50.43552780151367,51.70844382156817,50.30727482968866,51.19703115950868,755400
2021-11-15,50.0267219543457,51.16496974450737,49.22514012328245,51.02869924317476,1562200
2021-11-16,49.93053436279297,50.507671217718524,49.69006041842464,50.219104319151796,1413200
2021-11-17,51.10084915161133,51.52568660528016,49.77823771515852,50.08283971138139,1145900
2021-11-18,51.485599517822266,51.67797742928686,50.57980820832535,50.92448861230718,1033500
2021-11-19,49.489662170410156,50.67600287929263,48.920536762819076,50.24314796911077,1328200
2021-11-22,49.07284927368164,50.15498371208869,49.016738780300095,49.48967226579639,724100
2021-11-23,51.62247085571289,51.856608501248985,49.36186900842417,49.44260665857911,1249600
2021-11-24,52.21992111206055,52.29258038297658,51.08961856269104,51.08961856269104,639100
2021-11-26,51.6063346862793,52.276443470863754,49.45068976973599,51.008891342744036,1178700
2021-11-29,49.54756546020508,52.300656442762666,49.40224075662389,51.95349221529947,1557600
2021-11-30,48.07009506225586,49.03892525812903,47.57760619969713,48.74020058684916,2053500
2021-12-01,46.01941680908203,49.692895955946845,45.817577261673776,49.58793852894297,1615000
2021-12-02,49.1519660949707,49.224628453231716,46.69759652685095,47.31118737896739,1691700
2021-12-03,48.70792007446289,50.193456156730136,48.13469343074009,49.44261588898724,961200
2021-12-06,48.27193832397461,49.60407725237819,46.9761290293352,49.60407725237819,1390800
2021-12-07,51.00889205932617,51.22687914605475,48.48428381844265,48.48993530128568,1039000
2021-12-08,52.042301177978516,52.30873082310659,50.61327700459336,51.210723339839355,601900
2021-12-09,51.121917724609375,51.67092151206118,50.77475347431406,51.2349473726447,799100
2021-12-10,51.50944137573242,51.83238273781585,50.62942100534578,51.68705804693905,669700
2021-12-13,49.98353576660156,51.50944195823753,49.910873420341446,50.74245120989774,1074700
2021-12-14,49.83821105957031,51.04924811033533,49.06314808623906,49.52334191914365,1491200
2021-12-15,49.20040512084961,49.78170398111204,48.56259451564718,49.57179221481003,998800
2021-12-16,49.53948974609375,50.966896935220305,49.44260764380374,50.966896935220305,957800
2021-12-17,49.05507278442383,50.24996538483786,48.48992462455751,49.482974636670946,1048000
2021-12-20,48.522212982177734,49.107549360942514,47.49687106593703,48.15082905347431,1128100
2021-12-21,49.757484436035156,50.580990131675684,48.61910954967292,49.05508061691922,874800
2021-12-22,50.3872184753418,51.17035681132023,49.61215544499863,49.66867026513865,626500
2021-12-23,51.00889205932617,51.62248294506696,50.45988822900839,50.58099319268887,959400
2021-12-27,53.16453552246094,53.16857625558526,50.161165153169506,50.96852334230226,771200
2021-12-28,53.25334167480469,53.49877923693947,52.72048851043203,53.28563673925966,641700
2021-12-29,52.938453674316406,53.32598815033915,52.599364857578706,53.132217832502015,646100
2021-12-30,51.9534912109375,53.406738218655285,51.80009736431691,52.80121965871509,571400
2021-12-31,52.09074401855469,52.34102922828985,51.40449083759824,51.913130403445955,454900
2022-01-03,53.72968292236328,53.85078170716916,52.26029145673629,52.39754085261852,849000
2022-01-04,53.91537857055664,55.54624555250749,53.60858467794949,54.01226377016348,1151600
2022-01-05,52.63166809082031,56.11137897409634,52.5912977284168,55.53008024953972,1535700
2022-01-06,53.883079528808594,54.424014153805146,52.63974727735756,53.2775609351596,1401100
2022-01-07,55.949920654296875,56.264789830994566,53.86693520871703,54.31905378866168,1212900
2022-01-10,56.676536560058594,57.613074919366746,55.31210554989899,55.69963399125486,2126500
2022-01-11,56.42625427246094,57.23361233177176,55.15870236572908,56.765343179054724,1894200
2022-01-12,59.02595138549805,59.47000080587701,56.13560789930324,57.22554010609747,1820900
2022-01-13,56.595794677734375,59.26815385147641,56.42625023656418,59.203563733034606,1035900
2022-01-14,57.742244720458984,57.8633496592493,56.252674300193206,56.8945224682329,1534500
2022-01-18,56.087162017822266,59.090534804720875,55.52200771424889,58.937134811519805,1464200
2022-01-19,54.52089309692383,57.03985265983527,54.03647945473223,56.248638988521186,1515600
2022-01-20,52.308738708496094,55.13449241883228,52.17148929231107,53.923455114402486,2253500
2022-01-21,50.89585494995117,52.13918715301537,50.314556137126,51.62247538615593,1823900
2022-01-24,51.47715377807617,51.53367168145612,49.61215844117147,49.68482079714353,1705700
2022-01-25,54.19794464111328,54.859978007479164,51.113840161578835,51.79202105881055,2560500
2022-01-26,55.24751663208008,56.97526252342857,54.254463430024735,55.578530259662756,1722800
2022-01-27,55.80459213256836,57.080213204499344,53.996105617036285,56.7976391113391,1875000
2022-01-28,55.21521759033203,56.765343597313695,54.61777434674282,55.780365772152464,1823000
2022-01-31,55.037601470947266,55.740005251659476,54.44015818783958,55.086047146631515,1025000
2022-02-01,55.279808044433594,55.9095463535573,54.445803314409616,54.62584997875178,1747100
2022-02-02,56.111385345458984,57.54848171120825,54.80346306669401,56.515064376721284,2622100
2022-02-03,54.65008544921875,55.94185750086002,54.16566554015514,55.37670299350414,1319900
2022-02-04,54.076847076416016,55.796517574675946,53.842712493331234,54.900349610323396,1200900
2022-02-07,53.92344665527344,54.51685533412662,53.17260339792777,53.45517749270231,1411200
2022-02-08,53.05957794189453,54.21410032838385,52.08267533173491,53.68931630549711,1751500
2022-02-09,53.027278900146484,53.439033245333846,52.437904791950714,52.89809865081189,1519900
2022-02-10,52.97883224487305,54.2060136498598,52.48634339006621,52.48634339006621,1403700
2022-02-11,55.82880783081055,56.192116472798965,53.89922267251519,54.3594164935385,1813800
2022-02-14,54.714656829833984,56.498923687300966,54.20602343405486,55.81266436074277,738900
2022-02-15,55.11832809448242,55.42512807746576,53.503612090242505,53.77811701398271,831600
2022-02-16,53.74583435058594,56.22442374236567,53.22509102936242,55.384770487346415,1064300
2022-02-17,53.94765853881836,55.19099053402596,53.269480810333704,53.68122893420551,784700
2022-02-18,53.1080207824707,54.31905806815059,53.06765656874054,53.51169987769733,1050500
2022-02-22,53.56821060180664,54.73080827810429,52.32487834457803,54.45388256745394,1994900
2022-02-23,55.30402755737305,56.28093007871716,54.06069539575693,54.21409539948685,2900500
2022-02-24,57.2497673034668,59.40541200772,53.68931503404876,57.29013151371525,3957300
2022-02-25,60.61643600463867,61.246174216357645,57.604988158760584,57.63728321572724,2879600
2022-02-28,62.368412017822266,62.64291080987551,60.20469210531621,60.59222669606278,2084100
2022-03-01,63.999271392822266,64.06386151663223,61.9243614027395,62.60254538343773,1620200
2022-03-02,64.08000946044922,64.96002676203479,63.06354352610667,64.58864280506403,1697600
2022-03-03,64.8147201538086,65.14573999717847,63.030459137636186,63.53909262416887,1558300
2022-03-04,70.17079162597656,70.3441540024257,64.66444984175648,64.66444984175648,3064300
2022-03-07,70.90553283691406,73.26657450220621,68.66832326143883,70.83948821589681,3075400
2022-03-08,68.07392120361328,72.56485379705646,67.8345142221463,71.82186769911763,2891200
2022-03-09,66.76959228515625,68.07394542130653,64.49936002724874,65.53954093441338,2079300
2022-03-10,66.7530746459961,67.58687068215117,66.38158466764163,67.14932978312594,1530100
2022-03-11,66.49716186523438,67.96662012050928,65.29765140781073,66.05137009705625,1318900
2022-03-14,62.955604553222656,65.25885906962425,61.73380408814914,65.23408760953087,1662000
2022-03-15,62.295166015625,63.021637996277946,60.47898291481158,60.67711049165109,1645200
2022-03-16,63.57474899291992,64.18564598213467,62.5180602661609,62.56759058198973,1844800
2022-03-17,65.22582244873047,65.7046301666894,64.4498139600986,65.3661625333329,2217200
2022-03-18,64.81305694580078,65.21756921918868,63.98751809492497,64.5653927711934,2931900
2022-03-21,66.91817474365234,67.62813863282658,65.38267203435562,66.37332239751942,1761900
2022-03-22,66.46414184570312,67.08329605091517,64.63970154348179,66.91818448384126,1376900
2022-03-23,69.39481353759766,70.15431428329778,66.50542673726743,67.0998158867878,1761700
2022-03-24,71.82188415527344,72.05303403906974,69.34526746026401,69.77454491611972,2358800
2022-03-25,73.73713684082031,74.77731765425952,70.88077290404729,71.0541353232268,3058000
2022-03-28,72.60614013671875,74.39756424767666,71.6320040310702,71.97873513863854,1677600
2022-03-29,71.6650390625,71.83015064264191,68.66833473950565,69.70851565012994,1491200
2022-03-30,72.73822021484375,74.47185034086046,72.218133066547,72.69694075774491,1929100
2022-03-31,71.82188415527344,74.89701529190442,71.57421996642772,72.58963558266085,1799800
2022-04-01,74.29850006103516,74.92508629523994,72.4988250298445,72.70520975223627,1792600
2022-04-04,73.45645904541016,75.78447864842113,72.16861399170283,75.75970718912708,1344300
2022-04-05,73.2005386352539,75.29740836560377,72.89509324865386,74.50489171370471,1307100
2022-04-06,74.3232650756836,75.75145012314098,72.30069731951593,73.30785577057023,2253100
2022-04-07,74.80208587646484,76.5522307439184,72.11082709587599,75.66064715304418,1615500
2022-04-08,76.08992004394531,76.69256622127381,74.97544377188294,75.23135881924988,1885900
2022-04-11,75.6193618774414,76.56460744373803,74.78144039895042,75.95783584919464,1362400
2022-04-12,75.28913116455078,77.88132232479849,75.14053393824024,76.83289088797913,1473800
2022-04-13,77.27043914794922,77.68320859457113,75.9495781784315,76.23851553139444,1234300
2022-04-14,77.89784240722656,78.65733659878951,76.59348957930675,77.46030784683401,1393200
2022-04-18,78.36014556884766,80.58084707490934,78.1042305426573,78.73164182770239,2068800
2022-04-19,75.66064453125,77.75751417859527,74.70301634496978,77.4025321851793,1951900
2022-04-20,76.6760482788086,76.90720445393873,75.45425427350096,76.07340842842844,1254100
2022-04-21,75.23961639404297,76.94022454764432,73.77015812947145,76.68430949884159,1921800
2022-04-22,71.43387603759766,75.46250967656061,70.45148278574207,74.86812069387024,1602700
2022-04-25,69.41956329345703,70.3689342910789,67.05027067404784,69.46084275793007,2423500
2022-04-26,68.6022720336914,70.93029116427543,68.24316467633166,69.37002335858406,1983500
2022-04-27,69.34525299072266,69.94789903203976,67.43000339815141,69.64244743598032,1254500
2022-04-28,69.72500610351562,70.6826341321376,67.43826640498264,69.49385624787892,1357700
2022-04-29,67.710693359375,70.4580890566927,67.3639685557553,70.02220464689607,1197300
2022-05-02,68.32159423828125,68.90772604237478,66.40634443534141,66.86864415724924,1525300
2022-05-03,73.13449096679688,73.95177904434382,68.53623936723164,68.77564641332863,2456500
2022-05-04,78.40968322753906,79.66449951599373,73.56541805150832,75.23961074885302,4876300
2022-05-05,78.8967514038086,79.21045391435355,74.16641079652007,76.76685955766352,3094500
2022-05-06,76.89894104003906,80.481776434934,75.53680075044083,80.15981680445677,2778000
2022-05-09,69.92314147949219,75.55744818403544,69.01504995995889,74.79382219126772,3188000
2022-05-10,69.1801528930664,73.41929003090826,67.75196801980019,69.92313276292585,2249000
2022-05-11,71.18622589111328,73.84445599937409,69.89838085597201,70.80647243442802,1666000
2022-05-12,69.74977111816406,70.81471692092444,67.82627051002717,70.81471692092444,1997300
2022-05-13,70.90553283691406,72.96938000599029,69.50211928128691,70.46799824480777,2076500
2022-05-16,73.49771881103516,74.32325761614324,71.86315550400344,71.94983355145749,2027200
2022-05-17,74.69475555419922,74.76905102513321,72.75473427943736,74.43058338249823,1886100
2022-05-18,73.41510009765625,74.94052325834639,72.48289992860127,74.33035399407034,1851000
2022-05-19,73.83035278320312,75.36255175572705,71.97442248306957,71.97442248306957,1749600
2022-05-20,77.22865295410156,77.76255430294958,74.08459237701176,74.45747503772145,2546500
2022-05-23,81.24559020996094,81.54219844807396,76.51678527464593,77.9913565623897,2232400
2022-05-24,82.94049072265625,83.36421856773161,79.91507416744118,80.41506992115467,2272300
2022-05-25,84.1099853515625,86.609977292155,83.32185122516167,83.89812140861146,2695200
2022-05-26,84.91507720947266,85.6735538483301,83.80491206755485,84.51677837404912,2140700
2022-05-27,87.41507720947266,88.06761540636059,83.66084732109235,84.4913504807679,1485200
2022-05-31,82.52525329589844,88.98286958788341,80.75407356662534,88.61846329190048,2659600
2022-06-01,84.74559783935547,85.37271345300542,81.96594326471677,83.8388202010974,1949600
2022-06-02,83.08456420898438,85.16930462084969,81.82185692596147,84.49981378875717,1598100
2022-06-03,83.72016143798828,83.8557510074203,82.00829705668858,83.2371118780324,1229700
2022-06-06,84.5337142944336,84.8303225251588,83.48287093461805,84.19473068835856,1561500
2022-06-07,86.91505432128906,87.54217619304673,83.53370789649776,83.71167281721584,2088500
2022-06-08,84.35575103759766,88.09302775038556,82.95744767564756,87.27100105615304,1868300
2022-06-09,83.03372192382812,84.5421922096115,80.52524707231629,82.85575051656188,1700900
2022-06-10,83.1947250366211,83.66930462817399,80.53032667851927,81.97439321759317,1416300
2022-06-13,79.126953125,81.46338558819254,77.47441037819318,80.51678016808093,1965700
2022-06-14,74.27950286865234,81.737110100143,73.55069035648381,81.13541725229682,3469200
2022-06-15,74.78797912597656,77.16085810373899,73.24560973010351,74.56763879354469,2267000
2022-06-16,71.48290252685547,74.45238608249565,70.88120962504603,73.01680207358474,2482500
2022-06-17,68.03376770019531,71.52528880192973,66.10156902473376,70.53376681829704,4944300
2022-06-21,70.80493927001953,72.11001559698656,69.77527704411673,70.16934737878265,2634200
2022-06-22,70.1608657836914,72.45747020375433,67.08460358685817,67.98290465724247,2686100
2022-06-23,64.69477081298828,70.97442121435502,63.57612944769546,70.81340254798937,4052000
2022-06-24,71.01679229736328,71.11848284633307,64.41511142782218,65.41510944132746,15768300
2022-06-27,72.20323944091797,73.15239236794301,70.05070716408723,71.41510520242116,3779400
2022-06-28,75.11849212646484,76.40662874378508,73.99985057225281,75.27526940246133,2818800
2022-06-29,73.73714447021484,76.84222433136983,73.42358343919247,76.40663202213405,1914700
2022-06-30,68.7286605834961,74.33882002112954,67.99137821304625,72.03373932813726,2436000
2022-07-01,70.25408935546875,70.6778172689932,67.77527847512079,69.22866858060857,1197300
2022-07-05,65.00833892822266,68.2879954685117,63.57613644078058,67.85579116500652,2875400
2022-07-06,62.99987030029297,65.85579909239712,61.44055450327241,64.79647918716829,3079000
2022-07-07,66.52528381347656,67.16511064866161,64.89817014327984,65.09308136685212,2027700
2022-07-08,66.48290252685547,68.02103681738485,65.88968607447262,67.186292367234,1166100
2022-07-11,67.13544464111328,68.35578297358522,65.95748168179769,66.62697249110803,1205600
2022-07-12,66.69476318359375,67.26256343498764,64.84816289436985,64.92358381618074,1792600
2022-07-13,69.98291778564453,71.47443568518479,66.22868746022317,66.22868746022317,1916300
2022-07-14,66.94901275634766,68.1744332024017,63.74986560050843,67.1947757309425,2460500
2022-07-15,70.49137878417969,70.5168014255204,66.77952444020777,68.91511036530426,1539000
2022-07-18,73.49138641357422,74.56765270423074,72.47443531957327,72.7879963716994,1695600
2022-07-19,75.11002349853516,75.15239888507375,72.72867419020419,73.07613425620721,1690300
2022-07-20,77.84730529785156,77.96594861545509,73.63544812619843,74.15239678100349,2953800
2022-07-21,77.1693344116211,77.2456088069211,74.43205539636325,74.57612135178196,2198200
2022-07-22,76.05917358398438,78.40662378456423,75.96595290969942,76.99985023134992,991700
2022-07-25,78.22865295410156,78.99136456593376,76.22018658611479,77.06764249580047,1595000
2022-07-26,78.126953125,80.1269493521082,78.07610137985337,79.98287695069659,1625300
2022-07-27,78.29644775390625,78.81339635476958,76.69475666781341,78.00831585995631,1868900
2022-07-28,78.72016906738281,79.56762487085605,76.47440989506381,79.0845753214993,1401600
2022-07-29,79.80491638183594,80.32949434965782,78.89813887483375,79.26254515141828,1329000
2022-08-01,76.626953125,78.1269535360097,74.93204149755611,78.1269535360097,1701100
2022-08-02,76.4828872680664,77.29644407421787,75.11000652080003,76.55068528497272,1824500
2022-08-03,77.567626953125,80.81761911216823,74.41509039897903,78.53372603061173,4381400
2022-08-04,74.59305572509766,77.74559229560657,74.21170320616413,76.87271386716907,3536600
2022-08-05,77.96593475341797,78.45746067642746,73.30492778446363,73.87272162712559,1694800
2022-08-08,78.65237426757812,79.69474779332725,77.71848015812,77.8472938075875,1501500
2022-08-09,80.19473266601562,82.07608540383455,79.82185654482944,80.08456574973377,2863100
2022-08-10,79.66084289550781,80.21169044268738,77.5676260955701,79.99982649881635,1572400
2022-08-11,82.46592712402344,82.499826134069,79.93203592968717,81.77948995093227,5400900
2022-08-12,83.2286376953125,83.39813274352254,81.41508270570249,82.38965821979151,2534800
2022-08-15,81.2710189819336,81.9659325346227,78.38966773947567,80.55915269117332,1990500
2022-08-16,84.24116516113281,84.76224320809015,81.5402365521859,82.54765985205472,3394600
2022-08-17,85.39623260498047,85.90428423684314,83.57245598719632,84.56250634044679,2159200
2022-08-18,88.80061340332031,88.83535282469462,85.9781000188627,85.9781000188627,2559600
2022-08-19,83.65929412841797,87.08104413959951,83.65929412841797,86.9290666327757,3748000
2022-08-22,86.98551940917969,87.14183685946152,82.47818073511553,85.06620456418398,2639300
2022-08-23,87.16788482666016,90.00776410300185,85.93031883588415,88.58348120969949,2999300
2022-08-24,90.10331726074219,90.3551731113221,86.61034542464438,87.67161062649082,2181800
2022-08-25,90.14674377441406,90.70690124462986,89.39117621783066,90.45939196156117,1535600
2022-08-26,90.02516174316406,91.66656146086227,89.4519711746382,90.1901657280903,1394700
2022-08-29,90.12067413330078,91.62312256563526,88.14926009869174,88.92219396751733,1275900
2022-08-30,85.01409912109375,87.57607005304277,83.12084380202357,87.08973142549452,2429100
2022-08-31,87.2721176147461,88.28388096515458,82.37397152514451,82.65188028817624,2416100
2022-09-01,85.12700653076172,87.16790626318846,84.32801966258948,85.78704232988414,1506200
2022-09-02,86.62076568603516,88.13190075064225,86.05626166483371,88.0971613280903,1400100
2022-09-06,83.83299255371094,86.6294531542682,83.52903088536067,86.12574146050638,2050600
2022-09-07,84.88383483886719,85.12179624059347,80.66135507050646,82.07000785342133,1719600
2022-09-08,87.1939468383789,87.73239126533609,84.35753921955317,85.70018495869131,1438500
2022-09-09,89.2608871459961,90.5548989454251,88.7137562410777,88.98297843821538,1713100
2022-09-12,90.17279052734375,91.04125618213655,88.77456029305799,90.83281965436196,1403300
2022-09-13,88.08847045898438,91.18020602864542,87.39369529404465,89.37380252636277,1661700
2022-09-14,90.8067626953125,91.99656297463142,89.51275078262073,90.53754047461022,2238400
2022-09-15,89.96434783935547,90.49411238257338,87.71155317374665,88.27084257881735,1817800
2022-09-16,87.35025787353516,90.18145051277116,86.1344048999562,89.96433414698441,4652900
2022-09-19,88.8093032836914,89.10457843777216,84.71014416818124,85.12700398875023,1643100
2022-09-20,89.11326599121094,90.0121245450999,86.74669828430558,88.36638495927446,1898200
2022-09-21,88.65296173095703,91.50152757189268,88.11451072410073,91.01518900174253,1450800
2022-09-22,85.56991577148438,91.21494225484528,85.4049051847703,90.63307188446073,1794400
2022-09-23,80.70651245117188,81.63577042394164,78.66995945864865,81.57497809397977,3189500
2022-09-26,79.10853576660156,81.8268375909108,78.94353179266633,79.91620911562711,2418400
2022-09-27,79.80331420898438,81.54024564306977,79.16933794602905,80.15938833338832,2026500
2022-09-28,82.92977142333984,83.23373303300276,79.8554026587503,79.86408916927385,1686100
2022-09-29,81.49681091308594,82.7908294624752,79.13458998335028,82.41738897940763,2115900
2022-09-30,81.81814575195312,82.84293545468579,79.56013645169025,79.87278460682002,1801500
2022-10-03,85.91730499267578,86.3862772277164,83.35533403596159,83.35533403596159,2433700
2022-10-04,88.79192352294922,89.77329391840775,87.34071953283551,88.44453594825241,2946900
2022-10-05,88.96561431884766,89.89487220543805,87.33289482123232,88.97429420384651,2111700
2022-10-06,88.27953338623047,90.20752816181972,87.74108230561235,88.43585746603141,2414400
2022-10-07,87.24605560302734,89.93829770642462,87.18526327451364,88.14926064513571,2765200
2022-10-10,84.7883071899414,91.57970896196994,84.53645133208174,89.1914281944605,1719700
2022-10-11,83.89376831054688,85.56122052676326,82.339214227162,82.95582395422537,1612100
2022-10-12,86.42102813720703,87.88873074061621,82.42174046623838,83.13822868135931,1992800
2022-10-13,88.54875946044922,89.00036532210092,85.16174200153058,85.80441137189129,1557100
2022-10-14,82.78214263916016,87.21131597629683,82.56502623414495,86.80313607472957,1806700
2022-10-17,84.41486358642578,84.82304352651605,82.469502269134,82.59977344961115,1658800
2022-10-18,85.5351791381836,86.8031381791076,84.0414171753269,84.56250186068957,1912800
2022-10-19,86.4383773803711,86.9507755136535,85.12352055646723,85.99545808310437,1274800
2022-10-20,85.83914184570312,88.2795348329135,85.04884154799569,87.54134035403794,1126600
2022-10-21,84.25853729248047,86.21258507095594,82.78648823106364,85.95204934267959,1825800
2022-10-24,83.98931884765625,85.78704262005836,82.94716263572109,84.07616409433957,1645000
2022-10-25,85.88256072998047,86.19520886904583,82.60844840670883,83.87640735919987,1809800
2022-10-26,85.80441284179688,87.25474895421746,85.00541937115655,86.1952197520385,2198700
2022-10-27,85.13568115234375,88.10583189475526,85.10962824465241,86.9768305976421,1528500
2022-10-28,84.98804473876953,86.41232780263304,83.19900771057027,85.63070743200875,1091800
2022-10-31,88.8179931640625,89.98174076465675,86.25602174152073,86.42103236140832,2073800
2022-11-01,89.16535949707031,90.2422615867575,87.80186880167811,89.77328937851306,2091800
2022-11-02,90.12067413330078,93.19504321164982,88.4749347049677,90.11199424775754,3606000
2022-11-03,86.08230590820312,89.79933732463813,85.49174908146988,88.93087179272841,2672400
2022-11-04,87.60211944580078,88.72244076244759,85.01408927910357,88.23609556533616,1616300
2022-11-07,90.5201644897461,91.57100697877323,88.57914351336858,89.33036433645117,2247400
2022-11-08,90.9718017578125,91.30963493519971,86.89001473501716,89.06985934302745,1882600
2022-11-09,85.72624206542969,89.21747762982407,85.64808333866877,88.80929772109403,1617200
2022-11-10,88.41848754882812,88.79192805114515,86.21258395675393,87.90609598506629,1423600
2022-11-11,88.95692443847656,92.27446249563803,87.7323848616481,90.26830924306886,2321400
2022-11-14,88.88525390625,91.34059617693504,88.7418728619666,89.85304860802498,2050300
2022-11-15,91.65424346923828,92.03957152098641,88.53578062713336,89.53494260301616,1528800
2022-11-16,89.22576904296875,90.9140445176314,88.23108531895211,90.11291698930268,1264100
2022-11-17,89.50355529785156,89.56628278812808,87.32600551141869,88.45510717317964,1039500
2022-11-18,88.58953094482422,89.09135089970769,86.57328126451638,87.37081948000653,1306200
2022-11-21,87.89057159423828,88.43719987029586,84.27028220722771,87.63069857473677,1509000
2022-11-22,91.56462097167969,91.81553095428177,88.38342423149878,89.16304325182745,1286700
2022-11-23,92.7116470336914,93.37118481137642,91.13448969484864,91.69008099882787,1130100
2022-11-25,92.24567413330078,94.02893321736518,91.62735531795616,93.19554966325124,704200
2022-11-28,88.03395080566406,90.33695601356794,87.82784908534681,89.47669019502484,1952100
2022-11-29,88.98382568359375,90.12188365370748,87.87712804358084,89.38707290182053,1969100
2022-11-30,92.74748992919922,93.1238549141706,89.02862785453627,90.01434860236893,9147000
2022-12-01,91.56462097167969,94.22607169830816,91.44812900455281,93.43748965380534,1722100
2022-12-02,91.17929077148438,91.8961822788485,89.88441069935578,90.80292580667106,1801500
2022-12-05,85.86534881591797,93.4822917011174,84.82586369494776,91.53773262890049,2172100
2022-12-06,83.9835205078125,87.58588356923897,83.26035967202799,84.81690397649248,2041600
2022-12-07,85.91016387939453,86.29549188218483,83.58923283836896,84.16274333041251,2086100
2022-12-08,84.3330078125,88.19524408307083,83.83118783398994,87.72030634101175,1114600
2022-12-09,84.87963104248047,85.8115872592896,83.8939103559579,84.13585730645241,1749900
2022-12-12,88.68809509277344,89.149591650099,85.86534444688287,86.77937453841388,2156000
2022-12-13,89.56629180908203,91.71695957869113,88.58953409971564,91.12552987319964,2584800
2022-12-14,88.8583755493164,90.75812661152564,88.6074587108651,90.28318884597333,2055000
2022-12-15,88.64329528808594,89.53045006863384,87.8905653568401,88.15939454509184,1325700
2022-12-16,87.5052490234375,88.40136011054534,85.78471737701885,87.01238519081417,4033300
2022-12-19,85.9728775024414,88.11458189610812,85.37247803443246,87.26327248291729,1257600
2022-12-20,85.73990631103516,86.65393658209645,84.93340499140177,85.39938657020542,1094300
2022-12-21,88.26692962646484,88.32069409633444,86.3044444348162,87.90848387483813,1040700
2022-12-22,84.12689208984375,88.1145898513978,83.23078115512831,87.90848132822835,1343500
2022-12-23,87.25433349609375,87.29017875772588,83.84014582106828,84.60184566637788,1146600
2022-12-27,88.45511627197266,89.15408176031856,87.52316000858333,87.92641406194132,1054100
2022-12-28,83.90287780761719,87.29018342679862,83.84015030560188,87.1378393475172,930800
2022-12-29,84.75418090820312,85.30080917086906,82.97987810144109,83.17702361739069,655100
2022-12-30,84.56599426269531,85.1395047335859,83.66988329733076,84.05521128590888,735900
2023-01-03,77.18203735351562,83.81326006801297,76.89976703977906,83.39657173799101,1985800
2023-01-04,80.00479125976562,80.38115624963326,75.78410915023245,75.99021769427496,1703900
2023-01-05,76.07085418701172,79.87932553368749,75.80650311083524,79.72698832064853,2333100
2023-01-06,78.6695785522461,78.70542380948977,76.16046523945845,76.52787399861836,1505100
2023-01-09,79.92414093017578,81.69843685166026,79.48504162509467,80.34531418695991,1991400
2023-01-10,79.18932342529297,80.29602094395234,77.59424026566944,80.00478079669354,1938500
2023-01-11,80.26466369628906,81.28891656729144,78.42315527882016,80.54245592440085,1378500
2023-01-12,81.98517608642578,82.69041759100172,81.17867499012995,81.68946471510307,973700
2023-01-13,81.73428344726562,81.85973844025791,80.39907997225659,81.57298319387777,890800
2023-01-17,81.08013153076172,83.32936536371065,80.33635771184166,83.01572786078796,1526300
2023-01-18,79.59258270263672,82.29883504896448,79.1266079676608,81.080130318231,2380400
2023-01-19,81.45648193359375,81.53712863269628,77.84515611128622,79.05490445530926,1890700
2023-01-20,81.43408203125,83.44585356165487,80.97616791684165,82.27194357607027,1179600
2023-01-23,82.64832305908203,83.32040632958157,81.51025822577012,82.28091425621902,1183500
2023-01-24,82.29884338378906,82.9216471861327,81.34000474249537,82.76482500274201,1226400
2023-01-25,81.72531127929688,82.08375700636417,80.0003019002599,81.99414728379324,1006200
2023-01-26,78.73230743408203,82.3212292738072,76.7519030846739,81.9314232041696,3265500
2023-01-27,78.53517150878906,79.70907479104316,78.00198434264016,78.90258031923224,1462900
2023-01-30,77.28060150146484,78.29768927936458,76.97592707948738,78.05125741642188,1209200
2023-01-31,77.71075439453125,78.14984691193482,76.5906155381451,77.40607307046601,1441300
2023-02-01,75.07617950439453,77.84516608707897,73.91123929066472,76.69813824862264,1995200
2023-02-02,76.59957885742188,76.95801782341377,74.82527589390787,75.58696895181818,1874100
2023-02-03,75.81098937988281,77.82723913379876,75.27332414619543,76.84151839924117,1753600
2023-02-06,74.25176239013672,76.19632173409875,73.74994238828451,75.81099370788088,1197000
2023-02-07,76.25008392333984,76.3128182584752,74.20695187787419,74.5653976556436,1577900
2023-02-08,73.46318054199219,76.85943511177886,72.80901652380862,76.16943267106133,2067200
2023-02-09,73.64240264892578,74.51163141747897,72.75525466846148,73.67824790953239,1486900
2023-02-10,75.12995147705078,75.19268581747698,73.2570825563496,74.62813144792226,1701500
2023-02-13,74.79838562011719,75.26436032792155,73.58863714788602,74.07253790413534,1087900
2023-02-14,75.15681457519531,75.75810278346239,74.14868993434402,74.86109637305107,862300
2023-02-15,74.52059173583984,75.17474891699966,73.66928221011045,74.43097516918526,1113000
2023-02-16,75.19268035888672,76.52788388905219,74.10837998828613,74.78046326570148,1702100
2023-02-17,71.76952362060547,74.02772707205008,71.33043116379615,73.74993486177253,1773800
2023-02-21,69.93250274658203,71.53654224521041,69.15288372106795,71.16913345625346,2460200
2023-02-22,71.4200439453125,72.69252676091274,69.8339304839412,72.13693547982575,2955600
2023-02-23,72.51329803466797,73.85746448935463,71.22290288718199,72.58498855307944,2073500
2023-02-24,76.52787017822266,76.70708961871038,72.00250751968173,72.39679849289483,2603600
2023-02-27,73.41838073730469,77.59425479674339,72.98824441259741,77.0745155685693,1987900
2023-02-28,72.41471862792969,74.14869784417895,71.24977857630086,73.89330295959657,2212200
2023-03-01,72.88965606689453,73.46317332284147,70.80172290186987,71.77848048436329,1547400
2023-03-02,73.55278778076172,73.80369775070648,72.21757755432382,72.89862378473381,1409400
2023-03-03,75.42565155029297,75.50630508507109,72.13692624314174,72.13692624314174,1791600
2023-03-06,72.33145904541016,74.19252717648118,71.58975908035418,73.73294314960533,2588400
2023-03-07,72.0493392944336,72.77738896786772,71.52150362835366,72.11304312011936,1274500
2023-03-08,71.37590026855469,72.89569654920628,70.63875498314093,71.66711875911784,1495400
2023-03-09,69.64678955078125,72.49345159723886,69.61948890133927,71.66712092784924,1065600
2023-03-10,68.41819763183594,70.42032353477913,67.89946456968822,69.51936757277421,1195500
2023-03-13,67.58097076416016,68.92785394644734,65.77905122297307,66.62540621390676,1321100
2023-03-14,67.99958038330078,69.63768171377362,66.98941477173759,67.79936637838611,974300
2023-03-15,65.21480560302734,66.2295190445223,63.47659026448424,65.09649353594962,2395900
2023-03-16,66.66180419921875,66.9257220729181,63.4128947023226,63.722311348123505,1913700
2023-03-17,65.58792114257812,66.3023204558164,64.64145939254824,65.78813513974544,2739400
2023-03-20,67.10771942138672,68.03598308436352,65.46051557226397,65.71533087011764,1655200
2023-03-21,68.19979095458984,68.95513428528966,66.90750251789274,67.94497566778067,1279800
2023-03-22,67.14413452148438,68.63208254526204,66.98942619791535,68.25440732488067,1178200
2023-03-23,66.57080078125,68.03599596448574,65.73354837460028,67.43535384023869,1783200
2023-03-24,67.61736297607422,68.34540575711493,65.67893353615058,66.04295839826932,1563500
2023-03-27,68.6002197265625,69.31916690570827,66.91661258351823,67.74476930210777,1225700
2023-03-28,68.97334289550781,70.11091615817975,68.09058493276301,68.25439576031562,974400
2023-03-29,68.35449981689453,69.46477238432239,68.19068899640196,69.46477238432239,1066000
2023-03-30,68.23619079589844,68.93693280038144,67.76295647792416,68.86412645250918,961400
2023-03-31,69.20086669921875,69.78330373127301,68.57292395336144,68.90964818319162,883000
2023-04-03,69.95621490478516,71.8946374400092,68.84594217771148,70.93907302586958,1397300
2023-04-04,69.44658660888672,70.51136070935657,68.25441177176323,70.32024224638155,1421500
2023-04-05,69.81968688964844,70.62963837203272,68.69121633158413,70.05630403580865,1045700
2023-04-06,68.50922393798828,69.67865280456788,68.21800540573149,69.50119161996135,846500
2023-04-10,70.56595611572266,71.758130853148,69.14353107170864,69.28276994898772,1450900
2023-04-11,71.77632141113281,71.82182017339561,70.32022215480701,70.59324250116705,1522800
2023-04-12,71.94013977050781,72.81834304369967,71.53971173872893,72.12214872502736,1252900
2023-04-13,73.28702545166016,73.6055446056372,71.53971442710305,71.56701507698725,1781800
2023-04-14,73.69654846191406,73.96045934582595,73.13230963052494,73.2870179261136,2007000
2023-04-17,74.25167846679688,74.80226697944158,73.88219628290568,74.62480582867441,1406200
2023-04-18,74.0423812866211,74.62027054345344,73.4235410519464,74.21529467288526,930200
2023-04-19,73.65103912353516,74.0332620502145,72.5134659299449,72.80468438977618,764200
2023-04-20,73.70564270019531,73.72384776004682,72.58627453118693,73.05039940946067,1071700
2023-04-21,73.57823181152344,73.94225661735571,72.71367897296801,73.63284004547546,1096000
2023-04-24,75.05252838134766,75.29824113042815,73.44172088859074,73.77844504559309,1015400
2023-04-25,72.64087677001953,74.22893151773248,72.21314811948851,74.21528119426412,1281900
2023-04-26,72.19495391845703,72.58627941323265,70.82986595201136,71.90373543000982,1311400
2023-04-27,73.13232421875,73.71476128331048,71.76723604683684,72.1949647849479,1191600
2023-04-28,75.24364471435547,75.78513068786714,73.22331352785976,73.50542946974474,1433000
2023-05-01,74.84322357177734,75.4984669294231,74.02416937472015,74.3608935843983,1044700
2023-05-02,72.90479278564453,73.97866217873403,71.35769598994422,73.47812718666846,2019600
2023-05-03,70.1018295288086,71.69443245779094,68.09970290965275,69.91982054277543,2402900
2023-05-04,70.04722595214844,71.59432311289855,69.33738120914079,70.1655310949172,1828700
2023-05-05,71.56700134277344,73.02309358380329,70.78435046137074,72.08573442061518,1431400
2023-05-08,71.27579498291016,73.48723783575741,70.9754739544897,73.02310596848913,1355000
2023-05-09,71.06648254394531,71.36680358973769,70.31113907858473,70.98458059138216,2007500
2023-05-10,70.7115478515625,71.76721912161253,69.92889692878633,71.69441276991338,1102000
2023-05-11,70.3111343383789,70.8298674992317,69.89250818604125,70.0472164925841,831500
2023-05-12,72.60448455810547,72.75919287624221,70.11092557548837,71.09379067282256,1352200
2023-05-15,74.63391876220703,74.97973858177426,72.93665422322242,73.4963453440551,1638000
2023-05-16,72.78649139404297,75.15264241452469,72.52257356138054,74.68851057479448,1616400
2023-05-17,72.2876968383789,73.52543318381572,71.60878679689145,73.39611765659599,1806400
2023-05-18,75.95472717285156,76.04709439295978,71.6411068174095,71.8258483047931,2336000
2023-05-19,75.02182006835938,76.71216808646747,74.68467646272651,76.53666539307308,1519900
2023-05-22,75.57603454589844,76.000929520585,73.64183324181093,73.95958305544838,1721100
2023-05-23,74.61538696289062,76.5828435234945,74.42141366273509,76.56436584890749,1298100
2023-05-24,73.86719512939453,75.28043405215197,73.73787961013355,75.28043405215197,1086500
2023-05-25,72.93428039550781,73.59009692169703,72.39392467422165,72.80496485778984,1079400
2023-05-26,71.70577239990234,73.05435369269188,70.92064037256728,72.93427699816654,1067800
2023-05-30,69.75679779052734,70.66201361471173,68.50059069854959,70.56040754116546,1556900
2023-05-31,69.50740814208984,70.6065973166401,68.84235274394744,68.84235274394744,1689600
2023-06-01,70.3387222290039,70.92988097349736,69.4981642049212,69.79374357716793,1172800
2023-06-02,73.55314636230469,74.09350206701602,71.0222475696692,71.26240800970804,1292900
2023-06-05,71.76119995117188,74.8185997346161,71.47485236998978,74.8185997346161,1168100
2023-06-06,73.08206939697266,73.40535822263763,70.8190335229821,71.123851721681,833700
2023-06-07,75.040283203125,75.78847399954239,73.47001909929698,73.74712079853055,1635700
2023-06-08,75.16959381103516,75.24349041152033,73.72864533741287,75.24349041152033,945100
2023-06-09,73.80254364013672,75.23425330992849,73.56238320660452,75.04951885162241,1029300
2023-06-12,72.91581726074219,73.58087269287583,72.28771013563474,72.971236197697,743800
2023-06-13,74.41217803955078,75.13265234186758,73.64552364310782,73.86720641755106,1135700
2023-06-14,73.67322540283203,74.98485833124685,73.10053732765752,74.63386005449527,984700
2023-06-15,75.30814361572266,77.00773008814386,73.89028879649005,74.00574958506984,1260600
2023-06-16,76.07481384277344,76.63826312073083,75.51136456481603,75.55755170451802,1057000
2023-06-20,74.82784271240234,76.05634035844456,74.03347178650434,75.8069481129503,1257700
2023-06-21,75.61298370361328,76.4812513404745,74.75395490572295,74.80014205340808,978700
2023-06-22,74.89250183105469,75.08647514707853,73.89491873678759,74.69852851503086,809000
2023-06-23,74.43988800048828,75.04952444322174,73.88567753711048,73.90415521261849,1315100
2023-06-26,75.24349212646484,76.08405012001425,74.6061462652974,74.6061462652974,1135300
2023-06-27,75.57603454589844,76.15795454547954,74.07965977204374,74.8186118436886,1114800
2023-06-28,75.10494232177734,76.13023483586845,75.00795919181019,75.9778257273232,856100
2023-06-29,77.58966827392578,77.61737774219087,75.08647863122488,75.30816142451451,1454700
2023-06-30,77.29409790039062,78.20854569585325,76.41659841598918,77.7559412179008,1348400
2023-07-03,77.39567565917969,78.27687458509597,77.19246354632473,77.31254022793576,421600
2023-07-05,76.95231628417969,77.76516487448463,76.57360850228903,77.76516487448463,823100
2023-07-06,75.09571075439453,76.69830729932592,74.21820440384569,76.57360765611516,1108400
2023-07-07,75.88085174560547,77.0446987757036,74.93407161925654,75.14189968426749,1575700
2023-07-10,76.51818084716797,76.67521289687227,75.6499203908597,76.44429128825986,1143600
2023-07-11,77.80210876464844,78.48563472912728,76.62902308734103,76.91536361695351,1191600
2023-07-12,77.6912612915039,78.49487097190512,77.28483703284107,77.83904744645636,1270700
2023-07-13,77.03544616699219,78.49487235132138,76.63826073827394,77.76515925915679,1151300
2023-07-14,74.929443359375,77.0446860625707,74.68004408477988,76.89689285582278,1272200
2023-07-17,74.68004608154297,75.19731527182321,73.6547535856114,74.74470384943199,1482800
2023-07-18,75.2896957397461,76.7029350914384,74.82785244587701,74.97563863538703,1322000
2023-07-19,75.87161254882812,76.67522238320325,75.24350541380564,75.29892435163526,1141300
2023-07-20,77.10011291503906,77.3448892725988,75.95474363370586,76.83224298565565,915700
2023-07-21,76.74910736083984,77.58042661440804,76.66597895906736,77.58042661440804,752500
2023-07-24,77.05392456054688,77.56195494400946,76.68907150127363,77.08163402743236,879100
2023-07-25,76.55513763427734,77.06316804839341,75.94550818450709,76.98927143412762,1172400
2023-07-26,76.96155548095703,77.08163218364479,75.56678695467865,75.74228963698017,817900
2023-07-27,75.89007568359375,77.70050012651527,75.5944892793606,77.29407586786245,998800
2023-07-28,78.03303527832031,78.47640083291489,76.15794584401536,76.90613666904241,3016900
2023-07-31,77.9037094116211,78.59185833266285,77.35412191041489,78.51334583249054,1079100
2023-08-01,78.00531005859375,78.02378773215445,75.88545155981602,76.99849531173236,2037900
2023-08-02,76.19490814208984,77.58967692671813,74.91098429005226,77.58967692671813,2321400
2023-08-03,77.60813903808594,78.55030324374378,75.70534704412012,76.74911028453623,1313000
2023-08-04,78.8551254272461,80.11595562863411,77.93143885245091,78.30090784463354,1704500
2023-08-07,80.26835632324219,80.88722457199367,78.93824554023243,79.49245601743031,1379400
2023-08-08,80.54544830322266,80.96111139625884,78.6888437813646,79.1506869644041,1922000
2023-08-09,81.0811996459961,82.26351723558437,80.92417463269705,82.21733713899751,1561900
2023-08-10,78.90129852294922,81.69545157307793,78.68885457602158,80.97036134076414,1344000
2023-08-11,78.4671630859375,79.52016510169878,78.11616476307326,78.79969078009037,1230100
2023-08-14,77.89447784423828,78.6057132901195,77.46958293476574,78.6057132901195,1315900
2023-08-15,76.5458984375,77.37721060247401,76.27802852207812,77.12781836241547,1366000
2023-08-16,76.81099700927734,77.01562903556425,75.68552796110754,75.91806306435936,2018400
2023-08-17,80.22460174560547,82.00023641838436,80.13158913387755,81.38727713322294,8740000
2023-08-18,79.92695617675781,80.251574232768,79.07122880481737,79.58280171142191,20398500
2023-08-21,80.71757507324219,81.26636154700061,79.92695722797691,79.92695722797691,2515400
2023-08-22,80.05717468261719,81.45238512121031,79.81533621960035,80.74547651199576,2087500
2023-08-23,78.96891021728516,79.6069836597036,78.91309697561668,79.48048310713116,1476400
2023-08-24,78.6154556274414,80.08507901568069,78.19689532784254,78.70847533526994,1470800
2023-08-25,79.18285369873047,79.63397238324,78.05738460942483,79.0526346038626,1061700
2023-08-28,79.49909973144531,80.53155612508029,79.35027386377529,79.99207299938836,1147700
2023-08-29,80.32691192626953,80.39202145940143,78.96425278059968,79.49908767798955,853600
2023-08-30,81.66632843017578,81.83840213010483,80.09438891274408,80.37343386608498,1466000
2023-08-31,82.04766845703125,82.37321611674332,81.51748881224108,81.84303647195316,1440200
2023-09-01,83.9544677734375,84.14049299998959,82.88945312666536,83.18244960007205,1753900
2023-09-05,82.55925750732422,84.27071230471475,82.43833472297307,83.60101013307236,1719700
2023-09-06,82.22441101074219,83.00572552366125,81.77794050592563,81.97326913415539,1960200
2023-09-07,81.51749420166016,82.66621802405297,81.21984959361549,82.09418373442485,1852200
2023-09-08,82.30812072753906,82.87550693041798,81.9918764027386,82.1406951742894,1460100
2023-09-11,81.3128662109375,83.07083087266442,81.14079252017612,83.00572133320814,1124500
2023-09-12,82.03836059570312,82.82898542157113,81.69421327265627,82.28950241693843,1360700
2023-09-13,81.15473937988281,82.5639013355,80.69897262995828,82.4197307276142,1453600
2023-09-14,81.4151840209961,82.49415023752485,80.9966237004093,82.27091144323134,1498900
2023-09-15,79.48049926757812,81.08499723415017,78.91311302069931,81.08034199016046,2615400
2023-09-18,79.3223648071289,79.7827868170603,78.85543539159175,79.71302203569695,1121200
2023-09-19,78.7549819946289,80.61526270084757,78.42013089979693,80.15949591481815,973600
2023-09-20,77.95507049560547,79.03403684674605,77.8434581809417,77.98297357427141,776600
2023-09-21,76.92259979248047,78.32711362920699,76.54124596049948,78.01086933421823,1480200
2023-09-22,76.33662414550781,77.79229617670883,76.1226887260399,77.0063263847365,1000100
2023-09-25,77.28536224365234,77.59696552174124,76.1422231578517,76.19709968141038,702300
2023-09-26,77.27606201171875,77.60160971506605,76.33661827085282,76.39242442102444,1171600
2023-09-27,79.63863372802734,80.01998765038078,78.09459706144139,78.13180353374082,1271900
2023-09-28,80.66177368164062,81.09894078912217,79.48979483338915,79.48979483338915,907900
2023-09-29,80.20598602294922,80.97799693267778,79.83392855403086,80.82917820295403,934000
2023-10-02,77.79693603515625,79.96416469052605,77.22024648028481,79.96416469052605,1270800
2023-10-03,77.17374420166016,78.24340699886343,76.17849433388488,77.62951097569358,1368500
2023-10-04,76.4482421875,76.81099637787828,75.10883773292906,76.81099637787828,1626200
2023-10-05,78.11318969726562,78.35502107879587,75.8715480480109,76.03897359482829,1398900
2023-10-06,81.1826400756836,81.91745172648221,78.25269686200495,78.70847069499087,2030200
2023-10-09,82.8755111694336,83.34058138598081,82.22162681635574,82.48485389067193,1840500
2023-10-10,82.54065704345703,83.49870051927091,81.94071960835302,82.87550815490376,1522800
2023-10-11,82.03836059570312,82.38251501515633,80.7454663201772,81.88023846909206,1625000
2023-10-12,82.70807647705078,82.94061155965366,81.71282660736681,82.37322539039005,1292200
2023-10-13,82.70807647705078,83.63821680746226,82.66157371837474,83.48009465443012,1280600
2023-10-16,82.78250122070312,83.03363602333494,81.30358129056442,82.89412063098868,986400
2023-10-17,83.33126831054688,84.64276957507361,80.98731781396414,82.86619814804646,4885400
2023-10-18,83.12664031982422,83.60100675858388,81.85234556708458,83.60100675858388,2238100
2023-10-19,82.56855010986328,83.68472271150324,81.97326089421819,82.605756572892,1831700
2023-10-20,81.8709487915039,82.6708700436743,81.48959494602224,82.62436728498058,954900
2023-10-23,80.7826919555664,81.48960064336532,80.22460913737066,81.0896399893169,1679000
2023-10-24,80.85710144042969,81.61981624858294,80.15019278279253,81.60121656388016,1054400
2023-10-25,80.59664154052734,81.19193064018474,79.29444397387464,81.04310481706747,1787300
2023-10-26,80.99662017822266,81.48959340880339,78.36432138867593,79.49909370622794,1167500
2023-10-27,79.79673767089844,81.37797335189325,79.04797444101627,80.78268412400763,1048900
2023-10-30,79.62001037597656,79.89905531195285,78.55965097351867,79.33166914616656,1337800
2023-10-31,80.06647491455078,80.68966718273799,79.49908879085585,80.28970658892693,1509300
2023-11-01,80.83849334716797,82.5499480181132,78.40152331294081,81.85234282359394,2233000
2023-11-02,82.50343322753906,82.73596827845817,80.59665006784628,80.838488507796,1615300
2023-11-03,83.1173324584961,83.66611179411383,82.44763034991338,82.94060354195152,1617500
2023-11-06,79.26655578613281,82.86619412753758,78.95030440084454,82.46624061974343,2892200
2023-11-07,76.82028198242188,78.67126624092701,75.79712909818512,78.47593763455149,2276600
2023-11-08,75.71341705322266,77.20164001986642,75.68551398141166,76.41102223412506,1602100
2023-11-09,74.86698913574219,76.24359987229539,74.79723145331853,75.88084573087805,953500
2023-11-10,73.56478881835938,75.50413748054939,72.8020740987487,75.3413600985638,2232100
2023-11-13,74.4205322265625,75.20184672306439,73.7880364976005,74.55075130931282,1257100
2023-11-14,75.84364318847656,76.15059119982114,74.41122623194276,74.55074870040916,1093200
2023-11-15,77.9841079711914,78.41501029275494,75.85769760113575,76.07314518851497,1666800
2023-11-16,75.99819946289062,77.89979982257972,75.26753873545768,77.19724033130886,2017500
2023-11-17,76.41973114013672,77.38457825979654,76.05440081612579,76.4290934533034,1163800
2023-11-20,76.58834838867188,77.11292381667786,75.68907316345981,76.10123650826272,949900
2023-11-21,76.50404357910156,76.93494587852422,75.12234466795628,76.44784110646528,1616200
2023-11-22,76.63519287109375,77.4688962926348,74.88348231308979,75.30501518130976,985200
2023-11-24,76.95368957519531,77.65624911395825,76.31670197417805,76.34480321223973,556900
2023-11-27,76.4010009765625,76.63518747504074,75.49235621897817,76.29795834548769,1473400
2023-11-28,75.85769653320312,76.6632915426597,75.40805529492489,76.6632915426597,1647700
2023-11-29,74.71953582763672,76.34479052904851,74.6773839775469,76.34479052904851,1436100
2023-11-30,75.2300796508789,76.50405496344625,74.33080422085592,75.48300510898882,2007700
2023-12-01,75.50172424316406,76.01693738873317,74.7523317503781,74.89283792934728,1247000
2023-12-04,73.36595153808594,75.05209731411047,73.07556254486155,74.60245605823549,1595300
2023-12-05,71.55802917480469,73.71535661242845,71.55802917480469,73.71254791802814,1191900
2023-12-06,69.2723617553711,71.82031194213681,69.21615928404098,71.10839014927343,2383700
2023-12-07,70.29342651367188,70.46204109349517,69.19743531822307,69.63769997133438,2202100
2023-12-08,70.30278778076172,71.47372024115546,69.51591745103876,70.40583040902074,1543800
2023-12-11,70.3496322631836,70.36837118781625,68.23258402845414,68.77589849390957,1233400
2023-12-12,69.09439086914062,69.86252234671458,68.51360574344122,69.03818124613409,1808500
2023-12-13,70.20909881591797,70.33088035074896,68.57448187656685,69.16931034745787,2239100
2023-12-14,70.97724914550781,71.83906099263892,69.91872862098664,70.30279795403933,1939800
2023-12-15,70.97724914550781,71.17397211650909,70.0217712641566,70.64938943851503,3448400
2023-12-18,71.47372436523438,72.5509765735111,71.29574033400728,72.29805829206651,1513100
2023-12-19,72.05449676513672,72.27932093885578,70.68684853563235,71.16459097127982,1595000
2023-12-20,70.424560546875,72.76642541322917,70.36835807705991,71.98892456236653,2145900
2023-12-21,72.43858337402344,72.45731515291479,70.58382280431036,70.89295075706356,1626800
2023-12-22,72.39173126220703,72.87884319468388,71.64233873449605,72.33552878800008,1440800
2023-12-26,73.01934814453125,73.36594673882043,72.20438369510174,72.27932509064613,875600
2023-12-27,73.15985107421875,73.4315082343453,72.61653675396565,73.01933776424931,1165900
2023-12-28,72.6165542602539,73.88116720804594,72.57909070558064,73.31911383266923,1174100
2023-12-29,72.0732421875,72.9163079011772,71.97956186659802,72.69149085398362,741500
2024-01-02,72.12007141113281,73.38467706199685,71.79689290269768,72.9350429912386,929000
2024-01-03,73.0099868774414,73.15986252387515,71.1926973168495,71.69854102382266,1071400
2024-01-04,72.09197235107422,73.91863136572873,71.84841638642597,73.80621927124379,1024800
2024-01-05,74.1902847290039,74.98652459353858,70.93041245842082,71.98893292817358,5818500
2024-01-08,73.77342224121094,73.96545686974319,71.87651747362511,72.80389393186753,1924700
2024-01-09,73.39405059814453,74.27459416024476,72.46199286492215,74.27459416024476,1892900
2024-01-10,72.29805755615234,73.30974496524277,71.92335772165904,72.9631463676456,1570700
2024-01-11,74.58370971679688,77.74053876599112,73.6282249147019,74.91156934622009,7821800
2024-01-12,77.62814331054688,77.74991771725429,76.04504028932645,77.0567276808805,3443700
2024-01-16,73.68445587158203,77.16914555960683,73.27228527702604,76.81318459409411,4122800
2024-01-17,72.12007141113281,73.34721351177092,71.85778367872305,72.91630406932094,2390100
2024-01-18,71.52056121826172,72.10134635616112,70.64002476978858,72.10134635616112,2650900
2024-01-19,71.1364974975586,71.22548951601458,70.10607112260008,71.1458598123817,2103300
2024-01-22,70.54634094238281,71.41283387529361,69.71263755085367,70.67748481429942,1803100
2024-01-23,70.15291595458984,70.78053413617373,69.48782707080316,70.18101719454052,1617100
2024-01-24,71.6048583984375,71.95332226778513,70.27467379786759,70.59317111805046,2512900
2024-01-25,72.4572982788086,72.66994429915829,71.70321749823601,72.1762787800464,2233700
2024-01-26,72.60718536376953,73.02871821028816,71.1692768054269,72.67275729871254,2081900
2024-01-29,72.57907104492188,72.972502583666,71.79220082063,72.972502583666,1859000
2024-01-30,74.11534881591797,74.19965252854907,71.9233593790437,72.12007518865465,1978700
2024-01-31,72.23249053955078,74.28396673431604,72.19501983886953,74.15282285533432,1441200
2024-02-01,72.0638656616211,73.17765938909803,71.62359392503994,72.34489230316781,1640100
2024-02-02,71.74536895751953,72.78515753488686,71.36130683394305,71.66106525239461,1090200
2024-02-05,70.58380889892578,71.4081499438681,70.03113219543467,71.2957378522474,1876600
2024-02-06,71.22080993652344,71.7641244286398,70.34026625252838,71.13650621195681,2544100
2024-02-07,71.23017883300781,72.01704217659837,70.2559619694152,71.59550926350428,1879600
2024-02-08,72.38235473632812,72.42919489146558,70.78988951691385,70.90230160116121,1531300
2024-02-09,71.9701919555664,72.34489175920989,71.55802145687815,72.19500897903077,1923800
2024-02-12,72.65401458740234,73.48771792254553,71.89525264451585,71.91398441917775,1602800
2024-02-13,71.59548950195312,72.12006491955525,70.80861922874588,71.99829052527019,1989100
2024-02-14,71.05218505859375,71.96082985262068,69.97492569302776,71.64233963238301,2359400
2024-02-15,73.15049743652344,74.10598243353954,71.19270157371291,71.72664654964353,2168800
2024-02-16,73.7500228881836,74.11535329192499,72.32616482766875,73.1598682769048,1743000
2024-02-20,72.73832702636719,73.94673020233711,72.63528439646865,73.42214759190692,1984000
2024-02-21,78.54615020751953,78.9929827351889,74.47130656090637,74.47130656090637,6009900
2024-02-22,78.01221466064453,78.29324135151424,76.23239562768286,77.13167103293804,2421000
2024-02-23,76.74761199951172,77.13167420289182,75.80149639129296,77.13167420289182,2020800
2024-02-26,76.7944564819336,77.50169728880631,76.30734445660158,76.93496269423483,1640100
2024-02-27,76.75697326660156,77.49700350027265,76.31670148166262,77.30028054150002,1817200
2024-02-28,76.86002349853516,77.33775888332006,76.09189195107837,76.44785291074658,1276900
2024-02-29,77.54383850097656,78.0028420739927,76.78038816724555,76.92558981135561,1710300
2024-03-01,77.57193756103516,78.37753973004186,77.21597663742027,78.02157880642699,1539500
2024-03-04,77.20660400390625,78.93022036915544,77.14103206943945,78.60236069682144,2619100
2024-03-05,77.67498779296875,78.34007669115068,76.728879342392,77.12231100382823,2324900
2024-03-06,77.27408599853516,78.5097971291234,77.05241292993273,78.44376731273397,1346000
2024-03-07,76.90620422363281,77.50990745557499,76.62322238180941,77.34011547179686,1226200
2024-03-08,77.3589859008789,77.85892696937202,76.86847252282924,77.33068843612801,985100
2024-03-11,78.62297821044922,78.77390760061019,76.66093931861309,77.24577991042274,2699300
2024-03-12,78.99085998535156,79.65116527543721,78.4154542768197,78.8022054434468,2590000
2024-03-13,80.14167022705078,80.6180276162352,79.00029371283465,79.00029371283465,2628000
2024-03-14,79.61343383789062,80.47182136909312,78.70787907231797,80.14167231863063,2550200
2024-03-15,78.7361831665039,80.05678667630289,78.4248966655429,79.53797584136788,7173600
2024-03-18,78.74561309814453,79.35874397776209,78.11360524898336,78.93426764622536,1779000
2024-03-19,79.85870361328125,80.14168547583192,78.4437727103957,78.78334950611436,1775300
2024-03-20,81.30192565917969,81.77356925679096,79.23612439869503,79.33045167887525,1280400
2024-03-21,81.35852813720703,81.98110119824338,81.2453310724611,81.4245579591311,1669300
2024-03-22,81.41511535644531,81.5000149461375,80.76896593193706,81.20759102243123,1186000
2024-03-25,81.85845184326172,82.45272731095197,81.34907595525976,81.64149984450917,1550900
2024-03-26,80.86801147460938,82.40556695613876,80.82084423787802,81.8678935622669,1746900
2024-03-27,82.75460052490234,82.8866601752018,80.39638220282468,80.50957207638925,1619400
2024-03-28,83.79219818115234,84.06575231472986,82.801743807741,83.00926812953841,1993000
2024-04-01,84.66002655029297,84.89584835126871,83.48091754541423,84.27327534227183,1316800
2024-04-02,83.92425537109375,84.80151267171077,83.36771223362017,84.76378032368633,1241600
2024-04-03,85.1788330078125,85.19769558436738,83.94312194052644,84.42420040483948,1483000
2024-04-04,84.2544174194336,85.86743776361477,83.9620006730162,85.00905010293023,1233400
2024-04-05,84.43362426757812,84.76377328950743,82.99982394847241,83.7355866821174,1880100
2024-04-08,85.07506561279297,85.37219615469529,84.02801635899957,84.51852248306855,1686100
2024-04-09,84.81095123291016,85.59387409903682,83.85822919496104,85.14110029654307,1194300
2024-04-10,84.89583587646484,85.19768744949057,83.8393517725202,84.15063823127744,1395200
2024-04-11,82.99040985107422,84.95244172987876,82.25463980022364,84.95244172987876,2102900
2024-04-12,83.56581115722656,85.03734411052419,82.90551298355543,83.61297839679321,1577300
2024-04-15,82.59423065185547,84.17895354552641,82.17918914886094,83.71674480057968,1645700
2024-04-16,82.32066345214844,82.73099824139776,80.59916734401975,82.16974125586755,1547400
2024-04-17,82.20747375488281,83.35828519006213,81.84902004422786,82.25463379274665,907300
2024-04-18,82.36783599853516,82.88664682451099,82.03768692596418,82.62252036974418,1081100
2024-04-19,82.54705810546875,83.09888020852887,81.75469318027577,82.19803927932654,1217200
2024-04-22,83.3960189819336,84.06575198355334,81.70753414825437,82.18860540502438,1235200
2024-04-23,83.50920867919922,83.90538754759358,82.32066487730646,82.98097018800674,1186500
2024-04-24,85.5467300415039,85.66935480327375,82.95268989064903,83.3017015959598,1795300
2024-04-25,86.28247833251953,86.34850814635304,84.79208288118043,85.41465586593345,1471700
2024-04-26,86.8390121459961,87.01823900624606,85.40521885412569,85.90515988881268,1515500
2024-04-29,87.68798065185547,87.86720752975911,86.57490142478477,86.7116821042514,2159800
2024-04-30,84.78264617919922,88.27281294102855,84.69775379039227,87.58421015718528,2014500
2024-05-01,81.76412963867188,84.8062292278987,81.09439663242159,84.61285363685685,4027400
2024-05-02,81.86790466308594,82.7828944847463,81.25476648598985,82.50934030737385,2047900
2024-05-03,81.75469207763672,82.21690794306099,80.25486902750315,81.69809715399681,2836700
2024-05-06,84.02802276611328,84.79208307027781,82.46216261069813,82.46216261069813,2000300
2024-05-07,83.59410858154297,84.90999096968562,83.55637623249852,84.02801980048955,1968200
2024-05-08,83.35828399658203,83.782760314827,82.67911613002249,83.13188990992253,1195100
2024-05-09,83.2922592163086,84.16951656413158,83.16962727945285,83.91482500043882,1404600
2024-05-10,82.17918395996094,83.90539407707199,81.39625385193791,83.26395848926074,1259700
2024-05-13,83.37716674804688,83.7733457005057,82.11316517685597,82.4999092409102,1429400
2024-05-14,85.65989685058594,85.75423131531323,83.27338170585372,83.27338170585372,1865800
2024-05-15,86.75804901123047,86.9196787040872,84.80896117301046,85.82628814249605,2030700
2024-05-16,86.62493896484375,87.73734176689523,86.5298631042435,86.91017380046765,1526600
2024-05-17,87.17638397216797,87.52816536103178,86.311177007921,87.10032038664285,1025800
2024-05-20,87.09082794189453,88.39909140700236,86.6724926459713,86.98624230445766,1526500
2024-05-21,86.26364135742188,87.38555383798118,85.88333068957043,86.46330282593378,1277100
2024-05-22,85.33190155029297,86.10202558289352,84.20998879407486,86.10202558289352,1021100
2024-05-23,84.72339630126953,86.33020525214661,84.4286589448643,85.90235298071399,1360200
2024-05-24,85.30335998535156,85.7787465146914,84.66158526921367,85.26532819254565,934600
2024-05-28,86.03545379638672,86.41576447834792,85.25582016258655,85.76923849516075,1283800
2024-05-29,84.93256378173828,85.3889308130664,84.45717722604131,85.35089901815185,957900
2024-05-30,85.48401641845703,86.19233776464073,85.02764212000598,85.20829133765876,1302500
2024-05-31,86.45380401611328,87.13836185419885,85.25107654502425,85.88334156898317,1653300
2024-06-03,86.506103515625,87.54244286172256,85.36992978799803,86.96722911569935,2051600
2024-06-04,84.2004623413086,86.28265772498617,83.5539363513982,86.10200851706587,2748800
2024-06-05,84.42865753173828,84.79469996701056,83.51590893615523,84.32407190628237,1359200
2024-06-06,83.96277618408203,84.71388785761177,83.6680388230879,84.38111869942102,1152200
2024-06-07,83.94377136230469,84.18146467551072,83.18314985851565,83.30675502383032,1036600
2024-06-10,84.561767578125,85.28434996044561,83.78213387333012,83.94376357038945,1048700
2024-06-11,84.34308624267578,85.08944665590339,83.6014843377003,84.14342474932266,1028100
2024-06-12,82.87889099121094,85.151238163914,82.69824903131212,84.92305464656519,1168900
2024-06-13,81.81402587890625,82.89790660242622,81.1009460737577,82.3749785104548,1023100
2024-06-14,80.9488296508789,81.69994134918174,80.80621222014376,81.4052039784666,1484200
2024-06-17,80.46393585205078,81.89960546057367,80.04560056340682,81.22455733766103,1494400
2024-06-18,79.8174057006836,80.98685990583502,79.72232983328013,80.75867637330195,1445600
2024-06-20,79.81266021728516,80.47819859105722,79.15187309838852,79.56070588622686,1296900
2024-06-21,78.36272430419922,80.0646091787925,78.22010687543438,79.86494768005122,4788100
2024-06-24,80.60655975341797,81.12948797345122,78.79533776539549,78.96172599554006,1973700
2024-06-25,79.50365447998047,80.35934452339069,79.04728017018127,80.35934452339069,1416400
2024-06-26,78.66697692871094,79.43710819630567,78.26290264844678,79.29449075757893,1441300
2024-06-27,78.26765441894531,79.35153535429014,77.96340726610859,78.96172208994824,1469500
2024-06-28,78.14405059814453,79.20891192564685,77.72570807444076,79.04728222469721,1814800
2024-07-01,78.43878936767578,78.84762213574511,77.42146232906009,78.14405199551786,1468500
2024-07-02,78.93319702148438,79.50841806584089,78.13455092274855,78.60042781367778,1558600
2024-07-03,79.51315307617188,79.95050783905367,78.8951563538579,78.96171018182201,792800
2024-07-05,78.25814056396484,79.54169020003339,77.7732514498034,79.20891377360144,1995900
2024-07-08,78.53385925292969,79.15186323949824,77.91585526636113,78.36271979901568,1158600
2024-07-09,78.47682189941406,78.7335274753329,77.72571019041781,78.39124853822514,1776900
2024-07-10,78.93319702148438,79.02828015556456,77.91586986971868,78.44830785603392,1201600
2024-07-11,79.37053680419922,79.98853347895778,78.68597905277528,79.4465931347176,1472000
2024-07-12,79.37053680419922,80.23098524731697,79.17086808184835,80.13115088614154,1575700
2024-07-15,79.64627075195312,80.09789384190782,78.94270058870264,79.46562876979537,1285200
2024-07-16,78.75254821777344,79.63676760998453,78.59091850992789,79.57971628370301,1877400
2024-07-17,78.01094818115234,80.10264643276304,77.89685277960432,78.92368963206378,2550000
2024-07-18,77.33589172363281,78.91417878109021,77.21229381402708,78.76205158112239,1503200
2024-07-19,77.02213287353516,77.24080663010498,75.90972280457856,77.00311334889753,1556000
2024-07-22,77.35491180419922,77.6163758973752,76.57527803334442,77.03164512886595,1493600
2024-07-23,76.0333251953125,76.99835930170444,75.06353258102212,76.81295883924054,2007000
2024-07-24,73.83704376220703,76.65133131860765,73.77524118836676,76.28053038321244,1848600
2024-07-25,73.58985137939453,74.46456103297722,73.45674370401561,73.96065236849641,1840700
2024-07-26,73.96064758300781,74.87338897818782,72.72463953009233,73.61836865308734,3769000
2024-07-29,72.80070495605469,73.99868124088303,72.22073271321531,73.99868124088303,3032200
2024-07-30,72.48694610595703,73.47575109580872,71.35553094040581,71.74534417702422,3904000
2024-07-31,72.57251739501953,73.46528898625645,72.28728254410937,72.97184038323488,2274400
2024-08-01,71.34602355957031,73.42821924019105,70.8468661664843,73.01938646394643,2487900
2024-08-02,68.864501953125,71.09881748300342,67.95176056766154,71.09881748300342,4369700
2024-08-05,67.59996795654297,68.02782021647813,66.00266881119627,66.62067279522041,3539700
2024-08-06,67.23868560791016,68.61730392313078,67.20065380733399,68.00880962156072,2101000
2024-08-07,67.98978424072266,69.2828361957331,67.87568886099014,68.44615125200701,1558800
2024-08-08,68.864501953125,69.87231920614896,67.9327410418552,67.95176056766154,1499900
2024-08-09,68.9500732421875,69.54906503512233,68.12290515300973,69.02613684348466,984700
2024-08-12,69.75821685791016,70.31916943993612,69.20676678302813,69.20676678302813,942500
2024-08-13,68.69337463378906,69.36367158739662,68.44617153137155,69.25432742923937,1078200
2024-08-14,68.6172866821289,69.08317068175916,68.44614724944935,69.08317068175916,908400
2024-08-15,70.0213623046875,70.35681131922469,68.76584879888723,68.76584879888723,1155900
2024-08-16,69.89678192138672,70.15554918315759,69.04379833454846,69.04379833454846,927900
2024-08-19,71.09478759765625,71.4494015983381,70.15554345881088,70.15554345881088,1367600
2024-08-20,70.13638305664062,71.17146671076529,69.50862622287701,70.92227828023564,1131700
2024-08-21,69.36006927490234,70.83602016795982,68.9575318952822,70.7401734081905,1095700
2024-08-22,68.63167572021484,69.77697429362493,68.5655452588252,69.36006867812385,1474900
2024-08-23,70.38556671142578,70.39514553773655,69.07254361081625,69.1396319553974,1036500
2024-08-26,70.81684875488281,71.89505900670756,70.60599758014853,71.20980000090238,1769600
2024-08-27,69.94469451904297,70.94143347977781,69.5996666818345,70.64432901910189,1116900
2024-08-28,68.98629760742188,69.39841385694524,68.0087161261888,69.30256708703781,1357100
2024-08-29,70.9126968383789,70.96062022468342,68.92879002593548,69.40799464065208,1373100
2024-08-30,71.39189147949219,71.49731706496823,70.3280567984748,70.48140576356035,1670200
2024-09-03,69.18756103515625,70.280146915249,67.85537286009435,70.1938862867776,3173900
2024-09-04,67.49116516113281,69.86802287932545,67.44324909473467,69.23546938138998,2044600
2024-09-05,69.0054702758789,69.20673535340029,67.12698890692991,68.10456318518845,5483200
2024-09-06,67.8936996459961,70.22263413764058,67.80265692027604,69.18755782852858,4699700
2024-09-09,67.3857421875,68.05663295178125,67.04071432291678,67.64451674197802,2242100
2024-09-10,67.77869415283203,67.83619636018001,66.245241022875,67.50075463051462,1537700
2024-09-11,69.34088897705078,69.40797731388011,67.05029207548885,68.06620326521313,1287000
2024-09-12,69.33131408691406,69.64759085987991,68.10455155040816,69.36965133019005,998000
2024-09-13,70.1747055053711,70.43347270830398,69.34088707444494,69.7146659853925,1380000
2024-09-16,70.0213623046875,71.08519692682141,69.67633446442349,70.54849020289105,1076700
2024-09-17,70.28971862792969,70.4239026266461,69.7434257431767,70.16512807950568,1198300
2024-09-18,71.41106414794922,72.5994893855578,70.28014111652263,70.31847835800434,2058400
2024-09-19,73.3853759765625,74.20960829185907,72.04360192988807,72.93492258191434,2099800
2024-09-20,75.19677734375,75.7143191368185,72.74325237994185,73.50039644875979,4030400
2024-09-23,76.92191314697266,77.50654325811342,75.05301109408497,75.25427611908871,2830300
2024-09-24,76.75898742675781,77.88033172030866,76.4906340273035,77.88033172030866,1877000
2024-09-25,74.98593139648438,77.08006040467703,74.94759415224323,76.74940807116863,2009000
2024-09-26,76.96025085449219,77.50654372913107,74.190449241243,74.61214425768368,4966900
2024-09-27,79.16458892822266,80.37218642224221,77.36182459884806,77.87073812638508,3821100
2024-09-30,78.82913970947266,80.23800209974502,78.5032841615056,78.85789080934265,9983700
2024-10-01,78.07200622558594,79.02562593462955,77.39153662619853,78.48412244066071,4189700
2024-10-02,79.77796936035156,79.94090446029276,78.26368857894323,79.88339494357429,2127500
2024-10-03,81.6660385131836,81.75229913444427,79.65338086610176,79.91214810572153,3460300
2024-10-04,82.06856536865234,82.42317935403626,81.0344470211895,81.40247136286749,3573600
2024-10-07,81.886474609375,82.3273419112789,81.51269565097645,82.25066742953534,3424500
2024-10-08,82.42317962646484,82.53819134666485,79.7971408345857,80.96640106433594,2383600
2024-10-09,83.41033935546875,83.60202555479447,81.91522356113231,82.423179193204,2907300
2024-10-10,83.00782012939453,83.63078756229788,82.84489232278217,83.47743858284028,1966100
2024-10-11,83.75537872314453,84.50293672314308,82.47111391536893,82.51902998773083,2302500
2024-10-14,83.01739501953125,83.95663179915341,82.62444379697854,83.27616224719999,3145000
2024-10-15,82.221923828125,82.85447008001486,80.98557511752016,81.65645861377936,3493300
2024-10-16,82.86405181884766,82.86405181884766,81.49352648176915,82.4231845001339,2600900
2024-10-17,83.92788696289062,84.29207979881862,82.52382110156802,82.96947783584513,1782400
2024-10-18,83.05573272705078,83.86079282840466,82.47110261493772,83.40554998689521,3185600
2024-10-21,82.18358612060547,83.86080216388314,81.64687932662275,82.89280685723716,2397000
2024-10-22,80.86097717285156,82.85446251343274,80.62616431456398,82.49026969330602,1578900
2024-10-23,79.82588958740234,80.60699529260147,79.26042445316132,80.25717072931853,1585900
2024-10-24,81.7522964477539,81.77146141180359,79.58628990609455,80.21883608886674,1400600
2024-10-25,81.26350402832031,82.58610588173845,81.08140396939957,82.1931619744809,1227900
2024-10-28,81.7139663696289,81.8289707881687,79.25085514078714,79.28919238432758,1596900
2024-10-29,82.16441345214844,82.30816896414497,81.47435774624115,82.25066675934636,2015500
2024-10-30,85.01087951660156,86.64976542107311,82.43276415321942,82.43276415321942,3837000
2024-10-31,81.1964111328125,85.57633994243457,81.13890893304443,85.48050050546102,2600900
2024-11-01,80.18051147460938,82.33693202111694,79.6437973885966,81.95356690598821,2615200
2024-11-04,82.26983642578125,82.85446658158541,79.9456986666673,79.9504880799806,2180100
2024-11-05,83.06531524658203,83.52535483358405,81.51269717862274,81.57978552338541,2035800
2024-11-06,88.51866149902344,89.25663325901215,85.49967149308974,86.01721326371387,4172200
2024-11-07,88.30781555175781,88.66242955778397,87.24398084576066,88.23114106741465,3220700
2024-11-08,88.64324951171875,89.57290744467824,87.44523821915872,87.79985219410553,1837700
2024-11-11,91.7580795288086,92.60148416453615,89.73583586753377,90.33005210524358,2812900
2024-11-12,91.60475158691406,92.0408295206541,90.81885634830033,91.2693098348378,2212300
2024-11-13,92.14144134521484,92.4864691726908,90.94343008650124,91.0201045619582,1928200
2024-11-14,91.77989196777344,93.09117157584998,91.28623298350115,92.48373614565033,1848600
2024-11-15,91.58705139160156,92.67078545191882,91.12425115626608,91.60633902578553,2414900
2024-11-18,92.9658203125,94.04569975727878,92.2137644347035,92.48373245687897,2633500
2024-11-19,92.28125,93.29363736858107,91.60632999166354,92.0498499051527,2610300
2024-11-20,94.73989868164062,96.00296639257249,92.32753233456417,93.04294752714371,4691000
2024-11-21,97.35281372070312,97.64206199362884,95.52087856786869,96.41756219048324,3853000
2024-11-22,95.86798095703125,96.8803682874324,94.73025344583064,96.41756075911516,3284100
2024-11-25,95.32805633544922,96.89966011499727,95.2316328783339,96.60076799495535,7018000
2024-11-26,95.34733581542969,95.9354835897424,94.27710018388208,94.49886383488398,2605400
2024-11-27,95.21234893798828,96.17652462343626,94.63384499793483,94.662769091526,1560200
2024-11-29,95.41482543945312,96.13795720725463,94.71098130486263,94.71098130486263,1791900
2024-12-02,94.33494567871094,95.67515665113986,93.50576135553823,95.45339300647127,1953200
2024-12-03,94.46994018554688,95.15450406331672,94.38316054567571,94.94238422816159,1818900
2024-12-04,93.98785400390625,94.8459698206605,93.16829874325316,94.7977580914184,1382200
2024-12-05,93.26470947265625,94.84595687576545,93.19721747457511,93.92034917804855,1825300
2024-12-06,93.11044311523438,93.68894703954238,92.27160764353803,93.20685920993962,1571100
2024-12-09,93.65038299560547,95.72818780605328,93.47683107554255,95.5690979329892,2493100
2024-12-10,93.54431915283203,94.6724102639173,93.27435114541898,94.10354280023137,1684400
2024-12-11,96.03189086914062,96.65378826725346,93.56360362076262,93.9878432501062,3395100
2024-12-12,96.08975219726562,96.90930005744099,95.58837672218837,96.23437266500264,3672600
2024-12-13,95.00022888183594,96.59112023021594,94.73990468406456,96.2247361188141,1757400
2024-12-16,93.24542236328125,94.92308586503229,93.09115809083602,94.78810186811417,1664100
2024-12-17,93.28398895263672,93.47682112948824,91.82808174235682,92.54157698007471,1678200
2024-12-18,91.11460876464844,93.75163004066174,90.65180116599528,93.60218397574499,2390900
2024-12-19,90.94104766845703,92.65727916084025,90.8735556667142,92.3198191521261,2712100
2024-12-20,91.47134399414062,92.95617533615899,90.63250855401706,90.83498455210008,7952700
2024-12-23,93.16829681396484,93.40934074302972,90.71928961193656,91.05675699748892,1398900
2024-12-24,93.97820281982422,94.28673873698685,92.4451596942424,93.58288726804395,1031500
2024-12-26,92.75370025634766,93.31292393298376,92.0980604800342,93.13937201113383,1275600
2024-12-27,93.14900970458984,93.75161948305548,92.16554642673114,92.69584597421147,1101000
2024-12-30,96.2633056640625,97.82527306481312,93.99749406828877,93.99749406828877,2637700
2024-12-31,95.98369598388672,96.67789632401711,95.27020065385307,95.48232048948053,1666000
2025-01-02,97.59386444091797,98.02774055864116,95.81592276336649,96.74538512650572,3425300
2025-01-03,96.42721557617188,98.27843118849185,95.69443997109968,97.5938673117301,1959200
2025-01-06,97.86383056640625,98.90514205611801,97.1599790901909,97.76741447056106,3242500
2025-01-07,99.00155639648438,99.69093845782618,98.00845665034298,98.21093265485057,3111600
2025-01-08,99.23295593261719,100.39478935398478,98.75086810858845,99.70540729654037,2497300
2025-01-10,98.49054718017578,101.23844639687564,98.43269163724544,101.00704629338425,2811400
2025-01-13,98.54840087890625,99.9532056293779,97.40102940162389,99.55114452488861,3113600
2025-01-14,100.38997650146484,100.96848045007245,97.76741742129515,98.12415772229681,3988800
2025-01-15,101.46985626220703,102.4677817178978,100.82386025993776,101.23845613645395,3905400
2025-01-16,103.91885375976562,104.93124116762192,101.31558236253038,101.58555037633828,4329700
2025-01-17,102.54973602294922,105.54832327184515,102.17370805916538,104.12133988809508,3325700
2025-01-21,102.97396850585938,103.21501243274005,101.37343330045474,101.91336934272286,2316900
2025-01-22,103.22464752197266,104.43951095701188,102.88718750003865,103.4078432579126,1847700
2025-01-23,102.20262908935547,103.70674089936733,102.1833488111069,103.29214503429006,2545400
2025-01-24,102.20262908935547,102.54587836201272,101.75910912886677,102.20262908935547,2962300
2025-01-27,97.78670501708984,100.46711248590218,95.52089342442257,100.1392962543852,7452100
2025-01-28,98.47126007080078,98.55803970761943,96.87073225869914,96.91893662930798,2145500
2025-01-29,98.89549255371094,99.72468417124296,98.06630093617892,98.20128493381658,1364000
2025-01-30,99.04013061523438,100.2742743533806,98.68338295252023,99.88860259619067,1403300
2025-01-31,97.96024322509766,99.37758258812873,97.54564740704147,99.37758258812873,2125100
2025-02-03,99.18475341796875,99.56078133925433,97.73848991884684,98.43269021932105,2360900
2025-02-04,100.22605895996094,100.92026662630042,98.58696324694122,99.02083936036507,2308700
2025-02-05,101.32522583007812,102.05800145828631,99.88860602520762,100.36105008204315,2470100
2025-02-06,100.14893341064453,101.62412106650712,99.46436954088176,101.32522159497692,2323700
2025-02-07,99.3100814819336,101.30592457281293,98.96779592558957,100.15855331631045,1574900
2025-02-10,101.3541488647461,101.75910087983333,99.41615371243351,100.35140528733253,2274600
2025-02-11,101.99533081054688,102.83898455512008,101.19988143773173,101.88444530774191,2620400
2025-02-12,100.28390502929688,102.63648846333302,99.83074132568585,101.85550859051672,2155300
2025-02-13,101.26736450195312,101.57590040705556,99.73432879237184,100.5249525089516,1961000
2025-02-14,101.55662536621094,102.67506532133092,101.2625514918081,101.49876982371956,1781500
2025-02-18,102.57864379882812,103.18607179228002,100.33211283492598,101.5566199938238,3197700
2025-02-19,103.60067749023438,105.15300097771161,103.16680136151857,103.51390520692199,3343100
2025-02-20,102.34725189208984,103.33070786812722,100.54424068726502,102.55937172278415,3086800
2025-02-21,100.40925598144531,102.75220320736625,99.69576802903092,102.077283165363,4336400
2025-02-24,100.1778564453125,100.67922457135796,99.04012882797574,100.56352819554267,2656500
2025-02-25,99.20404052734375,100.64066030905131,98.08560050281616,100.12964834780428,2955600
2025-02-26,98.76050567626953,100.418888862976,98.50981796393401,99.06904156988404,2962800
2025-02-27,94.2578125,98.34591514842941,94.16139640734426,98.00845514609615,8282100
2025-02-28,95.33768463134766,95.49195626465837,93.44790125974946,93.96855698805861,4026400
2025-03-03,94.82666778564453,96.5525429741162,94.18067190593656,96.31149907666611,4181500
2025-03-04,97.09248352050781,98.0036292015128,93.28399270396508,94.34458443145124,4372200
2025-03-05,97.99880981445312,98.37483771924866,95.36661448088431,96.74537856108381,3790200
2025-03-06,92.7922592163086,97.63242492762282,92.68619931007144,97.19854148681374,5440100
2025-03-07,92.58979034423828,93.12972637675502,89.75511146137194,92.31982232797992,4141000
2025-03-10,95.54016876220703,95.85834851592598,92.9368972552339,94.06498108451713,5333900
2025-03-11,97.27127075195312,98.33805286708181,95.38014993971377,95.47712878672334,4420000
2025-03-12,97.77555847167969,99.07509860907466,96.66028331023901,98.63868272902678,3511100
2025-03-13,98.12469482421875,98.54655687756477,96.42753910743231,97.36824946000725,2462900
2025-03-14,99.50181579589844,100.09339639306478,97.52341620195044,98.09560398893628,3644800
2025-03-17,102.38213348388672,102.56639847748862,98.87144289485597,99.40483766632886,4954400
2025-03-18,103.7689437866211,105.55337814694036,102.85732639875594,103.40042122934072,4952600
2025-03-19,105.2818374633789,105.70855325705438,103.2161592239265,103.79803968865843,5783600
2025-03-20,105.95100402832031,106.31952659607902,104.63207102927339,105.06847952790899,6788500
2025-03-21,104.10838317871094,106.27104780165848,103.83683943750037,105.74735312974725,53145100
2025-03-24,105.80553436279297,106.09647830088325,104.11807875929979,104.76784516882148,5712500
2025-03-25,106.49409484863281,106.77533868517766,105.49519866308388,105.9025142612474,4518400
2025-03-26,106.62017059326172,107.81302443523877,106.09647595568221,106.67835641998893,4182900
2025-03-27,106.32923126220703,107.18265548684836,105.86372983022517,106.65896822562172,2805200
2025-03-28,107.58998107910156,107.81788544781342,106.23225497160864,106.41651996733621,3031200
2025-03-31,107.95850372314453,108.84102828309095,106.58138480444885,107.5899811305253,3077200
2025-04-01,109.33561706542969,109.41320310171201,107.34752482902363,108.0360842532531,3140600
2025-04-02,110.43150329589844,110.58182162200647,108.48219661127591,108.92345888398859,3048400
2025-04-03,107.21175384521484,109.25803932513793,107.0662818757441,107.25053946466276,4792100
2025-04-04,96.99002838134766,103.76895125617243,95.29287263650372,103.671972407698,10622600
2025-04-07,97.03851318359375,101.92632257016034,93.88180619183716,95.11830684541404,7631500
2025-04-08,96.99002838134766,102.39183237040476,95.56441637183686,101.82934469063649,6351800
2025-04-09,100.66558074951172,101.07289634052889,92.47073881179341,95.03101881106087,8978600
2025-04-10,96.5439224243164,99.01207007133293,94.49763684926594,98.43503591831467,4360100
2025-04-11,100.29705047607422,101.04088791246045,96.49542350665038,96.91243920067978,4418600
2025-04-14,99.81214904785156,102.91552389763132,99.42422626675264,102.69246589382065,2820700
2025-04-15,101.08259582519531,101.81964096661001,99.60849074434272,100.01580633286319,2291200
2025-04-16,101.58689880371094,103.13858265169787,100.88863922236376,100.88863922236376,3219600
2025-04-17,103.25495147705078,104.05988993679367,102.49850613859806,103.0609863909017,3595900
2025-04-21,99.1526870727539,103.18707234220831,98.1634909647886,103.18707234220831,3116300
2025-04-22,99.8994369506836,101.27655581882061,98.94902649017345,100.79165418364461,2556200
2025-04-23,101.8487319946289,102.75064929480457,98.29731747807138,99.89943282893591,3538000
2025-04-24,101.2474594116211,102.1736232786184,100.67042530182682,101.78084675250633,2447600
2025-04-25,102.12028503417969,102.25605689705877,99.90912741226701,100.04490667415769,1986300
2025-04-28,103.8756332397461,104.09868385784353,102.2221168186229,102.28515640152577,2878900
2025-04-29,104.22476196289062,104.7387565286802,102.36274140036586,103.1191867914533,3130200
2025-04-30,100.76255798339844,102.73125737416969,98.80355129772614,101.35413855094201,6136500
2025-05-01,100.30675506591797,102.38213352463714,98.17319077720111,98.17319077720111,3977100
2025-05-02,102.6827621459961,102.96400596733794,100.20976837738836,102.16392127140837,2828000
2025-05-05,105.07817840576172,105.56308002036977,102.12512934856146,102.20756173516345,3301500
2025-05-06,105.23334503173828,106.79472874194896,104.58357127851835,105.54368175307768,2782400
2025-05-07,106.97900390625,107.54149161836398,105.03455087612925,105.77644983818848,2500800
2025-05-08,105.5242919921875,108.33187661694858,105.44185960168836,107.8615214366209,3434800
2025-05-09,108.98648834228516,109.63529288305529,106.39226904578847,107.04688181076835,2943600
2025-05-12,107.5705795288086,110.21814577537168,105.8055378307705,109.9078090174423,4011300
2025-05-13,109.68474578857422,110.5963632087095,108.5743243259935,109.3938092537945,3263700
2025-05-14,109.88841247558594,110.14056341201018,108.08457769772832,108.85072321296997,2465200
2025-05-15,111.20919036865234,111.55035871509335,109.3669140195712,109.3669140195712,2685000
2025-05-16,111.14096069335938,111.99874521335722,110.41964797706594,111.99874521335722,1919300
2025-05-19,110.6146011352539,111.44313690718852,109.52287877520173,111.14095943798871,2617200
2025-05-20,112.01824188232422,113.01249081318096,110.46839331629829,111.11172429795509,2715600
2025-05-21,111.81353759765625,113.51934957880538,111.65758151220408,112.01823414298414,2465600
2025-05-22,111.50161743164062,112.53972824044432,110.73156427731088,111.7940453159304,3273800
2025-05-23,113.03196716308594,113.25616285206122,111.1117091857851,111.72580621742419,1820500
2025-05-27,114.31864929199219,114.65981021655082,112.39839109794015,114.12370231703022,1883000
2025-05-28,112.46661376953125,114.68904925455858,112.1157032948822,114.68904925455858,1899100
2025-05-29,112.75904846191406,113.08071765591691,112.04747789064263,112.90526240798357,1457700
2025-05-30,113.19767761230469,113.60707812965786,111.85252573171532,112.944248050074,5078500
2025-06-02,116.28763580322266,116.39485885927861,114.33813651020468,115.37136875574433,2593000
2025-06-03,115.23490905761719,117.00895318849503,115.01559186563846,116.38511398445557,2659400
2025-06-04,113.26590728759766,115.38111969743781,113.0904520516835,115.1569240039226,2146600
2025-06-05,112.65182495117188,113.7825381970984,111.90321936677063,113.41212854362239,1691600
2025-06-06,114.38687896728516,114.80115057592833,112.86627177304241,113.14895008626065,1536700
2025-06-09,112.03772735595703,113.69479878929211,111.70630860724022,113.55833443298214,2490600
2025-06-10,109.72756958007812,113.26590818965197,108.4896407766996,112.72980033551944,3332100
2025-06-11,109.39616394042969,110.85828851498542,108.95752210601287,110.48787886324453,2771700
2025-06-12,112.0572280883789,112.1059685495877,109.14272847744908,109.36691675080893,2613200
2025-06-13,113.51934051513672,113.8605013967774,108.82104761679375,112.3496439390117,2314400
2025-06-16,115.61505889892578,116.95046862342375,113.75328346046696,114.12369309441154,2617300
2025-06-17,116.5703125,116.9504717230054,114.90349141332241,116.19991029298832,2957700
2025-06-18,117.72051239013672,118.04218156063655,115.3128869926751,116.99919972878081,3101800
2025-06-20,118.96820068359375,120.23049972657402,117.84723707117023,118.3053706078194,5906900
2025-06-23,118.38333892822266,120.03066817349041,117.64253456801598,118.8317302998602,3080900
2025-06-24,119.43608093261719,120.17689279547605,117.51582281152588,117.93496548484403,4037800
2025-06-25,116.07319641113281,119.11441072479128,115.73203550245319,119.11441072479128,2714700
2025-06-26,115.67354583740234,116.31200570501416,114.68905398870706,116.09268850849294,2737100
2025-06-27,115.95622253417969,116.42410565877707,114.9863439128554,115.6832938101437,5158300
2025-06-30,113.98722839355469,115.65404943105398,113.41212222314277,114.67929976444037,2600200
2025-07-01,108.3824234008789,113.70455596269417,108.09974509057048,113.49985941455706,3997800
2025-07-02,107.55388641357422,109.56187600351207,106.3695690086848,109.3181885601932,3481000
2025-07-03,105.9942855834961,108.6066152072886,105.2144902466441,108.6066152072886,1807000
2025-07-07,106.1502456665039,107.29070105055081,105.04877372679607,105.51665686311668,3064000
2025-07-08,103.69386291503906,106.9397809662836,103.02129072763442,106.31594179830711,4017900
2025-07-09,102.54366302490234,104.0691486488579,100.54737907796915,102.89457350349116,3383000
2025-07-10,102.54366302490234,103.07977832184355,100.77449741849607,102.29023346339363,2646300
2025-07-11,102.90432739257812,103.99604975355219,102.57778712958257,103.03104217863978,2660300
2025-07-14,106.81307220458984,107.59286749008339,102.90432388773812,103.32346654951274,4288600
2025-07-15,104.79534149169922,106.90079695976107,103.57690437643774,106.85206393720058,3389800
2025-07-16,105.57513427734375,106.25746350774348,104.49316154973472,105.29245598090313,3516000
2025-07-17,105.41918182373047,105.79933361280516,103.55740632212108,105.51665530664064,3206900
2025-07-18,105.89680480957031,106.73509013065058,105.07801864670117,106.71559840918935,2257000
2025-07-21,96.89987182617188,104.8148346779891,96.09082778551318,104.8148346779891,6034700
2025-07-22,97.09481048583984,98.8201140453827,96.11031128488914,97.11430220611882,4293900
2025-07-23,96.2077865600586,96.30526747352589,93.20556331870503,96.11031308334087,4969700
2025-07-24,97.08506774902344,98.39610727347092,96.35400548067724,96.86087948464392,3900700
2025-07-25,95.69117736816406,98.15924881301609,95.1648116316814,97.47497112456361,2399200
2025-07-28,95.65218353271484,95.96410313320858,94.36551425108438,95.82763877278944,3302600
2025-07-29,96.86087799072266,97.48471718848303,95.81789613477171,96.31501311511994,4111300
2025-07-30,101.57866668701172,102.80685340753294,97.2702747408938,97.47497128818898,7646000
2025-07-31,102.13426971435547,103.21624244809773,100.79886741967798,101.25212244872549,4115900
2025-08-01,99.39521789550781,101.75411014253676,98.86885221913164,101.63713751331453,2661600
2025-08-04,98.67391204833984,100.08827030480683,97.45547496476568,99.79486821582825,3675500
2025-08-05,98.48870849609375,99.36598469487797,97.03633355612037,99.36598469487797,2844400
2025-08-06,99.08330535888672,99.90209151135298,98.04811722412605,99.0345649007281,2591200
2025-08-07,97.4847183227539,100.13603866245953,97.37749526219596,99.08330721520878,2357800
2025-08-08,96.63668060302734,98.40097510614338,95.55470788654466,97.47496590474816,2532600
2025-08-11,95.48648071289062,97.47497101398595,95.1843106825073,96.54896176405313,2459800
2025-08-12,93.46874237060547,95.73991081628385,93.33227801596595,95.31101859498848,2858100
2025-08-13,94.02436065673828,94.97474018235127,92.70844997229332,94.79441385708766,4754300
2025-08-14,94.01940155029297,96.34538802413032,93.5344104254526,94.02930148590472,3627200
2025-08-15,94.15796661376953,95.0883641860412,91.59443464957484,94.0193977265935,6683900
2025-08-18,92.07942962646484,93.46512610792925,90.8718942290664,93.0989040041719,4488800
2025-08-19,92.09922790527344,92.16851235057678,90.08501769659213,91.14903043905878,3123100
2025-08-20,93.03952026367188,93.44038081827989,91.80229260059113,91.9111692390573,2386800
2025-08-21,94.47470092773438,94.49450079906438,92.8217665892815,93.03951986528143,2467600
2025-08-22,93.69277954101562,94.76173849650976,93.16818867175996,94.69245404984405,3435800
2025-08-25,93.65318298339844,94.3658197366893,93.22757638759859,93.69277517270982,2245700
2025-08-26,95.29622650146484,95.56347191724204,92.56937933069933,93.59379995400869,3995200
2025-08-27,94.32624053955078,96.20682055596619,94.27180222003739,95.29622280359517,2547900
2025-08-28,96.24640655517578,96.53344426219344,93.29686020977962,94.12827352546834,2303600
2025-08-29,95.7911148071289,96.3354980075808,95.20714696613368,95.88019912694762,1493900
2025-09-02,97.20650482177734,97.25599695024808,94.78154155548303,94.9794949664888,3080600
2025-09-03,96.08805084228516,97.79542350357399,94.97949213990319,97.31043237503616,2610200
2025-09-04,95.6723403930664,96.8105837548089,94.14807506910675,96.13753163191033,2383400
2025-09-05,94.53409576416016,95.76636971454958,93.49482148055212,94.88051800821665,2375600
2025-09-08,93.55419921875,96.44436864193977,93.05930817695258,95.76141658779918,2562400
2025-09-09,93.7620620727539,95.11805872286595,93.53440886610836,93.58390099190379,1884500
2025-09-10,95.48428344726562,96.00886676880317,93.28696590680102,93.30675822680088,3001800
2025-09-11,94.8607177734375,96.03361475792302,94.25695760835633,94.99929422196857,2326700
2025-09-12,95.23683166503906,96.56313600971205,94.81122507430531,95.45458492794069,1692900
2025-09-15,94.60337829589844,96.48396586308873,94.4450095295741,95.43479166478599,3775900
2025-09-16,96.52355194091797,96.93926618299209,93.71752045196993,94.95970188308333,3856100
2025-09-17,98.66148376464844,99.29494372851147,96.52355072303186,96.69676561766376,3647200
2025-09-18,97.87955474853516,99.96799565798031,97.07287989186443,99.22565905655968,3880500
2025-09-19,97.49353790283203,98.06761333937662,96.39487915585258,97.81026787619487,11903400
2025-09-22,97.25598907470703,97.58261142127365,95.13785603242424,96.91945924152225,3760900
2025-09-23,99.69085693359375,100.30451701876024,97.30547838537152,97.444047278889,3521700
2025-09-24,102.0465316772461,103.54110474327993,99.96799080447045,99.96799080447045,3482200
2025-09-25,103.3134536743164,103.74896021812715,101.8782726388502,102.37316369265761,3959300
2025-09-26,104.68925476074219,105.14456119534678,103.49161926452393,103.85784137881421,4402400
2025-09-29,105.7186279296875,106.89647109244417,104.08053969663992,104.36263123115766,4969300
2025-09-30,105.15444946289062,107.25279025881673,105.09506495263176,105.51077162732031,4156200
2025-10-01,108.06440734863281,109.23235050025032,103.98650247741419,103.98650247741419,5251500
2025-10-02,106.75790405273438,108.96511403392712,106.15413633287983,107.80707072264096,6168400
2025-10-03,106.34219360351562,107.39136023636921,105.58005714077466,106.90636911099479,3046000
2025-10-06,106.62922668457031,108.8760286810836,106.12443570991901,107.66849333657241,3345500
2025-10-07,107.89614868164062,108.22772477849553,105.93143061182549,106.2333144539528,3228600
2025-10-08,107.56951904296875,108.80674666926741,106.08484589141035,108.59889333422181,2385200
2025-10-09,104.89710998535156,108.48011634434513,104.0369860806515,108.23267082004168,1917400
2025-10-10,100.71527862548828,105.34251313624328,100.66084030589921,104.30323887188425,2149900
2025-10-13,101.63082885742188,102.01684328190626,100.31441681934007,101.5120522839504,1733100
2025-10-14,100.3243179321289,102.30388220458379,97.70139376083849,99.66116571320174,2969500
2025-10-15,102.11581420898438,102.98682726230562,100.54206434454096,100.77960992661136,2696000
2025-10-16,97.58261108398438,103.00167398211813,96.5730366907955,102.27418355336697,3172200
2025-10-17,99.750244140625,99.93830516609786,96.84028219523398,97.89935634800133,2306600
2025-10-20,105.80770874023438,106.44116868454931,101.39328144953546,101.94755701295149,3659100
2025-10-21,105.01588439941406,107.41115538538624,104.44180894119108,105.65924430594404,2281800
2025-10-22,103.32335662841797,106.36198748551242,101.85848329515672,106.36198748551242,2904600
2025-10-23,103.39263916015625,106.36198551473203,101.83175686775,105.16435005789239,3048900
2025-10-24,102.70968627929688,105.03568028001702,101.78424242248155,104.79812713647227,2218000
2025-10-27,102.81856536865234,103.81824743846559,101.53185312522464,103.64998628801894,3433000
2025-10-28,99.9679946899414,102.83836436459373,99.7502414140698,102.81856449327539,3350900
2025-10-29,99.38402557373047,102.68494801383862,97.65190687628181,102.30387978599721,5557500
2025-10-30,99.4928970336914,100.9379855981796,97.9092471256532,99.38402794600485,2808000
2025-10-31,102.25439453125,102.9620927162269,100.64105229744224,100.8687055213237,3227000
2025-11-03,108.9552230834961,109.22246094675707,101.97725576457748,102.67010781442511,6272000
2025-11-04,108.92552947998047,110.62794844808671,107.0350419340045,108.34155408016518,3559600
2025-11-05,108.92552947998047,111.29407594822904,107.62890971836143,108.3019618876829,2707700
2025-11-06,109.48970031738281,111.47915693217985,107.98522727326122,109.74703823033556,2395500
2025-11-07,111.3010025024414,111.76620133268867,107.8862570209768,108.68797816586496,2310400
2025-11-10,113.65668487548828,114.06249162587943,110.72197690552667,112.10272721874468,2703500
2025-11-11,117.4277572631836,117.68510274445678,113.62699731563526,114.09218859715388,3780300
2025-11-12,118.23937225341797,119.0707931687316,116.36868463326026,117.78407338013794,4077600
2025-11-13,117.31939697265625,119.3483193115073,116.96135140768479,118.55266081424587,3111100
2025-11-14,116.6430892944336,117.12545602439539,112.15757951126602,116.05629703454049,3800800
2025-11-17,116.34471893310547,117.30944477093408,114.55449117514839,116.50384607383415,3362100
2025-11-18,116.52374267578125,117.0707512372793,113.65937823928226,115.02194091014249,2879400
2025-11-19,116.63314056396484,117.05086544430702,114.8031366613676,116.52374491992762,2554100
2025-11-20,113.87818145751953,120.53185230445149,113.74391248139021,117.04091204081887,3671900
2025-11-21,114.36552429199219,115.4595490293636,111.83235914086703,113.98759068103456,3184100
2025-11-24,115.91705322265625,116.80520134828343,111.25252084702474,114.3655199779651,7933900
2025-11-25,115.37998962402344,115.90711015268448,113.87818781726256,114.66389849529078,2564500
2025-11-26,118.12499237060547,119.05491982551241,115.85240546683998,116.27510045433964,2268900
2025-11-28,121.26783752441406,122.03365256232117,118.68195880929643,119.01016850609736,1378700
2025-12-01,120.91973876953125,122.03365154263396,119.53728803294008,121.8297706005325,4055700
2025-12-02,117.08069610595703,120.87000261034486,117.00112874295579,120.5915244278019,3405800
2025-12-03,122.22261810302734,122.51104410452517,117.20004020832756,117.71722048272416,2291800
2025-12-04,121.42696380615234,124.21176091829211,120.94957478507573,122.3220777056231,3180800
2025-12-05,122.19278717041016,125.93336395841519,122.13311543940274,123.09784130518992,3725100
2025-12-08,118.4233627319336,121.7352802237259,117.52824887091387,121.37723467931801,5403500
2025-12-09,116.82211303710938,118.93060275642291,116.56352288569313,118.4233702715577,3297300
2025-12-10,116.0562973022461,117.32934482790009,114.59427917614097,117.32934482790009,3222500
2025-12-11,113.7091064453125,115.74796889576857,112.7095594727982,114.8826984872772,3187800
2025-12-12,112.17747497558594,114.34563640563839,110.79502422212644,113.68921700951195,2274900
2025-12-15,109.93968963623047,112.15757489175091,108.24891729954146,112.15757489175091,3324600
2025-12-16,106.0011978149414,108.65669602482639,105.41937568499772,108.65669602482639,4125200
2025-12-17,108.94512176513672,109.23354777198414,106.50842243334094,106.98581903487221,3659400
2025-12-18,107.15489196777344,109.93968898345483,107.04548874007415,108.99484361586656,3840800
2025-12-19,108.14946746826172,109.11420093822218,106.66756128230242,107.60245888625779,5569700
2025-12-22,107.25434875488281,108.96500915036448,106.90128090565301,108.47767232215077,2944700
2025-12-23,110.56626892089844,110.90442643371851,107.88590492065047,108.11962931669858,2412600
2025-12-24,108.5771255493164,110.02919577516137,108.52740163851787,109.0545221383428,1146500
2025-12-26,108.89539337158203,109.30317043743548,108.04504084716942,109.06447592384129,1184600
2025-12-29,111.17295837402344,111.49122025576344,109.08436430085713,109.5219772337353,1866500
2025-12-30,111.41165161132812,112.80405017346648,111.39176356368063,112.23714596599122,1692300
2025-12-31,109.76066589355469,111.24456003587743,108.75614880028303,110.9243101252278,1689300
