Date,close,high,low,open,volume
1989-01-03,3.265723466873169,3.265723466873169,3.265723466873169,3.265723466873169,0
1989-01-04,3.0145113468170166,3.0145113468170166,3.0145113468170166,3.0145113468170166,1200
1989-01-05,3.140117645263672,3.2657223510742184,3.014512939453125,3.014512939453125,1700
1989-01-06,3.0145113468170166,3.0145113468170166,3.0145113468170166,3.0145113468170166,5000
1989-01-09,3.0145113468170166,3.0145113468170166,3.0145113468170166,3.0145113468170166,100
1989-01-10,3.0145113468170166,3.0145113468170166,3.0145113468170166,3.0145113468170166,0
1989-01-11,3.077315092086792,3.1401174409048895,3.077315092086792,3.077315092086792,1200
1989-01-12,3.0145113468170166,3.0145113468170166,3.0145113468170166,3.0145113468170166,100
1989-01-13,3.0145113468170166,3.0145113468170166,3.0145113468170166,3.0145113468170166,0
1989-01-16,3.140117645263672,3.1401176452636714,3.077315292358398,3.077315292358398,2000
1989-01-17,3.0145113468170166,3.328522945443789,3.0145113468170166,3.1401159862677255,1000
1989-01-18,3.0145113468170166,3.0145113468170166,3.0145113468170166,3.0145113468170166,0
1989-01-19,3.202918529510498,3.391325501834645,3.202918529510498,3.202918529510498,3000
1989-01-20,2.8889100551605225,3.0773172326709917,2.8889100551605225,3.0773172326709917,18300
1989-01-23,3.202918529510498,3.265720853618547,3.202918529510498,3.202918529510498,5100
1989-01-24,3.140117645263672,3.3913270568847653,3.1401176452636714,3.202919998168945,8900
1989-01-25,3.5169312953948975,3.5169312953948975,3.2029195725917816,3.2029195725917816,6400
1989-01-26,3.5169312953948975,3.5169312953948975,3.1401172280311584,3.5169312953948975,1800
1989-01-27,3.5169312953948975,3.642535984516144,3.1401172280311584,3.5169312953948975,13900
1989-01-30,3.5169312953948975,3.5169312953948975,3.5169312953948975,3.5169312953948975,0
1989-01-31,3.265723466873169,3.265723466873169,3.265723466873169,3.265723466873169,200
1989-02-01,3.265723466873169,3.265723466873169,3.265723466873169,3.265723466873169,0
1989-02-02,3.265723466873169,3.3285258412361145,3.265723466873169,3.265723466873169,800
1989-02-03,3.5169312953948975,3.5169312953948975,3.265721917152405,3.265721917152405,6500
1989-02-06,3.5169312953948975,3.5169312953948975,3.5169312953948975,3.5169312953948975,1600
1989-02-07,3.6425364017486572,3.6425364017486572,3.6425364017486572,3.6425364017486572,100
1989-02-08,3.265723466873169,3.6425377130508423,3.265723466873169,3.6425377130508423,4400
1989-02-09,3.6425364017486572,3.6425364017486572,3.265722291222934,3.265722291222934,43200
1989-02-10,3.391326427459717,3.516931109958225,3.265721744961209,3.516931109958225,26100
1989-02-13,3.265723466873169,3.265723466873169,3.265723466873169,3.265723466873169,400
1989-02-14,3.6425364017486572,3.6425364017486572,3.6425364017486572,3.6425364017486572,1000
1989-02-15,3.391326427459717,3.642535792456733,3.391326427459717,3.642535792456733,1500
1989-02-16,3.265723466873169,3.265723466873169,3.265723466873169,3.265723466873169,2500
1989-02-17,3.265723466873169,3.265723466873169,3.265723466873169,3.265723466873169,0
1989-02-21,3.265723466873169,3.265723466873169,3.265723466873169,3.265723466873169,200
1989-02-22,3.391326427459717,3.391326427459717,3.265721744961209,3.265721744961209,14200
1989-02-23,3.265723466873169,3.265723466873169,3.265723466873169,3.265723466873169,400
1989-02-24,3.265723466873169,3.265723466873169,3.265723466873169,3.265723466873169,2000
1989-02-27,3.5169312953948975,3.5169312953948975,3.5169312953948975,3.5169312953948975,100
1989-02-28,3.5169312953948975,3.5169312953948975,3.5169312953948975,3.5169312953948975,0
1989-03-01,3.140117645263672,3.1401176452636714,3.1401176452636714,3.1401176452636714,1000
1989-03-02,3.3967607021331787,3.3967607021331787,3.1451487982714617,3.1451487982714617,7000
1989-03-03,3.3967607021331787,3.3967607021331787,3.3967607021331787,3.3967607021331787,0
1989-03-06,3.3967607021331787,3.3967607021331787,3.3967607021331787,3.3967607021331787,0
1989-03-07,3.1451478004455566,3.1451478004455566,3.1451478004455566,3.1451478004455566,1400
1989-03-08,3.1451478004455566,3.1451478004455566,3.1451478004455566,3.1451478004455566,0
1989-03-09,3.1451478004455566,3.1451478004455566,3.1451478004455566,3.1451478004455566,200
1989-03-10,3.1451478004455566,3.1451478004455566,3.1451478004455566,3.1451478004455566,0
1989-03-13,3.1451478004455566,3.1451478004455566,3.1451478004455566,3.1451478004455566,1200
1989-03-14,3.1451478004455566,3.1451478004455566,3.1451478004455566,3.1451478004455566,0
1989-03-15,3.1451478004455566,3.1451478004455566,3.1451478004455566,3.1451478004455566,300
1989-03-16,3.270955801010132,3.2709558010101314,3.145149808663588,3.145149808663588,3500
1989-03-17,3.270955801010132,3.2709558010101314,3.2709558010101314,3.2709558010101314,100
1989-03-20,3.1451478004455566,3.270953712463379,3.1451478004455566,3.270953712463379,1200
1989-03-21,3.270955801010132,3.2709558010101314,3.2709558010101314,3.2709558010101314,3100
1989-03-22,3.270955801010132,3.2709558010101314,3.2709558010101314,3.2709558010101314,0
1989-03-23,3.270955801010132,3.2709558010101314,3.2709558010101314,3.2709558010101314,0
1989-03-27,3.648374080657959,3.648374080657959,3.648374080657959,3.648374080657959,100
1989-03-28,3.270955801010132,3.6483737780497623,3.2709558010101314,3.6483737780497623,1700
1989-03-29,3.270955801010132,3.2709558010101314,3.2709558010101314,3.2709558010101314,0
1989-03-30,3.270955801010132,3.2709558010101314,3.2709558010101314,3.2709558010101314,0
1989-03-31,3.270955801010132,3.2709558010101314,3.2709558010101314,3.2709558010101314,1000
1989-04-03,3.522568941116333,3.522568941116333,3.270956873893738,3.270956873893738,1200
1989-04-04,3.208051919937134,3.208051919937134,3.208051919937134,3.208051919937134,6200
1989-04-05,3.208051919937134,3.208051919937134,3.208051919937134,3.208051919937134,0
1989-04-06,3.1451478004455566,3.1451478004455566,3.1451478004455566,3.1451478004455566,400
1989-04-07,3.1451478004455566,3.1451478004455566,3.1451478004455566,3.1451478004455566,0
1989-04-10,3.1451478004455566,3.1451478004455566,3.1451478004455566,3.1451478004455566,0
1989-04-11,3.1451478004455566,3.1451478004455566,3.1451478004455566,3.1451478004455566,0
1989-04-12,3.1451478004455566,3.1451478004455566,3.1451478004455566,3.1451478004455566,100
1989-04-13,3.1451478004455566,3.1451478004455566,3.1451478004455566,3.1451478004455566,0
1989-04-14,3.1451478004455566,3.1451478004455566,3.1451478004455566,3.1451478004455566,0
1989-04-17,3.3967607021331787,3.3967607021331787,3.2709547502023204,3.2709547502023204,2700
1989-04-18,3.4596643447875977,3.459664344787597,3.459664344787597,3.459664344787597,1100
1989-04-19,3.270955801010132,3.2709558010101314,3.2709558010101314,3.2709558010101314,2000
1989-04-20,3.208051919937134,3.2709548987594306,3.208051919937134,3.2709548987594306,12300
1989-04-21,3.1451478004455566,3.1451478004455566,3.1451478004455566,3.1451478004455566,300
1989-04-24,3.270955801010132,3.2709558010101314,3.2709558010101314,3.2709558010101314,700
1989-04-25,3.270955801010132,3.2709558010101314,3.2709558010101314,3.2709558010101314,0
1989-04-26,3.270955801010132,3.2709558010101314,3.2709558010101314,3.2709558010101314,0
1989-04-27,3.1451478004455566,3.1451478004455566,3.1451478004455566,3.1451478004455566,1300
1989-04-28,3.1451478004455566,3.1451478004455566,3.1451478004455566,3.1451478004455566,6300
1989-05-01,3.1451478004455566,3.1451478004455566,3.1451478004455566,3.1451478004455566,0
1989-05-02,3.1451478004455566,3.1451478004455566,3.1451478004455566,3.1451478004455566,0
1989-05-03,3.019343614578247,3.082246606548627,3.019343614578247,3.082246606548627,4700
1989-05-04,3.019343614578247,3.019343614578247,3.019343614578247,3.019343614578247,0
1989-05-05,3.019343614578247,3.019343614578247,3.019343614578247,3.019343614578247,0
1989-05-08,3.270955801010132,3.5225677857032185,3.2709558010101314,3.2709558010101314,800
1989-05-09,3.270955801010132,3.2709558010101314,3.2709558010101314,3.2709558010101314,0
1989-05-10,3.3967607021331787,3.3967607021331787,3.0193428463406033,3.2709547502023204,1200
1989-05-11,3.019343614578247,3.522567550341288,3.019343614578247,3.3967615664005275,1600
1989-05-12,3.3967607021331787,3.3967607021331787,3.1451487982714617,3.1451487982714617,8500
1989-05-15,3.1451478004455566,3.3967596244812013,3.1451478004455566,3.3967596244812013,1800
1989-05-16,3.3967607021331787,3.3967607021331787,3.1451487982714617,3.1451487982714617,6600
1989-05-17,3.522568941116333,3.522568941116333,3.208053857088089,3.3967629075050354,32400
1989-05-18,3.1451478004455566,3.1451478004455566,3.1451478004455566,3.1451478004455566,700
1989-05-19,3.522568941116333,3.522568941116333,3.522568941116333,3.522568941116333,100
1989-05-22,3.522568941116333,3.522568941116333,3.522568941116333,3.522568941116333,0
1989-05-23,3.3967607021331787,3.3967607021331787,3.3967607021331787,3.3967607021331787,300
1989-05-24,3.3967607021331787,3.3967607021331787,3.2709547502023204,3.3967607021331787,1100
1989-05-25,3.401804208755493,3.401804208755493,3.1498187118106418,3.401804208755493,2700
1989-05-26,3.401804208755493,3.401804208755493,3.401804208755493,3.401804208755493,100
1989-05-30,3.149815797805786,3.149815797805786,3.149815797805786,3.149815797805786,400
1989-05-31,3.149815797805786,3.149815797805786,3.149815797805786,3.149815797805786,0
1989-06-01,3.149815797805786,3.149815797805786,3.149815797805786,3.149815797805786,0
1989-06-02,3.149815797805786,3.149815797805786,3.149815797805786,3.149815797805786,1000
1989-06-05,3.149815797805786,3.149815797805786,3.149815797805786,3.149815797805786,500
1989-06-06,3.149815797805786,3.401801061630249,3.149815797805786,3.149815797805786,1300
1989-06-07,3.149815797805786,3.2758084297180177,3.149815797805786,3.149815797805786,5100
1989-06-08,3.149815797805786,3.149815797805786,3.149815797805786,3.149815797805786,10000
1989-06-09,3.401804208755493,3.401804208755493,3.1498187118106418,3.1498187118106418,400
1989-06-12,3.149815797805786,3.401801061630249,3.149815797805786,3.401801061630249,2700
1989-06-13,3.401804208755493,3.401804208755493,3.401804208755493,3.401804208755493,200
1989-06-14,3.401804208755493,3.401804208755493,3.401804208755493,3.401804208755493,0
1989-06-15,3.401804208755493,3.401804208755493,3.1498187118106418,3.401804208755493,10600
1989-06-16,3.149815797805786,3.401801061630249,3.149815797805786,3.401801061630249,9300
1989-06-19,3.149815797805786,3.401801061630249,3.149815797805786,3.149815797805786,4900
1989-06-20,3.149815797805786,3.149815797805786,3.149815797805786,3.149815797805786,0
1989-06-21,3.149815797805786,3.401801061630249,3.149815797805786,3.149815797805786,12700
1989-06-22,3.275808811187744,3.275808811187744,3.275808811187744,3.275808811187744,1500
1989-06-23,3.275808811187744,3.401801457771888,3.275808811187744,3.275808811187744,4500
1989-06-26,3.401804208755493,3.401804208755493,3.2758114602830672,3.2758114602830672,300
1989-06-27,3.401804208755493,3.401804208755493,3.401804208755493,3.401804208755493,0
1989-06-28,3.275808811187744,3.275808811187744,3.275808811187744,3.275808811187744,800
1989-06-29,3.401804208755493,3.401804208755493,3.401804208755493,3.401804208755493,300
1989-06-30,3.149815797805786,3.2758084297180177,3.149815797805786,3.2758084297180177,1200
1989-07-03,3.149815797805786,3.149815797805786,3.149815797805786,3.149815797805786,0
1989-07-05,3.149815797805786,3.149815797805786,3.149815797805786,3.149815797805786,0
1989-07-06,3.401804208755493,3.401804208755493,3.401804208755493,3.401804208755493,1000
1989-07-07,3.149815797805786,3.149815797805786,3.149815797805786,3.149815797805786,1900
1989-07-10,3.149815797805786,3.149815797805786,3.149815797805786,3.149815797805786,0
1989-07-11,3.149815797805786,3.149815797805786,3.149815797805786,3.149815797805786,0
1989-07-12,3.401804208755493,3.401804208755493,3.401804208755493,3.401804208755493,100
1989-07-13,3.401804208755493,3.401804208755493,3.401804208755493,3.401804208755493,0
1989-07-14,3.275808811187744,3.401801457771888,3.1498161646036,3.401801457771888,3100
1989-07-17,3.149815797805786,3.149815797805786,3.149815797805786,3.149815797805786,300
1989-07-18,3.149815797805786,3.149815797805786,3.149815797805786,3.149815797805786,0
1989-07-19,3.149815797805786,3.149815797805786,3.149815797805786,3.149815797805786,0
1989-07-20,2.897830009460449,3.149815227674401,2.897830009460449,3.149815227674401,12500
1989-07-21,2.897830009460449,2.897830009460449,2.897830009460449,2.897830009460449,0
1989-07-24,3.2128114700317383,3.2128114700317387,3.2128114700317387,3.2128114700317387,5000
1989-07-25,3.275808811187744,3.275808811187744,3.0868198413115278,3.212812487895672,14600
1989-07-26,3.275808811187744,3.275808811187744,3.1498161646036,3.275808811187744,4500
1989-07-27,3.149815797805786,3.149815797805786,3.149815797805786,3.149815797805786,200
1989-07-28,3.401804208755493,3.401804208755493,3.401804208755493,3.401804208755493,1000
1989-07-31,3.401804208755493,3.401804208755493,3.1498187118106418,3.401804208755493,2300
1989-08-01,3.401804208755493,3.401804208755493,3.401804208755493,3.401804208755493,0
1989-08-02,3.275808811187744,3.338805134479816,3.275808811187744,3.338805134479816,2000
1989-08-03,3.5277953147888184,3.5277953147888184,3.5277953147888184,3.5277953147888184,8400
1989-08-04,3.275808811187744,3.275808811187744,3.275808811187744,3.275808811187744,900
1989-08-07,3.6537861824035645,3.6537861824035645,3.527793555424131,3.527793555424131,2900
1989-08-08,3.275808811187744,3.527794104356032,3.275808811187744,3.527794104356032,700
1989-08-09,3.275808811187744,3.275808811187744,3.275808811187744,3.275808811187744,3100
1989-08-10,3.275808811187744,3.275808811187744,3.275808811187744,3.275808811187744,0
1989-08-11,3.401804208755493,3.6537897057003446,3.401804208755493,3.401804208755493,1500
1989-08-14,3.401804208755493,3.6537897057003446,3.401804208755493,3.401804208755493,800
1989-08-15,3.7797794342041016,3.7797794342041016,3.4018014907836913,3.4018014907836913,1500
1989-08-16,3.7797794342041016,3.7797794342041016,3.7797794342041016,3.7797794342041016,500
1989-08-17,3.7797794342041016,3.7797794342041016,3.7797794342041016,3.7797794342041016,600
1989-08-18,3.401804208755493,3.77978245417277,3.401804208755493,3.77978245417277,900
1989-08-21,3.9057722091674805,3.9057722091674805,3.401801601532967,3.401801601532967,200
1989-08-22,3.9057722091674805,3.9057722091674805,3.9057722091674805,3.9057722091674805,100
1989-08-23,3.9057722091674805,3.9057722091674805,3.9057722091674805,3.9057722091674805,400
1989-08-24,3.9057722091674805,3.9057722091674805,3.5277942534415954,3.9057722091674805,4800
1989-08-25,3.5277953147888184,3.905773384230477,3.5277953147888184,3.905773384230477,900
1989-08-28,3.9113595485687256,3.911359548568726,3.911359548568726,3.911359548568726,200
1989-08-29,3.9113595485687256,3.911359548568726,3.6590137712417112,3.911359548568726,6100
1989-08-30,3.785187244415283,3.9113601525624593,3.659014336268107,3.9113601525624593,2000
1989-08-31,3.9113595485687256,3.911359548568726,3.6590137712417112,3.785186659905219,3200
1989-09-01,3.9113595485687256,3.911359548568726,3.911359548568726,3.911359548568726,0
1989-09-05,3.9113595485687256,3.911359548568726,3.911359548568726,3.911359548568726,1400
1989-09-06,3.659013271331787,3.911359014182255,3.659013271331787,3.911359014182255,2800
1989-09-07,3.659013271331787,3.911359014182255,3.659013271331787,3.659013271331787,1300
1989-09-08,3.9113595485687256,3.911359548568726,3.911359548568726,3.911359548568726,600
1989-09-11,3.9113595485687256,3.911359548568726,3.911359548568726,3.911359548568726,1800
1989-09-12,3.9113595485687256,3.911359548568726,3.6590137712417112,3.911359548568726,12700
1989-09-13,3.9113595485687256,3.911359548568726,3.911359548568726,3.911359548568726,0
1989-09-14,3.9113595485687256,3.911359548568726,3.911359548568726,3.911359548568726,800
1989-09-15,3.785187244415283,3.9113601525624593,3.785187244415283,3.9113601525624593,800
1989-09-18,3.9113595485687256,3.911359548568726,3.6590137712417112,3.785186659905219,600
1989-09-19,3.659013271331787,3.848272578469638,3.659013271331787,3.848272578469638,2500
1989-09-20,3.9113595485687256,3.911359548568726,3.6590137712417112,3.6590137712417112,2100
1989-09-21,3.7220993041992188,3.9113585908534163,3.6590128753144864,3.9113585908534163,12800
1989-09-22,3.7220993041992188,4.0375314486228815,3.7220993041992188,3.7220993041992188,7600
1989-09-25,4.037533283233643,4.037533283233643,4.037533283233643,4.037533283233643,500
1989-09-26,3.9113595485687256,3.911359548568726,3.911359548568726,3.911359548568726,500
1989-09-27,3.785187244415283,3.9113601525624593,3.722100790341695,3.9113601525624593,11100
1989-09-28,3.785187244415283,3.785187244415283,3.785187244415283,3.785187244415283,0
1989-09-29,3.785187244415283,3.785187244415283,3.785187244415283,3.785187244415283,0
1989-10-02,3.9113595485687256,3.911359548568726,3.722100215573465,3.785186659905219,17300
1989-10-03,3.9113595485687256,3.911359548568726,3.911359548568726,3.911359548568726,0
1989-10-04,4.037533283233643,4.037533283233643,3.78518745303154,3.9113603681325912,27800
1989-10-05,4.037533283233643,4.037533283233643,3.78518745303154,4.037533283233643,1100
1989-10-06,4.037533283233643,4.037533283233643,4.037533283233643,4.037533283233643,600
1989-10-09,4.1637043952941895,4.1637043952941895,3.911358674367269,4.0375315348307295,1600
1989-10-10,4.1637043952941895,4.1637043952941895,3.911358674367269,4.1637043952941895,13100
1989-10-11,4.1637043952941895,4.1637043952941895,4.1637043952941895,4.1637043952941895,100
1989-10-12,4.037533283233643,4.163706198334694,3.9113603681325912,4.163706198334694,3900
1989-10-13,3.9113595485687256,4.163705325895741,3.911359548568726,4.037532437232233,21300
1989-10-16,4.037533283233643,4.037533283233643,3.78518745303154,3.9113603681325912,9000
1989-10-17,3.659013271331787,3.911359014182255,3.659013271331787,3.911359014182255,5600
1989-10-18,3.659013271331787,3.659013271331787,3.659013271331787,3.659013271331787,0
1989-10-19,3.659013271331787,3.659013271331787,3.659013271331787,3.659013271331787,0
1989-10-20,4.037533283233643,4.037533283233643,3.6590145379304886,3.6590145379304886,2400
1989-10-23,3.9113595485687256,3.911359548568726,3.911359548568726,3.911359548568726,200
1989-10-24,3.7220993041992188,3.7220993041992188,3.6590128753144864,3.7220993041992188,9000
1989-10-25,3.659013271331787,3.659013271331787,3.659013271331787,3.659013271331787,1000
1989-10-26,3.5328421592712402,3.7851880277906145,3.5328421592712402,3.659015093530927,800
1989-10-27,3.659013271331787,3.659013271331787,3.532840399906553,3.532840399906553,10000
1989-10-30,3.659013271331787,3.659013271331787,3.659013271331787,3.659013271331787,0
1989-10-31,3.659013271331787,3.659013271331787,3.659013271331787,3.659013271331787,0
1989-11-01,3.659013271331787,3.659013271331787,3.659013271331787,3.659013271331787,0
1989-11-02,3.659013271331787,3.659013271331787,3.659013271331787,3.659013271331787,0
1989-11-03,3.659013271331787,3.659013271331787,3.659013271331787,3.659013271331787,0
1989-11-06,3.659013271331787,3.659013271331787,3.659013271331787,3.659013271331787,0
1989-11-07,3.5328421592712402,3.5328421592712402,3.5328421592712402,3.5328421592712402,200
1989-11-08,3.5328421592712402,3.5328421592712402,3.5328421592712402,3.5328421592712402,200
1989-11-09,3.5328421592712402,3.5328421592712402,3.5328421592712402,3.5328421592712402,0
1989-11-10,3.5328421592712402,3.5328421592712402,3.5328421592712402,3.5328421592712402,0
1989-11-13,3.2804951667785645,3.406668057808509,3.2804951667785645,3.406668057808509,10200
1989-11-14,3.659013271331787,3.659013271331787,3.659013271331787,3.659013271331787,500
1989-11-15,3.2804951667785645,3.2804951667785645,3.2804951667785645,3.2804951667785645,200
1989-11-16,3.2804951667785645,3.2804951667785645,3.2804951667785645,3.2804951667785645,400
1989-11-17,3.2804951667785645,3.2804951667785645,3.2804951667785645,3.2804951667785645,4500
1989-11-20,3.2804951667785645,3.2804951667785645,3.2804951667785645,3.2804951667785645,800
1989-11-21,3.2804951667785645,3.2804951667785645,3.2804951667785645,3.2804951667785645,0
1989-11-22,3.5328421592712402,3.5328421592712402,3.3435827578817094,3.3435827578817094,400
1989-11-24,3.5328421592712402,3.5328421592712402,3.5328421592712402,3.5328421592712402,0
1989-11-27,3.5328421592712402,3.5328421592712402,3.5328421592712402,3.5328421592712402,0
1989-11-28,3.2804951667785645,3.3435816122935367,3.1543222757486196,3.3435816122935367,8000
1989-11-29,3.1543219089508057,3.1543219089508057,3.1543219089508057,3.1543219089508057,300
1989-11-30,3.1593759059906006,3.1593759059906,3.1593759059906,3.1593759059906,3100
1989-12-01,3.285752534866333,3.2857525348663326,3.2857525348663326,3.2857525348663326,200
1989-12-04,3.0330023765563965,3.0330023765563965,3.0330023765563965,3.0330023765563965,900
1989-12-05,3.0330023765563965,3.0330023765563965,3.0330023765563965,3.0330023765563965,2800
1989-12-06,3.285752534866333,3.2857525348663326,2.906627242381756,3.0330023398766146,4900
1989-12-07,3.0330023765563965,3.285752574602763,3.0330023765563965,3.285752574602763,1500
1989-12-08,3.1593759059906006,3.2857509422302242,3.1593759059906,3.1593759059906,1200
1989-12-11,3.0330023765563965,3.285752574602763,3.0330023765563965,3.15937747557958,800
1989-12-12,3.0330023765563965,3.0330023765563965,3.0330023765563965,3.0330023765563965,0
1989-12-13,3.285752534866333,3.2857525348663326,3.0330023398766146,3.0330023398766146,16900
1989-12-14,3.0330023765563965,3.285752574602763,3.0330023765563965,3.285752574602763,7600
1989-12-15,3.0330023765563965,3.15937747557958,3.0330023765563965,3.0330023765563965,1400
1989-12-18,3.0330023765563965,3.0330023765563965,3.0330023765563965,3.0330023765563965,400
1989-12-19,3.1593759059906006,3.1593759059906,2.7802507972717283,3.0330008697509765,1700
1989-12-20,2.9066271781921387,2.906627178192139,2.906627178192139,2.906627178192139,500
1989-12-21,3.1593759059906006,3.1593759059906,2.9066258335113524,2.9066258335113524,6600
1989-12-22,3.1593759059906006,3.1593759059906,3.1593759059906,3.1593759059906,0
1989-12-26,3.1593759059906006,3.1593759059906,3.1593759059906,3.1593759059906,0
1989-12-27,2.9066271781921387,3.096189820248148,2.906627178192139,3.096189820248148,16800
1989-12-28,2.9066271781921387,2.906627178192139,2.906627178192139,2.906627178192139,0
1989-12-29,2.9066271781921387,3.159377367600151,2.906627178192139,2.906627178192139,14500
1990-01-02,2.9066271781921387,2.906627178192139,2.906627178192139,2.906627178192139,1000
1990-01-03,3.1593759059906006,3.1593759059906,2.9066258335113524,2.9066258335113524,1500
1990-01-04,3.1593759059906006,3.1593759059906,3.1593759059906,3.1593759059906,0
1990-01-05,2.9066271781921387,3.159377367600151,2.906627178192139,3.159377367600151,3000
1990-01-08,2.9066271781921387,3.159377367600151,2.906627178192139,2.906627178192139,900
1990-01-09,2.9066271781921387,2.906627178192139,2.906627178192139,2.906627178192139,2000
1990-01-10,3.1593759059906006,3.1593759059906,2.9066258335113524,2.9066258335113524,200
1990-01-11,2.9066271781921387,2.906627178192139,2.906627178192139,2.906627178192139,900
1990-01-12,2.8434407711029053,2.8434407711029053,2.8434407711029053,2.8434407711029053,3100
1990-01-15,3.1593759059906006,3.1593759059906,3.1593759059906,3.1593759059906,100
1990-01-16,2.780252695083618,2.7802526950836177,2.7802526950836177,2.7802526950836177,3100
1990-01-17,2.780252695083618,2.7802526950836177,2.7802526950836177,2.7802526950836177,0
1990-01-18,2.780252695083618,2.7802526950836177,2.7802526950836177,2.7802526950836177,0
1990-01-19,2.780252695083618,2.7802526950836177,2.7802526950836177,2.7802526950836177,0
1990-01-22,2.780252695083618,2.7802526950836177,2.7802526950836177,2.7802526950836177,100
1990-01-23,2.780252695083618,2.7802526950836177,2.7802526950836177,2.7802526950836177,0
1990-01-24,2.780252695083618,2.7802526950836177,2.7802526950836177,2.7802526950836177,3000
1990-01-25,2.780252695083618,2.7802526950836177,2.7802526950836177,2.7802526950836177,0
1990-01-26,2.780252695083618,2.7802526950836177,2.7802526950836177,2.7802526950836177,200
1990-01-29,2.780252695083618,2.7802526950836177,2.7802526950836177,2.7802526950836177,0
1990-01-30,2.780252695083618,2.7802526950836177,2.7802526950836177,2.7802526950836177,0
1990-01-31,2.9066271781921387,2.906627178192139,2.906627178192139,2.906627178192139,7500
1990-02-01,2.9066271781921387,2.906627178192139,2.906627178192139,2.906627178192139,0
1990-02-02,2.9066271781921387,2.906627178192139,2.906627178192139,2.906627178192139,0
1990-02-05,2.9066271781921387,2.906627178192139,2.906627178192139,2.906627178192139,0
1990-02-06,3.1593759059906006,3.1593759059906,3.1593759059906,3.1593759059906,100
1990-02-07,3.1593759059906006,3.1593759059906,3.1593759059906,3.1593759059906,0
1990-02-08,3.1593759059906006,3.1593759059906,3.1593759059906,3.1593759059906,0
1990-02-09,3.1593759059906006,3.1593759059906,3.1593759059906,3.1593759059906,0
1990-02-12,3.1593759059906006,3.1593759059906,3.1593759059906,3.1593759059906,0
1990-02-13,3.1593759059906006,3.1593759059906,3.1593759059906,3.1593759059906,0
1990-02-14,2.8434407711029053,2.8434407711029053,2.7802531984117294,2.8434407711029053,31400
1990-02-15,2.8434407711029053,2.8434407711029053,2.8434407711029053,2.8434407711029053,0
1990-02-16,2.8434407711029053,2.8434407711029053,2.8434407711029053,2.8434407711029053,0
1990-02-20,2.8434407711029053,2.8434407711029053,2.8434407711029053,2.8434407711029053,0
1990-02-21,2.780252695083618,2.7802526950836177,2.7802526950836177,2.7802526950836177,3100
1990-02-22,3.0330023765563965,3.0330023765563965,2.7802521785100303,2.7802521785100303,300
1990-02-23,2.9066271781921387,2.906627178192139,2.906627178192139,2.906627178192139,200
1990-02-26,2.9066271781921387,2.906627178192139,2.906627178192139,2.906627178192139,0
1990-02-27,2.780252695083618,2.7802526950836177,2.7802526950836177,2.7802526950836177,1700
1990-02-28,2.780252695083618,2.7802526950836177,2.7802526950836177,2.7802526950836177,1500
1990-03-01,2.780252695083618,2.7802526950836177,2.7802526950836177,2.7802526950836177,1100
1990-03-02,2.780252695083618,2.7802526950836177,2.7802526950836177,2.7802526950836177,400
1990-03-05,3.038527011871338,3.038527011871338,2.9119217197100324,2.9119217197100324,7200
1990-03-06,3.165130615234375,3.1651306152343754,2.7853149414062504,3.0385253906250003,2300
1990-03-07,3.038527011871338,3.038527011871338,3.038527011871338,3.038527011871338,2000
1990-03-08,3.165130615234375,3.1651306152343754,3.0385253906250003,3.0385253906250003,1600
1990-03-09,2.785316228866577,2.785316228866577,2.785316228866577,2.785316228866577,1000
1990-03-12,2.785316228866577,3.1018294366923245,2.785316228866577,2.785316228866577,2800
1990-03-13,3.10183048248291,3.1018304824829106,2.785317167943838,2.785317167943838,38300
1990-03-14,3.038527011871338,3.165132304032644,2.7853164275487265,3.101829657951991,66300
1990-03-15,3.038527011871338,3.101829657951991,2.9119217197100324,3.038527011871338,5700
1990-03-16,3.165130615234375,3.1651306152343754,3.0385253906250003,3.0385253906250003,3500
1990-03-19,3.165130615234375,3.1651306152343754,3.1651306152343754,3.1651306152343754,0
1990-03-20,3.165130615234375,3.1651306152343754,3.1651306152343754,3.1651306152343754,0
1990-03-21,3.165130615234375,3.1651306152343754,3.0385253906250003,3.1651306152343754,4500
1990-03-22,3.165130615234375,3.1651306152343754,3.1651306152343754,3.1651306152343754,0
1990-03-23,3.165130615234375,3.1651306152343754,3.1651306152343754,3.1651306152343754,0
1990-03-26,3.165130615234375,3.1651306152343754,3.1651306152343754,3.1651306152343754,0
1990-03-27,2.911921262741089,2.911921262741089,2.911921262741089,2.911921262741089,500
1990-03-28,3.165130615234375,3.1651306152343754,3.1651306152343754,3.1651306152343754,500
1990-03-29,3.165130615234375,3.1651306152343754,3.1651306152343754,3.1651306152343754,0
1990-03-30,2.911921262741089,2.911921262741089,2.911921262741089,2.911921262741089,1100
1990-04-02,2.911921262741089,2.911921262741089,2.911921262741089,2.911921262741089,100
1990-04-03,3.22843337059021,3.2917359856998223,3.0385255252613743,3.165130755480598,7600
1990-04-04,3.038527011871338,3.2917375961939497,3.038527011871338,3.2917375961939497,1700
1990-04-05,2.911921262741089,3.1651318073272705,2.911921262741089,3.1651318073272705,1100
1990-04-06,3.165130615234375,3.1651306152343754,3.1651306152343754,3.1651306152343754,200
1990-04-09,3.038527011871338,3.038527011871338,2.9119217197100324,2.9119217197100324,8700
1990-04-10,3.165130615234375,3.1651306152343754,3.1651306152343754,3.1651306152343754,200
1990-04-11,3.165130615234375,3.1651306152343754,3.1651306152343754,3.1651306152343754,0
1990-04-12,2.911921262741089,2.911921262741089,2.911921262741089,2.911921262741089,1000
1990-04-16,2.911921262741089,3.0385265350341797,2.911921262741089,2.911921262741089,3500
1990-04-17,3.2917373180389404,3.2917373180389404,3.0385267551128683,3.1651320365759044,10600
1990-04-18,3.2917373180389404,3.2917373180389404,3.2917373180389404,3.2917373180389404,0
1990-04-19,3.2917373180389404,3.2917373180389404,3.2917373180389404,3.2917373180389404,0
1990-04-20,3.2917373180389404,3.2917373180389404,3.2917373180389404,3.2917373180389404,0
1990-04-23,3.22843337059021,3.2284333705902104,3.101828140370986,3.101828140370986,10000
1990-04-24,3.038527011871338,3.038527011871338,3.038527011871338,3.038527011871338,500
1990-04-25,3.2917373180389404,3.2917373180389404,3.2917373180389404,3.2917373180389404,500
1990-04-26,3.165130615234375,3.1651306152343754,3.1651306152343754,3.1651306152343754,500
1990-04-27,3.165130615234375,3.1651306152343754,3.1651306152343754,3.1651306152343754,1700
1990-04-30,3.165130615234375,3.1651306152343754,3.1651306152343754,3.1651306152343754,0
1990-05-01,3.165130615234375,3.1651306152343754,3.1651306152343754,3.1651306152343754,1500
1990-05-02,3.165130615234375,3.29173583984375,3.1651306152343754,3.1651306152343754,5200
1990-05-03,3.2917373180389404,3.2917373180389404,3.1651320365759044,3.1651320365759044,2700
1990-05-04,3.038527011871338,3.038527011871338,3.038527011871338,3.038527011871338,200
1990-05-07,3.038527011871338,3.038527011871338,3.038527011871338,3.038527011871338,0
1990-05-08,3.038527011871338,3.038527011871338,3.038527011871338,3.038527011871338,0
1990-05-09,3.2917373180389404,3.2917373180389404,3.0385267551128683,3.0385267551128683,13700
1990-05-10,3.2917373180389404,3.2917373180389404,3.2917373180389404,3.2917373180389404,0
1990-05-11,3.038527011871338,3.038527011871338,3.038527011871338,3.038527011871338,3600
1990-05-14,3.038527011871338,3.038527011871338,3.038527011871338,3.038527011871338,2500
1990-05-15,3.10183048248291,3.165133145390725,3.1018304824829106,3.165133145390725,5800
1990-05-16,3.038527011871338,3.038527011871338,3.038527011871338,3.038527011871338,3000
1990-05-17,3.038527011871338,3.038527011871338,3.038527011871338,3.038527011871338,500
1990-05-18,3.038527011871338,3.038527011871338,3.038527011871338,3.038527011871338,0
1990-05-21,3.038527011871338,3.228434950113297,3.038527011871338,3.038527011871338,10500
1990-05-22,3.165130615234375,3.4183410644531254,3.0385253906250003,3.0385253906250003,16500
1990-05-23,3.418344497680664,3.4183444976806645,3.101831118265788,3.101831118265788,4400
1990-05-24,3.038527011871338,3.165132304032644,3.038527011871338,3.165132304032644,2900
1990-05-25,3.233823537826538,3.233823537826538,3.0435986238367416,3.0435986238367416,4500
1990-05-29,3.424051284790039,3.4240512847900386,3.170417856287073,3.170417856287073,1700
1990-05-30,3.3606417179107666,3.4240500522109696,3.1704167150101568,3.1704167150101568,3900
1990-05-31,3.5508668422698975,3.550866842269897,3.297233496393476,3.297233496393476,4400
1990-06-01,3.677683115005493,3.677683115005493,3.4240497967292525,3.550866455867373,3700
1990-06-04,3.2972326278686523,3.2972326278686523,3.2972326278686523,3.2972326278686523,600
1990-06-05,3.3606417179107666,3.4874583865111726,3.297233383610563,3.4874583865111726,4200
1990-06-06,3.677683115005493,3.677683115005493,3.2972331375911317,3.677683115005493,7400
1990-06-07,3.614274740219116,3.6776830689948903,3.4240497538917944,3.6776830689948903,3700
1990-06-08,3.614274740219116,3.6142747402191167,3.6142747402191167,3.6142747402191167,0
1990-06-11,3.614274740219116,3.6142747402191167,3.6142747402191167,3.6142747402191167,0
1990-06-12,3.677683115005493,3.677683115005493,3.677683115005493,3.677683115005493,1000
1990-06-13,3.677683115005493,3.677683115005493,3.677683115005493,3.677683115005493,0
1990-06-14,3.8045005798339844,3.804500579833984,3.5508672078450516,3.677683893839518,5400
1990-06-15,3.5508668422698975,3.931316861084529,3.4240501693316867,3.4240501693316867,29000
1990-06-18,3.5508668422698975,3.8045001881463185,3.550866842269897,3.8045001881463185,1200
1990-06-19,3.5508668422698975,3.550866842269897,3.550866842269897,3.550866842269897,200
1990-06-20,3.741091012954712,3.8044993352081815,3.741091012954712,3.8044993352081815,1600
1990-06-21,3.5508668422698975,3.8045001881463185,3.550866842269897,3.8045001881463185,2200
1990-06-22,3.5508668422698975,3.8045001881463185,3.550866842269897,3.8045001881463185,1900
1990-06-25,3.5508668422698975,3.550866842269897,3.550866842269897,3.550866842269897,7400
1990-06-26,3.8045005798339844,3.804500579833984,3.5508672078450516,3.804500579833984,2800
1990-06-27,3.8045005798339844,3.804500579833984,3.804500579833984,3.804500579833984,0
1990-06-28,3.8045005798339844,3.804500579833984,3.804500579833984,3.804500579833984,300
1990-06-29,3.8045005798339844,3.804500579833984,3.804500579833984,3.804500579833984,3200
1990-07-02,3.5508668422698975,3.6776835152081078,3.550866842269897,3.550866842269897,4900
1990-07-03,3.5508668422698975,3.550866842269897,3.550866842269897,3.550866842269897,2500
1990-07-05,3.5508668422698975,3.550866842269897,3.550866842269897,3.550866842269897,0
1990-07-06,3.424051284790039,3.4240512847900386,3.4240512847900386,3.4240512847900386,1900
1990-07-09,3.424051284790039,3.4240512847900386,3.4240512847900386,3.4240512847900386,0
1990-07-10,3.424051284790039,3.6776847132930044,3.4240512847900386,3.6776847132930044,600
1990-07-11,3.424051284790039,3.6776847132930044,3.4240512847900386,3.6776847132930044,2300
1990-07-12,3.424051284790039,3.6776847132930044,3.4240512847900386,3.6776847132930044,2000
1990-07-13,3.677683115005493,3.677683115005493,3.677683115005493,3.677683115005493,1300
1990-07-16,3.424051284790039,3.4240512847900386,3.4240512847900386,3.4240512847900386,1700
1990-07-17,3.424051284790039,3.614276356167263,3.4240512847900386,3.4240512847900386,3400
1990-07-18,3.424051284790039,3.6776847132930044,3.4240512847900386,3.6776847132930044,2000
1990-07-19,3.424051284790039,3.4240512847900386,3.4240512847900386,3.4240512847900386,3500
1990-07-20,3.677683115005493,3.677683115005493,3.677683115005493,3.677683115005493,1000
1990-07-23,3.424051284790039,3.6776847132930044,3.4240512847900386,3.6776847132930044,300
1990-07-24,3.424051284790039,3.4240512847900386,3.4240512847900386,3.4240512847900386,2000
1990-07-25,3.424051284790039,3.6776847132930044,3.4240512847900386,3.6776847132930044,2000
1990-07-26,3.2972326278686523,3.6776825464688816,3.2972326278686523,3.6776825464688816,1400
1990-07-27,3.2972326278686523,3.2972326278686523,3.2972326278686523,3.2972326278686523,0
1990-07-30,3.677683115005493,3.677683115005493,3.4240497967292525,3.614274785436433,8200
1990-07-31,3.614274740219116,3.6142747402191167,3.5508664114433426,3.5508664114433426,1500
1990-08-01,3.2972326278686523,3.6776825464688816,3.2972326278686523,3.2972326278686523,12600
1990-08-02,3.2972326278686523,3.2972326278686523,3.2972326278686523,3.2972326278686523,0
1990-08-03,3.2972326278686523,3.2972326278686523,3.2972326278686523,3.2972326278686523,3400
1990-08-06,3.170414447784424,3.170414447784424,3.170414447784424,3.170414447784424,1000
1990-08-07,3.170414447784424,3.170414447784424,3.043597869873047,3.043597869873047,6200
1990-08-08,3.424051284790039,3.4240512847900386,2.916784427784107,2.916784427784107,300
1990-08-09,2.9167826175689697,2.91678261756897,2.91678261756897,2.91678261756897,100
1990-08-10,2.9167826175689697,2.91678261756897,2.91678261756897,2.91678261756897,1400
1990-08-13,2.9167826175689697,2.91678261756897,2.91678261756897,2.91678261756897,0
1990-08-14,2.9167826175689697,2.91678261756897,2.91678261756897,2.91678261756897,0
1990-08-15,3.2972326278686523,3.2972326278686523,3.2972326278686523,3.2972326278686523,800
1990-08-16,3.2972326278686523,3.2972326278686523,3.2972326278686523,3.2972326278686523,0
1990-08-17,3.2972326278686523,3.2972326278686523,3.2972326278686523,3.2972326278686523,0
1990-08-20,3.170414447784424,3.170414447784424,2.789964714050293,2.9167812919616702,4600
1990-08-21,3.170414447784424,3.170414447784424,3.170414447784424,3.170414447784424,0
1990-08-22,3.170414447784424,3.170414447784424,3.170414447784424,3.170414447784424,1000
1990-08-23,2.726557493209839,2.7899658070054167,2.6631491794142614,2.7899658070054167,5200
1990-08-24,2.9167826175689697,2.91678261756897,2.91678261756897,2.91678261756897,700
1990-08-27,2.9167826175689697,2.91678261756897,2.789965982022493,2.91678261756897,2000
1990-08-28,2.9801902770996094,3.17041518840384,2.9801902770996094,3.17041518840384,1200
1990-08-29,2.9167826175689697,3.043599253115447,2.91678261756897,3.043599253115447,1300
1990-08-30,3.0435996055603027,3.0435996055603027,3.0435996055603027,3.0435996055603027,600
1990-08-31,3.0435996055603027,3.0435996055603027,3.0435996055603027,3.0435996055603027,1000
1990-09-04,3.0435996055603027,3.0435996055603027,3.0435996055603027,3.0435996055603027,0
1990-09-05,2.789966106414795,3.0435993888161397,2.789966106414795,3.0435993888161397,2200
1990-09-06,3.0435996055603027,3.0435996055603027,3.0435996055603027,3.0435996055603027,1000
1990-09-07,2.789966106414795,3.0435993888161397,2.789966106414795,2.789966106414795,6100
1990-09-10,2.663149833679199,2.663149833679199,2.663149833679199,2.663149833679199,400
1990-09-11,2.663149833679199,2.663149833679199,2.663149833679199,2.663149833679199,500
1990-09-12,2.663149833679199,2.663149833679199,2.663149833679199,2.663149833679199,0
1990-09-13,2.663149833679199,2.663149833679199,2.5363331749325706,2.663149833679199,9500
1990-09-14,2.663149833679199,2.663149833679199,2.663149833679199,2.663149833679199,0
1990-09-17,2.663149833679199,2.663149833679199,2.663149833679199,2.663149833679199,0
1990-09-18,2.4095168113708496,2.9167835085015548,2.4095168113708496,2.4095168113708496,900
1990-09-19,2.853375196456909,2.853375196456909,2.853375196456909,2.853375196456909,800
1990-09-20,2.853375196456909,2.853375196456909,2.853375196456909,2.853375196456909,0
1990-09-21,2.536332607269287,2.536332607269287,2.536332607269287,2.536332607269287,5000
1990-09-24,2.789966106414795,2.789966106414795,2.5363328240134497,2.5363328240134497,800
1990-09-25,2.536332607269287,2.91678249835968,2.536332607269287,2.91678249835968,2500
1990-09-26,2.536332607269287,2.789965867996216,2.536332607269287,2.6631492376327515,800
1990-09-27,2.472923994064331,2.536332301604442,2.472923994064331,2.536332301604442,2400
1990-09-28,2.472923994064331,2.472923994064331,2.472923994064331,2.472923994064331,0
1990-10-01,2.472923994064331,2.472923994064331,2.472923994064331,2.472923994064331,0
1990-10-02,2.472923994064331,2.472923994064331,2.472923994064331,2.472923994064331,0
1990-10-03,2.472923994064331,2.472923994064331,2.472923994064331,2.472923994064331,0
1990-10-04,2.472923994064331,2.472923994064331,2.472923994064331,2.472923994064331,0
1990-10-05,2.4095168113708496,2.4095168113708496,2.4095168113708496,2.4095168113708496,1600
1990-10-08,2.536332607269287,2.536332607269287,2.536332607269287,2.536332607269287,100
1990-10-09,2.4095168113708496,2.4095168113708496,2.4095168113708496,2.4095168113708496,1200
1990-10-10,2.4095168113708496,2.4095168113708496,2.4095168113708496,2.4095168113708496,0
1990-10-11,2.4095168113708496,2.4095168113708496,2.4095168113708496,2.4095168113708496,0
1990-10-12,2.4095168113708496,2.4095168113708496,2.4095168113708496,2.4095168113708496,1000
1990-10-15,2.4095168113708496,2.4095168113708496,2.4095168113708496,2.4095168113708496,0
1990-10-16,2.536332607269287,2.536332607269287,2.536332607269287,2.536332607269287,800
1990-10-17,2.536332607269287,2.536332607269287,2.536332607269287,2.536332607269287,0
1990-10-18,2.536332607269287,2.536332607269287,2.536332607269287,2.536332607269287,0
1990-10-19,2.536332607269287,2.536332607269287,2.536332607269287,2.536332607269287,0
1990-10-22,2.536332607269287,2.536332607269287,2.536332607269287,2.536332607269287,0
1990-10-23,2.663149833679199,2.663149833679199,2.5363331749325706,2.663149833679199,12000
1990-10-24,2.536332607269287,2.536332607269287,2.536332607269287,2.536332607269287,200
1990-10-25,2.536332607269287,2.536332607269287,2.536332607269287,2.536332607269287,500
1990-10-26,2.536332607269287,2.536332607269287,2.536332607269287,2.536332607269287,1600
1990-10-29,2.536332607269287,2.536332607269287,2.536332607269287,2.536332607269287,0
1990-10-30,2.536332607269287,2.7265575528144836,2.536332607269287,2.5997409224510193,9900
1990-10-31,2.536332607269287,2.536332607269287,2.536332607269287,2.536332607269287,0
1990-11-01,2.536332607269287,2.536332607269287,2.536332607269287,2.536332607269287,0
1990-11-02,2.789966106414795,2.789966106414795,2.789966106414795,2.789966106414795,300
1990-11-05,2.536332607269287,2.536332607269287,2.536332607269287,2.536332607269287,200
1990-11-06,2.536332607269287,2.536332607269287,2.536332607269287,2.536332607269287,0
1990-11-07,2.536332607269287,2.789965867996216,2.536332607269287,2.536332607269287,600
1990-11-08,2.536332607269287,2.536332607269287,2.536332607269287,2.536332607269287,0
1990-11-09,2.789966106414795,2.789966106414795,2.5363328240134497,2.5363328240134497,900
1990-11-12,2.536332607269287,2.789965867996216,2.536332607269287,2.536332607269287,2400
1990-11-13,2.536332607269287,2.536332607269287,2.536332607269287,2.536332607269287,0
1990-11-14,2.536332607269287,2.789965867996216,2.536332607269287,2.789965867996216,500
1990-11-15,2.536332607269287,2.536332607269287,2.536332607269287,2.536332607269287,0
1990-11-16,2.536332607269287,2.536332607269287,2.536332607269287,2.536332607269287,2900
1990-11-19,2.4095168113708496,2.536333485653526,2.4095168113708496,2.536333485653526,4100
1990-11-20,2.4095168113708496,2.4095168113708496,2.4095168113708496,2.4095168113708496,0
1990-11-21,2.4095168113708496,2.4095168113708496,2.4095168113708496,2.4095168113708496,0
1990-11-23,2.789966106414795,2.789966106414795,2.4095161828127774,2.663149465214122,2600
1990-11-26,2.789966106414795,2.789966106414795,2.789966106414795,2.789966106414795,0
1990-11-27,2.4095168113708496,2.7899668342188786,2.4095168113708496,2.7899668342188786,2100
1990-11-28,2.4095168113708496,2.4095168113708496,2.4095168113708496,2.4095168113708496,0
1990-11-29,2.726557493209839,2.726557493209839,2.726557493209839,2.726557493209839,300
1990-11-30,2.4095168113708496,2.536333485653526,2.4095168113708496,2.4095168113708496,13300
1990-12-03,2.4095168113708496,2.4095168113708496,2.4095168113708496,2.4095168113708496,0
1990-12-04,2.4095168113708496,2.4095168113708496,2.4095168113708496,2.4095168113708496,2400
1990-12-05,2.789966106414795,2.789966106414795,2.789966106414795,2.789966106414795,100
1990-12-06,2.789966106414795,2.789966106414795,2.4095161828127774,2.4095161828127774,1400
1990-12-07,2.4095168113708496,2.536333485653526,2.4095168113708496,2.4095168113708496,2400
1990-12-10,2.4095168113708496,2.4095168113708496,2.4095168113708496,2.4095168113708496,300
1990-12-11,2.4095168113708496,2.4095168113708496,2.4095168113708496,2.4095168113708496,0
1990-12-12,2.536332607269287,2.536332607269287,2.4095159769058228,2.4095159769058228,10500
1990-12-13,2.4095168113708496,2.4095168113708496,2.4095168113708496,2.4095168113708496,700
1990-12-14,2.4095168113708496,2.4095168113708496,2.4095168113708496,2.4095168113708496,1200
1990-12-17,2.789966106414795,2.789966106414795,2.4095161828127774,2.4095161828127774,10500
1990-12-18,2.789966106414795,2.789966106414795,2.4095161828127774,2.4095161828127774,700
1990-12-19,2.536332607269287,2.789965867996216,2.536332607269287,2.789965867996216,400
1990-12-20,2.4095168113708496,2.4095168113708496,2.4095168113708496,2.4095168113708496,600
1990-12-21,2.789966106414795,2.789966106414795,2.4095161828127774,2.4095161828127774,500
1990-12-24,2.4095168113708496,2.4095168113708496,2.4095168113708496,2.4095168113708496,100
1990-12-26,2.4095168113708496,2.536333485653526,2.4095168113708496,2.4095168113708496,2900
1990-12-27,2.4095168113708496,2.4095168113708496,2.4095168113708496,2.4095168113708496,1000
1990-12-28,2.4095168113708496,2.4095168113708496,2.4095168113708496,2.4095168113708496,0
1990-12-31,2.4095168113708496,2.4095168113708496,2.4095168113708496,2.4095168113708496,0
1991-01-02,2.5997395515441895,2.78996439677913,2.5997395515441895,2.78996439677913,2200
1991-01-03,2.789966106414795,2.789966106414795,2.4729245034131133,2.5363328240134497,11300
1991-01-04,2.789966106414795,2.789966106414795,2.789966106414795,2.789966106414795,0
1991-01-07,2.789966106414795,2.789966106414795,2.789966106414795,2.789966106414795,0
1991-01-08,2.5997395515441895,2.5997395515441895,2.5997395515441895,2.5997395515441895,3900
1991-01-09,2.5997395515441895,2.5997395515441895,2.5997395515441895,2.5997395515441895,0
1991-01-10,2.4095168113708496,2.4095168113708496,2.4095168113708496,2.4095168113708496,300
1991-01-11,2.4095168113708496,2.4095168113708496,2.4095168113708496,2.4095168113708496,0
1991-01-14,2.4095168113708496,2.4095168113708496,2.4095168113708496,2.4095168113708496,0
1991-01-15,2.4095168113708496,2.4095168113708496,2.4095168113708496,2.4095168113708496,3800
1991-01-16,2.4095168113708496,2.4095168113708496,2.4095168113708496,2.4095168113708496,0
1991-01-17,2.4095168113708496,2.4729251485121875,2.4095168113708496,2.4729251485121875,3500
1991-01-18,2.4095168113708496,2.4095168113708496,2.4095168113708496,2.4095168113708496,0
1991-01-21,2.4095168113708496,2.4095168113708496,2.4095168113708496,2.4095168113708496,1100
1991-01-22,2.4095168113708496,2.4095168113708496,2.4095168113708496,2.4095168113708496,0
1991-01-23,2.472923994064331,2.7899655317648864,2.472923994064331,2.7899655317648864,2900
1991-01-24,2.789966106414795,2.789966106414795,2.4095161828127774,2.4095161828127774,300
1991-01-25,2.789966106414795,2.789966106414795,2.789966106414795,2.789966106414795,0
1991-01-28,2.536332607269287,2.789965867996216,2.4095159769058228,2.4095159769058228,3000
1991-01-29,2.536332607269287,2.536332607269287,2.536332607269287,2.536332607269287,0
1991-01-30,2.536332607269287,2.536332607269287,2.536332607269287,2.536332607269287,0
1991-01-31,2.536332607269287,2.536332607269287,2.536332607269287,2.536332607269287,0
1991-02-01,2.536332607269287,2.536332607269287,2.536332607269287,2.536332607269287,0
1991-02-04,2.4095168113708496,2.4095168113708496,2.4095168113708496,2.4095168113708496,8200
1991-02-05,2.4095168113708496,2.7899668342188786,2.4095168113708496,2.7899668342188786,1500
1991-02-06,2.4095168113708496,2.4095168113708496,2.4095168113708496,2.4095168113708496,3100
1991-02-07,2.4095168113708496,2.4095168113708496,2.4095168113708496,2.4095168113708496,1200
1991-02-08,2.663149833679199,2.663149833679199,2.409516516185942,2.409516516185942,2900
1991-02-11,2.663149833679199,2.663149833679199,2.663149833679199,2.663149833679199,0
1991-02-12,2.4095168113708496,2.4095168113708496,2.4095168113708496,2.4095168113708496,2000
1991-02-13,2.4095168113708496,2.4729251485121875,2.4095168113708496,2.4729251485121875,2900
1991-02-14,2.663149833679199,2.663149833679199,2.409516516185942,2.663149833679199,45000
1991-02-15,2.4095168113708496,2.663150159936202,2.4095168113708496,2.663150159936202,3900
1991-02-19,2.789966106414795,2.789966106414795,2.789966106414795,2.789966106414795,200
1991-02-20,2.789966106414795,2.789966106414795,2.5363328240134497,2.789966106414795,4500
1991-02-21,2.853375196456909,2.853375196456909,2.853375196456909,2.853375196456909,1000
1991-02-22,3.170414447784424,3.170414447784424,2.663148136138916,2.9167812919616702,22600
1991-02-25,3.3025174140930176,3.4295373146350565,3.302517414093017,3.4295373146350565,400
1991-02-26,3.0484769344329834,3.4295365512371068,3.0484769344329834,3.4295365512371068,1700
1991-02-27,3.0484769344329834,3.0484769344329834,3.0484769344329834,3.0484769344329834,300
1991-02-28,3.3025174140930176,3.302517414093017,3.048477613008939,3.048477613008939,11000
1991-03-01,3.0484769344329834,3.0484769344329834,3.0484769344329834,3.0484769344329834,1400
1991-03-04,3.0484769344329834,3.3025166789690656,3.0484769344329834,3.3025166789690656,2300
1991-03-05,3.429539203643799,3.429539203643799,3.429539203643799,3.429539203643799,200
1991-03-06,3.1754963397979736,3.4295360469818115,3.1754963397979736,3.4295360469818115,800
1991-03-07,3.0484769344329834,3.4295365512371068,3.0484769344329834,3.1754968067010245,2500
1991-03-08,3.0484769344329834,3.0484769344329834,3.0484769344329834,3.0484769344329834,1000
1991-03-11,3.0484769344329834,3.4295365512371068,3.0484769344329834,3.0484769344329834,10400
1991-03-12,3.429539203643799,3.429539203643799,3.048479292127821,3.048479292127821,400
1991-03-13,2.7944366931915283,3.048476392572576,2.7944366931915283,3.048476392572576,5400
1991-03-14,2.7944366931915283,2.7944366931915283,2.7944366931915283,2.7944366931915283,100
1991-03-15,3.0484769344329834,3.0484769344329834,2.9214570621649427,3.0484769344329834,5000
1991-03-18,2.85794734954834,3.0484771728515625,2.85794734954834,2.921457290649414,2400
1991-03-19,2.85794734954834,2.85794734954834,2.85794734954834,2.85794734954834,0
1991-03-20,2.85794734954834,2.85794734954834,2.85794734954834,2.85794734954834,0
1991-03-21,2.7944366931915283,3.048476392572576,2.7309267683462664,2.7944366931915283,40000
1991-03-22,2.667417526245117,2.7309274673461914,2.667417526245117,2.7309274673461914,1500
1991-03-25,2.667417526245117,2.667417526245117,2.667417526245117,2.667417526245117,500
1991-03-26,2.921456813812256,3.048476675282354,2.921456813812256,2.921456813812256,3100
1991-03-27,3.0484769344329834,3.0484769344329834,2.7944371898969016,2.7944371898969016,14000
1991-03-28,3.0484769344329834,3.0484769344329834,3.0484769344329834,3.0484769344329834,0
1991-04-01,3.0484769344329834,3.0484769344329834,2.9214570621649427,2.9214570621649427,1700
1991-04-02,2.7944366931915283,2.7944366931915283,2.7944366931915283,2.7944366931915283,100
1991-04-03,2.7944366931915283,3.048476392572576,2.7944366931915283,3.048476392572576,1500
1991-04-04,3.0484769344329834,3.0484769344329834,2.7944371898969016,2.7944371898969016,600
1991-04-05,2.921456813812256,2.921456813812256,2.7944369523421577,2.921456813812256,11400
1991-04-08,2.984966516494751,3.048476442377618,2.921456590611884,2.921456590611884,4600
1991-04-09,2.984966516494751,2.984966516494751,2.984966516494751,2.984966516494751,0
1991-04-10,3.0484769344329834,3.0484769344329834,2.9214570621649427,3.0484769344329834,7900
1991-04-11,3.0484769344329834,3.0484769344329834,3.0484769344329834,3.0484769344329834,0
1991-04-12,2.984966516494751,2.984966516494751,2.921456590611884,2.921456590611884,1000
1991-04-15,3.0484769344329834,3.0484769344329834,3.0484769344329834,3.0484769344329834,200
1991-04-16,3.0484769344329834,3.0484769344329834,2.7944371898969016,2.7944371898969016,2000
1991-04-17,3.0484769344329834,3.0484769344329834,3.0484769344329834,3.0484769344329834,3000
1991-04-18,2.984966516494751,3.048476442377618,2.984966516494751,3.048476442377618,2500
1991-04-19,2.984966516494751,2.984966516494751,2.984966516494751,2.984966516494751,0
1991-04-22,2.984966516494751,2.984966516494751,2.984966516494751,2.984966516494751,0
1991-04-23,3.0484769344329834,3.1754968067010245,2.9214570621649427,2.9214570621649427,6500
1991-04-24,3.1754963397979736,3.1754963397979736,3.1754963397979736,3.1754963397979736,100
1991-04-25,2.921456813812256,2.921456813812256,2.921456813812256,2.921456813812256,500
1991-04-26,3.1754963397979736,3.1754963397979736,3.1754963397979736,3.1754963397979736,100
1991-04-29,3.1754963397979736,3.1754963397979736,3.1754963397979736,3.1754963397979736,0
1991-04-30,3.1754963397979736,3.1754963397979736,3.048476486206055,3.048476486206055,5000
1991-05-01,2.7944366931915283,3.1754962422631006,2.7944366931915283,3.1754962422631006,10100
1991-05-02,2.921456813812256,2.921456813812256,2.921456813812256,2.921456813812256,4100
1991-05-03,3.1119890213012695,3.111989021301269,2.9214590812215997,2.9214590812215997,24500
1991-05-06,2.921456813812256,3.111986606017403,2.921456813812256,2.921456813812256,5500
1991-05-07,2.921456813812256,2.921456813812256,2.921456813812256,2.921456813812256,0
1991-05-08,2.984966516494751,2.984966516494751,2.7944367388461497,2.7944367388461497,1700
1991-05-09,2.984966516494751,2.984966516494751,2.984966516494751,2.984966516494751,0
1991-05-10,2.984966516494751,2.984966516494751,2.984966516494751,2.984966516494751,0
1991-05-13,2.984966516494751,2.984966516494751,2.984966516494751,2.984966516494751,0
1991-05-14,2.984966516494751,2.984966516494751,2.984966516494751,2.984966516494751,0
1991-05-15,2.984966516494751,2.984966516494751,2.984966516494751,2.984966516494751,0
1991-05-16,2.984966516494751,2.984966516494751,2.984966516494751,2.984966516494751,0
1991-05-17,3.1119890213012695,3.111989021301269,3.111989021301269,3.111989021301269,1500
1991-05-20,2.7944366931915283,2.7944366931915283,2.7944366931915283,2.7944366931915283,900
1991-05-21,2.7944366931915283,2.7944366931915283,2.7944366931915283,2.7944366931915283,0
1991-05-22,3.0484769344329834,3.0484769344329834,3.0484769344329834,3.0484769344329834,1100
1991-05-23,3.0484769344329834,3.0484769344329834,3.0484769344329834,3.0484769344329834,0
1991-05-24,2.7944366931915283,2.8579466180367903,2.7944366931915283,2.8579466180367903,1300
1991-05-28,2.799527645111084,2.799527645111084,2.799527645111084,2.799527645111084,0
1991-05-29,3.0540294647216797,3.0540294647216797,3.0540294647216797,3.0540294647216797,100
1991-05-30,2.799527645111084,2.799527645111084,2.799527645111084,2.799527645111084,2300
1991-05-31,2.799527645111084,2.799527645111084,2.799527645111084,2.799527645111084,0
1991-06-03,2.92677903175354,2.9267790317535396,2.7995277695033858,2.7995277695033858,4000
1991-06-04,2.799527645111084,3.054030158303001,2.799527645111084,2.799527645111084,6500
1991-06-05,2.92677903175354,2.9267790317535396,2.9267790317535396,2.9267790317535396,3000
1991-06-06,2.92677903175354,2.9267790317535396,2.7995277695033858,2.7995277695033858,11300
1991-06-07,3.0540294647216797,3.0540294647216797,3.0540294647216797,3.0540294647216797,7200
1991-06-10,2.799527645111084,2.799527645111084,2.799527645111084,2.799527645111084,900
1991-06-11,2.799527645111084,2.799527645111084,2.799527645111084,2.799527645111084,300
1991-06-12,2.799527645111084,2.799527645111084,2.799527645111084,2.799527645111084,3800
1991-06-13,2.6722757816314697,2.9267782370249433,2.6722757816314697,2.9267782370249433,21500
1991-06-14,2.92677903175354,2.9267790317535396,2.9267790317535396,2.9267790317535396,200
1991-06-17,2.92677903175354,2.9267790317535396,2.9267790317535396,2.9267790317535396,0
1991-06-18,2.92677903175354,2.9267790317535396,2.9267790317535396,2.9267790317535396,0
1991-06-19,2.5450243949890137,2.5450243949890137,2.5450243949890137,2.5450243949890137,400
1991-06-20,2.5450243949890137,2.5450243949890137,2.5450243949890137,2.5450243949890137,0
1991-06-21,2.92677903175354,2.9267790317535396,2.608650876128155,2.672276507253232,28300
1991-06-24,2.799527645111084,2.799527645111084,2.799527645111084,2.799527645111084,4800
1991-06-25,2.799527645111084,2.799527645111084,2.799527645111084,2.799527645111084,0
1991-06-26,2.799527645111084,2.799527645111084,2.799527645111084,2.799527645111084,0
1991-06-27,2.5450243949890137,2.5450243949890137,2.5450243949890137,2.5450243949890137,400
1991-06-28,2.5450243949890137,2.5450243949890137,2.5450243949890137,2.5450243949890137,500
1991-07-01,2.5450243949890137,2.5450243949890137,2.5450243949890137,2.5450243949890137,2900
1991-07-02,2.5450243949890137,2.5450243949890137,2.5450243949890137,2.5450243949890137,0
1991-07-03,2.7359018325805664,2.735901832580566,2.735901832580566,2.735901832580566,1500
1991-07-05,2.7359018325805664,2.735901832580566,2.735901832580566,2.735901832580566,0
1991-07-08,2.5450243949890137,2.5450243949890137,2.5450243949890137,2.5450243949890137,200
1991-07-09,2.5450243949890137,2.5450243949890137,2.5450243949890137,2.5450243949890137,0
1991-07-10,2.5450243949890137,2.6722756147384645,2.5450243949890137,2.6722756147384645,1600
1991-07-11,2.5450243949890137,2.5450243949890137,2.5450243949890137,2.5450243949890137,0
1991-07-12,2.5450243949890137,2.5450243949890137,2.5450243949890137,2.5450243949890137,0
1991-07-15,2.5450243949890137,2.5450243949890137,2.5450243949890137,2.5450243949890137,0
1991-07-16,2.5450243949890137,2.5450243949890137,2.5450243949890137,2.5450243949890137,0
1991-07-17,2.5450243949890137,2.5450243949890137,2.5450243949890137,2.5450243949890137,0
1991-07-18,2.5450243949890137,2.5450243949890137,2.5450243949890137,2.5450243949890137,0
1991-07-19,2.7359018325805664,2.735901832580566,2.735901832580566,2.735901832580566,200
1991-07-22,2.7359018325805664,2.735901832580566,2.735901832580566,2.735901832580566,0
1991-07-23,2.7359018325805664,2.735901832580566,2.2905224644860556,2.5450249605400614,8500
1991-07-24,2.7359018325805664,2.735901832580566,2.735901832580566,2.735901832580566,0
1991-07-25,2.6086502075195312,2.6086502075195312,2.6086502075195312,2.6086502075195312,2500
1991-07-26,2.5450243949890137,2.5450243949890137,2.5450243949890137,2.5450243949890137,2500
1991-07-29,2.290522575378418,2.290522575378418,2.290522575378418,2.290522575378418,1000
1991-07-30,2.6086502075195312,2.6086502075195312,2.6086502075195312,2.6086502075195312,100
1991-07-31,2.6086502075195312,2.6086502075195312,2.6086502075195312,2.6086502075195312,0
1991-08-01,2.226896286010742,2.4177731105259483,1.9723938533238001,2.4177731105259483,18600
1991-08-02,2.036019802093506,2.226896658539772,2.036019802093506,2.226896658539772,7200
1991-08-05,2.036019802093506,2.290522277355194,2.036019802093506,2.067832611501217,15800
1991-08-06,2.036019802093506,2.036019802093506,2.036019802093506,2.036019802093506,0
1991-08-07,2.4177732467651367,2.4177732467651367,2.2905220232511825,2.2905220232511825,1800
1991-08-08,2.290522575378418,2.290522575378418,2.290522575378418,2.290522575378418,1000
1991-08-09,2.290522575378418,2.290522575378418,2.290522575378418,2.290522575378418,0
1991-08-12,2.290522575378418,2.290522575378418,2.290522575378418,2.290522575378418,200
1991-08-13,2.290522575378418,2.290522575378418,2.290522575378418,2.290522575378418,0
1991-08-14,2.290522575378418,2.290522575378418,2.290522575378418,2.290522575378418,400
1991-08-15,2.290522575378418,2.290522575378418,2.290522575378418,2.290522575378418,2000
1991-08-16,2.163271427154541,2.3541483177858242,2.163271427154541,2.163271427154541,5700
1991-08-19,2.226896286010742,2.226896286010742,2.0996450696672713,2.0996450696672713,3500
1991-08-20,2.226896286010742,2.226896286010742,2.226896286010742,2.226896286010742,0
1991-08-21,2.3541483879089355,2.4177740200145825,2.226897123697642,2.226897123697642,6500
1991-08-22,2.226896286010742,2.4177731105259483,2.0996450696672713,2.4177731105259483,21200
1991-08-23,2.3541483879089355,2.3541483879089355,2.3541483879089355,2.3541483879089355,11000
1991-08-26,2.226896286010742,2.226896286010742,2.226896286010742,2.226896286010742,2800
1991-08-27,2.168226718902588,2.168226718902588,2.168226718902588,2.168226718902588,700
1991-08-28,2.231997013092041,2.487082386016846,2.16822566986084,2.16822566986084,4900
1991-08-29,2.5508551597595215,2.5508551597595215,2.2319982647895813,2.2319982647895813,2200
1991-08-30,2.295769691467285,2.391426761945089,2.295769691467285,2.295769691467285,2600
1991-09-03,2.295769691467285,2.295769691467285,2.295769691467285,2.295769691467285,0
1991-09-04,2.295769691467285,2.295769691467285,2.295769691467285,2.295769691467285,0
1991-09-05,2.423311710357666,2.423311710357666,2.423311710357666,2.423311710357666,1000
1991-09-06,2.295769691467285,2.295769691467285,2.295769691467285,2.295769691467285,4100
1991-09-09,2.295769691467285,2.4233124521043568,2.295769691467285,2.295769691467285,5900
1991-09-10,2.295769691467285,2.295769691467285,2.295769691467285,2.295769691467285,0
1991-09-11,2.295769691467285,2.295769691467285,2.295769691467285,2.295769691467285,0
1991-09-12,2.295769691467285,2.295769691467285,2.295769691467285,2.295769691467285,200
1991-09-13,2.295769691467285,2.295769691467285,2.295769691467285,2.295769691467285,2300
1991-09-16,2.295769691467285,2.295769691467285,2.295769691467285,2.295769691467285,0
1991-09-17,2.295769691467285,2.295769691467285,2.295769691467285,2.295769691467285,1500
1991-09-18,2.295769691467285,2.295769691467285,2.295769691467285,2.295769691467285,200
1991-09-19,2.423311710357666,2.423311710357666,2.423311710357666,2.423311710357666,6000
1991-09-20,2.423311710357666,2.423311710357666,2.423311710357666,2.423311710357666,0
1991-09-23,2.5508551597595215,2.5508551597595215,2.5508551597595215,2.5508551597595215,500
1991-09-24,2.5508551597595215,2.5508551597595215,2.5508551597595215,2.5508551597595215,0
1991-09-25,2.5508551597595215,2.5508551597595215,2.5508551597595215,2.5508551597595215,0
1991-09-26,2.295769691467285,2.295769691467285,2.295769691467285,2.295769691467285,600
1991-09-27,2.5508551597595215,2.5508551597595215,2.5508551597595215,2.5508551597595215,200
1991-09-30,2.5508551597595215,2.5508551597595215,2.5508551597595215,2.5508551597595215,0
1991-10-01,2.5508551597595215,2.5508551597595215,2.5508551597595215,2.5508551597595215,0
1991-10-02,2.5508551597595215,2.5508551597595215,2.5508551597595215,2.5508551597595215,1000
1991-10-03,2.5508551597595215,2.5508551597595215,2.5508551597595215,2.5508551597595215,0
1991-10-04,2.5508551597595215,2.5508551597595215,2.5508551597595215,2.5508551597595215,0
1991-10-07,2.5508551597595215,2.5508551597595215,2.5508551597595215,2.5508551597595215,0
1991-10-08,2.614626407623291,2.6146264076232906,2.6146264076232906,2.6146264076232906,300
1991-10-09,2.295769691467285,2.295769691467285,2.295769691467285,2.295769691467285,300
1991-10-10,2.295769691467285,2.295769691467285,2.295769691467285,2.295769691467285,0
1991-10-11,2.295769691467285,2.295769691467285,2.295769691467285,2.295769691467285,100
1991-10-14,2.5508551597595215,2.5508551597595215,2.295769643783569,2.3595410227775573,3600
1991-10-15,2.295769691467285,2.550855212741428,2.295769691467285,2.295769691467285,5600
1991-10-16,2.295769691467285,2.295769691467285,2.295769691467285,2.295769691467285,0
1991-10-17,2.423311710357666,2.423311710357666,2.423311710357666,2.423311710357666,1000
1991-10-18,2.295769691467285,2.295769691467285,2.295769691467285,2.295769691467285,300
1991-10-21,2.295769691467285,2.550855212741428,2.295769691467285,2.295769691467285,6100
1991-10-22,2.231997013092041,2.423311042785645,2.231997013092041,2.423311042785645,8400
1991-10-23,2.423311710357666,2.487083071156552,2.2957689887598938,2.487083071156552,20000
1991-10-24,2.295769691467285,2.550855212741428,2.295769691467285,2.550855212741428,11000
1991-10-25,2.295769691467285,2.295769691467285,2.295769691467285,2.295769691467285,0
1991-10-28,2.295769691467285,2.295769691467285,2.295769691467285,2.295769691467285,1400
1991-10-29,2.295769691467285,2.295769691467285,2.295769691467285,2.295769691467285,500
1991-10-30,2.423311710357666,2.423311710357666,2.423311710357666,2.423311710357666,2500
1991-10-31,2.295769691467285,2.295769691467285,2.295769691467285,2.295769691467285,2500
1991-11-01,2.295769691467285,2.295769691467285,2.295769691467285,2.295769691467285,3300
1991-11-04,2.295769691467285,2.550855212741428,2.295769691467285,2.550855212741428,37000
1991-11-05,2.231997013092041,2.2957683563232423,2.231997013092041,2.2957683563232423,5000
1991-11-06,2.423311710357666,2.423311710357666,2.2957689887598938,2.2957689887598938,18600
1991-11-07,2.5508551597595215,2.5508551597595215,2.5508551597595215,2.5508551597595215,400
1991-11-08,2.5508551597595215,2.5508551597595215,2.5508551597595215,2.5508551597595215,0
1991-11-11,2.295769691467285,2.295769691467285,2.295769691467285,2.295769691467285,500
1991-11-12,2.231997013092041,2.423311042785645,2.231997013092041,2.2957683563232423,1700
1991-11-13,2.5508551597595215,2.5508551597595215,2.295769643783569,2.295769643783569,14100
1991-11-14,2.5508551597595215,2.5508551597595215,2.5508551597595215,2.5508551597595215,500
1991-11-15,2.5508551597595215,2.5508551597595215,2.5508551597595215,2.5508551597595215,0
1991-11-18,2.5508551597595215,2.5508551597595215,2.5508551597595215,2.5508551597595215,0
1991-11-19,2.5508551597595215,2.5508551597595215,2.5508551597595215,2.5508551597595215,900
1991-11-20,2.295769691467285,2.295769691467285,2.295769691467285,2.295769691467285,200
1991-11-21,2.295769691467285,2.295769691467285,2.295769691467285,2.295769691467285,0
1991-11-22,2.295769691467285,2.295769691467285,2.295769691467285,2.295769691467285,4000
1991-11-25,2.3647968769073486,2.428710306012953,2.300883447801745,2.428710306012953,13800
1991-11-26,2.3647968769073486,2.3647968769073486,2.300883447801745,2.300883447801745,28000
1991-11-27,2.3008832931518555,2.3008832931518555,2.3008832931518555,2.3008832931518555,200
1991-11-29,2.3008832931518555,2.3008832931518555,2.3008832931518555,2.3008832931518555,0
1991-12-02,2.4287095069885254,2.4287095069885254,2.4287095069885254,2.4287095069885254,4700
1991-12-03,2.3008832931518555,2.3008832931518555,2.3008832931518555,2.3008832931518555,200
1991-12-04,2.3647968769073486,2.3647968769073486,2.3647968769073486,2.3647968769073486,2200
1991-12-05,2.236967086791992,2.3008804321289062,2.173053741455078,2.3008804321289062,35800
1991-12-06,2.3008832931518555,2.3008832931518555,2.3008832931518555,2.3008832931518555,200
1991-12-09,2.3008832931518555,2.5565369923909502,2.3008832931518555,2.3008832931518555,2300
1991-12-10,2.3008832931518555,2.3008832931518555,2.3008832931518555,2.3008832931518555,200
1991-12-11,2.3008832931518555,2.5565369923909502,2.3008832931518555,2.5565369923909502,700
1991-12-12,2.3008832931518555,2.3008832931518555,2.3008832931518555,2.3008832931518555,700
1991-12-13,2.3008832931518555,2.3008832931518555,2.3008832931518555,2.3008832931518555,0
1991-12-16,2.3008832931518555,2.3008832931518555,2.3008832931518555,2.3008832931518555,0
1991-12-17,2.3008832931518555,2.3008832931518555,2.3008832931518555,2.3008832931518555,500
1991-12-18,2.3008832931518555,2.3008832931518555,2.3008832931518555,2.3008832931518555,0
1991-12-19,2.5565364360809326,2.5565364360809326,2.3008827924728394,2.3008827924728394,800
1991-12-20,2.3008832931518555,2.5565369923909502,2.3008832931518555,2.3008832931518555,2300
1991-12-23,2.5565364360809326,2.5565364360809326,2.5565364360809326,2.5565364360809326,200
1991-12-24,2.3008832931518555,2.3008832931518555,2.3008832931518555,2.3008832931518555,400
1991-12-26,2.3008832931518555,2.3008832931518555,2.3008832931518555,2.3008832931518555,300
1991-12-27,2.5565364360809326,2.5565364360809326,2.5565364360809326,2.5565364360809326,8800
1991-12-30,2.3647968769073486,2.620450593329765,2.3647968769073486,2.620450593329765,1600
1991-12-31,2.492623805999756,2.844147676076645,2.492623805999756,2.8121909606151094,11100
1992-01-02,2.8121895790100098,2.8121895790100098,2.556535980918191,2.556535980918191,700
1992-01-03,2.5565364360809326,2.6843632578849794,2.5565364360809326,2.5565364360809326,7300
1992-01-06,2.5565364360809326,2.9400169014930726,2.5565364360809326,2.9400169014930726,500
1992-01-07,2.940016746520996,2.9400167465209965,2.9400167465209965,2.9400167465209965,6800
1992-01-08,3.067843198776245,3.067843198776245,3.067843198776245,3.067843198776245,200
1992-01-09,3.067843198776245,3.067843198776245,3.067843198776245,3.067843198776245,0
1992-01-10,2.8761038780212402,3.195670975579156,2.8761038780212407,3.195670975579156,1600
1992-01-13,2.940016746520996,3.195670376653257,2.876103338987931,3.067843561587127,11700
1992-01-14,3.067843198776245,3.067843198776245,3.067843198776245,3.067843198776245,1000
1992-01-15,3.834806203842163,4.090459950764974,3.067844963073731,3.067844963073731,30400
1992-01-16,3.7069766521453857,3.898716823808078,3.7069766521453857,3.7069766521453857,6700
1992-01-17,3.9626336097717285,3.962633609771729,3.7069798284961335,3.7069798284961335,2800
1992-01-20,3.9626336097717285,3.962633609771729,3.962633609771729,3.962633609771729,0
1992-01-21,3.9626336097717285,3.962633609771729,3.5791529378583355,3.5791529378583355,6200
1992-01-22,3.4513254165649414,3.962632885685674,3.451325416564942,3.579152283845125,28400
1992-01-23,3.579150676727295,3.579150676727295,3.4513238668441772,3.4513238668441772,3700
1992-01-24,3.4513254165649414,3.706979151125308,3.451325416564942,3.451325416564942,3800
1992-01-27,3.7069766521453857,3.7069766521453857,3.7069766521453857,3.7069766521453857,7100
1992-01-28,3.4513254165649414,3.834806018405491,3.451325416564942,3.834806018405491,7900
1992-01-29,3.579150676727295,3.579150676727295,3.579150676727295,3.579150676727295,300
1992-01-30,3.4513254165649414,3.834806018405491,3.451325416564942,3.834806018405491,1500
1992-01-31,3.834806203842163,3.9626330773035687,3.5791524569193527,3.9626330773035687,6300
1992-02-03,3.9626336097717285,3.962633609771729,3.962633609771729,3.962633609771729,400
1992-02-04,3.579150676727295,3.579150676727295,3.579150676727295,3.579150676727295,1000
1992-02-05,3.579150676727295,3.579150676727295,3.579150676727295,3.579150676727295,1700
1992-02-06,3.834806203842163,3.8348062038421635,3.8348062038421635,3.8348062038421635,800
1992-02-07,3.4513254165649414,3.706979151125308,3.451325416564942,3.706979151125308,2000
1992-02-10,3.834806203842163,3.8348062038421635,3.451325583457947,3.451325583457947,1200
1992-02-11,3.834806203842163,3.9626330773035687,3.5791524569193527,3.5791524569193527,35900
1992-02-12,3.7069766521453857,4.09045699547077,3.7069766521453857,3.7069766521453857,12700
1992-02-13,3.7069766521453857,3.7069766521453857,3.7069766521453857,3.7069766521453857,500
1992-02-14,3.7069766521453857,3.7069766521453857,3.7069766521453857,3.7069766521453857,0
1992-02-18,4.090458869934082,4.090458869934082,3.706978350877762,4.090458869934082,13400
1992-02-19,4.090458869934082,4.090458869934082,3.834805190563202,4.090458869934082,14100
1992-02-20,3.834806203842163,4.090459950764974,3.706979330380758,3.706979330380758,8100
1992-02-21,3.7069766521453857,3.9626302143623087,3.7069766521453857,3.9626302143623087,1400
1992-02-24,3.7069766521453857,3.7069766521453857,3.7069766521453857,3.7069766521453857,1000
1992-02-25,3.7120981216430664,3.712098121643066,3.712098121643066,3.712098121643066,700
1992-02-26,3.7120981216430664,3.712098121643066,3.712098121643066,3.712098121643066,0
1992-02-27,3.7120981216430664,3.712098121643066,3.712098121643066,3.712098121643066,0
1992-02-28,3.7120981216430664,4.096108272157866,3.712098121643066,3.712098121643066,7500
1992-03-02,3.9681074619293213,3.9681074619293217,3.9681074619293217,3.9681074619293217,3000
1992-03-03,3.9681074619293213,3.9681074619293217,3.9681074619293217,3.9681074619293217,100
1992-03-04,3.5840938091278076,3.968103860105787,3.5840938091278076,3.5840938091278076,6600
1992-03-05,3.5840938091278076,3.5840938091278076,3.5840938091278076,3.5840938091278076,400
1992-03-06,3.5840938091278076,3.5840938091278076,3.5840938091278076,3.5840938091278076,0
1992-03-09,3.5840938091278076,3.968103860105787,3.5840938091278076,3.968103860105787,2300
1992-03-10,3.7120981216430664,3.712098121643066,3.712098121643066,3.712098121643066,300
1992-03-11,3.7120981216430664,3.968104888652933,3.712098121643066,3.968104888652933,2900
1992-03-12,3.5840938091278076,3.5840938091278076,3.5840938091278076,3.5840938091278076,500
1992-03-13,3.5840938091278076,3.5840938091278076,3.5840938091278076,3.5840938091278076,1000
1992-03-16,3.328087329864502,3.4560906887054443,3.328087329864502,3.4560906887054443,3200
1992-03-17,3.328087329864502,3.328087329864502,3.328087329864502,3.328087329864502,0
1992-03-18,3.328087329864502,3.328087329864502,3.328087329864502,3.328087329864502,0
1992-03-19,3.328087329864502,3.328087329864502,3.328087329864502,3.328087329864502,1000
1992-03-20,3.5840938091278076,3.712097159453801,3.3280871084758217,3.712097159453801,3300
1992-03-23,3.5840938091278076,3.5840938091278076,3.5200921339648112,3.5840938091278076,3500
1992-03-24,3.5200932025909424,3.520093202590943,3.520093202590943,3.520093202590943,800
1992-03-25,3.5840938091278076,3.5840938091278076,3.5840938091278076,3.5840938091278076,800
1992-03-26,3.5840938091278076,3.5840938091278076,3.5840938091278076,3.5840938091278076,0
1992-03-27,3.5840938091278076,3.5840938091278076,3.5840938091278076,3.5840938091278076,0
1992-03-30,3.7120981216430664,3.712098121643066,3.5840947381381327,3.5840947381381327,5000
1992-03-31,3.7120981216430664,3.712098121643066,3.712098121643066,3.712098121643066,0
1992-04-01,3.45609188079834,3.6480969852871366,3.45609188079834,3.6480969852871366,7500
1992-04-02,3.45609188079834,3.584095283790871,3.45609188079834,3.45609188079834,3000
1992-04-03,3.45609188079834,3.45609188079834,3.45609188079834,3.45609188079834,300
1992-04-06,2.0480542182922363,3.5840948820114136,2.0480542182922363,3.5840948820114136,36100
1992-04-07,1.9200516939163208,2.432065478960673,1.2800344626108806,2.432065478960673,35100
1992-04-08,1.7920469045639038,1.7920469045639038,1.5360402039119176,1.7920469045639038,3300
1992-04-09,2.0480542182922363,2.0480542182922363,2.0480542182922363,2.0480542182922363,500
1992-04-10,1.664043664932251,2.048053741455078,1.664043664932251,2.048053741455078,1800
1992-04-13,2.0480542182922363,2.0480542182922363,2.0480542182922363,2.0480542182922363,400
1992-04-14,2.0480542182922363,2.0480542182922363,2.0480542182922363,2.0480542182922363,100
1992-04-15,2.0480542182922363,2.0480542182922363,2.0480542182922363,2.0480542182922363,0
1992-04-16,1.2800332307815552,1.7920465230941771,1.2800332307815552,1.7280448615550994,8900
1992-04-20,1.4080373048782349,1.7920474789359353,1.280033913525668,1.7920474789359353,5800
1992-04-21,1.0240271091461182,1.4080372750759125,1.0240271091461182,1.2800338864326477,11000
1992-04-22,1.664043664932251,1.7920470237731934,1.5360403060913086,1.7920470237731934,3000
1992-04-23,1.7920469045639038,1.7920469045639038,1.7920469045639038,1.7920469045639038,1800
1992-04-24,1.5360394716262817,1.5360394716262817,1.5360394716262817,1.5360394716262817,2500
1992-04-27,1.5360394716262817,1.5360394716262817,1.5360394716262817,1.5360394716262817,0
1992-04-28,1.4080373048782349,1.4080373048782349,1.4080373048782349,1.4080373048782349,500
1992-04-29,1.7920469045639038,1.7920469045639038,1.7920469045639038,1.7920469045639038,400
1992-04-30,1.5360394716262817,1.792046050230662,1.5360394716262817,1.792046050230662,1900
1992-05-01,1.7920469045639038,1.7920469045639038,1.6000418790749142,1.6640435542379108,25500
1992-05-04,1.7920469045639038,1.7920469045639038,1.7920469045639038,1.7920469045639038,0
1992-05-05,1.7920469045639038,1.7920469045639038,1.7920469045639038,1.7920469045639038,0
1992-05-06,1.7920469045639038,1.7920469045639038,1.7920469045639038,1.7920469045639038,0
1992-05-07,1.7920469045639038,1.7920469045639038,1.7920469045639038,1.7920469045639038,0
1992-05-08,1.7920469045639038,1.7920469045639038,1.7920469045639038,1.7920469045639038,4000
1992-05-11,1.7920469045639038,1.7920469045639038,1.7920469045639038,1.7920469045639038,0
1992-05-12,1.7920469045639038,1.7920469045639038,1.7920469045639038,1.7920469045639038,0
1992-05-13,1.5360394716262817,1.5360394716262817,1.5360394716262817,1.5360394716262817,1500
1992-05-14,1.9840537309646606,1.9840537309646609,1.6000433314231135,1.9840537309646609,3900
1992-05-15,1.7920469045639038,1.920050254889897,1.7920469045639038,1.920050254889897,3000
1992-05-18,1.664043664932251,1.664043664932251,1.664043664932251,1.664043664932251,300
1992-05-19,1.664043664932251,1.664043664932251,1.664043664932251,1.664043664932251,0
1992-05-20,1.664043664932251,1.664043664932251,1.664043664932251,1.664043664932251,0
1992-05-21,1.664043664932251,1.664043664932251,1.664043664932251,1.664043664932251,0
1992-05-22,1.7920469045639038,2.3040603058678766,1.7920469045639038,2.3040603058678766,2900
1992-05-26,2.3106629848480225,2.3106629848480225,1.925552487373352,2.053922653198242,6500
1992-05-27,2.053922414779663,2.310662716627121,1.9255522638559341,2.310662716627121,5000
1992-05-28,2.3106629848480225,2.3106629848480225,2.1822928190231323,2.1822928190231323,1200
1992-05-29,2.4390320777893066,2.4390320777893066,2.4390320777893066,2.4390320777893066,1300
1992-06-01,2.4390320777893066,2.4390320777893066,2.4390320777893066,2.4390320777893066,0
1992-06-02,1.9255534410476685,1.9255534410476687,1.9255534410476687,1.9255534410476687,200
1992-06-03,1.9255534410476685,2.4390343586603804,1.9255534410476687,2.4390343586603804,1400
1992-06-04,2.4390320777893066,2.4390320777893066,2.4390320777893066,2.4390320777893066,1200
1992-06-05,2.4390320777893066,2.4390320777893066,2.4390320777893066,2.4390320777893066,0
1992-06-08,1.9255534410476685,1.9255534410476687,1.9255534410476687,1.9255534410476687,1600
1992-06-09,2.053922414779663,2.053922414779663,2.053922414779663,2.053922414779663,500
1992-06-10,1.9255534410476685,1.9255534410476687,1.9255534410476687,1.9255534410476687,2200
1992-06-11,1.9255534410476685,1.9255534410476687,1.9255534410476687,1.9255534410476687,0
1992-06-12,1.9255534410476685,1.9255534410476687,1.9255534410476687,1.9255534410476687,0
1992-06-15,1.9255534410476685,1.9255534410476687,1.9255534410476687,1.9255534410476687,0
1992-06-16,1.9255534410476685,1.9255534410476687,1.9255534410476687,1.9255534410476687,300
1992-06-17,2.118108034133911,2.118108034133911,1.9255527583035557,1.9255527583035557,2000
1992-06-18,1.9255534410476685,1.9255534410476687,1.9255534410476687,1.9255534410476687,1000
1992-06-19,1.9255534410476685,1.9255534410476687,1.9255534410476687,1.9255534410476687,0
1992-06-22,1.9255534410476685,1.9255534410476687,1.9255534410476687,1.9255534410476687,500
1992-06-23,1.9255534410476685,1.9255534410476687,1.9255534410476687,1.9255534410476687,500
1992-06-24,2.053922414779663,2.053922414779663,2.053922414779663,2.053922414779663,1500
1992-06-25,2.182292938232422,2.182292938232422,2.182292938232422,2.182292938232422,1000
1992-06-26,2.182292938232422,2.182292938232422,2.182292938232422,2.182292938232422,0
1992-06-29,1.9897385835647583,1.9897385835647583,1.925553467965895,1.925553467965895,8000
1992-06-30,1.9255534410476685,2.1822938998540247,1.9255534410476687,2.1822938998540247,1500
1992-07-01,2.182292938232422,2.182292938232422,2.182292938232422,2.182292938232422,1000
1992-07-02,2.182292938232422,2.182292938232422,2.182292938232422,2.182292938232422,0
1992-07-06,1.9255534410476685,1.9255534410476687,1.9255534410476687,1.9255534410476687,200
1992-07-07,1.9255534410476685,1.9255534410476687,1.9255534410476687,1.9255534410476687,85500
1992-07-08,2.182292938232422,2.182292938232422,2.182292938232422,2.182292938232422,5000
1992-07-09,2.053922414779663,2.182292565703392,1.9255522638559341,1.9255522638559341,18700
1992-07-10,1.9255534410476685,1.9255534410476687,1.9255534410476687,1.9255534410476687,1200
1992-07-13,1.9255534410476685,1.9255534410476687,1.9255534410476687,1.9255534410476687,1200
1992-07-14,1.9255534410476685,1.9255534410476687,1.9255534410476687,1.9255534410476687,0
1992-07-15,2.053922414779663,2.182292565703392,2.053922414779663,2.182292565703392,1300
1992-07-16,2.053922414779663,2.053922414779663,2.053922414779663,2.053922414779663,0
1992-07-17,2.118108034133911,2.118108034133911,1.9255527583035557,2.0539229421904595,15600
1992-07-20,1.9255534410476685,1.9255534410476687,1.9255534410476687,1.9255534410476687,500
1992-07-21,2.0218300819396973,2.0218300819396973,1.9255524589901878,1.9255524589901878,5700
1992-07-22,2.0218300819396973,2.0218300819396973,2.0218300819396973,2.0218300819396973,0
1992-07-23,2.0218300819396973,2.0218300819396973,2.0218300819396973,2.0218300819396973,0
1992-07-24,2.0218300819396973,2.0218300819396973,2.0218300819396973,2.0218300819396973,0
1992-07-27,2.182292938232422,2.182292938232422,2.182292938232422,2.182292938232422,100
1992-07-28,2.182292938232422,2.182292938232422,2.182292938232422,2.182292938232422,0
1992-07-29,2.053922414779663,2.053922414779663,1.9255522638559341,1.9255522638559341,7700
1992-07-30,2.182292938232422,2.182292938232422,2.182292938232422,2.182292938232422,500
1992-07-31,2.182292938232422,2.4390332839068245,2.0539227653952206,2.0539227653952206,7800
1992-08-03,2.182292938232422,2.182292938232422,2.182292938232422,2.182292938232422,0
1992-08-04,2.182292938232422,2.182292938232422,2.182292938232422,2.182292938232422,0
1992-08-05,2.182292938232422,2.182292938232422,2.182292938232422,2.182292938232422,0
1992-08-06,2.053922414779663,2.053922414779663,2.053922414779663,2.053922414779663,600
1992-08-07,2.053922414779663,2.053922414779663,2.053922414779663,2.053922414779663,300
1992-08-10,2.053922414779663,2.053922414779663,2.053922414779663,2.053922414779663,0
1992-08-11,2.3106629848480225,2.3106629848480225,2.3106629848480225,2.3106629848480225,500
1992-08-12,2.3106629848480225,2.3106629848480225,2.3106629848480225,2.3106629848480225,0
1992-08-13,2.053922414779663,2.310662716627121,2.053922414779663,2.053922414779663,1200
1992-08-14,2.3106629848480225,2.3106629848480225,2.3106629848480225,2.3106629848480225,900
1992-08-17,2.3106629848480225,2.3106629848480225,2.3106629848480225,2.3106629848480225,0
1992-08-18,2.182292938232422,2.310663111069623,2.0539227653952206,2.0539227653952206,8000
1992-08-19,2.182292938232422,2.182292938232422,2.182292938232422,2.182292938232422,0
1992-08-20,2.182292938232422,2.182292938232422,2.182292938232422,2.182292938232422,0
1992-08-21,2.182292938232422,2.182292938232422,2.182292938232422,2.182292938232422,0
1992-08-24,2.182292938232422,2.182292938232422,2.182292938232422,2.182292938232422,300
1992-08-25,2.2464754581451416,2.2464754581451416,2.1822904450552802,2.1822904450552802,10000
1992-08-26,2.2516226768493652,2.2516226768493652,2.2516226768493652,2.2516226768493652,0
1992-08-27,2.0586283206939697,2.0586283206939697,2.0586283206939697,2.0586283206939697,500
1992-08-28,2.0586283206939697,2.0586283206939697,2.0586283206939697,2.0586283206939697,3200
1992-08-31,2.1872920989990234,2.1872920989990234,2.058627857881434,2.058627857881434,5400
1992-09-01,2.1872920989990234,2.1872920989990234,2.1872920989990234,2.1872920989990234,400
1992-09-02,2.0586283206939697,2.0586283206939697,2.0586283206939697,2.0586283206939697,200
1992-09-03,2.3159568309783936,2.3159568309783936,2.0586282942030163,2.0586282942030163,1700
1992-09-04,2.0586283206939697,2.187292590737343,2.0586283206939697,2.1229604557156563,3200
1992-09-08,2.3159568309783936,2.3159568309783936,2.0586282942030163,2.2516246967845492,4700
1992-09-09,2.0586283206939697,2.444621130824089,2.0586283206939697,2.444621130824089,2100
1992-09-10,2.0586283206939697,2.0586283206939697,2.0586283206939697,2.0586283206939697,0
1992-09-11,2.444620370864868,2.444620370864868,2.2516240257965894,2.315956140819349,11800
1992-09-14,2.701948642730713,2.701948642730713,2.444620200565883,2.444620200565883,2600
1992-09-15,2.830613613128662,2.830613613128662,2.70194935798645,2.70194935798645,4200
1992-09-16,2.5732839107513428,2.959276497364044,2.4446197152137756,2.4446197152137756,5100
1992-09-17,2.5732839107513428,2.5732839107513428,2.5732839107513428,2.5732839107513428,800
1992-09-18,2.5732839107513428,2.5732839107513428,2.5732839107513428,2.5732839107513428,200
1992-09-21,2.5732839107513428,2.5732839107513428,2.5732839107513428,2.5732839107513428,100
1992-09-22,2.830613613128662,2.830613613128662,2.5732851028442383,2.830613613128662,1300
1992-09-23,2.444620370864868,2.444620370864868,2.444620370864868,2.444620370864868,1000
1992-09-24,2.444620370864868,2.444620370864868,2.444620370864868,2.444620370864868,1000
1992-09-25,2.444620370864868,2.444620370864868,2.444620370864868,2.444620370864868,100
1992-09-28,2.444620370864868,2.8306130610014266,2.444620370864868,2.8306130610014266,500
1992-09-29,2.444620370864868,2.444620370864868,2.444620370864868,2.444620370864868,0
1992-09-30,2.7662816047668457,2.7662816047668457,2.4446209530497707,2.4446209530497707,18500
1992-10-01,2.7662816047668457,2.7662816047668457,2.7662816047668457,2.7662816047668457,0
1992-10-02,2.7662816047668457,2.7662816047668457,2.7662816047668457,2.7662816047668457,0
1992-10-05,2.7662816047668457,2.7662816047668457,2.7662816047668457,2.7662816047668457,0
1992-10-06,2.9592769145965576,2.9592769145965576,2.7019484872403354,2.8306127009184463,1600
1992-10-07,2.701948642730713,2.894944974354335,2.701948642730713,2.894944974354335,2500
1992-10-08,2.701948642730713,2.701948642730713,2.701948642730713,2.701948642730713,500
1992-10-09,2.701948642730713,2.701948642730713,2.701948642730713,2.701948642730713,0
1992-10-12,2.7662816047668457,2.8306137351102607,2.7019494744234307,2.7662816047668457,15300
1992-10-13,2.701948642730713,3.0879413059779575,2.701948642730713,2.701948642730713,1300
1992-10-14,2.830613613128662,2.959277868270874,2.830613613128662,2.959277868270874,500
1992-10-15,3.0879404544830322,3.0879404544830322,2.830612083276113,2.830612083276113,1100
1992-10-16,2.894946813583374,2.8949468135833736,2.8949468135833736,2.8949468135833736,1000
1992-10-19,2.701948642730713,2.9592770848955428,2.701948642730713,2.701948642730713,7600
1992-10-20,2.701948642730713,2.701948642730713,2.701948642730713,2.701948642730713,0
1992-10-21,3.0236096382141113,3.0879417581761137,2.7019490384041,2.7019490384041,64300
1992-10-22,3.0236096382141113,3.0236096382141118,3.0236096382141118,3.0236096382141118,0
1992-10-23,2.830613613128662,2.959277868270874,2.830613613128662,2.959277868270874,4000
1992-10-26,3.152276039123535,3.152276039123535,3.152276039123535,3.152276039123535,100
1992-10-27,3.0879404544830322,3.0879404544830322,2.959276268879573,3.0879404544830322,2100
1992-10-28,2.830613613128662,2.959277868270874,2.830613613128662,2.959277868270874,7900
1992-10-29,2.830613613128662,2.830613613128662,2.830613613128662,2.830613613128662,2700
1992-10-30,2.830613613128662,2.830613613128662,2.830613613128662,2.830613613128662,1000
1992-11-02,2.701948642730713,2.701948642730713,2.701948642730713,2.701948642730713,1000
1992-11-03,2.701948642730713,2.701948642730713,2.701948642730713,2.701948642730713,0
1992-11-04,2.7662816047668457,2.8306137351102607,2.7662816047668457,2.7662816047668457,6000
1992-11-05,2.7662816047668457,2.7662816047668457,2.7662816047668457,2.7662816047668457,0
1992-11-06,2.7662816047668457,2.7662816047668457,2.7662816047668457,2.7662816047668457,0
1992-11-09,2.7662816047668457,2.7662816047668457,2.7662816047668457,2.7662816047668457,0
1992-11-10,3.0879404544830322,3.0879404544830322,3.0879404544830322,3.0879404544830322,100
1992-11-11,3.0879404544830322,3.0879404544830322,3.0879404544830322,3.0879404544830322,0
1992-11-12,3.0879404544830322,3.0879404544830322,3.0879404544830322,3.0879404544830322,0
1992-11-13,3.0879404544830322,3.0879404544830322,3.0879404544830322,3.0879404544830322,0
1992-11-16,2.701948642730713,2.701948642730713,2.701948642730713,2.701948642730713,300
1992-11-17,2.9592769145965576,3.087941128274669,2.8306127009184463,3.087941128274669,7600
1992-11-18,2.7662816047668457,3.087942256483921,2.7662816047668457,3.087942256483921,1100
1992-11-19,2.7662816047668457,2.7662816047668457,2.7019494744234307,2.7019494744234307,5000
1992-11-20,2.701948642730713,2.701948642730713,2.701948642730713,2.701948642730713,23000
1992-11-23,2.894946813583374,2.959278964996338,2.798448586463928,2.959278964996338,13800
1992-11-24,2.7712080478668213,2.9645481442296227,2.706761349079221,2.706761349079221,14200
1992-11-25,2.7712080478668213,2.7712080478668213,2.7712080478668213,2.7712080478668213,0
1992-11-27,2.7712080478668213,2.7712080478668213,2.7712080478668213,2.7712080478668213,0
1992-11-30,2.964548110961914,2.964548110961914,2.964548110961914,2.964548110961914,8200
1992-12-01,3.093440294265747,3.093440294265747,2.835653603076935,2.835653603076935,5900
1992-12-02,3.093440294265747,3.093440294265747,3.028993621468544,3.028993621468544,14100
1992-12-03,2.8356544971466064,2.8356544971466064,2.8356544971466064,2.8356544971466064,100
1992-12-04,2.8356544971466064,2.8356544971466064,2.8356544971466064,2.8356544971466064,0
1992-12-07,2.964548110961914,3.2223349032194717,2.8356547148331352,2.8356547148331352,1300
1992-12-08,3.093440294265747,3.222333639860153,2.964546948671341,3.222333639860153,1900
1992-12-09,2.964548110961914,3.2223349032194717,2.964548110961914,3.093441507090693,46300
1992-12-10,3.093440294265747,3.15788696706295,3.093440294265747,3.093440294265747,20900
1992-12-11,3.286781072616577,3.3512277603149414,3.0934410095214844,3.222334384918213,19000
1992-12-14,3.4801225662231445,3.4801225662231445,3.4801225662231445,3.4801225662231445,1000
1992-12-15,3.222334384918213,3.286781072616577,3.222334384918213,3.286781072616577,200
1992-12-16,3.222334384918213,3.222334384918213,3.222334384918213,3.222334384918213,0
1992-12-17,3.222334384918213,3.48012113571167,3.222334384918213,3.48012113571167,600
1992-12-18,3.222334384918213,3.222334384918213,3.222334384918213,3.222334384918213,24000
1992-12-21,3.286781072616577,3.3512277603149414,3.222334384918213,3.286781072616577,14600
1992-12-22,3.222334384918213,3.222334384918213,3.222334384918213,3.222334384918213,200
1992-12-23,3.222334384918213,3.222334384918213,3.222334384918213,3.222334384918213,0
1992-12-24,3.351229667663574,3.3512296676635747,3.2223362189072833,3.2223362189072833,2200
1992-12-28,3.222334384918213,3.3190044164657593,3.222334384918213,3.222334384918213,3900
1992-12-29,3.222334384918213,3.3512277603149414,3.222334384918213,3.222334384918213,2600
1992-12-30,3.222334384918213,3.3512277603149414,3.222334384918213,3.222334384918213,400
1992-12-31,3.351229667663574,3.3512296676635747,3.3512296676635747,3.3512296676635747,600
1993-01-04,3.222334384918213,3.222334384918213,3.222334384918213,3.222334384918213,1200
1993-01-05,3.351229667663574,3.3512296676635747,3.3512296676635747,3.3512296676635747,500
1993-01-06,3.351229667663574,3.3512296676635747,3.3512296676635747,3.3512296676635747,100
1993-01-07,3.351229667663574,3.3512296676635747,3.3512296676635747,3.3512296676635747,0
1993-01-08,3.351229667663574,3.3512296676635747,3.3512296676635747,3.3512296676635747,0
1993-01-11,3.286781072616577,3.286781072616577,3.286781072616577,3.286781072616577,1000
1993-01-12,3.351229667663574,3.480123116419866,3.2223362189072833,3.3512296676635747,6600
1993-01-13,3.6090140342712402,3.60901403427124,3.60901403427124,3.60901403427124,100
1993-01-14,3.4801225662231445,3.4801225662231445,3.3512291378445096,3.3512291378445096,120400
1993-01-15,3.4801225662231445,3.4801225662231445,3.4801225662231445,3.4801225662231445,0
1993-01-18,3.351229667663574,3.480123116419866,3.3512296676635747,3.480123116419866,700
1993-01-19,3.6090140342712402,3.60901403427124,3.35122731753758,3.35122731753758,900
1993-01-20,3.6090140342712402,3.60901403427124,3.48012067590441,3.48012067590441,2900
1993-01-21,3.866800546646118,3.866800546646118,3.866800546646118,3.866800546646118,1000
1993-01-22,3.7379093170166016,3.995696166466023,3.737909317016602,3.737909317016602,5300
1993-01-25,4.124588489532471,4.124588489532471,3.8023550137877464,3.8668017089366913,8700
1993-01-26,3.7379093170166016,3.995696166466023,3.737909317016602,3.737909317016602,3900
1993-01-27,3.7379093170166016,3.737909317016602,3.737909317016602,3.737909317016602,0
1993-01-28,3.7379093170166016,3.866802741741312,3.737909317016602,3.737909317016602,5000
1993-01-29,3.9312469959259033,3.9312469959259033,3.737906979732826,3.737906979732826,8300
1993-02-01,3.9312469959259033,3.9312469959259033,3.9312469959259033,3.9312469959259033,0
1993-02-02,3.9956958293914795,3.995695829391479,3.737909001688803,3.737909001688803,800
1993-02-03,3.9956958293914795,3.995695829391479,3.995695829391479,3.995695829391479,0
1993-02-04,3.7379093170166016,3.995696166466023,3.737909317016602,3.995696166466023,900
1993-02-05,3.9956958293914795,3.995695829391479,3.995695829391479,3.995695829391479,1100
1993-02-08,3.9956958293914795,3.995695829391479,3.995695829391479,3.995695829391479,0
1993-02-09,3.7379093170166016,3.866802741741312,3.737909317016602,3.737909317016602,20700
1993-02-10,3.7379093170166016,3.995696166466023,3.737909317016602,3.737909317016602,12200
1993-02-11,3.9956958293914795,3.995695829391479,3.737909001688803,3.737909001688803,13500
1993-02-12,4.124588489532471,4.124588489532471,3.995695099234581,3.995695099234581,3500
1993-02-16,4.253481864929199,4.253481864929199,3.99569508523652,4.189035170006029,7000
1993-02-17,4.124588489532471,4.38237527012825,3.8668017089366913,3.995695099234581,1700
1993-02-18,4.124588489532471,4.124588489532471,4.124588489532471,4.124588489532471,0
1993-02-19,4.382374286651611,4.382374286651611,3.8668008411631867,3.8668008411631867,1300
1993-02-22,4.382374286651611,4.382374286651611,4.382374286651611,4.382374286651611,0
1993-02-23,3.8713555335998535,4.12944590250651,3.871355533599853,4.12944590250651,1100
1993-02-24,4.129446983337402,4.129446983337402,3.8713565468788147,3.8713565468788147,2400
1993-02-25,4.38753604888916,4.38753604888916,3.871355337255141,3.871355337255141,400
1993-02-26,4.38753604888916,4.38753604888916,4.38753604888916,4.38753604888916,0
1993-03-01,4.064924716949463,4.064924716949463,4.000402102394709,4.000402102394709,2000
1993-03-02,4.000402450561523,4.000402450561523,4.000402450561523,4.000402450561523,1000
1993-03-03,4.38753604888916,4.38753604888916,4.258490870980655,4.258490870980655,600
1993-03-04,4.2584919929504395,4.387537204858028,4.2584919929504395,4.387537204858028,800
1993-03-05,4.2584919929504395,4.2584919929504395,4.2584919929504395,4.2584919929504395,0
1993-03-08,4.129446983337402,4.129446983337402,4.129446983337402,4.129446983337402,6200
1993-03-09,4.129446983337402,4.129446983337402,4.129446983337402,4.129446983337402,600
1993-03-10,4.129446983337402,4.129446983337402,4.129446983337402,4.129446983337402,6700
1993-03-11,4.2584919929504395,4.2584919929504395,4.129446781042851,4.1939693869966455,8000
1993-03-12,4.129446983337402,4.129446983337402,4.129446983337402,4.129446983337402,6500
1993-03-15,4.2584919929504395,4.387537204858028,4.129446781042851,4.2584919929504395,16500
1993-03-16,4.2584919929504395,4.387537204858028,4.2584919929504395,4.2584919929504395,8500
1993-03-17,4.2584919929504395,4.387537204858028,4.129446781042851,4.129446781042851,4400
1993-03-18,4.2584919929504395,4.2584919929504395,4.2584919929504395,4.2584919929504395,12700
1993-03-19,4.129446983337402,4.38753741979599,4.129446983337402,4.38753741979599,1700
1993-03-22,4.2584919929504395,4.2584919929504395,4.129446781042851,4.129446781042851,600
1993-03-23,4.2584919929504395,4.2584919929504395,4.2584919929504395,4.2584919929504395,0
1993-03-24,4.2584919929504395,4.2584919929504395,4.129446781042851,4.129446781042851,3700
1993-03-25,4.064924716949463,4.387537789723229,4.064924716949463,4.387537789723229,1600
1993-03-26,4.064924716949463,4.064924716949463,4.064924716949463,4.064924716949463,0
1993-03-29,4.000402450561523,4.000402450561523,4.000402450561523,4.000402450561523,3000
1993-03-30,4.000402450561523,4.129447690902218,4.000402450561523,4.000402450561523,5000
1993-03-31,4.000402450561523,4.000402450561523,4.000402450561523,4.000402450561523,100
1993-04-01,4.000402450561523,4.000402450561523,4.000402450561523,4.000402450561523,0
1993-04-02,4.129446983337402,4.129446983337402,4.0004017651081085,4.0004017651081085,1500
1993-04-05,4.129446983337402,4.129446983337402,4.129446983337402,4.129446983337402,500
1993-04-06,4.000402450561523,4.129447690902218,3.8713572102208293,4.129447690902218,7000
1993-04-07,4.000402450561523,4.000402450561523,4.000402450561523,4.000402450561523,0
1993-04-08,4.129446983337402,4.129446983337402,4.0004017651081085,4.0004017651081085,400
1993-04-12,3.8713555335998535,3.871355533599853,3.871355533599853,3.871355533599853,2600
1993-04-13,4.000402450561523,4.000402450561523,4.000402450561523,4.000402450561523,5000
1993-04-14,4.129446983337402,4.129446983337402,3.8713565468788147,3.8713565468788147,9100
1993-04-15,3.8713555335998535,4.000400718053181,3.871355533599853,3.871355533599853,1600
1993-04-16,3.8713555335998535,3.871355533599853,3.871355533599853,3.871355533599853,1000
1993-04-19,4.129446983337402,4.129446983337402,3.8713565468788147,3.8713565468788147,700
1993-04-20,4.129446983337402,4.129446983337402,4.129446983337402,4.129446983337402,0
1993-04-21,3.8713555335998535,3.871355533599853,3.871355533599853,3.871355533599853,100
1993-04-22,3.8713555335998535,3.871355533599853,3.871355533599853,3.871355533599853,0
1993-04-23,4.000402450561523,4.000402450561523,3.8713572102208293,3.8713572102208293,4000
1993-04-26,4.000402450561523,4.129447690902218,4.000402450561523,4.129447690902218,1000
1993-04-27,3.8713555335998535,3.871355533599853,3.871355533599853,3.871355533599853,500
1993-04-28,3.8713555335998535,3.871355533599853,3.871355533599853,3.871355533599853,7900
1993-04-29,3.935878038406372,4.000400629199919,3.935878038406372,4.000400629199919,6000
1993-04-30,3.935878038406372,3.935878038406372,3.935878038406372,3.935878038406372,6600
1993-05-03,3.935878038406372,3.935878038406372,3.935878038406372,3.935878038406372,0
1993-05-04,4.129446983337402,4.129446983337402,4.129446983337402,4.129446983337402,600
1993-05-05,4.129446983337402,4.129446983337402,4.129446983337402,4.129446983337402,0
1993-05-06,3.8713555335998535,3.871355533599853,3.871355533599853,3.871355533599853,1600
1993-05-07,4.129446983337402,4.129446983337402,4.0004017651081085,4.0004017651081085,2200
1993-05-10,4.129446983337402,4.129446983337402,4.129446983337402,4.129446983337402,0
1993-05-11,4.064924716949463,4.129447331504216,4.064924716949463,4.129447331504216,1300
1993-05-12,4.064924716949463,4.064924716949463,4.064924716949463,4.064924716949463,0
1993-05-13,3.935878038406372,3.935878038406372,3.935878038406372,3.935878038406372,5000
1993-05-14,4.129446983337402,4.129446983337402,4.129446983337402,4.129446983337402,300
1993-05-17,4.129446983337402,4.129446983337402,4.129446983337402,4.129446983337402,0
1993-05-18,3.935878038406372,3.935878038406372,3.8068328568192777,3.8068328568192777,10400
1993-05-19,3.74231219291687,3.74231219291687,3.74231219291687,3.74231219291687,500
1993-05-20,3.74231219291687,3.74231219291687,3.74231219291687,3.74231219291687,0
1993-05-21,3.74231219291687,3.74231219291687,3.74231219291687,3.74231219291687,0
1993-05-24,3.74231219291687,3.74231219291687,3.74231219291687,3.74231219291687,500
1993-05-25,4.138009071350098,4.138009071350098,3.750070720911026,3.750070720911026,500
1993-05-26,4.138009071350098,4.138009071350098,4.138009071350098,4.138009071350098,600
1993-05-27,3.944037437438965,3.9440374374389653,3.750068383138688,3.750068383138688,2400
1993-05-28,3.944037437438965,3.9440374374389653,3.9440374374389653,3.9440374374389653,0
1993-06-01,3.750070333480835,4.008695873720892,3.750070333480835,3.8793831036008637,4700
1993-06-02,3.750070333480835,3.750070333480835,3.750070333480835,3.750070333480835,0
1993-06-03,3.750070333480835,3.750070333480835,3.750070333480835,3.750070333480835,0
1993-06-04,3.750070333480835,3.750070333480835,3.750070333480835,3.750070333480835,0
1993-06-07,3.750070333480835,3.750070333480835,3.750070333480835,3.750070333480835,0
1993-06-08,3.750070333480835,3.750070333480835,3.750070333480835,3.750070333480835,400
1993-06-09,4.138009071350098,4.138009071350098,3.8793835043907166,3.8793835043907166,1600
1993-06-10,3.879382371902466,3.879382371902466,3.879382371902466,3.879382371902466,2200
1993-06-11,3.879382371902466,3.879382371902466,3.879382371902466,3.879382371902466,0
1993-06-14,3.879382371902466,3.879382371902466,3.879382371902466,3.879382371902466,700
1993-06-15,3.879382371902466,4.0086951176325485,3.879382371902466,4.0086951176325485,1200
1993-06-16,3.879382371902466,4.073351490497589,3.879382371902466,4.073351490497589,1900
1993-06-17,3.879382371902466,3.879382371902466,3.879382371902466,3.879382371902466,600
1993-06-18,3.879382371902466,3.879382371902466,3.879382371902466,3.879382371902466,500
1993-06-21,3.879382371902466,4.0086951176325485,3.879382371902466,3.879382371902466,8800
1993-06-22,3.879382371902466,3.879382371902466,3.879382371902466,3.879382371902466,0
1993-06-23,3.879382371902466,3.879382371902466,3.879382371902466,3.879382371902466,3700
1993-06-24,3.879382371902466,3.879382371902466,3.879382371902466,3.879382371902466,8400
1993-06-25,4.008696556091309,4.008696556091309,3.9440401600253194,3.9440401600253194,26100
1993-06-28,3.944037437438965,4.138006491739242,3.8793810860055395,3.8793810860055395,1100
1993-06-29,3.944037437438965,3.9440374374389653,3.8793810860055395,3.8793810860055395,2000
1993-06-30,3.944037437438965,3.9440374374389653,3.9440374374389653,3.9440374374389653,0
1993-07-01,4.267322540283203,4.267322540283203,4.267322540283203,4.267322540283203,100
1993-07-02,4.008696556091309,4.008696556091309,4.008696556091309,4.008696556091309,1000
1993-07-06,4.008696556091309,4.008696556091309,4.008696556091309,4.008696556091309,0
1993-07-07,4.008696556091309,4.008696556091309,4.008696556091309,4.008696556091309,0
1993-07-08,4.008696556091309,4.008696556091309,4.008696556091309,4.008696556091309,0
1993-07-09,4.008696556091309,4.008696556091309,4.008696556091309,4.008696556091309,0
1993-07-12,4.008696556091309,4.008696556091309,4.008696556091309,4.008696556091309,0
1993-07-13,4.008696556091309,4.008696556091309,4.008696556091309,4.008696556091309,0
1993-07-14,3.879382371902466,3.879382371902466,3.879382371902466,3.879382371902466,1900
1993-07-15,3.879382371902466,3.879382371902466,3.879382371902466,3.879382371902466,1500
1993-07-16,3.879382371902466,3.879382371902466,3.879382371902466,3.879382371902466,0
1993-07-19,3.879382371902466,3.879382371902466,3.879382371902466,3.879382371902466,0
1993-07-20,3.879382371902466,3.879382371902466,3.879382371902466,3.879382371902466,0
1993-07-21,3.879382371902466,3.879382371902466,3.879382371902466,3.879382371902466,0
1993-07-22,3.879382371902466,3.879382371902466,3.879382371902466,3.879382371902466,0
1993-07-23,3.879382371902466,3.879382371902466,3.879382371902466,3.879382371902466,1500
1993-07-26,4.138009071350098,4.138009071350098,4.138009071350098,4.138009071350098,1600
1993-07-27,3.750070333480835,3.750070333480835,3.750070333480835,3.750070333480835,1000
1993-07-28,3.944037437438965,4.008693788872391,3.750068383138688,3.750068383138688,4300
1993-07-29,3.944037437438965,3.9440374374389653,3.9440374374389653,3.9440374374389653,0
1993-07-30,3.750070333480835,3.750070333480835,3.750070333480835,3.750070333480835,1300
1993-08-02,3.750070333480835,3.750070333480835,3.750070333480835,3.750070333480835,700
1993-08-03,3.750070333480835,3.750070333480835,3.750070333480835,3.750070333480835,0
1993-08-04,3.750070333480835,3.750070333480835,3.750070333480835,3.750070333480835,0
1993-08-05,3.750070333480835,3.750070333480835,3.750070333480835,3.750070333480835,0
1993-08-06,3.750070333480835,3.750070333480835,3.750070333480835,3.750070333480835,0
1993-08-09,3.750070333480835,3.8147267185408493,3.750070333480835,3.750070333480835,9300
1993-08-10,3.750070333480835,3.750070333480835,3.750070333480835,3.750070333480835,0
1993-08-11,3.750070333480835,3.750070333480835,3.750070333480835,3.750070333480835,0
1993-08-12,3.750070333480835,3.750070333480835,3.750070333480835,3.750070333480835,0
1993-08-13,3.750070333480835,3.750070333480835,3.750070333480835,3.750070333480835,1300
1993-08-16,3.750070333480835,3.750070333480835,3.750070333480835,3.750070333480835,0
1993-08-17,4.138009071350098,4.138009071350098,4.138009071350098,4.138009071350098,300
1993-08-18,4.138009071350098,4.138009071350098,4.138009071350098,4.138009071350098,500
1993-08-19,4.008696556091309,4.008696556091309,4.008696556091309,4.008696556091309,1000
1993-08-20,3.879382371902466,3.879382371902466,3.879382371902466,3.879382371902466,1600
1993-08-23,3.750070333480835,3.750070333480835,3.750070333480835,3.750070333480835,4000
1993-08-24,3.944037437438965,3.9440374374389653,3.750068383138688,3.750068383138688,5600
1993-08-25,3.750070333480835,3.750070333480835,3.750070333480835,3.750070333480835,300
1993-08-26,3.8874268531799316,3.887426853179931,3.887426853179931,3.887426853179931,3000
1993-08-27,3.8874268531799316,3.887426853179931,3.887426853179931,3.887426853179931,200
1993-08-30,4.0170063972473145,4.2761681002955285,4.0170063972473145,4.2761681002955285,1600
1993-08-31,4.0170063972473145,4.211377674533475,4.0170063972473145,4.211377674533475,11700
1993-09-01,4.0170063972473145,4.0170063972473145,4.0170063972473145,4.0170063972473145,0
1993-09-02,4.276169300079346,4.276169300079346,4.276169300079346,4.276169300079346,500
1993-09-03,4.146586894989014,4.27616773545742,4.017006054520607,4.27616773545742,2300
1993-09-07,4.276169300079346,4.3409597440199414,4.146588412198153,4.146588412198153,15400
1993-09-08,4.146586894989014,4.146586894989014,4.146586894989014,4.146586894989014,2100
1993-09-09,4.276169300079346,4.276169300079346,4.146588412198153,4.146588412198153,2800
1993-09-10,4.276169300079346,4.276169300079346,4.276169300079346,4.276169300079346,0
1993-09-13,4.146586894989014,4.146586894989014,4.146586894989014,4.146586894989014,4700
1993-09-14,4.146586894989014,4.146586894989014,4.146586894989014,4.146586894989014,0
1993-09-15,4.405747413635254,4.405747413635254,4.405747413635254,4.405747413635254,500
1993-09-16,4.405747413635254,4.405747413635254,4.146585801068475,4.146585801068475,1200
1993-09-17,4.146586894989014,4.146586894989014,4.146586894989014,4.146586894989014,200
1993-09-20,4.146586894989014,4.405748575925827,4.146586894989014,4.27616773545742,5800
1993-09-21,4.535324573516846,4.535324573516846,4.535324573516846,4.535324573516846,1400
1993-09-22,4.276169300079346,4.276169300079346,4.276169300079346,4.276169300079346,100
1993-09-23,4.276169300079346,4.664911963722923,4.276169300079346,4.276169300079346,2400
1993-09-24,4.405747413635254,4.664909026202034,4.405747413635254,4.664909026202034,4300
1993-09-27,4.664910793304443,4.664910793304443,4.664910793304443,4.664910793304443,300
1993-09-28,4.664910793304443,4.664910793304443,4.664910793304443,4.664910793304443,0
1993-09-29,4.664910793304443,4.664910793304443,4.664910793304443,4.664910793304443,0
1993-09-30,4.470539569854736,4.664910855500595,4.405749141306117,4.664910855500595,10500
1993-10-01,4.470539569854736,4.470539569854736,4.470539569854736,4.470539569854736,0
1993-10-04,4.535324573516846,4.535324573516846,4.535324573516846,4.535324573516846,1000
1993-10-05,4.405747413635254,4.664909026202034,4.405747413635254,4.664909026202034,1800
1993-10-06,4.405747413635254,4.405747413635254,4.405747413635254,4.405747413635254,0
1993-10-07,4.535324573516846,4.535324573516846,4.405743871416364,4.405743871416364,1700
1993-10-08,4.535324573516846,4.535324573516846,4.535324573516846,4.535324573516846,0
1993-10-11,4.535324573516846,4.535324573516846,4.535324573516846,4.535324573516846,0
1993-10-12,4.405747413635254,4.405747413635254,4.405747413635254,4.405747413635254,200
1993-10-13,4.405747413635254,4.405747413635254,4.405747413635254,4.405747413635254,1900
1993-10-14,4.664910793304443,4.664910793304443,4.664910793304443,4.664910793304443,200
1993-10-15,4.535324573516846,4.794485977717809,4.535324573516846,4.664905275617327,3800
1993-10-18,4.794492244720459,4.794492244720459,4.794492244720459,4.794492244720459,200
1993-10-19,4.794492244720459,4.794492244720459,4.794492244720459,4.794492244720459,0
1993-10-20,4.664910793304443,4.794491648674011,4.5353299379348755,4.794491648674011,4600
1993-10-21,4.664910793304443,4.664910793304443,4.664910793304443,4.664910793304443,0
1993-10-22,4.794492244720459,4.794492244720459,4.794492244720459,4.794492244720459,200
1993-10-25,4.794492244720459,4.794492244720459,4.794492244720459,4.794492244720459,0
1993-10-26,4.794492244720459,4.794492244720459,4.794492244720459,4.794492244720459,0
1993-10-27,4.794492244720459,4.794492244720459,4.535330501762596,4.535330501762596,1000
1993-10-28,4.794492244720459,4.794492244720459,4.535330501762596,4.535330501762596,3200
1993-10-29,4.924074172973633,4.924074172973633,4.924074172973633,4.924074172973633,900
1993-11-01,4.729700088500977,4.924071325014715,4.729700088500977,4.924071325014715,1000
1993-11-02,4.729700088500977,4.729700088500977,4.729700088500977,4.729700088500977,0
1993-11-03,4.924074172973633,5.053655072262412,4.924074172973633,5.053655072262412,1200
1993-11-04,4.664910793304443,4.664910793304443,4.664910793304443,4.664910793304443,400
1993-11-05,4.85928201675415,5.053653297424316,4.85928201675415,5.053653297424316,1600
1993-11-08,4.85928201675415,4.85928201675415,4.85928201675415,4.85928201675415,0
1993-11-09,4.85928201675415,4.85928201675415,4.85928201675415,4.85928201675415,0
1993-11-10,5.053653240203857,5.0536532402038565,5.0536532402038565,5.0536532402038565,900
1993-11-11,4.729700088500977,4.729700088500977,4.729700088500977,4.729700088500977,500
1993-11-12,4.729700088500977,4.729700088500977,4.729700088500977,4.729700088500977,0
1993-11-15,5.053653240203857,5.0536532402038565,5.0536532402038565,5.0536532402038565,100
1993-11-16,5.053653240203857,5.0536532402038565,5.0536532402038565,5.0536532402038565,2000
1993-11-17,4.924074172973633,4.924074172973633,4.924074172973633,4.924074172973633,800
1993-11-18,4.794492244720459,4.794492244720459,4.794492244720459,4.794492244720459,600
1993-11-19,4.664910793304443,4.794491648674011,4.664910793304443,4.664910793304443,4100
1993-11-22,4.664910793304443,4.664910793304443,4.664910793304443,4.664910793304443,0
1993-11-23,4.535324573516846,4.729695626667568,4.535324573516846,4.729695626667568,400
1993-11-24,4.932528972625732,4.932528972625732,4.932528972625732,4.932528972625732,200
1993-11-26,4.932528972625732,4.932528972625732,4.932528972625732,4.932528972625732,0
1993-11-29,4.543113708496094,4.802720206124442,4.543113708496094,4.543113708496094,2000
1993-11-30,4.543113708496094,4.543113708496094,4.543113708496094,4.543113708496094,0
1993-12-01,4.543113708496094,4.543113708496094,4.543113708496094,4.543113708496094,0
1993-12-02,4.543113708496094,4.543113708496094,4.543113708496094,4.543113708496094,0
1993-12-03,4.543113708496094,4.543113708496094,4.543113708496094,4.543113708496094,0
1993-12-06,4.283511638641357,4.283511638641357,4.283511638641357,4.283511638641357,5800
1993-12-07,4.283511638641357,4.283511638641357,4.283511638641357,4.283511638641357,0
1993-12-08,4.543113708496094,4.543113708496094,4.478212084089006,4.478212084089006,10000
1993-12-09,4.543113708496094,4.543113708496094,4.543113708496094,4.543113708496094,0
1993-12-10,4.543113708496094,4.543113708496094,4.543113708496094,4.543113708496094,0
1993-12-13,4.543113708496094,4.543113708496094,4.543113708496094,4.543113708496094,0
1993-12-14,4.543113708496094,4.543113708496094,4.543113708496094,4.543113708496094,0
1993-12-15,4.413312911987305,4.413312911987305,4.413312911987305,4.413312911987305,1000
1993-12-16,4.802726745605469,4.802726745605469,4.802726745605469,4.802726745605469,400
1993-12-17,4.413312911987305,4.413312911987305,4.413312911987305,4.413312911987305,800
1993-12-20,4.413312911987305,4.413312911987305,4.413312911987305,4.413312911987305,0
1993-12-21,4.413312911987305,4.413312911987305,4.413312911987305,4.413312911987305,0
1993-12-22,4.413312911987305,4.413312911987305,4.413312911987305,4.413312911987305,100
1993-12-23,4.413312911987305,4.413312911987305,4.413312911987305,4.413312911987305,900
1993-12-27,4.413312911987305,4.413312911987305,4.413312911987305,4.413312911987305,0
1993-12-28,4.413312911987305,4.413312911987305,4.413312911987305,4.413312911987305,1100
1993-12-29,4.413312911987305,4.413312911987305,4.413312911987305,4.413312911987305,0
1993-12-30,4.413312911987305,4.413312911987305,4.413312911987305,4.413312911987305,200
1993-12-31,4.413312911987305,4.413312911987305,4.413312911987305,4.413312911987305,0
1994-01-03,4.413312911987305,4.413312911987305,4.413312911987305,4.413312911987305,0
1994-01-04,4.413312911987305,4.413312911987305,4.413312911987305,4.413312911987305,0
1994-01-05,4.413312911987305,4.413312911987305,4.413312911987305,4.413312911987305,0
1994-01-06,4.413312911987305,4.413312911987305,4.413312911987305,4.413312911987305,1700
1994-01-07,4.413312911987305,4.413312911987305,4.413312911987305,4.413312911987305,0
1994-01-10,4.283511638641357,4.413315021630489,4.283511638641357,4.413315021630489,1300
1994-01-11,4.413312911987305,4.543116232928107,4.283509591046501,4.283509591046501,5400
1994-01-12,4.413312911987305,4.413312911987305,4.413312911987305,4.413312911987305,0
1994-01-13,4.413312911987305,4.413312911987305,4.413312911987305,4.413312911987305,0
1994-01-14,4.413312911987305,4.413312911987305,4.413312911987305,4.413312911987305,600
1994-01-17,4.413312911987305,4.413312911987305,4.413312911987305,4.413312911987305,0
1994-01-18,4.413312911987305,4.413312911987305,4.413312911987305,4.413312911987305,0
1994-01-19,4.413312911987305,4.413312911987305,4.413312911987305,4.413312911987305,0
1994-01-20,4.413312911987305,4.413312911987305,4.413312911987305,4.413312911987305,0
1994-01-21,4.413312911987305,4.413312911987305,4.413312911987305,4.413312911987305,3000
1994-01-24,4.413312911987305,4.413312911987305,4.413312911987305,4.413312911987305,0
1994-01-25,4.413312911987305,4.413312911987305,4.413312911987305,4.413312911987305,800
1994-01-26,4.543113708496094,4.543113708496094,4.543113708496094,4.543113708496094,3500
1994-01-27,4.413312911987305,4.413312911987305,4.413312911987305,4.413312911987305,900
1994-01-28,4.413312911987305,4.413312911987305,4.413312911987305,4.413312911987305,1000
1994-01-31,4.413312911987305,4.413312911987305,4.413312911987305,4.413312911987305,600
1994-02-01,4.413312911987305,4.413312911987305,4.413312911987305,4.413312911987305,1100
1994-02-02,4.543113708496094,4.672916957310267,4.413310459681919,4.672916957310267,3300
1994-02-03,4.413312911987305,4.672919553868911,4.413312911987305,4.672919553868911,4500
1994-02-04,4.543113708496094,4.6080153329031805,4.543113708496094,4.6080153329031805,9000
1994-02-07,4.413312911987305,4.413312911987305,4.413312911987305,4.413312911987305,1300
1994-02-08,4.413312911987305,4.672919553868911,4.413312911987305,4.672919553868911,200
1994-02-09,4.543113708496094,4.672916957310267,4.543113708496094,4.672916957310267,2000
1994-02-10,4.413312911987305,4.413312911987305,4.413312911987305,4.413312911987305,400
1994-02-11,4.413312911987305,4.413312911987305,4.413312911987305,4.413312911987305,700
1994-02-14,4.413312911987305,4.413312911987305,4.413312911987305,4.413312911987305,1600
1994-02-15,4.413312911987305,4.413312911987305,4.413312911987305,4.413312911987305,0
1994-02-16,4.543113708496094,4.543113708496094,4.543113708496094,4.543113708496094,1100
1994-02-17,4.543113708496094,4.543113708496094,4.543113708496094,4.543113708496094,0
1994-02-18,4.478216648101807,4.608020029206207,4.413314957549607,4.413314957549607,11000
1994-02-22,4.672921180725098,4.672921180725098,4.672921180725098,4.672921180725098,1600
1994-02-23,4.683327674865723,4.683327674865723,4.683327674865723,4.683327674865723,100
1994-02-24,4.42314338684082,4.42314338684082,4.42314338684082,4.42314338684082,1200
1994-02-25,4.42314338684082,4.42314338684082,4.42314338684082,4.42314338684082,0
1994-02-28,4.42314338684082,4.42314338684082,4.42314338684082,4.42314338684082,0
1994-03-01,4.42314338684082,4.520712726256427,4.42314338684082,4.520712726256427,500
1994-03-02,4.42314338684082,4.42314338684082,4.42314338684082,4.42314338684082,0
1994-03-03,4.42314338684082,4.42314338684082,4.42314338684082,4.42314338684082,0
1994-03-04,4.42314338684082,4.42314338684082,4.42314338684082,4.42314338684082,0
1994-03-07,4.42314338684082,4.42314338684082,4.42314338684082,4.42314338684082,0
1994-03-08,4.42314338684082,4.42314338684082,4.42314338684082,4.42314338684082,700
1994-03-09,4.42314338684082,4.42314338684082,4.42314338684082,4.42314338684082,0
1994-03-10,4.42314338684082,4.42314338684082,4.42314338684082,4.42314338684082,0
1994-03-11,4.943514347076416,4.943514347076416,4.943514347076416,4.943514347076416,2500
1994-03-14,4.943514347076416,4.943514347076416,4.943514347076416,4.943514347076416,0
1994-03-15,4.943514347076416,4.943514347076416,4.943514347076416,4.943514347076416,0
1994-03-16,4.42314338684082,4.42314338684082,4.42314338684082,4.42314338684082,200
1994-03-17,4.943514347076416,4.943514347076416,4.943514347076416,4.943514347076416,200
1994-03-18,4.943514347076416,4.943514347076416,4.943514347076416,4.943514347076416,0
1994-03-21,4.943514347076416,4.943514347076416,4.943514347076416,4.943514347076416,0
1994-03-22,4.943514347076416,4.943514347076416,4.943514347076416,4.943514347076416,0
1994-03-23,4.943514347076416,4.943514347076416,4.6833293814408155,4.6833293814408155,1600
1994-03-24,4.553232192993164,4.813416889735631,4.553232192993164,4.813416889735631,5400
1994-03-25,4.813424110412598,4.813424110412597,4.683331566887932,4.683331566887932,11000
1994-03-28,4.553232192993164,4.553232192993164,4.553232192993164,4.553232192993164,600
1994-03-29,4.553232192993164,4.553232192993164,4.553232192993164,4.553232192993164,0
1994-03-30,4.553232192993164,4.683324541364398,4.553232192993164,4.553232192993164,18800
1994-03-31,4.553232192993164,4.553232192993164,4.553232192993164,4.553232192993164,1200
1994-04-04,4.553232192993164,4.553232192993164,4.553232192993164,4.553232192993164,500
1994-04-05,4.553232192993164,4.553232192993164,4.553232192993164,4.553232192993164,2000
1994-04-06,4.683327674865723,4.683327674865723,4.618281457159254,4.618281457159254,7000
1994-04-07,4.553232192993164,4.943509238106864,4.553232192993164,4.943509238106864,1800
1994-04-08,4.683327674865723,4.683327674865723,4.553235239452786,4.683327674865723,14000
1994-04-11,4.683327674865723,4.683327674865723,4.683327674865723,4.683327674865723,0
1994-04-12,4.42314338684082,4.42314338684082,4.42314338684082,4.42314338684082,500
1994-04-13,4.42314338684082,4.42314338684082,4.42314338684082,4.42314338684082,6200
1994-04-14,4.553232192993164,4.553232192993164,4.553232192993164,4.553232192993164,6000
1994-04-15,4.42314338684082,4.42314338684082,4.42314338684082,4.42314338684082,200
1994-04-18,4.618281841278076,4.943512956861039,4.618281841278076,4.943512956861039,800
1994-04-19,4.618281841278076,4.618281841278076,4.618281841278076,4.618281841278076,0
1994-04-20,4.42314338684082,4.42314338684082,4.42314338684082,4.42314338684082,4600
1994-04-21,4.42314338684082,4.42314338684082,4.42314338684082,4.42314338684082,0
1994-04-22,4.943514347076416,4.943514347076416,4.943514347076416,4.943514347076416,100
1994-04-25,4.683327674865723,4.943512545691596,4.423142804039849,4.553235239452786,3700
1994-04-26,4.683327674865723,4.683327674865723,4.683327674865723,4.683327674865723,0
1994-04-28,4.683327674865723,4.683327674865723,4.683327674865723,4.683327674865723,0
1994-04-29,4.683327674865723,4.683327674865723,4.683327674865723,4.683327674865723,0
1994-05-02,4.42314338684082,4.683328291949104,4.42314338684082,4.42314338684082,1200
1994-05-03,4.42314338684082,4.42314338684082,4.42314338684082,4.42314338684082,0
1994-05-04,4.42314338684082,4.42314338684082,4.42314338684082,4.42314338684082,0
1994-05-05,4.42314338684082,4.42314338684082,4.42314338684082,4.42314338684082,0
1994-05-06,4.42314338684082,4.42314338684082,4.42314338684082,4.42314338684082,0
1994-05-09,4.42314338684082,4.943513197057388,4.42314338684082,4.943513197057388,1900
1994-05-10,4.42314338684082,4.42314338684082,4.42314338684082,4.42314338684082,500
1994-05-11,4.42314338684082,4.42314338684082,4.42314338684082,4.42314338684082,0
1994-05-12,4.42314338684082,4.42314338684082,4.42314338684082,4.42314338684082,0
1994-05-13,4.42314338684082,4.42314338684082,4.42314338684082,4.42314338684082,0
1994-05-16,4.42314338684082,4.42314338684082,4.42314338684082,4.42314338684082,0
1994-05-17,4.42314338684082,4.42314338684082,4.42314338684082,4.42314338684082,1000
1994-05-18,4.42314338684082,4.42314338684082,4.42314338684082,4.42314338684082,400
1994-05-19,4.42314338684082,4.42314338684082,4.42314338684082,4.42314338684082,0
1994-05-20,4.42314338684082,4.42314338684082,4.42314338684082,4.42314338684082,100
1994-05-23,4.42314338684082,4.42314338684082,4.42314338684082,4.42314338684082,800
1994-05-24,4.42314338684082,4.42314338684082,4.42314338684082,4.42314338684082,0
1994-05-25,4.4335761070251465,4.4335761070251465,4.4335761070251465,4.4335761070251465,1300
1994-05-26,4.4335761070251465,4.4335761070251465,4.4335761070251465,4.4335761070251465,0
1994-05-27,4.4335761070251465,4.4335761070251465,4.4335761070251465,4.4335761070251465,100
1994-05-31,4.4335761070251465,4.4335761070251465,4.4335761070251465,4.4335761070251465,300
1994-06-01,4.4335761070251465,4.4335761070251465,4.4335761070251465,4.4335761070251465,500
1994-06-02,4.4335761070251465,4.4335761070251465,4.4335761070251465,4.4335761070251465,3200
1994-06-03,4.62917423248291,4.62917423248291,4.5639745954056865,4.5639745954056865,8400
1994-06-06,4.62917423248291,4.62917423248291,4.62917423248291,4.62917423248291,0
1994-06-07,4.62917423248291,4.62917423248291,4.62917423248291,4.62917423248291,0
1994-06-08,4.303176403045654,4.303176403045654,4.303176403045654,4.303176403045654,900
1994-06-09,4.303176403045654,4.303176403045654,4.303176403045654,4.303176403045654,0
1994-06-10,4.303176403045654,4.303176403045654,4.303176403045654,4.303176403045654,0
1994-06-13,4.303176403045654,4.303176403045654,4.303176403045654,4.303176403045654,100
1994-06-14,4.694374084472656,4.694374084472656,4.694374084472656,4.694374084472656,100
1994-06-15,4.62917423248291,4.62917423248291,4.62917423248291,4.62917423248291,200
1994-06-16,4.62917423248291,4.62917423248291,4.62917423248291,4.62917423248291,0
1994-06-17,4.62917423248291,4.62917423248291,4.62917423248291,4.62917423248291,0
1994-06-20,4.303176403045654,4.303176403045654,4.303176403045654,4.303176403045654,6000
1994-06-21,4.303176403045654,4.303176403045654,4.303176403045654,4.303176403045654,0
1994-06-22,4.303176403045654,4.303176403045654,4.303176403045654,4.303176403045654,2000
1994-06-23,4.4335761070251465,4.4335761070251465,4.4335761070251465,4.4335761070251465,8700
1994-06-24,4.303176403045654,4.303176403045654,4.303176403045654,4.303176403045654,200
1994-06-27,4.303176403045654,4.303176403045654,4.303176403045654,4.303176403045654,200
1994-06-28,4.303176403045654,4.303176403045654,4.303176403045654,4.303176403045654,200
1994-06-29,4.303176403045654,4.303176403045654,4.303176403045654,4.303176403045654,200
1994-06-30,4.303176403045654,4.303176403045654,4.303176403045654,4.303176403045654,500
1994-07-01,4.303176403045654,4.303176403045654,4.303176403045654,4.303176403045654,200
1994-07-05,4.303176403045654,4.303176403045654,4.303176403045654,4.303176403045654,0
1994-07-06,4.303176403045654,4.303176403045654,4.303176403045654,4.303176403045654,2000
1994-07-07,4.303176403045654,4.303176403045654,4.303176403045654,4.303176403045654,0
1994-07-08,4.303176403045654,4.303176403045654,4.303176403045654,4.303176403045654,1000
1994-07-11,4.17277717590332,4.17277717590332,4.17277717590332,4.17277717590332,100
1994-07-12,4.17277717590332,4.17277717590332,4.17277717590332,4.17277717590332,0
1994-07-13,4.17277717590332,4.17277717590332,4.17277717590332,4.17277717590332,5700
1994-07-14,4.17277717590332,4.17277717590332,4.17277717590332,4.17277717590332,0
1994-07-15,4.17277717590332,4.17277717590332,4.17277717590332,4.17277717590332,200
1994-07-18,4.303176403045654,4.433575687986432,4.303176403045654,4.433575687986432,9900
1994-07-19,4.4335761070251465,4.4335761070251465,4.4335761070251465,4.4335761070251465,500
1994-07-20,4.303176403045654,4.563974972927209,4.303176403045654,4.563974972927209,1600
1994-07-21,4.303176403045654,4.303176403045654,4.303176403045654,4.303176403045654,0
1994-07-22,4.303176403045654,4.303176403045654,4.303176403045654,4.303176403045654,0
1994-07-25,4.303176403045654,4.303176403045654,4.303176403045654,4.303176403045654,0
1994-07-26,4.303176403045654,4.303176403045654,4.303176403045654,4.303176403045654,0
1994-07-27,4.563971042633057,4.563971042633057,4.563971042633057,4.563971042633057,900
1994-07-28,4.563971042633057,4.563971042633057,4.563971042633057,4.563971042633057,0
1994-07-29,4.563971042633057,4.563971042633057,4.563971042633057,4.563971042633057,0
1994-08-01,4.563971042633057,4.563971042633057,4.563971042633057,4.563971042633057,0
1994-08-02,4.303176403045654,4.303176403045654,4.303176403045654,4.303176403045654,1100
1994-08-03,4.303176403045654,4.303176403045654,4.303176403045654,4.303176403045654,0
1994-08-04,4.303176403045654,4.303176403045654,4.303176403045654,4.303176403045654,6100
1994-08-05,4.303176403045654,4.303176403045654,4.303176403045654,4.303176403045654,0
1994-08-08,4.4335761070251465,4.4335761070251465,4.4335761070251465,4.4335761070251465,1500
1994-08-09,4.4335761070251465,4.4335761070251465,4.4335761070251465,4.4335761070251465,1500
1994-08-10,4.4335761070251465,4.4335761070251465,4.4335761070251465,4.4335761070251465,0
1994-08-11,4.4335761070251465,4.4335761070251465,4.4335761070251465,4.4335761070251465,0
1994-08-12,4.4335761070251465,4.4335761070251465,4.4335761070251465,4.4335761070251465,200
1994-08-15,4.4335761070251465,4.4335761070251465,4.4335761070251465,4.4335761070251465,0
1994-08-16,4.3683762550354,4.3683762550354,4.3683762550354,4.3683762550354,5700
1994-08-17,4.303176403045654,4.303176403045654,4.303176403045654,4.303176403045654,1500
1994-08-18,4.303176403045654,4.303176403045654,4.303176403045654,4.303176403045654,0
1994-08-19,4.3683762550354,4.3683762550354,4.172777318242771,4.172777318242771,1400
1994-08-22,4.3683762550354,4.3683762550354,4.3683762550354,4.3683762550354,0
1994-08-23,4.042379379272461,4.1075790466800814,4.042379379272461,4.1075790466800814,6000
1994-08-24,4.4335761070251465,4.4335761070251465,4.4335761070251465,4.4335761070251465,300
1994-08-25,4.042379379272461,4.042379379272461,4.042379379272461,4.042379379272461,700
1994-08-26,4.052835941314697,4.052835941314697,4.052835941314697,4.052835941314697,0
1994-08-29,4.445046424865723,4.445046424865723,4.445046424865723,4.445046424865723,1000
1994-08-30,4.445046424865723,4.445046424865723,4.445046424865723,4.445046424865723,0
1994-08-31,4.445046424865723,4.445046424865723,4.445046424865723,4.445046424865723,0
1994-09-01,4.183574676513672,4.183574676513672,4.183574676513672,4.183574676513672,1500
1994-09-02,4.183574676513672,4.183574676513672,4.183574676513672,4.183574676513672,0
1994-09-06,4.052835941314697,4.052835941314697,4.052835941314697,4.052835941314697,1000
1994-09-07,4.052835941314697,4.052835941314697,4.052835941314697,4.052835941314697,0
1994-09-08,4.052835941314697,4.052835941314697,4.052835941314697,4.052835941314697,700
1994-09-09,4.052835941314697,4.052835941314697,4.052835941314697,4.052835941314697,0
1994-09-12,4.445046424865723,4.445046424865723,4.445046424865723,4.445046424865723,100
1994-09-13,4.183574676513672,4.183574676513672,4.183574676513672,4.183574676513672,900
1994-09-14,4.052835941314697,4.085520102131752,4.052835941314697,4.085520102131752,5000
1994-09-15,4.183574676513672,4.183574676513672,3.9221012592315674,3.9221012592315674,700
1994-09-16,3.922100067138672,3.9221000671386723,3.9221000671386723,3.9221000671386723,100
1994-09-19,3.922100067138672,3.9221000671386723,3.9221000671386723,3.9221000671386723,0
1994-09-20,4.183574676513672,4.183574676513672,3.9221012592315674,3.9221012592315674,200
1994-09-21,4.445046424865723,4.445046424865723,3.922099786646226,3.922099786646226,800
1994-09-22,4.052835941314697,4.052835941314697,3.9220992980464815,3.9220992980464815,3300
1994-09-23,3.922100067138672,3.9221000671386723,3.9221000671386723,3.9221000671386723,200
1994-09-26,3.922100067138672,3.9221000671386723,3.9221000671386723,3.9221000671386723,0
1994-09-27,3.922100067138672,3.9221000671386723,3.9221000671386723,3.9221000671386723,0
1994-09-28,3.922100067138672,3.9221000671386723,3.9221000671386723,3.9221000671386723,500
1994-09-29,3.922100067138672,3.9221000671386723,3.9221000671386723,3.9221000671386723,0
1994-09-30,3.922100067138672,3.9221000671386723,3.9221000671386723,3.9221000671386723,0
1994-10-03,3.922100067138672,3.9221000671386723,3.9221000671386723,3.9221000671386723,1000
1994-10-04,3.922100067138672,3.9221000671386723,3.9221000671386723,3.9221000671386723,0
1994-10-05,3.922100067138672,3.9221000671386723,3.9221000671386723,3.9221000671386723,0
1994-10-06,4.183574676513672,4.183574676513672,4.183574676513672,4.183574676513672,100
1994-10-07,4.183574676513672,4.183574676513672,4.183574676513672,4.183574676513672,0
1994-10-10,4.183574676513672,4.183574676513672,4.183574676513672,4.183574676513672,0
1994-10-11,4.052835941314697,4.31430922785113,4.052835941314697,4.31430922785113,1100
1994-10-12,4.052835941314697,4.052835941314697,4.052835941314697,4.052835941314697,0
1994-10-13,3.922100067138672,3.9221000671386723,3.9221000671386723,3.9221000671386723,600
1994-10-14,3.922100067138672,3.9221000671386723,3.9221000671386723,3.9221000671386723,0
1994-10-17,4.314310550689697,4.314310550689697,4.314310550689697,4.314310550689697,500
1994-10-18,4.314310550689697,4.314310550689697,4.314310550689697,4.314310550689697,0
1994-10-19,3.922100067138672,3.9221000671386723,3.9221000671386723,3.9221000671386723,400
1994-10-20,4.314310550689697,4.314310550689697,4.314310550689697,4.314310550689697,300
1994-10-21,4.028326034545898,4.028326034545898,4.028326034545898,4.028326034545898,300
1994-10-24,3.922100067138672,3.9221000671386723,3.9221000671386723,3.9221000671386723,1000
1994-10-25,4.134547233581543,4.1835734853631426,3.9221001425279463,4.1835734853631426,3500
1994-10-26,4.183574676513672,4.183574676513672,3.9221012592315674,3.9221012592315674,8600
1994-10-27,4.183574676513672,4.183574676513672,3.9221012592315674,3.9221012592315674,1200
1994-10-28,4.052835941314697,4.31430922785113,4.052835941314697,4.31430922785113,2200
1994-10-31,3.922100067138672,4.052836736043295,3.9221000671386723,4.052836736043295,3200
1994-11-01,3.922100067138672,3.9221000671386723,3.9221000671386723,3.9221000671386723,2200
1994-11-02,3.922100067138672,3.9221000671386723,3.9221000671386723,3.9221000671386723,0
1994-11-03,3.922100067138672,3.9221000671386723,3.9221000671386723,3.9221000671386723,100
1994-11-04,3.922100067138672,3.9221000671386723,3.9221000671386723,3.9221000671386723,1000
1994-11-07,3.922100067138672,3.9221000671386723,3.9221000671386723,3.9221000671386723,0
1994-11-08,3.922100067138672,3.9221000671386723,3.9221000671386723,3.9221000671386723,2400
1994-11-09,3.922100067138672,3.9221000671386723,3.9221000671386723,3.9221000671386723,1000
1994-11-10,4.052835941314697,4.052835941314697,3.9220992980464815,3.9220992980464815,7500
1994-11-11,4.052835941314697,4.052835941314697,4.052835941314697,4.052835941314697,0
1994-11-14,3.922100067138672,3.9221000671386723,3.9221000671386723,3.9221000671386723,800
1994-11-15,3.922100067138672,3.9221000671386723,3.9221000671386723,3.9221000671386723,2200
1994-11-16,3.922100067138672,3.9221000671386723,3.9221000671386723,3.9221000671386723,800
1994-11-17,3.922100067138672,3.9221000671386723,3.9221000671386723,3.9221000671386723,0
1994-11-18,4.052835941314697,4.052835941314697,3.9220992980464815,3.9220992980464815,1200
1994-11-21,4.183574676513672,4.183574676513672,3.9221012592315674,3.9221012592315674,600
1994-11-22,3.7913644313812256,3.791364431381225,3.791364431381225,3.791364431381225,200
1994-11-23,3.7913644313812256,3.791364431381225,3.791364431381225,3.791364431381225,0
1994-11-25,3.7913644313812256,3.791364431381225,3.791364431381225,3.791364431381225,0
1994-11-28,3.7913644313812256,3.791364431381225,3.791364431381225,3.791364431381225,0
1994-11-29,3.8018527030944824,3.8018527030944824,3.8018527030944824,3.8018527030944824,2000
1994-11-30,3.8018527030944824,3.8018527030944824,3.8018527030944824,3.8018527030944824,1000
1994-12-01,3.7363009452819824,3.7363009452819824,3.7363009452819824,3.7363009452819824,5300
1994-12-02,3.7363009452819824,3.7363009452819824,3.7363009452819824,3.7363009452819824,5900
1994-12-05,3.539656400680542,3.539656400680542,3.539656400680542,3.539656400680542,200
1994-12-06,3.539656400680542,3.539656400680542,3.539656400680542,3.539656400680542,200
1994-12-07,3.7363009452819824,3.8018500846728944,3.7363009452819824,3.8018500846728944,3000
1994-12-08,3.7363009452819824,3.7363009452819824,3.7363009452819824,3.7363009452819824,0
1994-12-09,3.7363009452819824,3.7363009452819824,3.7363009452819824,3.7363009452819824,0
1994-12-12,3.7363009452819824,3.7363009452819824,3.7363009452819824,3.7363009452819824,0
1994-12-13,3.7363009452819824,3.7363009452819824,3.7363009452819824,3.7363009452819824,0
1994-12-14,3.539656400680542,3.801853171101323,3.539656400680542,3.801853171101323,2800
1994-12-15,3.8018527030944824,3.8018527030944824,3.8018527030944824,3.8018527030944824,300
1994-12-16,3.539656400680542,3.539656400680542,3.539656400680542,3.539656400680542,200
1994-12-19,3.539656400680542,3.539656400680542,3.539656400680542,3.539656400680542,0
1994-12-20,3.539656400680542,3.9329515563117132,3.539656400680542,3.9329515563117132,600
1994-12-21,3.539656400680542,3.605205593285737,3.539656400680542,3.605205593285737,700
1994-12-22,3.539656400680542,3.539656400680542,3.539656400680542,3.539656400680542,0
1994-12-23,3.539656400680542,3.539656400680542,3.539656400680542,3.539656400680542,400
1994-12-27,3.539656400680542,3.539656400680542,3.539656400680542,3.539656400680542,0
1994-12-28,3.539656400680542,3.539656400680542,3.539656400680542,3.539656400680542,0
1994-12-29,3.539656400680542,3.539656400680542,3.539656400680542,3.539656400680542,2000
1994-12-30,3.539656400680542,3.539656400680542,3.539656400680542,3.539656400680542,0
1995-01-03,3.539656400680542,3.539656400680542,3.539656400680542,3.539656400680542,0
1995-01-04,3.539656400680542,3.539656400680542,3.539656400680542,3.539656400680542,0
1995-01-05,3.539656400680542,3.539656400680542,3.539656400680542,3.539656400680542,0
1995-01-06,3.539656400680542,3.6707547858909324,3.539656400680542,3.6707547858909324,1200
1995-01-09,3.6707518100738525,3.6707518100738525,3.6707518100738525,3.6707518100738525,1000
1995-01-10,3.2774574756622314,3.2774574756622314,3.1791337513923645,3.1791337513923645,52400
1995-01-11,3.2774574756622314,3.2774574756622314,3.2774574756622314,3.2774574756622314,0
1995-01-12,3.6707518100738525,3.6707518100738525,3.6707518100738525,3.6707518100738525,100
1995-01-13,3.6707518100738525,3.6707518100738525,3.6707518100738525,3.6707518100738525,200
1995-01-16,3.8018527030944824,3.8018527030944824,3.8018527030944824,3.8018527030944824,100
1995-01-17,3.8018527030944824,3.8018527030944824,3.8018527030944824,3.8018527030944824,0
1995-01-18,3.7363009452819824,3.7363009452819824,3.7363009452819824,3.7363009452819824,1000
1995-01-19,3.8018527030944824,3.8018527030944824,3.4085575958778116,3.4085575958778116,1400
1995-01-20,3.4085588455200195,3.539657262655405,3.4085588455200195,3.539657262655405,1000
1995-01-23,3.4085588455200195,3.4085588455200195,3.4085588455200195,3.4085588455200195,0
1995-01-24,3.4085588455200195,3.4085588455200195,3.4085588455200195,3.4085588455200195,0
1995-01-25,3.4085588455200195,3.4085588455200195,3.4085588455200195,3.4085588455200195,0
1995-01-26,3.4085588455200195,3.4085588455200195,3.4085588455200195,3.4085588455200195,0
1995-01-27,3.4085588455200195,3.4085588455200195,3.4085588455200195,3.4085588455200195,0
1995-01-30,3.539656400680542,3.539656400680542,3.539656400680542,3.539656400680542,100
1995-01-31,3.539656400680542,3.539656400680542,3.539656400680542,3.539656400680542,100
1995-02-01,3.539656400680542,3.9329515563117132,3.539656400680542,3.9329515563117132,1000
1995-02-02,3.6707518100738525,3.6707518100738525,3.6707518100738525,3.6707518100738525,2000
1995-02-03,3.6707518100738525,3.8018500890050615,3.6707518100738525,3.8018500890050615,2000
1995-02-06,3.9329495429992676,4.195146179199218,3.8018512248992917,3.8018512248992917,19200
1995-02-07,3.9329495429992676,3.932949542999267,3.932949542999267,3.932949542999267,0
1995-02-08,4.195146083831787,4.195146083831787,4.064047768712044,4.195146083831787,1600
1995-02-09,4.195146083831787,4.195146083831787,4.195146083831787,4.195146083831787,0
1995-02-10,4.195146083831787,4.195146083831787,4.195146083831787,4.195146083831787,0
1995-02-13,4.195146083831787,4.195146083831787,4.195146083831787,4.195146083831787,0
1995-02-14,4.195146083831787,4.195146083831787,4.195146083831787,4.195146083831787,0
1995-02-15,4.195146083831787,4.195146083831787,4.195146083831787,4.195146083831787,0
1995-02-16,4.3262457847595215,4.3262457847595215,4.195147427645597,4.195147427645597,200
1995-02-17,4.129597187042236,4.129597187042236,4.129597187042236,4.129597187042236,600
1995-02-21,4.3262457847595215,4.3262457847595215,4.3262457847595215,4.3262457847595215,500
1995-02-22,4.195146083831787,4.195146083831787,4.129596926271915,4.129596926271915,8300
1995-02-23,4.074234485626221,4.074234485626221,4.074234485626221,4.074234485626221,500
1995-02-24,4.139947414398193,4.468514669509161,4.139947414398193,4.468514669509161,8100
1995-02-27,4.074234485626221,4.468515242299726,4.074234485626221,4.468515242299726,1000
1995-02-28,4.074234485626221,4.074234485626221,4.074234485626221,4.074234485626221,0
1995-03-01,4.205659866333008,4.205659866333008,4.074232995510101,4.074232995510101,1600
1995-03-02,4.139947414398193,4.205660865420387,4.074233963376,4.074233963376,1700
1995-03-03,4.139947414398193,4.139947414398193,4.139947414398193,4.139947414398193,0
1995-03-06,4.139947414398193,4.139947414398193,4.139947414398193,4.139947414398193,0
1995-03-07,4.074234485626221,4.074234485626221,4.074234485626221,4.074234485626221,1000
1995-03-08,4.139947414398193,4.468514669509161,4.074233963376,4.074233963376,3800
1995-03-09,4.074234485626221,4.074234485626221,4.074234485626221,4.074234485626221,1000
1995-03-10,4.074234485626221,4.074234485626221,4.074234485626221,4.074234485626221,0
1995-03-13,4.074234485626221,4.074234485626221,4.074234485626221,4.074234485626221,0
1995-03-14,4.074234485626221,4.074234485626221,4.074234485626221,4.074234485626221,0
1995-03-15,4.074234485626221,4.074234485626221,4.074234485626221,4.074234485626221,300
1995-03-16,4.074234485626221,4.468515242299726,4.074234485626221,4.468515242299726,1200
1995-03-17,3.9428062438964844,3.942806243896485,3.942806243896485,3.942806243896485,4900
1995-03-20,3.9428062438964844,3.942806243896485,3.942806243896485,3.942806243896485,0
1995-03-21,4.074234485626221,4.074234485626221,4.074234485626221,4.074234485626221,500
1995-03-22,4.139947414398193,4.468514669509161,4.139947414398193,4.468514669509161,300
1995-03-23,4.27137565612793,4.27137565612793,4.074235241229718,4.074235241229718,2300
1995-03-24,4.139947414398193,4.139947414398193,4.074233963376,4.074233963376,1000
1995-03-27,3.9428062438964844,4.0742331186930345,3.942806243896485,4.0742331186930345,9600
1995-03-28,4.074234485626221,4.139947945071805,4.008521026180637,4.139947945071805,12600
1995-03-29,4.074234485626221,4.074234485626221,4.074234485626221,4.074234485626221,0
1995-03-30,4.139947414398193,4.205660865420387,4.139947414398193,4.205660865420387,3600
1995-03-31,3.9428062438964844,3.942806243896485,3.942806243896485,3.942806243896485,2200
1995-04-03,4.139947414398193,4.139947414398193,3.942807061331613,4.074233963376,13800
1995-04-04,4.139947414398193,4.139947414398193,4.139947414398193,4.139947414398193,0
1995-04-05,4.139947414398193,4.139947414398193,4.139947414398193,4.139947414398193,0
1995-04-06,4.139947414398193,4.139947414398193,4.139947414398193,4.139947414398193,0
1995-04-07,4.139947414398193,4.139947414398193,4.139947414398193,4.139947414398193,0
1995-04-10,3.9428062438964844,3.942806243896485,3.942806243896485,3.942806243896485,100
1995-04-11,3.9428062438964844,3.942806243896485,3.942806243896485,3.942806243896485,3600
1995-04-12,3.9428062438964844,3.942806243896485,3.942806243896485,3.942806243896485,0
1995-04-13,3.9428062438964844,3.942806243896485,3.942806243896485,3.942806243896485,0
1995-04-17,3.6799514293670654,4.008518521274839,3.6799514293670654,4.008518521274839,20600
1995-04-18,3.9428062438964844,3.942806243896485,3.942806243896485,3.942806243896485,12000
1995-04-19,3.9428062438964844,3.942806243896485,3.811379369099935,3.811379369099935,2000
1995-04-20,3.6799514293670654,3.6799514293670654,3.6799514293670654,3.6799514293670654,9800
1995-04-21,3.6799514293670654,3.6799514293670654,3.6799514293670654,3.6799514293670654,500
1995-04-24,3.6799514293670654,4.074231939656394,3.6799514293670654,4.074231939656394,1100
1995-04-25,4.074234485626221,4.074234485626221,3.8770941072894685,3.942807566735053,11500
1995-04-26,3.8770923614501953,3.8770923614501953,3.8113789315951077,3.8113789315951077,1800
1995-04-27,3.8770923614501953,3.8770923614501953,3.8770923614501953,3.8770923614501953,0
1995-04-28,3.8770923614501953,3.8770923614501953,3.8770923614501953,3.8770923614501953,0
1995-05-01,3.8113811016082764,3.811381101608277,3.811381101608277,3.811381101608277,900
1995-05-02,3.8113811016082764,3.811381101608277,3.811381101608277,3.811381101608277,500
1995-05-03,4.074234485626221,4.074234485626221,3.811380647843884,3.811380647843884,800
1995-05-04,3.8113811016082764,4.205661905222926,3.811381101608277,4.074234970684709,5800
1995-05-05,3.8113811016082764,3.811381101608277,3.811381101608277,3.811381101608277,6400
1995-05-08,4.00852108001709,4.205661461001537,4.00852108001709,4.205661461001537,4200
1995-05-09,4.00852108001709,4.00852108001709,4.00852108001709,4.00852108001709,0
1995-05-10,3.8113811016082764,3.811381101608277,3.811381101608277,3.811381101608277,200
1995-05-11,3.8113811016082764,3.811381101608277,3.811381101608277,3.811381101608277,0
1995-05-12,3.8113811016082764,3.811381101608277,3.811381101608277,3.811381101608277,0
1995-05-15,4.074234485626221,4.2056614045173895,4.074234485626221,4.2056614045173895,400
1995-05-16,4.074234485626221,4.2056614045173895,3.942807566735053,3.942807566735053,3100
1995-05-17,4.074234485626221,4.2056614045173895,3.942807566735053,3.942807566735053,8000
1995-05-18,4.074234485626221,4.2056614045173895,4.074234485626221,4.2056614045173895,7500
1995-05-19,4.074234485626221,4.2056614045173895,4.074234485626221,4.2056614045173895,3600
1995-05-22,4.4685139656066895,4.4685139656066895,4.205660202923943,4.205660202923943,6100
1995-05-23,4.27137565612793,4.27137565612793,4.27137565612793,4.27137565612793,2000
1995-05-24,4.4685139656066895,4.4685139656066895,4.205660202923943,4.205660202923943,5500
1995-05-25,4.215579986572266,4.215579986572266,4.215579986572266,4.215579986572266,1000
1995-05-26,4.347316265106201,4.347316265106201,4.215579408587831,4.215579408587831,4800
1995-05-30,4.347316265106201,4.347316265106201,4.347316265106201,4.347316265106201,0
1995-05-31,4.4790520668029785,4.4790520668029785,4.4790520668029785,4.4790520668029785,600
1995-06-01,4.215579986572266,4.215579986572266,4.215579986572266,4.215579986572266,100
1995-06-02,4.4790520668029785,4.4790520668029785,4.215578415814568,4.215578415814568,1700
1995-06-05,4.281447410583496,4.47905267568735,4.281447410583496,4.47905267568735,200
1995-06-06,4.347316265106201,4.347316265106201,4.215579408587831,4.215579408587831,19400
1995-06-07,4.215579986572266,4.215579986572266,4.215579986572266,4.215579986572266,600
1995-06-08,4.215579986572266,4.215579986572266,4.215579986572266,4.215579986572266,0
1995-06-09,4.215579986572266,4.215579986572266,4.215579986572266,4.215579986572266,0
1995-06-12,4.215579986572266,4.479053735733032,4.215579986572266,4.215579986572266,3400
1995-06-13,4.413184642791748,4.479053070296103,4.215579360278685,4.215579360278685,6600
1995-06-14,4.4790520668029785,4.610788892297184,4.347315241308774,4.610788892297184,4900
1995-06-15,4.4790520668029785,4.4790520668029785,4.347315241308774,4.347315241308774,4500
1995-06-16,4.610787391662598,4.6107873916625985,4.6107873916625985,4.6107873916625985,500
1995-06-19,4.4790520668029785,4.4790520668029785,4.4790520668029785,4.4790520668029785,1000
1995-06-20,4.610787391662598,4.6107873916625985,4.6107873916625985,4.6107873916625985,100
1995-06-21,4.544921875,4.544921875,4.347316576086957,4.479053442028985,10500
1995-06-22,4.874265193939209,4.874265193939209,4.479054502538732,4.479054502538732,20200
1995-06-23,4.610787391662598,4.874260956900461,4.479050609043667,4.479050609043667,35900
1995-06-26,4.544921875,4.544921875,4.479053442028985,4.479053442028985,1200
1995-06-27,4.544921875,4.544921875,4.544921875,4.544921875,0
1995-06-28,4.544921875,4.544921875,4.544921875,4.544921875,0
1995-06-29,4.874265193939209,4.874265193939209,4.610791399672224,4.610791399672224,21900
1995-06-30,4.874265193939209,4.874265193939209,4.874265193939209,4.874265193939209,0
1995-07-03,4.874265193939209,4.874265193939209,4.874265193939209,4.874265193939209,2000
1995-07-05,4.874265193939209,4.874265193939209,4.874265193939209,4.874265193939209,0
1995-07-06,4.874265193939209,4.874265193939209,4.874265193939209,4.874265193939209,500
1995-07-07,4.874265193939209,4.874265193939209,4.874265193939209,4.874265193939209,3100
1995-07-10,5.0060014724731445,5.0060014724731445,5.0060014724731445,5.0060014724731445,500
1995-07-11,4.610787391662598,4.6107873916625985,4.6107873916625985,4.6107873916625985,1000
1995-07-12,4.610787391662598,4.6107873916625985,4.6107873916625985,4.6107873916625985,0
1995-07-13,4.874265193939209,4.874265193939209,4.874265193939209,4.874265193939209,5000
1995-07-14,4.874265193939209,4.874265193939209,4.874265193939209,4.874265193939209,1000
1995-07-17,4.742526531219482,4.874263379308912,4.742526531219482,4.874263379308912,4300
1995-07-18,4.742526531219482,4.874263379308912,4.6107896831300526,4.6107896831300526,5700
1995-07-19,4.742526531219482,4.742526531219482,4.742526531219482,4.742526531219482,0
1995-07-20,4.742526531219482,4.742526531219482,4.742526531219482,4.742526531219482,0
1995-07-21,4.742526531219482,4.742526531219482,4.742526531219482,4.742526531219482,100
1995-07-24,5.0060014724731445,5.0060014724731445,4.742527710764032,4.742527710764032,400
1995-07-25,4.742526531219482,4.742526531219482,4.742526531219482,4.742526531219482,500
1995-07-26,4.610787391662598,4.6107873916625985,4.6107873916625985,4.6107873916625985,100
1995-07-27,4.610787391662598,4.6107873916625985,4.6107873916625985,4.6107873916625985,200
1995-07-28,4.610787391662598,4.6107873916625985,4.6107873916625985,4.6107873916625985,0
1995-07-31,4.742526531219482,4.742526531219482,4.6107896831300526,4.6107896831300526,4900
1995-08-01,4.4790520668029785,4.7425257177913895,4.4790520668029785,4.610788892297184,2100
1995-08-02,4.676659107208252,4.676659107208252,4.676659107208252,4.676659107208252,1100
1995-08-03,4.808394908905029,4.80839490890503,4.80839490890503,4.80839490890503,500
1995-08-04,4.4790520668029785,4.4790520668029785,4.4790520668029785,4.4790520668029785,200
1995-08-07,4.742526531219482,5.006000227398342,4.6107896831300526,4.874263379308912,10700
1995-08-08,4.742526531219482,5.006000227398342,4.742526531219482,4.742526531219482,3300
1995-08-09,4.742526531219482,4.742526531219482,4.742526531219482,4.742526531219482,2700
1995-08-10,4.742526531219482,4.742526531219482,4.742526531219482,4.742526531219482,0
1995-08-11,5.0060014724731445,5.0060014724731445,4.742527710764032,4.742527710764032,9000
1995-08-14,4.874265193939209,5.006002091072701,4.610791399672224,5.006002091072701,2500
1995-08-15,4.874265193939209,4.874265193939209,4.610791399672224,4.610791399672224,4800
1995-08-16,5.0060014724731445,5.0060014724731445,5.0060014724731445,5.0060014724731445,200
1995-08-17,4.742526531219482,5.006000227398342,4.742526531219482,5.006000227398342,2900
1995-08-18,4.742526531219482,5.006000227398342,4.742526531219482,5.006000227398342,4800
1995-08-21,5.0060014724731445,5.0060014724731445,5.0060014724731445,5.0060014724731445,2200
1995-08-22,4.742526531219482,4.742526531219482,4.742526531219482,4.742526531219482,2300
1995-08-23,4.742526531219482,4.742526531219482,4.742526531219482,4.742526531219482,0
1995-08-24,4.610787391662598,4.6107873916625985,4.6107873916625985,4.6107873916625985,2000
1995-08-25,4.4790520668029785,4.4790520668029785,4.4790520668029785,4.4790520668029785,800
1995-08-28,4.742526531219482,4.742526531219482,4.479052835040622,4.479052835040622,11600
1995-08-29,4.742526531219482,4.742526531219482,4.544921259085338,4.544921259085338,1000
1995-08-30,4.621057033538818,4.7530872344970705,4.489026832580567,4.7530872344970705,12300
1995-08-31,4.356998443603516,4.356998443603516,4.356998443603516,4.356998443603516,900
1995-09-01,4.753089427947998,4.753089427947998,4.753089427947998,4.753089427947998,4000
1995-09-05,4.621057033538818,4.621057033538818,4.356996631622315,4.356996631622315,1500
1995-09-06,4.489028453826904,4.489028453826904,4.489028453826904,4.489028453826904,500
1995-09-07,4.356998443603516,4.356998443603516,4.356998443603516,4.356998443603516,1000
1995-09-08,4.753089427947998,4.753089427947998,4.753089427947998,4.753089427947998,600
1995-09-11,4.753089427947998,4.753089427947998,4.753089427947998,4.753089427947998,10200
1995-09-12,4.753089427947998,4.753089427947998,4.621059166060554,4.753089427947998,9700
1995-09-13,4.753089427947998,4.753089427947998,4.489028904173109,4.489028904173109,1500
1995-09-14,4.885120391845703,4.885120391845703,4.489029549263619,4.753090110985008,21400
1995-09-15,4.621057033538818,4.621057033538818,4.621057033538818,4.621057033538818,1800
1995-09-18,4.885120391845703,4.885120391845703,4.489029549263619,4.489029549263619,3200
1995-09-19,4.621057033538818,4.621057033538818,4.621057033538818,4.621057033538818,200
1995-09-20,4.489028453826904,5.017149448394775,4.489028453826904,5.017149448394775,600
1995-09-21,4.819104194641113,4.819104194641113,4.819104194641113,4.819104194641113,1800
1995-09-22,4.819104194641113,4.819104194641113,4.819104194641113,4.819104194641113,0
1995-09-25,4.753089427947998,4.753089427947998,4.753089427947998,4.753089427947998,3100
1995-09-26,5.017150402069092,5.017150402069092,4.753089854591771,4.753089854591771,1600
1995-09-27,4.753089427947998,5.017149951722886,4.753089427947998,4.753089427947998,7600
1995-09-28,5.017150402069092,5.017150402069092,5.017150402069092,5.017150402069092,200
1995-09-29,5.017150402069092,5.017150402069092,5.017150402069092,5.017150402069092,0
1995-10-02,5.017150402069092,5.017150402069092,5.017150402069092,5.017150402069092,0
1995-10-03,5.017150402069092,5.017150402069092,5.017150402069092,5.017150402069092,0
1995-10-04,5.017150402069092,5.017150402069092,4.753089854591771,4.753089854591771,3400
1995-10-05,4.753089427947998,4.885119689835442,4.753089427947998,4.753089427947998,4300
1995-10-06,4.753089427947998,4.753089427947998,4.753089427947998,4.753089427947998,900
1995-10-09,4.885120391845703,4.885120391845703,4.753090110985008,4.753090110985008,3400
1995-10-10,4.753089427947998,5.017149951722886,4.753089427947998,4.753089427947998,1600
1995-10-11,4.753089427947998,4.753089427947998,4.621059166060554,4.621059166060554,1500
1995-10-12,4.753089427947998,4.753089427947998,4.753089427947998,4.753089427947998,0
1995-10-13,4.621057033538818,4.621057033538818,4.621057033538818,4.621057033538818,200
1995-10-16,4.753089427947998,5.017149951722886,4.753089427947998,5.017149951722886,2600
1995-10-17,5.017150402069092,5.017150402069092,5.017150402069092,5.017150402069092,200
1995-10-18,4.753089427947998,4.753089427947998,4.753089427947998,4.753089427947998,900
1995-10-19,4.753089427947998,4.753089427947998,4.753089427947998,4.753089427947998,0
1995-10-20,4.951133728027344,4.951133728027344,4.75308837890625,4.75308837890625,2400
1995-10-23,5.017150402069092,5.017150402069092,4.753089854591771,4.753089854591771,5500
1995-10-24,4.885120391845703,5.281211234427787,4.885120391845703,5.281211234427787,2800
1995-10-25,5.017150402069092,5.149180675807751,5.017150402069092,5.149180675807751,900
1995-10-26,5.017150402069092,5.017150402069092,5.017150402069092,5.017150402069092,0
1995-10-27,5.017150402069092,5.017150402069092,5.017150402069092,5.017150402069092,0
1995-10-30,5.017150402069092,5.017150402069092,5.017150402069092,5.017150402069092,0
1995-10-31,5.017150402069092,5.017150402069092,5.017150402069092,5.017150402069092,0
1995-11-01,5.017150402069092,5.017150402069092,5.017150402069092,5.017150402069092,0
1995-11-02,4.885120391845703,4.885120391845703,4.885120391845703,4.885120391845703,200
1995-11-03,4.885120391845703,4.885120391845703,4.885120391845703,4.885120391845703,500
1995-11-06,5.017150402069092,5.017150402069092,5.017150402069092,5.017150402069092,200
1995-11-07,5.017150402069092,5.017150402069092,5.017150402069092,5.017150402069092,700
1995-11-08,5.017150402069092,5.017150402069092,5.017150402069092,5.017150402069092,0
1995-11-09,5.017150402069092,5.017150402069092,5.017150402069092,5.017150402069092,0
1995-11-10,5.017150402069092,5.017150402069092,5.017150402069092,5.017150402069092,0
1995-11-13,5.149179935455322,5.413240444965852,5.017149680700057,5.017149680700057,2500
1995-11-14,5.149179935455322,5.149179935455322,5.149179935455322,5.149179935455322,500
1995-11-15,5.149179935455322,5.149179935455322,5.149179935455322,5.149179935455322,0
1995-11-16,5.281209468841553,5.413239705562591,5.281209468841553,5.413239705562591,4500
1995-11-17,5.545271396636963,5.545271396636963,5.413241125288464,5.413241125288464,5000
1995-11-20,5.545271396636963,5.545271396636963,5.545271396636963,5.545271396636963,0
1995-11-21,5.67730188369751,5.67730188369751,5.413241330967393,5.413241330967393,1500
1995-11-22,5.413241863250732,5.5452721525983115,5.413241863250732,5.5452721525983115,1300
1995-11-24,5.413241863250732,5.413241863250732,5.413241863250732,5.413241863250732,0
1995-11-27,5.413241863250732,5.413241863250732,5.413241863250732,5.413241863250732,0
1995-11-28,5.413241863250732,5.413241863250732,5.413241863250732,5.413241863250732,0
1995-11-29,5.423823833465576,5.423823833465576,5.423823833465576,5.423823833465576,0
1995-11-30,5.423823833465576,5.423823833465576,5.423823833465576,5.423823833465576,0
1995-12-01,5.423823833465576,5.423823833465576,5.423823833465576,5.423823833465576,0
1995-12-04,5.55610990524292,5.55610990524292,5.55610990524292,5.55610990524292,600
1995-12-05,5.820691108703613,5.820691108703613,5.556114240126176,5.556114240126176,6200
1995-12-06,5.55610990524292,5.820686567397345,5.55610990524292,5.55610990524292,2100
1995-12-07,5.55610990524292,5.55610990524292,5.55610990524292,5.55610990524292,0
1995-12-08,5.58918571472168,5.58918571472168,5.58918571472168,5.58918571472168,300
1995-12-11,5.820691108703613,5.820691108703613,5.556114240126176,5.820691108703613,1900
1995-12-12,5.622255325317383,5.820687866210937,5.556111145019531,5.820687866210937,1300
1995-12-13,5.55610990524292,5.820686567397345,5.55610990524292,5.820686567397345,1100
1995-12-14,5.55610990524292,5.55610990524292,5.55610990524292,5.55610990524292,100
1995-12-15,5.55610990524292,5.55610990524292,5.55610990524292,5.55610990524292,13500
1995-12-18,5.68840217590332,5.688402175903321,5.622257964555608,5.622257964555608,6400
1995-12-19,5.820691108703613,5.820691108703613,5.6884026744148946,5.820691108703613,5400
1995-12-20,5.820691108703613,5.820691108703613,5.820691108703613,5.820691108703613,0
1995-12-21,5.55610990524292,5.688398236320133,5.55610990524292,5.55610990524292,10500
1995-12-22,5.55610990524292,5.55610990524292,5.55610990524292,5.55610990524292,0
1995-12-26,5.55610990524292,5.55610990524292,5.55610990524292,5.55610990524292,300
1995-12-27,5.55610990524292,5.55610990524292,5.55610990524292,5.55610990524292,0
1995-12-28,5.55610990524292,5.55610990524292,5.55610990524292,5.55610990524292,0
1995-12-29,5.55610990524292,5.55610990524292,5.55610990524292,5.55610990524292,0
1996-01-02,5.55610990524292,5.55610990524292,5.55610990524292,5.55610990524292,1000
1996-01-03,5.820691108703613,5.820691108703613,5.820691108703613,5.820691108703613,100
1996-01-04,5.55610990524292,5.622254070781526,5.55610990524292,5.55610990524292,1100
1996-01-05,5.820691108703613,5.820691108703613,5.556114240126176,5.820691108703613,3000
1996-01-08,5.820691108703613,5.820691108703613,5.820691108703613,5.820691108703613,0
1996-01-09,5.55610990524292,5.55610990524292,5.55610990524292,5.55610990524292,100
1996-01-10,5.55610990524292,5.55610990524292,5.55610990524292,5.55610990524292,0
1996-01-11,5.55610990524292,5.55610990524292,5.55610990524292,5.55610990524292,0
1996-01-12,5.423823833465576,5.423823833465576,5.423823833465576,5.423823833465576,200
1996-01-15,5.68840217590332,5.688402175903321,5.423825330512469,5.423825330512469,5000
1996-01-16,5.423823833465576,5.489968026556619,5.423823833465576,5.423823833465576,18800
1996-01-17,5.291534423828125,5.291534423828125,5.291534423828125,5.291534423828125,600
1996-01-18,5.68840217590332,5.688402175903321,5.291536907817043,5.291536907817043,8600
1996-01-19,5.489969730377197,5.489969730377196,5.489969730377196,5.489969730377196,3000
1996-01-22,5.489969730377197,5.489969730377196,5.489969730377196,5.489969730377196,0
1996-01-23,5.291534423828125,5.291534423828125,5.291534423828125,5.291534423828125,5600
1996-01-24,5.291534423828125,5.820687866210937,5.291534423828125,5.820687866210937,1600
1996-01-25,5.291534423828125,5.291534423828125,5.291534423828125,5.291534423828125,1000
1996-01-26,5.489969730377197,5.489969730377196,5.291537089520189,5.291537089520189,2600
1996-01-29,5.291534423828125,5.6883995056152346,5.291534423828125,5.6883995056152346,4100
1996-01-30,5.489969730377197,5.688402371234204,5.489969730377196,5.688402371234204,2100
1996-01-31,5.291534423828125,5.291534423828125,5.291534423828125,5.291534423828125,100
1996-02-01,5.68840217590332,5.688402175903321,5.688402175903321,5.688402175903321,100
1996-02-02,5.622255325317383,5.622255325317383,5.291534423828125,5.291534423828125,5000
1996-02-05,5.55610990524292,5.55610990524292,5.291533243088495,5.291533243088495,1600
1996-02-06,5.55610990524292,5.55610990524292,5.291533243088495,5.291533243088495,1800
1996-02-07,5.291534423828125,5.556111145019531,5.291534423828125,5.556111145019531,800
1996-02-08,5.291534423828125,5.291534423828125,5.291534423828125,5.291534423828125,0
1996-02-09,5.291534423828125,5.291534423828125,5.291534423828125,5.291534423828125,0
1996-02-12,5.55610990524292,5.688398236320133,5.291533243088495,5.688398236320133,2400
1996-02-13,5.291534423828125,5.6883995056152346,5.291534423828125,5.291534423828125,8700
1996-02-14,5.291534423828125,5.291534423828125,5.291534423828125,5.291534423828125,0
1996-02-15,5.68840217590332,5.688402175903321,5.291536907817043,5.291536907817043,600
1996-02-16,5.423823833465576,5.6884006058297505,5.423823833465576,5.6884006058297505,1700
1996-02-20,5.68840217590332,5.688402175903321,5.688402175903321,5.688402175903321,200
1996-02-21,5.68840217590332,5.688402175903321,5.489969541860182,5.688402175903321,8600
1996-02-22,5.68840217590332,5.688402175903321,5.423825330512469,5.423825330512469,4100
1996-02-23,5.423823833465576,5.423823833465576,5.423823833465576,5.423823833465576,500
1996-02-26,5.423823833465576,5.556112219647663,5.423823833465576,5.489968026556619,2300
1996-02-27,5.423823833465576,5.423823833465576,5.423823833465576,5.423823833465576,0
1996-02-28,5.699524402618408,5.699524402618408,5.699524402618408,5.699524402618408,200
1996-02-29,5.699524402618408,5.699524402618408,5.566977323487748,5.699524402618408,1200
1996-03-01,5.699524402618408,5.699524402618408,5.699524402618408,5.699524402618408,900
1996-03-04,5.6332478523254395,5.699521356470445,5.434427339890424,5.434427339890424,10300
1996-03-05,5.56697416305542,5.699521166937691,5.566974163055419,5.566974163055419,3900
1996-03-06,5.832068920135498,5.832068920135498,5.699521899223328,5.699521899223328,3500
1996-03-07,5.699524402618408,5.699524402618408,5.566977323487748,5.566977323487748,11700
1996-03-08,5.832068920135498,5.832068920135498,5.566974878311157,5.566974878311157,17600
1996-03-11,5.6332478523254395,5.699521356470445,5.566974348180435,5.566974348180435,24000
1996-03-12,5.56697416305542,5.832068170819963,5.566974163055419,5.699521166937691,11700
1996-03-13,5.832068920135498,5.832068920135498,5.832068920135498,5.832068920135498,800
1996-03-14,5.832068920135498,5.832068920135498,5.832068920135498,5.832068920135498,0
1996-03-15,5.6332478523254395,5.6332478523254395,5.566974348180435,5.566974348180435,27100
1996-03-18,5.832068920135498,5.832068920135498,5.765795409679413,5.765795409679413,2700
1996-03-19,5.832068920135498,5.832068920135498,5.832068920135498,5.832068920135498,0
1996-03-20,5.832068920135498,5.832068920135498,5.832068920135498,5.832068920135498,300
1996-03-21,5.9646172523498535,5.964617252349854,5.964617252349854,5.964617252349854,300
1996-03-22,5.9646172523498535,5.964617252349854,5.964617252349854,5.964617252349854,6000
1996-03-25,5.898343563079834,5.898343563079835,5.699522993537817,5.699522993537817,1900
1996-03-26,6.229707717895508,6.229707717895508,5.832066799731964,5.832066799731964,6500
1996-03-27,6.36225700378418,6.36225700378418,6.229709982872009,6.229709982872009,2200
1996-03-28,6.36225700378418,6.36225700378418,6.36225700378418,6.36225700378418,1500
1996-03-29,6.494804859161377,6.494804859161378,6.229710783277239,6.229710783277239,1800
1996-04-01,6.494804859161377,6.494804859161378,6.494804859161378,6.494804859161378,1300
1996-04-02,6.627349853515625,6.627349853515625,6.627349853515625,6.627349853515625,600
1996-04-03,6.428530216217041,6.428530216217041,6.428530216217041,6.428530216217041,500
1996-04-04,6.627349853515625,6.627349853515625,6.627349853515625,6.627349853515625,1000
1996-04-08,6.627349853515625,6.627349853515625,6.627349853515625,6.627349853515625,100
1996-04-09,6.494804859161377,6.627351897103447,6.494804859161378,6.627351897103447,2700
1996-04-10,6.759895324707031,6.759895324707032,6.3622544232536775,6.627348357555913,12200
1996-04-11,6.759895324707031,6.759895324707032,6.3622544232536775,6.3622544232536775,1700
1996-04-12,6.759895324707031,6.759895324707032,6.759895324707032,6.759895324707032,2000
1996-04-15,6.826171875,6.826171875,6.826171875,6.826171875,1000
1996-04-16,6.627349853515625,6.89244384765625,6.627349853515625,6.89244384765625,800
1996-04-17,6.627349853515625,6.627349853515625,6.627349853515625,6.627349853515625,2500
1996-04-18,6.627349853515625,6.627349853515625,6.627349853515625,6.627349853515625,1500
1996-04-19,6.627349853515625,6.627349853515625,6.627349853515625,6.627349853515625,0
1996-04-22,6.759895324707031,6.759895324707032,6.759895324707032,6.759895324707032,300
1996-04-23,6.494804859161377,6.759898935045515,6.494804859161378,6.494804859161378,1800
1996-04-24,6.494804859161377,6.627351897103447,6.494804859161378,6.627351897103447,4000
1996-04-25,6.627349853515625,6.627349853515625,6.494802856445313,6.494802856445313,2400
1996-04-26,6.627349853515625,6.627349853515625,6.627349853515625,6.627349853515625,0
1996-04-29,6.6936235427856445,6.693623542785645,6.229709039820303,6.229709039820303,300
1996-04-30,6.229707717895508,6.362254690616689,6.229707717895508,6.362254690616689,300
1996-05-01,6.229707717895508,6.229707717895508,6.229707717895508,6.229707717895508,400
1996-05-02,6.229707717895508,6.229707717895508,6.229707717895508,6.229707717895508,0
1996-05-03,6.229707717895508,6.627348636059051,6.229707717895508,6.627348636059051,600
1996-05-06,6.627349853515625,6.627349853515625,6.627349853515625,6.627349853515625,200
1996-05-07,6.627349853515625,6.627349853515625,6.627349853515625,6.627349853515625,0
1996-05-08,6.229707717895508,6.362254690616689,6.229707717895508,6.362254690616689,2300
1996-05-09,6.097162246704102,6.362256257430366,6.097162246704101,6.2297092520672335,6400
1996-05-10,6.229707717895508,6.362254690616689,6.229707717895508,6.362254690616689,2200
1996-05-13,6.229707717895508,6.2959812042560985,6.229707717895508,6.229707717895508,5000
1996-05-14,6.229707717895508,6.229707717895508,6.229707717895508,6.229707717895508,0
1996-05-15,6.229707717895508,6.49480166333787,6.097160745174326,6.229707717895508,12700
1996-05-16,6.097162246704102,6.097162246704101,6.097162246704101,6.097162246704101,400
1996-05-17,6.295984268188477,6.295984268188477,6.2297107495759665,6.2297107495759665,2400
1996-05-20,6.295984268188477,6.295984268188477,6.295984268188477,6.295984268188477,0
1996-05-21,6.494804859161377,6.494804859161378,6.229710783277239,6.229710783277239,1100
1996-05-22,6.494804859161377,6.494804859161378,6.229710783277239,6.229710783277239,800
1996-05-23,6.494804859161377,6.494804859161378,6.494804859161378,6.494804859161378,300
1996-05-24,6.36225700378418,6.36225700378418,6.229709982872009,6.229709982872009,7100
1996-05-28,6.229707717895508,6.49480166333787,6.229707717895508,6.49480166333787,6400
1996-05-29,6.242988586425781,6.641477219601895,6.242988586425781,6.641477219601895,1100
1996-05-30,6.242988586425781,6.242988586425781,6.242988586425781,6.242988586425781,0
1996-05-31,6.508651256561279,6.508651256561279,6.242992021599594,6.242992021599594,2000
1996-06-03,6.641476154327393,6.641476154327393,6.442231869697571,6.442231869697571,5100
1996-06-04,6.641476154327393,6.641476154327393,6.641476154327393,6.641476154327393,0
1996-06-05,6.641476154327393,6.641476154327393,6.442231869697571,6.641476154327393,2700
1996-06-06,6.641476154327393,6.641476154327393,6.641476154327393,6.641476154327393,700
1996-06-07,6.508651256561279,6.508651256561279,6.508651256561279,6.508651256561279,300
1996-06-10,6.4422383308410645,6.4422383308410645,6.4422383308410645,6.4422383308410645,500
1996-06-11,6.4422383308410645,6.4422383308410645,6.4422383308410645,6.4422383308410645,0
1996-06-12,6.4422383308410645,6.4422383308410645,6.4422383308410645,6.4422383308410645,0
1996-06-13,6.4422383308410645,6.4422383308410645,6.4422383308410645,6.4422383308410645,0
1996-06-14,6.4422383308410645,6.4422383308410645,6.4422383308410645,6.4422383308410645,0
1996-06-17,6.641476154327393,6.641476154327393,6.641476154327393,6.641476154327393,100
1996-06-18,6.375822067260742,6.508651693662008,6.375822067260742,6.508651693662008,4400
1996-06-19,6.375822067260742,6.375822067260742,6.375822067260742,6.375822067260742,1000
1996-06-20,6.242988586425781,6.409025516915828,6.242988586425781,6.409025516915828,2200
1996-06-21,6.641476154327393,6.641476154327393,6.242987585067749,6.242987585067749,14400
1996-06-24,6.641476154327393,6.641476154327393,6.242987585067749,6.242987585067749,4000
1996-06-25,6.4422383308410645,6.4422383308410645,6.2429938463820625,6.2429938463820625,4000
1996-06-26,6.242988586425781,6.3758181308178195,6.176573814229762,6.3758181308178195,7900
1996-06-27,6.242988586425781,6.242988586425781,6.242988586425781,6.242988586425781,100
1996-06-28,5.977336406707764,5.977336406707764,5.977336406707764,5.977336406707764,5200
1996-07-01,6.110162734985352,6.110162734985352,6.110162734985352,6.110162734985352,5000
1996-07-02,5.977336406707764,5.977336406707764,5.977336406707764,5.977336406707764,1200
1996-07-03,5.977336406707764,5.977336406707764,5.977336406707764,5.977336406707764,0
1996-07-05,6.176578998565674,6.176578998565674,6.176578998565674,6.176578998565674,1000
1996-07-08,5.977336406707764,6.043751255671183,5.977336406707764,5.977336406707764,2900
1996-07-09,5.977336406707764,5.977336406707764,5.977336406707764,5.977336406707764,0
1996-07-10,6.110162734985352,6.110162734985352,6.110162734985352,6.110162734985352,2500
1996-07-11,6.242988586425781,6.3094033586218,6.242988586425781,6.242988586425781,4500
1996-07-12,6.508651256561279,6.508651256561279,6.508651256561279,6.508651256561279,1000
1996-07-15,6.242988586425781,6.242988586425781,6.242988586425781,6.242988586425781,1000
1996-07-16,5.977336406707764,5.977336406707764,5.977336406707764,5.977336406707764,1500
1996-07-17,5.977336406707764,5.977336406707764,5.977336406707764,5.977336406707764,0
1996-07-18,6.774312973022461,6.774312973022461,6.375823974609375,6.375823974609375,10000
1996-07-19,6.907143592834473,6.907143592834472,6.774313908356886,6.774313908356886,900
1996-07-22,6.375822067260742,6.907140572865805,6.375822067260742,6.907140572865805,20700
1996-07-23,6.375822067260742,6.375822067260742,6.375822067260742,6.375822067260742,0
1996-07-24,6.375822067260742,6.375822067260742,6.375822067260742,6.375822067260742,600
1996-07-25,6.707894325256348,6.707894325256348,6.707894325256348,6.707894325256348,500
1996-07-26,6.774312973022461,6.774312973022461,6.774312973022461,6.774312973022461,100
1996-07-29,6.774312973022461,6.774312973022461,6.774312973022461,6.774312973022461,0
1996-07-30,6.375822067260742,6.375822067260742,6.375822067260742,6.375822067260742,200
1996-07-31,6.375822067260742,6.375822067260742,6.375822067260742,6.375822067260742,0
1996-08-01,6.375822067260742,6.375822067260742,6.375822067260742,6.375822067260742,200
1996-08-02,6.375822067260742,6.375822067260742,6.375822067260742,6.375822067260742,0
1996-08-05,6.375822067260742,6.375822067260742,6.375822067260742,6.375822067260742,0
1996-08-06,6.375822067260742,6.375822067260742,6.375822067260742,6.375822067260742,0
1996-08-07,6.375822067260742,6.375822067260742,6.375822067260742,6.375822067260742,0
1996-08-08,6.375822067260742,6.7743109464645395,6.375822067260742,6.7743109464645395,400
1996-08-09,6.774312973022461,6.774312973022461,6.50865364074707,6.50865364074707,900
1996-08-12,6.508651256561279,6.508651256561279,6.508651256561279,6.508651256561279,200
1996-08-13,6.774312973022461,6.774312973022461,6.774312973022461,6.774312973022461,400
1996-08-14,6.774312973022461,7.039972305297852,6.641483306884766,6.641483306884766,5900
1996-08-15,7.039971828460693,7.039971828460693,6.774312514179158,7.039971828460693,3300
1996-08-16,7.039971828460693,7.039971828460693,7.039971828460693,7.039971828460693,400
1996-08-19,6.907143592834473,6.907143592834472,6.774313908356886,6.774313908356886,3400
1996-08-20,6.907143592834473,6.907143592834472,6.907143592834472,6.907143592834472,0
1996-08-21,6.774312973022461,6.840727806091309,6.774312973022461,6.774312973022461,3800
1996-08-22,6.840726375579834,7.039970833120994,6.840726375579833,7.039970833120994,3800
1996-08-23,6.840726375579834,6.840726375579833,6.840726375579833,6.840726375579833,0
1996-08-26,7.039971828460693,7.172801485601461,7.039971828460693,7.172801485601461,500
1996-08-27,7.17280387878418,7.172803878784181,7.172803878784181,7.172803878784181,100
1996-08-28,7.1861090660095215,7.1861090660095215,7.1861090660095215,7.1861090660095215,500
1996-08-29,7.1861090660095215,7.1861090660095215,6.986494925287035,6.986494925287035,700
1996-08-30,6.853416442871094,7.186106561457069,6.853416442871094,7.186106561457069,1100
1996-09-03,6.853416442871094,7.186106561457069,6.853416442871094,7.186106561457069,400
1996-09-04,7.1861090660095215,7.1861090660095215,7.1861090660095215,7.1861090660095215,100
1996-09-05,6.853416442871094,7.186106561457069,6.853416442871094,7.186106561457069,1800
1996-09-06,6.853416442871094,6.853416442871094,6.853416442871094,6.853416442871094,0
1996-09-09,7.053032398223877,7.053032398223877,7.053032398223877,7.053032398223877,900
1996-09-10,6.986490249633789,6.986490249633789,6.986490249633789,6.986490249633789,1000
1996-09-11,6.919954776763916,6.919954776763917,6.919954776763917,6.919954776763917,1000
1996-09-12,6.919954776763916,6.919954776763917,6.919954776763917,6.919954776763917,100
1996-09-13,7.319182872772217,7.319182872772217,7.15283780748194,7.15283780748194,7300
1996-09-16,7.053032398223877,7.31918456419459,6.919956315238521,7.186108481209233,3300
1996-09-17,7.1861090660095215,7.452261253639504,6.919956878379539,6.986494925287035,2000
1996-09-18,7.053032398223877,7.452260647179946,7.053032398223877,7.452260647179946,4500
1996-09-19,6.919954776763916,6.919954776763917,6.919954776763917,6.919954776763917,100
1996-09-20,7.053032398223877,7.053032398223877,6.919956315238521,6.919956315238521,6700
1996-09-23,6.853416442871094,6.853416442871094,6.786878419153899,6.786878419153899,1800
1996-09-24,7.1861090660095215,7.1861090660095215,7.1861090660095215,7.1861090660095215,200
1996-09-25,6.653801918029785,6.653801918029785,6.653801918029785,6.653801918029785,200
1996-09-26,7.1861090660095215,7.1861090660095215,7.1861090660095215,7.1861090660095215,100
1996-09-27,6.653801918029785,7.1528370618820185,6.653801918029785,7.1528370618820185,1700
1996-09-30,6.653801918029785,6.653801918029785,6.653801918029785,6.653801918029785,0
1996-10-01,7.1861090660095215,7.1861090660095215,7.1861090660095215,7.1861090660095215,300
1996-10-02,7.1861090660095215,7.1861090660095215,7.1861090660095215,7.1861090660095215,0
1996-10-03,6.919954776763916,6.919954776763917,6.919954776763917,6.919954776763917,400
1996-10-04,6.919954776763916,6.919954776763917,6.919954776763917,6.919954776763917,0
1996-10-07,6.78687858581543,6.78687858581543,6.78687858581543,6.78687858581543,400
1996-10-08,6.78687858581543,6.78687858581543,6.78687858581543,6.78687858581543,400
1996-10-09,6.853416442871094,7.053030514022678,6.853416442871094,6.919954466588289,800
1996-10-10,6.78687858581543,6.78687858581543,6.78687858581543,6.78687858581543,2000
1996-10-11,7.053032398223877,7.053032398223877,7.053032398223877,7.053032398223877,900
1996-10-14,7.1861090660095215,7.1861090660095215,7.1861090660095215,7.1861090660095215,100
1996-10-15,7.1861090660095215,7.1861090660095215,7.1861090660095215,7.1861090660095215,0
1996-10-16,7.1861090660095215,7.1861090660095215,7.1861090660095215,7.1861090660095215,0
1996-10-17,7.053032398223877,7.053032398223877,6.786880232253164,6.786880232253164,1100
1996-10-18,6.78687858581543,6.78687858581543,6.78687858581543,6.78687858581543,200
1996-10-21,6.853416442871094,6.853416442871094,6.853416442871094,6.853416442871094,1600
1996-10-22,7.053032398223877,7.053032398223877,6.786880232253164,6.786880232253164,6500
1996-10-23,7.585335731506348,7.5853357315063485,7.053031469646253,7.053031469646253,38800
1996-10-24,7.319182872772217,7.585334977236662,7.319182872772217,7.585334977236662,4800
1996-10-25,7.452260494232178,7.71841265474047,7.452260494232178,7.585336574486323,5500
1996-10-28,7.452260494232178,7.71841265474047,7.452260494232178,7.71841265474047,4000
1996-10-29,7.718408107757568,7.718408107757569,7.4522561040417905,7.718408107757569,4500
1996-10-30,7.452260494232178,7.71841265474047,7.452260494232178,7.71841265474047,2000
1996-10-31,7.452260494232178,7.452260494232178,7.452260494232178,7.452260494232178,0
1996-11-01,7.452260494232178,7.452260494232178,7.452260494232178,7.452260494232178,0
1996-11-04,7.452260494232178,7.71841265474047,7.452260494232178,7.71841265474047,600
1996-11-05,7.585335731506348,7.5853357315063485,7.452259666041325,7.452259666041325,8400
1996-11-06,7.718408107757568,7.718408107757569,7.718408107757569,7.718408107757569,600
1996-11-07,7.984560012817383,7.984560012817382,7.718408012390136,7.718408012390136,3800
1996-11-08,7.851491451263428,7.851491451263427,7.7184153249708265,7.7184153249708265,4300
1996-11-11,7.984560012817383,7.984560012817382,7.984560012817382,7.984560012817382,700
1996-11-12,7.984560012817383,7.984560012817382,7.984560012817382,7.984560012817382,900
1996-11-13,7.984560012817383,7.984560012817382,7.984560012817382,7.984560012817382,0
1996-11-14,8.117636680603027,8.117636680603027,7.851484658288174,7.9845606694456,11500
1996-11-15,8.38379192352295,8.38379192352295,8.38379192352295,8.38379192352295,300
1996-11-18,8.250714302062988,8.649942413453132,8.250714302062988,8.383790339193038,8800
1996-11-19,8.250714302062988,8.516866376323085,8.250714302062988,8.516866376323085,2000
1996-11-20,8.38379192352295,8.783020110357375,8.250715861244808,8.649944048079234,8700
1996-11-21,8.450326919555664,8.450326919555664,8.383788912315067,8.383788912315067,3100
1996-11-22,8.916093826293945,8.916093826293945,8.383789717261472,8.383789717261472,2900
1996-11-25,8.38379192352295,8.916096172635518,8.38379192352295,8.38379192352295,5800
1996-11-26,8.38379192352295,8.45032995466202,8.250715861244808,8.38379192352295,13700
1996-11-27,8.317255020141602,8.383793060302734,8.250716979980469,8.383793060302734,8600
1996-11-29,8.250714302062988,8.250714302062988,8.250714302062988,8.250714302062988,600
1996-12-02,8.250714302062988,8.516866376323085,8.250714302062988,8.383790339193038,4700
1996-12-03,8.250714302062988,8.317252320628013,8.250714302062988,8.317252320628013,17500
1996-12-04,8.38379192352295,8.38379192352295,8.117639798966666,8.117639798966666,2100
1996-12-05,8.263835906982422,8.663698934739635,8.097226312083583,8.13054823106335,12500
1996-12-06,7.86397123336792,8.13054652941429,7.863971233367919,7.9972588813911045,2400
1996-12-09,7.997256755828857,7.997256755828858,7.997256755828858,7.997256755828858,300
1996-12-10,8.010605812072754,8.010605812072754,8.010605812072754,8.010605812072754,5000
1996-12-11,8.010605812072754,8.010605812072754,8.010605812072754,8.010605812072754,100
1996-12-12,8.277630805969238,8.277630805969238,8.277630805969238,8.277630805969238,2500
1996-12-13,8.144118309020996,8.210873377127726,8.144118309020996,8.210873377127726,6300
1996-12-16,8.411139488220215,8.411139488220215,8.411139488220215,8.411139488220215,200
1996-12-17,8.144118309020996,8.411138581447913,8.144118309020996,8.144118309020996,1800
1996-12-18,8.411139488220215,8.411139488220215,8.411139488220215,8.411139488220215,100
1996-12-19,8.144118309020996,8.277628445234456,8.144118309020996,8.277628445234456,1500
1996-12-20,8.144118309020996,8.144118309020996,8.144118309020996,8.144118309020996,800
1996-12-23,8.144118309020996,8.144118309020996,8.144118309020996,8.144118309020996,400
1996-12-24,8.411139488220215,8.411139488220215,8.411139488220215,8.411139488220215,100
1996-12-26,8.411139488220215,8.411139488220215,8.411139488220215,8.411139488220215,0
1996-12-27,8.077363967895508,8.411139338469702,8.01060889378067,8.01060889378067,2200
1996-12-30,8.010605812072754,8.010605812072754,8.010605812072754,8.010605812072754,1000
1996-12-31,8.411139488220215,8.411139488220215,8.411139488220215,8.411139488220215,500
1997-01-02,8.277630805969238,8.277630805969238,8.277630805969238,8.277630805969238,200
1997-01-03,8.277630805969238,8.277630805969238,8.277630805969238,8.277630805969238,0
1997-01-06,8.277630805969238,8.277630805969238,8.277630805969238,8.277630805969238,300
1997-01-07,8.277630805969238,8.277630805969238,8.144120631679412,8.277630805969238,6800
1997-01-08,8.144118309020996,8.144118309020996,8.144118309020996,8.144118309020996,500
1997-01-09,8.144118309020996,8.144118309020996,8.144118309020996,8.144118309020996,0
1997-01-10,8.077363967895508,8.277629190240026,8.01060889378067,8.01060889378067,4500
1997-01-13,8.277630805969238,8.277630805969238,8.277630805969238,8.277630805969238,300
1997-01-14,8.277630805969238,8.277630805969238,7.877100283099759,7.877100283099759,1600
1997-01-15,7.877101421356201,7.877101421356202,7.877101421356202,7.877101421356202,600
1997-01-16,7.743584156036377,7.743584156036376,7.743584156036376,7.743584156036376,1900
1997-01-17,7.743584156036377,7.743584156036376,7.743584156036376,7.743584156036376,0
1997-01-20,7.743584156036377,7.743584156036376,7.743584156036376,7.743584156036376,700
1997-01-21,7.743584156036377,8.144114371003775,7.743584156036376,8.144114371003775,1400
1997-01-22,7.743584156036377,7.743584156036376,7.743584156036376,7.743584156036376,1800
1997-01-23,8.144118309020996,8.144118309020996,7.943853104700807,8.144118309020996,3900
1997-01-24,8.277630805969238,8.277630805969238,7.877100283099759,8.077365544534498,7500
1997-01-27,8.010605812072754,8.010605812072754,8.010605812072754,8.010605812072754,500
1997-01-28,8.010605812072754,8.210870957374572,8.010605812072754,8.010605812072754,1500
1997-01-29,8.010605812072754,8.010605812072754,8.010605812072754,8.010605812072754,0
1997-01-30,8.010605812072754,8.010605812072754,8.010605812072754,8.010605812072754,0
1997-01-31,8.144118309020996,8.277628445234456,8.010608172807537,8.010608172807537,25100
1997-02-03,8.411139488220215,8.411139488220215,8.144119187006874,8.411139488220215,2600
1997-02-04,8.411139488220215,8.411139488220215,8.411139488220215,8.411139488220215,100
1997-02-05,8.010605812072754,8.010605812072754,8.010605812072754,8.010605812072754,700
1997-02-06,8.077363967895508,8.411139338469702,7.877098745550992,7.877098745550992,27400
1997-02-07,8.077363967895508,8.411139338469702,8.01060889378067,8.411139338469702,2500
1997-02-10,8.010605812072754,8.010605812072754,8.010605812072754,8.010605812072754,2000
1997-02-11,8.010605812072754,8.010605812072754,8.010605812072754,8.010605812072754,0
1997-02-12,7.943853855133057,7.943853855133056,7.877098780720173,7.943853855133056,1100
1997-02-13,8.144118309020996,8.144118309020996,7.877098036594078,7.877098036594078,700
1997-02-14,8.144118309020996,8.411138581447913,8.010608172807537,8.010608172807537,4700
1997-02-18,8.144118309020996,8.144118309020996,8.144118309020996,8.144118309020996,0
1997-02-19,8.010605812072754,8.277626005808512,8.010605812072754,8.010605812072754,8600
1997-02-20,8.010605812072754,8.010605812072754,8.010605812072754,8.010605812072754,2000
1997-02-21,8.010605812072754,8.010605812072754,8.010605812072754,8.010605812072754,1100
1997-02-24,8.010605812072754,8.010605812072754,8.010605812072754,8.010605812072754,0
1997-02-25,8.144118309020996,8.277628445234456,8.144118309020996,8.277628445234456,800
1997-02-26,8.144118309020996,8.144118309020996,8.144118309020996,8.144118309020996,0
1997-02-27,8.144118309020996,8.144118309020996,8.144118309020996,8.144118309020996,1600
1997-02-28,8.010605812072754,8.010605812072754,8.010605812072754,8.010605812072754,400
1997-03-03,8.010605812072754,8.010605812072754,8.010605812072754,8.010605812072754,2500
1997-03-04,7.877101421356201,7.877101421356202,7.877101421356202,7.877101421356202,600
1997-03-05,8.144118309020996,8.144118309020996,7.743587900380619,7.743587900380619,2000
1997-03-06,8.144118309020996,8.144118309020996,8.144118309020996,8.144118309020996,0
1997-03-07,8.144118309020996,8.144118309020996,7.877098036594078,8.144118309020996,17800
1997-03-10,8.010605812072754,8.010605812072754,8.010605812072754,8.010605812072754,600
1997-03-11,8.010605812072754,8.010605812072754,8.010605812072754,8.010605812072754,300
1997-03-12,8.277630805969238,8.277630805969238,8.144120631679412,8.144120631679412,1000
1997-03-13,8.144118309020996,8.277628445234456,8.010608172807537,8.277628445234456,2300
1997-03-14,8.277630805969238,8.277630805969238,7.877100283099759,8.077365544534498,2200
1997-03-17,8.277630805969238,8.277630805969238,8.277630805969238,8.277630805969238,0
1997-03-18,7.81033992767334,7.943850011907073,7.743584885556474,7.943850011907073,15700
1997-03-19,7.610080242156982,7.743590421843947,7.610080242156982,7.610080242156982,700
1997-03-20,7.6261372566223145,7.6261372566223145,7.6261372566223145,7.6261372566223145,2300
1997-03-21,7.6261372566223145,7.6261372566223145,7.6261372566223145,7.6261372566223145,100
1997-03-24,7.6261372566223145,7.6261372566223145,7.6261372566223145,7.6261372566223145,0
1997-03-25,7.759921550750732,7.893713301625746,7.759921550750732,7.893713301625746,4000
1997-03-26,7.6261372566223145,7.6261372566223145,7.6261372566223145,7.6261372566223145,4900
1997-03-27,7.693029880523682,8.02750944054645,7.693029880523681,8.02750944054645,7900
1997-03-31,8.027505874633789,8.027505874633789,7.6261305809021005,7.6261305809021005,20800
1997-04-01,8.161299705505371,8.161299705505371,7.759924310152647,7.759924310152647,2100
1997-04-02,7.759921550750732,7.759921550750732,7.759921550750732,7.759921550750732,300
1997-04-03,7.759921550750732,7.759921550750732,7.759921550750732,7.759921550750732,200
1997-04-04,7.759921550750732,7.759921550750732,7.759921550750732,7.759921550750732,0
1997-04-07,8.027505874633789,8.027505874633789,7.75992234547933,7.75992234547933,800
1997-04-08,7.893720626831055,8.02751250186209,7.893720626831055,8.02751250186209,500
1997-04-09,7.759921550750732,8.027505052500757,7.759921550750732,8.027505052500757,3700
1997-04-10,7.826817989349365,7.826817989349365,7.826817989349365,7.826817989349365,300
1997-04-11,7.893720626831055,7.893720626831055,7.759928751800019,7.759928751800019,5600
1997-04-14,7.826817989349365,7.826817989349365,7.626130348596818,7.626130348596818,3200
1997-04-15,7.759921550750732,8.027505052500757,7.62612979987572,8.027505052500757,3100
1997-04-16,7.6261372566223145,8.027512901707698,7.6261372566223145,7.6261372566223145,600
1997-04-17,7.826817989349365,7.826817989349365,7.626130348596818,7.626130348596818,500
1997-04-18,7.6261372566223145,7.6261372566223145,7.6261372566223145,7.6261372566223145,500
1997-04-21,8.027505874633789,8.027505874633789,7.826818227767945,7.826818227767945,1100
1997-04-22,7.893720626831055,7.893720626831055,7.49234500173795,7.49234500173795,1200
1997-04-23,7.893720626831055,7.893720626831055,7.893720626831055,7.893720626831055,500
1997-04-24,7.893720626831055,7.893720626831055,7.893720626831055,7.893720626831055,400
1997-04-25,7.492340564727783,7.893715952123915,7.492340564727783,7.492340564727783,700
1997-04-28,7.893720626831055,7.893720626831055,7.893720626831055,7.893720626831055,300
1997-04-29,7.893720626831055,7.893720626831055,7.893720626831055,7.893720626831055,0
1997-04-30,7.893720626831055,7.893720626831055,7.893720626831055,7.893720626831055,0
1997-05-01,7.492340564727783,7.893715952123915,7.492340564727783,7.893715952123915,3500
1997-05-02,7.492340564727783,7.492340564727783,7.492340564727783,7.492340564727783,500
1997-05-05,7.893720626831055,7.893720626831055,7.49234500173795,7.759928751800019,8900
1997-05-06,7.893720626831055,7.893720626831055,7.893720626831055,7.893720626831055,200
1997-05-07,7.893720626831055,7.893720626831055,7.893720626831055,7.893720626831055,2600
1997-05-08,7.893720626831055,7.893720626831055,7.893720626831055,7.893720626831055,0
1997-05-09,7.6261372566223145,7.6261372566223145,7.4923453749271856,7.4923453749271856,800
1997-05-12,7.893720626831055,7.893720626831055,7.626136876768984,7.759928751800019,4300
1997-05-13,7.492340564727783,7.893715952123915,7.492340564727783,7.893715952123915,2000
1997-05-14,7.759921550750732,7.759921550750732,7.759921550750732,7.759921550750732,200
1997-05-15,7.693029880523682,7.693029880523681,7.49234214451002,7.49234214451002,2000
1997-05-16,7.492340564727783,7.492340564727783,7.492340564727783,7.492340564727783,100
1997-05-19,7.492340564727783,7.492340564727783,7.492340564727783,7.492340564727783,0
1997-05-20,7.759921550750732,7.759921550750732,7.492338049000708,7.492338049000708,5400
1997-05-21,7.759921550750732,7.759921550750732,7.759921550750732,7.759921550750732,500
1997-05-22,7.826817989349365,7.826817989349365,7.826817989349365,7.826817989349365,1200
1997-05-23,7.826817989349365,7.826817989349365,7.826817989349365,7.826817989349365,0
1997-05-27,7.759921550750732,8.027505052500757,7.62612979987572,8.027505052500757,1700
1997-05-28,7.7760090827941895,7.7760090827941895,7.7760090827941895,7.7760090827941895,0
1997-05-29,7.7760090827941895,7.7760090827941895,7.7760090827941895,7.7760090827941895,0
1997-05-30,8.044148445129395,8.044148445129395,8.044148445129395,8.044148445129395,100
1997-06-02,7.7760090827941895,7.7760090827941895,7.641939960677048,7.641939960677048,2700
1997-06-03,7.7760090827941895,7.7760090827941895,7.7760090827941895,7.7760090827941895,0
1997-06-04,7.7760090827941895,7.7760090827941895,7.641939960677048,7.641939960677048,2200
1997-06-05,7.7760090827941895,7.7760090827941895,7.7760090827941895,7.7760090827941895,900
1997-06-06,7.7760090827941895,7.7760090827941895,7.7760090827941895,7.7760090827941895,0
1997-06-09,7.7760090827941895,7.7760090827941895,7.7760090827941895,7.7760090827941895,0
1997-06-10,7.641944408416748,8.044152008859735,7.641944408416748,8.044152008859735,1100
1997-06-11,7.641944408416748,7.641944408416748,7.641944408416748,7.641944408416748,100
1997-06-12,7.641944408416748,7.641944408416748,7.641944408416748,7.641944408416748,2000
1997-06-13,7.7760090827941895,7.910078204911331,7.7760090827941895,7.7760090827941895,3200
1997-06-16,7.7760090827941895,7.7760090827941895,7.7760090827941895,7.7760090827941895,800
1997-06-17,7.843047618865967,7.843047618865966,7.843047618865966,7.843047618865966,900
1997-06-18,7.910088539123535,7.910088539123535,7.910088539123535,7.910088539123535,8700
1997-06-19,8.044148445129395,8.044148445129395,8.044148445129395,8.044148445129395,1000
1997-06-20,8.044148445129395,8.044148445129395,8.044148445129395,8.044148445129395,0
1997-06-23,8.044148445129395,8.044148445129395,8.044148445129395,8.044148445129395,0
1997-06-24,8.044148445129395,8.044148445129395,8.044148445129395,8.044148445129395,0
1997-06-25,7.7760090827941895,7.7760090827941895,7.7760090827941895,7.7760090827941895,500
1997-06-26,7.7760090827941895,7.7760090827941895,7.7760090827941895,7.7760090827941895,200
1997-06-27,8.446357727050781,8.446357727050781,7.776011875697545,7.776011875697545,7300
1997-06-30,8.446357727050781,8.446357727050781,8.446357727050781,8.446357727050781,0
1997-07-01,8.446357727050781,8.446357727050781,8.446357727050781,8.446357727050781,800
1997-07-02,8.446357727050781,8.714496067592076,8.312288556780134,8.446357727050781,14900
1997-07-03,8.982634544372559,9.250772888980695,8.714496199764422,8.84856537206849,7900
1997-07-07,8.982634544372559,9.250772888980695,8.982634544372559,9.250772888980695,4400
1997-07-08,9.183743476867676,9.183743476867676,9.116708852948932,9.116708852948932,4000
1997-07-09,9.317808151245117,9.317808151245117,9.049669787180509,9.317808151245117,1300
1997-07-10,9.652981758117676,9.652981758117676,9.38484337594774,9.38484337594774,5400
1997-07-11,9.652981758117676,9.652981758117676,9.38484337594774,9.652981758117676,600
1997-07-14,9.451873779296875,9.451873779296875,9.451873779296875,9.451873779296875,200
1997-07-15,9.451873779296875,9.652977476728724,9.250770081865026,9.652977476728724,2700
1997-07-16,9.7870512008667,9.7870512008667,9.250774422737017,9.250774422737017,3900
1997-07-17,9.7870512008667,9.7870512008667,9.7870512008667,9.7870512008667,1000
1997-07-18,9.652981758117676,9.652981758117676,9.652981758117676,9.652981758117676,2100
1997-07-21,9.518915176391602,9.652984404228103,9.3848459485551,9.3848459485551,3000
1997-07-22,9.518915176391602,9.585949790309853,9.2507767207186,9.2507767207186,3900
1997-07-23,9.652981758117676,9.787050949202644,9.518912567032709,9.652981758117676,11300
1997-07-24,9.652981758117676,9.921120140287613,9.652981758117676,9.921120140287613,2200
1997-07-25,9.7870512008667,9.92112039539912,9.585947409068067,9.92112039539912,7600
1997-07-28,9.7870512008667,9.7870512008667,9.518912811801858,9.652982006334279,29500
1997-07-29,9.652981758117676,9.652981758117676,9.518912567032709,9.518912567032709,4200
1997-07-30,9.652981758117676,9.652981758117676,9.652981758117676,9.652981758117676,0
1997-07-31,9.585946083068848,9.652980671062338,9.51891149507536,9.51891149507536,16000
1997-08-01,9.652981758117676,9.652981758117676,9.652981758117676,9.652981758117676,100
1997-08-04,9.652981758117676,9.652981758117676,9.652981758117676,9.652981758117676,100
1997-08-05,9.518915176391602,9.652984404228103,9.518915176391602,9.652984404228103,4400
1997-08-06,9.384842872619629,9.384842872619629,9.116704504830496,9.116704504830496,1700
1997-08-07,9.116704940795898,9.116704940795898,9.116704940795898,9.116704940795898,100
1997-08-08,9.652981758117676,9.652981758117676,9.652981758117676,9.652981758117676,400
1997-08-11,9.250775337219238,9.652982960576598,9.116706129433453,9.652982960576598,1600
1997-08-12,9.384842872619629,9.518912056514194,9.116704504830496,9.116704504830496,1600
1997-08-13,9.518915176391602,9.518915176391602,9.116707492882098,9.116707492882098,700
1997-08-14,9.518915176391602,9.518915176391602,9.116707492882098,9.518915176391602,2700
1997-08-15,9.384842872619629,9.518912056514194,9.116704504830496,9.518912056514194,2600
1997-08-18,9.384842872619629,9.518912056514194,9.049669912883214,9.049669912883214,8600
1997-08-19,9.518915176391602,9.518915176391602,9.116707492882098,9.2507767207186,1200
1997-08-20,9.518915176391602,9.518915176391602,9.518915176391602,9.518915176391602,200
1997-08-21,9.384842872619629,9.518912056514194,9.116704504830496,9.518912056514194,3100
1997-08-22,9.317808151245117,9.317808151245117,9.183738969212813,9.250773560228964,1600
1997-08-25,9.317808151245117,9.384842742261268,9.317808151245117,9.384842742261268,800
1997-08-26,9.384842872619629,9.384842872619629,9.384842872619629,9.384842872619629,1700
1997-08-27,9.266664505004883,9.333814247794773,9.266664505004883,9.333814247794773,1500
1997-08-28,9.333809852600098,9.400959563769883,9.266660141430314,9.400959563769883,800
1997-08-29,9.400958061218262,9.400958061218262,9.400958061218262,9.400958061218262,300
1997-09-02,9.266664505004883,9.400963990584664,9.132365019425102,9.132365019425102,1700
1997-09-03,9.266664505004883,9.400963990584664,9.132365019425102,9.266664505004883,31700
1997-09-04,9.400958061218262,9.400958061218262,9.132359259469167,9.400958061218262,27000
1997-09-05,9.400958061218262,9.400958061218262,9.132359259469167,9.132359259469167,3300
1997-09-08,9.266664505004883,9.400963990584664,9.132365019425102,9.266664505004883,4600
1997-09-09,9.400958061218262,9.400958061218262,9.132359259469167,9.400958061218262,5000
1997-09-10,9.266664505004883,9.333814247794773,9.199514762214992,9.266664505004883,30100
1997-09-11,9.266664505004883,9.400963990584664,9.199514762214992,9.400963990584664,50200
1997-09-12,9.19951057434082,9.400959711005218,9.19951057434082,9.19951057434082,12000
1997-09-15,9.19951057434082,9.400959711005218,9.132360862119356,9.400959711005218,27400
1997-09-16,9.19951057434082,9.19951057434082,9.19951057434082,9.19951057434082,700
1997-09-17,9.266664505004883,9.400963990584664,9.132365019425102,9.400963990584664,8700
1997-09-18,9.400958061218262,9.535257462092808,9.132359259469167,9.132359259469167,12300
1997-09-19,9.669562339782715,9.803861816724142,9.400963385899862,9.400963385899862,11000
1997-09-22,10.072457313537598,10.206756744384766,9.669559020996093,9.803858451843261,13400
1997-09-23,11.146851539611816,11.146851539611816,10.341055042772409,10.341055042772409,14400
1997-09-24,10.878253936767578,11.146852799403815,10.74395450544946,11.146852799403815,11100
1997-09-25,11.079705238342285,11.146854967059511,10.878256052190606,11.146854967059511,9300
1997-09-26,11.146851539611816,11.146851539611816,10.60965387505221,11.146851539611816,1100
1997-09-29,10.609654426574707,11.012552695938304,10.609654426574707,11.012552695938304,3800
1997-09-30,10.743952751159668,11.146850979328157,10.609653341770173,11.146850979328157,2500
1997-10-01,10.878253936767578,11.012553368085696,10.609655074131341,10.74395450544946,5900
1997-10-02,11.146851539611816,11.146851539611816,10.54250416698226,10.54250416698226,13100
1997-10-03,11.146851539611816,11.146851539611816,11.146851539611816,11.146851539611816,3600
1997-10-06,11.68404769897461,11.68404769897461,11.146850103619455,11.146850103619455,10600
1997-10-07,11.818349838256836,12.355547558177602,11.28115211833607,11.28115211833607,12000
1997-10-08,11.952651023864746,12.624148272396473,11.8183515741584,11.8183515741584,11200
1997-10-09,12.355545043945312,13.02704205720321,11.952646835990576,11.952646835990576,61800
1997-10-10,11.952651023864746,12.556998547543301,11.751201849305229,12.556998547543301,11600
1997-10-13,11.616896629333496,12.086944469826758,11.616896629333496,11.616896629333496,1200
1997-10-14,12.489840507507324,12.489840507507324,11.61689466558477,11.61689466558477,1100
1997-10-15,11.28115177154541,11.28115177154541,11.28115177154541,11.28115177154541,100
1997-10-16,11.818349838256836,12.086948698217219,11.28115211833607,11.28115211833607,4200
1997-10-17,11.146851539611816,12.086947452591126,11.146851539611816,12.086947452591126,4100
1997-10-20,11.818349838256836,12.086948698217219,11.28115211833607,11.28115211833607,7500
1997-10-21,12.355545043945312,12.355545043945314,11.684048030687416,11.684048030687416,6600
1997-10-22,12.086943626403809,12.086943626403809,12.086943626403809,12.086943626403809,800
1997-10-23,11.549748420715332,11.684047820956208,11.549748420715332,11.684047820956208,1400
1997-10-24,11.952651023864746,11.952651023864746,11.54975267474571,11.54975267474571,2300
1997-10-27,11.146851539611816,11.146851539611816,11.146851539611816,11.146851539611816,500
1997-10-28,11.012556076049805,11.012556076049805,11.012556076049805,11.012556076049805,500
1997-10-29,11.952651023864746,12.221249923277437,11.281153775333019,11.281153775333019,6900
1997-10-30,12.086943626403809,12.086943626403809,11.818344879150391,11.818344879150391,2600
1997-10-31,11.415448188781738,12.086945141063017,11.415448188781738,12.086945141063017,4000
1997-11-03,11.415448188781738,11.415448188781738,11.415448188781738,11.415448188781738,200
1997-11-04,11.415448188781738,11.818346360150505,11.415448188781738,11.818346360150505,2100
1997-11-05,12.086943626403809,12.086943626403809,12.086943626403809,12.086943626403809,600
1997-11-06,12.086943626403809,12.086943626403809,12.086943626403809,12.086943626403809,0
1997-11-07,11.415448188781738,11.415448188781738,11.415448188781738,11.415448188781738,500
1997-11-10,11.415448188781738,11.415448188781738,11.415448188781738,11.415448188781738,0
1997-11-11,11.415448188781738,11.415448188781738,11.415448188781738,11.415448188781738,0
1997-11-12,11.415448188781738,11.415448188781738,11.415448188781738,11.415448188781738,0
1997-11-13,11.415448188781738,11.415448188781738,11.415448188781738,11.415448188781738,0
1997-11-14,12.086943626403809,12.086943626403809,12.086943626403809,12.086943626403809,500
1997-11-17,12.086943626403809,12.086943626403809,12.086943626403809,12.086943626403809,0
1997-11-18,11.818349838256836,11.818349838256836,11.415451548316263,11.415451548316263,4300
1997-11-19,11.818349838256836,11.818349838256836,11.818349838256836,11.818349838256836,0
1997-11-20,12.355545043945312,12.489844446596893,11.952646835990576,11.952646835990576,5200
1997-11-21,11.952651023864746,11.952651023864746,11.952651023864746,11.952651023864746,100
1997-11-24,12.355545043945312,12.355545043945314,12.355545043945314,12.355545043945314,100
1997-11-25,12.086943626403809,12.086943626403809,12.086943626403809,12.086943626403809,200
1997-11-26,12.086943626403809,12.086943626403809,12.086943626403809,12.086943626403809,0
1997-11-28,12.086943626403809,12.086943626403809,12.086943626403809,12.086943626403809,0
1997-12-01,11.415448188781738,11.818346360150505,11.415448188781738,11.818346360150505,21400
1997-12-02,11.415448188781738,11.415448188781738,11.415448188781738,11.415448188781738,0
1997-12-03,11.952651023864746,11.952651023864746,11.415453225039364,11.415453225039364,1800
1997-12-04,11.818349838256836,12.086948698217219,11.818349838256836,12.086948698217219,1200
1997-12-05,11.952651023864746,11.952651023864746,11.952651023864746,11.952651023864746,100
1997-12-08,11.68404769897461,11.68404769897461,11.68404769897461,11.68404769897461,1000
1997-12-09,11.68404769897461,11.68404769897461,11.68404769897461,11.68404769897461,0
1997-12-10,11.68404769897461,11.68404769897461,11.68404769897461,11.68404769897461,1200
1997-12-11,11.296734809875488,11.296734809875488,11.296734809875488,11.296734809875488,100
1997-12-12,11.4312162399292,11.83467093075023,11.4312162399292,11.565701136869542,3000
1997-12-15,11.4312162399292,11.4312162399292,11.4312162399292,11.4312162399292,0
1997-12-16,11.70018482208252,11.834669705094962,11.29673017304519,11.29673017304519,2500
1997-12-17,11.4312162399292,11.4312162399292,11.4312162399292,11.4312162399292,100
1997-12-18,11.4312162399292,11.4312162399292,11.4312162399292,11.4312162399292,0
1997-12-19,11.70018482208252,11.700184822082518,11.29673017304519,11.431215056057633,3100
1997-12-22,11.56570053100586,11.700185420901276,11.56570053100586,11.700185420901276,3800
1997-12-23,11.56570053100586,11.56570053100586,11.56570053100586,11.56570053100586,400
1997-12-24,11.4312162399292,11.4312162399292,11.4312162399292,11.4312162399292,400
1997-12-26,11.767428398132324,11.767428398132322,11.767428398132322,11.767428398132322,300
1997-12-29,11.767428398132324,11.767428398132322,11.767428398132322,11.767428398132322,0
1997-12-30,11.4312162399292,11.83467093075023,11.4312162399292,11.83467093075023,600
1997-12-31,11.4312162399292,11.4312162399292,11.4312162399292,11.4312162399292,100
1998-01-02,11.4312162399292,11.83467093075023,11.4312162399292,11.83467093075023,2100
1998-01-05,11.4312162399292,11.969155827690573,11.4312162399292,11.969155827690573,600
1998-01-06,11.969160079956055,11.969160079956055,11.565705245800233,11.969160079956055,2000
1998-01-07,11.834671974182129,12.238126700574702,11.834671974182129,11.969156882979654,4400
1998-01-08,12.372611999511719,12.37261199951172,12.37261199951172,12.37261199951172,200
1998-01-09,12.372611999511719,12.37261199951172,11.969157260397207,11.969157260397207,1100
1998-01-12,12.23813247680664,12.23813247680664,11.70019258771624,11.70019258771624,2000
1998-01-13,12.507089614868164,12.507089614868164,11.83466544202579,11.83466544202579,3700
1998-01-14,12.776069641113281,12.776069641113281,12.50709975393195,12.50709975393195,4200
1998-01-15,12.910552978515625,13.314007759094237,12.776068051656086,13.045037905375162,9700
1998-01-16,13.179524421691895,13.71746419400585,13.045039478613406,13.179524421691895,6300
1998-01-20,13.448495864868164,13.582980823516847,13.179525947570802,13.448495864868166,2300
1998-01-21,13.71746826171875,13.71746826171875,13.179528329886642,13.179528329886642,7500
1998-01-22,13.71746826171875,13.71746826171875,13.71746826171875,13.71746826171875,200
1998-01-23,13.71746826171875,13.71746826171875,13.71746826171875,13.71746826171875,0
1998-01-26,13.314006805419922,13.717461557099313,13.314006805419922,13.717461557099313,500
1998-01-27,13.314006805419922,13.717461557099313,13.314006805419922,13.717461557099313,600
1998-01-28,13.314006805419922,13.314006805419922,13.314006805419922,13.314006805419922,2300
1998-01-29,13.448495864868164,13.448495864868166,13.314010906219483,13.314010906219483,5100
1998-01-30,13.582986831665039,13.582986831665039,13.448501813529742,13.448501813529742,1900
1998-02-02,13.986435890197754,13.986435890197756,13.448496048267073,13.448496048267073,4700
1998-02-03,13.784704208374023,13.986431587033156,13.448491910608803,13.986431587033156,3100
1998-02-04,13.986435890197754,13.986435890197756,13.717465969232414,13.717465969232414,200
1998-02-05,14.389885902404785,14.389885902404785,13.78470378501393,13.986431157477549,2200
1998-02-06,14.92782211303711,15.331276764740815,14.38988257743217,14.38988257743217,11800
1998-02-09,14.389885902404785,15.19679539225926,14.389885902404785,15.19679539225926,700
1998-02-10,14.591618537902832,15.062315910093247,14.38989109267837,14.38989109267837,5900
1998-02-11,14.255401611328125,14.927826215636056,14.255401611328125,14.927826215636056,6800
1998-02-12,14.255401611328125,14.255401611328125,14.255401611328125,14.255401611328125,0
1998-02-13,14.92782211303711,14.92782211303711,13.986427925728464,14.92782211303711,1500
1998-02-17,14.860588073730469,14.9278305537021,13.986435834099264,13.986435834099264,8700
1998-02-18,14.92782211303711,14.92782211303711,14.591609903284022,14.92782211303711,5500
1998-02-19,14.524370193481445,14.524370193481445,14.524370193481445,14.524370193481445,300
1998-02-20,14.658863067626953,14.927833032170568,14.255408120811532,14.457135594219244,3800
1998-02-23,13.986435890197754,14.322648291404432,13.986435890197756,14.255405811163097,1900
1998-02-24,14.12091064453125,14.12091064453125,13.85194091796875,13.85194091796875,2600
1998-02-25,14.12091064453125,14.12091064453125,14.12091064453125,14.12091064453125,900
1998-02-26,13.71746826171875,13.71746826171875,13.71746826171875,13.71746826171875,300
1998-02-27,13.71746826171875,13.71746826171875,13.448498295802697,13.448498295802697,500
1998-03-02,13.448495864868164,13.448495864868166,13.448495864868166,13.448495864868166,200
1998-03-03,13.448495864868164,13.448495864868166,13.448495864868166,13.448495864868166,500
1998-03-04,13.448495864868164,13.448495864868166,13.448495864868166,13.448495864868166,0
1998-03-05,13.71746826171875,13.851953244676778,13.179528329886642,13.851953244676778,14800
1998-03-06,13.314006805419922,13.717461557099313,13.314006805419922,13.717461557099313,4200
1998-03-09,13.314006805419922,13.314006805419922,13.314006805419922,13.314006805419922,0
1998-03-10,13.851945877075195,13.851945877075195,13.314006231363537,13.582976054219367,3400
1998-03-11,13.179524421691895,13.58297925092736,13.179524421691895,13.314009364770383,7900
1998-03-12,13.448495864868164,13.448495864868166,13.448495864868166,13.448495864868166,1000
1998-03-13,13.448495864868164,13.448495864868166,13.314010906219483,13.314010906219483,1100
1998-03-16,13.733946800231934,13.733946800231934,13.19536065120323,13.599300262974758,2200
1998-03-17,13.733946800231934,13.733946800231934,13.733946800231934,13.733946800231934,0
1998-03-18,13.46465015411377,13.46465015411377,13.46465015411377,13.46465015411377,2700
1998-03-19,13.733946800231934,13.733946800231934,13.464653725717582,13.464653725717582,3500
1998-03-20,13.46465015411377,13.46465015411377,13.46465015411377,13.46465015411377,400
1998-03-23,13.733946800231934,13.733946800231934,13.330007188460407,13.330007188460407,2100
1998-03-24,13.733946800231934,13.733946800231934,13.733946800231934,13.733946800231934,1600
1998-03-25,13.599299430847168,14.003239017902036,13.464652901828881,14.003239017902036,2100
1998-03-26,13.599299430847168,13.59929943084717,13.59929943084717,13.59929943084717,0
1998-03-27,14.003241539001465,14.003241539001463,14.003241539001463,14.003241539001463,100
1998-03-30,14.003241539001465,14.003241539001463,14.003241539001463,14.003241539001463,700
1998-03-31,13.868590354919434,14.137883371519811,13.868590354919434,14.003236863219623,1200
1998-04-01,14.137880325317383,14.137880325317385,13.464647928873699,13.464647928873699,2000
1998-04-02,14.137880325317383,14.137880325317385,13.464647928873699,13.464647928873699,400
1998-04-03,14.137880325317383,14.137880325317385,14.137880325317385,14.137880325317385,100
1998-04-06,13.599299430847168,13.733945959865459,13.59929943084717,13.733945959865459,1900
1998-04-07,13.599299430847168,13.733945959865459,13.59929943084717,13.733945959865459,2200
1998-04-08,14.137880325317383,14.137880325317385,13.599294408162436,13.599294408162436,400
1998-04-09,14.003241539001465,14.003241539001463,13.733948432482205,13.733948432482205,4700
1998-04-13,14.003241539001465,14.003241539001463,14.003241539001463,14.003241539001463,0
1998-04-14,14.272529602050781,14.272529602050781,14.137883096371057,14.272529602050781,1000
1998-04-15,14.003241539001465,14.003241539001463,14.003241539001463,14.003241539001463,300
1998-04-16,14.339847564697266,14.339847564697266,14.272524336693992,14.272524336693992,2200
1998-04-17,14.474501609802246,14.474501609802246,14.27253181989803,14.40717834650084,2300
1998-04-20,14.137880325317383,14.474496523539226,14.137880325317385,14.205203564961753,6400
1998-04-21,14.541821479797363,14.541821479797365,14.407174984614056,14.407174984614056,1200
1998-04-22,14.541821479797363,14.676467974980673,14.541821479797365,14.676467974980673,1300
1998-04-23,14.541821479797363,14.541821479797365,14.541821479797365,14.541821479797365,0
1998-04-24,14.541821479797363,14.541821479797365,14.541821479797365,14.541821479797365,0
1998-04-27,14.811116218566895,14.811116218566895,14.811116218566895,14.811116218566895,500
1998-04-28,14.272529602050781,14.81111562476968,14.003236590691333,14.81111562476968,5900
1998-04-29,15.080412864685059,15.080412864685059,14.137887060642242,14.137887060642242,19800
1998-04-30,14.272529602050781,14.272529602050781,14.272529602050781,14.272529602050781,100
1998-05-01,14.272529602050781,14.272529602050781,14.272529602050781,14.272529602050781,0
1998-05-04,14.541821479797363,15.0804074605306,14.541821479797365,15.0804074605306,700
1998-05-05,14.541821479797363,14.541821479797365,14.541821479797365,14.541821479797365,0
1998-05-06,14.94576358795166,14.94576358795166,14.272530993899784,14.272530993899784,2100
1998-05-07,14.272529602050781,14.272529602050781,14.272529602050781,14.272529602050781,100
1998-05-08,14.272529602050781,14.272529602050781,14.272529602050781,14.272529602050781,1000
1998-05-11,14.272529602050781,15.080408636129128,14.272529602050781,15.080408636129128,400
1998-05-12,14.407177925109863,14.407177925109863,14.407177925109863,14.407177925109863,1000
1998-05-13,14.407177925109863,14.407177925109863,14.407177925109863,14.407177925109863,0
1998-05-14,14.407177925109863,14.407177925109863,14.407177925109863,14.407177925109863,0
1998-05-15,14.407177925109863,14.407177925109863,14.407177925109863,14.407177925109863,0
1998-05-18,14.003241539001465,14.003241539001463,14.003241539001463,14.003241539001463,6100
1998-05-19,13.733946800231934,13.733946800231934,13.733946800231934,13.733946800231934,100
1998-05-20,14.003241539001465,14.070564815631279,14.003241539001463,14.070564815631279,3400
1998-05-21,13.733946800231934,14.541826023774988,13.733946800231934,14.003239874746285,2900
1998-05-22,14.407177925109863,14.407177925109863,13.733945311786972,13.733945311786972,1200
1998-05-26,14.407177925109863,14.407177925109863,14.407177925109863,14.407177925109863,0
1998-05-27,14.407177925109863,14.407177925109863,14.407177925109863,14.407177925109863,100
1998-05-28,14.423354148864746,14.423354148864744,14.423354148864744,14.423354148864744,0
1998-05-29,14.423354148864746,14.423354148864744,14.423354148864744,14.423354148864744,100
1998-06-01,14.423354148864746,14.423354148864744,14.423354148864744,14.423354148864744,0
1998-06-02,13.479767799377441,13.614565477371215,13.47976779937744,13.614565477371215,400
1998-06-03,14.153753280639648,14.153753280639648,13.479765029180617,13.479765029180617,300
1998-06-04,13.884161949157715,13.884161949157715,13.210173505023844,13.479768882677392,1900
1998-06-05,13.884161949157715,13.884161949157715,13.884161949157715,13.884161949157715,0
1998-06-08,13.210173606872559,13.210173606872559,13.210173606872559,13.210173606872559,100
1998-06-09,13.210173606872559,13.210173606872559,13.210173606872559,13.210173606872559,0
1998-06-10,13.210173606872559,13.210173606872559,13.210173606872559,13.210173606872559,0
1998-06-11,13.210173606872559,13.210173606872559,13.210173606872559,13.210173606872559,0
1998-06-12,13.210173606872559,13.210173606872559,13.210173606872559,13.210173606872559,0
1998-06-15,13.344965934753418,13.344965934753418,13.344965934753418,13.344965934753418,600
1998-06-16,13.749366760253906,13.749366760253906,13.344973620246439,13.344973620246439,3500
1998-06-17,13.344965934753418,13.344965934753418,13.344965934753418,13.344965934753418,900
1998-06-18,13.344965934753418,13.344965934753418,13.344965934753418,13.344965934753418,0
1998-06-19,13.344965934753418,13.344965934753418,13.344965934753418,13.344965934753418,0
1998-06-22,13.344965934753418,13.344965934753418,13.344965934753418,13.344965934753418,0
1998-06-23,13.614569664001465,13.614569664001463,13.614569664001463,13.614569664001463,300
1998-06-24,13.614569664001465,13.614569664001463,13.614569664001463,13.614569664001463,0
1998-06-25,13.614569664001465,13.614569664001463,13.614569664001463,13.614569664001463,0
1998-06-26,13.210173606872559,13.47976898660465,13.210173606872559,13.47976898660465,500
1998-06-29,13.210173606872559,13.210173606872559,13.210173606872559,13.210173606872559,0
1998-06-30,13.479767799377441,13.614565477371215,13.344970121383666,13.614565477371215,1700
1998-07-01,13.344965934753418,13.884156477571738,13.344965934753418,13.884156477571738,2700
1998-07-02,13.749366760253906,13.749366760253906,13.47977133358226,13.47977133358226,2800
1998-07-06,13.749366760253906,13.749366760253906,13.749366760253906,13.749366760253906,100
1998-07-07,13.614569664001465,13.614569664001463,13.344974225110345,13.344974225110345,3200
1998-07-08,13.479767799377441,13.47976779937744,13.47976779937744,13.47976779937744,400
1998-07-09,13.614569664001465,13.749367383447023,13.479771944555905,13.479771944555905,3900
1998-07-10,14.153753280639648,14.153753280639648,13.614562679472424,13.614562679472424,1000
1998-07-13,13.884161949157715,13.884161949157715,13.479768882677392,13.614566571504167,4100
1998-07-14,13.884161949157715,13.884161949157715,13.884161949157715,13.884161949157715,0
1998-07-15,13.210173606872559,13.210173606872559,13.210173606872559,13.210173606872559,400
1998-07-16,13.210173606872559,13.210173606872559,13.210173606872559,13.210173606872559,200
1998-07-17,14.018963813781738,14.018963813781738,13.816767220313734,14.018963813781738,400
1998-07-20,13.479767799377441,14.018958511352537,13.47976779937744,13.95155967235565,2200
1998-07-21,13.749366760253906,13.884164473589728,13.344973620246439,13.884164473589728,900
1998-07-22,13.479767799377441,13.95155967235565,13.47976779937744,13.749363155364989,2200
1998-07-23,14.288556098937988,14.288556098937987,13.479769904658479,14.288556098937987,2300
1998-07-24,14.288556098937988,14.288556098937987,13.479769904658479,14.288556098937987,3000
1998-07-27,13.479767799377441,13.614565477371215,13.47976779937744,13.614565477371215,1100
1998-07-28,13.479767799377441,13.47976779937744,13.47976779937744,13.47976779937744,1100
1998-07-29,13.614569664001465,13.614569664001463,13.479771944555905,13.479771944555905,6200
1998-07-30,13.479767799377441,13.47976779937744,13.47976779937744,13.47976779937744,200
1998-07-31,13.614569664001465,14.01896282233814,13.479771944555905,13.479771944555905,1700
1998-08-03,13.614569664001465,13.614569664001463,13.614569664001463,13.614569664001463,100
1998-08-04,13.614569664001465,14.01896282233814,13.614569664001463,13.614569664001463,1200
1998-08-05,13.479767799377441,13.47976779937744,13.47976779937744,13.47976779937744,1100
1998-08-06,13.614569664001465,13.816766243169802,13.614569664001463,13.614569664001463,1800
1998-08-07,13.614569664001465,13.614569664001463,13.614569664001463,13.614569664001463,0
1998-08-10,13.614569664001465,13.614569664001463,13.614569664001463,13.614569664001463,0
1998-08-11,13.614569664001465,13.614569664001463,13.614569664001463,13.614569664001463,600
1998-08-12,13.614569664001465,13.614569664001463,13.614569664001463,13.614569664001463,0
1998-08-13,14.018963813781738,14.018963813781738,14.018963813781738,14.018963813781738,300
1998-08-14,14.018963813781738,14.018963813781738,14.018963813781738,14.018963813781738,0
1998-08-17,13.344965934753418,13.614561206162577,13.344965934753418,13.344965934753418,3700
1998-08-18,13.614569664001465,13.951563962615362,13.614569664001463,13.749367383447023,4800
1998-08-19,13.210173606872559,13.210173606872559,13.210173606872559,13.210173606872559,400
1998-08-20,13.344965934753418,13.479763570457997,13.344965934753418,13.479763570457997,600
1998-08-21,13.142772674560547,13.142772674560547,13.075373840332032,13.075373840332032,200
1998-08-24,13.277565002441406,13.277565002441404,13.07536858108443,13.14276738820342,8800
1998-08-25,13.277565002441406,13.277565002441404,13.07536858108443,13.07536858108443,600
1998-08-26,12.940577507019043,13.075375189383825,12.940577507019043,13.075375189383825,1000
1998-08-27,12.401385307312012,12.873177139655402,11.862194641776705,12.873177139655402,3000
1998-08-28,11.877690315246582,11.877690315246582,11.877690315246582,11.877690315246582,700
1998-08-31,11.33779239654541,11.87768727257138,11.337792396545408,11.87768727257138,1400
1998-09-01,11.33779239654541,11.607739834558394,11.337792396545408,11.607739834558394,500
1998-09-02,11.472764015197754,11.877685098087085,11.472764015197752,11.877685098087085,2700
1998-09-03,11.472764015197754,11.472764015197752,11.472764015197752,11.472764015197752,0
1998-09-04,11.607743263244629,11.607743263244629,11.607743263244629,11.607743263244629,200
1998-09-08,11.607743263244629,11.607743263244629,11.607743263244629,11.607743263244629,200
1998-09-09,11.877690315246582,11.877690315246582,11.877690315246582,11.877690315246582,1900
1998-09-10,12.147635459899902,12.147635459899902,12.147635459899902,12.147635459899902,100
1998-09-11,12.147635459899902,12.147635459899902,12.147635459899902,12.147635459899902,1200
1998-09-14,12.147635459899902,12.147635459899902,12.147635459899902,12.147635459899902,0
1998-09-15,11.877690315246582,12.147637822411278,11.877690315246582,12.147637822411278,800
1998-09-16,11.472764015197754,12.01265879238353,11.472764015197752,11.877685098087085,2900
1998-09-17,11.675233840942383,11.675233840942383,11.472773138498296,11.607746940127686,2500
1998-09-18,11.33779239654541,12.417582148597353,11.337792396545408,11.472766115551902,1700
1998-09-21,11.33779239654541,11.337792396545408,11.337792396545408,11.337792396545408,400
1998-09-22,11.33779239654541,11.337792396545408,11.337792396545408,11.337792396545408,0
1998-09-23,11.33779239654541,11.337792396545408,11.337792396545408,11.337792396545408,0
1998-09-24,11.877690315246582,12.417585329575973,11.877690315246582,12.417585329575973,1600
1998-09-25,12.485068321228027,12.485068321228027,11.87768661911423,12.012660330695075,5300
1998-09-28,12.552556037902832,12.552556037902834,12.417582317065168,12.417582317065168,1300
1998-09-29,12.552556037902832,12.552556037902834,12.552556037902834,12.552556037902834,300
1998-09-30,11.877690315246582,12.282611575993625,11.877690315246582,12.282611575993625,2200
1998-10-01,12.282611846923828,12.282611846923828,12.282611846923828,12.282611846923828,500
1998-10-02,12.282611846923828,12.282611846923828,12.282611846923828,12.282611846923828,0
1998-10-05,11.33779239654541,11.810200413068134,11.337792396545408,11.810200413068134,1800
1998-10-06,11.33779239654541,11.337792396545408,11.337792396545408,11.337792396545408,0
1998-10-07,10.527955055236816,11.607745317312386,9.718112358680138,11.337797751793493,5300
1998-10-08,8.908267974853516,9.718110518022018,8.908267974853516,9.718110518022018,10200
1998-10-09,8.908267974853516,8.908267974853516,8.908267974853516,8.908267974853516,1200
1998-10-12,9.8530855178833,9.98805929210088,9.8530855178833,9.98805929210088,1400
1998-10-13,9.8530855178833,9.8530855178833,9.8530855178833,9.8530855178833,0
1998-10-14,9.448158264160156,9.448158264160156,9.448158264160156,9.448158264160156,300
1998-10-15,9.448158264160156,9.448158264160156,9.448158264160156,9.448158264160156,0
1998-10-16,9.8530855178833,9.8530855178833,9.8530855178833,9.8530855178833,200
1998-10-19,9.785593032836914,10.123027275348532,9.31318509332065,9.31318509332065,9700
1998-10-20,10.32548999786377,10.527950586057177,10.123029409670362,10.258003135132633,8300
1998-10-21,11.067845344543457,11.067845344543457,10.932871620829511,10.932871620829511,1200
1998-10-22,11.877690315246582,11.877690315246582,10.527952779423108,11.13533467054367,1100
1998-10-23,11.877690315246582,11.877690315246582,11.877690315246582,11.877690315246582,0
1998-10-26,11.33779239654541,12.012660991577874,10.527950082506452,12.012660991577874,1500
1998-10-27,11.33779239654541,11.337792396545408,11.337792396545408,11.337792396545408,0
1998-10-28,12.147635459899902,12.147635459899902,12.01266173256768,12.01266173256768,200
1998-10-29,12.147635459899902,12.147635459899902,11.337793095906575,11.337793095906575,1500
1998-10-30,12.147635459899902,12.147635459899902,12.147635459899902,12.147635459899902,0
1998-11-02,12.822503089904785,12.822503089904787,12.282608222961427,12.282608222961427,2200
1998-11-03,12.687532424926758,12.68753242492676,12.68753242492676,12.68753242492676,500
1998-11-04,12.080147743225098,13.22742434453698,12.080147743225098,12.957476908934183,5800
1998-11-05,12.080147743225098,12.080147743225098,12.080147743225098,12.080147743225098,0
1998-11-06,12.080147743225098,12.080147743225098,12.080147743225098,12.080147743225098,0
1998-11-09,12.417585372924805,12.417585372924805,12.012664110764213,12.012664110764213,500
1998-11-10,12.417585372924805,12.417585372924805,12.417585372924805,12.417585372924805,200
1998-11-11,12.417585372924805,12.417585372924805,12.417585372924805,12.417585372924805,0
1998-11-12,12.417585372924805,12.417585372924805,12.417585372924805,12.417585372924805,0
1998-11-13,12.417585372924805,12.417585372924805,12.417585372924805,12.417585372924805,2900
1998-11-16,12.957477569580078,12.957477569580078,12.957477569580078,12.957477569580078,900
1998-11-17,12.957477569580078,12.957477569580078,12.957477569580078,12.957477569580078,0
1998-11-18,12.957477569580078,12.957477569580078,12.957477569580078,12.957477569580078,0
1998-11-19,12.957477569580078,12.957477569580078,12.417582670847576,12.417582670847576,6100
1998-11-20,12.957477569580078,12.957477569580078,12.957477569580078,12.957477569580078,0
1998-11-23,12.417585372924805,12.417585372924805,12.417585372924805,12.417585372924805,100
1998-11-24,12.080147743225098,12.687529473331388,12.080147743225098,12.687529473331388,1500
1998-11-25,12.012657165527344,12.012657165527346,12.012657165527346,12.012657165527346,200
1998-11-27,11.607743263244629,12.14763829874438,11.337795745494754,12.01266453986944,4100
1998-11-30,11.33779239654541,11.337792396545408,11.337792396545408,11.337792396545408,300
1998-12-01,11.33779239654541,11.337792396545408,11.337792396545408,11.337792396545408,0
1998-12-02,11.33779239654541,11.87768727257138,11.337792396545408,11.87768727257138,1900
1998-12-03,10.932872772216797,11.877688937717014,10.932872772216797,11.135333379109701,1300
1998-12-04,12.147635459899902,12.147635459899902,12.147635459899902,12.147635459899902,400
1998-12-07,11.472764015197754,11.472764015197752,11.472764015197752,11.472764015197752,200
1998-12-08,11.472764015197754,11.472764015197752,11.472764015197752,11.472764015197752,0
1998-12-09,10.865382194519043,11.74271119159201,10.865382194519043,11.067842732305113,1300
1998-12-10,10.865382194519043,10.865382194519043,10.865382194519043,10.865382194519043,0
1998-12-11,10.797897338867188,10.797897338867188,10.797897338867188,10.797897338867188,500
1998-12-14,10.797897338867188,10.797897338867188,10.797897338867188,10.797897338867188,0
1998-12-15,10.797897338867188,10.797897338867188,10.797897338867188,10.797897338867188,0
1998-12-16,10.797897338867188,10.797897338867188,10.797897338867188,10.797897338867188,0
1998-12-17,11.33779239654541,11.337792396545408,10.797897520519438,10.797897520519438,2600
1998-12-18,11.067845344543457,11.067845344543457,11.067845344543457,11.067845344543457,600
1998-12-21,11.877690315246582,11.877690315246582,11.607742808081888,11.607742808081888,2000
1998-12-22,11.420852661132812,11.893905729937131,11.353273651303624,11.623589690620378,3900
1998-12-23,11.893908500671387,11.893908500671387,11.353276296095416,11.353276296095416,2400
1998-12-24,11.893908500671387,11.893908500671387,11.893908500671387,11.893908500671387,0
1998-12-28,11.893908500671387,11.893908500671387,11.893908500671387,11.893908500671387,100
1998-12-29,11.35327434539795,11.35327434539795,11.35327434539795,11.35327434539795,700
1998-12-30,11.35327434539795,11.35327434539795,11.35327434539795,11.35327434539795,0
1998-12-31,11.35327434539795,11.35327434539795,11.35327434539795,11.35327434539795,8200
1999-01-04,11.522222518920898,11.893907116305444,11.353274974655196,11.420853992361478,13000
1999-01-05,11.826325416564941,11.826325416564941,11.826325416564941,11.826325416564941,100
1999-01-06,11.48843002319336,11.488430023193358,11.488430023193358,11.488430023193358,1600
1999-01-07,11.48843002319336,11.488430023193358,11.488430023193358,11.488430023193358,5700
1999-01-08,11.48843002319336,11.62358802346622,11.488430023193358,11.488430023193358,7900
1999-01-11,11.623592376708984,11.623592376708986,11.488434325817021,11.488434325817021,9400
1999-01-12,11.623592376708984,11.623592376708986,11.623592376708986,11.623592376708986,0
1999-01-13,11.35327434539795,11.623590401240758,10.947800261633738,10.947800261633738,20800
1999-01-14,11.35327434539795,11.35327434539795,11.35327434539795,11.35327434539795,0
1999-01-15,11.556011199951172,11.623590212816383,11.353274161355538,11.48843218708596,12100
1999-01-19,11.69117546081543,11.69117546081543,11.488438314096088,11.623596411908983,3600
1999-01-20,11.48843002319336,11.55600902332979,11.353272022920494,11.488430023193358,6600
1999-01-21,11.48843002319336,11.488430023193358,11.488430023193358,11.488430023193358,100
1999-01-22,11.48843002319336,11.691167023602652,11.353272022920494,11.488430023193358,2400
1999-01-25,11.556011199951172,11.623590212816383,11.48843218708596,11.48843218708596,2900
1999-01-26,11.48843002319336,11.488430023193358,11.488430023193358,11.488430023193358,100
1999-01-27,11.48843002319336,11.893904024011947,11.488430023193358,11.691167023602652,700
1999-01-28,11.35327434539795,11.488432373319354,11.35327434539795,11.488432373319354,500
1999-01-29,11.48843002319336,11.488430023193358,11.488430023193358,11.488430023193358,700
1999-02-01,11.48843002319336,11.488430023193358,11.488430023193358,11.488430023193358,800
1999-02-02,11.758750915527344,11.8263299437775,11.488434802526715,11.488434802526715,5700
1999-02-03,12.029058456420898,12.096637436513152,11.75874253605189,11.75874253605189,11100
1999-02-04,11.893908500671387,11.893908500671387,11.893908500671387,11.893908500671387,400
1999-02-05,11.893908500671387,11.893908500671387,11.893908500671387,11.893908500671387,100
1999-02-08,12.029058456420898,12.0290584564209,12.0290584564209,12.0290584564209,100
1999-02-09,12.029058456420898,12.0290584564209,12.0290584564209,12.0290584564209,300
1999-02-10,12.029058456420898,12.0290584564209,12.0290584564209,12.0290584564209,0
1999-02-11,11.758750915527344,11.758750915527344,11.758750915527344,11.758750915527344,1200
1999-02-12,11.48843002319336,11.893904024011947,11.488430023193358,11.893904024011947,700
1999-02-16,11.893908500671387,11.893908500671387,11.623592398383401,11.758750449527394,6400
1999-02-17,12.029058456420898,12.096637436513152,12.0290584564209,12.096637436513152,7500
1999-02-18,12.029058456420898,12.0290584564209,12.0290584564209,12.0290584564209,1500
1999-02-19,12.434539794921875,12.434539794921875,12.029065671174422,12.029065671174422,300
1999-02-22,12.029058456420898,12.0290584564209,12.0290584564209,12.0290584564209,1400
1999-02-23,12.299384117126465,12.299384117126465,12.299384117126465,12.299384117126465,200
1999-02-24,12.299384117126465,12.299384117126465,12.164226049905293,12.164226049905293,1600
1999-02-25,12.180285453796387,12.180285453796388,12.180285453796388,12.180285453796388,1700
1999-02-26,12.180285453796387,12.180285453796388,12.180285453796388,12.180285453796388,0
1999-03-01,12.315625190734863,12.315625190734863,12.315625190734863,12.315625190734863,300
1999-03-02,12.197200775146484,12.197200775146484,12.180283714431996,12.180283714431996,6600
1999-03-03,12.180285453796387,12.180285453796388,12.180285453796388,12.180285453796388,3400
1999-03-04,12.180285453796387,12.180285453796388,12.180285453796388,12.180285453796388,2500
1999-03-05,12.450958251953125,12.450958251953123,12.214119372160537,12.315621749214502,3600
1999-03-08,12.450958251953125,12.450958251953123,12.450958251953123,12.450958251953123,0
1999-03-09,12.450958251953125,12.450958251953123,11.90961224099864,11.90961224099864,300
1999-03-10,12.450958251953125,12.450958251953123,12.450958251953123,12.450958251953123,0
1999-03-11,11.909613609313965,11.909613609313965,11.909613609313965,11.909613609313965,300
1999-03-12,11.909613609313965,12.417125552892685,11.909613609313965,12.417125552892685,3700
1999-03-15,11.909613609313965,11.909613609313965,11.909613609313965,11.909613609313965,0
1999-03-16,11.909613609313965,11.909613609313965,11.909613609313965,11.909613609313965,0
1999-03-17,11.909613609313965,11.909613609313965,11.909613609313965,11.909613609313965,0
1999-03-18,11.909613609313965,11.909613609313965,11.909613609313965,11.909613609313965,1000
1999-03-19,11.638940811157227,11.909613853277161,11.638940811157227,11.909613853277161,800
1999-03-22,11.977275848388672,11.977275848388674,11.909607623256534,11.909607623256534,5100
1999-03-23,11.977275848388672,11.977275848388674,11.977275848388674,11.977275848388674,0
1999-03-24,11.638940811157227,12.044950374337128,11.638940811157227,11.638940811157227,600
1999-03-25,11.638940811157227,11.638940811157227,11.638940811157227,11.638940811157227,0
1999-03-26,12.38328742980957,12.38328742980957,11.46976622597116,11.63893681927457,1100
1999-03-29,12.38328742980957,12.38328742980957,12.38328742980957,12.38328742980957,200
1999-03-30,11.638940811157227,11.638940811157227,11.638940811157227,11.638940811157227,200
1999-03-31,11.638940811157227,11.638940811157227,11.638940811157227,11.638940811157227,5500
1999-04-01,11.368265151977539,11.638938131786528,11.368265151977539,11.638938131786528,6400
1999-04-05,11.909613609313965,12.112618386745453,11.503604054450989,12.112618386745453,6600
1999-04-06,11.503599166870117,11.90960854923024,11.503599166870119,11.503599166870119,1300
1999-04-07,11.808107376098633,11.909609731767102,11.808107376098633,11.909609731767102,1600
1999-04-08,11.503599166870117,11.638935627656826,11.503599166870119,11.503599166870119,3300
1999-04-09,11.77427864074707,11.774278640747069,11.774278640747069,11.774278640747069,600
1999-04-12,11.503599166870117,11.503599166870119,11.503599166870119,11.503599166870119,500
1999-04-13,11.503599166870117,11.503599166870119,11.503599166870119,11.503599166870119,0
1999-04-14,11.638940811157227,11.638940811157227,11.503604290097257,11.503604290097257,2600
1999-04-15,11.77427864074707,11.774278640747069,11.503605568545987,11.638942104646528,6200
1999-04-16,11.368265151977539,12.180284091404506,11.368265151977539,11.503601641882033,5600
1999-04-19,10.96225643157959,11.402100053834326,10.826919932424286,11.402100053834326,5500
1999-04-20,11.232931137084961,11.232931137084961,11.232931137084961,11.232931137084961,200
1999-04-21,11.232931137084961,11.232931137084961,11.232931137084961,11.232931137084961,300
1999-04-22,11.165266036987305,11.165266036987305,10.962261199951172,10.962261199951172,10300
1999-04-23,10.96225643157959,10.996090556368415,10.96225643157959,10.996090556368415,700
1999-04-26,10.96225643157959,10.96225643157959,10.96225643157959,10.96225643157959,500
1999-04-27,11.232931137084961,11.232931137084961,11.232931137084961,11.232931137084961,100
1999-04-28,11.232931137084961,11.232931137084961,11.232931137084961,11.232931137084961,0
1999-04-29,11.232931137084961,11.232931137084961,11.232931137084961,11.232931137084961,0
1999-04-30,10.96225643157959,10.96225643157959,10.96225643157959,10.96225643157959,100
1999-05-03,10.96225643157959,10.96225643157959,10.96225643157959,10.96225643157959,0
1999-05-04,11.300600051879883,11.368268315663595,10.8269222053939,10.8269222053939,3600
1999-05-05,10.826920509338379,10.826920509338379,10.826920509338379,10.826920509338379,300
1999-05-06,10.826920509338379,10.826920509338379,10.826920509338379,10.826920509338379,0
1999-05-07,10.826920509338379,10.826920509338379,10.826920509338379,10.826920509338379,0
1999-05-10,10.826920509338379,10.826920509338379,10.826920509338379,10.826920509338379,0
1999-05-11,10.826920509338379,10.826920509338379,10.826920509338379,10.826920509338379,0
1999-05-12,10.96225643157959,10.96225643157959,10.96225643157959,10.96225643157959,1700
1999-05-13,10.96225643157959,10.96225643157959,10.96225643157959,10.96225643157959,0
1999-05-14,11.097591400146484,11.097591400146484,10.8269184391673,10.8269184391673,1500
1999-05-17,11.097591400146484,11.097591400146484,10.8269184391673,10.8269184391673,1000
1999-05-18,10.691583633422852,10.826920135111749,10.691583633422852,10.826920135111749,1100
1999-05-19,10.826920509338379,10.826920509338379,10.826920509338379,10.826920509338379,700
1999-05-20,10.826920509338379,10.826920509338379,10.826920509338379,10.826920509338379,1200
1999-05-21,10.691583633422852,10.691583633422852,10.556247131733954,10.623915382578403,1300
1999-05-24,10.691583633422852,10.691583633422852,10.691583633422852,10.691583633422852,500
1999-05-25,10.894587516784668,11.063758130399336,10.691582780447064,10.691582780447064,10100
1999-05-26,11.029928207397461,11.029928207397461,11.029928207397461,11.029928207397461,200
1999-05-27,10.842885971069336,10.842885971069336,10.842885971069336,10.842885971069336,500
1999-05-28,10.842885971069336,10.842885971069336,10.842885971069336,10.842885971069336,200
1999-06-01,10.842885971069336,10.842885971069336,10.842885971069336,10.842885971069336,500
1999-06-02,10.842885971069336,10.842885971069336,10.842885971069336,10.842885971069336,200
1999-06-03,10.707347869873047,10.842883918858782,10.707347869873047,10.842883918858782,2100
1999-06-04,10.707347869873047,10.707347869873047,10.707347869873047,10.707347869873047,800
1999-06-07,10.707347869873047,10.707347869873047,10.707347869873047,10.707347869873047,700
1999-06-08,10.707347869873047,10.707347869873047,10.707347869873047,10.707347869873047,1700
1999-06-09,10.775116920471191,10.84288495141755,10.571812827632112,10.707348889524832,3400
1999-06-10,10.436275482177734,10.436275482177734,10.436275482177734,10.436275482177734,200
1999-06-11,10.300743103027344,10.453221208170842,10.300743103027344,10.453221208170842,700
1999-06-14,10.334620475769043,10.436272480448737,10.334620475769043,10.334620475769043,700
1999-06-15,10.232975006103516,10.33462707570057,10.232975006103516,10.33462707570057,700
1999-06-16,9.487520217895508,10.232968235015868,9.487520217895508,10.232968235015868,5600
1999-06-17,8.877609252929688,9.690825367701873,8.335465176414898,9.690825367701873,8900
1999-06-18,8.606537818908691,8.742073847552923,8.606537818908691,8.674305833230807,1700
1999-06-21,8.809843063354492,8.809843063354492,8.674307016225962,8.742075039790228,1900
1999-06-22,9.013144493103027,9.013144493103027,8.809840481980403,8.809840481980403,900
1999-06-23,8.809843063354492,8.945379110483023,8.809843063354492,8.945379110483023,1600
1999-06-24,8.94538688659668,8.94538688659668,8.94538688659668,8.94538688659668,2000
1999-06-25,8.94538688659668,9.216459216493549,8.94538688659668,8.94538688659668,12600
1999-06-28,9.080915451049805,9.080915451049805,9.080915451049805,9.080915451049805,1100
1999-06-29,9.080915451049805,9.080915451049805,9.080915451049805,9.080915451049805,1300
1999-06-30,9.216451644897461,9.216451644897461,9.216451644897461,9.216451644897461,400
1999-07-01,9.284217834472656,9.284217834472656,9.284217834472656,9.284217834472656,1500
1999-07-02,9.216451644897461,9.419755725299611,9.216451644897461,9.419755725299611,2600
1999-07-06,9.3519868850708,9.623058968696041,9.3519868850708,9.623058968696041,11400
1999-07-07,9.555288314819336,9.623056317052097,9.487520312586575,9.623056317052097,2700
1999-07-08,9.555288314819336,9.623056317052097,9.555288314819336,9.623056317052097,8700
1999-07-09,9.623061180114746,9.623061180114746,9.623061180114746,9.623061180114746,700
1999-07-12,10.300743103027344,10.300743103027344,10.029670916105571,10.029670916105571,1400
1999-07-13,10.300743103027344,10.300743103027344,10.300743103027344,10.300743103027344,0
1999-07-14,10.300743103027344,10.300743103027344,10.300743103027344,10.300743103027344,0
1999-07-15,9.826367378234863,9.826367378234863,9.826367378234863,9.826367378234863,3100
1999-07-16,9.928018569946289,9.928018569946289,9.826366502677216,9.826366502677216,11600
1999-07-19,10.029669761657715,10.029669761657715,10.029669761657715,10.029669761657715,300
1999-07-20,9.826367378234863,10.165207632656756,9.826367378234863,10.165207632656756,5800
1999-07-21,10.300743103027344,10.436279196488229,10.300743103027344,10.300743103027344,1900
1999-07-22,10.57181453704834,10.57181453704834,10.300742369431717,10.300742369431717,500
1999-07-23,10.300743103027344,10.571815289949116,10.300743103027344,10.571815289949116,1300
1999-07-26,10.232975006103516,10.232975006103516,10.165206959705479,10.165206959705479,1700
1999-07-27,10.300743103027344,10.300743103027344,10.300743103027344,10.300743103027344,100
1999-07-28,10.300743103027344,10.300743103027344,10.300743103027344,10.300743103027344,0
1999-07-29,10.300743103027344,10.300743103027344,10.232975056296901,10.300743103027344,5400
1999-07-30,10.232975006103516,10.300743052501552,10.232975006103516,10.300743052501552,2100
1999-08-02,10.232975006103516,10.639583284491735,10.232975006103516,10.639583284491735,200
1999-08-03,10.232975006103516,10.232975006103516,10.232975006103516,10.232975006103516,0
1999-08-04,10.368507385253906,10.368507385253906,10.232971341002221,10.232971341002221,6000
1999-08-05,10.165202140808105,10.300738169352213,10.165202140808105,10.300738169352213,1300
1999-08-06,9.894139289855957,10.165211599167078,9.894139289855955,10.165211599167078,3300
1999-08-09,9.894139289855957,9.894139289855955,9.894139289855955,9.894139289855955,100
1999-08-10,10.165202140808105,10.165202140808105,10.029666112263996,10.029666112263996,200
1999-08-11,10.165202140808105,10.165202140808105,10.165202140808105,10.165202140808105,100
1999-08-12,10.165202140808105,10.165202140808105,10.165202140808105,10.165202140808105,100
1999-08-13,9.894139289855957,9.894139289855955,9.894139289855955,9.894139289855955,400
1999-08-16,9.894139289855957,9.894139289855955,9.894139289855955,9.894139289855955,0
1999-08-17,9.894139289855957,9.894139289855955,9.894139289855955,9.894139289855955,100
1999-08-18,9.894139289855957,10.029675444511517,9.894139289855955,10.029675444511517,200
1999-08-19,9.894139289855957,9.894139289855955,9.894139289855955,9.894139289855955,600
1999-08-20,9.487520217895508,9.6230562210083,9.487520217895508,9.6230562210083,300
1999-08-23,9.75859546661377,9.75859546661377,9.75859546661377,9.75859546661377,1000
1999-08-24,9.487520217895508,9.487520217895508,9.487520217895508,9.487520217895508,500
1999-08-25,9.487520217895508,9.487520217895508,9.487520217895508,9.487520217895508,200
1999-08-26,9.3519868850708,9.55529094778973,9.3519868850708,9.55529094778973,200
1999-08-27,9.3519868850708,9.3519868850708,9.3519868850708,9.3519868850708,2300
1999-08-30,9.368280410766602,9.368280410766602,9.368280410766602,9.368280410766602,1100
1999-08-31,9.23250961303711,9.368281813228831,9.23250961303711,9.368281813228831,2100
1999-09-01,9.368280410766602,9.368280410766602,9.232508230900418,9.232508230900418,2100
1999-09-02,9.23250961303711,9.23250961303711,9.23250961303711,9.23250961303711,300
1999-09-03,9.23250961303711,9.23250961303711,9.23250961303711,9.23250961303711,0
1999-09-07,9.504049301147461,9.504049301147461,9.300391101837159,9.300391101837159,700
1999-09-08,9.23250961303711,9.23250961303711,8.689420812270221,9.096737412845387,5000
1999-09-09,8.689421653747559,8.689421653747559,8.689421653747559,8.689421653747559,100
1999-09-10,8.689421653747559,8.689421653747559,8.689421653747559,8.689421653747559,0
1999-09-13,8.689421653747559,8.689421653747559,8.689421653747559,8.689421653747559,0
1999-09-14,8.689421653747559,8.689421653747559,8.689421653747559,8.689421653747559,0
1999-09-15,8.689421653747559,8.689421653747559,8.689421653747559,8.689421653747559,0
1999-09-16,8.689421653747559,8.689421653747559,8.689421653747559,8.689421653747559,0
1999-09-17,8.689421653747559,8.689421653747559,8.689421653747559,8.689421653747559,0
1999-09-20,8.689421653747559,8.689421653747559,8.689421653747559,8.689421653747559,0
1999-09-21,8.960968971252441,8.960968971252441,8.960968971252441,8.960968971252441,200
1999-09-22,8.689421653747559,8.96096608042717,8.689421653747559,8.96096608042717,1700
1999-09-23,8.689421653747559,8.689421653747559,8.689421653747559,8.689421653747559,1100
1999-09-24,9.028847694396973,9.096733767287176,8.68941732994596,8.68941732994596,2800
1999-09-27,9.028847694396973,9.028847694396973,9.028847694396973,9.028847694396973,0
1999-09-28,9.164624214172363,9.164624214172363,8.825193687721535,8.825193687721535,400
1999-09-29,7.874785900115967,9.02884935099503,7.874785900115967,9.02884935099503,10300
1999-09-30,7.671130180358887,7.942674611522032,7.603244072568099,7.942674611522032,48000
1999-10-01,7.603243350982666,8.146332161767141,7.603243350982666,8.146332161767141,12800
1999-10-04,7.739016056060791,8.282104902100144,7.73901605606079,8.282104902100144,5900
1999-10-05,7.467471122741699,7.874787729436701,7.467471122741698,7.739015527205034,2500
1999-10-06,7.535353660583496,7.603239729597762,7.467467591569231,7.467467591569231,5300
1999-10-07,7.603243350982666,7.671129452330725,7.535357249634607,7.535357249634607,14400
1999-10-08,7.603243350982666,7.603243350982666,7.603243350982666,7.603243350982666,0
1999-10-11,8.146331787109375,8.146331787109375,8.146331787109375,8.146331787109375,1000
1999-10-12,7.942671775817871,8.146330026479868,7.942671775817872,8.146330026479868,1100
1999-10-13,7.942671775817871,7.942671775817872,7.806899608709874,7.806899608709874,900
1999-10-14,7.874785900115967,7.874785900115967,7.874785900115967,7.874785900115967,1000
1999-10-15,7.942671775817871,8.146330026479868,7.874785692263873,7.874785692263873,15000
1999-10-18,8.960968971252441,8.960968971252441,7.942677042701027,7.942677042701027,3400
1999-10-19,8.689421653747559,8.689421653747559,8.689421653747559,8.689421653747559,1000
1999-10-20,8.689421653747559,8.689421653747559,8.689421653747559,8.689421653747559,0
1999-10-21,8.689421653747559,8.689421653747559,8.689421653747559,8.689421653747559,0
1999-10-22,8.417879104614258,8.417879104614258,8.417879104614258,8.417879104614258,200
1999-10-25,8.485760688781738,8.485760688781738,8.485760688781738,8.485760688781738,500
1999-10-26,8.485760688781738,8.485760688781738,8.485760688781738,8.485760688781738,200
1999-10-27,8.553648948669434,8.553648948669434,8.553648948669434,8.553648948669434,500
1999-10-28,8.757311820983887,8.757311820983887,8.689425682836724,8.689425682836724,4200
1999-10-29,8.757311820983887,8.757311820983887,8.757311820983887,8.757311820983887,0
1999-11-01,8.553648948669434,8.689421154203869,8.553648948669434,8.553648948669434,500
1999-11-02,8.553648948669434,8.553648948669434,8.553648948669434,8.553648948669434,0
1999-11-03,9.096735954284668,9.096735954284668,9.096735954284668,9.096735954284668,500
1999-11-04,9.096735954284668,9.096735954284668,9.096735954284668,9.096735954284668,0
1999-11-05,9.096735954284668,9.096735954284668,9.096735954284668,9.096735954284668,0
1999-11-08,8.757311820983887,8.757311820983887,8.757311820983887,8.757311820983887,200
1999-11-09,8.689421653747559,8.689421653747559,8.689421653747559,8.689421653747559,400
1999-11-10,8.893078804016113,8.893078804016113,8.893078804016113,8.893078804016113,400
1999-11-11,9.028847694396973,9.028847694396973,9.028847694396973,9.028847694396973,800
1999-11-12,8.893078804016113,8.893078804016113,8.893078804016113,8.893078804016113,1400
1999-11-15,8.893078804016113,8.893078804016113,8.893078804016113,8.893078804016113,0
1999-11-16,8.927023887634277,9.0288530574552,8.893080831027302,9.0288530574552,1500
1999-11-17,8.689421653747559,8.689421653747559,8.689421653747559,8.689421653747559,200
1999-11-18,8.944000244140625,8.944000244140625,8.944000244140625,8.944000244140625,300
1999-11-19,9.504049301147461,9.504049301147461,8.68941650390625,8.757302570343017,16100
1999-11-22,9.096735954284668,9.470109444945605,8.893077686651429,9.096735954284668,3400
1999-11-23,8.994904518127441,8.994904518127441,8.960961482209978,8.960961482209978,2700
1999-11-24,9.368280410766602,9.368280410766602,8.960963871168053,8.960963871168053,3900
1999-11-26,8.960968971252441,8.960968971252441,8.960968971252441,8.960968971252441,1500
1999-11-29,8.960968971252441,9.57194412838329,8.960968971252441,8.960968971252441,8300
1999-11-30,9.741655349731445,9.741655349731445,9.36828179974174,9.741655349731445,5000
1999-12-01,9.368280410766602,9.368280410766602,9.368280410766602,9.368280410766602,1200
1999-12-02,9.23250961303711,9.368281813228831,9.23250961303711,9.368281813228831,700
1999-12-03,9.368280410766602,9.368280410766602,8.960963871168053,8.960963871168053,5100
1999-12-06,8.960968971252441,9.504057999813195,8.960968971252441,8.960968971252441,3200
1999-12-07,8.960968971252441,9.775602514093572,8.960968971252441,9.232513485532818,9600
1999-12-08,8.960968971252441,8.960968971252441,8.960968971252441,8.960968971252441,300
1999-12-09,9.096735954284668,9.300394221917907,8.960963775862508,8.960963775862508,3100
1999-12-10,9.368280410766602,9.368280410766602,9.096736051034235,9.368280410766602,1200
1999-12-13,9.368280410766602,9.368280410766602,9.368280410766602,9.368280410766602,0
1999-12-14,9.300395965576172,9.300395965576172,9.300395965576172,9.300395965576172,2000
1999-12-15,9.23250961303711,9.639826213612276,9.23250961303711,9.23250961303711,2200
1999-12-16,9.23250961303711,9.537997063468485,9.23250961303711,9.537997063468485,1300
1999-12-17,9.504049301147461,9.504049301147461,9.23250503540039,9.23250503540039,3000
1999-12-20,9.504049301147461,9.504049301147461,9.504049301147461,9.504049301147461,100
1999-12-21,9.316361427307129,9.520369341773709,9.316361427307129,9.316361427307129,4200
1999-12-22,9.656381607055664,9.656381607055664,9.248365482813876,9.248365482813876,300
1999-12-23,9.24836254119873,9.520373204175163,9.24836254119873,9.24836254119873,600
1999-12-27,9.24836254119873,9.24836254119873,9.24836254119873,9.24836254119873,200
1999-12-28,9.24836254119873,9.24836254119873,9.24836254119873,9.24836254119873,100
1999-12-29,9.24836254119873,9.24836254119873,9.24836254119873,9.24836254119873,0
1999-12-30,9.384366989135742,10.064393582551377,9.384366989135742,9.52037230781887,9300
1999-12-31,9.384366989135742,9.384366989135742,9.384366989135742,9.384366989135742,0
2000-01-03,9.554372787475586,9.792382073996329,9.384366154246482,9.384366154246482,13400
2000-01-04,9.418371200561523,9.605378570969785,9.418371200561523,9.605378570969785,2300
2000-01-05,9.724386215209961,9.724386215209961,9.588380813598633,9.588380813598633,600
2000-01-06,9.520368576049805,9.520368576049805,9.316360677991593,9.520368576049805,5600
2000-01-07,9.520368576049805,9.520368576049805,9.520368576049805,9.520368576049805,0
2000-01-10,9.316361427307129,9.792379894395815,9.316361427307129,9.588371979929235,500
2000-01-11,9.384366989135742,9.860385604526686,9.31636432979418,9.31636432979418,2000
2000-01-12,9.384366989135742,9.656377626501996,9.384366989135742,9.452369648477307,5000
2000-01-13,9.384366989135742,9.384366989135742,9.384366989135742,9.384366989135742,400
2000-01-14,9.316361427307129,9.384364065462655,9.316361427307129,9.384364065462655,500
2000-01-18,9.384366989135742,9.792382945185123,9.384366989135742,9.384366989135742,2800
2000-01-19,9.452364921569824,9.588370172239893,9.24835704556472,9.316359670899754,2700
2000-01-20,9.24836254119873,9.24836254119873,9.24836254119873,9.24836254119873,1200
2000-01-21,9.724386215209961,9.724386215209961,9.248367309570312,9.248367309570312,1800
2000-01-24,9.112358093261719,9.248363437937266,9.112358093261719,9.248363437937266,1500
2000-01-25,9.384366989135742,9.384366989135742,9.248361670452617,9.248361670452617,1700
2000-01-26,9.452364921569824,9.452364921569824,9.24835704556472,9.384362296234789,5500
2000-01-27,9.656381607055664,9.656381607055664,9.248365482813876,9.384370857561139,5400
2000-01-28,9.656381607055664,9.656381607055664,9.656381607055664,9.656381607055664,0
2000-01-31,9.24836254119873,9.24836254119873,9.24836254119873,9.24836254119873,300
2000-02-01,9.112358093261719,9.112358093261719,9.112358093261719,9.112358093261719,100
2000-02-02,8.976356506347656,8.976356506347656,8.908353805541992,8.976356506347656,8300
2000-02-03,8.976356506347656,8.976356506347656,8.976356506347656,8.976356506347656,0
2000-02-04,8.976356506347656,8.976356506347656,8.976356506347656,8.976356506347656,800
2000-02-07,8.22832202911377,8.70434065889721,8.160319367716134,8.70434065889721,2400
2000-02-08,7.344289302825928,8.228324126314234,7.344289302825928,8.228324126314234,3600
2000-02-09,7.344289302825928,7.752305375205146,7.344289302825928,7.752305375205146,3900
2000-02-10,7.344289302825928,7.616300017745407,7.344289302825928,7.616300017745407,1300
2000-02-11,7.072280406951904,7.208285799393287,7.072280406951904,7.208285799393287,3100
2000-02-14,6.528256893157959,6.834268935024737,6.528256893157959,6.834268935024737,900
2000-02-15,6.3922529220581055,6.698265030028972,6.3922529220581055,6.698265030028972,54100
2000-02-16,6.80026912689209,6.9022731637954715,6.528258361816407,6.9022731637954715,4900
2000-02-17,6.528256893157959,6.9362729489803305,6.528256893157959,6.9362729489803305,7200
2000-02-18,6.528256893157959,6.596259569128354,6.460254217187563,6.596259569128354,51100
2000-02-22,6.3922529220581055,6.800269066019261,6.2562475407377205,6.732266375359068,110700
2000-02-23,6.528256893157959,6.528256893157959,6.256246189276377,6.256246189276377,1300
2000-02-24,6.256244659423828,6.528255296790082,6.256244659423828,6.528255296790082,1300
2000-02-25,7.208283424377441,7.208283424377441,6.528256686228627,6.528256686228627,13100
2000-02-28,6.270442962646484,7.22464080478834,6.270442962646484,7.22464080478834,9700
2000-02-29,6.406759262084961,6.679387315790703,6.406759262084961,6.679387315790703,1200
2000-03-01,6.54307222366333,6.577150724828243,6.406758219003677,6.406758219003677,8300
2000-03-02,6.54307222366333,6.54307222366333,6.54307222366333,6.54307222366333,100
2000-03-03,6.679384708404541,6.679384708404541,6.679384708404541,6.679384708404541,300
2000-03-06,6.54307222366333,6.54307222366333,6.54307222366333,6.54307222366333,100
2000-03-07,6.679384708404541,6.679384708404541,6.543070734763631,6.543070734763631,1400
2000-03-08,6.679384708404541,6.679384708404541,6.679384708404541,6.679384708404541,0
2000-03-09,6.54307222366333,6.54307222366333,6.54307222366333,6.54307222366333,800
2000-03-10,6.134126663208008,6.338597551981608,5.725184885660807,6.338597551981608,14300
2000-03-13,6.134126663208008,6.270440589057075,6.134126663208008,6.134126663208008,1400
2000-03-14,6.270442962646484,6.270442962646484,6.1341289851976475,6.1341289851976475,17800
2000-03-15,6.270442962646484,6.270442962646484,6.1341289851976475,6.1341289851976475,400
2000-03-16,5.997815132141113,6.202286102555014,5.929658142003146,5.997815132141113,33000
2000-03-17,6.134126663208008,6.134126663208008,6.134126663208008,6.134126663208008,1000
2000-03-20,5.725184917449951,5.725184917449951,5.725184917449951,5.725184917449951,3500
2000-03-21,5.92965841293335,5.9296584129333505,5.9296584129333505,5.9296584129333505,500
2000-03-22,5.92965841293335,5.9296584129333505,5.9296584129333505,5.9296584129333505,0
2000-03-23,5.997815132141113,5.997815132141113,5.7933441617272114,5.861501151865179,9100
2000-03-24,5.997815132141113,5.997815132141113,5.997815132141113,5.997815132141113,0
2000-03-27,5.588872909545898,5.8615008563530155,5.588872909545898,5.8615008563530155,7200
2000-03-28,6.815698146820068,6.8156981468200675,5.725186443328857,5.861500406265258,18800
2000-03-29,7.088327407836914,7.088327407836915,6.543071453387921,7.088327407836915,4300
2000-03-30,6.9520134925842285,6.952013492584229,6.543071522432216,6.543071522432216,3200
2000-03-31,7.224643230438232,7.224643230438232,6.815701160790785,6.952015184006601,4400
2000-04-03,6.679384708404541,7.224640602968177,6.679384708404541,6.81569868204545,4900
2000-04-04,6.679384708404541,6.81569868204545,6.679384708404541,6.81569868204545,5200
2000-04-05,6.9520134925842285,6.952013492584229,6.679385512482887,6.679385512482887,10400
2000-04-06,6.815698146820068,7.088326072692871,6.8156981468200675,6.9520121097564695,2600
2000-04-07,6.815698146820068,7.216120412945747,6.8156981468200675,7.088326072692871,2000
2000-04-10,6.815698146820068,6.8156981468200675,6.8156981468200675,6.8156981468200675,2000
2000-04-11,6.815698146820068,6.8156981468200675,6.8156981468200675,6.8156981468200675,0
2000-04-12,6.54307222366333,6.54307222366333,6.406758219003677,6.406758219003677,1700
2000-04-13,6.781625747680664,6.781625747680665,6.202290884813472,6.27044792750373,1100
2000-04-14,6.134126663208008,6.815696292453342,6.134126663208008,6.747539329528809,6300
2000-04-17,5.997815132141113,6.2704430926929815,5.861501151865179,6.134129112417048,12200
2000-04-18,6.134126663208008,6.134126663208008,6.134126663208008,6.134126663208008,500
2000-04-19,5.997815132141113,5.997815132141113,5.997815132141113,5.997815132141113,100
2000-04-20,5.997815132141113,6.2704430926929815,5.997815132141113,5.997815132141113,16200
2000-04-24,5.997815132141113,5.997815132141113,5.997815132141113,5.997815132141113,200
2000-04-25,6.134126663208008,6.270440589057075,6.134126663208008,6.270440589057075,5000
2000-04-26,5.997815132141113,5.997815132141113,5.997815132141113,5.997815132141113,500
2000-04-27,6.270442962646484,6.270442962646484,6.1341289851976475,6.1341289851976475,2600
2000-04-28,5.861503601074219,5.861503601074219,5.861503601074219,5.861503601074219,200
2000-05-01,5.861503601074219,5.861503601074219,5.861503601074219,5.861503601074219,0
2000-05-02,5.350324630737305,6.134130149889904,5.350324630737305,6.134130149889904,2500
2000-05-03,5.588872909545898,5.7251868829494565,5.588872909545898,5.7251868829494565,2200
2000-05-04,5.452561378479004,5.452561378479004,5.452561378479004,5.452561378479004,500
2000-05-05,5.452561378479004,5.725189447402954,5.452561378479004,5.452561378479004,400
2000-05-08,5.452561378479004,5.452561378479004,5.452561378479004,5.452561378479004,100
2000-05-09,5.452561378479004,5.452561378479004,5.452561378479004,5.452561378479004,1300
2000-05-10,5.452561378479004,5.452561378479004,5.452561378479004,5.452561378479004,0
2000-05-11,5.588872909545898,5.588872909545898,5.588872909545898,5.588872909545898,200
2000-05-12,5.588872909545898,5.588872909545898,5.588872909545898,5.588872909545898,0
2000-05-15,5.997815132141113,5.997815132141113,5.58887319131331,5.58887319131331,1900
2000-05-16,5.997815132141113,5.997815132141113,5.997815132141113,5.997815132141113,3900
2000-05-17,5.588872909545898,5.588872909545898,5.588872909545898,5.588872909545898,400
2000-05-18,5.588872909545898,5.997814829756574,5.588872909545898,5.8615008563530155,2300
2000-05-19,5.861503601074219,5.861503601074219,5.861503601074219,5.861503601074219,2000
2000-05-22,5.657031059265137,5.657031059265137,5.657031059265137,5.657031059265137,100
2000-05-23,5.725184917449951,5.725184917449951,5.725184917449951,5.725184917449951,100
2000-05-24,5.588872909545898,5.588872909545898,5.588872909545898,5.588872909545898,600
2000-05-25,5.588872909545898,5.588872909545898,5.588872909545898,5.588872909545898,600
2000-05-26,5.588872909545898,5.588872909545898,5.588872909545898,5.588872909545898,500
2000-05-30,5.7419915199279785,5.741991519927978,5.741991519927978,5.741991519927978,900
2000-05-31,5.7419915199279785,5.878705603735787,5.741991519927978,5.741991519927978,6400
2000-06-01,5.878709316253662,5.878709316253662,5.759084417376407,5.759084417376407,1900
2000-06-02,6.288846969604492,6.288846969604492,6.288846969604492,6.288846969604492,400
2000-06-05,5.7419915199279785,5.741991519927978,5.741991519927978,5.741991519927978,300
2000-06-06,5.947065353393555,5.947065353393555,5.947065353393555,5.947065353393555,500
2000-06-07,5.947065353393555,5.947065353393555,5.947065353393555,5.947065353393555,0
2000-06-08,5.947065353393555,5.947065353393555,5.947065353393555,5.947065353393555,0
2000-06-09,5.947065353393555,5.947065353393555,5.947065353393555,5.947065353393555,0
2000-06-12,5.947065353393555,5.947065353393555,5.947065353393555,5.947065353393555,0
2000-06-13,5.947065353393555,5.947065353393555,5.947065353393555,5.947065353393555,0
2000-06-14,5.947065353393555,5.947065353393555,5.947065353393555,5.947065353393555,0
2000-06-15,5.947065353393555,5.947065353393555,5.947065353393555,5.947065353393555,0
2000-06-16,5.947065353393555,5.947065353393555,5.947065353393555,5.947065353393555,0
2000-06-19,5.947065353393555,5.947065353393555,5.947065353393555,5.947065353393555,0
2000-06-20,5.810349464416504,5.810349464416504,5.810349464416504,5.810349464416504,1500
2000-06-21,5.810349464416504,5.810349464416504,5.810349464416504,5.810349464416504,0
2000-06-22,5.810349464416504,5.878706516939051,5.810349464416504,5.878706516939051,5500
2000-06-23,5.810349464416504,5.810349464416504,5.810349464416504,5.810349464416504,1500
2000-06-26,5.605278491973877,5.878706711094554,5.605278491973877,5.878706711094554,700
2000-06-27,5.468564987182617,5.468564987182617,5.468564987182617,5.468564987182617,300
2000-06-28,5.7419915199279785,6.015419687543596,5.741991519927978,5.741991519927978,1000
2000-06-29,5.878709316253662,5.878709316253662,5.741995146108228,5.741995146108228,1400
2000-06-30,5.7419915199279785,6.152133771351405,5.741991519927978,6.152133771351405,1100
2000-07-03,5.7419915199279785,5.741991519927978,5.741991519927978,5.741991519927978,0
2000-07-05,5.7419915199279785,5.810348561831883,5.741991519927978,5.741991519927978,8400
2000-07-06,5.810349464416504,5.810349464416504,5.741992411893957,5.741992411893957,9800
2000-07-07,5.810349464416504,5.810349464416504,5.810349464416504,5.810349464416504,100
2000-07-10,5.810349464416504,5.810349464416504,5.810349464416504,5.810349464416504,0
2000-07-11,5.810349464416504,5.810349464416504,5.67363535937141,5.67363535937141,7800
2000-07-12,5.810349464416504,5.810349464416504,5.810349464416504,5.810349464416504,200
2000-07-13,5.673635959625244,5.673635959625244,5.673635959625244,5.673635959625244,100
2000-07-14,5.673635959625244,5.673635959625244,5.673635959625244,5.673635959625244,4500
2000-07-17,6.288846969604492,6.288846969604492,5.810347743656324,5.810347743656324,4500
2000-07-18,6.288846969604492,6.288846969604492,6.152132905047872,6.152132905047872,1900
2000-07-19,6.288846969604492,6.835703227830969,6.152132905047872,6.152132905047872,2100
2000-07-20,6.288846969604492,6.288846969604492,6.288846969604492,6.288846969604492,0
2000-07-21,6.425565242767334,6.425565242767334,6.425565242767334,6.425565242767334,400
2000-07-24,7.109137058258057,7.1091370582580575,6.425566187271706,6.425566187271706,9700
2000-07-25,6.288846969604492,6.288846969604492,6.288846969604492,6.288846969604492,300
2000-07-26,6.288846969604492,6.288846969604492,6.288846969604492,6.288846969604492,0
2000-07-27,6.63063383102417,6.630633831024171,6.630633831024171,6.630633831024171,100
2000-07-28,6.425565242767334,6.425565242767334,6.425565242767334,6.425565242767334,400
2000-07-31,6.5622758865356445,6.5622758865356445,6.5622758865356445,6.5622758865356445,900
2000-08-01,6.972419738769531,7.109133851294424,6.630634457457299,6.972419738769531,6400
2000-08-02,6.972419738769531,6.972419738769531,6.972419738769531,6.972419738769531,0
2000-08-03,6.972419738769531,6.972419738769531,6.972419738769531,6.972419738769531,0
2000-08-04,6.152133941650391,6.1521339416503915,6.1521339416503915,6.1521339416503915,100
2000-08-07,6.5622758865356445,6.5622758865356445,6.5622758865356445,6.5622758865356445,500
2000-08-08,6.5622758865356445,6.5622758865356445,6.5622758865356445,6.5622758865356445,0
2000-08-09,6.5622758865356445,6.5622758865356445,6.5622758865356445,6.5622758865356445,0
2000-08-10,6.4939188957214355,6.4939188957214355,6.357204813706248,6.357204813706248,2900
2000-08-11,6.4939188957214355,6.4939188957214355,6.4939188957214355,6.4939188957214355,0
2000-08-14,6.4939188957214355,6.4939188957214355,6.4939188957214355,6.4939188957214355,0
2000-08-15,6.288846969604492,6.835703227830969,6.288846969604492,6.835703227830969,5200
2000-08-16,6.288846969604492,6.288846969604492,6.288846969604492,6.288846969604492,0
2000-08-17,6.220491886138916,6.28884893983275,6.220491886138916,6.28884893983275,900
2000-08-18,6.220491886138916,6.323027466679667,6.015420725057413,6.323027466679667,12800
2000-08-21,6.5622758865356445,6.5622758865356445,6.5622758865356445,6.5622758865356445,200
2000-08-22,6.5622758865356445,6.5622758865356445,6.5622758865356445,6.5622758865356445,0
2000-08-23,5.878709316253662,5.878709316253662,5.878709316253662,5.878709316253662,100
2000-08-24,5.878709316253662,5.878709316253662,5.878709316253662,5.878709316253662,300
2000-08-25,5.878709316253662,5.878709316253662,5.878709316253662,5.878709316253662,100
2000-08-28,6.5622758865356445,6.5622758865356445,6.254669204354286,6.254669204354286,10100
2000-08-29,5.878709316253662,5.878709316253662,5.878709316253662,5.878709316253662,300
2000-08-30,5.895161151885986,5.895161151885986,5.895161151885986,5.895161151885986,100
2000-08-31,5.895161151885986,5.895161151885986,5.895161151885986,5.895161151885986,0
2000-09-01,5.895161151885986,5.895161151885986,5.895161151885986,5.895161151885986,200
2000-09-05,5.895161151885986,5.895161151885986,5.895161151885986,5.895161151885986,0
2000-09-06,6.443547248840332,6.443547248840333,6.443547248840333,6.443547248840333,200
2000-09-07,5.895161151885986,5.895161151885986,5.895161151885986,5.895161151885986,100
2000-09-08,6.169350624084473,6.169350624084473,6.169350624084473,6.169350624084473,7600
2000-09-11,5.895161151885986,6.100806308347125,5.895161151885986,6.100806308347125,1000
2000-09-12,6.169350624084473,6.169350624084473,6.169350624084473,6.169350624084473,600
2000-09-13,6.169350624084473,6.169350624084473,6.169350624084473,6.169350624084473,500
2000-09-14,6.032257080078125,6.203628019853072,6.032257080078125,6.203628019853072,3400
2000-09-15,6.169350624084473,6.169350624084473,6.169350624084473,6.169350624084473,1400
2000-09-18,6.443547248840332,6.443547248840333,6.443547248840333,6.443547248840333,400
2000-09-19,5.620964527130127,6.169351310264773,5.620964527130127,6.169351310264773,5000
2000-09-20,5.5524187088012695,5.689515467043276,5.5524187088012695,5.620967087922272,5900
2000-09-21,5.758060932159424,5.758060932159425,5.758060932159425,5.758060932159425,1000
2000-09-22,5.758060932159424,5.758060932159425,5.758060932159425,5.758060932159425,0
2000-09-25,5.758060932159424,5.758060932159425,5.758060932159425,5.758060932159425,0
2000-09-26,5.758060932159424,5.758060932159425,5.758060932159425,5.758060932159425,0
2000-09-27,5.758060932159424,5.758060932159425,5.758060932159425,5.758060932159425,0
2000-09-28,5.758060932159424,5.758060932159425,5.758060932159425,5.758060932159425,0
2000-09-29,5.758060932159424,5.758060932159425,5.758060932159425,5.758060932159425,0
2000-10-02,5.758060932159424,5.758060932159425,5.758060932159425,5.758060932159425,0
2000-10-03,5.895161151885986,6.306451464808264,5.758064380911893,5.758064380911893,4400
2000-10-04,5.895161151885986,5.895161151885986,5.895161151885986,5.895161151885986,0
2000-10-05,5.895161151885986,5.895161151885986,5.895161151885986,5.895161151885986,0
2000-10-06,5.758060932159424,5.758060932159425,5.758060932159425,5.758060932159425,100
2000-10-09,5.758060932159424,5.758060932159425,5.758060932159425,5.758060932159425,0
2000-10-10,5.895161151885986,6.032257922860079,5.758064380911893,5.758064380911893,5500
2000-10-11,5.895161151885986,5.895161151885986,5.895161151885986,5.895161151885986,0
2000-10-12,5.895161151885986,5.895161151885986,5.895161151885986,5.895161151885986,600
2000-10-13,5.49243688583374,5.492436885833739,5.492436885833739,5.492436885833739,400
2000-10-16,6.306446075439453,6.306446075439453,6.306446075439453,6.306446075439453,2700
2000-10-17,6.306446075439453,6.306446075439453,6.306446075439453,6.306446075439453,0
2000-10-18,6.306446075439453,6.306446075439453,6.306446075439453,6.306446075439453,200
2000-10-19,6.306446075439453,6.306446075439453,6.306446075439453,6.306446075439453,0
2000-10-20,5.895161151885986,5.895161151885986,5.895161151885986,5.895161151885986,200
2000-10-23,5.895161151885986,5.895161151885986,5.895161151885986,5.895161151885986,0
2000-10-24,6.032257080078125,6.032257080078125,6.032257080078125,6.032257080078125,5000
2000-10-25,5.895161151885986,5.895161151885986,5.895161151885986,5.895161151885986,2200
2000-10-26,5.895161151885986,5.895161151885986,5.895161151885986,5.895161151885986,1200
2000-10-27,6.306446075439453,6.306446075439453,6.169349421625552,6.169349421625552,12300
2000-10-30,6.306446075439453,6.306446075439453,6.306446075439453,6.306446075439453,0
2000-10-31,6.306446075439453,6.306446075439453,6.306446075439453,6.306446075439453,0
2000-11-01,6.032257080078125,6.100805455988104,6.032257080078125,6.100805455988104,300
2000-11-02,6.032257080078125,6.032257080078125,6.032257080078125,6.032257080078125,0
2000-11-03,6.032257080078125,6.032257080078125,6.032257080078125,6.032257080078125,0
2000-11-06,6.032257080078125,6.032257080078125,6.032257080078125,6.032257080078125,0
2000-11-07,6.032257080078125,6.032257080078125,6.032257080078125,6.032257080078125,0
2000-11-08,6.032257080078125,6.032257080078125,6.032257080078125,6.032257080078125,0
2000-11-09,6.032257080078125,6.032257080078125,6.032257080078125,6.032257080078125,0
2000-11-10,6.032257080078125,6.032257080078125,6.032257080078125,6.032257080078125,0
2000-11-13,6.032257080078125,6.032257080078125,6.032257080078125,6.032257080078125,0
2000-11-14,6.169350624084473,6.306447304619684,6.032253943549263,6.306447304619684,5100
2000-11-15,6.032257080078125,6.032257080078125,6.032257080078125,6.032257080078125,400
2000-11-16,6.032257080078125,6.032257080078125,6.032257080078125,6.032257080078125,10500
2000-11-17,6.032257080078125,6.2379022078080615,6.032257080078125,6.032257080078125,6300
2000-11-20,6.032257080078125,6.032257080078125,6.032257080078125,6.032257080078125,100
2000-11-21,6.032257080078125,6.032257080078125,6.032257080078125,6.032257080078125,0
2000-11-22,6.032257080078125,6.032257080078125,6.032257080078125,6.032257080078125,0
2000-11-24,6.032257080078125,6.032257080078125,6.032257080078125,6.032257080078125,0
2000-11-27,6.032257080078125,6.032257080078125,6.032257080078125,6.032257080078125,0
2000-11-28,6.032257080078125,6.032257080078125,6.032257080078125,6.032257080078125,800
2000-11-29,6.032257080078125,6.032257080078125,6.032257080078125,6.032257080078125,0
2000-11-30,6.032257080078125,6.032257080078125,6.032257080078125,6.032257080078125,0
2000-12-01,6.032257080078125,6.032257080078125,6.032257080078125,6.032257080078125,0
2000-12-04,6.100804805755615,6.100804805755614,6.100804805755614,6.100804805755614,1100
2000-12-05,6.169350624084473,6.169350624084473,6.135076453950671,6.135076453950671,5000
2000-12-06,6.237900257110596,6.237900257110596,6.237900257110596,6.237900257110596,2100
2000-12-07,6.237900257110596,6.237900257110596,6.237900257110596,6.237900257110596,0
2000-12-08,6.957658290863037,6.957658290863036,6.237900536635825,6.27217471540855,15700
2000-12-11,6.580641746520996,6.580641746520996,6.580641746520996,6.580641746520996,400
2000-12-12,6.649190425872803,6.649190425872802,6.512093716060992,6.512093716060992,300
2000-12-13,7.540320873260498,7.540320873260498,7.060482272234831,7.060482272234831,3600
2000-12-14,8.225804328918457,8.225804328918457,7.334675526618958,7.334675526618958,6900
2000-12-15,7.951611518859863,8.225805019510203,7.5403212678843525,8.088708269185032,4800
2000-12-18,8.088705062866211,8.225801758846993,7.943039823386628,7.943039823386628,7400
2000-12-19,8.225804328918457,8.225804328918457,8.08870759010315,8.08870759010315,5500
2000-12-20,8.739917755126953,8.774191942401961,7.685986496420468,7.685986496420468,15900
2000-12-21,8.756399154663086,8.756399154663086,8.756399154663086,8.756399154663086,100
2000-12-22,8.756399154663086,8.756399154663086,7.8292510088752305,8.756399154663086,600
2000-12-26,8.790740013122559,8.790740013122559,8.756401184946299,8.756401184946299,1700
2000-12-27,9.065444946289062,9.065444946289062,8.103958361076586,8.378668813994437,5900
2000-12-28,8.790740013122559,9.340161263942719,8.516029387712479,9.065450638532639,4500
2000-12-29,8.65338134765625,8.790736607142858,8.103960309709821,8.524610791887556,3400
2001-01-02,8.584704399108887,8.584704399108887,8.10396095275879,8.10396095275879,900
2001-01-03,8.309989929199219,8.584700340081838,8.103957121037256,8.584700340081838,1800
2001-01-04,8.584704399108887,8.584704399108887,8.584704399108887,8.584704399108887,200
2001-01-05,8.584704399108887,8.584704399108887,8.584704399108887,8.584704399108887,0
2001-01-08,8.241316795349121,8.241316795349121,8.241316795349121,8.241316795349121,200
2001-01-09,8.241316795349121,8.241316795349121,8.241316795349121,8.241316795349121,0
2001-01-10,8.172638893127441,8.172638893127441,8.103961255370068,8.103961255370068,400
2001-01-11,8.035286903381348,8.035286903381348,7.554543242495284,7.691898574177017,1300
2001-01-12,8.035286903381348,8.035286903381348,7.554543242495284,7.554543242495284,4100
2001-01-16,8.172638893127441,8.241316530884815,7.794911885461887,7.966605979855321,15300
2001-01-17,8.378671646118164,8.378671646118164,8.103961100343799,8.17263873678739,5600
2001-01-18,8.172638893127441,8.51602708191431,8.172638893127441,8.378671806399561,5600
2001-01-19,8.516026496887207,8.516026496887207,8.309993597768969,8.516026496887207,5500
2001-01-22,8.516026496887207,8.516026496887207,8.309993597768969,8.309993597768969,4400
2001-01-23,8.65338134765625,8.65338134765625,8.309993198939733,8.309993198939733,1900
2001-01-24,8.65338134765625,8.65338134765625,8.309993198939733,8.318577902657646,7400
2001-01-25,9.134126663208008,9.20280430729228,8.653383154618114,8.653383154618114,2900
2001-01-26,8.92809009552002,9.06544532775879,8.79073486328125,8.79073486328125,800
2001-01-29,8.790740013122559,8.790740013122559,8.378674075007439,8.516029387712479,1600
2001-01-30,8.790740013122559,8.790740013122559,8.241318762302399,8.387258782051504,1500
2001-01-31,8.516026496887207,8.653381762966033,7.966605432571903,7.966605432571903,2600
2001-02-01,8.92809009552002,8.92809009552002,8.79073486328125,8.79073486328125,3200
2001-02-02,8.92809009552002,9.06544532775879,8.65337963104248,9.06544532775879,400
2001-02-05,8.92809009552002,9.06544532775879,8.65337963104248,9.06544532775879,1200
2001-02-06,9.202803611755371,9.202803611755371,8.653382500605796,8.928093056180584,3700
2001-02-07,9.168466567993164,9.202805394090518,9.065450089701107,9.202805394090518,1600
2001-02-08,9.202803611755371,9.340158889542764,9.202803611755371,9.340158889542764,800
2001-02-09,9.202803611755371,9.202803611755371,8.928093056180584,9.202803611755371,4400
2001-02-12,9.065444946289062,9.065444946289062,9.065444946289062,9.065444946289062,300
2001-02-13,9.202803611755371,9.202803611755371,9.065448333967977,9.065448333967977,1300
2001-02-14,9.202803611755371,9.202803611755371,8.516027222818403,9.202803611755371,500
2001-02-15,9.065444946289062,9.065444946289062,9.065444946289062,9.065444946289062,100
2001-02-16,8.790740013122559,8.790740013122559,8.516029387712479,8.516029387712479,200
2001-02-20,8.516026496887207,8.790737029044859,8.516026496887207,8.516026496887207,900
2001-02-21,8.790740013122559,8.790740013122559,8.790740013122559,8.790740013122559,100
2001-02-22,8.65338134765625,8.790736607142858,7.829249790736608,8.516026088169644,5500
2001-02-23,8.241316795349121,8.241316795349121,8.241316795349121,8.241316795349121,100
2001-02-26,8.241316795349121,8.241316795349121,8.241316795349121,8.241316795349121,200
2001-02-27,8.257832527160645,8.257832527160645,7.844940900802613,8.257832527160645,300
2001-02-28,8.257832527160645,8.257832527160645,7.844940900802613,7.844940900802613,600
2001-03-01,7.844935894012451,8.670718619697972,7.844935894012451,8.670718619697972,5300
2001-03-02,7.707309246063232,7.707309246063232,7.707309246063232,7.707309246063232,100
2001-03-05,7.707309246063232,7.707309246063232,7.707309246063232,7.707309246063232,0
2001-03-06,8.257832527160645,8.257832527160645,8.257832527160645,8.257832527160645,100
2001-03-07,8.257832527160645,8.257832527160645,7.715912267565728,7.715912267565728,500
2001-03-08,8.120200157165527,8.120200157165527,7.8449391348887305,7.8449391348887305,1000
2001-03-09,8.120200157165527,8.120200157165527,8.120200157165527,8.120200157165527,0
2001-03-12,7.913756370544434,8.120202188906461,7.84494109775709,8.120202188906461,2800
2001-03-13,7.982573509216309,8.120204086961417,7.844942931471199,8.120204086961417,6200
2001-03-14,7.982573509216309,7.982573509216308,7.844942931471199,7.844942931471199,400
2001-03-15,7.844935894012451,7.844935894012451,7.844935894012451,7.844935894012451,500
2001-03-16,7.844935894012451,7.982566348293371,7.844935894012451,7.982566348293371,10300
2001-03-19,7.982573509216309,7.982573509216308,7.844942931471199,7.982573509216308,1100
2001-03-20,8.257832527160645,8.533093611399334,7.913756171862285,8.120201985041302,4000
2001-03-21,8.395462989807129,8.395462989807129,8.395462989807129,8.395462989807129,100
2001-03-22,8.395462989807129,8.395462989807129,8.257832448990618,8.257832448990618,1400
2001-03-23,8.533092498779297,8.670723022953156,8.395461974605437,8.395461974605437,2600
2001-03-26,8.533092498779297,8.533092498779297,8.533092498779297,8.533092498779297,600
2001-03-27,8.601907730102539,8.601907730102539,8.395461944580079,8.533092468261719,1700
2001-03-28,8.395462989807129,8.533093530623638,8.189017178582363,8.533093530623638,1800
2001-03-29,8.223429679870605,8.257837335434917,8.189022024306293,8.257837335434917,1000
2001-03-30,8.257832527160645,8.257832527160645,8.257832527160645,8.257832527160645,100
2001-04-02,8.257832527160645,8.257832527160645,8.257832527160645,8.257832527160645,100
2001-04-03,8.257832527160645,8.533093611399334,8.051386713981628,8.197619164983433,900
2001-04-04,8.257832527160645,8.257832527160645,8.257832527160645,8.257832527160645,200
2001-04-05,8.257832527160645,8.257832527160645,8.257832527160645,8.257832527160645,200
2001-04-06,8.257832527160645,8.257832527160645,8.257832527160645,8.257832527160645,100
2001-04-09,7.982573509216309,7.982573509216308,7.982573509216308,7.982573509216308,200
2001-04-10,7.982573509216309,7.982573509216308,7.982573509216308,7.982573509216308,1000
2001-04-11,8.186264038085938,8.186264038085938,7.982570912291784,8.186264038085938,1000
2001-04-12,8.186264038085938,8.186264038085938,8.120201445262332,8.120201445262332,300
2001-04-16,8.186264038085938,8.186264038085938,8.186264038085938,8.186264038085938,100
2001-04-17,8.186264038085938,8.186264038085938,8.186264038085938,8.186264038085938,0
2001-04-18,8.1917724609375,8.1917724609375,8.186267111547226,8.186267111547226,1100
2001-04-19,8.1917724609375,8.1917724609375,8.1917724609375,8.1917724609375,400
2001-04-20,8.1917724609375,8.1917724609375,7.98257390927827,7.98257390927827,600
2001-04-23,8.087172508239746,8.13671960017555,7.982573500278929,7.982573500278929,4700
2001-04-24,8.087172508239746,8.087172508239746,8.087172508239746,8.087172508239746,100
2001-04-25,8.032115936279297,8.037621282196238,7.977063527147242,8.037621282196238,600
2001-04-26,8.026612281799316,8.026612281799316,8.026612281799316,8.026612281799316,100
2001-04-27,8.147722244262695,8.147722244262695,7.977060265743063,7.977060265743063,2300
2001-04-30,8.257832527160645,8.42298928270763,8.14772819846894,8.14772819846894,5400
2001-05-01,8.577136039733887,8.577136039733887,8.257833198076444,8.257833198076444,3300
2001-05-02,8.577136039733887,8.577136039733887,8.571630691597301,8.571630691597301,1700
2001-05-03,8.577136039733887,8.577136039733887,8.367937535713683,8.367937535713683,900
2001-05-04,8.577136039733887,8.577136039733887,8.367937535713683,8.367937535713683,800
2001-05-07,8.577136039733887,8.577136039733887,8.340411320049649,8.345916668186236,900
2001-05-08,8.577136039733887,8.577136039733887,8.577136039733887,8.577136039733887,500
2001-05-09,8.202778816223145,8.577134000191355,8.065148295648804,8.577134000191355,5600
2001-05-10,8.175247192382812,8.175247192382812,8.175247192382812,8.175247192382812,100
2001-05-11,8.285359382629395,8.285359382629395,8.17525504540559,8.25783316706872,2000
2001-05-14,8.285359382629395,8.285359382629395,8.285359382629395,8.285359382629395,0
2001-05-15,8.120200157165527,8.577133412143512,8.120200157165527,8.577133412143512,300
2001-05-16,8.120200157165527,8.120200157165527,8.120200157165527,8.120200157165527,0
2001-05-17,8.285359382629395,8.808355378206635,7.982572061499763,7.982572061499763,9200
2001-05-18,8.147722244262695,8.147722244262695,8.037617996033159,8.037617996033159,2400
2001-05-21,8.092679023742676,8.285362070149027,8.092679023742676,8.092679023742676,8400
2001-05-22,8.285359382629395,8.285359382629395,8.065150183162892,8.065150183162892,8000
2001-05-23,8.285359382629395,8.285359382629395,8.285359382629395,8.285359382629395,0
2001-05-24,8.285359382629395,8.285359382629395,8.065150183162892,8.065150183162892,3000
2001-05-25,8.285359382629395,8.285359382629395,8.092676398723567,8.092676398723567,1500
2001-05-29,8.285359382629395,8.285359382629395,8.109191918052414,8.109191918052414,700
2001-05-30,8.301905632019043,8.301905632019043,8.141935380452194,8.29638928946599,600
2001-05-31,8.09780216217041,8.1364154910747,8.09780216217041,8.1364154910747,4000
2001-06-01,8.108837127685547,8.163999496159413,8.097804969631174,8.097804969631174,4500
2001-06-04,8.136419296264648,8.136419296264648,8.108838108690948,8.136419296264648,1100
2001-06-05,8.825949668884277,8.825949668884277,8.412233278155327,8.412233278155327,600
2001-06-06,8.550137519836426,8.550137519836426,8.219164244125427,8.550137519836426,5200
2001-06-07,8.412230491638184,8.412230491638184,8.274325073742476,8.274325073742476,800
2001-06-08,8.550137519836426,8.550137519836426,8.108839994244267,8.108839994244267,1200
2001-06-11,8.412230491638184,8.550135909533891,8.081257278261516,8.081257278261516,2400
2001-06-12,8.550137519836426,8.550137519836426,8.412232075968097,8.412232075968097,1000
2001-06-13,8.439810752868652,8.439810752868652,8.412229567107287,8.412229567107287,500
2001-06-14,8.329486846923828,8.329486846923828,8.136419065452246,8.136419065452246,4100
2001-06-15,8.384648323059082,8.439810694198345,8.329486477987178,8.439810694198345,900
2001-06-18,8.384648323059082,8.384648323059082,8.274324106847914,8.274324106847914,600
2001-06-19,8.384648323059082,8.384648323059082,8.274324106847914,8.274324106847914,3400
2001-06-20,8.384648323059082,8.384648323059082,8.081256333927852,8.274324106847914,1500
2001-06-21,8.274324417114258,8.32948679032197,8.16400019676621,8.32948679032197,600
2001-06-22,8.368099212646484,8.368099212646484,8.163999296004778,8.274323504180387,800
2001-06-25,8.439810752868652,8.439810752868652,8.274324164367822,8.274324164367822,500
2001-06-26,8.439810752868652,8.439810752868652,8.163999947389724,8.163999947389724,200
2001-06-27,8.550137519836426,8.550137519836426,8.550137519836426,8.550137519836426,100
2001-06-28,8.522558212280273,8.522558212280273,8.274328463586215,8.274328463586215,1400
2001-06-29,8.357065200805664,8.550132928983807,8.163997998694759,8.550132928983807,1300
2001-07-02,8.340520858764648,8.340520858764648,8.340520858764648,8.340520858764648,100
2001-07-03,8.550137519836426,8.550137519836426,8.412232075968097,8.550137519836426,300
2001-07-05,8.368099212646484,8.368099212646484,8.274323504180387,8.274323504180387,200
2001-07-06,8.351550102233887,8.357065917688836,8.086771495906916,8.086771495906916,500
2001-07-09,8.346036911010742,8.346036911010742,8.346036911010742,8.346036911010742,200
2001-07-10,8.323972702026367,8.384650908133384,8.164002407682844,8.164002407682844,2200
2001-07-11,8.379131317138672,8.379131317138672,8.274323451555258,8.274323451555258,200
2001-07-12,7.71718692779541,8.274324932864463,6.624976289169659,8.103321986115603,23000
2001-07-13,8.357065200805664,8.357065200805664,7.88818725905012,7.88818725905012,3700
2001-07-16,8.301905632019043,8.301905632019043,8.301905632019043,8.301905632019043,100
2001-07-17,8.329486846923828,8.412229881230289,7.943351283980663,8.274324473341267,2800
2001-07-18,8.081257820129395,8.081257820129395,8.081257820129395,8.081257820129395,5500
2001-07-19,8.092292785644531,8.3184576656768,8.092292785644531,8.312941320781475,900
2001-07-20,8.357065200805664,8.357065200805664,8.163997998694759,8.263289507241108,5800
2001-07-23,8.340520858764648,8.412231749924894,8.092291174636102,8.092291174636102,2000
2001-07-24,8.323972702026367,8.323972702026367,8.285359345964402,8.301907851981312,1000
2001-07-25,8.175033569335938,8.219163264026129,7.954385095884985,7.9599014392381235,6300
2001-07-26,8.130901336669922,8.158482518758978,8.020577134380991,8.08677165575435,5700
2001-07-27,8.1639986038208,8.1639986038208,8.1639986038208,8.1639986038208,200
2001-07-30,8.246744155883789,8.246744155883789,8.191582302553702,8.191582302553702,1100
2001-07-31,8.930756568908691,9.212083792132066,8.241228844392232,8.241228844392232,9900
2001-08-01,8.825949668884277,8.941789753263492,8.401200588556776,8.941789753263492,300
2001-08-02,8.60529899597168,8.60529899597168,8.274325755331436,8.351552985098817,3500
2001-08-03,8.770783424377441,8.770783424377441,8.290872684846418,8.467391958492817,1200
2001-08-06,8.825949668884277,8.825949668884277,8.395684769825095,8.770787273026713,900
2001-08-07,8.550137519836426,8.550137519836426,8.285359320121643,8.456361775920561,1400
2001-08-08,8.550137519836426,8.550137519836426,8.550137519836426,8.550137519836426,0
2001-08-09,8.439810752868652,8.55013496984675,8.246742978606457,8.257775663337949,5000
2001-08-10,8.307417869567871,8.54461469540015,8.279836696498876,8.279836696498876,600
2001-08-13,8.6604585647583,8.6604585647583,8.412228962870664,8.412228962870664,1800
2001-08-14,8.743208885192871,8.743208885192871,8.605303385590888,8.605303385590888,400
2001-08-15,8.743208885192871,8.743208885192871,8.43981668085496,8.743208885192871,2800
2001-08-16,8.715622901916504,8.715622901916504,8.450844214284379,8.450844214284379,400
2001-08-17,8.936277389526367,8.936277389526367,8.605303958037329,8.605303958037329,2500
2001-08-20,9.156917572021484,9.156917572021484,9.019012190069759,9.019012190069759,800
2001-08-21,9.432730674743652,9.432730674743652,8.936271387048688,9.156919842453691,2900
2001-08-22,9.432730674743652,9.432730674743652,9.432730674743652,9.432730674743652,0
2001-08-23,9.432730674743652,9.432730674743652,9.432730674743652,9.432730674743652,200
2001-08-24,9.212085723876953,9.212085723876953,8.825949990920106,8.825949990920106,200
2001-08-27,8.825949668884277,9.349990851328357,8.825949668884277,9.21208538775204,3200
2001-08-28,9.212085723876953,9.212085723876953,9.212085723876953,9.212085723876953,100
2001-08-29,8.703675270080566,8.703675270080566,8.548943412843073,8.548943412843073,5000
2001-08-30,8.670519828796387,9.549177348767962,8.659467814684822,8.858409338834676,400
2001-08-31,9.560230255126953,9.609965643547872,8.6760473873597,8.6760473873597,700
2001-09-04,9.560230255126953,9.560230255126953,9.560230255126953,9.560230255126953,0
2001-09-05,9.637595176696777,9.637595176696777,9.39444455198799,9.39444455198799,400
2001-09-06,9.383391380310059,9.383391380310059,9.383391380310059,9.383391380310059,100
2001-09-07,8.687100410461426,9.256293219054195,8.687100410461426,9.212084099572094,600
2001-09-10,8.548945426940918,8.554471170740694,8.548945426940918,8.554471170740694,2200
2001-09-17,9.283920288085938,9.283920288085938,8.178692159183695,8.178692159183695,2200
2001-09-18,9.33918571472168,9.33918571472168,8.383162793063551,8.841832828901682,900
2001-09-19,9.33918571472168,9.33918571472168,9.33918571472168,9.33918571472168,0
2001-09-20,8.836301803588867,8.836301803588867,8.123429436314632,8.289213818079016,1100
2001-09-21,8.289213180541992,8.289213180541992,8.012906074523926,8.289213180541992,900
2001-09-24,8.289213180541992,8.289213180541992,8.289213180541992,8.289213180541992,100
2001-09-25,8.289213180541992,8.289213180541992,8.289213180541992,8.289213180541992,0
2001-09-26,8.283687591552734,8.283687591552734,7.598446038892354,8.012906731922847,5500
2001-09-27,8.289213180541992,8.289213180541992,8.012906074523926,8.178690443537562,2400
2001-09-28,8.427371978759766,8.427371978759766,8.272640050648183,8.272640050648183,1900
2001-10-01,8.256056785583496,8.410789157328876,8.228426494284845,8.37763206995086,4800
2001-10-02,8.399738311767578,8.399738311767578,8.289215543260267,8.399738311767578,1200
2001-10-03,8.642889022827148,8.642889022827148,8.50473542894764,8.50473542894764,1100
2001-10-04,8.582100868225098,8.582100868225098,8.582100868225098,8.582100868225098,200
2001-10-05,8.781038284301758,8.781038284301758,8.582096869980301,8.582096869980301,600
2001-10-08,8.786568641662598,8.786568641662598,8.786568641662598,8.786568641662598,100
2001-10-09,8.84183406829834,8.84183406829834,8.84183406829834,8.84183406829834,100
2001-10-10,8.720252990722656,8.841828277096665,8.720252990722656,8.72577925987921,3700
2001-10-11,8.84183406829834,8.84183406829834,8.67604957411487,8.67604957411487,1100
2001-10-12,8.620783805847168,8.620783805847168,8.620783805847168,8.620783805847168,2300
2001-10-15,8.64841365814209,8.64841365814209,8.565521723238954,8.565521723238954,3100
2001-10-16,8.565519332885742,8.565519332885742,8.565519332885742,8.565519332885742,1300
2001-10-17,8.438419342041016,8.510258726440265,8.438419342041016,8.510258726440265,2800
2001-10-18,8.84183406829834,8.84183406829834,8.372111422614239,8.377637695390376,600
2001-10-19,8.593153953552246,8.593153953552246,8.593153953552246,8.593153953552246,800
2001-10-22,8.84183406829834,8.84183406829834,8.383163968166514,8.41632055079458,1900
2001-10-23,8.438419342041016,8.44394508367743,8.438419342041016,8.44394508367743,1200
2001-10-24,8.438419342041016,8.438419342041016,8.438419342041016,8.438419342041016,0
2001-10-25,8.84183406829834,8.84183406829834,8.84183406829834,8.84183406829834,100
2001-10-26,8.84183406829834,8.84183406829834,8.84183406829834,8.84183406829834,0
2001-10-29,8.537894248962402,8.703678710760698,8.482633113039153,8.51026341749364,4600
2001-10-30,8.565519332885742,8.565519332885742,8.510257707029297,8.53788851995752,5100
2001-10-31,8.758941650390625,9.394448231731422,8.758941650390625,8.841833629864867,20000
2001-11-01,8.758941650390625,8.758941650390625,8.67604914390203,8.736837087396538,2100
2001-11-02,8.758941650390625,8.758941650390625,8.56552632893159,8.648418308405832,4500
2001-11-05,8.565519332885742,8.593150145813963,8.565519332885742,8.593150145813963,3500
2001-11-06,8.676046371459961,8.676046371459961,8.510261938473757,8.537892765140489,4500
2001-11-07,8.676046371459961,8.676046371459961,8.48815738254321,8.48815738254321,300
2001-11-08,8.565519332885742,8.692620334536073,8.565519332885742,8.692620334536073,1200
2001-11-09,8.703675270080566,8.703675270080566,8.565521694365001,8.565521694365001,1400
2001-11-12,8.565519332885742,8.70367287051293,8.565519332885742,8.70367287051293,1000
2001-11-13,8.399738311767578,8.897091560571674,8.344477191020989,8.56552272803561,6300
2001-11-14,8.510258674621582,8.565520306761117,8.34447483223094,8.565520306761117,3800
2001-11-15,8.289213180541992,8.814196576573522,8.289213180541992,8.350000554140934,6000
2001-11-16,8.289213180541992,8.399735917546423,8.289213180541992,8.316843996546595,300
2001-11-19,8.416319847106934,8.416319847106934,8.278166201340785,8.278166201340785,600
2001-11-20,8.289213180541992,8.289213180541992,8.289213180541992,8.289213180541992,1100
2001-11-21,8.410792350769043,8.410792350769043,8.278164477914368,8.278164477914368,1900
2001-11-23,8.233953475952148,8.272636838219258,8.151061535548818,8.272636838219258,55500
2001-11-26,8.15106201171875,8.9081441674271,7.902385648967445,8.18421910602552,9400
2001-11-27,8.012908935546875,8.233954488480432,7.7642325567430825,8.162115079037653,21700
2001-11-28,7.813555717468262,7.918770444281198,7.813555717468262,7.918770444281198,1700
2001-11-29,8.029522895812988,8.029522895812988,7.819093956549891,7.819093956549891,1500
2001-11-30,8.029522895812988,8.029522895812988,8.029522895812988,8.029522895812988,0
2001-12-03,8.029522895812988,8.029522895812988,8.029522895812988,8.029522895812988,0
2001-12-04,7.852321147918701,8.029524273230242,7.8357079588405165,7.918772319910529,16200
2001-12-05,7.885545253753662,7.885545253753663,7.835706750419135,7.8523199369352366,4000
2001-12-06,8.167962074279785,8.167962074279785,8.167962074279785,8.167962074279785,100
2001-12-07,8.00183391571045,8.012909371999417,8.00183391571045,8.007371643854933,2100
2001-12-10,7.924304962158203,8.151346452728538,7.752639148642768,7.913229509883245,8400
2001-12-11,8.084898948669434,8.084898948669434,7.891082671803443,7.891082671803443,8000
2001-12-12,8.195649147033691,8.195649147033691,7.891081002711205,7.891081002711205,6300
2001-12-13,8.195649147033691,8.195649147033691,8.195649147033691,8.195649147033691,0
2001-12-14,8.195649147033691,8.195649147033691,8.195649147033691,8.195649147033691,0
2001-12-17,8.112584114074707,8.112584114074707,8.112584114074707,8.112584114074707,600
2001-12-18,8.167962074279785,8.167962074279785,8.140273961626963,8.140273961626963,1200
2001-12-19,8.638659477233887,8.649734406805473,8.22887652094743,8.27871502428679,11400
2001-12-20,8.638659477233887,8.638659477233887,8.627584019555412,8.627584019555412,900
2001-12-21,8.655274391174316,8.655274391174316,8.655274391174316,8.655274391174316,500
2001-12-24,8.417152404785156,8.417152404785156,8.41161467770375,8.41161467770375,500
2001-12-26,8.804783821105957,8.804783821105957,8.555591925811768,8.555591925811768,3100
2001-12-27,8.804783821105957,8.804783821105957,8.804783821105957,8.804783821105957,0
2001-12-28,8.804783821105957,8.804783821105957,8.804783821105957,8.804783821105957,0
2001-12-31,8.550056457519531,8.777098561935842,8.53898152916891,8.58328229878506,4000
2002-01-02,8.538978576660156,8.59435478358642,8.538978576660156,8.59435478358642,400
2002-01-03,8.666343688964844,8.666343688964844,8.666343688964844,8.666343688964844,1200
2002-01-04,8.638659477233887,8.638659477233887,8.472531308804987,8.478069037644225,7900
2002-01-07,8.749410629272461,8.749410629272461,8.749410629272461,8.749410629272461,400
2002-01-08,8.749410629272461,8.749410629272461,8.749410629272461,8.749410629272461,400
2002-01-09,8.7161865234375,8.7161865234375,8.688498404314894,8.688498404314894,900
2002-01-10,8.439301490783691,8.71618146511208,8.439301490783691,8.71618146511208,1100
2002-01-11,8.444843292236328,8.444843292236328,8.444843292236328,8.444843292236328,300
2002-01-14,8.682963371276855,8.682963371276855,8.461458891089073,8.461458891089073,800
2002-01-15,8.832473754882812,8.943225672590659,8.694033725721305,8.694033725721305,1500
2002-01-16,8.832473754882812,8.832473754882812,8.832473754882812,8.832473754882812,0
2002-01-17,8.832473754882812,8.832473754882812,8.832473754882812,8.832473754882812,0
2002-01-18,8.793712615966797,8.793712615966797,8.688497875328132,8.760486769421188,4100
2002-01-22,8.860160827636719,8.909999316789253,8.793709684802252,8.799247412065142,3100
2002-01-23,9.452683448791504,9.452683448791504,8.965375091987546,8.965375091987546,7400
2002-01-24,9.607742309570312,9.607742309570312,9.042906497560551,9.042906497560551,8700
2002-01-25,9.552358627319336,9.552358627319336,9.142576412950934,9.142576412950934,700
2002-01-28,9.50805950164795,9.690800264384958,9.225641767197407,9.690800264384958,2500
2002-01-29,9.50805950164795,9.50805950164795,9.50805950164795,9.50805950164795,0
2002-01-30,9.718487739562988,9.718487739562988,9.6686492542349,9.674186981072843,1700
2002-01-31,9.430537223815918,10.244564392613645,9.430537223815918,9.884620449521337,1200
2002-02-01,9.164726257324219,9.956603112247494,9.164726257324219,9.956603112247494,1900
2002-02-04,9.164726257324219,9.164726257324219,9.164726257324219,9.164726257324219,0
2002-02-05,9.164726257324219,9.164726257324219,9.164726257324219,9.164726257324219,0
2002-02-06,10.18918514251709,10.189185142517088,9.469297469356425,9.469297469356425,400
2002-02-07,10.18918514251709,10.189185142517088,10.189185142517088,10.189185142517088,0
2002-02-08,10.023051261901855,10.205791929416742,9.856922710207412,10.205791929416742,5000
2002-02-11,10.083971977233887,10.083971977233887,9.995370436389157,9.995370436389157,5200
2002-02-12,10.106119155883789,10.106119155883789,10.061818401832555,10.061818401832555,3900
2002-02-13,9.690800666809082,10.100582968259967,9.690800666809082,10.078433115966826,7200
2002-02-14,9.856934547424316,9.856934547424316,9.607743004947203,9.668655929794074,3600
2002-02-15,10.299934387207031,10.870306410222165,9.7572499368033,9.934452936427931,11700
2002-02-19,10.93122386932373,11.030900852871719,10.521441536236967,10.57681775556513,7500
2002-02-20,10.754022598266602,11.019827227725294,10.748484869792833,10.80386109831682,9600
2002-02-21,10.748485565185547,10.748485565185547,10.748485565185547,10.748485565185547,1100
2002-02-22,10.715256690979004,10.897997456912016,10.715256690979004,10.897997456912016,2400
2002-02-25,10.770631790161133,10.903534055613076,10.715255582169494,10.903534055613076,1200
2002-02-26,10.283324241638184,10.383001222367069,10.283324241638184,10.327625004605077,3100
2002-02-27,10.527382850646973,10.527382850646973,10.527382850646973,10.527382850646973,100
2002-02-28,9.750850677490234,10.261134147692363,9.750850677490234,10.261134147692363,2500
2002-03-01,9.750850677490234,9.750850677490234,9.750850677490234,9.750850677490234,0
2002-03-04,10.083653450012207,10.372075029875644,10.083653450012205,10.261143327490284,700
2002-03-05,10.083653450012207,10.083653450012205,10.083653450012205,10.083653450012205,0
2002-03-06,9.617737770080566,9.617737770080566,9.617737770080566,9.617737770080566,1300
2002-03-07,9.845144271850586,9.978261588575625,9.706480268021705,9.706480268021705,2700
2002-03-08,10.011541366577148,10.011541366577148,9.850691660795093,9.950529919932732,1700
2002-03-11,10.12247085571289,10.394252138038896,10.116924169389229,10.12247085571289,2300
2002-03-12,9.983808517456055,10.067006710183705,9.983808517456055,10.067006710183705,400
2002-03-13,10.094746589660645,10.094746589660645,9.917255658517485,9.928349040074512,2000
2002-03-14,10.261143684387207,10.261143684387207,10.033734638718425,10.039281329822927,1600
2002-03-15,10.039271354675293,10.261133488794538,10.039271354675293,10.261133488794538,1100
2002-03-18,10.20567512512207,10.20567512512207,10.20567512512207,10.20567512512207,300
2002-03-19,10.094746589660645,10.094746589660645,10.094746589660645,10.094746589660645,1000
2002-03-20,10.261143684387207,10.261143684387207,10.177945433665997,10.177945433665997,3100
2002-03-21,10.388707160949707,10.388707160949709,10.27222990275574,10.27222990275574,1900
2002-03-22,10.388707160949707,10.388707160949709,10.388707160949709,10.388707160949709,0
2002-03-25,10.388707160949707,10.455266349862274,10.388707160949709,10.388707160949709,400
2002-03-26,10.388707160949707,10.388707160949709,10.388707160949709,10.388707160949709,0
2002-03-27,10.388707160949707,10.388707160949709,10.388707160949709,10.388707160949709,0
2002-03-28,10.238957405090332,10.455274136722341,10.238957405090332,10.455274136722341,1700
2002-04-01,10.455272674560547,10.455272674560547,10.155757730152333,10.222316959328511,1000
2002-04-02,10.155753135681152,10.155753135681152,10.155753135681152,10.155753135681152,100
2002-04-03,10.155753135681152,10.155753135681152,10.155753135681152,10.155753135681152,0
2002-04-04,10.177940368652344,10.344336787288217,10.177940368652344,10.344336787288217,1100
2002-04-05,10.338788032531738,10.338788032531738,10.333241345296141,10.338788032531738,500
2002-04-08,10.338788032531738,10.338788032531738,10.338788032531738,10.338788032531738,0
2002-04-09,10.36097526550293,10.360975265502931,10.360975265502931,10.360975265502931,100
2002-04-10,10.372069358825684,10.372069358825684,10.177939514755623,10.261137717093495,1500
2002-04-11,10.372069358825684,10.372069358825684,10.372069358825684,10.372069358825684,0
2002-04-12,10.150212287902832,10.205678142717373,10.150212287902832,10.205678142717373,5600
2002-04-15,10.216766357421875,10.216766357421875,10.216766357421875,10.216766357421875,200
2002-04-16,10.455272674560547,10.455272674560547,10.216770268736907,10.372074431532617,1300
2002-04-17,10.216766357421875,10.216766357421875,10.216766357421875,10.216766357421875,300
2002-04-18,10.216766357421875,10.216766357421875,10.216766357421875,10.216766357421875,0
2002-04-19,10.538469314575195,10.538469314575195,10.483003475019167,10.483003475019167,600
2002-04-22,10.261143684387207,10.261143684387207,10.261143684387207,10.261143684387207,300
2002-04-23,10.261143684387207,10.261143684387207,10.261143684387207,10.261143684387207,0
2002-04-24,10.288873672485352,10.288873672485352,10.288873672485352,10.288873672485352,900
2002-04-25,10.288873672485352,10.288873672485352,10.288873672485352,10.288873672485352,0
2002-04-26,10.288873672485352,10.288873672485352,10.288873672485352,10.288873672485352,0
2002-04-29,10.815793991088867,10.815793991088867,10.538465940035305,10.538465940035305,3500
2002-04-30,10.294419288635254,10.810249749600848,10.294419288635254,10.810249749600848,3000
2002-05-01,10.76032543182373,10.760325431823729,10.677127249258124,10.677127249258124,1900
2002-05-02,10.815793991088867,10.815793991088867,10.80470061514531,10.815793991088867,1000
2002-05-03,10.815793991088867,10.815793991088867,10.815793991088867,10.815793991088867,0
2002-05-06,10.954458236694336,10.954458236694336,10.81579420838175,10.81579420838175,1900
2002-05-07,10.948911666870117,11.026563185028653,10.948911666870119,11.026563185028653,2200
2002-05-08,10.954458236694336,10.954458236694336,10.954458236694336,10.954458236694336,300
2002-05-09,10.954458236694336,10.954458236694336,10.954458236694336,10.954458236694336,100
2002-05-10,10.976651191711426,10.976651191711426,10.976651191711426,10.976651191711426,200
2002-05-13,11.10976505279541,11.10976505279541,10.954460922160658,10.954460922160658,7400
2002-05-14,11.104215621948242,11.115308998095463,11.104215621948244,11.115308998095463,400
2002-05-15,11.093122482299805,11.19850744209998,11.043203346495646,11.093122482299805,1500
2002-05-16,11.093122482299805,11.093122482299805,11.093122482299805,11.093122482299805,700
2002-05-17,11.204055786132812,11.204055786132812,11.204055786132812,11.204055786132812,100
2002-05-20,11.148589134216309,11.231787347427533,11.148589134216309,11.231787347427533,1400
2002-05-21,11.148589134216309,11.148589134216309,11.148589134216309,11.148589134216309,400
2002-05-22,11.148589134216309,11.148589134216309,11.148589134216309,11.148589134216309,600
2002-05-23,11.148589134216309,11.148589134216309,11.148589134216309,11.148589134216309,400
2002-05-24,11.370450019836426,11.425915841273795,11.098668658508114,11.370450019836424,1700
2002-05-28,11.453652381896973,11.453652381896973,11.098672688479374,11.098672688479374,1200
2002-05-29,11.23178482055664,11.23178482055664,11.23178482055664,11.23178482055664,500
2002-05-30,11.220681190490723,11.248454728987486,11.22068119049072,11.248454728987486,400
2002-05-31,11.115138053894043,11.470644375182466,11.115138053894043,11.465089456475784,900
2002-06-03,11.126249313354492,11.126249313354492,11.126249313354492,11.126249313354492,2000
2002-06-04,11.087361335754395,11.187347734330059,11.081807477604375,11.187347734330059,2000
2002-06-05,11.109582901000977,11.109582901000977,11.026261241141947,11.109582901000977,5000
2002-06-06,11.065144538879395,11.065144538879393,11.05403470177341,11.05403470177341,200
2002-06-07,11.070697784423828,11.070697784423828,11.05403303128324,11.065142866710298,1700
2002-06-10,11.070697784423828,11.070697784423828,11.070697784423828,11.070697784423828,0
2002-06-11,11.092915534973145,11.092915534973146,11.076251842617884,11.076251842617884,3600
2002-06-12,11.24845027923584,11.248450279235842,11.104025605301654,11.104025605301654,1700
2002-06-13,11.387321472167969,11.49841771520555,11.215123249002785,11.24845169811714,3400
2002-06-14,11.165131568908691,11.387323025806428,11.165131568908691,11.254008151667787,3200
2002-06-17,11.387321472167969,11.609512898750838,11.387321472167969,11.520636328117691,6900
2002-06-18,11.387321472167969,11.387321472167969,11.387321472167969,11.387321472167969,0
2002-06-19,11.054031372070312,11.287332583558882,11.054031372070312,11.281777666679147,2600
2002-06-20,11.092915534973145,11.092915534973146,11.02625864656782,11.02625864656782,4400
2002-06-21,11.092915534973145,11.092915534973146,11.092915534973146,11.092915534973146,0
2002-06-24,10.99848461151123,11.092916091062756,10.99848461151123,11.092916091062756,5100
2002-06-25,10.99848461151123,10.99848461151123,10.99848461151123,10.99848461151123,0
2002-06-26,10.859613418579102,11.109579378389691,10.859613418579102,10.942936111510667,4500
2002-06-27,10.859613418579102,10.859613418579102,10.859613418579102,10.859613418579102,0
2002-06-28,10.77629280090332,10.831840914929595,10.77629280090332,10.831840914929595,600
2002-07-01,10.931824684143066,10.97070803678004,10.931824684143066,10.97070803678004,1300
2002-07-02,11.109582901000977,11.109582901000977,10.909610069745394,10.909610069745394,1200
2002-07-03,11.092915534973145,11.092915534973146,10.97071053323529,10.97071053323529,2900
2002-07-05,11.109582901000977,11.109582901000977,11.092918145232215,11.092918145232215,1400
2002-07-08,11.109582901000977,11.109582901000977,11.109582901000977,11.109582901000977,0
2002-07-09,11.109582901000977,11.109582901000977,11.109582901000977,11.109582901000977,0
2002-07-10,11.109582901000977,11.109582901000977,11.109582901000977,11.109582901000977,0
2002-07-11,10.99848461151123,10.99848461151123,10.99848461151123,10.99848461151123,100
2002-07-12,10.99848461151123,10.99848461151123,10.99848461151123,10.99848461151123,300
2002-07-15,10.19304084777832,10.931827946854774,10.18193101242566,10.931827946854774,6300
2002-07-16,10.2763671875,10.304140729074543,10.198600423497123,10.198600423497123,1100
2002-07-17,10.481890678405762,10.481890678405762,10.193041303281877,10.193041303281877,700
2002-07-18,9.998620986938477,10.359682088457298,9.998620986938477,10.359682088457298,2500
2002-07-19,9.998620986938477,9.998620986938477,9.998620986938477,9.998620986938477,0
2002-07-22,9.998620986938477,9.998620986938477,9.998620986938477,9.998620986938477,0
2002-07-23,10.054167747497559,10.193037464840089,10.054167747497559,10.193037464840089,300
2002-07-24,10.204154968261719,10.204154968261719,9.943079025299106,9.998627165897066,6500
2002-07-25,11.109582901000977,11.109582901000977,10.204152360746047,10.498555629547445,2400
2002-07-26,11.109582901000977,11.109582901000977,11.109582901000977,11.109582901000977,0
2002-07-29,11.048478126525879,11.048478126525879,11.048478126525879,11.048478126525879,400
2002-07-30,11.081807136535645,11.220676894840642,10.915162790874342,10.915162790874342,5300
2002-07-31,11.109582901000977,11.109582901000977,11.109582901000977,11.109582901000977,100
2002-08-01,10.443010330200195,10.554106613082343,10.409681869132621,10.409681869132621,600
2002-08-02,10.409676551818848,10.409676551818848,10.409676551818848,10.409676551818848,500
2002-08-05,10.409676551818848,10.82073089332594,10.409676551818848,10.409676551818848,600
2002-08-06,10.831844329833984,10.831844329833984,10.409680013429561,10.409680013429561,3000
2002-08-07,10.420787811279297,10.826287290978888,10.415232893263816,10.826287290978888,1100
2002-08-08,10.420787811279297,10.692972437084183,10.420787811279297,10.420787811279297,2100
2002-08-09,10.387458801269531,10.420787248068839,10.38745880126953,10.420787248068839,700
2002-08-12,10.331911087036133,10.387459206865433,10.331911087036133,10.387459206865433,900
2002-08-13,10.443010330200195,10.44856525029357,10.126387301326552,10.331915106810722,2200
2002-08-14,10.443010330200195,10.69297643693869,10.443010330200195,10.443010330200195,1000
2002-08-15,10.443010330200195,10.443010330200195,10.443010330200195,10.443010330200195,300
2002-08-16,10.448563575744629,10.448563575744629,10.126385678411758,10.126385678411758,200
2002-08-19,10.448563575744629,10.448563575744629,10.448563575744629,10.448563575744629,400
2002-08-20,10.165266990661621,10.220815111928705,10.165266990661621,10.165266990661621,600
2002-08-21,9.987518310546875,10.05417629773476,9.987518310546875,10.05417629773476,400
2002-08-22,9.781988143920898,10.137494459916002,9.776433225296925,9.776433225296925,1500
2002-08-23,9.998620986938477,10.537435180928595,9.998620986938477,10.537435180928595,300
2002-08-26,9.998620986938477,9.998620986938477,9.998620986938477,9.998620986938477,300
2002-08-27,9.970850944519043,10.54299377821795,9.831981160107873,10.54299377821795,1500
2002-08-28,9.85975170135498,9.859751701354979,9.831978176697278,9.831978176697278,500
2002-08-29,10.154648780822754,10.154648780822752,9.876439225183773,9.876439225183773,1800
2002-08-30,10.154648780822754,10.154648780822752,10.154648780822752,10.154648780822752,500
2002-09-03,10.154648780822754,10.232547116790393,10.154648780822752,10.154648780822752,2600
2002-09-04,9.876445770263672,10.1546555102711,9.876445770263672,10.1546555102711,1600
2002-09-05,9.882013320922852,9.882013320922852,9.876448996950497,9.876448996950497,500
2002-09-06,9.876445770263672,9.876445770263672,9.876445770263672,9.876445770263672,1000
2002-09-09,9.893142700195312,10.238122321692835,9.87644972704426,10.238122321692835,5700
2002-09-10,10.015549659729004,10.015549659729004,10.015549659729004,10.015549659729004,5500
2002-09-11,10.015549659729004,10.015549659729004,10.015549659729004,10.015549659729004,300
2002-09-12,10.015549659729004,10.126833969351436,10.015549659729004,10.015549659729004,700
2002-09-13,10.015549659729004,10.015549659729004,10.015549659729004,10.015549659729004,500
2002-09-16,9.876445770263672,10.015550640267385,9.876445770263672,10.015550640267385,1800
2002-09-17,9.876445770263672,9.876445770263672,9.876445770263672,9.876445770263672,500
2002-09-18,9.876445770263672,10.015550640267385,9.876445770263672,9.876445770263672,1800
2002-09-19,9.876445770263672,9.876445770263672,9.876445770263672,9.876445770263672,2500
2002-09-20,9.876445770263672,10.004421995958465,9.876445770263672,9.876445770263672,800
2002-09-23,9.932088851928711,9.932088851928711,9.876446686508078,9.876446686508078,4200
2002-09-24,9.882013320922852,10.015553912400504,9.876448996950497,9.876448996950497,3400
2002-09-25,9.876445770263672,10.015550640267385,9.876445770263672,9.876445770263672,6000
2002-09-26,9.887577056884766,10.015553316779366,9.876448409601874,9.876448409601874,1900
2002-09-27,9.882013320922852,10.043374470975992,9.882013320922852,9.882013320922852,900
2002-09-30,9.882013320922852,9.882013320922852,9.882013320922852,9.882013320922852,0
2002-10-01,9.998858451843262,9.99885845184326,9.987730867954406,9.987730867954406,1500
2002-10-02,10.021113395690918,10.065626904681293,10.021113395690918,10.043369619543222,2400
2002-10-03,10.021113395690918,10.021113395690918,10.021113395690918,10.021113395690918,1500
2002-10-04,10.021113395690918,10.021113395690918,10.021113395690918,10.021113395690918,200
2002-10-07,10.021113395690918,10.021113395690918,10.021113395690918,10.021113395690918,600
2002-10-08,10.015549659729004,10.021113981338708,10.015549659729004,10.021113981338708,1200
2002-10-09,10.009986877441406,10.060064718343819,9.831932803693267,10.015551199906785,14800
2002-10-10,10.065630912780762,10.065630912780762,10.065630912780762,10.065630912780762,400
2002-10-11,10.182476997375488,10.182476997375488,10.009987239847824,10.015551562514656,1300
2002-10-14,10.56640625,10.56640625,10.293760820487355,10.293760820487355,700
2002-10-15,10.57197380065918,10.57197380065918,10.57197380065918,10.57197380065918,500
2002-10-16,10.711073875427246,10.711073875427246,10.622046852794092,10.622046852794092,300
2002-10-17,10.711073875427246,10.711073875427246,10.711073875427246,10.711073875427246,0
2002-10-18,10.711073875427246,10.711073875427246,10.711073875427246,10.711073875427246,0
2002-10-21,10.761153221130371,10.761153221130371,10.761153221130371,10.761153221130371,100
2002-10-22,10.761153221130371,10.761153221130371,10.761153221130371,10.761153221130371,0
2002-10-23,10.466256141662598,10.466256141662598,10.188046241640725,10.466256141662598,400
2002-10-24,11.12839126586914,11.178469111468438,10.85018148422241,10.85018148422241,7800
2002-10-25,10.855738639831543,11.12281959916657,10.855738639831543,11.12281959916657,300
2002-10-28,10.855738639831543,10.855738639831543,10.855738639831543,10.855738639831543,0
2002-10-29,10.955900192260742,10.961464514584637,10.850180190678675,10.850180190678675,4400
2002-10-30,10.955900192260742,10.955900192260742,10.955900192260742,10.955900192260742,0
2002-10-31,10.811229705810547,10.928077276813365,10.794536740830498,10.794536740830498,3100
2002-11-01,10.98928165435791,10.98928165435791,10.794534678605833,10.794534678605833,3600
2002-11-04,11.017106056213379,11.161775258567157,10.894694144046035,11.122826062026911,1200
2002-11-05,10.911392211914062,11.017111205857002,10.911392211914062,11.017111205857002,2000
2002-11-06,10.911392211914062,10.911392211914062,10.911392211914062,10.911392211914062,0
2002-11-07,10.911392211914062,10.911392211914062,10.911392211914062,10.911392211914062,0
2002-11-08,11.122823715209961,11.128388036582546,11.000411828870435,11.128388036582546,3500
2002-11-11,11.195160865783691,11.350957647379206,11.128390058467058,11.128390058467058,3500
2002-11-12,11.161775588989258,11.167339911700587,11.161775588989258,11.167339911700587,1100
2002-11-13,11.278618812561035,11.284183132593075,11.261925852464914,11.261925852464914,800
2002-11-14,11.456680297851562,11.456680297851562,11.423295417120645,11.423295417120645,400
2002-11-15,11.423293113708496,11.540140703348472,11.423293113708496,11.540140703348472,900
2002-11-18,11.367652893066406,11.367652893066408,11.367652893066408,11.367652893066408,200
2002-11-19,11.312010765075684,11.523449752456058,11.312010765075682,11.356524291960298,3700
2002-11-20,11.312010765075684,11.312010765075682,11.312010765075682,11.312010765075682,0
2002-11-21,11.312010765075684,11.317575088597033,11.312010765075682,11.317575088597033,1400
2002-11-22,11.506757736206055,11.540142615737606,11.506757736206053,11.540142615737606,800
2002-11-25,11.595784187316895,11.684811235637913,11.434421998931219,11.540142016794725,3600
2002-11-26,11.551268577575684,11.551268577575685,11.551268577575685,11.551268577575685,100
2002-11-27,11.729581832885742,11.729581832885742,11.696148641854478,11.696148641854478,1100
2002-11-29,11.512266159057617,11.662717134652961,11.512266159057619,11.662717134652961,400
2002-12-02,11.545702934265137,11.729587162725734,11.545702934265137,11.673865506628099,1100
2002-12-03,11.868886947631836,12.537557083902032,11.696147569843758,11.980332324617496,3900
2002-12-04,11.81873893737793,11.818738937377928,11.818738937377928,11.818738937377928,100
2002-12-05,11.9468994140625,11.9468994140625,11.84659878501076,11.874459598493173,1900
2002-12-06,11.980337142944336,11.980337142944336,11.946903941531017,11.946903941531017,1400
2002-12-09,11.9468994140625,11.997049728588369,11.9468994140625,11.997049728588369,2900
2002-12-10,11.980337142944336,11.980337142944336,11.946903941531017,11.952476318903622,5000
2002-12-11,12.164215087890625,12.164215087890625,12.075059221433794,12.075059221433794,700
2002-12-12,12.164215087890625,12.164215087890625,12.164215087890625,12.164215087890625,0
2002-12-13,12.15307331085205,12.15307331085205,12.15307331085205,12.15307331085205,400
2002-12-16,12.370393753051758,12.48183810029468,12.29795391766277,12.29795391766277,2800
2002-12-17,12.370393753051758,12.498555230651109,12.370393753051758,12.48183810029468,1700
2002-12-18,12.370393753051758,12.370393753051758,12.370393753051758,12.370393753051758,200
2002-12-19,12.387104988098145,12.387104988098143,12.370388927085225,12.370388927085225,2500
2002-12-20,12.387104988098145,12.582133848215868,12.364816552473657,12.39267736270971,4100
2002-12-23,12.387104988098145,12.426110547557332,12.387104988098143,12.426110547557332,2700
2002-12-24,12.35367202758789,12.426110773210157,12.331382528736853,12.426110773210157,500
2002-12-26,12.35367202758789,12.35367202758789,12.35367202758789,12.35367202758789,0
2002-12-27,12.420540809631348,12.476262437164198,12.36481811927658,12.442829248080105,2000
2002-12-30,12.442828178405762,12.793879290664684,12.420539741873078,12.437255803567133,4600
2002-12-31,12.727014541625977,12.727014541625977,12.593280716906115,12.593280716906115,400
2003-01-02,12.537561416625977,12.593284124375431,12.526416662511636,12.593284124375431,3000
2003-01-03,12.537561416625977,12.537561416625977,12.537561416625977,12.537561416625977,0
2003-01-06,12.537561416625977,12.537561416625977,12.537561416625977,12.537561416625977,0
2003-01-07,12.649003982543945,12.649003982543945,12.504125400162664,12.504125400162664,1900
2003-01-08,12.593277931213379,12.671289046004711,12.593277931213379,12.671289046004711,2600
2003-01-09,12.67129135131836,12.676863726648921,12.582135471673174,12.676863726648921,800
2003-01-10,12.60441780090332,12.67685651333816,12.60441780090332,12.67685651333816,600
2003-01-13,12.93875789642334,12.93875789642334,12.788308026504684,12.788308026504684,1100
2003-01-14,13.111498832702637,13.111498832702637,12.816169330726543,12.816169330726543,1900
2003-01-15,13.36782169342041,13.37339406848757,13.24523263040848,13.24523263040848,900
2003-01-16,13.351110458374023,13.351110458374025,13.1950881389481,13.1950881389481,3600
2003-01-17,13.3956880569458,13.3956880569458,13.351109041472434,13.351109041472434,1200
2003-01-21,13.3956880569458,13.479271585313914,13.384543303077459,13.417976501860258,1000
2003-01-22,13.390105247497559,13.46811633815141,13.390105247497557,13.395677620090176,1300
2003-01-23,13.401249885559082,13.401249885559082,13.401249885559082,13.401249885559082,1200
2003-01-24,13.401249885559082,13.401249885559082,13.401249885559082,13.401249885559082,300
2003-01-27,13.401249885559082,13.401249885559082,13.401249885559082,13.401249885559082,400
2003-01-28,13.401249885559082,13.401249885559082,13.37896145642053,13.37896145642053,1000
2003-01-29,12.392674446105957,13.373389827673964,12.147495335008571,13.373389827673964,2700
2003-01-30,12.554276466369629,13.039061498924095,12.537559337969721,12.543131714103025,2300
2003-01-31,12.810596466064453,13.345532761657378,12.710295844214414,12.96661977370027,3300
2003-02-03,12.766018867492676,12.899752679220942,12.766018867492676,12.899752679220942,500
2003-02-04,12.760449409484863,12.760449409484863,12.760449409484863,12.760449409484863,1300
2003-02-05,12.760449409484863,12.760449409484863,12.760449409484863,12.760449409484863,0
2003-02-06,12.70472526550293,12.704725265502931,12.704725265502931,12.704725265502931,100
2003-02-07,13.094782829284668,13.094782829284666,13.05577726324895,13.05577726324895,200
2003-02-10,12.838459968566895,12.838459968566896,12.838459968566896,12.838459968566896,1100
2003-02-11,12.838459968566895,12.838459968566896,12.838459968566896,12.838459968566896,3000
2003-02-12,12.827316284179688,12.82731628417969,12.82731628417969,12.82731628417969,200
2003-02-13,12.944336891174316,12.944336891174316,12.816175392328402,12.816175392328402,2300
2003-02-14,12.944336891174316,12.944336891174316,12.944336891174316,12.944336891174316,0
2003-02-18,12.922042846679688,12.922042846679686,12.922042846679686,12.922042846679686,400
2003-02-19,12.871893882751465,12.883038634512895,12.85517675510932,12.85517675510932,2100
2003-02-20,12.85517406463623,12.860746439350697,12.855174064636229,12.860746439350697,600
2003-02-21,12.85517406463623,12.855174064636229,12.855174064636229,12.855174064636229,1900
2003-02-24,12.676864624023438,12.82174320440806,12.67686462402344,12.82174320440806,600
2003-02-25,12.275665283203125,12.598855691999388,12.275665283203127,12.598855691999388,900
2003-02-26,12.275665283203125,12.275665283203127,12.275665283203127,12.275665283203127,0
2003-02-27,12.275665283203125,12.51559891129463,10.043726140802558,10.043726140802558,800
2003-02-28,12.275665283203125,12.275665283203125,12.275665283203125,12.275665283203125,0
2003-03-03,12.130581855773926,12.359355395895799,12.130581855773926,12.359355395895799,300
2003-03-04,12.130581855773926,12.130581855773926,12.130581855773926,12.130581855773926,0
2003-03-05,12.080366134643555,12.175223557310225,12.080366134643555,12.164063610109173,500
2003-03-06,12.113845825195312,12.21986320305531,11.438684932700724,11.957610809687129,7000
2003-03-07,12.113845825195312,12.113845825195312,12.113845825195312,12.113845825195312,0
2003-03-10,12.108267784118652,12.219864079734768,12.108267784118652,12.208704130891766,1200
2003-03-11,11.940866470336914,12.046883808977901,11.940866470336914,12.046883808977901,700
2003-03-12,11.940866470336914,11.940866470336914,11.940866470336914,11.940866470336914,100
2003-03-13,11.940866470336914,11.940866470336914,11.940866470336914,11.940866470336914,1100
2003-03-14,12.04131031036377,12.041310310363771,11.940872889685155,11.940872889685155,300
2003-03-17,11.940866470336914,11.946446442293896,11.940866470336914,11.946446442293896,200
2003-03-18,11.974349975585938,12.141746007714895,11.96877106569243,12.041308601291771,2100
2003-03-19,11.940866470336914,11.940866470336914,11.940866470336914,11.940866470336914,400
2003-03-20,11.940866470336914,11.940866470336914,11.940866470336914,11.940866470336914,200
2003-03-21,12.097102165222168,12.097102165222168,12.097102165222168,12.097102165222168,100
2003-03-24,11.940866470336914,12.27565733785999,11.940866470336914,11.974345237807972,4600
2003-03-25,12.108267784118652,12.108267784118652,12.108267784118652,12.108267784118652,100
2003-03-26,11.940866470336914,12.04130383702092,11.940866470336914,12.04130383702092,2200
2003-03-27,11.991089820861816,12.035728549621163,11.940871117973645,11.940871117973645,6300
2003-03-28,11.991089820861816,11.991089820861816,11.991089820861816,11.991089820861816,0
2003-03-31,11.600500106811523,11.99666865383211,11.3940453407686,11.94086998212285,2500
2003-04-01,11.438688278198242,11.996673072256693,11.438688278198242,11.996673072256693,2400
2003-04-02,11.829276084899902,11.829276084899904,11.639561201450409,11.639561201450409,2700
2003-04-03,11.667459487915039,12.0524692122816,11.667459487915037,11.946451825864745,900
2003-04-04,12.470958709716797,12.560236179809895,11.946452774716297,11.946452774716297,2900
2003-04-07,12.616029739379883,12.694147227907992,12.616029739379881,12.694147227907992,1600
2003-04-08,12.805744171142578,12.805744171142578,12.655088106947742,12.655088106947742,1800
2003-04-09,12.554657936096191,12.805751520526732,12.554657936096191,12.805751520526732,1100
2003-04-10,12.275665283203125,12.415161479603162,11.784639140154468,12.415161479603162,2400
2003-04-11,12.275665283203125,12.275665283203125,12.275665283203125,12.275665283203125,0
2003-04-14,12.02456283569336,12.175218872119654,11.82368918472903,11.82368918472903,3600
2003-04-15,12.069207191467285,12.242183194659882,11.767896041871072,11.93529100672772,3800
2003-04-16,12.225442886352539,12.225442886352539,11.773475644096976,11.773475644096976,400
2003-04-17,12.398421287536621,12.398421287536621,12.242186232046219,12.242186232046219,2200
2003-04-21,12.42073917388916,12.42073917388916,12.42073917388916,12.42073917388916,300
2003-04-22,12.476540565490723,12.476540565490723,12.303564509871448,12.303564509871448,1500
2003-04-23,12.710892677307129,12.716472652383251,12.337042861378348,12.337042861378348,21800
2003-04-24,12.833647727966309,12.833647727966309,12.705311506111762,12.705311506111762,500
2003-04-25,12.744369506835938,12.839226940023602,12.62161326682242,12.62161326682242,400
2003-04-28,12.833647727966309,12.844807677067918,12.727630340043659,12.766689097627971,4600
2003-04-29,12.950820922851562,12.950820922851562,12.950820922851562,12.950820922851562,100
2003-04-30,12.833647727966309,12.850387651618723,12.833647727966309,12.833647727966309,4100
2003-05-01,12.89502239227295,12.89502239227295,12.89502239227295,12.89502239227295,100
2003-05-02,13.140541076660156,13.140541076660156,12.973146069217563,12.973146069217563,3000
2003-05-05,13.508810043334961,13.754323626908883,13.140540200109792,13.274457474256607,8400
2003-05-06,13.503227233886719,13.503227233886719,13.280032550929683,13.458588510149536,3500
2003-05-07,15.333420753479004,15.333420753479004,13.704105232523862,13.949618821783256,9900
2003-05-08,15.059998512268066,15.059998512268066,13.966349622067202,13.971929593662605,2600
2003-05-09,16.298725128173828,17.29751779560901,14.507595570510784,14.507595570510784,21700
2003-05-12,16.242931365966797,17.180345624971306,16.237351392488065,17.01294961342272,12500
2003-05-13,16.739530563354492,16.856706766448042,16.26524365120531,16.26524365120531,600
2003-05-14,15.467331886291504,16.717217194492434,15.344575664116174,16.717217194492434,1500
2003-05-15,14.842387199401855,16.153650924225477,14.769848621896935,16.153650924225477,2800
2003-05-16,14.842387199401855,14.842387199401855,14.842387199401855,14.842387199401855,0
2003-05-19,14.105860710144043,14.5689882020437,14.105860710144041,14.5689882020437,1000
2003-05-20,14.105860710144043,14.105860710144041,14.105860710144041,14.105860710144041,0
2003-05-21,15.065581321716309,15.06558132171631,14.234184554267443,14.518756773612377,2600
2003-05-22,14.680574417114258,15.344576384094639,14.613616861611872,15.344576384094639,4300
2003-05-23,14.926090240478516,15.3445787518938,14.674996707920815,15.3445787518938,600
2003-05-27,15.065581321716309,15.06558132171631,14.647092951668634,15.06558132171631,5900
2003-05-28,15.79096508026123,15.79096508026123,15.065585465059462,15.065585465059462,4300
2003-05-29,16.740550994873047,16.740550994873047,16.198731730867692,16.198731730867692,1700
2003-05-30,16.478012084960938,16.757300425384003,15.980879179936027,16.757300425384003,3800
2003-06-02,16.701448440551758,16.701448440551758,16.701448440551758,16.701448440551758,400
2003-06-03,16.75728988647461,16.75728988647461,16.561787958052445,16.561787958052445,900
2003-06-04,16.701448440551758,16.89695056094869,16.701448440551758,16.757306341436717,3200
2003-06-05,16.701448440551758,16.71262023380892,16.701448440551758,16.71262023380892,3300
2003-06-06,16.33837890625,16.896955962873932,16.33837890625,16.896955962873932,500
2003-06-09,15.763041496276855,16.89695311355747,15.763041496276854,16.338376151125818,3500
2003-06-10,16.0367431640625,16.0367431640625,15.763040595951962,15.763040595951962,600
2003-06-11,16.0367431640625,16.0367431640625,16.0367431640625,16.0367431640625,0
2003-06-12,16.06465721130371,16.673505565693098,16.06465721130371,16.645576106767027,1500
2003-06-13,16.103761672973633,16.639995707625722,16.103761672973633,16.634409814354324,800
2003-06-16,16.478012084960938,16.628828044485505,16.087007982208455,16.19872374453787,1300
2003-06-17,16.198732376098633,16.198732376098633,16.198732376098633,16.198732376098633,1600
2003-06-18,15.992053031921387,16.478015308088775,15.992053031921387,16.25458480512703,2700
2003-06-19,16.478012084960938,16.478012084960938,16.410982414483193,16.461254400991383,1800
2003-06-20,16.478012084960938,16.478012084960938,15.796548917872823,15.796548917872823,1100
2003-06-23,16.478012084960938,16.478012084960938,16.478012084960938,16.478012084960938,600
2003-06-24,16.33837890625,16.667939454890217,15.936203809025196,16.478023170405983,1100
2003-06-25,16.75728988647461,16.75728988647461,15.913839501007411,16.75170399533114,5300
2003-06-26,16.33837890625,16.75731169871795,15.869174093453804,16.75731169871795,1100
2003-06-27,16.109352111816406,16.757300998527427,16.109352111816406,16.734957419137146,2400
2003-06-30,15.941779136657715,16.75730058717465,15.483745359005205,16.087008137527473,5900
2003-07-01,15.79096508026123,15.919437477895467,15.779793289492876,15.919437477895467,900
2003-07-02,16.198732376098633,16.198732376098633,15.835657553162836,15.835657553162836,4400
2003-07-03,16.075836181640625,16.478010981370613,16.075836181640625,16.478010981370613,700
2003-07-07,16.059083938598633,16.478016563083813,15.83565341862002,16.478016563083813,1200
2003-07-08,15.77979564666748,15.779795646667479,15.640151437404935,15.640151437404935,500
2003-07-09,15.640149116516113,15.640149116516112,15.640149116516112,15.640149116516112,2100
2003-07-10,15.91943645477295,15.91943645477295,15.91943645477295,15.91943645477295,500
2003-07-11,16.198732376098633,16.198732376098633,15.640155397612473,15.919443886855552,3700
2003-07-14,16.595319747924805,16.68469303511118,16.198730646926965,16.338374876641854,4900
2003-07-15,16.198732376098633,16.478020865341712,15.081578419126313,16.478020865341712,5000
2003-07-16,15.77979564666748,15.779795646667479,15.640151437404935,15.668079853097137,800
2003-07-17,15.249144554138184,16.059081252145766,15.249144554138182,15.506090408180816,1500
2003-07-18,16.181970596313477,16.3327865981112,13.57341672297823,14.243709354034266,6600
2003-07-21,15.092734336853027,15.556352698654514,14.556500447615214,15.277064503222295,800
2003-07-22,15.500507354736328,15.640151565139359,14.690570508238444,15.640151565139359,1400
2003-07-23,15.305007934570312,15.305007934570312,15.305007934570312,15.305007934570312,200
2003-07-24,15.640149116516113,15.640149116516112,15.305002850939216,15.305002850939216,300
2003-07-25,15.640149116516113,15.640149116516112,15.640149116516112,15.640149116516112,200
2003-07-28,16.142868041992188,16.142868041992188,15.640149174464522,15.640149174464522,2100
2003-07-29,16.198732376098633,16.198732376098633,16.092602451873972,16.092602451873972,1000
2003-07-30,16.198732376098633,16.198732376098633,16.198732376098633,16.198732376098633,500
2003-07-31,16.198732376098633,16.198732376098633,15.79655733513297,16.198732376098633,3600
2003-08-01,15.77979564666748,15.779795646667479,15.779795646667479,15.779795646667479,700
2003-08-04,15.774213790893555,16.031159755759784,15.774213790893555,15.992058472214133,800
2003-08-05,15.813316345214844,16.03116212411986,15.807730446740234,16.03116212411986,3100
2003-08-06,15.91943645477295,16.32719720300609,15.813306580095645,15.813306580095645,4600
2003-08-07,15.99764633178711,16.43333681326163,15.824487745024653,15.824487745024653,1200
2003-08-08,16.170801162719727,16.170801162719727,16.170801162719727,16.170801162719727,1100
2003-08-11,16.003225326538086,16.198727422301175,16.003225326538086,16.198727422301175,1900
2003-08-12,16.008817672729492,16.008817672729492,16.008817672729492,16.008817672729492,100
2003-08-13,16.198732376098633,16.56180719903443,16.198732376098633,16.56180719903443,500
2003-08-14,16.444501876831055,16.444501876831055,16.444501876831055,16.444501876831055,100
2003-08-15,16.444501876831055,16.444501876831055,16.444501876831055,16.444501876831055,0
2003-08-18,16.444501876831055,16.444501876831055,16.444501876831055,16.444501876831055,0
2003-08-19,16.612070083618164,16.612070083618164,16.612070083618164,16.612070083618164,700
2003-08-20,16.600894927978516,16.600894927978516,16.288092353664315,16.43332238666025,2900
2003-08-21,16.399816513061523,16.60090345282496,16.399816513061523,16.489188723045444,4600
2003-08-22,16.405397415161133,16.427739928155123,16.399811520562523,16.399811520562523,700
2003-08-25,16.600894927978516,16.600894927978516,16.410978812937692,16.410978812937692,700
2003-08-26,16.56180191040039,16.746132211823102,16.56180191040039,16.729375589676025,5800
2003-08-27,16.561800003051758,16.561800003051758,16.561800003051758,16.561800003051758,0
2003-08-28,16.757505416870117,16.757505416870117,16.494708746202406,16.634494413543106,1100
2003-08-29,16.600940704345703,16.75749991784469,16.600940704345703,16.75749991784469,500
2003-09-02,17.003520965576172,17.053843868868242,16.600938805719128,16.600938805719128,3900
2003-09-03,17.048254013061523,17.18803963245345,17.048254013061523,17.18803963245345,1000
2003-09-04,17.45642852783203,17.489977845816107,17.28309465083305,17.34460066732417,2400
2003-09-05,17.484384536743164,17.61298704332664,17.478792984307415,17.495567641614663,2100
2003-09-08,17.478792190551758,17.529115093708626,17.478792190551758,17.484383742733577,3000
2003-09-09,17.327821731567383,17.33341328318465,17.20481079542576,17.327821731567383,1600
2003-09-10,16.779863357543945,17.32782264723949,16.774271805631198,17.210403256510222,4100
2003-09-11,16.779863357543945,16.779863357543945,16.779863357543945,16.779863357543945,600
2003-09-12,16.768680572509766,16.779863676547865,16.634486523491073,16.779863676547865,5800
2003-09-15,17.059431076049805,17.126527552363495,17.059431076049805,17.126527552363495,300
2003-09-16,16.774261474609375,17.048240950717204,16.774261474609375,17.048240950717204,1200
2003-09-17,16.774261474609375,17.0538324991862,16.774261474609375,16.774261474609375,2800
2003-09-18,17.31104850769043,17.31104850769043,16.76868075373505,16.76868075373505,1000
2003-09-19,17.322235107421875,17.322235107421875,17.322235107421875,17.322235107421875,100
2003-09-22,16.992338180541992,17.255135806335147,16.992338180541992,17.255135806335147,2300
2003-09-23,17.042654037475586,17.042654037475586,16.83018047025974,16.83018047025974,1600
2003-09-24,17.333423614501953,17.333423614501953,16.914066591570453,16.914066591570453,900
2003-09-25,16.919647216796875,16.93083031947289,16.919647216796875,16.93083031947289,300
2003-09-26,16.852558135986328,17.32782957375712,16.852558135986328,17.32782957375712,3200
2003-09-29,16.64566993713379,16.858143585412122,16.64566993713379,16.852552033289072,1700
2003-09-30,17.0538387298584,17.0538387298584,17.0538387298584,17.0538387298584,200
2003-10-01,16.992338180541992,16.992338180541992,16.992338180541992,16.992338180541992,2400
2003-10-02,16.992338180541992,16.992338180541992,16.992338180541992,16.992338180541992,0
2003-10-03,16.774261474609375,16.774261474609375,16.774261474609375,16.774261474609375,100
2003-10-06,16.830190658569336,16.830190658569336,16.830190658569336,16.830190658569336,1700
2003-10-07,16.830190658569336,16.9811594002462,16.830190658569336,16.830190658569336,1100
2003-10-08,16.869333267211914,16.981162220317334,16.774278977016294,16.774278977016294,3000
2003-10-09,16.82460594177246,16.82460594177246,16.77428300743175,16.77428300743175,300
2003-10-10,16.964384078979492,16.964384078979492,16.77427553756867,16.824598449499753,500
2003-10-13,16.964384078979492,16.964384078979492,16.964384078979492,16.964384078979492,200
2003-10-14,16.863739013671875,16.9699763954695,16.863739013671875,16.9699763954695,200
2003-10-15,16.841371536254883,16.874919785582826,16.841371536254883,16.86373668031364,4000
2003-10-16,16.9140625,16.969976969494308,16.522662280019652,16.802233561011388,1600
2003-10-17,16.802228927612305,16.82459513583422,16.802228927612305,16.802228927612305,500
2003-10-20,16.802228927612305,16.802228927612305,16.802228927612305,16.802228927612305,0
2003-10-21,16.852558135986328,16.852558135986328,16.852558135986328,16.852558135986328,200
2003-10-22,16.942012786865234,16.942012786865234,16.942012786865234,16.942012786865234,500
2003-10-23,16.88051414489746,16.88051414489746,16.88051414489746,16.88051414489746,200
2003-10-24,16.891691207885742,16.891691207885742,16.891691207885742,16.891691207885742,100
2003-10-27,17.277498245239258,17.333412693028777,16.908464382899577,16.908464382899577,2600
2003-10-28,16.953197479248047,17.33341448372123,16.953197479248047,17.05384328237089,800
2003-10-29,17.29985809326172,17.305449642633718,17.053835253288682,17.053835253288682,1000
2003-10-30,17.333423614501953,17.333423614501953,17.13772345717124,17.333423614501953,1600
2003-10-31,17.18244743347168,17.333416152692166,17.18244743347168,17.333416152692166,300
2003-11-03,17.210407257080078,17.327826675103562,17.165675897859742,17.165675897859742,3200
2003-11-04,17.28308868408203,17.28308868408203,17.28308868408203,17.28308868408203,100
2003-11-05,17.18244743347168,17.18244743347168,17.16008228977953,17.16008228977953,1400
2003-11-06,17.22718048095703,17.22718048095703,17.18244912269555,17.18244912269555,4700
2003-11-07,17.0538387298584,17.305453170497174,16.97555915565043,17.305453170497174,500
2003-11-10,17.048254013061523,17.048254013061523,16.779865879784143,16.947608196462596,1500
2003-11-11,17.137712478637695,17.15448713274182,17.137712478637695,17.15448713274182,500
2003-11-12,17.137712478637695,17.137712478637695,17.137712478637695,17.137712478637695,0
2003-11-13,16.942012786865234,17.19362727108259,16.942012786865234,17.19362727108259,1200
2003-11-14,16.997926712036133,16.997926712036133,16.997926712036133,16.997926712036133,300
2003-11-17,17.137712478637695,17.137712478637695,16.942012446673736,16.942012446673736,5200
2003-11-18,16.94760513305664,16.94760513305664,16.94760513305664,16.94760513305664,500
2003-11-19,16.87492561340332,16.98675350527654,16.835785797923695,16.947613689796913,1500
2003-11-20,16.98674964904785,17.003524308936743,16.774275956187232,16.824598869374174,1200
2003-11-21,16.774261474609375,16.858132568686656,16.774261474609375,16.85254102021766,1800
2003-11-24,16.942012786865234,17.042658580552175,16.71835606004947,16.71835606004947,3300
2003-11-25,16.87492561340332,17.003528168973517,16.858150949706346,16.858150949706346,2200
2003-11-26,16.723806381225586,16.723806381225586,16.723806381225586,16.723806381225586,100
2003-11-28,17.126789093017578,17.126789093017578,17.07081898121031,17.07081898121031,900
2003-12-01,16.99806022644043,17.32828167619144,16.891717110479924,17.32828167619144,1400
2003-12-02,16.99245834350586,16.99245834350586,16.986861226599274,16.986861226599274,400
2003-12-03,16.942081451416016,16.942081451416016,16.942081451416016,16.942081451416016,100
2003-12-04,16.942081451416016,16.942081451416016,16.942081451416016,16.942081451416016,0
2003-12-05,17.0708065032959,17.0708065032959,17.0708065032959,17.0708065032959,700
2003-12-08,16.953277587890625,16.953277587890625,16.953277587890625,16.953277587890625,300
2003-12-09,16.97006607055664,17.06521490155087,16.718202271482966,17.003647696925,2100
2003-12-10,17.193950653076172,17.193950653076172,17.065220156076375,17.065220156076375,1100
2003-12-11,17.0708065032959,17.0708065032959,17.0708065032959,17.0708065032959,200
2003-12-12,17.350666046142578,17.350666046142578,17.076413710937498,17.165965450288507,1500
2003-12-15,17.076404571533203,17.08759879984609,17.076404571533203,17.08759879984609,700
2003-12-16,17.093198776245117,17.283495351727353,17.093198776245117,17.283495351727353,900
2003-12-17,17.076404571533203,17.093195914002532,17.076404571533203,17.093195914002532,3600
2003-12-18,17.160367965698242,17.238725469067347,17.12118921401369,17.149173731633823,6500
2003-12-19,17.076404571533203,17.15476203464267,17.076404571533203,17.15476203464267,3700
2003-12-22,17.076404571533203,17.350656759956706,17.076404571533203,17.350656759956706,200
2003-12-23,17.13237953186035,17.13237953186035,17.115588184601982,17.115588184601982,300
2003-12-24,17.350666046142578,17.350666046142578,17.132383814917112,17.132383814917112,700
2003-12-26,17.350666046142578,17.350666046142578,17.350666046142578,17.350666046142578,0
2003-12-29,17.182754516601562,17.345066622261445,17.137978652880822,17.345066622261445,3300
2003-12-30,17.182754516601562,17.28909652572532,17.182754516601562,17.28909652572532,700
2003-12-31,17.356271743774414,17.445823527397444,17.29470449220553,17.311495851962896,3300
2004-01-02,17.58574104309082,17.58574104309082,17.451413423261517,17.490592178935767,1200
2004-01-05,18.111858367919922,18.458871119179463,17.35066745412579,17.35066745412579,13900
2004-01-06,17.910358428955078,18.16222327137848,17.910358428955078,18.16222327137848,4900
2004-01-07,18.027902603149414,18.067081358703916,17.910366336485918,17.910366336485918,3700
2004-01-08,17.92156982421875,17.938360118101457,17.91037558326923,17.91037558326923,2100
2004-01-09,17.92156982421875,17.92156982421875,17.92156982421875,17.92156982421875,0
2004-01-12,18.07827377319336,18.07827377319336,17.915960582195986,17.915960582195986,1000
2004-01-13,18.07827377319336,18.07827377319336,18.07827377319336,18.07827377319336,0
2004-01-14,18.022306442260742,18.022306442260742,18.022306442260742,18.022306442260742,2600
2004-01-15,18.15103530883789,18.15103530883789,18.15103530883789,18.15103530883789,200
2004-01-16,18.14544105529785,18.156635291816265,18.022308723759917,18.156635291816265,8900
2004-01-20,18.15103530883789,18.156631358343613,18.128646840651328,18.156631358343613,1400
2004-01-21,19.096921920776367,19.449532752676465,18.11185299993275,18.363717879861394,9800
2004-01-22,19.197673797607422,19.578269259164546,18.749915059034944,18.749915059034944,2000
2004-01-23,19.17528533935547,19.55028475102227,19.141704768367035,19.16968928921809,12300
2004-01-26,19.52229881286621,19.55587938141672,19.33759714551071,19.533493047410357,2500
2004-01-27,19.276023864746094,19.315202605796046,19.276023864746094,19.315202605796046,1400
2004-01-28,19.315204620361328,19.589457971396733,19.30960857180535,19.30960857180535,1700
2004-01-29,19.17528533935547,19.18647957471231,19.17528533935547,19.18647957471231,600
2004-01-30,19.029762268066406,19.55587845625996,17.216337991802636,19.17528304009209,4600
2004-02-02,18.979381561279297,19.63982615388127,18.979381561279297,19.225648204167115,1200
2004-02-03,19.309614181518555,19.309614181518555,19.00737622973595,19.00737622973595,400
2004-02-04,18.990583419799805,18.990583419799805,18.968194951884744,18.990583419799805,1100
2004-02-05,19.75177574157715,19.75737179143809,19.673418233032088,19.75177574157715,6800
2004-02-06,19.75177574157715,19.75177574157715,19.75177574157715,19.75177574157715,0
2004-02-09,19.253639221191406,19.589457641004625,19.012968570795408,19.589457641004625,4700
2004-02-10,18.990583419799805,19.39916335138147,18.990583419799805,18.99617946923766,6800
2004-02-11,19.53348731994629,19.53348731994629,18.99057884669344,18.99057884669344,800
2004-02-12,19.292816162109375,19.30960644100599,18.889832387940643,18.889832387940643,3500
2004-02-13,19.141700744628906,19.253640939584486,19.029760549673323,19.029760549673323,4000
2004-02-17,19.197673797607422,19.253644974355282,19.10252599975918,19.10252599975918,400
2004-02-18,19.231246948242188,19.315200469026937,19.119306785448163,19.315200469026937,3200
2004-02-19,19.029762268066406,19.119314005101096,19.029762268066406,19.0857313030574,1100
2004-02-20,19.04655647277832,19.04655647277832,19.03536223645913,19.03536223645913,700
2004-02-23,19.225650787353516,19.225650787353516,19.18087599857652,19.225650787353516,6600
2004-02-24,19.04655647277832,19.225659983720828,19.029766185840668,19.225659983720828,10700
2004-02-25,19.180877685546875,19.410354102799825,19.029758756856186,19.410354102799825,1400
2004-02-26,19.102447509765625,19.102447509765625,18.69350972203214,18.69350972203214,1300
2004-02-27,18.96240997314453,19.07444827839583,18.906391888995348,18.906391888995348,3500
2004-03-01,18.906389236450195,18.923194231946642,18.906389236450195,18.906389236450195,1200
2004-03-02,18.906389236450195,18.906389236450195,18.906389236450195,18.906389236450195,0
2004-03-03,19.074440002441406,19.236895367722553,19.01842194259715,19.04643097251928,5300
2004-03-04,19.0184268951416,19.10245400678929,19.0184268951416,19.10245400678929,2800
2004-03-05,19.192081451416016,19.192081451416016,19.192081451416016,19.192081451416016,100
2004-03-08,19.192081451416016,19.192081451416016,19.192081451416016,19.192081451416016,500
2004-03-09,19.192081451416016,19.192081451416016,19.192081451416016,19.192081451416016,0
2004-03-10,18.895191192626953,19.018433563934774,18.710329772618536,19.018433563934774,9100
2004-03-11,18.710325241088867,18.72152714762808,18.710325241088867,18.72152714762808,700
2004-03-12,18.710325241088867,18.72152714762808,18.710325241088867,18.710325241088867,2300
2004-03-15,18.69350814819336,18.75512928609362,18.69350814819336,18.749528335807984,1400
2004-03-16,18.8111629486084,18.8111629486084,18.69352153882407,18.69352153882407,600
2004-03-17,18.69350814819336,18.81114947370824,18.63749009753039,18.69350814819336,3800
2004-03-18,18.486249923706055,18.542268008087625,18.486249923706055,18.542268008087625,2200
2004-03-19,18.486249923706055,18.486249923706055,18.486249923706055,18.486249923706055,0
2004-03-22,18.21735191345215,18.351796116441776,17.87003416080882,17.898044260161694,4100
2004-03-23,17.349063873291016,18.34060035275642,17.349063873291016,18.082911626358655,6700
2004-03-24,17.225828170776367,17.449903770684614,17.225828170776367,17.449903770684614,600
2004-03-25,17.7860107421875,17.7860107421875,17.505916084830215,17.780408720823196,2000
2004-03-26,17.7860107421875,17.7860107421875,17.7860107421875,17.7860107421875,300
2004-03-29,18.06610870361328,18.20055510399253,17.47791024297927,18.20055510399253,8500
2004-03-30,17.085765838623047,17.085765838623047,16.968126652274687,16.968126652274687,400
2004-03-31,17.225828170776367,17.225828170776367,17.225828170776367,17.225828170776367,300
2004-04-01,17.64596176147461,17.64596176147461,17.64035974063477,17.64596176147461,1400
2004-04-02,17.64596176147461,17.64596176147461,17.64596176147461,17.64596176147461,0
2004-04-05,18.12212562561035,18.12212562561035,17.085776125253204,17.085776125253204,2000
2004-04-06,18.110919952392578,18.110919952392578,18.110919952392578,18.110919952392578,500
2004-04-07,18.110919952392578,18.110919952392578,18.110919952392578,18.110919952392578,0
2004-04-08,17.926063537597656,17.926063537597656,17.926063537597656,17.926063537597656,200
2004-04-12,17.735593795776367,17.898049211537103,17.724389752935693,17.786010920083054,700
2004-04-13,17.735593795776367,17.735593795776367,17.735593795776367,17.735593795776367,300
2004-04-14,17.735593795776367,17.735593795776367,17.735593795776367,17.735593795776367,0
2004-04-15,17.735593795776367,17.735593795776367,17.735593795776367,17.735593795776367,0
2004-04-16,17.735593795776367,17.735593795776367,17.735593795776367,17.735593795776367,0
2004-04-19,18.12212562561035,18.12212562561035,18.05490349821846,18.05490349821846,1300
2004-04-20,18.189340591430664,18.189340591430664,18.189340591430664,18.189340591430664,300
2004-04-21,17.987672805786133,17.987672805786133,17.987672805786133,17.987672805786133,1100
2004-04-22,17.830821990966797,17.959666317546873,17.830821990966797,17.931655148302895,2600
2004-04-23,17.830821990966797,17.830821990966797,17.830821990966797,17.830821990966797,0
2004-04-26,17.842023849487305,17.84762586895585,17.842023849487305,17.84762586895585,200
2004-04-27,17.673967361450195,17.81401464979283,17.50591104282944,17.81401464979283,2100
2004-04-28,17.505918502807617,17.505918502807617,17.505918502807617,17.505918502807617,1900
2004-04-29,17.365859985351562,17.718778605247103,17.365859985351562,17.718778605247103,400
2004-04-30,17.365859985351562,17.494703206228046,17.365859985351562,17.365859985351562,700
2004-05-03,17.49471092224121,17.61235122640864,17.035355884535424,17.35466360252719,8100
2004-05-04,17.49471092224121,17.49471092224121,17.49471092224121,17.49471092224121,0
2004-05-05,17.64596176147461,17.64596176147461,17.64596176147461,17.64596176147461,200
2004-05-06,17.64596176147461,17.64596176147461,17.64596176147461,17.64596176147461,0
2004-05-07,17.001741409301758,17.926053319914647,17.001741409301758,17.926053319914647,1600
2004-05-10,16.721647262573242,17.14178914822344,16.721647262573242,17.14178914822344,1600
2004-05-11,16.78886604309082,16.78886604309082,16.78886604309082,16.78886604309082,100
2004-05-12,16.04942512512207,16.665633641529364,15.825349592376622,16.665633641529364,4000
2004-05-13,15.9653902053833,15.9653902053833,15.9653902053833,15.9653902053833,1900
2004-05-14,15.634881973266602,15.965393718173553,15.5732608134946,15.965393718173553,2200
2004-05-17,15.153122901916504,15.416412604771933,15.125113859197477,15.405208560293726,2400
2004-05-18,15.242748260498047,15.506037879401147,15.15311807020478,15.405203648202185,1900
2004-05-19,15.153122901916504,15.24835514302829,15.153122901916506,15.24835514302829,1800
2004-05-20,15.433204650878906,15.433204650878906,15.12510116563582,15.153110184848613,1000
2004-05-21,15.433204650878906,15.433204650878906,15.433204650878906,15.433204650878906,0
2004-05-24,15.125114440917969,15.164327529623362,15.125114440917969,15.153123484714241,1200
2004-05-25,15.007469177246094,15.309970789565503,14.0607491303013,15.186729550246648,23300
2004-05-26,15.007469177246094,15.007469177246094,15.007469177246094,15.007469177246094,0
2004-05-27,15.158952713012695,15.439466266976332,15.147731914036322,15.147731914036322,3700
2004-05-28,15.158952713012695,15.158952713012695,15.158952713012695,15.158952713012695,0
2004-06-01,15.170170783996582,15.170170783996582,15.147729190079417,15.153339588558708,1600
2004-06-02,15.170170783996582,15.170170783996582,15.147729190079417,15.147729190079417,300
2004-06-03,15.15333366394043,15.164554456511931,15.15333366394043,15.15333366394043,400
2004-06-04,15.15333366394043,15.15333366394043,15.15333366394043,15.15333366394043,0
2004-06-07,15.428237915039062,15.48434081238123,15.3384737073211,15.44506910526384,3400
2004-06-08,15.338472366333008,15.3496931588352,15.338472366333006,15.344082762584103,600
2004-06-09,15.428237915039062,15.59093621032397,15.366524620955301,15.59093621032397,1300
2004-06-10,15.344084739685059,15.34969513665906,15.344084739685059,15.34969513665906,300
2004-06-14,15.708757400512695,15.899506683124855,15.433854274412624,15.506787320082367,3600
2004-06-15,15.989267349243164,15.989267349243162,15.742415202827127,15.955606033391774,700
2004-06-16,16.999122619628906,17.044004749889055,16.41565492624696,16.499808786725442,2000
2004-06-17,16.999122619628906,16.999122619628906,16.999122619628906,16.999122619628906,0
2004-06-18,16.830810546875,16.898134259895112,16.830810546875,16.892523861303925,1100
2004-06-21,16.763486862182617,16.763486862182617,16.55029706572789,16.634450904589645,5400
2004-06-22,16.763486862182617,16.763486862182617,16.763486862182617,16.763486862182617,0
2004-06-23,16.780309677124023,16.780309677124023,16.780309677124023,16.780309677124023,100
2004-06-24,16.780309677124023,16.780309677124023,16.780309677124023,16.780309677124023,0
2004-06-25,16.774703979492188,16.774703979492188,16.774703979492188,16.774703979492188,300
2004-06-28,17.44232940673828,17.44232940673828,17.425498211616663,17.43671900836441,600
2004-06-29,17.94725799560547,17.94725799560547,17.391841258032077,17.672354826710013,600
2004-06-30,17.672346115112305,17.672346115112305,17.672346115112305,17.672346115112305,1000
2004-07-01,17.229137420654297,17.229137420654297,16.69055205291834,16.69055205291834,300
2004-07-02,17.100101470947266,17.358174428789024,17.100101470947266,17.111322266956474,1100
2004-07-06,16.830810546875,16.864471868347998,16.550297037760416,16.550297037760416,1200
2004-07-07,17.122541427612305,17.13376222254983,17.116931030143544,17.13376222254983,2000
2004-07-08,17.341341018676758,17.341341018676758,17.290848513161905,17.330120224101485,500
2004-07-09,17.285226821899414,17.324498507179314,17.285226821899414,17.324498507179314,200
2004-07-12,16.6905517578125,17.11132197019433,16.6905517578125,16.971065232733718,1100
2004-07-13,16.30904769897461,16.30904769897461,16.30904769897461,16.30904769897461,100
2004-07-14,16.30904769897461,16.30904769897461,16.30904769897461,16.30904769897461,0
2004-07-15,16.1295223236084,16.27538943650902,16.1295223236084,16.27538943650902,200
2004-07-16,16.1295223236084,16.1295223236084,16.1295223236084,16.1295223236084,0
2004-07-19,16.488584518432617,16.488584518432617,16.42687227110196,16.42687227110196,300
2004-07-20,16.830810546875,16.830810546875,16.381989360321313,16.381989360321313,800
2004-07-21,16.830810546875,16.830810546875,16.830810546875,16.830810546875,0
2004-07-22,16.987897872924805,16.987897872924805,16.864471248602708,16.94301575591879,900
2004-07-23,16.987897872924805,16.987897872924805,16.987897872924805,16.987897872924805,0
2004-07-26,16.5502986907959,16.5502986907959,16.5502986907959,16.5502986907959,400
2004-07-27,16.5502986907959,16.5502986907959,16.5502986907959,16.5502986907959,0
2004-07-28,15.776074409484863,16.690547641355252,15.776074409484865,16.690547641355252,600
2004-07-29,16.757875442504883,16.757875442504883,16.696162135672637,16.752265044604314,3700
2004-07-30,17.010337829589844,17.23474840714234,16.959845315881278,17.23474840714234,16800
2004-08-02,16.6905517578125,17.352563729838412,16.6905517578125,17.352563729838412,1000
2004-08-03,16.6905517578125,16.6905517578125,16.6905517578125,16.6905517578125,100
2004-08-04,16.6905517578125,16.6905517578125,16.6905517578125,16.6905517578125,0
2004-08-05,16.71298599243164,16.71298599243164,16.55028773496114,16.55028773496114,800
2004-08-06,16.71298599243164,16.71298599243164,16.71298599243164,16.71298599243164,0
2004-08-09,16.600791931152344,16.712997778888347,16.55029940667857,16.55029940667857,5600
2004-08-10,16.5502986907959,16.690555459361967,16.5502986907959,16.628842138769144,4800
2004-08-11,16.5502986907959,16.5502986907959,16.5502986907959,16.5502986907959,0
2004-08-12,16.656885147094727,16.656885147094727,16.656885147094727,16.656885147094727,200
2004-08-13,16.656885147094727,16.656885147094727,16.656885147094727,16.656885147094727,0
2004-08-16,16.2697811126709,16.2697811126709,16.101473460224575,16.101473460224575,2300
2004-08-17,16.2697811126709,16.2697811126709,16.2697811126709,16.2697811126709,0
2004-08-18,16.600791931152344,16.600791931152344,16.600791931152344,16.600791931152344,200
2004-08-19,16.600791931152344,16.600791931152344,16.600791931152344,16.600791931152344,0
2004-08-20,16.600791931152344,16.600791931152344,16.600791931152344,16.600791931152344,0
2004-08-23,16.421255111694336,16.69054772574582,15.714361197253902,16.69054772574582,1500
2004-08-24,16.107080459594727,16.550292187749548,16.107080459594727,16.550292187749548,600
2004-08-25,16.107080459594727,16.107080459594727,16.107080459594727,16.107080459594727,0
2004-08-26,16.247339248657227,16.69055103343261,16.157575026184176,16.157575026184176,700
2004-08-27,16.2697811126709,16.27539151042897,16.24733952163861,16.24733952163861,900
2004-08-30,16.466411590576172,16.70236840566809,16.303489614576883,16.303489614576883,1300
2004-08-31,16.466411590576172,16.573154239952792,16.466411590576172,16.573154239952792,500
2004-09-01,17.9776554107666,17.9776554107666,16.848433801691613,16.848433801691613,900
2004-09-02,17.44956398010254,18.033837307356023,16.432703000451045,17.96080354328131,1300
2004-09-03,17.44956398010254,17.44956398010254,17.44956398010254,17.44956398010254,0
2004-09-07,16.85405921936035,17.303500369922403,16.4046180687983,16.44394403552845,12100
2004-09-08,16.85405921936035,16.85405921936035,16.85405921936035,16.85405921936035,0
2004-09-09,17.07877540588379,17.30349592341806,16.966415682892627,16.966415682892627,1100
2004-09-10,16.85405921936035,17.022599382933063,16.85405921936035,17.022599382933063,1700
2004-09-13,16.966413497924805,17.02821096256836,16.966413497924805,16.966413497924805,1600
2004-09-14,16.85405921936035,16.85405921936035,16.85405921936035,16.85405921936035,600
2004-09-15,16.870906829833984,16.870906829833984,16.859670537733763,16.859670537733763,800
2004-09-16,16.966413497924805,17.23045993807916,16.966413497924805,17.17989769420146,1000
2004-09-17,16.88776397705078,17.236081609271963,16.859674312063667,16.859674312063667,1600
2004-09-20,16.88214111328125,16.88214111328125,16.88214111328125,16.88214111328125,400
2004-09-21,16.88214111328125,16.88214111328125,16.88214111328125,16.88214111328125,600
2004-09-22,16.88776397705078,16.88776397705078,16.88776397705078,16.88776397705078,700
2004-09-23,16.88776397705078,16.88776397705078,16.88776397705078,16.88776397705078,0
2004-09-24,16.88776397705078,16.88776397705078,16.88776397705078,16.88776397705078,0
2004-09-27,16.88776397705078,16.88776397705078,16.88776397705078,16.88776397705078,0
2004-09-28,16.88214111328125,16.88214111328125,16.88214111328125,16.88214111328125,300
2004-09-29,16.88214111328125,16.88214111328125,16.88214111328125,16.88214111328125,600
2004-09-30,16.88214111328125,16.88214111328125,16.88214111328125,16.88214111328125,0
2004-10-01,16.983266830444336,17.472034829754676,16.977648684296884,17.42709073212686,3000
2004-10-04,17.370908737182617,19.101257943302027,16.938321167764837,16.938321167764837,17800
2004-10-05,17.157428741455078,17.157428741455078,17.157428741455078,17.157428741455078,100
2004-10-06,17.157428741455078,17.157428741455078,17.157428741455078,17.157428741455078,0
2004-10-07,17.157428741455078,17.157428741455078,17.157428741455078,17.157428741455078,0
2004-10-08,17.157428741455078,17.157428741455078,17.157428741455078,17.157428741455078,0
2004-10-11,17.2585506439209,17.415855531252173,17.2585506439209,17.415855531252173,200
2004-10-12,17.561925888061523,17.83159051779078,17.455183236961698,17.500127341916574,2800
2004-10-13,17.460805892944336,17.460805892944336,17.460805892944336,17.460805892944336,200
2004-10-14,17.460805892944336,17.460805892944336,17.460805892944336,17.460805892944336,0
2004-10-15,18.084407806396484,18.084407806396484,18.084407806396484,18.084407806396484,300
2004-10-18,18.084407806396484,18.084407806396484,18.084407806396484,18.084407806396484,0
2004-10-19,18.516984939575195,18.53384044917985,17.977655780504907,17.977655780504907,1300
2004-10-20,18.516984939575195,18.516984939575195,18.516984939575195,18.516984939575195,0
2004-10-21,18.68553352355957,18.87654628873711,18.50575705552242,18.53946594694359,6200
2004-10-22,18.68553352355957,18.68553352355957,18.68553352355957,18.68553352355957,0
2004-10-25,18.073163986206055,18.084400280067925,18.073163986206055,18.084400280067925,300
2004-10-26,19.663066864013672,20.224868774414062,18.5001370809332,18.5001370809332,3500
2004-10-27,17.612489700317383,19.25856835983087,17.612489700317383,19.25856835983087,400
2004-10-28,17.612489700317383,17.612489700317383,17.612489700317383,17.612489700317383,0
2004-10-29,19.02823257446289,19.090031135523134,18.578791416439984,18.595644790145688,600
2004-11-01,17.43270492553711,19.10125537713408,17.415850490916366,19.10125537713408,3300
2004-11-02,16.91585350036621,17.42709308163964,16.854054955964383,17.42709308163964,6100
2004-11-03,17.348445892333984,17.348445892333984,16.887768407748354,16.887768407748354,600
2004-11-04,16.88776397705078,16.88776397705078,16.88776397705078,16.88776397705078,200
2004-11-05,17.36530113220215,17.36530113220215,16.516979915325063,16.516979915325063,3200
2004-11-08,17.410232543945312,17.410232543945312,17.410232543945312,17.410232543945312,200
2004-11-09,17.410232543945312,17.410232543945312,17.410232543945312,17.410232543945312,0
2004-11-10,17.410232543945312,17.410232543945312,17.410232543945312,17.410232543945312,0
2004-11-11,17.404621124267578,17.404621124267578,17.404621124267578,17.404621124267578,200
2004-11-12,17.96642303466797,17.96642303466797,17.415857474892242,17.415857474892242,500
2004-11-15,18.927106857299805,19.02823137939188,16.955182962713067,18.01698830157549,3400
2004-11-16,19.01137924194336,19.101267473742674,18.623736644140905,18.87654582269214,5400
2004-11-17,19.01137924194336,19.01137924194336,19.01137924194336,19.01137924194336,0
2004-11-18,18.988895416259766,18.988895416259766,18.988895416259766,18.988895416259766,200
2004-11-19,18.988895416259766,18.988895416259766,18.988895416259766,18.988895416259766,0
2004-11-22,19.938350677490234,19.98329371576024,19.140590852931652,19.663066799333713,4100
2004-11-23,19.4552001953125,20.07880064074223,18.927105043202346,18.927105043202346,500
2004-11-24,19.4552001953125,19.4552001953125,19.4552001953125,19.4552001953125,0
2004-11-26,19.4552001953125,19.4552001953125,19.4552001953125,19.4552001953125,0
2004-11-29,19.4552001953125,19.455200195312496,19.455200195312496,19.455200195312496,0
2004-11-30,19.4552001953125,19.455200195312496,19.455200195312496,19.455200195312496,0
2004-12-01,20.09077262878418,20.09077262878418,20.09077262878418,20.09077262878418,1100
2004-12-02,17.998455047607422,18.02095363135686,17.998455047607422,18.004078620753262,3000
2004-12-03,18.729639053344727,19.123355627738235,18.729639053344727,18.954620566021795,1600
2004-12-06,19.123348236083984,19.123348236083984,18.842122526729806,18.842122526729806,500
2004-12-07,18.45403480529785,18.45403480529785,18.20093119682146,18.20093119682146,600
2004-12-08,18.335922241210938,18.335922241210938,18.335922241210938,18.335922241210938,500
2004-12-09,18.335922241210938,18.335922241210938,18.335922241210938,18.335922241210938,0
2004-12-10,18.617151260375977,18.617151260375977,18.617151260375977,18.617151260375977,600
2004-12-13,18.842124938964844,19.07835353518586,18.842124938964844,19.07835353518586,400
2004-12-14,19.8264102935791,19.8264102935791,19.382073207520996,19.393322492107718,1500
2004-12-15,20.102022171020508,20.102022171020508,20.102022171020508,20.102022171020508,5900
2004-12-16,19.235841751098633,19.685802522496395,19.02773529662383,19.02773529662383,300
2004-12-17,19.68579864501953,19.68579864501953,19.573307937931638,19.68579864501953,2500
2004-12-20,19.68579864501953,19.68579864501953,19.68579864501953,19.68579864501953,0
2004-12-21,19.460826873779297,19.550819054924826,19.12335673087927,19.12335673087927,1200
2004-12-22,19.460826873779297,19.460826873779297,19.460826873779297,19.460826873779297,0
2004-12-23,19.460826873779297,19.460826873779297,19.460826873779297,19.460826873779297,100
2004-12-27,19.73642921447754,20.433870230335966,19.629564169433838,20.433870230335966,3600
2004-12-28,20.24825096130371,20.24825096130371,19.967025253507824,19.967025253507824,5300
2004-12-29,20.60822105407715,20.61947034069403,19.69142457783073,19.69705029393019,2300
2004-12-30,20.253883361816406,20.810711450077623,20.253883361816406,20.810711450077623,1300
2004-12-31,20.805078506469727,20.805078506469727,20.608219226505188,20.66446565460156,1800
2005-01-03,21.091934204101562,21.367536421758125,20.805084842982083,20.805084842982083,4600
2005-01-04,21.373165130615234,21.373165130615234,20.726344801323933,21.277549369121274,2600
2005-01-05,22.638681411743164,23.173010967348112,21.373165059533918,21.373165059533918,6500
2005-01-06,23.319232940673828,23.6060843366608,22.711786585752503,23.6060843366608,1000
2005-01-07,22.99863052368164,23.606078883869547,22.638662078643403,22.638662078643403,3600
2005-01-10,22.50368309020996,23.622962495355573,22.503683090209957,23.622962495355573,1800
2005-01-11,21.89061164855957,22.441816014186582,21.89061164855957,22.36869671742672,1000
2005-01-12,21.63749885559082,21.63749885559082,21.63749885559082,21.63749885559082,100
2005-01-13,21.63749885559082,21.63749885559082,21.63749885559082,21.63749885559082,0
2005-01-14,21.63749885559082,21.63749885559082,21.63749885559082,21.63749885559082,0
2005-01-18,21.108808517456055,22.447443967822743,21.108808517456055,22.447443967822743,3500
2005-01-19,21.485645294189453,21.485645294189457,21.423775292907912,21.480019578300976,1500
2005-01-20,21.496896743774414,21.496896743774414,20.928819534457713,20.928819534457713,400
2005-01-21,20.760080337524414,20.900693182440072,20.760080337524414,20.88382032763635,800
2005-01-24,20.501359939575195,20.501359939575195,20.248256306625883,20.416991346731276,500
2005-01-25,20.810707092285156,20.810707092285156,20.248255549250423,20.248255549250423,500
2005-01-26,20.810707092285156,20.810707092285156,20.810707092285156,20.810707092285156,0
2005-01-27,20.422609329223633,21.51376417786133,20.422609329223633,21.51376417786133,1700
2005-01-28,20.45635986328125,22.498059350062412,20.45635986328125,21.901860004876188,1200
2005-01-31,20.52947998046875,20.52947998046875,20.52947998046875,20.52947998046875,700
2005-02-01,19.96703338623047,21.40691036902758,19.96703338623047,20.253882780962158,1900
2005-02-02,21.198789596557617,21.862482329503717,20.51260044132807,20.523849725260558,1700
2005-02-03,22.076223373413086,22.076223373413086,21.238169618493508,21.238169618493508,600
2005-02-04,21.800622940063477,21.800622940063477,21.643137179602594,21.79499936815383,500
2005-02-07,20.52947998046875,20.985066472992862,20.52947998046875,20.737586437041987,3500
2005-02-08,20.810707092285156,20.810707092285156,20.5351048921419,20.5351048921419,2500
2005-02-09,22.070594787597656,22.070594787597656,20.529476944170973,20.529476944170973,1200
2005-02-10,22.070594787597656,22.070594787597656,22.070594787597656,22.070594787597656,0
2005-02-11,21.95248031616211,22.391193924328928,21.868113882516948,21.8906103108064,4800
2005-02-14,21.95248031616211,21.952480316162113,21.952480316162113,21.952480316162113,0
2005-02-15,22.306827545166016,22.306827545166016,22.306827545166016,22.306827545166016,100
2005-02-16,21.941225051879883,21.958100050477416,21.941225051879883,21.958100050477416,200
2005-02-17,21.941225051879883,21.941225051879883,21.941225051879883,21.941225051879883,0
2005-02-18,21.941225051879883,21.941225051879883,21.941225051879883,21.941225051879883,0
2005-02-22,21.941225051879883,21.941225051879883,21.941225051879883,21.941225051879883,0
2005-02-23,21.941225051879883,21.941225051879883,21.941225051879883,21.941225051879883,0
2005-02-24,21.941225051879883,21.941225051879883,21.941225051879883,21.941225051879883,0
2005-02-25,22.06497573852539,22.351827252515488,22.06497573852539,22.13246932893024,1200
2005-02-28,21.828733444213867,22.790524551763063,20.821945207487975,20.821945207487975,7300
2005-03-01,21.94685935974121,22.07622295653895,21.941233642812154,21.941233642812154,700
2005-03-02,21.969358444213867,22.093096326943307,21.941234150083066,21.941234150083066,1300
2005-03-03,22.076223373413086,22.211212689688935,21.958109062660714,22.211212689688935,1800
2005-03-04,22.076223373413086,22.076223373413086,22.076223373413086,22.076223373413086,0
2005-03-07,22.183090209960938,22.183090209960938,22.183090209960938,22.183090209960938,200
2005-03-08,21.95810890197754,21.95810890197754,21.95810890197754,21.95810890197754,1100
2005-03-09,22.076223373413086,22.076223373413086,22.019979076554545,22.076223373413086,3000
2005-03-10,22.076223373413086,22.076223373413086,22.076223373413086,22.076223373413086,0
2005-03-11,22.143709182739258,22.143709182739258,22.143709182739258,22.143709182739258,200
2005-03-14,21.969358444213867,21.969358444213867,21.969358444213867,21.969358444213867,100
2005-03-15,21.941225051879883,21.941225051879883,21.941225051879883,21.941225051879883,200
2005-03-16,21.92435646057129,21.941229316867094,21.92435646057129,21.941229316867094,1100
2005-03-17,21.92435646057129,21.92435646057129,21.92435646057129,21.92435646057129,0
2005-03-18,21.958139419555664,21.958139419555664,21.958139419555664,21.958139419555664,1700
2005-03-21,21.395112991333008,21.395112991333008,21.395112991333008,21.395112991333008,500
2005-03-22,21.462678909301758,21.518983134780328,21.372594296322635,21.395115986514064,4600
2005-03-23,20.922161102294922,20.922161102294925,20.922161102294925,20.922161102294925,300
2005-03-24,20.832077026367188,20.92216159786708,20.832077026367188,20.92216159786708,6300
2005-03-28,20.832077026367188,20.832077026367188,20.832077026367188,20.832077026367188,0
2005-03-29,20.832077026367188,20.832077026367188,20.832077026367188,20.832077026367188,0
2005-03-30,21.901838302612305,21.901838302612305,21.873685122373786,21.901838302612305,500
2005-03-31,21.901838302612305,21.901838302612305,21.901838302612305,21.901838302612305,0
2005-04-01,21.901838302612305,21.901838302612305,21.901838302612305,21.901838302612305,0
2005-04-04,21.901838302612305,21.901838302612305,21.901838302612305,21.901838302612305,0
2005-04-05,21.395112991333008,21.395112991333008,21.395112991333008,21.395112991333008,2000
2005-04-06,21.113597869873047,21.901839716129473,20.556197941082452,20.556197941082452,2800
2005-04-07,20.66317367553711,20.93905680221912,20.64628133772976,20.93905680221912,2100
2005-04-08,20.60687828063965,20.606878280639645,20.606878280639645,20.606878280639645,100
2005-04-11,20.409812927246094,21.33881216787669,20.409812927246094,21.27687859879646,1700
2005-04-12,21.209318161010742,21.254361547545894,21.164276922262474,21.254361547545894,1000
2005-04-13,20.64628028869629,20.64628028869629,20.269051745481555,20.269051745481555,1100
2005-04-14,20.021324157714844,20.747630375960107,20.021324157714844,20.269056294781258,3900
2005-04-15,19.9931697845459,20.26342574247158,19.993169784545895,20.18459983520121,1400
2005-04-18,20.240907669067383,20.9672161216424,19.72291949629757,20.955955275735803,4800
2005-04-19,20.269054412841797,20.269054412841797,20.21838169089824,20.21838169089824,800
2005-04-20,20.269054412841797,20.522418022559577,20.269054412841797,20.522418022559577,3100
2005-04-21,20.184598922729492,20.184598922729492,20.184598922729492,20.184598922729492,400
2005-04-22,20.184598922729492,20.184598922729492,20.184598922729492,20.184598922729492,0
2005-04-25,20.80955696105957,20.80955696105957,20.55056406637656,20.55056406637656,300
2005-04-26,20.240907669067383,20.240907669067383,20.049477584228697,20.049477584228697,300
2005-04-27,20.43796157836914,20.43796157836914,20.43796157836914,20.43796157836914,300
2005-04-28,20.77577781677246,20.77577781677246,20.77577781677246,20.77577781677246,100
2005-04-29,19.711652755737305,19.711652755737305,19.711652755737305,19.711652755737305,200
2005-05-02,20.550565719604492,20.550565719604492,20.550565719604492,20.550565719604492,1300
2005-05-03,20.184598922729492,20.52241778097186,20.184598922729492,20.27468352203687,6100
2005-05-04,20.184598922729492,20.184598922729492,20.184598922729492,20.184598922729492,0
2005-05-05,20.184598922729492,20.184598922729492,20.184598922729492,20.184598922729492,0
2005-05-06,19.711652755737305,19.711652755737305,19.711652755737305,19.711652755737305,200
2005-05-09,19.869304656982422,20.55056959946869,19.70602564332614,19.8467829693499,2900
2005-05-10,19.706029891967773,19.711659241196426,19.29501866909829,19.706029891967773,2300
2005-05-11,20.25779151916504,20.26905236154467,19.72291331895595,19.72291331895595,6000
2005-05-12,19.998811721801758,19.998811721801758,19.852422822513248,19.931248770938783,3700
2005-05-13,20.494260787963867,26.462368589448673,20.2746776274434,23.647222994826475,9800
2005-05-16,20.612503051757812,20.612503051757812,19.846782858807646,19.846782858807646,1300
2005-05-17,20.713842391967773,20.719471738292025,20.466108197986728,20.466108197986728,3000
2005-05-18,20.27467918395996,20.74199441948082,20.27467918395996,20.74199441948082,500
2005-05-19,20.280315399169922,20.28031539916992,20.28031539916992,20.28031539916992,200
2005-05-20,20.269054412841797,20.29157609988033,20.269054412841797,20.29157609988033,400
2005-05-23,19.886194229125977,20.325356385343433,19.846782350890376,20.269054315802936,2900
2005-05-24,19.886194229125977,19.886194229125977,19.886194229125977,19.886194229125977,0
2005-05-25,19.886194229125977,19.886194229125977,19.886194229125977,19.886194229125977,0
2005-05-26,20.269054412841797,20.269054412841797,20.269054412841797,20.269054412841797,100
2005-05-27,20.291597366333008,20.291597366333008,20.291597366333008,20.291597366333008,0
2005-05-31,19.85194206237793,19.85194206237793,19.85194206237793,19.85194206237793,100
2005-06-01,20.066133499145508,20.066133499145508,20.066133499145508,20.066133499145508,8500
2005-06-02,20.212690353393555,20.212690353393555,20.066138691893297,20.066138691893297,17100
2005-06-03,20.212690353393555,20.212690353393555,20.212690353393555,20.212690353393555,0
2005-06-06,20.212690353393555,20.212690353393555,20.212690353393555,20.212690353393555,1700
2005-06-07,20.280324935913086,20.280324935913086,20.280324935913086,20.280324935913086,100
2005-06-08,20.291597366333008,20.291597366333008,20.291597366333008,20.291597366333008,100
2005-06-09,20.291597366333008,20.291597366333008,20.28032399866404,20.291597366333008,2900
2005-06-10,20.291597366333008,20.291597366333008,20.291597366333008,20.291597366333008,0
2005-06-13,20.42688751220703,21.41892079229911,20.263426811170863,21.41892079229911,800
2005-06-14,20.477603912353516,20.477603912353516,20.291596578301775,20.308505554061046,2000
2005-06-15,20.263418197631836,20.404332090313314,20.263418197631836,20.404332090313314,1100
2005-06-16,20.61288070678711,20.61288070678711,20.269050520372762,20.269050520372762,1000
2005-06-17,20.61288070678711,20.61288070678711,20.61288070678711,20.61288070678711,0
2005-06-20,20.61288070678711,20.61288070678711,20.61288070678711,20.61288070678711,0
2005-06-21,20.61288070678711,20.61288070678711,20.61288070678711,20.61288070678711,0
2005-06-22,20.404329299926758,20.404329299926758,20.404329299926758,20.404329299926758,300
2005-06-23,20.404329299926758,20.404329299926758,20.404329299926758,20.404329299926758,0
2005-06-24,20.257781982421875,20.257781982421875,20.257781982421875,20.257781982421875,300
2005-06-27,20.257781982421875,20.257781982421875,20.257781982421875,20.257781982421875,0
2005-06-28,20.291597366333008,20.291597366333008,20.291597366333008,20.291597366333008,100
2005-06-29,20.573427200317383,20.573427200317383,20.573427200317383,20.573427200317383,200
2005-06-30,20.291597366333008,20.291597366333008,20.133774519317537,20.291597366333008,3200
2005-07-01,20.133777618408203,20.56779266468152,20.009772705137156,20.336693967333428,7500
2005-07-05,20.20704460144043,20.24650030619928,20.161953288933734,20.161953288933734,500
2005-07-06,20.23523712158203,20.23523712158203,20.23523712158203,20.23523712158203,3500
2005-07-07,20.23523712158203,20.23523712158203,19.694126105525214,20.12250557031288,3100
2005-07-08,20.23523712158203,20.23523712158203,20.23523712158203,20.23523712158203,0
2005-07-11,20.23523712158203,20.23523712158203,20.23523712158203,20.23523712158203,0
2005-07-12,20.128135681152344,20.128135681152344,20.009768552237425,20.009768552237425,7300
2005-07-13,20.128135681152344,20.128135681152344,20.128135681152344,20.128135681152344,0
2005-07-14,20.128135681152344,20.128135681152344,20.128135681152344,20.128135681152344,0
2005-07-15,20.28595542907715,20.28595542907715,20.28595542907715,20.28595542907715,100
2005-07-18,19.947765350341797,20.235230824124038,19.840671592561556,19.840671592561556,800
2005-07-19,19.953407287597656,21.07508062561192,19.953407287597656,20.29159975680767,1300
2005-07-20,20.20704460144043,20.398687517486845,20.20704460144043,20.398687517486845,200
2005-07-21,20.20704460144043,20.20704460144043,20.20704460144043,20.20704460144043,0
2005-07-22,20.618520736694336,20.618520736694336,20.015407329229305,20.015407329229305,700
2005-07-25,20.838346481323242,20.838346481323242,20.838346481323242,20.838346481323242,100
2005-07-26,20.838346481323242,20.838346481323242,20.838346481323242,20.838346481323242,0
2005-07-27,20.855249404907227,20.855249404907227,20.855249404907227,20.855249404907227,300
2005-07-28,20.364871978759766,20.748157856175457,20.364871978759766,20.748157856175457,300
2005-07-29,20.3310546875,20.3310546875,20.3310546875,20.3310546875,100
2005-08-01,20.173234939575195,20.173234939575195,20.094323497649253,20.094323497649253,300
2005-08-02,20.61288070678711,20.69179212986417,20.35359970234105,20.584698362856017,500
2005-08-03,20.61288070678711,20.61288070678711,20.61288070678711,20.61288070678711,0
2005-08-04,20.61288070678711,20.61288070678711,20.61288070678711,20.61288070678711,0
2005-08-05,21.965665817260742,21.965665817260746,21.137091155893373,21.41328342640786,2300
2005-08-08,21.965665817260742,21.965665817260746,21.965665817260746,21.965665817260746,0
2005-08-09,21.5598201751709,21.94874164740516,21.559820175170895,21.94874164740516,300
2005-08-10,21.5598201751709,21.559820175170895,21.559820175170895,21.559820175170895,0
2005-08-11,21.05253028869629,21.418907192854558,21.05253028869629,21.418907192854558,400
2005-08-12,20.996166229248047,20.996166229248047,20.85525236193766,20.85525236193766,1300
2005-08-15,20.877803802490234,20.996170961668266,20.877803802490234,20.996170961668266,2600
2005-08-16,20.877803802490234,20.877803802490234,20.877803802490234,20.877803802490234,0
2005-08-17,22.326400756835938,22.489861412229637,21.052537777101463,21.052537777101463,8000
2005-08-18,22.405303955078125,22.40530395507812,22.26439009372543,22.27002570210259,4900
2005-08-19,23.667892456054688,23.667892456054688,22.32075417196435,22.32075417196435,4200
2005-08-22,23.667892456054688,23.667892456054688,23.667892456054688,23.667892456054688,0
2005-08-23,23.667892456054688,23.667892456054688,23.667892456054688,23.667892456054688,0
2005-08-24,22.88441276550293,23.29024541933268,22.54622032076156,22.89568613368433,1600
2005-08-25,23.673526763916016,23.673526763916016,23.00277761300129,23.00277761300129,2800
2005-08-26,23.7186279296875,24.141369616313032,23.560802904561356,23.9553622421136,8200
2005-08-29,23.44243049621582,24.231548994523166,23.1267826668579,24.231548994523166,3700
2005-08-30,22.511507034301758,22.522789103320225,22.223764772692704,22.223764772692704,1900
2005-08-31,22.291465759277344,23.16597452725681,22.291465759277347,23.16597452725681,6000
2005-09-01,22.314035415649414,22.70897453363999,21.862677346050923,22.613061885457515,4400
2005-09-02,22.285829544067383,22.285829544067383,22.01501465851019,22.01501465851019,700
2005-09-06,22.771041870117188,22.771041870117188,20.86405116944429,20.86405116944429,1800
2005-09-07,21.986791610717773,21.986791610717773,21.986791610717773,21.986791610717773,100
2005-09-08,21.890892028808594,22.235053311316005,21.890892028808594,22.235053311316005,800
2005-09-09,21.890892028808594,21.890892028808594,21.890892028808594,21.890892028808594,0
2005-09-12,22.00373649597168,22.00373649597168,22.00373649597168,22.00373649597168,100
2005-09-13,22.44944190979004,22.44944190979004,22.44944190979004,22.44944190979004,300
2005-09-14,23.13212013244629,23.13212013244629,23.03620749668193,23.03620749668193,600
2005-09-15,22.957225799560547,22.962868987264418,22.957225799560543,22.962868987264418,300
2005-09-16,22.596141815185547,22.596141815185547,22.285833176094144,22.567932330221918,400
2005-09-19,22.455089569091797,22.567929647779792,22.455089569091797,22.567929647779792,400
2005-09-20,22.455089569091797,22.455089569091797,22.455089569091797,22.455089569091797,0
2005-09-21,22.00373649597168,22.00373649597168,22.00373649597168,22.00373649597168,1300
2005-09-22,22.172983169555664,22.172983169555664,22.16734213598357,22.16734213598357,200
2005-09-23,22.060157775878906,22.421246579354918,22.060157775878906,22.421246579354918,1300
2005-09-26,21.721635818481445,22.04887188466904,21.721635818481445,21.969882310169876,1900
2005-09-27,21.721635818481445,21.721635818481445,21.721635818481445,21.721635818481445,0
2005-09-28,22.037582397460938,22.071432911917405,21.94166758459519,21.94166758459519,2300
2005-09-29,21.890892028808594,21.907819440113347,20.76813869814026,21.907819440113347,5400
2005-09-30,22.031932830810547,22.031932830810547,22.031932830810547,22.031932830810547,100
2005-10-03,22.511507034301758,22.5397165113382,22.511507034301758,22.5397165113382,600
2005-10-04,22.629987716674805,22.629987716674805,22.607419274559,22.607419274559,1500
2005-10-05,22.56792640686035,22.629988548838448,22.56792640686035,22.629988548838448,200
2005-10-06,22.929014205932617,22.929014205932617,22.929014205932617,22.929014205932617,200
2005-10-07,21.992443084716797,22.56792544175085,21.992443084716797,22.56792544175085,2200
2005-10-10,21.789325714111328,21.789325714111328,21.789325714111328,21.789325714111328,100
2005-10-11,21.580575942993164,21.58621697664414,21.580575942993164,21.58621697664414,200
2005-10-12,21.30976104736328,22.00372440494208,21.30976104736328,21.563650605561573,5700
2005-10-13,21.79496955871582,21.79496955871582,21.79496955871582,21.79496955871582,700
2005-10-14,21.79496955871582,21.79496955871582,21.79496955871582,21.79496955871582,0
2005-10-17,22.127849578857422,22.127849578857425,22.127849578857425,22.127849578857425,100
2005-10-18,22.127849578857422,22.127849578857425,22.127849578857425,22.127849578857425,0
2005-10-19,22.127849578857422,22.127849578857425,22.127849578857425,22.127849578857425,0
2005-10-20,22.127849578857422,22.127849578857425,22.127849578857425,22.127849578857425,0
2005-10-21,22.127849578857422,22.127849578857425,22.127849578857425,22.127849578857425,0
2005-10-24,22.26326560974121,22.26326560974121,22.116574990768076,22.116574990768076,300
2005-10-25,22.274547576904297,22.274547576904297,22.274547576904297,22.274547576904297,100
2005-10-26,22.060157775878906,22.122219947605192,22.060157775878906,22.122219947605192,600
2005-10-27,22.13349151611328,22.13349151611328,22.031935684504955,22.093997820737265,900
2005-10-28,22.020652770996094,22.28582658618304,22.020652770996094,22.28582658618304,200
2005-10-31,22.009376525878906,22.02066075106606,22.009376525878906,22.02066075106606,700
2005-11-01,22.821821212768555,22.821821212768555,22.421240944253206,22.56793155235542,2800
2005-11-02,22.866954803466797,22.866954803466797,22.821820061806093,22.821820061806093,800
2005-11-03,22.56792640686035,22.850025486946105,22.56792640686035,22.850025486946105,2100
2005-11-04,22.850019454956055,22.850019454956055,22.57356148246402,22.57356148246402,1200
2005-11-07,23.137760162353516,23.13776016235352,23.115193876957942,23.115193876957942,800
2005-11-08,22.827457427978516,23.132124956134753,22.827457427978516,23.132124956134753,400
2005-11-09,22.827457427978516,22.827457427978516,22.827457427978516,22.827457427978516,0
2005-11-10,22.759742736816406,22.827445880298292,22.74845852086207,22.827445880298292,1000
2005-11-11,22.79360580444336,23.346519725497572,22.79360580444336,22.79360580444336,400
2005-11-14,22.79360580444336,22.79924683887718,22.776678396651675,22.79924683887718,1000
2005-11-15,23.13212013244629,23.13212013244629,23.13212013244629,23.13212013244629,500
2005-11-16,23.13212013244629,23.13212013244629,23.13212013244629,23.13212013244629,0
2005-11-17,23.19418716430664,23.216755607695358,23.160334499223566,23.160334499223566,4700
2005-11-18,23.40859031677246,23.809170625794952,22.838748782194877,22.838748782194877,3200
2005-11-21,23.44807243347168,23.448072433471676,23.419860808332864,23.419860808332864,600
2005-11-22,23.414216995239258,23.414216995239258,23.414216995239258,23.414216995239258,500
2005-11-23,23.95585823059082,23.95585823059082,23.95585823059082,23.95585823059082,100
2005-11-25,24.26051902770996,24.26051902770996,24.26051902770996,24.26051902770996,400
2005-11-28,24.401561737060547,24.59903016189622,24.260512247250947,24.260512247250947,3800
2005-11-29,24.27732276916504,24.282969023399385,24.27732276916504,24.282969023399385,1300
2005-11-30,24.27732276916504,24.27732276916504,24.27732276916504,24.27732276916504,2000
2005-12-01,24.565349578857422,25.27125042882459,24.085337862575123,24.418523149929165,3500
2005-12-02,24.362045288085938,24.362045288085938,24.362045288085938,24.362045288085938,300
2005-12-05,24.508869171142578,24.508869171142578,23.763438325774892,23.763438325774892,1900
2005-12-06,24.565349578857422,24.565349578857422,24.39028539253973,24.469348097296336,700
2005-12-07,24.28297996520996,24.282979965209957,24.282979965209957,24.282979965209957,3100
2005-12-08,24.33381462097168,24.33381462097168,24.33381462097168,24.33381462097168,100
2005-12-09,24.565349578857422,24.565349578857422,24.565349578857422,24.565349578857422,400
2005-12-12,24.198272705078125,24.48063295673242,23.718261138960926,23.938501790573234,17700
2005-12-13,23.718259811401367,23.774730996876315,23.718259811401367,23.774730996876315,600
2005-12-14,23.718259811401367,23.718259811401367,23.718259811401367,23.718259811401367,0
2005-12-15,23.560129165649414,23.893314194316805,23.29470996277836,23.893314194316805,1400
2005-12-16,23.85944175720215,23.898972020910563,23.294721242238786,23.294721242238786,2900
2005-12-19,23.97802734375,24.11356118578739,23.972381087690554,24.11356118578739,900
2005-12-20,24.565349578857422,24.565349578857422,24.00062889888369,24.00062889888369,2000
2005-12-21,24.198272705078125,24.28298164226952,24.09097658497509,24.14180151644237,2000
2005-12-22,23.853790283203125,23.853790283203125,23.159182305976483,23.159182305976483,1400
2005-12-23,23.853790283203125,23.853790283203125,23.853790283203125,23.853790283203125,0
2005-12-27,23.746484756469727,23.752133165027118,23.729543839270892,23.729543839270892,500
2005-12-28,23.746484756469727,23.746484756469723,23.667424270559618,23.746484756469723,800
2005-12-29,23.746484756469727,23.746484756469723,23.746484756469723,23.746484756469723,0
2005-12-30,23.814266204833984,23.825560875122903,23.746500337338546,23.75214874960205,500
2006-01-03,24.028854370117188,24.028854370117188,23.181773707333473,23.181773707333473,2400
2006-01-04,24.531461715698242,24.531461715698246,23.723911097630598,23.723911097630598,3000
2006-01-05,24.847702026367188,24.847702026367188,24.480632839282574,24.480632839282574,1100
2006-01-06,24.847702026367188,24.847702026367188,24.847702026367188,24.847702026367188,0
2006-01-09,24.983232498168945,24.983232498168945,24.113562528451485,24.113562528451485,500
2006-01-10,25.412418365478516,25.41241836547852,24.988878059387208,24.988878059387208,200
2006-01-11,25.615726470947266,25.61572647094727,25.429367641020807,25.429367641020807,1200
2006-01-12,25.435009002685547,25.435009002685547,25.435009002685547,25.435009002685547,100
2006-01-13,25.435009002685547,25.435009002685547,25.435009002685547,25.435009002685547,0
2006-01-17,25.435009002685547,25.435009002685547,25.435009002685547,25.435009002685547,0
2006-01-18,26.112661361694336,26.112661361694336,25.135693581106246,25.135693581106246,2600
2006-01-19,26.203022003173828,26.536207056444006,25.497121649146912,26.536207056444006,700
2006-01-20,26.541858673095703,26.5418586730957,26.112672119012206,26.536212416987137,400
2006-01-23,27.174333572387695,27.174333572387695,27.174333572387695,27.174333572387695,300
2006-01-24,27.654356002807617,27.654356002807617,27.631766671975342,27.631766671975342,700
2006-01-25,27.275989532470703,27.326814444658787,26.835508396331946,26.835508396331946,1300
2006-01-26,25.977144241333008,27.665659564884304,25.977144241333004,27.665659564884304,200
2006-01-27,26.942808151245117,26.942808151245117,25.994077763800707,25.994077763800707,600
2006-01-30,26.96538543701172,27.38892552240981,26.056185709012684,27.38892552240981,500
2006-01-31,26.96538543701172,26.96538543701172,26.96538543701172,26.96538543701172,0
2006-02-01,25.412418365478516,25.909372927812125,24.655692932425882,25.130058161417647,2300
2006-02-02,24.570980072021484,26.53620867308685,24.570980072021484,26.53620867308685,1100
2006-02-03,24.954998016357422,24.954998016357422,24.565341648493117,24.565341648493117,600
2006-02-06,24.0006160736084,25.54795085774779,22.68481655836256,25.412417019114773,6400
2006-02-07,24.062744140625,24.062744140625004,23.159189924507544,23.159189924507544,900
2006-02-08,23.193063735961914,23.193063735961914,23.159179740702005,23.159179740702005,1300
2006-02-09,23.379430770874023,24.085331432383047,23.37943077087402,24.085331432383047,900
2006-02-10,23.379430770874023,23.37943077087402,23.37943077087402,23.37943077087402,0
2006-02-13,23.33989906311035,23.379429325371753,23.339899063110348,23.379429325371753,1300
2006-02-14,23.520605087280273,23.729551028234674,23.334246324688294,23.729551028234674,6000
2006-02-15,24.057083129882812,24.05708312988281,23.983671044339374,23.983671044339374,1300
2006-02-16,24.60487174987793,24.60487174987793,24.24345097841599,24.24345097841599,300
2006-02-17,24.655691146850586,24.655691146850586,24.655691146850586,24.655691146850586,100
2006-02-21,25.186525344848633,25.288175174523424,24.988874095057128,25.288175174523424,2000
2006-02-22,24.847702026367188,25.15829787084923,24.836407357846674,25.000176820037517,4700
2006-02-23,24.33381462097168,24.33381462097168,24.33381462097168,24.33381462097168,200
2006-02-24,24.271697998046875,24.27734641201865,24.27169799804688,24.27169799804688,600
2006-02-27,24.59968376159668,24.59968376159668,23.751418804300243,24.37347891008456,4600
2006-02-28,24.446992874145508,24.594026657143328,24.44699287414551,24.594026657143328,700
2006-03-01,24.59968376159668,24.59968376159668,24.59968376159668,24.59968376159668,400
2006-03-02,25.097320556640625,25.097320556640625,23.751406895215563,23.960644875739142,1500
2006-03-03,25.17083740234375,25.17083740234375,25.17083740234375,25.17083740234375,200
2006-03-06,24.333892822265625,25.091676252893603,24.06810460871838,25.091676252893603,1200
2006-03-07,24.333892822265625,24.333892822265625,24.333892822265625,24.333892822265625,0
2006-03-08,24.333892822265625,24.333892822265625,24.333892822265625,24.333892822265625,0
2006-03-09,24.333892822265625,24.333892822265625,24.333892822265625,24.333892822265625,0
2006-03-10,24.333892822265625,24.333892822265625,24.333892822265625,24.333892822265625,0
2006-03-13,24.333892822265625,24.333892822265625,24.333892822265625,24.333892822265625,0
2006-03-14,24.333892822265625,24.333892822265625,24.333892822265625,24.333892822265625,0
2006-03-15,24.316930770874023,24.31693077087402,24.31693077087402,24.31693077087402,400
2006-03-16,24.316930770874023,24.31693077087402,24.31693077087402,24.31693077087402,0
2006-03-17,23.75707244873047,24.31692825780926,23.757072448730472,24.31692825780926,1200
2006-03-20,23.892797470092773,23.892797470092773,23.892797470092773,23.892797470092773,100
2006-03-21,24.03417205810547,24.03417205810547,23.864519510321617,24.03417205810547,500
2006-03-22,24.03417205810547,24.039826208223616,24.03417205810547,24.039826208223616,400
2006-03-23,24.03417205810547,24.03417205810547,24.03417205810547,24.03417205810547,0
2006-03-24,24.17554473876953,24.175544738769535,23.813618800120857,24.175544738769535,4700
2006-03-27,23.881484985351562,23.88148498535156,23.75707210574151,23.75707210574151,300
2006-03-28,23.881484985351562,23.88148498535156,23.88148498535156,23.88148498535156,600
2006-03-29,24.2603702545166,24.260370254516598,24.254713948697102,24.254713948697102,1000
2006-03-30,24.169883728027344,24.175537875417206,24.169883728027344,24.175537875417206,200
2006-03-31,24.27734375,24.27734375,24.23775822375816,24.23775822375816,3400
2006-04-03,23.921070098876953,24.656232591526987,23.757071698068707,23.757071698068707,1300
2006-04-04,24.577058792114258,24.65622982991299,23.8136213193419,23.8136213193419,2400
2006-04-05,23.99457550048828,24.135952918163916,23.807956273677316,24.135952918163916,600
2006-04-06,23.94933319091797,23.94933319091797,23.904093539976138,23.904093539976138,400
2006-04-07,23.921070098876953,23.921070098876953,23.921070098876953,23.921070098876953,500
2006-04-10,23.921070098876953,23.921070098876953,23.921070098876953,23.921070098876953,0
2006-04-11,23.921070098876953,23.926726406352675,23.921070098876953,23.921070098876953,2300
2006-04-12,23.921070098876953,23.921070098876953,23.921070098876953,23.921070098876953,200
2006-04-13,22.987979888916016,23.75141744385451,22.987979888916016,23.75141744385451,500
2006-04-17,22.971010208129883,23.513901320304594,22.891839171859324,23.513901320304594,2000
2006-04-18,23.1180477142334,23.1180477142334,22.631708804622065,22.631708804622065,1100
2006-04-19,23.99457550048828,24.04547145714144,23.123690089866816,23.123690089866816,3800
2006-04-20,23.49127769470215,24.316921487948626,23.118041311642187,23.118041311642187,300
2006-04-21,24.30562400817871,24.30562400817871,24.30562400817871,24.30562400817871,200
2006-04-24,24.181198120117188,24.413057052031537,23.988924701657822,24.413057052031537,1400
2006-04-25,24.594024658203125,24.594024658203125,24.594024658203125,24.594024658203125,200
2006-04-26,24.271686553955078,24.271686553955078,24.271686553955078,24.271686553955078,300
2006-04-27,24.492229461669922,24.492229461669922,24.492229461669922,24.492229461669922,200
2006-04-28,24.322593688964844,24.497902634322408,24.322593688964844,24.497902634322408,700
2006-05-01,24.328229904174805,24.514847001442085,24.31691945021186,24.514847001442085,800
2006-05-02,23.943687438964844,23.943687438964844,23.89279146552938,23.89279146552938,400
2006-05-03,23.943687438964844,23.943687438964844,23.943687438964844,23.943687438964844,0
2006-05-04,24.59968376159668,24.59968376159668,24.181205433474062,24.1925158917746,700
2006-05-05,25.44793701171875,25.447937011718746,24.88242730034722,24.88242730034722,800
2006-05-08,26.166147232055664,26.166147232055664,24.49789234694471,24.49789234694471,800
2006-05-09,25.758970260620117,27.076609094398535,25.75897026062012,26.211377656912564,1500
2006-05-10,26.15482521057129,26.324477699406387,26.154825210571286,26.324477699406387,300
2006-05-11,26.15482521057129,26.154825210571286,26.154825210571286,26.154825210571286,0
2006-05-12,26.15482521057129,26.154825210571286,26.154825210571286,26.154825210571286,0
2006-05-15,24.243412017822266,25.029470537704924,24.243412017822262,25.029470537704924,400
2006-05-16,24.758020401000977,24.910708318497075,24.42436950512036,24.910708318497075,600
2006-05-17,24.650575637817383,24.650575637817383,24.650575637817383,24.650575637817383,100
2006-05-18,25.165189743041992,25.165189743041992,24.59967986117588,24.59967986117588,300
2006-05-19,25.165189743041992,25.165189743041992,25.165189743041992,25.165189743041992,0
2006-05-22,24.746713638305664,24.752369945676794,24.74671363830566,24.74671363830566,600
2006-05-23,25.425331115722656,25.425331115722653,25.425331115722653,25.425331115722653,100
2006-05-24,25.391393661499023,25.391393661499023,25.391393661499023,25.391393661499023,400
2006-05-25,25.17083740234375,25.17083740234375,25.17083740234375,25.17083740234375,200
2006-05-26,24.475265502929688,24.475265502929688,24.475265502929688,24.475265502929688,2600
2006-05-30,24.4696044921875,25.075539921344188,24.322368754364117,25.075539921344188,500
2006-05-31,25.296390533447266,25.494595031957967,24.492252863627687,24.492252863627687,6500
2006-06-01,25.420982360839844,25.941974887373686,25.42098236083984,25.692803703283758,3000
2006-06-02,25.420982360839844,25.42098236083984,25.42098236083984,25.42098236083984,0
2006-06-05,25.420982360839844,25.42098236083984,25.42098236083984,25.42098236083984,0
2006-06-06,25.205785751342773,25.205785751342773,25.205785751342773,25.205785751342773,100
2006-06-07,25.53424072265625,25.93064764051946,25.36435266078456,25.36435266078456,3800
2006-06-08,25.25675392150879,26.3213890330349,25.200125290571318,26.3213890330349,7300
2006-06-09,25.370019912719727,25.370019912719723,25.370019912719723,25.370019912719723,800
2006-06-12,25.313379287719727,25.313379287719727,25.313379287719727,25.313379287719727,400
2006-06-13,25.25675392150879,25.35302518639505,25.256753921508793,25.35302518639505,3300
2006-06-14,25.25675392150879,25.256753921508793,25.256753921508793,25.256753921508793,0
2006-06-15,25.25675392150879,25.256753921508793,25.256753921508793,25.256753921508793,0
2006-06-16,25.25675392150879,25.256753921508793,25.256753921508793,25.256753921508793,0
2006-06-19,24.911319732666016,25.098195972333208,24.91131973266602,25.092533972446866,800
2006-06-20,24.53190803527832,24.628179343171077,24.350693743033464,24.628179343171077,2800
2006-06-21,24.350690841674805,24.350690841674805,24.350690841674805,24.350690841674805,700
2006-06-22,24.639484405517578,24.90564363775909,24.401641639870938,24.435620103638932,4600
2006-06-23,24.639484405517578,24.639484405517575,24.639484405517575,24.639484405517575,2300
2006-06-26,24.639484405517578,24.639484405517575,24.639484405517575,24.639484405517575,0
2006-06-27,24.639484405517578,24.639484405517575,24.639484405517575,24.639484405517575,0
2006-06-28,24.639484405517578,24.639484405517575,24.639484405517575,24.639484405517575,0
2006-06-29,24.639484405517578,24.639484405517575,24.639484405517575,24.639484405517575,0
2006-06-30,25.047224044799805,25.596530808311744,24.633829012554003,25.18879777475701,1100
2006-07-03,25.34735870361328,25.494596586943782,24.97360415705342,25.494596586943782,500
2006-07-05,25.34735870361328,25.34735870361328,25.34735870361328,25.34735870361328,0
2006-07-06,24.41864585876465,24.418645858764652,24.350691046758442,24.350691046758442,200
2006-07-07,24.378995895385742,24.378995895385742,24.378995895385742,24.378995895385742,100
2006-07-10,24.350690841674805,24.350690841674805,24.350690841674805,24.350690841674805,500
2006-07-11,24.616853713989258,24.616853713989258,24.599863388554386,24.599863388554386,300
2006-07-12,24.463937759399414,24.628163783064583,24.463937759399414,24.628163783064583,600
2006-07-13,24.463937759399414,24.463937759399414,24.463937759399414,24.463937759399414,400
2006-07-14,24.463937759399414,24.463937759399414,24.463937759399414,24.463937759399414,0
2006-07-17,24.463937759399414,24.463937759399414,24.463937759399414,24.463937759399414,800
2006-07-18,24.350690841674805,24.616850246803914,24.350690841674805,24.616850246803914,800
2006-07-19,24.316709518432617,24.31670951843262,24.31670951843262,24.31670951843262,500
2006-07-20,24.316709518432617,24.31670951843262,24.31670951843262,24.31670951843262,0
2006-07-21,24.316709518432617,24.31670951843262,24.31670951843262,24.31670951843262,0
2006-07-24,24.316709518432617,24.31670951843262,24.31670951843262,24.31670951843262,0
2006-07-25,24.350690841674805,24.350690841674805,24.31671235583561,24.31671235583561,600
2006-07-26,24.429960250854492,24.5149053451205,24.429960250854492,24.5149053451205,200
2006-07-27,24.429960250854492,24.429960250854492,24.429960250854492,24.429960250854492,0
2006-07-28,24.429960250854492,24.429960250854492,24.429960250854492,24.429960250854492,200
2006-07-31,24.52056121826172,24.52056121826172,24.52056121826172,24.52056121826172,500
2006-08-01,24.950952529907227,24.996254995781204,24.42996013077395,24.42996013077395,700
2006-08-02,24.62251091003418,24.63383707136528,24.62251091003418,24.63383707136528,400
2006-08-03,24.616853713989258,24.616853713989258,24.616853713989258,24.616853713989258,200
2006-08-04,24.616853713989258,24.616853713989258,24.616853713989258,24.616853713989258,0
2006-08-07,24.429960250854492,24.429960250854492,24.429960250854492,24.429960250854492,100
2006-08-08,24.429960250854492,24.429960250854492,24.429960250854492,24.429960250854492,0
2006-08-09,24.429960250854492,24.429960250854492,24.429960250854492,24.429960250854492,0
2006-08-10,24.463937759399414,24.463937759399414,24.429959290979358,24.429959290979358,400
2006-08-11,24.71877670288086,24.71877670288086,24.463943530226064,24.463943530226064,800
2006-08-14,24.463937759399414,24.463937759399414,24.463937759399414,24.463937759399414,300
2006-08-15,24.52056121826172,24.52056121826172,24.52056121826172,24.52056121826172,200
2006-08-16,24.52056121826172,24.52056121826172,24.52056121826172,24.52056121826172,0
2006-08-17,24.52056121826172,24.52056121826172,24.52056121826172,24.52056121826172,0
2006-08-18,24.429960250854492,24.429960250854492,24.429960250854492,24.429960250854492,100
2006-08-21,24.435632705688477,24.492261347596795,24.435632705688477,24.492261347596795,200
2006-08-22,24.429960250854492,24.429960250854492,24.429960250854492,24.429960250854492,300
2006-08-23,24.486589431762695,24.69045375622517,24.486589431762695,24.69045375622517,1500
2006-08-24,24.486589431762695,24.486589431762695,24.486589431762695,24.486589431762695,0
2006-08-25,24.486589431762695,24.486589431762695,24.486589431762695,24.486589431762695,0
2006-08-28,24.486589431762695,24.492251429563037,24.486589431762695,24.492251429563037,700
2006-08-29,24.486589431762695,24.486589431762695,24.486589431762695,24.486589431762695,0
2006-08-30,24.611345291137695,24.611345291137695,24.48658663176374,24.48658663176374,1200
2006-08-31,24.668066024780273,24.668066024780273,24.668066024780273,24.668066024780273,100
2006-09-01,26.08576774597168,27.78134360128799,25.155753763756362,25.161423631003423,3600
2006-09-05,26.000709533691406,26.28425054131398,26.00070953369141,26.193517505404607,1900
2006-09-06,26.07442283630371,26.085764732733498,25.51868289071755,25.961006035251412,1100
2006-09-07,26.07442283630371,26.07442283630371,26.07442283630371,26.07442283630371,0
2006-09-08,24.95160484313965,25.12740101966665,24.95160484313965,25.12740101966665,5500
2006-09-11,24.957273483276367,24.95727348327637,24.95727348327637,24.95727348327637,300
2006-09-12,24.957273483276367,24.95727348327637,24.95727348327637,24.95727348327637,0
2006-09-13,24.95160484313965,24.95160484313965,24.95160484313965,24.95160484313965,200
2006-09-14,24.95160484313965,24.95160484313965,24.95160484313965,24.95160484313965,0
2006-09-15,24.95160484313965,24.95160484313965,24.95160484313965,24.95160484313965,0
2006-09-18,24.95160484313965,24.95160484313965,24.95160484313965,24.95160484313965,400
2006-09-19,24.95160484313965,24.95160484313965,24.95160484313965,24.95160484313965,0
2006-09-20,24.889217376708984,26.029052892589366,24.889217376708984,26.029052892589366,800
2006-09-21,24.548965454101562,24.889213583050648,24.543293426113667,24.889213583050648,700
2006-09-22,25.382572174072266,25.382572174072266,24.753113397593047,24.753113397593047,3400
2006-09-25,25.195453643798828,26.085772218185916,25.195453643798828,25.393931480160468,2000
2006-09-26,25.195453643798828,25.195453643798828,25.195453643798828,25.195453643798828,0
2006-09-27,25.972341537475586,25.972341537475582,25.093365331397663,25.093365331397663,8200
2006-09-28,26.08576774597168,26.170830897398165,26.085767745971676,26.170830897398165,300
2006-09-29,26.08576774597168,26.085767745971676,26.085767745971676,26.085767745971676,0
2006-10-02,26.08576774597168,26.085767745971676,26.085767745971676,26.085767745971676,0
2006-10-03,26.278575897216797,26.312601590716437,26.085767960543816,26.085767960543816,600
2006-10-04,25.813560485839844,26.477045068411737,25.813560485839844,26.477045068411737,500
2006-10-05,26.19919204711914,26.19919204711914,26.193520015005372,26.193520015005372,300
2006-10-06,26.335268020629883,26.346609911915785,25.836237783517607,25.836237783517607,1000
2006-10-09,26.477054595947266,26.477054595947266,26.386321573461153,26.386321573461153,600
2006-10-10,26.64150619506836,26.65284809214386,25.847592868994457,25.847592868994457,300
2006-10-11,26.59613609313965,26.681197061379596,26.59613609313965,26.652843405299613,500
2006-10-12,26.32393455505371,27.208582889309337,26.323934555053714,27.208582889309337,400
2006-10-13,26.08576774597168,26.085767745971676,26.085767745971676,26.085767745971676,100
2006-10-16,26.573455810546875,26.573455810546875,26.114118733737783,26.114118733737783,200
2006-10-17,25.83056640625,26.652835157590545,25.80221275894404,26.652835157590545,1600
2006-10-18,25.86460304260254,25.864603042602543,25.864603042602543,25.864603042602543,200
2006-10-19,26.204845428466797,26.318262203672163,26.00069566574615,26.00069566574615,1100
2006-10-20,26.28424072265625,26.312596543422966,26.28424072265625,26.312596543422966,600
2006-10-23,26.255887985229492,26.255887985229492,26.142471187924333,26.142471187924333,500
2006-10-24,26.48271942138672,26.590464180259954,26.25588584526429,26.25588584526429,1800
2006-10-25,26.48271942138672,26.48271942138672,26.48271942138672,26.48271942138672,2500
2006-10-26,27.7359676361084,27.7359676361084,26.64149971198169,26.64149971198169,2200
2006-10-27,28.49019432067871,28.53555974574136,27.78701184461943,27.78701184461943,12500
2006-10-30,28.66600799560547,28.921195446904058,28.637654315071664,28.921195446904058,2800
2006-10-31,29.261423110961914,29.32380246168177,29.255753244189936,29.32380246168177,700
2006-11-01,29.261423110961914,29.261423110961914,29.261423110961914,29.261423110961914,0
2006-11-02,28.416467666625977,28.955195777472625,28.416467666625977,28.921170092712902,500
2006-11-03,29.091289520263672,29.505258883785903,28.535549737867594,28.535549737867594,1500
2006-11-06,29.34647560119629,29.556295207515614,29.06293477413159,29.079946531517127,800
2006-11-07,28.26900863647461,28.94950679032956,28.138580166166047,28.745357127848678,3100
2006-11-08,28.60927391052246,29.233062952571498,28.161278821521623,28.161278821521623,3600
2006-11-09,29.170684814453125,29.170684814453125,28.342745968038994,28.342745968038994,400
2006-11-10,28.78506088256836,29.028906142089518,28.78506088256836,29.028906142089518,200
2006-11-13,29.06293487548828,29.454220439434028,28.189628605904602,29.454220439434028,600
2006-11-14,29.06293487548828,29.06293487548828,29.06293487548828,29.06293487548828,0
2006-11-15,30.02130889892578,30.03832282347116,28.977878328698253,28.977878328698253,2200
2006-11-16,29.686723709106445,29.987278456606422,29.340805717437707,29.987278456606422,1400
2006-11-17,29.488245010375977,29.488245010375973,29.488245010375973,29.488245010375973,100
2006-11-20,29.488245010375977,29.488245010375973,29.488245010375973,29.488245010375973,100
2006-11-21,29.488245010375977,29.885202587395373,29.47123325356985,29.48257514585552,4700
2006-11-22,29.885215759277344,29.885215759277347,29.885215759277347,29.885215759277347,200
2006-11-24,29.885215759277344,29.885215759277347,29.885215759277347,29.885215759277347,0
2006-11-27,29.59033203125,29.885214862059467,29.59033203125,29.885214862059467,600
2006-11-28,28.926843643188477,29.85685967587692,28.92684364318848,29.3351432593324,1000
2006-11-29,28.960905075073242,28.960905075073242,28.960905075073242,28.960905075073242,0
2006-11-30,29.102848052978516,29.39240160669322,28.773554360161747,28.773554360161747,500
2006-12-01,29.32994270324707,29.432137799123307,29.32994270324707,29.432137799123307,200
2006-12-04,29.409433364868164,29.812535123004423,29.409433364868164,29.602468345154893,700
2006-12-05,29.409433364868164,29.409433364868164,29.409433364868164,29.409433364868164,0
2006-12-06,29.05173683166504,29.239095180166732,28.50102136605882,29.239095180166732,600
2006-12-07,28.38747787475586,28.387477874755863,28.103603096008303,28.387477874755863,1400
2006-12-08,29.43781852722168,29.704661556147453,28.818971321227227,28.824650030579246,3200
2006-12-11,29.761442184448242,30.079382838331856,29.38672741934669,29.38672741934669,900
2006-12-12,30.090726852416992,30.19292194706598,30.090726852416996,30.090726852416996,1100
2006-12-13,29.93744468688965,29.97151045229134,29.93744468688965,29.97151045229134,200
2006-12-14,30.50519561767578,30.505195617675785,30.505195617675785,30.505195617675785,100
2006-12-15,30.090726852416992,30.482473271376296,30.090726852416996,30.090726852416996,900
2006-12-18,29.66493034362793,29.68764085793989,29.66493034362793,29.68764085793989,400
2006-12-19,29.948793411254883,29.948793411254883,29.948793411254883,29.948793411254883,200
2006-12-20,30.283763885498047,30.283763885498047,29.94879153337456,29.94879153337456,800
2006-12-21,29.823888778686523,29.85227799416101,29.823888778686523,29.85227799416101,200
2006-12-22,29.823888778686523,29.823888778686523,29.823888778686523,29.823888778686523,0
2006-12-26,30.323505401611328,31.044547638103893,29.7273687675043,29.7273687675043,1700
2006-12-27,30.31216049194336,31.08997708628356,29.931769177866734,29.931769177866734,4400
2006-12-28,29.880653381347656,29.920395668548746,29.88065338134766,29.920395668548746,500
2006-12-29,30.317829132080078,30.31782913208008,30.31782913208008,30.31782913208008,100
2007-01-03,30.317829132080078,30.31782913208008,30.31782913208008,30.31782913208008,0
2007-01-04,30.834482192993164,31.640685602075752,30.397314732062355,31.04454894291297,1300
2007-01-05,30.834482192993164,30.834482192993168,30.834482192993168,30.834482192993168,0
2007-01-08,30.999134063720703,31.23191136392625,30.885585851556684,31.23191136392625,700
2007-01-09,30.999134063720703,30.999134063720703,30.999134063720703,30.999134063720703,0
2007-01-10,30.885578155517578,30.885578155517578,30.1247936283063,30.1247936283063,700
2007-01-11,30.885578155517578,30.885578155517578,30.885578155517578,30.885578155517578,0
2007-01-12,30.885578155517578,30.885578155517578,30.885578155517578,30.885578155517578,0
2007-01-16,30.380281448364258,30.431379001191416,30.380281448364258,30.431379001191416,1900
2007-01-17,30.913972854614258,30.913972854614258,30.908294144539244,30.908294144539244,400
2007-01-18,30.913972854614258,30.913972854614258,30.913972854614258,30.913972854614258,0
2007-01-19,30.80042266845703,30.80042266845703,30.414352681100464,30.414352681100464,500
2007-01-22,30.80042266845703,30.80042266845703,30.402997426673114,30.80042266845703,400
2007-01-23,30.374610900878906,30.374610900878903,30.374610900878903,30.374610900878903,200
2007-01-24,29.857955932617188,30.238347180863247,29.857955932617188,30.232670636979,1200
2007-01-25,30.363258361816406,30.363258361816406,30.363258361816406,30.363258361816406,100
2007-01-26,29.886350631713867,29.886350631713867,29.880674086376963,29.880674086376963,300
2007-01-29,29.886350631713867,29.886350631713867,29.886350631713867,29.886350631713867,0
2007-01-30,29.99989891052246,30.368937139359357,29.86363800833533,30.368937139359357,3500
2007-01-31,30.499513626098633,30.658482844088244,30.068022654708038,30.068022654708038,2100
2007-02-01,29.818204879760742,31.0161567066363,29.81820487976074,31.0161567066363,3900
2007-02-02,29.812530517578125,29.97150187818143,29.81253051757813,29.81253051757813,1600
2007-02-05,30.073698043823242,30.073698043823242,29.81253157279978,29.81253157279978,700
2007-02-06,30.073698043823242,30.073698043823242,30.073698043823242,30.073698043823242,0
2007-02-07,30.715234756469727,30.715234756469723,30.715234756469723,30.715234756469723,1400
2007-02-08,30.317829132080078,30.346216178571108,29.85227463909022,29.857951182071297,1400
2007-02-09,30.317829132080078,30.31782913208008,30.31782913208008,30.31782913208008,0
2007-02-12,30.090726852416992,30.2610512882344,30.090726852416996,30.090726852416996,500
2007-02-13,30.317829132080078,30.31782913208008,30.090728428566226,30.090728428566226,800
2007-02-14,30.317829132080078,30.31782913208008,30.31782913208008,30.31782913208008,0
2007-02-15,30.317829132080078,30.31782913208008,30.31782913208008,30.31782913208008,0
2007-02-16,30.204269409179688,30.317819725706617,30.204269409179684,30.317819725706617,400
2007-02-20,29.818204879760742,30.005561094077102,29.54568537161442,29.585427664523724,1800
2007-02-21,28.28528594970703,29.528656840220396,28.256898901810846,29.52298029695833,10200
2007-02-22,28.205801010131836,28.5010310694467,27.893539155442635,27.893539155442635,900
2007-02-23,28.870065689086914,29.205038032703648,28.841678642839963,28.892776192401595,3800
2007-02-26,28.841686248779297,28.84736495900192,28.841686248779297,28.84736495900192,1400
2007-02-27,28.38747787475586,28.387477874755863,28.387477874755863,28.387477874755863,600
2007-02-28,28.36477279663086,28.36477279663086,27.90489695322881,28.279611646197527,600
2007-03-01,28.36477279663086,28.36477279663086,28.36477279663086,28.36477279663086,0
2007-03-02,28.716779708862305,28.73381150612243,28.38748385654567,28.586195377224232,3000
2007-03-05,28.887113571166992,29.09718041358425,28.887113571166992,29.09718041358425,800
2007-03-06,28.313669204711914,28.52941463824897,27.97869688650674,28.52941463824897,3900
2007-03-07,28.523744583129883,28.523744583129883,28.10360887129687,28.313675644316813,1700
2007-03-08,28.472652435302734,28.5237500023175,28.47265243530273,28.5237500023175,200
2007-03-09,29.159624099731445,29.159624099731445,28.523745060445023,28.523745060445023,2900
2007-03-12,29.806854248046875,30.2326664515904,28.779226683809732,29.23910464332217,11600
2007-03-13,29.43170928955078,29.806852667266497,29.43170928955078,29.806852667266497,1400
2007-03-14,29.35211944580078,29.35211944580078,29.31801689880011,29.31801689880011,2700
2007-03-15,29.03952407836914,29.141836139059187,29.039524078369144,29.141836139059187,200
2007-03-16,29.03952407836914,29.039524078369144,29.039524078369144,29.039524078369144,0
2007-03-19,29.107717514038086,29.10771751403809,28.999722465157543,28.999722465157543,300
2007-03-20,29.11338996887207,29.11338996887207,29.11338996887207,29.11338996887207,300
2007-03-21,29.11338996887207,29.11338996887207,29.11338996887207,29.11338996887207,0
2007-03-22,29.27256202697754,29.27256202697754,29.27256202697754,29.27256202697754,300
2007-03-23,28.99404525756836,29.113410749885638,28.99404525756836,29.113410749885638,200
2007-03-26,28.6075382232666,29.045203782513962,28.493857927969206,29.011101211714642,2100
2007-03-27,28.72688865661621,28.732571693106802,28.72688865661621,28.72688865661621,900
2007-03-28,28.72688865661621,28.72688865661621,28.72688865661621,28.72688865661621,0
2007-03-29,28.72688865661621,28.72688865661621,28.72688865661621,28.72688865661621,0
2007-03-30,28.6075382232666,28.664377286779658,28.232392598303804,28.294916869130937,700
2007-04-02,28.164186477661133,28.164186477661133,28.164186477661133,28.164186477661133,300
2007-04-03,27.851560592651367,28.164179716669814,27.851560592651367,28.164179716669814,1800
2007-04-04,27.948196411132812,28.19260831744624,27.891357340568945,27.891357340568945,1100
2007-04-05,27.851560592651367,27.87429708086711,27.851560592651367,27.87429708086711,200
2007-04-09,27.31159019470215,27.789045767964115,27.31159019470215,27.754943192334284,1000
2007-04-10,27.283164978027344,27.283164978027344,27.283164978027344,27.283164978027344,200
2007-04-11,27.34000015258789,27.34000015258789,27.2888441387928,27.2888441387928,700
2007-04-12,27.351369857788086,27.351369857788086,26.731814621291136,26.99896294852323,700
2007-04-13,27.8402042388916,27.845889447509077,27.663999632370185,27.663999632370185,800
2007-04-16,27.527572631835938,27.845876955190416,27.527572631835934,27.845876955190416,200
2007-04-17,27.527572631835938,27.527572631835934,27.527572631835934,27.527572631835934,0
2007-04-18,27.573026657104492,28.317629914915017,27.573026657104492,27.618499604880476,1400
2007-04-19,27.59010124206543,27.624203810764573,27.590101242065426,27.590101242065426,300
2007-04-20,27.243377685546875,27.243377685546875,27.243377685546875,27.243377685546875,200
2007-04-23,27.567365646362305,27.567365646362305,27.567365646362305,27.567365646362305,1300
2007-04-24,27.567365646362305,27.567365646362305,27.567365646362305,27.567365646362305,0
2007-04-25,27.567365646362305,27.567365646362305,27.567365646362305,27.567365646362305,0
2007-04-26,27.567365646362305,27.567365646362305,27.567365646362305,27.567365646362305,200
2007-04-27,27.567365646362305,27.567365646362305,27.567365646362305,27.567365646362305,0
2007-04-30,27.402530670166016,27.425267163329025,27.186540489931424,27.425267163329025,1200
2007-05-01,27.5502986907959,27.584401241205374,27.5502986907959,27.584401241205374,300
2007-05-02,26.936450958251953,26.936450958251953,26.936450958251953,26.936450958251953,200
2007-05-03,27.141063690185547,27.14106369018555,27.14106369018555,27.14106369018555,500
2007-05-04,26.726131439208984,27.840193383963737,26.726131439208984,27.14106260735935,3100
2007-05-07,27.5502986907959,27.555981726440812,26.8568512555367,26.99326796198457,1300
2007-05-08,27.08990478515625,27.44799687505195,27.08990478515625,27.266109311228597,400
2007-05-09,27.573026657104492,27.79470402510817,27.243356458806588,27.243356458806588,4700
2007-05-10,27.71514129638672,27.715141296386715,27.709458258988064,27.709458258988064,1300
2007-05-11,27.828821182250977,27.85155766807926,27.311578055146047,27.85155766807926,1800
2007-05-14,27.874296188354492,28.095971520682962,27.868610982347164,28.095971520682962,600
2007-05-15,27.874296188354492,27.874296188354492,27.874296188354492,27.874296188354492,0
2007-05-16,27.99366569519043,27.99366569519043,27.99366569519043,27.99366569519043,1100
2007-05-17,28.05051040649414,28.050510406494144,27.99367133201194,27.99367133201194,200
2007-05-18,27.936824798583984,28.084607653743706,27.936824798583984,28.084607653743706,1600
2007-05-21,27.931140899658203,27.931140899658203,27.931140899658203,27.931140899658203,100
2007-05-22,27.931140899658203,27.931140899658203,27.931140899658203,27.931140899658203,0
2007-05-23,27.7094669342041,27.80041073894961,27.7094669342041,27.7094669342041,500
2007-05-24,27.845874786376953,27.845874786376953,27.72082628189319,27.732194524870863,400
2007-05-25,27.845874786376953,27.845874786376953,27.845874786376953,27.845874786376953,0
2007-05-29,27.851560592651367,27.851560592651367,27.851560592651367,27.851560592651367,100
2007-05-30,27.885711669921875,27.88571166992188,27.732055447147495,27.88571166992188,400
2007-05-31,27.885711669921875,27.88571166992188,27.88571166992188,27.88571166992188,0
2007-06-01,27.942615509033203,27.942615509033207,27.885706771748243,27.885706771748243,300
2007-06-04,28.11335563659668,28.60846876655727,27.993843774112477,27.993843774112477,6200
2007-06-05,28.11335563659668,28.113355636596683,28.113355636596683,28.113355636596683,0
2007-06-06,28.11335563659668,28.113355636596683,28.113355636596683,28.113355636596683,0
2007-06-07,27.948307037353516,28.13610760278317,27.902778311837764,28.13610760278317,1000
2007-06-08,27.948307037353516,27.948307037353512,27.948307037353512,27.948307037353512,0
2007-06-11,27.948307037353516,27.948307037353512,27.948307037353512,27.948307037353512,0
2007-06-12,27.885711669921875,27.88571166992188,27.88571166992188,27.88571166992188,500
2007-06-13,27.885711669921875,27.88571166992188,27.88571166992188,27.88571166992188,0
2007-06-14,27.885711669921875,27.88571166992188,27.88571166992188,27.88571166992188,0
2007-06-15,27.89141082763672,27.89141082763672,27.89141082763672,27.89141082763672,200
2007-06-18,27.885711669921875,27.88571166992188,27.828802922640797,27.828802922640797,200
2007-06-19,27.936922073364258,27.936922073364258,27.936922073364258,27.936922073364258,400
2007-06-20,28.022296905517578,28.449119041235114,27.90847723514031,28.016604727987414,3500
2007-06-21,28.170257568359375,28.77350022913559,28.170257568359375,28.278385048198295,1700
2007-06-22,28.170257568359375,28.591389646812463,28.170257568359375,28.591389646812463,800
2007-06-25,28.44342613220215,28.56862798349019,28.284079900329793,28.284079900329793,1000
2007-06-26,28.312536239624023,28.31253623962402,28.31253623962402,28.31253623962402,1800
2007-06-27,28.312536239624023,28.31253623962402,28.31253623962402,28.31253623962402,300
2007-06-28,28.312536239624023,28.31253623962402,28.31253623962402,28.31253623962402,0
2007-06-29,28.784887313842773,28.784887313842773,28.76212294444336,28.76212294444336,200
2007-07-02,28.784887313842773,28.784887313842773,28.784887313842773,28.784887313842773,0
2007-07-03,28.340999603271484,28.78489626081375,28.33530959461793,28.78489626081375,300
2007-07-05,28.170257568359375,28.73366367493549,28.170257568359375,28.73366367493549,3300
2007-07-06,28.170257568359375,28.170257568359375,28.170257568359375,28.170257568359375,400
2007-07-09,27.885711669921875,27.93693041084667,27.88571166992188,27.88571166992188,2200
2007-07-10,27.885711669921875,27.925548227204544,27.771892004430164,27.925548227204544,2200
2007-07-11,27.31661033630371,27.828797648481064,27.31661033630371,27.732050191323502,3500
2007-07-12,27.157264709472656,27.34506528060783,27.157264709472653,27.34506528060783,1200
2007-07-13,27.157264709472656,27.157264709472653,27.157264709472653,27.157264709472653,0
2007-07-16,27.157264709472656,27.157264709472653,27.157264709472653,27.157264709472653,0
2007-07-17,27.493040084838867,27.652386337045165,27.493040084838867,27.652386337045165,300
2007-07-18,27.032068252563477,27.259707590430594,27.032068252563477,27.259707590430594,400
2007-07-19,27.032068252563477,27.032068252563477,27.032068252563477,27.032068252563477,0
2007-07-20,27.032068252563477,27.032068252563477,27.032068252563477,27.032068252563477,100
2007-07-23,27.032068252563477,27.032068252563477,27.032068252563477,27.032068252563477,0
2007-07-24,27.032068252563477,27.05483262053611,27.032068252563477,27.05483262053611,500
2007-07-25,27.032068252563477,27.032068252563477,27.032068252563477,27.032068252563477,0
2007-07-26,27.032068252563477,27.032068252563477,27.032068252563477,27.032068252563477,0
2007-07-27,26.753204345703125,26.997915820789757,26.753204345703125,26.997915820789757,1000
2007-07-30,26.753204345703125,26.753204345703125,26.753204345703125,26.753204345703125,0
2007-07-31,27.003602981567383,27.00360298156738,26.741819368305862,26.747509372538183,2800
2007-08-01,26.297931671142578,26.29793167114258,26.29793167114258,26.29793167114258,100
2007-08-02,26.29224967956543,26.320704060580034,26.1784299845769,26.320704060580034,4300
2007-08-03,26.29224967956543,26.29224967956543,26.29224967956543,26.29224967956543,1000
2007-08-06,25.7686767578125,25.768676757812496,25.768676757812496,25.768676757812496,200
2007-08-07,25.615020751953125,25.615020751953125,25.615020751953125,25.615020751953125,100
2007-08-08,26.04184341430664,26.04184341430664,26.04184341430664,26.04184341430664,100
2007-08-09,26.04184341430664,26.04184341430664,26.04184341430664,26.04184341430664,0
2007-08-10,24.75568199157715,25.068684433146828,24.49389828924102,25.068684433146828,1500
2007-08-13,24.471132278442383,24.86949998227731,24.471132278442383,24.641860674106113,2800
2007-08-14,24.186586380004883,24.186586380004883,24.186586380004883,24.186586380004883,800
2007-08-15,24.186586380004883,24.186586380004883,24.186586380004883,24.186586380004883,0
2007-08-16,23.503671646118164,23.6174913155598,23.475217271490163,23.6174913155598,1800
2007-08-17,22.769529342651367,26.17841523872941,22.76952934265137,23.38984405144972,1500
2007-08-20,23.33293914794922,23.33293914794922,23.33293914794922,23.33293914794922,200
2007-08-21,23.361392974853516,23.503666990742918,23.35001079307086,23.35570296942679,600
2007-08-22,23.395545959472656,23.799603754786354,23.338635034895503,23.799603754786354,1200
2007-08-23,23.395545959472656,23.395545959472656,23.395545959472656,23.395545959472656,0
2007-08-24,23.509361267089844,24.04431083308424,23.418305975624218,24.04431083308424,600
2007-08-27,23.41830062866211,23.41830062866211,23.41830062866211,23.41830062866211,200
2007-08-28,23.33293914794922,23.389847887255446,23.33293914794922,23.36139351760233,1100
2007-08-29,23.33294677734375,23.35004616552963,23.33294677734375,23.35004616552963,2200
2007-08-30,23.338645935058594,23.714799841504536,23.332945414625677,23.332945414625677,900
2007-08-31,23.38422966003418,23.384229660034176,23.384229660034176,23.384229660034176,100
2007-09-04,23.68630599975586,23.68630599975586,23.68630599975586,23.68630599975586,300
2007-09-05,23.40133285522461,23.452626655937927,23.40133285522461,23.452626655937927,200
2007-09-06,23.40133285522461,23.40133285522461,23.40133285522461,23.40133285522461,0
2007-09-07,22.1873836517334,23.38423624480119,21.651650027294618,23.38423624480119,14500
2007-09-10,21.742828369140625,22.170275829812248,21.742828369140625,22.170275829812248,700
2007-09-11,21.611751556396484,21.657347014737688,21.611751556396484,21.657347014737688,400
2007-09-12,21.799835205078125,21.94231778811785,21.6573526220384,21.799835205078125,3700
2007-09-13,22.227277755737305,22.637628194635724,22.210180545486928,22.227277755737305,8100
2007-09-14,22.28426742553711,22.683218955157944,22.227275281638818,22.227275281638818,400
2007-09-17,22.084800720214844,22.318472073128778,22.084800720214844,22.318472073128778,400
2007-09-18,22.483745574951172,22.483745574951172,22.198780490792377,22.215877700126367,600
2007-09-19,22.683218002319336,22.683218002319336,22.666120794690222,22.671819139196316,600
2007-09-20,22.552133560180664,22.59772901110103,22.369756104720718,22.59772901110103,800
2007-09-21,23.05367088317871,23.811676716703357,23.05367088317871,23.811676716703357,500
2007-09-24,23.065074920654297,23.065074920654297,22.87129857383121,22.87129857383121,600
2007-09-25,22.580638885498047,22.580638885498047,22.449555171538407,22.449555171538407,600
2007-09-26,22.369760513305664,22.466647604439604,22.369760513305664,22.466647604439604,1200
2007-09-27,22.369760513305664,22.369760513305664,22.369760513305664,22.369760513305664,0
2007-09-28,22.364049911499023,22.36404991149902,22.36404991149902,22.36404991149902,100
2007-10-01,22.16459083557129,22.16459083557129,22.16459083557129,22.16459083557129,200
2007-10-02,22.227277755737305,22.227277755737305,21.86822112170119,22.08479520602104,400
2007-10-03,22.227277755737305,22.227277755737305,22.227277755737305,22.227277755737305,0
2007-10-04,22.227277755737305,22.227277755737305,22.227277755737305,22.227277755737305,100
2007-10-05,22.06770133972168,22.067701339721683,21.628854759203183,21.65735083864225,3700
2007-10-08,22.11329460144043,22.22728109315068,21.83972832580272,22.22728109315068,2800
2007-10-09,22.74022102355957,22.774415451908425,22.22158451052247,22.22158451052247,5400
2007-10-10,22.352664947509766,22.7972098437472,22.34696442754647,22.7972098437472,1300
2007-10-11,23.86298179626465,23.93137499975738,22.94539363679763,22.94539363679763,300
2007-10-12,23.663503646850586,23.931371553341734,23.652104781243377,23.931371553341734,1000
2007-10-15,23.663503646850586,23.663503646850586,23.663503646850586,23.663503646850586,0
2007-10-16,23.766096115112305,23.766096115112305,23.766096115112305,23.766096115112305,100
2007-10-17,23.70909309387207,23.783184621259128,23.70909309387207,23.771785757498737,900
2007-10-18,23.931381225585938,23.937079573636964,23.931381225585938,23.937079573636964,200
2007-10-19,24.051048278808594,24.0567466226369,23.92566297348001,23.92566297348001,800
2007-10-22,23.275951385498047,23.275951385498047,23.275951385498047,23.275951385498047,100
2007-10-23,23.275951385498047,23.275951385498047,23.275951385498047,23.275951385498047,0
2007-10-24,21.657344818115234,22.84280052541688,21.657344818115234,22.84280052541688,2000
2007-10-25,21.657344818115234,21.657344818115234,21.657344818115234,21.657344818115234,1800
2007-10-26,22.10759162902832,22.22727644192898,22.10759162902832,22.22727644192898,500
2007-10-29,22.170286178588867,22.170286178588867,22.170286178588867,22.170286178588867,500
2007-10-30,22.170286178588867,22.170286178588867,22.170286178588867,22.170286178588867,0
2007-10-31,22.512239456176758,22.512239456176758,22.512239456176758,22.512239456176758,200
2007-11-01,21.851116180419922,21.86251504125759,21.851116180419922,21.86251504125759,300
2007-11-02,22.227277755737305,22.227277755737305,22.227277755737305,22.227277755737305,100
2007-11-05,21.82832908630371,21.82832908630371,21.82832908630371,21.82832908630371,200
2007-11-06,22.87129783630371,22.93968884647379,22.569233374339746,22.580632238386595,5400
2007-11-07,22.87129783630371,23.42982912993323,22.62052717549506,22.87699618127163,20100
2007-11-08,22.512239456176758,23.327239691430506,22.232972744288833,22.791506168064686,5100
2007-11-09,22.221576690673828,22.791506819785525,22.084792503078223,22.791506819785525,1200
2007-11-12,22.78581428527832,22.785814285278317,22.25577890554799,22.60913510066432,800
2007-11-13,22.78581428527832,22.785814285278317,22.785814285278317,22.785814285278317,0
2007-11-14,22.232980728149414,22.79721269906027,22.232980728149414,22.79721269906027,400
2007-11-15,22.232980728149414,22.232980728149414,22.232980728149414,22.232980728149414,0
2007-11-16,22.512239456176758,22.512239456176758,22.512239456176758,22.512239456176758,100
2007-11-19,22.79720115661621,22.79720115661621,22.79720115661621,22.79720115661621,100
2007-11-20,22.79720115661621,23.304438534493237,22.36405529124913,22.791502812935686,2000
2007-11-21,22.79720115661621,22.79720115661621,22.791502812935686,22.791502812935686,1200
2007-11-23,22.324159622192383,22.79720262013327,22.324159622192383,22.79720262013327,600
2007-11-26,22.312761306762695,22.312761306762695,21.942305921559694,22.28426306627746,300
2007-11-27,21.725738525390625,21.725738525390625,21.668746375270818,21.680145240117014,1000
2007-11-28,21.241300582885742,21.942314526340397,21.08741915518428,21.65734940262169,2400
2007-11-29,21.60663604736328,21.60663604736328,21.121415217467987,21.13283245998058,1100
2007-11-30,21.60663604736328,21.60663604736328,21.60663604736328,21.60663604736328,0
2007-12-03,21.12141990661621,21.17850395423601,21.087168171474236,21.144254396710863,3000
2007-12-04,21.08146095275879,21.08146095275879,21.075751241341393,21.075751241341393,900
2007-12-05,21.12141990661621,21.12141990661621,21.12141990661621,21.12141990661621,200
2007-12-06,20.698991775512695,21.635186326255596,20.265147326119074,21.144255648246393,5400
2007-12-07,21.26983070373535,21.344041676217277,20.32222154342369,20.362180795310284,1700
2007-12-10,21.7664794921875,22.183199125554633,21.7664794921875,21.869232517140137,2700
2007-12-11,21.709394454956055,21.709394454956055,21.68656214186517,21.69226967573367,61300
2007-12-12,21.669435501098633,21.669435501098633,21.669435501098633,21.669435501098633,100
2007-12-13,21.669435501098633,21.669435501098633,21.669435501098633,21.669435501098633,0
2007-12-14,20.464923858642578,21.281237627369325,20.27083522458975,21.281237627369325,2400
2007-12-17,21.549560546875,21.549560546875,20.436404003632187,21.298387644972827,1200
2007-12-18,21.61235237121582,21.61235237121582,20.77320329948372,20.77320329948372,500
2007-12-19,21.589513778686523,21.595223489413822,21.589513778686523,21.595223489413822,200
2007-12-20,21.161378860473633,21.161378860473633,21.132836837088597,21.132836837088597,300
2007-12-21,20.561983108520508,21.521009689817735,20.561983108520508,21.521009689817735,500
2007-12-24,21.40684700012207,21.40684700012207,21.23559265964451,21.23559265964451,600
2007-12-26,21.521007537841797,21.521007537841797,21.423962076372824,21.423962076372824,500
2007-12-27,21.692264556884766,21.692264556884766,21.406840023241546,21.692264556884766,1400
2007-12-28,21.429683685302734,21.69227384607443,21.429683685302734,21.69227384607443,300
2007-12-31,21.91489601135254,21.91489601135254,21.463924711849906,21.463924711849906,500
2008-01-02,21.81215476989746,22.034785684605705,21.435394257864065,22.034785684605705,3100
2008-01-03,21.435380935668945,21.43538093566894,21.43538093566894,21.43538093566894,700
2008-01-04,21.435380935668945,21.817850923387557,21.43538093566894,21.817850923387557,1800
2008-01-07,21.435380935668945,21.43538093566894,21.43538093566894,21.43538093566894,0
2008-01-08,21.435380935668945,21.43538093566894,21.43538093566894,21.43538093566894,300
2008-01-09,21.435380935668945,21.43538093566894,21.43538093566894,21.43538093566894,0
2008-01-10,21.435380935668945,21.43538093566894,21.43538093566894,21.43538093566894,0
2008-01-11,21.45822525024414,21.812151206117758,21.45822525024414,21.812151206117758,500
2008-01-14,21.840694427490234,21.840694427490234,21.435391925450194,21.583813970850766,600
2008-01-15,21.692264556884766,21.697972089406427,21.635180521202674,21.635180521202674,2300
2008-01-16,21.229883193969727,21.44109898803924,21.229883193969723,21.44109898803924,300
2008-01-17,20.95016860961914,21.686564689320377,20.950168609619144,21.686564689320377,1800
2008-01-18,20.693283081054688,20.87024711341404,20.436400510732017,20.87024711341404,2100
2008-01-22,20.556283950805664,20.556283950805664,20.407864079289773,20.407864079289773,700
2008-01-23,20.556283950805664,20.556283950805664,20.556283950805664,20.556283950805664,0
2008-01-24,21.46392250061035,21.829267706346815,20.83598944323071,21.829267706346815,3300
2008-01-25,21.40684700012207,21.834983940124513,20.84170528116733,21.834983940124513,2500
2008-01-28,21.401134490966797,21.846396108229147,21.401134490966797,21.846396108229147,9600
2008-01-29,21.401134490966797,21.401134490966797,21.401134490966797,21.401134490966797,0
2008-01-30,21.760772705078125,21.760772705078125,21.760772705078125,21.760772705078125,200
2008-01-31,22.22886085510254,22.26311258147744,22.211736080723227,22.217443612977572,12000
2008-02-01,21.709394454956055,22.263118877726658,21.69226967573367,22.263118877726658,5200
2008-02-04,21.852108001708984,21.97769553014727,21.852108001708984,21.97769553014727,500
2008-02-05,22.263120651245117,22.263120651245117,22.257413116921946,22.263120651245117,2800
2008-02-06,22.30879020690918,22.325914987933768,22.30879020690918,22.30879020690918,400
2008-02-07,22.725509643554688,23.102270065049456,21.994821115794302,21.994821115794302,800
2008-02-08,22.382993698120117,23.10797234913954,22.377286165013896,23.10797234913954,7800
2008-02-11,22.919599533081055,22.97668359020861,21.97769734715606,22.97668359020861,4600
2008-02-12,22.976682662963867,22.976682662963867,22.12611630933865,22.12611630933865,4400
2008-02-13,22.976682662963867,22.976682662963867,22.976682662963867,22.976682662963867,0
2008-02-14,23.233562469482422,23.347732743010503,22.26311841091899,22.577085029908584,7100
2008-02-15,24.472307205200195,24.557935465382567,23.06231101154819,23.119395066591693,2100
2008-02-19,25.796669006347656,25.79666900634766,22.337324993313715,22.833963080583818,6400
2008-02-20,26.367523193359375,26.367523193359375,24.546515068715344,25.516959123234432,13600
2008-02-21,25.574047088623047,25.802387669706935,25.134492885487717,25.482711291712924,12900
2008-02-22,25.859458923339844,26.253346121818016,25.5454924130049,25.57403442710515,4400
2008-02-25,26.90411949157715,27.16670956274608,26.259059379691223,26.447440633540612,11900
2008-02-26,27.252328872680664,27.366496916572608,26.34467898699827,27.30370536347838,8500
2008-02-27,27.903100967407227,28.040103514019112,26.772820158586235,27.3722111996497,2100
2008-02-28,27.965892791748047,28.097187797258517,26.57301987176275,27.97730785516977,600
2008-02-29,27.766101837158203,28.114320161177236,27.1438761870955,27.1438761870955,1500
2008-03-03,27.766101837158203,27.766101837158203,26.978329413772247,26.978329413772247,1800
2008-03-04,26.73287010192871,27.543474951621853,26.270481448332433,27.400762646173035,2700
2008-03-05,26.32185935974121,27.115339471650785,26.32185935974121,27.115339471650785,3200
2008-03-06,26.333274841308594,26.88699709789367,26.333274841308594,26.88699709789367,3100
2008-03-07,25.65395736694336,26.761405997215974,25.02602423785702,25.11736000531715,3200
2008-03-10,25.899425506591797,26.54448566032815,25.33999359699996,26.54448566032815,2800
2008-03-11,26.52735710144043,26.527357101440433,25.97363280416279,25.97363280416279,2300
2008-03-12,25.408489227294922,27.400753289180205,25.408489227294922,26.544479748893323,1600
2008-03-13,26.15176010131836,26.174628368639585,26.14032487713475,26.174628368639585,1000
2008-03-14,26.300432205200195,26.300432205200195,26.271845215099702,26.300432205200195,1000
2008-03-17,26.077442169189453,26.30042367310261,26.077442169189453,26.30042367310261,400
2008-03-18,26.014543533325195,26.786402743763567,26.014543533325195,26.786402743763567,6400
2008-03-19,25.9859676361084,26.0145546225611,25.814443536344918,26.0145546225611,1900
2008-03-20,25.385623931884766,26.300420286834296,25.38562393188477,26.300420286834296,800
2008-03-24,27.43819236755371,27.43819236755371,25.44279053242886,25.44279053242886,1000
2008-03-25,27.39818572998047,28.15289571954664,25.391349553020678,27.352446986367347,2900
2008-03-26,26.414779663085938,27.44392646948205,26.020271824216852,26.020271824216852,1700
2008-03-27,27.861295700073242,28.015668010017315,27.29526607799174,27.312417829858823,9400
2008-03-28,28.015670776367188,28.015670776367184,27.729796584771602,27.729796584771602,2600
2008-03-31,28.015670776367188,28.015670776367184,28.015670776367184,28.015670776367184,400
2008-04-01,27.68977165222168,28.587416351164503,27.68977165222168,28.587416351164503,2500
2008-04-02,28.444482803344727,28.587419902859025,28.375873606271043,28.575984673172233,5300
2008-04-03,28.301538467407227,28.575977366577717,28.301538467407227,28.575977366577717,1000
2008-04-04,28.587413787841797,28.587413787841797,28.30153964996338,28.575978560601072,700
2008-04-07,28.587413787841797,28.587413787841797,28.587413787841797,28.587413787841797,300
2008-04-08,27.575429916381836,28.570273266876363,27.575429916381836,28.570273266876363,500
2008-04-09,28.31869125366211,28.358713458274117,27.7297912306169,27.7297912306169,700
2008-04-10,28.58170509338379,28.587421618046637,27.47251173873338,27.735515494168087,1500
2008-04-11,28.364423751831055,28.58168864176375,27.45534418040149,27.45534418040149,1600
2008-04-14,27.769834518432617,28.301560990310183,27.769834518432617,28.301560990310183,700
2008-04-15,28.587413787841797,28.587413787841797,28.28438789962558,28.28438789962558,700
2008-04-16,28.021390914916992,28.021390914916992,28.021390914916992,28.021390914916992,500
2008-04-17,28.290096282958984,28.290096282958984,28.021373972736452,28.021373972736452,800
2008-04-18,28.290096282958984,28.290096282958984,28.290096282958984,28.290096282958984,0
2008-04-21,28.13002586364746,28.570272458282236,28.118590632235826,28.30154997272724,700
2008-04-22,28.535964965820312,28.587422413406333,27.049419872742078,28.52452973512928,1800
2008-04-23,28.535964965820312,28.535964965820312,28.535964965820312,28.535964965820312,0
2008-04-24,28.004236221313477,28.00423622131348,27.96421400801013,27.96421400801013,800
2008-04-25,28.387298583984375,28.478778207394097,28.278665031716027,28.478778207394097,500
2008-04-28,28.387298583984375,28.38729858398438,28.38729858398438,28.38729858398438,0
2008-04-29,28.587413787841797,29.090552881200857,28.084274694482737,28.084274694482737,2500
2008-04-30,28.58170509338379,28.65031429457389,28.524528941519385,28.524528941519385,1700
2008-05-01,28.587413787841797,28.587413787841797,28.587413787841797,28.587413787841797,200
2008-05-02,28.4502010345459,28.58742161797293,27.73551549409658,27.73551549409658,2400
2008-05-05,28.427326202392578,28.45019447682,28.427326202392578,28.45019447682,400
2008-05-06,28.170042037963867,28.45591621876596,27.94134182090343,28.45591621876596,1800
2008-05-07,27.872732162475586,28.410174828226445,27.46679135597078,28.181476796034257,2000
2008-05-08,27.43819236755371,28.021373512122683,27.312407087211504,28.021373512122683,1300
2008-05-09,26.76354217529297,28.30154451635858,26.763542175292965,28.30154451635858,800
2008-05-12,26.76354217529297,26.763542175292965,26.763542175292965,26.763542175292965,0
2008-05-13,26.506256103515625,27.44963965241553,26.30614285541173,27.44963965241553,1100
2008-05-14,27.15804672241211,27.432485669670857,26.586298370361327,26.872172546386718,2300
2008-05-15,27.718355178833008,27.71835517883301,27.71835517883301,27.71835517883301,200
2008-05-16,25.591445922851562,25.591445922851566,25.591445922851566,25.591445922851566,200
2008-05-19,27.72978973388672,28.581695574031514,27.724073211127802,27.924184223386753,700
2008-05-20,27.37531280517578,27.987083391930465,27.289549676508617,27.981364686794272,600
2008-05-21,27.72978973388672,28.37586585796719,27.17519324127412,28.37586585796719,1100
2008-05-22,28.507375717163086,28.507375717163082,27.44392333881642,27.72408101589421,800
2008-05-23,27.746946334838867,28.158605838947295,27.746946334838864,28.158605838947295,400
2008-05-27,28.58170509338379,28.587421618046637,28.15289376911309,28.15861029377594,1800
2008-05-28,28.58170509338379,28.587421618046637,27.546839645633515,27.546839645633515,800
2008-05-29,28.066415786743164,28.62751481502493,28.054964518724432,28.43857216887486,3400
2008-05-30,27.636987686157227,28.604596362209488,27.499574730500683,27.95188973707679,2700
2008-06-02,28.478639602661133,28.610325848159615,27.511028649055923,28.066402879984118,2400
2008-06-03,28.564529418945312,28.570256144102714,28.04923554416997,28.04923554416997,1000
2008-06-04,27.631263732910156,28.37558052582394,27.516755473174236,27.934716736704484,5600
2008-06-05,28.5358943939209,28.55879691995729,28.158011450740815,28.158011450740815,1800
2008-06-06,28.198089599609375,28.564521277436825,27.997697958330324,28.467188818559883,2000
2008-06-09,28.564529418945312,28.564529418945312,28.564529418945312,28.564529418945312,200
2008-06-10,28.32976531982422,28.56451066270633,28.283962469168923,28.56451066270633,2400
2008-06-11,28.112199783325195,28.61031977892655,27.48812029237457,28.398474739098788,4400
2008-06-12,28.27825927734375,28.335515618434655,28.27825927734375,28.32978889227252,400
2008-06-13,28.054954528808594,28.341229575020925,28.054954528808594,28.135111192291202,1800
2008-06-16,28.054954528808594,28.054954528808594,28.054954528808594,28.054954528808594,500
2008-06-17,27.79730224609375,27.84883183379703,27.79730224609375,27.84883183379703,6500
2008-06-18,27.825942993164062,27.825942993164062,27.797315915719,27.797315915719,300
2008-06-19,27.825942993164062,27.825942993164062,27.791591373872393,27.791591373872393,900
2008-06-20,27.854568481445312,27.854568481445312,27.79731215020531,27.825939223772455,2400
2008-06-23,27.001461029052734,27.625540688446087,26.97855850222422,27.48240317192564,1000
2008-06-24,27.596923828125,27.596923828124996,27.596923828124996,27.596923828124996,600
2008-06-25,27.51676368713379,27.59692036651832,27.51676368713379,27.59692036651832,1200
2008-06-26,27.596923828125,27.596923828124996,27.59119710224737,27.596923828124996,600
2008-06-27,27.596923828125,27.596923828124996,27.5682967510548,27.5682967510548,900
2008-06-30,27.7686767578125,27.7686767578125,26.48616371562071,27.596912183760445,800
2008-07-01,27.585466384887695,27.77440679853749,27.579739660292116,27.768682258047402,3400
2008-07-02,27.482404708862305,27.911817282438275,27.47668016888762,27.848836422190285,11800
2008-07-03,27.7686767578125,27.7686767578125,27.7686767578125,27.7686767578125,1300
2008-07-07,26.629297256469727,27.482397644352584,26.629297256469723,27.18467140777953,1100
2008-07-08,27.482404708862305,27.482404708862305,26.635030825765018,27.482404708862305,1900
2008-07-09,26.623577117919922,27.052989652079923,24.190239424346597,27.052989652079923,2700
2008-07-10,25.99378776550293,26.04531738635325,22.764601832393414,23.984134736446773,5700
2008-07-11,24.047101974487305,25.169299542444822,23.909689002198277,25.169299542444822,1900
2008-07-14,24.58530044555664,24.61965423774768,22.902003942090868,24.04710413919541,2500
2008-07-15,25.140676498413086,25.18648155787143,23.47455568246116,24.05283036143734,5600
2008-07-16,24.047101974487305,25.19220206851051,24.047101974487305,25.19220206851051,300
2008-07-17,24.734159469604492,25.18647447610213,24.62537357603136,25.16929649158252,2700
2008-07-18,25.19219970703125,25.764749700372867,25.15784592115299,25.186475168103986,3400
2008-07-21,24.299022674560547,25.192201514535537,24.299022674560547,25.192201514535537,600
2008-07-22,25.112043380737305,25.741847507879843,25.112043380737305,25.186475492379397,1300
2008-07-23,25.07769203186035,25.1922024799539,24.121534486105297,24.121534486105297,2200
2008-07-24,25.764751434326172,25.764751434326172,25.106318024029154,25.106318024029154,1900
2008-07-25,25.764751434326172,25.764751434326172,24.52804345284272,25.724673106823403,1100
2008-07-28,25.764751434326172,25.764751434326172,25.741848908866007,25.741848908866007,600
2008-07-29,25.764751434326172,25.764751434326172,25.764751434326172,25.764751434326172,300
2008-07-30,25.764751434326172,25.764751434326172,25.335338910420738,25.335338910420738,400
2008-07-31,25.764751434326172,25.764751434326172,25.701770581363235,25.701770581363235,200
2008-08-01,26.42889976501465,26.45752681936839,26.428899765014652,26.45752681936839,300
2008-08-04,26.33730697631836,26.33730697631836,25.192206673000168,25.192206673000168,300
2008-08-05,27.648447036743164,27.74005497261376,26.325855415012537,26.325855415012537,2500
2008-08-06,28.33549690246582,28.33549690246582,28.33549690246582,28.33549690246582,200
2008-08-07,28.054954528808594,28.341229575020925,28.054954528808594,28.341229575020925,1000
2008-08-08,28.054954528808594,28.054954528808594,27.482404436383927,27.482404436383927,300
2008-08-11,28.054954528808594,28.054954528808594,27.482404436383927,27.482404436383927,600
2008-08-12,27.19613265991211,28.05495790180407,27.19613265991211,28.049233361197892,1200
2008-08-13,27.482404708862305,27.482404708862305,25.810559470777054,25.810559470777054,1900
2008-08-14,27.688528060913086,27.68852806091309,27.68852806091309,27.68852806091309,200
2008-08-15,28.04350471496582,28.04350471496582,28.04350471496582,28.04350471496582,200
2008-08-18,26.33730697631836,26.36020950657004,26.33730697631836,26.36020950657004,200
2008-08-19,26.051021575927734,26.337296538300563,25.77047115179632,26.337296538300563,600
2008-08-20,25.95941734313965,25.95941734313965,24.407807352036976,24.44215895454829,4000
2008-08-21,26.583494186401367,26.583494186401364,26.583494186401364,26.583494186401364,300
2008-08-22,26.629297256469727,26.629297256469723,26.056747305545713,26.056747305545713,1500
2008-08-25,27.436609268188477,28.04924009723881,27.356452575819105,27.768689489839947,1800
2008-08-26,26.451826095581055,27.190416556991657,24.734175078778467,25.31244996009527,1000
2008-08-27,24.519392013549805,27.042436132073846,24.35883541620686,25.809584581277413,2600
2008-08-28,24.943716049194336,26.950681708324915,24.370297289442743,24.966653324564955,6900
2008-08-29,24.771692276000977,24.89784292291881,24.657008080005504,24.89784292291881,500
2008-09-02,25.05840301513672,26.090556459569928,24.995326594588047,25.815315686882354,4500
2008-09-03,25.901338577270508,26.09056792205147,25.241907953231205,26.09056792205147,2200
2008-09-04,26.073354721069336,26.07335472106934,24.943718933750617,24.943718933750617,3000
2008-09-05,26.084829330444336,26.084829330444336,26.021752895153206,26.084829330444336,1200
2008-09-08,26.084829330444336,26.084829330444336,26.084829330444336,26.084829330444336,0
2008-09-09,26.652517318725586,26.65251731872559,26.65251731872559,26.65251731872559,100
2008-09-10,27.099775314331055,27.180055794987066,26.663977927867027,26.663977927867027,2100
2008-09-11,26.520620346069336,27.099772390081213,26.520620346069336,27.099772390081213,900
2008-09-12,26.54928970336914,26.54928970336914,26.526352426646998,26.526352426646998,200
2008-09-15,26.54928970336914,26.55502511625923,26.54928970336914,26.54928970336914,400
2008-09-16,26.147897720336914,26.170834998471307,26.147897720336914,26.170834998471307,1700
2008-09-17,25.964412689208984,26.130704731037465,25.517146550765467,25.517146550765467,1300
2008-09-18,25.964412689208984,25.964412689208984,25.964412689208984,25.964412689208984,0
2008-09-19,25.1444149017334,25.1444149017334,23.911565725703593,24.490717783409433,2500
2008-09-22,24.370311737060547,25.23044038660386,24.370311737060547,25.052679678226944,1300
2008-09-23,24.370311737060547,24.370311737060547,24.370311737060547,24.370311737060547,0
2008-09-24,24.370311737060547,24.370311737060547,24.370311737060547,24.370311737060547,300
2008-09-25,25.224700927734375,25.224700927734375,24.370305717753173,24.370305717753173,500
2008-09-26,25.230430603027344,25.230430603027344,24.657011725685813,24.943721164356578,2100
2008-09-29,22.942480087280273,25.740763817046993,22.936746863028716,24.50217957394019,1700
2008-09-30,22.942480087280273,22.942480087280273,22.942480087280273,22.942480087280273,0
2008-10-01,23.51017951965332,23.51017951965332,23.22920324097806,23.22920324097806,200
2008-10-02,23.682209014892578,23.682209014892578,23.682209014892578,23.682209014892578,200
2008-10-03,22.36333656311035,23.028502383644547,21.19356151021314,22.965425956171735,8200
2008-10-06,20.64307403564453,21.663758662988485,19.496236589219837,21.663758662988485,2700
2008-10-07,20.75775909423828,21.35984834154986,20.07538938485542,21.35984834154986,500
2008-10-08,20.06966209411621,20.092599375775897,19.496243177141462,20.06966209411621,1100
2008-10-09,19.49623680114746,20.64307426003849,19.49623680114746,20.09832602958148,1600
2008-10-10,18.349407196044922,19.479043276525772,18.349407196044922,18.922826170921326,3200
2008-10-13,18.664779663085938,18.664779663085938,17.775981048161636,18.332196835610645,3000
2008-10-14,18.349407196044922,18.349407196044922,18.349407196044922,18.349407196044922,600
2008-10-15,18.917091369628906,18.922824596435923,18.917091369628906,18.922824596435923,500
2008-10-16,18.378070831298828,18.796666263854146,18.349400330765803,18.796666263854146,1200
2008-10-17,19.42744255065918,19.484783594044487,18.58451565088746,18.802415553108702,1900
2008-10-20,19.438899993896484,19.438899993896484,19.209531577702453,19.209531577702453,1000
2008-10-21,20.620141983032227,20.620141983032227,20.620141983032227,20.620141983032227,100
2008-10-22,18.928552627563477,19.10058000842896,18.928552627563477,18.945756678101432,600
2008-10-23,18.349407196044922,19.57652345229326,18.349407196044922,19.57652345229326,1300
2008-10-24,18.917091369628906,18.917091369628906,18.3494056692712,18.355138896078216,700
2008-10-27,21.761249542236328,21.858729713560983,20.299031660428604,20.333435397404507,800
2008-10-28,21.789920806884766,21.789920806884766,21.50321132258365,21.789920806884766,400
2008-10-29,21.789920806884766,21.789920806884766,21.789920806884766,21.789920806884766,0
2008-10-30,19.381561279296875,19.513447383518315,19.037510762842665,19.513447383518315,1000
2008-10-31,21.76698112487793,21.76698112487793,19.88043240105544,19.88043240105544,600
2008-11-03,21.789920806884766,21.789920806884766,21.761250295938606,21.761250295938606,4400
2008-11-04,21.21649742126465,22.0766256950997,19.329948882339128,19.329948882339128,600
2008-11-05,21.21649742126465,21.21649742126465,21.21649742126465,21.21649742126465,500
2008-11-06,21.761249542236328,21.761249542236328,21.75551412779388,21.75551412779388,300
2008-11-07,20.66600799560547,21.7956412117439,20.66600799560547,21.78990798789543,2000
2008-11-10,22.65004539489746,22.650045394897464,22.650045394897464,22.650045394897464,100
2008-11-11,22.644309997558594,22.650043223251938,20.66601464563883,21.21649618380561,400
2008-11-12,22.36907196044922,22.644314977483084,19.53638317501093,22.644314977483084,1500
2008-11-13,22.36333656311035,22.374805203325355,21.784184450478975,21.784184450478975,1700
2008-11-14,22.36333656311035,22.36333656311035,22.36333656311035,22.36333656311035,700
2008-11-17,22.357608795166016,22.357608795166016,22.357608795166016,22.357608795166016,400
2008-11-18,21.789920806884766,22.219985033336435,21.417197602325405,22.156908596803028,1200
2008-11-19,21.784183502197266,21.784183502197266,21.096080431186692,21.22223109322142,2500
2008-11-20,20.09259796142578,20.09259796142578,18.922822928158933,18.922822928158933,300
2008-11-21,17.202566146850586,20.06966050465902,17.202566146850586,20.06966050465902,3600
2008-11-24,18.55009651184082,19.496238366351985,18.55009651184082,19.209528978611516,1500
2008-11-25,18.09135627746582,18.63610438148521,18.09135627746582,18.63610438148521,300
2008-11-26,17.81551742553711,19.453394763551902,17.729313528190335,17.82701157082122,2400
2008-11-28,17.81551742553711,17.81551742553711,17.81551742553711,17.81551742553711,0
2008-12-01,17.85573959350586,18.533878582126,17.81551119522189,18.516638466370953,1500
2008-12-02,20.0970401763916,20.0970401763916,18.964892841590476,18.964892841590476,1000
2008-12-03,19.079837799072266,20.097046258781482,17.936195980623513,17.936195980623513,800
2008-12-04,18.964902877807617,19.826943917707965,18.964902877807617,19.826943917707965,900
2008-12-05,18.06837272644043,18.390200935899074,17.510919059040496,18.02239726794634,2200
2008-12-08,18.964902877807617,18.964902877807617,17.6718413179571,17.746551059112708,800
2008-12-09,18.964902877807617,20.556805594564306,18.964902877807617,20.120036906669238,600
2008-12-10,18.39021110534668,18.413199395376523,18.39021110534668,18.413199395376523,300
2008-12-11,18.505146026611328,18.505146026611328,18.505146026611328,18.505146026611328,100
2008-12-12,18.505146026611328,18.505146026611328,18.505146026611328,18.505146026611328,300
2008-12-15,18.505146026611328,20.671742527801587,18.505146026611328,20.671742527801587,3700
2008-12-16,19.240755081176758,19.539596227733785,16.292575309118153,18.723531790518706,11500
2008-12-17,18.505146026611328,19.286730166193156,17.24656594211218,17.941945110425856,7300
2008-12-18,19.487871170043945,19.510859453499812,17.82700605531666,17.82700605531666,4500
2008-12-19,19.82693862915039,19.82693862915039,19.21776233422123,19.21776233422123,2000
2008-12-22,20.11428451538086,20.11428451538086,18.763754860547074,18.763754860547074,900
2008-12-23,19.712003707885742,20.114289945247414,17.355759191213064,17.355759191213064,800
2008-12-24,18.970643997192383,18.970643997192383,18.970643997192383,18.970643997192383,200
2008-12-26,20.688982009887695,20.688982009887695,20.171756582727134,20.522320239771133,1100
2008-12-29,20.688982009887695,20.688982009887695,19.982108720957207,19.982108720957207,3400
2008-12-30,19.941875457763672,19.941875457763672,19.941875457763672,19.941875457763672,200
2008-12-31,21.464813232421875,21.522283929610474,21.464813232421875,21.522283929610474,600
2009-01-02,22.21192169189453,22.21192169189453,21.263675812530487,21.826875611518098,700
2009-01-05,21.671709060668945,22.413064807368407,21.67170906066895,22.26364533992403,1500
2009-01-06,21.78090476989746,22.12572031345336,20.688985228164178,22.073997762691597,900
2009-01-07,20.80391502380371,21.246429492146074,19.545334257706546,20.68897583073198,5700
2009-01-08,19.683265686035156,20.240719459549844,19.252245269552635,19.78096259480859,7200
2009-01-09,19.769472122192383,19.775218096903192,19.769472122192383,19.775218096903192,700
2009-01-12,19.941875457763672,20.114283160684387,19.941875457763672,20.114283160684387,300
2009-01-13,19.03960418701172,19.03960418701172,19.03960418701172,19.03960418701172,300
2009-01-14,18.91892433166504,19.03961173080876,18.39595290965393,19.03961173080876,4300
2009-01-15,18.131587982177734,18.131587982177734,18.131587982177734,18.131587982177734,300
2009-01-16,18.533884048461914,18.533884048461914,18.533884048461914,18.533884048461914,100
2009-01-20,18.39021110534668,18.39021110534668,18.39021110534668,18.39021110534668,100
2009-01-21,20.085552215576172,20.59702943510088,20.085552215576172,20.59702943510088,300
2009-01-22,17.63160514831543,20.097041963051353,17.63160514831543,20.0108370201037,400
2009-01-23,18.31549644470215,18.31549644470215,18.23503854731023,18.23503854731023,200
2009-01-26,18.31549644470215,18.31549644470215,18.31549644470215,18.31549644470215,0
2009-01-27,18.31549644470215,18.31549644470215,18.31549644470215,18.31549644470215,0
2009-01-28,19.533851623535156,19.533851623535156,19.533851623535156,19.533851623535156,900
2009-01-29,19.53959083557129,19.970611221650067,18.447671647258495,19.189027237461925,2300
2009-01-30,19.53959083557129,20.114284683676324,19.53959083557129,20.114284683676324,400
2009-02-02,19.5108585357666,20.11428669825768,19.5108585357666,19.5108585357666,1100
2009-02-03,19.533851623535156,19.826944622921292,19.533851623535156,19.73499366308605,800
2009-02-04,20.085552215576172,20.114286472079637,20.068309907847496,20.068309907847496,500
2009-02-05,21.240690231323242,21.24069023132324,21.24069023132324,21.24069023132324,100
2009-02-06,21.2636775970459,21.263677597045902,21.246437478903367,21.246437478903367,300
2009-02-09,21.2636775970459,21.263677597045902,21.263677597045902,21.263677597045902,200
2009-02-10,19.54534339904785,21.551026569743517,19.54534339904785,21.551026569743517,900
2009-02-11,20.09130859375,20.706231208936217,20.06832029973001,20.706231208936217,800
2009-02-12,20.09130859375,20.09130859375,20.09130859375,20.09130859375,0
2009-02-13,20.401634216308594,20.47634503995413,20.114287255515517,20.114287255515517,2000
2009-02-17,19.712003707885742,19.91314792270839,18.964901948376134,19.556836065234084,2800
2009-02-18,17.614370346069336,17.614370346069336,17.614370346069336,17.614370346069336,100
2009-02-19,17.8384952545166,17.8384952545166,17.8384952545166,17.8384952545166,100
2009-02-20,19.82693862915039,19.82693862915039,18.936163563978525,19.82119265502189,300
2009-02-23,17.269554138183594,18.677554866582707,17.24656694834154,18.677554866582707,1000
2009-02-24,17.637346267700195,17.637346267700195,17.3097711026577,17.3097711026577,400
2009-02-25,17.591379165649414,18.102856343314272,17.55115077138025,17.55115077138025,1200
2009-02-26,16.42475128173828,18.677551367441506,16.42475128173828,18.677551367441506,1100
2009-02-27,16.074195861816406,16.953478354115617,14.884579081503583,16.953478354115617,4500
2009-03-02,16.64887237548828,16.64887237548828,16.50519898258097,16.50519898258097,300
2009-03-03,14.367349624633789,16.07419036542924,14.367349624633787,15.528231737378226,2200
2009-03-04,13.591510772705078,14.367347771599794,13.591510772705076,14.367347771599794,1100
2009-03-05,13.373127937316895,14.792621541647875,13.21796031403466,13.79265424073182,1400
2009-03-06,13.217962265014648,14.367350288059399,12.65476239679676,14.367350288059399,2300
2009-03-09,12.729467391967773,12.844406589893383,12.166267733643426,12.166267733643426,400
2009-03-10,12.068572998046875,12.873144312021655,11.493879045758927,12.873144312021655,4100
2009-03-11,11.92490005493164,11.92490005493164,11.493879571018448,11.493879571018448,500
2009-03-12,10.97921085357666,11.515484383632314,9.883595497921403,11.24446435662449,4200
2009-03-13,11.532782554626465,11.532782554626465,10.783152128516484,10.938843857116535,4400
2009-03-16,12.663002014160156,13.429933551848181,12.663002014160158,13.429933551848181,400
2009-03-17,13.262702941894531,13.262702941894531,13.262702941894531,13.262702941894531,100
2009-03-18,14.848456382751465,14.848456382751465,13.551018446394542,13.551018446394542,4500
2009-03-19,15.85758113861084,16.722540109807795,14.992622167413886,14.992622167413886,2200
2009-03-20,16.95319175720215,17.299175486910755,16.434216712565217,16.72253630401373,2500
2009-03-23,15.580798149108887,16.999330663276485,15.13101898371668,15.13101898371668,4100
2009-03-24,16.209331512451172,16.693708625512944,15.93831033023077,15.93831033023077,900
2009-03-25,16.722532272338867,17.29917131621262,16.29005298943355,17.27033980395961,3000
2009-03-26,16.290063858032227,16.722543429484407,16.290063858032227,16.313129963105506,900
2009-03-27,16.474584579467773,16.889765578225102,16.290060179954374,16.290060179954374,2100
2009-03-30,17.2530517578125,17.2530517578125,16.67064580260305,16.722543439195643,800
2009-03-31,16.716772079467773,16.72253860407212,15.200211303792022,16.72253860407212,4900
2009-04-01,16.428451538085938,16.687939631643136,16.428451538085938,16.687939631643136,800
2009-04-02,16.716772079467773,16.716772079467773,15.488530934896714,16.687940556298148,400
2009-04-03,16.307355880737305,16.65333849770423,16.307355880737305,16.65333849770423,500
2009-04-06,16.676403045654297,16.705234561110633,16.428448053263278,16.693702614839186,700
2009-04-07,16.722532272338867,16.722532272338867,16.641803158149084,16.722532272338867,2800
2009-04-08,16.693702697753906,16.722534213353445,16.151661625638425,16.722534213353445,900
2009-04-09,17.155012130737305,17.155012130737305,16.71676631070937,16.72253283332376,2100
2009-04-13,17.547130584716797,17.72012190036662,17.547130584716797,17.72012190036662,400
2009-04-14,16.722532272338867,17.310704361054505,16.543774476696477,16.543774476696477,3400
2009-04-15,15.892175674438477,16.71100336338915,15.846044583505423,16.71100336338915,1000
2009-04-16,16.474584579467773,16.716773128792155,16.474584579467773,16.670642028913807,1000
2009-04-17,16.561080932617188,16.578380508224743,15.280942033668026,15.638458897258634,900
2009-04-20,16.261226654052734,16.261226654052734,16.261226654052734,16.261226654052734,400
2009-04-21,15.361665725708008,16.203559408493742,15.344367256102302,16.203559408493742,600
2009-04-22,15.949837684631348,16.64180505613908,15.949837684631348,16.203559200831094,400
2009-04-23,16.1401309967041,16.434217119241183,15.032983694150616,16.365019931646344,1600
2009-04-24,16.145896911621094,16.434216499328613,16.145896911621094,16.40538498049864,3200
2009-04-27,16.51494789123535,16.866698188311787,16.145899120435217,16.145899120435217,500
2009-04-28,17.160783767700195,17.385672717425294,16.72830434139682,16.72830434139682,1700
2009-04-29,17.103118896484375,18.239097745291897,16.722537105519336,18.239097745291897,1000
2009-04-30,17.103118896484375,17.103118896484375,17.103118896484375,17.103118896484375,0
2009-05-01,16.849395751953125,17.818149710560217,16.728302057053188,16.728302057053188,2300
2009-05-04,16.849395751953125,16.95319097606844,16.849395751953125,16.849395751953125,2800
2009-05-05,16.434223175048828,16.439989701127622,16.151669996302203,16.151669996302203,1500
2009-05-06,16.78597068786621,16.843633739059385,16.14590070098173,16.434220356356402,5100
2009-05-07,16.376554489135742,16.66487411429606,16.059403341400227,16.66487411429606,1100
2009-05-08,16.434223175048828,16.434223175048828,14.473649402206462,14.473649402206462,1600
2009-05-11,16.57837677001953,17.04545420758153,15.20020945309054,15.20020945309054,1400
2009-05-12,17.547130584716797,18.09493715084254,16.434216781107583,16.434216781107583,3600
2009-05-13,17.547130584716797,17.547130584716797,17.547130584716797,17.547130584716797,0
2009-05-14,16.647571563720703,17.01085371852041,16.27852178599594,16.722534163969215,2500
2009-05-15,16.716772079467773,16.716772079467773,16.716772079467773,16.716772079467773,300
2009-05-18,16.722532272338867,16.722532272338867,16.722532272338867,16.722532272338867,300
2009-05-19,18.45246124267578,18.91953995977474,17.010862708091736,17.010862708091736,4400
2009-05-20,18.45246124267578,18.45246124267578,17.299182415008545,18.429395138193286,5100
2009-05-21,18.936830520629883,19.588433401738357,18.03727371912067,18.400555914009335,20400
2009-05-22,19.02333641052246,19.225159338004183,18.573556144026874,19.029101837148396,3300
2009-05-26,17.299175262451172,19.017559741223522,17.276109167505638,18.348658385730232,5400
2009-05-27,18.089168548583984,18.417852650479873,17.500996418953566,18.417852650479873,900
2009-05-28,17.55866050720215,19.39813838902198,17.299172480060534,18.423619131205175,4600
2009-05-29,17.58749771118164,17.875817345791177,17.58749771118164,17.875817345791177,2200
2009-06-01,17.58749771118164,17.875817345791177,17.58749771118164,17.58749771118164,10300
2009-06-02,18.221803665161133,18.221803665161133,17.0396923387105,17.0396923387105,600
2009-06-03,18.16413116455078,19.311643910752277,17.875811622256325,17.887344667912526,2100
2009-06-04,19.09252166748047,19.09252166748047,18.723472981621587,18.723472981621587,700
2009-06-05,19.2136173248291,19.219384948470253,19.2136173248291,19.219384948470253,600
2009-06-08,19.207847595214844,19.225146062852822,19.202079972866578,19.225146062852822,600
2009-06-09,19.894052505493164,19.894052505493164,18.192966416531934,19.31741330243539,1500
2009-06-10,19.882524490356445,19.882524490356445,19.305885141333214,19.836394486280952,1900
2009-06-11,19.645620346069336,19.645620346069336,19.634063834305433,19.634063834305433,300
2009-06-12,19.616727828979492,19.645618002853777,19.43760522427257,19.43760522427257,700
2009-06-15,19.616727828979492,19.616727828979492,19.616727828979492,19.616727828979492,0
2009-06-16,19.57050895690918,19.64562519984363,19.090925723204133,19.58206547152831,1400
2009-06-17,19.090919494628906,19.60517210441204,19.090919494628906,19.60517210441204,200
2009-06-18,19.07936668395996,19.356716385580167,19.07936668395996,19.07936668395996,1800
2009-06-19,19.07936668395996,19.07936668395996,19.07936668395996,19.07936668395996,0
2009-06-22,19.07936668395996,19.07936668395996,19.07936668395996,19.07936668395996,0
2009-06-23,19.06780242919922,19.63983747191378,19.06780242919922,19.63983747191378,400
2009-06-24,17.548158645629883,19.356710516424204,17.507710862079264,18.48999213509178,11900
2009-06-25,17.351699829101562,18.14908013727727,16.409865376609254,17.709942756655412,12500
2009-06-26,13.827046394348145,17.813950432363022,13.827046394348145,17.813950432363022,9000
2009-06-29,15.964957237243652,16.178748325029613,15.600935884849985,15.61827065480769,1900
2009-06-30,15.537368774414062,15.548925282223092,15.023116299893942,15.31202238258421,4700
2009-07-01,15.803163528442383,15.820497188708194,15.31202294927422,15.31202294927422,2200
2009-07-02,15.600934028625488,15.600934028625488,15.600934028625488,15.600934028625488,500
2009-07-06,16.484981536865234,19.587833361511365,14.676428835273454,14.676428835273454,13800
2009-07-07,16.375205993652344,17.90640886601968,15.69916533879184,15.69916533879184,2200
2009-07-08,14.786212921142578,16.456089672315336,14.786212921142576,16.375196324451778,500
2009-07-09,16.750778198242188,17.13213422246293,14.803551393068002,16.45609379732807,8500
2009-07-10,15.381362915039062,16.46764948378707,14.919112443714189,16.46764948378707,2400
2009-07-13,15.964957237243652,15.964957237243654,14.832445383494669,14.832445383494669,1600
2009-07-14,15.964957237243652,15.964957237243654,15.964957237243654,15.964957237243654,0
2009-07-15,16.068960189819336,17.137913194201577,15.924507110905235,15.924507110905235,9400
2009-07-16,15.092464447021484,15.924513734122616,14.878673316390646,14.878673316390646,1000
2009-07-17,16.201854705810547,16.201854705810547,15.28313321460759,15.28313321460759,500
2009-07-20,16.144073486328125,16.144073486328125,16.126738723243385,16.126738723243385,600
2009-07-21,15.889837265014648,16.99923685632834,15.45069981198533,15.693381007025495,1100
2009-07-22,16.196081161499023,16.53121229271166,15.35247452645985,15.35247452645985,11200
2009-07-23,16.248083114624023,16.87789753691707,16.248083114624023,16.87789753691707,800
2009-07-24,15.710716247558594,15.710716247558594,15.710716247558594,15.710716247558594,100
2009-07-27,15.421810150146484,15.912950811378437,15.23691039582139,15.889837791043066,1100
2009-07-28,17.31125831604004,17.31125831604004,15.572044028082546,15.572044028082546,500
2009-07-29,18.195310592651367,18.201088848346036,17.305480155374365,17.305480155374365,1200
2009-07-30,18.270421981811523,18.270421981811523,17.369034169485225,17.6290500965196,1700
2009-07-31,17.623275756835938,18.46110406152133,17.623275756835938,18.46110406152133,300
2009-08-03,17.871734619140625,18.489993603937982,17.871734619140625,18.489993603937982,1600
2009-08-04,18.755788803100586,18.755788803100586,18.201089462762276,18.472660877041704,1500
2009-08-05,19.61094856262207,19.61094856262207,18.709562790162934,18.709562790162934,800
2009-08-06,19.680288314819336,19.680288314819336,19.680288314819336,19.680288314819336,200
2009-08-07,19.50116539001465,19.50116539001465,19.114032201759553,19.114032201759553,3200
2009-08-10,19.06780242919922,19.06780242919922,19.06780242919922,19.06780242919922,2100
2009-08-11,17.91218376159668,17.91218376159668,17.663724262117608,17.90640550555186,400
2009-08-12,18.48999786376953,19.0042505766869,17.94107561135297,17.94107561135297,500
2009-08-13,18.48999786376953,18.48999786376953,18.48999786376953,18.48999786376953,0
2009-08-14,18.172195434570312,18.969576944947164,18.033519526782644,18.969576944947164,1000
2009-08-17,18.48999786376953,18.55355758409496,18.35710126862523,18.35710126862523,700
2009-08-18,19.015804290771484,19.056250978810464,18.172198791416836,18.172198791416836,800
2009-08-19,19.090919494628906,19.38560280664451,18.524663688116064,19.38560280664451,400
2009-08-20,18.48999786376953,18.507331531429372,18.48999786376953,18.48999786376953,700
2009-08-21,18.48999786376953,18.48999786376953,18.48999786376953,18.48999786376953,0
2009-08-24,18.48999786376953,18.48999786376953,18.48999786376953,18.48999786376953,100
2009-08-25,18.48999786376953,18.48999786376953,18.48999786376953,18.48999786376953,0
2009-08-26,18.48999786376953,18.48999786376953,18.48999786376953,18.48999786376953,1000
2009-08-27,19.524276733398438,20.720347931526952,18.403320643915876,18.489992262227183,8100
2009-08-28,18.024641036987305,18.64418473464579,18.024641036987305,18.528381905982354,2300
2009-08-31,19.188446044921875,19.188446044921875,19.188446044921875,19.188446044921875,200
2009-09-01,18.0535831451416,18.0535831451416,18.0535831451416,18.0535831451416,200
2009-09-02,18.105697631835938,18.314141110217975,18.105697631835938,18.314141110217975,200
2009-09-03,17.908832550048828,18.511004160327563,17.908832550048828,18.08832587275784,2600
2009-09-04,18.545751571655273,18.545751571655273,17.97832014039345,17.97832014039345,400
2009-09-08,18.545751571655273,18.545751571655273,18.545751571655273,18.545751571655273,0
2009-09-09,18.296777725219727,19.020541553767092,18.26782646527614,19.020541553767092,800
2009-09-10,18.296777725219727,18.296777725219727,18.296777725219727,18.296777725219727,0
2009-09-11,16.617639541625977,18.26782233180503,16.501836736809686,18.082538727600884,9800
2009-09-14,17.468782424926758,17.468782424926758,17.237177973866466,17.237177973866466,500
2009-09-15,17.98410987854004,17.98410987854004,17.98410987854004,17.98410987854004,100
2009-09-16,17.949371337890625,17.949371337890625,17.949371337890625,17.949371337890625,700
2009-09-17,19.03790855407715,19.03790855407715,18.238871653656126,18.238871653656126,300
2009-09-18,17.370349884033203,18.962631956736246,17.370349884033203,18.105694960841113,12000
2009-09-21,18.209922790527344,18.30256459647935,17.370355181662674,17.370355181662674,700
2009-09-22,18.128854751586914,18.343089551549905,17.781447534975708,18.343089551549905,2600
2009-09-23,18.673128128051758,18.673128128051758,18.343091621558642,18.360461266504245,3700
2009-09-24,18.91631507873535,18.945267436707876,18.893156284614054,18.93947608161145,1500
2009-09-25,18.96263313293457,18.96263313293457,18.545744003057976,18.75997992188586,6900
2009-09-28,18.96263313293457,18.96263313293457,18.070954586811563,18.91631113683524,1300
2009-09-29,18.96263313293457,18.96263313293457,18.12306572804614,18.12306572804614,1200
2009-09-30,18.96263313293457,18.96263313293457,18.96263313293457,18.96263313293457,200
2009-10-01,18.528377532958984,18.528377532958984,17.544057034769594,17.544057034769594,1000
2009-10-02,18.505216598510742,18.505216598510742,18.505216598510742,18.505216598510742,200
2009-10-05,18.96263313293457,18.96263313293457,18.96263313293457,18.96263313293457,500
2009-10-06,18.86420249938965,18.86420249938965,18.528374648680217,18.528374648680217,200
2009-10-07,19.090023040771484,19.107392690961635,18.73103407263762,18.73103407263762,3100
2009-10-08,18.406782150268555,18.881571559240978,18.406782150268555,18.841040917652183,3300
2009-10-09,18.406782150268555,18.406782150268555,18.406782150268555,18.406782150268555,0
2009-10-12,19.084224700927734,19.084224700927734,18.615226647384453,19.043694059479655,600
2009-10-13,18.788930892944336,18.788930892944336,18.788930892944336,18.788930892944336,600
2009-10-14,18.9105281829834,19.061070302084833,18.55154143069915,18.563121933515426,500
2009-10-15,19.07843017578125,19.07843017578125,19.07843017578125,19.07843017578125,200
2009-10-16,18.673128128051758,18.962633990502173,18.018845364839798,18.962633990502173,3300
2009-10-19,18.609439849853516,18.725242657523925,18.586278846568465,18.725242657523925,1100
2009-10-20,17.56142807006836,17.61353922107209,17.468786269256697,17.468786269256697,900
2009-10-21,18.719451904296875,18.719451904296875,18.719451904296875,18.719451904296875,100
2009-10-22,18.21571159362793,18.21571159362793,17.578799465810665,17.578799465810665,200
2009-10-23,18.21571159362793,18.21571159362793,18.21571159362793,18.21571159362793,0
2009-10-26,17.810396194458008,17.810396194458008,17.810396194458008,17.810396194458008,100
2009-10-27,18.511005401611328,18.511005401611328,18.424153859275084,18.424153859275084,300
2009-10-28,18.528377532958984,18.528377532958984,17.549847285273927,17.804612785577774,800
2009-10-29,18.007266998291016,18.528377391552972,17.804612649695436,18.528377391552972,900
2009-10-30,18.64996910095215,18.64996910095215,18.64996910095215,18.64996910095215,100
2009-11-02,18.470476150512695,18.470476150512695,17.683020855561782,17.683020855561782,200
2009-11-03,17.480363845825195,18.406782803320684,17.381931810884225,18.406782803320684,500
2009-11-04,17.53826332092285,18.15201535762897,17.53826332092285,18.15201535762897,700
2009-11-05,17.53826332092285,17.53826332092285,17.53826332092285,17.53826332092285,0
2009-11-06,17.231393814086914,17.231393814086914,17.11559099544369,17.11559099544369,300
2009-11-09,17.486154556274414,17.486154556274414,17.12137655066589,17.12137655066589,600
2009-11-10,17.515106201171875,17.515106201171875,17.491945200060947,17.491945200060947,500
2009-11-11,17.746715545654297,17.746715545654297,17.67144448020528,17.683024983929013,2100
2009-11-12,17.804611206054688,17.804611206054688,17.804611206054688,17.804611206054688,200
2009-11-13,17.520898818969727,17.89146605179909,17.18507198812375,17.856725649815704,3300
2009-11-16,17.54405403137207,17.54405403137207,17.54405403137207,17.54405403137207,200
2009-11-17,17.71775245666504,17.71775245666504,17.71775245666504,17.71775245666504,400
2009-11-18,17.71775245666504,17.81039421007066,17.71775245666504,17.71775245666504,2400
2009-11-19,17.659862518310547,17.659862518310547,17.53248030100028,17.659862518310547,1100
2009-11-20,17.71775245666504,17.71775245666504,17.71775245666504,17.71775245666504,100
2009-11-23,17.71775245666504,17.71775245666504,17.71775245666504,17.71775245666504,0
2009-11-24,18.204132080078125,18.204132080078125,16.791342918407157,17.370354743179817,4900
2009-11-25,17.55564308166504,17.926210395986924,17.55564308166504,17.926210395986924,400
2009-11-27,17.59626579284668,17.59626579284668,17.59626579284668,17.59626579284668,0
2009-11-30,17.120370864868164,17.416350290618155,17.120370864868164,17.410546642238813,2800
2009-12-01,17.120370864868164,17.120370864868164,17.120370864868164,17.120370864868164,0
2009-12-02,17.120370864868164,17.120370864868164,17.120370864868164,17.120370864868164,0
2009-12-03,17.120370864868164,17.120370864868164,17.120370864868164,17.120370864868164,0
2009-12-04,17.120370864868164,17.410546642238813,16.423948556405517,16.423948556405517,4100
2009-12-07,17.230640411376953,17.636885893091414,17.120373290412743,17.5846541572101,800
2009-12-08,17.230640411376953,17.230640411376953,17.230640411376953,17.230640411376953,0
2009-12-09,17.781965255737305,18.25785319221049,17.253845608487076,17.253845608487076,600
2009-12-10,17.781965255737305,17.781965255737305,17.781965255737305,17.781965255737305,2200
2009-12-11,17.781965255737305,17.781965255737305,17.781965255737305,17.781965255737305,0
2009-12-14,17.92125701904297,17.92125701904297,17.793580064839936,17.793580064839936,200
2009-12-15,18.16500473022461,18.16500473022461,17.160996722748358,17.160996722748358,1700
2009-12-16,17.99090576171875,18.101172913425422,17.671712715171218,17.671712715171218,1400
2009-12-17,17.99090576171875,18.50741850840108,17.4221612645929,17.4221612645929,4400
2009-12-18,17.99090576171875,18.52482946085999,17.781978759944682,17.781978759944682,2000
2009-12-21,18.199831008911133,18.803397352767092,17.822601490534606,17.990904027278976,9000
2009-12-22,17.92125701904297,18.785980774944164,17.92125701904297,18.785980774944164,300
2009-12-23,17.99090576171875,18.414562309153318,17.938674011275232,17.938674011275232,1500
2009-12-24,17.938669204711914,18.153399799769794,17.938669204711914,18.019918080550234,1400
2009-12-28,18.223039627075195,18.39714576749407,18.072148081485295,18.072148081485295,1700
2009-12-29,18.25786590576172,18.716344329184377,17.99670827695624,18.025725422290247,2300
2009-12-30,18.223039627075195,18.460983689408128,18.08375537889978,18.08375537889978,2500
2009-12-31,17.932865142822266,18.2230409577771,17.932865142822266,17.932865142822266,4000
2010-01-04,19.830615997314453,20.30650641537568,17.990902220048987,17.990902220048987,11800
2010-01-05,19.192232131958008,19.673925145521746,18.80339752339895,19.209641975963272,4200
2010-01-06,18.873027801513672,19.569449924576315,18.873027801513672,19.000705818003542,4300
2010-01-07,18.571250915527344,19.325707541197517,18.571250915527344,18.82660481862422,3300
2010-01-08,18.7453556060791,18.7453556060791,18.62928484721402,18.62928484721402,800
2010-01-11,19.099367141723633,19.099367141723633,18.356516847914733,18.356516847914733,1300
2010-01-12,19.151607513427734,19.476605286405007,18.681521804742673,18.681521804742673,3000
2010-01-13,19.401153564453125,19.848024548281963,18.774372793202623,18.774372793202623,8300
2010-01-14,19.447587966918945,19.685532117869457,18.919467914132856,19.26768032465541,2700
2010-01-15,19.418561935424805,19.906057316031788,19.418561935424805,19.54623998225641,2500
2010-01-19,19.499814987182617,19.662314958217507,19.30830008964287,19.30830008964287,2700
2010-01-20,19.53463363647461,19.969897311274725,19.395348286437738,19.969897311274725,2200
2010-01-21,19.447587966918945,19.92347848268641,19.412768275573196,19.523034321278796,3900
2010-01-22,19.842222213745117,19.998917425676904,19.441780370274458,19.441780370274458,1800
2010-01-25,19.853824615478516,20.039536921473,19.453382870777652,19.615880585056498,1500
2010-01-26,19.99311065673828,20.138198539277944,19.5578470091193,19.627488572856027,2000
2010-01-27,19.84803009033203,20.097581517396016,19.581068819382818,19.98151072580664,4100
2010-01-28,20.318115234375,20.318115234375,19.969905045226163,20.138207595990202,1600
2010-01-29,19.96990203857422,20.37034391719182,19.772582370733794,19.84802871210791,2700
2010-02-01,19.795795440673828,19.964097953094342,19.38954883664241,19.76097354414569,1400
2010-02-02,20.42838478088379,20.706953392557676,19.871247557536016,19.871247557536016,500
2010-02-03,19.911863327026367,20.138200086964495,19.911863327026367,20.138200086964495,200
2010-02-04,20.016334533691406,20.016334533691406,20.016334533691406,20.016334533691406,100
2010-02-05,19.836414337158203,19.836414337158203,19.48239956990202,19.494006865501518,6100
2010-02-08,19.96990203857422,19.96990203857422,19.59847730237249,19.59847730237249,1000
2010-02-09,20.051151275634766,20.2600782468903,19.604280190197343,19.604280190197343,2700
2010-02-10,20.399364471435547,20.39936447143555,20.39936447143555,20.39936447143555,500
2010-02-11,20.35293197631836,20.474805290220665,19.958292681321133,19.993114576950003,5500
2010-02-12,20.550256729125977,20.550256729125977,19.952495095789395,19.952495095789395,1000
2010-02-16,20.370344161987305,20.399363518617967,19.848028950626603,19.848028950626603,800
2010-02-17,20.254276275634766,20.254276275634766,19.848029621599018,19.85383216480166,1200
2010-02-18,20.544448852539062,20.544448852539062,19.453387154183577,19.789989952715047,1800
2010-02-19,20.13239860534668,20.36454015854757,19.842222770778527,19.853830069825165,1500
2010-02-22,20.33552360534668,20.33552360534668,19.877045242155972,19.94088428182379,2300
2010-02-23,19.795795440673828,20.13239825164897,19.557851349062922,20.016329690953608,4900
2010-02-24,19.639097213745117,19.90605840456832,19.639097213745117,19.90605840456832,1600
2010-02-25,19.84803009033203,19.84803009033203,19.84803009033203,19.84803009033203,200
2010-02-26,20.03374671936035,20.347137258944322,19.906068600152064,19.958300356749394,5100
2010-03-01,20.022132873535156,20.02213287353516,19.998918275107577,19.998918275107577,300
2010-03-02,20.022132873535156,20.02213287353516,19.31410311855565,20.02213287353516,800
2010-03-03,19.830615997314453,19.86543789537727,19.325710651666522,19.848028053278853,7000
2010-03-04,20.114986419677734,20.41676951812525,19.279280910499303,19.615883688163212,800
2010-03-05,19.813201904296875,20.312304600118264,19.726150498615674,19.731953040114885,3800
2010-03-08,20.091768264770508,20.265873271604498,19.836414402338345,19.85382423886216,600
2010-03-09,20.080167770385742,20.31230933403541,19.470798933137885,19.470798933137885,4000
2010-03-10,20.022132873535156,20.451594088981572,19.906062095263213,20.306506169608127,16200
2010-03-11,20.353609085083008,20.353609085083008,20.09773594091135,20.09773594091135,400
2010-03-12,20.353609085083008,20.353609085083008,20.016319641142452,20.347794744283185,4700
2010-03-15,20.214038848876953,20.214038848876953,20.06865593874348,20.06865593874348,300
2010-03-16,21.063077926635742,21.266613125038837,20.440839213383665,20.440839213383665,4400
2010-03-17,21.26660919189453,21.26660919189453,21.26660919189453,21.26660919189453,200
2010-03-18,20.667633056640625,20.667633056640625,20.667633056640625,20.667633056640625,200
2010-03-19,20.935138702392578,21.225904517703587,20.080286495500737,21.225904517703587,2700
2010-03-22,21.83069610595703,21.83069610595703,20.656002044905666,20.656002044905666,400
2010-03-23,20.731605529785156,21.90629758541223,20.644374889384487,20.65018923017311,1000
2010-03-24,21.1561222076416,21.30731946169993,20.93513955783277,20.99329183592431,1300
2010-03-25,19.830232620239258,20.73160864527823,19.830232620239258,20.73160864527823,1200
2010-03-26,19.824417114257812,19.824417114257812,19.824417114257812,19.824417114257812,200
2010-03-29,19.399890899658203,20.63855359694751,19.399890899658203,20.621106143723768,1100
2010-03-30,20.702526092529297,21.48177860129303,20.324531846669867,21.48177860129303,700
2010-03-31,19.76626205444336,19.917459309617268,19.48131056561105,19.65576961954009,2000
2010-04-01,19.58599281311035,19.88838964019732,19.580176252345783,19.580176252345783,700
2010-04-05,19.77789306640625,19.77789306640625,19.77789306640625,19.77789306640625,600
2010-04-06,19.580169677734375,19.85930682313851,19.568540996845808,19.85930682313851,1900
2010-04-07,19.75463104248047,19.79533808088634,19.568541090234422,19.568541090234422,3000
2010-04-08,19.237060546875,19.74299226398489,18.957923511538855,19.74299226398489,2300
2010-04-09,19.452232360839844,19.452232360839844,18.917222138117314,18.917222138117314,700
2010-04-12,19.335922241210938,19.335922241210934,18.987004230971817,19.062601728224774,1500
2010-04-13,19.475488662719727,19.475488662719727,19.12656847198109,19.12656847198109,700
2010-04-14,19.487125396728516,20.243118346732793,19.47549671542541,19.47549671542541,1900
2010-04-15,20.004690170288086,20.004690170288082,19.266144689277755,19.48131078425958,2500
2010-04-16,19.9465389251709,21.225909240898584,19.9465389251709,21.208463997975482,400
2010-04-19,20.34197425842285,20.34197425842285,19.71392131001261,19.71392131001261,2600
2010-04-20,20.295455932617188,20.295455932617188,19.888383324711956,19.888383324711956,1000
2010-04-21,20.376867294311523,20.528064530504462,19.81859750447566,19.81859750447566,8000
2010-04-22,20.376867294311523,20.376867294311523,20.376867294311523,20.376867294311523,0
2010-04-23,20.231483459472656,20.85953638931453,19.50456901110155,20.85953638931453,11400
2010-04-26,20.45246696472168,20.45246696472168,20.38850034696589,20.38850034696589,400
2010-04-27,19.743000030517578,19.743000030517578,19.498755583108768,19.498755583108768,400
2010-04-28,19.353376388549805,19.4522379419427,19.353376388549805,19.4522379419427,200
2010-04-29,19.481311798095703,19.777891986701487,19.481311798095703,19.777891986701487,1400
2010-04-30,19.126583099365234,19.173106714390002,19.06261423789021,19.14402834581549,700
2010-05-03,19.545272827148438,20.85953295749962,19.190538279765647,19.353366379534872,1600
2010-05-04,19.53945541381836,19.615055121840456,19.481303157411446,19.487117495705586,2400
2010-05-05,19.213804244995117,19.213804244995117,19.213804244995117,19.213804244995117,200
2010-05-06,19.88256072998047,19.88256072998047,18.899773316152505,19.050970526600434,1200
2010-05-07,19.178911209106445,19.905825682852292,19.080051905493132,19.207987344382893,1300
2010-05-10,19.335922241210938,19.498750350206976,19.335922241210934,19.498750350206976,3200
2010-05-11,19.190536499023438,19.20798173141807,19.190536499023438,19.20798173141807,1300
2010-05-12,19.050979614257812,19.091688878639665,19.050979614257812,19.091688878639665,400
2010-05-13,19.103307723999023,19.103307723999023,19.074231594443482,19.074231594443482,900
2010-05-14,19.63250160217285,20.661812578196436,19.080048476115437,20.16169515520985,1500
2010-05-17,19.231246948242188,19.231246948242188,19.08004973101584,19.08004973101584,400
2010-05-18,19.370826721191406,19.39408630923065,19.22544375869832,19.22544375869832,1600
2010-05-19,19.120765686035156,19.120765686035156,19.120765686035156,19.120765686035156,400
2010-05-20,19.190536499023438,19.190536499023438,18.60900508996212,19.132384245463815,6600
2010-05-21,18.434553146362305,18.434553146362305,18.434553146362305,18.434553146362305,200
2010-05-24,18.667160034179688,18.667160034179688,18.545038953082358,18.556669849144,300
2010-05-25,18.667160034179688,18.934666206864225,18.172859152576255,18.934666206864225,2500
2010-05-26,18.667160034179688,18.667160034179688,18.667160034179688,18.667160034179688,0
2010-05-27,18.667160034179688,18.667160034179688,18.667160034179688,18.667160034179688,400
2010-05-28,19.98143196105957,19.98143196105957,18.231021201228074,18.231021201228074,300
2010-06-01,19.98143196105957,19.98143196105957,19.98143196105957,19.98143196105957,0
2010-06-02,19.98143196105957,19.98143196105957,19.98143196105957,19.98143196105957,0
2010-06-03,18.172866821289062,18.347325899099932,18.172866821289062,18.347325899099932,200
2010-06-04,19.591796875,19.97560760444829,19.062603259876347,19.97560760444829,500
2010-06-07,19.591796875,19.591796875,19.591796875,19.591796875,0
2010-06-08,19.161460876464844,19.51037884373667,18.38220867908252,19.190537004009776,3200
2010-06-09,19.161460876464844,19.161460876464844,19.161460876464844,19.161460876464844,0
2010-06-10,18.45199966430664,18.539229193165678,18.446184214491552,18.539229193165678,500
2010-06-11,18.644330978393555,19.215492951388118,18.312125193963357,19.215492951388118,5200
2010-06-14,18.382055282592773,19.209654651173732,18.382055282592773,19.163030430612725,800
2010-06-15,18.685121536254883,19.215485136333644,18.446165444875408,19.163031495742498,400
2010-06-16,18.953218460083008,19.232970491346375,18.929905234993186,19.232970491346375,2800
2010-06-17,18.953218460083008,18.953218460083008,18.953218460083008,18.953218460083008,0
2010-06-18,18.953218460083008,18.953218460083008,18.953218460083008,18.953218460083008,0
2010-06-21,18.953218460083008,18.953218460083008,18.953218460083008,18.953218460083008,0
2010-06-22,18.7900390625,19.227152231333594,18.7900390625,18.795866259844527,1000
2010-06-23,18.679298400878906,19.1688651366194,18.12562250301633,19.1688651366194,1700
2010-06-24,18.696779251098633,19.157203208709806,18.090648751450967,18.090648751450967,3800
2010-06-25,19.23296546936035,19.23296546936035,18.87161946790641,19.058120773383987,1700
2010-06-28,19.23296546936035,19.23296546936035,19.23296546936035,19.23296546936035,0
2010-06-29,19.23296546936035,19.23296546936035,19.23296546936035,19.23296546936035,0
2010-06-30,18.47531509399414,18.58604961801278,18.469486785629556,18.58604961801278,2400
2010-07-01,18.358747482299805,18.358747482299805,18.358747482299805,18.358747482299805,400
2010-07-02,18.50444793701172,18.50444793701172,18.20721100210753,18.35874362254706,1200
2010-07-06,18.21304702758789,18.21304702758789,18.21304702758789,18.21304702758789,400
2010-07-07,17.45537757873535,18.912420745186193,17.36795409943973,18.912420745186193,7200
2010-07-08,17.274703979492188,17.484518557910555,16.814278902184466,17.484518557910555,5000
2010-07-09,17.216434478759766,17.216434478759766,17.216434478759766,17.216434478759766,200
2010-07-12,17.36212730407715,17.79341195786327,17.33881407929294,17.79341195786327,900
2010-07-13,18.06732940673828,18.865788180584786,18.06732940673828,18.06732940673828,800
2010-07-14,17.735132217407227,17.735132217407227,17.502005498695357,17.502005498695357,500
2010-07-15,18.568565368652344,18.568565368652344,17.48452449428322,17.799246468765663,900
2010-07-16,17.25721549987793,18.62683486010565,17.158136543743947,18.62683486010565,600
2010-07-19,17.268877029418945,17.268877029418945,16.88421767986734,16.913359213400547,600
2010-07-20,17.082382202148438,17.082382202148438,16.96581935829153,16.96581935829153,400
2010-07-21,17.193117141723633,17.193117141723633,17.193117141723633,17.193117141723633,200
2010-07-22,17.601089477539062,17.601089477539062,17.134834796441197,17.134834796441197,1200
2010-07-23,17.624399185180664,17.624399185180664,17.053238362945358,17.053238362945358,200
2010-07-26,17.047405242919922,17.06489016130665,17.047405242919922,17.06489016130665,200
2010-07-27,17.775928497314453,17.775928497314453,17.309675079744146,17.420409571644697,2100
2010-07-28,17.612743377685547,18.38789056103523,17.36795999812059,17.641884917893336,900
2010-07-29,17.48451805114746,17.48451805114746,17.05906171202878,17.05906171202878,200
2010-07-30,16.61029052734375,17.77592495031524,15.677782766639435,17.257217987816322,5100
2010-08-02,17.48451805114746,17.48451805114746,17.48451805114746,17.48451805114746,1200
2010-08-03,17.48451805114746,17.48451805114746,16.901700782775876,16.901700782775876,700
2010-08-04,17.3971004486084,17.48452284048361,17.19311412647555,17.48452284048361,1400
2010-08-05,17.45537757873535,17.48451799741008,17.45537757873535,17.48451799741008,1300
2010-08-06,17.146482467651367,17.490344712587646,16.95998113717114,17.490344712587646,3800
2010-08-09,17.193117141723633,17.577776622743162,17.187288833025004,17.233914190977792,5100
2010-08-10,18.376232147216797,18.376232147216797,17.193112481361307,17.193112481361307,500
2010-08-11,17.898317337036133,18.049849956474798,17.25721924693461,17.25721924693461,1500
2010-08-12,17.012441635131836,17.012441635131836,16.959987975829293,16.959987975829293,400
2010-08-13,17.012441635131836,17.012441635131836,17.012441635131836,17.012441635131836,0
2010-08-16,17.251388549804688,17.251388549804688,17.233903634419125,17.233903634419125,200
2010-08-17,17.746784210205078,17.746784210205078,17.746784210205078,17.746784210205078,1900
2010-08-18,17.193117141723633,17.455385474980684,17.029927833070776,17.455385474980684,700
2010-08-19,16.476245880126953,17.97408621256835,16.318884937154653,17.97408621256835,12800
2010-08-20,17.36212730407715,17.496175011679103,17.36212730407715,17.496175011679103,200
2010-08-23,17.36212730407715,17.36212730407715,17.36212730407715,17.36212730407715,0
2010-08-24,16.919187545776367,18.06733728946646,16.919187545776367,18.06733728946646,600
2010-08-25,16.58115577697754,16.58115577697754,15.333925762324414,16.120729488997352,600
2010-08-26,16.557842254638672,16.557842254638672,15.462146031125245,15.864289236979763,1000
2010-08-27,16.28974151611328,16.610290537981484,15.45048441977835,16.610290537981484,2300
2010-08-30,17.24212646484375,17.24212646484375,16.47671893229653,16.47671893229653,500
2010-08-31,17.002567291259766,17.528419658117922,16.45334316326587,17.38234949430027,3000
2010-09-01,17.38235092163086,17.38235092163086,17.02593933603288,17.02593933603288,900
2010-09-02,17.0902042388916,17.0902042388916,17.0902042388916,17.0902042388916,100
2010-09-03,17.674488067626953,17.674488067626953,16.248843098231756,17.090207470350027,4800
2010-09-07,17.300546646118164,17.31807434857862,16.570195992221606,17.049305842869483,1300
2010-09-08,17.300546646118164,17.300546646118164,17.300546646118164,17.300546646118164,0
2010-09-09,17.236278533935547,17.236278533935547,16.470871222942677,16.470871222942677,200
2010-09-10,18.05427360534668,18.05427360534668,17.645277779512192,17.645277779512192,7200
2010-09-13,18.22955322265625,18.22955322265625,18.054268392684033,18.054268392684033,500
2010-09-14,18.457427978515625,18.457427978515625,18.112702265596877,18.264615386071835,2700
2010-09-15,17.9958438873291,17.9958438873291,17.19538000698133,17.19538000698133,300
2010-09-16,18.387313842773438,18.574284609145383,17.902360890131174,17.902360890131174,900
2010-09-17,18.79046630859375,18.79046630859375,18.182814989661125,18.182814989661125,1300
2010-09-20,18.696977615356445,18.807990117560394,18.69113467612044,18.807990117560394,300
2010-09-21,19.02418327331543,19.02418327331543,19.02418327331543,19.02418327331543,200
2010-09-22,18.626861572265625,18.983274143001147,18.3697789584812,18.8664175989707,1900
2010-09-23,18.714509963989258,18.714509963989258,18.714509963989258,18.714509963989258,300
2010-09-24,19.5032901763916,19.5032901763916,17.639434451773354,19.041707893523967,2400
2010-09-27,19.5032901763916,19.5032901763916,19.5032901763916,19.5032901763916,0
2010-09-28,18.696977615356445,18.696977615356445,18.679448797648433,18.679448797648433,400
2010-09-29,18.696977615356445,18.696977615356445,18.696977615356445,18.696977615356445,200
2010-09-30,19.041704177856445,19.84216794781005,18.994960661639887,18.994960661639887,1200
2010-10-01,19.304630279541016,19.304630279541016,18.87226168349997,19.281258522165075,1200
2010-10-04,19.532499313354492,19.532499313354492,19.26373079048329,19.26373079048329,4500
2010-10-05,19.281253814697266,19.281253814697266,19.281253814697266,19.281253814697266,200
2010-10-06,18.696977615356445,18.696977615356445,17.767971450939285,17.767971450939285,700
2010-10-07,18.696977615356445,19.240358705611015,18.696977615356445,19.240358705611015,900
2010-10-08,19.164411544799805,19.164411544799805,18.580130691428746,18.82552980884897,400
2010-10-11,18.994962692260742,18.994962692260742,18.334726057095168,18.696980545512297,1000
2010-10-12,19.41564178466797,19.555870092854,19.281257529951915,19.555870092854,2200
2010-10-13,19.427326202392578,19.45069795680894,19.281256080570078,19.281256080570078,1300
2010-10-14,18.580123901367188,19.42733127491624,18.580123901367188,19.42733127491624,1800
2010-10-15,18.907318115234375,18.907318115234375,18.907318115234375,18.907318115234375,200
2010-10-18,19.444860458374023,19.444860458374023,18.410684494228395,18.498326373979452,3300
2010-10-19,19.444860458374023,19.444860458374023,19.444860458374023,19.444860458374023,0
2010-10-20,19.164411544799805,19.53835093434055,19.123512063372196,19.123512063372196,2300
2010-10-21,19.193613052368164,19.193613052368164,18.252922228756805,18.252922228756805,500
2010-10-22,18.860576629638672,18.860576629638672,18.860576629638672,18.860576629638672,1200
2010-10-25,18.778783798217773,19.322165098616846,18.76709791522643,19.322165098616846,1500
2010-10-26,17.528419494628906,18.153599611629033,17.26549275643871,18.08348655772958,5000
2010-10-27,17.674488067626953,17.674488067626953,16.97919384482791,17.50504615949178,4300
2010-10-28,17.528419494628906,17.54594831531722,17.160323175589532,17.160323175589532,1800
2010-10-29,17.98415756225586,18.924848585774736,17.98415756225586,18.924848585774736,300
2010-11-01,18.112701416015625,18.510012464094608,17.5459495470953,17.5459495470953,1000
2010-11-02,17.59853744506836,18.112704037062848,17.53426620315887,17.53426620315887,1300
2010-11-03,17.534257888793945,18.492477549448438,17.52841495007939,18.492477549448438,2100
2010-11-04,17.627744674682617,18.112697498616903,17.627744674682617,17.937413775046142,2900
2010-11-05,17.627744674682617,17.627744674682617,17.627744674682617,17.627744674682617,0
2010-11-08,17.66864585876465,17.66864585876465,17.66280291881898,17.66280291881898,700
2010-11-09,17.645278930664062,17.645278930664062,17.639435989487485,17.645278930664062,1000
2010-11-10,19.29294776916504,19.713630559964166,17.616061775186473,17.616061775186473,700
2010-11-11,18.35810089111328,18.81384026940118,17.680335322024863,18.81384026940118,1000
2010-11-12,18.35810089111328,18.35810089111328,18.35810089111328,18.35810089111328,0
2010-11-15,18.54506492614746,18.726191588542832,18.45742306462884,18.726191588542832,500
2010-11-16,18.54506492614746,18.54506492614746,18.54506492614746,18.54506492614746,0
2010-11-17,18.54506492614746,18.54506492614746,18.54506492614746,18.54506492614746,0
2010-11-18,17.914047241210938,18.112702780212597,17.703705820049876,17.703705820049876,1200
2010-11-19,17.826400756835938,17.826400756835938,17.697859429511613,17.697859429511613,500
2010-11-22,17.236278533935547,17.82055916220455,17.236278533935547,17.82055916220455,2000
2010-11-23,17.78550148010254,17.791344419736532,16.955822997330674,16.955822997330674,600
2010-11-24,17.14279556274414,17.18369503280499,17.14279556274414,17.18369503280499,500
2010-11-26,17.03177833557129,17.03177833557129,17.03177833557129,17.03177833557129,200
2010-11-29,18.191444396972656,18.191444396972656,18.16801748951199,18.191444396972656,3000
2010-11-30,18.419862747192383,18.566284546082276,17.20163342511286,18.566284546082276,600
2010-12-01,17.998165130615234,17.998165130615234,17.30705414255485,17.30705414255485,1000
2010-12-02,17.664316177368164,17.99815751958695,17.57646336895939,17.99815751958695,500
2010-12-03,17.65260887145996,17.88102760054646,17.65260887145996,17.740462830321416,1400
2010-12-06,17.658464431762695,17.69946234675199,17.658464431762695,17.69946234675199,2300
2010-12-07,17.629179000854492,18.747839969289945,17.629179000854492,17.658462904139398,300
2010-12-08,17.86345863342285,17.86345863342285,17.547187026323403,17.86345863342285,1600
2010-12-09,17.86345863342285,17.86345863342285,17.728750852818102,17.728750852818102,500
2010-12-10,18.009878158569336,18.009878158569336,18.009878158569336,18.009878158569336,700
2010-12-13,18.302719116210938,18.765412391681224,17.881024869932794,18.009875610351564,7700
2010-12-14,18.730276107788086,18.730276107788086,18.185586841196198,18.185586841196198,600
2010-12-15,18.443281173706055,18.4491381770217,17.64674659652479,17.64674659652479,4100
2010-12-16,18.443281173706055,18.443281173706055,18.443281173706055,18.443281173706055,0
2010-12-17,18.460853576660156,18.460853576660156,18.449139569144958,18.449139569144958,1100
2010-12-20,18.162160873413086,18.730277076128758,18.162160873413086,18.730277076128758,1000
2010-12-21,18.73613166809082,18.73613166809082,18.15630152755433,18.15630152755433,800
2010-12-22,18.724414825439453,18.724414825439453,18.255865626300135,18.613135088837247,1100
2010-12-23,18.44914436340332,18.44914436340332,18.337863497309584,18.337863497309584,1900
2010-12-27,18.156291961669922,18.16214896409773,18.156291961669922,18.16214896409773,600
2010-12-28,18.162160873413086,18.62485319751746,18.15630386714471,18.15630386714471,1600
2010-12-29,17.875171661376953,18.091875276146524,17.863457650548987,17.980595524609527,1000
2010-12-30,17.875171661376953,17.875171661376953,17.875171661376953,17.875171661376953,0
2010-12-31,17.86345863342285,18.57213957086406,17.86345863342285,17.898599550730694,600
2011-01-03,18.138729095458984,18.519426604369436,18.08016127911229,18.519426604369436,1100
2011-01-04,17.939598083496094,17.939598083496094,17.939598083496094,17.939598083496094,100
2011-01-05,18.51942253112793,18.51942253112793,17.892736533225115,18.384713678674306,600
2011-01-06,18.51942253112793,18.51942253112793,18.51942253112793,18.51942253112793,0
2011-01-07,18.654130935668945,18.654130935668945,17.93373620295684,17.93373620295684,300
2011-01-10,18.02744483947754,18.02744483947754,17.91030700187805,17.91030700187805,200
2011-01-11,18.44914436340332,18.44914436340332,18.168014812638702,18.349577507868826,1900
2011-01-12,18.23244285583496,18.449147621006812,18.23244285583496,18.449147621006812,1300
2011-01-13,18.039165496826172,18.039165496826172,18.039165496826172,18.039165496826172,100
2011-01-14,18.730276107788086,18.736133113753656,18.70099219506989,18.70099219506989,800
2011-01-18,18.730276107788086,18.730276107788086,18.730276107788086,18.730276107788086,0
2011-01-19,18.724414825439453,18.724414825439453,18.44914231058378,18.44914231058378,1500
2011-01-20,18.191444396972656,18.57799786550613,18.02745269341888,18.2324423228611,1300
2011-01-21,18.706851959228516,18.724421862606125,18.706851959228516,18.724421862606125,300
2011-01-24,18.185583114624023,18.185583114624023,18.185583114624023,18.185583114624023,100
2011-01-25,18.185583114624023,18.185583114624023,18.185583114624023,18.185583114624023,0
2011-01-26,18.50771141052246,18.50771141052246,18.162155954052782,18.437428471448367,2200
2011-01-27,18.419862747192383,18.419862747192383,18.214872005324597,18.214872005324597,900
2011-01-28,18.273439407348633,18.43157408781126,18.156301531270795,18.43157408781126,1300
2011-01-31,18.273439407348633,18.273439407348633,18.273439407348633,18.273439407348633,0
2011-02-01,18.44914436340332,18.44914436340332,18.44914436340332,18.44914436340332,400
2011-02-02,18.44914436340332,18.44914436340332,18.209012732486517,18.209012732486517,700
2011-02-03,18.191444396972656,18.484288001444057,18.191444396972656,18.484288001444057,4800
2011-02-04,18.273439407348633,18.273439407348633,18.273439407348633,18.273439407348633,100
2011-02-07,18.44914436340332,18.44914436340332,18.44914436340332,18.44914436340332,1400
2011-02-08,18.44914436340332,18.44914436340332,18.44914436340332,18.44914436340332,0
2011-02-09,20.135921478271484,20.135921478271484,18.449142142517218,18.449142142517218,2800
2011-02-10,18.308576583862305,19.766937145907225,18.308576583862305,19.327671875998178,7800
2011-02-11,17.910308837890625,18.449140935288177,17.910308837890625,18.43156992271426,7600
2011-02-14,18.31443977355957,18.42571954186724,17.851746330109673,17.881031361593056,3900
2011-02-15,17.910308837890625,18.4725689520534,17.910308837890625,18.4725689520534,4800
2011-02-16,17.582324981689453,18.156298005365738,17.57646797731202,17.57646797731202,1600
2011-02-17,18.870840072631836,18.905979870585767,18.015736280617077,18.449144623431852,10500
2011-02-18,18.86497688293457,19.034826641486426,18.86497688293457,19.034826641486426,1400
2011-02-22,18.5662784576416,18.993829702086863,18.191438015770345,18.74198411184644,8000
2011-02-23,18.156291961669922,18.25000176629692,17.957158347560306,18.25000176629692,13800
2011-02-24,18.33200454711914,18.437428396748444,18.33200454711914,18.437428396748444,500
2011-02-25,18.156291961669922,18.454992382834345,17.804879635764188,18.454992382834345,9000
2011-02-28,18.50771141052246,18.76541403098159,18.32029172913743,18.32029172913743,4100
2011-03-01,18.127017974853516,18.53699831491431,17.927884251897567,18.53699831491431,4900
2011-03-02,17.892742156982422,18.068448973930597,17.892742156982422,18.00988003494787,4800
2011-03-03,17.951313018798828,18.636567108944828,17.951313018798828,18.021595976528296,20700
2011-03-04,17.95716667175293,17.95716667175293,17.834172915081098,17.945452661467183,5200
2011-03-07,17.869319915771484,17.869319915771484,17.869319915771484,17.869319915771484,300
2011-03-08,18.23244285583496,18.437433608379205,17.758036515514082,17.910315328343813,24100
2011-03-09,17.916166305541992,18.009876140808345,17.89273828817073,17.927880314227625,4100
2011-03-10,17.588184356689453,17.980594765993718,17.588184356689453,17.980594765993718,1200
2011-03-11,17.951313018798828,18.009881964055097,17.83417624539601,17.927886110962152,4900
2011-03-14,17.804887771606445,18.033306502229756,17.62918208692036,18.033306502229756,47700
2011-03-15,18.080163955688477,18.097733856349727,17.78146335624103,17.78146335624103,6500
2011-03-16,18.273439407348633,18.273439407348633,17.881028974730334,18.10358959874673,2800
2011-03-17,18.314525604248047,18.314525604248047,18.314525604248047,18.314525604248047,0
2011-03-18,18.05037498474121,18.109075615119934,18.02102522936255,18.109075615119934,3400
2011-03-21,18.343881607055664,18.343881607055664,17.962329093553244,18.191260377730362,45700
2011-03-22,18.778261184692383,18.778261184692383,18.484759132190867,18.484759132190867,2600
2011-03-23,18.90739631652832,18.90739631652832,18.496494231462687,18.68433531259225,4000
2011-03-24,18.525850296020508,20.14598185249994,18.525850296020508,20.14598185249994,800
2011-03-25,18.55519676208496,18.55519676208496,18.490625963932104,18.54932658774186,1300
2011-03-28,18.519975662231445,18.63737690950994,18.261694709612797,18.578676285870692,11700
2011-03-29,18.467151641845703,19.247868304680633,18.467151641845703,18.637383397699786,6500
2011-03-30,18.43192481994629,18.531715541720246,18.302784346906385,18.490625442099425,2600
2011-03-31,18.666730880737305,18.666730880737305,17.903625959807243,18.343879057179553,1700
2011-04-01,18.666730880737305,18.725431517644584,18.660861824705947,18.660861824705947,2400
2011-04-04,17.569026947021484,18.784124843709574,17.381185877723762,18.748904923121522,47900
2011-04-05,17.698171615600586,18.255825902505467,17.698171615600586,17.88601272961699,16300
2011-04-06,17.85079002380371,17.9094906427078,17.63946824359746,17.9094906427078,31300
2011-04-07,18.021026611328125,18.144296936917325,17.92710604336831,17.950585625547518,9400
2011-04-08,18.103206634521484,18.126686216449254,18.02102641834208,18.05037617565716,12400
2011-04-11,18.17951202392578,18.17951202392578,17.93884049273133,17.93884049273133,7300
2011-04-12,18.608030319213867,18.608030319213867,18.150166720577115,18.150166720577115,2900
2011-04-13,19.007192611694336,19.007192611694336,18.214736885010524,18.214736885010524,2400
2011-04-14,19.37112808227539,19.37112808227539,18.784124200994317,18.784124200994317,5200
2011-04-15,19.382869720458984,19.382869720458984,19.001316276499292,19.247859087475067,1600
2011-04-18,19.17742156982422,19.35939363459395,18.96023069456168,19.347653284682085,1500
2011-04-19,18.936752319335938,18.936752319335938,18.81348198899337,18.81348198899337,300
2011-04-20,19.19503402709961,19.3887442107408,18.94849114699651,18.94849114699651,5400
2011-04-21,19.535499572753906,19.541370868884435,19.18916699608399,19.18916699608399,1000
2011-04-25,19.605932235717773,20.0285735443149,19.47091936074728,19.47091936074728,4900
2011-04-26,19.940526962280273,20.140108415510433,19.776164316580815,19.78203561066433,4500
2011-04-27,20.15184211730957,20.15184211730957,19.600057096081613,19.600057096081613,3100
2011-04-28,20.15184211730957,20.15184211730957,20.15184211730957,20.15184211730957,0
2011-04-29,19.506147384643555,20.087282470928248,19.506147384643555,20.087282470928248,400
2011-05-02,19.870088577270508,20.01683960735151,19.617676626391745,20.01683960735151,1000
2011-05-03,19.946399688720703,19.95814003980622,19.576586466877426,19.576586466877426,1500
2011-05-04,20.415996551513672,20.574487885846075,20.151846566868677,20.151846566868677,3200
2011-05-05,21.1614990234375,21.31412135543124,20.603844636678424,20.603844636678424,2000
2011-05-06,22.88728904724121,23.05751852105079,21.419778912464704,21.419778912464704,6900
2011-05-09,22.957735061645508,23.233627757507456,22.899033296970966,23.163185639898007,3400
2011-05-10,23.192533493041992,23.480166518156405,23.192533493041992,23.386245941653506,4100
2011-05-11,22.86381721496582,23.18666912198011,22.693585435892306,23.18666912198011,3600
2011-05-12,23.967370986938477,23.984980387876995,22.893152744844134,22.987073281919958,8300
2011-05-13,24.33131980895996,24.35480050981479,23.474294380944656,23.50364413739175,5100
2011-05-16,23.779541015625,23.779541015625,23.53886936438097,23.53886936438097,1300
2011-05-17,24.36067008972168,25.63446790873317,23.779535046892754,23.779535046892754,800
2011-05-18,24.014333724975586,24.0436834773404,24.01433372497559,24.0436834773404,700
2011-05-19,23.773670196533203,24.0613032409682,23.773670196533203,24.0613032409682,5800
2011-05-20,23.949764251708984,24.043684808019893,23.773663488531362,24.043684808019893,3900
2011-05-23,24.06716537475586,24.18456662931052,24.061296319687333,24.061296319687333,4200
2011-05-24,23.92041778564453,24.067168815004315,23.77366675628475,24.067168815004315,6300
2011-05-25,23.662134170532227,23.920415147593577,23.538861617640382,23.685612630815804,3700
2011-05-26,23.662134170532227,23.66213417053223,23.66213417053223,23.66213417053223,0
2011-05-27,23.626907348632812,23.667997443143232,23.626907348632812,23.64451674935379,1200
2011-05-31,23.550596237182617,23.550596237182617,23.53885589027606,23.53885589027606,2000
2011-06-01,23.48016357421875,23.48016357421875,23.245361042779404,23.245361042779404,3200
2011-06-02,23.82650375366211,23.826503753662106,23.826503753662106,23.826503753662106,200
2011-06-03,23.656267166137695,23.920419485606523,23.25710415877217,23.574086942134763,2200
2011-06-06,23.304058074951172,23.304058074951172,23.268837030596533,23.268837030596533,500
2011-06-07,23.48016357421875,23.48016357421875,23.274713038641494,23.280582094268176,500
2011-06-08,23.251230239868164,23.251230239868168,23.251230239868168,23.251230239868168,300
2011-06-09,23.908679962158203,23.908679962158203,23.286454725765,23.286454725765,2800
2011-06-10,23.632783889770508,23.914547826027523,23.632783889770508,23.90867653109892,400
2011-06-13,23.409334182739258,23.703347412772008,23.285846921336873,23.379931065221637,1400
2011-06-14,23.409334182739258,23.409334182739254,23.409334182739254,23.409334182739254,0
2011-06-15,23.268205642700195,23.268205642700195,23.268205642700195,23.268205642700195,200
2011-06-16,23.26232147216797,23.32700248158639,23.26232147216797,23.32700248158639,600
2011-06-17,23.61514663696289,23.61514663696289,23.24468927487345,23.24468927487345,800
2011-06-20,23.40345001220703,23.61513987276566,23.397570735254927,23.61513987276566,2500
2011-06-21,23.40345001220703,23.40345001220703,23.40345001220703,23.40345001220703,0
2011-06-22,23.256450653076172,23.991483873736883,23.150605689849563,23.991483873736883,800
2011-06-23,23.256450653076172,23.256450653076175,23.256450653076175,23.256450653076175,0
2011-06-24,23.479900360107422,23.785674435794533,23.02124036814839,23.06240204726557,7200
2011-06-27,22.997722625732422,23.138847765481948,22.997722625732422,23.132968485968906,3000
2011-06-28,23.168245315551758,23.168245315551758,23.056518843405243,23.168245315551758,1800
2011-06-29,23.168245315551758,23.168245315551758,23.168245315551758,23.168245315551758,0
2011-06-30,23.438732147216797,23.920913605156688,23.438732147216797,23.920913605156688,300
2011-07-01,23.085922241210938,23.085922241210934,23.085922241210934,23.085922241210934,100
2011-07-05,23.085922241210938,23.085922241210934,23.085922241210934,23.085922241210934,0
2011-07-06,22.74486541748047,22.93303371983278,22.74486541748047,22.93303371983278,400
2011-07-07,22.74486541748047,22.74486541748047,22.74486541748047,22.74486541748047,0
2011-07-08,22.74486541748047,22.74486541748047,22.74486541748047,22.74486541748047,0
2011-07-11,22.74486541748047,22.74486541748047,22.74486541748047,22.74486541748047,0
2011-07-12,22.74486541748047,22.74486541748047,22.74486541748047,22.74486541748047,0
2011-07-13,22.786029815673828,22.786029815673828,22.709585732728197,22.709585732728197,800
2011-07-14,22.39793586730957,22.39793586730957,22.39793586730957,22.39793586730957,100
2011-07-15,22.786029815673828,22.803669895144598,22.49201652772965,22.674305573786654,700
2011-07-18,22.544933319091797,22.544933319091797,22.544933319091797,22.544933319091797,200
2011-07-19,22.39793586730957,22.633147431698422,22.39793586730957,22.627265908859652,700
2011-07-20,22.639019012451172,22.656659088681103,22.639019012451175,22.656659088681103,600
2011-07-21,22.509653091430664,22.521413890288724,22.509653091430664,22.521413890288724,200
2011-07-22,22.76838493347168,22.780145731685845,22.76838493347168,22.780145731685845,500
2011-07-25,22.76838493347168,22.76838493347168,22.76838493347168,22.76838493347168,0
2011-07-26,22.76838493347168,22.76838493347168,22.76838493347168,22.76838493347168,0
2011-07-27,22.3685302734375,22.368530273437504,22.368530273437504,22.368530273437504,300
2011-07-28,22.6449031829834,22.90951559932138,22.6449031829834,22.668424785134206,2300
2011-07-29,22.403810501098633,22.662543616901306,22.403810501098633,22.644901295187232,900
2011-08-01,21.874591827392578,22.66842690759026,16.92928779089779,22.66842690759026,3800
2011-08-02,22.168603897094727,22.768391315275537,21.756984816796887,21.956913956190494,3200
2011-08-03,21.398283004760742,22.527294999945685,21.398283004760742,22.527294999945685,3800
2011-08-04,22.492015838623047,22.492015838623047,21.739342562352103,21.751103362686752,1400
2011-08-05,22.192121505737305,22.192121505737305,22.080395033067855,22.080395033067855,200
2011-08-08,21.1689510345459,21.76285672936562,21.021944430139328,21.76285672936562,1800
2011-08-09,21.1689510345459,21.1689510345459,21.1689510345459,21.1689510345459,0
2011-08-10,21.1689510345459,21.1689510345459,21.1689510345459,21.1689510345459,0
2011-08-11,21.31597137451172,21.527661380168563,20.08111599903907,20.11051689023714,7400
2011-08-12,21.251277923583984,21.251277923583984,21.251277923583984,21.251277923583984,400
2011-08-15,19.992895126342773,20.9925403312884,19.875289412265214,20.9925403312884,600
2011-08-16,21.039588928222656,21.13955460667013,19.928219124157607,19.928219124157607,700
2011-08-17,20.5809268951416,21.098390828013777,19.99290041242327,20.528004421971232,6800
2011-08-18,20.451555252075195,20.451555252075195,20.451555252075195,20.451555252075195,200
2011-08-19,20.210472106933594,20.210472106933594,19.410755631661196,19.410755631661196,1700
2011-08-22,20.104618072509766,20.210462984292455,20.063456411610087,20.210462984292455,900
2011-08-23,19.992895126342773,20.58092145358815,19.916451075720996,20.051696861810342,10000
2011-08-24,20.12226676940918,20.398637688380933,19.992900226607723,20.169307721155075,3300
2011-08-25,19.934097290039062,19.934097290039062,19.922336492016623,19.922336492016623,400
2011-08-26,19.951740264892578,20.151669374042118,19.951740264892578,20.151669374042118,200
2011-08-29,19.951740264892578,19.951740264892578,19.951740264892578,19.951740264892578,0
2011-08-30,19.99298667907715,19.99298667907715,19.99298667907715,19.99298667907715,0
2011-08-31,21.79606819152832,21.79606819152832,21.79606819152832,21.79606819152832,400
2011-09-01,20.482057571411133,20.482057571411133,20.482057571411133,20.482057571411133,200
2011-09-02,20.764890670776367,20.800243754924317,20.56454828541125,20.56454828541125,1200
2011-09-06,20.558650970458984,21.42483734338138,20.334738403406877,20.865057049640917,6000
2011-09-07,20.558650970458984,20.558650970458984,20.558650970458984,20.558650970458984,0
2011-09-08,20.49973487854004,20.67061564101197,20.49973487854004,20.61758375775449,2200
2011-09-09,20.49973487854004,20.49973487854004,20.49973487854004,20.49973487854004,0
2011-09-12,20.34653091430664,20.49973513352517,20.0342332911172,20.0342332911172,1100
2011-09-13,20.59401512145996,20.59401512145996,20.59401512145996,20.59401512145996,200
2011-09-14,20.59401512145996,20.59401512145996,20.59401512145996,20.59401512145996,0
2011-09-15,20.59401512145996,20.59401512145996,20.59401512145996,20.59401512145996,0
2011-09-16,20.623477935791016,21.796070956020934,20.35242705095942,21.796070956020934,700
2011-09-19,20.59401512145996,20.735431989205175,19.763183718169913,19.822107038433654,1600
2011-09-20,20.59401512145996,20.59401512145996,20.59401512145996,20.59401512145996,0
2011-09-21,20.269939422607422,20.269939422607422,20.269939422607422,20.269939422607422,100
2011-09-22,20.03423309326172,20.03423309326172,19.50980793958297,19.886922555811264,600
2011-09-23,19.53338050842285,19.739614386482785,19.462669823561715,19.556948488929212,4500
2011-09-26,19.89280891418457,20.41723618187695,19.621758133880537,19.621758133880537,2900
2011-09-27,20.487953186035156,20.67651052514328,19.898710939377075,20.535091396921793,4400
2011-09-28,20.387781143188477,20.387781143188477,20.26993449030157,20.28761103867844,400
2011-09-29,20.387781143188477,20.387781143188477,20.387781143188477,20.387781143188477,0
2011-09-30,20.794355392456055,20.977019014925837,20.26993025424996,20.26993025424996,400
2011-10-03,20.34064483642578,20.358321386458005,20.34064483642578,20.34064483642578,1300
2011-10-04,20.281715393066406,20.446704737134215,20.269932527143553,20.269932527143553,700
2011-10-05,20.281715393066406,20.281715393066406,20.281715393066406,20.281715393066406,0
2011-10-06,20.358312606811523,20.358312606811523,20.358312606811523,20.358312606811523,200
2011-10-07,20.358312606811523,20.358312606811523,20.358312606811523,20.358312606811523,1800
2011-10-10,20.764890670776367,21.094864777650667,20.311174026044185,20.62347159084451,4500
2011-10-11,20.670610427856445,20.68239328980387,20.623469988947384,20.623469988947384,2700
2011-10-12,20.971128463745117,20.971128463745117,20.78257115327177,20.80024769869726,3600
2011-10-13,20.971128463745117,20.971128463745117,20.971128463745117,20.971128463745117,0
2011-10-14,20.876850128173828,20.882741560812384,20.876850128173828,20.882741560812384,300
2011-10-17,21.006486892700195,21.006486892700195,20.888637994372157,20.888637994372157,700
2011-10-18,20.711862564086914,20.741324222162373,20.623475342080116,20.623475342080116,900
2011-10-19,20.923986434936523,20.923986434936523,20.923986434936523,20.923986434936523,100
2011-10-20,20.94755744934082,21.147899865148656,20.806140595700207,21.147899865148656,1600
2011-10-21,21.10076904296875,21.212724278571105,21.10076904296875,21.147907261408264,1600
2011-10-24,21.212717056274414,21.24217871374094,21.212717056274414,21.212717056274414,1300
2011-10-25,21.212717056274414,21.507338126500446,21.212717056274414,21.48376790141507,3200
2011-10-26,21.212717056274414,21.212717056274414,21.212717056274414,21.212717056274414,0
2011-10-27,21.513235092163086,21.801964804270288,21.489667108796322,21.801964804270288,2600
2011-10-28,21.513235092163086,21.513235092163086,21.513235092163086,21.513235092163086,0
2011-10-31,21.513235092163086,21.513235092163086,21.513235092163086,21.513235092163086,0
2011-11-01,20.623477935791016,20.971130939477007,20.623477935791016,20.971130939477007,600
2011-11-02,20.988801956176758,20.988801956176754,20.988801956176754,20.988801956176754,300
2011-11-03,21.094867706298828,21.19504003677855,21.09486770629883,21.09486770629883,700
2011-11-04,21.10076904296875,21.212724278571105,20.977026443030077,21.212724278571105,5800
2011-11-07,21.000593185424805,21.000593185424805,20.90631451643561,20.90631451643561,500
2011-11-08,20.91809844970703,20.91809844970703,20.87685167483992,20.87685167483992,200
2011-11-09,20.63525390625,20.63525390625,20.63525390625,20.63525390625,100
2011-11-10,20.63525390625,20.63525390625,20.63525390625,20.63525390625,0
2011-11-11,20.988801956176758,21.03594240082835,20.85917022894511,20.85917022894511,900
2011-11-14,21.38948631286621,21.38948631286621,21.195037602053464,21.195037602053464,1600
2011-11-15,21.248075485229492,21.41306258926989,21.224505256714945,21.395386041774337,1800
2011-11-16,21.248075485229492,21.248075485229492,21.248075485229492,21.248075485229492,0
2011-11-17,22.06122589111328,22.084796117226233,22.06122589111328,22.084796117226233,300
2011-11-18,21.908031463623047,22.025880387002864,21.625195396180246,22.025880387002864,1100
2011-11-21,21.79606819152832,21.79606819152832,21.271640788112165,21.631078860477444,900
2011-11-22,21.79606819152832,21.79606819152832,21.79606819152832,21.79606819152832,0
2011-11-23,21.2421817779541,21.283428553913218,21.224505230480396,21.283428553913218,2400
2011-11-25,21.2421817779541,21.2421817779541,21.2421817779541,21.2421817779541,200
2011-11-28,21.19503402709961,21.24217221506887,20.64703882430633,21.24217221506887,1700
2011-11-29,21.19504165649414,21.372158538281212,20.74634315365933,21.259982786490838,1500
2011-11-30,21.8444766998291,21.844476699829105,21.49024284340015,21.549281068750332,14400
2011-12-01,21.590599060058594,21.620118160132193,21.590599060058594,21.620118160132193,900
2011-12-02,21.8444766998291,21.844476699829105,21.844476699829105,21.844476699829105,200
2011-12-05,21.8444766998291,21.844476699829105,21.649646502278426,21.844476699829105,1500
2011-12-06,22.316783905029297,22.89536693287426,22.316783905029297,22.89536693287426,2100
2011-12-07,21.726394653320312,22.24003434174345,21.72639465332031,21.90941672720147,2600
2011-12-08,21.726394653320312,21.72639465332031,21.72639465332031,21.72639465332031,200
2011-12-09,21.702781677246094,21.702781677246094,21.67916773854443,21.696878755611657,2600
2011-12-12,21.58469581604004,21.655542105582978,21.58469581604004,21.655542105582978,300
2011-12-13,21.667356491088867,22.0688226687455,21.006119008192357,21.57879691430794,13700
2011-12-14,21.620119094848633,21.844468319000786,21.620119094848633,21.844468319000786,700
2011-12-15,21.679168701171875,21.773631216664743,20.958890612936226,21.313124482993484,2200
2011-12-16,21.667356491088867,21.992071185679603,21.271793234207948,21.271793234207948,8700
2011-12-19,21.07695960998535,21.732293994620044,21.07695960998535,21.732293994620044,200
2011-12-20,21.513851165771484,21.62012174538964,20.888038032646055,21.62012174538964,1100
2011-12-21,21.673263549804688,21.92122906083562,21.065161246442866,21.065161246442866,8100
2011-12-22,21.460716247558594,21.460716247558594,20.98840380339047,21.24227216441147,400
2011-12-23,21.809051513671875,21.903514021633836,21.124197767906697,21.183238242985322,7600
2011-12-27,21.702781677246094,21.73820596354447,21.254085311619583,21.254085311619583,6100
2011-12-28,21.02382469177246,21.75000537988567,20.976592328888827,21.56698335195612,11900
2011-12-29,21.372156143188477,21.431194346446876,21.0769606225703,21.0769606225703,3300
2011-12-30,21.1182918548584,21.2717925639902,20.6754984892322,21.254081550057478,15100
2012-01-03,21.83266258239746,21.873989779176423,21.584699401723682,21.584699401723682,1300
2012-01-04,21.555179595947266,21.84447224637826,21.136002425792753,21.136002425792753,2000
2012-01-05,21.372156143188477,21.372156143188477,21.159615007997296,21.372156143188477,600
2012-01-06,21.85627555847168,21.86217847764644,21.714580724484556,21.86217847764644,1400
2012-01-09,21.7972354888916,21.84446785177152,21.7972354888916,21.84446785177152,1200
2012-01-10,21.8621826171875,21.87989588239171,21.856279696895037,21.856279696895037,2500
2012-01-11,21.8621826171875,21.8621826171875,21.8621826171875,21.8621826171875,0
2012-01-12,21.8621826171875,21.8621826171875,21.8621826171875,21.8621826171875,0
2012-01-13,21.702781677246094,21.84447657027568,21.702781677246094,21.720494946477242,2700
2012-01-17,21.75592041015625,21.891712402957285,21.75592041015625,21.85628811107472,7900
2012-01-18,22.198692321777344,22.198692321777344,21.85036167314408,21.85036167314408,700
2012-01-19,22.334491729736328,22.405338016335165,21.850369056849537,21.850369056849537,2300
2012-01-20,21.726394653320312,22.322690997542534,21.72639465332031,22.322690997542534,1000
2012-01-23,22.517518997192383,22.724157259217822,22.186901381413435,22.186901381413435,2600
2012-01-24,22.74776840209961,23.780952828906923,22.60017062684142,22.60017062684142,5400
2012-01-25,24.377254486083984,24.377254486083988,23.403108053366154,23.403108053366154,2000
2012-01-26,24.377254486083984,24.377254486083988,24.377254486083988,24.377254486083988,0
2012-01-27,24.50123405456543,24.50123405456543,24.383155367725163,24.383155367725163,300
2012-01-30,23.704204559326172,24.501231676864847,23.084292076614528,24.501231676864847,1000
2012-01-31,23.527084350585938,23.527084350585938,23.51527851053158,23.51527851053158,600
2012-02-01,24.353628158569336,24.35362815856934,23.532985048844818,24.206030412153765,2400
2012-02-02,23.83409309387207,24.206040195778925,23.586129860710027,24.206040195778925,2900
2012-02-03,24.33592414855957,24.3536351625309,24.206037373667076,24.3477322419283,2700
2012-02-06,25.221515655517578,25.221515655517578,24.058444138439217,24.400872154454472,12000
2012-02-07,25.682008743286133,25.682008743286133,25.121136837540398,25.664297733810496,11300
2012-02-08,25.670204162597656,25.670204162597656,24.7964256251151,24.808233717100933,9700
2012-02-09,25.853214263916016,25.853214263916016,24.796414167222594,24.796414167222594,6500
2012-02-10,25.977205276489258,26.567596305500377,25.209697389207413,25.39271716681651,13100
2012-02-13,26.514463424682617,26.65615827543281,25.97720762970034,25.989015721609796,6100
2012-02-14,26.27240562438965,26.567601193203014,23.680588890554443,26.00082624160058,2800
2012-02-15,25.977205276489258,26.449517649265545,24.979445248239163,25.43404661083729,3200
2012-02-16,25.977205276489258,25.977205276489258,25.977205276489258,25.977205276489258,700
2012-02-17,28.10260772705078,28.456843640885154,25.682005783914704,25.989009341706083,8000
2012-02-21,26.183849334716797,28.043582552202007,25.977213311513438,28.043582552202007,1700
2012-02-22,25.82960319519043,25.977200927734376,25.569831996691647,25.959489920521154,1400
2012-02-23,26.44952392578125,26.56760261003635,25.611169546680845,25.622977640322713,10900
2012-02-24,26.567598342895508,26.567598342895504,25.81189848850093,26.520365975914235,7600
2012-02-27,26.508569717407227,26.95726610508694,26.50856971740723,26.526280735344944,2200
2012-02-28,26.567598342895508,26.744715214748833,25.682011731465654,26.02443963559021,9900
2012-02-29,26.803754806518555,26.80375480651856,26.626635688230863,26.626635688230863,2000
2012-03-01,26.366865158081055,26.567598212439343,25.859128476341652,26.048053439012612,1100
2012-03-02,26.366865158081055,26.36686515808105,26.36686515808105,26.36686515808105,0
2012-03-05,26.366865158081055,26.36686515808105,26.36686515808105,26.36686515808105,0
2012-03-06,26.56170082092285,26.567603741913484,26.4495250526278,26.567603741913484,1100
2012-03-07,26.325538635253906,26.567598890615205,26.06576736799111,26.56169597070246,6300
2012-03-08,26.355056762695312,26.50265452884138,25.829609075561432,26.50265452884138,5200
2012-03-09,26.555789947509766,26.55578994750977,26.55578994750977,26.55578994750977,600
2012-03-12,26.567598342895508,26.567598342895504,25.43404856130364,25.628876444693336,1000
2012-03-13,26.567598342895508,26.567598342895504,26.12480503718058,26.313730000779223,1600
2012-03-14,26.53807258605957,26.83917096750333,26.183836679002777,26.83917096750333,300
2012-03-15,25.54031753540039,26.54988800987532,24.973542630119802,26.272403477176937,15300
2012-03-16,25.4693603515625,27.261144222505518,25.2505622045312,26.83537516014917,7400
2012-03-19,25.788684844970703,26.906332126206035,25.173682426405055,26.551524253240782,7000
2012-03-20,26.46282386779785,26.480563586519242,25.794599974256915,25.794599974256915,6000
2012-03-21,26.628402709960938,27.36758779301172,26.314988956607838,26.622490221854623,14100
2012-03-22,27.14878273010254,27.426716972449775,26.49238618249039,26.811714598487644,4000
2012-03-23,27.41489028930664,27.420802776025823,27.403063060054954,27.403063060054954,500
2012-03-26,27.805191040039062,27.805191040039062,27.40898659573836,27.40898659573836,400
2012-03-27,28.970134735107422,29.437297863649448,27.024599594549393,28.00032228015529,10200
2012-03-28,27.817020416259766,28.532551210931185,27.817020416259766,28.100867287142286,3200
2012-03-29,27.793359756469727,28.08312130819104,26.965471542249322,27.19609918830371,6500
2012-03-30,27.627771377563477,27.79334804833169,27.213827444829988,27.521328587551636,8000
2012-04-02,27.840665817260742,28.136339826760214,27.379412828488274,27.379412828488274,6700
2012-04-03,27.52724838256836,28.13042360085794,27.32027748915144,28.13042360085794,700
2012-04-04,28.023967742919922,28.089016352244595,26.906320926886927,27.56862973345972,6700
2012-04-05,27.556819915771484,28.000330980440427,27.527252962623006,27.947109562447597,800
2012-04-09,27.21974754333496,27.219747543334957,27.196095337905188,27.196095337905188,400
2012-04-10,27.85248565673828,27.85248565673828,27.1665221714185,27.1665221714185,5200
2012-04-11,27.85248565673828,27.85248565673828,27.349840835598528,27.367580551037054,2900
2012-04-12,28.739511489868164,28.970139101479038,28.018068474058502,28.018068474058502,3500
2012-04-13,29.153465270996094,29.153465270996094,28.089038981796158,28.845963941971345,2700
2012-04-16,29.99907875061035,30.099609066815216,29.094317183832672,29.56739505352645,3600
2012-04-17,31.6607723236084,32.4886581665173,29.71523687068005,29.833506921328063,9800
2012-04-18,32.281681060791016,32.5241336028708,31.54840869245941,31.54840869245941,13300
2012-04-19,30.259273529052734,32.22255079907215,30.259273529052734,32.22255079907215,1400
2012-04-20,29.579240798950195,30.750110105340404,29.43140373113606,30.750110105340404,6300
2012-04-23,28.497051239013672,29.00561073594606,28.497051239013675,29.00561073594606,400
2012-04-24,28.834131240844727,29.271729810365883,28.834131240844727,29.271729810365883,200
2012-04-25,28.733598709106445,29.537832330412584,27.805182552225737,29.017445471482695,4100
2012-04-26,29.555583953857422,29.561498699351322,28.95832324039736,28.95832324039736,3500
2012-04-27,29.047014236450195,29.56740112792959,29.047014236450195,29.56740112792959,1300
2012-04-30,30.141014099121094,30.277023894673558,29.177116041459524,29.30129860403168,2600
2012-05-01,29.656105041503906,30.15874997204584,29.638363066390532,29.98134601160832,1200
2012-05-02,29.17711067199707,30.714614583465455,28.976052259960717,30.714614583465455,1300
2012-05-03,29.89856719970703,30.1587596077592,29.401834598287834,29.401834598287834,400
2012-05-04,29.567399978637695,29.56739997863769,29.56739997863769,29.56739997863769,500
2012-05-07,28.44974708557129,30.087780996411375,27.94118754394712,28.976046341871086,7400
2012-05-08,27.994409561157227,29.023355895485402,27.994409561157227,28.98195946730741,800
2012-05-09,28.349227905273438,29.449135763373096,28.242785063791917,28.242785063791917,900
2012-05-10,28.79865074157715,29.106152001002023,28.65081372776599,28.65081372776599,1000
2012-05-11,28.810474395751953,29.02927251739469,28.78090519201052,28.78090519201052,800
2012-05-14,29.579240798950195,29.5792407989502,27.610049972874876,28.739525080742293,5600
2012-05-15,29.86306381225586,30.028640473909253,29.123879064427744,29.20075490982946,2900
2012-05-16,30.60226058959961,30.73827036596685,28.85778344782201,28.97605350512813,3600
2012-05-17,30.330242156982422,30.478079170121372,29.727066872677845,29.727066872677845,400
2012-05-18,29.868989944458008,30.602262541884446,29.5733159102369,30.602262541884446,1400
2012-05-21,29.567399978637695,29.803940080792234,28.68037797927856,28.976051979064938,4000
2012-05-22,30.4189395904541,30.578603817385932,29.336773949000843,29.336773949000843,1000
2012-05-23,30.39529037475586,30.395290374755856,29.679757526842437,30.00500075580934,700
2012-05-24,30.41303062438965,30.413030624389645,30.33024225768716,30.33024225768716,400
2012-05-25,30.49581527709961,30.49581527709961,29.15345508612524,30.41302692047967,6700
2012-05-29,29.679759979248047,30.489908490944302,28.502978537288307,29.319039537357153,2500
2012-05-30,30.064130783081055,30.49581452901954,28.77499203238762,28.77499203238762,3100
2012-05-31,30.667312622070312,30.868371064959785,29.798030199016708,30.06413729340189,4800
2012-06-01,30.60226058959961,30.60226058959961,30.028652277943827,30.028652277943827,700
2012-06-04,30.170570373535156,30.64956298851499,30.146915915948025,30.146915915948025,1300
2012-06-05,30.18239974975586,30.18239974975586,30.18239974975586,30.18239974975586,200
2012-06-06,30.649574279785156,30.649574279785153,28.987885243043156,30.43668859470059,2400
2012-06-07,30.897933959960938,30.897933959960934,30.158748936995362,30.158748936995362,1600
2012-06-08,31.341445922851562,31.341445922851562,30.35980827285895,30.826973762915618,11600
2012-06-11,31.56615447998047,31.72581869858095,29.898553426793338,31.72581869858095,4300
2012-06-12,30.188312530517578,31.93278944193407,29.715234619577537,31.708076588307517,4900
2012-06-13,30.673885345458984,31.50291018948935,30.67388534545898,31.50291018948935,700
2012-06-14,31.21866798400879,31.674631339127586,29.732345496987296,31.674631339127586,1700
2012-06-15,31.378562927246094,31.50291599910997,30.999578587085907,31.49107252670702,1800
2012-06-18,31.976642608642578,32.27272263279668,29.448118931297223,31.230521941695233,3300
2012-06-19,31.467382431030273,31.77530590593998,31.088400387729454,31.4318542762903,2900
2012-06-20,32.1661262512207,32.551031097729734,30.58506036986345,31.55027940037057,5500
2012-06-21,32.367469787597656,32.568804304564146,31.53844477446236,32.25496018593546,11600
2012-06-22,32.035858154296875,33.12543274865453,31.51475893097334,32.37931207135731,157800
2012-06-25,31.491069793701172,31.970720219292062,31.378560204004582,31.378560204004582,500
2012-06-26,31.6213436126709,31.976638694602062,31.147613824881297,31.781224818302196,2500
2012-06-27,32.53919219970703,32.53919219970703,31.532519755723314,31.532519755723314,1600
2012-06-28,32.1661262512207,32.49773661527327,31.443690435457633,31.461456768883654,1100
2012-06-29,33.711669921875,33.711669921875,32.331935999078254,32.539193360211144,2300
2012-07-02,34.56438064575195,34.937442100678076,33.56955160522313,33.75312202946865,3900
2012-07-03,36.299407958984375,36.42376101825289,34.345280388653556,34.345280388653556,3300
2012-07-05,36.1276741027832,36.29940101400954,36.02700800518132,36.02700800518132,3100
2012-07-06,34.64728927612305,36.00925942406768,34.04920852038183,36.00925942406768,3500
2012-07-09,33.27346420288086,35.01441576688418,33.27346420288086,35.01441576688418,7800
2012-07-10,33.62876510620117,33.75903876302941,33.16095818960208,33.75903876302941,12500
2012-07-11,33.85969543457031,33.85969543457031,33.61098715943647,33.741263030168966,700
2012-07-12,33.48664474487305,34.049197149561024,33.160957223920306,33.723509628608284,7300
2012-07-13,34.39265441894531,34.39265441894531,33.166881121691205,33.166881121691205,2700
2012-07-16,34.64728927612305,35.48815786117351,30.531778053397556,33.45704837220128,8400
2012-07-17,33.72350311279297,34.89005645368187,33.190558356815956,34.884135849242355,2700
2012-07-18,34.0965690612793,34.11433313591499,34.0965690612793,34.11433313591499,700
2012-07-19,34.0965690612793,34.422256563428206,34.0965690612793,34.422256563428206,600
2012-07-20,31.781219482421875,34.143938383201686,31.47921893937561,34.143938383201686,5700
2012-07-23,31.508838653564453,32.86488583652563,31.03511102121666,31.491074573261265,4100
2012-07-24,30.87522315979004,32.04177912500441,29.833022515864027,31.538441751379324,8100
2012-07-25,31.50291633605957,32.095076409072306,30.869305238648863,30.869305238648863,3700
2012-07-26,31.50291633605957,31.50291633605957,29.86855326955404,31.26013079648081,4800
2012-07-27,31.81674575805664,31.816745758056644,31.437763847778587,31.437763847778587,1300
2012-07-30,31.479223251342773,31.72200874356904,31.479223251342777,31.72200874356904,400
2012-07-31,31.68647575378418,31.727929025634495,28.524341747659776,31.727929025634495,5400
2012-08-01,30.519939422607422,31.38449283400916,30.496252470782483,31.14762783358389,3700
2012-08-02,30.810062408447266,32.52732610426104,30.644258447908673,30.644258447908673,1700
2012-08-03,30.66796112060547,31.73384846649161,30.508077679885943,31.54435748317455,5400
2012-08-06,30.579147338867188,31.088405388562823,30.419263840085197,30.916678416658662,1600
2012-08-07,32.053627014160156,32.053627014160156,29.608005155796164,30.94628599491708,5700
2012-08-08,31.976642608642578,32.1661336433883,31.71017013512163,32.1661336433883,2800
2012-08-09,31.98257064819336,32.207592151342325,31.38448985432461,31.816766518984565,6600
2012-08-10,32.420745849609375,32.568785784995725,31.976626043450345,31.976626043450345,3600
2012-08-13,33.94260787963867,34.35712029307902,32.55695351745351,32.55695351745351,3600
2012-08-14,34.38080978393555,34.931518754568806,34.30382835284942,34.30382835284942,1600
2012-08-15,34.46963119506836,34.46963119506836,34.07880570654562,34.18539468149828,1200
2012-08-16,35.27495574951172,35.499977084599905,34.67095253990248,34.67095253990248,1000
2012-08-17,36.16913604736328,36.53627463682479,34.91967801121398,34.91967801121398,1600
2012-08-20,35.52367401123047,35.77238008926818,34.49331477343376,35.77238008926818,1600
2012-08-21,35.233524322509766,36.358629364104054,34.68281527423493,35.494073941266436,1000
2012-08-22,36.05662155151367,36.121759512059555,35.23944013005722,35.23944013005722,3400
2012-08-23,35.825687408447266,35.831608015750696,35.351959762266645,35.70133432487078,29800
2012-08-24,36.17504119873047,36.417826619168515,36.12174672795576,36.12174672795576,1600
2012-08-27,36.3823127746582,36.6487852497891,35.13285696266459,36.6487852497891,1300
2012-08-28,36.713924407958984,36.713924407958984,36.713924407958984,36.713924407958984,1400
2012-08-29,38.273067474365234,38.35013819679462,37.94108443291474,38.35013819679462,600
2012-08-30,37.54981231689453,37.85808386010083,37.54981231689453,37.85808386010083,200
2012-08-31,37.08147048950195,37.899575517590854,33.61342015492697,37.899575517590854,1600
2012-09-04,37.822509765625,37.9766443921584,37.08740268298206,37.9766443921584,1100
2012-09-05,39.29865646362305,39.89741534778456,38.53390609227113,38.53390609227113,9300
2012-09-06,39.74919509887695,39.80847710747524,39.18007515213687,39.80847710747524,3100
2012-09-07,38.634674072265625,39.12672334529233,38.539823761532624,39.12672334529233,2600
2012-09-10,38.19599151611328,39.12080376554637,37.454954900111495,38.53983359144097,9400
2012-09-11,37.99442672729492,38.39162578590738,37.23560822717536,38.39162578590738,1200
2012-09-12,38.48647689819336,38.48647689819336,38.38569700314742,38.38569700314742,300
2012-09-13,37.92923355102539,38.533919950860884,37.89959252643316,38.533919950860884,1800
2012-09-14,40.015987396240234,40.015987396240234,38.53391378897207,38.53391378897207,2700
2012-09-17,38.84217834472656,39.42315311760109,38.58133649743501,39.09709515482521,1500
2012-09-18,38.741397857666016,38.88367563796263,38.53390848578989,38.53390848578989,1600
2012-09-19,38.77104187011719,38.85996718058727,38.53390921650669,38.85996718058727,1800
2012-09-20,39.1267204284668,39.35199385722544,38.53389133106579,39.35199385722544,800
2012-09-21,39.05559539794922,39.683997575662566,38.68804410081672,39.683997575662566,4900
2012-09-24,39.1267204284668,39.22157525505595,39.1267204284668,39.22157525505595,1900
2012-09-25,38.711761474609375,39.654358045839814,38.6287657207751,39.654358045839814,3600
2012-09-26,39.079307556152344,39.09709171202333,38.83032032810101,39.09709171202333,600
2012-09-27,39.037803649902344,39.07930151482902,38.71175028917219,38.71175028917219,900
2012-09-28,38.676185607910156,39.091168867529476,38.539837389967204,38.539837389967204,1000
2012-10-01,39.30458450317383,39.30458450317383,38.54575919790589,38.960742422761136,500
2012-10-02,39.162296295166016,39.162296295166016,39.162296295166016,39.162296295166016,700
2012-10-03,38.87773895263672,38.87773895263672,38.87773895263672,38.87773895263672,300
2012-10-04,39.38163757324219,39.57134270567064,38.61688748606674,38.990368193462,1000
2012-10-05,39.387577056884766,39.387577056884766,38.99630757849959,39.15637400981289,900
2012-10-08,39.405372619628906,39.405372619628906,39.114887467679694,39.28680402082239,400
2012-10-09,39.18601608276367,40.057475883155455,38.966672134997474,39.09709078259394,5900
2012-10-10,39.61283874511719,39.719548159896675,38.18412302143693,39.20971479183101,2100
2012-10-11,39.62471008300781,40.146402785933795,39.423150282643746,39.77884697459311,7100
2012-10-12,39.245296478271484,40.110831206177636,39.245296478271484,39.66620924672775,1200
2012-10-15,39.4824333190918,40.07526266178966,38.97852928238441,39.43500588617302,1100
2012-10-16,39.51206970214844,40.31238827058171,39.36386239233012,40.31238827058171,4000
2012-10-17,39.35201644897461,40.31240176636926,39.35201644897461,39.70771772996278,2200
2012-10-18,40.19382858276367,40.276824323411724,38.55761843883459,39.624708471278964,1500
2012-10-19,38.93702697753906,40.30053611972247,38.62282818533962,39.67806357156734,1200
2012-10-22,39.03187942504883,39.251227897023384,38.622830278567456,38.693966900775344,4700
2012-10-23,39.00817108154297,39.18601716386035,38.39162804573276,39.085237264920956,1900
2012-10-24,38.480552673339844,39.24529850286851,38.480552673339844,39.09709117540612,1200
2012-10-25,38.68211364746094,38.68211364746094,38.616902059554285,38.616902059554285,300
2012-10-26,37.9588623046875,39.689922909685876,37.9588623046875,38.68804439043263,1300
2012-10-31,38.88959503173828,38.88959503173828,36.945115958590556,38.07742191371757,2400
2012-11-01,41.189788818359375,41.68183378432199,38.77697333446566,38.77697333446566,32000
2012-11-02,39.565425872802734,41.17199271913272,39.56542587280273,40.86965303526066,17700
2012-11-05,38.72360610961914,39.956692024949156,37.67429807440008,39.71955942231981,6300
2012-11-06,39.500205993652344,39.95668698767849,38.84216525270488,39.52984926134201,9800
2012-11-07,38.72360610961914,39.263082893674095,38.71767655074815,39.263082893674095,2400
2012-11-08,36.12700653076172,38.510179915469365,35.27333339384434,38.510179915469365,5700
2012-11-09,34.73979187011719,35.919523029353485,34.105464776820455,35.706104145353834,12000
2012-11-12,34.79907989501953,35.50454593841956,34.50266524899971,34.71608415596827,2000
2012-11-13,35.451194763183594,35.74760943889828,34.38410238290363,34.976931734333,3000
2012-11-14,34.662742614746094,35.54013002934248,34.14105200609293,35.34449520304811,4700
2012-11-15,35.095489501953125,35.56975241519629,33.86833322454597,34.56787186962862,4700
2012-11-16,35.095489501953125,36.334502634874354,33.78533749741141,35.29112196427545,4600
2012-11-19,36.15073776245117,36.15073776245117,35.362275809764284,35.56976520219116,3800
2012-11-20,35.878028869628906,35.878028869628906,33.832767368691414,35.747605702278655,3000
2012-11-21,35.753536224365234,35.753536224365234,34.80500797880514,34.80500797880514,700
2012-11-23,37.47274398803711,37.47274398803711,35.56976225039261,35.96695684335232,1900
2012-11-26,37.099266052246094,37.099266052246094,36.31080184105161,36.50050707383461,1700
2012-11-27,36.66057205200195,36.986627786300986,36.16259524020286,36.986627786300986,700
2012-11-28,36.39379119873047,36.39379119873047,35.64682725866627,35.64682725866627,800
2012-11-29,36.06730651855469,36.393789882640945,35.69927340243889,35.740825418883496,1300
2012-11-30,35.65178298950195,36.791499214848564,35.046307895631,35.91890242303236,1600
2012-12-03,36.26913833618164,36.26913833618164,35.65772803920366,36.06731324818665,1200
2012-12-04,37.39697265625,38.49513682054859,36.542185525010744,36.72026589430041,700
2012-12-05,36.73213577270508,37.1001688132969,36.03168440435687,36.98738511529373,1800
2012-12-06,36.215702056884766,36.45907908894091,36.20976702584597,36.45907908894091,800
2012-12-07,36.62528610229492,36.74994212263408,35.85953809550089,35.85953809550089,2200
2012-12-10,36.41752624511719,36.57186422157132,36.36410190933148,36.57186422157132,1300
2012-12-11,36.47095489501953,36.74401390156565,36.091049468677916,36.660907608190335,3200
2012-12-12,35.78831100463867,36.93396451453752,35.616165660486764,36.93396451453752,2100
2012-12-13,35.236263275146484,36.096987805246776,34.286497417499085,36.096987805246776,3800
2012-12-14,35.61616134643555,35.930770047049734,35.449953318098174,35.449953318098174,2200
2012-12-17,34.77919006347656,36.19196543954218,34.49426097546935,36.19196543954218,8000
2012-12-18,36.06730651855469,36.06730651855469,35.02256654672386,35.02256654672386,1000
2012-12-19,35.081932067871094,35.984208788330704,35.05225237441439,35.984208788330704,2400
2012-12-20,35.34904098510742,35.46182694941622,34.90383895188336,35.23625728521326,800
2012-12-21,35.49150466918945,35.49150466918945,35.08785466690406,35.27187004790082,6800
2012-12-24,36.05543518066406,36.05543518066406,35.16503097789023,35.414343067747716,900
2012-12-26,35.28968811035156,35.61616920854689,35.28968811035156,35.61616920854689,200
2012-12-27,35.3727912902832,35.622103381814696,35.289687259772705,35.289687259772705,900
2012-12-28,35.15316390991211,37.20109207118097,35.02257054935247,37.20109207118097,4300
2012-12-31,35.61616134643555,36.197891710030916,35.59835399037499,35.61616134643555,3100
2013-01-02,36.886474609375,37.871855086114,35.942646144080456,36.18602318157579,7200
2013-01-03,37.20701599121094,37.242632967035185,35.67551999698583,36.41752334354888,2400
2013-01-04,37.37916564941406,37.37916564941406,35.89515878404955,35.89515878404955,300
2013-01-07,36.922096252441406,37.49788945420782,36.35223808259594,37.23670502579909,1600
2013-01-08,37.005210876464844,37.396988763409645,36.316631491397736,36.785578401890746,1800
2013-01-09,37.005210876464844,37.005210876464844,37.005210876464844,37.005210876464844,0
2013-01-10,38.18052673339844,38.311120056288516,37.367291641798104,37.367291641798104,1400
2013-01-11,39.76545333862305,39.76545333862305,37.93122272048235,38.14492010709704,3100
2013-01-14,40.317508697509766,40.42435740282668,39.207474150483236,39.39148960398372,1300
2013-01-15,39.51020431518555,39.86043235228374,39.51020431518555,39.86043235228374,1000
2013-01-16,40.00883865356445,40.38874416898187,40.00883865356445,40.38874416898187,500
2013-01-17,40.67367172241211,40.67367172241211,39.59925184320362,40.61431233378968,2600
2013-01-18,40.038509368896484,42.436665363341014,39.84855664304099,39.99695735164154,1900
2013-01-22,40.525272369384766,40.525272369384766,38.875056853679084,38.91660888001588,1100
2013-01-23,39.54582977294922,40.186917510773064,39.54582977294922,39.93760536112873,1200
2013-01-24,39.19559097290039,40.3412445233736,38.66728485919911,40.3412445233736,500
2013-01-25,38.8988037109375,39.27277649790478,38.56045018343421,39.27277649790478,900
2013-01-28,38.8988037109375,38.8988037109375,38.287393347978174,38.287393347978174,800
2013-01-29,39.08279800415039,39.771379281974745,38.89284532903143,38.89284532903143,700
2013-01-30,38.73853302001953,38.88099647184355,38.38830489528078,38.38830489528078,1300
2013-01-31,39.45084762573242,39.682352391111564,38.940348776734645,39.682352391111564,700
2013-02-01,39.14810562133789,39.14810562133789,37.55131479142619,37.55131479142619,400
2013-02-04,39.16591262817383,39.872296842541004,38.88691860258078,39.11842331981124,1500
2013-02-05,38.80381774902344,39.8841746940127,38.80381774902344,39.474587301359435,800
2013-02-06,39.30836868286133,39.30836868286133,38.631662015986066,38.631662015986066,900
2013-02-07,38.631675720214844,39.100622529198525,38.631675720214844,39.100622529198525,500
2013-02-08,38.29925537109375,39.58143975053939,38.29925537109375,38.809754204151126,1800
2013-02-11,39.421165466308594,39.421165466308594,38.21021516954919,38.21021516954919,400
2013-02-12,39.11250305175781,39.11250305175781,39.065013722720664,39.065013722720664,500
2013-02-13,38.67322540283203,38.67322540283203,38.67322540283203,38.67322540283203,300
2013-02-14,38.44172286987305,39.10062241343332,38.44172286987305,38.48327488933944,1200
2013-02-15,38.61387634277344,41.00015837184915,38.305200251574114,39.213412102407645,2600
2013-02-19,39.2490119934082,39.31430865244674,38.596045403022835,38.827554621596214,600
2013-02-20,38.43578338623047,39.266828257104194,38.43578338623047,38.880985510395305,3200
2013-02-21,39.26683044433594,39.86043330962044,38.6494829209804,38.6494829209804,2400
2013-02-22,39.19559097290039,39.64673035531637,39.19559097290039,39.64673035531637,400
2013-02-25,38.762264251708984,39.225273706320365,38.762264251708984,39.225273706320365,3800
2013-02-26,39.66453552246094,39.66453552246094,38.79787605204326,39.17778144924472,400
2013-02-27,39.421165466308594,39.890107708931644,39.10655216736145,39.62298825135344,5400
2013-02-28,39.13623046875,39.13623046875,38.63166902438008,39.08874116064162,1100
2013-03-01,39.646732330322266,40.12161186230542,39.51020169096871,39.51020169096871,400
2013-03-04,39.32619857788086,39.717978730005264,38.84538159921132,39.05907904058255,4900
2013-03-05,39.361820220947266,39.5339656638846,39.24903871124039,39.5339656638846,900
2013-03-06,39.391475677490234,40.29968708717882,39.17184104731338,39.33211631304031,900
2013-03-07,39.51613998413086,39.51613998413086,39.51613998413086,39.51613998413086,200
2013-03-08,39.27276611328125,40.18691050255907,39.20153214202066,39.8426242968752,1000
2013-03-11,39.260902404785156,40.002906161344946,39.1184389515985,40.002906161344946,700
2013-03-12,39.74764633178711,39.74764633178711,39.74764633178711,39.74764633178711,400
2013-03-13,39.646732330322266,39.646732330322266,39.1777855656975,39.1777855656975,300
2013-03-14,39.718048095703125,39.718048095703125,39.718048095703125,39.718048095703125,200
2013-03-15,39.70022201538086,39.79531000535352,39.36146283275496,39.36146283275496,2800
2013-03-18,39.587303161621094,39.587303161621094,39.587303161621094,39.587303161621094,300
2013-03-19,39.183162689208984,39.183162689208984,39.183162689208984,39.183162689208984,200
2013-03-20,39.813148498535156,39.81314849853516,38.64829199613921,38.9870512619673,2000
2013-03-21,39.55758285522461,39.640786546012365,39.3674023428153,39.3674023428153,2300
2013-03-22,39.33769989013672,39.58731102950785,39.33769989013672,39.58731102950785,400
2013-03-25,39.33769989013672,39.33769989013672,39.33769989013672,39.33769989013672,0
2013-03-26,39.444671630859375,39.444671630859375,39.444671630859375,39.444671630859375,200
2013-03-27,41.16816711425781,43.36118926701747,39.2247605199355,43.36118926701747,800
2013-03-28,41.04932403564453,41.8991944013256,40.62141664393628,40.62141664393628,2000
2013-04-01,41.91700744628906,42.410289645848174,41.05525310163416,41.05525310163416,2600
2013-04-02,41.72683334350586,42.338976741428795,40.81158818770202,42.338976741428795,3600
2013-04-03,40.7105598449707,43.36714746836525,40.49660617501533,41.78032819474758,3300
2013-04-04,41.52477264404297,41.52477264404296,41.245443989900686,41.251388406912255,1100
2013-04-05,41.64363479614258,41.64363479614258,40.79376451319021,41.411852403906636,2400
2013-04-08,41.72683334350586,41.97050453994729,41.48316668132563,41.97050453994729,1000
2013-04-09,42.018062591552734,42.018062591552734,42.018062591552734,42.018062591552734,500
2013-04-10,42.10123062133789,42.65394320392137,42.077462035089646,42.51130901513635,2600
2013-04-11,42.08341979980469,42.38057713104864,41.750605039774996,41.750605039774996,7100
2013-04-12,41.839759826660156,42.01805153331819,41.64363486850073,41.970509798766436,1000
2013-04-15,40.62142562866211,41.60204619584539,40.62142562866211,41.60204619584539,2900
2013-04-16,41.00771713256836,41.81004112613585,41.00771713256836,41.156295817831285,1400
2013-04-17,40.6511344909668,41.399972431846535,40.55604194356393,41.399972431846535,1100
2013-04-18,40.56197738647461,40.716500474682896,40.56197738647461,40.621407948320496,900
2013-04-19,41.619850158691406,41.95860929481318,40.99582255755155,40.99582255755155,1700
2013-04-22,41.48317337036133,41.57826137714492,41.465340118218855,41.57826137714492,900
2013-04-23,41.833805084228516,42.178508646655395,41.596078333097545,41.602022748797495,1200
2013-04-24,41.673362731933594,41.697135872222894,41.673362731933594,41.697135872222894,400
2013-04-25,41.8813591003418,42.37464140682954,41.8813591003418,41.93484524876839,2900
2013-04-26,41.73871612548828,41.73871612548828,40.71054987801986,41.59013747629843,1700
2013-04-29,41.95861053466797,41.95861053466797,41.203832975483,41.203832975483,500
2013-04-30,41.215728759765625,41.36430745358905,41.19790004198872,41.36430745358905,3100
2013-05-01,39.65266799926758,42.653953793888576,39.65266799926758,40.740264727643336,5900
2013-05-02,40.2945442199707,40.888859004723884,40.11624797083996,40.11624797083996,3300
2013-05-03,40.353973388671875,40.99583442211363,40.353973388671875,40.99583442211363,1200
2013-05-06,40.9542350769043,40.9839480963706,40.41340643202986,40.466892587626454,1200
2013-05-07,40.977989196777344,40.977989196777344,39.22476296869879,40.44310969279439,3600
2013-05-08,41.00771713256836,41.423735637599904,40.48472179277704,41.22167080208791,2500
2013-05-09,41.23353576660156,41.45937816422663,41.15627651882743,41.15627651882743,1300
2013-05-10,41.45939636230469,41.47128066169428,41.45939636230469,41.47128066169428,1100
2013-05-13,41.64363479614258,41.74466721649942,41.37619496948934,41.37619496948934,1000
2013-05-14,42.54698944091797,42.54698944091797,41.72089232708206,41.74466546044746,1500
2013-05-15,42.53508758544922,42.6598930834092,42.53508758544922,42.6598930834092,300
2013-05-16,42.13097381591797,42.552936759842204,41.70901087199373,41.70901087199373,500
2013-05-17,42.79065704345703,43.05215695413062,42.22011549365561,42.22011549365561,3300
2013-05-20,43.604881286621094,43.604881286621094,43.266122010407514,43.27206189411728,600
2013-05-21,43.77126693725586,44.35369264939125,43.24826723822476,43.24826723822476,2000
2013-05-22,42.93925094604492,44.58550120177268,42.37465361236259,44.58550120177268,3500
2013-05-23,42.4875602722168,43.272055562033756,42.4875602722168,42.939240752493745,5500
2013-05-24,42.3924674987793,42.927351621242096,42.3924674987793,42.40435179738461,1800
2013-05-28,43.533546447753906,44.21106476010437,42.47566713668953,42.47566713668953,2500
2013-05-29,43.05215072631836,43.147238703732825,42.51726668379785,42.51726668379785,2900
2013-05-30,43.38496398925781,43.38496398925781,43.13535295589827,43.13535295589827,300
2013-05-31,42.57670593261719,43.468178007478116,42.57670593261719,42.61236336464796,8100
2013-06-03,43.38496398925781,44.21106088603847,41.637677687220275,42.636126354918815,6100
2013-06-04,42.19635009765625,43.26611853355516,42.19635009765625,43.26611853355516,6800
2013-06-05,42.1666259765625,42.606422117408194,41.66145939050811,42.05370926732811,3900
2013-06-06,42.18445587158203,42.2082244674434,42.17851145548622,42.1903957534169,2700
2013-06-07,42.873863220214844,42.873863220214844,42.04776612828001,42.541048430445834,2900
2013-06-10,42.52320098876953,42.63611765171018,42.52320098876953,42.63611765171018,300
2013-06-11,42.17850112915039,42.5410333398021,42.160672419488805,42.3389640503645,2900
2013-06-12,42.630699157714844,42.743743281928474,42.22610895785794,42.49980166079382,4000
2013-06-13,43.07099151611328,43.13048914654301,42.49385496825059,42.58905480844074,6800
2013-06-14,42.60095977783203,42.99365237646254,42.42246685612825,42.69615963424391,5100
2013-06-17,42.45220184326172,43.27923107820653,42.12496263958459,43.023387208012096,3100
2013-06-18,42.60095977783203,42.71995959834688,42.273720485018934,42.273720485018934,3400
2013-06-19,42.06547546386719,42.67236325097213,41.648987405563304,42.541465707111094,4100
2013-06-20,40.85765075683594,42.14876812532068,40.85765075683594,41.70848015262676,5500
2013-06-21,41.000450134277344,41.85722610795167,40.50065998853676,41.12539653586779,6000
2013-06-24,40.63155746459961,40.9230990679437,39.893776767831795,40.601806375953174,3500
2013-06-25,41.54783248901367,41.63708120886036,40.60775444680172,41.05399350665668,4300
2013-06-26,41.51213836669922,41.51213836669922,41.25629440761894,41.47048956123867,600
2013-06-27,41.982154846191406,42.35699843263183,41.416920714041765,41.66086228897543,18600
2013-06-28,42.2082633972168,42.719951176103855,41.30983422181582,42.172561188411535,41600
2013-07-01,41.66682052612305,42.64854719533656,41.238430376693316,41.67277165024781,22900
2013-07-02,41.64898681640625,41.91672848733142,41.11945006146229,41.64898681640625,21000
2013-07-03,40.83979415893555,41.815569772128846,40.5542037323013,41.70847222729651,20200
2013-07-05,41.61922836303711,41.946472160179994,40.44115977207977,41.1491938753279,23200
2013-07-08,42.52360534667969,43.05314196564973,40.89334669522286,40.89334669522286,4300
2013-07-09,42.56525421142578,43.11263966619315,42.27965923450733,42.27965923450733,2600
2013-07-10,42.60095977783203,42.838954879482735,42.10117414980665,42.297515909742906,16000
2013-07-11,43.404178619384766,43.404178619384766,42.0714127324297,42.55334940392007,4400
2013-07-12,43.18404006958008,46.18276693643073,42.52955705794425,42.52955705794425,20600
2013-07-15,43.18999099731445,43.64218120364733,42.62475664393236,43.46963488097585,12600
2013-07-16,43.493431091308594,43.731426155130535,42.94009449715834,43.19593839637573,7400
2013-07-17,44.51679992675781,45.16533626368542,43.61837085349228,43.7790194264078,24700
2013-07-18,44.617950439453125,45.33788217329397,44.082462712809274,44.98089186865741,10200
2013-07-19,44.6239013671875,44.9808916702494,44.147911270186306,44.37400860898197,10000
2013-07-22,45.14748764038086,45.33193618940244,44.391858227866834,44.391858227866834,3500
2013-07-23,45.18914031982422,45.87337445292587,44.90950098867934,45.36763775954759,16500
2013-07-24,44.64769744873047,46.02211203888353,44.43945350164328,45.367629116876245,25600
2013-07-25,44.98088455200195,45.17127965279671,44.385899294596165,44.65364538405513,13200
2013-07-26,44.21930694580078,45.16533592539078,43.677872687790675,45.129633720911634,9800
2013-07-29,43.97537612915039,44.83810320296543,43.67193228317338,44.36806415978651,11600
2013-07-30,44.44540786743164,44.802402741369555,43.94562230692398,44.332363727437794,6800
2013-07-31,44.36806106567383,44.62390496907164,44.05867065521474,44.32641226927783,6200
2013-08-01,44.60606002807617,45.16534780512274,44.290718465061836,44.921401591090515,21800
2013-08-02,44.36211395263672,44.93329944317184,43.511284572704675,44.1895676264263,16400
2013-08-05,44.879737854003906,45.18318160432078,44.171703949723614,44.171703949723614,3500
2013-08-06,44.34425354003906,45.486624222913306,42.83894146218224,44.826190178887785,10300
2013-08-07,44.1657600402832,44.980886981758836,43.42797501289507,43.91586276874722,26100
2013-08-08,44.79050827026367,45.099903276160504,44.070576351043336,44.070576351043336,1400
2013-08-09,43.90991973876953,44.50490507647981,43.67192469580985,44.47515399384314,9900
2013-08-12,44.528709411621094,44.600109300619245,43.68383115234749,43.68383115234749,13900
2013-08-13,44.58820343017578,44.74884747680391,43.89801824761828,44.683398725375945,6400
2013-08-14,44.10031509399414,44.52275414123413,43.79092017472847,44.32640788932067,9100
2013-08-15,43.89205551147461,44.08840171381515,42.39864595147982,43.67191389616257,27800
2013-08-16,43.84447479248047,44.14791407268746,43.67192848484878,43.69572844514745,5800
2013-08-19,42.85084533691406,43.82662554241383,42.85084533691406,43.57078164584671,5600
2013-08-20,43.73141860961914,43.73141860961913,43.08883340998638,43.08883340998638,18800
2013-08-21,42.71996307373047,43.99917833783497,42.44031914699453,43.56484144091354,27000
2013-08-22,43.79092025756836,43.82662246486065,42.64259836608418,42.74374478476018,9000
2013-08-23,42.446258544921875,44.08841960845914,42.238014551573336,44.08841960845914,15900
2013-08-26,42.827049255371094,43.25543491194879,42.30345922059031,42.30345922059031,13100
2013-08-27,42.45220184326172,43.41607969967797,42.3986553431497,42.64854808909465,1400
2013-08-28,42.404563903808594,42.73217052320156,42.065041672379834,42.5475194369169,2600
2013-08-29,42.54750061035156,42.881064888165746,42.13649852199305,42.33306513333603,2500
2013-08-30,42.44623947143555,44.012805425424474,42.07097512506476,42.82745707654671,7400
2013-09-03,42.50581741333008,43.31590621841951,42.50581741333008,42.797686241135104,4900
2013-09-04,43.38142776489258,43.64351210753055,42.76194783274827,42.88107666626792,10200
2013-09-05,43.452884674072266,43.452884674072266,42.94658053131368,43.00614492261379,12600
2013-09-06,43.3695182800293,44.01878278448743,43.3695182800293,43.381433891748344,1100
2013-09-09,44.09619903564453,44.26893898299665,43.89963241853979,43.959201365157654,800
2013-09-10,43.56607437133789,44.32255647480617,43.39929220365226,44.286814192821225,10100
2013-09-11,44.280860900878906,44.34042986209981,43.18486109041438,43.33377440451926,8500
2013-09-12,43.875831604003906,44.23917599691035,42.988304766413805,44.072393772107446,10200
2013-09-13,44.44168472290039,44.91820909111821,43.810293797813976,44.04855143744971,2200
2013-09-16,45.27559280395508,45.50789714632132,44.67993971184216,44.67993971184216,8700
2013-09-17,45.59129333496094,45.621073266227015,44.769293611555455,45.16242233336749,7300
2013-09-18,45.6806640625,45.86531517585908,44.16174596291202,45.86531517585908,12700
2013-09-19,45.269649505615234,45.7163894678417,44.733560642048694,45.44834730829538,3700
2013-09-20,44.26299285888672,45.716388285988856,44.26299285888672,45.15647276024155,31300
2013-09-23,44.429771423339844,44.72759803283633,43.851991618274305,44.59060033737306,4800
2013-09-24,45.2398681640625,45.24582596975845,44.67399932375134,44.67995712944728,1500
2013-09-25,44.52507781982422,44.89438444912281,44.49529334128582,44.79311994877629,5100
2013-09-26,44.63825988769531,45.19817090110196,43.75073319606017,43.75073319606017,14300
2013-09-27,44.58462905883789,44.71567345452925,44.44167360193461,44.61441352857576,5100
2013-09-30,44.73353958129883,45.090930473924,43.387362523123215,44.11405991332838,24100
2013-10-01,44.54889678955078,45.00159442710008,44.435721244045304,44.63824566524075,2400
2013-10-02,43.92942428588867,44.822904101872844,43.85199100451378,44.4059486722029,13500
2013-10-03,44.37616729736328,44.590602831754076,43.66733847287853,43.98303396948894,15200
2013-10-04,44.06047058105469,44.75738377629572,43.86986172736979,44.4893416379641,7700
2013-10-07,44.41190719604492,44.662085027971635,43.73286281897361,43.81625391479121,10100
2013-10-08,43.79839324951172,44.42383112979935,43.79839324951172,44.28087104349235,9300
2013-10-09,43.69117736816406,44.16770192108215,43.69117736816406,43.92348183798102,4200
2013-10-10,44.44168472290039,44.97181569669429,43.732855974906506,43.75668264776471,4300
2013-10-11,45.33515548706055,45.335155487060554,44.388064743349375,44.65015354818281,2200
2013-10-14,45.02542495727539,45.33516717822343,44.79312056380108,44.79312056380108,1600
2013-10-15,45.662776947021484,45.86529685568642,44.83481480988001,44.89438376605046,12300
2013-10-16,46.53243637084961,47.05660962688531,45.44834757135096,46.93152298207477,16500
2013-10-17,46.57411575317383,46.96724442262657,46.08568040962809,46.72898228186643,8400
2013-10-18,46.56818771362305,46.99705893220657,46.56818771362305,46.93153668800768,2700
2013-10-21,46.5562629699707,46.5562629699707,45.6210829491624,45.6210829491624,1100
2013-10-22,46.49073791503906,46.699215643351735,45.71042906839216,46.03208236827755,7100
2013-10-23,46.14524841308594,46.163117279756015,45.48407307945678,45.48407307945678,1600
2013-10-24,46.586021423339844,46.58602142333985,45.942715081085346,45.942715081085346,17400
2013-10-25,46.401390075683594,47.88456542743254,46.038041221859444,46.42521675152971,4600
2013-10-28,46.437129974365234,47.294872166775086,46.15717220076069,47.294872166775086,5400
2013-10-29,46.22270584106445,46.985141513947774,46.16909921303754,46.39544588327632,1400
2013-10-30,46.079734802246094,46.669430234735344,45.38877486561339,46.669430234735344,1500
2013-10-31,46.54435729980469,46.92557512033362,45.48409495242891,45.51387944085066,17300
2013-11-01,46.15119934082031,46.84215450113127,45.57341516738296,46.365630253386314,13100
2013-11-04,46.72303771972656,46.937473231876695,45.269642480591926,46.109515660592145,14800
2013-11-05,46.93151092529297,46.93151092529297,46.877899780161854,46.877899780161854,400
2013-11-06,47.01491928100586,47.187659298517836,46.34183262888634,46.57413707273619,16500
2013-11-07,47.32465744018555,47.44974864441024,45.32921960126147,47.09235299429592,14800
2013-11-08,47.038726806640625,47.44377110307164,46.967246797456596,46.967246797456596,4000
2013-11-11,46.70516586303711,47.73564327182854,46.669423583649994,47.73564327182854,6700
2013-11-12,46.5562629699707,47.157869516226214,46.5562629699707,47.157869516226214,2800
2013-11-13,46.98512649536133,46.98512649536133,46.98512649536133,46.98512649536133,400
2013-11-14,47.00894546508789,47.53312314507955,46.60985894561997,46.64559668035654,2500
2013-11-15,46.7587890625,47.348484620262106,46.21078905842866,46.8898335296637,14100
2013-11-18,46.49073791503906,46.98512665804521,46.49073791503906,46.621777812497285,1100
2013-11-19,46.27033615112305,46.98511810217034,45.87124963752952,46.94938036795982,11900
2013-11-20,46.830257415771484,46.830257415771484,46.25247306990265,46.49073526488108,5000
2013-11-21,46.80046844482422,47.44377494617268,46.639644091723575,46.758772905540866,3600
2013-11-22,47.580772399902344,47.97390566366926,46.31799061937985,47.08042593089673,9800
2013-11-25,47.39016342163086,47.80712335561858,47.175727922888136,47.18764353085879,15300
2013-11-26,47.0804328918457,47.658217264914335,47.00299960623365,47.658217264914335,2400
2013-11-27,47.09236526489258,47.77209767027701,47.09236526489258,47.77209767027701,1300
2013-11-29,47.104286193847656,47.39645074586505,46.92540733803718,47.312975159574364,3400
2013-12-02,47.11619567871094,47.46202560691786,47.05061163626323,47.05061163626323,4200
2013-12-03,46.895591735839844,47.25334485648348,46.895591735839844,47.25334485648348,3400
2013-12-04,47.128135681152344,47.46203801689151,46.990994622357675,46.990994622357675,800
2013-12-05,47.59321212768555,48.20139199223815,46.98503226313295,47.31297073602033,14700
2013-12-06,47.76016616821289,47.90923036009188,46.120460057543994,47.90923036009188,3800
2013-12-09,47.62302780151367,48.28487315156572,47.28316163925002,47.61110011914487,2700
2013-12-10,47.05061721801758,47.68264784869636,47.050617218017585,47.68264784869636,2300
2013-12-11,46.335105895996094,46.88366094791246,46.335105895996094,46.60342413051074,1400
2013-12-12,46.901554107666016,47.46203231112343,45.911765804174614,46.66900980999998,17300
2013-12-13,47.342796325683594,47.56937229831783,47.18776826594496,47.18776826594496,1500
2013-12-16,47.78998565673828,48.630705418393475,47.318942216899146,47.318942216899146,7700
2013-12-17,47.37855911254883,49.37601824370694,46.102570077166504,47.47396237269,29000
2013-12-18,48.17753982543945,48.17753982543945,46.919437912104165,47.66475873521382,3800
2013-12-19,47.97480773925781,48.457774152195576,47.97480773925781,48.457774152195576,1400
2013-12-20,49.32832717895508,49.81725757411555,46.60939307133345,47.89134610409516,22300
2013-12-23,48.86323547363281,49.328319527789674,47.64687579069233,49.077888252758235,4700
2013-12-24,48.445865631103516,49.191186640812795,48.445865631103516,49.191186640812795,1200
2013-12-26,47.86152648925781,48.952677414576556,47.587248934913056,48.952677414576556,3300
2013-12-27,48.14772415161133,49.19117328183201,47.742269450476776,48.08809939684273,21800
2013-12-30,47.664756774902344,49.17924917106382,46.985024576107904,48.380262916030034,5300
2013-12-31,48.28486633300781,48.53529303845319,47.283154962149,47.80785918533131,16300
2014-01-02,47.93904495239258,48.94075650240955,47.64091656904321,48.94075650240955,9300
2014-01-03,48.40414047241211,49.00636127920876,48.08812500965216,48.08812500965216,9800
2014-01-06,47.807861328125,48.332565574825054,47.65283331582004,48.332565574825054,2800
2014-01-07,48.75591278076172,48.881130702310344,48.14773289317905,48.41604661289064,2300
2014-01-08,48.27889633178711,49.02421706174781,48.11790450663263,48.296783301453885,18100
2014-01-09,47.78400421142578,48.43988557055085,47.70052865021406,48.42796243998213,11500
2014-01-10,48.30276107788086,48.42201060945107,47.879419327005145,47.945007934092175,12900
2014-01-13,47.70054244995117,48.45182726727981,47.49185348654828,48.09407410872082,6300
2014-01-14,47.93904495239258,48.27294728603886,47.58725109451971,47.83768239383254,3700
2014-01-15,48.290836334228516,48.577041596124566,47.84364374000728,47.909232351086,5400
2014-01-16,47.93904495239258,48.296798102596185,47.65880354419168,48.296798102596185,3200
2014-01-17,47.664756774902344,48.135800061624295,47.55146655874423,48.135800061624295,2200
2014-01-21,47.8436164855957,48.0165314027486,47.61107683299458,47.84958032386324,3400
2014-01-22,47.646873474121094,47.646873474121094,47.646873474121094,47.646873474121094,700
2014-01-23,47.90922927856445,47.915193119846855,47.5455122946642,47.64687940015297,1700
2014-01-24,46.75844192504883,47.25929983933361,46.674966364180854,47.25929983933361,1400
2014-01-27,46.47821044921875,46.83596812775377,46.23971139563254,46.83596812775377,1800
2014-01-28,46.454368591308594,47.3368260911033,45.899849595852864,46.472255567117124,6400
2014-01-29,46.734588623046875,46.967128322933945,46.060820332230065,46.508012762640064,4100
2014-01-30,48.129852294921875,48.129852294921875,47.63495803167785,47.63495803167785,2100
2014-01-31,47.7720832824707,47.772083282470696,46.96117389411952,47.70053084853014,7500
2014-02-03,47.3129768371582,47.99867307664017,46.7524985306304,47.99867307664017,16400
2014-02-04,47.3129768371582,47.3129768371582,47.16391263505683,47.3129768371582,2300
2014-02-05,47.104286193847656,47.16987480437295,46.418589978678526,46.418589978678526,2300
2014-02-06,47.9151725769043,48.08808750733503,47.29506527265905,48.08808750733503,3600
2014-02-07,47.98672866821289,47.98672866821289,46.50801043732981,46.50801043732981,9700
2014-02-10,47.98672866821289,47.98672866821289,47.4023952534323,47.67070887863248,2800
2014-02-11,48.11195373535156,48.165614653853694,47.700535163858476,47.98674037643574,11100
2014-02-12,48.27889633178711,48.803600488011824,48.08809440688023,48.111945216128184,16900
2014-02-13,47.9271240234375,47.97482566327424,47.58725780048861,47.789987495255346,3500
2014-02-14,47.74824142456055,47.93904340176938,47.74824142456055,47.760164557914486,1000
2014-02-18,47.402400970458984,47.45010259151591,46.53783069691788,47.35469934940207,2500
2014-02-19,45.92368698120117,47.10427719606366,45.72096189581324,47.10427719606366,6500
2014-02-20,46.60938262939453,46.609382629394524,45.91176341985836,45.91176341985836,1500
2014-02-21,46.412628173828125,47.04466348943721,45.40495725250491,46.454370517883554,2700
2014-02-24,46.65707778930664,46.65707778930663,45.49437926786196,45.49437926786196,2100
2014-02-25,45.76866149902344,46.03101133033989,45.76866149902343,46.03101133033989,1700
2014-02-26,45.876007080078125,45.9952566397664,45.42285056492029,45.589801768115514,3000
2014-02-27,46.27548599243164,46.31722378230199,45.446689487093316,45.446689487093316,4500
2014-02-28,45.86407470703125,46.96714894318274,45.315519510004805,46.227791740708895,5300
2014-03-03,45.95349884033203,47.01483492654074,45.01737610202778,45.45860473974977,5600
2014-03-04,47.67667770385742,48.69627595495502,46.53782995110557,46.53782995110557,9400
2014-03-05,47.342796325683594,47.67073487430587,46.90752680956012,47.271243863709095,2500
2014-03-06,47.49184799194336,47.69457309034367,46.71671244718025,46.96713917429041,5400
2014-03-07,47.4620246887207,47.61705267924136,46.39472482346741,47.223521137706655,4300
2014-03-10,47.76612854003906,47.76612854003906,46.80615480994703,46.98503365432961,6200
2014-03-11,47.14006042480469,47.81979280238843,46.60939224492051,47.342790099196804,9400
2014-03-12,46.603431701660156,47.14005915971455,45.91177165933857,47.14005915971455,5400
2014-03-13,45.11720657348633,46.603409743837396,45.06946064021694,46.14381927544002,8200
2014-03-14,44.926231384277344,45.361946824526655,44.926231384277344,45.361946824526655,1700
2014-03-17,45.594696044921875,46.07219174162756,44.944112825740234,44.944112825740234,7100
2014-03-18,45.36194610595703,45.8633127981754,45.12319811044099,45.60069410147308,3600
2014-03-19,45.00979995727539,45.50519673712189,45.00979995727539,45.3619497498012,1900
2014-03-20,45.105281829833984,45.24256337380901,44.97397023657217,44.97397023657217,1100
2014-03-21,46.04237747192383,46.22740501562463,45.15304580717348,45.15304580717348,3200
2014-03-24,45.00382614135742,45.421631715901874,44.19805564545643,45.13513776585403,7900
2014-03-25,45.66037368774414,45.95283755135085,45.12916186142765,45.12916186142765,9300
2014-03-26,44.9680061340332,44.991881386252935,44.962040736282326,44.962040736282326,2200
2014-03-27,44.47260665893555,45.07543966312841,43.75636279851281,44.99784851358812,15700
2014-03-28,44.33531951904297,44.938157001010914,43.678766145024724,44.4129152125439,9800
2014-03-31,45.30226516723633,45.30226516723633,44.80089386680878,45.00980123166845,4400
2014-04-01,45.099327087402344,45.35598040976074,44.562149739259375,44.562149739259375,2300
2014-04-02,44.90236282348633,45.5051959721239,44.47261731500916,44.76508123737963,6800
2014-04-03,44.6158561706543,44.890414739101985,44.209985992571035,44.55617031729414,3800
2014-04-04,44.18611526489258,44.198055169030425,43.86977611132754,44.168209962425,4000
2014-04-07,44.20399856567383,44.2815942427305,43.696662182072856,44.078656957047954,4800
2014-04-08,43.83991622924805,43.94735256182823,43.82798088284476,43.82798088284476,2300
2014-04-09,44.132408142089844,44.38906148727034,43.750413100947725,43.750413100947725,5300
2014-04-10,42.932701110839844,43.798157600849514,42.43729974308041,43.798157600849514,3700
2014-04-11,42.19855499267578,42.87301857467939,42.013527417165555,42.55667934413341,4700
2014-04-14,43.63698959350586,43.68474009330138,42.32984812246796,43.40421159917559,4700
2014-04-15,42.55665969848633,43.577302699999244,42.449223353393485,43.577302699999244,7000
2014-04-16,44.00109100341797,44.43083650952403,42.43729586814082,43.183380551313974,11000
2014-04-17,43.27290725708008,44.06077242085252,43.25500195508919,44.06077242085252,3800
2014-04-21,43.0162467956543,44.16223146933659,42.47309965964648,43.05205739366365,6500
2014-04-22,43.56536102294922,43.56536102294922,42.687964999405885,42.687964999405885,1900
2014-04-23,43.26692581176758,43.55342422873367,43.040117790567066,43.040117790567066,2400
2014-04-24,43.17740249633789,43.52955676865659,42.46713310778566,43.21321765095218,4000
2014-04-25,42.17466354370117,42.85509219083737,42.07916254928442,42.81927704106206,4500
2014-04-28,42.38356399536133,43.0460873088161,42.18659662028282,42.359688748042316,3500
2014-04-29,42.347747802734375,42.78943303663242,42.347747802734375,42.62231086326027,3100
2014-04-30,42.23435974121094,42.64619535780643,42.22838978916197,42.377606714212014,3900
2014-05-01,41.17790222167969,42.06126844006848,40.76009664431022,42.06126844006848,10600
2014-05-02,41.446495056152344,41.49424101189919,40.945123814027035,41.446495056152344,4400
2014-05-05,40.008026123046875,41.34500799208042,39.608126007669924,39.608126007669924,2000
2014-05-06,39.39923858642578,40.61684925429871,39.39923858642578,40.61684925429871,9400
2014-05-07,39.184364318847656,39.87076306538091,38.19953173066855,39.87076306538091,11100
2014-05-08,39.936431884765625,40.557170470314034,39.39327993023511,39.99014780796595,9200
2014-05-09,41.6553840637207,41.75685044750995,39.244038777197964,39.918497424061265,14000
2014-05-12,42.18659591674805,42.18659591674805,40.72427233431322,40.92123515236923,2700
2014-05-13,42.77750015258789,43.42211825881181,42.37162999908451,42.586502701159155,7400
2014-05-14,41.41666030883789,43.05207696496793,41.18388220848049,43.05207696496793,2700
2014-05-15,40.473594665527344,41.470367120985436,39.09483182478112,41.183868639845755,6500
2014-05-16,41.39873123168945,42.07318988473358,40.15127575658253,40.16918560718391,30000
2014-05-19,42.15079116821289,42.31194341510319,40.676527481015185,41.2793650265824,16400
2014-05-20,41.00480270385742,41.95979451628872,40.86752570459388,41.03464790564782,20200
2014-05-21,40.88543701171875,41.721052693508994,40.58700316491788,41.4942400555473,6200
2014-05-22,40.61087417602539,41.422614518811024,40.59296887568637,40.65265472806265,3100
2014-05-23,41.27339553833008,41.27339553833008,39.900598233921635,39.900598233921635,3200
2014-05-27,41.32115173339844,41.32115173339844,40.378099700547146,40.378099700547146,1900
2014-05-28,40.64667510986328,41.57182153975694,40.61683446764135,41.39275947147508,2900
2014-05-29,40.77798843383789,40.77798843383789,40.00802879320576,40.64667685196823,2800
2014-05-30,41.07643508911133,41.57183637490537,40.17516358361385,40.17516358361385,8200
2014-06-02,40.24081802368164,41.42261803757342,39.92447888085024,41.165964752188486,8200
2014-06-03,39.52458190917969,39.930452148755954,39.34551976823097,39.930452148755954,17600
2014-06-04,40.300498962402344,40.300498962402344,39.25001524908807,39.524573802822836,10500
2014-06-05,41.07045364379883,41.07045364379882,38.856075634446015,38.856075634446015,5000
2014-06-06,41.15999221801758,41.15999221801758,40.97496470542012,40.97496470542012,1500
2014-06-09,41.63151931762695,42.150795821579905,40.30647238279029,40.30647238279029,10300
2014-06-10,41.51811981201172,41.840428947956916,41.23759123699981,41.840428947956916,5200
2014-06-11,40.742183685302734,41.804607285597875,40.41987463458313,41.213709636147804,4100
2014-06-12,40.389610290527344,40.879620322411405,40.03704743431541,40.879620322411405,13700
2014-06-13,39.95936965942383,40.604739567627966,39.95936965942383,40.33583581913304,22800
2014-06-16,40.258155822753906,40.51511023248898,39.57692870095986,40.096809917597426,20500
2014-06-17,40.27011489868164,40.89756324296443,39.499251483365,40.060966970281676,6400
2014-06-18,40.00120162963867,40.395594121669085,39.44546323157804,40.395594121669085,6500
2014-06-19,39.337894439697266,39.71436056096303,39.06898615958078,39.445456839927644,13500
2014-06-20,37.7005615234375,40.46132477511729,37.41372918503941,39.67851223059567,36300
2014-06-23,37.75434494018555,38.65069690499614,37.36592484361792,38.03520261861263,16000
2014-06-24,38.63875961303711,39.55901057218523,38.17862957437978,38.17862957437978,13500
2014-06-25,38.46546173095703,39.397666544225594,38.39375191490446,38.88375759355627,8700
2014-06-26,38.41166687011719,39.116797229323836,38.24434857455656,38.907649359873055,6000
2014-06-27,39.726322174072266,39.80998132835189,37.891786338687666,38.423623767184225,198800
2014-06-30,40.26412582397461,40.50315390982027,38.913625573247494,39.445460670736274,34900
2014-07-01,40.76610565185547,41.29196405649139,40.084878229840186,40.084878229840186,5700
2014-07-02,40.89156723022461,41.232180714634445,40.04899439247983,40.63461287819047,31200
2014-07-03,40.903533935546875,41.471226356478184,40.867681309054504,41.471226356478184,3000
2014-07-07,41.02901840209961,41.22023996730985,39.80400225807415,40.724257465361454,15900
2014-07-08,40.71828842163086,41.548907684333614,40.64060621285325,41.08878227081873,15100
2014-07-09,41.26206970214844,41.77597851547054,41.0349909582125,41.1843829490833,4100
2014-07-10,40.927433013916016,41.19036440548115,40.78401796355424,40.90352974567534,4800
2014-07-11,40.96926498413086,41.18438985176722,40.17450292439472,40.604748100584935,13900
2014-07-14,41.03498458862305,41.39950135449282,40.939376100028916,41.39950135449282,2500
2014-07-15,40.646568298339844,41.10072119839479,40.57486306507112,41.10072119839479,2600
2014-07-16,41.238162994384766,41.56682261141838,41.238162994384766,41.513043687553036,1000
2014-07-17,40.7122917175293,41.32181341381078,40.70631932219272,41.220227984124,3900
2014-07-18,41.22620391845703,41.381572833073285,40.87961803688649,40.87961803688649,2400
2014-07-21,41.082794189453125,41.33377161977643,40.88559568316421,41.220236816010015,4100
2014-07-22,41.39352798461914,41.459260820819125,41.05291445116529,41.082794670922176,4000
2014-07-23,41.6146240234375,41.6146240234375,40.99315292259004,41.375595975560664,5800
2014-07-24,41.596702575683594,41.728168245323516,41.26803840158379,41.26803840158379,7900
2014-07-25,41.566829681396484,41.566829681396484,41.40548832327702,41.40548832327702,4400
2014-07-28,42.18830490112305,42.60062832902279,41.005122673619766,41.005122673619766,12100
2014-07-29,42.2839241027832,42.73210022092453,41.74013489107845,42.50502140325299,9400
2014-07-30,42.869529724121094,42.869529724121094,42.02098420524059,42.55879635068679,2900
2014-07-31,41.285972595214844,42.134522654308604,41.118654277926055,42.134522654308604,8100
2014-08-01,41.22620391845703,41.26206108895666,40.99315282607304,41.25608413402659,2900
2014-08-04,41.7520751953125,41.7520751953125,40.77206410120648,40.77206410120648,1200
2014-08-05,40.879638671875,41.232201686340346,40.76609926629588,41.22025232952927,1500
2014-08-06,41.23219680786133,41.23219680786133,40.81390098271895,40.81390098271895,2200
2014-08-07,41.23219680786133,41.23219680786133,41.23219680786133,41.23219680786133,1000
2014-08-08,41.81184005737305,41.81184005737305,40.73024327155271,41.441346199677504,9200
2014-08-11,41.566829681396484,41.775982133997246,41.53695401608362,41.775982133997246,1400
2014-08-12,41.901458740234375,41.901458740234375,41.775970040450396,41.81779960704505,3700
2014-08-13,41.758056640625,41.758056640625,41.758056640625,41.758056640625,700
2014-08-14,42.104644775390625,42.12854804477543,42.09866781827381,42.09866781827381,3000
2014-08-15,42.39744567871094,42.39744567871094,42.39744567871094,42.39744567871094,300
2014-08-18,43.0189208984375,43.024897855238194,42.75599406727585,43.024897855238194,2900
2014-08-19,43.048797607421875,43.11453044961423,43.02489434125358,43.02489434125358,2700
2014-08-20,42.96513748168945,42.96513748168945,42.660376543802535,42.660376543802535,900
2014-08-21,42.81574249267578,42.81574249267578,42.81574249267578,42.81574249267578,400
2014-08-22,43.419288635253906,43.419288635253906,41.662437435722005,42.953181813214464,2500
2014-08-25,43.419288635253906,43.419288635253906,43.419288635253906,43.419288635253906,0
2014-08-26,43.67625045776367,43.67625045776367,43.28185788052612,43.317710507797855,1700
2014-08-27,43.37113571166992,43.5087289090176,43.17970467454007,43.17970467454007,1600
2014-08-28,42.796852111816406,42.796852111816406,42.47381130910021,42.47381130910021,1900
2014-08-29,42.988285064697266,42.988285064697266,42.22853965370057,42.802837481827794,13400
2014-09-02,42.92247772216797,43.670256079697026,42.86863987118278,42.86863987118278,700
2014-09-03,43.37113571166992,43.418994611971364,43.30533086477441,43.30533086477441,1100
2014-09-04,43.9035758972168,49.102134078252725,42.1747121746176,43.879646434818405,39100
2014-09-05,42.9464111328125,45.46492832524537,42.778909495550806,45.26153478402111,9100
2014-09-08,44.154823303222656,45.464932692633695,43.07204149828455,45.464932692633695,5000
2014-09-09,43.155792236328125,45.165821200579465,43.07802491573948,45.165821200579465,3600
2014-09-10,43.19766616821289,44.65134769850681,43.19766616821289,44.65134769850681,800
2014-09-11,43.34722137451172,43.65231626520974,43.09596890644394,43.65231626520974,10300
2014-09-12,43.14382553100586,43.34721907127898,43.14382553100587,43.34721907127898,800
2014-09-15,43.28141403198242,43.496774582044715,42.808817522905585,43.496774582044715,3400
2014-09-16,43.454917907714844,43.454917907714844,43.454917907714844,43.454917907714844,600
2014-09-17,43.233558654785156,43.42498976338233,42.748999659540544,42.748999659540544,4300
2014-09-18,43.18570327758789,43.18570327758789,43.18570327758789,43.18570327758789,200
2014-09-19,43.18570327758789,44.86670780275981,43.18570327758789,43.18570327758789,2600
2014-09-22,43.46088409423828,44.322321758473606,42.77292701268727,43.37114976810947,3100
2014-09-23,43.10195541381836,43.371153853484714,43.10195541381836,43.353207899384,1000
2014-09-24,43.84973907470703,43.84973907470703,43.07204750250271,43.15579834085353,1200
2014-09-25,42.9524040222168,43.849738329944906,42.86266967862833,43.849738329944906,3200
2014-09-26,44.02919006347656,44.02919006347656,42.77292329897929,43.3113246449287,1500
2014-09-29,43.712135314941406,43.81981559042294,42.75497984625957,42.75497984625957,1300
2014-09-30,43.789894104003906,45.45295682695901,43.11390418422323,43.11390418422323,1900
2014-10-01,42.772926330566406,42.772926330566406,42.772926330566406,42.772926330566406,400
2014-10-02,43.32328796386719,43.32328796386719,42.90453388862159,42.90453388862159,600
2014-10-03,42.77891540527344,43.31731685947622,42.77891540527344,43.04811385033586,400
2014-10-06,42.9524040222168,42.9524040222168,42.772935335039854,42.772935335039854,600
2014-10-07,42.28837966918945,43.30535680741091,41.456850175636,43.30535680741091,20900
2014-10-08,41.8636360168457,43.66428346471982,41.21755425943006,41.2773756301364,1200
2014-10-09,40.080928802490234,42.02515296081999,38.90841262700226,42.02515296081999,6500
2014-10-10,38.782779693603516,41.749963811149435,38.53152724878066,40.380033246647976,18600
2014-10-13,41.181671142578125,42.17472356188565,39.500665890900606,39.500665890900606,27100
2014-10-14,42.92247772216797,43.17971365972104,42.70711719007345,42.98229907795491,500
2014-10-15,41.79781723022461,41.79781723022461,41.79781723022461,41.79781723022461,300
2014-10-16,42.45587158203125,42.45587158203125,39.99717558211836,40.02110504109513,1300
2014-10-17,43.233558654785156,43.233558654785156,42.964360227222066,42.964360227222066,400
2014-10-20,43.000244140625,43.000244140625,42.581490094683865,42.581490094683865,300
2014-10-21,43.37113571166992,43.74203534289223,39.60831525189248,39.60831525189248,14000
2014-10-22,43.37113571166992,43.37113571166992,43.37113571166992,43.37113571166992,0
2014-10-23,43.777950286865234,45.01627145871458,43.777950286865234,45.01627145871458,200
2014-10-24,42.707122802734375,42.707122802734375,42.707122802734375,42.707122802734375,200
2014-10-27,43.359188079833984,43.359188079833984,42.7729277610686,42.7729277610686,1300
2014-10-28,42.78489303588867,42.80284355387681,42.77293058797438,42.80284355387681,600
2014-10-29,42.78489303588867,42.78489303588867,42.78489303588867,42.78489303588867,0
2014-10-30,43.37113571166992,43.37113571166992,43.37113571166992,43.37113571166992,100
2014-10-31,44.579559326171875,45.105998290850906,43.37115132503403,44.56759687882807,3800
2014-11-03,44.130889892578125,47.857819602301376,43.40106197746799,44.316342047109636,18100
2014-11-04,44.38813400268555,45.153863090692425,42.772934120278336,43.371156975107404,1900
2014-11-05,44.54367446899414,44.54367446899414,44.1428662404248,44.1428662404248,1000
2014-11-06,44.62144088745117,44.866714450538325,44.11295236982738,44.866714450538325,2600
2014-11-07,45.177791595458984,45.177791595458984,44.86073418733846,44.89064715809941,1200
2014-11-10,44.63339614868164,45.28545670291965,44.35821425352896,45.28545670291965,4300
2014-11-11,44.537681579589844,44.561611037100604,43.07802118405245,44.519735627476116,4500
2014-11-12,44.09500503540039,44.09500503540039,44.011254202837954,44.07107557408568,1300
2014-11-13,44.26848220825195,44.26848220825195,43.819815158843994,43.819815158843994,1200
2014-11-14,44.32830810546875,44.87269303855586,43.93946237670335,44.87269303855586,1600
2014-11-17,44.32830810546875,44.32830810546875,44.32830810546875,44.32830810546875,0
2014-11-18,43.48481369018555,43.484813690185554,43.4668677377183,43.4668677377183,500
2014-11-19,43.38311767578125,43.38311767578125,43.107935721338386,43.107935721338386,900
2014-11-20,43.38311767578125,43.38311767578125,43.38311767578125,43.38311767578125,0
2014-11-21,44.29838943481445,44.29838943481445,42.81479524200525,44.26847647642945,3100
2014-11-24,44.03517532348633,44.03517532348633,42.802837965702466,42.802837965702466,900
2014-11-25,43.84973907470703,44.06509967734582,43.700183354212236,43.700183354212236,2600
2014-11-26,43.53831100463867,44.065325143315576,42.801695615808626,44.065325143315576,4400
2014-11-28,43.418540954589844,43.418540954589844,43.358654225706765,43.358654225706765,200
2014-12-01,43.268829345703125,43.298774999866076,42.59210051083454,43.268829345703125,2800
2014-12-02,43.418540954589844,44.658214975634166,43.35266418209909,43.35266418209909,8800
2014-12-03,43.418540954589844,43.418540954589844,43.418540954589844,43.418540954589844,0
2014-12-04,42.87955093383789,44.113239471055394,42.81966420540547,44.113239471055394,6300
2014-12-05,43.13107681274414,44.11323832355826,42.891529905245676,44.11323832355826,900
2014-12-08,42.90949249267578,42.90949249267578,42.90949249267578,42.90949249267578,500
2014-12-09,42.90949249267578,42.90949249267578,42.90949249267578,42.90949249267578,0
2014-12-10,42.31659698486328,43.30473911798427,41.382346950712844,43.30473911798427,1900
2014-12-11,43.29277038574219,44.32882387657257,41.50213144078915,42.077052168528006,9800
2014-12-12,41.85546875,43.11909824463884,41.615917290383635,43.11909824463884,6500
2014-12-15,42.6400032043457,42.92147587872511,41.023038549017684,42.220791499353965,2400
2014-12-16,41.921348571777344,43.05322461769018,41.32247216360909,43.05322461769018,700
2014-12-17,41.65184020996094,43.05320828014179,41.65184020996094,43.05320828014179,1900
2014-12-18,41.933326721191406,42.98735054505366,41.933326721191406,42.98735054505366,700
2014-12-19,42.6400032043457,44.43663262985012,42.51423969284818,42.981362612428946,4700
2014-12-22,44.39469909667969,46.71235205504279,42.92745396873008,42.92745396873008,500
2014-12-23,42.82565689086914,42.82565689086914,42.819666846937025,42.819666846937025,900
2014-12-24,42.82565689086914,42.82565689086914,42.82565689086914,42.82565689086914,0
2014-12-26,43.3466796875,44.490536002574636,42.83763557323194,44.490536002574636,500
2014-12-29,43.53831100463867,43.53831100463867,43.53831100463867,43.53831100463867,200
2014-12-30,43.53831100463867,43.53831100463867,43.53831100463867,43.53831100463867,100
2014-12-31,43.658103942871094,43.658103942871094,43.658103942871094,43.658103942871094,300
2015-01-02,43.658103942871094,43.658103942871094,43.658103942871094,43.658103942871094,0
2015-01-05,42.95140838623047,43.747914951034794,42.81965487096196,43.747914951034794,700
2015-01-06,42.065059661865234,43.119082969342195,41.400306767229544,43.119082969342195,1400
2015-01-07,41.82551956176758,42.50225272054819,41.33444116722439,42.50225272054819,1000
2015-01-08,43.02328872680664,43.41854943898884,42.84961854982826,42.84961854982826,1200
2015-01-09,42.735816955566406,43.17299413498937,41.78360117749274,42.819659279539685,18700
2015-01-12,42.16090393066406,43.11311531417195,41.33445148709817,43.11311531417195,2300
2015-01-13,42.280670166015625,42.90949217259053,42.280670166015625,42.53818718396695,2900
2015-01-14,41.40031051635742,42.69987535713461,41.36437940606243,42.69987535713461,1900
2015-01-15,41.460205078125,42.041111206538375,40.13668453590348,41.99320457870259,11500
2015-01-16,41.96924591064453,42.58608767614829,40.16063719702512,41.825512330460114,16600
2015-01-20,42.08903503417969,42.526216841218904,41.80157690464711,41.80157690464711,1300
2015-01-21,42.101016998291016,42.40045522852334,42.101016998291016,42.292657282877116,1000
2015-01-22,42.154903411865234,42.69988305120738,39.855220557350236,42.52021832923303,13900
2015-01-23,43.13107681274414,44.01142586190059,42.81966309155751,42.95141663212029,17200
2015-01-26,42.80768585205078,43.412547708940096,41.68179532820887,43.12508960387797,14900
2015-01-27,42.220787048339844,42.89751574907416,41.72371852977684,41.921348842323255,7700
2015-01-28,41.921348571777344,42.208811258086435,41.603944806498475,41.66982157692213,12100
2015-01-29,42.20881652832031,42.20881652832031,42.20881652832031,42.20881652832031,1000
2015-01-30,42.96337890625,42.96337890625,41.32844937813053,41.92133555883934,16100
2015-02-02,44.19108963012695,44.19108963012695,42.20881022949697,42.20881022949697,3900
2015-02-03,43.83775329589844,44.19708281281835,43.418541618244674,43.418541618244674,4000
2015-02-04,45.622398376464844,46.82614106259373,43.89763621458241,43.89763621458241,11900
2015-02-05,44.526466369628906,46.34705145781804,42.382487426722136,45.796086180476145,29600
2015-02-06,43.777870178222656,46.31710519751964,43.376624029495055,45.239130265009734,17100
2015-02-09,43.5443115234375,44.316862787892646,43.5443115234375,44.316862787892646,3600
2015-02-10,43.789852142333984,43.78985214233398,43.78985214233398,43.78985214233398,400
2015-02-11,43.658103942871094,44.119236902747936,43.418552395153654,43.55629602003755,8200
2015-02-12,44.96962356567383,45.25708622813598,44.96962356567383,45.25708622813598,600
2015-02-13,47.293270111083984,47.29327011108398,47.29327011108398,47.29327011108398,100
2015-02-17,47.293270111083984,47.29327011108398,47.29327011108398,47.29327011108398,0
2015-02-18,45.155277252197266,47.47292577931663,45.14928720941927,46.81416271471797,4400
2015-02-19,45.664329528808594,48.95815001941118,43.64611423788516,46.58060977059859,8500
2015-02-20,44.20305252075195,44.70611092356614,42.2207736863714,43.5083584785627,2700
2015-02-23,44.20305252075195,44.203052520751946,44.203052520751946,44.203052520751946,0
2015-02-24,43.73593521118164,43.73593521118164,43.19096015716957,43.19096015716957,1400
2015-02-25,43.73593521118164,43.73593521118164,43.73593521118164,43.73593521118164,0
2015-02-26,45.49065017700195,45.49065017700195,45.49065017700195,45.49065017700195,200
2015-02-27,44.61629867553711,44.91573692168165,44.61629867553711,44.91573692168165,500
2015-03-02,44.61629867553711,44.61629867553711,44.61629867553711,44.61629867553711,0
2015-03-03,44.61629867553711,44.61629867553711,44.61629867553711,44.61629867553711,0
2015-03-04,43.11909866333008,43.48441361475286,43.11909866333008,43.30474887603001,3700
2015-03-05,43.29875946044922,43.32870053480134,42.58609518253888,43.29875946044922,2400
2015-03-06,42.52021789550781,45.125328923180426,40.364264099125776,42.53818345370926,9100
2015-03-09,42.57411575317383,42.58010579576197,41.92134275204263,41.92134275204263,4000
2015-03-10,42.57411575317383,42.574115753173835,42.574115753173835,42.574115753173835,0
2015-03-11,42.40642547607422,42.66993248615913,42.40642547607422,42.66993248615913,1200
2015-03-12,42.62802505493164,42.66994622284413,42.40643912792869,42.40643912792869,1300
2015-03-13,42.52021789550781,42.52021789550781,42.52021789550781,42.52021789550781,300
2015-03-16,42.37049865722656,42.43038537402476,42.220779580699265,42.220779580699265,6900
2015-03-17,43.04124069213867,43.04124069213867,41.34042964926776,41.34042964926776,10000
2015-03-18,44.424652099609375,44.56239568374905,44.424652099609375,44.56239568374905,600
2015-03-19,44.07093811035156,45.096121917051654,44.064941599482644,45.096121917051654,400
2015-03-20,43.78314971923828,43.78314971923828,43.78314971923828,43.78314971923828,300
2015-03-23,43.639286041259766,43.639286041259766,43.16566225376232,43.16566225376232,7200
2015-03-24,43.69922637939453,43.69922637939454,43.135673356645725,43.16565133300356,19100
2015-03-25,43.165653228759766,46.69084659580282,43.159656718425445,46.69084659580282,3500
2015-03-26,43.47142028808594,43.47142028808594,43.47142028808594,43.47142028808594,200
2015-03-27,43.45943069458008,43.525378605227274,43.345524409460985,43.495405192932154,9000
2015-03-30,44.90428161621094,48.36952444183659,43.21362663791613,43.47142175681207,4000
2015-03-31,44.388668060302734,44.388668060302734,44.1068916162758,44.1068916162758,500
2015-04-01,43.765167236328125,44.088910118188736,43.765167236328125,44.06492865575503,6800
2015-04-02,43.765167236328125,43.939029408475285,43.171640906581814,43.939029408475285,1200
2015-04-06,44.82633972167969,46.56495760891872,43.231610670266086,43.231610670266086,7700
2015-04-07,44.82633972167969,44.826339721679695,44.826339721679695,44.826339721679695,0
2015-04-08,44.040958404541016,44.040958404541016,43.41146200789548,43.41146200789548,500
2015-04-09,44.040958404541016,44.040958404541016,44.040958404541016,44.040958404541016,0
2015-04-10,43.50139617919922,43.50139617919921,43.50139617919921,43.50139617919921,400
2015-04-13,43.765167236328125,44.06492865575503,43.765167236328125,43.78315218965434,1400
2015-04-14,43.627281188964844,43.76517347411316,43.627281188964844,43.76517347411316,5500
2015-04-15,43.627281188964844,43.627281188964844,43.627281188964844,43.627281188964844,0
2015-04-16,43.627281188964844,43.627281188964844,43.627281188964844,43.627281188964844,0
2015-04-17,43.627281188964844,43.627281188964844,43.627281188964844,43.627281188964844,0
2015-04-20,43.627281188964844,43.627281188964844,43.627281188964844,43.627281188964844,0
2015-04-21,43.47142028808594,43.47142028808594,43.47142028808594,43.47142028808594,200
2015-04-22,43.42344665527344,43.43543510149489,42.656058025183356,43.315532343292205,3000
2015-04-23,43.42344665527344,43.42344665527344,43.42344665527344,43.42344665527344,0
2015-04-24,43.88508605957031,43.88508605957031,43.88508605957031,43.88508605957031,600
2015-04-27,43.88508605957031,43.88508605957031,43.88508605957031,43.88508605957031,0
2015-04-28,43.165653228759766,43.165653228759766,43.165653228759766,43.165653228759766,300
2015-04-29,43.165653228759766,43.165653228759766,43.165653228759766,43.165653228759766,0
2015-04-30,44.514591217041016,44.514591217041016,43.825138721101986,43.825138721101986,3300
2015-05-01,46.612911224365234,46.612911224365234,44.51458081555137,44.51458081555137,200
2015-05-04,46.15727233886719,46.18125380662962,44.66446141913481,46.18125380662962,1600
2015-05-05,45.57574462890625,45.80956284895749,45.57574462890625,45.761599902588095,700
2015-05-06,44.33472442626953,44.772378232834996,44.33472442626953,44.772378232834996,7200
2015-05-07,43.765167236328125,43.77715568054685,43.48339077022744,43.77715568054685,6800
2015-05-08,43.615299224853516,43.76517997820353,43.615299224853516,43.76517997820353,13200
2015-05-11,43.46541213989258,43.76517360292632,43.16565067685883,43.76517360292632,1200
2015-05-12,43.46541213989258,43.46541213989258,43.46541213989258,43.46541213989258,0
2015-05-13,43.46541213989258,43.46541213989258,43.46541213989258,43.46541213989258,0
2015-05-14,43.765167236328125,43.90305950182286,43.765167236328125,43.765167236328125,1400
2015-05-15,43.225616455078125,43.369500724549546,43.12969513342999,43.18964653120988,7700
2015-05-18,43.90306854248047,43.90306854248047,43.729206334531064,43.729206334531064,400
2015-05-19,43.765167236328125,43.765167236328125,43.765167236328125,43.765167236328125,600
2015-05-20,43.31554412841797,43.31554412841797,43.31554412841797,43.31554412841797,200
2015-05-21,43.47142028808594,43.597319587386366,43.321539516442826,43.46542377650073,8500
2015-05-22,43.59730911254883,45.11410142530768,43.43543535662764,43.44742837691658,20900
2015-05-26,43.171653747558594,43.171653747558594,42.57213073038265,42.57213073038265,400
2015-05-27,43.171653747558594,43.171653747558594,43.171653747558594,43.171653747558594,0
2015-05-28,43.15966796875,43.15966796875,42.89588090724273,42.89588090724273,400
2015-05-29,43.15966796875,43.15966796875,43.15966796875,43.15966796875,0
2015-06-01,43.15966796875,43.15966796875,43.15966796875,43.15966796875,0
2015-06-02,43.0457649230957,43.0457649230957,42.841924669243255,42.93185405847232,14200
2015-06-03,43.639286041259766,43.639286041259766,42.86590071033341,42.86590071033341,500
2015-06-04,42.86589050292969,42.86589050292969,42.56013252072108,42.590110497524755,8800
2015-06-05,42.82391357421875,42.82391357421875,42.56611858853959,42.58410354061088,8900
2015-06-08,42.82391357421875,42.82391357421875,42.82391357421875,42.82391357421875,0
2015-06-09,43.165653228759766,43.171649739094086,42.566130267249214,42.566130267249214,3500
2015-06-10,43.165653228759766,43.165653228759766,42.566130267249214,42.566130267249214,1000
2015-06-11,42.985599517822266,43.21367001666174,42.9435864106917,43.21367001666174,900
2015-06-12,42.90757751464844,42.90757751464844,42.4694414228775,42.67950698599274,6800
2015-06-15,42.04328918457031,42.07929910029382,42.04328918457031,42.07929910029382,400
2015-06-16,42.04328918457031,42.04328918457031,42.04328918457031,42.04328918457031,0
2015-06-17,41.71920394897461,41.71920394897461,41.71920394897461,41.71920394897461,300
2015-06-18,42.6915168762207,43.213683871472206,41.72521052332334,42.01330376393131,1000
2015-06-19,43.8138542175293,43.8138542175293,42.58346332910181,43.73583119410554,1700
2015-06-22,43.8138542175293,43.8138542175293,43.8138542175293,43.8138542175293,0
2015-06-23,43.8138542175293,43.8138542175293,43.8138542175293,43.8138542175293,0
2015-06-24,42.76352310180664,42.76352310180664,42.24735950926858,42.24735950926858,700
2015-06-25,42.91355895996094,42.91355895996094,42.613464142059115,42.613464142059115,500
2015-06-26,42.019290924072266,42.913572481043936,42.019290924072266,42.07930899074624,4900
2015-06-29,42.61349105834961,42.61349105834961,42.07932231140988,42.07932231140988,700
2015-06-30,42.547462463378906,42.61348371997614,42.04330513563888,42.61348371997614,1300
2015-07-01,42.64949035644531,43.0456178654442,42.64949035644531,43.0456178654442,1400
2015-07-02,42.64949035644531,42.64949035644531,42.64949035644531,42.64949035644531,0
2015-07-06,42.64949035644531,42.64949035644531,42.64949035644531,42.64949035644531,0
2015-07-07,42.25938034057617,42.25938034057617,42.25938034057617,42.25938034057617,300
2015-07-08,42.85355758666992,42.85355758666992,42.01329085377731,42.34339711354826,12100
2015-07-09,42.277366638183594,42.277366638183594,42.085306105059054,42.085306105059054,300
2015-07-10,41.4791259765625,41.4791259765625,41.4791259765625,41.4791259765625,100
2015-07-13,41.99528503417969,42.50544549690055,41.425101922480316,42.50544549690055,2900
2015-07-14,43.0636100769043,43.0636100769043,42.01327812380907,42.01327812380907,2600
2015-07-15,42.46342086791992,42.46342086791992,42.079299829929056,42.079299829929056,1700
2015-07-16,42.46342086791992,42.46342086791992,42.31337344435836,42.31337344435836,200
2015-07-17,42.313377380371094,42.313377380371094,42.313377380371094,42.313377380371094,200
2015-07-20,42.313377380371094,42.313377380371094,42.313377380371094,42.313377380371094,0
2015-07-21,42.313377380371094,42.313377380371094,42.313377380371094,42.313377380371094,0
2015-07-22,42.133323669433594,42.1333236694336,42.01328753667707,42.037295679045364,800
2015-07-23,42.5894775390625,42.5894775390625,42.5894775390625,42.5894775390625,700
2015-07-24,41.935272216796875,42.01329525952225,41.935272216796875,42.01329525952225,900
2015-07-27,41.935272216796875,41.935272216796875,41.935272216796875,41.935272216796875,0
2015-07-28,43.29770278930664,43.29770278930664,43.16566026715692,43.18966841473741,3200
2015-07-29,43.2736930847168,43.387730636849504,43.21367500746802,43.21367500746802,3100
2015-07-30,43.26768493652344,43.26768493652344,43.219673227687196,43.26768493652344,500
2015-07-31,42.61349105834961,42.61349105834961,42.043312375823156,42.61349105834961,1100
2015-08-03,41.341060638427734,43.14162955336231,41.341060638427734,42.34338081451147,5900
2015-08-04,41.86323928833008,41.86323928833008,41.7251936170981,41.7251936170981,600
2015-08-05,42.61349105834961,43.21368107325594,41.863253539716695,41.863253539716695,700
2015-08-06,42.61349105834961,42.61349105834961,42.61349105834961,42.61349105834961,0
2015-08-07,42.019290924072266,42.019290924072266,42.019290924072266,42.019290924072266,300
2015-08-10,42.019290924072266,42.019290924072266,42.019290924072266,42.019290924072266,0
2015-08-11,42.019290924072266,42.019290924072266,42.019290924072266,42.019290924072266,0
2015-08-12,42.019290924072266,42.019290924072266,42.019290924072266,42.019290924072266,0
2015-08-13,42.019290924072266,42.019290924072266,42.019290924072266,42.019290924072266,0
2015-08-14,42.019290924072266,42.019290924072266,42.019290924072266,42.019290924072266,0
2015-08-17,42.6314811706543,42.70950877601771,42.08531082853456,42.70350559581633,12200
2015-08-18,41.41309356689453,41.41309356689453,41.41309356689453,41.41309356689453,200
2015-08-19,43.18965148925781,43.18965148925781,43.18965148925781,43.18965148925781,200
2015-08-20,42.61349105834961,43.21368107325594,42.61349105834961,43.21368107325594,300
2015-08-21,42.61349105834961,42.61349105834961,42.61349105834961,42.61349105834961,0
2015-08-24,41.41309356689453,42.61347309057263,41.41309356689453,42.61347309057263,500
2015-08-25,42.91355895996094,42.91355895996094,42.91355895996094,42.91355895996094,100
2015-08-26,42.61349105834961,42.913586065802775,41.473129114210295,42.913586065802775,1100
2015-08-27,42.61349105834961,42.61349105834961,42.61349105834961,42.61349105834961,0
2015-08-28,42.75167465209961,42.98601234237643,41.64607733262048,41.64607733262048,2400
2015-08-31,42.75167465209961,42.75167465209961,42.67355903250734,42.75167465209961,500
2015-09-01,42.66154479980469,42.66154479980469,42.06067797163843,42.06067797163843,300
2015-09-02,42.31303405761719,43.262404591937894,41.7061619605287,43.262404591937894,800
2015-09-03,42.024620056152344,42.811753995996156,41.89843859448459,41.89843859448459,300
2015-09-04,42.12678527832031,42.12678527832031,41.06925808623783,42.066699495824444,800
2015-09-08,42.94395446777344,42.94395446777344,41.83235171303481,42.631501138849444,700
2015-09-09,41.23148727416992,42.29501964290844,40.40829799188607,42.29501964290844,1200
2015-09-10,42.301025390625,42.301025390625,42.00059197816921,42.06067774381035,600
2015-09-11,42.06068801879883,42.06068801879883,41.47183636946512,41.47183636946512,400
2015-09-14,42.06068801879883,42.06068801879883,42.06068801879883,42.06068801879883,0
2015-09-15,42.67957305908203,42.68558301137446,42.16883713623511,42.31905385379305,1800
2015-09-16,42.174842834472656,42.66154348330816,42.11475248611029,42.66154348330816,1000
2015-09-17,42.174842834472656,42.174842834472656,42.174842834472656,42.174842834472656,200
2015-09-18,43.26241683959961,43.26241683959961,42.07870831203602,42.07870831203602,1500
2015-09-21,43.238365173339844,43.26240039033323,43.238365173339844,43.26240039033323,500
2015-09-22,43.238365173339844,43.238365173339844,43.238365173339844,43.238365173339844,0
2015-09-23,42.787723541259766,43.3285045687997,42.18084680011775,43.262408855197606,3200
2015-09-24,42.787723541259766,42.787723541259766,42.787723541259766,42.787723541259766,0
2015-09-25,43.226356506347656,43.226356506347656,42.66154028074135,42.66154028074135,900
2015-09-28,43.226356506347656,43.226356506347656,43.226356506347656,43.226356506347656,0
2015-09-29,43.142242431640625,43.56284740042737,42.739658150944344,43.56284740042737,2300
2015-09-30,43.142242431640625,43.142242431640625,43.142242431640625,43.142242431640625,0
2015-10-01,42.961971282958984,43.64094903891934,42.961971282958984,43.64094903891934,1600
2015-10-02,42.75768280029297,42.75768280029297,42.75768280029297,42.75768280029297,100
2015-10-05,42.75768280029297,42.75768280029297,42.75768280029297,42.75768280029297,0
2015-10-06,43.40061569213867,43.40061569213867,42.661547430844024,42.661547430844024,400
2015-10-07,43.40061569213867,43.40061569213867,43.40061569213867,43.40061569213867,0
2015-10-08,44.47016143798828,44.47016143798828,43.86328457331522,43.86328457331522,2400
2015-10-09,44.343963623046875,44.34396362304688,43.85725848611835,43.85725848611835,12500
2015-10-12,44.343963623046875,44.37400420704308,44.19374695031874,44.34396362304688,17400
2015-10-13,44.76457977294922,44.76457977294922,43.875294828846044,43.875294828846044,1900
2015-10-14,45.305362701416016,45.66588190486752,43.5147774201813,43.5147774201813,2900
2015-10-15,45.641841888427734,45.641841888427734,43.953407635899936,43.953407635899936,3700
2015-10-16,44.78861618041992,45.81609795829257,44.596338969079724,44.596338969079724,4500
2015-10-19,44.78861618041992,44.78861618041992,44.78861618041992,44.78861618041992,0
2015-10-20,44.9929084777832,44.9929084777832,44.464147295411124,44.48217256759138,1100
2015-10-21,44.72251892089844,44.72251892089844,44.25985347286174,44.25985347286174,1500
2015-10-22,44.72251892089844,44.72251892089844,44.72251892089844,44.72251892089844,0
2015-10-23,44.289894104003906,44.289894104003906,44.289894104003906,44.289894104003906,100
2015-10-26,44.76457977294922,44.76457977294922,44.29590436920911,44.29590436920911,1800
2015-10-27,44.76457977294922,44.76457977294922,44.76457977294922,44.76457977294922,0
2015-10-28,44.76457977294922,44.76457977294922,44.76457977294922,44.76457977294922,0
2015-10-29,44.76457977294922,44.76457977294922,44.76457977294922,44.76457977294922,0
2015-10-30,45.479610443115234,45.47961044311523,43.86327725273263,43.86327725273263,3400
2015-11-02,45.479610443115234,45.47961044311523,45.47961044311523,45.47961044311523,0
2015-11-03,45.479610443115234,45.47961044311523,45.47961044311523,45.47961044311523,0
2015-11-04,48.21957778930664,48.27966357375142,47.46849402311806,48.069361036068926,9200
2015-11-05,48.12942886352539,48.12942886352538,47.91912640430629,48.069343101498475,4200
2015-11-06,48.21957778930664,48.21957778930664,48.21957778930664,48.21957778930664,400
2015-11-09,48.18952941894531,50.63505781660106,48.18952941894532,50.63505781660106,300
2015-11-10,48.273651123046875,48.27365112304687,48.24962047791316,48.24962047791316,600
2015-11-11,48.42986297607422,48.429862976074226,48.309691450238375,48.309691450238375,300
2015-11-12,48.67021560668945,48.74832664807378,48.405832721618935,48.405832721618935,1200
2015-11-13,48.84446716308594,48.84446716308594,48.84446716308594,48.84446716308594,200
2015-11-16,50.44276809692383,50.44276809692383,49.33717533998033,49.33717533998033,1300
2015-11-17,49.541473388671875,49.541473388671875,49.27108512109779,49.3912566657417,1200
2015-11-18,49.89598083496094,49.89598083496094,49.89598083496094,49.89598083496094,300
2015-11-19,49.89598083496094,49.89598083496094,49.89598083496094,49.89598083496094,0
2015-11-20,50.10025405883789,50.10025405883789,50.10025405883789,50.10025405883789,400
2015-11-23,50.629051208496094,50.6290512084961,50.47282451569056,50.47282451569056,800
2015-11-24,51.67456817626953,51.67456817626953,50.29858203169816,50.29858203169816,1500
2015-11-25,52.275421142578125,52.36555209588099,51.626483779898365,52.03507346185406,7200
2015-11-27,52.371742248535156,52.371742248535156,52.371742248535156,52.371742248535156,200
2015-11-30,52.40184020996094,52.401840209960945,52.37776069806857,52.37776069806857,5200
2015-12-01,52.40184020996094,52.401840209960945,52.401840209960945,52.401840209960945,0
2015-12-02,52.40184020996094,52.401840209960945,52.401840209960945,52.401840209960945,0
2015-12-03,52.6967887878418,52.6967887878418,52.552316356903624,52.552316356903624,700
2015-12-04,52.973697662353516,52.97369766235352,52.97369766235352,52.97369766235352,300
2015-12-07,53.274681091308594,54.1114243026152,52.37172039484574,52.37172039484574,2200
2015-12-08,53.08807373046875,53.08807373046875,53.08807373046875,53.08807373046875,800
2015-12-09,53.08807373046875,53.08807373046875,53.08807373046875,53.08807373046875,0
2015-12-10,52.85331344604492,52.85331344604492,52.07074549174922,52.371732459909616,1800
2015-12-11,52.70280838012695,52.97369475486333,52.323561944261236,52.323561944261236,5400
2015-12-14,51.60121536254883,52.58243139283593,51.60121536254883,52.58243139283593,2900
2015-12-15,51.534996032714844,52.37173955006446,51.37848150212723,51.775786558381036,5200
2015-12-16,52.371742248535156,52.371742248535156,49.60868356888311,51.75773073951165,7700
2015-12-17,53.527523040771484,54.35222901348484,52.371734148027755,52.371734148027755,5400
2015-12-18,54.37632369995117,54.37632369995117,52.43194525947418,52.43194525947418,5500
2015-12-21,54.77964401245117,55.3816181224781,53.87668284741076,54.177669902424235,6400
2015-12-22,55.38160705566406,55.514042068237394,54.89400959364138,54.89400959364138,3100
2015-12-23,55.38160705566406,57.18752902487049,55.381607055664055,55.381607055664055,900
2015-12-24,55.38160705566406,55.381607055664055,55.381607055664055,55.381607055664055,0
2015-12-28,61.64814376831055,61.64814376831054,56.04376413947578,56.04376413947578,600
2015-12-29,59.59540557861328,61.401326959783376,58.63224842719501,61.401326959783376,5700
2015-12-30,58.692466735839844,60.7813173124495,58.692466735839844,59.264340215674245,2700
2015-12-31,60.19740676879883,60.79938083648682,56.24243732779666,60.79938083648682,2700
2016-01-04,58.656349182128906,58.656349182128906,58.656349182128906,58.656349182128906,500
2016-01-05,59.577354431152344,60.13116928728271,58.385444152118936,58.385444152118936,2800
2016-01-06,55.38160705566406,56.615655571700614,53.88870954033336,56.615655571700614,1800
2016-01-07,53.876670837402344,54.28601332467932,52.973709873646996,54.17765782532079,5200
2016-01-08,53.665985107421875,55.97154671941034,52.97371406193665,54.17766210879885,9000
2016-01-11,52.973697662353516,54.17764533649792,52.67271074381742,54.17764533649792,6400
2016-01-12,53.57567596435547,53.57567596435546,52.97370207711552,52.97370207711552,2400
2016-01-13,52.437950134277344,53.551601001625905,52.221239149067216,52.37775365898491,7500
2016-01-14,52.29347610473633,53.56965787632219,51.7697571407556,53.27469194135897,2400
2016-01-15,50.25278854370117,51.745681402754364,48.8863050732881,51.709564434571476,2600
2016-01-19,51.13167190551758,51.13167190551758,47.164660944531015,50.25279043596371,2200
2016-01-20,50.83668518066406,51.089517665161864,49.662838116799755,50.49958132492776,2100
2016-01-21,51.071468353271484,51.07146835327149,51.07146835327149,51.07146835327149,300
2016-01-22,51.823936462402344,52.221241483950536,51.07749003146873,51.16778704479303,7400
2016-01-25,49.963844299316406,51.823941840422734,46.71318363118286,51.823941840422734,12200
2016-01-26,47.2790412902832,51.02933695882292,45.96071668312628,49.963844936977836,19800
2016-01-27,50.16851043701172,50.43940148983034,46.95999254062172,46.95999254062172,4600
2016-01-28,51.161781311035156,53.214515350519584,50.16852305298457,51.63734143683388,6000
2016-01-29,52.07074737548828,53.56966124519751,49.15117459725171,51.498873952373785,11800
2016-02-01,53.84656524658203,54.05123876735488,50.565809223337,52.24531700937856,900
2016-02-02,53.298770904541016,54.177652267987,52.0707435686764,52.46202753137338,3300
2016-02-03,51.78181076049805,52.76905252311228,51.78181076049805,52.76905252311228,700
2016-02-04,52.93760299682617,52.93760299682617,52.052700348815875,52.052700348815875,800
2016-02-05,52.31153869628906,54.171636051440665,52.31153869628906,52.66670113263313,6800
2016-02-08,53.45528030395508,53.575673238198455,52.251332590737135,52.504160508265855,3400
2016-02-09,52.371742248535156,52.371742248535156,52.371742248535156,52.371742248535156,300
2016-02-10,53.99104309082031,53.99104309082031,52.769036751385414,52.769036751385414,900
2016-02-11,53.72617721557617,53.72617721557618,52.97370974757091,52.97370974757091,1600
2016-02-12,53.72617721557617,53.72617721557618,53.72617721557618,53.72617721557618,0
2016-02-16,51.769779205322266,53.714157817193225,51.76977920532227,53.714157817193225,1300
2016-02-17,53.810455322265625,53.81045532226562,49.6628548428092,51.769763836140505,2900
2016-02-18,52.811180114746094,52.811180114746094,52.20318509945205,52.20318509945205,700
2016-02-19,52.63661193847656,52.63661193847656,51.769767844441326,51.79384735735314,2000
2016-02-22,52.79913330078125,53.816470720845714,51.76975842280033,51.78179588071678,3600
2016-02-23,53.377037048339844,53.377037048339844,53.377037048339844,53.377037048339844,500
2016-02-24,54.10541915893555,54.105419158935554,52.97370974057596,52.97370974057596,1900
2016-02-25,52.973697662353516,54.17764533649792,52.97369766235352,54.17764533649792,2800
2016-02-26,52.973697662353516,52.97369766235352,52.97369766235352,52.97369766235352,0
2016-02-29,51.98646926879883,52.97370615240519,51.98646926879883,52.97370615240519,1700
2016-03-01,53.64189910888672,53.64189910888672,53.64189910888672,53.64189910888672,700
2016-03-02,53.64189910888672,53.64189910888672,53.64189910888672,53.64189910888672,0
2016-03-03,53.64189910888672,53.64189910888672,53.64189910888672,53.64189910888672,0
2016-03-04,53.57567596435547,53.57567596435546,52.37172818987557,52.672715133495544,5100
2016-03-07,53.57567596435547,53.57567596435546,53.57567596435546,53.57567596435546,0
2016-03-08,52.03463363647461,53.334895078446955,51.76976360881296,51.76976360881296,1700
2016-03-09,52.678741455078125,52.678741455078125,52.64261989517829,52.64261989517829,500
2016-03-10,52.67271423339844,53.268667085627094,52.67271423339844,53.268667085627094,600
2016-03-11,52.99838638305664,53.6738340408697,52.99838638305664,53.6738340408697,800
2016-03-14,53.613521575927734,53.61352157592773,53.553214823871144,53.553214823871144,700
2016-03-15,53.95124053955078,54.27690250672433,53.95124053955078,54.22865526689639,800
2016-03-16,53.67985534667969,55.65191402066195,53.67985534667969,54.276899957905904,2000
2016-03-17,54.2105712890625,54.57844849229277,53.97537171337241,53.97537171337241,700
2016-03-18,53.98139190673828,56.689204760721616,53.98139190673828,56.689204760721616,1400
2016-03-21,54.668914794921875,56.11026803036892,54.66891479492187,54.87999076224677,800
2016-03-22,53.67384338378906,56.062027323788314,53.67384338378906,56.062027323788314,2000
2016-03-23,54.40959548950195,56.15248726103959,54.24676215935048,54.24676215935048,1200
2016-03-24,54.40959548950195,54.40959548950195,54.40959548950195,54.40959548950195,0
2016-03-28,52.60036087036133,54.37943564532443,52.60036087036133,54.37943564532443,2100
2016-03-29,55.17548370361328,56.18865270158742,54.87997742119454,55.193575267684444,1500
2016-03-30,55.670005798339844,55.670005798339844,55.48305350345509,55.48305350345509,800
2016-03-31,54.922183990478516,56.9364621614994,54.92218399047851,56.9364621614994,1600
2016-04-01,55.52527618408203,55.52527618408204,55.52527618408204,55.52527618408204,400
2016-04-04,54.46384811401367,55.483049074808115,54.46384811401367,55.483049074808115,500
2016-04-05,54.469879150390625,55.48304803773273,54.43369602619928,55.48304803773273,700
2016-04-06,57.29229736328125,57.29229736328124,54.57845169870477,54.57845169870477,2100
2016-04-07,59.101524353027344,61.31481502810374,57.29229401568977,57.29229401568977,4300
2016-04-08,59.13166046142578,59.39701102765608,58.854241185875,58.854241185875,700
2016-04-11,59.07738494873047,59.101508565584254,59.077384948730476,59.101508565584254,1200
2016-04-12,57.82297134399414,59.131650804654356,56.68918921607173,59.10752719328047,6900
2016-04-13,57.29229736328125,58.6070050026094,57.29229736328124,57.67826615637658,2000
2016-04-14,57.89535903930664,57.925514712583514,56.689205725987755,56.689205725987755,1400
2016-04-15,56.87015151977539,57.895380373443885,56.84602789248642,57.895380373443885,900
2016-04-18,56.71332931518555,57.89535900949626,56.689205696798425,57.89535900949626,1100
2016-04-19,57.816959381103516,57.816959381103516,57.473205878873976,57.473205878873976,1100
2016-04-20,57.8531494140625,57.89536460003896,57.8531494140625,57.89536460003896,400
2016-04-21,57.816959381103516,57.816959381103516,57.24403380998119,57.714432855020604,1200
2016-04-22,57.816959381103516,57.816959381103516,57.29228104565437,57.29228104565437,800
2016-04-25,57.780784606933594,57.895370667067574,56.785711604481904,57.895370667067574,2700
2016-04-26,57.256107330322266,57.89536720417975,57.25610733032226,57.89536720417975,1400
2016-04-27,56.7495002746582,57.88328709021132,56.74950027465821,57.382732468498354,1300
2016-04-28,55.32023620605469,57.10534295990019,52.26263705181787,52.26263705181787,900
2016-04-29,57.358646392822266,57.43101727982883,57.358646392822266,57.43101727982883,600
2016-05-02,59.535743713378906,64.40860546650883,59.535743713378906,60.8022041004108,600
2016-05-03,57.89535903930664,59.384959117433034,53.44465496955945,59.384959117433034,4400
2016-05-04,57.82297134399414,57.89534217811581,56.098172240182436,57.147528629958835,5400
2016-05-05,57.593807220458984,57.89534547815772,57.29226896276025,57.593807220458984,2200
2016-05-06,57.593807220458984,57.89534547815772,56.086115931965296,57.593807220458984,2200
2016-05-09,57.593807220458984,58.50445404701961,54.6930106537519,57.286236909295845,8500
2016-05-10,56.08011245727539,57.798880481831354,55.63383689676688,56.68922133654295,2300
2016-05-11,57.328460693359375,57.32846069335938,56.08612435736836,56.08612435736836,600
2016-05-12,58.287357330322266,58.28735733032226,57.28624791391832,57.28624791391832,1600
2016-05-13,56.83999252319336,59.095498630497545,55.368483552094105,58.19088336487643,5400
2016-05-16,57.92552185058594,57.92552185058594,57.89536617359306,57.89536617359306,600
2016-05-17,56.61082458496094,56.610824584960945,56.610824584960945,56.610824584960945,500
2016-05-18,57.684288024902344,57.89536395242352,57.58779354311543,57.89536395242352,600
2016-05-19,54.87998962402344,57.41894243801253,52.877774802004595,57.388791358226314,6500
2016-05-20,55.66399002075195,56.206755455380936,54.512111133731366,54.8558647228481,2300
2016-05-23,57.14152908325195,59.22214228594442,55.77857417248019,55.77857417248019,1900
2016-05-24,57.77476119995117,58.058203440435136,56.689221083440884,57.21992702867313,2100
2016-05-25,57.50334167480469,58.196880549764494,56.689189343812046,58.196880549764494,2400
2016-05-26,57.50334167480469,57.50334167480469,57.50334167480469,57.50334167480469,0
2016-05-27,56.74348068237305,56.839975156423264,55.89314498507684,56.839975156423264,2000
2016-05-31,56.24292755126953,56.38766465351334,56.24292755126953,56.38766465351334,1100
2016-06-01,55.48908996582031,56.48416746813007,55.48908996582031,56.48416746813007,1600
2016-06-02,55.81475830078125,55.81475830078125,55.81475830078125,55.81475830078125,500
2016-06-03,55.48306655883789,55.543373319657924,55.48306655883789,55.48306655883789,800
2016-06-06,55.374507904052734,56.924414992785586,55.247862336620535,55.57352433906498,2200
2016-06-07,54.97647476196289,56.236902869760314,54.439732260265046,55.374502995595186,2400
2016-06-08,55.79061508178711,55.81473869685112,54.88600022187775,54.88600022187775,1700
2016-06-09,55.78459167480469,55.78459167480468,55.78459167480468,55.78459167480468,600
2016-06-10,55.97153854370117,56.88218551054046,55.75443059662546,55.75443059662546,1600
2016-06-13,55.79637145996094,57.2100061938401,55.10163443209793,56.0078119617304,2600
2016-06-14,55.83863830566406,57.24019216697338,54.51561814110222,54.51561814110222,1900
2016-06-15,55.34326171875,56.636074135628164,55.13182129712142,55.83863839616074,2100
2016-06-16,51.458778381347656,56.18298159567559,51.458778381347656,56.18298159567559,4400
2016-06-17,52.3408088684082,53.88735023338836,49.616234059180364,51.54941537446239,9000
2016-06-20,52.31663513183594,53.5732020924157,51.42254277804132,52.39517344753222,6600
2016-06-21,52.74555969238281,54.37063915995042,52.316636314318835,52.45558553126787,3000
2016-06-22,54.73310089111328,55.57886718310202,52.74555171810917,52.74555171810917,6300
2016-06-23,55.578880310058594,56.78711683853813,54.7331138183116,54.7331138183116,11100
2016-06-24,54.38271713256836,55.91717787969868,52.67910403063023,54.54583162403018,123300
2016-06-27,55.04121017456055,55.48221388432722,52.062907231524484,52.062907231524484,4400
2016-06-28,56.787105560302734,56.787105560302734,54.79955631260546,54.79955631260546,5200
2016-06-29,56.352134704589844,57.84430712451977,55.07744516581073,57.39121855696479,9400
2016-06-30,57.54226303100586,57.81411439855339,56.6481659973949,56.6481659973949,4900
2016-07-01,55.00496292114258,56.43068221510536,53.585281490546066,56.06216975129809,11800
2016-07-05,56.21319580078125,57.24019481397971,54.690815479011064,54.77539165143655,10800
2016-07-06,57.68724822998047,57.68724822998047,54.69082237588574,56.7267024609931,7600
2016-07-07,56.15278625488281,57.36706515787681,54.364596891115596,57.36706515787681,6200
2016-07-08,58.09200668334961,58.11616735469775,56.79315166822877,56.79315166822877,4300
2016-07-11,58.57530212402344,60.47223296823341,57.20395579106512,58.58738706950854,5600
2016-07-12,58.098060607910156,59.54190309555098,57.530192493122016,59.54190309555098,13900
2016-07-13,59.3787727355957,59.59625563545967,56.19506754589881,58.043672194742555,8800
2016-07-14,58.11014938354492,59.80772058380294,57.57248438540504,59.30026334877284,7100
2016-07-15,59.80769348144531,59.98893075985975,58.05575002330906,58.62966499891781,14700
2016-07-18,59.928524017333984,60.96760806608181,58.90152491374246,59.68688042288148,15000
2016-07-19,59.203582763671875,59.94665016715975,58.9558920928239,59.203582763671875,8400
2016-07-20,59.17338562011719,59.7473007703451,59.028398518705195,59.50565252862055,9900
2016-07-21,59.49357223510742,59.78958891168656,58.81695807958399,59.06464418597069,2800
2016-07-22,60.013092041015625,60.54471893829412,58.00138219717245,60.121833487363,5700
2016-07-25,59.300235748291016,60.13995955046067,59.08879072305179,59.270027999241016,1800
2016-07-26,60.50245666503906,61.9221339359044,59.264012142697986,59.264012142697986,5500
2016-07-27,60.50245666503906,60.647443785669964,59.47545265383836,60.18831252643839,4600
2016-07-28,60.369529724121094,60.3695297241211,59.92852142610723,60.23058051516837,3100
2016-07-29,60.71388244628906,60.71388244628906,60.71388244628906,60.71388244628906,1000
2016-08-01,60.254737854003906,60.65345801136145,58.72027733072347,59.27606948422689,1900
2016-08-02,59.511680603027344,60.713874438183126,58.59946090053496,59.022341764442295,6400
2016-08-03,60.1097412109375,60.1097412109375,59.62644496561969,59.62644496561969,3200
2016-08-04,59.058589935302734,59.65666559605931,58.297399797668085,59.5600044824937,3100
2016-08-05,58.40614700317383,60.514518203304796,56.89585152275359,59.86811192204718,14500
2016-08-08,58.73842239379883,59.493570243817004,57.783914405202246,57.783914405202246,4300
2016-08-09,58.06181716918945,58.90154133852173,57.99536377946755,58.90154133852173,11700
2016-08-10,58.69009017944336,58.901530649707915,57.81411593255222,58.212836198528166,3100
2016-08-11,58.067832946777344,58.41821793897189,57.54829101638765,58.41821793897189,5400
2016-08-12,58.5390510559082,58.81090238628323,57.8503567171727,57.8503567171727,3700
2016-08-15,59.082767486572266,59.082767486572266,58.3578228114089,58.3578228114089,3100
2016-08-16,58.007415771484375,58.90151255413656,57.39121736044075,58.86526694438551,7800
2016-08-17,58.21888732910156,59.131102723472935,58.13431112841888,58.13431112841888,2400
2016-08-18,58.448429107666016,58.593416168405284,58.44842910766601,58.58737830562217,2900
2016-08-19,60.03121566772461,61.15487567271495,58.593411677976114,58.593411677976114,10400
2016-08-22,59.19152069091797,60.375592158440874,58.59948265262779,59.02236367350831,7400
2016-08-23,59.988929748535156,60.44201832787739,59.245862450429506,60.44201832787739,2600
2016-08-24,59.26398468017578,60.03725511062237,59.20961626352969,59.98892916551095,2600
2016-08-25,59.837890625,60.206402979152344,59.20356487203492,59.306263827374515,9500
2016-08-26,59.626468658447266,61.589852945496176,59.50564685363606,59.50564685363606,4700
2016-08-29,59.54792022705078,59.78956838599854,59.082751323546944,59.78956838599854,1800
2016-08-30,60.837318420410156,60.837318420410156,60.837318420410156,60.837318420410156,400
2016-08-31,59.360252380371094,60.64964286133273,59.36025238037109,60.183523657934494,3000
2016-09-01,62.10248565673828,62.169074130960375,60.59517439696642,61.139987086771484,2100
2016-09-02,60.41357421875,61.86640192372122,59.39659205421417,61.86640192372122,10100
2016-09-06,59.56003952026367,60.77073247462363,58.62175063326387,60.353041927472766,2100
2016-09-07,61.05524826049805,61.05524826049804,59.099977036559714,59.20893959112017,5900
2016-09-08,59.989830017089844,60.87363524666806,59.989830017089844,60.87363524666806,1900
2016-09-09,60.1048583984375,61.01893296528824,60.020110252470154,60.020110252470154,6300
2016-09-12,60.8433837890625,60.89786276239361,58.96075562571446,58.96075562571446,4900
2016-09-13,59.75981140136719,60.794953434602554,59.75981140136719,60.794953434602554,1600
2016-09-14,60.15932846069336,60.15932846069336,59.75980220579118,59.911138818095786,2600
2016-09-15,60.764671325683594,60.764671325683594,59.796117987749994,60.316716272844296,3900
2016-09-16,60.52859878540039,60.74046914911858,60.52254864531383,60.74046914911858,6300
2016-09-19,61.133941650390625,61.581901384988164,61.133941650390625,61.581901384988164,1200
2016-09-20,60.8857421875,60.8857421875,60.33487474514363,60.33487474514363,1000
2016-09-21,60.564918518066406,61.33976129074714,60.564918518066406,61.33976129074714,800
2016-09-22,60.564918518066406,60.564918518066406,60.564918518066406,60.564918518066406,500
2016-09-23,59.63267135620117,59.95955894557669,59.632671356201165,59.923235023361926,800
2016-09-26,60.05036926269531,60.05036926269532,59.45107753772018,59.45107753772018,700
2016-09-27,60.46807861328125,61.146068547621276,59.590327787462215,61.14001378774961,1600
2016-09-28,59.7355842590332,60.219863237123725,59.632676477177625,60.201698965243374,3300
2016-09-29,59.95954895019531,60.21984802694863,59.29971912466577,60.21984802694863,2400
2016-09-30,60.23195266723633,60.23195266723633,59.94138443130729,59.94138443130729,1400
2016-10-03,60.11089324951172,61.08550122379394,60.110893249511726,60.11694338762887,1400
2016-10-04,59.54794692993164,60.26225610537133,59.34818144275311,60.26225610537133,2200
2016-10-05,60.032203674316406,60.032203674316406,60.032203674316406,60.032203674316406,500
2016-10-06,59.6024055480957,60.00193638597965,59.19682457152369,59.19682457152369,900
2016-10-07,59.75374221801758,59.75374221801758,59.75374221801758,59.75374221801758,600
2016-10-10,59.85062026977539,59.85062026977539,59.56610662756649,59.56610662756649,700
2016-10-11,59.208927154541016,59.208927154541016,59.208927154541016,59.208927154541016,500
2016-10-12,59.86878204345703,59.86878204345703,59.323969158115226,59.323969158115226,500
2016-10-13,59.69927215576172,60.873641198933,59.69927215576171,59.7476963646726,800
2016-10-14,60.06851577758789,60.06851577758788,60.06851577758788,60.06851577758788,300
2016-10-17,59.965633392333984,59.965633392333984,59.965633392333984,59.965633392333984,300
2016-10-18,58.294864654541016,59.32395176638303,58.29486465454101,59.263418045408834,1900
2016-10-19,56.81782150268555,58.391721441415946,56.81782150268555,58.391721441415946,2000
2016-10-20,57.59264373779297,57.99217449269477,56.769372441412436,57.586588981935975,4500
2016-10-21,58.13142395019531,58.56727417134907,56.87230211540164,57.053907913691475,2900
2016-10-24,58.22220993041992,58.22220993041992,57.75004053418787,58.01638977760602,1000
2016-10-25,58.016395568847656,58.88204108782449,57.81058001391504,58.00429067320368,2400
2016-10-26,58.730712890625,58.730712890625,58.29486730871055,58.39172034299362,2900
2016-10-27,57.76215362548828,58.55516056712321,57.57449771533709,58.55516056712321,600
2016-10-28,57.85295486450195,58.82150817414073,57.07811221679092,57.59871048667673,4300
2016-10-31,58.113250732421875,58.68832792875764,57.16891188591641,57.538173536086106,3100
2016-11-01,56.84204864501953,56.84204864501953,56.84204864501953,56.84204864501953,700
2016-11-02,61.78166580200195,63.56138609043082,57.665312140535335,57.665312140535335,13400
2016-11-03,62.65336227416992,62.65336227416993,61.024978723640196,62.65336227416993,1700
2016-11-04,61.13996887207031,64.77204623080716,61.139968872070305,63.19814696570623,1800
2016-11-07,62.65336227416992,62.65336227416993,61.89062439680301,61.89062439680301,1300
2016-11-08,62.70783615112305,62.95603041093412,62.26593583167303,62.26593583167303,2900
2016-11-09,62.94997787475586,63.446361793468064,61.24290102080152,62.18724465082077,4200
2016-11-10,64.74181365966797,65.07475611974476,60.53465685557652,60.53465685557652,6400
2016-11-11,66.86656188964844,68.54337398139448,64.16671753620423,64.53597920470744,6400
2016-11-14,72.57496643066406,73.61010803366572,67.67771715519778,67.73219610452256,5200
2016-11-15,73.72515869140625,73.85833567462913,72.0120268043625,72.0120268043625,2800
2016-11-16,73.28321838378906,76.14045353333648,71.64273053699925,76.14045353333648,3000
2016-11-17,78.70714569091797,78.91901140004882,71.43087899048362,73.92490795346295,2500
2016-11-18,77.48432159423828,78.39839112527898,75.78330007463592,78.39839112527898,1400
2016-11-21,79.30037689208984,79.30037689208984,77.48433772662214,77.48433772662214,900
2016-11-22,79.69992065429688,79.69992065429688,79.69992065429688,79.69992065429688,200
2016-11-23,78.69502258300781,79.30036891056942,77.73857427703825,79.10060351405185,2600
2016-11-25,78.69502258300781,78.69502258300781,78.69502258300781,78.69502258300781,0
2016-11-28,78.58001708984375,78.73135369443457,77.49039168941914,78.67082459471024,4300
2016-11-29,75.90631866455078,75.90631866455078,75.62137070782747,75.62137070782747,600
2016-11-30,74.83320617675781,76.16096202071923,72.9355497786488,76.16096202071923,1100
2016-12-01,76.17914581298828,76.36102718780653,76.07607923803596,76.07607923803596,1300
2016-12-02,78.79827880859375,78.79827880859375,75.26972641718517,75.26972641718517,3900
2016-12-05,84.19420623779297,84.19420623779297,77.75550752259316,77.75550752259316,11500
2016-12-06,90.9360122680664,90.9420717424511,79.90170016243093,79.90170016243093,3200
2016-12-07,93.30659484863281,97.00491077226926,90.01449512983133,90.01449512983133,2400
2016-12-08,94.0038070678711,96.39861354147875,89.7295270700557,92.15464942330044,4600
2016-12-09,94.22208404541016,94.88292777578683,82.60574383035754,90.21456832330222,4600
2016-12-12,94.53128051757812,96.986719069905,89.9174842702449,91.08154204110981,5600
2016-12-13,96.39859771728516,96.88362395853673,92.7305989098968,94.70101049845765,5700
2016-12-14,94.42820739746094,96.39861942983171,90.40250441521543,96.35617534552564,3200
2016-12-15,100.02416229248047,101.70962147707465,93.94923785783831,93.94923785783831,4500
2016-12-16,101.87939453125,102.01884573905113,97.97495498609445,99.999930100569,16400
2016-12-19,102.21891021728516,103.48603441825422,99.50883526527316,102.82519080160806,8200
2016-12-20,99.2359848022461,102.05519459276131,97.22313841361533,101.20639636773379,3500
2016-12-21,100.61831665039062,102.103702036978,99.12686253804698,99.12686253804698,7600
2016-12-22,101.6732406616211,101.85512666660419,99.55125885606684,99.55125885606684,2800
2016-12-23,104.2196044921875,104.28023623695347,101.88543033638405,101.88543033638405,8100
2016-12-27,104.28629302978516,105.55342615441486,104.2802335559065,104.2802335559065,1400
2016-12-28,100.92146301269531,103.51634299033265,100.73957700001651,103.51634299033265,6300
2016-12-29,98.93280029296875,100.84864797810543,96.39855345401473,99.52089283714743,6700
2016-12-30,95.90145111083984,99.39969240725301,95.54374781349702,98.09012422421735,4000
2017-01-03,96.38042449951172,99.02986767257042,95.00416499321817,95.00416499321817,6400
2017-01-04,90.03265380859375,95.18603803332807,90.03265380859375,95.18603803332807,7100
2017-01-05,81.86604309082031,89.72950075519876,80.40490508123061,89.72950075519876,12200
2017-01-06,83.30294036865234,84.90352058334179,79.42274871216482,79.42274871216482,8000
2017-01-09,84.66100311279297,87.26801094250564,83.10892661448187,83.10892661448187,8900
2017-01-10,85.08543395996094,86.94065148157544,84.1456969944522,84.1456969944522,4000
2017-01-11,87.06793975830078,92.82154482113087,84.36392475771443,84.36392475771443,5100
2017-01-12,84.57612609863281,86.21308152774002,83.3696246253223,86.21308152774002,2800
2017-01-13,83.91529083251953,84.2063028981874,82.7512333187413,84.2063028981874,2300
2017-01-17,80.21698760986328,83.24233124378652,80.21698760986328,83.24233124378652,2000
2017-01-18,79.04685974121094,80.61106464406204,78.54364578303309,80.61106464406204,6000
2017-01-19,78.69520568847656,78.69520568847656,77.33107465121867,78.6527616156756,3100
2017-01-20,78.78614044189453,80.02901718014049,78.02828990041593,78.52544429615641,5600
2017-01-23,78.67703247070312,78.8589184926447,77.69485165266155,78.78615853320366,1500
2017-01-24,77.555419921875,78.23445129200687,77.555419921875,77.90706381029574,1200
2017-01-25,77.39170837402344,78.81646665380856,77.39170837402344,77.90704588472616,2600
2017-01-26,78.29507446289062,78.3375185444189,74.42700599153954,78.3375185444189,1900
2017-01-27,76.45198822021484,78.15563997382618,76.45198822021484,76.99764172447553,3400
2017-01-30,75.35459899902344,76.45196515247405,73.96621618925711,75.86387236563493,3700
2017-01-31,73.67523193359375,75.33038035408252,73.67523193359375,75.33038035408252,2500
2017-02-01,72.2989501953125,73.36600517888458,72.2989501953125,73.36600517888458,2200
2017-02-02,71.77754211425781,72.95372766757892,71.60172022866992,72.95372766757892,1800
2017-02-03,77.2401351928711,79.18629500671769,75.53042439959584,79.18629500671769,3400
2017-02-06,76.51866149902344,80.9930099325422,75.87600564794829,77.66453590176496,4300
2017-02-07,77.73728942871094,81.61142160210996,77.34320616350041,77.34320616350041,3300
2017-02-08,76.60354614257812,81.46591409136991,76.60354614257812,81.46591409136991,2400
2017-02-09,78.68309020996094,78.68309020996094,77.02794687413721,77.91311130969129,3100
2017-02-10,80.1199951171875,80.32613759712663,77.78581984721107,78.48303898929667,1700
2017-02-13,81.40528106689453,81.40528106689453,79.76225692735649,80.61105513361852,2900
2017-02-14,80.95057678222656,81.56897624542448,80.63530832478227,81.0597028341651,3100
2017-02-15,80.9384536743164,81.32647285746735,80.60499752056785,81.20521859731525,2400
2017-02-16,81.15065002441406,81.22340072531422,80.58680433911856,81.22340072531422,3300
2017-02-17,81.76297760009766,81.76297760009766,80.79292523016073,81.6417233666318,3800
2017-02-21,81.44168090820312,81.84182835787978,81.0051580996665,81.60537927418149,2800
2017-02-22,82.91493225097656,83.05438345099415,81.38711178640814,81.84182224038615,4500
2017-02-23,81.96913146972656,83.04225067228742,81.53260871787494,82.45415777746253,7700
2017-02-24,82.39353942871094,82.67243260765662,81.69026088170365,82.45417119621052,2800
2017-02-27,84.57612609863281,84.57612609863281,82.30257432178784,82.45414444024418,4500
2017-02-28,83.49091339111328,84.509460454892,83.1817043351665,83.581851789269,5400
2017-03-01,85.66744232177734,85.66744232177734,84.06686206305369,84.89140396912993,3000
2017-03-02,85.36430358886719,87.74698171817158,84.03654769954494,85.66744386492772,4800
2017-03-03,84.09718322753906,86.07971406110806,83.18776235856367,85.57044059474762,7700
2017-03-06,84.06079864501953,84.38819533856109,82.59360075280104,84.12748987880707,4300
2017-03-07,83.59398651123047,84.43671632058643,83.59398651123047,84.21238616912837,1800
2017-03-08,82.74515533447266,83.78189900088076,81.8539223101709,83.31506045217371,5600
2017-03-09,82.39958190917969,83.30293389985798,82.27225893843061,83.30293389985798,2900
2017-03-10,82.39958190917969,82.4783920804949,82.39958190917969,82.4783920804949,1800
2017-03-13,80.75414276123047,80.81486386769886,80.74199668698878,80.74807435647966,2300
2017-03-14,79.53981018066406,81.17917846121028,79.20586255978161,81.17917846121028,2600
2017-03-15,78.3011703491211,79.9951818891104,78.13723075985088,79.78266726358454,2400
2017-03-16,78.2040023803711,79.51550026492728,77.37824548247335,78.87188813038007,6400
2017-03-17,77.97328186035156,79.40621283220422,76.78929444530671,77.29931836798146,8100
2017-03-20,78.96296691894531,79.46692236369952,77.74861912861856,77.74861912861856,5300
2017-03-21,77.53611755371094,79.1512026090552,77.53611755371094,78.82333272720409,3000
2017-03-22,77.36005401611328,77.36005401611328,77.36005401611328,77.36005401611328,2000
2017-03-23,81.11236572265625,81.48274220258917,76.5039176676428,77.63326158475472,11400
2017-03-24,89.7524642944336,94.59771017535661,81.14880064127935,81.14880064127935,19000
2017-03-27,93.5047836303711,94.60984461125918,89.84352563589346,89.84352563589346,7100
2017-03-28,95.69062805175781,97.14784197549415,94.020899517804,94.020899517804,6800
2017-03-29,96.23709869384766,96.78355169977718,95.86672210746464,95.86672210746464,5500
2017-03-30,95.6480941772461,96.7713694860046,95.46594017248287,96.7713694860046,4000
2017-03-31,96.02458953857422,96.54069127961377,96.02458953857422,96.54069127961377,4800
2017-04-03,94.29413604736328,97.00820491377785,94.2941360473633,97.00820491377785,4000
2017-04-04,94.47628021240234,95.09559103559812,94.47628021240234,95.09559103559812,2400
2017-04-05,94.05127716064453,94.84060545082035,93.869132317694,94.4763065001765,3200
2017-04-06,93.80231475830078,94.65235465388184,93.80231475830077,94.65235465388184,3000
2017-04-07,95.93347930908203,95.93347930908203,93.32870727014961,94.76163809117861,6100
2017-04-10,96.90499877929688,97.14786473523803,95.93351642604756,96.63176299793514,2500
2017-04-11,96.88067626953125,96.88067626953125,96.88067626953125,96.88067626953125,800
2017-04-12,96.58924102783203,96.58924102783203,96.58924102783203,96.58924102783203,900
2017-04-13,96.02458953857422,96.57105184051181,95.93351712062248,96.419258300764,2300
2017-04-17,97.14178466796875,97.14178466796875,96.35852491430873,96.35852491430873,1200
2017-04-18,97.10533142089844,97.14783804711915,96.60138516400004,97.14783804711915,2200
2017-04-19,96.6864013671875,97.17213320699925,96.5406762563994,97.14785032090505,3000
2017-04-20,97.75505828857422,97.81577942198032,97.0871628800838,97.1478840134899,4100
2017-04-21,98.61720275878906,101.59236100182072,98.24075783285366,98.24075783285366,4400
2017-04-24,102.0052490234375,102.00524902343751,100.93662594040369,101.19770635689964,1600
2017-04-25,104.7982406616211,104.79824066162108,102.00523643430931,102.00523643430931,1300
2017-04-26,107.76126098632812,107.82198210465471,103.91784766775109,103.91784766775109,2900
2017-04-27,105.64222717285156,108.08306043457232,105.64222717285156,108.07699202875412,3500
2017-04-28,108.21057891845703,109.27313369238945,107.53054682785785,107.53054682785785,2700
2017-05-01,108.11341094970703,108.44735853351915,107.50016848833629,108.44735853351915,2100
2017-05-02,108.68415832519531,112.19362370200277,108.6841583251953,112.19362370200277,2500
2017-05-03,107.28157806396484,109.89849658311597,107.14799903964594,108.71450910823486,3000
2017-05-04,106.57728576660156,108.33201882054034,106.57728576660156,107.78556575063281,1900
2017-05-05,108.08911895751953,109.16988794517324,107.31800537709016,107.70052796493324,3200
2017-05-08,107.89480590820312,109.31559068613508,107.51836103492346,109.16987487182757,1800
2017-05-09,116.86882781982422,118.70249556279828,109.21236469196162,109.26701738329395,11600
2017-05-10,117.22708892822266,118.21677625074189,115.05947329557902,115.05947329557902,5600
2017-05-11,115.35701751708984,117.3242557897128,115.35701751708984,116.91138182401141,2000
2017-05-12,114.75585174560547,114.89549912979379,112.43037490798689,114.89549912979379,1500
2017-05-15,116.20098114013672,116.66243011653071,115.30235680989482,115.30235680989482,2400
2017-05-16,117.00852966308594,117.00852966308594,115.24165073643437,116.20098696535781,1200
2017-05-17,115.8305892944336,115.8305892944336,115.8305892944336,115.8305892944336,1400
2017-05-18,115.33269500732422,121.28300183121537,115.33269500732422,121.28300183121537,3100
2017-05-19,114.65266418457031,116.49846901419784,113.60225578936341,116.44989398384715,4700
2017-05-22,115.28412628173828,115.36913027252488,114.42194029954824,114.68302994144008,4300
2017-05-23,113.52333068847656,115.25378040362453,113.52333068847658,115.25378040362453,2300
2017-05-24,113.47474670410156,113.7358363376586,113.4140255991609,113.54760461823848,1900
2017-05-25,113.6933364868164,113.69333648681642,113.38368106854071,113.38368106854071,1100
2017-05-26,112.521484375,114.36122075977386,112.521484375,113.75404679081247,1100
2017-05-30,112.8189926147461,113.60225221549287,112.81899261474611,113.60225221549287,700
2017-05-31,113.1833267211914,114.14266291533953,112.60043550604439,114.14266291533953,2600
2017-06-01,113.96656036376953,116.31633009362076,113.54154040770477,114.02728147095316,4700
2017-06-02,114.56159210205078,115.16876613506501,113.23795715715518,114.22765379568534,4600
2017-06-05,114.62841796875,116.64424084471709,114.51306264827632,114.51306264827632,4000
2017-06-06,114.28837585449219,116.0916836348916,113.84514136490571,115.50880169935841,4400
2017-06-07,114.55552673339844,115.31449429478319,114.55552673339845,114.55552673339845,2100
2017-06-08,113.98479461669922,114.62232929376397,113.46870217506913,114.62232929376397,4500
2017-06-09,115.02301788330078,115.6666206945713,112.75218430443768,115.27196139022251,3300
2017-06-12,117.36675262451172,118.39894671730406,114.3308821958629,116.51063494009483,4800
2017-06-13,120.16483306884766,121.16848398290873,120.16483306884766,121.16848398290873,2200
2017-06-14,121.09551239013672,121.41181831358229,119.76946670285876,120.10402015250799,8400
2017-06-15,120.59058380126953,120.87647394801304,120.13437730517394,120.85822643069281,6100
2017-06-16,117.94459533691406,120.73658645296919,116.63680695073668,117.10518160355686,13200
2017-06-19,120.04318237304688,120.29865698785181,119.43490682878324,119.76337153880439,2400
2017-06-20,119.37405395507812,119.37405395507812,118.61370966237061,119.37405395507812,1900
2017-06-21,118.1939926147461,121.3509434558633,118.1939926147461,118.35822957314333,2000
2017-06-22,118.7353515625,119.70859587691177,118.05408611133915,119.70859587691177,3900
2017-06-23,118.47986602783203,120.316860092146,116.49689182697972,118.6136873406887,46300
2017-06-26,117.78035736083984,119.90323236277615,117.50662603189132,118.71709730299804,3400
2017-06-27,117.39105987548828,117.39713928746303,116.07110351645609,117.23899104221437,2300
2017-06-28,119.16726684570312,119.22200941837463,119.16726684570312,119.22200941837463,1600
2017-06-29,117.45189666748047,118.30348781024976,117.39107469541949,117.44581725473822,1800
2017-06-30,117.66480255126953,119.42879761394062,116.61856805236708,119.42879761394062,1600
2017-07-03,117.518798828125,118.06016353247988,117.518798828125,118.06016353247988,1500
2017-07-05,117.46408081054688,119.70253016937836,116.48475689567124,117.32418004600676,1600
2017-07-06,113.90564727783203,116.63680714637088,113.90564727783205,115.70614653330682,2300
2017-07-07,115.57231903076172,115.5723190307617,114.40443144697315,114.40443144697315,2100
2017-07-10,113.96041107177734,115.66966362825231,113.96041107177734,115.66966362825231,2100
2017-07-11,113.2608642578125,115.54189673862858,113.08446849650915,115.54189673862858,2500
2017-07-12,113.29736328125,113.81440104105599,113.14529444384179,113.70490665171855,6500
2017-07-13,114.90321350097656,115.08569796800076,113.72924649385142,115.08569796800076,1200
2017-07-14,114.22195434570312,114.22195434570314,112.85333468999693,112.85333468999693,800
2017-07-17,112.59785461425781,114.81197659967314,112.59785461425783,114.23411685190443,4000
2017-07-18,109.64163208007812,112.31803991338148,109.62338456206137,112.31803991338148,4400
2017-07-19,107.75601959228516,110.07963685592287,104.89712610830115,110.07963685592287,3600
2017-07-20,105.80340576171875,106.12579092391312,102.95059315756396,102.95059315756396,3100
2017-07-21,105.27423858642578,106.91658047631425,104.5260530859996,106.91658047631425,3300
2017-07-24,103.65013122558594,106.4482019611843,103.65013122558594,106.4482019611843,5800
2017-07-25,105.18907928466797,106.75235179747185,103.81437997609758,103.81437997609758,9000
2017-07-26,107.79248046875,108.69272540137491,105.8399124821815,105.84599189441609,4000
2017-07-27,107.66474914550781,107.79249106735743,105.99199174352958,107.10513687390429,2400
2017-07-28,107.2024917602539,108.9117446581901,106.75844390331163,108.9117446581901,3200
2017-07-31,107.3727798461914,109.20368552089266,107.3727798461914,109.20368552089266,4900
2017-08-01,106.93482208251953,108.27302616760764,104.13675140152458,107.6708301526221,2800
2017-08-02,105.71829986572266,108.8813310913976,105.71829986572266,108.8813310913976,2300
2017-08-03,106.41779327392578,107.41536468896618,105.29248920586677,107.41536468896618,2800
2017-08-04,107.05647277832031,107.05647277832031,105.42629912524717,105.65743747093074,2700
2017-08-07,108.15135955810547,109.55039472551762,107.00779892502234,109.55039472551762,3700
2017-08-08,108.57719421386719,109.48960761062237,108.38254156741587,108.38254156741587,2100
2017-08-09,108.79617309570312,109.41661680031193,107.26331600024865,109.26454790183764,2700
2017-08-10,108.49808502197266,108.49808502197266,107.95672026281494,107.95672026281494,1300
2017-08-11,109.60515594482422,109.60515594482422,108.4920107461205,108.4920107461205,3700
2017-08-14,111.86185455322266,111.86185455322266,109.58082155432703,109.58082155432703,4000
2017-08-15,111.91658782958984,113.73532523208141,111.31439187644287,112.09298360168889,4700
2017-08-16,111.37525939941406,113.5589664450024,111.34484376492664,112.50056362306043,6400
2017-08-17,110.12217712402344,111.49688550306558,109.31925840207114,111.49688550306558,1500
2017-08-18,107.87765502929688,109.84238213868407,107.07472697822537,109.84238213868407,2900
2017-08-21,108.27912139892578,108.94214876618175,108.00539927268869,108.00539927268869,2100
2017-08-22,109.4834976196289,109.48349761962892,108.66840149218906,108.66840149218906,800
2017-08-23,109.06378936767578,111.83144450439069,107.23287433429451,109.3435908752814,2700
2017-08-24,105.59664154052734,108.88132587094194,105.59664154052733,108.88132587094194,2700
2017-08-25,105.17694091796875,106.41173969855801,105.17694091796875,106.41173969855801,1000
2017-08-28,105.4992904663086,105.94940833750117,103.7961174317963,105.88858636435029,1300
2017-08-29,105.9190444946289,105.9190444946289,105.9190444946289,105.9190444946289,600
2017-08-30,105.51661682128906,105.51661682128906,105.51661682128906,105.51661682128906,900
2017-08-31,107.22369384765625,108.21746850721892,106.69327880993414,107.35782328525056,2300
2017-09-01,106.68722534179688,107.06522155130486,106.09583877361362,106.9128025245137,1800
2017-09-05,106.10802459716797,106.10802459716797,105.1996131599262,105.1996131599262,2400
2017-09-06,106.15677642822266,106.15677642822266,106.15677642822266,106.15677642822266,800
2017-09-07,104.86425018310547,106.26650655195104,104.86425018310547,105.04715480563586,1600
2017-09-08,105.38246154785156,107.67483911536796,103.69975045310342,107.67483911536796,1900
2017-09-11,108.31504821777344,108.31504821777344,105.47395561982238,105.51663740830625,2100
2017-09-12,107.46147918701172,107.46147918701172,107.46147918701172,107.46147918701172,500
2017-09-13,108.52232360839844,108.52232360839845,107.30297165774229,108.21748562073441,2700
2017-09-14,108.18092346191406,108.18092346191406,106.96157132064437,106.96157132064437,900
2017-09-15,107.83334350585938,108.32717935923223,107.30292859711275,108.32717935923223,6500
2017-09-18,109.16248321533203,109.16248321533203,106.12019680590664,106.12019680590664,2100
2017-09-19,108.8210678100586,108.8210678100586,106.82133136211252,106.82133136211252,1300
2017-09-20,109.0832290649414,109.0832290649414,108.52232825994797,108.52232825994797,1300
2017-09-21,107.91265106201172,111.08906708768566,106.9737541234564,109.28442205008814,3100
2017-09-22,106.84573364257812,107.93095632706809,106.61405375389417,106.61405375389417,1600
2017-09-25,106.38845825195312,106.38845825195312,104.37652566224966,105.92510785732718,1300
2017-09-26,107.1810302734375,108.63205265975577,107.1810302734375,108.63205265975577,1600
2017-09-27,112.77787017822266,113.99112883508074,109.11372056248739,109.12591668798592,2800
2017-09-28,109.13200378417969,109.13200378417969,106.89449398495469,107.42490912697215,15100
2017-09-29,109.17466735839844,110.04040601592499,108.04066981768304,109.71727853469733,3400
2017-10-02,111.40607452392578,112.66810810143893,108.82714807355384,108.82714807355384,4500
2017-10-03,111.35731506347656,112.77176781565689,110.76592861313257,112.77176781565689,3300
2017-10-04,112.35716247558594,112.35716247558594,112.05842725185816,112.07062337412732,1100
2017-10-05,115.22872924804688,115.22872924804686,112.18035016741071,112.79002598353794,4100
2017-10-06,116.14325714111328,116.14325714111328,114.50322750718956,114.50322750718956,3400
2017-10-09,117.66747283935547,117.72234144891188,117.66747283935547,117.72234144891188,1300
2017-10-10,119.41114807128906,119.41114807128905,117.24070288453356,118.03937699846593,5200
2017-10-11,120.22201538085938,121.20359414116389,119.06362536584363,119.06362536584363,2200
2017-10-12,117.33216094970703,120.7158650893093,116.41155340843024,120.7158650893093,4000
2017-10-13,116.93585968017578,117.69185197290028,115.22876500470771,116.56395694481637,3000
2017-10-16,116.45418548583984,122.0449121408943,115.96034951576354,122.0449121408943,2000
2017-10-17,114.31419372558594,114.31419372558594,114.31419372558594,114.31419372558594,1100
2017-10-18,116.22862243652344,117.36262007271935,115.83843020164508,117.36262007271935,1200
2017-10-19,116.22862243652344,116.22862243652342,116.22862243652342,116.22862243652342,0
2017-10-20,114.48494720458984,116.29568548960495,114.46056426028683,116.29568548960495,1000
2017-10-23,114.48494720458984,114.48494720458983,114.48494720458983,114.48494720458983,0
2017-10-24,112.6071548461914,112.60715484619142,110.2903841957555,110.2903841957555,600
2017-10-25,112.08893585205078,112.11941220958924,110.88787339284409,110.88787339284409,1200
2017-10-26,112.79006958007812,113.46071695820805,111.57681088797696,113.46071695820805,2000
2017-10-27,116.0822982788086,118.36858311336694,114.61907970585798,114.61907970585798,1700
2017-10-30,114.65567016601562,114.65567016601562,113.41802859684587,113.41802859684587,1100
2017-10-31,115.65552520751953,116.75294377196468,113.69236791526674,113.69236791526674,2500
2017-11-01,115.39337158203125,115.39337158203124,115.39337158203124,115.39337158203124,500
2017-11-02,115.83841705322266,115.83841705322266,115.50919617172269,115.50919617172269,1000
2017-11-03,114.3264389038086,114.3264389038086,113.80821061537358,114.21059898265841,1800
2017-11-06,114.14351654052734,116.0822813317897,113.3997112387069,113.40580464832608,2000
2017-11-07,113.54608154296875,114.58862247654496,113.53388541600859,114.58862247654496,1500
2017-11-08,114.61298370361328,114.61298370361328,113.61920894106404,113.61920894106404,1200
2017-11-09,114.60686492919922,114.61296764163156,114.60686492919922,114.61296764163156,800
2017-11-10,113.9789047241211,113.9789047241211,113.60090865273898,113.60090865273898,600
2017-11-13,113.67408752441406,113.67408752441406,113.39973518696458,113.41193131169402,900
2017-11-14,114.9178237915039,114.91782379150392,114.91782379150392,114.91782379150392,900
2017-11-15,114.93000793457031,114.93000793457031,114.93000793457031,114.93000793457031,1000
2017-11-16,115.83232879638672,117.47234917001732,114.80197502618954,116.44809811274992,3400
2017-11-17,115.49698638916016,115.53356544912099,114.61905173844193,114.89340399106274,900
2017-11-20,115.72870635986328,115.8384435778523,115.41167222525429,115.41167222525429,3200
2017-11-21,117.72846984863281,118.70394611982725,115.45437108084927,115.92382432739728,2900
2017-11-22,119.01481628417969,119.45987701064462,117.92958480812847,118.88678027367956,5500
2017-11-24,122.50830078125,122.50830078124999,120.00253197032896,120.00253197032896,1000
2017-11-27,121.31945037841797,122.02666758356042,121.31945037841795,121.93521988981067,3500
2017-11-28,121.32553100585938,121.63036902346205,120.83778831711152,120.83778831711152,2600
2017-11-29,123.3923110961914,123.39231109619142,121.67912322141902,121.67912322141902,1700
2017-11-30,124.2640609741211,125.74162828697376,123.63965291948932,123.63965291948932,2700
2017-12-01,125.56228637695312,125.56228637695314,123.57158867504369,124.35055364966848,2300
2017-12-04,123.8622055053711,126.10019185662607,123.61490820222596,126.10019185662607,3000
2017-12-05,122.49588012695312,123.62724020376501,122.49588012695312,122.90391348582132,1400
2017-12-06,122.52678680419922,122.52678680419922,122.52678680419922,122.52678680419922,900
2017-12-07,120.48661804199219,123.3490205849398,120.48661804199219,123.3490205849398,2500
2017-12-08,117.83442687988281,120.23314849061765,116.85143580313877,119.15124796366908,1600
2017-12-11,118.07557678222656,118.07557678222655,116.84529750243694,117.92719840523728,1900
2017-12-12,115.9302978515625,117.46350303934858,114.38472544315002,117.46350303934858,3700
2017-12-13,113.81597900390625,116.0725114043075,113.81597900390625,116.0725114043075,4900
2017-12-14,116.7092514038086,116.7092514038086,114.3723469081432,114.3723469081432,4000
2017-12-15,119.97967529296875,123.41702612789362,115.72625786265534,115.72625786265534,6400
2017-12-18,122.40316009521484,122.40316009521484,119.23164238453013,119.23164238453013,1300
2017-12-19,122.91627502441406,122.91627502441406,121.27178387838664,121.27178387838664,1900
2017-12-20,123.95491027832031,125.48193661098664,121.11105320180658,123.06465903929252,3200
2017-12-21,125.56228637695312,125.56228637695314,122.94717148339531,123.95488755302073,2500
2017-12-22,122.8544692993164,124.61023741908433,122.27333252209402,122.27333252209402,2500
2017-12-26,123.58394622802734,123.58394622802734,123.58394622802734,123.58394622802734,1400
2017-12-27,124.17124938964844,124.17124938964844,124.17124938964844,124.17124938964844,1600
2017-12-28,122.44644165039062,123.64580749241529,122.44644165039062,122.96575177783642,2900
2017-12-29,122.62569427490234,122.62569427490234,122.62569427490234,122.62569427490234,700
2018-01-02,122.71843719482422,126.36598394764823,122.20530607353518,122.20530607353518,2100
2018-01-03,121.66749572753906,123.5407292530365,120.86997486019186,123.5407292530365,1900
2018-01-04,120.24554443359375,120.24554443359375,118.85452913808945,120.24554443359375,3700
2018-01-05,118.18680572509766,137.17261747418135,118.1188001756402,120.46189275232834,4400
2018-01-08,115.29969787597656,122.9966463300739,115.03386395851564,119.42328379400719,1800
2018-01-09,121.50669860839844,121.50669860839844,114.99057043448421,116.20848206956639,6300
2018-01-10,121.2161636352539,121.35835366281219,119.91170007784746,121.19760808664334,3100
2018-01-11,121.01216125488281,121.01216125488281,119.86843370487532,120.61030670033266,1900
2018-01-12,121.01216125488281,121.01216125488281,121.01216125488281,121.01216125488281,0
2018-01-16,123.02758026123047,123.34906200679012,121.81584717930662,121.81584717930662,1500
2018-01-17,121.17283630371094,122.18673108728265,111.89940495393714,120.61643419609338,3500
2018-01-18,121.17283630371094,121.30884738484805,121.17283630371094,121.30884738484805,1100
2018-01-19,118.69994354248047,119.97968183684135,100.56728957661048,119.62728685140611,3300
2018-01-22,119.8127670288086,120.43099595111056,117.46349523737612,117.46349523737612,3000
2018-01-23,119.50365447998047,120.86375624412452,118.52685163510137,119.31818391363699,3000
2018-01-24,120.5361099243164,120.5361099243164,119.50366861742256,119.50366861742256,1300
2018-01-25,120.55463409423828,120.55463409423827,120.23315242862817,120.23315242862817,1200
2018-01-26,121.01834106445312,121.01834106445312,121.01834106445312,121.01834106445312,600
2018-01-29,120.67831420898438,120.67831420898438,119.7447916966961,119.7447916966961,700
2018-01-30,120.55463409423828,120.55463409423827,120.55463409423827,120.55463409423827,500
2018-01-31,120.24554443359375,120.24554443359375,120.16517164226822,120.16517164226822,1000
2018-02-01,119.46654510498047,119.50363732623991,118.69993794306569,119.50363732623991,2600
2018-02-02,117.46348571777344,117.46348571777342,117.01836017511637,117.01836017511637,600
2018-02-05,117.40165710449219,117.59949486834876,117.40165710449219,117.46348376405331,2200
2018-02-06,116.22708129882812,116.22708129882811,115.20700696505546,115.20700696505546,1900
2018-02-07,118.63194274902344,119.3305444218064,118.58248330521873,119.3305444218064,3500
2018-02-08,116.85145568847656,119.49747495857211,116.41251839699244,119.31819270573189,1700
2018-02-09,117.53768157958984,118.68140887761174,115.23786919696707,117.46349712641648,1600
2018-02-12,119.55311584472656,119.55311584472656,119.25018026705763,119.25018026705763,1200
2018-02-13,118.08172607421875,118.08172607421875,117.463497141893,118.05081274091748,3300
2018-02-14,119.28107452392578,119.28107452392578,117.46348021545467,117.46348021545467,4900
2018-02-15,119.16362762451172,119.16362762451172,118.6999559216926,118.6999559216926,1200
2018-02-16,119.1326904296875,119.1326904296875,116.22701689402156,116.22701689402156,1600
2018-02-20,118.71227264404297,119.31813410331334,118.3907910921477,118.69990542920291,2900
2018-02-21,118.73704528808594,119.93023201330979,118.41556360718383,118.41556360718383,800
2018-02-22,118.73704528808594,118.73704528808594,118.73704528808594,118.73704528808594,500
2018-02-23,119.89930725097656,119.89930725097656,118.6999417468945,118.9163256224068,1300
2018-02-26,119.0152359008789,119.0152359008789,118.73703479715482,118.73703479715482,400
2018-02-27,119.00907135009766,119.31818582113686,119.00907135009766,119.31818582113686,600
2018-02-28,119.00907135009766,119.03998468388659,119.00907135009766,119.00907135009766,1100
2018-03-01,119.9364013671875,119.9364013671875,119.9364013671875,119.9364013671875,300
2018-03-02,118.2981185913086,118.29811859130858,118.29811859130858,118.29811859130858,500
2018-03-05,119.56546783447266,121.11722844133534,118.45266333936061,118.69995113084673,6400
2018-03-06,120.89466094970703,120.89466094970703,119.35526762236813,119.81276039557618,4900
2018-03-07,119.00907135009766,122.61952610781368,119.00907135009766,120.55464370529373,5200
2018-03-08,120.01678466796875,120.57936582237387,119.56547075900203,120.57936582237387,3100
2018-03-09,120.23934936523438,120.55464272710306,119.62729932150995,119.78185655577548,4900
2018-03-12,122.59481811523438,123.31196605159718,119.25637570462808,119.25637570462808,11400
2018-03-13,121.5624008178711,122.60102126212182,121.5624008178711,122.60102126212182,800
2018-03-14,123.93019104003906,123.93019104003908,120.55465650713192,120.55465650713192,1000
2018-03-15,121.48197937011719,123.15119552057895,121.48197937011719,123.15119552057895,1100
2018-03-16,124.2640609741211,124.81428454836092,120.33830204062205,120.33830204062205,10600
2018-03-19,126.37020874023438,126.37020874023439,124.97022845797635,124.97022845797635,2500
2018-03-20,123.81800079345703,123.89233316864305,123.81800079345703,123.89233316864305,1700
2018-03-21,123.64453887939453,123.64453887939453,117.4375310138964,117.4375310138964,500
2018-03-22,122.91360473632812,125.68259963746002,122.91360473632812,125.52154297814265,1000
2018-03-23,124.01624298095703,124.7038459155263,124.01624298095703,124.7038459155263,1300
2018-03-26,124.93303680419922,130.05598794295298,123.70650522900989,124.05340228443832,4200
2018-03-27,124.29497528076172,124.72240532814313,123.272867347468,123.272867347468,2600
2018-03-28,123.27289581298828,123.89235760099324,123.27289581298828,123.89235760099324,1000
2018-03-29,123.83039093017578,124.53038568087167,123.83039093017578,124.53038568087167,1300
2018-04-02,124.11536407470703,124.2020883468348,121.06761321562668,124.2020883468348,3300
2018-04-03,122.5914535522461,123.01888359193997,117.69771042595539,123.01888359193997,1400
2018-04-04,122.65960693359375,122.65960693359374,120.9437048425221,120.9437048425221,1000
2018-04-05,122.60381317138672,122.6038131713867,121.2781660019108,121.2781660019108,700
2018-04-06,122.2817611694336,122.2817611694336,120.80744844507161,120.80744844507161,1100
2018-04-09,121.11714935302734,121.11714935302736,121.11714935302736,121.11714935302736,500
2018-04-10,123.65695190429688,123.65695190429689,123.65695190429689,123.65695190429689,900
2018-04-11,122.2817611694336,122.2817611694336,122.2817611694336,122.2817611694336,500
2018-04-12,121.4764633178711,122.13928253174696,121.10478245527214,122.13928253174696,2300
2018-04-13,121.72423553466797,121.72423553466795,121.72423553466795,121.72423553466795,700
2018-04-16,120.79505157470703,120.79505157470703,120.79505157470703,120.79505157470703,500
2018-04-17,121.2596435546875,121.2596435546875,121.16672806849044,121.16672806849044,1200
2018-04-18,120.56580352783203,121.30915549138399,119.89678392496536,120.36757129636055,1300
2018-04-19,119.37024688720703,119.37024688720703,119.37024688720703,119.37024688720703,700
2018-04-20,121.24722290039062,121.24722290039062,118.71362708745087,118.71362708745087,1500
2018-04-23,121.24722290039062,121.24722290039062,121.24722290039062,121.24722290039062,1000
2018-04-24,120.17558288574219,120.17558288574219,119.81010271148209,119.81010271148209,1000
2018-04-25,120.36141204833984,120.36141204833984,118.39771956345977,118.39771956345977,700
2018-04-26,120.36141204833984,120.36141204833984,120.36141204833984,120.36141204833984,0
2018-04-27,119.23395538330078,120.06404103624196,117.72246770306621,117.72246770306621,1400
2018-04-30,120.60921478271484,120.60921478271484,119.55613157637558,119.55613157637558,1200
2018-05-01,120.60921478271484,120.60921478271484,120.60921478271484,120.60921478271484,0
2018-05-02,118.70125579833984,120.17557776679232,118.70125579833984,119.12249469742743,7500
2018-05-03,118.43489074707031,119.67381421832627,118.43489074707031,119.67381421832627,500
2018-05-04,118.52777099609375,120.15695790126188,115.21984857960241,115.21984857960241,7100
2018-05-07,118.52777099609375,118.52777099609375,118.52777099609375,118.52777099609375,0
2018-05-08,118.48446655273438,118.48446655273438,118.48446655273438,118.48446655273438,700
2018-05-09,118.48446655273438,118.48446655273438,118.48446655273438,118.48446655273438,0
2018-05-10,118.48446655273438,118.48446655273438,118.48446655273438,118.48446655273438,500
2018-05-11,118.75082397460938,118.75082397460938,117.74729889342328,117.74729889342328,600
2018-05-14,117.7658462524414,119.5560899150489,117.76584625244142,119.51272306557217,1300
2018-05-15,116.89864349365234,117.72872005882034,116.89864349365236,117.72872005882034,1200
2018-05-16,117.6853256225586,118.10036380790486,117.6853256225586,118.10036380790486,1400
2018-05-17,117.9888687133789,118.9366443417988,117.9888687133789,118.75080394456769,700
2018-05-18,117.0163345336914,119.00481114365421,113.08275763066837,119.00481114365421,1100
2018-05-21,118.13751983642578,118.13751983642578,118.13751983642578,118.13751983642578,1000
2018-05-22,116.03755187988281,117.25169132713955,116.03755187988281,117.25169132713955,700
2018-05-23,116.03755187988281,116.03755187988281,116.03755187988281,116.03755187988281,600
2018-05-24,115.51104736328125,115.77741141118643,115.21989954910184,115.65352093652734,1600
2018-05-25,115.83316802978516,115.83316802978516,115.2198974309762,115.2198974309762,500
2018-05-29,115.3685531616211,116.99153982960381,101.05898376953346,116.07473913836978,1400
2018-05-30,115.76502990722656,115.76502990722656,115.76502990722656,115.76502990722656,500
2018-05-31,114.60043334960938,114.60043334960938,114.55706648640334,114.55706648640334,1000
2018-06-01,115.65348815917969,115.65348815917967,114.60040524467553,114.60040524467553,600
2018-06-04,115.84552001953125,115.84552001953125,115.83932880582205,115.83932880582205,1200
2018-06-05,117.99506378173828,117.99506378173827,115.839339679253,115.839339679253,1400
2018-06-06,116.02516174316406,117.94548706778424,115.83932136923718,117.38797539823769,1800
2018-06-07,116.68181610107422,117.56145065552236,115.83934773942532,115.83934773942532,1000
2018-06-08,115.83934020996094,115.85173209083396,115.653499805808,115.80836523389618,1700
2018-06-11,116.60125732421875,116.60125732421875,115.81454787756694,115.81454787756694,4300
2018-06-12,115.83934020996094,115.83934020996094,115.36855271137767,115.36855271137767,3600
2018-06-13,116.13668060302734,116.13668060302736,112.86592347805532,114.29068732430683,3000
2018-06-14,115.00682067871094,115.00682067871094,115.00682067871094,115.00682067871094,800
2018-06-15,116.57122039794922,118.72534905760034,113.5045353563735,115.16203321044506,5600
2018-06-18,116.14912414550781,118.71917912885485,116.14912414550781,118.71917912885485,700
2018-06-19,114.96961212158203,114.96961212158205,114.96961212158205,114.96961212158205,400
2018-06-20,113.43626403808594,113.43626403808594,113.43626403808594,113.43626403808594,2200
2018-06-21,115.99388885498047,116.484305715749,113.83354636433785,114.621947379126,2400
2018-06-22,117.62032318115234,117.62032318115234,114.84540902686986,114.84540902686986,30500
2018-06-25,115.92561340332031,115.92561340332031,115.92561340332031,115.92561340332031,700
2018-06-26,115.28617858886719,116.19872534457036,114.96957164903492,115.77659538805152,2200
2018-06-27,114.65919494628906,118.97365660374064,113.7342296860073,118.97365660374064,1900
2018-06-28,115.15581512451172,115.15581512451172,115.15581512451172,115.15581512451172,500
2018-06-29,114.63435363769531,114.64676253846801,113.91423955025823,114.36120626160239,1700
2018-07-02,114.22463989257812,114.22463989257811,114.22463989257811,114.22463989257811,400
2018-07-03,114.22463989257812,114.22463989257811,114.22463989257811,114.22463989257811,0
2018-07-05,114.2308578491211,116.30429082180974,114.23085784912108,116.30429082180974,1800
2018-07-06,115.77661895751953,115.77661895751955,114.34260444205515,114.34260444205515,700
2018-07-09,114.11290740966797,114.11290740966795,114.11290740966795,114.11290740966795,600
2018-07-10,113.96394348144531,116.16152268812168,112.64166570794666,113.2686658969505,6900
2018-07-11,114.22463989257812,115.23031032131983,112.474018582234,112.9830677198327,6000
2018-07-12,114.20602416992188,114.22464699587564,113.54177846942248,113.75905740214245,3400
2018-07-13,113.6038818359375,113.91427495570781,112.59821115906446,113.91427495570781,3800
2018-07-16,113.86460876464844,114.53505902735577,113.86460876464844,113.92669117640594,1400
2018-07-17,114.22463989257812,114.22463989257811,113.90182847538,114.11910739458803,1100
2018-07-18,113.97013854980469,114.45435103805777,112.98309074470771,113.72803230567814,10300
2018-07-19,114.09426879882812,114.09426879882811,114.09426879882811,114.09426879882811,800
2018-07-20,114.03843688964844,114.03843688964844,114.03843688964844,114.03843688964844,400
2018-07-23,111.32559204101562,114.47297319622773,111.32559204101562,112.98309008301248,5600
2018-07-24,113.61628723144531,114.65920344793787,112.76580373918569,114.28673743023847,11500
2018-07-25,115.38554382324219,116.01254403379231,113.29349707286062,114.31779065467755,15800
2018-07-26,116.85678100585938,117.01818198472385,116.85678100585936,117.01818198472385,1200
2018-07-27,115.80146026611328,117.15477918592116,115.80146026611328,116.95612304367748,2300
2018-07-30,116.97474670410156,118.99230198492386,116.39742004744048,116.39742004744048,8500
2018-07-31,118.8184585571289,118.8184585571289,116.89402728514658,117.32857567092037,12500
2018-08-01,118.8184585571289,118.8184585571289,118.8184585571289,118.8184585571289,800
2018-08-02,116.8443603515625,118.383907225325,116.72640947712107,118.383907225325,2400
2018-08-03,121.05332946777344,121.67411577273639,115.93184245182918,118.2597910954402,16300
2018-08-06,121.05332946777344,121.05332946777344,121.05332946777344,121.05332946777344,600
2018-08-07,123.14533996582031,123.14533996582031,119.03573887016806,119.03573887016806,2600
2018-08-08,122.71702575683594,122.72944413456656,122.71702575683594,122.72944413456656,500
2018-08-09,122.71702575683594,122.71702575683594,122.71702575683594,122.71702575683594,300
2018-08-10,122.98392486572266,125.92645415570512,121.85408970683523,122.29485197064514,5200
2018-08-13,123.3502197265625,125.05738182750811,122.29488504955805,123.23848275400195,7400
2018-08-14,122.90322875976562,124.4676123755734,121.12157569360163,123.34399105625279,7500
2018-08-15,121.3388671875,123.6606013670946,121.3388671875,122.60526678796569,12500
2018-08-16,123.08328247070312,123.08328247070311,121.86653735137648,121.86653735137648,2000
2018-08-17,123.79094696044922,123.79094696044922,122.26380912861462,122.43142401230894,2100
2018-08-20,123.22602081298828,123.95854374510412,122.80389088040138,122.80389088040138,1600
2018-08-21,122.12723541259766,122.94667753495953,122.12723541259767,122.86597231830301,2000
2018-08-22,121.89134979248047,122.60524999079111,121.89134979248048,122.29485695283975,1700
2018-08-23,122.29489135742188,122.29489135742188,121.15885138223042,121.59339986312283,2400
2018-08-24,121.82310485839844,122.69840632751097,121.79826810224874,122.69840632751097,3100
2018-08-27,120.9291763305664,123.21987935369971,120.65602883575575,121.49409415188414,3000
2018-08-28,120.8670425415039,121.67406630433769,120.8670425415039,120.92912493573859,1200
2018-08-29,121.14641571044922,121.1464157104492,120.58150750215684,120.58150750215684,800
2018-08-30,120.92292785644531,120.9229278564453,119.97312582150403,119.97312582150403,400
2018-08-31,120.68035125732422,123.47963775556111,120.68035125732422,123.47963775556111,800
2018-09-04,122.54655456542969,123.47965015856748,122.54655456542969,123.47965015856748,1600
2018-09-05,122.54655456542969,122.54655456542969,122.54655456542969,122.54655456542969,0
2018-09-06,119.12517547607422,122.54652516337661,119.12517547607422,122.31013796574317,2700
2018-09-07,117.69442749023438,119.31801381443776,117.69442749023438,119.31801381443776,800
2018-09-10,117.33985137939453,117.65710037524549,116.8235374898779,117.65710037524549,1700
2018-09-11,114.33525848388672,117.0350114483745,113.38350221072889,117.0350114483745,2500
2018-09-12,112.13941192626953,112.13941192626953,112.13941192626953,112.13941192626953,1500
2018-09-13,109.79420471191406,112.14560391749426,109.48317297052053,112.13315999009659,1800
2018-09-14,106.21736145019531,109.60760622767057,105.81302390030774,109.60760622767057,3100
2018-09-17,103.88462829589844,105.75081922336966,103.88462829589844,105.75081922336966,1200
2018-09-18,103.2003402709961,104.94212012833313,100.79295734372458,103.76020316724903,5200
2018-09-19,102.7649154663086,102.85823071113681,102.5471988789192,102.85823071113681,1800
2018-09-20,104.07124328613281,104.07124328613281,102.8644383705775,102.8644383705775,1100
2018-09-21,106.68387603759766,107.00112496323696,103.92813965584538,103.92813965584538,12300
2018-09-24,105.75079345703125,107.39304069339244,105.22826240271988,107.39304069339244,800
2018-09-25,106.87052154541016,107.6169959192954,103.85350948153386,107.6169959192954,2600
2018-09-26,105.56417083740234,107.15043461249104,105.56417083740234,107.15043461249104,3200
2018-09-27,104.6248779296875,106.3417700408278,104.6248779296875,106.3417700408278,1300
2018-09-28,104.44446563720703,104.44446563720705,104.44446563720705,104.44446563720705,900
2018-10-01,106.4350814819336,106.99493490267282,105.1287441776262,105.1287441776262,6600
2018-10-02,105.25315856933594,106.55326920721393,105.25315856933594,106.37287494078427,2400
2018-10-03,105.25315856933594,105.8130215010287,105.25315856933594,105.8130215010287,1100
2018-10-04,104.74930572509766,105.70106242366943,104.74930572509766,105.70106242366943,700
2018-10-05,103.89080810546875,105.31533864930171,103.89080810546875,104.14585638511528,800
2018-10-08,107.59213256835938,107.59213256835938,104.50669270259203,104.50669270259203,6200
2018-10-09,109.48319244384766,112.71792123130119,107.6170016635548,107.6170016635548,9600
2018-10-10,106.08671569824219,109.91862951863206,106.08671569824219,109.91862951863206,6000
2018-10-11,106.11780548095703,106.60301423008475,105.05408225861369,106.0867004089493,1500
2018-10-12,106.80829620361328,109.4831710305886,106.7149904796227,106.7149904796227,1500
2018-10-15,104.63108825683594,105.14118492906113,104.28895140253083,104.28895140253083,2000
2018-10-16,104.79905700683594,105.93743455076478,102.93286617913698,104.86748438352906,6300
2018-10-17,102.88932037353516,104.5377946844857,102.88932037353517,104.5377946844857,2700
2018-10-18,99.25645446777344,102.12416769589464,97.61420714248524,102.01841803574358,9300
2018-10-19,98.41046905517578,105.7197170558355,98.41046905517577,99.32490339418783,2000
2018-10-22,98.37933349609375,101.95619843086448,97.04190083899704,98.19272204956692,2500
2018-10-23,99.95319366455078,101.39638604662116,97.73864834690538,97.73864834690538,7800
2018-10-24,99.78520202636719,103.4180503594248,99.78520202636719,99.84118545977552,6700
2018-10-25,100.09001922607422,101.70738821774871,99.37464995587375,101.48344496493127,4000
2018-10-26,101.39634704589844,102.01841052470763,99.0947140726915,99.0947140726915,9700
2018-10-29,105.23448181152344,105.99961726354783,101.39635113164618,101.39635113164618,4700
2018-10-30,108.23905181884766,109.4831788512482,105.03542850719063,106.5843605876903,25400
2018-10-31,113.215576171875,113.215576171875,110.10525814517513,110.10525814517513,11600
2018-11-01,110.85174560546875,114.1860073017606,110.85174560546875,113.14094487805671,4900
2018-11-02,115.08177947998047,119.3118143538485,113.15337829732437,113.20314453018615,13300
2018-11-05,115.91532135009766,117.86238332792819,114.9573476453253,116.32588557725866,6800
2018-11-06,116.48139190673828,117.5700030460536,113.22177570677725,113.22177570677725,3800
2018-11-07,116.83600616455078,119.21850173114356,116.3881195508774,118.11745584014018,3500
2018-11-08,116.63692474365234,117.19677818564698,116.63692474365234,117.19677818564698,900
2018-11-09,115.2684097290039,116.92310150965668,114.21090329867049,115.15643332309567,4100
2018-11-12,114.08645629882812,117.57001612905641,111.8345891860512,115.46122098133971,14100
2018-11-13,115.04440307617188,116.8172780149402,113.88736480908844,115.89040965309238,8000
2018-11-14,119.00076293945312,123.44851367191845,115.88421837629292,116.45029850353376,7800
2018-11-15,115.70381927490234,120.45016715677095,114.99466721386266,119.13761269822228,11700
2018-11-16,118.70838928222656,119.2371376085587,113.83763050990166,115.26837858409648,7900
2018-11-19,121.01004028320312,123.47963371689607,118.63376209156228,118.63376209156228,4800
2018-11-20,120.81095886230469,122.54029466660087,117.88103554383977,120.0582578362062,3300
2018-11-21,120.80476379394531,121.92448030740097,118.50313009469329,121.32729500291182,3900
2018-11-23,121.26507568359375,121.2899540503168,120.69277832959399,120.8358502951097,1600
2018-11-26,122.0053482055664,122.00534820556639,120.66790564652999,121.30241323504058,5400
2018-11-27,121.09710693359375,121.8933474971595,119.7845524981643,121.19663937702353,4200
2018-11-28,120.43148803710938,121.30237307265185,117.5699923627241,120.97889742004965,9500
2018-11-29,120.68035125732422,121.30241492359909,120.05828759104935,120.05828759104935,10000
2018-11-30,122.71144104003906,123.31813869671673,119.88237222317929,120.80561566268027,13000
2018-12-03,123.31814575195312,125.2965117265834,122.328962764638,123.33133767594778,5400
2018-12-04,121.93331146240234,123.27860624609595,120.02748557091292,121.95309432135444,8000
2018-12-06,120.40335083007812,121.99264053059653,117.92380250503953,121.33977615595688,10100
2018-12-07,119.4669418334961,121.33979274124358,119.3548356237884,120.2516953639407,8500
2018-12-10,119.7768783569336,120.69352089029448,118.14802283857077,119.46693353765062,4100
2018-12-11,120.82540893554688,121.76842524749406,118.70196192281728,121.10896990347841,16300
2018-12-12,120.78583526611328,121.90690726457248,120.23848615914729,121.14193670092199,11900
2018-12-13,119.69772338867188,121.99922592180079,119.69772338867188,121.3331797162913,4600
2018-12-14,119.06465911865234,120.68032262767245,117.63364229280656,120.0934077999063,3300
2018-12-17,117.05330657958984,119.79004183518767,116.72357895542198,119.20972805914442,11200
2018-12-18,114.8573226928711,117.95676043654107,114.8573226928711,117.3039061619369,1300
2018-12-19,113.11639404296875,117.17864208417492,113.11639404296875,116.08394360756887,3900
2018-12-20,110.3334732055664,113.09659273725042,108.51338005864704,113.09659273725042,7200
2018-12-21,112.96469116210938,114.08576312249156,110.3004862033302,110.3004862033302,8100
2018-12-24,113.42633056640625,115.84653071459752,111.84364160675513,112.10741974586665,19700
2018-12-26,120.0208740234375,122.09156342551807,115.3321460698025,115.3321460698025,15100
2018-12-27,117.7259521484375,122.36851260605253,115.83990976136207,122.36851260605253,5900
2018-12-28,118.03589630126953,120.46927766935408,116.94778912449513,117.71935054303243,13800
2018-12-31,116.51254272460938,118.7019388715681,114.00001996182593,118.68215602008856,13100
2019-01-02,115.89929962158203,117.51496352130484,112.34483501719507,117.51496352130484,6100
2019-01-03,114.07255554199219,114.74520265089049,113.78899464129726,114.74520265089049,1500
2019-01-04,115.07495880126953,121.66292138321974,113.96707864108637,115.40468647691787,6600
2019-01-07,114.73204040527344,114.74523232993506,113.74285736794641,113.84837264025894,4700
2019-01-08,113.63072204589844,115.44422381627575,113.63072204589844,115.31233479092765,1500
2019-01-09,115.85308074951172,115.9981616935561,115.40465605882,115.40465605882,1400
2019-01-10,115.23323822021484,120.02088071869471,112.51627517683646,115.81355211965774,5800
2019-01-11,114.67927551269531,114.67927551269531,112.55582858859687,114.08576975284973,1900
2019-01-14,114.15171813964844,114.15171813964842,111.50729590762884,113.63734380305644,2900
2019-01-15,114.01985168457031,114.15175083428608,112.53607681269914,114.0858012594282,2600
2019-01-16,113.8351821899414,115.40468918282473,113.04383776232866,114.73864288489466,4500
2019-01-17,113.86814880371094,114.74522558609189,113.86814880371094,114.73863465539355,2700
2019-01-18,113.90113067626953,115.40468809328569,113.90113067626953,114.08577737221957,5200
2019-01-22,114.07919311523438,114.74523944584286,114.07919311523438,114.08578404672882,1600
2019-01-23,113.94071197509766,114.75183936201903,111.26991538707327,114.74524843000853,3900
2019-01-24,113.70329284667969,113.94069718062289,113.09000418711241,113.09000418711241,1200
2019-01-25,114.94306945800781,116.65764732962637,114.79139754508354,116.65764732962637,3000
2019-01-28,113.65718078613281,114.74527854039749,112.10745604521594,114.56063177073433,3300
2019-01-29,111.78425598144531,114.08575843007391,111.78425598144531,113.70327317697156,2800
2019-01-30,114.03960418701172,114.5144128246151,112.31183446058756,112.31183446058756,3700
2019-01-31,113.90773010253906,114.42210451711732,113.03065320011946,113.16255233205521,6000
2019-02-01,113.26806640625,114.08579480072915,113.26806640625,114.08579480072915,1700
2019-02-04,113.16255187988281,113.22849138309623,113.16255187988283,113.22849138309623,1300
2019-02-05,113.61754608154297,114.08576375914795,112.67452985849967,112.67452985849967,1500
2019-02-06,112.89876556396484,112.89876556396484,112.66796220512913,112.66796220512913,1600
2019-02-07,113.74947357177734,113.74947357177734,112.91196233735359,112.91196233735359,1000
2019-02-08,111.52709197998047,114.08578210499115,111.52709197998047,113.34719529055123,2200
2019-02-11,108.28256225585938,111.22373743022983,105.86236242276817,109.16622997557316,2800
2019-02-12,107.82096862792969,107.99902442114325,105.76347079521062,107.95285770855416,4400
2019-02-13,108.48041534423828,108.48041534423828,107.80776800606527,107.80776800606527,1000
2019-02-14,108.34852600097656,110.04332117414398,108.34852600097656,110.04332117414398,900
2019-02-15,112.10739135742188,113.42630184397979,108.42762989242671,108.42762989242671,3000
2019-02-19,114.34953308105469,115.73439309176341,112.10738931965686,112.10738931965686,12200
2019-02-20,113.55821990966797,114.21767532152722,113.07022934488636,113.75605854572395,3700
2019-02-21,114.61334991455078,114.61334991455078,111.34244672069015,113.19551477470064,2700
2019-02-22,114.15171813964844,115.08154247887892,113.92090475624636,114.74522389341166,6400
2019-02-25,113.49885559082031,115.3255496457333,113.49885559082033,114.84414001687304,2400
2019-02-26,114.08578491210938,114.08578491210938,114.06600205498516,114.06600205498516,3000
2019-02-27,112.85258483886719,113.5450048301301,112.20631142203796,112.45031671716286,2600
2019-02-28,112.37774658203125,114.0329752690207,112.37774658203125,114.0329752690207,2500
2019-03-01,113.26806640625,113.28125833297322,111.6919682563003,112.96472252905849,5700
2019-03-04,112.25247955322266,113.96046632843733,112.25247955322266,113.96046632843733,1000
2019-03-05,113.36038208007812,113.36038208007812,111.84364267200426,112.51627995189244,2400
2019-03-06,110.48516082763672,113.42633653982855,110.48516082763672,113.42633653982855,2600
2019-03-07,108.15067291259766,110.45217561109983,108.15067291259766,110.45217561109983,13200
2019-03-08,110.57747650146484,111.94255400772549,106.83836559571601,109.2915404855974,19200
2019-03-11,111.3490219116211,111.3490219116211,108.15065995502881,110.55107663933602,2900
2019-03-12,111.2896728515625,111.78426432676719,111.2896728515625,111.78426432676719,1800
2019-03-13,112.4371109008789,113.52520794911813,111.0786348073238,111.2434986062987,4200
2019-03-14,111.72492218017578,113.41312623581574,111.44795214565578,113.41312623581574,4100
2019-03-15,109.99716186523438,111.69195699737666,109.99716186523438,111.69195699737666,5600
2019-03-18,111.25012969970703,114.08579007831368,110.55110854968824,110.55110854968824,3100
2019-03-19,110.86761474609375,111.70512574118358,110.86761474609375,111.70512574118358,1000
2019-03-20,110.97974395751953,110.97974395751955,110.70937489315884,110.70937489315884,800
2019-03-21,110.07412719726562,110.9599002188631,109.98819053116061,110.9599002188631,2200
2019-03-22,105.78410339355469,105.78410339355469,105.78410339355469,105.78410339355469,900
2019-03-25,103.64893341064453,106.42524205567415,102.46569059899835,106.4186354233186,4700
2019-03-26,103.94641876220703,104.44218864501565,102.28062913176012,103.12013562419266,2800
2019-03-27,103.12015533447266,103.74152198686109,102.32030866594869,103.74152198686109,3300
2019-03-28,103.38455200195312,104.11829190157897,101.8972422124249,101.8972422124249,2100
2019-03-29,104.3760986328125,106.16087856520214,102.59794550838667,105.29492522560267,11600
2019-04-01,106.16085052490234,107.44323334860724,104.64048769236858,104.64048769236858,7800
2019-04-02,106.68965911865234,106.99373570694675,105.86999282113827,106.47813591126447,4400
2019-04-03,105.301513671875,107.07305968557854,103.91335411641961,106.69627986058882,10600
2019-04-04,106.42527770996094,106.48476768047578,105.24865122294193,105.36763116397161,8300
2019-04-05,106.09476470947266,107.35071116054397,104.83881825840136,105.69814473204751,8300
2019-04-08,105.47337341308594,105.89642991622827,104.93794362950328,105.89642991622827,3200
2019-04-09,105.32794952392578,106.84831233871276,104.7594663874911,105.58574942960762,3800
2019-04-10,105.3411865234375,106.41204625707898,103.9265901755359,105.44695318728127,13200
2019-04-11,105.89643096923828,108.79833656335076,105.10320127876656,105.80388767345764,17600
2019-04-12,106.16748809814453,109.43956791939624,106.16748809814455,106.24020143134862,5000
2019-04-15,106.49136352539062,107.54239314430666,105.5394838378957,107.54239314430666,1500
2019-04-16,107.74732208251953,107.87291873436409,106.7293456861645,106.7293456861645,4800
2019-04-17,109.00326538085938,110.3649884380604,107.74071243660528,107.74071243660528,2400
2019-04-18,109.53209686279297,109.92871682573157,108.93056028403977,108.93056028403977,3600
2019-04-22,109.06939697265625,109.33380359739743,109.06939697265625,109.22804699938068,1900
2019-04-23,108.80496978759766,109.27429297079757,108.40834983896694,109.06937636237528,2600
2019-04-24,108.4083251953125,109.66427126969779,108.4083251953125,109.02969159990005,2700
2019-04-25,108.4083251953125,108.93053159205152,108.21001526607746,108.67273170998456,1500
2019-04-26,110.7219467163086,112.34145974053779,109.3998936211885,110.13363349243873,4400
2019-04-29,112.30841827392578,112.70503827899535,110.71535179153194,110.72195842657901,9900
2019-04-30,111.66061401367188,112.58605732172971,111.36315405576477,112.37452396452828,6800
2019-05-01,111.38294219970703,112.01091522745753,111.05242901810553,111.66057206187688,3300
2019-05-02,109.9286880493164,111.38294405529793,109.86258137731006,111.38294405529793,1900
2019-05-03,110.12701416015625,110.99295722378007,107.41680159306881,110.35836737324784,6200
2019-05-06,108.4149398803711,109.10901964101511,108.4149398803711,109.10901964101511,1500
2019-05-07,108.42156982421875,108.42156982421875,108.42156982421875,108.42156982421875,1100
2019-05-08,108.3092041015625,108.66615400002196,107.81343418975149,108.61327066571968,1600
2019-05-09,107.48954772949219,108.6926110297198,107.48954772949219,108.6926110297198,1400
2019-05-10,106.1277847290039,108.13730043698126,105.85015486657386,107.7472973030768,3800
2019-05-13,104.44217681884766,106.09474290775348,104.44217681884767,106.09474290775348,3100
2019-05-14,107.62174224853516,107.62174224853516,104.06541580988676,105.92951571736835,6000
2019-05-15,106.74256896972656,107.43004225912854,105.53950584297078,107.43004225912854,1800
2019-05-16,106.3922119140625,106.78221512375231,106.06169866792595,106.75577850210546,2400
2019-05-17,105.59239196777344,106.62359184264041,104.89831202539284,106.134428530975,2000
2019-05-20,105.7642593383789,106.00222932534889,103.7811794757843,105.90307936680547,1600
2019-05-21,106.28646850585938,106.80868519741539,105.76426190076937,106.63020518124736,2000
2019-05-22,104.87185668945312,106.13441980344707,104.87185668945312,106.13441980344707,2100
2019-05-23,104.15133666992188,106.47815283989742,103.81421677652047,104.40913660874983,4400
2019-05-24,105.66510009765625,105.76425004748982,104.4421969218962,105.19576680002596,2300
2019-05-28,106.09476470947266,106.43188462975853,105.16933154410066,106.43188462975853,3200
2019-05-29,105.10321807861328,106.09475787180774,104.34304160508327,105.64526467372916,7100
2019-05-30,105.0965805053711,107.42338593949816,104.50826747139274,106.48472975531143,4500
2019-05-31,102.06912231445312,105.083402073038,102.06912231445312,105.083402073038,1200
2019-06-03,103.71507263183594,105.54611919324194,101.96996275868936,101.96996275868936,6000
2019-06-04,103.7811508178711,104.44217725620148,103.7811508178711,104.20420733494402,2200
2019-06-05,101.54690551757812,104.74628200458484,101.54690551757812,104.42898196666414,3500
2019-06-06,102.09553527832031,102.42604851009634,101.34196551332951,101.73196870607401,4500
2019-06-07,101.99639129638672,101.9963912963867,101.9963912963867,101.9963912963867,600
2019-06-10,103.12015533447266,103.12015533447266,101.14368205943416,103.00117538135964,5400
2019-06-11,102.83589172363281,102.83589172363281,101.77163871440048,102.02943863159523,4800
2019-06-12,102.18810272216797,102.91523603844917,102.18810272216798,102.80946935854176,2300
2019-06-13,104.58060455322266,104.58060455322266,103.91786309231837,103.91786309231837,800
2019-06-14,106.70135498046875,106.70135498046875,103.85156521622832,103.85156521622832,1100
2019-06-17,107.58281707763672,107.66234281284879,107.1520290824308,107.59607473771594,1900
2019-06-18,108.47750091552734,108.47750091552734,108.02684164493631,108.4244905058595,1600
2019-06-19,109.35234069824219,109.35234069824219,108.67634157875241,108.67634157875241,1500
2019-06-20,109.35234069824219,109.35234069824219,109.35234069824219,109.35234069824219,400
2019-06-21,110.67781066894531,110.67781066894531,109.35895167970835,109.4451112953129,6600
2019-06-24,109.43183898925781,110.67779585528694,109.43183898925781,110.67779585528694,1000
2019-06-25,107.88104248046875,109.35895294623847,107.708733359895,109.35895294623847,2600
2019-06-26,106.29708862304688,109.14024466933193,106.29708862304688,107.88104010317191,1900
2019-06-27,109.72345733642578,110.6778065075658,105.48191670094853,108.49739189478856,3500
2019-06-28,110.67781066894531,110.67781066894531,110.67781066894531,110.67781066894531,7100
2019-07-01,109.84274291992188,110.67779328861879,108.94141437845549,110.67779328861879,2600
2019-07-02,110.4591064453125,110.4591064453125,110.4591064453125,110.4591064453125,500
2019-07-03,109.3655776977539,110.53862257708438,109.3655776977539,110.53862257708438,400
2019-07-05,108.91490173339844,108.91490173339844,108.13949563361412,108.48412393772813,1000
2019-07-08,109.073974609375,110.25365342513444,108.70284106454694,109.94216417587576,2200
2019-07-09,108.0268325805664,109.58427869043015,108.0268325805664,109.08722271229871,2400
2019-07-10,107.67559814453125,108.41786529081074,107.16528442514837,108.41786529081074,1100
2019-07-11,104.70652770996094,107.58944701551881,103.89798231354176,107.58944701551881,4600
2019-07-12,103.99076080322266,106.28384050106673,103.61962721832062,104.98487295390959,7500
2019-07-15,105.24334716796875,105.24334716796875,101.47234659605863,101.47234659605863,1600
2019-07-16,106.6417007446289,106.6417007446289,104.66010069634127,104.66010069634127,1700
2019-07-17,106.2109375,106.21093749999999,106.21093749999999,106.21093749999999,400
2019-07-18,107.23155212402344,107.23155212402344,106.33684725921216,106.33684725921216,1900
2019-07-19,106.33683776855469,107.84788709805268,106.33683776855469,107.33094970178387,1000
2019-07-22,107.78160858154297,109.23301348128676,107.78160858154297,109.23301348128676,1000
2019-07-23,109.15351104736328,109.15351104736328,107.87442494681271,107.87442494681271,1100
2019-07-24,110.14759063720703,110.14759063720703,110.14759063720703,110.14759063720703,800
2019-07-25,109.21315002441406,110.64467386453966,109.21315002441406,110.64467386453966,900
2019-07-26,109.51799011230469,109.5179901123047,109.5179901123047,109.5179901123047,500
2019-07-29,107.89430236816406,109.33907377180063,107.89430236816406,109.22640894687193,2900
2019-07-30,108.43773651123047,109.03420979414027,107.16527433203885,107.80151047794989,1800
2019-07-31,108.75584411621094,109.73669834320812,108.75584411621094,109.73669834320812,1600
2019-08-01,106.33683776855469,108.49074695721791,106.33683776855469,108.49074695721791,2900
2019-08-02,104.91194915771484,106.33683889876947,104.91194915771484,106.33683889876947,2600
2019-08-05,101.55848693847656,105.00473989604208,101.55848693847656,105.00473989604208,1000
2019-08-06,102.45320892333984,103.09606900532974,102.08869906561883,103.09606900532974,4000
2019-08-07,102.48633575439453,102.48633575439453,102.48633575439453,102.48633575439453,400
2019-08-08,103.1424331665039,105.54155346929339,103.1424331665039,105.54155346929339,2100
2019-08-09,102.40679168701172,104.1166655076146,101.89647803863143,104.1166655076146,2000
2019-08-12,98.74845123291016,100.21311391887471,97.96642137251033,100.21311391887471,3300
2019-08-13,98.43695068359375,100.33901471196914,97.66154468478607,99.22561433807962,5400
2019-08-14,96.23003387451172,97.82061904782564,96.23003387451172,97.55551646262519,1900
2019-08-15,93.80440521240234,96.76023605091223,93.65861142060308,96.42886537950498,1500
2019-08-16,92.84344482421875,95.36848806327001,92.25360535397483,95.36848806327001,5100
2019-08-19,94.10926818847656,94.20867534221517,93.4730320666592,94.04299001089744,4400
2019-08-20,92.78378295898438,94.10926557268415,92.78378295898438,94.10926557268415,900
2019-08-21,91.59085845947266,94.10927777455747,91.47156986283545,92.90308358563752,9300
2019-08-22,90.17256164550781,93.91042142626141,89.76828912876728,92.12102229626947,9800
2019-08-23,88.83385467529297,91.45169135047094,88.83385467529297,91.45169135047094,3200
2019-08-26,92.78378295898438,92.78378295898438,90.00027149274081,90.41779163946796,4700
2019-08-27,93.68511962890625,94.44064437943652,91.82281801390108,94.44064437943652,5800
2019-08-28,93.11516571044922,94.10927779988461,92.45242431749227,92.56508914077922,4500
2019-08-29,96.1107406616211,96.23002923473753,93.44651795643342,93.44651795643342,5300
2019-08-30,97.82536315917969,100.0184610101132,97.02787579718623,97.02787579718623,5700
2019-09-03,99.03487396240234,100.01844117579299,97.10760223412343,97.10760223412343,6700
2019-09-04,101.28114318847656,102.11186125970949,99.58648643564258,99.58648643564258,3700
2019-09-05,102.94255828857422,103.00901977692813,101.35422606667008,101.50708546176418,4000
2019-09-06,98.55638122558594,102.69003462353818,98.55638122558594,102.23147668515375,12300
2019-09-09,98.48992919921875,99.4801487575864,98.41682560577415,98.9086143380925,6200
2019-09-10,99.68614959716797,99.68614959716797,98.58960600783894,99.68614959716797,2200
2019-09-11,104.47107696533203,104.90305634069487,99.61304049977359,99.95862197194407,8600
2019-09-12,106.66419982910156,108.00664306507298,103.66697269324301,103.67361478716414,6700
2019-09-13,107.65440368652344,108.99019449280094,106.99647142281067,106.99647142281067,5400
2019-09-16,107.79398345947266,109.65479411499916,105.20878902202192,108.64463802075296,6900
2019-09-17,107.34205627441406,107.79396198354699,106.33190038142247,106.33190038142247,2000
2019-09-18,104.98945617675781,107.59458649136582,101.91248373799027,107.52813513869835,21600
2019-09-19,104.14546203613281,104.86984572169148,104.14546203613283,104.86984572169148,600
2019-09-20,104.91637420654297,105.96640314478995,102.57707924243543,104.2584519344012,10000
2019-09-23,103.18846893310547,105.16889778665508,102.46407513722886,105.16889778665508,6400
2019-09-24,104.00588989257812,104.67046426888854,102.5039554527327,104.55084574864077,9600
2019-09-25,103.08877563476562,104.85654593738643,102.90934785156306,104.33817872693378,4700
2019-09-26,102.67674255371094,103.40112620011924,102.67674255371094,103.40112620011924,1000
2019-09-27,105.7337875366211,107.87371784382654,103.14194137951748,103.88627157806737,9300
2019-09-30,106.39836883544922,108.59145631179665,106.33854943071539,106.9300202596541,2600
2019-10-01,106.66419982910156,107.52814864711489,105.33505092157382,107.46168714549793,4600
2019-10-02,106.7373046875,109.3224989376041,106.7373046875,106.81040828390302,3700
2019-10-03,107.99335479736328,108.32564204289363,106.74395150917654,106.74395150917654,2300
2019-10-04,107.82720947265625,108.91711121516873,107.59460434821564,107.99335309279901,2500
2019-10-07,106.27208709716797,108.32561941178234,106.0660706704759,108.3189773188761,6800
2019-10-08,106.53128051757812,107.26230628810477,105.97304044395399,105.97304044395399,2500
2019-10-09,107.32875061035156,108.73764489659168,106.99646345675913,106.99646345675913,4000
2019-10-10,107.66106414794922,108.05981288621932,107.32877691292468,107.32877691292468,1200
2019-10-11,107.69429779052734,108.65792876984597,107.44175624013693,108.45191230109668,2900
2019-10-14,107.69429779052734,108.35887227841631,107.46169266352544,108.31899943163928,2000
2019-10-15,108.19271850585938,108.75095858956784,108.19271850585938,108.41867137679837,3000
2019-10-16,115.30367279052734,115.30367279052734,108.32564071963088,108.32564071963088,11800
2019-10-17,119.27780151367188,121.29811321666251,115.67580975308967,115.67580975308967,7100
2019-10-18,116.965087890625,120.00219759709117,114.2868540189229,118.96545307268389,11800
2019-10-21,117.59642791748047,119.29109451955509,116.97837864623192,118.52018584824746,3300
2019-10-22,115.96821594238281,117.56319021429054,115.25047447784459,117.56319021429054,12300
2019-10-23,115.96158599853516,116.3005152781583,113.70867927962799,115.63594090514026,5000
2019-10-24,114.81854248046875,116.18756436703451,114.75872306690432,115.65590272374426,5000
2019-10-25,112.97103118896484,114.81854762318169,112.31309873510666,114.71885535651072,5100
2019-10-28,112.29315185546875,113.04412427060973,110.47221411086399,112.51246265300378,4800
2019-10-29,106.73065185546875,111.65514041381961,105.66732876760486,111.26968604798397,8300
2019-10-30,104.07234954833984,109.20950654711955,102.89605008367799,109.20950654711955,11300
2019-10-31,100.81593322753906,103.61379587942518,100.35073318130871,103.52739796348223,6600
2019-11-01,105.06919860839844,106.66417283758068,101.00199708496572,101.00199708496572,13300
2019-11-04,100.68302917480469,105.34834465316402,100.41720345104575,103.93943992355784,14300
2019-11-05,103.00238800048828,103.67360448145077,98.80227300272594,100.09154893736311,14200
2019-11-06,105.99962615966797,106.59109702227026,102.69669028877377,103.12201753670574,5200
2019-11-07,106.9964828491211,110.38581648629639,106.47811560681443,106.47811560681443,11000
2019-11-08,105.0093765258789,107.03633007313226,103.00901162810348,106.87683873865893,7000
2019-11-11,104.73690795898438,108.13952494230537,104.3381593447396,108.13952494230537,5000
2019-11-12,108.65792083740234,108.65792083740234,104.83661781101051,105.28852356229524,1400
2019-11-13,107.22909545898438,112.5523333462418,104.40465394388266,108.55824440726752,18800
2019-11-14,108.19271850585938,108.19271850585938,105.60087216189693,107.50155542456233,8200
2019-11-15,108.92374420166016,108.92374420166016,105.99962078788978,107.64776252252757,6400
2019-11-18,109.86077880859375,111.04372028255142,108.3787809198669,108.93037882028975,5100
2019-11-19,110.29277038574219,110.29277038574217,109.14304938814743,109.98706170403595,4000
2019-11-20,107.98005676269531,110.13328169045793,107.98005676269533,109.35573077947184,5000
2019-11-21,107.76738739013672,109.85415060539992,107.76738739013672,108.43196179169317,6400
2019-11-22,107.73417663574219,109.44212789159937,107.73417663574219,109.44212789159937,2300
2019-11-25,108.9170913696289,110.31934367375668,108.65790777505553,108.99019495479575,7500
2019-11-26,109.65480041503906,111.37604606053651,108.75762071903853,110.27950211262727,8500
2019-11-27,111.11686706542969,112.64539061816258,109.35574849548733,110.63173046437821,18600
2019-11-29,112.13142395019531,112.30635596883836,110.84392685546321,111.26375729400468,12300
2019-12-02,113.00608825683594,115.80500065948202,110.40309886821478,111.73958210295913,13200
2019-12-03,111.32677459716797,113.91576712051939,109.92731802486922,112.22941938841788,4300
2019-12-04,111.90052795410156,113.90874439054559,110.95590132836514,112.44631507395049,17400
2019-12-05,110.20721435546875,112.65626356336806,109.87134773937602,111.39675040676126,8200
2019-12-06,110.7949447631836,111.97748696020172,110.56403320900223,110.6829857047314,7600
2019-12-09,110.85090637207031,111.88650080282859,110.22814889098572,111.4736638531549,7200
2019-12-10,109.50745391845703,111.25677426859212,106.73652578596123,110.94889217864768,10400
2019-12-11,109.8573226928711,110.41710736428664,106.42865893058331,109.73137674722999,5400
2019-12-12,110.34713745117188,111.25678626674124,108.14299784310457,109.73837732031629,8200
2019-12-13,111.19381713867188,111.19381713867188,108.45787715882909,108.7377641839206,7700
2019-12-16,111.3967514038086,113.07610585331766,110.55707951755771,111.62066960121273,15600
2019-12-17,111.60663604736328,112.65622823589649,110.98387844258042,112.44630766278907,7700
2019-12-18,110.77398681640625,112.57928713367633,110.77398681640625,110.90693690334963,7700
2019-12-19,110.90691375732422,111.95650600108438,109.85732151356405,111.01887282580637,11700
2019-12-20,110.20721435546875,111.38275285029695,109.9693092806117,111.07488134713282,12800
2019-12-23,109.4374771118164,111.15181960090956,109.33951559904001,110.06023473096725,8100
2019-12-24,109.1366195678711,110.55706710756091,107.63220805208331,110.46609901545071,5900
2019-12-26,108.70277404785156,109.8503278044493,108.11499427827368,109.14359552877947,6100
2019-12-27,109.53544616699219,109.77336186612081,107.59720676809543,109.12260909736477,4100
2019-12-30,109.99727630615234,111.22180071628415,108.55583785168952,109.14360700607145,7500
2019-12-31,111.3967514038086,111.99152477328192,108.89172262463823,110.15123579251821,8400
2020-01-02,111.13784790039062,111.935537740551,110.55707212633428,110.55707212633428,3600
2020-01-03,111.62765502929688,111.99151673545997,110.5780625775625,111.2567998838446,8600
2020-01-06,111.7256088256836,115.15428367006538,110.94891003811807,110.94891003811807,17500
2020-01-07,114.16063690185547,114.63645756880636,111.25676951549157,111.76057460896729,20800
2020-01-08,115.58809661865234,116.70066183211067,113.35596207684318,114.40555431829544,18400
2020-01-09,115.10525512695312,116.39975618793541,115.07026659181811,115.45511912429949,17700
2020-01-10,115.38516235351562,116.44875208212436,114.15364470991861,114.96533188904115,8800
2020-01-13,116.08492279052734,116.46977549786197,112.56529023227986,114.7554432673787,24900
2020-01-14,114.89539337158203,116.9945784295659,114.51754475902817,115.87501947151225,7200
2020-01-15,114.89539337158203,115.80504236544317,114.75544983645125,115.80504236544317,4000
2020-01-16,115.24524688720703,116.49776650173112,114.75543922105501,115.3921945255558,4700
2020-01-17,114.7904052734375,116.49073955490904,114.78340115864683,115.14026934883536,4900
2020-01-21,114.68545532226562,115.86799776708614,113.70584004803865,114.03471317803036,12000
2020-01-22,113.35597229003906,115.37818643035523,112.85916055310777,114.8044148387077,9900
2020-01-23,114.10468292236328,115.58810329262602,112.74720850338474,113.4749211349273,4300
2020-01-24,114.79740142822266,115.75602560085993,113.35596311178854,114.39856192487167,12200
2020-01-27,113.97174835205078,114.61549710359841,113.05510599194484,114.54552000314492,3400
2020-01-28,113.84577941894531,114.0487065821541,113.1180667670027,114.0487065821541,3000
2020-01-29,113.70584106445312,114.37758488493184,112.62126013736025,113.35597693810097,3300
2020-01-30,112.38333129882812,113.70581698934717,112.38333129882812,113.70581698934717,3800
2020-01-31,110.41712188720703,111.90753582501375,108.8707177301895,109.90632324547074,15500
2020-02-03,110.1162338256836,111.79558807062128,109.85733778385402,110.5290816172303,7600
2020-02-04,109.99727630615234,111.74659689205491,108.84972242888048,111.74659689205491,15100
2020-02-05,111.78855895996094,111.78855895996092,110.55704133063216,111.38271537510171,3400
2020-02-06,113.00608825683594,113.99270744124952,111.42470659306214,111.42470659306214,7300
2020-02-07,111.53665924072266,112.79617200548819,111.53665924072264,111.60663632426669,4000
2020-02-10,111.38272857666016,112.18742240437878,111.05386614897216,111.25678262695048,4200
2020-02-11,114.05570983886719,121.26291327083489,112.7192262592554,117.27446420328188,15300
2020-02-12,115.80503845214844,117.86224144777661,114.33560469041205,115.87501555585284,37900
2020-02-13,121.75269317626953,123.95683248883151,114.7624053967382,115.81900169379172,25700
2020-02-14,122.1375732421875,124.90149780900227,119.6885242655404,122.42446439907621,19300
2020-02-18,122.0466079711914,124.07582643353594,118.6669190240336,122.2705261506252,14000
2020-02-19,122.80231475830078,123.83790963678621,121.03899647990187,121.5847836913338,18800
2020-02-20,124.12478637695312,124.55162101086833,121.24190957693871,123.51602625269895,30800
2020-02-21,123.29207611083984,124.90145270688932,123.29207611083984,123.96381971403524,11100
2020-02-24,120.35325622558594,123.99184090630719,119.44360738615423,121.54279208776329,5800
2020-02-25,115.92398071289062,119.82846572399949,115.50415015889338,119.82846572399949,6100
2020-02-26,113.55889129638672,114.57350578531815,113.50991587166212,114.3006121989794,4400
2020-02-27,112.39033508300781,114.05569154179324,110.24916859428629,112.22940059370643,15800
2020-02-28,114.72744750976562,116.85461667226448,109.22758308840996,109.22758308840996,34500
2020-03-02,114.23764038085938,116.43478685360262,113.77582780943432,114.72745874089674,14800
2020-03-03,107.38029479980469,114.05569716286564,104.38544826618049,114.05569716286564,15900
2020-03-04,112.74722290039062,112.74722290039062,108.45089162244875,108.45089162244875,8100
2020-03-05,107.95405578613281,108.9336709040816,106.26071498110475,107.31730062096409,9100
2020-03-06,106.60360717773438,111.61365352211112,103.524796355446,105.5120220978919,5500
2020-03-09,96.96134185791016,104.60936596359738,95.53389034991953,103.60875976195146,5000
2020-03-10,99.04652404785156,99.78124075766485,94.4633024244496,97.48613322699414,12500
2020-03-11,100.17308044433594,100.17308044433594,97.05929243881567,97.05929243881567,2400
2020-03-12,95.67383575439453,106.30270903823421,92.84693846642455,97.27621934430995,3400
2020-03-13,96.49250793457031,98.66166947757401,93.76357241131147,98.66166947757401,4500
2020-03-16,84.08634185791016,94.51229910686423,80.4757468924153,90.83172170761627,9300
2020-03-17,92.60902404785156,92.60902404785156,80.83959155114813,85.40182203558172,11000
2020-03-18,80.60169982910156,87.78790669710979,77.66983671678659,87.78790669710979,9500
2020-03-19,78.36955261230469,81.65827277402734,74.87091187068394,80.08388444029801,6900
2020-03-20,77.9059066772461,80.60345755393264,72.0752551508779,76.24100847833172,9400
2020-03-23,71.66780853271484,79.38112753062096,68.14132186256843,78.08152607216378,6100
2020-03-24,85.70352935791016,85.70352935791016,72.37733217317145,74.63934421539307,10000
2020-03-25,91.9345932006836,91.9345932006836,89.84820852265946,89.84820852265946,1900
2020-03-26,100.94752502441406,100.94752502441406,92.72841744055205,92.72841744055205,3900
2020-03-27,90.62796783447266,97.86359596420036,90.62796783447266,97.86359596420036,9700
2020-03-30,91.18295288085938,96.21979101509342,88.16927844216625,91.68171340375696,6600
2020-03-31,89.91846466064453,94.82885967560378,87.81100064516068,88.51348865032196,17300
2020-04-01,77.97615814208984,85.31715467020236,77.97615814208984,85.31715467020236,10700
2020-04-02,79.73239135742188,81.13736741658349,73.36082514350626,78.03939263354413,8000
2020-04-03,75.86869049072266,79.7323738027502,74.1827185190174,79.7323738027502,11500
2020-04-06,83.24480438232422,87.75477477649073,79.0298775781559,79.0298775781559,15700
2020-04-07,86.49032592773438,88.51348947193772,80.58942555769354,85.0080757943206,23800
2020-04-08,90.26970672607422,91.3234387112035,85.70353479051404,88.08496864814155,5200
2020-04-09,91.32343292236328,93.78214073181152,90.26970100402832,93.4308967590332,11800
2020-04-13,83.24480438232422,90.69820037645972,83.24480438232422,90.69820037645972,8100
2020-04-14,86.61676788330078,88.75935295228147,85.70353138861536,86.40601935081712,12800
2020-04-15,78.40467834472656,82.191087861012,77.976160278396,81.34107810833135,8800
2020-04-16,74.94844055175781,76.07944657174079,67.75496013754962,72.00501434775222,7400
2020-04-17,82.74606323242188,82.74606323242188,76.81706272074656,76.81706272074656,4900
2020-04-20,75.7492904663086,78.77701235660884,74.49183616803566,78.77701235660884,3500
2020-04-21,75.21537780761719,76.71167507670894,71.68889097491514,75.16620386993505,13500
2020-04-22,79.38113403320312,79.38113403320312,75.33480216056908,77.0840009198281,6700
2020-04-23,80.76504516601562,83.52582318445423,80.09065733794273,82.89358292077401,6300
2020-04-24,82.60555267333984,82.87952789536428,79.13526596224001,79.13526596224001,3600
2020-04-27,86.41305541992188,91.85031135632347,85.49279244175649,87.108517079802,17700
2020-04-28,88.43620300292969,88.87174743874617,86.83453141765752,88.51347710218032,9600
2020-04-29,98.35533142089844,100.41362663393379,92.02591901757852,92.07509831795402,12400
2020-04-30,94.06316375732422,97.65991055633454,89.09657785943676,96.24790244314545,11900
2020-05-01,90.83169555664062,90.83169555664062,85.7035312943831,89.95358560485391,18800
2020-05-04,90.726318359375,90.726318359375,88.59075961587934,89.21597348952159,2100
2020-05-05,96.38135528564453,99.82355305388121,94.83588376806239,94.83588376806239,9400
2020-05-06,94.84288787841797,95.81934563434226,94.02097831860671,95.18711080959966,4700
2020-05-07,96.85904693603516,99.9289160046188,94.18959044551563,96.037137278741,10600
2020-05-08,93.07965087890625,99.13509341540201,93.07965087890625,96.36728925156706,20500
2020-05-11,85.70352935791016,90.44532299041748,85.70352935791016,90.3610278670676,5800
2020-05-12,81.79769897460938,85.6965038986077,81.79769897460938,84.82542033743361,5200
2020-05-13,76.85218048095703,81.64314794088634,75.4893521840563,81.64314794088634,10200
2020-05-14,80.53324127197266,80.53324127197266,73.76125591920295,75.86872037403732,6300
2020-05-15,84.22830963134766,85.54195872004748,78.98774995878658,79.31089378550902,3000
2020-05-18,92.53874969482422,93.07966850560584,86.96802449094798,86.96802449094798,8600
2020-05-19,86.2655258178711,91.80112379394964,86.2655258178711,89.77796570687956,12000
2020-05-20,90.00275421142578,92.81973779771805,86.84858476447063,89.23001852556574,4300
2020-05-21,88.66099548339844,89.96762874018849,87.82503318367498,87.82503318367498,4900
2020-05-22,88.68909454345703,89.72877896046865,85.35227712499032,86.78535303838395,5200
2020-05-26,92.58792114257812,95.53836861783508,92.377172597392,93.43090460420636,4500
2020-05-27,98.55203247070312,100.91239247569345,93.51519501844396,93.75404907447096,3700
2020-05-28,94.68132781982422,102.56324370747595,94.68132781982422,102.56324370747595,6400
2020-05-29,88.5837173461914,92.72839675804576,88.5837173461914,90.83168169545398,5300
2020-06-01,92.48956298828125,94.4916471476122,86.89775437616257,88.8155487739763,16800
2020-06-02,92.03294372558594,93.4308986240301,92.03294372558594,93.4308986240301,1200
2020-06-03,100.28015899658203,101.03884730015307,96.94334109652064,97.42805951706178,10100
2020-06-04,97.5826187133789,100.94753179492568,95.91771472685085,100.94753179492568,3300
2020-06-05,104.24919891357422,105.37318382872647,100.33634692800709,100.33634692800709,5400
2020-06-08,102.85829162597656,104.6707119514295,102.50704762613955,104.2492148639786,4000
2020-06-09,98.34832000732422,99.76031702854753,97.04169189846226,98.58716335475411,5800
2020-06-10,97.64583587646484,98.50287212801783,97.39996077905731,98.50287212801783,2500
2020-06-11,87.05230712890625,93.68379521775017,85.27501343922394,93.68379521775017,4500
2020-06-12,87.04525756835938,88.82888430533396,86.76326003451608,88.82888430533396,2900
2020-06-15,87.64448547363281,90.59134822239464,86.05825564094496,87.97583212149014,5900
2020-06-16,87.49645233154297,91.20470191955532,86.86901063636518,88.9064346359705,3600
2020-06-17,85.30391693115234,90.23885427427686,85.30391693115234,89.53386322525907,11500
2020-06-18,85.40968322753906,88.9487366133207,85.31098489182862,86.04417637043184,19000
2020-06-19,84.02788543701172,87.75023734108544,84.02788543701172,87.75023734108544,16900
2020-06-22,83.85164642333984,85.37442446179034,81.50402467796258,84.28873748003639,13200
2020-06-23,86.99591827392578,89.13909224418228,83.66130741179468,85.30393825754894,13800
2020-06-24,83.05500030517578,87.57399586705827,82.07506310015184,87.57399586705827,7000
2020-06-25,83.8939437866211,85.86086966873766,81.18678045122759,81.18678045122759,7200
2020-06-26,80.31961822509766,82.57558708769595,78.55714087036336,82.13144473061836,22300
2020-06-29,83.08321380615234,84.90914385417003,81.77898113108608,82.34297625586638,7400
2020-06-30,85.52951049804688,85.65640909704052,82.48394950085384,82.48394950085384,7800
2020-07-01,82.08211517333984,86.79850742161008,82.08211517333984,86.24860983759963,7700
2020-07-02,82.67430114746094,85.26162248514612,82.67430114746094,83.18894699974555,3400
2020-07-06,85.86791229248047,85.86791229248047,83.49914192726344,85.35326645786786,5700
2020-07-07,81.88471984863281,83.89394346943871,81.88471984863281,83.89394346943871,3500
2020-07-08,81.77896118164062,82.13145670397529,81.77896118164062,82.08210754599462,1600
2020-07-09,77.90152740478516,81.87767733252878,77.33048625538606,81.7860304130746,6100
2020-07-10,80.97527313232422,81.02462229110404,78.96604969821026,79.67808679222553,5200
2020-07-13,81.0739974975586,82.96337435003926,80.36900621497112,81.37009254536774,5800
2020-07-14,84.17594909667969,84.69058965293466,81.07398678734572,81.07398678734572,14200
2020-07-15,84.91617584228516,87.22855116832145,83.32289982894044,86.36140974872593,11800
2020-07-16,84.2112045288086,86.02303186634795,84.2112045288086,84.92324721312521,5200
2020-07-17,86.01596069335938,87.94763469076442,83.78818636312553,83.78818636312553,3200
2020-07-20,86.85491180419922,86.85491180419922,85.72692698440233,85.72692698440233,2100
2020-07-21,90.52086639404297,90.8522131208863,89.28008574621843,89.77357743811956,3900
2020-07-22,87.87010192871094,90.3305250666908,87.57400691831444,90.3305250666908,1900
2020-07-23,87.77137756347656,89.53385502459054,87.07343799489864,87.07343799489864,2100
2020-07-24,85.76921081542969,88.34242375772143,85.65640966950161,88.34242375772143,4000
2020-07-27,87.34839630126953,88.6103309858826,85.62116491989914,87.11574795289087,1500
2020-07-28,84.52140045166016,87.32726799059503,84.52140045166016,87.32726799059503,2800
2020-07-29,85.36032104492188,86.24860593088037,83.3863438743706,86.24860593088037,3400
2020-07-30,83.9362564086914,85.30394115331123,81.88473467041806,85.30394115331123,9800
2020-07-31,81.13037872314453,85.74806729453796,81.13037872314453,84.14068841454609,6500
2020-08-03,84.4509048461914,85.74808620073634,81.77898728848238,83.89396109766727,12300
2020-08-04,85.9031753540039,88.47639427108538,85.23343587552579,86.45306762115956,3300
2020-08-05,87.41889953613281,87.41889953613281,86.164016193699,86.41781342909634,2200
2020-08-06,87.67269897460938,87.67269897460938,87.67269897460938,87.67269897460938,600
2020-08-07,90.20361328125,90.83105495908661,88.19438962870262,88.19438962870262,5300
2020-08-10,91.55016326904297,93.03064918263627,90.95091640941885,90.95091640941885,2700
2020-08-11,93.98944091796875,95.20201600097126,91.36687254308289,91.36687254308289,7300
2020-08-12,94.3983154296875,94.95526449029266,94.29257105479375,94.95526449029266,2200
2020-08-13,93.20689392089844,95.62500864176752,92.38204472713899,95.62500864176752,4300
2020-08-14,92.79093933105469,92.84733991855782,90.24592064052854,90.24592064052854,1300
2020-08-17,93.41838073730469,94.8354199445712,92.48074114342205,92.48074114342205,1800
2020-08-18,93.41838073730469,93.41838073730469,93.41838073730469,93.41838073730469,600
2020-08-19,93.58755493164062,94.31369479858577,93.15046395546635,93.99645100112674,2500
2020-08-20,94.46177673339844,94.46177673339844,92.52305089290955,93.50298825108236,4300
2020-08-21,95.42057037353516,97.32404460471497,92.78389921531641,93.28444773804372,5900
2020-08-24,96.40751647949219,98.69169112648203,95.03278622046025,95.42053341077917,6500
2020-08-25,97.09136199951172,97.74699847018289,96.23127211344419,97.42975466962235,7800
2020-08-26,95.92108154296875,96.58377485805491,92.80502236032328,94.51815622350449,8100
2020-08-27,96.33704376220703,97.197133892016,95.92110153343556,95.92110153343556,4700
2020-08-28,97.50028228759766,98.36037238727215,97.11958102652905,97.46503057715624,2000
2020-08-31,96.22724914550781,98.41262216329622,96.22724914550781,97.59929898838466,2200
2020-09-01,97.62759399414062,97.62759399414062,97.62759399414062,97.62759399414062,800
2020-09-02,97.79023742675781,97.79023742675781,97.14664538635012,97.14664538635012,2500
2020-09-03,96.47479248046875,98.30654493641109,96.24847007472565,96.24847007472565,3000
2020-09-04,96.04336547851562,96.84962008503106,93.41949564979488,96.26260854293676,11300
2020-09-08,93.78020477294922,95.06737838324223,92.66276217538048,95.06737838324223,1300
2020-09-09,94.84107208251953,95.54831345288389,93.31342813253725,93.39122511494321,5800
2020-09-10,95.265380859375,95.48462388947141,94.23988334899049,94.58643539789215,3400
2020-09-11,94.77032470703125,96.36868599993386,93.97113866475759,93.97113866475759,5200
2020-09-14,97.59930419921875,97.59930419921875,94.10553027875721,94.10553027875721,14300
2020-09-15,96.21308898925781,97.74073258537696,95.63315681155082,97.59928650239802,11400
2020-09-16,97.1961441040039,100.02510864694192,95.90897084862164,96.18479445989236,10200
2020-09-17,98.23579406738281,98.5894146519186,96.66571780871244,97.24566074734015,11800
2020-09-18,96.89204406738281,98.80867246112678,96.6586531771867,98.80867246112678,9100
2020-09-21,93.50436401367188,94.94713131664034,92.73346290226326,94.94713131664034,4000
2020-09-22,96.89204406738281,96.89204406738281,93.39827082471338,93.48313631509588,26500
2020-09-23,94.155029296875,97.95291128469532,92.17475167575074,96.8213209892972,30800
2020-09-24,96.47479248046875,97.49322172302016,94.72082621089854,94.72082621089854,18000
2020-09-25,95.7251205444336,97.59930579558883,95.50586666208362,95.61902786749395,15500
2020-09-28,95.58364868164062,97.8114650489297,95.58364868164062,96.22724079607823,5600
2020-09-29,95.4209976196289,96.05044196289649,95.4209976196289,96.03629411483257,1700
2020-09-30,91.98377990722656,95.57656615301691,91.79282177991406,95.57656615301691,8100
2020-10-01,94.77738189697266,94.77738189697266,91.83526693726826,92.79003600743295,11200
2020-10-02,97.49320983886719,97.69123652393036,94.38842120820075,94.38842120820075,8400
2020-10-05,97.59930419921875,100.37875746490191,95.4775801948879,98.66016620138417,11600
2020-10-06,96.43233489990234,97.95289905228768,96.12114706794692,96.49598401326318,5200
2020-10-07,98.9076919555664,99.09863932081628,96.92033500166559,99.09863932081628,7400
2020-10-08,101.01526641845703,101.83566883722173,98.87232634974295,98.87232634974295,5000
2020-10-09,105.73253631591797,106.31247915329106,101.79319851198561,101.79319851198561,16600
2020-10-12,108.27864074707031,109.3253547856122,106.56710740874003,107.14705041938247,2900
2020-10-13,108.97171783447266,109.12023243285327,106.41150832133376,107.5006549454846,3200
2020-10-14,108.98589324951172,108.98589324951172,104.04934099703895,108.24328769481974,1800
2020-10-15,109.41019439697266,110.18816391214833,107.09751301244373,107.09751301244373,2200
2020-10-16,106.87123107910156,109.02123983860758,106.87123107910156,108.42009122094508,4700
2020-10-19,106.3125228881836,108.62519428867314,106.09326900887427,107.84015597345157,1500
2020-10-20,104.59390258789062,107.50066440579197,104.59390258789062,107.32385410249296,2500
2020-10-21,103.2926025390625,103.78060080295778,103.2926025390625,103.78060080295778,700
2020-10-22,101.84980773925781,103.41988416543806,101.42546946752894,103.41988416543806,2500
2020-10-23,102.0690689086914,103.16528428299321,101.55985431278862,102.76216235636352,3600
2020-10-26,100.21609497070312,101.02234966061171,98.42677525720737,100.39998462438254,3300
2020-10-27,98.50456237792969,101.29816321215507,97.34468713673745,101.29816321215507,9600
2020-10-28,96.4889144897461,98.68136658897507,95.64022718385392,97.1042216896247,2200
2020-10-29,97.95291137695312,98.30653199564249,94.13381301176597,94.13381301176597,6400
2020-10-30,94.43086242675781,98.9784188553266,94.43086242675781,98.30654177133371,6100
2020-11-02,94.33890533447266,95.4775641234627,93.03758408752533,95.14515988873833,6800
2020-11-03,97.88927459716797,101.1779424489464,95.18760754977369,95.18760754977369,11200
2020-11-04,102.90361022949219,103.29259510690193,100.28681955037038,101.13550696094421,8400
2020-11-05,107.14702606201172,109.7001668506666,105.73254386977393,105.73254386977393,13700
2020-11-06,103.2572250366211,107.56432176493459,103.24307718961292,106.34079739403806,14300
2020-11-09,105.20214080810547,111.6238929504145,105.20214080810545,109.04953511289375,13500
2020-11-10,112.19676208496094,113.06666588311504,107.86136935889766,107.86136935889766,15800
2020-11-11,115.65513610839844,115.65513610839845,113.22930431772083,114.53062535047458,7900
2020-11-12,111.92092895507812,119.12063977358889,111.39049801216306,116.12901227720859,21400
2020-11-13,115.57735443115234,116.5392028850159,114.56600470544828,114.56600470544828,4500
2020-11-16,121.5181655883789,122.91849988256479,116.83622237587086,117.13326232968956,7600
2020-11-17,121.96375274658203,123.3640874153344,119.33281440429263,120.93825508112376,6000
2020-11-18,121.61724853515625,123.06708492255744,120.31591602222308,123.03880001194189,6100
2020-11-19,123.77427673339844,125.52116333541589,120.90287922967087,121.50403855761719,10300
2020-11-20,124.38957977294922,126.94978934143943,122.52953205239209,123.27920596195152,5600
2020-11-23,129.88482666015625,131.617576027983,124.9836509053814,124.9836509053814,11200
2020-11-24,133.597900390625,137.38871484680675,130.1607066456854,132.7492128419734,12800
2020-11-25,132.98257446289062,136.70265963930302,131.86513196693892,136.70265963930302,11000
2020-11-27,134.30511474609375,135.77617790338994,133.9514941061181,134.86384140057677,18800
2020-11-30,130.87164306640625,137.6307775744511,130.87164306640625,137.6307775744511,14200
2020-12-01,123.17333984375,133.95100708007814,122.2803303106688,133.1426796880085,13500
2020-12-02,121.8646011352539,123.95854843442112,118.47732791755507,121.47197867495835,5000
2020-12-03,123.13487243652344,123.80463560444016,121.41814693053067,123.13487243652344,4100
2020-12-04,121.5566635131836,122.13403844135905,119.87843269371396,122.13403844135905,3300
2020-12-07,117.1301498413086,120.70988228277811,116.95309144426494,119.78608453059188,4000
2020-12-08,118.84686279296875,119.06241516667514,116.89918557908527,118.51582838188321,8200
2020-12-09,118.01544189453125,118.94693356717943,118.01544189453125,118.58511099282813,3700
2020-12-10,118.25407409667969,120.59436177250392,117.78447539158944,118.13860381949438,2200
2020-12-11,119.24716186523438,119.94001881583442,117.94615358210689,119.94001881583442,1600
2020-12-14,117.47657775878906,120.36345291590159,117.47657775878906,120.36345291590159,3500
2020-12-15,123.98163604736328,124.25107061245828,119.26255489276579,120.27874032927613,5400
2020-12-16,125.1055908203125,127.13025592305316,122.66522095242398,126.0986822401077,7900
2020-12-17,125.79074096679688,127.02247879317727,123.99703993671203,126.25264558837014,3100
2020-12-18,119.48583221435547,126.56059040683847,119.48583221435547,126.56059040683847,9700
2020-12-21,121.2487564086914,122.05708380076103,118.55433959960938,118.55433959960938,4200
2020-12-22,120.25568389892578,120.97931744763248,119.42426239439008,120.87154123852929,5300
2020-12-23,120.16327667236328,123.11173961347595,120.16327667236328,123.11173961347595,1900
2020-12-24,119.00853729248047,120.15559323723667,119.00853729248047,119.73987664121498,1300
2020-12-28,118.86996459960938,120.90232407469374,118.86996459960938,120.55590143342152,5900
2020-12-29,119.93231964111328,120.09398979593537,117.4765613836877,118.93923989405137,2400
2020-12-30,119.3472671508789,120.99471010301802,115.49810027702813,120.78685180274707,9600
2020-12-31,117.78448486328125,119.81684413222975,117.78448486328125,118.54662399415804,3100
2021-01-04,114.70516967773438,119.65519250258053,112.08003512294276,119.65519250258053,9000
2021-01-05,115.48270416259766,117.01467685818052,115.48270416259764,116.9607828817255,3900
2021-01-06,117.78448486328125,120.09398456648285,115.56736138925639,115.56736138925639,5300
2021-01-07,117.02234649658203,119.33184621486508,117.01465239300803,118.5543188718634,2700
2021-01-08,113.55809020996094,115.76751946435337,113.55809020996094,115.66743739018942,2600
2021-01-11,116.09086608886719,116.2525245066254,115.55967922278475,115.55967922278475,2000
2021-01-12,116.05237579345703,117.14553772465744,113.94302821688116,116.7144329345192,3100
2021-01-13,115.08235931396484,117.0146362495288,115.08235931396483,116.82217796622365,4200
2021-01-14,116.32180786132812,117.15321742769063,113.9815082215191,114.87451760372842,4100
2021-01-15,114.21248626708984,114.23558032987212,112.36489076415349,114.23558032987212,4500
2021-01-19,112.5804214477539,114.7051570406256,112.54192743497276,114.7051570406256,2600
2021-01-20,113.62738037109375,117.75368662418818,112.92682936853436,114.37411948428836,3700
2021-01-21,112.90374755859375,115.75982234537558,112.90374755859375,113.95841535489222,2800
2021-01-22,115.85221099853516,115.85221099853516,112.42644360976023,113.93532196104583,2100
2021-01-25,111.85678100585938,116.20633445864472,110.8636894692156,114.82833801815191,5200
2021-01-26,112.80367279052734,113.55041203312717,111.62582877832841,112.40335618444648,3800
2021-01-27,108.98529815673828,113.58889767375528,107.96911263469057,112.28787760994713,10700
2021-01-28,109.91680908203125,113.28097719445566,108.70817678344937,111.37179370069806,9300
2021-01-29,110.08615112304688,111.46414742658853,109.31631789841019,109.91678687388898,3800
2021-02-01,110.74821472167969,112.0107408149483,109.3163243692279,112.0107408149483,2000
2021-02-02,111.70283508300781,115.08240336149959,111.16394228611625,113.15011393963474,2700
2021-02-03,113.1655044555664,113.47343310233377,111.54115558841004,112.81137593973152,3100
2021-02-04,120.86382293701172,120.86382293701172,113.92762942912849,113.92762942912849,3100
2021-02-05,123.8045883178711,123.8045883178711,123.03475507151217,123.25030744075481,1500
2021-02-08,123.86615753173828,123.94314555064506,120.10167364295715,122.07245650777949,3300
2021-02-09,125.48283386230469,125.48283386230469,122.98087551842438,122.98087551842438,2600
2021-02-10,123.0886459350586,125.48282796924882,123.08864593505861,125.48282796924882,1800
2021-02-11,122.01854705810547,125.25184374752496,122.01854705810547,124.55899865219254,4300
2021-02-12,124.90546417236328,125.68299164655669,124.71300583003298,124.7206999349052,1800
2021-02-16,124.7129898071289,128.50826219184452,124.7129898071289,126.69916105440483,5800
2021-02-17,125.9139404296875,128.17725235067078,125.5059296952762,127.52288930664717,4100
2021-02-18,123.17333984375,124.90546493530275,121.8569196056109,123.94317321777345,4400
2021-02-19,126.07559967041016,126.49901032414354,124.18951048202359,124.3665688475035,8100
2021-02-22,123.71220397949219,126.25265611654791,122.84230037329037,126.25265611654791,4900
2021-02-23,123.94313049316406,123.94313049316408,123.17329738451087,123.94313049316408,5200
2021-02-24,123.94313049316406,125.09788015614386,123.94313049316408,123.95853044441903,3200
2021-02-25,121.71062469482422,125.75224869849096,121.71062469482422,122.80378634906654,1900
2021-02-26,116.83759307861328,121.27952237603368,116.83759307861328,120.53279494689934,3100
2021-03-01,120.09400177001953,123.11174707155666,120.09400177001953,123.10405296693072,2300
2021-03-02,121.31036376953125,123.07327730768688,120.50973035512656,121.81075084348898,4500
2021-03-03,124.73607635498047,125.72146194204163,121.46428515271822,121.46428515271822,3600
2021-03-04,122.7037353515625,124.80537707654894,122.01858415017811,124.80537707654894,4300
2021-03-05,123.01936340332031,125.29036928369536,122.40349441540744,125.29036928369536,6200
2021-03-08,122.53437805175781,124.71300793328582,122.53437805175783,123.9431745509816,5200
2021-03-09,124.02783966064453,124.02783966064453,122.01857433888605,122.01857433888605,1100
2021-03-10,127.74613189697266,127.91549615238998,122.09555863851703,123.08094426273239,3400
2021-03-11,130.71768188476562,130.71768188476562,127.43049077697748,127.43049077697748,7200
2021-03-12,132.10340881347656,132.10340881347656,129.63993267269743,130.87167074308698,6800
2021-03-15,132.75770568847656,132.75770568847656,127.85387297192149,132.18803675553372,1900
2021-03-16,130.8331756591797,130.971751770663,130.8331756591797,130.971751770663,1600
2021-03-17,129.47052001953125,132.12645350728664,128.3080763131412,131.94938344362268,2900
2021-03-18,130.87164306640625,133.5660592471852,130.66378481480675,133.5660592471852,3100
2021-03-19,129.44744873046875,132.85781593713594,128.46976901769543,132.85781593713594,10300
2021-03-22,127.45606994628906,129.74074787751417,127.45606994628905,129.69443858908315,6300
2021-03-23,126.09761810302734,130.44315416747926,126.09761810302736,130.44315416747926,2200
2021-03-24,128.35914611816406,128.35914611816406,128.12758788094328,128.12758788094328,1600
2021-03-25,127.99639129638672,128.20479491532183,126.6610888321875,128.20479491532183,1900
2021-03-26,130.42002868652344,131.97917535905702,128.1276238714393,128.1276238714393,1900
2021-03-29,128.9766387939453,131.21500774445155,128.15846473487412,130.23475115359008,3500
2021-03-30,128.1276092529297,128.86086731182036,128.1276092529297,128.86086731182036,1600
2021-03-31,128.1276092529297,129.26223420478257,127.47152943429201,128.1276092529297,6300
2021-04-01,128.79910278320312,128.79910278320312,128.79910278320312,128.79910278320312,900
2021-04-05,129.61724853515625,130.2501735502196,128.2279227726528,130.2501735502196,3500
2021-04-06,130.13441467285156,130.443151147984,128.1353065416047,128.1353065416047,1600
2021-04-07,128.89944458007812,130.28878226638966,128.89944458007812,130.05722402241415,2200
2021-04-08,128.80682373046875,128.80682373046875,128.80682373046875,128.80682373046875,600
2021-04-09,128.3514404296875,129.74077829605815,127.00069757190494,127.00069757190494,2500
2021-04-12,127.35578918457031,129.96465699849932,126.46816263763573,126.46816263763573,3800
2021-04-13,126.66109466552734,127.36347201476875,125.30262571217789,126.08220485769137,3900
2021-04-14,126.7459945678711,130.5975337511188,126.74599456787111,130.5975337511188,1400
2021-04-15,129.2081756591797,130.4431450571275,127.35573333979903,127.35573333979903,1700
2021-04-16,130.86769104003906,131.21502256779812,126.6688084334626,130.61297811233757,4000
2021-04-19,128.5520782470703,130.48171012776024,128.14299723056712,130.48171012776024,2000
2021-04-20,126.83860778808594,127.1010349874444,126.83860778808592,127.00841639415138,2800
2021-04-21,126.82317352294922,129.35485059995418,124.69286333206739,124.69286333206739,1700
2021-04-22,126.96981811523438,129.89513579425105,126.82316416127205,127.23224530782902,2100
2021-04-23,128.20477294921875,128.20477294921875,127.18592145569559,127.18592145569559,1000
2021-04-26,132.31105041503906,132.31105041503906,128.89946129584345,128.89946129584345,2200
2021-04-27,132.14125061035156,132.29561887746647,129.37801505208262,132.29561887746647,2500
2021-04-28,133.63088989257812,136.0159124117921,132.72782345649344,132.72782345649344,4600
2021-04-29,136.23207092285156,136.23207092285156,131.70129703547775,131.70129703547775,3900
2021-04-30,136.1780548095703,136.61801678804161,133.63866295647745,136.03141259429174,4400
2021-05-03,138.748291015625,140.47724597523535,137.05021677143276,137.05021677143276,4500
2021-05-04,135.86927795410156,137.36667460677972,135.86927795410156,137.35896031696137,1800
2021-05-05,141.02523803710938,141.21047518168635,135.84610028175018,135.84610028175018,6900
2021-05-06,142.2216339111328,142.79280938860254,138.03819193586372,142.79280938860254,4900
2021-05-07,145.10064697265625,145.10064697265625,140.7628251857587,140.7628251857587,4100
2021-05-10,143.1864471435547,145.8802183789327,143.1864471435547,145.8802183789327,2700
2021-05-11,137.53648376464844,142.40687416187555,137.4901744704659,142.40687416187555,3700
2021-05-12,139.8057098388672,142.79277658565712,139.21137984942115,139.21137984942115,4400
2021-05-13,139.95237731933594,140.47723165251028,138.63250364202128,140.47723165251028,2400
2021-05-14,139.68994140625,144.80733015344344,138.90265988940575,138.90265988940575,2000
2021-05-17,141.27996826171875,141.77395371174936,139.95239193401449,139.95239193401449,1600
2021-05-18,142.2216339111328,142.79280938860254,140.87861718748343,141.1873536859553,5000
2021-05-19,140.29202270507812,142.0904419373856,139.92153649501324,140.4772716988827,2600
2021-05-20,141.41119384765625,141.41119384765625,140.49268688977102,140.49268688977102,1400
2021-05-21,142.32199096679688,143.5646749143074,141.63504218696457,142.70020322127175,6400
2021-05-24,138.16165161132812,142.3836873821009,137.76028485642226,142.3836873821009,4400
2021-05-25,134.30239868164062,137.55190442956118,134.30239868164062,137.31262014797173,2200
2021-05-26,137.54421997070312,137.54421997070312,134.34103431890475,134.34103431890475,1800
2021-05-27,138.7637176513672,138.7637176513672,135.84611454259874,135.84611454259874,800
2021-05-28,137.26634216308594,139.08791581331317,135.8615757509639,139.0647611642565,5100
2021-06-01,135.3444366455078,137.3898425112024,134.47223893266232,137.3898425112024,4000
2021-06-02,134.91217041015625,136.38641235445732,134.69605252882366,135.0742647099263,7400
2021-06-03,135.40614318847656,136.89582535033074,135.07425210794486,136.89582535033074,2500
2021-06-04,137.00389099121094,138.16167035170005,136.60252418186332,136.61796453771456,3500
2021-06-07,137.29721069335938,138.30833620422567,135.5991247296462,138.30833620422567,1600
2021-06-08,136.23976135253906,136.61797354180703,136.23976135253906,136.61797354180703,1300
2021-06-09,136.01593017578125,136.01593017578125,136.01593017578125,136.01593017578125,800
2021-06-10,135.12059020996094,136.00050219737392,134.74238976103368,136.00050219737392,2800
2021-06-11,134.5494384765625,134.89677001716726,133.6077767493402,134.89677001716726,2900
2021-06-14,134.5803985595703,135.89603012028556,133.79103379358847,134.5726638570942,2400
2021-06-15,134.61904907226562,135.12208796796168,131.5621658165049,133.30342977584098,3100
2021-06-16,130.74960327148438,133.10998620251408,130.74960327148438,132.66886023122285,4300
2021-06-17,131.6705322265625,131.6705322265625,129.64293052943881,130.71089790286152,1500
2021-06-18,131.82530212402344,131.82530212402344,129.16310081549327,129.16310081549327,7000
2021-06-21,130.7882843017578,132.33607464852417,130.7882843017578,132.33607464852417,5900
2021-06-22,131.99557495117188,132.16583285473857,130.36265546420367,131.84853296093655,3100
2021-06-23,133.3111572265625,133.88384381540249,132.72300123896835,132.72300123896835,3300
2021-06-24,134.81256103515625,134.81256103515625,132.0884462295392,134.38691625166837,1600
2021-06-25,132.0265350341797,134.95185814912247,131.57767436988894,131.57767436988894,16500
2021-06-28,133.10997009277344,135.43165561764738,132.3515561277515,135.43165561764738,3300
2021-06-29,133.15640258789062,133.15640258789062,133.15640258789062,133.15640258789062,800
2021-06-30,135.14532470703125,136.53059194126263,131.94139900035552,131.94139900035552,4000
2021-07-01,136.0662384033203,136.45318594266493,134.64226248391876,136.45318594266493,4900
2021-07-02,134.0154266357422,137.5676026707548,134.0154266357422,137.5676026707548,900
2021-07-06,134.13153076171875,134.28630745039737,134.13153076171875,134.28630745039737,2200
2021-07-07,133.93031311035156,136.99494356562334,131.59314609595617,133.1486831412741,1900
2021-07-08,130.46324157714844,133.90707252133072,130.46324157714844,133.90707252133072,2900
2021-07-09,132.4134521484375,133.91479867567637,131.94911037963257,132.21223187122789,2100
2021-07-12,132.96290588378906,132.96290588378906,132.00328358489583,132.3360527862988,1900
2021-07-13,131.94911193847656,133.58976573922024,131.94911193847656,132.96291261001917,2600
2021-07-14,131.09011840820312,132.08843810378292,131.09011840820312,132.02653687427028,5600
2021-07-15,130.52516174316406,131.92591010650148,130.15368356061586,131.92591010650148,2800
2021-07-16,130.52516174316406,132.53728209280283,130.52516174316406,131.56217843319578,2300
2021-07-19,131.3377685546875,131.93365939710432,129.04703341046195,131.93365939710432,2500
2021-07-20,128.4743194580078,133.24925073950823,128.4743194580078,131.35321013343105,5700
2021-07-21,129.34107971191406,131.51572284957925,129.21725367343822,129.21725367343822,1600
2021-07-22,130.0608367919922,131.09785361655508,130.0608367919922,131.09785361655508,2300
2021-07-23,130.1691436767578,131.52345999998832,128.86125916664588,128.86125916664588,1600
2021-07-26,129.5190887451172,129.95246812623597,128.59815165588853,129.95246812623597,2800
2021-07-27,129.1321563720703,129.1321563720703,129.1321563720703,129.1321563720703,1300
2021-07-28,129.6970672607422,129.81315860226832,128.62135362466006,128.62135362466006,1800
2021-07-29,129.74356079101562,130.55615333343235,129.70487546747273,130.55615333343235,1400
2021-07-30,128.87677001953125,128.87677001953125,128.87677001953125,128.87677001953125,1000
2021-08-02,127.78558349609375,130.4013532934663,127.78558349609375,130.20787947552347,1200
2021-08-03,128.5439910888672,131.6860035561482,128.3273013882756,130.39360005308302,3000
2021-08-04,139.15411376953125,139.15411376953125,132.3283632774363,132.3283632774363,6500
2021-08-05,140.19886779785156,142.7449780012862,135.85731492736522,139.30888116577344,5500
2021-08-06,138.82907104492188,140.2220848829496,138.01647865534702,138.75942330519663,2900
2021-08-09,143.57301330566406,143.57301330566406,137.43601940482307,137.43601940482307,2400
2021-08-10,142.47413635253906,145.07442515880163,142.47413635253906,144.91190194210148,1700
2021-08-11,148.1622314453125,148.88196011099137,144.31597141458303,144.31597141458303,10300
2021-08-12,147.7985076904297,147.92233376129477,146.49836937245863,147.8526860246972,3700
2021-08-13,144.81900024414062,148.93611621763063,144.81900024414062,147.8139706347617,4700
2021-08-16,146.6918182373047,147.597274085227,143.47241179444623,146.26617357152017,6400
2021-08-17,147.03233337402344,148.58785826409294,145.6470545408757,145.6470545408757,3300
2021-08-18,144.74932861328125,150.43746209797317,144.74932861328125,150.42972739841022,5400
2021-08-19,145.4923095703125,145.95665145199746,143.71234810212627,144.85770978592336,4200
2021-08-20,139.2159881591797,145.7244487418431,139.2159881591797,144.26952218454232,10000
2021-08-23,144.71067810058594,145.87925568544716,141.2358841516929,141.31327840073723,9300
2021-08-24,143.4879150390625,143.4879150390625,143.4879150390625,143.4879150390625,700
2021-08-25,144.22311401367188,144.22311401367188,143.6117419842513,143.6117419842513,1300
2021-08-26,145.05117797851562,145.49230392988528,141.63056246274047,145.0047461538881,1800
2021-08-27,147.42703247070312,147.42703247070312,142.48184272001822,145.05116858895565,7700
2021-08-30,147.04005432128906,148.8973976523934,145.87921178717363,145.87921178717363,6900
2021-08-31,148.83987426757812,148.83987426757812,147.2107455100775,147.88567636882811,6800
2021-09-01,147.1409149169922,147.1409149169922,147.1409149169922,147.1409149169922,400
2021-09-02,147.76931762695312,149.90269453050672,144.84466035843735,146.62117628059318,6100
2021-09-03,148.66921997070312,149.03383443057453,145.07738519413996,147.4900410401113,1900
2021-09-07,148.94851684570312,148.94851684570312,147.39696979522705,148.8709347582335,3300
2021-09-08,145.3799285888672,148.48302214967427,145.31787713453005,148.48302214967427,4600
2021-09-09,145.4730224609375,148.55284361916532,144.5033057697414,144.5033057697414,4800
2021-09-10,143.55686950683594,144.85240965956365,142.74230507237434,144.3403963764892,5300
2021-09-13,144.8756866455078,144.9920479239325,144.8756866455078,144.89895890119274,900
2021-09-14,140.30638122558594,144.1697295430242,140.1822546374092,143.55687374961636,6500
2021-09-15,141.966552734375,142.41650279194036,139.3289275278078,140.43052449466182,6300
2021-09-16,142.4940185546875,142.4940185546875,140.80283862666906,140.80283862666906,2000
2021-09-17,141.966552734375,144.99983000808237,141.33041277242813,142.7423262465847,9100
2021-09-20,141.9510040283203,145.6669649974546,140.5623749426095,145.6669649974546,7200
2021-09-21,142.99830627441406,143.68874409810397,142.0441083466993,143.04485078249348,1500
2021-09-22,142.99830627441406,143.51807301023794,142.61817306282845,142.61817306282845,1300
2021-09-23,144.12318420410156,144.12318420410156,144.12318420410156,144.12318420410156,800
2021-09-24,146.28758239746094,146.28758239746094,145.3023469547252,145.3023469547252,1800
2021-09-27,145.81436157226562,148.1727073073572,145.81436157226562,148.1727073073572,1800
2021-09-28,143.95252990722656,145.3023800693788,140.8028913662356,144.29387214391087,5100
2021-09-29,145.06961059570312,145.06961059570312,143.35514635295124,143.35514635295124,900
2021-09-30,141.65621948242188,145.06961751247653,141.5941561934839,145.06961751247653,900
2021-10-01,142.57940673828125,143.06039435897662,141.8269173316417,142.9750588002536,2800
2021-10-04,142.3699188232422,142.3699188232422,142.3699188232422,142.3699188232422,1500
2021-10-05,144.24732971191406,144.41800083272244,144.24732971191406,144.41800083272244,1700
2021-10-06,144.29380798339844,145.58159427195838,144.29380798339844,145.11612564029411,1000
2021-10-07,146.91598510742188,147.82363865654312,145.96954051691316,147.82363865654312,2800
2021-10-08,147.11764526367188,147.11764526367188,147.11764526367188,147.11764526367188,500
2021-10-11,147.50558471679688,148.1727504541163,145.84542976635532,147.11769793550337,3000
2021-10-12,145.53512573242188,146.97029972725932,143.71205311717694,143.71205311717694,1300
2021-10-13,144.3714599609375,147.39697202008816,143.05263547823438,145.86094373139358,11900
2021-10-14,145.53512573242188,148.095169030609,145.53512573242188,148.095169030609,2200
2021-10-15,146.85386657714844,148.0795896323452,146.85386657714844,147.2805441972105,2600
2021-10-18,146.85386657714844,146.85386657714844,146.85386657714844,146.85386657714844,400
2021-10-19,148.93296813964844,148.93296813964844,148.07962453574467,148.07962453574467,1100
2021-10-20,149.7242431640625,149.7242431640625,148.94071641206318,148.9484698834197,3400
2021-10-21,143.5336151123047,153.60315174561055,142.06740368277298,151.1827422333332,10300
2021-10-22,144.60414123535156,147.8003353437574,143.04484113306617,143.04484113306617,2000
2021-10-25,146.99354553222656,146.99354553222656,144.60416195822918,144.91447843123322,5300
2021-10-26,148.70022583007812,148.70022583007812,148.70022583007812,148.70022583007812,1200
2021-10-27,148.1804962158203,150.50781678244937,148.1804962158203,150.50781678244937,1200
2021-10-28,148.01756286621094,152.96698896765335,148.01756286621094,152.96698896765335,800
2021-10-29,150.3448486328125,153.59534023706752,150.3448486328125,153.59534023706752,1200
2021-11-01,152.36964416503906,152.36964416503906,149.72425424136216,151.27580091743846,6100
2021-11-02,157.249267578125,159.02579531299497,153.57210919674992,153.57210919674992,4600
2021-11-03,161.399658203125,161.399658203125,157.4820001664862,157.4820001664862,2100
2021-11-04,169.4754638671875,170.4762063547553,162.13664222136,162.13664222136,4500
2021-11-05,177.65208435058594,177.65208435058594,170.66237123212858,170.66237123212858,4300
2021-11-08,178.28045654296875,178.28045654296875,176.87630879258433,177.706391888588,3200
2021-11-09,180.7551727294922,183.07473907875828,180.02594395840836,180.02594395840836,5300
2021-11-10,181.84127807617188,184.59527598109943,180.2974966043274,181.53097345478392,9000
2021-11-11,185.6270751953125,185.6270751953125,181.9188789508932,181.9188789508932,3600
2021-11-12,183.22215270996094,183.93587464229654,182.52396139717663,183.93587464229654,2600
2021-11-15,184.4789581298828,184.4789581298828,182.40764410930007,182.40764410930007,5800
2021-11-16,189.0637664794922,192.391829613971,184.78924688272025,184.78924688272025,9000
2021-11-17,189.79296875,191.40657893749233,189.79296875,191.40657893749233,3600
2021-11-18,189.13356018066406,191.89531163293276,184.62631855169445,191.89531163293276,4700
2021-11-19,187.14756774902344,189.2886979396777,187.14756774902344,188.9008112635718,3800
2021-11-22,188.52069091796875,190.06448425561805,188.52069091796875,188.60602646602703,2800
2021-11-23,189.6533203125,189.67659256705298,187.69836806851308,187.69836806851308,4700
2021-11-24,190.06448364257812,190.06448364257812,188.51293683733257,188.63706342271928,4200
2021-11-26,188.40432739257812,188.77669530813043,187.341521628203,188.77669530813043,4400
2021-11-29,181.0810089111328,188.5129188183649,179.9794122051879,188.5129188183649,13400
2021-11-30,181.95712280273438,183.71772335972895,176.64161817007698,182.54679609288644,6000
2021-12-01,181.17372131347656,183.74301326305005,179.96909095968047,181.09789606878198,4700
2021-12-02,175.30218505859375,176.90272841218703,174.7967435501372,175.49593206680711,2100
2021-12-03,167.72068786621094,175.2179909930996,162.32935735407412,175.2179909930996,4900
2021-12-06,172.18531799316406,172.18531799316406,166.74346028210627,166.74346028210627,3000
2021-12-07,177.11334228515625,177.11334228515625,176.26252895438165,176.81007992451862,2700
2021-12-08,179.41311645507812,179.41311645507812,175.2179968601197,176.88593380805716,5500
2021-12-09,177.79568481445312,177.79568481445312,177.79568481445312,177.79568481445312,2600
2021-12-10,180.81988525390625,180.81988525390625,179.44679163563615,179.44679163563615,1500
2021-12-13,178.5032958984375,181.12314193517267,178.5032958984375,180.9041241073176,4000
2021-12-14,181.07261657714844,182.29408550096662,177.74516231781115,178.5707049702386,5800
2021-12-15,171.84837341308594,183.46498084249427,171.84837341308594,183.46498084249427,11300
2021-12-16,169.32125854492188,176.902807434993,169.32125854492188,173.92915650975627,12900
2021-12-17,161.90814208984375,171.36822415432144,161.90814208984375,171.36822415432144,15700
2021-12-20,158.723876953125,163.94671721576086,157.62876217533542,163.68557713071593,11100
2021-12-21,160.47607421875,165.53885807456777,160.47607421875,162.10188864331857,10900
2021-12-22,160.37496948242188,163.42443156644072,160.05485565785432,163.42443156644072,4100
2021-12-23,163.6097412109375,165.95159518060476,160.04641868001238,160.04641868001238,6500
2021-12-27,164.1573028564453,166.17062385744038,162.96110500497528,163.87931131397593,2900
2021-12-28,164.0983428955078,166.61709256207905,163.00322819730178,163.6181721774522,4300
2021-12-29,163.76141357421875,165.083978526936,161.82391736019844,165.083978526936,4600
2021-12-30,166.02743530273438,166.76874615798835,161.29318499547438,163.7950962780438,5400
2021-12-31,166.0780029296875,166.0780029296875,163.26440952993016,165.05028102971858,2100
2022-01-03,170.41632080078125,172.26958516082408,168.96740199018643,170.16360001215875,4300
2022-01-04,170.77854919433594,173.53318145043627,170.6016536347383,170.6016536347383,2000
2022-01-05,176.1614532470703,179.80902130814272,171.84839949075104,171.84839949075104,5700
2022-01-06,175.97613525390625,179.29517030793886,174.5861900285381,177.736748820998,5200
2022-01-07,176.75112915039062,177.11335242899958,175.28535884770733,176.06035984618745,2700
2022-01-10,176.73426818847656,177.64405527368731,174.22393760482316,177.64405527368731,1300
2022-01-11,177.3829345703125,177.3829345703125,173.7774759405426,176.6921652276724,5400
2022-01-12,174.41769409179688,178.5791228381782,174.41769409179688,176.39731243631618,3000
2022-01-13,174.41769409179688,174.41769409179688,174.41769409179688,174.41769409179688,800
2022-01-14,176.05189514160156,176.05189514160156,175.72336205462616,175.72336205462616,600
2022-01-18,175.27691650390625,178.29267555338012,175.27691650390625,175.9339827609326,2400
2022-01-19,169.3127899169922,175.4201469663453,167.66169187275548,175.21796776075095,4500
2022-01-20,168.5630645751953,171.64621721265297,167.41740808487816,167.41740808487816,1100
2022-01-21,162.68313598632812,168.62201665208818,162.68313598632812,168.4788112050335,3300
2022-01-24,162.565185546875,163.00323401256745,161.31844606411713,162.58203702545487,3400
2022-01-25,160.5182342529297,164.30900855137975,159.21252053490244,160.265513395583,4200
2022-01-26,163.29806518554688,165.10078764530905,162.24507279423926,163.35702607542638,3900
2022-01-27,163.87091064453125,163.87091064453125,163.87091064453125,163.87091064453125,900
2022-01-28,165.46302795410156,165.46302795410156,165.46302795410156,165.46302795410156,600
2022-01-31,168.47039794921875,168.47039794921875,166.30543897751483,166.50761818563896,2100
2022-02-01,166.2128143310547,170.18049706947014,166.2128143310547,166.80248775982218,3700
2022-02-02,167.63641357421875,170.82908132274977,165.46303541355078,168.495659092137,2700
2022-02-03,165.10922241210938,167.21520739185567,165.10922241210938,167.21520739185567,3700
2022-02-04,165.31983947753906,165.89266128648714,164.68804391265675,165.89266128648714,1500
2022-02-07,163.29806518554688,163.29806518554688,163.29806518554688,163.29806518554688,800
2022-02-08,165.8252716064453,165.8252716064453,164.46058452352847,165.8252716064453,4600
2022-02-09,166.43179321289062,168.76521540064647,166.37281946143125,168.76521540064647,1800
2022-02-10,162.9189910888672,163.46655488988964,161.7312253424065,163.46655488988964,4300
2022-02-11,162.17771911621094,165.63152728595352,161.73967057597173,162.5820646935549,1900
2022-02-14,166.17062377929688,166.79399992156334,164.19942504698076,164.19942504698076,2300
2022-02-15,170.18043518066406,170.18043518066406,166.3728107977419,166.3728107977419,1700
2022-02-16,167.04673767089844,167.42581241123568,166.7940168927027,167.42581241123568,1100
2022-02-17,163.86251831054688,163.86251831054688,163.86251831054688,163.86251831054688,800
2022-02-18,164.13204956054688,166.58341927040055,163.2728169056002,163.2728169056002,1000
2022-02-22,164.26683044433594,166.79401245117188,164.26683044433594,166.79401245117188,1300
2022-02-23,162.1692657470703,162.1692657470703,159.63366441204994,159.63366441204994,1600
2022-02-24,160.24024963378906,160.24024963378906,160.24024963378906,160.24024963378906,1500
2022-02-25,165.9516143798828,165.9516143798828,165.9516143798828,165.9516143798828,900
2022-02-28,161.36056518554688,163.46655008002304,160.0548519801893,163.46655008002304,3600
2022-03-01,157.52767944335938,159.21246745879637,157.52767944335938,159.21246745879637,2100
2022-03-02,163.38233947753906,163.46658403238058,159.38096734694082,159.38096734694082,2800
2022-03-03,163.71929931640625,163.71929931640625,163.71929931640625,163.71929931640625,700
2022-03-04,163.92990112304688,163.92990112304688,163.92990112304688,163.92990112304688,500
2022-03-07,162.49783325195312,163.10435809386578,162.14402923648993,163.10435809386578,1600
2022-03-08,165.42088317871094,169.27904871668457,161.9923467488356,162.4556659566324,3800
2022-03-09,165.9516143798828,169.21167497551494,164.6543333039035,169.21167497551494,1500
2022-03-10,167.2236328125,167.2236328125,167.2236328125,167.2236328125,3600
2022-03-11,163.9635772705078,168.47880988970854,163.9635772705078,168.47880988970854,900
2022-03-14,167.2152099609375,171.41032850595016,167.2152099609375,171.41032850595016,1100
2022-03-15,165.90951538085938,167.2573510820727,165.5304406067412,167.2573510820727,1400
2022-03-16,170.25625610351562,170.25625610351562,170.25625610351562,170.25625610351562,1000
2022-03-17,171.4103546142578,171.4103546142578,167.63643249684202,170.5342703715042,1800
2022-03-18,171.3934783935547,171.3934783935547,167.78830162009447,167.78830162009447,4800
2022-03-21,172.195556640625,172.195556640625,171.86627905790917,171.86627905790917,1200
2022-03-22,174.09524536132812,176.02870610530564,173.06519485209972,173.06519485209972,4000
2022-03-23,170.253662109375,173.93482299794175,169.21517322600855,173.93482299794175,4200
2022-03-24,170.88685607910156,173.0989378456368,169.9159131571325,172.99761276428333,3100
2022-03-25,174.66937255859375,174.7622463846653,174.66937255859375,174.7622463846653,1100
2022-03-28,170.1607666015625,170.1607666015625,170.1607666015625,170.1607666015625,700
2022-03-29,176.13002014160156,177.33736704755424,172.65149648094095,172.74437031086342,5100
2022-03-30,173.54644775390625,177.64130871350116,173.5379964805359,175.6149870925716,2400
2022-03-31,171.57080078125,171.57080078125,168.91969014724864,171.57080078125,2000
2022-04-01,172.44882202148438,172.44882202148438,170.38872142540086,170.38872142540086,1800
2022-04-04,173.71530151367188,175.5221089946529,173.2509323959584,174.77068001618505,2400
2022-04-05,171.50323486328125,171.50323486328125,171.50323486328125,171.50323486328125,900
2022-04-06,165.48333740234375,167.17194288604114,162.95042917679766,165.62686732249352,4600
2022-04-07,166.32763671875,166.32763671875,164.63903126982868,166.25165256547746,1000
2022-04-08,164.1999969482422,164.6390379901331,162.10612971336184,164.6390379901331,1400
2022-04-11,163.9382781982422,164.6390510898714,160.41753695936188,160.41753695936188,2100
2022-04-12,162.69712829589844,165.48332979248127,161.50665839270735,165.48332979248127,3400
2022-04-13,166.24322509765625,166.24322509765625,164.6390548446928,164.6390548446928,1400
2022-04-14,163.87916564941406,167.1466131039688,163.87916564941406,166.2094365548978,1200
2022-04-18,160.58636474609375,162.950414791174,160.58636474609375,162.950414791174,4700
2022-04-19,162.19056701660156,163.46545955941443,160.41752604915888,161.2533904280455,1500
2022-04-20,162.51138305664062,163.8284932314087,160.80590084728047,162.2834305992641,1600
2022-04-21,159.184814453125,162.97573795357366,157.50466044069876,162.97573795357366,4100
2022-04-22,158.33212280273438,159.25240987759614,158.33212280273438,159.2439714864374,1200
2022-04-25,160.38372802734375,160.38372802734375,157.4708737425101,157.4708737425101,1300
2022-04-26,158.42495727539062,158.42495727539062,158.42495727539062,158.42495727539062,1200
2022-04-27,158.56005859375,159.14262955094563,156.2044467131796,158.72891656668153,2000
2022-04-28,160.3752899169922,160.60325524560733,157.88459961201949,159.7673909627094,2300
2022-04-29,158.4333953857422,160.16421848515722,157.88460378782273,158.99063825574567,2600
2022-05-02,156.67726135253906,161.6502038395538,156.67726135253906,161.6502038395538,3500
2022-05-03,156.19602966308594,157.54691939717156,155.50369513153123,156.19602966308594,2500
2022-05-04,161.05075073242188,161.05075073242188,160.4175236653219,160.4175236653219,1600
2022-05-05,153.2240447998047,157.66508508495846,153.0636252313702,157.66508508495846,2900
2022-05-06,151.5354461669922,151.75497311584263,150.73336117236303,151.63677125224504,1600
2022-05-09,144.04647827148438,147.75296645758462,142.99953832840615,147.75296645758462,2500
2022-05-10,137.5115966796875,144.3757827542607,137.5115966796875,143.69189952881618,4400
2022-05-11,132.88482666015625,138.4572306910526,132.55554905997852,135.89899405512415,4200
2022-05-12,132.80882263183594,134.24413470299638,132.52176279421133,132.52176279421133,4600
2022-05-13,137.92527770996094,137.92527770996094,135.05465393037787,135.0884203669339,2100
2022-05-16,137.31741333007812,138.03507589702087,136.12694323420132,137.91687401478737,2400
2022-05-17,140.9141387939453,140.9141387939453,136.77706003259473,140.57642281127792,3000
2022-05-18,136.86146545410156,138.6682726194951,136.81924774476735,138.6682726194951,2000
2022-05-19,131.2046356201172,136.79392830541792,131.2046356201172,136.79392830541792,4700
2022-05-20,131.9138641357422,135.04622007239985,128.9334765077356,133.82198368157339,4000
2022-05-23,132.93545532226562,135.23195965862425,131.22152190048104,135.23195965862425,1600
2022-05-24,133.17184448242188,133.30693598932749,131.61833080211298,133.30693598932749,2100
2022-05-25,134.03305053710938,134.03305053710938,134.03305053710938,134.03305053710938,1000
2022-05-26,136.01718139648438,137.6213515062252,136.01718139648438,137.6213515062252,2500
2022-05-27,137.6298065185547,140.06984130316647,137.6298065185547,140.06984130316647,1000
2022-05-31,140.09515380859375,140.09515380859375,137.62979124211355,137.62979124211355,1000
2022-06-01,138.9722137451172,140.15423223727768,138.9722137451172,140.15423223727768,900
2022-06-02,140.97325134277344,140.99857939824972,140.12894847212524,140.99857939824972,2500
2022-06-03,140.03607177734375,140.03607177734375,140.03607177734375,140.03607177734375,2100
2022-06-06,136.67576599121094,137.95909720245112,136.67576599121094,137.95909720245112,1800
2022-06-07,136.77703857421875,136.77703857421875,136.77703857421875,136.77703857421875,1400
2022-06-08,134.23568725585938,136.71792630452086,134.23568725585938,134.4552013139891,2200
2022-06-09,133.81358337402344,135.10536589733482,133.81358337402344,135.10536589733482,1700
2022-06-10,130.65586853027344,130.65586853027344,130.65586853027344,130.65586853027344,1200
2022-06-13,123.26820373535156,127.70079325323235,121.83289161093104,127.70079325323235,4100
2022-06-14,127.08808135986328,127.08808135986328,123.65784405975506,123.65784405975506,1900
2022-06-15,130.8570556640625,131.2805412810983,126.19871387666869,126.68995874328087,2000
2022-06-16,126.76618194580078,130.34040155627548,126.52903103623183,130.34040155627548,2100
2022-06-17,131.6278076171875,133.27093394185766,126.1987186976863,128.59564893252661,2900
2022-06-21,129.2562713623047,132.97447429867412,126.5628963090238,130.18794482307106,2400
2022-06-22,129.32406616210938,129.32406616210938,129.32406616210938,129.32406616210938,2700
2022-06-23,129.9508056640625,130.34041816443093,128.7396428589898,128.7481079197833,2100
2022-06-24,133.53350830078125,133.53350830078125,128.73964728060434,128.73964728060434,6700
2022-06-27,130.2472381591797,130.2472381591797,130.2472381591797,130.2472381591797,1600
2022-06-28,129.08689880371094,129.08689880371094,129.08689880371094,129.08689880371094,800
2022-06-29,128.8243408203125,128.8243408203125,128.8243408203125,128.8243408203125,1000
2022-06-30,132.88133239746094,132.88133239746094,130.36582649546298,130.36582649546298,1600
2022-07-01,130.27267456054688,132.42398924623603,130.27267456054688,132.42398924623603,1500
2022-07-05,126.53752136230469,129.17160292017817,126.53752136230469,129.17160292017817,1300
2022-07-06,126.61375427246094,126.61375427246094,126.61375427246094,126.61375427246094,600
2022-07-07,127.3844985961914,127.8926866264622,127.3844985961914,127.8926866264622,1900
2022-07-08,127.41836547851562,128.7396386494856,127.41836547851562,128.7396386494856,1400
2022-07-11,125.77526092529297,127.04571810635655,125.77526092529298,125.95313061709572,1700
2022-07-12,123.27667999267578,126.62221417028304,122.34500635770605,125.351757171919,5000
2022-07-13,122.0316162109375,123.13268139326014,121.1761799222992,121.26933435067322,2400
2022-07-14,120.48167419433594,121.68437195705947,119.80409453151442,119.80409453151442,2000
2022-07-15,120.69341278076172,122.40429846128825,120.48166995132178,121.11689843964157,5500
2022-07-18,117.13614654541016,120.6934238206352,116.09437534792634,120.6934238206352,5800
2022-07-19,119.63468170166016,121.03217900867318,119.42293890218818,120.54941214622961,3500
2022-07-20,123.5730972290039,125.53807668507635,120.7357513641002,120.7357513641002,5000
2022-07-21,124.29303741455078,125.28399227783987,123.03952351788033,124.09823763555111,1800
2022-07-22,120.5240249633789,123.30208994073553,120.12594739737746,121.40486947561708,2200
2022-07-25,119.04183197021484,121.86224826210878,119.04183197021484,119.8379871481003,4300
2022-07-26,117.55113220214844,120.33767480693831,117.40714864282499,118.57597308454584,1900
2022-07-27,118.55904388427734,118.57598692963352,115.7894569232402,117.94075842822477,3000
2022-07-28,121.59120178222656,121.62508787265104,119.25356556945388,119.72786744534194,3500
2022-07-29,126.19873809814453,126.19873809814453,123.61547275366584,123.61547275366584,1500
2022-08-01,126.97792053222656,129.48496096631683,126.97792053222656,129.48496096631683,1500
2022-08-02,128.9175262451172,128.9175262451172,128.31617084710285,128.31617084710285,2800
2022-08-03,129.92538452148438,131.28900875031522,128.7396299415252,128.7396299415252,5100
2022-08-04,132.88978576660156,133.17776581758062,132.88978576660156,133.17776581758062,2000
2022-08-05,123.64933776855469,131.2974871424733,119.34672225627313,131.2974871424733,10400
2022-08-08,134.92251586914062,134.92251586914062,128.16368925546666,128.6633991659299,2300
2022-08-09,132.22068786621094,137.18394011505964,130.94176587794973,137.18394011505964,2700
2022-08-10,134.11788940429688,137.20932899297006,132.08515085014838,132.52557947544372,5400
2022-08-11,137.9716339111328,139.23362593158092,137.9716339111328,138.86095645312602,1000
2022-08-12,141.86767578125,142.80781432875057,138.05630538712686,138.05630538712686,3500
2022-08-15,142.7146759033203,143.12121854243435,141.44421884780112,141.59666749105983,2500
2022-08-16,141.2748260498047,142.03709510763116,140.58030332816767,141.63901753279185,3100
2022-08-17,138.5052032470703,142.55372466448182,137.3025056596651,142.55372466448182,1900
2022-08-18,140.00437927246094,142.21497521079615,140.00437927246094,142.21497521079615,600
2022-08-19,139.75025939941406,139.75025939941406,138.07325990527275,138.07325990527275,900
2022-08-22,135.56625366210938,135.56625366210938,135.56625366210938,135.56625366210938,2200
2022-08-23,131.8141326904297,133.36409154549756,131.8141326904297,133.22009506782985,1900
2022-08-24,134.0755615234375,135.51541017176112,134.0755615234375,135.51541017176112,700
2022-08-25,138.6492156982422,138.6492156982422,135.51542410066588,135.51542410066588,1000
2022-08-26,137.2093505859375,137.8445790608724,134.65149364154786,137.8445790608724,3600
2022-08-29,132.65264892578125,133.82147352636062,132.55101649921164,133.82147352636062,1800
2022-08-30,128.14675903320312,132.4324317018804,128.01124052481455,132.4324317018804,2300
2022-08-31,125.18181610107422,128.28268373455612,124.67207839765635,128.28268373455612,1100
2022-09-01,116.813720703125,123.20237291235816,114.6898348721591,123.20237291235816,9300
2022-09-02,117.44239044189453,119.45582997341916,117.23849274429377,117.23849274429377,1900
2022-09-06,116.48239135742188,117.19601386295331,113.43249451152896,116.94114497864352,6100
2022-09-07,118.93758392333984,118.95457863644448,114.68981306893485,115.13158486747999,8800
2022-09-08,119.78714752197266,125.30925006731182,116.43141087551571,116.43141087551571,8200
2022-09-09,122.84556579589844,125.44520006666336,120.63671927184977,120.63671927184977,5000
2022-09-12,125.58964538574219,125.73406809757078,122.87107353302393,125.26681052214114,3100
2022-09-13,121.17190551757812,124.11985928373261,121.17190551757812,123.18534458779982,4100
2022-09-14,122.37828826904297,125.09685918674946,119.96555738977649,119.96555738977649,6000
2022-09-15,121.97899627685547,124.0349159305348,121.97899627685547,123.1853617118325,5400
2022-09-16,124.57862091064453,124.57862091064453,119.28590214873479,121.1634095740204,10100
2022-09-19,125.73403930664062,126.99987990964469,122.26785612693119,126.99987990964469,1800
2022-09-20,126.02286529541016,126.02286529541016,124.01791689067939,124.01791689067939,1800
2022-09-21,125.73403930664062,125.73403930664062,125.73403930664062,125.73403930664062,900
2022-09-22,121.91104888916016,125.7255525768934,121.91104888916016,125.7255525768934,4000
2022-09-23,121.65614318847656,122.13189140513401,118.1050133118787,120.35632646683509,5700
2022-09-26,122.74359893798828,123.43173583176471,122.45475359349415,122.45475359349415,1100
2022-09-27,120.79811096191406,128.9793218658039,120.79811096191406,123.44022498097584,2100
2022-09-28,122.71809387207031,123.47419654394574,121.48624295225092,121.54571796482767,3800
2022-09-29,121.18889617919922,127.8579015447051,118.95457754523255,118.95457754523255,2300
2022-09-30,119.78714752197266,119.78714752197266,119.78714752197266,119.78714752197266,900
2022-10-03,123.00696563720703,123.18537775015737,119.46432563955881,120.2629087832188,5100
2022-10-04,120.51776123046875,122.3358067286032,118.30042421498608,122.3358067286032,13500
2022-10-05,118.85263061523438,119.62572806934308,115.3609622400953,115.3609622400953,6000
2022-10-06,117.2894515991211,118.94607970808669,116.48237769610385,118.94607970808669,3500
2022-10-07,115.53938293457031,115.96416007771211,113.85726907741628,115.50540646691361,2600
2022-10-10,113.45796203613281,116.83918400423784,113.45796203613281,114.29052149333931,2100
2022-10-11,112.18363189697266,115.49688800884232,112.18363189697266,113.84025995290749,3200
2022-10-12,112.95671844482422,112.95671844482422,112.1411408078826,112.1411408078826,1100
2022-10-13,112.86328887939453,113.50894545170166,110.5270146591548,110.5270146591548,3900
2022-10-14,111.3765640258789,112.99071186728696,111.3765640258789,112.99071186728696,1600
2022-10-17,114.5624008178711,115.79425194171677,110.82435417616911,113.45797765184166,8400
2022-10-18,115.5308837890625,117.98609498215801,114.58787808025869,116.64379775032754,10200
2022-10-19,112.48948669433594,112.9907206144725,112.48948669433595,112.71885701924403,3100
2022-10-20,111.06222534179688,113.84027141573391,110.46753994942317,113.84027141573391,4900
2022-10-21,107.0438232421875,114.68981061662947,107.0438232421875,110.22965131487166,8800
2022-10-24,106.8739242553711,109.30364986098392,106.8739242553711,107.23923283192363,4900
2022-10-25,112.12416076660156,112.12416076660156,108.61550422016683,108.62400157709226,3000
2022-10-26,113.13513946533203,113.41549392724936,111.63142479256425,111.63142479256425,3200
2022-10-27,116.38893127441406,116.38893127441406,115.53937703153512,115.53937703153512,1000
2022-10-28,123.91600799560547,124.63813443656807,119.41336698511485,119.41336698511485,3300
2022-10-31,124.84199523925781,124.84199523925783,123.90749333621288,123.90749333621288,1200
2022-11-01,126.09933471679688,127.26323288758714,124.88447832682328,124.88447832682328,2600
2022-11-02,123.71208190917969,128.5290528020641,123.71208190917969,126.3032248841445,3800
2022-11-03,123.61014556884766,124.88447696646465,123.18536843630866,123.18536843630866,1400
2022-11-04,126.99134826660156,129.1747086123729,124.85048118331292,124.85048118331292,5800
2022-11-07,129.5400390625,129.5400390625,126.5665989429915,126.5665989429915,1700
2022-11-08,127.80692291259766,131.68088759615856,127.80692291259766,131.68088759615856,1800
2022-11-09,127.02533721923828,130.43204461572773,126.58356544170121,126.58356544170121,1000
2022-11-10,138.2904510498047,138.2904510498047,132.03773074162757,132.03773074162757,6400
2022-11-11,135.9286651611328,140.1764359474182,132.5304485321045,132.5304485321045,5000
2022-11-14,134.2295684814453,136.76123645982582,134.2295684814453,136.14106550095957,2400
2022-11-15,133.64337158203125,135.070629405088,132.88726884867341,135.070629405088,1500
2022-11-16,129.6759796142578,132.53897371714032,127.43315657702895,132.5304828401101,5200
2022-11-17,124.79951477050781,127.46711461046392,122.15740052112697,127.46711461046392,7700
2022-11-18,125.14781188964844,126.5835603869358,122.71808665496984,126.23524009618755,4200
2022-11-21,124.3747329711914,126.76199122514141,124.3747329711914,126.76199122514141,1100
2022-11-22,130.73788452148438,133.19309543817525,124.4851656073863,124.4851656073863,21400
2022-11-23,131.17120361328125,133.6773996441541,129.37015230389972,130.21121588716096,11300
2022-11-25,132.77684020996094,132.77684020996094,131.24765279020502,131.24765279020502,1900
2022-11-28,129.30213928222656,132.90425355178823,129.30213928222656,132.90425355178823,4600
2022-11-29,130.5764923095703,132.62392126792892,129.83738422248913,130.75490441498806,2900
2022-11-30,133.44456481933594,138.18996179538533,121.86790321784811,132.0539819658408,6300
2022-12-01,131.26307678222656,134.3832116478639,131.26307678222656,134.3832116478639,1500
2022-12-02,133.72267150878906,133.72267150878906,130.80243066578242,131.86275707829532,3300
2022-12-05,126.98702239990234,132.95786779165647,126.14397561168248,132.55808033723335,2900
2022-12-06,130.36788940429688,130.36788940429688,130.36788940429688,130.36788940429688,5200
2022-12-07,130.9762725830078,130.9762725830078,130.9762725830078,130.9762725830078,600
2022-12-08,133.82696533203125,133.82696533203125,132.01919587717515,132.01919587717515,1300
2022-12-09,131.8888397216797,131.8888397216797,131.8888397216797,131.8888397216797,500
2022-12-12,132.3234100341797,133.8182962528095,130.69816122857367,133.8182962528095,1400
2022-12-13,127.95175170898438,136.40827926730967,127.95175170898438,135.35665228085114,6500
2022-12-14,125.20531463623047,132.9404837701749,125.20531463623047,131.2370042376346,7300
2022-12-15,121.53765106201172,126.0223102509953,119.93847458370587,124.7881623213217,6100
2022-12-16,123.67567443847656,123.67567443847656,117.33110113231365,118.37404160114825,11000
2022-12-19,125.1531753540039,126.8914139005873,121.4594184425142,121.4594184425142,4800
2022-12-20,128.62965393066406,129.48138711503486,125.86586097534118,125.86586097534118,3600
2022-12-21,131.1501007080078,132.06267865069626,130.3678986209654,131.41083915759143,3000
2022-12-22,128.49058532714844,129.54222544325907,128.49058532714844,129.54222544325907,1000
2022-12-23,128.62965393066406,132.25387975068392,128.62965393066406,130.77637962138948,1300
2022-12-27,128.2385711669922,131.0458231385818,126.45687373013631,130.45482830738806,5000
2022-12-28,126.02232360839844,131.41086168965677,126.02232360839844,129.93336123762458,9500
2022-12-29,128.62965393066406,128.62965393066406,127.77792074629326,127.79529358352994,1800
2022-12-30,128.2385711669922,129.4814055534959,128.19511254429625,128.54275500244435,1700
2023-01-03,127.74313354492188,127.74313354492188,127.74313354492188,127.74313354492188,900
2023-01-04,130.36788940429688,130.36788940429688,130.36788940429688,130.36788940429688,1300
2023-01-05,128.8643035888672,128.8643035888672,128.8643035888672,128.8643035888672,600
2023-01-06,135.32188415527344,135.32188415527344,129.58570423220738,129.58570423220738,2100
2023-01-09,129.23802185058594,134.02687711017714,129.23802185058594,134.02687711017714,3400
2023-01-10,135.58261108398438,136.0171707348946,131.41083578290477,131.41083578290477,3300
2023-01-11,138.60711669921875,138.60711669921875,138.60711669921875,138.60711669921875,700
2023-01-12,138.5723876953125,139.05909239682805,138.01615185619355,139.05909239682805,2200
2023-01-13,138.85047912597656,139.45017349804448,135.5825956962305,136.017155297821,5200
2023-01-17,137.1122589111328,140.2410937623885,137.1122589111328,140.2410937623885,900
2023-01-18,132.9752655029297,132.9752655029297,132.9752655029297,132.9752655029297,1100
2023-01-19,125.57904052734375,131.38475053538983,125.15316733649816,131.38475053538983,3000
2023-01-20,133.3924102783203,133.3924102783203,127.31727559535851,127.31727559535851,2000
2023-01-23,134.27890014648438,134.27890014648438,133.25334598023963,133.40978105168512,1700
2023-01-24,133.0013427734375,133.1577911639407,133.0013427734375,133.1577911639407,1400
2023-01-25,135.57391357421875,135.57391357421875,134.2789211462315,134.2789211462315,900
2023-01-26,136.0867156982422,136.66902409822538,134.71350547042883,135.58262486056063,1600
2023-01-27,136.2344512939453,136.2344512939453,133.67055199211063,133.67055199211063,1100
2023-01-30,133.84437561035156,137.32085289893212,133.84437561035156,135.20889931173946,1400
2023-01-31,140.7973175048828,140.7973175048828,137.2860815948505,137.31215411122963,2100
2023-02-01,143.21348571777344,145.87298881220573,142.39651140527016,142.4225839248855,2000
2023-02-02,143.21348571777344,145.6209500353548,143.21348571777344,145.6209500353548,3300
2023-02-03,137.75538635253906,144.27378002852672,137.75538635253906,144.27378002852672,2100
2023-02-06,136.05191040039062,137.71193121453962,134.71347270032524,134.71347270032524,1800
2023-02-07,140.44969177246094,140.44969177246094,137.32085681874278,137.32085681874278,1500
2023-02-08,134.82647705078125,134.82647705078125,134.82647705078125,134.82647705078125,600
2023-02-09,139.07647705078125,140.64958089529262,134.53967314756383,134.71349435891108,3000
2023-02-10,136.0693359375,136.0693359375,136.0693359375,136.0693359375,2900
2023-02-13,138.53761291503906,139.5197219805441,138.18997049520613,138.18997049520613,1300
2023-02-14,137.1035919189453,142.1010287083839,133.8443940127897,139.92823010428017,2900
2023-02-15,137.1035919189453,139.92823010428017,137.1035919189453,139.92823010428017,1100
2023-02-16,139.4762420654297,139.4762420654297,137.1470090324511,139.07645466983783,1900
2023-02-17,140.44969177246094,144.27381159437533,139.55449990603495,139.55449990603495,1500
2023-02-21,135.23497009277344,140.8407869962363,135.23497009277344,140.79732837834578,2600
2023-02-22,136.8341522216797,136.8341522216797,136.8341522216797,136.8341522216797,1200
2023-02-23,139.38934326171875,139.38934326171875,138.1899545071558,138.1899545071558,1800
2023-02-24,139.58053588867188,139.58053588867188,139.0329865996714,139.0329865996714,1900
2023-02-27,139.58053588867188,139.58053588867188,139.58053588867188,139.58053588867188,600
2023-02-28,141.97064208984375,141.97064208984375,140.3627660900118,140.3627660900118,1500
2023-03-01,136.8862762451172,142.10099153064544,136.8862762451172,142.10099153064544,2400
2023-03-02,138.69403076171875,138.69403076171875,137.53810074070816,137.53810074070816,1400
2023-03-03,136.15621948242188,139.01561586625292,136.15621948242188,137.04271153379898,3200
2023-03-06,130.54171752929688,137.80755548132643,130.54171752929688,137.80755548132643,14400
2023-03-07,127.76053619384766,134.71349054453324,127.76053619384766,131.22832695046696,3900
2023-03-08,128.5688018798828,129.64651450392108,128.5688018798828,129.64651450392108,1700
2023-03-09,126.10920715332031,126.10920715332031,126.04836244084075,126.04836244084075,1400
2023-03-10,125.14450073242188,126.02230650697942,120.15575085924073,126.02230650697942,2000
2023-03-13,125.52688598632812,126.02229032079484,125.52688598632812,126.02229032079484,2400
2023-03-14,127.86482238769531,127.86482238769531,127.86482238769531,127.86482238769531,1500
2023-03-15,128.02996826171875,128.02996826171875,127.2738386772548,127.2738386772548,1600
2023-03-16,128.62095642089844,133.67922331752467,123.0412126945675,125.64857031967766,7600
2023-03-17,121.67669677734375,127.39550311728381,121.67669677734375,127.39550311728381,7000
2023-03-20,124.95536041259766,127.1353212945152,124.1880099244266,124.1880099244266,5200
2023-03-21,131.48651123046875,131.48651123046875,129.5768767248463,130.41397423038012,2400
2023-03-22,128.16424560546875,130.7976418536408,128.16424560546875,130.78892680080327,1400
2023-03-23,128.59153747558594,130.03030637921344,127.6149192285382,130.03030637921344,2200
2023-03-24,127.95500183105469,127.95500183105469,125.65296343599557,125.66167849046347,4600
2023-03-27,129.20191955566406,129.20191955566406,128.78337079314161,129.01881029318403,2400
2023-03-28,128.95779418945312,130.16113712266454,128.95779418945312,130.16113712266454,1800
2023-03-29,131.6696319580078,131.69579042310193,126.84755974609887,126.84755974609887,5100
2023-03-30,132.22769165039062,132.78576104033715,132.22769165039062,132.78576104033715,600
2023-03-31,131.6696319580078,131.6696319580078,131.6696319580078,131.6696319580078,1200
2023-04-03,135.07037353515625,135.07037353515625,135.07037353515625,135.07037353515625,800
2023-04-04,131.6696319580078,131.6696319580078,131.6696319580078,131.6696319580078,900
2023-04-05,131.48651123046875,131.48651123046875,131.48651123046875,131.48651123046875,1200
2023-04-06,129.79486083984375,129.79486083984375,129.79486083984375,129.79486083984375,700
2023-04-10,128.39971923828125,128.39971923828125,128.39971923828125,128.39971923828125,1900
2023-04-11,128.35609436035156,128.35609436035156,128.1817001504836,128.1817001504836,2000
2023-04-12,128.8792724609375,128.8792724609375,128.8792724609375,128.8792724609375,800
2023-04-13,129.73382568359375,129.73382568359375,129.73382568359375,129.73382568359375,900
2023-04-14,130.18728637695312,130.18728637695312,129.92568837015594,129.92568837015594,900
2023-04-17,129.22808837890625,130.79766299594283,129.22808837890625,130.79766299594283,1100
2023-04-18,128.3125,129.92567647300984,128.3125,129.92567647300984,1600
2023-04-19,128.36483764648438,128.36483764648438,128.18171505630184,128.18171505630184,1200
2023-04-20,128.5043182373047,128.5043182373047,126.43771976508691,128.18168831357087,5200
2023-04-21,127.86780548095703,129.05370492327995,127.09173981464899,127.09173981464899,1400
2023-04-24,127.95500183105469,128.14683947276183,127.95500183105469,128.14683947276183,1800
2023-04-25,128.3299560546875,128.3299560546875,128.18172028774072,128.18172028774072,700
2023-04-26,128.18170166015625,128.18170166015625,128.18170166015625,128.18170166015625,900
2023-04-27,129.89077758789062,129.89077758789062,126.46387262320123,127.7456905139526,3500
2023-04-28,129.73382568359375,129.73382568359375,129.73382568359375,129.73382568359375,900
2023-05-01,127.5277099609375,127.5277099609375,127.5277099609375,127.5277099609375,700
2023-05-02,127.31839752197266,128.18166659717076,127.31839752197266,128.18166659717076,900
2023-05-03,125.91454315185547,130.79766115722916,125.91454315185547,128.18170793408456,3000
2023-05-04,126.17615509033203,127.40565643449506,125.12977634642999,126.12383814895108,4800
2023-05-05,127.30973052978516,127.30973052978516,123.81307765244816,123.81307765244816,3300
2023-05-08,125.34774780273438,125.74013809129272,122.81027020173877,124.99895939188808,2600
2023-05-09,123.22882843017578,125.43494765848337,123.22882843017578,125.43494765848337,1400
2023-05-10,125.4262466430664,125.4262466430664,125.4262466430664,125.4262466430664,1000
2023-05-11,123.99618530273438,124.4932228225275,123.49916108836796,124.4932228225275,1100
2023-05-12,125.0338363647461,125.0338363647461,125.0338363647461,125.0338363647461,800
2023-05-15,124.38858032226562,125.70528539801312,124.38858032226562,125.70528539801312,900
2023-05-16,122.16502380371094,122.16502380371094,122.16502380371094,122.16502380371094,800
2023-05-17,123.51658630371094,123.51658630371094,123.51658630371094,123.51658630371094,900
2023-05-18,121.51103973388672,123.81307817437815,121.51103973388672,123.81307817437815,2500
2023-05-19,123.38578796386719,126.35052949029874,123.15907681833907,123.15907681833907,5700
2023-05-22,121.72901153564453,124.46704165894555,121.72901153564453,122.63586933786253,7000
2023-05-23,120.07225799560547,122.07782492328775,119.76707141655345,121.72903645996344,5400
2023-05-24,118.60731506347656,122.06909399889787,118.60731506347656,118.85146961714743,2200
2023-05-25,119.47056579589844,119.47056579589844,118.16258932791233,119.33105841810267,2300
2023-05-26,120.15945434570312,120.15945434570311,118.32828176273658,119.46186415669557,900
2023-05-30,118.18877410888672,120.91808987086623,118.18877410888672,120.91808987086623,3300
2023-05-31,115.5815200805664,115.5815200805664,115.5815200805664,115.5815200805664,1200
2023-06-01,116.64533996582031,116.84589262316223,116.64533996582031,116.6889418405705,2400
2023-06-02,117.80510711669922,120.61289817209105,116.64536617595675,116.67152464559983,6700
2023-06-05,118.319580078125,118.74684397178339,118.1975027791615,118.1975027791615,1800
2023-06-06,119.44442749023438,122.06910922777958,118.58988644577698,118.58988644577698,5100
2023-06-07,120.31641387939453,122.0342243559296,118.88635987564946,119.89786505780326,7100
2023-06-08,121.03142547607422,121.97317013209253,121.03142547607422,121.97317013209253,1800
2023-06-09,118.9124984741211,119.78448280155276,118.9124984741211,119.78448280155276,1400
2023-06-12,118.67707061767578,119.46185117916464,118.67707061767578,119.46185117916464,2400
2023-06-13,118.6683578491211,120.3251362488705,118.6683578491211,119.49674039628256,7800
2023-06-14,118.6946029663086,118.6946029663086,118.6946029663086,118.6946029663086,1600
2023-06-15,121.56440734863281,122.05437258636799,118.55460563048646,121.95812846105919,3500
2023-06-16,119.86701965332031,122.46559771676854,119.86701965332031,122.24686227944497,3300
2023-06-20,119.47330474853516,121.26693809796286,119.47330474853516,120.84695642406655,3800
2023-06-21,119.03585052490234,120.29576902196786,119.00084537189822,119.42957171759677,1900
2023-06-22,114.74861145019531,118.1258873239887,114.59112833484414,118.1258873239887,3200
2023-06-23,115.48356628417969,116.23601672252074,114.87985434113783,116.20101157624353,15700
2023-06-26,115.2035903930664,115.2035903930664,115.2035903930664,115.2035903930664,1300
2023-06-27,116.06103515625,116.44601171991827,115.76355812088946,115.76355812088946,2800
2023-06-28,115.40483093261719,117.57469645067661,114.6173885651393,117.57469645067661,4200
2023-06-29,120.91693878173828,120.91693878173828,117.18969199180864,117.18969199180864,5700
2023-06-30,127.74150848388672,129.25515412708205,121.79190130904716,121.79190130904716,14500
2023-07-03,128.61642456054688,128.61642456054688,127.91646855949506,128.1964563001359,2500
2023-07-05,129.05392456054688,130.2000962629283,128.19648527450292,128.61645362983316,4700
2023-07-06,131.24998474121094,131.52122785194393,128.35393017839928,128.61641532877195,7300
2023-07-07,132.0987091064453,134.08483072880477,130.16509520650237,131.22376730723616,9300
2023-07-10,131.2412567138672,132.11619842529296,131.2237541414844,132.11619842529296,5200
2023-07-11,132.0812225341797,132.0812225341797,130.978787300693,131.2412725158352,9000
2023-07-12,131.2412567138672,131.2412567138672,131.2412567138672,131.2412567138672,2400
2023-07-13,130.74253845214844,130.74253845214844,130.74253845214844,130.74253845214844,1400
2023-07-14,131.2412567138672,132.50117491440847,129.78010565785226,130.830033041453,2100
2023-07-17,132.20372009277344,133.85735967048078,131.8799825269158,133.08740656321277,2000
2023-07-18,131.1100311279297,133.42862150567635,130.37506988600344,133.42862150567635,3700
2023-07-19,131.38999938964844,132.4661739908415,131.18000856601626,132.4661739908415,2300
2023-07-20,131.7049560546875,132.1249242783946,131.7049560546875,132.1249242783946,1700
2023-07-21,131.45126342773438,131.52126037517957,131.45126342773438,131.52126037517957,1000
2023-07-24,132.81614685058594,132.81614685058594,132.81614685058594,132.81614685058594,1300
2023-07-25,132.6236572265625,132.6236572265625,132.6236572265625,132.6236572265625,700
2023-07-26,134.28604125976562,134.28604125976562,134.28604125976562,134.28604125976562,1400
2023-07-27,133.86610412597656,133.86610412597656,131.85373518469112,132.1162204119115,5800
2023-07-28,134.75856018066406,134.75856018066406,133.5161442385911,133.5161442385911,800
2023-07-31,136.9721221923828,136.9721221923828,136.9721221923828,136.9721221923828,1800
2023-08-01,138.80950927734375,138.80950927734375,138.80950927734375,138.80950927734375,900
2023-08-02,137.8995819091797,137.8995819091797,137.8995819091797,137.8995819091797,1000
2023-08-03,134.75856018066406,137.02465658168683,134.75856018066406,137.02465658168683,1100
2023-08-04,133.62110900878906,137.19961766608697,133.62110900878906,137.19961766608697,1300
2023-08-07,135.61598205566406,135.96595344332857,134.3035693260931,135.96595344332857,1700
2023-08-08,135.7472381591797,136.49094415666542,135.7472381591797,136.49094415666542,1400
2023-08-09,136.78839111328125,137.19087019582648,136.4909141199727,137.19087019582648,2200
2023-08-10,135.1172637939453,137.70709755006752,134.95978066885334,136.93714444814273,2100
2023-08-11,132.90362548828125,132.90362548828125,132.90362548828125,132.90362548828125,1100
2023-08-14,133.5511016845703,134.7847726961463,133.5511016845703,134.7672701238439,1100
2023-08-15,130.42758178710938,130.42758178710938,130.42758178710938,130.42758178710938,800
2023-08-16,132.1074676513672,132.1074676513672,132.1074676513672,132.1074676513672,1300
2023-08-17,130.4188232421875,132.29119816978832,130.4188232421875,132.11621247899944,1800
2023-08-18,133.16612243652344,133.16612243652344,132.1074504688172,132.1074504688172,3200
2023-08-21,128.39772033691406,132.99116518712734,128.39772033691406,132.99116518712734,4200
2023-08-22,130.4888153076172,132.10746292561075,130.4888153076172,131.0225303224184,2900
2023-08-23,132.68490600585938,132.9648937634859,127.76773782986581,129.92010032732858,7500
2023-08-24,129.4038848876953,131.67873887289645,129.4038848876953,131.67873887289645,10100
2023-08-25,131.05752563476562,131.05752563476562,131.05752563476562,131.05752563476562,1200
2023-08-28,129.92884826660156,129.92884826660156,129.92884826660156,129.92884826660156,1400
2023-08-29,132.7548828125,132.7548828125,132.7548828125,132.7548828125,700
2023-08-30,132.492431640625,132.99115487968905,131.783730911894,132.54493936359424,1500
2023-08-31,126.27896118164062,132.51875195851528,126.27896118164062,132.51875195851528,3200
2023-09-01,128.18336486816406,128.18336486816406,128.18336486816406,128.18336486816406,1000
2023-09-05,128.3325653076172,128.3325653076172,128.3325653076172,128.3325653076172,1800
2023-09-06,128.8328094482422,130.5090433224283,128.8328094482422,130.5090433224283,2600
2023-09-07,129.0083465576172,130.07025788741055,129.0083465576172,129.0083465576172,6700
2023-09-08,129.95614624023438,129.95614624023438,129.95614624023438,129.95614624023438,600
2023-09-11,130.0965576171875,130.0965576171875,130.0965576171875,130.0965576171875,1200
2023-09-12,131.85179138183594,131.85179138183594,131.0092820611894,131.0092820611894,2100
2023-09-13,130.9653778076172,132.12382626218098,130.9653778076172,132.12382626218098,1900
2023-09-14,131.54461669921875,131.54461669921875,131.20235023425687,131.20235023425687,1400
2023-09-15,133.61575317382812,133.61575317382812,131.62358023082206,131.62358023082206,6700
2023-09-18,131.29010009765625,133.79127368064823,131.29010009765625,133.747390623144,1600
2023-09-19,130.7635498046875,130.7635498046875,130.7635498046875,130.7635498046875,1100
2023-09-20,130.7635498046875,130.8513159328609,130.7635498046875,130.8513159328609,1300
2023-09-21,130.93905639648438,132.13260331512038,130.7635375478205,130.80742060779392,7400
2023-09-22,128.52561950683594,131.46561007548166,127.27941842684021,127.27941842684021,900
2023-09-25,130.48269653320312,130.58801855526923,129.5348920732166,130.58801855526923,1500
2023-09-26,127.00737762451172,130.58801837143378,127.00737762451172,130.58801837143378,8700
2023-09-27,126.81429290771484,127.00736764295567,126.81429290771484,127.00736764295567,2000
2023-09-28,129.67530822753906,129.67530822753906,127.07759694872347,127.691919657144,1700
2023-09-29,129.96490478515625,129.96490478515625,129.96490478515625,129.96490478515625,600
2023-10-02,128.56951904296875,129.31549089220147,128.56951904296875,129.31549089220147,900
2023-10-03,127.25313568115234,131.43054414197945,127.14782702647277,130.32476309414568,6700
2023-10-04,126.72655487060547,127.25312488178136,123.6988107844232,127.25312488178136,6500
2023-10-05,126.55101776123047,127.93763942569795,123.47061979606373,124.62028365052463,4800
2023-10-06,127.70069885253906,130.4914984603431,124.92746854050736,125.49790822138468,6600
2023-10-09,127.60417175292969,127.86745677734422,125.67343722594423,125.67343722594423,3800
2023-10-10,129.71043395996094,130.631924817137,127.25312947123548,127.25312947123548,5400
2023-10-11,129.13119506835938,131.43052293270006,127.2531151459919,129.0083305273159,5900
2023-10-12,127.91130065917969,129.18382893088807,126.58611807696629,128.53440791302188,6900
2023-10-13,126.72655487060547,128.13073263958674,124.73439490207403,127.9113307001354,7700
2023-10-16,126.42813873291016,127.9551806572049,125.93668065830354,127.47249383706334,6500
2023-10-17,125.76117706298828,126.27019109940655,125.06785953065501,125.26093428209745,6700
2023-10-18,123.16344451904297,127.04246841430147,123.16344451904297,124.90988842345776,3200
2023-10-19,123.21611022949219,124.26925013551893,122.56668913083656,123.29510509630532,9300
2023-10-20,123.47063446044922,125.28727550964632,123.47063446044922,124.18149458366685,3700
2023-10-23,121.4345703125,123.30387895480213,120.2498079800569,123.30387895480213,2700
2023-10-24,119.35465240478516,122.33851335841224,117.11674999394917,122.33851335841224,6300
2023-10-25,115.22988891601562,119.90753937023905,112.7989119381496,118.67888060638533,5800
2023-10-26,114.86128234863281,115.94950715843184,112.07926127997581,115.94950715843184,12000
2023-10-27,115.44052124023438,116.49366128695,114.87885279789428,114.87885279789428,3700
2023-10-30,123.54959106445312,123.54959106445312,113.20260383768115,116.69547817238413,12200
2023-10-31,126.20875549316406,126.20875549316406,119.84609995558485,119.84609995558485,4000
2023-11-01,127.72702026367188,127.72702026367188,127.72702026367188,127.72702026367188,1700
2023-11-02,128.86793518066406,128.86793518066406,127.90257456766486,127.90257456766486,2500
2023-11-03,131.59727478027344,131.59727478027344,131.09704534390463,131.10581660025107,2400
2023-11-06,125.99813842773438,127.44618571315848,125.99813842773438,127.44618571315848,2700
2023-11-07,128.53443908691406,129.29795355687116,126.46328422694647,127.72702815925179,4700
2023-11-08,131.55337524414062,131.55337524414062,129.62264118241725,129.97369226078564,3500
2023-11-09,130.0614776611328,130.0614776611328,130.0614776611328,130.0614776611328,1700
2023-11-10,131.48318481445312,131.5446103866367,129.89470371613453,131.5446103866367,2100
2023-11-13,130.77232360839844,130.77232360839844,130.62313190058228,130.76355235190266,3000
2023-11-14,133.6070098876953,133.61578114443117,129.02589632001627,131.46564481575564,6100
2023-11-15,130.5880126953125,130.5880126953125,130.5880126953125,130.5880126953125,1300
2023-11-16,131.7903289794922,131.7903289794922,131.7903289794922,131.7903289794922,1400
2023-11-17,133.82640075683594,133.9317093938818,133.82640075683594,133.9317093938818,2000
2023-11-20,129.67530822753906,132.95756582857263,129.67530822753906,132.93123866901394,2200
2023-11-21,129.13119506835938,129.13119506835938,129.0083305273159,129.0083305273159,1800
2023-11-22,131.66748046875,131.68503637206913,131.64115330938657,131.64115330938657,1300
2023-11-24,131.66748046875,131.66748046875,131.66748046875,131.66748046875,500
2023-11-27,134.54600524902344,137.7668232045785,133.22082272943533,136.02916408388938,5700
2023-11-28,131.8693389892578,138.22322407886963,131.64116578939965,133.39638133325832,2200
2023-11-29,135.16033935546875,135.16033935546875,135.16033935546875,135.16033935546875,1500
2023-11-30,136.66062927246094,137.82649982607947,136.5341005783427,136.5341005783427,3700
2023-12-01,139.27256774902344,139.27256774902344,139.27256774902344,139.27256774902344,1300
2023-12-04,138.27841186523438,139.14604718401554,136.85946990830786,136.85946990830786,1300
2023-12-05,136.5521697998047,139.3087026259896,136.5521697998047,139.3087026259896,1500
2023-12-06,131.04818725585938,137.89884587210636,131.04818725585938,137.3746514682112,4900
2023-12-07,129.82806396484375,132.04233723351032,127.80360446059464,131.04817316224793,3100
2023-12-08,132.83763122558594,132.83763122558594,132.83763122558594,132.83763122558594,800
2023-12-11,133.3076171875,133.3076171875,133.3076171875,133.3076171875,900
2023-12-12,130.63241577148438,131.50005104209805,130.63241577148438,131.50005104209805,2200
2023-12-13,138.57666015625,138.57666015625,129.24060631120545,131.0481672386349,14200
2023-12-14,140.98973083496094,144.52351521883602,140.42939144591443,140.42939144591443,4500
2023-12-15,138.64895629882812,140.29382947737105,136.46180935690927,140.29382947737105,6000
2023-12-18,138.585693359375,140.68247066017264,138.585693359375,140.17635580566161,2100
2023-12-19,145.54478454589844,150.82287238134722,141.35124418565033,141.35124418565033,8500
2023-12-20,148.66282653808594,149.38583974574033,148.54533068607526,149.38583974574033,5300
2023-12-21,148.60862731933594,149.00629296275338,144.61391899421852,149.00629296275338,4500
2023-12-22,146.764892578125,150.5517345051302,146.2858900890407,150.5517345051302,2800
2023-12-26,146.86436462402344,146.86436462402344,146.86436462402344,146.86436462402344,2200
2023-12-27,149.07858276367188,149.07858276367188,146.86432341491982,146.86432341491982,1300
2023-12-28,147.13543701171875,147.13543701171875,147.13543701171875,147.13543701171875,1300
2023-12-29,146.53895568847656,146.90950896774217,146.53895568847656,146.90950896774217,2700
2024-01-02,147.93980407714844,147.93980407714844,147.93980407714844,147.93980407714844,1400
2024-01-03,142.878662109375,145.9876693702178,142.878662109375,145.9876693702178,2700
2024-01-04,143.0142059326172,143.0142059326172,143.0142059326172,143.0142059326172,1400
2024-01-05,142.0832977294922,146.01473350276814,142.0832977294922,143.23108870612606,4000
2024-01-08,144.13485717773438,144.13485717773438,144.13485717773438,144.13485717773438,800
2024-01-09,142.01101684570312,142.01101684570312,142.01101684570312,142.01101684570312,700
2024-01-10,145.49960327148438,145.49960327148438,142.79729506482118,143.57454671616483,3300
2024-01-11,149.15086364746094,149.15086364746094,145.50863009673424,145.50863009673424,4300
2024-01-12,149.37684631347656,149.37684631347656,149.1237888659215,149.1237888659215,4200
2024-01-16,142.914794921875,148.21998130308683,142.3363760342672,148.21998130308683,2800
2024-01-17,140.31190490722656,140.31190490722656,140.0859598107576,140.0859598107576,1800
2024-01-18,137.3746337890625,137.3746337890625,137.3746337890625,137.3746337890625,2200
2024-01-19,141.71273803710938,141.71273803710938,141.71273803710938,141.71273803710938,1000
2024-01-22,152.22372436523438,152.22372436523438,145.50864269156244,145.50864269156244,6000
2024-01-23,151.8350830078125,151.8350830078125,149.12374223981584,151.08494374046234,2800
2024-01-24,153.28114318847656,153.68784156215344,152.28697935007278,152.28697935007278,2200
2024-01-25,154.1035919189453,154.1035919189453,154.1035919189453,154.1035919189453,1500
2024-01-26,154.25721740722656,154.25721740722656,154.02223949014956,154.02223949014956,1200
2024-01-29,151.1572723388672,152.729855204047,151.1572723388672,152.729855204047,3600
2024-01-30,152.033935546875,152.033935546875,151.4284043514477,151.4284043514477,3300
2024-01-31,151.1572723388672,153.55228488958304,151.1572723388672,153.55228488958304,1100
2024-02-01,152.71177673339844,155.08872362083562,151.11208154892506,153.07328338057457,4200
2024-02-02,151.65435791015625,151.65435791015625,151.65435791015625,151.65435791015625,1500
2024-02-05,152.26890563964844,153.44382282292926,151.12111455352493,151.12111455352493,4600
2024-02-06,153.28114318847656,154.2752932362875,151.6543359031762,152.73886949651217,6000
2024-02-07,151.06687927246094,153.6155464669033,151.06687927246094,153.6155464669033,2500
2024-02-08,149.47625732421875,152.76601781418188,149.47625732421875,151.83512499632116,2600
2024-02-09,149.620849609375,149.620849609375,149.620849609375,149.620849609375,2000
2024-02-12,149.3225860595703,149.3225860595703,149.3225860595703,149.3225860595703,2300
2024-02-13,136.5521697998047,136.5521697998047,136.5521697998047,136.5521697998047,3000
2024-02-14,145.8611297607422,146.99085535024872,142.7430898918233,142.7430898918233,3700
2024-02-15,147.13543701171875,148.40072392763778,146.2226100739693,146.8643001609952,5500
2024-02-16,141.1433868408203,144.45122649489446,141.1433868408203,144.45122649489446,1200
2024-02-20,141.17050170898438,141.17050170898438,141.17050170898438,141.17050170898438,5700
2024-02-21,141.21566772460938,141.21566772460938,141.21566772460938,141.21566772460938,1100
2024-02-22,142.2731170654297,142.2731170654297,142.2731170654297,142.2731170654297,1200
2024-02-23,143.49322509765625,143.49322509765625,143.49322509765625,143.49322509765625,400
2024-02-26,143.92701721191406,145.68938609312494,142.34540163815677,142.34540163815677,2600
2024-02-27,143.36666870117188,144.5144597153103,143.06841955707995,144.5144597153103,700
2024-02-28,139.27256774902344,143.5203329499836,139.27256774902344,143.5203329499836,2300
2024-02-29,140.46554565429688,140.46554565429688,140.46554565429688,140.46554565429688,1100
2024-03-01,140.97164916992188,140.97164916992188,140.97164916992188,140.97164916992188,500
2024-03-04,139.525634765625,139.525634765625,139.525634765625,139.525634765625,500
2024-03-05,139.01048278808594,139.6160140956119,139.01048278808594,139.6160140956119,1400
2024-03-06,139.4352264404297,139.4352264404297,139.4352264404297,139.4352264404297,400
2024-03-07,142.7972869873047,142.7972869873047,142.7972869873047,142.7972869873047,3100
2024-03-08,142.11947631835938,143.02325677189424,142.11947631835938,143.02325677189424,800
2024-03-11,140.5830535888672,140.5830535888672,140.5830535888672,140.5830535888672,300
2024-03-12,140.6553497314453,140.6553497314453,140.6553497314453,140.6553497314453,500
2024-03-13,142.34539794921875,142.34539794921875,142.34539794921875,142.34539794921875,1000
2024-03-14,140.37518310546875,140.37518310546875,140.37518310546875,140.37518310546875,1300
2024-03-15,142.3059539794922,142.31501365068192,138.45347749531768,138.45347749531768,5300
2024-03-18,140.683349609375,143.2214540938044,140.683349609375,140.9552918454847,3400
2024-03-19,144.46331787109375,144.46331787109375,144.46331787109375,144.46331787109375,2700
2024-03-20,146.90170288085938,146.90170288085938,142.7682250542428,142.7682250542428,1900
2024-03-21,144.1370086669922,144.1370086669922,144.1370086669922,144.1370086669922,1300
2024-03-22,143.12173461914062,143.12173461914062,143.12173461914062,143.12173461914062,1700
2024-03-25,141.44479370117188,144.12793620957544,140.5383286935645,144.12793620957544,1500
2024-03-26,142.85890197753906,146.84734279236216,142.31501739753617,146.84734279236216,4100
2024-03-27,147.7537841796875,147.7537841796875,144.12792444521665,144.12792444521665,1900
2024-03-28,147.926025390625,147.926025390625,147.926025390625,147.926025390625,1400
2024-04-01,144.1370086669922,146.84734425953894,144.1370086669922,146.84734425953894,1800
2024-04-02,142.04306030273438,144.12793253336508,142.04306030273438,144.12793253336508,1500
2024-04-03,141.51731872558594,141.51731872558594,141.51731872558594,141.51731872558594,800
2024-04-04,144.87124633789062,144.87124633789062,144.12793838130435,144.12793838130435,1500
2024-04-05,144.9437713623047,144.9437713623047,144.9437713623047,144.9437713623047,300
2024-04-08,145.46949768066406,146.9470400400391,145.46949768066406,146.84732833790537,1200
2024-04-09,145.0253448486328,145.0253448486328,145.0253448486328,145.0253448486328,500
2024-04-10,144.38172912597656,144.40892196663293,144.38172912597656,144.40892196663293,1400
2024-04-11,144.4905242919922,145.94087391319414,143.10363386381388,144.91656397453679,3600
2024-04-12,141.89801025390625,141.89801025390625,141.89801025390625,141.89801025390625,600
2024-04-15,142.6957244873047,142.6957244873047,142.32407050250185,142.32407050250185,700
2024-04-16,142.8861083984375,143.0311323128649,142.8861083984375,143.0311323128649,900
2024-04-17,142.0612030029297,144.7080792753625,142.0612030029297,144.7080792753625,1000
2024-04-18,141.51731872558594,141.51731872558594,141.51731872558594,141.51731872558594,2300
2024-04-19,146.56631469726562,146.56631469726562,141.5172984685513,141.5172984685513,4200
2024-04-22,146.12217712402344,146.12217712402344,144.12795659158402,144.12795659158402,1500
2024-04-23,149.07725524902344,149.07725524902344,145.07066736704138,145.3969953537145,4200
2024-04-24,148.32485961914062,148.32485961914062,148.32485961914062,148.32485961914062,1200
2024-04-25,147.64503479003906,147.9804224393002,145.89555001534433,146.8473411036241,3900
2024-04-26,144.45423889160156,147.86254174452154,144.45423889160156,147.86254174452154,4200
2024-04-29,146.802001953125,146.802001953125,143.33023939135938,143.33023939135938,5700
2024-04-30,145.42417907714844,145.42417907714844,143.54780364515747,143.54780364515747,2700
2024-05-01,146.91986083984375,146.91986083984375,144.94375978629935,145.03441182631454,3400
2024-05-02,147.01051330566406,147.01051330566406,146.39412363477206,146.91987508841797,3400
2024-05-03,144.43614196777344,148.56962050350205,144.43614196777344,148.56962050350205,3600
2024-05-06,146.53915405273438,146.53915405273438,146.53915405273438,146.53915405273438,1900
2024-05-07,145.05252075195312,145.33352266484155,140.50206296877366,145.33352266484155,2500
2024-05-08,144.68089294433594,145.17945150799818,143.2577361200236,145.17945150799818,2200
2024-05-09,146.28533935546875,146.84734328019516,146.28533935546875,146.84734328019516,1300
2024-05-10,147.01956176757812,147.01956176757812,147.01956176757812,147.01956176757812,700
2024-05-13,144.98907470703125,145.48763322583017,144.58116822130788,145.48763322583017,4300
2024-05-14,145.88648986816406,145.94087555904963,144.7352753620356,145.39699098707544,5800
2024-05-15,147.40931701660156,147.40931701660156,145.12503543654725,145.12503543654725,3800
2024-05-16,147.37307739257812,147.75379102254252,145.94086107134567,147.75379102254252,3600
2024-05-17,148.02574157714844,148.56055262314933,148.02574157714844,148.55149295224646,1100
2024-05-20,149.72988891601562,149.72988891601562,148.84155704818096,149.56673184769366,3300
2024-05-21,150.42787170410156,150.47319772273949,149.17695934536056,149.17695934536056,2700
2024-05-22,143.08551025390625,149.82959844614354,141.58983465823292,149.82959844614354,7500
2024-05-23,136.76744079589844,143.22146703624327,133.73983724656597,141.60796047615707,13300
2024-05-24,139.76785278320312,139.76785278320312,132.7155555731328,137.78269204658764,6100
2024-05-28,148.61492919921875,149.0409688420276,147.3368102707922,147.3368102707922,6600
2024-05-29,155.81227111816406,155.81227111816406,148.56961065765404,148.61493667478643,5300
2024-05-30,167.1521453857422,167.1521453857422,152.28612448094052,152.28612448094052,9800
2024-05-31,166.88023376464844,174.80273004416046,165.88311660217528,167.48756373395116,6900
2024-06-03,151.57907104492188,169.5542727817236,151.57907104492188,166.97084212456744,11100
2024-06-04,157.24449157714844,157.53455319750432,152.10483646072962,153.03849434529698,12700
2024-06-05,158.0693817138672,161.39610682691017,155.9029307720168,158.17815309505426,6200
2024-06-06,154.30752563476562,158.2325205552464,154.09904256765728,156.81843743649827,6500
2024-06-07,158.52261352539062,158.52261352539062,153.60050107560824,153.6458270947504,10800
2024-06-10,153.70928955078125,158.56792907903227,153.70928955078125,158.52261689048737,6100
2024-06-11,155.730712890625,158.29601088133077,152.95693179179804,152.95693179179804,17000
2024-06-12,153.69114685058594,159.34747972110077,153.69114685058594,158.23253161974867,6000
2024-06-13,156.48306274414062,156.8456432239554,154.46163576607506,154.46163576607506,7800
2024-06-14,154.86524963378906,155.69234010156916,154.5107842716711,155.41967123797505,8700
2024-06-17,160.2185821533203,161.07293806111295,154.01088294153269,156.101325592161,28200
2024-06-18,159.22789001464844,161.79094372878146,158.26447216931786,160.87297299980872,28400
2024-06-20,160.8366241455078,162.3181002902507,158.6189379978285,158.6189379978285,21000
2024-06-21,157.51918029785156,161.18199325301052,157.51918029785156,159.68233547370207,13300
2024-06-24,161.94546508789062,163.11793698351397,159.31878243832986,159.31878243832986,9800
2024-06-25,158.81890869140625,162.6998459350656,158.44626171802477,161.55465338475017,13700
2024-06-26,161.000244140625,161.000244140625,157.50102361028365,158.81892086749997,9400
2024-06-27,161.09112548828125,161.23653685793354,158.14632682372613,159.1642757538624,11300
2024-06-28,163.7178192138672,165.09023358672488,159.3278933539656,163.14521596781026,38000
2024-07-01,160.1004180908203,161.90910797159216,158.58257866803743,160.47306503942625,23300
2024-07-02,160.43670654296875,161.00929581323953,158.91886720649998,159.05519468310914,29500
2024-07-03,162.53622436523438,163.5996202325244,160.4366981245455,160.4366981245455,13200
2024-07-05,164.12680053710938,165.03568745079244,161.9181981252324,162.23631409242697,15200
2024-07-08,162.436279296875,164.5176243420492,162.11816331210582,164.50854046507547,14500
2024-07-09,164.61756896972656,164.8902377771209,161.69095243195147,161.78184665725348,15000
2024-07-10,163.09974670410156,165.41741100563033,162.82707786830176,165.39014550890164,21200
2024-07-11,163.99044799804688,164.82663610591587,162.91796816990933,163.11792438676764,13800
2024-07-12,166.19906616210938,168.54399612813032,165.2538298480264,165.2538298480264,6700
2024-07-15,169.09840393066406,170.36175611770358,168.14406994914202,168.21678256253077,49000
2024-07-16,174.59718322753906,174.81530721292515,170.2708726038639,170.54354145411034,50600
2024-07-17,180.4322509765625,181.40475285414442,172.41586098618953,172.41586098618953,31600
2024-07-18,181.55923461914062,188.58494005000082,179.95959873416822,180.88666721689148,54000
2024-07-19,175.38790893554688,182.686269746796,174.9607309764091,181.63195759792345,25800
2024-07-22,175.69692993164062,178.12365636654528,173.12477825973076,176.61491460528637,32800
2024-07-23,181.95916748046875,183.25888305105465,175.46971511006055,175.48789673253074,19300
2024-07-24,176.86941528320312,182.23184302172317,176.57856478707927,180.05051977485417,43900
2024-07-25,185.52197265625,186.2127355130481,177.1420350936616,177.1420350936616,32600
2024-07-26,187.49429321289062,191.62973183846924,186.76719470737288,187.36704958757352,48300
2024-07-29,185.52197265625,188.65764326984726,182.77714445411846,187.89416780346448,48300
2024-07-30,188.9575653076172,188.9575653076172,185.23113764745673,187.23068588809312,17400
2024-07-31,193.44747924804688,193.59290447656633,187.6851397859669,188.8485138770962,13500
2024-08-01,185.48565673828125,193.19301445362723,184.3677296348861,192.14779997293056,31900
2024-08-02,182.8225860595703,184.95847572468062,180.6412631463404,182.78623668737205,24700
2024-08-05,176.96026611328125,177.24201881653272,172.18861017256904,174.5153582789829,43400
2024-08-06,184.6131134033203,188.95759192795276,177.68739926133998,179.10526068865744,45200
2024-08-07,182.94078063964844,187.53974680130298,182.68629338024178,187.53974680130298,50100
2024-08-08,187.24887084960938,188.4122448965065,183.6951199731675,184.50402870684619,26000
2024-08-09,185.84918212890625,187.73058459489374,185.53108004750896,186.67627250386246,20700
2024-08-12,184.09503173828125,186.1400271229779,183.99505363140003,186.05823063603304,8800
2024-08-13,191.05711364746094,191.05711364746094,185.0584548019297,185.0584548019297,16900
2024-08-14,192.6840362548828,192.75674887618186,191.43886555285843,191.43886555285843,12300
2024-08-15,197.8192138671875,200.74583058206701,195.8651127215469,196.00144019923812,13600
2024-08-16,198.51905822753906,200.28230088322852,197.98281833037933,198.02826544523458,11300
2024-08-19,198.5463409423828,198.81900978665007,196.51952703437013,197.72834827809456,25000
2024-08-20,197.3920440673828,198.28276318665542,196.69221116175683,197.455672805265,28400
2024-08-21,200.79129028320312,202.68177668058897,198.95533488031182,199.95511600775595,24800
2024-08-22,197.14666748046875,201.14576442842488,196.44682066059653,200.75494970508305,14100
2024-08-23,201.04579162597656,205.36300466123188,198.50090537886,198.90081785793018,20600
2024-08-26,203.40892028808594,203.5634294191163,200.42777193623039,202.79086989544905,21200
2024-08-27,203.63612365722656,203.91787639239905,201.07305580466226,201.4184372831391,25400
2024-08-28,203.1634979248047,203.32710478670796,201.41843665275016,203.32710478670796,8400
2024-08-29,204.87220764160156,206.02648406538245,202.71813617196236,202.71813617196236,13900
2024-08-30,204.7631378173828,206.11738438508507,202.66361115155613,206.11738438508507,8000
2024-09-03,202.28590393066406,204.90885827510388,198.9070283301006,198.9070283301006,30200
2024-09-04,204.23489379882812,205.80137882288233,202.85055528752454,203.26038841543556,14600
2024-09-05,203.5973663330078,205.81958983618264,202.3314293566107,205.5008230282942,10500
2024-09-06,199.5081329345703,204.53545767876494,198.23309334943252,203.19665916592567,10500
2024-09-09,204.72669982910156,205.19118943858393,201.32051680963752,201.57552471814643,22200
2024-09-10,204.5536651611328,205.19118491836093,202.73217219940193,204.00721171385817,36000
2024-09-11,199.77224731445312,200.9653229879191,198.99810724239777,200.3642269717506,5800
2024-09-12,205.43710327148438,205.43710327148438,200.9926557185137,201.94894236290477,7700
2024-09-13,209.1347198486328,210.38243808638322,208.28771839099392,210.38243808638322,4400
2024-09-16,206.37513732910156,209.92704268784166,205.37331074233535,207.7776806536872,18700
2024-09-17,210.7831573486328,211.22941420821655,207.09463150385264,207.09463150385264,15300
2024-09-18,213.11468505859375,214.02543157593817,210.50084700081973,210.82871630293928,10800
2024-09-19,213.6884765625,214.94529740507258,212.76861361386543,213.12380422759747,12200
2024-09-20,207.914306640625,214.45347355679948,207.886985358129,212.93252861134062,28200
2024-09-23,206.83053588867188,208.8888179775824,205.64656265826423,208.8888179775824,11200
2024-09-24,210.03636169433594,210.8560419149047,206.53909833119917,206.59374089985923,7400
2024-09-25,208.28770446777344,210.49170914705599,208.28770446777344,210.49170914705599,5600
2024-09-26,207.6501922607422,209.6993717896311,207.00355616143983,209.39882379110082,11100
2024-09-27,209.26220703125,210.3824212271753,206.12013468840343,210.10009206288325,9600
2024-09-30,209.28955078125,209.28955078125,207.81413198513826,208.6247097200666,3100
2024-10-01,205.5099334716797,208.3514718813463,204.2804340868297,208.3514718813463,4900
2024-10-02,208.01449584960938,208.1055760587188,207.3678736143542,207.37697607650964,6000
2024-10-03,204.91796875,206.73946180555555,204.91796875,206.73946180555555,5700
2024-10-04,204.91796875,206.54819892009098,202.9780741988288,206.08372319380442,11500
2024-10-07,201.27499389648438,204.09831384926343,201.1657087540431,204.03455491824604,11600
2024-10-08,204.2713165283203,204.2713165283203,201.93980782415753,202.18571325843834,5600
2024-10-09,205.43710327148438,205.73763739979736,204.91797107425606,204.91797107425606,3500
2024-10-10,201.09283447265625,201.4480250597172,199.72671469213125,201.4480250597172,4300
2024-10-11,207.95074462890625,207.95074462890625,203.2057493721203,205.82870367121797,4400
2024-10-14,210.3642120361328,210.3642120361328,207.84145436452397,207.84145436452397,5700
2024-10-15,209.48080444335938,212.9234252163384,209.48080444335938,210.38244851128786,6000
2024-10-16,218.03268432617188,218.03268432617188,210.38242006440305,210.38242006440305,11600
2024-10-17,221.03819274902344,221.03819274902344,216.75768659151026,218.23309160785945,13200
2024-10-18,215.42796325683594,221.98534893879466,215.42796325683594,221.98534893879466,4400
2024-10-21,213.4880828857422,217.6319820942599,213.4880828857422,216.2112059308829,20600
2024-10-22,214.47169494628906,218.53361649074432,211.74855795083715,213.11467767955222,25600
2024-10-23,211.64837646484375,213.98900161696844,207.67752120863543,212.50448038979383,22300
2024-10-24,214.20758056640625,214.20758056640625,210.24584150847613,212.30412365849347,33600
2024-10-25,211.56642150878906,215.4826343636575,210.47352845314626,213.31505317719538,32200
2024-10-28,214.62652587890625,217.0855386764947,213.86150214577006,214.82689122285458,16100
2024-10-29,212.17660522460938,212.4316131232528,211.40246517001373,211.40246517001373,7900
2024-10-30,215.17294311523438,215.81047672357087,212.99625973814494,212.99625973814494,7600
2024-10-31,210.63746643066406,216.62107808972908,210.63746643066406,215.9289017997829,11500
2024-11-01,210.14566040039062,210.14566040039062,210.14566040039062,210.14566040039062,4200
2024-11-04,208.3696746826172,211.83051398032836,206.8032035699821,211.83051398032836,15400
2024-11-05,216.47535705566406,216.47535705566406,205.5828218325607,205.5828218325607,16200
2024-11-06,234.3168487548828,235.883333782098,219.48989745747343,222.22213684491084,37700
2024-11-07,224.57186889648438,233.63379360079202,224.57186889648438,233.63379360079202,19300
2024-11-08,229.02540588378906,229.02540588378906,226.16566264921562,226.16566264921562,5100
2024-11-11,236.22940063476562,238.59734678295743,230.69206097337872,230.69206097337872,17000
2024-11-12,246.53909301757812,248.560951395004,238.6155872102606,238.6155872102606,18400
2024-11-13,248.5336151123047,250.8924451113168,247.7230374209075,247.7230374209075,8700
2024-11-14,250.2549285888672,257.9871576785479,247.07643211620046,247.07643211620046,14000
2024-11-15,247.35877990722656,251.2932118545578,246.8305313194323,251.2932118545578,10800
2024-11-18,249.59005737304688,254.3714763096476,249.39880839784024,249.9999043994089,16400
2024-11-19,251.45712280273438,253.41522228590028,246.74855100754877,246.74855100754877,8900
2024-11-20,252.85963439941406,254.37144890846642,248.6337579201267,250.91062383514617,7200
2024-11-21,256.4662170410156,258.99809117046016,252.5135806112369,252.5135806112369,16200
2024-11-22,257.650146484375,262.4680026381699,255.0181038872801,256.3842234633306,16500
2024-11-25,260.7558288574219,264.48077871668147,256.7758710892622,259.3350665372957,15500
2024-11-26,260.1729431152344,261.47530383075747,258.78859076304747,261.47530383075747,5300
2024-11-27,259.7995300292969,263.99805764191916,259.59004834906165,261.9761994982663,10400
2024-11-29,260.93798828125,262.75036491996474,259.7540011564707,262.75036491996474,8800
2024-12-02,259.37457275390625,265.35008655506596,257.1205538248253,265.35008655506596,13600
2024-12-03,260.77496337890625,260.77496337890625,256.0942841389863,258.290756419825,21000
2024-12-04,259.43212890625,259.9788247446402,256.51629092685073,259.9788247446402,3700
2024-12-05,260.6119079589844,260.8708984541384,259.1636043073425,259.78704899046704,12100
2024-12-06,255.42282104492188,258.50172793736033,255.42282104492188,256.4587242537462,5300
2024-12-09,253.0057830810547,257.7727823098699,253.0057830810547,257.7727823098699,4000
2024-12-10,252.35354614257812,253.9553177107993,249.389762351834,253.00576415513441,7000
2024-12-11,255.64346313476562,257.0534215056583,252.84271894655075,252.84271894655075,7300
2024-12-12,254.67471313476562,260.1035315613708,254.67471313476562,258.54010491511116,10000
2024-12-13,258.94293212890625,260.14187521035075,255.43242327390809,255.46119673701992,11900
2024-12-16,256.2668762207031,260.8900076459568,254.6938781602651,260.8900076459568,7300
2024-12-17,252.71803283691406,253.9553210404965,250.2817722626919,253.9553210404965,7000
2024-12-18,235.5971221923828,252.64128695152417,234.69551462959836,252.64128695152417,9700
2024-12-19,232.11538696289062,240.55594941592113,230.40809313871722,240.55594941592113,8700
2024-12-20,233.30474853515625,235.1367225282428,229.5352636962741,229.5352636962741,6500
2024-12-23,227.7991943359375,227.7991943359375,226.18782179685013,226.4467829749302,4100
2024-12-24,231.06991577148438,231.06991577148438,225.54517644495706,230.94522100221485,2400
2024-12-26,233.98573303222656,233.98573303222656,231.3576591174423,232.11538471883077,7200
2024-12-27,228.2787628173828,228.51855143378762,224.88336244872636,225.40129942052505,4800
2024-12-30,230.1107635498047,230.1107635498047,228.27877491089023,228.53775072827716,5000
2024-12-31,227.08941650390625,229.23792787495836,225.96720748354426,229.23792787495836,4500
2025-01-02,223.94337463378906,232.11537456347793,221.11387196187852,228.27875680209812,7300
2025-01-03,222.5909881591797,226.13025591180215,222.5909881591797,224.4421492885106,5400
2025-01-06,219.42576599121094,226.06311297954332,219.42576599121094,224.84498273916023,11500
2025-01-07,219.6367950439453,221.4495964702931,217.73765858926762,218.16928982430835,34700
2025-01-08,220.02044677734375,221.84283444503203,217.2484909005027,219.14761268327226,36900
2025-01-10,206.04559326171875,219.0229535180335,204.13687038464417,219.0229535180335,8700
2025-01-13,208.65444946289062,208.65444946289062,200.25226187654803,203.56134175197715,17500
2025-01-14,214.84100341796875,214.98487072649584,207.2924481939892,210.63990238255778,32200
2025-01-15,218.6968231201172,219.9916876135365,216.87443533396998,219.36824301183796,14300
2025-01-16,218.67764282226562,220.2122812626884,216.03996790989206,218.68722909860844,15400
2025-01-17,218.7351837158203,222.52384101285438,216.730554350259,221.05633581839697,17500
2025-01-21,221.12347412109375,223.92421816735336,220.24105372885515,221.44959777724375,15700
2025-01-22,216.0783233642578,221.5742745201524,215.39733186901847,221.1906185765417,15700
2025-01-23,215.3109893798828,215.3109893798828,215.3109893798828,215.3109893798828,5400
2025-01-24,218.2076416015625,218.2076416015625,214.73550710868048,216.29891894029882,8800
2025-01-27,218.9653778076172,221.5742792594734,215.0808137299787,215.53161752290848,26400
2025-01-28,219.895751953125,219.895751953125,215.5507833070993,216.59627281871298,7500
2025-01-29,218.30355834960938,219.8381966860062,216.0399532655538,216.27014096646886,10800
2025-01-30,220.31777954101562,222.11140835785298,217.72806539078744,222.11140835785298,11200
2025-01-31,216.14547729492188,220.50961865973525,213.9202317797714,219.12844844249375,4500
2025-02-03,212.6541748046875,215.00410066967038,209.7862972549345,210.0932191193401,12800
2025-02-04,216.32769775390625,216.32769775390625,214.8889660154549,215.48365175284601,6300
2025-02-05,218.8694610595703,218.8694610595703,215.23425741890594,216.76891042658275,4000
2025-02-06,220.63430786132812,220.63430786132812,216.76891640773223,217.7952187449855,12300
2025-02-07,214.8601837158203,219.6463697043721,213.61329463553392,219.6463697043721,14800
2025-02-10,215.34938049316406,215.9536378986019,212.9323069648025,215.3973411470653,12900
2025-02-11,219.2435302734375,219.29149092399314,212.0978324067178,214.24632905046784,5300
2025-02-12,213.27760314941406,218.59131283769892,211.0235841362437,217.87194693590456,21600
2025-02-13,222.3128204345703,222.3128204345703,211.59906683087056,212.47190090540153,7200
2025-02-14,218.23641967773438,220.69185282751067,217.21971826123664,220.69185282751067,5700
2025-02-18,221.9195556640625,222.31281249267533,218.67762364460376,219.74228564674146,9800
2025-02-19,223.38706970214844,223.38706970214844,220.8069564775501,222.05384557729357,8900
2025-02-20,222.32241821289062,224.19278122237858,219.540875978351,224.19278122237858,6800
2025-02-21,215.11917114257812,224.1544048205586,214.8218355878079,224.03931096336657,7700
2025-02-24,218.82151794433594,220.23147630041052,215.7138519407464,215.7138519407464,11000
2025-02-25,223.85708618164062,227.36759544663306,221.08513003902402,221.08513003902402,10200
2025-02-26,226.93594360351562,226.93594360351562,226.85920949298284,226.85920949298284,3300
2025-02-27,224.78744506835938,225.27660858556362,224.78744506835938,225.27660858556362,3000
2025-02-28,227.6073455810547,227.6073455810547,225.391701224339,225.47802160915094,3800
2025-03-03,226.0055694580078,230.20665602883693,224.9696808878548,227.39634049399208,4600
2025-03-04,222.51425170898438,225.05600521106348,220.60552903678627,220.60552903678627,6100
2025-03-05,224.5284881591797,224.5284881591797,220.24106609136317,220.24106609136317,7000
2025-03-06,221.29612731933594,222.67731214045062,220.89328418576687,221.94834535400886,5300
2025-03-07,222.35121154785156,222.35121154785156,222.35121154785156,222.35121154785156,4000
2025-03-10,218.40907287597656,219.06129089670875,218.40907287597656,218.6872212352804,4300
2025-03-11,221.92916870117188,222.20731706128177,217.64174699631755,218.888650749871,13900
2025-03-12,226.11106872558594,226.11106872558594,219.67513611391743,221.1330549334008,13400
2025-03-13,227.14697265625,227.14697265625,224.82580591823546,226.8400361953259,7100
2025-03-14,231.47274780273438,234.3789846483868,227.3004200436507,227.31960723081843,7900
2025-03-17,235.6738739013672,235.6738739013672,230.24505556716477,231.75092061923448,6700
2025-03-18,231.77008056640625,233.75553730171106,230.80133984130995,233.07453120300497,13800
2025-03-19,234.5900115966797,234.7051054544024,229.04609970481266,234.05288741325867,17700
2025-03-20,232.63333129882812,239.77904419531524,231.21378670438565,234.99285786230612,10300
2025-03-21,227.7320556640625,230.72462778440365,227.7320556640625,229.3242557147876,9700
2025-03-24,233.2675018310547,233.2675018310547,229.2696848345186,232.1623388595405,5000
2025-03-25,230.34600830078125,231.13403407234514,227.62633030575637,228.30865835757422,5100
2025-03-26,232.00857543945312,236.65989125422817,230.11537197538274,232.46985920139497,11800
2025-03-27,233.6519012451172,238.18789942283337,231.70103929972876,232.67166049838784,10700
2025-03-28,233.1617889404297,233.1617889404297,233.1617889404297,233.1617889404297,3200
2025-03-31,231.6818389892578,234.9973426868072,231.6818389892578,234.9973426868072,5400
2025-04-01,231.72987365722656,233.03685645998345,230.04809507020573,231.74908342589458,5900
2025-04-02,229.29852294921875,229.29852294921875,229.29852294921875,229.29852294921875,4400
2025-04-03,219.8132781982422,219.8132781982422,213.1726659846391,217.82398186524853,6200
2025-04-04,218.86187744140625,219.62107393564855,216.5746537459291,219.13096085688045,6700
2025-04-07,214.86404418945312,218.093059815657,202.8225101105555,218.093059815657,7300
2025-04-08,205.55178833007812,211.4524281846262,205.3499684426598,210.60672909669557,4800
2025-04-09,226.7998809814453,230.67277608102117,209.80911727542832,209.80911727542832,6500
2025-04-10,218.33331298828125,222.94619452964412,213.2687525767132,222.94619452964412,6400
2025-04-11,215.6712646484375,216.5842271513839,215.6712646484375,215.7481477079622,4600
2025-04-14,220.91844177246094,220.91844177246094,214.35469838560638,216.76684412916637,7000
2025-04-15,220.07275390625,220.07275390625,216.71880141704233,216.71880141704233,3000
2025-04-16,218.6312255859375,220.65897072628138,218.6312255859375,219.26549991357786,10500
2025-04-17,221.5142822265625,221.5142822265625,216.23829686327346,218.63123300018643,7600
2025-04-21,214.56613159179688,214.56613159179688,214.56613159179688,214.56613159179688,3100
2025-04-22,223.06149291992188,226.95361184922166,214.8448006611656,214.8448006611656,20500
2025-04-23,222.21580505371094,222.64825947559822,216.88216141324602,218.71770614910844,5700
2025-04-24,221.82179260253906,221.82179260253906,217.60291690733138,217.60291690733138,2900
2025-04-25,219.43846130371094,219.59222743307657,217.08397427058733,217.08397427058733,7000
2025-04-28,220.47637939453125,221.99478705701907,219.1501720780914,221.41817135492875,10400
2025-04-29,223.86875915527344,224.73368268160522,217.5644941510103,217.97773881295623,30700
2025-04-30,222.1773681640625,222.28308054715114,217.4876037709597,220.40910163234835,13400
2025-05-01,223.9936981201172,223.9936981201172,220.4571502399895,221.27402002313434,18100
2025-05-02,231.29739379882812,231.9701169334503,223.96484947252816,223.96484947252816,8400
2025-05-05,227.9242401123047,231.74908098110367,227.9242401123047,229.0390225690024,12100
2025-05-06,230.86495971679688,231.10521381060562,227.76088093069276,229.0102051512875,16800
2025-05-07,229.6829071044922,234.48798884307988,229.6829071044922,231.36468571299787,14600
2025-05-08,230.2403106689453,235.88147223951535,229.01021085114417,230.97067785328147,13500
2025-05-09,225.82923889160156,230.6535304431616,225.82923889160156,227.54945171759005,46600
2025-05-12,231.8740234375,235.4490054277223,231.11482697417532,231.11482697417532,23400
2025-05-13,232.91192626953125,236.07366365093597,232.085451610984,234.00748433654078,43500
2025-05-14,229.66368103027344,231.58571371197215,228.99097252446802,231.58571371197215,40500
2025-05-15,233.67112731933594,234.9781101848635,230.1922527104235,230.1922527104235,65500
2025-05-16,239.14892578125,240.25408872380115,233.1521784476834,233.32515435287053,85700
2025-05-19,242.3683319091797,242.3683319091797,234.15163879836172,237.44793265877627,66200
2025-05-20,237.13079833984375,242.6182084739276,236.79443673193907,241.2151180680883,78400
2025-05-21,224.23394775390625,235.83340752740466,223.5516196900789,235.41057264914153,59100
2025-05-22,220.84156799316406,226.63649561601903,220.56286502997247,224.95471694388826,85900
2025-05-23,220.77430725097656,222.66751085030162,217.95853606185753,219.01564536949425,123300
2025-05-27,227.3668670654297,228.8083916686554,220.29378575904445,224.02253409185113,98500
2025-05-28,221.54310607910156,228.87566578971567,221.54310607910156,228.87566578971567,127800
2025-05-29,222.9750213623047,222.98462624694486,219.3135513537956,220.78390522077254,169000
2025-05-30,224.8970489501953,226.7902523211712,220.553250968997,222.2350295711571,226600
2025-06-02,213.1053924560547,225.30069324768567,212.29814217759773,223.1287867400959,172600
2025-06-03,192.2321014404297,214.10482852897547,191.9437935994564,211.76956581137838,81300
2025-06-04,185.56265258789062,194.12531220499267,184.09229867351308,193.0681883026542,112000
2025-06-05,186.6389923095703,188.5225761490483,182.78530735032695,184.91876482643167,60800
2025-06-06,188.2342529296875,190.4349884093513,185.35120410717028,189.4643525875126,57400
2025-06-09,188.70516967773438,192.10716107945225,185.5049834962152,191.17497405372688,72400
2025-06-10,192.4339141845703,192.82791973319632,188.4649120701146,188.4649120701146,29000
2025-06-11,194.12530517578125,195.10554597118758,192.46275097498264,194.34633483319533,21300
2025-06-12,196.69122314453125,196.69122314453125,190.69447558084627,192.20327835462433,31000
2025-06-13,193.92689514160156,197.77961985937006,191.7790052265996,192.2220750358135,39700
2025-06-16,195.3427734375,199.5133497249106,192.915552740381,192.915552740381,51100
2025-06-17,197.5677032470703,199.6867134323541,193.7920350849841,194.36030840877507,48200
2025-06-18,194.54331970214844,199.65780912937186,194.41811614972104,196.9801667750177,71400
2025-06-20,195.55467224121094,197.86630117599753,193.60904215796225,197.1342887759434,65000
2025-06-23,201.545654296875,201.7864495827733,196.1422074934381,196.49857981353463,52100
2025-06-24,202.29693603515625,203.26974370707342,199.86008889808483,201.83461319767838,44100
2025-06-25,199.61929321289062,200.57284784170744,197.0476013076333,200.34167907493966,73300
2025-06-26,204.2136688232422,205.31169473176539,197.6929284092781,198.77168657990362,96900
2025-06-27,207.555908203125,208.3360825714512,201.44932863366583,203.71281018113623,132600
2025-06-30,203.5201873779297,208.28793130540924,203.5201873779297,207.71001671548143,73800
2025-07-01,207.555908203125,210.8692389641559,202.52810149949192,202.52810149949192,60500
2025-07-02,207.9796905517578,209.3955679627833,205.1575769468966,207.58479746536568,78100
2025-07-03,212.98825073242188,213.23867253854615,209.2029412001752,209.2029412001752,89200
2025-07-07,203.4912872314453,211.0041031982801,203.14454142691514,211.0041031982801,83600
2025-07-08,203.6839141845703,207.22841367881014,200.96773635078594,202.8170570487119,124800
2025-07-09,200.46688842773438,207.34400094125522,198.87763078359419,206.4386083494985,60200
2025-07-10,193.84019470214844,202.46066253335786,193.5993994292265,201.3241158997154,102800
2025-07-11,196.61416625976562,197.83739569742477,193.38750363666927,193.38750363666927,64400
2025-07-14,197.35581970214844,200.30316648527602,195.91104791897905,197.54846769748724,120900
2025-07-15,192.86740112304688,200.61137119697958,192.4628667987423,200.61137119697958,109600
2025-07-16,195.81472778320312,197.0668661987273,191.8271584701803,194.8611731681624,59200
2025-07-17,194.85153198242188,197.163160654809,194.85153198242188,196.28666236021303,29500
2025-07-18,195.429443359375,198.1167269143472,193.68608788377915,196.56600472334614,33300
2025-07-21,194.41812133789062,197.46176260737857,193.93653076206922,197.1631788018858,27800
2025-07-22,198.60794067382812,199.51333326296054,193.5512398786321,193.5512398786321,26300
2025-07-23,200.3127899169922,200.9581195398847,196.02663663242052,200.05272688487844,34500
2025-07-24,201.85386657714844,203.10599022720814,198.27083177337067,198.6175775510581,33100
2025-07-25,203.5201873779297,207.08395482387508,199.86009593467014,203.03859678531603,38300
2025-07-28,206.22671508789062,206.7371999178538,201.54565414566068,203.52017842794086,46700
2025-07-29,206.79498291015625,208.1434452923361,204.29072082378366,205.94739352101942,42100
2025-07-30,205.51394653320312,207.18026041745296,202.9229870235789,206.62161361600806,33300
2025-07-31,203.443115234375,213.01713781949923,200.97737394423783,206.05332781222432,28700
2025-08-01,202.5377197265625,203.6742810624695,200.0816049919373,202.65329675507004,21800
2025-08-04,207.64259338378906,207.64259338378906,202.0368720550524,204.0980791212559,25200
2025-08-05,210.262451171875,211.65906092115134,206.6601483253537,208.53834865693074,20700
2025-08-06,215.83924865722656,221.43532848337077,209.29925547048603,212.81486059831494,53100
2025-08-07,213.23866271972656,215.26134890452028,209.222199304301,212.1117425985908,33300
2025-08-08,212.97860717773438,214.5967591217171,209.0103056174317,212.91119214093138,47800
2025-08-11,221.5220489501953,221.53167547125997,214.115183188357,214.2114924899399,55100
2025-08-12,230.20028686523438,230.7493071562404,221.97472659621786,221.97472659621786,22000
2025-08-13,235.60374450683594,237.43378283492916,231.2694292800042,232.26150470060966,28800
2025-08-14,238.4258575439453,238.55107579760198,232.10739149476035,232.10739149476035,22700
2025-08-15,228.9096221923828,239.47571996309276,227.4166885581674,239.47571996309276,35200
2025-08-18,228.6688232421875,228.81329452508848,223.81438237903782,226.82914385603814,43100
2025-08-19,231.06715393066406,232.80088295449912,227.31075329316988,228.6784687739236,25300
2025-08-20,225.51922607421875,231.96291009639984,225.51922607421875,229.78612606358945,58900
2025-08-21,228.95777893066406,229.46826372270667,222.08066666930281,223.30389604805868,56300
2025-08-22,237.58787536621094,239.35049850718477,227.8597552712278,230.83598128273485,31300
2025-08-25,236.0853271484375,237.0581347979448,234.77540022494435,235.9312146405024,24000
2025-08-26,235.70968627929688,235.98900233910607,233.83148602340023,233.83148602340023,12300
2025-08-27,238.10800170898438,239.26381606780015,235.60372501740278,235.60372501740278,19200
2025-08-28,237.077392578125,239.25417654761452,234.8428200948314,239.25417654761452,18100
2025-08-29,239.11935424804688,240.02474690797646,237.61679396006946,238.33917984444156,17800
2025-09-02,235.19190979003906,236.43672814905963,233.61902020183848,234.50678998869503,13100
2025-09-03,238.55966186523438,238.74300834995094,232.59614517598644,234.8155770488409,32400
2025-09-04,246.05747985839844,246.05747985839844,238.74301220205194,239.69832220207965,21800
2025-09-05,242.9116668701172,247.2829904295372,241.76335128783603,247.2829904295372,19600
2025-09-08,240.90452575683594,242.31338709713228,239.89131999877577,241.2133229311375,16000
2025-09-09,239.62112426757812,242.26513007088775,239.02283343733063,241.33876801801964,28000
2025-09-10,238.9842529296875,241.1361299187124,236.52357875831746,238.6658113569916,25700
2025-09-11,247.98739624023438,248.78833707360118,240.54749282518094,241.13612455721096,35800
2025-09-12,245.85482788085938,248.0163492568137,244.47492912562137,247.74615908481942,23500
2025-09-15,245.9127197265625,248.3734085788244,244.00208504832102,246.38555988209743,43400
2025-09-16,240.24835205078125,244.6872156904753,239.9588583831039,244.6872156904753,17300
2025-09-17,242.02389526367188,245.5846335639582,240.87557968994705,241.24227265614752,26700
2025-09-18,248.94273376464844,248.94273376464844,243.0853643836442,243.0853643836442,17100
2025-09-19,245.2469024658203,249.94629749315354,245.16005877653842,249.6375297474361,36200
2025-09-22,246.33731079101562,247.74615743212183,243.15290981460004,245.07320362527653,14300
2025-09-23,249.30938720703125,251.03669003537973,248.87516880784963,248.87516880784963,20100
2025-09-24,250.6314239501953,251.93410861923545,247.76546467097353,248.15144640433795,10900
2025-09-25,249.14537048339844,250.99809463595824,248.14179438912552,248.51814646767266,10300
2025-09-26,253.40089416503906,253.66142522326084,250.20684876695512,250.20684876695512,15600
2025-09-29,253.48773193359375,254.65533628380192,251.55779375872822,254.65533628380192,25400
2025-09-30,258.4476623535156,258.94946513501066,252.80261664985713,252.80261664985713,22000
2025-10-01,259.46087646484375,261.43905118905843,254.43339608415098,254.43339608415098,25500
2025-10-02,262.2303466796875,262.57772141212484,255.8422561015903,258.37047037161483,28700
2025-10-03,264.3629150390625,269.72814064880606,264.07343610090027,266.8332334731091,56000
2025-10-06,266.630615234375,268.4737097876951,262.8961894511352,262.9058485658633,48700
2025-10-07,258.86260986328125,266.128825718485,256.38263230756485,265.5884453999229,42300
2025-10-08,251.9244842529297,262.28824272678725,251.13320254135076,262.28824272678725,35000
2025-10-09,247.17681884765625,250.11999214998607,245.39163492107926,249.52168659598595,32200
2025-10-10,244.8319549560547,249.6278524380993,242.83446190259625,248.59532845991325,67200
2025-10-13,246.15396118164062,251.14286432511548,239.6597233406752,246.88734711221832,37200
2025-10-14,253.64212036132812,254.94483446688375,245.9127088570805,246.34694198417932,35700
2025-10-15,251.97271728515625,253.33332719924678,247.52422403531278,251.87621448905048,37900
2025-10-16,246.3179931640625,250.5542066832973,244.14681281247672,250.5542066832973,24200
2025-10-17,249.2611541748047,251.23932895762061,241.86948768165044,246.05746456967248,40300
2025-10-20,256.9133605957031,256.9133605957031,241.13612483960995,241.13612483960995,26000
2025-10-21,255.7843475341797,257.98447574192465,254.95445885617428,257.98447574192465,17600
2025-10-22,255.04132080078125,255.3404588652548,249.97523303670258,252.63855717048742,16600
2025-10-23,255.2536163330078,256.15105997900116,251.48058360927993,255.45628104742048,14100
2025-10-24,257.4248046875,259.7503838289486,257.0484820393308,257.98450327511284,20300
2025-10-27,255.8133087158203,260.3196978232839,255.8133087158203,259.4029948674056,38800
2025-10-28,252.26223754882812,255.96771539527992,250.66038529332468,255.96771539527992,32100
2025-10-29,246.11537170410156,254.2693576477642,246.11537170410156,252.14641385004475,25300
2025-10-30,247.78477478027344,251.56746676930825,246.71365844508597,246.71365844508597,37100
2025-10-31,249.53134155273438,251.14285281355333,247.2250808508168,247.2250808508168,30500
2025-11-03,252.4938201904297,252.6771666767277,242.74762631543277,249.02958462848957,29400
2025-11-04,255.84226989746094,255.84226989746094,248.47955073102682,251.20077074259993,21600
2025-11-05,272.98974609375,275.122319509117,260.54165088558693,267.20959074392556,23500
2025-11-06,264.9226379394531,276.4636606953192,264.52699705524634,271.92829392370123,31100
2025-11-07,267.84649658203125,270.6062942420038,260.0688475148991,264.71997648128405,28700
2025-11-10,267.5473327636719,271.05017518633707,265.6559721906644,271.05017518633707,20000
2025-11-11,277.2452697753906,277.2452697753906,268.2614098099394,268.2614098099394,20200
2025-11-12,272.1695251464844,278.85678344615576,271.08876445723007,276.9461340107468,33900
2025-11-13,269.99835205078125,273.08626506055634,268.2035235959207,270.1141730836776,11900
2025-11-14,267.8753967285156,269.56409245606574,264.59450806183577,269.41935299769335,26500
2025-11-17,261.6031188964844,268.78249108184,260.5416470373691,268.4736939140031,22000
2025-11-18,264.2857666015625,266.9008248621882,261.5066506212045,262.27861419418275,20800
2025-11-19,257.91693115234375,264.4594202512637,256.6914310382334,264.2857328867792,19700
2025-11-20,254.25970458984375,262.4716012434503,253.15965510374528,260.377605290887,27900
2025-11-21,261.93121337890625,264.4208206854811,253.265780308434,256.1992946014333,20400
2025-11-24,263.5234069824219,264.08310554946326,260.05917146042634,260.2328588301206,11300
2025-11-25,265.1156005859375,269.03337276830456,263.72604272880517,263.72604272880517,22800
2025-11-26,272.14056396484375,275.73025004948147,265.7524734931837,266.3314608194514,29300
2025-11-28,269.1395568847656,274.88110582293814,265.2603913918993,274.88110582293814,16300
2025-12-01,263.8112487792969,268.48099666564394,261.0972018071786,267.8523709019485,32900
2025-12-02,260.8277587890625,263.97085698111755,259.7900269442757,263.4220731756436,14600
2025-12-03,262.1049499511719,263.47194596014083,260.0195289034521,261.48631208878635,23500
2025-12-04,259.04168701171875,262.8134416485453,257.81439902745655,260.9674852944871,9400
2025-12-05,249.9017333984375,264.6693375589629,248.96378872936756,259.4208425534148,31000
2025-12-08,244.56346130371094,252.93509426973318,244.56346130371094,248.953823238606,12200
2025-12-09,241.49020385742188,248.38506576433954,241.36048356530293,243.11662530871547,9700
2025-12-10,243.5157470703125,249.2331991205198,237.9778936694064,238.49675958747494,31900
2025-12-11,247.54690551757812,248.64450361099287,237.3792098876781,237.3792098876781,16400
2025-12-12,250.01148986816406,251.73769841510682,247.53692316657504,251.73769841510682,6600
2025-12-15,251.30865478515625,253.28431611114033,250.00152493752572,251.47828081171886,8800
2025-12-16,248.88397216796875,255.43959726534695,248.19549541778912,253.24441627142517,12400
2025-12-17,252.53594970703125,253.64352038294322,248.88395826479334,248.88395826479334,11600
2025-12-18,257.3753356933594,260.08938245089496,252.46610808865444,254.59143486743096,29700
2025-12-19,253.68344116210938,258.2933072856753,251.0492210733677,255.58924835320877,32500
2025-12-22,249.88177490234375,255.35976219211506,249.71214887739234,255.35976219211506,11000
2025-12-23,250.81971740722656,255.14024036833652,249.88177273882766,251.38847692012683,24100
2025-12-24,251.408447265625,251.5182070763483,248.18550701683444,251.5182070763483,5200
2025-12-26,249.7520751953125,253.58366545674878,248.44494533206623,251.48825644403934,14000
2025-12-29,251.13902282714844,252.83529827809755,247.90611009475953,249.08353485037836,14800
2025-12-30,250.1112823486328,251.1889199412185,249.41281776789742,249.87180225292954,10800
2025-12-31,249.093505859375,252.4461510034561,248.64449401136298,250.95940732075542,13300
