Date,close,high,low,open,volume
1989-01-03,2.9302124977111816,2.9302124977111816,2.9302124977111816,2.9302124977111816,0
1989-01-04,2.9302124977111816,2.9302124977111816,2.9302124977111816,2.9302124977111816,933
1989-01-05,3.155613899230957,3.155613899230957,3.155613899230957,3.155613899230957,67
1989-01-06,3.155613899230957,3.381014892033168,3.155613899230957,3.155613899230957,1733
1989-01-09,3.155613899230957,3.155613899230957,3.155613899230957,3.155613899230957,0
1989-01-10,3.155613899230957,3.381014892033168,3.155613899230957,3.155613899230957,2000
1989-01-11,3.155613899230957,3.381014892033168,3.155613899230957,3.155613899230957,3133
1989-01-12,3.155613899230957,3.155613899230957,3.155613899230957,3.155613899230957,0
1989-01-13,3.155613899230957,3.155613899230957,3.155613899230957,3.155613899230957,0
1989-01-16,3.155613899230957,3.155613899230957,3.155613899230957,3.155613899230957,0
1989-01-17,3.381014347076416,3.606415303548177,3.381014347076416,3.381014347076416,1833
1989-01-18,3.381014347076416,3.381014347076416,3.381014347076416,3.381014347076416,67
1989-01-19,3.381014347076416,3.381014347076416,3.381014347076416,3.381014347076416,667
1989-01-20,2.9302124977111816,3.1556134590735803,2.9302124977111816,3.1556134590735803,2333
1989-01-23,2.9302124977111816,2.9302124977111816,2.9302124977111816,2.9302124977111816,0
1989-01-24,2.9302124977111816,2.9302124977111816,2.9302124977111816,2.9302124977111816,0
1989-01-25,2.9302124977111816,2.9302124977111816,2.9302124977111816,2.9302124977111816,1667
1989-01-26,3.155613899230957,3.155613899230957,2.930212906428746,2.930212906428746,3833
1989-01-27,3.155613899230957,3.155613899230957,3.155613899230957,3.155613899230957,667
1989-01-30,3.155613899230957,3.155613899230957,3.155613899230957,3.155613899230957,0
1989-01-31,3.155613899230957,3.155613899230957,3.155613899230957,3.155613899230957,0
1989-02-01,3.155613899230957,3.155613899230957,3.155613899230957,3.155613899230957,0
1989-02-02,2.7048118114471436,2.9302127957344055,2.7048118114471436,2.9302127957344055,1500
1989-02-03,2.7048118114471436,2.7048118114471436,2.7048118114471436,2.7048118114471436,0
1989-02-06,2.7048118114471436,2.9302127957344055,2.7048118114471436,2.7048118114471436,33
1989-02-07,2.7048118114471436,2.9302127957344055,2.7048118114471436,2.7048118114471436,8467
1989-02-08,2.7048118114471436,2.7048118114471436,2.7048118114471436,2.7048118114471436,0
1989-02-09,2.9302124977111816,2.9302124977111816,2.704811536348783,2.704811536348783,4833
1989-02-10,2.9302124977111816,2.9302124977111816,2.704811536348783,2.9302124977111816,533
1989-02-13,2.9302124977111816,2.9302124977111816,2.9302124977111816,2.9302124977111816,0
1989-02-14,2.9302124977111816,2.9302124977111816,2.9302124977111816,2.9302124977111816,0
1989-02-15,2.9302124977111816,2.9302124977111816,2.9302124977111816,2.9302124977111816,0
1989-02-16,2.9302124977111816,2.9302124977111816,2.9302124977111816,2.9302124977111816,0
1989-02-17,2.7048118114471436,2.9302127957344055,2.7048118114471436,2.9302127957344055,2333
1989-02-21,2.7048118114471436,2.7048118114471436,2.7048118114471436,2.7048118114471436,267
1989-02-22,2.7048118114471436,2.7048118114471436,2.7048118114471436,2.7048118114471436,0
1989-02-23,2.7229652404785156,2.7229652404785156,2.7229652404785156,2.7229652404785156,0
1989-02-24,2.7229652404785156,2.7229652404785156,2.7229652404785156,2.7229652404785156,0
1989-02-27,2.7229652404785156,2.7229652404785156,2.7229652404785156,2.7229652404785156,0
1989-02-28,2.7229652404785156,2.7229652404785156,2.7229652404785156,2.7229652404785156,0
1989-03-01,2.7229652404785156,2.7229652404785156,2.7229652404785156,2.7229652404785156,0
1989-03-02,2.7229652404785156,2.949879010518392,2.7229652404785156,2.7229652404785156,67
1989-03-03,2.9498791694641113,2.9498791694641113,2.9498791694641113,2.9498791694641113,233
1989-03-06,2.9498791694641113,2.9498791694641113,2.9498791694641113,2.9498791694641113,0
1989-03-07,2.7229652404785156,2.7229652404785156,2.7229652404785156,2.7229652404785156,233
1989-03-08,2.9498791694641113,2.9498791694641113,2.9498791694641113,2.9498791694641113,1667
1989-03-09,3.4037067890167236,3.4037067890167236,2.9498792171478274,2.9498792171478274,5333
1989-03-10,3.1767923831939697,3.4037061248506815,3.1767923831939693,3.4037061248506815,7500
1989-03-13,3.4037067890167236,3.4037067890167236,3.1767930030822753,3.1767930030822753,3233
1989-03-14,3.4037067890167236,3.4037067890167236,3.4037067890167236,3.4037067890167236,367
1989-03-15,3.4037067890167236,3.4037067890167236,3.4037067890167236,3.4037067890167236,333
1989-03-16,3.4037067890167236,3.4037067890167236,3.4037067890167236,3.4037067890167236,500
1989-03-17,3.4037067890167236,3.4037067890167236,3.4037067890167236,3.4037067890167236,0
1989-03-20,3.4037067890167236,3.4037067890167236,3.4037067890167236,3.4037067890167236,0
1989-03-21,3.4037067890167236,3.4037067890167236,3.4037067890167236,3.4037067890167236,600
1989-03-22,3.4037067890167236,3.4037067890167236,3.4037067890167236,3.4037067890167236,0
1989-03-23,3.1767923831939697,3.4037061248506815,3.1767923831939693,3.4037061248506815,1333
1989-03-27,3.1767923831939697,3.4037061248506815,3.1767923831939693,3.1767923831939693,2167
1989-03-28,3.1767923831939697,3.1767923831939693,3.1767923831939693,3.1767923831939693,0
1989-03-29,3.1767923831939697,3.1767923831939693,3.1767923831939693,3.1767923831939693,0
1989-03-30,3.1767923831939697,3.1767923831939693,3.1767923831939693,3.1767923831939693,0
1989-03-31,3.4037067890167236,3.4037067890167236,3.4037067890167236,3.4037067890167236,1000
1989-04-03,3.4037067890167236,3.4037067890167236,3.4037067890167236,3.4037067890167236,0
1989-04-04,3.4037067890167236,3.4037067890167236,3.4037067890167236,3.4037067890167236,0
1989-04-05,3.1767923831939697,3.1767923831939693,3.1767923831939693,3.1767923831939693,1667
1989-04-06,2.9498791694641113,2.9498791694641113,2.9498791694641113,2.9498791694641113,400
1989-04-07,2.9498791694641113,2.9498791694641113,2.9498791694641113,2.9498791694641113,0
1989-04-10,2.9498791694641113,2.9498791694641113,2.9498791694641113,2.9498791694641113,333
1989-04-11,3.1767923831939697,3.1767923831939693,2.9498786415372575,2.9498786415372575,300
1989-04-12,3.1767923831939697,3.1767923831939693,3.1767923831939693,3.1767923831939693,0
1989-04-13,3.1767923831939697,3.1767923831939693,2.9498786415372575,3.1767923831939693,4867
1989-04-14,3.1767923831939697,3.1767923831939693,3.1767923831939693,3.1767923831939693,0
1989-04-17,3.1767923831939697,3.1767923831939693,3.1767923831939693,3.1767923831939693,0
1989-04-18,3.1767923831939697,3.4037061248506815,2.9498786415372575,3.1767923831939693,11100
1989-04-19,3.4037067890167236,3.4037067890167236,2.9498792171478274,3.1767930030822753,3267
1989-04-20,3.1767923831939697,3.4037061248506815,3.1767923831939693,3.4037061248506815,8800
1989-04-21,3.1767923831939697,3.4037061248506815,3.1767923831939693,3.1767923831939693,3333
1989-04-24,3.4037067890167236,3.4037067890167236,3.1767930030822753,3.1767930030822753,2367
1989-04-25,3.1767923831939697,3.1767923831939693,3.1767923831939693,3.1767923831939693,333
1989-04-26,3.1767923831939697,3.4037061248506815,3.1767923831939693,3.1767923831939693,667
1989-04-27,3.1767923831939697,3.1767923831939693,3.1767923831939693,3.1767923831939693,900
1989-04-28,3.1767923831939697,3.1767923831939693,3.1767923831939693,3.1767923831939693,0
1989-05-01,3.1767923831939697,3.1767923831939693,3.1767923831939693,3.1767923831939693,167
1989-05-02,3.1767923831939697,3.1767923831939693,3.1767923831939693,3.1767923831939693,367
1989-05-03,2.9498791694641113,2.9498791694641113,2.9498791694641113,2.9498791694641113,33
1989-05-04,2.9498791694641113,2.9498791694641113,2.9498791694641113,2.9498791694641113,0
1989-05-05,3.1767923831939697,3.1767923831939693,3.1767923831939693,3.1767923831939693,167
1989-05-08,2.9498791694641113,3.1767929517305817,2.9498791694641113,3.1767929517305817,4267
1989-05-09,3.1767923831939697,3.1767923831939693,2.9498786415372575,2.9498786415372575,3000
1989-05-10,2.9498791694641113,2.9498791694641113,2.9498791694641113,2.9498791694641113,500
1989-05-11,3.1767923831939697,3.1767923831939693,3.1767923831939693,3.1767923831939693,100
1989-05-12,3.1767923831939697,3.1767923831939693,3.1767923831939693,3.1767923831939693,667
1989-05-15,2.9498791694641113,2.9498791694641113,2.9498791694641113,2.9498791694641113,1833
1989-05-16,3.1767923831939697,3.1767923831939693,2.7229648998805454,2.9498786415372575,11600
1989-05-17,3.1767923831939697,3.1767923831939693,3.1767923831939693,3.1767923831939693,12533
1989-05-18,3.630620241165161,3.630620241165161,3.176792711019516,3.176792711019516,30500
1989-05-19,3.630620241165161,3.8575340062379837,3.630620241165161,3.630620241165161,2333
1989-05-22,3.4037067890167236,3.630620574951172,3.4037067890167236,3.630620574951172,1567
1989-05-23,3.630620241165161,3.630620241165161,3.4037064760923386,3.4037064760923386,767
1989-05-24,3.630620241165161,3.630620241165161,3.630620241165161,3.630620241165161,500
1989-05-25,3.630620241165161,3.630620241165161,3.4037064760923386,3.630620241165161,667
1989-05-26,3.630620241165161,3.630620241165161,3.630620241165161,3.630620241165161,333
1989-05-30,3.630620241165161,3.630620241165161,3.4037064760923386,3.630620241165161,12000
1989-05-31,3.4037067890167236,3.630620574951172,3.4037067890167236,3.630620574951172,15433
1989-06-01,3.4037067890167236,3.4037067890167236,3.4037067890167236,3.4037067890167236,333
1989-06-02,3.4037067890167236,3.630620574951172,3.4037067890167236,3.4037067890167236,867
1989-06-05,3.4037067890167236,3.4037067890167236,3.4037067890167236,3.4037067890167236,0
1989-06-06,3.4037067890167236,3.4037067890167236,3.4037067890167236,3.4037067890167236,333
1989-06-07,3.4037067890167236,3.4037067890167236,3.4037067890167236,3.4037067890167236,0
1989-06-08,3.1767923831939697,3.4037061248506815,3.1767923831939693,3.4037061248506815,2567
1989-06-09,3.1767923831939697,3.1767923831939693,3.1767923831939693,3.1767923831939693,0
1989-06-12,3.1767923831939697,3.1767923831939693,3.1767923831939693,3.1767923831939693,2167
1989-06-13,3.1767923831939697,3.1767923831939693,3.1767923831939693,3.1767923831939693,3000
1989-06-14,3.1950504779815674,3.1950504779815674,3.1950504779815674,3.1950504779815674,1833
1989-06-15,3.1950504779815674,3.423268369265965,3.1950504779815674,3.1950504779815674,1767
1989-06-16,3.1950504779815674,3.1950504779815674,3.1950504779815674,3.1950504779815674,1333
1989-06-19,3.1950504779815674,3.1950504779815674,3.1950504779815674,3.1950504779815674,167
1989-06-20,3.1950504779815674,3.1950504779815674,3.1950504779815674,3.1950504779815674,1667
1989-06-21,3.4232680797576904,3.4232680797576904,3.1950502077738445,3.1950502077738445,4833
1989-06-22,3.4232680797576904,3.4232680797576904,3.4232680797576904,3.4232680797576904,0
1989-06-23,3.6514854431152344,3.6514854431152344,3.19504976272583,3.4232676029205322,3867
1989-06-26,3.6514854431152344,3.6514854431152344,3.6514854431152344,3.6514854431152344,0
1989-06-27,3.4232680797576904,3.4232680797576904,3.4232680797576904,3.4232680797576904,3333
1989-06-28,3.4232680797576904,3.4232680797576904,3.4232680797576904,3.4232680797576904,3267
1989-06-29,3.4232680797576904,3.4232680797576904,3.4232680797576904,3.4232680797576904,0
1989-06-30,3.4232680797576904,3.4232680797576904,3.4232680797576904,3.4232680797576904,333
1989-07-03,3.4232680797576904,3.4232680797576904,3.4232680797576904,3.4232680797576904,0
1989-07-05,3.4232680797576904,3.4232680797576904,3.4232680797576904,3.4232680797576904,0
1989-07-06,3.6514854431152344,3.6514854431152344,3.4232676029205322,3.4232676029205322,4067
1989-07-07,3.6514854431152344,3.6514854431152344,3.6514854431152344,3.6514854431152344,0
1989-07-10,3.8797037601470947,3.8797037601470947,3.4232680236592015,3.651485891903148,7800
1989-07-11,4.107921123504639,4.107921123504639,3.6514854431152344,3.879703283309937,15967
1989-07-12,4.107921123504639,4.107921123504639,3.879703283309937,4.107921123504639,32100
1989-07-13,3.8797037601470947,4.107921628391042,3.8797037601470947,4.107921628391042,2000
1989-07-14,4.336139678955078,4.564357556794819,3.879703923275596,3.879703923275596,37400
1989-07-17,4.336139678955078,4.336139678955078,4.336139678955078,4.336139678955078,9567
1989-07-18,4.336139678955078,4.564357556794819,4.336139678955078,4.336139678955078,6600
1989-07-19,4.564357280731201,4.564357280731201,4.336139416694642,4.336139416694642,14500
1989-07-20,4.336139678955078,4.564357556794819,4.336139678955078,4.564357556794819,2367
1989-07-21,4.564357280731201,4.564357280731201,4.336139416694642,4.336139416694642,8067
1989-07-24,4.336139678955078,4.336139678955078,4.336139678955078,4.336139678955078,133
1989-07-25,4.564357280731201,4.564357280731201,4.564357280731201,4.564357280731201,167
1989-07-26,4.336139678955078,4.336139678955078,4.336139678955078,4.336139678955078,67
1989-07-27,4.564357280731201,4.792575144767762,4.336139416694642,4.336139416694642,17133
1989-07-28,4.792575359344482,5.020793233598981,4.564357485089983,4.564357485089983,5100
1989-07-31,5.020792484283447,5.020792484283447,4.792574644088745,4.792574644088745,767
1989-08-01,4.792575359344482,5.020793233598981,4.792575359344482,5.020793233598981,4400
1989-08-02,5.020792484283447,5.020792484283447,4.792574644088745,4.792574644088745,9167
1989-08-03,4.792575359344482,5.020793233598981,4.792575359344482,5.020793233598981,700
1989-08-04,4.792575359344482,4.792575359344482,4.792575359344482,4.792575359344482,667
1989-08-07,5.020792484283447,5.020792484283447,4.792574644088745,4.792574644088745,1700
1989-08-08,5.020792484283447,5.020792484283447,4.792574644088745,5.020792484283447,5933
1989-08-09,4.792575359344482,4.792575359344482,4.792575359344482,4.792575359344482,600
1989-08-10,5.020792484283447,5.020792484283447,5.020792484283447,5.020792484283447,167
1989-08-11,5.020792484283447,5.020792484283447,5.020792484283447,5.020792484283447,367
1989-08-14,5.020792484283447,5.020792484283447,4.564356803894043,5.020792484283447,3667
1989-08-15,4.792575359344482,4.792575359344482,4.792575359344482,4.792575359344482,667
1989-08-16,4.792575359344482,4.792575359344482,4.792575359344482,4.792575359344482,0
1989-08-17,4.564357280731201,4.792575144767762,4.564357280731201,4.792575144767762,4167
1989-08-18,4.792575359344482,4.792575359344482,4.564357485089983,4.564357485089983,967
1989-08-21,4.564357280731201,4.564357280731201,4.564357280731201,4.564357280731201,2167
1989-08-22,4.336139678955078,4.336139678955078,4.107921801115337,4.336139678955078,1667
1989-08-23,4.336139678955078,4.336139678955078,4.336139678955078,4.336139678955078,333
1989-08-24,4.792575359344482,4.792575359344482,4.336139610835484,4.336139610835484,5267
1989-08-25,4.792575359344482,4.792575359344482,4.792575359344482,4.792575359344482,0
1989-08-28,4.792575359344482,4.792575359344482,4.792575359344482,4.792575359344482,67
1989-08-29,4.792575359344482,4.792575359344482,4.792575359344482,4.792575359344482,567
1989-08-30,4.792575359344482,4.792575359344482,4.792575359344482,4.792575359344482,0
1989-08-31,4.792575359344482,4.792575359344482,4.792575359344482,4.792575359344482,0
1989-09-01,4.792575359344482,4.792575359344482,4.564357485089983,4.792575359344482,667
1989-09-05,4.564357280731201,4.564357280731201,4.564357280731201,4.564357280731201,1833
1989-09-06,4.564357280731201,4.564357280731201,4.564357280731201,4.564357280731201,0
1989-09-07,4.564357280731201,4.792575144767762,4.564357280731201,4.564357280731201,667
1989-09-08,4.564357280731201,4.564357280731201,4.564357280731201,4.564357280731201,1333
1989-09-11,4.353553295135498,4.582687679089998,4.353553295135498,4.582687679089998,1467
1989-09-12,4.582688331604004,4.582688331604004,4.353553915023804,4.353553915023804,2200
1989-09-13,4.353553295135498,4.353553295135498,4.353553295135498,4.353553295135498,100
1989-09-14,4.353553295135498,4.353553295135498,4.353553295135498,4.353553295135498,2600
1989-09-15,4.353553295135498,4.353553295135498,4.353553295135498,4.353553295135498,0
1989-09-18,4.353553295135498,4.353553295135498,4.353553295135498,4.353553295135498,667
1989-09-19,4.353553295135498,4.353553295135498,4.353553295135498,4.353553295135498,0
1989-09-20,4.353553295135498,4.353553295135498,4.353553295135498,4.353553295135498,4100
1989-09-21,4.124419212341309,4.124419212341309,4.124419212341309,4.124419212341309,3333
1989-09-22,4.124419212341309,4.124419212341309,4.124419212341309,4.124419212341309,333
1989-09-25,4.124419212341309,4.124419212341309,4.124419212341309,4.124419212341309,333
1989-09-26,3.895284414291382,3.895284414291382,3.895284414291382,3.895284414291382,667
1989-09-27,3.895284414291382,3.895284414291382,3.895284414291382,3.895284414291382,0
1989-09-28,3.895284414291382,3.895284414291382,3.895284414291382,3.895284414291382,1667
1989-09-29,3.895284414291382,4.12441879160264,3.895284414291382,3.895284414291382,733
1989-10-02,4.124419212341309,4.124419212341309,3.6661504109700522,3.8952848116556806,2733
1989-10-03,3.895284414291382,3.895284414291382,3.895284414291382,3.895284414291382,333
1989-10-04,3.895284414291382,3.895284414291382,3.895284414291382,3.895284414291382,667
1989-10-05,4.124419212341309,4.124419212341309,3.6661504109700522,3.8952848116556806,533
1989-10-06,3.895284414291382,3.895284414291382,3.895284414291382,3.895284414291382,7733
1989-10-09,3.895284414291382,3.895284414291382,3.895284414291382,3.895284414291382,0
1989-10-10,3.895284414291382,3.895284414291382,3.895284414291382,3.895284414291382,0
1989-10-11,3.895284414291382,3.895284414291382,3.895284414291382,3.895284414291382,0
1989-10-12,3.895284414291382,3.895284414291382,3.895284414291382,3.895284414291382,0
1989-10-13,4.353553295135498,4.353553295135498,4.124418911180999,4.124418911180999,4833
1989-10-16,4.353553295135498,4.353553295135498,4.353553295135498,4.353553295135498,0
1989-10-17,3.895284414291382,4.12441879160264,3.895284414291382,4.12441879160264,1667
1989-10-18,3.895284414291382,3.895284414291382,3.895284414291382,3.895284414291382,267
1989-10-19,4.124419212341309,4.124419212341309,3.8952848116556806,3.8952848116556806,933
1989-10-20,4.353553295135498,4.353553295135498,3.895284527226498,4.124418911180999,18633
1989-10-23,4.124419212341309,4.124419212341309,4.124419212341309,4.124419212341309,4167
1989-10-24,3.895284414291382,4.353553168913897,3.895284414291382,4.12441879160264,3833
1989-10-25,4.124419212341309,4.353553613026937,3.6661504109700522,3.8952848116556806,24500
1989-10-26,4.124419212341309,4.353553613026937,3.8952848116556806,4.124419212341309,1900
1989-10-27,3.895284414291382,4.353553168913897,3.895284414291382,4.12441879160264,1533
1989-10-30,3.895284414291382,3.895284414291382,3.895284414291382,3.895284414291382,0
1989-10-31,4.124419212341309,4.124419212341309,3.8952848116556806,3.8952848116556806,7000
1989-11-01,3.895284414291382,3.895284414291382,3.895284414291382,3.895284414291382,3667
1989-11-02,3.895284414291382,3.895284414291382,3.895284414291382,3.895284414291382,3000
1989-11-03,3.895284414291382,3.895284414291382,3.895284414291382,3.895284414291382,1333
1989-11-06,3.895284414291382,3.895284414291382,3.666150036980124,3.895284414291382,8300
1989-11-07,3.895284414291382,3.895284414291382,3.895284414291382,3.895284414291382,0
1989-11-08,3.895284414291382,3.895284414291382,3.895284414291382,3.895284414291382,0
1989-11-09,3.895284414291382,3.895284414291382,3.895284414291382,3.895284414291382,0
1989-11-10,3.6661505699157715,3.6661505699157715,3.6661505699157715,3.6661505699157715,600
1989-11-13,3.6661505699157715,3.6661505699157715,3.6661505699157715,3.6661505699157715,0
1989-11-14,3.6661505699157715,3.895284980535507,3.6661505699157715,3.6661505699157715,18333
1989-11-15,3.6661505699157715,3.6661505699157715,3.6661505699157715,3.6661505699157715,333
1989-11-16,4.124419212341309,4.124419212341309,3.8952848116556806,3.8952848116556806,9333
1989-11-17,4.353553295135498,4.353553295135498,4.124418911180999,4.124418911180999,5400
1989-11-20,4.582688331604004,4.582688331604004,4.353553915023804,4.353553915023804,6733
1989-11-21,4.353553295135498,4.353553295135498,4.124418911180999,4.353553295135498,7667
1989-11-22,4.353553295135498,4.582687679089998,4.124418911180999,4.353553295135498,2900
1989-11-24,4.353553295135498,4.353553295135498,4.353553295135498,4.353553295135498,733
1989-11-27,4.371962070465088,4.371962070465088,4.371962070465088,4.371962070465088,0
1989-11-28,4.371962070465088,4.602065337331672,4.371962070465088,4.371962070465088,3300
1989-11-29,4.371962070465088,4.371962070465088,4.371962070465088,4.371962070465088,0
1989-11-30,4.371962070465088,4.371962070465088,4.371962070465088,4.371962070465088,0
1989-12-01,4.8321685791015625,4.8321685791015625,4.8321685791015625,4.8321685791015625,67
1989-12-04,4.8321685791015625,5.062271844773066,4.8321685791015625,4.8321685791015625,5533
1989-12-05,4.8321685791015625,5.062271844773066,4.8321685791015625,4.8321685791015625,2467
1989-12-06,5.062272071838379,5.062272071838379,5.062272071838379,5.062272071838379,1467
1989-12-07,5.062272071838379,5.062272071838379,4.832168795845726,5.062272071838379,1100
1989-12-08,4.8321685791015625,5.062271844773066,4.8321685791015625,5.062271844773066,4667
1989-12-11,5.062272071838379,5.062272071838379,5.062272071838379,5.062272071838379,233
1989-12-12,5.062272071838379,5.062272071838379,5.062272071838379,5.062272071838379,0
1989-12-13,5.062272071838379,5.062272071838379,4.832168795845726,5.062272071838379,600
1989-12-14,4.8321685791015625,5.062271844773066,4.8321685791015625,5.062271844773066,1267
1989-12-15,4.8321685791015625,4.8321685791015625,4.8321685791015625,4.8321685791015625,3300
1989-12-18,4.8321685791015625,4.8321685791015625,4.8321685791015625,4.8321685791015625,3467
1989-12-19,4.8321685791015625,4.8321685791015625,4.8321685791015625,4.8321685791015625,1167
1989-12-20,4.8321685791015625,4.8321685791015625,4.8321685791015625,4.8321685791015625,0
1989-12-21,4.8321685791015625,4.8321685791015625,4.8321685791015625,4.8321685791015625,1000
1989-12-22,4.8321685791015625,4.8321685791015625,4.602065313430059,4.8321685791015625,4500
1989-12-26,4.8321685791015625,4.8321685791015625,4.8321685791015625,4.8321685791015625,0
1989-12-27,4.602065086364746,4.832168340682983,4.602065086364746,4.832168340682983,3733
1989-12-28,4.8321685791015625,4.8321685791015625,4.141858782087054,4.602065313430059,6167
1989-12-29,4.602065086364746,4.832168340682983,4.602065086364746,4.832168340682983,15633
1990-01-02,4.371962070465088,4.602065337331672,4.371962070465088,4.602065337331672,5500
1990-01-03,4.602065086364746,4.602065086364746,4.371961832046509,4.371961832046509,6733
1990-01-04,4.371962070465088,4.602065337331672,4.371962070465088,4.602065337331672,1433
1990-01-05,4.371962070465088,4.371962070465088,4.371962070465088,4.371962070465088,167
1990-01-08,4.602065086364746,4.602065086364746,4.371961832046509,4.371961832046509,1333
1990-01-09,4.371962070465088,4.602065337331672,4.371962070465088,4.602065337331672,600
1990-01-10,4.602065086364746,4.602065086364746,4.602065086364746,4.602065086364746,2400
1990-01-11,4.602065086364746,4.602065086364746,4.371961832046509,4.602065086364746,16433
1990-01-12,4.602065086364746,4.602065086364746,4.371961832046509,4.602065086364746,1133
1990-01-15,4.602065086364746,4.602065086364746,4.371961832046509,4.602065086364746,1800
1990-01-16,4.602065086364746,4.602065086364746,4.371961832046509,4.602065086364746,3100
1990-01-17,4.602065086364746,4.602065086364746,4.602065086364746,4.602065086364746,333
1990-01-18,4.602065086364746,4.602065086364746,4.602065086364746,4.602065086364746,4667
1990-01-19,4.602065086364746,4.602065086364746,4.602065086364746,4.602065086364746,0
1990-01-22,4.602065086364746,4.602065086364746,4.602065086364746,4.602065086364746,0
1990-01-23,4.602065086364746,4.602065086364746,4.602065086364746,4.602065086364746,800
1990-01-24,4.14185905456543,4.37196233537462,4.14185905456543,4.37196233537462,5367
1990-01-25,4.371962070465088,4.371962070465088,4.141858803598504,4.141858803598504,2367
1990-01-26,4.14185905456543,4.37196233537462,4.14185905456543,4.37196233537462,1233
1990-01-29,4.14185905456543,4.14185905456543,4.14185905456543,4.14185905456543,33
1990-01-30,4.14185905456543,4.14185905456543,4.14185905456543,4.14185905456543,1233
1990-01-31,4.371962070465088,4.371962070465088,4.141858803598504,4.141858803598504,1667
1990-02-01,4.371962070465088,4.371962070465088,4.371962070465088,4.371962070465088,0
1990-02-02,4.602065086364746,4.602065086364746,4.371961832046509,4.371961832046509,1333
1990-02-05,4.602065086364746,4.602065086364746,4.602065086364746,4.602065086364746,0
1990-02-06,4.602065086364746,4.602065086364746,4.1418585777282715,4.602065086364746,567
1990-02-07,4.602065086364746,4.602065086364746,4.1418585777282715,4.602065086364746,4333
1990-02-08,4.14185905456543,4.602065616183811,4.14185905456543,4.602065616183811,1167
1990-02-09,4.602065086364746,4.602065086364746,4.1418585777282715,4.1418585777282715,4333
1990-02-12,4.14185905456543,4.14185905456543,4.14185905456543,4.14185905456543,433
1990-02-13,3.681652307510376,4.3719621151685715,3.681652307510376,4.141858845949173,4167
1990-02-14,4.14185905456543,4.14185905456543,3.6816524929470487,3.6816524929470487,2833
1990-02-15,4.14185905456543,4.14185905456543,4.14185905456543,4.14185905456543,1333
1990-02-16,3.911754846572876,4.1418580728418695,3.9117548465728764,4.1418580728418695,5000
1990-02-20,3.911754846572876,3.9117548465728764,3.6816516203038834,3.9117548465728764,6067
1990-02-21,3.911754846572876,3.9117548465728764,3.6816516203038834,3.9117548465728764,16767
1990-02-22,3.911754846572876,3.9117548465728764,3.6816516203038834,3.9117548465728764,2500
1990-02-23,3.9302499294281006,3.9302499294281006,3.9302499294281006,3.9302499294281006,2733
1990-02-26,3.9302499294281006,3.9302499294281006,3.6990587571088005,3.9302499294281006,5567
1990-02-27,3.9302499294281006,3.9302499294281006,3.6990587571088005,3.9302499294281006,4833
1990-02-28,4.161441802978516,4.161441802978516,3.9302505917019315,3.9302505917019315,10900
1990-03-01,4.161441802978516,4.161441802978516,3.9302505917019315,4.161441802978516,18667
1990-03-02,4.392633438110352,4.392633438110352,4.161442204525596,4.161442204525596,5367
1990-03-05,4.392633438110352,4.392633438110352,4.161442204525596,4.392633438110352,7200
1990-03-06,4.161441802978516,4.392633014255099,4.161441802978516,4.392633014255099,767
1990-03-07,4.623824596405029,4.623824596405029,4.392633366584778,4.392633366584778,19033
1990-03-08,4.623824596405029,4.623824596405029,4.392633366584778,4.623824596405029,5167
1990-03-09,4.623824596405029,4.623824596405029,4.623824596405029,4.623824596405029,3400
1990-03-12,4.623824596405029,4.623824596405029,4.623824596405029,4.623824596405029,200
1990-03-13,4.623824596405029,4.623824596405029,4.623824596405029,4.623824596405029,0
1990-03-14,5.086206912994385,6.010971806266091,4.623824466358531,4.623824466358531,75033
1990-03-15,5.086206912994385,5.3173981363123115,5.086206912994385,5.086206912994385,46833
1990-03-16,4.855015754699707,5.31739820752825,4.623824528285435,5.086206981113978,7833
1990-03-19,4.855015754699707,4.855015754699707,4.855015754699707,4.855015754699707,667
1990-03-20,4.855015754699707,5.086206981113978,4.855015754699707,4.855015754699707,1333
1990-03-21,4.855015754699707,4.855015754699707,4.855015754699707,4.855015754699707,1000
1990-03-22,5.086206912994385,5.086206912994385,4.855015689676458,4.855015689676458,11167
1990-03-23,4.855015754699707,5.086206981113978,4.855015754699707,5.086206981113978,2500
1990-03-26,4.623824596405029,4.855015826225281,4.623824596405029,4.855015826225281,4500
1990-03-27,4.855015754699707,4.855015754699707,4.623824528285435,4.623824528285435,8000
1990-03-28,4.392633438110352,4.623824671695107,4.392633438110352,4.623824671695107,1333
1990-03-29,4.392633438110352,4.392633438110352,4.392633438110352,4.392633438110352,0
1990-03-30,4.392633438110352,4.392633438110352,4.392633438110352,4.392633438110352,367
1990-04-02,4.392633438110352,4.392633438110352,4.392633438110352,4.392633438110352,1733
1990-04-03,4.623824596405029,4.623824596405029,4.623824596405029,4.623824596405029,7000
1990-04-04,4.623824596405029,4.623824596405029,4.623824596405029,4.623824596405029,333
1990-04-05,4.623824596405029,4.623824596405029,4.623824596405029,4.623824596405029,800
1990-04-06,4.623824596405029,4.623824596405029,4.623824596405029,4.623824596405029,0
1990-04-09,4.623824596405029,4.623824596405029,4.623824596405029,4.623824596405029,3333
1990-04-10,4.392633438110352,4.392633438110352,4.392633438110352,4.392633438110352,1800
1990-04-11,4.623824596405029,4.623824596405029,4.623824596405029,4.623824596405029,2467
1990-04-12,4.623824596405029,4.623824596405029,4.392633366584778,4.623824596405029,5600
1990-04-16,4.623824596405029,4.623824596405029,4.392633366584778,4.623824596405029,7567
1990-04-17,4.623824596405029,4.623824596405029,4.623824596405029,4.623824596405029,5500
1990-04-18,4.623824596405029,4.623824596405029,4.623824596405029,4.623824596405029,0
1990-04-19,4.623824596405029,4.623824596405029,4.623824596405029,4.623824596405029,467
1990-04-20,4.623824596405029,4.623824596405029,4.623824596405029,4.623824596405029,0
1990-04-23,4.855015754699707,4.855015754699707,4.623824528285435,4.623824528285435,2167
1990-04-24,4.623824596405029,4.623824596405029,4.623824596405029,4.623824596405029,1867
1990-04-25,4.623824596405029,4.623824596405029,4.623824596405029,4.623824596405029,667
1990-04-26,4.392633438110352,4.392633438110352,4.392633438110352,4.392633438110352,667
1990-04-27,4.392633438110352,4.623824671695107,4.392633438110352,4.392633438110352,3000
1990-04-30,4.392633438110352,4.392633438110352,4.392633438110352,4.392633438110352,0
1990-05-01,4.392633438110352,4.623824671695107,4.392633438110352,4.392633438110352,1100
1990-05-02,4.623824596405029,4.623824596405029,4.623824596405029,4.623824596405029,1333
1990-05-03,4.392633438110352,4.623824671695107,4.392633438110352,4.623824671695107,3100
1990-05-04,4.623824596405029,4.623824596405029,4.623824596405029,4.623824596405029,700
1990-05-07,4.623824596405029,4.623824596405029,4.623824596405029,4.623824596405029,67
1990-05-08,4.392633438110352,4.623824671695107,4.392633438110352,4.623824671695107,1167
1990-05-09,4.161441802978516,4.392633014255099,4.161441802978516,4.392633014255099,4667
1990-05-10,4.392633438110352,4.392633438110352,4.161442204525596,4.161442204525596,1667
1990-05-11,4.392633438110352,4.392633438110352,4.392633438110352,4.392633438110352,1667
1990-05-14,4.623824596405029,4.623824596405029,4.392633366584778,4.392633366584778,4100
1990-05-15,4.623824596405029,4.623824596405029,4.623824596405029,4.623824596405029,15500
1990-05-16,4.392633438110352,4.392633438110352,4.392633438110352,4.392633438110352,600
1990-05-17,4.392633438110352,4.392633438110352,4.392633438110352,4.392633438110352,1000
1990-05-18,4.623824596405029,4.623824596405029,4.623824596405029,4.623824596405029,333
1990-05-21,4.623824596405029,4.623824596405029,4.623824596405029,4.623824596405029,333
1990-05-22,4.623824596405029,4.623824596405029,4.392633366584778,4.623824596405029,1900
1990-05-23,4.392633438110352,4.392633438110352,4.392633438110352,4.392633438110352,1300
1990-05-24,4.392633438110352,4.623824671695107,4.392633438110352,4.392633438110352,3333
1990-05-25,4.643375873565674,4.643375873565674,4.643375873565674,4.643375873565674,33
1990-05-29,5.339881420135498,5.572050177532693,4.643375147943911,4.643375147943911,371367
1990-05-30,5.57205057144165,5.57205057144165,5.107713023821513,5.339881797631582,35167
1990-05-31,5.339881420135498,5.572050177532693,5.339881420135498,5.572050177532693,11567
1990-06-01,5.339881420135498,5.572050177532693,5.339881420135498,5.339881420135498,10700
1990-06-04,5.339881420135498,5.572050177532693,5.339881420135498,5.339881420135498,10600
1990-06-05,5.339881420135498,5.339881420135498,5.107712662738303,5.339881420135498,13433
1990-06-06,5.10771369934082,5.339882503856312,5.10771369934082,5.339882503856312,5700
1990-06-07,5.10771369934082,5.10771369934082,5.10771369934082,5.10771369934082,5900
1990-06-08,5.10771369934082,5.10771369934082,5.10771369934082,5.10771369934082,10333
1990-06-11,5.10771369934082,5.10771369934082,5.10771369934082,5.10771369934082,8300
1990-06-12,5.339881420135498,5.572050177532693,5.107712662738303,5.107712662738303,25267
1990-06-13,5.57205057144165,5.57205057144165,5.339881797631582,5.339881797631582,6800
1990-06-14,5.57205057144165,5.57205057144165,5.57205057144165,5.57205057144165,333
1990-06-15,6.036387920379639,6.036387920379639,5.339881621874296,5.572050388042744,80400
1990-06-18,6.036387920379639,6.036387920379639,5.804219154211191,6.036387920379639,18100
1990-06-19,5.8042192459106445,5.8042192459106445,5.8042192459106445,5.8042192459106445,5967
1990-06-20,6.036387920379639,6.036387920379639,5.804219154211191,5.804219154211191,37633
1990-06-21,6.036387920379639,6.036387920379639,6.036387920379639,6.036387920379639,17633
1990-06-22,6.036387920379639,6.036387920379639,6.036387920379639,6.036387920379639,11133
1990-06-25,5.8042192459106445,6.036388015747071,5.8042192459106445,6.036388015747071,6767
1990-06-26,6.036387920379639,6.036387920379639,5.804219154211191,5.804219154211191,4700
1990-06-27,6.036387920379639,6.036387920379639,6.036387920379639,6.036387920379639,300
1990-06-28,6.036387920379639,6.036387920379639,6.036387920379639,6.036387920379639,6567
1990-06-29,6.268557071685791,6.268557071685791,6.036388291252983,6.036388291252983,15033
1990-07-02,6.732893943786621,6.965062700468919,6.268556430422027,6.268556430422027,50833
1990-07-03,7.197232246398926,7.429401028540827,6.732894682115124,6.732894682115124,57467
1990-07-05,7.197232246398926,7.429401028540827,6.9650634642570255,7.197232246398926,30767
1990-07-06,7.429401397705078,7.429401397705078,7.197232604026794,7.197232604026794,35333
1990-07-09,7.197232246398926,7.429401028540827,7.197232246398926,7.429401028540827,14967
1990-07-10,6.732893943786621,7.429400213833514,6.500725187104324,7.197231457151216,23067
1990-07-11,6.965062618255615,7.197231372197469,6.732893864313762,6.732893864313762,20100
1990-07-12,7.197232246398926,7.197232246398926,6.732894682115124,6.9650634642570255,500
1990-07-13,6.965062618255615,7.197231372197469,6.732893864313762,7.197231372197469,9733
1990-07-16,6.965062618255615,6.965062618255615,6.732893864313762,6.965062618255615,10100
1990-07-17,6.732893943786621,6.965062700468919,6.500725187104324,6.965062700468919,5933
1990-07-18,6.732893943786621,6.732893943786621,6.500725187104324,6.732893943786621,1467
1990-07-19,6.500725746154785,6.7328945228031705,6.500725746154785,6.7328945228031705,10600
1990-07-20,6.500725746154785,6.965063299451556,6.268556969506401,6.500725746154785,8133
1990-07-23,6.268557071685791,6.268557071685791,6.036388291252983,6.268557071685791,4033
1990-07-24,6.268557071685791,6.268557071685791,6.268557071685791,6.268557071685791,1367
1990-07-25,6.036387920379639,6.036387920379639,6.036387920379639,6.036387920379639,667
1990-07-26,6.036387920379639,6.036387920379639,6.036387920379639,6.036387920379639,1700
1990-07-27,6.268557071685791,6.268557071685791,6.036388291252983,6.036388291252983,1000
1990-07-30,6.036387920379639,6.268556686548087,6.036387920379639,6.268556686548087,900
1990-07-31,6.268557071685791,6.268557071685791,6.036388291252983,6.036388291252983,767
1990-08-01,6.036387920379639,6.036387920379639,6.036387920379639,6.036387920379639,967
1990-08-02,6.268557071685791,6.268557071685791,6.036388291252983,6.036388291252983,833
1990-08-03,5.57205057144165,6.268556892871858,5.57205057144165,6.268556892871858,4233
1990-08-06,4.87554407119751,5.339881601787749,4.87554407119751,5.339881601787749,4300
1990-08-07,4.643375873565674,5.107713460922241,4.643375873565674,4.8755446672439575,2667
1990-08-08,5.57205057144165,5.57205057144165,4.875544250011444,4.875544250011444,5433
1990-08-09,5.57205057144165,5.8042193452517195,5.339881797631582,5.57205057144165,4633
1990-08-10,5.339881420135498,5.339881420135498,5.339881420135498,5.339881420135498,800
1990-08-13,5.339881420135498,5.572050177532693,5.339881420135498,5.339881420135498,5933
1990-08-14,5.10771369934082,5.10771369934082,5.10771369934082,5.10771369934082,667
1990-08-15,5.10771369934082,5.339882503856312,5.10771369934082,5.10771369934082,2333
1990-08-16,5.10771369934082,5.10771369934082,5.10771369934082,5.10771369934082,1500
1990-08-17,4.87554407119751,5.339881601787749,4.64337530590239,5.107712836492629,4000
1990-08-20,4.87554407119751,4.87554407119751,4.87554407119751,4.87554407119751,1933
1990-08-21,4.643375873565674,4.8755446672439575,4.1790382862091064,4.8755446672439575,15433
1990-08-22,4.411206245422363,4.643374995181436,4.411206245422363,4.643374995181436,1200
1990-08-23,4.1790385246276855,4.411207331551446,3.9468697177039256,4.411207331551446,6567
1990-08-24,4.1790385246276855,4.411207331551446,4.1790385246276855,4.1790385246276855,5433
1990-08-27,4.197694301605225,4.430899540583293,4.197694301605225,4.197694301605225,4100
1990-08-28,4.197694301605225,4.197694301605225,4.197694301605225,4.197694301605225,0
1990-08-29,4.66410493850708,4.66410493850708,3.9644891977310177,4.1976944446563715,4500
1990-08-30,4.897309303283691,4.897309303283691,4.664104098365421,4.664104098365421,4000
1990-08-31,4.66410493850708,4.897310185432434,4.66410493850708,4.897310185432434,867
1990-09-04,5.363720417022705,5.363720417022705,5.1305151814999785,5.1305151814999785,4333
1990-09-05,4.897309303283691,5.130514508201962,4.897309303283691,5.130514508201962,4533
1990-09-06,5.130515098571777,5.130515098571777,5.130515098571777,5.130515098571777,667
1990-09-07,5.130515098571777,5.130515098571777,4.897309866818515,5.130515098571777,1167
1990-09-10,4.897309303283691,5.130514508201962,4.897309303283691,5.130514508201962,2000
1990-09-11,4.66410493850708,4.66410493850708,4.66410493850708,4.66410493850708,4000
1990-09-12,4.430899143218994,4.430899143218994,4.430899143218994,4.430899143218994,1367
1990-09-13,4.430899143218994,4.430899143218994,4.430899143218994,4.430899143218994,967
1990-09-14,4.430899143218994,4.664104361283152,4.430899143218994,4.430899143218994,1233
1990-09-17,4.66410493850708,4.66410493850708,4.66410493850708,4.66410493850708,100
1990-09-18,4.197694301605225,4.430899540583293,4.197694301605225,4.430899540583293,3433
1990-09-19,4.197694301605225,4.430899540583293,4.197694301605225,4.197694301605225,500
1990-09-20,3.731283664703369,4.19769412279129,3.731283664703369,4.19769412279129,6533
1990-09-21,3.731283664703369,3.96448889374733,3.731283664703369,3.731283664703369,5933
1990-09-24,3.4980781078338623,3.731283315022786,3.498078107833862,3.731283315022786,3667
1990-09-25,3.9644885063171387,3.9644885063171387,3.49807809380924,3.49807809380924,2367
1990-09-26,3.4980781078338623,3.731283315022786,3.498078107833862,3.731283315022786,3200
1990-09-27,3.4980781078338623,3.731283315022786,3.498078107833862,3.498078107833862,1100
1990-09-28,3.4980781078338623,3.498078107833862,3.498078107833862,3.498078107833862,0
1990-10-01,3.4980781078338623,3.498078107833862,3.498078107833862,3.498078107833862,0
1990-10-02,3.731283664703369,3.731283664703369,3.4980784356594086,3.4980784356594086,1667
1990-10-03,3.4980781078338623,3.498078107833862,3.2648729006449377,3.498078107833862,1867
1990-10-04,3.4980781078338623,3.498078107833862,3.498078107833862,3.498078107833862,0
1990-10-05,3.031668186187744,3.4980786763704743,3.031668186187744,3.4980786763704743,1433
1990-10-08,3.031668186187744,3.031668186187744,3.031668186187744,3.031668186187744,0
1990-10-09,3.031668186187744,3.031668186187744,3.031668186187744,3.031668186187744,1067
1990-10-10,3.031668186187744,3.2648734312791095,3.031668186187744,3.031668186187744,3433
1990-10-11,3.031668186187744,3.2648734312791095,2.7984629410963793,3.031668186187744,5000
1990-10-12,2.7984626293182373,2.7984626293182373,2.7984626293182373,2.7984626293182373,5667
1990-10-15,2.7984626293182373,3.03166784842809,2.7984626293182373,2.7984626293182373,1833
1990-10-16,2.7984626293182373,3.03166784842809,2.7984626293182373,2.7984626293182373,533
1990-10-17,2.7984626293182373,2.7984626293182373,2.7984626293182373,2.7984626293182373,167
1990-10-18,3.2648732662200928,3.2648732662200928,3.031668032918658,3.031668032918658,4633
1990-10-19,3.2648732662200928,3.2648732662200928,3.2648732662200928,3.2648732662200928,2733
1990-10-22,3.2648732662200928,3.2648732662200928,3.031668032918658,3.2648732662200928,6000
1990-10-23,3.731283664703369,3.731283664703369,3.264873206615448,3.264873206615448,4967
1990-10-24,3.4980781078338623,3.731283315022786,3.2648729006449377,3.731283315022786,6067
1990-10-25,3.2648732662200928,3.2648732662200928,3.2648732662200928,3.2648732662200928,667
1990-10-26,3.2648732662200928,3.2648732662200928,3.2648732662200928,3.2648732662200928,1667
1990-10-29,3.031668186187744,3.4980786763704743,3.031668186187744,3.2648734312791095,9467
1990-10-30,3.031668186187744,3.4980786763704743,3.031668186187744,3.031668186187744,9633
1990-10-31,3.2648732662200928,3.2648732662200928,3.2648732662200928,3.2648732662200928,667
1990-11-01,3.2648732662200928,3.2648732662200928,3.031668032918658,3.2648732662200928,4100
1990-11-02,3.2648732662200928,3.2648732662200928,3.031668032918658,3.2648732662200928,5567
1990-11-05,3.031668186187744,3.031668186187744,3.031668186187744,3.031668186187744,333
1990-11-06,3.031668186187744,3.2648734312791095,3.031668186187744,3.031668186187744,4667
1990-11-07,3.031668186187744,3.2648734312791095,3.031668186187744,3.031668186187744,467
1990-11-08,3.031668186187744,3.031668186187744,3.031668186187744,3.031668186187744,433
1990-11-09,3.2648732662200928,3.2648732662200928,3.031668032918658,3.031668032918658,1967
1990-11-12,3.031668186187744,3.031668186187744,3.031668186187744,3.031668186187744,3667
1990-11-13,3.2648732662200928,3.498078499521528,3.031668032918658,3.031668032918658,6000
1990-11-14,3.2648732662200928,3.2648732662200928,3.031668032918658,3.2648732662200928,2000
1990-11-15,3.031668186187744,3.4980786763704743,3.031668186187744,3.2648734312791095,2900
1990-11-16,3.031668186187744,3.2648734312791095,3.031668186187744,3.031668186187744,2667
1990-11-19,3.031668186187744,3.031668186187744,3.031668186187744,3.031668186187744,0
1990-11-20,3.031668186187744,3.031668186187744,3.031668186187744,3.031668186187744,0
1990-11-21,3.031668186187744,3.031668186187744,3.031668186187744,3.031668186187744,0
1990-11-23,3.031668186187744,3.031668186187744,3.031668186187744,3.031668186187744,367
1990-11-26,2.8157906532287598,3.2850890954335528,2.8157906532287598,3.0504398743311563,7233
1990-11-27,2.8157906532287598,3.0504398743311563,2.8157906532287598,2.8157906532287598,2567
1990-11-28,2.8157906532287598,2.8157906532287598,2.8157906532287598,2.8157906532287598,0
1990-11-29,3.0504398345947266,3.0504398345947266,2.8157906165489783,2.8157906165489783,2733
1990-11-30,2.8157906532287598,2.8157906532287598,2.581141432126363,2.8157906532287598,900
1990-12-03,2.8157906532287598,3.2850890954335528,2.581141432126363,2.8157906532287598,8700
1990-12-04,3.2850894927978516,3.2850894927978516,2.81579099382673,2.81579099382673,4000
1990-12-05,3.2850894927978516,3.2850894927978516,2.81579099382673,3.2850894927978516,1433
1990-12-06,3.2850894927978516,3.2850894927978516,2.81579099382673,3.2850894927978516,1100
1990-12-07,3.2850894927978516,3.2850894927978516,2.81579099382673,3.2850894927978516,667
1990-12-10,2.8157906532287598,2.8157906532287598,2.581141432126363,2.8157906532287598,5933
1990-12-11,2.8157906532287598,2.8157906532287598,2.8157906532287598,2.8157906532287598,167
1990-12-12,2.581141471862793,2.581141471862793,2.581141471862793,2.581141471862793,3000
1990-12-13,2.581141471862793,2.581141471862793,2.581141471862793,2.581141471862793,333
1990-12-14,2.581141471862793,2.581141471862793,2.3464922471479936,2.581141471862793,13400
1990-12-17,2.581141471862793,2.581141471862793,2.3464922471479936,2.581141471862793,3667
1990-12-18,2.346492290496826,2.346492290496826,2.1118430614471437,2.346492290496826,4900
1990-12-19,2.1118428707122803,2.3464920785692005,2.1118428707122803,2.3464920785692005,10600
1990-12-20,2.581141471862793,2.581141471862793,2.3464922471479936,2.3464922471479936,12667
1990-12-21,2.346492290496826,2.581141519546509,2.346492290496826,2.581141519546509,22367
1990-12-24,2.581141471862793,2.581141471862793,2.581141471862793,2.581141471862793,1000
1990-12-26,2.581141471862793,2.581141471862793,2.581141471862793,2.581141471862793,333
1990-12-27,2.8157906532287598,2.8157906532287598,2.8157906532287598,2.8157906532287598,3000
1990-12-28,3.0504398345947266,3.0504398345947266,2.8157906165489783,2.8157906165489783,3333
1990-12-31,3.0504398345947266,3.285089052640475,2.8157906165489783,3.0504398345947266,2433
1991-01-02,3.0504398345947266,3.0504398345947266,2.8157906165489783,3.0504398345947266,667
1991-01-03,3.2850894927978516,3.2850894927978516,3.050440243312291,3.050440243312291,11900
1991-01-04,2.8157906532287598,3.0504398743311563,2.8157906532287598,3.0504398743311563,1367
1991-01-07,2.8157906532287598,2.8157906532287598,2.8157906532287598,2.8157906532287598,0
1991-01-08,2.8157906532287598,2.8157906532287598,2.8157906532287598,2.8157906532287598,3333
1991-01-09,2.8157906532287598,2.8157906532287598,2.581141432126363,2.8157906532287598,3733
1991-01-10,2.581141471862793,2.8157906965775923,2.581141471862793,2.8157906965775923,1367
1991-01-11,2.581141471862793,2.581141471862793,2.581141471862793,2.581141471862793,0
1991-01-14,2.8157906532287598,2.8157906532287598,2.8157906532287598,2.8157906532287598,1067
1991-01-15,2.8157906532287598,2.8157906532287598,2.8157906532287598,2.8157906532287598,0
1991-01-16,2.8157906532287598,2.8157906532287598,2.581141432126363,2.8157906532287598,4133
1991-01-17,2.8157906532287598,3.2850890954335528,2.8157906532287598,2.8157906532287598,2000
1991-01-18,2.8157906532287598,2.8157906532287598,2.8157906532287598,2.8157906532287598,333
1991-01-21,2.8157906532287598,2.8157906532287598,2.8157906532287598,2.8157906532287598,0
1991-01-22,2.8157906532287598,2.8157906532287598,2.8157906532287598,2.8157906532287598,0
1991-01-23,2.8157906532287598,2.8157906532287598,2.8157906532287598,2.8157906532287598,2900
1991-01-24,2.581141471862793,2.8157906965775923,2.581141471862793,2.8157906965775923,3100
1991-01-25,2.581141471862793,2.581141471862793,2.581141471862793,2.581141471862793,3000
1991-01-28,2.346492290496826,2.346492290496826,2.346492290496826,2.346492290496826,267
1991-01-29,2.581141471862793,2.581141471862793,2.581141471862793,2.581141471862793,333
1991-01-30,2.581141471862793,2.581141471862793,2.581141471862793,2.581141471862793,0
1991-01-31,2.8157906532287598,2.8157906532287598,2.3464922110239663,2.581141432126363,3833
1991-02-01,2.581141471862793,2.581141471862793,2.581141471862793,2.581141471862793,333
1991-02-04,2.581141471862793,2.581141471862793,2.3464922471479936,2.581141471862793,2000
1991-02-05,2.581141471862793,2.581141471862793,2.581141471862793,2.581141471862793,3400
1991-02-06,2.581141471862793,2.581141471862793,2.581141471862793,2.581141471862793,567
1991-02-07,2.346492290496826,2.581141519546509,2.346492290496826,2.581141519546509,1000
1991-02-08,2.581141471862793,2.581141471862793,2.3464922471479936,2.3464922471479936,2333
1991-02-11,2.346492290496826,2.346492290496826,2.346492290496826,2.346492290496826,667
1991-02-12,2.346492290496826,2.581141519546509,2.346492290496826,2.346492290496826,1800
1991-02-13,2.346492290496826,2.346492290496826,2.346492290496826,2.346492290496826,0
1991-02-14,2.346492290496826,2.346492290496826,2.346492290496826,2.346492290496826,0
1991-02-15,2.346492290496826,2.346492290496826,2.346492290496826,2.346492290496826,0
1991-02-19,2.346492290496826,2.346492290496826,2.346492290496826,2.346492290496826,0
1991-02-20,2.346492290496826,2.346492290496826,2.346492290496826,2.346492290496826,0
1991-02-21,2.346492290496826,2.581141519546509,2.346492290496826,2.346492290496826,2433
1991-02-22,2.346492290496826,2.346492290496826,2.346492290496826,2.346492290496826,0
1991-02-25,2.581141471862793,2.581141471862793,2.3464922471479936,2.3464922471479936,2900
1991-02-26,2.346492290496826,2.581141519546509,2.346492290496826,2.581141519546509,3533
1991-02-27,2.581141471862793,2.581141471862793,2.581141471862793,2.581141471862793,667
1991-02-28,2.581141471862793,2.581141471862793,2.581141471862793,2.581141471862793,467
1991-03-01,2.581141471862793,2.581141471862793,2.581141471862793,2.581141471862793,2667
1991-03-04,2.581141471862793,2.581141471862793,2.581141471862793,2.581141471862793,0
1991-03-05,2.581141471862793,2.581141471862793,2.581141471862793,2.581141471862793,333
1991-03-06,2.346492290496826,2.346492290496826,2.346492290496826,2.346492290496826,12500
1991-03-07,2.346492290496826,2.346492290496826,2.346492290496826,2.346492290496826,1500
1991-03-08,2.581141471862793,2.581141471862793,2.581141471862793,2.581141471862793,133
1991-03-11,2.581141471862793,2.581141471862793,2.3464922471479936,2.581141471862793,667
1991-03-12,2.346492290496826,2.581141519546509,2.346492290496826,2.581141519546509,2167
1991-03-13,2.346492290496826,2.581141519546509,2.346492290496826,2.346492290496826,4867
1991-03-14,2.346492290496826,2.346492290496826,2.346492290496826,2.346492290496826,3933
1991-03-15,2.346492290496826,2.346492290496826,2.346492290496826,2.346492290496826,67
1991-03-18,2.581141471862793,2.581141471862793,2.3464922471479936,2.3464922471479936,600
1991-03-19,2.346492290496826,2.346492290496826,2.346492290496826,2.346492290496826,133
1991-03-20,2.346492290496826,2.346492290496826,2.346492290496826,2.346492290496826,1000
1991-03-21,2.346492290496826,2.346492290496826,2.346492290496826,2.346492290496826,0
1991-03-22,2.346492290496826,2.346492290496826,2.346492290496826,2.346492290496826,2333
1991-03-25,2.346492290496826,2.346492290496826,2.346492290496826,2.346492290496826,667
1991-03-26,2.346492290496826,2.346492290496826,2.346492290496826,2.346492290496826,67
1991-03-27,1.8771936893463135,2.346492111682892,1.8771936893463135,2.346492111682892,11200
1991-03-28,2.1118428707122803,2.3464920785692005,1.8771936628553605,1.8771936628553605,4800
1991-04-01,1.8771936893463135,2.1118429005146027,1.8771936893463135,2.1118429005146027,3733
1991-04-02,2.1118428707122803,2.1118428707122803,1.8771936628553605,1.8771936628553605,4100
1991-04-03,1.8771936893463135,1.8771936893463135,1.8771936893463135,1.8771936893463135,6833
1991-04-04,1.8771936893463135,1.8771936893463135,1.8771936893463135,1.8771936893463135,333
1991-04-05,2.1118428707122803,2.3464920785692005,1.8771936628553605,1.8771936628553605,28433
1991-04-08,2.346492290496826,2.346492290496826,1.877193832397461,2.1118430614471437,7567
1991-04-09,2.346492290496826,2.8157907485961915,2.1118430614471437,2.346492290496826,11233
1991-04-10,2.1118428707122803,2.1118428707122803,2.1118428707122803,2.1118428707122803,33
1991-04-11,2.346492290496826,2.346492290496826,2.1118430614471437,2.1118430614471437,6033
1991-04-12,2.346492290496826,2.346492290496826,2.1118430614471437,2.346492290496826,6333
1991-04-15,2.346492290496826,2.346492290496826,2.346492290496826,2.346492290496826,2100
1991-04-16,2.581141471862793,2.581141471862793,2.3464922471479936,2.3464922471479936,3400
1991-04-17,2.581141471862793,2.581141471862793,2.3464922471479936,2.581141471862793,3533
1991-04-18,2.581141471862793,2.8157906965775923,2.3464922471479936,2.581141471862793,6267
1991-04-19,2.8157906532287598,2.8157906532287598,2.581141432126363,2.581141432126363,1000
1991-04-22,2.8157906532287598,2.8157906532287598,2.581141432126363,2.8157906532287598,733
1991-04-23,2.8157906532287598,2.8157906532287598,2.581141432126363,2.8157906532287598,3400
1991-04-24,2.8157906532287598,2.8157906532287598,2.8157906532287598,2.8157906532287598,333
1991-04-25,2.8157906532287598,2.8157906532287598,2.581141432126363,2.8157906532287598,667
1991-04-26,2.8157906532287598,2.8157906532287598,2.8157906532287598,2.8157906532287598,1167
1991-04-29,2.581141471862793,2.8157906965775923,2.581141471862793,2.8157906965775923,433
1991-04-30,2.581141471862793,2.581141471862793,2.581141471862793,2.581141471862793,333
1991-05-01,2.581141471862793,2.8157906965775923,2.581141471862793,2.581141471862793,1833
1991-05-02,2.581141471862793,2.581141471862793,2.581141471862793,2.581141471862793,0
1991-05-03,2.581141471862793,2.581141471862793,2.581141471862793,2.581141471862793,2333
1991-05-06,2.581141471862793,2.581141471862793,2.581141471862793,2.581141471862793,0
1991-05-07,2.8157906532287598,3.0504398743311563,2.8157906532287598,2.8157906532287598,5567
1991-05-08,2.8157906532287598,2.8157906532287598,2.8157906532287598,2.8157906532287598,167
1991-05-09,3.0504398345947266,3.0504398345947266,2.8157906165489783,2.8157906165489783,4167
1991-05-10,2.581141471862793,3.0504399212923916,2.581141471862793,3.0504399212923916,3833
1991-05-13,2.581141471862793,2.581141471862793,2.581141471862793,2.581141471862793,0
1991-05-14,2.346492290496826,2.346492290496826,2.346492290496826,2.346492290496826,333
1991-05-15,2.346492290496826,2.346492290496826,2.346492290496826,2.346492290496826,0
1991-05-16,2.581141471862793,2.581141471862793,2.581141471862793,2.581141471862793,400
1991-05-17,2.581141471862793,2.581141471862793,2.581141471862793,2.581141471862793,0
1991-05-20,2.581141471862793,2.581141471862793,2.581141471862793,2.581141471862793,0
1991-05-21,2.581141471862793,2.581141471862793,2.3464922471479936,2.581141471862793,433
1991-05-22,2.346492290496826,2.346492290496826,2.346492290496826,2.346492290496826,533
1991-05-23,2.346492290496826,2.581141519546509,2.346492290496826,2.346492290496826,4533
1991-05-24,2.8157906532287598,2.8157906532287598,2.3464922110239663,2.3464922110239663,2200
1991-05-28,2.8157906532287598,2.8157906532287598,2.8157906532287598,2.8157906532287598,0
1991-05-29,2.346492290496826,2.346492290496826,2.346492290496826,2.346492290496826,2267
1991-05-30,2.346492290496826,2.346492290496826,2.346492290496826,2.346492290496826,0
1991-05-31,2.581141471862793,2.581141471862793,2.3464922471479936,2.3464922471479936,800
1991-06-03,3.0504398345947266,3.285089052640475,2.58114139850323,2.58114139850323,6000
1991-06-04,3.5197384357452393,3.5197384357452397,3.0504399776458744,3.0504399776458744,10333
1991-06-05,3.2850894927978516,3.754387991768973,3.2850894927978516,3.5197387422834123,3167
1991-06-06,3.5197384357452393,3.5197384357452397,3.285089206695557,3.285089206695557,4400
1991-06-07,3.2850894927978516,3.2850894927978516,3.2850894927978516,3.2850894927978516,1333
1991-06-10,3.2850894927978516,3.2850894927978516,3.2850894927978516,3.2850894927978516,0
1991-06-11,3.2850894927978516,3.2850894927978516,3.2850894927978516,3.2850894927978516,0
1991-06-12,3.5197384357452393,3.5197384357452397,3.0504399776458744,3.285089206695557,3167
1991-06-13,3.0504398345947266,3.0504398345947266,3.0504398345947266,3.0504398345947266,167
1991-06-14,2.8157906532287598,3.5197383165359497,2.8157906532287598,3.0504398743311563,4333
1991-06-17,2.8157906532287598,2.8157906532287598,2.8157906532287598,2.8157906532287598,667
1991-06-18,2.8157906532287598,2.8157906532287598,2.8157906532287598,2.8157906532287598,0
1991-06-19,2.8157906532287598,2.8157906532287598,2.8157906532287598,2.8157906532287598,0
1991-06-20,2.8157906532287598,2.8157906532287598,2.8157906532287598,2.8157906532287598,167
1991-06-21,2.8157906532287598,3.0504398743311563,2.8157906532287598,2.8157906532287598,7500
1991-06-24,2.8157906532287598,2.8157906532287598,2.8157906532287598,2.8157906532287598,4333
1991-06-25,2.8157906532287598,2.8157906532287598,2.8157906532287598,2.8157906532287598,0
1991-06-26,2.8157906532287598,2.8157906532287598,2.8157906532287598,2.8157906532287598,0
1991-06-27,2.8157906532287598,2.8157906532287598,2.8157906532287598,2.8157906532287598,0
1991-06-28,3.2850894927978516,3.2850894927978516,3.2850894927978516,3.2850894927978516,100
1991-07-01,2.8157906532287598,2.8157906532287598,2.8157906532287598,2.8157906532287598,8100
1991-07-02,2.8157906532287598,3.0504398743311563,2.581141432126363,2.8157906532287598,1267
1991-07-03,2.8157906532287598,2.8157906532287598,2.8157906532287598,2.8157906532287598,67
1991-07-05,2.581141471862793,2.8157906965775923,2.581141471862793,2.8157906965775923,6167
1991-07-08,2.581141471862793,2.581141471862793,2.581141471862793,2.581141471862793,333
1991-07-09,2.8157906532287598,2.8157906532287598,2.581141432126363,2.581141432126363,2000
1991-07-10,2.581141471862793,2.8157906965775923,2.581141471862793,2.8157906965775923,6800
1991-07-11,2.346492290496826,2.8157907485961915,2.346492290496826,2.581141519546509,9067
1991-07-12,2.8157906532287598,2.8157906532287598,2.581141432126363,2.581141432126363,1233
1991-07-15,2.8157906532287598,2.8157906532287598,2.8157906532287598,2.8157906532287598,0
1991-07-16,2.8157906532287598,2.8157906532287598,2.8157906532287598,2.8157906532287598,0
1991-07-17,2.8157906532287598,2.8157906532287598,2.8157906532287598,2.8157906532287598,100
1991-07-18,2.8157906532287598,2.8157906532287598,2.8157906532287598,2.8157906532287598,0
1991-07-19,2.346492290496826,2.346492290496826,2.346492290496826,2.346492290496826,667
1991-07-22,2.346492290496826,2.346492290496826,2.346492290496826,2.346492290496826,267
1991-07-23,2.346492290496826,2.346492290496826,2.346492290496826,2.346492290496826,0
1991-07-24,2.581141471862793,2.581141471862793,2.581141471862793,2.581141471862793,3333
1991-07-25,2.581141471862793,2.581141471862793,2.581141471862793,2.581141471862793,0
1991-07-26,2.346492290496826,2.346492290496826,2.346492290496826,2.346492290496826,833
1991-07-29,2.346492290496826,2.346492290496826,2.346492290496826,2.346492290496826,0
1991-07-30,2.346492290496826,2.8157907485961915,2.346492290496826,2.346492290496826,10867
1991-07-31,2.8157906532287598,2.8157906532287598,2.8157906532287598,2.8157906532287598,367
1991-08-01,2.346492290496826,2.581141519546509,2.346492290496826,2.581141519546509,500
1991-08-02,2.8157906532287598,2.8157906532287598,2.8157906532287598,2.8157906532287598,167
1991-08-05,2.346492290496826,2.346492290496826,2.346492290496826,2.346492290496826,33
1991-08-06,2.346492290496826,2.581141519546509,2.346492290496826,2.346492290496826,3567
1991-08-07,2.346492290496826,2.346492290496826,2.346492290496826,2.346492290496826,333
1991-08-08,2.346492290496826,2.346492290496826,2.346492290496826,2.346492290496826,667
1991-08-09,2.346492290496826,2.346492290496826,2.346492290496826,2.346492290496826,0
1991-08-12,2.581141471862793,2.581141471862793,2.3464922471479936,2.3464922471479936,1067
1991-08-13,2.581141471862793,2.581141471862793,2.3464922471479936,2.581141471862793,2267
1991-08-14,2.581141471862793,2.581141471862793,2.3464922471479936,2.581141471862793,1667
1991-08-15,2.581141471862793,2.581141471862793,2.581141471862793,2.581141471862793,2667
1991-08-16,2.8157906532287598,2.8157906532287598,2.581141432126363,2.581141432126363,8333
1991-08-19,2.581141471862793,2.8157906965775923,2.581141471862793,2.8157906965775923,2833
1991-08-20,2.581141471862793,2.8157906965775923,2.581141471862793,2.581141471862793,500
1991-08-21,2.581141471862793,2.8157906965775923,2.581141471862793,2.581141471862793,567
1991-08-22,2.581141471862793,2.8157906965775923,2.581141471862793,2.581141471862793,6933
1991-08-23,2.346492290496826,2.8157907485961915,2.346492290496826,2.581141519546509,3000
1991-08-26,2.346492290496826,2.346492290496826,2.346492290496826,2.346492290496826,167
1991-08-27,2.346492290496826,2.346492290496826,2.346492290496826,2.346492290496826,0
1991-08-28,2.581141471862793,2.581141471862793,2.3464922471479936,2.3464922471479936,2333
1991-08-29,2.581141471862793,2.581141471862793,2.581141471862793,2.581141471862793,1333
1991-08-30,2.581141471862793,2.8157906965775923,2.3464922471479936,2.581141471862793,1100
1991-09-03,2.581141471862793,2.581141471862793,2.3464922471479936,2.581141471862793,2200
1991-09-04,2.581141471862793,2.581141471862793,2.581141471862793,2.581141471862793,0
1991-09-05,2.581141471862793,2.581141471862793,2.581141471862793,2.581141471862793,0
1991-09-06,2.346492290496826,2.346492290496826,2.346492290496826,2.346492290496826,100
1991-09-09,2.346492290496826,2.346492290496826,2.346492290496826,2.346492290496826,33
1991-09-10,2.346492290496826,2.346492290496826,2.346492290496826,2.346492290496826,1167
1991-09-11,2.346492290496826,2.346492290496826,2.346492290496826,2.346492290496826,0
1991-09-12,2.346492290496826,2.346492290496826,2.346492290496826,2.346492290496826,0
1991-09-13,2.581141471862793,2.581141471862793,2.581141471862793,2.581141471862793,1333
1991-09-16,2.581141471862793,2.581141471862793,2.581141471862793,2.581141471862793,833
1991-09-17,2.346492290496826,2.581141519546509,2.346492290496826,2.581141519546509,2700
1991-09-18,2.346492290496826,2.346492290496826,2.346492290496826,2.346492290496826,0
1991-09-19,2.581141471862793,2.581141471862793,2.3464922471479936,2.3464922471479936,1000
1991-09-20,2.346492290496826,2.346492290496826,2.346492290496826,2.346492290496826,1733
1991-09-23,2.1118428707122803,2.3464920785692005,2.1118428707122803,2.3464920785692005,7333
1991-09-24,2.1118428707122803,2.1118428707122803,2.1118428707122803,2.1118428707122803,9300
1991-09-25,2.1118428707122803,2.1118428707122803,2.1118428707122803,2.1118428707122803,0
1991-09-26,2.1118428707122803,2.1118428707122803,2.1118428707122803,2.1118428707122803,333
1991-09-27,2.346492290496826,2.346492290496826,2.1118430614471437,2.1118430614471437,2500
1991-09-30,2.346492290496826,2.346492290496826,2.1118430614471437,2.346492290496826,1233
1991-10-01,2.346492290496826,2.346492290496826,2.1118430614471437,2.346492290496826,1167
1991-10-02,2.346492290496826,2.346492290496826,2.346492290496826,2.346492290496826,1500
1991-10-03,2.1118428707122803,2.3464920785692005,2.1118428707122803,2.3464920785692005,2100
1991-10-04,2.346492290496826,2.346492290496826,2.1118430614471437,2.1118430614471437,2367
1991-10-07,2.346492290496826,2.346492290496826,2.346492290496826,2.346492290496826,0
1991-10-08,2.1118428707122803,2.3464920785692005,2.1118428707122803,2.3464920785692005,1933
1991-10-09,2.346492290496826,2.346492290496826,2.1118430614471437,2.1118430614471437,4100
1991-10-10,2.1118428707122803,2.1118428707122803,2.1118428707122803,2.1118428707122803,1333
1991-10-11,2.1118428707122803,2.3464920785692005,2.1118428707122803,2.1118428707122803,9167
1991-10-14,2.346492290496826,2.346492290496826,2.346492290496826,2.346492290496826,3667
1991-10-15,2.346492290496826,2.346492290496826,2.346492290496826,2.346492290496826,0
1991-10-16,2.1118428707122803,2.1118428707122803,2.1118428707122803,2.1118428707122803,733
1991-10-17,2.1118428707122803,2.1118428707122803,2.1118428707122803,2.1118428707122803,2167
1991-10-18,2.1118428707122803,2.1118428707122803,2.1118428707122803,2.1118428707122803,667
1991-10-21,2.1118428707122803,2.1118428707122803,2.1118428707122803,2.1118428707122803,1500
1991-10-22,2.1118428707122803,2.1118428707122803,2.1118428707122803,2.1118428707122803,1200
1991-10-23,2.1118428707122803,2.1118428707122803,2.1118428707122803,2.1118428707122803,0
1991-10-24,2.1118428707122803,2.1118428707122803,2.1118428707122803,2.1118428707122803,1467
1991-10-25,2.1118428707122803,2.1118428707122803,2.1118428707122803,2.1118428707122803,0
1991-10-28,2.1118428707122803,2.3464920785692005,2.1118428707122803,2.1118428707122803,1300
1991-10-29,2.346492290496826,2.346492290496826,2.1118430614471437,2.1118430614471437,1833
1991-10-30,2.346492290496826,2.346492290496826,2.346492290496826,2.346492290496826,3000
1991-10-31,2.346492290496826,2.346492290496826,2.346492290496826,2.346492290496826,2000
1991-11-01,2.346492290496826,2.346492290496826,2.346492290496826,2.346492290496826,0
1991-11-04,2.346492290496826,2.346492290496826,2.346492290496826,2.346492290496826,0
1991-11-05,2.1118428707122803,2.1118428707122803,2.1118428707122803,2.1118428707122803,1667
1991-11-06,2.1118428707122803,2.1118428707122803,2.1118428707122803,2.1118428707122803,2467
1991-11-07,2.1118428707122803,2.1118428707122803,2.1118428707122803,2.1118428707122803,3000
1991-11-08,2.1118428707122803,2.1118428707122803,2.1118428707122803,2.1118428707122803,1500
1991-11-11,2.1118428707122803,2.1118428707122803,2.1118428707122803,2.1118428707122803,1333
1991-11-12,2.1118428707122803,2.1118428707122803,2.1118428707122803,2.1118428707122803,1667
1991-11-13,2.1118428707122803,2.5811412864261207,2.1118428707122803,2.3464920785692005,5500
1991-11-14,2.1118428707122803,2.1118428707122803,2.1118428707122803,2.1118428707122803,1100
1991-11-15,2.1118428707122803,2.3464920785692005,2.1118428707122803,2.1118428707122803,867
1991-11-18,2.1118428707122803,2.1118428707122803,2.1118428707122803,2.1118428707122803,4767
1991-11-19,2.1118428707122803,2.1118428707122803,2.1118428707122803,2.1118428707122803,5833
1991-11-20,2.1118428707122803,2.3464920785692005,2.1118428707122803,2.1118428707122803,18767
1991-11-21,2.1118428707122803,2.3464920785692005,2.1118428707122803,2.3464920785692005,3167
1991-11-22,2.1118428707122803,2.1118428707122803,2.1118428707122803,2.1118428707122803,1000
1991-11-25,2.1118428707122803,2.1118428707122803,2.1118428707122803,2.1118428707122803,0
1991-11-26,2.1118428707122803,2.1118428707122803,2.1118428707122803,2.1118428707122803,333
1991-11-27,2.1118428707122803,2.1118428707122803,2.1118428707122803,2.1118428707122803,667
1991-11-29,2.1118428707122803,2.1118428707122803,2.1118428707122803,2.1118428707122803,0
1991-12-02,2.1118428707122803,2.3464920785692005,2.1118428707122803,2.1118428707122803,11500
1991-12-03,2.1118428707122803,2.3464920785692005,2.1118428707122803,2.1118428707122803,13800
1991-12-04,2.1118428707122803,2.1118428707122803,1.8771936628553605,2.1118428707122803,10067
1991-12-05,2.1118428707122803,2.1118428707122803,1.8771936628553605,1.8771936628553605,45833
1991-12-06,2.1118428707122803,2.1118428707122803,2.1118428707122803,2.1118428707122803,4833
1991-12-09,1.8771936893463135,1.8771936893463135,1.8771936893463135,1.8771936893463135,2800
1991-12-10,1.8771936893463135,1.8771936893463135,1.8771936893463135,1.8771936893463135,333
1991-12-11,2.1118428707122803,2.1118428707122803,1.8771936628553605,1.8771936628553605,9700
1991-12-12,2.1118428707122803,2.1118428707122803,1.8771936628553605,1.8771936628553605,1100
1991-12-13,2.1118428707122803,2.1118428707122803,2.1118428707122803,2.1118428707122803,1333
1991-12-16,1.8771936893463135,1.8771936893463135,1.8771936893463135,1.8771936893463135,3167
1991-12-17,1.8771936893463135,2.1118429005146027,1.8771936893463135,1.8771936893463135,4433
1991-12-18,2.1118428707122803,2.1118428707122803,1.8771936628553605,1.8771936628553605,8633
1991-12-19,2.346492290496826,2.346492290496826,1.877193832397461,2.1118430614471437,27100
1991-12-20,3.0504398345947266,3.285089052640475,2.346492180457482,2.346492180457482,18800
1991-12-23,3.0504398345947266,3.285089052640475,2.8157906165489783,3.285089052640475,11567
1991-12-24,2.8157906532287598,2.8157906532287598,2.8157906532287598,2.8157906532287598,3500
1991-12-26,2.8157906532287598,2.8157906532287598,2.8157906532287598,2.8157906532287598,967
1991-12-27,2.8157906532287598,2.8157906532287598,2.8157906532287598,2.8157906532287598,7600
1991-12-30,3.0504398345947266,3.0504398345947266,2.58114139850323,2.58114139850323,8900
1991-12-31,3.0504398345947266,3.0504398345947266,2.8157906165489783,3.0504398345947266,12467
1992-01-02,2.8157906532287598,2.8157906532287598,2.8157906532287598,2.8157906532287598,12100
1992-01-03,3.0504398345947266,3.0504398345947266,2.8157906165489783,3.0504398345947266,7000
1992-01-06,2.8157906532287598,3.0504398743311563,2.8157906532287598,3.0504398743311563,2500
1992-01-07,2.8157906532287598,3.0504398743311563,2.8157906532287598,3.0504398743311563,4567
1992-01-08,3.0504398345947266,3.0504398345947266,2.8157906165489783,2.8157906165489783,8333
1992-01-09,3.989037036895752,4.223686274360208,3.050440087037928,3.050440087037928,23100
1992-01-10,4.692984580993652,4.927633810043336,3.9890368938446046,4.2236861228942875,50700
1992-01-13,6.100879669189453,6.335528887235202,4.692984360914964,5.16228279700646,44533
1992-01-14,6.100879669189453,6.335528887235202,5.866230451143705,6.335528887235202,66533
1992-01-15,6.335529327392578,6.335529327392578,5.866230858696832,6.100880093044705,73967
1992-01-16,6.335529327392578,6.570178561740452,5.866230858696832,6.100880093044705,22200
1992-01-17,7.0394768714904785,7.039476871490479,5.866230726242065,6.335529184341431,18533
1992-01-20,7.0394768714904785,8.682021474838258,6.570178413391114,6.570178413391114,77667
1992-01-21,7.0394768714904785,7.978073787689209,5.631581497192383,7.039476871490479,50000
1992-01-22,7.978074073791504,8.21272331125596,7.03947712393368,7.03947712393368,35033
1992-01-23,7.274125576019287,7.97807321240825,7.039476363889633,7.97807321240825,22600
1992-01-24,7.508774757385254,7.743423968553543,7.274125546216965,7.274125546216965,41667
1992-01-27,6.804827690124512,7.743424612900307,6.804827690124512,7.743424612900307,14500
1992-01-28,7.0394768714904785,7.274126100540162,6.804827642440796,6.804827642440796,14433
1992-01-29,7.274125576019287,7.5087747881489415,6.804827151759978,7.039476363889633,22967
1992-01-30,7.274125576019287,7.274125576019287,6.804827151759978,7.039476363889633,13500
1992-01-31,7.274125576019287,7.274125576019287,7.039476363889633,7.274125576019287,15467
1992-02-03,6.804827690124512,7.27412615151241,6.804827690124512,7.039476920818461,21233
1992-02-04,7.0394768714904785,7.274126100540162,6.804827642440796,6.804827642440796,8033
1992-02-05,7.0394768714904785,7.274126100540162,6.804827642440796,6.804827642440796,19833
1992-02-06,7.0394768714904785,7.508775329589844,7.039476871490479,7.039476871490479,20733
1992-02-07,8.212722778320312,8.447372000558037,7.039476667131696,7.27412588936942,58633
1992-02-10,7.743423938751221,8.212722359281598,7.743423938751221,7.743423938751221,8967
1992-02-11,7.274125576019287,7.97807321240825,7.274125576019287,7.5087747881489415,16133
1992-02-12,7.274125576019287,7.743424000278596,7.274125576019287,7.274125576019287,10900
1992-02-13,6.804827690124512,7.508775382206358,6.804827690124512,7.27412615151241,4300
1992-02-14,6.570178985595703,7.039477484566825,6.570178985595703,7.039477484566825,233
1992-02-18,7.0394768714904785,7.039476871490479,6.570178413391114,6.570178413391114,11067
1992-02-19,6.100879669189453,6.804827323326698,6.100879669189453,6.335528887235202,6567
1992-02-20,6.335529327392578,6.570178561740452,6.100880093044705,6.100880093044705,5600
1992-02-21,6.570178985595703,6.570178985595703,6.570178985595703,6.570178985595703,1733
1992-02-24,7.508774757385254,7.508774757385254,6.570177912712097,6.570177912712097,20800
1992-02-25,7.0394768714904785,7.274126100540162,6.570178413391114,6.804827642440796,12367
1992-02-26,7.274125576019287,7.274125576019287,6.570177939630324,6.570177939630324,9200
1992-02-27,7.274125576019287,7.274125576019287,7.039476363889633,7.274125576019287,41167
1992-02-28,7.274125576019287,7.274125576019287,7.039476363889633,7.274125576019287,14667
1992-03-02,7.508774757385254,7.508774757385254,7.0394763350486755,7.0394763350486755,5767
1992-03-03,7.156801700592041,7.508775554719518,7.039477082549548,7.274126318634533,6500
1992-03-04,7.0394768714904785,7.274126100540162,7.039476871490479,7.274126100540162,1100
1992-03-05,7.0394768714904785,7.274126100540162,6.570178413391114,7.274126100540162,10733
1992-03-06,6.570178985595703,7.039477484566825,6.570178985595703,7.039477484566825,8833
1992-03-09,6.335529327392578,7.039477030436198,6.335529327392578,6.570178561740452,10333
1992-03-10,6.570178985595703,6.570178985595703,6.335529736110143,6.335529736110143,2167
1992-03-11,6.335529327392578,6.570178561740452,5.866230858696832,6.335529327392578,9867
1992-03-12,6.335529327392578,6.570178561740452,6.100880093044705,6.570178561740452,24433
1992-03-13,6.804827690124512,6.804827690124512,6.335529228736615,6.804827690124512,2700
1992-03-16,6.218204975128174,6.5701788416448625,6.100880352955944,6.276867286214288,4333
1992-03-17,6.100879669189453,6.100879669189453,6.100879669189453,6.100879669189453,500
1992-03-18,6.335529327392578,6.570178561740452,6.100880093044705,6.100880093044705,14967
1992-03-19,6.570178985595703,6.570178985595703,6.570178985595703,6.570178985595703,1567
1992-03-20,6.570178985595703,6.570178985595703,6.335529736110143,6.570178985595703,49433
1992-03-23,6.570178985595703,6.570178985595703,6.335529736110143,6.570178985595703,9533
1992-03-24,6.570178985595703,6.570178985595703,6.100880486624582,6.335529736110143,1733
1992-03-25,6.335529327392578,6.570178561740452,6.100880093044705,6.570178561740452,2767
1992-03-26,6.335529327392578,6.570178561740452,6.100880093044705,6.570178561740452,8167
1992-03-27,6.452854156494141,6.570178777521306,5.396932567249644,6.570178777521306,362267
1992-03-30,6.570178985595703,6.570178985595703,6.100880486624582,6.570178985595703,2000
1992-03-31,6.335529327392578,6.570178561740452,6.100880093044705,6.570178561740452,12867
1992-04-01,6.804827690124512,7.039476920818461,6.570178459430563,6.804827690124512,8400
1992-04-02,7.0394768714904785,7.039476871490479,6.570178413391114,6.804827642440796,3000
1992-04-03,7.0394768714904785,7.039476871490479,6.804827642440796,6.922152256965638,3667
1992-04-06,6.922152519226074,6.922152519226074,6.922152519226074,6.922152519226074,600
1992-04-07,6.804827690124512,7.039476920818461,6.804827690124512,6.922152305471486,9200
1992-04-08,6.804827690124512,7.039476920818461,6.804827690124512,6.804827690124512,9833
1992-04-09,6.570178985595703,7.039477484566825,6.570178985595703,7.039477484566825,2333
1992-04-10,6.570178985595703,6.570178985595703,6.100880486624582,6.570178985595703,14433
1992-04-13,6.335529327392578,6.8048277960883246,6.335529327392578,6.570178561740452,6933
1992-04-14,6.804827690124512,6.804827690124512,6.570178459430563,6.804827690124512,1267
1992-04-15,7.274125576019287,7.274125576019287,6.570177939630324,6.804827151759978,18900
1992-04-16,7.274125576019287,7.743424000278596,7.274125576019287,7.274125576019287,36200
1992-04-20,7.156801700592041,7.508775554719518,7.039477082549548,7.508775554719518,3467
1992-04-21,7.0394768714904785,7.274126100540162,7.039476871490479,7.039476871490479,5533
1992-04-22,7.274125576019287,7.274125576019287,6.804827151759978,6.804827151759978,1067
1992-04-23,6.804827690124512,7.27412615151241,6.804827690124512,7.27412615151241,2667
1992-04-24,7.274125576019287,7.274125576019287,6.804827151759978,7.274125576019287,1100
1992-04-27,6.804827690124512,6.804827690124512,6.804827690124512,6.804827690124512,1733
1992-04-28,7.0394768714904785,7.039476871490479,6.570178413391114,6.804827642440796,4433
1992-04-29,6.570178985595703,6.570178985595703,6.335529736110143,6.335529736110143,3667
1992-04-30,6.335529327392578,6.8048277960883246,6.335529327392578,6.8048277960883246,4767
1992-05-01,6.452854156494141,6.45285415649414,6.45285415649414,6.45285415649414,833
1992-05-04,6.335529327392578,6.335529327392578,6.335529327392578,6.335529327392578,567
1992-05-05,6.335529327392578,6.570178561740452,6.335529327392578,6.570178561740452,2667
1992-05-06,6.570178985595703,6.570178985595703,6.335529736110143,6.570178985595703,3233
1992-05-07,6.452854156494141,6.45285415649414,6.45285415649414,6.45285415649414,333
1992-05-08,6.452854156494141,6.45285415649414,6.335529535466974,6.335529535466974,1167
1992-05-11,6.335529327392578,6.335529327392578,6.335529327392578,6.335529327392578,633
1992-05-12,6.335529327392578,6.570178561740452,6.335529327392578,6.335529327392578,9400
1992-05-13,6.335529327392578,6.570178561740452,6.335529327392578,6.570178561740452,2267
1992-05-14,6.100879669189453,6.335528887235202,6.100879669189453,6.335528887235202,4367
1992-05-15,6.335529327392578,6.335529327392578,5.866230858696832,5.866230858696832,4333
1992-05-18,5.514256954193115,5.631581570239778,4.927633873959805,5.631581570239778,10400
1992-05-19,5.396932601928711,5.631581845490829,5.162283358366594,5.396932601928712,19600
1992-05-20,5.6315813064575195,5.6315813064575195,5.396932085355123,5.6315813064575195,17200
1992-05-21,5.6315813064575195,5.748905917008718,5.396932085355123,5.396932085355123,22300
1992-05-22,5.748906135559082,5.866230750570492,5.631581520547672,5.748906135559082,7967
1992-05-26,5.748906135559082,5.748906135559082,5.748906135559082,5.748906135559082,0
1992-05-27,5.396932601928711,5.396932601928712,5.162283358366594,5.396932601928712,2267
1992-05-28,5.162282943725586,5.162282943725586,5.162282943725586,5.162282943725586,467
1992-05-29,5.6315813064575195,5.6315813064575195,5.396932085355123,5.396932085355123,3100
1992-06-01,5.6315813064575195,5.6315813064575195,5.396932085355123,5.396932085355123,1533
1992-06-02,5.396932601928711,5.396932601928712,5.162283358366594,5.162283358366594,1033
1992-06-03,5.396932601928711,5.396932601928712,5.162283358366594,5.162283358366594,6333
1992-06-04,5.6315813064575195,5.6315813064575195,5.279607474803925,5.396932085355123,333
1992-06-05,5.6315813064575195,5.6315813064575195,5.396932085355123,5.6315813064575195,27067
1992-06-08,5.6315813064575195,5.866230527559916,5.514256695906321,5.514256695906321,2333
1992-06-09,5.6315813064575195,5.6315813064575195,5.396932085355123,5.514256695906321,3000
1992-06-10,5.27960729598999,5.27960729598999,5.27960729598999,5.27960729598999,1000
1992-06-11,5.6315813064575195,5.6315813064575195,5.279607474803925,5.279607474803925,1333
1992-06-12,5.6315813064575195,5.6315813064575195,5.6315813064575195,5.6315813064575195,333
1992-06-15,5.6315813064575195,5.6315813064575195,5.279607474803925,5.279607474803925,67
1992-06-16,5.27960729598999,5.631581115722656,5.27960729598999,5.631581115722656,433
1992-06-17,5.27960729598999,5.27960729598999,5.27960729598999,5.27960729598999,833
1992-06-18,5.396932601928711,5.396932601928712,5.279607980147652,5.279607980147652,567
1992-06-19,5.396932601928711,5.631581845490829,5.396932601928712,5.396932601928712,6833
1992-06-22,5.396932601928711,5.396932601928712,5.396932601928712,5.396932601928712,0
1992-06-23,5.6315813064575195,5.6315813064575195,5.279607474803925,5.279607474803925,3133
1992-06-24,5.27960729598999,5.3969319025675455,5.27960729598999,5.27960729598999,3000
1992-06-25,5.396932601928711,5.396932601928712,5.279607980147652,5.279607980147652,3067
1992-06-26,5.27960729598999,5.27960729598999,5.27960729598999,5.27960729598999,333
1992-06-29,5.6315813064575195,5.866230527559916,5.279607474803925,5.279607474803925,3067
1992-06-30,5.162282943725586,5.279607556082985,5.162282943725586,5.279607556082985,2500
1992-07-01,4.927633762359619,5.396932215917678,4.927633762359619,5.162282989138649,4000
1992-07-02,4.927633762359619,4.927633762359619,4.927633762359619,4.927633762359619,0
1992-07-06,4.927633762359619,4.927633762359619,4.927633762359619,4.927633762359619,667
1992-07-07,4.692984580993652,5.3969322681427006,4.692984580993652,4.927633810043336,2833
1992-07-08,4.692984580993652,4.692984580993652,4.692984580993652,4.692984580993652,700
1992-07-09,4.692984580993652,4.692984580993652,4.692984580993652,4.692984580993652,0
1992-07-10,4.692984580993652,4.692984580993652,4.692984580993652,4.692984580993652,1000
1992-07-13,4.927633762359619,4.927633762359619,4.927633762359619,4.927633762359619,1667
1992-07-14,5.162282943725586,5.396932168440385,5.162282943725586,5.162282943725586,5433
1992-07-15,5.514256954193115,5.631581570239778,5.396932338146454,5.396932338146454,11000
1992-07-16,5.396932601928711,5.866231089052947,5.396932601928712,5.631581845490829,8000
1992-07-17,5.6315813064575195,5.6315813064575195,5.6315813064575195,5.6315813064575195,333
1992-07-20,4.692984580993652,5.162283039093018,4.692984580993652,5.162283039093018,5000
1992-07-21,5.162282943725586,5.162282943725586,5.162282943725586,5.162282943725586,1067
1992-07-22,5.162282943725586,5.162282943725586,5.162282943725586,5.162282943725586,67
1992-07-23,4.692984580993652,4.692984580993652,4.692984580993652,4.692984580993652,1467
1992-07-24,4.927633762359619,5.162282989138649,4.69298453558059,4.69298453558059,3467
1992-07-27,4.692984580993652,4.927633810043336,4.692984580993652,4.927633810043336,3000
1992-07-28,4.692984580993652,4.927633810043336,4.692984580993652,4.927633810043336,667
1992-07-29,5.162282943725586,5.162282943725586,4.692984494295987,4.692984494295987,5800
1992-07-30,5.162282943725586,5.162282943725586,4.810309106653387,4.810309106653387,7567
1992-07-31,5.396932601928711,5.396932601928712,4.9276341148044756,4.9276341148044756,467
1992-08-03,5.396932601928711,5.396932601928712,5.162283358366594,5.162283358366594,1133
1992-08-04,5.162282943725586,5.396932168440385,5.162282943725586,5.396932168440385,3000
1992-08-05,5.396932601928711,5.631581845490829,5.162283358366594,5.162283358366594,1933
1992-08-06,5.396932601928711,5.631581845490829,5.396932601928712,5.631581845490829,11833
1992-08-07,5.396932601928711,5.396932601928712,5.396932601928712,5.396932601928712,3333
1992-08-10,5.396932601928711,5.396932601928712,5.396932601928712,5.396932601928712,1500
1992-08-11,5.396932601928711,5.396932601928712,5.396932601928712,5.396932601928712,733
1992-08-12,5.396932601928711,5.5142572237097705,5.162283358366594,5.5142572237097705,11200
1992-08-13,5.6315813064575195,5.6315813064575195,5.162282864252726,5.162282864252726,1733
1992-08-14,5.162282943725586,5.162282943725586,5.162282943725586,5.162282943725586,167
1992-08-17,5.6315813064575195,5.6315813064575195,5.162282864252726,5.162282864252726,400
1992-08-18,5.162282943725586,5.631581393155185,5.162282943725586,5.396932168440385,1133
1992-08-19,5.6315813064575195,5.6315813064575195,5.162282864252726,5.162282864252726,267
1992-08-20,5.396932601928711,5.631581845490829,5.162283358366594,5.631581845490829,4767
1992-08-21,5.6315813064575195,5.6315813064575195,5.396932085355123,5.396932085355123,2233
1992-08-24,5.396932601928711,5.631581845490829,5.396932601928712,5.631581845490829,5367
1992-08-25,5.6315813064575195,5.6315813064575195,5.396932085355123,5.396932085355123,1000
1992-08-26,5.396932601928711,5.396932601928712,5.396932601928712,5.396932601928712,3333
1992-08-27,5.514256954193115,5.631581570239778,5.514256954193115,5.631581570239778,6333
1992-08-28,5.514256954193115,5.514256954193115,5.514256954193115,5.514256954193115,0
1992-08-31,5.514256954193115,5.514256954193115,5.514256954193115,5.514256954193115,500
1992-09-01,5.396932601928711,5.690244156381358,5.396932601928712,5.690244156381358,567
1992-09-02,5.514256954193115,5.7489061862864395,5.396932338146454,5.396932338146454,3667
1992-09-03,5.6315813064575195,5.6315813064575195,5.514256695906321,5.514256695906321,1233
1992-09-04,5.396932601928711,5.5142572237097705,5.396932601928712,5.396932601928712,3433
1992-09-08,5.27960729598999,5.27960729598999,5.27960729598999,5.27960729598999,500
1992-09-09,5.27960729598999,5.27960729598999,5.27960729598999,5.27960729598999,233
1992-09-10,5.6315813064575195,5.6315813064575195,5.396932085355123,5.6315813064575195,2067
1992-09-11,5.6315813064575195,5.6315813064575195,5.396932085355123,5.396932085355123,400
1992-09-14,5.6315813064575195,5.6315813064575195,5.514256695906321,5.6315813064575195,2233
1992-09-15,5.6315813064575195,5.6315813064575195,5.6315813064575195,5.6315813064575195,767
1992-09-16,5.396932601928711,5.631581845490829,5.396932601928712,5.396932601928712,6167
1992-09-17,5.27960729598999,5.3969319025675455,5.162282689412435,5.3969319025675455,2467
1992-09-18,5.514256954193115,5.514256954193115,5.162283106053129,5.162283106053129,9333
1992-09-21,5.6315813064575195,5.6315813064575195,5.455594390630722,5.455594390630722,4200
1992-09-22,5.5729193687438965,5.631581677888569,5.396932441309879,5.631581677888569,9000
1992-09-23,5.5729193687438965,5.5729193687438965,5.5729193687438965,5.5729193687438965,0
1992-09-24,5.6315813064575195,5.6315813064575195,5.396932085355123,5.396932085355123,3367
1992-09-25,5.6315813064575195,5.6315813064575195,5.514256695906321,5.6315813064575195,4833
1992-09-28,5.396932601928711,5.5142572237097705,5.396932601928712,5.396932601928712,9500
1992-09-29,5.162282943725586,5.396932168440385,5.162282943725586,5.396932168440385,500
1992-09-30,5.514256954193115,5.514256954193115,5.162283106053129,5.162283106053129,4800
1992-10-01,5.514256954193115,5.631581570239778,5.396932338146454,5.631581570239778,5833
1992-10-02,5.514256954193115,5.514256954193115,5.396932338146454,5.396932338146454,5633
1992-10-05,5.396932601928711,5.631581845490829,5.162283358366594,5.631581845490829,8333
1992-10-06,5.162282943725586,5.631581393155185,5.162282943725586,5.631581393155185,233
1992-10-07,5.396932601928711,5.396932601928712,5.396932601928712,5.396932601928712,6733
1992-10-08,5.396932601928711,5.5142572237097705,5.162283358366594,5.162283358366594,4967
1992-10-09,5.162282943725586,5.162282943725586,5.162282943725586,5.162282943725586,4100
1992-10-12,5.396932601928711,5.631581845490829,5.396932601928712,5.396932601928712,4600
1992-10-13,5.6315813064575195,5.6315813064575195,5.6315813064575195,5.6315813064575195,167
1992-10-14,5.396932601928711,5.5142572237097705,5.396932601928712,5.5142572237097705,2233
1992-10-15,5.396932601928711,5.5729195346003,5.396932601928712,5.396932601928712,3600
1992-10-16,5.162282943725586,5.162282943725586,5.162282943725586,5.162282943725586,267
1992-10-19,5.162282943725586,5.162282943725586,5.162282943725586,5.162282943725586,1500
1992-10-20,5.162282943725586,5.162282943725586,5.162282943725586,5.162282943725586,1000
1992-10-21,5.396932601928711,5.396932601928712,5.396932601928712,5.396932601928712,700
1992-10-22,5.27960729598999,5.27960729598999,5.162282689412435,5.162282689412435,1900
1992-10-23,5.162282943725586,5.396932168440385,5.162282943725586,5.162282943725586,2833
1992-10-26,4.927633762359619,5.396932215917678,4.927633762359619,5.396932215917678,9633
1992-10-27,5.162282943725586,5.162282943725586,4.927633719010786,5.162282943725586,4400
1992-10-28,5.162282943725586,5.162282943725586,5.162282943725586,5.162282943725586,1867
1992-10-29,5.044958114624023,5.162282721940861,4.927633507307186,5.044958114624023,9800
1992-10-30,5.162282943725586,5.396932168440385,5.162282943725586,5.396932168440385,5800
1992-11-02,5.27960729598999,5.27960729598999,5.27960729598999,5.27960729598999,333
1992-11-03,5.162282943725586,5.162282943725586,5.162282943725586,5.162282943725586,5167
1992-11-04,5.044958114624023,5.162282721940861,5.044958114624023,5.162282721940861,8267
1992-11-05,5.162282943725586,5.162282943725586,5.162282943725586,5.162282943725586,667
1992-11-06,5.220945358276367,5.279607665672731,5.220945358276367,5.279607665672731,1333
1992-11-09,5.162282943725586,5.279607556082985,5.162282943725586,5.162282943725586,2433
1992-11-10,5.162282943725586,5.279607556082985,5.162282943725586,5.279607556082985,2067
1992-11-11,5.27960729598999,5.3969319025675455,5.162282689412435,5.27960729598999,9233
1992-11-12,5.27960729598999,5.27960729598999,5.162282689412435,5.162282689412435,1367
1992-11-13,5.044958114624023,5.162282721940861,5.044958114624023,5.162282721940861,2500
1992-11-16,4.927633762359619,5.162282989138649,4.927633762359619,5.162282989138649,2500
1992-11-17,4.927633762359619,4.927633762359619,4.810309148970104,4.927633762359619,8433
1992-11-18,4.927633762359619,4.927633762359619,4.927633762359619,4.927633762359619,0
1992-11-19,4.927633762359619,4.927633762359619,4.810309148970104,4.927633762359619,3233
1992-11-20,4.927633762359619,4.927633762359619,4.927633762359619,4.927633762359619,5667
1992-11-23,4.927633762359619,4.927633762359619,4.810309148970104,4.810309148970104,1067
1992-11-24,4.810308456420898,4.810308456420898,4.810308456420898,4.810308456420898,567
1992-11-25,4.927633762359619,4.927633762359619,4.810309148970104,4.810309148970104,3567
1992-11-27,4.810308456420898,4.810308456420898,4.810308456420898,4.810308456420898,333
1992-11-30,4.810308456420898,5.04495764941704,4.810308456420898,4.810308456420898,4667
1992-12-01,4.810308456420898,4.927633052918969,4.810308456420898,4.810308456420898,13667
1992-12-02,4.810308456420898,4.927633052918969,4.810308456420898,4.927633052918969,8500
1992-12-03,5.162282943725586,5.162282943725586,4.810309106653387,4.810309106653387,16433
1992-12-04,5.162282943725586,5.162282943725586,4.927633719010786,4.927633719010786,1533
1992-12-07,4.927633762359619,5.162282989138649,4.927633762359619,4.927633762359619,9433
1992-12-08,4.927633762359619,5.044958375749133,4.927633762359619,4.927633762359619,4833
1992-12-09,4.810308456420898,5.04495764941704,4.810308456420898,5.04495764941704,9833
1992-12-10,4.927633762359619,5.044958375749133,4.810309148970104,4.810309148970104,3167
1992-12-11,4.927633762359619,5.044958375749133,4.927633762359619,5.044958375749133,3767
1992-12-14,5.27960729598999,5.27960729598999,4.927633476257324,4.927633476257324,13067
1992-12-15,5.162282943725586,5.279607556082985,5.162282943725586,5.279607556082985,2833
1992-12-16,5.866230487823486,5.866230487823486,5.396932048797607,5.396932048797607,38333
1992-12-17,5.866230487823486,5.866230487823486,5.631581268310547,5.748905878067016,4733
1992-12-18,5.748906135559082,5.866230750570492,5.631581520547672,5.748906135559082,18133
1992-12-21,5.6315813064575195,5.866230527559916,5.6315813064575195,5.6315813064575195,5000
1992-12-22,5.748906135559082,5.866230750570492,5.631581520547672,5.748906135559082,7400
1992-12-23,7.156801700592041,7.508775554719518,5.631581666039638,5.748906284082131,53967
1992-12-24,6.922152519226074,7.508775614075741,6.804827900256141,7.274126376135875,8433
1992-12-28,7.0394768714904785,7.274126100540162,6.804827642440796,7.274126100540162,8000
1992-12-29,8.212722778320312,8.212722778320312,6.804827444893974,7.27412588936942,77233
1992-12-30,8.564697265625,9.151320366010275,8.212723405393836,8.33004802547089,48833
1992-12-31,8.212722778320312,8.68202122279576,7.508775111607143,8.68202122279576,23733
1993-01-04,7.978074073791504,8.21272331125596,7.743424836327049,7.743424836327049,1867
1993-01-05,7.743423938751221,7.978073149016409,7.274125518220844,7.743423938751221,14267
1993-01-06,8.212722778320312,8.330047389439175,7.7434243338448665,7.97807355608259,15733
1993-01-07,8.447371482849121,8.916669898562962,8.2127222749922,8.447371482849121,37567
1993-01-08,8.682022094726562,8.916671340529984,8.447372848923141,8.447372848923141,37233
1993-01-11,8.564697265625,8.682021885702055,8.212723405393836,8.682021885702055,23633
1993-01-12,8.682022094726562,8.916671340529984,8.447372848923141,8.564697471824852,37400
1993-01-13,9.385969161987305,9.385969161987305,8.682021474838258,8.682021474838258,39800
1993-01-14,9.151320457458496,9.385969699957432,8.91667121495956,9.033995836209028,37933
1993-01-15,8.916670799255371,9.385969262374074,8.916670799255371,9.385969262374074,7433
1993-01-18,8.916670799255371,9.620618493933426,8.916670799255371,9.151320030814722,13600
1993-01-19,8.916670799255371,9.620618493933426,8.916670799255371,9.033995415035047,21100
1993-01-20,8.212722778320312,9.620618111746651,8.212722778320312,9.620618111746651,21667
1993-01-21,9.385969161987305,9.385969161987305,8.682021474838258,8.682021474838258,22233
1993-01-22,10.324565887451172,10.55921511216597,9.151319763877174,9.385968988591975,41500
1993-01-25,9.972591400146484,10.559214423684512,9.620617586023666,10.559214423684512,32867
1993-01-26,10.089916229248047,10.324565443881722,9.620617799980696,10.089916229248047,16533
1993-01-27,9.620616912841797,9.855266105837938,9.620616912841797,9.855266105837938,21067
1993-01-28,9.620616912841797,9.855266105837938,9.385967719845656,9.620616912841797,17100
1993-01-29,10.089916229248047,10.089916229248047,9.385968585347019,9.385968585347019,7633
1993-02-01,10.324565887451172,10.324565887451172,9.855267438021572,9.972592050378973,12233
1993-02-02,9.855267524719238,10.324565978277297,9.620618297940208,10.324565978277297,25767
1993-02-03,9.385969161987305,10.089916849136353,9.385969161987305,10.089916849136353,19800
1993-02-04,9.620616912841797,9.620616912841797,8.916669333853374,9.151318526849515,3433
1993-02-05,8.916670799255371,9.855267725492778,8.916670799255371,9.620618493933426,4800
1993-02-08,9.385969161987305,9.620618391036988,8.91667070388794,8.91667070388794,24633
1993-02-09,9.385969161987305,9.620618391036988,9.151319932937623,9.385969161987305,39833
1993-02-10,9.385969161987305,9.620618391036988,9.151319932937623,9.620618391036988,19967
1993-02-11,8.212722778320312,9.385968889508929,7.97807355608259,9.385968889508929,24567
1993-02-12,8.212722778320312,8.447372000558037,7.97807355608259,7.97807355608259,11733
1993-02-16,7.743423938751221,8.447371569546787,7.508774728486032,8.212722359281598,22900
1993-02-17,7.508774757385254,7.978073179721832,7.508774757385254,7.743423968553543,10533
1993-02-18,7.743423938751221,7.978073149016409,7.508774728486032,7.508774728486032,14000
1993-02-19,7.978074073791504,7.978074073791505,7.508775598862592,7.743424836327049,6200
1993-02-22,7.508774757385254,7.978073179721832,7.508774757385254,7.978073179721832,6300
1993-02-23,7.0394768714904785,7.508775329589844,6.804827642440796,7.508775329589844,15033
1993-02-24,7.274125576019287,7.274125576019287,6.804827151759978,6.804827151759978,10367
1993-02-25,7.274125576019287,7.274125576019287,7.039476363889633,7.039476363889633,2900
1993-02-26,7.156801700592041,7.274126318634533,7.15680170059204,7.274126318634533,3033
1993-03-01,7.0394768714904785,7.274126100540162,7.039476871490479,7.274126100540162,3867
1993-03-02,7.274125576019287,7.274125576019287,7.039476363889633,7.274125576019287,9100
1993-03-03,7.508774757385254,7.508774757385254,7.0394763350486755,7.274125546216965,4933
1993-03-04,7.156801700592041,7.508775554719518,7.15680170059204,7.508775554719518,1267
1993-03-05,7.391449928283691,7.391449928283691,7.156800724211194,7.156800724211194,1500
1993-03-08,7.274125576019287,7.391450182084114,7.274125576019287,7.391450182084114,8100
1993-03-09,7.0394768714904785,7.274126100540162,7.039476871490479,7.15680148601532,8167
1993-03-10,7.0394768714904785,7.274126100540162,7.039476871490479,7.039476871490479,8867
1993-03-11,7.0394768714904785,7.274126100540162,7.039476871490479,7.039476871490479,6000
1993-03-12,6.922152519226074,7.274126376135875,6.804827900256141,7.039477138196008,10700
1993-03-15,7.274125576019287,7.274125576019287,6.570177939630324,6.804827151759978,7767
1993-03-16,6.570178985595703,6.570178985595703,6.570178985595703,6.570178985595703,333
1993-03-17,7.0394768714904785,7.039476871490479,6.570178413391114,6.570178413391114,800
1993-03-18,7.274125576019287,7.274125576019287,7.274125576019287,7.274125576019287,167
1993-03-19,7.0394768714904785,7.039476871490479,6.570178413391114,6.570178413391114,2200
1993-03-22,6.335529327392578,6.8048277960883246,6.335529327392578,6.687503178914389,11500
1993-03-23,6.100879669189453,6.335528887235202,5.396932015052209,6.335528887235202,33300
1993-03-24,6.804827690124512,6.804827690124512,5.866230767348717,6.100879998042666,19867
1993-03-25,6.335529327392578,6.570178561740452,6.335529327392578,6.335529327392578,1200
1993-03-26,6.570178985595703,6.804828235081264,6.335529736110143,6.335529736110143,13567
1993-03-29,6.570178985595703,6.570178985595703,6.570178985595703,6.570178985595703,2500
1993-03-30,6.570178985595703,6.804828235081264,6.570178985595703,6.570178985595703,2833
1993-03-31,6.452854156494141,6.8048280195756385,6.100880293412642,6.335529535466974,8000
1993-04-01,6.452854156494141,6.45285415649414,6.335529535466974,6.45285415649414,733
1993-04-02,6.218204975128174,6.335529597300403,6.218204975128173,6.335529597300403,1733
1993-04-05,6.100879669189453,6.335528887235202,6.100879669189453,6.335528887235202,467
1993-04-06,6.100879669189453,6.57017810528095,6.100879669189453,6.100879669189453,5967
1993-04-07,6.100879669189453,6.57017810528095,6.100879669189453,6.100879669189453,3233
1993-04-08,7.274125576019287,7.5087747881489415,6.3355287275006695,6.570177939630324,41567
1993-04-12,7.0394768714904785,7.274126100540162,6.922152256965638,7.274126100540162,4933
1993-04-13,6.570178985595703,7.039477484566825,6.335529736110143,6.9221528598240445,15000
1993-04-14,6.394191265106201,6.804827401397425,6.33552895992174,6.804827401397425,5367
1993-04-15,6.804827690124512,6.804827690124512,6.335529228736615,6.452853844083589,1767
1993-04-16,6.804827690124512,6.804827690124512,6.335529228736615,6.335529228736615,3933
1993-04-19,6.335529327392578,6.8048277960883246,6.335529327392578,6.335529327392578,3700
1993-04-20,6.100879669189453,6.804827323326698,6.100879669189453,6.335528887235202,7767
1993-04-21,7.274125576019287,7.5087747881489415,6.100879515371015,6.100879515371015,39333
1993-04-22,6.804827690124512,7.508775382206358,6.804827690124512,7.27412615151241,15000
1993-04-23,6.804827690124512,7.27412615151241,6.804827690124512,7.27412615151241,6233
1993-04-26,6.804827690124512,6.804827690124512,6.804827690124512,6.804827690124512,5167
1993-04-27,6.335529327392578,6.8048277960883246,6.335529327392578,6.8048277960883246,4767
1993-04-28,6.570178985595703,6.804828235081264,6.570178985595703,6.570178985595703,4433
1993-04-29,6.570178985595703,6.804828235081264,6.335529736110143,6.804828235081264,16200
1993-04-30,6.570178985595703,6.570178985595703,6.335529736110143,6.570178985595703,5633
1993-05-03,6.922152519226074,7.274126376135875,6.570178662316274,6.804827900256141,9800
1993-05-04,7.0394768714904785,7.274126100540162,6.804827642440796,7.274126100540162,13033
1993-05-05,7.743423938751221,7.743423938751221,7.039476307955655,7.508774728486032,28033
1993-05-06,7.274125576019287,7.743424000278596,7.274125576019287,7.743424000278596,3700
1993-05-07,7.391449928283691,7.508774530319941,7.274125326247442,7.508774530319941,7500
1993-05-10,7.508774757385254,7.508774757385254,7.274125546216965,7.508774757385254,6733
1993-05-11,7.274125576019287,7.5087747881489415,7.274125576019287,7.274125576019287,15000
1993-05-12,7.274125576019287,7.5087747881489415,7.274125576019287,7.5087747881489415,7000
1993-05-13,7.508774757385254,7.508774757385254,7.274125546216965,7.274125546216965,7167
1993-05-14,7.274125576019287,7.274125576019287,7.274125576019287,7.274125576019287,233
1993-05-17,7.508774757385254,7.508774757385254,7.274125546216965,7.508774757385254,13300
1993-05-18,7.274125576019287,7.5087747881489415,6.804827151759978,7.274125576019287,15867
1993-05-19,7.0394768714904785,7.039476871490479,7.039476871490479,7.039476871490479,167
1993-05-20,6.922152519226074,7.274126376135875,6.804827900256141,7.039477138196008,10133
1993-05-21,7.0394768714904785,7.274126100540162,7.039476871490479,7.039476871490479,8467
1993-05-24,7.0394768714904785,7.274126100540162,6.804827642440796,7.274126100540162,4167
1993-05-25,7.274125576019287,7.274125576019287,6.804827151759978,7.039476363889633,2033
1993-05-26,7.274125576019287,7.274125576019287,7.039476363889633,7.274125576019287,7567
1993-05-27,7.274125576019287,7.274125576019287,7.274125576019287,7.274125576019287,1667
1993-05-28,7.156801700592041,7.274126318634533,7.039477082549548,7.039477082549548,1067
1993-06-01,7.156801700592041,7.274126318634533,7.15680170059204,7.274126318634533,3167
1993-06-02,7.274125576019287,7.274125576019287,7.274125576019287,7.274125576019287,100
1993-06-03,7.0394768714904785,7.039476871490479,7.039476871490479,7.039476871490479,1200
1993-06-04,7.0394768714904785,7.274126100540162,7.039476871490479,7.039476871490479,1000
1993-06-07,7.508774757385254,7.508774757385254,7.0394763350486755,7.0394763350486755,15167
1993-06-08,7.508774757385254,7.508774757385254,7.215463243424892,7.508774757385254,5833
1993-06-09,7.508774757385254,7.508774757385254,7.508774757385254,7.508774757385254,400
1993-06-10,7.274125576019287,7.5087747881489415,7.274125576019287,7.5087747881489415,1167
1993-06-11,7.274125576019287,7.5087747881489415,7.274125576019287,7.274125576019287,4033
1993-06-14,7.508774757385254,7.508774757385254,7.274125546216965,7.508774757385254,9633
1993-06-15,7.508774757385254,7.508774757385254,7.508774757385254,7.508774757385254,0
1993-06-16,7.508774757385254,7.743423968553543,7.274125546216965,7.508774757385254,5767
1993-06-17,8.212722778320312,8.212722778320312,7.508775111607143,7.7434243338448665,34167
1993-06-18,8.212722778320312,8.212722778320312,7.7434243338448665,8.212722778320312,9667
1993-06-21,7.743423938751221,7.978073149016409,7.743423938751221,7.743423938751221,333
1993-06-22,7.743423938751221,7.978073149016409,7.626099333618627,7.743423938751221,8167
1993-06-23,7.508774757385254,7.743423968553543,7.508774757385254,7.743423968553543,12000
1993-06-24,7.508774757385254,7.978073179721832,7.508774757385254,7.508774757385254,37000
1993-06-25,7.743423938751221,7.978073149016409,7.508774728486032,7.743423938751221,4600
1993-06-28,8.09539794921875,8.212722557178443,7.508774909420291,7.508774909420291,7700
1993-06-29,8.212722778320312,8.212722778320312,7.97807355608259,8.212722778320312,1800
1993-06-30,8.682022094726562,9.151320586333403,8.212723603119722,8.212723603119722,28533
1993-07-01,9.151320457458496,9.151320457458496,8.447372729961689,8.682021972460625,37067
1993-07-02,9.151320457458496,9.385969699957432,9.033995836209028,9.033995836209028,19400
1993-07-06,9.151320457458496,9.385969699957432,9.151320457458496,9.151320457458496,23533
1993-07-07,9.385969161987305,9.385969161987305,9.151319932937623,9.385969161987305,5900
1993-07-08,9.385969161987305,9.620618391036988,9.151319932937623,9.151319932937623,20733
1993-07-09,9.385969161987305,9.385969161987305,9.151319932937623,9.151319932937623,3400
1993-07-12,9.385969161987305,9.385969161987305,9.151319932937623,9.151319932937623,6333
1993-07-13,9.151320457458496,9.151320457458496,8.91667121495956,9.151320457458496,7667
1993-07-14,9.151320457458496,9.151320457458496,8.682021972460625,8.91667121495956,5633
1993-07-15,8.916670799255371,9.151320030814722,8.916670799255371,9.151320030814722,1833
1993-07-16,9.151320457458496,9.385969699957432,8.91667121495956,9.385969699957432,1767
1993-07-19,8.682022094726562,8.682022094726562,8.682022094726562,8.682022094726562,1600
1993-07-20,9.151320457458496,9.151320457458496,8.447372729961689,8.682021972460625,8100
1993-07-21,8.682022094726562,9.151320586333403,8.682022094726562,9.151320586333403,2200
1993-07-22,8.916670799255371,9.151320030814722,8.916670799255371,8.916670799255371,2900
1993-07-23,9.151320457458496,9.151320457458496,8.91667121495956,9.151320457458496,15833
1993-07-26,9.385969161987305,9.385969161987305,9.385969161987305,9.385969161987305,1500
1993-07-27,9.385969161987305,9.385969161987305,8.91667070388794,9.385969161987305,4667
1993-07-28,9.385969161987305,9.503293776512146,9.151319932937623,9.151319932937623,25967
1993-07-29,9.385969161987305,9.620618391036988,9.151319932937623,9.620618391036988,21833
1993-07-30,9.385969161987305,9.385969161987305,9.151319932937623,9.151319932937623,3900
1993-08-02,9.151320457458496,9.385969699957432,9.151320457458496,9.385969699957432,2400
1993-08-03,9.209981918334961,9.385968833971935,8.916670392273339,9.151319613122638,13233
1993-08-04,8.916670799255371,9.385969262374074,8.916670799255371,8.916670799255371,3833
1993-08-05,8.916670799255371,9.151320030814722,8.916670799255371,9.151320030814722,833
1993-08-06,8.916670799255371,9.151320030814722,8.916670799255371,8.916670799255371,600
1993-08-09,9.151320457458496,9.385969699957432,9.151320457458496,9.385969699957432,367
1993-08-10,9.033995628356934,9.385969484007205,8.916671009806844,8.916671009806844,2633
1993-08-11,9.151320457458496,9.385969699957432,9.151320457458496,9.385969699957432,2600
1993-08-12,9.50329303741455,9.62061764281473,9.151319221214012,9.151319221214012,10100
1993-08-13,9.385969161987305,9.620618391036988,9.385969161987305,9.620618391036988,2100
1993-08-16,9.50329303741455,9.62061764281473,8.916670010413654,9.385968432014371,23633
1993-08-17,9.620616912841797,9.855266105837938,9.385967719845656,9.620616912841797,64833
1993-08-18,10.089916229248047,10.089916229248047,9.855267014614371,9.855267014614371,9233
1993-08-19,9.620616912841797,10.08991529883408,9.620616912841797,9.620616912841797,3533
1993-08-20,9.620616912841797,10.08991529883408,9.620616912841797,9.620616912841797,8067
1993-08-23,9.620616912841797,10.08991529883408,9.385967719845656,10.08991529883408,7967
1993-08-24,9.620616912841797,9.620616912841797,9.385967719845656,9.385967719845656,5300
1993-08-25,9.620616912841797,9.620616912841797,9.151318526849515,9.620616912841797,9733
1993-08-26,9.620616912841797,9.855266105837938,9.385967719845656,9.620616912841797,2000
1993-08-27,9.385969161987305,9.620618391036988,9.385969161987305,9.385969161987305,6800
1993-08-30,9.385969161987305,9.503293776512146,9.385969161987305,9.385969161987305,11400
1993-08-31,9.385969161987305,9.620618391036988,9.151319932937623,9.385969161987305,1333
1993-09-01,9.385969161987305,9.385969161987305,9.151319932937623,9.151319932937623,2133
1993-09-02,9.50329303741455,9.62061764281473,9.151319221214012,9.385968432014371,8533
1993-09-03,9.620616912841797,9.855266105837938,9.385967719845656,9.620616912841797,19400
1993-09-07,9.620616912841797,9.855266105837938,9.620616912841797,9.620616912841797,7867
1993-09-08,9.620616912841797,9.620616912841797,9.620616912841797,9.620616912841797,5667
1993-09-09,9.855267524719238,9.855267524719238,9.38596907116118,9.737942911329723,5700
1993-09-10,9.620616912841797,9.620616912841797,9.385967719845656,9.385967719845656,3100
1993-09-13,9.385969161987305,9.620618391036988,9.385969161987305,9.385969161987305,13433
1993-09-14,9.151320457458496,9.620618942456368,9.151320457458496,9.620618942456368,5300
1993-09-15,9.268645286560059,9.620619158201581,9.151320662679552,9.151320662679552,7100
1993-09-16,9.620616912841797,9.855266105837938,9.620616912841797,9.855266105837938,1000
1993-09-17,9.855267524719238,9.855267524719238,9.151319844382149,9.151319844382149,37933
1993-09-20,10.089916229248047,10.089916229248047,9.855267014614371,9.855267014614371,9033
1993-09-21,9.972591400146484,10.3245652142693,9.620617586023666,9.855266795438878,22767
1993-09-22,10.089916229248047,10.089916229248047,9.620617799980696,9.620617799980696,5100
1993-09-23,10.089916229248047,10.089916229248047,9.620617799980696,9.620617799980696,7100
1993-09-24,10.089916229248047,10.089916229248047,9.620617799980696,10.089916229248047,5967
1993-09-27,10.793865203857422,11.263163690981658,9.620618986046834,9.620618986046834,31367
1993-09-28,10.793865203857422,11.028514447419541,10.559215960295305,10.793865203857424,16367
1993-09-29,10.735201835632324,11.02851336119605,10.559214920294089,11.02851336119605,32667
1993-09-30,10.793865203857422,11.028514447419541,10.559215960295305,10.559215960295305,10700
1993-10-01,10.793865203857422,11.028514447419541,10.793865203857424,10.793865203857424,2333
1993-10-04,11.263162612915039,11.263162612915039,10.793864170710245,10.793864170710245,11933
1993-10-05,11.263162612915039,11.263162612915039,10.793864170710245,11.263162612915039,2533
1993-10-06,11.380487442016602,11.497812054820896,10.793864377995128,11.263162829212307,10900
1993-10-07,11.263162612915039,11.967110276222229,11.263162612915039,11.497811834017435,38000
1993-10-08,11.497812271118164,11.732461501140984,11.263163041095344,11.497812271118164,6433
1993-10-11,11.497812271118164,11.732461501140984,11.497812271118164,11.497812271118164,10100
1993-10-12,11.497812271118164,11.673799193635277,11.497812271118164,11.673799193635277,8567
1993-10-13,11.967110633850098,11.967110633850098,11.497812177620682,11.732461405735389,19767
1993-10-14,12.436409950256348,12.729721505686921,11.732462217222968,11.967111461567429,22967
1993-10-15,13.140357971191406,13.140357971191406,12.201760973249163,12.671059472220286,27867
1993-10-18,12.905708312988281,13.375006797096946,12.671059070933948,12.671059070933948,9367
1993-10-19,12.96436882019043,13.140355727251837,12.671057308421414,12.905706517836625,12900
1993-10-20,13.375005722045898,13.375005722045898,12.671058052464536,12.905707275658324,16100
1993-10-21,12.905708312988281,13.375006797096946,12.90570831298828,12.90570831298828,1367
1993-10-22,12.671058654785156,12.964370197719997,12.671058654785156,12.90570788913303,5833
1993-10-25,12.671058654785156,13.140357123480904,12.671058654785156,12.671058654785156,9133
1993-10-26,12.436409950256348,13.140357683289725,12.436409950256346,12.671059194600806,14233
1993-10-27,12.436409950256348,13.140357683289725,12.436409950256346,12.436409950256346,32900
1993-10-28,12.671058654785156,13.140357123480904,12.436409420437283,12.436409420437283,7900
1993-10-29,12.436409950256348,12.905708438945265,12.436409950256346,12.905708438945265,2267
1993-11-01,12.436409950256348,12.905708438945265,12.436409950256346,12.436409950256346,3700
1993-11-02,12.436409950256348,12.905708438945265,12.436409950256346,12.436409950256346,3400
1993-11-03,12.436409950256348,12.436409950256346,12.436409950256346,12.436409950256346,10333
1993-11-04,11.967110633850098,12.553733704136867,11.967110633850098,12.436409090079513,17067
1993-11-05,12.08443546295166,12.436409311387147,11.967110846806499,11.967110846806499,42467
1993-11-08,11.967110633850098,12.436409090079513,11.967110633850098,11.967110633850098,5233
1993-11-09,12.201759338378906,12.201759338378906,11.73246090228741,11.967110120333158,2767
1993-11-10,11.732460975646973,11.967110195159911,11.732460975646973,11.732460975646973,3567
1993-11-11,11.732460975646973,11.732460975646973,11.732460975646973,11.732460975646973,267
1993-11-12,11.732460975646973,11.967110195159911,11.732460975646973,11.732460975646973,13833
1993-11-15,11.732460975646973,11.967110195159911,11.732460975646973,11.732460975646973,4633
1993-11-16,11.849785804748535,12.201759640533144,11.732461192820331,12.201759640533144,5433
1993-11-17,11.732460975646973,12.201759414672852,11.732460975646973,12.201759414672852,1900
1993-11-18,11.849785804748535,11.849785804748533,11.732461192820331,11.849785804748533,7100
1993-11-19,12.201759338378906,12.201759338378906,11.73246090228741,11.73246090228741,8800
1993-11-22,11.497812271118164,12.201759961186623,11.497812271118164,12.201759961186623,9600
1993-11-23,11.497812271118164,11.967110731163803,11.497812271118164,11.615136886129573,3967
1993-11-24,11.497812271118164,11.732461501140984,11.497812271118164,11.497812271118164,18800
1993-11-26,11.497812271118164,11.497812271118164,11.497812271118164,11.497812271118164,67
1993-11-29,11.497812271118164,11.497812271118164,11.497812271118164,11.497812271118164,833
1993-11-30,11.497812271118164,11.497812271118164,11.497812271118164,11.497812271118164,3833
1993-12-01,11.732460975646973,11.732460975646973,11.497811756134032,11.497811756134032,13833
1993-12-02,11.497812271118164,11.497812271118164,11.497812271118164,11.497812271118164,667
1993-12-03,11.732460975646973,12.201759414672852,11.497811756134032,11.967110195159911,11567
1993-12-06,11.967110633850098,12.201759861964804,11.497812177620682,11.497812177620682,15733
1993-12-07,11.732460975646973,11.967110195159911,11.497811756134032,11.967110195159911,11800
1993-12-08,11.497812271118164,11.967110731163803,11.497812271118164,11.497812271118164,9333
1993-12-09,11.497812271118164,11.615136886129573,11.497812271118164,11.497812271118164,10700
1993-12-10,11.732460975646973,12.201759414672852,11.497811756134032,11.497811756134032,6667
1993-12-13,11.732460975646973,11.967110195159911,11.497811756134032,11.967110195159911,13367
1993-12-14,11.967110633850098,11.967110633850098,11.497812177620682,11.732461405735389,7533
1993-12-15,11.263162612915039,11.967110276222229,11.263162612915039,11.497811834017435,19667
1993-12-16,12.201759338378906,12.201759338378906,11.73246090228741,11.73246090228741,11933
1993-12-17,12.201759338378906,12.201759338378906,11.967110120333158,12.201759338378906,6333
1993-12-20,11.967110633850098,11.967110633850098,11.967110633850098,11.967110633850098,5033
1993-12-21,12.319084167480469,12.436408778599331,11.967110334123884,12.084434945242746,9200
1993-12-22,13.140357971191406,13.140357971191406,12.436410222734724,12.436410222734724,10467
1993-12-23,13.609655380249023,14.31360307233087,12.905707688167178,12.905707688167178,28300
1993-12-27,14.313603401184082,14.31360340118408,13.609655692929126,13.844304929014111,15533
1993-12-28,15.72149658203125,15.72149658203125,14.078952163013058,14.078952163013058,82100
1993-12-29,15.017549514770508,15.956146359443665,14.54825109243393,15.721497148275375,32067
1993-12-30,15.486847877502441,15.838821692900224,15.017549456972064,15.252198667237254,31267
1993-12-31,15.486847877502441,15.956146298032818,15.486847877502441,15.956146298032818,9233
1994-01-03,14.782899856567383,15.956145876929874,14.782899856567383,15.956145876929874,22800
1994-01-04,14.782899856567383,15.486847468784879,14.782899856567383,14.782899856567383,8567
1994-01-05,14.548251152038574,15.252198788427538,14.548251152038574,15.252198788427538,6967
1994-01-06,14.313603401184082,15.017551109439037,14.31360340118408,14.31360340118408,3900
1994-01-07,14.548251152038574,14.548251152038574,14.078952727779265,14.313601939908919,19267
1994-01-10,14.548251152038574,14.548251152038574,14.020290424746852,14.078952727779265,15700
1994-01-11,14.078953742980957,14.548252201080324,14.078953742980959,14.078953742980959,7933
1994-01-12,14.078953742980957,14.078953742980959,14.078953742980959,14.078953742980959,1000
1994-01-13,14.078953742980957,14.548252201080324,14.078953742980959,14.078953742980959,8867
1994-01-14,15.486847877502441,15.486847877502441,14.430926431309093,14.548251036441687,39333
1994-01-17,15.72149658203125,15.72149658203125,15.486847379314366,15.486847379314366,14833
1994-01-18,15.956148147583008,15.95614814758301,15.486849672654097,15.721498910118553,6667
1994-01-19,15.72149658203125,16.19079498746502,15.72149658203125,15.956145784748134,14667
1994-01-20,16.66009521484375,16.66009521484375,15.721498301331426,15.721498301331426,23000
1994-01-21,16.1907958984375,16.66009433027627,16.1907958984375,16.66009433027627,25633
1994-01-24,16.425445556640625,16.66009477887835,15.95614711216518,16.1907963344029,27767
1994-01-25,15.486847877502441,16.425444718563195,15.486847877502441,16.07347090316541,7733
1994-01-26,15.956148147583008,15.95614814758301,15.486849672654097,15.486849672654097,1533
1994-01-27,15.72149658203125,15.956145784748134,15.486847379314366,15.956145784748134,7667
1994-01-28,15.486847877502441,15.72149708776763,15.252198667237254,15.486847877502441,7200
1994-01-31,15.017549514770508,15.486847937107086,15.017549514770508,15.252198725938797,2467
1994-02-01,15.25220012664795,15.48684935936561,15.017550893930288,15.48684935936561,4200
1994-02-02,15.486847877502441,15.486847877502441,15.017549456972064,15.486847877502441,6233
1994-02-03,15.25220012664795,15.48684935936561,15.017550893930288,15.017550893930288,2500
1994-02-04,14.782899856567383,15.25219826471238,14.782899856567383,15.25219826471238,2967
1994-02-07,15.017549514770508,15.017549514770508,15.017549514770508,15.017549514770508,1000
1994-02-08,15.017549514770508,15.017549514770508,15.017549514770508,15.017549514770508,0
1994-02-09,14.548251152038574,15.252198788427538,14.548251152038574,15.252198788427538,2733
1994-02-10,14.548251152038574,14.548251152038574,14.548251152038574,14.548251152038574,3133
1994-02-11,14.548251152038574,14.665575758103401,14.548251152038574,14.548251152038574,12467
1994-02-14,14.548251152038574,15.017549576297883,14.548251152038574,15.017549576297883,333
1994-02-15,14.548251152038574,15.017549576297883,14.548251152038574,14.548251152038574,20633
1994-02-16,14.313603401184082,15.017551109439037,14.31360340118408,14.548252637269066,1900
1994-02-17,14.078953742980957,14.782901430130005,14.078953742980959,14.548252201080324,9933
1994-02-18,13.609655380249023,14.54825230302482,13.140356918861126,14.54825230302482,23633
1994-02-22,13.844305038452148,13.844305038452148,13.140357324632548,13.844305038452148,5300
1994-02-23,14.313603401184082,14.31360340118408,13.844304929014111,13.844304929014111,6367
1994-02-24,13.609655380249023,14.31360307233087,13.609655380249023,13.844304610942972,11933
1994-02-25,14.078953742980957,14.078953742980959,13.961629128456117,13.961629128456117,333
1994-02-28,14.313603401184082,14.31360340118408,14.078954165099097,14.078954165099097,1267
1994-03-01,13.844305038452148,14.313603514331882,13.844305038452148,14.313603514331882,2967
1994-03-02,13.844305038452148,14.078954276392016,13.844305038452148,13.844305038452148,2167
1994-03-03,14.078953742980957,14.31360297203064,13.844304513931275,13.844304513931275,3100
1994-03-04,13.961627960205078,13.961627960205076,13.961627960205076,13.961627960205076,333
1994-03-07,13.375005722045898,14.31360261482105,13.375005722045898,14.31360261482105,9300
1994-03-08,13.609655380249023,14.078953841636922,13.609655380249023,13.844304610942972,4533
1994-03-09,13.609655380249023,13.609655380249023,13.609655380249023,13.609655380249023,1367
1994-03-10,13.375005722045898,14.078953391627262,13.375005722045898,14.078953391627262,5200
1994-03-11,13.140357971191406,13.609656470162529,13.140357971191406,13.609656470162529,1033
1994-03-14,13.609655380249023,13.609655380249023,13.140356918861126,13.609655380249023,3667
1994-03-15,14.313603401184082,14.31360340118408,13.140357220759157,13.140357220759157,17633
1994-03-16,13.844305038452148,14.313603514331882,13.844305038452148,14.313603514331882,12533
1994-03-17,14.430927276611328,14.5482518886163,13.844304216586478,13.844304216586478,12867
1994-03-18,14.078953742980957,14.548252201080324,14.078953742980959,14.548252201080324,8700
1994-03-21,14.078953742980957,14.548252201080324,13.844304513931275,14.078953742980959,10000
1994-03-22,14.548251152038574,14.548251152038574,14.078952727779265,14.078952727779265,467
1994-03-23,14.548251152038574,14.548251152038574,14.078952727779265,14.548251152038574,1967
1994-03-24,14.782899856567383,14.782899856567383,14.313601448422387,14.548250652494884,5167
1994-03-25,15.017549514770508,15.252198725938797,14.782900303602219,14.782900303602219,5367
1994-03-28,15.486847877502441,15.486847877502441,15.017549456972064,15.486847877502441,6667
1994-03-29,15.25220012664795,15.48684935936561,15.017550893930288,15.25220012664795,14067
1994-03-30,15.25220012664795,15.25220012664795,14.782901661212628,14.782901661212628,5067
1994-03-31,14.548251152038574,15.252198788427538,14.548251152038574,14.782900364168228,13733
1994-04-04,14.782899856567383,14.782899856567383,14.078952244349889,14.313601448422387,8833
1994-04-05,14.782899856567383,14.782899856567383,14.078952244349889,14.078952244349889,300
1994-04-06,14.782899856567383,14.782899856567383,14.078952244349889,14.782899856567383,300
1994-04-07,14.782899856567383,14.782899856567383,14.078952244349889,14.078952244349889,700
1994-04-08,14.313603401184082,14.782901873354051,14.31360340118408,14.31360340118408,2100
1994-04-11,14.548251152038574,14.782900364168228,14.313601939908919,14.313601939908919,1700
1994-04-12,14.782899856567383,14.782899856567383,14.313601448422387,14.313601448422387,12333
1994-04-13,14.548251152038574,14.782900364168228,14.078952727779265,14.313601939908919,17333
1994-04-14,14.548251152038574,14.548251152038574,14.078952727779265,14.078952727779265,6667
1994-04-15,14.078953742980957,14.548252201080324,14.078953742980959,14.078953742980959,5733
1994-04-18,14.548251152038574,14.548251152038574,13.84430351564961,14.078952727779265,9100
1994-04-19,13.609655380249023,14.31360307233087,13.609655380249023,13.844304610942972,1367
1994-04-20,13.609655380249023,14.078953841636922,13.609655380249023,13.844304610942972,10667
1994-04-21,13.609655380249023,14.078953841636922,13.609655380249023,14.078953841636922,2567
1994-04-22,13.609655380249023,14.078953841636922,13.609655380249023,13.609655380249023,12667
1994-04-25,13.140357971191406,13.609656470162529,13.140357971191406,13.375007220676967,2900
1994-04-26,13.609655380249023,13.609655380249023,13.140356918861126,13.609655380249023,3500
1994-04-28,13.375005722045898,13.609654945239686,13.14035649885211,13.609654945239686,4033
1994-04-29,13.140357971191406,13.140357971191406,13.140357971191406,13.140357971191406,1867
1994-05-02,13.140357971191406,13.609656470162529,13.140357971191406,13.609656470162529,1933
1994-05-03,13.140357971191406,13.609656470162529,13.140357971191406,13.609656470162529,6900
1994-05-04,13.375005722045898,13.375005722045898,12.671058052464536,12.905707275658324,11200
1994-05-05,12.905708312988281,13.375006797096946,12.90570831298828,13.140357555042613,4100
1994-05-06,13.140357971191406,13.375007220676967,12.671059472220286,12.905708721705846,3100
1994-05-09,13.375005722045898,13.375005722045898,12.671058052464536,12.671058052464536,1533
1994-05-10,13.375005722045898,13.375005722045898,12.671058052464536,12.671058052464536,2867
1994-05-11,12.671058654785156,13.140357123480904,12.671058654785156,13.140357123480904,6600
1994-05-12,13.375005722045898,13.375005722045898,12.671058052464536,13.14035649885211,4167
1994-05-13,12.671058654785156,13.375006357828777,11.967110951741537,12.671058654785156,16400
1994-05-16,12.201759338378906,12.436408556424654,11.73246090228741,11.967110120333158,6767
1994-05-17,11.497812271118164,11.732461501140984,10.324566121004064,11.497812271118164,21933
1994-05-18,11.497812271118164,11.497812271118164,11.263163041095344,11.497812271118164,1833
1994-05-19,11.263162612915039,11.732461055119831,11.263162612915039,11.497811834017435,2833
1994-05-20,11.732460975646973,12.201759414672852,11.263162536621094,11.380487146377563,11967
1994-05-23,12.201759338378906,12.201759338378906,11.497811684241661,11.497811684241661,5367
1994-05-24,11.967110633850098,12.201759861964804,11.732461405735389,12.201759861964804,9000
1994-05-25,11.732460975646973,11.967110195159911,11.732460975646973,11.732460975646973,1567
1994-05-26,12.201759338378906,12.201759338378906,11.73246090228741,11.73246090228741,2400
1994-05-27,11.967110633850098,12.201759861964804,11.497812177620682,11.732461405735389,2400
1994-05-31,12.201759338378906,12.201759338378906,11.497811684241661,11.497811684241661,1067
1994-06-01,11.732460975646973,12.201759414672852,11.732460975646973,12.201759414672852,1433
1994-06-02,11.732460975646973,11.732460975646973,11.732460975646973,11.732460975646973,167
1994-06-03,11.849785804748535,12.201759640533144,11.732461192820331,11.732461192820331,3533
1994-06-06,11.732460975646973,11.967110195159911,11.732460975646973,11.732460975646973,1133
1994-06-07,11.732460975646973,12.201759414672852,11.732460975646973,11.732460975646973,5233
1994-06-08,11.497812271118164,12.201759961186623,11.497812271118164,11.732461501140984,11433
1994-06-09,11.263162612915039,11.263162612915039,10.793864170710245,11.263162612915039,7100
1994-06-10,10.793865203857422,11.263163690981658,10.793865203857424,11.263163690981658,2233
1994-06-13,11.263162612915039,11.263162612915039,10.793864170710245,10.793864170710245,4067
1994-06-14,11.263162612915039,11.263162612915039,10.793864170710245,10.793864170710245,1733
1994-06-15,11.263162612915039,11.732461055119831,11.028513391812641,11.263162612915039,7867
1994-06-16,11.497812271118164,11.497812271118164,11.497812271118164,11.497812271118164,1000
1994-06-17,11.263162612915039,11.497811834017435,11.263162612915039,11.497811834017435,5567
1994-06-20,11.732460975646973,11.732460975646973,11.263162536621094,11.263162536621094,5400
1994-06-21,11.02851390838623,11.732461604666202,10.793864676292907,11.732461604666202,10833
1994-06-22,10.911189079284668,11.263162920551915,10.793864465528918,10.793864465528918,1600
1994-06-23,11.497812271118164,11.615136886129573,11.028513811072525,11.028513811072525,6367
1994-06-24,11.02851390838623,11.497812372572879,11.02851390838623,11.263163140479556,4467
1994-06-27,11.497812271118164,11.497812271118164,11.028513811072525,11.028513811072525,4200
1994-06-28,11.732460975646973,11.732460975646973,11.028513317108153,11.497811756134032,2533
1994-06-29,11.732460975646973,11.732460975646973,11.263162536621094,11.263162536621094,3500
1994-06-30,11.732460975646973,11.732460975646973,11.263162536621094,11.263162536621094,5600
1994-07-01,11.263162612915039,11.732461055119831,11.263162612915039,11.732461055119831,67
1994-07-05,11.732460975646973,11.732460975646973,11.263162536621094,11.263162536621094,4567
1994-07-06,11.497812271118164,11.497812271118164,11.497812271118164,11.497812271118164,3167
1994-07-07,12.436409950256348,12.436409950256346,11.849786839395199,11.967111461567429,9233
1994-07-08,12.905708312988281,13.375006797096946,12.436409828879615,12.436409828879615,19667
1994-07-11,12.905708312988281,13.375006797096946,12.90570831298828,13.375006797096946,6233
1994-07-12,12.671058654785156,13.375006357828777,12.671058654785156,13.375006357828777,2433
1994-07-13,12.905708312988281,13.375006797096946,12.90570831298828,13.375006797096946,733
1994-07-14,13.375005722045898,13.375005722045898,12.905707275658324,12.905707275658324,2900
1994-07-15,13.375005722045898,13.375005722045898,12.905707275658324,13.375005722045898,1167
1994-07-18,12.905708312988281,13.375006797096946,12.90570831298828,13.375006797096946,4867
1994-07-19,12.905708312988281,12.90570831298828,12.90570831298828,12.90570831298828,2333
1994-07-20,12.671058654785156,12.90570788913303,12.671058654785156,12.90570788913303,7433
1994-07-21,12.201759338378906,12.671057774470404,12.201759338378906,12.436408556424654,5467
1994-07-22,12.905708312988281,12.90570831298828,12.201760586825284,12.201760586825284,4467
1994-07-25,12.905708312988281,12.90570831298828,12.201760586825284,12.436409828879615,2167
1994-07-26,12.143097877502441,12.90570788913303,11.967110951741537,12.436409420437283,16167
1994-07-27,11.849785804748535,12.201759640533144,11.732461192820331,11.967110416676737,6333
1994-07-28,11.967110633850098,11.967110633850098,11.497812177620682,11.732461405735389,11667
1994-07-29,11.967110633850098,11.967110633850098,11.967110633850098,11.967110633850098,0
1994-08-01,11.967110633850098,11.967110633850098,11.967110633850098,11.967110633850098,0
1994-08-02,11.497812271118164,11.497812271118164,11.497812271118164,11.497812271118164,1333
1994-08-03,11.351156234741211,11.497812000047945,11.26316277555717,11.497812000047945,3567
1994-08-04,11.02851390838623,11.263163140479556,10.559215444199582,11.02851390838623,23533
1994-08-05,10.793865203857422,10.793865203857424,10.324566716733187,10.559215960295305,4100
1994-08-08,10.793865203857422,10.793865203857424,10.324566716733187,10.324566716733187,1733
1994-08-09,11.02851390838623,11.02851390838623,10.324566212106259,10.324566212106259,3800
1994-08-10,10.793865203857422,10.793865203857424,10.559215960295305,10.559215960295305,3633
1994-08-11,11.02851390838623,11.02851390838623,10.559215444199582,10.559215444199582,2900
1994-08-12,11.02851390838623,11.02851390838623,10.793864676292907,10.793864676292907,4600
1994-08-15,10.793865203857422,11.028514447419541,10.559215960295305,10.559215960295305,2200
1994-08-16,11.497812271118164,11.497812271118164,10.793864581049705,10.793864581049705,10167
1994-08-17,11.967110633850098,11.967110633850098,11.028513721391265,11.028513721391265,7967
1994-08-18,11.967110633850098,11.967110633850098,11.967110633850098,11.967110633850098,2933
1994-08-19,11.967110633850098,12.201759861964804,11.967110633850098,11.967110633850098,4167
1994-08-22,11.732460975646973,12.201759414672852,11.263162536621094,12.201759414672852,11000
1994-08-23,11.61513614654541,11.732460754086274,11.263162323922822,11.263162323922822,2833
1994-08-24,11.02851390838623,11.497812372572879,11.02851390838623,11.263163140479556,7167
1994-08-25,11.497812271118164,11.497812271118164,10.793864581049705,10.793864581049705,2600
1994-08-26,11.02851390838623,11.263163140479556,11.02851390838623,11.263163140479556,4133
1994-08-29,11.263162612915039,11.263162612915039,10.793864170710245,11.028513391812641,600
1994-08-30,10.55921459197998,11.263162231445312,10.55921459197998,11.263162231445312,5133
1994-08-31,10.55921459197998,11.028513018290202,10.55921459197998,10.55921459197998,933
1994-09-01,10.55921459197998,10.55921459197998,10.55921459197998,10.55921459197998,1700
1994-09-02,10.324565887451172,10.55921511216597,10.324565887451172,10.55921511216597,5333
1994-09-06,10.089916229248047,10.559214658515398,10.089916229248047,10.559214658515398,2733
1994-09-07,10.55921459197998,10.55921459197998,10.08991616566976,10.55921459197998,4233
1994-09-08,10.55921459197998,10.55921459197998,10.08991616566976,10.08991616566976,4400
1994-09-09,10.324565887451172,10.324565887451172,9.620618213306773,10.089916662736371,7100
1994-09-12,10.324565887451172,10.324565887451172,10.324565887451172,10.324565887451172,1600
1994-09-13,10.324565887451172,10.324565887451172,9.855267438021572,10.324565887451172,2000
1994-09-14,10.324565887451172,10.324565887451172,9.855267438021572,9.855267438021572,2500
1994-09-15,10.55921459197998,10.55921459197998,9.855266952514649,9.855266952514649,3000
1994-09-16,10.441890716552734,10.441890716552734,10.441890716552734,10.441890716552734,1233
1994-09-19,10.793865203857422,10.793865203857424,10.324566716733187,10.559215960295305,3300
1994-09-20,11.02851390838623,11.02851390838623,10.324566212106259,10.324566212106259,5233
1994-09-21,10.793865203857422,10.793865203857424,10.559215960295305,10.793865203857424,8433
1994-09-22,10.793865203857422,10.793865203857424,10.793865203857424,10.793865203857424,167
1994-09-23,11.02851390838623,11.02851390838623,10.793864676292907,10.793864676292907,2600
1994-09-26,11.02851390838623,11.02851390838623,10.793864676292907,10.793864676292907,1333
1994-09-27,10.911189079284668,11.028513693040416,10.793864465528918,11.028513693040416,7800
1994-09-28,11.02851390838623,11.02851390838623,10.559215444199582,10.559215444199582,500
1994-09-29,11.02851390838623,11.02851390838623,10.793864676292907,10.793864676292907,1000
1994-09-30,11.02851390838623,11.02851390838623,10.559215444199582,10.793864676292907,3700
1994-10-03,11.02851390838623,11.02851390838623,10.559215444199582,10.559215444199582,1400
1994-10-04,10.793865203857422,11.028514447419541,10.559215960295305,10.559215960295305,6667
1994-10-05,10.324565887451172,10.79386433688077,10.324565887451172,10.324565887451172,4967
1994-10-06,10.441890716552734,10.441890716552734,10.324566101760006,10.324566101760006,533
1994-10-07,10.793865203857422,10.793865203857424,10.324566716733187,10.324566716733187,1267
1994-10-10,10.324565887451172,10.79386433688077,10.324565887451172,10.324565887451172,2600
1994-10-11,10.793865203857422,10.793865203857424,10.324566716733187,10.793865203857424,3633
1994-10-12,10.793865203857422,10.793865203857424,10.324566716733187,10.324566716733187,5867
1994-10-13,10.793865203857422,10.793865203857424,10.324566716733187,10.324566716733187,367
1994-10-14,10.324565887451172,10.79386433688077,10.324565887451172,10.324565887451172,1000
1994-10-17,10.55921459197998,10.55921459197998,10.32456537882487,10.32456537882487,6300
1994-10-18,10.55921459197998,10.55921459197998,10.55921459197998,10.55921459197998,633
1994-10-19,10.324565887451172,10.55921511216597,10.324565887451172,10.324565887451172,567
1994-10-20,10.55921459197998,10.55921459197998,10.32456537882487,10.32456537882487,2400
1994-10-21,10.324565887451172,10.55921511216597,10.324565887451172,10.55921511216597,2000
1994-10-24,10.55921459197998,10.55921459197998,10.32456537882487,10.32456537882487,2200
1994-10-25,10.324565887451172,10.324565887451172,10.324565887451172,10.324565887451172,1567
1994-10-26,10.324565887451172,10.55921511216597,10.324565887451172,10.324565887451172,5500
1994-10-27,10.55921459197998,10.55921459197998,10.32456537882487,10.32456537882487,7433
1994-10-28,10.55921459197998,10.55921459197998,10.207240772247316,10.32456537882487,3300
1994-10-31,10.55921459197998,10.55921459197998,10.08991616566976,10.55921459197998,2067
1994-11-01,10.089916229248047,10.559214658515398,10.089916229248047,10.089916229248047,8067
1994-11-02,10.55921459197998,10.55921459197998,10.08991616566976,10.55921459197998,6200
1994-11-03,10.55921459197998,10.55921459197998,10.08991616566976,10.08991616566976,1333
1994-11-04,10.55921459197998,10.55921459197998,10.08991616566976,10.08991616566976,2833
1994-11-07,10.324565887451172,10.324565887451172,10.089916662736371,10.089916662736371,667
1994-11-08,10.324565887451172,10.324565887451172,10.089916662736371,10.089916662736371,1167
1994-11-09,10.20724105834961,10.324565668215696,9.855267228751346,10.089916448483521,7667
1994-11-10,10.324565887451172,10.324565887451172,9.855267438021572,9.855267438021572,767
1994-11-11,10.324565887451172,10.324565887451172,9.855267438021572,10.324565887451172,6500
1994-11-14,10.324565887451172,10.324565887451172,9.855267438021572,10.324565887451172,1800
1994-11-15,10.089916229248047,10.089916229248047,10.089916229248047,10.089916229248047,433
1994-11-16,10.324565887451172,10.324565887451172,10.324565887451172,10.324565887451172,67
1994-11-17,10.324565887451172,10.324565887451172,10.207241275093772,10.324565887451172,2500
1994-11-18,10.324565887451172,10.324565887451172,10.089916662736371,10.089916662736371,400
1994-11-21,10.089916229248047,10.324565443881722,10.089916229248047,10.089916229248047,2967
1994-11-22,10.324565887451172,10.324565887451172,9.855267438021572,10.089916662736371,1900
1994-11-23,10.089916229248047,10.324565443881722,9.855267014614371,9.855267014614371,2600
1994-11-25,10.089916229248047,10.089916229248047,10.089916229248047,10.089916229248047,0
1994-11-28,9.620616912841797,10.08991529883408,9.620616912841797,9.855266105837938,1733
1994-11-29,10.20724105834961,10.324565668215696,9.620618009019172,9.620618009019172,4300
1994-11-30,10.324565887451172,10.324565887451172,10.089916662736371,10.324565887451172,1133
1994-12-01,10.324565887451172,10.324565887451172,10.089916662736371,10.324565887451172,1900
1994-12-02,10.089916229248047,10.324565443881722,10.089916229248047,10.089916229248047,2467
1994-12-05,10.324565887451172,10.324565887451172,10.089916662736371,10.089916662736371,133
1994-12-06,10.324565887451172,10.324565887451172,10.089916662736371,10.089916662736371,4467
1994-12-07,10.324565887451172,10.324565887451172,10.089916662736371,10.089916662736371,2500
1994-12-08,10.20724105834961,10.324565668215696,10.089916448483521,10.089916448483521,9600
1994-12-09,10.324565887451172,10.324565887451172,10.089916662736371,10.207241275093772,7000
1994-12-12,10.089916229248047,10.089916229248047,9.620617799980696,9.855267014614371,10100
1994-12-13,9.620616912841797,10.08991529883408,9.620616912841797,9.620616912841797,14467
1994-12-14,9.855267524719238,9.855267524719238,9.620618297940208,9.855267524719238,10167
1994-12-15,9.855267524719238,9.855267524719238,9.620618297940208,9.855267524719238,1500
1994-12-16,10.55921459197998,11.028513018290202,9.620617739359538,9.620617739359538,32167
1994-12-19,10.324565887451172,10.79386433688077,10.324565887451172,10.79386433688077,3767
1994-12-20,10.793865203857422,10.793865203857424,10.324566716733187,10.324566716733187,5367
1994-12-21,10.793865203857422,11.028514447419541,10.559215960295305,10.793865203857424,17667
1994-12-22,11.732460975646973,12.201759414672852,10.793864097595215,10.793864097595215,19633
1994-12-23,11.732460975646973,11.967110195159911,11.732460975646973,11.732460975646973,11667
1994-12-27,11.849785804748535,11.849785804748533,11.732461192820331,11.732461192820331,2700
1994-12-28,11.732460975646973,11.967110195159911,11.732460975646973,11.732460975646973,6133
1994-12-29,11.732460975646973,11.732460975646973,11.732460975646973,11.732460975646973,467
1994-12-30,11.967110633850098,11.967110633850098,11.732461405735389,11.732461405735389,2167
1995-01-03,11.732460975646973,11.967110195159911,11.732460975646973,11.732460975646973,2767
1995-01-04,11.732460975646973,11.967110195159911,11.732460975646973,11.732460975646973,1767
1995-01-05,11.967110633850098,11.967110633850098,11.732461405735389,11.967110633850098,5300
1995-01-06,11.732460975646973,11.732460975646973,11.497811756134032,11.732460975646973,8300
1995-01-09,11.967110633850098,11.967110633850098,11.497812177620682,11.497812177620682,1800
1995-01-10,11.849785804748535,11.967110416676737,11.497811968963925,11.732461192820331,7533
1995-01-11,11.967110633850098,11.967110633850098,11.497812177620682,11.967110633850098,7333
1995-01-12,11.967110633850098,11.967110633850098,11.497812177620682,11.967110633850098,9833
1995-01-13,11.497812271118164,11.732461501140984,11.497812271118164,11.732461501140984,2667
1995-01-16,11.497812271118164,11.967110731163803,11.497812271118164,11.732461501140984,6700
1995-01-17,11.732460975646973,11.967110195159911,11.497811756134032,11.497811756134032,13833
1995-01-18,11.497812271118164,11.732461501140984,11.497812271118164,11.732461501140984,2500
1995-01-19,11.967110633850098,11.967110633850098,11.497812177620682,11.497812177620682,3333
1995-01-20,11.732460975646973,11.967110195159911,11.732460975646973,11.732460975646973,1733
1995-01-23,11.967110633850098,11.967110633850098,11.497812177620682,11.732461405735389,1700
1995-01-24,11.732460975646973,11.732460975646973,11.263162536621094,11.497811756134032,3733
1995-01-25,11.732460975646973,11.732460975646973,11.263162536621094,11.263162536621094,3967
1995-01-26,11.732460975646973,11.732460975646973,11.263162536621094,11.263162536621094,3333
1995-01-27,11.263162612915039,11.732461055119831,11.263162612915039,11.732461055119831,5000
1995-01-30,11.732460975646973,11.732460975646973,11.263162536621094,11.263162536621094,2733
1995-01-31,11.497812271118164,11.732461501140984,11.263163041095344,11.732461501140984,12533
1995-02-01,10.793865203857422,10.793865203857424,10.324566716733187,10.793865203857424,21200
1995-02-02,11.380487442016602,11.497812054820896,10.793864377995128,11.028513603603717,9500
1995-02-03,11.263162612915039,11.497811834017435,11.263162612915039,11.380487223466236,1633
1995-02-06,11.263162612915039,11.263162612915039,11.263162612915039,11.263162612915039,2233
1995-02-07,11.497812271118164,11.497812271118164,11.263163041095344,11.263163041095344,1500
1995-02-08,11.263162612915039,11.263162612915039,11.263162612915039,11.263162612915039,100
1995-02-09,11.497812271118164,11.497812271118164,11.263163041095344,11.263163041095344,7533
1995-02-10,11.263162612915039,11.497811834017435,11.263162612915039,11.263162612915039,5900
1995-02-13,11.263162612915039,11.497811834017435,11.263162612915039,11.497811834017435,5833
1995-02-14,11.02851390838623,11.497812372572879,11.02851390838623,11.263163140479556,6667
1995-02-15,11.497812271118164,11.497812271118164,11.028513811072525,11.497812271118164,1733
1995-02-16,11.497812271118164,11.497812271118164,11.028513811072525,11.028513811072525,833
1995-02-17,11.497812271118164,11.497812271118164,11.028513811072525,11.263163041095344,2667
1995-02-21,11.02851390838623,11.263163140479556,11.02851390838623,11.02851390838623,767
1995-02-22,11.02851390838623,11.02851390838623,11.02851390838623,11.02851390838623,1300
1995-02-23,11.02851390838623,11.02851390838623,11.02851390838623,11.02851390838623,333
1995-02-24,11.497812271118164,11.497812271118164,11.028513811072525,11.028513811072525,1033
1995-02-27,11.497812271118164,11.497812271118164,11.028513811072525,11.028513811072525,133
1995-02-28,11.263162612915039,11.263162612915039,10.793864170710245,11.028513391812641,2267
1995-03-01,10.55921459197998,10.793863805135091,10.32456537882487,10.55921459197998,5100
1995-03-02,9.855267524719238,10.793864431835356,9.620618297940208,10.793864431835356,16333
1995-03-03,10.089916229248047,10.089916229248047,9.620617799980696,9.855267014614371,3333
1995-03-06,10.089916229248047,10.089916229248047,9.620617799980696,10.089916229248047,1333
1995-03-07,9.385969161987305,9.855267620086671,9.385969161987305,9.620618391036988,4533
1995-03-08,9.855267524719238,9.855267524719238,9.38596907116118,9.855267524719238,13767
1995-03-09,9.855267524719238,9.855267524719238,9.38596907116118,9.855267524719238,6000
1995-03-10,9.855267524719238,9.855267524719238,9.620618297940208,9.855267524719238,2300
1995-03-13,10.089916229248047,10.089916229248047,9.385968585347019,9.385968585347019,2400
1995-03-14,10.089916229248047,10.089916229248047,9.385968585347019,10.089916229248047,1167
1995-03-15,9.385969161987305,10.089916849136353,9.385969161987305,10.089916849136353,1267
1995-03-16,9.855267524719238,10.089916751498267,9.38596907116118,10.089916751498267,2133
1995-03-17,9.855267524719238,9.855267524719238,9.38596907116118,9.855267524719238,3800
1995-03-20,9.855267524719238,9.855267524719238,9.855267524719238,9.855267524719238,67
1995-03-21,9.855267524719238,9.855267524719238,9.38596907116118,9.38596907116118,3567
1995-03-22,9.855267524719238,9.855267524719238,9.855267524719238,9.855267524719238,200
1995-03-23,9.855267524719238,9.855267524719238,9.38596907116118,9.855267524719238,2667
1995-03-24,9.385969161987305,9.855267620086671,9.151319932937623,9.385969161987305,4267
1995-03-27,9.151320457458496,9.855268184955303,9.151320457458496,9.855268184955303,2900
1995-03-28,9.855267524719238,9.855267524719238,9.38596907116118,9.855267524719238,5567
1995-03-29,9.855267524719238,9.855267524719238,9.855267524719238,9.855267524719238,667
1995-03-30,9.855267524719238,9.855267524719238,9.38596907116118,9.620618297940208,1733
1995-03-31,9.855267524719238,9.855267524719238,9.855267524719238,9.855267524719238,0
1995-04-03,9.620616912841797,9.620616912841797,9.356636570721138,9.385967719845656,5933
1995-04-04,9.620616912841797,9.620616912841797,9.151318526849515,9.385967719845656,7600
1995-04-05,9.620616912841797,9.620616912841797,9.151318526849515,9.151318526849515,3267
1995-04-06,9.620616912841797,9.620616912841797,9.620616912841797,9.620616912841797,667
1995-04-07,9.385969161987305,9.620618391036988,9.092657625675201,9.620618391036988,12900
1995-04-10,9.385969161987305,9.385969161987305,8.91667070388794,9.151319932937623,4500
1995-04-11,8.916670799255371,9.385969262374074,8.916670799255371,9.151320030814722,4000
1995-04-12,8.916670799255371,8.916670799255371,8.916670799255371,8.916670799255371,6000
1995-04-13,8.916670799255371,9.151320030814722,8.916670799255371,8.916670799255371,5433
1995-04-17,8.682022094726562,8.916671340529984,8.682022094726562,8.916671340529984,3267
1995-04-18,9.151320457458496,9.151320457458496,8.682021972460625,8.682021972460625,10900
1995-04-19,9.151320457458496,9.151320457458496,8.682021972460625,8.682021972460625,2400
1995-04-20,9.033995628356934,9.033995628356934,8.682021772706664,8.682021772706664,9800
1995-04-21,9.151320457458496,9.151320457458496,8.682021972460625,8.682021972460625,9800
1995-04-24,9.151320457458496,9.151320457458496,8.682021972460625,8.682021972460625,18433
1995-04-25,9.151320457458496,9.151320457458496,8.682021972460625,8.682021972460625,4167
1995-04-26,8.916670799255371,8.916670799255371,8.682021567696019,8.682021567696019,3533
1995-04-27,8.916670799255371,9.151320030814722,8.682021567696019,9.151320030814722,6400
1995-04-28,8.916670799255371,9.151320030814722,8.682021567696019,8.682021567696019,4100
1995-05-01,8.916670799255371,9.151320030814722,8.916670799255371,9.151320030814722,1100
1995-05-02,8.916670799255371,8.916670799255371,8.682021567696019,8.682021567696019,5433
1995-05-03,8.916670799255371,8.916670799255371,8.682021567696019,8.682021567696019,8433
1995-05-04,8.916670799255371,8.916670799255371,8.916670799255371,8.916670799255371,233
1995-05-05,8.916670799255371,8.916670799255371,8.682021567696019,8.916670799255371,1367
1995-05-08,8.916670799255371,8.916670799255371,8.682021567696019,8.682021567696019,7733
1995-05-09,8.682022094726562,8.799346717628273,8.682022094726562,8.799346717628273,1000
1995-05-10,8.682022094726562,8.916671340529984,8.682022094726562,8.916671340529984,5100
1995-05-11,8.916670799255371,8.916670799255371,8.682021567696019,8.682021567696019,7567
1995-05-12,8.447371482849121,8.916669898562962,8.447371482849121,8.682020690706041,6100
1995-05-15,8.916670799255371,8.916670799255371,8.447372336136667,8.447372336136667,3000
1995-05-16,8.330047607421875,8.916670678367078,8.212722993232834,8.447372221610916,18933
1995-05-17,8.564697265625,8.682021885702055,8.212723405393836,8.447372645547945,7067
1995-05-18,8.564697265625,8.564697265625,8.212723405393836,8.212723405393836,2333
1995-05-19,8.564697265625,8.682021885702055,8.564697265625,8.682021885702055,2833
1995-05-22,8.447371482849121,8.447371482849121,8.447371482849121,8.447371482849121,3133
1995-05-23,8.682022094726562,8.682022094726562,8.447372848923141,8.564697471824852,9133
1995-05-24,8.447371482849121,8.682020690706041,8.447371482849121,8.682020690706041,1000
1995-05-25,8.799345970153809,8.799345970153809,8.682021357218424,8.682021357218424,2533
1995-05-26,8.682022094726562,8.916671340529984,8.682022094726562,8.682022094726562,1033
1995-05-30,9.004664421081543,9.15132019341186,8.916670957683351,8.916670957683351,13567
1995-05-31,9.033995628356934,9.151320246907025,8.916671009806844,8.916671009806844,6800
1995-06-01,9.151320457458496,9.151320457458496,8.91667121495956,8.91667121495956,4300
1995-06-02,9.151320457458496,9.151320457458496,9.004664680896662,9.033995836209028,3500
1995-06-05,9.151320457458496,9.151320457458496,8.91667121495956,8.91667121495956,1300
1995-06-06,9.033995628356934,9.033995628356934,8.916671009806844,8.916671009806844,833
1995-06-07,9.151320457458496,9.151320457458496,8.91667121495956,8.91667121495956,1667
1995-06-08,9.151320457458496,9.151320457458496,9.151320457458496,9.151320457458496,867
1995-06-09,9.033995628356934,9.151320246907025,8.916671009806844,8.916671009806844,3333
1995-06-12,8.916670799255371,9.151320030814722,8.916670799255371,9.004664261090127,2167
1995-06-13,9.033995628356934,9.033995628356934,8.916671009806844,8.916671009806844,2767
1995-06-14,8.916670799255371,8.916670799255371,8.916670799255371,8.916670799255371,100
1995-06-15,8.916670799255371,9.151320030814722,8.916670799255371,8.916670799255371,1300
1995-06-16,8.916670799255371,8.916670799255371,8.916670799255371,8.916670799255371,167
1995-06-19,9.151320457458496,9.151320457458496,8.91667121495956,8.91667121495956,233
1995-06-20,9.151320457458496,9.151320457458496,8.91667121495956,8.91667121495956,4900
1995-06-21,9.151320457458496,9.151320457458496,9.151320457458496,9.151320457458496,0
1995-06-22,8.916670799255371,9.151320030814722,8.916670799255371,8.916670799255371,3133
1995-06-23,9.033995628356934,9.151320246907025,8.916671009806844,8.916671009806844,11767
1995-06-26,8.916670799255371,9.151320030814722,8.916670799255371,8.916670799255371,19900
1995-06-27,8.916670799255371,9.151320030814722,8.916670799255371,8.916670799255371,20533
1995-06-28,8.916670799255371,8.916670799255371,8.916670799255371,8.916670799255371,2267
1995-06-29,9.004664421081543,9.15132019341186,8.916670957683351,9.033995575547607,8767
1995-06-30,9.385969161987305,9.385969161987305,9.151319932937623,9.151319932937623,4100
1995-07-03,9.385969161987305,9.385969161987305,9.385969161987305,9.385969161987305,0
1995-07-05,9.385969161987305,9.385969161987305,9.385969161987305,9.385969161987305,0
1995-07-06,9.385969161987305,9.385969161987305,8.91667070388794,9.385969161987305,2533
1995-07-07,9.033995628356934,9.385969484007205,8.916671009806844,9.385969484007205,3933
1995-07-10,9.033995628356934,9.385969484007205,8.916671009806844,8.916671009806844,3267
1995-07-11,9.385969161987305,9.385969161987305,8.91667070388794,8.91667070388794,1200
1995-07-12,9.737942695617676,10.089916527989399,9.151319641664804,9.151319641664804,32667
1995-07-13,10.55921459197998,11.028513018290202,9.620617739359538,9.620617739359538,10900
1995-07-14,11.02851390838623,11.02851390838623,10.559215444199582,10.793864676292907,3600
1995-07-17,10.55921459197998,10.55921459197998,10.55921459197998,10.55921459197998,33
1995-07-18,10.793865203857422,11.028514447419541,10.793865203857424,11.028514447419541,433
1995-07-19,10.324565887451172,11.028513561595569,10.324565887451172,10.79386433688077,5800
1995-07-20,10.324565887451172,10.79386433688077,10.324565887451172,10.324565887451172,800
1995-07-21,10.793865203857422,11.028514447419541,10.793865203857424,10.793865203857424,2700
1995-07-24,10.55921459197998,11.028513018290202,10.55921459197998,11.028513018290202,3833
1995-07-25,10.55921459197998,11.028513018290202,10.55921459197998,10.55921459197998,7200
1995-07-26,10.793865203857422,10.793865203857424,10.559215960295305,10.559215960295305,2333
1995-07-27,11.02851390838623,11.02851390838623,10.559215444199582,10.559215444199582,6533
1995-07-28,11.02851390838623,11.02851390838623,10.559215444199582,10.559215444199582,867
1995-07-31,10.441890716552734,10.676539946138188,10.324566101760006,10.559215331345461,18200
1995-08-01,10.324565887451172,10.324565887451172,9.855267438021572,10.089916662736371,8867
1995-08-02,9.855267524719238,9.855267524719238,9.855267524719238,9.855267524719238,1000
1995-08-03,10.089916229248047,10.324565443881722,9.855267014614371,9.855267014614371,9967
1995-08-04,10.324565887451172,10.324565887451172,9.972592050378973,9.972592050378973,1333
1995-08-07,9.972591400146484,10.08991600485409,9.972591400146484,9.972591400146484,1100
1995-08-08,9.972591400146484,9.972591400146484,9.972591400146484,9.972591400146484,167
1995-08-09,9.972591400146484,10.3245652142693,9.972591400146484,10.3245652142693,667
1995-08-10,10.324565887451172,10.324565887451172,9.972592050378973,10.324565887451172,4767
1995-08-11,10.324565887451172,10.324565887451172,9.972592050378973,10.324565887451172,1067
1995-08-14,10.324565887451172,10.324565887451172,10.089916662736371,10.089916662736371,2333
1995-08-15,10.324565887451172,10.324565887451172,10.207241275093772,10.207241275093772,6667
1995-08-16,10.089916229248047,10.324565443881722,10.089916229248047,10.089916229248047,10000
1995-08-17,10.089916229248047,10.089916229248047,10.089916229248047,10.089916229248047,0
1995-08-18,10.089916229248047,10.324565443881722,10.089916229248047,10.089916229248047,1500
1995-08-21,10.089916229248047,11.028513087782748,10.089916229248047,11.028513087782748,233
1995-08-22,10.324565887451172,10.324565887451172,9.855267438021572,10.089916662736371,5400
1995-08-23,9.855267524719238,10.324565978277297,9.855267524719238,10.324565978277297,4800
1995-08-24,10.324565887451172,10.324565887451172,9.855267438021572,9.855267438021572,1733
1995-08-25,10.324565887451172,10.324565887451172,10.324565887451172,10.324565887451172,333
1995-08-28,10.324565887451172,10.324565887451172,9.855267438021572,9.855267438021572,633
1995-08-29,9.855267524719238,10.324565978277297,9.855267524719238,10.324565978277297,967
1995-08-30,9.855267524719238,10.324565978277297,9.855267524719238,9.855267524719238,4167
1995-08-31,9.855267524719238,9.855267524719238,9.855267524719238,9.855267524719238,333
1995-09-01,10.324565887451172,10.324565887451172,10.324565887451172,10.324565887451172,333
1995-09-05,9.855267524719238,10.324565978277297,9.855267524719238,9.855267524719238,8267
1995-09-06,9.855267524719238,9.855267524719238,9.855267524719238,9.855267524719238,2033
1995-09-07,9.972591400146484,10.3245652142693,9.855266795438878,10.3245652142693,1533
1995-09-08,10.089916229248047,10.089916229248047,9.855267014614371,9.855267014614371,4500
1995-09-11,9.855267524719238,10.324565978277297,9.855267524719238,9.855267524719238,3000
1995-09-12,9.855267524719238,9.855267524719238,9.855267524719238,9.855267524719238,133
1995-09-13,10.324565887451172,10.324565887451172,9.855267438021572,10.324565887451172,6667
1995-09-14,9.855267524719238,10.089916751498267,9.855267524719238,10.089916751498267,3967
1995-09-15,9.620616912841797,10.324564491830222,9.620616912841797,10.324564491830222,6000
1995-09-18,9.151320457458496,9.620618942456368,9.151320457458496,9.620618942456368,4367
1995-09-19,8.916670799255371,9.620618493933426,8.916670799255371,9.620618493933426,6733
1995-09-20,9.385969161987305,9.385969161987305,8.682021474838258,8.682021474838258,9867
1995-09-21,9.385969161987305,9.385969161987305,9.385969161987305,9.385969161987305,0
1995-09-22,9.385969161987305,9.385969161987305,9.151319932937623,9.151319932937623,3600
1995-09-25,9.385969161987305,9.385969161987305,8.91667070388794,9.151319932937623,3100
1995-09-26,9.385969161987305,9.385969161987305,8.91667070388794,9.385969161987305,3467
1995-09-27,9.385969161987305,9.385969161987305,8.91667070388794,8.91667070388794,833
1995-09-28,8.916670799255371,9.385969262374074,8.916670799255371,8.916670799255371,367
1995-09-29,9.385969161987305,9.385969161987305,8.91667070388794,8.91667070388794,3367
1995-10-02,8.916670799255371,8.916670799255371,8.916670799255371,8.916670799255371,1367
1995-10-03,9.385969161987305,9.385969161987305,8.91667070388794,8.91667070388794,5833
1995-10-04,8.682022094726562,8.682022094726562,8.682022094726562,8.682022094726562,433
1995-10-05,8.682022094726562,8.916671340529984,8.682022094726562,8.916671340529984,467
1995-10-06,8.682022094726562,8.682022094726562,8.682022094726562,8.682022094726562,767
1995-10-09,8.916670799255371,8.916670799255371,8.682021567696019,8.682021567696019,667
1995-10-10,8.682022094726562,9.151320586333403,8.682022094726562,8.682022094726562,6233
1995-10-11,8.623358726501465,8.68202103076338,8.447371813715721,8.68202103076338,9467
1995-10-12,8.447371482849121,8.564696086777582,8.447371482849121,8.447371482849121,2867
1995-10-13,8.740683555603027,8.916670472829935,8.447372026891516,8.682021249860725,9267
1995-10-16,9.151320457458496,9.151320457458496,8.682021972460625,8.682021972460625,5900
1995-10-17,9.151320457458496,9.151320457458496,8.682021972460625,8.682021972460625,1133
1995-10-18,9.151320457458496,9.151320457458496,8.682021972460625,8.682021972460625,700
1995-10-19,8.682022094726562,8.682022094726562,8.682022094726562,8.682022094726562,967
1995-10-20,8.916670799255371,8.916670799255371,8.682021567696019,8.682021567696019,1133
1995-10-23,9.033995628356934,9.033995628356934,8.682021772706664,8.682021772706664,2333
1995-10-24,8.916670799255371,9.151320030814722,8.916670799255371,9.151320030814722,17467
1995-10-25,8.916670799255371,8.916670799255371,8.916670799255371,8.916670799255371,0
1995-10-26,8.564697265625,9.151320366010275,8.447372645547945,8.916671125856166,7233
1995-10-27,8.564697265625,8.916671125856166,8.212723405393836,8.682021885702055,17000
1995-10-30,8.447371482849121,8.682020690706041,8.447371482849121,8.447371482849121,1667
1995-10-31,8.447371482849121,8.682020690706041,8.447371482849121,8.682020690706041,2133
1995-11-01,8.682022094726562,8.682022094726562,8.447372848923141,8.447372848923141,4467
1995-11-02,9.151320457458496,9.151320457458496,8.447372729961689,8.447372729961689,4167
1995-11-03,9.151320457458496,9.151320457458496,8.682021972460625,8.682021972460625,1400
1995-11-06,9.151320457458496,9.151320457458496,8.682021972460625,8.682021972460625,300
1995-11-07,9.151320457458496,9.151320457458496,9.151320457458496,9.151320457458496,33
1995-11-08,9.385969161987305,9.385969161987305,8.682021474838258,8.682021474838258,23767
1995-11-09,9.620616912841797,10.08991529883408,9.385967719845656,9.620616912841797,26433
1995-11-10,10.089916229248047,10.089916229248047,9.855267014614371,9.972591621931208,12300
1995-11-13,10.089916229248047,10.324565443881722,9.855267014614371,10.089916229248047,7600
1995-11-14,9.855267524719238,10.324565978277297,9.855267524719238,10.089916751498267,2133
1995-11-15,10.089916229248047,10.324565443881722,10.089916229248047,10.324565443881722,4033
1995-11-16,10.089916229248047,10.089916229248047,9.855267014614371,10.089916229248047,8800
1995-11-17,10.324565887451172,10.324565887451172,9.855267438021572,10.324565887451172,1667
1995-11-20,10.089916229248047,10.324565443881722,10.089916229248047,10.324565443881722,967
1995-11-21,10.324565887451172,10.324565887451172,9.855267438021572,9.855267438021572,4133
1995-11-22,10.20724105834961,10.20724105834961,10.089916448483521,10.089916448483521,1000
1995-11-24,10.089916229248047,10.089916229248047,10.089916229248047,10.089916229248047,2333
1995-11-27,10.089916229248047,10.324565443881722,10.089916229248047,10.324565443881722,5100
1995-11-28,9.855267524719238,10.324565978277297,9.855267524719238,9.855267524719238,3400
1995-11-29,9.855267524719238,10.089916751498267,9.855267524719238,9.855267524719238,3800
1995-11-30,10.089916229248047,10.089916229248047,9.855267014614371,9.855267014614371,9200
1995-12-01,10.089916229248047,10.089916229248047,9.855267014614371,9.855267014614371,1667
1995-12-04,9.855267524719238,10.089916751498267,9.855267524719238,9.855267524719238,14800
1995-12-05,9.855267524719238,9.855267524719238,9.855267524719238,9.855267524719238,3067
1995-12-06,10.089916229248047,10.089916229248047,9.855267014614371,10.089916229248047,8200
1995-12-07,10.089916229248047,10.324565443881722,9.855267014614371,10.089916229248047,18367
1995-12-08,10.324565887451172,10.79386433688077,10.089916662736371,10.295234734361822,10900
1995-12-11,11.497812271118164,11.497812271118164,10.793864581049705,10.793864581049705,12933
1995-12-12,11.497812271118164,11.497812271118164,11.028513811072525,11.263163041095344,13267
1995-12-13,11.02851390838623,11.263163140479556,11.02851390838623,11.02851390838623,3500
1995-12-14,11.263162612915039,11.263162612915039,11.028513391812641,11.028513391812641,167
1995-12-15,11.02851390838623,11.263163140479556,11.02851390838623,11.02851390838623,8067
1995-12-18,10.793865203857422,11.263163690981658,10.793865203857424,11.028514447419541,10867
1995-12-19,10.793865203857422,11.028514447419541,10.559215960295305,10.793865203857424,16833
1995-12-20,11.02851390838623,11.02851390838623,10.793864676292907,11.02851390838623,5833
1995-12-21,10.793865203857422,11.028514447419541,10.793865203857424,10.793865203857424,2000
1995-12-22,13.375005722045898,13.609654945239686,10.559215043720446,10.793864266914234,54933
1995-12-26,15.017549514770508,15.252198725938797,13.140355825424194,13.609654247760773,51133
1995-12-27,14.313603401184082,15.25220034552402,14.31360340118408,15.25220034552402,21733
1995-12-28,14.313603401184082,14.548252637269066,14.31360340118408,14.548252637269066,31167
1995-12-29,14.782899856567383,14.782899856567383,14.313601448422387,14.548250652494884,3933
1996-01-02,14.548251152038574,14.548251152038574,14.313601939908919,14.313601939908919,5300
1996-01-03,13.844305038452148,14.54825275227175,13.844305038452148,14.54825275227175,20267
1996-01-04,14.078953742980957,14.31360297203064,13.844304513931275,13.961629128456117,30200
1996-01-05,14.313603401184082,14.31360340118408,13.844304929014111,14.078954165099097,2200
1996-01-08,13.844305038452148,14.313603514331882,13.844305038452148,14.313603514331882,667
1996-01-09,13.140357971191406,14.313604218619211,13.140357971191406,14.313604218619211,25100
1996-01-10,12.905708312988281,13.375006797096946,12.90570831298828,13.375006797096946,18533
1996-01-11,13.609655380249023,13.609655380249023,12.905707688167178,12.905707688167178,15000
1996-01-12,13.375005722045898,13.844304168433474,13.375005722045898,13.375005722045898,3067
1996-01-15,13.375005722045898,13.375005722045898,13.375005722045898,13.375005722045898,0
1996-01-16,14.548251152038574,14.548251152038574,13.375005091390301,13.375005091390301,21867
1996-01-17,14.313603401184082,14.548252637269066,13.844304929014111,14.548252637269066,20133
1996-01-18,13.844305038452148,14.313603514331882,13.844305038452148,14.078954276392016,5067
1996-01-19,13.844305038452148,13.844305038452148,13.844305038452148,13.844305038452148,0
1996-01-22,14.078953742980957,14.548252201080324,14.078953742980959,14.078953742980959,26867
1996-01-23,14.078953742980957,14.196278357505799,14.078953742980959,14.078953742980959,7000
1996-01-24,14.078953742980957,14.31360297203064,14.078953742980959,14.078953742980959,6700
1996-01-25,14.078953742980957,14.31360297203064,14.078953742980959,14.31360297203064,2133
1996-01-26,14.078953742980957,14.31360297203064,14.078953742980959,14.196278357505799,6867
1996-01-29,14.313603401184082,14.782901873354051,14.078954165099097,14.31360340118408,17667
1996-01-30,14.078953742980957,14.548252201080324,14.078953742980959,14.548252201080324,4933
1996-01-31,14.02029037475586,14.31360188887209,13.84430346628612,14.078952677579107,9633
1996-02-01,13.844305038452148,13.844305038452148,13.140357324632548,13.609655800512282,8533
1996-02-02,13.609655380249023,13.609655380249023,13.375006149555075,13.375006149555075,1167
1996-02-05,13.257681846618652,13.60965570095366,13.140357228506982,13.60965570095366,11367
1996-02-06,13.257681846618652,13.37500646473032,12.905707992283643,13.257681846618652,18967
1996-02-07,13.140357971191406,13.140357971191406,13.140357971191406,13.140357971191406,2767
1996-02-08,13.140357971191406,13.609656470162529,13.140357971191406,13.140357971191406,10733
1996-02-09,13.140357971191406,13.609656470162529,13.140357971191406,13.609656470162529,4033
1996-02-12,13.609655380249023,13.609655380249023,13.140356918861126,13.609655380249023,4600
1996-02-13,13.140357971191406,13.140357971191406,13.140357971191406,13.140357971191406,67
1996-02-14,13.140357971191406,13.609656470162529,13.140357971191406,13.140357971191406,1500
1996-02-15,13.257681846618652,13.37500646473032,13.257681846618652,13.37500646473032,500
1996-02-16,13.257681846618652,13.37500646473032,13.140357228506982,13.257681846618652,6067
1996-02-20,13.609655380249023,13.609655380249023,13.199019226534613,13.199019226534613,5333
1996-02-21,13.257681846618652,13.257681846618652,13.257681846618652,13.257681846618652,1333
1996-02-22,13.199020385742188,13.375007324218751,13.140358072916667,13.199020385742188,11233
1996-02-23,13.609655380249023,13.609655380249023,13.199019226534613,13.199019226534613,433
1996-02-26,13.140357971191406,13.257682595934186,13.140357971191406,13.199020283562797,1533
1996-02-27,13.199020385742188,13.375007324218751,13.140358072916667,13.140358072916667,7267
1996-02-28,13.375005722045898,13.375005722045898,13.14035649885211,13.14035649885211,5900
1996-02-29,13.140357971191406,13.375007220676967,13.140357971191406,13.375007220676967,867
1996-03-01,13.609655380249023,13.609655380249023,13.375006149555075,13.375006149555075,15200
1996-03-04,13.375005722045898,13.375005722045898,13.375005722045898,13.375005722045898,2000
1996-03-05,13.257681846618652,13.37500646473032,13.140357228506982,13.37500646473032,7133
1996-03-06,13.550993919372559,13.550993919372559,13.140357739997633,13.199020051336909,6867
1996-03-07,13.140357971191406,13.609656470162529,13.140357971191406,13.609656470162529,6933
1996-03-08,12.671058654785156,13.433668666415745,12.671058654785156,13.140357123480904,20900
1996-03-11,12.671058654785156,12.788383271959093,12.671058654785156,12.671058654785156,9533
1996-03-12,11.61513614654541,12.671057614413176,11.497811539004548,12.671057614413176,10500
1996-03-13,11.263162612915039,11.967110276222229,11.263162612915039,11.497811834017435,4267
1996-03-14,11.967110633850098,11.967110633850098,11.732461405735389,11.732461405735389,2500
1996-03-15,11.263162612915039,11.732461055119831,11.263162612915039,11.732461055119831,3000
1996-03-18,11.263162612915039,11.497811834017435,11.263162612915039,11.497811834017435,2500
1996-03-19,11.732460975646973,11.732460975646973,11.028513317108153,11.732460975646973,7000
1996-03-20,11.02851390838623,11.732461604666202,10.559215444199582,11.732461604666202,18633
1996-03-21,10.676539421081543,10.676539421081543,10.55921481205867,10.55921481205867,2000
1996-03-22,10.793865203857422,11.028514447419541,10.559215960295305,10.559215960295305,11800
1996-03-25,10.55921459197998,10.793863805135091,10.55921459197998,10.55921459197998,13100
1996-03-26,10.676539421081543,10.676539421081543,10.55921481205867,10.55921481205867,8100
1996-03-27,10.55921459197998,10.793863805135091,10.55921459197998,10.55921459197998,10667
1996-03-28,10.793865203857422,10.793865203857424,10.559215960295305,10.676540582076363,3000
1996-03-29,11.02851390838623,11.351156602514552,11.02851390838623,11.02851390838623,5300
1996-04-01,11.967110633850098,11.967110633850098,11.028513721391265,11.028513721391265,6833
1996-04-02,12.08443546295166,12.436409311387147,11.732461614516176,11.967110846806499,2133
1996-04-03,12.671058654785156,12.671058654785156,12.436409420437283,12.436409420437283,3400
1996-04-04,12.201759338378906,12.671057774470404,12.201759338378906,12.201759338378906,2667
1996-04-08,11.967110633850098,12.201759861964804,11.967110633850098,11.967110633850098,2000
1996-04-09,11.732460975646973,11.732460975646973,11.732460975646973,11.732460975646973,200
1996-04-10,11.732460975646973,12.201759414672852,11.732460975646973,12.201759414672852,1733
1996-04-11,11.732460975646973,11.732460975646973,11.732460975646973,11.732460975646973,0
1996-04-12,11.732460975646973,11.732460975646973,11.732460975646973,11.732460975646973,2333
1996-04-15,11.61513614654541,11.732460754086274,11.497811539004548,11.732460754086274,4100
1996-04-16,11.02851390838623,11.497812372572879,11.02851390838623,11.497812372572879,4400
1996-04-17,11.02851390838623,11.02851390838623,11.02851390838623,11.02851390838623,733
1996-04-18,11.02851390838623,11.02851390838623,11.02851390838623,11.02851390838623,0
1996-04-19,11.497812271118164,11.497812271118164,11.497812271118164,11.497812271118164,367
1996-04-22,11.02851390838623,11.497812372572879,11.02851390838623,11.497812372572879,1467
1996-04-23,11.263162612915039,11.263162612915039,11.028513391812641,11.263162612915039,3733
1996-04-24,11.02851390838623,11.02851390838623,11.02851390838623,11.02851390838623,133
1996-04-25,11.497812271118164,11.497812271118164,11.497812271118164,11.497812271118164,1033
1996-04-26,11.145838737487793,11.145838737487793,11.028514119198448,11.028514119198448,1133
1996-04-29,11.263162612915039,11.497811834017435,11.028513391812641,11.263162612915039,2933
1996-04-30,11.263162612915039,11.263162612915039,11.263162612915039,11.263162612915039,0
1996-05-01,11.497812271118164,11.497812271118164,11.028513811072525,11.233831887342491,3400
1996-05-02,11.263162612915039,11.263162612915039,11.028513391812641,11.028513391812641,4467
1996-05-03,11.380487442016602,11.497812054820896,11.028513603603717,11.028513603603717,7967
1996-05-06,11.497812271118164,11.497812271118164,11.380487656106753,11.380487656106753,833
1996-05-07,11.967110633850098,12.201759861964804,11.380487563563328,11.497812177620682,13500
1996-05-08,13.140357971191406,13.140357971191406,11.967111723763603,11.967111723763603,12167
1996-05-09,12.905708312988281,13.140357555042613,12.436409828879615,12.90570831298828,16333
1996-05-10,12.671058654785156,12.90570788913303,12.671058654785156,12.671058654785156,4800
1996-05-13,12.671058654785156,12.671058654785156,12.671058654785156,12.671058654785156,0
1996-05-14,13.492330551147461,13.609655164635699,12.905707483706266,13.140356710682743,14233
1996-05-15,13.609655380249023,13.844304610942972,13.140356918861126,13.609655380249023,5467
1996-05-16,13.375005722045898,13.844304168433474,13.375005722045898,13.609654945239686,4867
1996-05-17,13.375005722045898,13.844304168433474,13.375005722045898,13.375005722045898,1733
1996-05-20,13.609655380249023,13.609655380249023,13.375006149555075,13.375006149555075,2167
1996-05-21,12.671058654785156,13.140357123480904,12.671058654785156,13.140357123480904,6067
1996-05-22,12.905708312988281,13.140357555042613,12.90570831298828,13.140357555042613,2667
1996-05-23,12.905708312988281,12.90570831298828,12.90570831298828,12.90570831298828,0
1996-05-24,13.140357971191406,13.140357971191406,13.140357971191406,13.140357971191406,3667
1996-05-28,13.140357971191406,13.140357971191406,12.905708721705846,12.905708721705846,1333
1996-05-29,12.671058654785156,12.90570788913303,12.671058654785156,12.90570788913303,1000
1996-05-30,13.140357971191406,13.140357971191406,12.905708721705846,12.905708721705846,3133
1996-05-31,13.140357971191406,13.140357971191406,13.140357971191406,13.140357971191406,2267
1996-06-03,12.905708312988281,13.140357555042613,12.90570831298828,13.140357555042613,5800
1996-06-04,12.671058654785156,12.90570788913303,12.671058654785156,12.671058654785156,2333
1996-06-05,13.140357971191406,13.140357971191406,13.140357971191406,13.140357971191406,200
1996-06-06,12.436409950256348,13.140357683289725,12.436409950256346,13.140357683289725,600
1996-06-07,12.905708312988281,12.90570831298828,12.436409828879615,12.90570831298828,2067
1996-06-10,12.671058654785156,12.90570788913303,12.671058654785156,12.90570788913303,3700
1996-06-11,12.905708312988281,12.90570831298828,12.671059070933948,12.90570831298828,4833
1996-06-12,12.671058654785156,12.90570788913303,12.671058654785156,12.90570788913303,833
1996-06-13,12.905708312988281,12.90570831298828,12.671059070933948,12.671059070933948,433
1996-06-14,12.671058654785156,12.90570788913303,12.671058654785156,12.671058654785156,1400
1996-06-17,12.671058654785156,12.671058654785156,12.671058654785156,12.671058654785156,0
1996-06-18,12.201759338378906,12.671057774470404,12.201759338378906,12.436408556424654,16800
1996-06-19,12.671058654785156,12.671058654785156,12.20176018608941,12.20176018608941,533
1996-06-20,12.201759338378906,12.201759338378906,12.201759338378906,12.201759338378906,833
1996-06-21,11.497812271118164,12.671058421232262,11.263163041095344,12.436409191209442,21700
1996-06-24,10.55921459197998,11.497811444600423,10.55921459197998,11.497811444600423,11167
1996-06-25,11.02851390838623,11.497812372572879,10.324566212106259,10.324566212106259,13267
1996-06-26,10.793865203857422,11.263163690981658,10.793865203857424,11.1458390692006,6000
1996-06-27,10.55921459197998,11.028513018290202,10.55921459197998,10.793863805135091,4300
1996-06-28,10.324565887451172,10.55921511216597,10.324565887451172,10.55921511216597,1967
1996-07-01,10.324565887451172,11.028513561595569,10.089916662736371,11.028513561595569,1967
1996-07-02,10.441890716552734,10.441890716552734,10.089916872174552,10.089916872174552,233
1996-07-03,10.55921459197998,10.55921459197998,10.32456537882487,10.32456537882487,3033
1996-07-05,10.55921459197998,10.55921459197998,10.55921459197998,10.55921459197998,100
1996-07-08,9.855267524719238,10.324565978277297,9.620618297940208,10.089916751498267,6633
1996-07-09,8.447371482849121,9.620617522133722,8.447371482849121,9.620617522133722,22133
1996-07-10,9.620616912841797,9.620616912841797,8.44737094786109,8.916669333853374,12000
1996-07-11,9.151320457458496,9.151320457458496,9.151320457458496,9.151320457458496,2000
1996-07-12,9.151320457458496,9.151320457458496,9.151320457458496,9.151320457458496,667
1996-07-15,8.682022094726562,9.385969832136825,8.682022094726562,9.268645209235114,4533
1996-07-16,8.212722778320312,8.916670445033482,7.508775111607143,8.68202122279576,37367
1996-07-17,8.212722778320312,8.68202122279576,8.212722778320312,8.212722778320312,7767
1996-07-18,8.447371482849121,8.916669898562962,8.2127222749922,8.2127222749922,1733
1996-07-19,8.447371482849121,8.447371482849121,8.2127222749922,8.2127222749922,733
1996-07-22,8.447371482849121,8.916669898562962,8.447371482849121,8.447371482849121,1500
1996-07-23,8.212722778320312,8.447372000558037,8.212722778320312,8.447372000558037,2733
1996-07-24,7.743423938751221,8.682020779811975,7.743423938751221,8.212722359281598,7733
1996-07-25,7.978074073791504,8.21272331125596,7.743424836327049,8.21272331125596,1600
1996-07-26,8.212722778320312,8.212722778320312,7.7434243338448665,7.97807355608259,2433
1996-07-29,8.447371482849121,8.682020690706041,8.095397671063742,8.2127222749922,6900
1996-07-30,8.212722778320312,8.68202122279576,8.212722778320312,8.447372000558037,2700
1996-07-31,8.212722778320312,8.212722778320312,8.212722778320312,8.212722778320312,0
1996-08-01,9.151320457458496,9.151320457458496,8.682021972460625,8.682021972460625,6667
1996-08-02,8.916670799255371,9.151320030814722,8.682021567696019,8.682021567696019,1800
1996-08-05,8.916670799255371,8.916670799255371,8.916670799255371,8.916670799255371,0
1996-08-06,8.682022094726562,8.682022094726562,8.682022094726562,8.682022094726562,400
1996-08-07,9.151320457458496,9.151320457458496,9.151320457458496,9.151320457458496,367
1996-08-08,8.916670799255371,8.916670799255371,8.447372336136667,8.682021567696019,8200
1996-08-09,9.151320457458496,9.151320457458496,8.447372729961689,8.447372729961689,8033
1996-08-12,8.447371482849121,9.151319106419882,8.447371482849121,8.916669898562962,3333
1996-08-13,8.916670799255371,8.916670799255371,8.447372336136667,8.682021567696019,3933
1996-08-14,8.682022094726562,8.682022094726562,8.682022094726562,8.682022094726562,33
1996-08-15,8.682022094726562,8.916671340529984,8.682022094726562,8.916671340529984,5833
1996-08-16,8.682022094726562,8.682022094726562,8.682022094726562,8.682022094726562,333
1996-08-19,8.682022094726562,8.682022094726562,8.682022094726562,8.682022094726562,0
1996-08-20,8.682022094726562,8.682022094726562,8.682022094726562,8.682022094726562,33
1996-08-21,9.151320457458496,9.151320457458496,9.151320457458496,9.151320457458496,667
1996-08-22,9.151320457458496,9.151320457458496,9.151320457458496,9.151320457458496,100
1996-08-23,9.151320457458496,9.151320457458496,8.682021972460625,8.682021972460625,500
1996-08-26,8.682022094726562,8.916671340529984,8.682022094726562,8.682022094726562,2533
1996-08-27,8.916670799255371,8.916670799255371,8.682021567696019,8.682021567696019,700
1996-08-28,8.682022094726562,8.682022094726562,8.682022094726562,8.682022094726562,1333
1996-08-29,8.447371482849121,8.916669898562962,8.447371482849121,8.682020690706041,5900
1996-08-30,8.682022094726562,8.682022094726562,8.447372848923141,8.682022094726562,5533
1996-09-03,8.447371482849121,8.682020690706041,8.447371482849121,8.447371482849121,567
1996-09-04,8.447371482849121,8.447371482849121,8.447371482849121,8.447371482849121,100
1996-09-05,8.564697265625,8.682021885702055,8.447372645547945,8.447372645547945,15000
1996-09-06,8.447371482849121,8.564696086777582,8.447371482849121,8.564696086777582,1000
1996-09-09,8.447371482849121,8.682020690706041,8.447371482849121,8.564696086777582,6467
1996-09-10,8.447371482849121,8.447371482849121,8.447371482849121,8.447371482849121,67
1996-09-11,8.447371482849121,8.447371482849121,8.447371482849121,8.447371482849121,367
1996-09-12,9.151320457458496,9.151320457458496,8.682021972460625,8.91667121495956,5333
1996-09-13,9.151320457458496,9.151320457458496,8.682021972460625,9.151320457458496,1867
1996-09-16,9.151320457458496,9.151320457458496,9.151320457458496,9.151320457458496,0
1996-09-17,8.682022094726562,9.151320586333403,8.682022094726562,9.151320586333403,5400
1996-09-18,9.151320457458496,9.151320457458496,8.682021972460625,8.91667121495956,6333
1996-09-19,8.682022094726562,8.682022094726562,8.447372848923141,8.447372848923141,2000
1996-09-20,8.447371482849121,8.447371482849121,8.447371482849121,8.447371482849121,1367
1996-09-23,8.447371482849121,8.447371482849121,8.447371482849121,8.447371482849121,0
1996-09-24,8.447371482849121,8.447371482849121,8.447371482849121,8.447371482849121,167
1996-09-25,8.447371482849121,8.447371482849121,8.447371482849121,8.447371482849121,1567
1996-09-26,8.447371482849121,8.447371482849121,8.447371482849121,8.447371482849121,133
1996-09-27,8.447371482849121,8.916669898562962,8.447371482849121,8.447371482849121,3400
1996-09-30,8.682022094726562,8.682022094726562,8.447372848923141,8.447372848923141,14933
1996-10-01,8.447371482849121,8.564696086777582,8.447371482849121,8.564696086777582,1633
1996-10-02,8.447371482849121,8.682020690706041,8.2127222749922,8.2127222749922,7567
1996-10-03,8.447371482849121,8.682020690706041,8.2127222749922,8.2127222749922,16100
1996-10-04,8.916670799255371,9.151320030814722,8.447372336136667,8.916670799255371,5867
1996-10-07,8.799345970153809,9.15131980895996,8.799345970153809,8.799345970153809,5733
1996-10-08,8.799345970153809,9.033995196024575,8.799345970153809,8.799345970153809,5033
1996-10-09,8.799345970153809,8.799345970153809,8.799345970153809,8.799345970153809,167
1996-10-10,9.151320457458496,9.151320457458496,8.91667121495956,8.91667121495956,2333
1996-10-11,9.151320457458496,9.151320457458496,9.151320457458496,9.151320457458496,0
1996-10-14,9.151320457458496,9.151320457458496,9.151320457458496,9.151320457458496,0
1996-10-15,8.799345970153809,8.916670583089193,8.799345970153809,8.799345970153809,1833
1996-10-16,8.916670799255371,9.033995415035047,8.799346183475695,8.916670799255371,7100
1996-10-17,8.799345970153809,8.799345970153809,8.799345970153809,8.799345970153809,167
1996-10-18,9.033995628356934,9.033995628356934,8.799346391256755,8.799346391256755,6300
1996-10-21,8.799345970153809,8.916670583089193,8.799345970153809,8.916670583089193,767
1996-10-22,9.033995628356934,9.033995628356934,8.799346391256755,8.799346391256755,2433
1996-10-23,8.799345970153809,9.033995196024575,8.799345970153809,8.799345970153809,6200
1996-10-24,8.799345970153809,9.033995196024575,8.682021357218424,8.799345970153809,11433
1996-10-25,8.447371482849121,8.799345294634502,8.447371482849121,8.799345294634502,1433
1996-10-28,8.447371482849121,8.447371482849121,8.447371482849121,8.447371482849121,0
1996-10-29,8.447371482849121,8.682020690706041,8.447371482849121,8.447371482849121,10367
1996-10-30,8.447371482849121,8.447371482849121,8.2127222749922,8.447371482849121,4000
1996-10-31,8.212722778320312,8.212722778320312,8.212722778320312,8.212722778320312,333
1996-11-01,8.09539794921875,8.212722557178443,7.743424125339675,7.9780733412590585,45900
1996-11-04,8.212722778320312,8.212722778320312,7.97807355608259,7.97807355608259,3233
1996-11-05,8.09539794921875,8.09539794921875,7.9780733412590585,7.9780733412590585,9933
1996-11-06,7.978074073791504,7.978074073791505,7.978074073791505,7.978074073791505,3333
1996-11-07,7.978074073791504,8.095398692523732,7.978074073791505,7.978074073791505,16800
1996-11-08,7.978074073791504,8.095398692523732,7.978074073791505,7.978074073791505,11633
1996-11-11,8.09539794921875,8.212722557178443,7.9780733412590585,7.9780733412590585,2033
1996-11-12,7.978074073791504,8.21272331125596,7.978074073791505,7.978074073791505,1633
1996-11-13,7.743423938751221,8.095397754149003,7.743423938751221,7.978073149016409,5733
1996-11-14,7.978074073791504,8.21272331125596,7.978074073791505,8.21272331125596,1300
1996-11-15,7.978074073791504,7.978074073791505,7.978074073791505,7.978074073791505,3467
1996-11-18,7.978074073791504,8.21272331125596,7.978074073791505,8.21272331125596,1500
1996-11-19,7.978074073791504,8.066067537840675,7.978074073791505,7.978074073791505,9000
1996-11-20,7.978074073791504,8.21272331125596,7.978074073791505,7.978074073791505,23700
1996-11-21,7.978074073791504,8.21272331125596,7.978074073791505,8.21272331125596,4167
1996-11-22,7.978074073791504,8.21272331125596,7.978074073791505,7.978074073791505,6200
1996-11-25,7.743423938751221,8.212722359281598,7.508774728486032,8.212722359281598,59933
1996-11-26,7.391449928283691,7.508774530319941,7.274125326247442,7.274125326247442,8167
1996-11-27,7.274125576019287,7.5087747881489415,7.274125576019287,7.274125576019287,9033
1996-11-29,7.274125576019287,7.743424000278596,7.274125576019287,7.5087747881489415,12867
1996-12-02,7.508774757385254,7.743423968553543,6.922151729464531,7.743423968553543,17500
1996-12-03,8.212722778320312,8.212722778320312,7.7434243338448665,7.97807355608259,3600
1996-12-04,7.743423938751221,7.978073149016409,7.508774728486032,7.743423938751221,15067
1996-12-05,7.743423938751221,7.743423938751221,7.743423938751221,7.743423938751221,1333
1996-12-06,7.743423938751221,7.743423938751221,7.274125518220844,7.274125518220844,5567
1996-12-09,7.274125576019287,7.274125576019287,7.274125576019287,7.274125576019287,1733
1996-12-10,7.508774757385254,7.508774757385254,7.274125546216965,7.274125546216965,9467
1996-12-11,7.391449928283691,7.391449928283691,7.274125326247442,7.391449928283691,6500
1996-12-12,7.274125576019287,7.5087747881489415,6.804827151759978,7.5087747881489415,20667
1996-12-13,7.274125576019287,7.274125576019287,6.804827151759978,7.039476363889633,19733
1996-12-16,6.804827690124512,7.156801536165435,6.804827690124512,6.804827690124512,8600
1996-12-17,6.804827690124512,7.156801536165435,6.804827690124512,6.804827690124512,4433
1996-12-18,7.0394768714904785,7.274126100540162,6.922152256965638,7.15680148601532,2967
1996-12-19,6.804827690124512,7.039476920818461,6.804827690124512,6.804827690124512,27067
1996-12-20,7.0394768714904785,7.15680148601532,6.922152256965638,7.039476871490479,8633
1996-12-23,7.0394768714904785,7.15680148601532,6.922152256965638,6.922152256965638,5800
1996-12-24,7.0394768714904785,7.039476871490479,6.922152256965638,6.922152256965638,9900
1996-12-26,7.0394768714904785,7.15680148601532,6.922152256965638,6.922152256965638,6967
1996-12-27,6.922152519226074,6.922152519226074,6.922152519226074,6.922152519226074,567
1996-12-30,7.0394768714904785,7.15680148601532,6.922152256965638,6.922152256965638,3767
1996-12-31,7.0394768714904785,7.039476871490479,6.922152256965638,6.922152256965638,22133
1997-01-02,6.922152519226074,7.039477138196008,6.922152519226074,6.922152519226074,15800
1997-01-03,7.0394768714904785,7.15680148601532,6.922152256965638,6.922152256965638,18167
1997-01-06,7.0394768714904785,7.274126100540162,7.039476871490479,7.274126100540162,1067
1997-01-07,7.391449928283691,7.508774530319941,7.0394761221749445,7.0394761221749445,11833
1997-01-08,7.0394768714904785,7.508775329589844,7.039476871490479,7.039476871490479,13667
1997-01-09,7.0394768714904785,7.508775329589844,7.039476871490479,7.508775329589844,7667
1997-01-10,7.274125576019287,7.5087747881489415,7.1568009699544595,7.274125576019287,14333
1997-01-13,7.508774757385254,7.508774757385254,7.274125546216965,7.274125546216965,1767
1997-01-14,7.508774757385254,7.508774757385254,7.274125546216965,7.508774757385254,15800
1997-01-15,7.508774757385254,7.508774757385254,7.391450151801109,7.508774757385254,3000
1997-01-16,7.391449928283691,7.508774530319941,7.274125326247442,7.508774530319941,8733
1997-01-17,7.274125576019287,7.391450182084114,7.274125576019287,7.274125576019287,15633
1997-01-20,7.508774757385254,7.508774757385254,7.274125546216965,7.274125546216965,5600
1997-01-21,6.804827690124512,7.27412615151241,6.570178459430563,7.27412615151241,7333
1997-01-22,7.0394768714904785,7.039476871490479,7.039476871490479,7.039476871490479,333
1997-01-23,6.804827690124512,7.039476920818461,6.804827690124512,7.039476920818461,1467
1997-01-24,7.0394768714904785,7.039476871490479,6.804827642440796,6.804827642440796,5767
1997-01-27,7.156801700592041,7.15680170059204,6.804827846464563,6.804827846464563,6533
1997-01-28,7.156801700592041,7.15680170059204,6.922152464507056,7.039477082549548,5533
1997-01-29,6.804827690124512,6.804827690124512,6.452853844083589,6.570178459430563,5800
1997-01-30,6.570178985595703,6.804828235081264,6.335529736110143,6.335529736110143,1100
1997-01-31,7.274125576019287,7.274125576019287,6.570177939630324,6.570177939630324,16733
1997-02-03,7.0394768714904785,7.274126100540162,7.039476871490479,7.274126100540162,5133
1997-02-04,7.0394768714904785,7.039476871490479,7.039476871490479,7.039476871490479,167
1997-02-05,7.156801700592041,7.15680170059204,7.039477082549548,7.039477082549548,7567
1997-02-06,7.274125576019287,7.274125576019287,7.039476363889633,7.274125576019287,3033
1997-02-07,7.274125576019287,7.274125576019287,7.274125576019287,7.274125576019287,33
1997-02-10,7.274125576019287,7.274125576019287,7.274125576019287,7.274125576019287,0
1997-02-11,7.978074073791504,7.978074073791505,7.274126361398136,7.274126361398136,37367
1997-02-12,8.682022094726562,8.682022094726562,7.74342511151288,7.74342511151288,22633
1997-02-13,9.385969161987305,9.620618391036988,8.91667070388794,8.91667070388794,19500
1997-02-14,9.151320457458496,9.620618942456368,9.151320457458496,9.385969699957432,22033
1997-02-18,9.151320457458496,9.385969699957432,8.91667121495956,9.385969699957432,11833
1997-02-19,9.033995628356934,9.268644865457114,8.916671009806844,9.033995628356934,20267
1997-02-20,8.916670799255371,9.033995415035047,8.682021567696019,9.033995415035047,12767
1997-02-21,9.151320457458496,9.151320457458496,9.033995836209028,9.033995836209028,3933
1997-02-24,8.682022094726562,9.151320586333403,8.682022094726562,9.151320586333403,4300
1997-02-25,9.151320457458496,9.151320457458496,8.682021972460625,8.682021972460625,4200
1997-02-26,8.916670799255371,9.033995415035047,8.916670799255371,8.916670799255371,10800
1997-02-27,8.916670799255371,9.151320030814722,8.916670799255371,8.916670799255371,6733
1997-02-28,8.916670799255371,8.916670799255371,8.447372336136667,8.916670799255371,1633
1997-03-03,8.447371482849121,8.916669898562962,8.447371482849121,8.447371482849121,18000
1997-03-04,8.447371482849121,8.682020690706041,8.447371482849121,8.447371482849121,14100
1997-03-05,8.564697265625,8.916671125856166,8.447372645547945,8.447372645547945,23500
1997-03-06,8.447371482849121,8.799345294634502,8.447371482849121,8.799345294634502,2200
1997-03-07,8.682022094726562,8.682022094726562,8.212723603119722,8.447372848923141,17900
1997-03-10,8.330047607421875,8.564696835799955,8.330047607421875,8.564696835799955,2167
1997-03-11,8.212722778320312,8.447372000558037,8.212722778320312,8.212722778320312,15967
1997-03-12,8.212722778320312,8.212722778320312,7.97807355608259,8.212722778320312,8367
1997-03-13,8.682022094726562,9.151320586333403,7.9780743573163,8.212723603119722,23167
1997-03-14,9.50329303741455,9.62061764281473,8.916670010413654,8.916670010413654,28433
1997-03-17,9.385969161987305,9.620618391036988,8.682021474838258,9.385969161987305,30667
1997-03-18,9.151320457458496,9.385969699957432,8.91667121495956,9.151320457458496,31167
1997-03-19,8.916670799255371,9.151320030814722,8.916670799255371,8.916670799255371,24233
1997-03-20,8.682022094726562,9.151320586333403,8.682022094726562,8.682022094726562,4933
1997-03-21,8.682022094726562,8.916671340529984,8.447372848923141,8.682022094726562,10433
1997-03-24,8.447371482849121,8.682020690706041,8.447371482849121,8.682020690706041,1000
1997-03-25,8.447371482849121,8.447371482849121,8.447371482849121,8.447371482849121,0
1997-03-26,8.447371482849121,8.682020690706041,8.447371482849121,8.447371482849121,12033
1997-03-27,8.564697265625,9.151320366010275,8.33004802547089,8.682021885702055,11333
1997-03-31,8.682022094726562,8.682022094726562,8.447372848923141,8.447372848923141,14267
1997-04-01,8.447371482849121,8.447371482849121,8.447371482849121,8.447371482849121,667
1997-04-02,8.564697265625,8.682021885702055,8.447372645547945,8.682021885702055,5033
1997-04-03,8.447371482849121,8.916669898562962,8.447371482849121,8.447371482849121,11967
1997-04-04,8.564697265625,8.79934650577911,8.447372645547945,8.447372645547945,8000
1997-04-07,8.682022094726562,8.682022094726562,8.564697471824852,8.564697471824852,7333
1997-04-08,8.564697265625,8.564697265625,8.564697265625,8.564697265625,1967
1997-04-09,8.564697265625,8.564697265625,8.564697265625,8.564697265625,933
1997-04-10,8.682022094726562,8.682022094726562,8.564697471824852,8.564697471824852,12167
1997-04-11,8.564697265625,8.682021885702055,8.564697265625,8.682021885702055,2833
1997-04-14,8.09539794921875,8.56469638105752,8.09539794921875,8.56469638105752,17400
1997-04-15,8.09539794921875,8.330047165138135,8.09539794921875,8.09539794921875,32500
1997-04-16,8.330047607421875,8.564696835799955,8.095398379043793,8.330047607421875,12133
1997-04-17,8.682022094726562,8.916671340529984,8.330048226021432,8.330048226021432,6133
1997-04-18,8.916670799255371,8.916670799255371,8.916670799255371,8.916670799255371,1533
1997-04-21,8.799345970153809,9.033995196024575,8.799345970153809,9.033995196024575,3333
1997-04-22,8.682022094726562,8.916671340529984,8.682022094726562,8.916671340529984,4500
1997-04-23,8.682022094726562,8.916671340529984,8.682022094726562,8.682022094726562,3533
1997-04-24,9.033995628356934,9.033995628356934,8.682021772706664,8.682021772706664,7400
1997-04-25,8.682022094726562,8.799346717628273,8.682022094726562,8.682022094726562,1367
1997-04-28,8.682022094726562,8.682022094726562,8.682022094726562,8.682022094726562,667
1997-04-29,8.799345970153809,9.033995196024575,8.682021357218424,9.033995196024575,25900
1997-04-30,8.682022094726562,8.682022094726562,8.682022094726562,8.682022094726562,333
1997-05-01,8.682022094726562,8.682022094726562,8.682022094726562,8.682022094726562,1333
1997-05-02,8.682022094726562,8.799346717628273,8.682022094726562,8.682022094726562,12233
1997-05-05,8.564697265625,8.682021885702055,8.447372645547945,8.682021885702055,1833
1997-05-06,8.447371482849121,8.447371482849121,8.447371482849121,8.447371482849121,367
1997-05-07,8.447371482849121,8.447371482849121,8.447371482849121,8.447371482849121,1433
1997-05-08,8.447371482849121,8.447371482849121,8.447371482849121,8.447371482849121,333
1997-05-09,8.447371482849121,8.447371482849121,8.447371482849121,8.447371482849121,167
1997-05-12,8.447371482849121,8.682020690706041,8.447371482849121,8.447371482849121,2733
1997-05-13,8.682022094726562,8.682022094726562,8.682022094726562,8.682022094726562,133
1997-05-14,8.682022094726562,8.682022094726562,8.682022094726562,8.682022094726562,0
1997-05-15,8.447371482849121,8.447371482849121,8.447371482849121,8.447371482849121,333
1997-05-16,8.447371482849121,8.564696086777582,8.447371482849121,8.564696086777582,3767
1997-05-19,8.447371482849121,8.447371482849121,8.447371482849121,8.447371482849121,667
1997-05-20,8.447371482849121,8.447371482849121,8.447371482849121,8.447371482849121,33
1997-05-21,8.447371482849121,8.447371482849121,8.447371482849121,8.447371482849121,767
1997-05-22,8.212722778320312,8.212722778320312,8.212722778320312,8.212722778320312,67
1997-05-23,8.330047607421875,8.330047607421875,8.212722993232834,8.212722993232834,233
1997-05-27,8.212722778320312,8.212722778320312,8.212722778320312,8.212722778320312,1000
1997-05-28,7.508774757385254,8.212722390890121,7.508774757385254,8.212722390890121,4367
1997-05-29,7.156801700592041,7.508775554719518,7.039477082549548,7.508775554719518,6700
1997-05-30,7.978074073791504,7.978074073791505,7.03947712393368,7.03947712393368,3667
1997-06-02,7.274125576019287,7.274125576019287,7.274125576019287,7.274125576019287,1333
1997-06-03,7.274125576019287,7.362119030567907,7.274125576019287,7.274125576019287,3467
1997-06-04,7.508774757385254,7.508774757385254,7.508774757385254,7.508774757385254,100
1997-06-05,7.0394768714904785,7.039476871490479,7.039476871490479,7.039476871490479,400
1997-06-06,7.0394768714904785,7.039476871490479,6.922152256965638,7.039476871490479,2333
1997-06-09,6.804827690124512,6.804827690124512,6.804827690124512,6.804827690124512,333
1997-06-10,6.570178985595703,6.804828235081264,6.570178985595703,6.804828235081264,767
1997-06-11,6.687502861022949,6.804827472619843,6.570178249426055,6.570178249426055,7067
1997-06-12,7.156801700592041,7.15680170059204,6.570178610379578,6.687503228422071,3367
1997-06-13,6.804827690124512,7.156801536165435,6.804827690124512,7.156801536165435,7367
1997-06-16,6.922152519226074,6.922152519226074,6.922152519226074,6.922152519226074,4133
1997-06-17,7.0394768714904785,7.039476871490479,6.804827642440796,7.039476871490479,2000
1997-06-18,6.804827690124512,6.922152305471486,6.804827690124512,6.804827690124512,32833
1997-06-19,6.804827690124512,6.804827690124512,6.804827690124512,6.804827690124512,2667
1997-06-20,6.804827690124512,7.156801536165435,6.804827690124512,7.156801536165435,533
1997-06-23,6.804827690124512,6.804827690124512,6.804827690124512,6.804827690124512,2067
1997-06-24,6.922152519226074,7.156801757165941,6.804827900256141,6.804827900256141,4200
1997-06-25,6.804827690124512,7.039476920818461,6.804827690124512,6.922152305471486,567
1997-06-26,6.804827690124512,6.804827690124512,6.804827690124512,6.804827690124512,0
1997-06-27,7.0394768714904785,7.039476871490479,6.804827642440796,6.804827642440796,233
1997-06-30,7.0394768714904785,7.039476871490479,7.039476871490479,7.039476871490479,667
1997-07-01,7.0394768714904785,7.039476871490479,7.039476871490479,7.039476871490479,0
1997-07-02,7.0394768714904785,7.039476871490479,6.804827642440796,6.804827642440796,5900
1997-07-03,6.804827690124512,6.804827690124512,6.804827690124512,6.804827690124512,333
1997-07-07,6.804827690124512,6.922152305471486,6.804827690124512,6.804827690124512,11333
1997-07-08,6.804827690124512,6.922152305471486,6.804827690124512,6.804827690124512,15567
1997-07-09,6.804827690124512,6.922152305471486,6.804827690124512,6.804827690124512,6200
1997-07-10,6.804827690124512,6.804827690124512,6.804827690124512,6.804827690124512,0
1997-07-11,6.687502861022949,6.804827472619843,6.452853637829162,6.804827472619843,6933
1997-07-14,6.570178985595703,6.687503610338483,6.335529736110143,6.687503610338483,5600
1997-07-15,6.570178985595703,6.804828235081264,6.452854360852923,6.452854360852923,2667
1997-07-16,6.218204975128174,6.5701788416448625,5.866231108611484,6.452854219472632,12133
1997-07-17,6.218204975128174,6.218204975128173,5.866231108611484,6.218204975128173,10467
1997-07-18,6.335529327392578,6.570178561740452,6.100880093044705,6.335529327392578,5933
1997-07-21,6.452854156494141,6.570178777521306,6.335529535466974,6.335529535466974,3533
1997-07-22,6.452854156494141,6.45285415649414,6.335529535466974,6.335529535466974,567
1997-07-23,6.452854156494141,6.570178777521306,6.100880293412642,6.335529535466974,4500
1997-07-24,6.452854156494141,6.45285415649414,6.100880293412642,6.335529535466974,6167
1997-07-25,6.452854156494141,6.45285415649414,6.100880293412642,6.100880293412642,2567
1997-07-28,6.335529327392578,6.335529327392578,6.100880093044705,6.218204710218641,800
1997-07-29,6.100879669189453,6.100879669189453,6.100879669189453,6.100879669189453,1400
1997-07-30,5.866230487823486,6.100879707336426,5.396932048797607,6.100879707336426,11333
1997-07-31,5.866230487823486,5.866230487823486,5.514256658554077,5.514256658554077,4000
1997-08-01,5.866230487823486,5.866230487823486,5.514256658554077,5.866230487823486,4233
1997-08-04,5.866230487823486,5.866230487823486,5.866230487823486,5.866230487823486,200
1997-08-05,5.748906135559082,5.748906135559082,5.5142569055362625,5.5142569055362625,6600
1997-08-06,5.6315813064575195,5.748905917008718,5.514256695906321,5.748905917008718,6667
1997-08-07,5.6315813064575195,5.748905917008718,5.514256695906321,5.748905917008718,10600
1997-08-08,5.6315813064575195,5.748905917008718,5.396932085355123,5.514256695906321,6000
1997-08-11,5.162282943725586,5.162282943725586,5.162282943725586,5.162282943725586,667
1997-08-12,4.810308456420898,5.162282245915111,4.810308456420898,5.162282245915111,23233
1997-08-13,5.396932601928711,5.396932601928712,4.810309493023417,4.9276341148044756,36567
1997-08-14,5.6315813064575195,5.6315813064575195,5.396932085355123,5.396932085355123,6000
1997-08-15,5.602250099182129,5.631581251533868,5.162282813906045,5.631581251533868,867
1997-08-18,5.162282943725586,5.162282943725586,5.162282943725586,5.162282943725586,1333
1997-08-19,5.27960729598999,5.27960729598999,5.162282689412435,5.162282689412435,900
1997-08-20,5.27960729598999,5.27960729598999,5.27960729598999,5.27960729598999,300
1997-08-21,5.162282943725586,5.279607556082985,5.162282943725586,5.162282943725586,2633
1997-08-22,5.162282943725586,5.279607556082985,4.927633719010786,5.279607556082985,2767
1997-08-25,4.692984580993652,5.162283039093018,4.692984580993652,5.162283039093018,8200
1997-08-26,4.927633762359619,4.927633762359619,4.69298453558059,4.69298453558059,10867
1997-08-27,4.927633762359619,4.927633762359619,4.69298453558059,4.69298453558059,15167
1997-08-28,4.810308456420898,5.04495764941704,4.810308456420898,4.810308456420898,5167
1997-08-29,4.810308456420898,5.04495764941704,4.810308456420898,4.810308456420898,3533
1997-09-02,5.044958114624023,5.044958114624023,4.986295810965604,4.986295810965604,600
1997-09-03,4.810308456420898,4.810308456420898,4.810308456420898,4.810308456420898,2333
1997-09-04,4.810308456420898,4.927633052918969,4.810308456420898,4.927633052918969,2067
1997-09-05,5.162282943725586,5.162282943725586,4.810309106653387,4.810309106653387,5100
1997-09-08,4.927633762359619,4.927633762359619,4.927633762359619,4.927633762359619,2433
1997-09-09,4.927633762359619,4.927633762359619,4.927633762359619,4.927633762359619,0
1997-09-10,4.927633762359619,5.162282989138649,4.810309148970104,5.162282989138649,11567
1997-09-11,4.927633762359619,4.927633762359619,4.927633762359619,4.927633762359619,0
1997-09-12,4.810308456420898,5.04495764941704,4.810308456420898,4.810308456420898,10767
1997-09-15,5.396932601928711,5.396932601928712,4.9276341148044756,4.9276341148044756,4367
1997-09-16,5.396932601928711,5.748906467271889,5.044958736585534,5.396932601928712,7533
1997-09-17,5.396932601928711,5.631581845490829,5.162283358366594,5.396932601928712,8333
1997-09-18,5.396932601928711,5.396932601928712,5.162283358366594,5.162283358366594,5500
1997-09-19,5.748906135559082,5.866230750570492,5.396932290524853,5.396932290524853,6733
1997-09-22,5.748906135559082,5.866230750570492,5.748906135559082,5.866230750570492,200
1997-09-23,5.748906135559082,6.335529210616131,5.748906135559082,6.335529210616131,6833
1997-09-24,5.748906135559082,5.748906135559082,5.748906135559082,5.748906135559082,933
1997-09-25,5.748906135559082,5.748906135559082,5.748906135559082,5.748906135559082,367
1997-09-26,6.570178985595703,6.804828235081264,6.100880486624582,6.570178985595703,10467
1997-09-29,6.335529327392578,7.039477030436198,6.335529327392578,6.687503178914389,7200
1997-09-30,6.570178985595703,6.570178985595703,6.100880486624582,6.100880486624582,4900
1997-10-01,6.100879669189453,6.57017810528095,5.983555060166579,6.57017810528095,13633
1997-10-02,6.452854156494141,6.540847622264515,6.2182049144398075,6.2182049144398075,20367
1997-10-03,6.335529327392578,6.570178561740452,6.335529327392578,6.570178561740452,7400
1997-10-06,6.335529327392578,6.335529327392578,6.335529327392578,6.335529327392578,2200
1997-10-07,6.570178985595703,6.570178985595703,6.335529736110143,6.335529736110143,600
1997-10-08,5.983555316925049,6.33552915909711,5.983555316925049,6.2182045450397565,3100
1997-10-09,5.983555316925049,6.33552915909711,5.748906088810341,5.8662307028676945,11367
1997-10-10,5.690243721008301,5.983555253019038,5.631581414606154,5.983555253019038,1300
1997-10-13,5.866230487823486,6.100879707336426,5.6902435731887815,5.6902435731887815,20200
1997-10-14,5.866230487823486,5.983555097579956,5.866230487823486,5.983555097579956,28833
1997-10-15,5.983555316925049,5.983555316925049,5.748906088810341,5.748906088810341,6167
1997-10-16,5.866230487823486,5.983555097579956,5.631581268310547,5.866230487823486,34533
1997-10-17,5.866230487823486,5.983555097579956,5.866230487823486,5.866230487823486,5167
1997-10-20,5.748906135559082,5.748906135559082,5.748906135559082,5.748906135559082,800
1997-10-21,5.748906135559082,5.983555365581902,5.748906135559082,5.983555365581902,3967
1997-10-22,5.690243721008301,5.866230640214743,5.690243721008301,5.866230640214743,40067
1997-10-23,5.6315813064575195,5.748905917008718,5.514256695906321,5.6315813064575195,10000
1997-10-24,5.866230487823486,5.983555097579956,5.748905878067016,5.983555097579956,17333
1997-10-27,5.866230487823486,6.100879707336426,5.866230487823486,6.100879707336426,4967
1997-10-28,5.514256954193115,5.866230802333101,5.514256954193115,5.866230802333101,15033
1997-10-29,5.866230487823486,5.866230487823486,5.631581268310547,5.631581268310547,2167
1997-10-30,5.748906135559082,5.748906135559082,5.631581520547672,5.748906135559082,5900
1997-10-31,5.748906135559082,5.748906135559082,5.748906135559082,5.748906135559082,500
1997-11-03,5.748906135559082,5.748906135559082,5.748906135559082,5.748906135559082,967
1997-11-04,5.748906135559082,5.748906135559082,5.748906135559082,5.748906135559082,667
1997-11-05,5.748906135559082,5.866230750570492,5.748906135559082,5.748906135559082,8500
1997-11-06,5.866230487823486,5.983555097579956,5.866230487823486,5.866230487823486,4000
1997-11-07,5.983555316925049,5.983555316925049,5.748906088810341,5.8662307028676945,3400
1997-11-10,5.983555316925049,5.983555316925049,5.8662307028676945,5.8662307028676945,3067
1997-11-11,5.866230487823486,6.100879707336426,5.866230487823486,5.866230487823486,3133
1997-11-12,5.983555316925049,5.983555316925049,5.8662307028676945,5.8662307028676945,867
1997-11-13,5.866230487823486,5.866230487823486,5.866230487823486,5.866230487823486,2900
1997-11-14,5.866230487823486,5.866230487823486,5.866230487823486,5.866230487823486,1233
1997-11-17,5.983555316925049,5.983555316925049,5.8662307028676945,5.8662307028676945,1000
1997-11-18,5.866230487823486,5.983555097579956,5.866230487823486,5.983555097579956,2933
1997-11-19,6.100879669189453,6.100879669189453,5.866230451143705,5.866230451143705,4567
1997-11-20,6.335529327392578,6.335529327392578,6.218204710218641,6.335529327392578,4633
1997-11-21,6.804827690124512,6.804827690124512,6.2182046133896405,6.2182046133896405,4633
1997-11-24,6.922152519226074,6.922152519226074,6.804827900256141,6.922152519226074,2667
1997-11-25,7.0394768714904785,7.039476871490479,6.922152256965638,6.922152256965638,3000
1997-11-26,6.804827690124512,6.804827690124512,6.804827690124512,6.804827690124512,3500
1997-11-28,6.570178985595703,6.570178985595703,6.570178985595703,6.570178985595703,1333
1997-12-01,6.100879669189453,6.452853496258076,5.866230451143705,6.452853496258076,4167
1997-12-02,5.866230487823486,5.866230487823486,5.866230487823486,5.866230487823486,1333
1997-12-03,5.866230487823486,6.100879707336426,5.866230487823486,6.100879707336426,233
1997-12-04,5.983555316925049,5.983555316925049,5.8662307028676945,5.8662307028676945,2167
1997-12-05,5.866230487823486,5.983555097579956,5.866230487823486,5.866230487823486,4000
1997-12-08,5.866230487823486,5.983555097579956,5.866230487823486,5.866230487823486,4033
1997-12-09,5.983555316925049,5.983555316925049,5.8662307028676945,5.8662307028676945,18000
1997-12-10,5.866230487823486,5.866230487823486,5.866230487823486,5.866230487823486,333
1997-12-11,5.162282943725586,5.983555230227384,4.927633719010786,5.8662306178699835,34600
1997-12-12,5.162282943725586,5.279607556082985,5.044958331368186,5.279607556082985,3467
1997-12-15,4.927633762359619,5.162282989138649,4.927633762359619,5.044958375749133,4667
1997-12-16,5.044958114624023,5.044958114624023,4.6929842926735095,4.927633507307186,35200
1997-12-17,5.044958114624023,5.279607329257699,4.810308899990348,4.927633507307186,26633
1997-12-18,5.514256954193115,5.631581570239778,5.044958490006467,5.044958490006467,13233
1997-12-19,5.27960729598999,5.27960729598999,5.162282689412435,5.27960729598999,2667
1997-12-22,5.27960729598999,5.514256509145101,5.27960729598999,5.514256509145101,3300
1997-12-23,5.983555316925049,6.452853773154464,5.279607632580925,5.279607632580925,12200
1997-12-24,5.866230487823486,5.983555097579956,5.866230487823486,5.983555097579956,3600
1997-12-26,6.922152519226074,7.508775614075741,5.866230948496673,5.866230948496673,24433
1997-12-29,6.452854156494141,7.274126503684303,6.335529535466974,6.922152640602805,14100
1997-12-30,6.570178985595703,6.570178985595703,6.218205111367362,6.218205111367362,2967
1997-12-31,6.570178985595703,6.570178985595703,6.335529736110143,6.335529736110143,5433
1998-01-02,6.218204975128174,6.335529597300403,6.218204975128173,6.218204975128173,8767
1998-01-05,6.218204975128174,6.335529597300403,6.100880352955944,6.335529597300403,6733
1998-01-06,6.218204975128174,6.218204975128173,6.218204975128173,6.218204975128173,0
1998-01-07,6.452854156494141,6.45285415649414,6.100880293412642,6.100880293412642,967
1998-01-08,5.983555316925049,6.100879930982402,5.8662307028676945,6.100879930982402,6500
1998-01-09,5.27960729598999,5.631581115722656,5.162282689412435,5.3969319025675455,6867
1998-01-12,5.396932601928711,5.396932601928712,5.279607980147652,5.279607980147652,1367
1998-01-13,5.6315813064575195,5.748905917008718,5.514256695906321,5.748905917008718,7033
1998-01-14,5.514256954193115,5.514256954193115,5.279607722099791,5.396932338146454,3167
1998-01-15,5.27960729598999,5.514256509145101,5.27960729598999,5.514256509145101,533
1998-01-16,5.27960729598999,5.3969319025675455,5.27960729598999,5.3969319025675455,2967
1998-01-20,5.396932601928711,5.5142572237097705,5.396932601928712,5.5142572237097705,1200
1998-01-21,5.396932601928711,5.396932601928712,5.396932601928712,5.396932601928712,133
1998-01-22,5.396932601928711,5.748906467271889,5.396932601928712,5.5142572237097705,8000
1998-01-23,5.162282943725586,5.396932168440385,5.162282943725586,5.396932168440385,3833
1998-01-26,4.927633762359619,5.162282989138649,4.927633762359619,5.162282989138649,5667
1998-01-27,4.927633762359619,4.927633762359619,4.927633762359619,4.927633762359619,0
1998-01-28,4.810308456420898,5.162282245915111,4.810308456420898,4.927633052918969,10500
1998-01-29,4.927633762359619,5.044958375749133,4.810309148970104,4.927633762359619,22367
1998-01-30,4.341011047363281,4.927634161871833,4.223686424461571,4.692984916068412,17567
1998-02-02,4.341011047363281,4.575660293166702,4.341011047363281,4.458335670264992,23033
1998-02-03,4.692984580993652,4.692984580993652,4.341010737419129,4.45833535194397,6400
1998-02-04,4.575660228729248,4.810309471228184,4.516997918104514,4.516997918104514,5000
1998-02-05,4.810308456420898,4.810308456420898,4.810308456420898,4.810308456420898,33
1998-02-06,4.692984580993652,4.810309195518494,4.45833535194397,4.45833535194397,8700
1998-02-09,4.4583353996276855,4.575660015407361,4.4583353996276855,4.575660015407361,2533
1998-02-10,4.4583353996276855,4.4583353996276855,4.4583353996276855,4.4583353996276855,167
1998-02-11,4.575660228729248,4.692984849978716,4.45833560747978,4.692984849978716,5800
1998-02-12,4.341011047363281,4.692984916068412,4.223686424461571,4.575660293166702,23133
1998-02-13,4.341011047363281,4.575660293166702,4.223686424461571,4.575660293166702,8600
1998-02-17,4.2236857414245605,4.458334949281481,4.2236857414245605,4.458334949281481,633
1998-02-18,4.4583353996276855,4.4583353996276855,4.341010783848009,4.341010783848009,1500
1998-02-19,4.4583353996276855,4.4583353996276855,4.341010783848009,4.4583353996276855,4133
1998-02-20,4.341011047363281,4.341011047363281,4.341011047363281,4.341011047363281,2333
1998-02-23,4.4583353996276855,4.575660015407361,4.4583353996276855,4.575660015407361,1000
1998-02-24,4.692984580993652,4.810309195518494,4.692984580993652,4.692984580993652,11033
1998-02-25,4.692984580993652,4.692984580993652,4.692984580993652,4.692984580993652,67
1998-02-26,4.692984580993652,4.692984580993652,4.692984580993652,4.692984580993652,400
1998-02-27,4.692984580993652,5.0449584245681764,4.692984580993652,4.927633810043336,18500
1998-03-02,4.692984580993652,4.692984580993652,4.692984580993652,4.692984580993652,1833
1998-03-03,4.810308456420898,4.810308456420898,4.692983859922828,4.692983859922828,2300
1998-03-04,4.810308456420898,4.810308456420898,4.692983859922828,4.810308456420898,3200
1998-03-05,4.810308456420898,4.810308456420898,4.692983859922828,4.692983859922828,16967
1998-03-06,4.692984580993652,4.927633810043336,4.692984580993652,4.927633810043336,1300
1998-03-09,4.575660228729248,4.692984849978716,4.575660228729248,4.692984849978716,2233
1998-03-10,4.575660228729248,4.575660228729248,4.575660228729248,4.575660228729248,11733
1998-03-11,4.341011047363281,4.575660293166702,4.341011047363281,4.575660293166702,5033
1998-03-12,4.106361389160156,4.34101061139788,4.106361389160156,4.34101061139788,8700
1998-03-13,4.4583353996276855,4.4583353996276855,4.341010783848009,4.341010783848009,3533
1998-03-16,4.4583353996276855,4.4583353996276855,4.4583353996276855,4.4583353996276855,3567
1998-03-17,4.2236857414245605,4.458334949281481,4.1063611374961,4.458334949281481,11367
1998-03-18,4.2236857414245605,4.2236857414245605,4.1063611374961,4.2236857414245605,5267
1998-03-19,4.106361389160156,4.458335222516741,4.106361389160156,4.458335222516741,333
1998-03-20,4.106361389160156,4.106361389160156,4.106361389160156,4.106361389160156,4067
1998-03-23,4.341011047363281,4.458335670264992,4.223686424461571,4.223686424461571,6500
1998-03-24,4.692984580993652,4.810309195518494,4.45833535194397,4.45833535194397,10167
1998-03-25,4.4583353996276855,4.692984631187037,4.4583353996276855,4.692984631187037,3167
1998-03-26,4.927633762359619,4.927633762359619,4.45833530880156,4.45833530880156,3567
1998-03-27,4.810308456420898,4.810308456420898,4.458334666926687,4.692983859922828,9333
1998-03-30,4.575660228729248,4.692984849978716,4.575660228729248,4.692984849978716,2333
1998-03-31,4.692984580993652,4.692984580993652,4.45833535194397,4.575659966468812,1000
1998-04-01,4.341011047363281,4.458335670264992,4.341011047363281,4.458335670264992,3633
1998-04-02,4.692984580993652,5.3969322681427006,4.45833535194397,4.45833535194397,39133
1998-04-03,5.27960729598999,5.27960729598999,4.927633476257324,4.927633476257324,11200
1998-04-06,5.396932601928711,5.396932601928712,5.279607980147652,5.279607980147652,5133
1998-04-07,5.27960729598999,5.3969319025675455,5.162282689412435,5.162282689412435,15067
1998-04-08,5.396932601928711,5.5142572237097705,5.396932601928712,5.5142572237097705,4833
1998-04-09,5.983555316925049,5.983555316925049,5.396932246638279,5.514256860695633,43533
1998-04-13,5.748906135559082,6.100879980593311,5.5142569055362625,6.100879980593311,16800
1998-04-14,5.866230487823486,5.866230487823486,5.631581268310547,5.748905878067016,9467
1998-04-15,6.218204975128174,6.218204975128173,5.866231108611484,5.866231108611484,8100
1998-04-16,6.335529327392578,6.452853944566515,6.100880093044705,6.100880093044705,26467
1998-04-17,6.100879669189453,6.335528887235202,6.100879669189453,6.218204278212327,6100
1998-04-20,6.570178985595703,6.687503610338483,6.452854360852923,6.452854360852923,22133
1998-04-21,6.804827690124512,6.804827690124512,6.452853844083589,6.570178459430563,49633
1998-04-22,6.922152519226074,7.391450995105808,6.922152519226074,7.391450995105808,32033
1998-04-23,7.216711521148682,7.9531106559597715,7.069431694186464,7.069431694186464,39167
1998-04-24,7.953110218048096,7.953110218048097,7.363990942637126,7.363990942637126,13333
1998-04-27,7.363992214202881,7.805831747055054,7.363992214202881,7.805831747055054,3767
1998-04-28,7.363992214202881,7.658551902770996,7.363992214202881,7.511272058486939,16367
1998-04-29,7.511270999908447,7.658550823436064,7.511270999908447,7.658550823436064,2100
1998-04-30,7.511270999908447,7.658550823436064,7.216711352853214,7.658550823436064,3300
1998-05-01,7.069431304931641,7.363990942637126,7.069431304931641,7.363990942637126,27367
1998-05-04,6.922152519226074,7.179892240686619,6.922152519226074,7.069432360060671,9500
1998-05-05,6.995791435241699,6.995791435241699,6.701231795863102,6.701231795863102,1967
1998-05-06,7.6585516929626465,7.805831533211928,6.8485125715915975,7.143072252090161,58667
1998-05-07,7.216711521148682,7.658551002035336,7.216711521148682,7.658551002035336,33167
1998-05-08,7.216711521148682,7.216711521148682,7.216711521148682,7.216711521148682,33
1998-05-11,7.363992214202881,7.363992214202881,7.216712369918823,7.216712369918823,6900
1998-05-12,7.511270999908447,7.511270999908447,7.216711352853214,7.511270999908447,28733
1998-05-13,7.216711521148682,7.511271175073118,7.216711521148682,7.511271175073118,3633
1998-05-14,7.511270999908447,7.511270999908447,7.36399117638083,7.36399117638083,13533
1998-05-15,7.363992214202881,7.732191824913025,7.363992214202881,7.732191824913025,1433
1998-05-18,7.069431304931641,7.363990942637126,6.774871667226156,7.363990942637126,12200
1998-05-19,7.216711521148682,7.216711521148682,7.069431694186464,7.069431694186464,567
1998-05-20,6.774872303009033,7.069431968357253,6.774872303009034,7.069431968357253,2833
1998-05-21,6.922152519226074,6.922152519226074,6.480312996722282,6.7748726783914766,6533
1998-05-22,6.62759256362915,6.62759256362915,6.62759256362915,6.62759256362915,1667
1998-05-26,6.62759256362915,6.62759256362915,6.62759256362915,6.62759256362915,0
1998-05-27,5.743913650512695,6.4803128364758615,5.743913650512695,6.4803128364758615,4267
1998-05-28,6.185752868652344,6.185752868652344,5.7439133780343195,6.185752868652344,567
1998-05-29,6.185752868652344,6.48031252906436,6.038473038446336,6.038473038446336,4333
1998-06-01,5.743913650512695,6.4803128364758615,5.743913650512695,6.4803128364758615,4267
1998-06-02,5.743913650512695,5.891193487705328,5.743913650512695,5.891193487705328,1667
1998-06-03,5.743913650512695,6.038473324897962,5.596633813320062,6.038473324897962,3300
1998-06-04,5.891193389892578,5.891193389892578,5.891193389892578,5.891193389892578,900
1998-06-05,5.743913650512695,5.743913650512695,5.743913650512695,5.743913650512695,1700
1998-06-08,5.743913650512695,5.891193487705328,5.743913650512695,5.743913650512695,900
1998-06-09,5.891193389892578,5.891193389892578,5.891193389892578,5.891193389892578,333
1998-06-10,5.743913650512695,5.891193487705328,5.743913650512695,5.743913650512695,7967
1998-06-11,5.854373455047607,5.854373455047607,5.743913578537275,5.743913578537275,4567
1998-06-12,5.743913650512695,5.743913650512695,5.743913650512695,5.743913650512695,3833
1998-06-15,5.4493536949157715,5.743913354100408,5.4493536949157715,5.743913354100408,8400
1998-06-16,5.4493536949157715,5.596633524508089,5.4493536949157715,5.4493536949157715,9967
1998-06-17,5.4493536949157715,5.596633524508089,5.302073865323453,5.4493536949157715,12200
1998-06-18,5.5966339111328125,5.5966339111328125,5.302074231599507,5.5966339111328125,29167
1998-06-19,5.4493536949157715,5.596633524508089,5.4493536949157715,5.596633524508089,27367
1998-06-22,5.4493536949157715,5.596633524508089,5.4493536949157715,5.596633524508089,1233
1998-06-23,5.4493536949157715,5.4493536949157715,5.4493536949157715,5.4493536949157715,3667
1998-06-24,5.4493536949157715,5.4493536949157715,5.302073865323453,5.4493536949157715,9633
1998-06-25,5.302074432373047,5.4493542777167425,5.302074432373047,5.302074432373047,2033
1998-06-26,5.302074432373047,5.302074432373047,5.302074432373047,5.302074432373047,233
1998-06-29,5.4493536949157715,5.4493536949157715,5.4493536949157715,5.4493536949157715,67
1998-06-30,5.302074432373047,5.596634123060438,5.302074432373047,5.4493542777167425,4433
1998-07-01,5.338893890380859,5.338893890380859,5.302073932516164,5.302073932516164,200
1998-07-02,5.302074432373047,5.302074432373047,5.302074432373047,5.302074432373047,833
1998-07-06,5.302074432373047,5.302074432373047,5.302074432373047,5.302074432373047,333
1998-07-07,5.5966339111328125,5.5966339111328125,5.302074231599507,5.44935407136616,3867
1998-07-08,5.5966339111328125,5.5966339111328125,5.5966339111328125,5.5966339111328125,0
1998-07-09,5.302074432373047,5.302074432373047,5.302074432373047,5.302074432373047,3067
1998-07-10,5.302074432373047,5.596634123060438,5.302074432373047,5.596634123060438,1333
1998-07-13,5.302074432373047,5.302074432373047,5.302074432373047,5.302074432373047,6533
1998-07-14,5.154794216156006,5.30207405090332,5.154794216156006,5.154794216156006,2000
1998-07-15,5.154794216156006,5.154794216156006,5.154794216156006,5.154794216156006,0
1998-07-16,4.712954044342041,5.154793485999107,4.712954044342041,5.154793485999107,5333
1998-07-17,5.302074432373047,6.038473659091525,4.86023489634196,5.154794587029351,20400
1998-07-20,5.302074432373047,5.302074432373047,5.302074432373047,5.302074432373047,0
1998-07-21,5.007513999938965,5.154793823466582,5.007513999938965,5.007513999938965,2233
1998-07-22,5.007513999938965,5.154793823466582,5.007513999938965,5.007513999938965,1133
1998-07-23,5.007513999938965,5.007513999938965,5.007513999938965,5.007513999938965,1100
1998-07-24,5.007513999938965,5.154793823466582,5.007513999938965,5.154793823466582,9367
1998-07-27,5.007513999938965,5.154793823466582,5.007513999938965,5.007513999938965,2367
1998-07-28,5.007513999938965,5.007513999938965,5.007513999938965,5.007513999938965,4667
1998-07-29,4.86023473739624,4.93387465765982,4.86023473739624,4.93387465765982,4067
1998-07-30,4.712954044342041,4.86023385822773,4.712954044342041,4.86023385822773,3633
1998-07-31,4.123835563659668,5.007514613015311,4.123835563659668,4.712954929896764,6800
1998-08-03,4.418395042419434,4.418395042419434,4.418395042419434,4.418395042419434,6767
1998-08-04,4.271115303039551,4.418395141075398,3.976555626967858,4.418395141075398,11900
1998-08-05,4.123835563659668,4.271115405218942,4.123835563659668,4.123835563659668,11533
1998-08-06,4.271115303039551,4.271115303039551,4.271115303039551,4.271115303039551,100
1998-08-07,4.123835563659668,4.123835563659668,4.123835563659668,4.123835563659668,2033
1998-08-10,4.271115303039551,4.271115303039551,4.271115303039551,4.271115303039551,667
1998-08-11,4.271115303039551,4.271115303039551,4.271115303039551,4.271115303039551,67
1998-08-12,4.123835563659668,4.271115405218942,4.123835563659668,4.271115405218942,6000
1998-08-13,3.976555109024048,3.9765551090240483,3.9765551090240483,3.9765551090240483,333
1998-08-14,3.8292758464813232,3.976555686730605,3.8292758464813232,3.976555686730605,2800
1998-08-17,3.8292758464813232,3.8292758464813232,3.8292758464813232,3.8292758464813232,4000
1998-08-18,3.8292758464813232,3.8292758464813232,3.8292758464813232,3.8292758464813232,533
1998-08-19,3.6819961071014404,3.829275951385498,3.6819961071014404,3.829275951385498,2600
1998-08-20,3.8292758464813232,3.8292758464813232,3.8292758464813232,3.8292758464813232,667
1998-08-21,3.5347156524658203,3.8292752901713056,3.5347156524658203,3.8292752901713056,2400
1998-08-24,3.608355760574341,3.68199567405545,3.534715847093232,3.534715847093232,3667
1998-08-25,2.945596694946289,5.154794216156006,2.65103702545166,3.534716033935547,36233
1998-08-26,3.5347156524658203,3.681995471318563,2.9455963770548506,3.681995471318563,2267
1998-08-27,3.2401561737060547,3.2401561737060547,3.2401561737060547,3.2401561737060547,333
1998-08-28,3.5347156524658203,3.5347156524658203,3.2401560147603354,3.5347156524658203,6300
1998-08-31,3.2401561737060547,3.2401561737060547,3.2401561737060547,3.2401561737060547,1000
1998-09-01,3.2401561737060547,3.2401561737060547,3.2401561737060547,3.2401561737060547,0
1998-09-02,2.945596694946289,3.240156364440918,2.945596694946289,3.240156364440918,6300
1998-09-03,2.7246768474578857,3.0928764214386812,2.3564772734770902,2.945596591846363,13467
1998-09-04,2.7246768474578857,2.7246768474578857,2.7246768474578857,2.7246768474578857,67
1998-09-08,3.092876434326172,3.092876434326172,3.092876434326172,3.092876434326172,1167
1998-09-09,2.7983169555664062,2.945596795333059,2.6510371157997534,2.7983169555664062,7633
1998-09-10,2.945596694946289,2.945596694946289,2.65103702545166,2.7983168601989745,2133
1998-09-11,2.6510372161865234,2.6510372161865234,2.6510372161865234,2.6510372161865234,8667
1998-09-14,2.6510372161865234,2.6510372161865234,2.356477525499132,2.356477525499132,10700
1998-09-15,2.7983169555664062,2.7983169555664062,2.5037572760331,2.5037572760331,8433
1998-09-16,2.6510372161865234,2.798317061530219,2.6510372161865234,2.798317061530219,5033
1998-09-17,3.2401561737060547,3.2401561737060547,2.651036869395863,2.651036869395863,12567
1998-09-18,3.5347156524658203,3.5347156524658203,3.0928761959075928,3.0928761959075928,2367
1998-09-21,3.5347156524658203,3.5347156524658203,3.5347156524658203,3.5347156524658203,0
1998-09-22,3.2401561737060547,3.2401561737060547,3.2401561737060547,3.2401561737060547,67
1998-09-23,3.2401561737060547,3.6819956519386987,3.2401561737060547,3.5347158258611504,1667
1998-09-24,3.2401561737060547,3.2401561737060547,3.2401561737060547,3.2401561737060547,1967
1998-09-25,3.2401561737060547,3.2401561737060547,3.2401561737060547,3.2401561737060547,4267
1998-09-28,3.313796281814575,3.534716033935547,3.240156364440918,3.240156364440918,667
1998-09-29,3.3874361515045166,3.681995816852736,3.387436151504517,3.681995816852736,2433
1998-09-30,3.3874361515045166,3.5347159841786264,3.387436151504517,3.387436151504517,3533
1998-10-01,3.461076259613037,3.5347161800303355,3.3874363391957383,3.3874363391957383,4167
1998-10-02,3.461076259613037,3.461076259613037,3.461076259613037,3.461076259613037,1200
1998-10-05,3.5347156524658203,3.5347156524658203,3.387435833613078,3.461075743039449,7767
1998-10-06,3.3874361515045166,3.387436151504517,3.387436151504517,3.387436151504517,2433
1998-10-07,3.5347156524658203,3.5347156524658203,3.5347156524658203,3.5347156524658203,3800
1998-10-08,2.945596694946289,3.3874361991882322,2.3564773559570313,3.3874361991882322,9133
1998-10-09,3.2401561737060547,3.2401561737060547,2.945596521550959,2.945596521550959,4367
1998-10-12,3.2401561737060547,3.2401561737060547,3.092876347628507,3.092876347628507,167
1998-10-13,3.2401561737060547,3.2401561737060547,3.2401561737060547,3.2401561737060547,700
1998-10-14,3.2401561737060547,3.2401561737060547,3.2401561737060547,3.2401561737060547,1300
1998-10-15,3.2401561737060547,3.5347158258611504,3.2401561737060547,3.5347158258611504,1067
1998-10-16,3.2401561737060547,3.3874359997836025,3.2401561737060547,3.3874359997836025,4767
1998-10-19,3.2401561737060547,3.3137960867448286,2.945596521550959,3.2401561737060547,6833
1998-10-20,3.313796281814575,3.7556357860565184,3.313796281814575,3.313796281814575,7867
1998-10-21,3.313796281814575,3.3874361991882322,3.313796281814575,3.3874361991882322,3100
1998-10-22,3.1665163040161133,3.534715874250545,3.1665163040161133,3.534715874250545,5233
1998-10-23,3.6819961071014404,3.6819961071014404,3.6819961071014404,3.6819961071014404,5333
1998-10-26,3.5347156524658203,3.5347156524658203,3.5347156524658203,3.5347156524658203,1533
1998-10-27,3.313796281814575,3.534716033935547,3.313796281814575,3.534716033935547,1833
1998-10-28,3.2401561737060547,3.2401561737060547,3.2401561737060547,3.2401561737060547,467
1998-10-29,3.6819961071014404,3.6819961071014404,3.2401565742492675,3.2401565742492675,2633
1998-10-30,3.3874361515045166,3.5347159841786264,3.387436151504517,3.5347159841786264,867
1998-11-02,2.945596694946289,3.240156364440918,2.503757190704346,3.240156364440918,19000
1998-11-03,2.945596694946289,3.240156364440918,2.945596694946289,2.945596694946289,5233
1998-11-04,3.3874361515045166,3.5347159841786264,3.2401563188304072,3.2401563188304072,19100
1998-11-05,3.2401561737060547,3.2401561737060547,3.2401561737060547,3.2401561737060547,4367
1998-11-06,3.2401561737060547,3.3137960867448286,3.092876347628507,3.092876347628507,35100
1998-11-09,3.2401561737060547,3.3137960867448286,3.092876347628507,3.3137960867448286,3533
1998-11-10,3.2401561737060547,3.3137960867448286,3.092876347628507,3.3137960867448286,14333
1998-11-11,3.2401561737060547,3.2401561737060547,3.092876347628507,3.092876347628507,2333
1998-11-12,3.1296963691711426,3.2401562410242417,3.092876411886776,3.2401562410242417,7500
1998-11-13,3.2401561737060547,3.3137960867448286,3.092876347628507,3.092876347628507,17967
1998-11-16,3.5347156524658203,3.608355561892192,3.2401560147603354,3.387435833613078,20800
1998-11-17,3.2401561737060547,3.608355738899925,3.2401561737060547,3.608355738899925,3533
1998-11-18,3.3874361515045166,3.387436151504517,3.2401563188304072,3.2401563188304072,33433
1998-11-19,3.3874361515045166,3.387436151504517,3.2401563188304072,3.387436151504517,667
1998-11-20,3.2401561737060547,3.2401561737060547,3.2401561737060547,3.2401561737060547,800
1998-11-23,3.2401561737060547,3.3874359997836025,3.2401561737060547,3.2401561737060547,12500
1998-11-24,3.2401561737060547,3.2401561737060547,3.2401561737060547,3.2401561737060547,8833
1998-11-25,3.2401561737060547,3.2401561737060547,3.2401561737060547,3.2401561737060547,6500
1998-11-27,2.945596694946289,3.0928765296936036,2.945596694946289,3.0928765296936036,2600
1998-11-30,2.945596694946289,3.3874361991882322,2.945596694946289,2.945596694946289,58433
1998-12-01,3.092876434326172,3.387436094738188,2.9455966041201638,3.24015626453218,43067
1998-12-02,3.2401561737060547,3.2401561737060547,3.2401561737060547,3.2401561737060547,24933
1998-12-03,3.2401561737060547,3.2401561737060547,2.945596521550959,3.092876347628507,25167
1998-12-04,3.2401561737060547,3.3874359997836025,3.2401561737060547,3.2401561737060547,12267
1998-12-07,3.313796281814575,3.3874361991882322,3.240156364440918,3.240156364440918,26367
1998-12-08,3.2401561737060547,3.5347158258611504,3.2401561737060547,3.3137960867448286,15067
1998-12-09,3.313796281814575,3.313796281814575,3.240156364440918,3.240156364440918,4967
1998-12-10,3.3874361515045166,3.5347159841786264,3.387436151504517,3.387436151504517,700
1998-12-11,3.3874361515045166,3.387436151504517,3.387436151504517,3.387436151504517,267
1998-12-14,3.608355760574341,3.68199567405545,3.534715847093232,3.534715847093232,7433
1998-12-15,3.3874361515045166,3.681995816852736,3.387436151504517,3.681995816852736,11900
1998-12-16,3.5347156524658203,3.5347156524658203,3.387435833613078,3.387435833613078,5333
1998-12-17,3.461076259613037,3.5347161800303355,3.461076259613037,3.5347161800303355,2667
1998-12-18,3.5347156524658203,3.5347156524658203,3.461075743039449,3.461075743039449,8567
1998-12-21,3.5347156524658203,3.681995471318563,3.387435833613078,3.681995471318563,53133
1998-12-22,3.7556354999542236,3.7556354999542236,3.387435941135182,3.387435941135182,9267
1998-12-23,3.5347156524658203,3.7556353807449345,3.387435833613078,3.608355561892192,12667
1998-12-24,3.5347156524658203,3.5347156524658203,3.387435833613078,3.387435833613078,14633
1998-12-28,3.608355760574341,3.608355760574341,3.387436020131014,3.608355760574341,25400
1998-12-29,3.461076259613037,3.5347161800303355,3.3874363391957383,3.3874363391957383,20300
1998-12-30,3.461076259613037,3.5347161800303355,3.461076259613037,3.461076259613037,12367
1998-12-31,3.5347156524658203,3.608355561892192,3.387435833613078,3.5347156524658203,18700
1999-01-04,3.461076259613037,3.5347161800303355,3.461076259613037,3.5347161800303355,4833
1999-01-05,3.5347156524658203,3.5347156524658203,3.461075743039449,3.461075743039449,5500
1999-01-06,3.5347156524658203,3.5347156524658203,3.461075743039449,3.5347156524658203,6000
1999-01-07,3.461076259613037,3.5347161800303355,3.461076259613037,3.461076259613037,7267
1999-01-08,3.3874361515045166,3.5347159841786264,3.387436151504517,3.4610760678415717,3667
1999-01-11,3.5347156524658203,3.5347156524658203,3.387435833613078,3.387435833613078,5833
1999-01-12,3.3874361515045166,3.5347159841786264,3.387436151504517,3.387436151504517,5900
1999-01-13,3.313796281814575,3.3874361991882322,3.240156364440918,3.3874361991882322,967
1999-01-14,3.3874361515045166,3.387436151504517,3.313796235167462,3.387436151504517,10867
1999-01-15,3.313796281814575,3.313796281814575,3.313796281814575,3.313796281814575,28067
1999-01-19,3.313796281814575,3.3874361991882322,3.313796281814575,3.3874361991882322,867
1999-01-20,3.2401561737060547,3.4610759128223765,3.2401561737060547,3.2401561737060547,20400
1999-01-21,3.313796281814575,3.313796281814575,3.0928765296936036,3.240156364440918,5600
1999-01-22,3.461076259613037,3.5347161800303355,3.240156498361141,3.240156498361141,19400
1999-01-25,3.3874361515045166,3.387436151504517,3.387436151504517,3.387436151504517,833
1999-01-26,3.3874361515045166,3.5347159841786264,3.2401563188304072,3.387436151504517,16033
1999-01-27,3.2401561737060547,3.3874359997836025,3.2401561737060547,3.3874359997836025,15000
1999-01-28,3.3874361515045166,3.387436151504517,3.2401563188304072,3.2401563188304072,533
1999-01-29,3.2401561737060547,3.2401561737060547,3.2401561737060547,3.2401561737060547,6533
1999-02-01,3.313796281814575,3.313796281814575,3.313796281814575,3.313796281814575,1667
1999-02-02,3.2401561737060547,3.3137960867448286,3.2401561737060547,3.2401561737060547,108533
1999-02-03,3.313796281814575,3.313796281814575,3.240156364440918,3.240156364440918,6700
1999-02-04,3.2401561737060547,3.3874359997836025,3.2401561737060547,3.3874359997836025,13333
1999-02-05,3.2401561737060547,3.2401561737060547,3.2401561737060547,3.2401561737060547,233
1999-02-08,3.313796281814575,3.313796281814575,3.240156364440918,3.240156364440918,6200
1999-02-09,3.2401561737060547,3.2401561737060547,3.092876347628507,3.092876347628507,88267
1999-02-10,3.2401561737060547,3.3137960867448286,3.2401561737060547,3.2401561737060547,8533
1999-02-11,3.2401561737060547,3.2401561737060547,3.2401561737060547,3.2401561737060547,5800
1999-02-12,3.092876434326172,3.092876434326172,3.092876434326172,3.092876434326172,2000
1999-02-16,3.092876434326172,3.24015626453218,3.092876434326172,3.24015626453218,2067
1999-02-17,3.092876434326172,3.092876434326172,3.019236519223168,3.092876434326172,3267
1999-02-18,3.092876434326172,3.387436094738188,3.092876434326172,3.387436094738188,467
1999-02-19,3.1665163040161133,3.2401562180629995,3.092876389969227,3.092876389969227,4833
1999-02-22,3.1665163040161133,3.2401562180629995,3.1665163040161133,3.2401562180629995,1767
1999-02-23,4.639314651489258,5.154794057210286,3.829275585356213,3.976555415562221,94933
1999-02-24,4.492034912109375,4.86023449506916,4.492034912109375,4.712954661885246,49567
1999-02-25,4.492034912109375,4.639314745293289,4.492034912109375,4.492034912109375,13900
1999-02-26,4.712954044342041,4.86023385822773,4.4183944165706635,4.492034323513508,82033
1999-03-01,4.712954044342041,4.86023385822773,4.565674230456352,4.86023385822773,33867
1999-03-02,4.418395042419434,4.418395042419434,4.1238353729248045,4.3447551250457765,28600
1999-03-03,4.271115303039551,4.565674979111244,4.271115303039551,4.418395141075398,50767
1999-03-04,4.271115303039551,4.344755222057474,4.271115303039551,4.271115303039551,18300
1999-03-05,4.639314651489258,4.712954566592262,4.271115075974238,4.271115075974238,37700
1999-03-08,4.86023473739624,5.007514577923399,4.786594817132661,4.86023473739624,9800
1999-03-09,4.712954044342041,4.786593951284885,4.565674230456352,4.786593951284885,1867
1999-03-10,4.712954044342041,4.712954044342041,4.712954044342041,4.712954044342041,1033
1999-03-11,4.712954044342041,4.712954044342041,4.712954044342041,4.712954044342041,1333
1999-03-12,4.74977445602417,4.860234327094499,4.712954499000727,4.860234327094499,24400
1999-03-15,4.712954044342041,4.786593951284885,4.712954044342041,4.712954044342041,1467
1999-03-16,5.007513999938965,5.007513999938965,4.712954352883732,4.78659426464754,21467
1999-03-17,5.289628028869629,5.818590831756592,5.289628028869629,5.818590831756592,11700
1999-03-18,5.465948581695557,5.642269503685736,5.465948581695557,5.465948581695557,12733
1999-03-19,5.5541090965271,5.642269558376736,5.3777881728278265,5.465948634677463,18633
1999-03-22,5.377788066864014,5.554108987089063,5.377788066864014,5.554108987089063,8233
1999-03-23,5.289628028869629,5.465948963165283,5.289628028869629,5.377788496017456,34900
1999-03-24,5.377788066864014,5.465948526976539,5.289627606751489,5.465948526976539,11800
1999-03-25,5.2014665603637695,5.3777874607150835,5.2014665603637695,5.2014665603637695,2067
1999-03-26,5.2014665603637695,5.4659479108907405,5.2014665603637695,5.4659479108907405,1800
1999-03-29,5.289628028869629,5.289628028869629,5.201467561721802,5.201467561721802,5000
1999-03-30,5.2014665603637695,5.2896270105394265,5.2014665603637695,5.2896270105394265,2233
1999-03-31,5.2014665603637695,5.2014665603637695,5.2014665603637695,5.2014665603637695,433
1999-04-01,5.289628028869629,5.289628028869629,5.201467561721802,5.201467561721802,1133
1999-04-05,5.377788066864014,5.465948526976539,5.201467146638964,5.201467146638964,24300
1999-04-06,5.377788066864014,5.465948526976539,5.377788066864014,5.465948526976539,13233
1999-04-07,5.2014665603637695,5.2014665603637695,5.2014665603637695,5.2014665603637695,1000
1999-04-08,5.377788066864014,5.465948526976539,5.201467146638964,5.201467146638964,11400
1999-04-09,5.5541090965271,5.642269558376736,5.3777881728278265,5.465948634677463,27900
1999-04-12,5.377788066864014,5.730429907314113,5.377788066864014,5.377788066864014,49500
1999-04-13,5.377788066864014,5.642269447201588,5.377788066864014,5.642269447201588,667
1999-04-14,5.642269134521484,5.642269134521484,5.37778776884079,5.37778776884079,5233
1999-04-15,5.465948581695557,5.906750886671005,5.465948581695557,5.906750886671005,11567
1999-04-16,5.465948581695557,5.818590425675915,5.465948581695557,5.465948581695557,333
1999-04-19,5.465948581695557,5.642269503685736,5.465948581695557,5.465948581695557,3300
1999-04-20,5.642269134521484,5.994910955429077,5.465948224067688,5.642269134521484,6600
1999-04-21,5.2014665603637695,5.642268811242055,5.2014665603637695,5.642268811242055,8233
1999-04-22,5.465948581695557,5.465948581695557,5.289627659705378,5.465948581695557,6200
1999-04-23,5.377788066864014,5.465948526976539,5.201467146638964,5.465948526976539,23700
1999-04-26,5.113306999206543,5.377788395717227,5.113306999206543,5.377788395717227,9833
1999-04-27,5.377788066864014,5.377788066864014,5.025146226413915,5.025146226413915,7833
1999-04-28,5.289628028869629,5.465948963165283,4.9369861602783205,5.025146627426147,8067
1999-04-29,4.936985969543457,5.465948751994542,4.672504578317914,5.465948751994542,83967
1999-04-30,4.936985969543457,5.289627824510847,4.672504578317914,5.289627824510847,17500
1999-05-03,4.760664463043213,4.93698536908185,4.760664463043213,4.93698536908185,31333
1999-05-04,4.760664463043213,5.113306275120488,4.760664463043213,4.760664463043213,800
1999-05-05,4.936985969543457,4.936985969543457,4.760665042059762,4.760665042059762,6467
1999-05-06,4.936985969543457,5.113306897027152,4.760665042059762,4.760665042059762,5233
1999-05-07,4.936985969543457,4.936985969543457,4.5843441145760675,4.936985969543457,42633
1999-05-10,5.113306999206543,5.113306999206543,4.584344206185176,4.584344206185176,69300
1999-05-11,5.289628028869629,5.289628028869629,5.201467561721802,5.201467561721802,7233
1999-05-12,5.289628028869629,5.289628028869629,5.113307094573974,5.289628028869629,967
1999-05-13,4.760664463043213,5.289627181159125,4.760664463043213,5.113306275120488,17700
1999-05-14,5.113306999206543,5.113306999206543,5.113306999206543,5.113306999206543,333
1999-05-17,5.025146484375,5.025146484375,4.7606650904605265,4.7606650904605265,700
1999-05-18,4.760664463043213,4.760664463043213,4.760664463043213,4.760664463043213,167
1999-05-19,4.760664463043213,4.760664463043213,4.760664463043213,4.760664463043213,0
1999-05-20,4.760664463043213,5.02514582210117,4.760664463043213,5.02514582210117,1133
1999-05-21,4.892906188964844,4.892906188964844,4.892906188964844,4.892906188964844,333
1999-05-24,5.113306999206543,5.201467464710104,4.892905835447641,5.025146533702982,4033
1999-05-25,4.760664463043213,5.02514582210117,4.760664463043213,5.02514582210117,2500
1999-05-26,4.672504425048828,4.760664885898806,4.58434396419885,4.760664885898806,4967
1999-05-27,4.848825931549072,4.848825931549072,4.5843445171009405,4.5843445171009405,3333
1999-05-28,4.584344387054443,4.67250485603626,4.584344387054443,4.67250485603626,633
1999-06-01,4.848825931549072,4.848825931549072,4.760665460066361,4.848825931549072,1800
1999-06-02,5.113306999206543,5.113306999206543,4.6725046716887375,4.6725046716887375,4967
1999-06-03,5.113306999206543,5.113306999206543,4.936986068199421,5.113306999206543,5833
1999-06-04,5.025146484375,5.025146484375,4.936986019736842,4.936986019736842,7167
1999-06-07,4.936985969543457,5.113306897027152,4.936985969543457,4.936985969543457,1700
1999-06-08,5.025146484375,5.025146484375,4.936986019736842,4.936986019736842,6400
1999-06-09,5.025146484375,5.2896278782894735,5.025146484375,5.1133069490131575,3333
1999-06-10,5.289628028869629,5.289628028869629,5.025146627426147,5.201467561721802,1833
1999-06-11,5.289628028869629,5.642269897460937,5.289628028869629,5.465948963165283,4033
1999-06-14,5.113306999206543,5.113306999206543,5.025146533702982,5.025146533702982,1833
1999-06-15,5.5541090965271,5.5541090965271,5.069226556354098,5.069226556354098,1400
1999-06-16,5.5541090965271,5.5541090965271,5.5541090965271,5.5541090965271,333
1999-06-17,4.936985969543457,5.025146433285305,4.936985969543457,5.025146433285305,2900
1999-06-18,5.113306999206543,5.113306999206543,5.025146533702982,5.025146533702982,5200
1999-06-21,5.025146484375,5.025146484375,5.025146484375,5.025146484375,333
1999-06-22,5.025146484375,5.025146484375,5.025146484375,5.025146484375,200
1999-06-23,5.025146484375,5.2896278782894735,5.025146484375,5.2896278782894735,3400
1999-06-24,5.025146484375,5.025146484375,5.025146484375,5.025146484375,0
1999-06-25,5.025146484375,5.025146484375,5.025146484375,5.025146484375,0
1999-06-28,5.025146484375,5.025146484375,5.025146484375,5.025146484375,1000
1999-06-29,5.113306999206543,5.157387231958324,5.025146533702982,5.157387231958324,3200
1999-06-30,5.025146484375,5.025146484375,5.025146484375,5.025146484375,433
1999-07-01,5.113306999206543,5.2896279302136655,5.025146533702982,5.113306999206543,1967
1999-07-02,5.113306999206543,5.113306999206543,5.113306999206543,5.113306999206543,333
1999-07-06,5.113306999206543,5.113306999206543,5.113306999206543,5.113306999206543,533
1999-07-07,5.113306999206543,5.113306999206543,5.113306999206543,5.113306999206543,67
1999-07-08,4.848825931549072,5.113307345997203,4.848825931549072,5.025146874514493,10933
1999-07-09,4.936985969543457,5.025146433285305,4.760665042059762,4.760665042059762,4833
1999-07-12,4.848825931549072,4.936986403031782,4.848825931549072,4.936986403031782,3700
1999-07-13,4.936985969543457,4.936985969543457,4.936985969543457,4.936985969543457,833
1999-07-14,4.936985969543457,4.936985969543457,4.84882550580161,4.84882550580161,500
1999-07-15,4.936985969543457,4.936985969543457,4.936985969543457,4.936985969543457,3733
1999-07-16,4.936985969543457,4.936985969543457,4.84882550580161,4.84882550580161,10667
1999-07-19,5.113306999206543,5.113306999206543,5.113306999206543,5.113306999206543,33
1999-07-20,5.113306999206543,5.201467464710104,5.113306999206543,5.201467464710104,2333
1999-07-21,5.113306999206543,5.157387231958324,5.113306999206543,5.157387231958324,1033
1999-07-22,5.2014665603637695,5.2014665603637695,5.1133061101881125,5.2014665603637695,2633
1999-07-23,5.289628028869629,5.289628028869629,5.201467561721802,5.201467561721802,1700
1999-07-26,5.2014665603637695,5.2014665603637695,5.2014665603637695,5.2014665603637695,67
1999-07-27,5.289628028869629,5.465948963165283,5.289628028869629,5.289628028869629,1800
1999-07-28,5.642269134521484,5.642269134521484,5.642269134521484,5.642269134521484,1333
1999-07-29,5.642269134521484,5.642269134521484,5.642269134521484,5.642269134521484,1333
1999-07-30,5.377788066864014,5.377788066864014,5.289627606751489,5.289627606751489,4667
1999-08-02,5.289628028869629,5.289628028869629,5.201467561721802,5.289628028869629,2500
1999-08-03,5.2014665603637695,5.2014665603637695,5.2014665603637695,5.2014665603637695,5933
1999-08-04,5.2014665603637695,5.2014665603637695,5.2014665603637695,5.2014665603637695,0
1999-08-05,4.936985969543457,5.642269679478237,4.936985969543457,5.642269679478237,18667
1999-08-06,5.289628028869629,5.289628028869629,5.201467561721802,5.289628028869629,3400
1999-08-09,5.289628028869629,5.377788496017456,5.289628028869629,5.289628028869629,1800
1999-08-10,5.2014665603637695,5.2896270105394265,5.2014665603637695,5.2014665603637695,2367
1999-08-11,5.113306999206543,5.113306999206543,5.113306999206543,5.113306999206543,533
1999-08-12,5.642269134521484,5.906750500202179,5.37778776884079,5.37778776884079,11000
1999-08-13,5.465948581695557,5.465948581695557,5.465948581695557,5.465948581695557,2000
1999-08-16,5.465948581695557,5.465948581695557,5.465948581695557,5.465948581695557,1000
1999-08-17,5.642269134521484,5.642269134521484,5.37778776884079,5.465948224067688,6867
1999-08-18,6.347553730010986,6.347553730010986,5.642269982231988,5.818590919176738,4300
1999-08-19,5.7304301261901855,5.7304301261901855,5.7304301261901855,5.7304301261901855,1633
1999-08-20,5.994911193847656,6.171232111313763,5.994911193847656,6.171232111313763,467
1999-08-23,5.994911193847656,6.171232111313763,5.994911193847656,6.171232111313763,2733
1999-08-24,5.8185906410217285,5.994911569537539,5.730430176763823,5.8185906410217285,3533
1999-08-25,5.642269134521484,5.906750500202179,5.642269134521484,5.906750500202179,2233
1999-08-26,5.642269134521484,5.642269134521484,5.642269134521484,5.642269134521484,0
1999-08-27,5.9067511558532715,5.9067511558532715,5.9067511558532715,5.9067511558532715,1967
1999-08-30,6.523873805999756,6.523873805999756,6.171231978648417,6.171231978648417,4267
1999-08-31,7.052836894989014,7.052836894989014,6.700195050239563,6.700195050239563,5333
1999-09-01,6.7001953125,6.876516241776316,6.7001953125,6.7001953125,5767
1999-09-02,6.7001953125,6.7001953125,6.7001953125,6.7001953125,0
1999-09-03,6.612034797668457,6.612034797668457,6.612034797668457,6.612034797668457,67
1999-09-07,6.7001953125,7.052837171052631,6.612034847861842,6.612034847861842,2133
1999-09-08,5.642269134521484,7.0528364181518555,5.642269134521484,7.0528364181518555,5033
1999-09-09,6.347553730010986,6.347553730010986,5.994911856121488,5.994911856121488,1367
1999-09-10,6.171232223510742,6.700194985525949,5.994911302839006,6.700194985525949,9800
1999-09-13,6.347553730010986,6.347553730010986,6.171232793066237,6.347553730010986,467
1999-09-14,6.612034797668457,6.70019526163737,5.994911549886068,6.523874333699545,9100
1999-09-15,6.612034797668457,6.876516189575195,6.612034797668457,6.612034797668457,2967
1999-09-16,6.920596599578857,6.964676832697195,6.6120349677505015,6.6120349677505015,1933
1999-09-17,6.612034797668457,6.788355725606283,6.612034797668457,6.788355725606283,1633
1999-09-20,6.788355827331543,6.788355827331543,6.700195362041523,6.700195362041523,700
1999-09-21,6.788355827331543,7.052837223201603,6.788355827331543,6.964676757911583,7700
1999-09-22,8.816046714782715,10.226614189147949,7.140997838973999,7.140997838973999,42067
1999-09-23,8.463403701782227,9.168687343597412,8.198922336101532,8.81604552268982,4833
1999-09-24,8.110762596130371,8.287083522133205,7.581799818121868,8.287083522133205,5633
1999-09-27,8.463403701782227,8.463403701782227,8.110761880874634,8.110761880874634,1800
1999-09-28,8.110762596130371,8.463404448136039,7.84628120712612,8.463404448136039,1367
1999-09-29,7.846280574798584,7.846280574798584,7.846280574798584,7.846280574798584,500
1999-09-30,8.375243186950684,8.375243186950684,7.846280459353798,7.846280459353798,767
1999-10-01,8.375243186950684,8.375243186950684,8.110761823152242,8.331162959650943,5933
1999-10-04,8.287083625793457,8.287083625793457,8.287083625793457,8.287083625793457,367
1999-10-05,8.639724731445312,9.16868747010523,8.287082905672033,8.331163133893694,6100
1999-10-06,10.05029296875,11.460860402960526,8.81604646381579,8.81604646381579,32733
1999-10-07,10.755576133728027,10.931897053953078,10.226613373052878,10.931897053953078,9533
1999-10-08,10.402933120727539,10.843735371605824,10.226612220376225,10.843735371605824,3633
1999-10-11,10.226613998413086,10.579255860427331,9.873972136398843,10.579255860427331,3833
1999-10-12,10.579256057739258,10.755576992034912,9.873972320556641,10.226614189147949,11133
1999-10-13,9.521328926086426,10.57925436231825,9.521328926086426,10.57925436231825,13033
1999-10-14,10.579256057739258,10.579256057739258,9.345009517669677,9.697651386260986,12067
1999-10-15,13.224069595336914,14.458316090901693,10.226613820393881,10.579255676269531,112600
1999-10-18,12.342464447021484,14.45831549508231,11.284538922991072,14.45831549508231,31300
1999-10-19,10.931897163391113,11.98982269533219,9.52132978746968,11.98982269533219,19567
1999-10-20,11.813502311706543,11.989823241732013,11.10821859160466,11.813502311706543,18600
1999-10-21,11.284538269042969,11.637180089950562,10.579254627227783,11.637180089950562,8667
1999-10-22,11.284538269042969,13.576710104942322,10.75557553768158,10.931896448135376,26500
1999-10-25,11.284538269042969,11.989821910858154,11.284538269042969,11.284538269042969,1767
1999-10-26,11.460860252380371,11.725341642819918,11.284539325420672,11.284539325420672,5467
1999-10-27,11.460860252380371,11.460860252380371,10.931897471501276,11.284539325420672,2600
1999-10-28,11.284538269042969,11.989821910858154,11.108217358589172,11.549019634723663,7967
1999-10-29,11.637181282043457,11.813502210559268,11.284539425011838,11.460860353527647,5833
1999-11-01,11.989822387695312,12.518785140093636,11.284538717830882,11.637180552763096,6567
1999-11-02,11.460860252380371,12.342464887178862,11.108218398460975,12.342464887178862,9933
1999-11-03,12.695107460021973,13.047749333911472,11.637181838353476,11.637181838353476,23800
1999-11-04,13.400390625,13.400390625,12.695106907894736,13.047748766447368,19967
1999-11-05,14.105673789978027,14.105673789978027,13.576711022853852,13.753031945228576,31033
1999-11-08,14.105673789978027,14.634636557102203,14.017513328790665,14.370155173540114,99600
1999-11-09,13.753032684326172,14.193835013952011,13.576711752475836,14.105674548026842,14467
1999-11-10,14.017513275146484,14.105673735996463,13.664871431746574,13.753031892596551,10467
1999-11-11,14.4583158493042,14.4583158493042,13.400390299355111,14.281994924312684,25300
1999-11-12,15.516241073608398,15.516241073608398,14.281994624571366,14.634636467153374,38133
1999-11-15,16.926807403564453,18.337374687194824,16.221523761749268,16.309684216976166,199267
1999-11-16,17.98473358154297,18.161054499009076,17.279449911678537,17.5439312878777,87167
1999-11-17,17.808414459228516,19.218981941147607,16.926809783029086,18.51369820018806,70800
1999-11-18,17.63209342956543,18.690019035339354,16.92680969238281,17.808414363861083,36700
1999-11-19,15.075437545776367,18.337374324687044,14.105672557451571,17.54393024333039,94600
1999-11-22,14.105673789978027,16.13336439728737,12.695106410980225,15.692562091350554,81133
1999-11-23,12.342464447021484,14.810957336425782,12.166143526349748,14.370155034746443,70867
1999-11-24,13.224069595336914,13.312230059305827,12.166144027709962,12.342464955647786,34933
1999-11-26,15.692561149597168,16.926807532149752,13.576710208078449,14.017512487561515,41367
1999-11-29,15.86888313293457,16.221524980333115,14.987278514438206,16.221524980333115,37167
1999-11-30,15.163599014282227,15.692561770594397,14.45831533919933,15.516240851823673,8800
1999-12-01,14.105673789978027,15.075438863039016,13.929352867603301,14.810957479476928,8700
1999-12-02,14.4583158493042,15.516241399253287,13.753032149338141,14.10567399932117,15367
1999-12-03,15.163599014282227,15.692561770594397,14.45831533919933,14.45831533919933,15800
1999-12-06,16.926807403564453,18.161053776741028,14.281993746757507,14.810956478118896,108933
1999-12-07,21.863794326782227,23.098040780713482,16.92680851105721,17.543931738022835,327100
1999-12-08,27.506065368652344,28.91663282345503,21.158511822040264,21.951956015366772,707067
1999-12-09,29.445594787597656,38.085320204317924,28.563990153238443,32.26672961754713,377233
1999-12-10,32.972007751464844,33.677291339731475,29.621910707198364,31.03247788373162,226467
1999-12-13,24.067806243896484,32.79569202465015,23.97964578146463,32.79569202465015,230567
1999-12-14,22.2164363861084,24.861250241597492,19.042659759521484,21.158510843912758,206467
1999-12-15,22.2164363861084,22.569078233506943,18.690017912122936,19.92426437801785,115567
1999-12-16,22.745397567749023,26.095494883929113,21.863793010859528,22.569076656371124,81067
1999-12-17,21.511152267456055,23.8033242303817,20.805868586555857,23.098040549481503,31533
1999-12-20,20.5413875579834,22.56907817529506,20.45322709636115,21.511152635828108,37133
1999-12-21,27.858705520629883,31.032482098929492,21.07035006148906,21.11443029174322,385400
1999-12-22,40.201171875,49.67842182360197,32.972013774671055,33.5009765625,1248067
1999-12-23,39.495887756347656,54.65948751994542,39.495887756347656,53.60156195504325,1003300
1999-12-27,34.73522186279297,40.90645417344147,33.85361724698604,39.848528634473155,307900
1999-12-28,36.322113037109375,39.14324803028292,31.56144773612902,34.999706009059274,227033
1999-12-29,35.26418685913086,36.67475433349609,31.737768173217773,36.49843339920044,129300
1999-12-30,30.679840087890625,36.145788609296424,30.503519167845276,35.26418400906968,135733
1999-12-31,32.443050384521484,36.6747526085895,28.9166318644648,30.591680661491726,80633
2000-01-03,33.14833450317383,35.26418564167429,30.327199651839884,33.76545775190313,131067
2000-01-04,31.561447143554688,32.61937274613194,29.798237805925933,31.73776807731756,101733
2000-01-05,33.853614807128906,36.67474937438965,29.2692711353302,30.32719659805298,144333
2000-01-06,32.09041213989258,34.38258443559919,31.385128356598234,33.32465876065768,68633
2000-01-07,31.208805084228516,33.853619074417374,29.621916690115203,33.148335343700346,53533
2000-01-10,30.503522872924805,32.79569511193071,30.32720193146281,31.38512758023477,61067
2000-01-11,28.740310668945312,32.09040823158311,28.21134789589724,31.649605920709718,83700
2000-01-12,26.095495223999023,28.916629842809726,25.390211569296348,28.38766710178272,116667
2000-01-13,26.80078125,28.211348684210524,26.624460320723685,27.15342310855263,65467
2000-01-14,29.62191390991211,30.679839406694683,27.153421084086098,27.858704748607817,51733
2000-01-18,31.032482147216797,33.677295966581866,30.327198462052777,30.679840304634787,79300
2000-01-19,29.62191390991211,32.09040673573812,28.387667496999104,31.3851230712164,50267
2000-01-20,29.798234939575195,31.032481357190736,29.092951272366314,30.327197689981855,53467
2000-01-21,30.856163024902344,31.561446751185827,29.62191650390625,30.415360695975167,48433
2000-01-24,31.73776626586914,33.50097550286187,30.6798407236735,31.649605804019505,102133
2000-01-25,31.032482147216797,32.61937043883584,29.621914776888758,32.61937043883584,34733
2000-01-26,33.500972747802734,33.853614566200655,30.679838200619347,30.856159109818307,77733
2000-01-27,31.032482147216797,34.20625873045488,30.327198462052777,32.97201228141785,68067
2000-01-28,31.73776626586914,33.50097550286187,31.20880349477132,32.44304996066623,103200
2000-01-31,33.14833450317383,33.500976359590574,31.03248336467337,33.14833450317383,74033
2000-02-01,32.795692443847656,33.5009761523175,32.44305058961274,33.5009761523175,38333
2000-02-02,32.795692443847656,33.14833429808258,32.6193715167302,32.972013370965115,35267
2000-02-03,37.90899658203125,38.61428023937137,33.14833189498547,33.3246528093205,151600
2000-02-04,44.08022689819336,47.60664505004883,41.964376007080084,43.72758508300782,1014067
2000-02-07,52.896278381347656,56.07005508422852,47.95929239908855,48.31193425496419,862533
2000-02-08,49.36985778808594,56.24637369428362,48.135611343383786,56.158213233947755,385633
2000-02-09,44.4328727722168,50.07514233059353,42.317021687825516,49.36985863579644,242600
2000-02-10,49.017215728759766,50.075141248085515,45.13815549123201,47.165846069939704,188900
2000-02-11,49.017215728759766,52.543634126512266,47.959290209434016,50.60410400774839,120567
2000-02-14,50.78042984008789,53.24892295731439,49.3698623445299,53.24892295731439,171167
2000-02-15,46.54872512817383,52.014673912163936,46.19608327114221,51.48571112661651,89433
2000-02-16,51.1330680847168,52.19099363129715,46.90136589839541,47.43032867168559,101500
2000-02-17,52.54363250732422,53.60155799404887,50.95674427723724,52.01466976396189,161233
2000-02-18,51.30938720703125,53.95420098058956,49.1935361881846,53.77788006235234,106467
2000-02-22,50.251461029052734,53.42523751509817,49.369856449595666,50.78042377672697,92133
2000-02-23,50.78042984008789,50.78042984008789,47.9592948489719,50.25146702925365,67833
2000-02-24,48.664573669433594,51.1330665367237,45.84343896395919,50.780424698539406,79000
2000-02-25,45.843441009521484,48.84089676783635,44.69735498428344,48.66457584087665,93067
2000-02-28,52.19099044799805,53.6015577574034,47.430325778754984,49.36985582918734,157533
2000-02-29,60.47807693481445,63.828174490970355,53.07259812646983,53.60156089849444,327500
2000-03-01,67.88355255126953,70.88100811846844,61.00703683828378,61.00703683828378,260767
2000-03-02,62.77024459838867,70.52836471729064,62.06496095121576,70.52836471729064,115500
2000-03-03,67.70722961425781,70.70468509197235,64.70977413654327,64.88609504699707,123133
2000-03-06,84.63404846191406,100.85557441711425,70.52837371826172,70.70469465255736,515367
2000-03-07,91.68688201904297,99.09236095135029,85.86829142937293,98.65155863395104,267333
2000-03-08,85.33932495117188,96.27122194904926,80.5786601295156,95.56593827176685,172767
2000-03-09,80.04969024658203,86.74988458440167,79.69704843932837,86.04460096989433,94933
2000-03-10,83.57611846923828,86.57357419492827,80.5786627435483,81.46026736875125,102233
2000-03-13,83.39979553222656,90.62895328449144,74.76007041366609,81.46026540357012,131733
2000-03-14,78.63912963867188,88.51310107312395,77.58120412783772,87.4551755622898,85033
2000-03-15,80.04969024658203,87.80781000616267,78.99176482482103,86.04460096989433,125300
2000-03-16,76.87592315673828,82.16555089688082,70.70469079323864,81.46026719819515,138600
2000-03-17,74.2311019897461,78.99176648790083,73.87846017506796,77.58119922918831,35167
2000-03-20,61.71232604980469,74.23111219133649,60.65440046037946,74.05479125976562,166700
2000-03-21,60.654396057128906,62.77024708237759,52.19099195613417,61.71232156975324,130833
2000-03-22,66.1203384399414,69.82307739257813,60.30174865722656,62.06495768229166,74967
2000-03-23,65.2387466430664,69.11780725427576,63.47553727433488,69.11780725427576,48233
2000-03-24,61.35968017578125,65.59138225686961,61.35968017578125,64.88609857668821,58000
2000-03-27,58.538543701171875,63.82817114404885,58.00958095688418,62.06496199642319,52533
2000-03-28,58.89118957519531,61.3596825514011,55.01212918401478,58.185905867707945,55533
2000-03-29,54.13051986694336,59.24382630388589,50.78042254618791,58.362221745792354,92867
2000-03-30,52.19099044799805,53.42523684372773,47.959288519781985,50.427781311241354,74833
2000-03-31,46.72504806518555,50.780429595371466,41.259099046239314,48.66457836223098,96600
2000-04-03,38.26164245605469,44.43287511025706,37.90900059010027,40.906456450712845,132133
2000-04-04,32.443050384521484,39.14324557262918,21.158511120340098,36.49843168258667,210067
2000-04-05,37.20371627807617,40.906455812861005,26.095497673721674,29.621916278278658,162167
2000-04-06,45.31447982788086,47.07768915970502,38.790605300131475,38.790605300131475,135100
2000-04-07,48.31193161010742,52.19099181237882,46.72504334554185,48.488252528392486,66833
2000-04-10,43.551265716552734,51.133065011337216,43.02230297505614,49.19353495918305,43100
2000-04-11,38.26164245605469,43.110468112927975,36.67475405925979,43.110468112927975,80467
2000-04-12,32.443050384521484,38.26164094261501,31.032482976498812,37.203715386598006,102233
2000-04-13,30.327198028564453,36.322109266769054,30.327198028564453,33.14833272889603,113367
2000-04-14,25.742855072021484,32.09040837745144,25.39021322171982,28.211348024133134,147800
2000-04-17,24.861249923706055,27.50606374537691,22.216436102035196,24.332287159371884,131233
2000-04-18,31.914085388183594,32.443048129424206,25.213890665802506,25.390211579549376,114033
2000-04-19,31.208805084228516,33.853619074417374,30.32720042083223,32.972014411021085,46933
2000-04-20,28.9166316986084,31.73776649847263,25.037571348795076,31.73776649847263,38967
2000-04-24,26.095495223999023,28.916629842809726,25.742853396647686,28.21134618810705,31733
2000-04-25,29.269271850585938,30.150876424398767,26.3599767570036,26.3599767570036,30033
2000-04-26,30.856163024902344,33.853618861607146,30.503521161760602,32.26673047746931,47467
2000-04-27,30.679840087890625,31.561444688117366,27.506063527074353,29.445593647573187,29133
2000-04-28,30.327198028564453,33.14833272889603,29.26927251594011,29.974556191023005,26333
2000-05-01,30.679840087890625,32.795691128434804,30.503519167845276,32.26672836829876,32233
2000-05-02,29.97455596923828,31.737765143899356,29.97455596923828,31.737765143899356,29467
2000-05-03,27.68238639831543,30.150879452942284,27.15342360089539,29.97455852046894,20600
2000-05-04,27.858705520629883,28.38766828367982,27.506063678596593,27.506063678596593,14500
2000-05-05,27.506065368652344,27.506065368652344,25.390214186448315,26.800781641251,23333
2000-05-08,26.624460220336914,27.50606486339443,25.919176505890903,25.919176505890903,6433
2000-05-09,25.213891983032227,26.800780289656633,24.155966445282623,26.800780289656633,37633
2000-05-10,23.45068359375,24.861251027960524,21.863795230263158,24.24412777549342,35333
2000-05-11,23.274362564086914,24.332288135181773,19.924264922286525,23.538843956860628,56467
2000-05-12,23.098039627075195,23.274360540258975,22.569076887523856,23.009879170483305,21333
2000-05-15,22.04011344909668,22.745397079467775,20.805867095947267,22.39275526428223,37033
2000-05-16,22.745397567749023,23.450681213260623,22.216434833615324,23.274360301882723,32300
2000-05-17,22.569076538085938,22.92171835899353,22.216434717178345,22.745397448539734,11067
2000-05-18,22.2164363861084,22.92172008090549,22.2164363861084,22.2164363861084,5967
2000-05-19,21.158512115478516,22.040116786956787,20.805870246887206,22.040116786956787,13667
2000-05-22,18.161056518554688,21.158512448801577,17.543933238797973,20.541389169044862,66167
2000-05-23,17.808414459228516,19.747944746867265,17.720253991608573,18.337377264948174,47700
2000-05-24,16.838647842407227,17.80841290139403,15.516240943788857,17.80841290139403,42967
2000-05-25,15.692561149597168,18.249214370598953,15.604400693700555,16.926807532149752,25033
2000-05-26,14.810956954956055,16.926807948521205,14.458315122695195,16.22152428399949,28300
2000-05-30,17.279449462890625,17.6320912886639,14.987277595364317,14.987277595364317,18267
2000-05-31,16.574167251586914,18.249216069566444,16.574167251586914,17.72025328494133,13900
2000-06-01,22.04011344909668,22.216434356689454,16.92680712890625,16.92680712890625,40100
2000-06-02,26.80078125,28.211348684210524,23.098041735197366,23.362523129111842,97667
2000-06-05,28.211347579956055,30.327198648452757,25.39021282196045,26.09549651145935,33267
2000-06-06,27.506065368652344,29.445595619006035,26.800781641251,27.946867698278183,27533
2000-06-07,27.329742431640625,28.5639888640373,26.624458755985383,27.506063350554438,13700
2000-06-08,25.91917610168457,26.80078073099357,24.332287768928374,24.861250546513773,28133
2000-06-09,25.742855072021484,26.448138772624812,25.56653414687065,25.919175997172317,9500
2000-06-12,24.861249923706055,26.800780059598015,24.15596623792716,26.271817295263844,18500
2000-06-13,24.68492889404297,25.39021257672991,23.627003370012556,25.03757073538644,19400
2000-06-14,25.742855072021484,28.211348024133134,24.68492952111649,24.7290097524042,28700
2000-06-15,23.274362564086914,26.448139277371492,23.274362564086914,26.448139277371492,15333
2000-06-16,23.274362564086914,25.037571849245015,22.216436992992055,23.274362564086914,13867
2000-06-19,24.332286834716797,25.390212349269703,22.74539856288744,24.684928672901098,10867
2000-06-20,24.15596580505371,25.390212233049155,23.979644886768646,24.6849285599089,8767
2000-06-21,25.390214920043945,25.390214920043945,23.97964742448595,24.1559683614307,10167
2000-06-22,24.332286834716797,25.037570511085402,23.803324077440347,24.596768213355023,10100
2000-06-23,24.332286834716797,25.21389143017755,23.803324077440347,24.332286834716797,10900
2000-06-26,23.274362564086914,24.155967206665963,22.921720707055293,23.18620209982901,15933
2000-06-27,23.627004623413086,23.627004623413086,22.21643718320932,22.21643718320932,9500
2000-06-28,23.274362564086914,23.627004421118535,22.216436992992055,23.098041635571104,12167
2000-06-29,23.979644775390625,25.03757028018727,22.21643560072955,22.92171927059398,22400
2000-06-30,22.569076538085938,24.684927463531494,21.863792896270752,24.155964732170105,23967
2000-07-03,23.098039627075195,23.274360540258975,22.216435061156297,22.569076887523856,4967
2000-07-05,22.569076538085938,23.582921773195267,21.334830164909363,21.334830164909363,9233
2000-07-06,22.2164363861084,22.833559619055855,21.334831767612034,21.334831767612034,11700
2000-07-07,22.2164363861084,22.745399157206215,21.86379453870985,21.86379453870985,11933
2000-07-10,21.863794326782227,22.216436170762588,21.15851063882151,22.040115248772405,13233
2000-07-11,22.569076538085938,23.45068109035492,21.51115107536316,22.04011380672455,21100
2000-07-12,24.596769332885742,25.390213504914314,22.92172052526987,23.098041452387328,17900
2000-07-13,24.68492889404297,25.125731195722306,22.745398766653878,25.125731195722306,28567
2000-07-14,28.740310668945312,29.004792055469352,25.12573171978348,25.12573171978348,114567
2000-07-17,28.211347579956055,30.327198648452757,25.566533744335175,29.621914958953855,74633
2000-07-18,27.153423309326172,27.858707031646333,26.80078144816609,27.329744239906212,15733
2000-07-19,25.390214920043945,26.35998007324007,24.68493117226495,25.390214920043945,20933
2000-07-20,23.979644775390625,26.800779454848346,23.979644775390625,25.03757028018727,14533
2000-07-21,23.098039627075195,23.803323279810318,21.511151408421174,21.511151408421174,18067
2000-07-24,23.098039627075195,23.979644192994098,21.863793234788737,23.098039627075195,14100
2000-07-25,22.921720504760742,25.213892555236814,22.921720504760742,22.921720504760742,25033
2000-07-26,21.158512115478516,22.92172145843506,21.158512115478516,22.833560991287232,27433
2000-07-27,20.1005859375,21.863795230263158,19.747944078947366,21.158511513157894,22300
2000-07-28,19.747943878173828,20.453227588108607,17.98473460333688,20.453227588108607,35833
2000-07-31,19.747943878173828,19.747943878173828,18.33737645830427,19.04266016823905,11433
2000-08-01,18.513696670532227,19.70386288506644,18.33737574986049,19.04265943254743,8200
2000-08-02,18.337377548217773,19.39530317599957,18.337377548217773,18.822260127617763,11200
2000-08-03,18.337377548217773,18.337377548217773,17.014970513490532,17.632093796363243,21467
2000-08-04,17.808414459228516,18.51369820018806,16.926809783029086,16.926809783029086,10533
2000-08-07,18.690017700195312,19.042659543595224,18.3373758567954,18.690017700195312,20100
2000-08-08,18.77817726135254,19.042658631230744,18.337374978222197,18.69001680472647,13467
2000-08-09,17.455772399902344,18.778179399894945,17.10313053323765,18.778179399894945,20133
2000-08-10,17.014968872070312,18.16105485827194,17.014968872070312,17.455771174455553,7267
2000-08-11,17.63209342956543,17.808414363861083,15.604402685165406,17.014970159530638,22233
2000-08-14,16.574167251586914,17.632092820837144,15.868883538753428,17.45577189262877,7433
2000-08-15,16.926807403564453,17.63209104537964,16.04520285129547,16.221523761749268,20467
2000-08-16,16.750486373901367,17.632090919896175,16.574165464702403,16.750486373901367,15533
2000-08-17,16.221525192260742,16.57416704426641,16.045204266257908,16.57416704426641,8633
2000-08-18,16.926807403564453,16.926807403564453,16.221523761749268,16.221523761749268,10533
2000-08-21,17.98473358154297,18.337375416475183,16.926808076746322,16.926808076746322,21333
2000-08-22,18.513696670532227,19.21898035321917,17.98473390851702,18.161054829188757,19333
2000-08-23,18.337377548217773,18.601858955163223,17.279451920435978,18.513698486181408,12300
2000-08-24,17.808414459228516,18.337377264948174,17.279451653508858,18.161056329708288,16200
2000-08-25,17.103130340576172,17.808414065960758,17.103130340576172,17.808414065960758,10600
2000-08-28,17.98473358154297,18.24921495774213,17.10312899421243,17.10312899421243,20367
2000-08-29,17.63209342956543,18.161056232452392,17.27945156097412,17.98473529815674,8667
2000-08-30,17.98473358154297,18.161054499009076,17.279449911678537,17.455770829144647,7333
2000-08-31,20.453227996826172,21.86379544488315,18.072895428230023,18.161055893733586,50167
2000-09-01,21.158512115478516,21.86379585266113,19.924265575408935,20.320987677574156,58400
2000-09-05,20.982187271118164,21.3348290739941,20.100582763928326,21.202588397915623,28567
2000-09-06,23.627004623413086,26.44813950382062,21.334832533081965,21.334832533081965,74667
2000-09-07,22.2164363861084,25.21389208899604,21.86379453870985,24.508608394198948,26567
2000-09-08,20.1005859375,21.863795230263158,19.747944078947366,21.511153371710524,37733
2000-09-11,19.747943878173828,20.982190370559692,19.747943878173828,19.924264805657522,63900
2000-09-12,20.1005859375,22.040116159539473,19.924265008223685,19.924265008223685,43100
2000-09-13,20.1005859375,20.805869654605264,15.51624177631579,20.629548725328945,18633
2000-09-14,24.067806243896484,25.302052717942455,20.100585434462996,20.100585434462996,132233
2000-09-15,25.91917610168457,26.80078073099357,23.979645917204774,24.155966843066572,116233
2000-09-18,23.80332374572754,26.095495661982785,23.274360995822484,25.39021199544271,59800
2000-09-19,24.332286834716797,25.390212349269703,23.803324077440347,23.803324077440347,29333
2000-09-20,24.15596580505371,24.15596580505371,22.569077540488138,24.15596580505371,20100
2000-09-21,23.979644775390625,25.390212115119486,23.62700294045841,24.861249362721164,16000
2000-09-22,22.921720504760742,23.274362358680136,19.130820575127235,19.130820575127235,42833
2000-09-25,23.274362564086914,24.684929992213394,23.274362564086914,23.450683492602725,23767
2000-09-26,22.392757415771484,23.45068296297329,21.863794642170586,23.362522500706472,14067
2000-09-27,22.833559036254883,23.80332409184872,22.216435819058805,22.304596278658245,19533
2000-09-28,23.45068359375,24.68493009868421,22.745399876644736,22.745399876644736,35167
2000-09-29,20.012422561645508,23.979642893249242,17.984732169936933,23.450680182368743,80200
2000-10-02,18.161056518554688,20.100586826361496,17.279451833187956,20.012426357824825,38067
2000-10-03,16.926807403564453,17.98473286628723,15.692561030387878,17.808411955833435,46800
2000-10-04,16.574167251586914,16.926809108003656,15.60440214644087,16.83864864389947,23833
2000-10-05,15.86888313293457,16.926808675130207,15.163599438137478,16.574166827731663,36933
2000-10-06,14.810956954956055,16.22152428399949,14.105673290434337,15.86888245173863,38400
2000-10-09,14.722797393798828,15.69256249159396,14.10567414974738,14.987278784106591,16633
2000-10-10,13.576711654663086,15.692562821623566,13.047748862922965,15.516241891043528,29300
2000-10-11,13.633368492126465,14.164538693118406,12.748084823806565,12.96940574088654,29600
2000-10-12,13.810425758361816,13.987482498853636,12.039858353443636,13.633369017869999,28900
2000-10-13,14.164539337158203,14.518652820587159,13.102198886871337,13.987482595443725,32133
2000-10-16,13.102198600769043,14.518652503554886,12.748085125072583,13.943218105548137,16200
2000-10-17,11.862801551818848,13.810425687192092,11.685744812239461,12.748085249715777,23800
2000-10-18,12.216915130615234,12.748085353685461,11.15457468447478,12.039858389591824,24500
2000-10-19,11.862801551818848,12.393971770557005,11.33163133308069,12.393971770557005,23367
2000-10-20,13.45631217956543,13.810425657975047,12.039858265926965,12.084122450728167,19133
2000-10-23,13.102198600769043,13.810425552161965,12.393971649376121,13.102198600769043,10833
2000-10-24,13.898954391479492,14.872766482602259,13.633369275718737,13.987482763399743,14600
2000-10-25,12.925142288208008,14.076011122089543,12.925142288208008,14.076011122089543,2767
2000-10-26,12.39397144317627,13.456311852591378,12.039857973371234,13.456311852591378,5300
2000-10-27,12.748085975646973,13.102199474970499,12.039858976999918,12.349708288908005,6633
2000-10-30,12.039857864379883,13.102198264178108,10.977517464581657,12.039857864379883,13267
2000-10-31,12.748085975646973,13.102199474970499,11.685745477676392,12.039858976999918,11533
2000-11-01,13.279255867004395,14.695709826151528,12.748085632324218,12.748085632324218,17667
2000-11-02,13.279255867004395,14.518653081258137,12.836614004770913,13.279255867004395,12100
2000-11-03,12.39397144317627,13.456311852591378,12.039857973371234,13.102198382786343,12267
2000-11-06,13.102198600769043,13.456312076465505,12.393971649376121,12.748085125072583,12400
2000-11-07,13.102198600769043,13.279255338617274,12.925141862920814,13.102198600769043,7433
2000-11-08,13.102198600769043,13.367783707541388,12.039858173679661,13.367783707541388,5700
2000-11-09,12.039857864379883,13.102198264178108,12.039857864379883,12.39397133097929,16500
2000-11-10,11.33163070678711,12.305442720651627,10.977517247200012,12.305442720651627,13500
2000-11-13,11.33163070678711,11.33163070678711,9.649591773748398,10.977517247200012,64200
2000-11-14,11.33163070678711,11.685744166374207,10.800460517406464,10.800460517406464,16033
2000-11-15,11.33163070678711,11.508687436580658,10.977517247200012,11.508687436580658,6400
2000-11-16,10.977517127990723,11.508687311603177,10.977517127990723,11.508687311603177,31233
2000-11-17,10.800460815429688,11.154574284788037,9.561063672675461,10.977517550108862,32967
2000-11-20,10.4463472366333,10.623403969457595,9.915177038160422,9.915177038160422,25033
2000-11-21,9.561063766479492,10.623404184977215,9.384007030063206,9.915177239312067,25733
2000-11-22,9.738121032714844,10.180762897838246,9.0298940485174,9.561064286665482,38333
2000-11-24,9.561063766479492,10.180762343936497,8.675780084398058,10.136498159832424,24533
2000-11-27,9.915177345275879,9.915177345275879,8.852836915424891,9.384007130350385,32267
2000-11-28,9.206951141357422,10.136499093129085,9.206951141357422,10.136499093129085,14300
2000-11-29,9.206951141357422,9.738121399512659,9.206951141357422,9.251215329537025,22667
2000-11-30,9.561063766479492,9.561063766479492,8.675780084398058,8.764308452606201,51267
2000-12-01,8.852836608886719,9.73812026977539,8.852836608886719,9.693856086730957,15433
2000-12-04,8.675780296325684,9.384007259291046,8.675780296325684,8.852837037067024,15200
2000-12-05,8.675780296325684,9.206950518549705,8.675780296325684,9.206950518549705,13133
2000-12-06,8.76430892944336,9.0298940485174,8.67578055641868,8.67578055641868,10933
2000-12-07,8.144610404968262,8.852837396704633,8.144610404968262,8.720044835754063,27933
2000-12-08,8.852836608886719,8.852836608886719,8.144609680175781,8.188873863220214,16767
2000-12-11,9.915177345275879,10.092234083584376,8.587251807962145,8.587251807962145,21367
2000-12-12,9.915177345275879,9.915177345275879,9.029893653733389,9.693856422390256,19333
2000-12-13,9.561063766479492,10.00370560752021,9.20695029364692,9.915177239312067,11700
2000-12-14,9.384007453918457,9.561064198332012,9.029893965091345,9.339743267815068,21033
2000-12-15,9.384007453918457,9.738120942745569,8.675780476264233,9.516800012228623,30933
2000-12-18,8.498723030090332,9.251214131712914,8.144609570503235,9.206949949264526,25333
2000-12-19,8.056081771850586,8.675780369685247,7.7904966584928745,8.144610142969823,30433
2000-12-20,7.082269668579102,8.056081748008728,6.905212926864624,7.613439893722534,54200
2000-12-21,7.259325981140137,7.613439443634778,6.374042324903535,7.082269249892817,43600
2000-12-22,7.082269668579102,7.436383152008056,6.374042701721192,7.082269668579102,44833
2000-12-26,7.701968193054199,7.790496563089305,7.082269602808459,7.170797972843565,55200
2000-12-27,7.43638277053833,7.79049623580206,7.170797671590533,7.5249111368542625,34000
2000-12-28,7.43638277053833,7.79049623580206,7.0822693052746,7.259326037906465,60433
2000-12-29,6.905212879180908,7.790496581639999,6.551099398197272,7.436383100656363,109467
2001-01-02,6.905212879180908,7.259326360164545,6.551099398197272,7.170797989918635,17300
2001-01-03,7.96755313873291,8.321666611565485,6.816684352027045,7.082269456651476,9600
2001-01-04,7.082269668579102,8.321666860580445,7.082269668579102,7.657704079151153,10567
2001-01-05,6.905212879180908,7.613439841148181,6.905212879180908,7.524911470902272,11900
2001-01-08,6.5510993003845215,7.436382989625673,6.3740425625362915,7.436382989625673,12100
2001-01-09,6.5510993003845215,6.639627669308637,6.3740425625362915,6.59536348484658,4233
2001-01-10,6.905212879180908,7.082269619672727,6.4625710279513635,6.639627768443181,7733
2001-01-11,7.347854137420654,7.524910863623562,6.86094814036266,6.905212321913386,18033
2001-01-12,7.790496349334717,7.790496349334717,7.259326143698258,7.613439614122564,21133
2001-01-16,7.879024505615234,8.056081236078498,7.524911044688707,7.746231957767787,18033
2001-01-17,9.029892921447754,9.915176541197534,7.923288396760529,7.923288396760529,42500
2001-01-18,9.206951141357422,9.561064646794247,8.675780883202187,9.02989438863901,7233
2001-01-19,9.738121032714844,9.915177778764205,9.206950794566762,9.738121032714844,16533
2001-01-22,9.649592399597168,10.800461217897748,9.38400728768165,9.649592399597168,18333
2001-01-23,10.800460815429688,11.331631019467213,9.561063672675461,10.269290611392162,25167
2001-01-24,11.110309600830078,12.039857416038968,10.623403602387326,11.508687235919602,16100
2001-01-25,11.154574394226074,11.33163113064236,10.623404184977215,10.933253473705715,8933
2001-01-26,11.154574394226074,11.508687867058649,10.623404184977215,10.977517657809788,4400
2001-01-29,10.977517127990723,11.331630583732359,10.623403672249086,10.800460400119904,10367
2001-01-30,11.066045761108398,11.066045761108398,10.623403930664063,10.623403930664063,2933
2001-01-31,10.711932182312012,11.06604564288431,10.711932182312012,10.977517277741235,4100
2001-02-01,11.066045761108398,11.066045761108398,10.623403930664063,10.623403930664063,3967
2001-02-02,10.977517127990723,11.331630583732359,10.623403672249086,10.977517127990723,5767
2001-02-05,10.800460815429688,11.154574284788037,10.800460815429688,11.154574284788037,5567
2001-02-06,10.623404502868652,11.066046357154846,10.623404502868652,10.80046124458313,4433
2001-02-07,10.092233657836914,10.977517312033136,10.092233657836914,10.977517312033136,5133
2001-02-08,10.003705978393555,10.623404578825014,9.915177606903345,10.623404578825014,3033
2001-02-09,9.561063766479492,10.047969791624281,9.561063766479492,10.047969791624281,4867
2001-02-12,9.384007453918457,9.870913501055735,8.675780476264233,9.561064198332012,4033
2001-02-13,8.852836608886719,9.384006805419922,8.675779876708985,9.384006805419922,5667
2001-02-14,8.675780296325684,9.206950518549705,8.498723555584343,8.764308666696355,9067
2001-02-15,8.852836608886719,8.852836608886719,8.49872314453125,8.852836608886719,1900
2001-02-16,8.76430892944336,8.76430892944336,8.410195437344639,8.498723810369318,2667
2001-02-20,7.613439559936523,8.675779963648596,7.613439559936523,8.321666495744573,4300
2001-02-21,7.170798301696777,7.790496920361931,7.170798301696777,7.613440172171887,4667
2001-02-22,7.170798301696777,7.259326675791799,6.993741553506734,7.170798301696777,8267
2001-02-23,6.993741512298584,7.259326633018783,6.728156391578384,7.259326633018783,3500
2001-02-26,7.082269668579102,7.17079803943634,6.728156185150146,6.905212926864624,4400
2001-02-27,6.905212879180908,7.170797989918635,6.905212879180908,6.905212879180908,2300
2001-02-28,6.5510993003845215,6.993741145005098,6.5510993003845215,6.993741145005098,6533
2001-03-01,6.728156089782715,6.728156089782715,6.374042611373098,6.639627720180311,3133
2001-03-02,7.082269668579102,7.082269668579102,6.728156185150146,6.728156185150146,2500
2001-03-05,6.462571144104004,6.90521300328921,6.374042772266963,6.728156259615128,11900
2001-03-06,6.728156089782715,6.905212828987524,6.728156089782715,6.81668445938512,4533
2001-03-07,6.728156089782715,6.860948644186322,6.551099350577907,6.860948644186322,9533
2001-03-08,7.170798301696777,7.170798301696777,6.81668480531669,6.81668480531669,18633
2001-03-09,7.082269668579102,7.082269668579102,6.639627814292908,7.082269668579102,3367
2001-03-12,6.639627933502197,6.772420492172241,6.551099561055501,6.772420492172241,3833
2001-03-13,6.374042987823486,6.639628112316132,6.374042987823486,6.639628112316132,4400
2001-03-14,6.374042987823486,6.5510997374852495,6.374042987823486,6.374042987823486,3700
2001-03-15,6.5510993003845215,6.5510993003845215,6.3740425625362915,6.3740425625362915,2367
2001-03-16,6.196985721588135,6.551099191393171,6.196985721588135,6.551099191393171,9200
2001-03-19,6.374042987823486,6.5510997374852495,6.019929488499959,6.374042987823486,2200
2001-03-20,6.196985721588135,7.2593261310032435,6.196985721588135,6.728155926295689,3133
2001-03-21,6.019928932189941,6.728155865388758,6.019928932189941,6.728155865388758,7267
2001-03-22,6.196985721588135,6.285514089039394,6.019928986685617,6.019928986685617,3967
2001-03-23,6.196985721588135,6.551099191393171,6.019928986685617,6.551099191393171,1400
2001-03-26,6.019928932189941,6.462570765439202,6.019928932189941,6.019928932189941,7733
2001-03-27,6.108457565307617,6.3740426768427305,6.019929194795912,6.019929194795912,3667
2001-03-28,6.108457565307617,6.3740426768427305,6.019929194795912,6.064193380051765,1800
2001-03-29,5.931400775909424,6.329778439963042,5.842872406119731,6.329778439963042,6267
2001-03-30,5.931400775909424,6.196985885278503,5.842872406119731,6.019929145699117,1633
2001-04-02,6.019928932189941,6.196985665489645,6.019928932189941,6.108457298839793,1500
2001-04-03,6.019928932189941,6.019928932189941,5.7543438322403855,5.887136382215163,9867
2001-04-04,5.7543439865112305,5.93140072455773,5.7543439865112305,5.7543439865112305,11933
2001-04-05,5.842872619628906,6.0199293656782675,5.754344246604226,5.754344246604226,6433
2001-04-06,5.931400775909424,6.019929145699117,5.842872406119731,6.019929145699117,3300
2001-04-09,5.835789680480957,6.03409325484338,5.750802755953169,6.005764430093635,5500
2001-04-10,5.807461261749268,5.8357900884795715,5.694145054270887,5.779131984740381,9967
2001-04-11,5.864119529724121,5.949106912852429,5.807461424398115,5.949106912852429,10167
2001-04-12,5.8924479484558105,6.0057646015250095,5.864119122897433,5.864119122897433,6267
2001-04-16,6.289054870605469,6.600674641631355,5.977435099579583,5.977435099579583,9267
2001-04-17,5.8924479484558105,6.487358688524493,5.8924479484558105,6.4307005871291745,6633
2001-04-18,6.317384719848633,6.3740428242530065,6.289055442507152,6.345713546911526,8900
2001-04-19,6.374042987823486,6.374042987823486,6.317384881965154,6.374042987823486,9000
2001-04-20,6.742320537567139,6.742320537567139,6.374042644202338,6.374042644202338,7067
2001-04-23,6.742320537567139,6.798978640371064,6.629004331959288,6.770649814108388,15033
2001-04-24,6.713991165161133,6.798978087314551,6.572345694534051,6.770649263356257,10433
2001-04-25,7.280572891235352,7.280572891235352,6.629004060276242,6.770649536620145,13000
2001-04-26,7.252243995666504,7.280573272530355,7.053940408455282,7.19558589221738,6500
2001-04-27,7.308902263641357,7.393889645867426,7.223915331693879,7.393889645867426,3367
2001-04-30,8.073787689208984,8.187103897059282,7.223915229774578,7.393889541550026,10467
2001-05-01,8.640368461608887,8.923659422763977,7.875483857102993,8.130445091752577,15200
2001-05-02,8.838671684265137,9.320266208552422,8.640368109591378,8.838671684265137,25000
2001-05-03,8.215433120727539,8.867002473037152,7.648852054107453,8.867002473037152,14300
2001-05-04,8.498723030090332,8.83867162709339,8.357078006478332,8.81034280248241,12233
2001-05-07,8.385407447814941,8.668698416431377,8.357078621120447,8.668698416431377,3133
2001-05-08,8.272090911865234,8.470394491963274,8.158774709031658,8.470394491963274,5567
2001-05-09,8.158774375915527,8.272090574122496,7.733837506943034,8.158774375915527,6167
2001-05-10,8.215433120727539,8.442065547375574,8.07378807921182,8.35707906280047,6767
2001-05-11,8.24376106262207,8.498723190607716,8.158774587183968,8.24376106262207,8100
2001-05-14,8.215433120727539,8.35707906280047,7.93214213713889,8.35707906280047,7033
2001-05-15,8.187103271484375,8.24376092080174,7.875483498567566,8.158774446825692,9133
2001-05-16,8.017128944396973,8.187103702409832,7.818825360234352,7.818825360234352,9233
2001-05-17,8.697026252746582,8.78201362370924,8.017128185602386,8.073786733096512,12500
2001-05-18,8.527052879333496,8.697027648538171,8.442065494731159,8.612040263935834,7033
2001-05-21,8.527052879333496,8.782015033140508,8.442065494731159,8.612040263935834,5000
2001-05-22,8.498723030090332,8.753685153260449,8.357078006478332,8.753685153260449,4167
2001-05-23,7.988799571990967,8.555381459587466,7.988799571990967,8.498722910604982,4700
2001-05-24,8.357078552246094,8.357078552246094,8.073787585964384,8.30041999876689,9067
2001-05-25,8.300419807434082,8.782014348956048,8.300419807434082,8.527052215012489,6300
2001-05-29,8.442065238952637,8.498723793823284,8.328749029768522,8.498723793823284,2833
2001-05-30,8.300419807434082,8.413736011223286,8.300419807434082,8.385407185415268,2700
2001-05-31,8.215433120727539,8.498724104316187,8.215433120727539,8.300420505859854,2800
2001-06-01,8.272090911865234,8.385407114698811,8.073787331767193,8.215432360169881,7933
2001-06-04,7.875483512878418,8.357078035736647,7.818824962900997,8.357078035736647,11700
2001-06-05,7.903812408447266,8.017128608860903,7.818825032997761,7.960470958932638,5167
2001-06-06,8.32874870300293,8.32874870300293,7.932141536140206,7.932141536140206,4600
2001-06-07,8.215433120727539,8.300420505859854,8.130445735595224,8.130445735595224,4533
2001-06-08,8.498723030090332,8.498723030090332,8.243760906920215,8.300419456699274,5533
2001-06-11,8.782013893127441,8.810342717465057,8.498722948080022,8.498722948080022,4600
2001-06-12,8.640368461608887,8.810343218413369,8.49872343130991,8.725355840011128,5133
2001-06-13,8.55538272857666,8.640369213820499,8.498724171190215,8.640369213820499,9733
2001-06-14,8.102116584777832,8.49872376589763,7.79049678540616,8.49872376589763,4000
2001-06-15,8.158774375915527,8.357077947916995,8.130444650945968,8.243760849152936,4500
2001-06-18,7.932141304016113,8.385407010262325,7.875483653583534,8.187103432634068,2667
2001-06-19,8.073787689208984,8.158775070236,7.932141753978236,7.932141753978236,4933
2001-06-20,7.8188252449035645,8.073787378162061,7.8188252449035645,8.073787378162061,2300
2001-06-21,7.932141304016113,8.045458405995504,7.818825102593839,7.818825102593839,3367
2001-06-22,7.84715461730957,8.017128464592792,7.847154617309569,7.988799640138438,1733
2001-06-25,8.498723030090332,8.498723030090332,7.875483485306177,7.988799684307196,4467
2001-06-26,8.215433120727539,8.498724104316187,7.903813308947189,7.903813308947189,2500
2001-06-27,8.130444526672363,8.328748095642766,8.130444526672363,8.243760723147297,3267
2001-06-28,8.017128944396973,8.130445149553164,7.875483913091021,8.073787497253642,4233
2001-06-29,7.84715461730957,7.90381226621828,7.705508693923609,7.818824892298123,4300
2001-07-02,7.8188252449035645,7.875483796924497,7.762167593439765,7.847154971192597,3367
2001-07-03,7.932141304016113,8.045458405995504,7.733837726387854,7.818825102593839,4500
2001-07-05,7.8188252449035645,8.017128826141128,7.762167593439765,8.017128826141128,5000
2001-07-06,7.677180290222168,7.733837942236038,7.648851464215233,7.677180290222168,2200
2001-07-09,7.988799571990967,8.10211576939885,7.7621671771752005,7.7621671771752005,4433
2001-07-10,7.84715461730957,7.988799640138438,7.847154617309569,7.988799640138438,3033
2001-07-11,7.365560531616211,7.818825351749076,7.280573152702012,7.818825351749076,8533
2001-07-12,7.4222187995910645,7.478876903370711,7.365560695811418,7.393889522561949,2767
2001-07-13,7.308902263641357,7.563864410319563,7.280573436418395,7.422218923368979,6200
2001-07-16,7.110598564147949,7.3372309652580805,6.968953088314841,7.3372309652580805,5033
2001-07-17,6.82730770111084,7.082269380808815,6.572346021412865,7.082269380808815,4133
2001-07-18,6.798978805541992,6.798978805541992,6.742320701361644,6.742320701361644,400
2001-07-19,6.742320537567139,6.770649814108388,6.742320537567139,6.742320537567139,3433
2001-07-20,6.600674629211426,6.77064937692648,6.600674629211426,6.77064937692648,1433
2001-07-23,6.600674629211426,6.685662003068953,6.600674629211426,6.600674629211426,3133
2001-07-24,6.515687942504883,6.629004144915405,6.515687942504883,6.600674869173493,3533
2001-07-25,6.430700778961182,6.742320571070533,6.430700778961182,6.515688158728669,7900
2001-07-26,6.515687942504883,6.629004144915405,6.260726261941928,6.629004144915405,6967
2001-07-27,6.374042987823486,6.459030371750285,6.374042987823486,6.374042987823486,3267
2001-07-30,6.515687942504883,6.600674869173493,5.949106480173711,6.317384363147188,1900
2001-07-31,6.175739288330078,6.5156883680421585,6.09075190583241,6.487359090450072,8333
2001-08-01,6.289054870605469,6.487358443127132,5.8074608018232485,6.034093198831695,1867
2001-08-02,7.280572891235352,7.280572891235352,6.374042382968638,6.374042382968638,7367
2001-08-03,7.507205486297607,7.507205486297607,7.0256113946728265,7.223914976600256,4033
2001-08-06,7.167256832122803,7.705509022492503,6.94062397543143,7.365560412873292,8867
2001-08-07,7.082269668579102,7.365560635433697,7.082269668579102,7.365560635433697,2300
2001-08-08,6.855637073516846,7.167256858626054,6.713991593845779,7.0822694807677,6200
2001-08-09,6.713991165161133,6.855636635788215,6.4590294981438,6.855636635788215,1933
2001-08-10,6.5440168380737305,6.5723461141191315,6.345713256591626,6.5723461141191315,1700
2001-08-13,6.374042987823486,6.5156884776086175,6.374042987823486,6.5156884776086175,1600
2001-08-14,6.289054870605469,6.742320114900907,6.289054870605469,6.317384145370798,5167
2001-08-15,6.260726451873779,6.4307007606460775,6.260726451873779,6.374042657721978,2033
2001-08-16,7.025611400604248,7.053940226458615,6.289055174212156,6.289055174212156,5400
2001-08-17,7.082269668579102,7.648851602288293,6.289055321609097,6.940624185151804,14633
2001-08-20,7.082269668579102,7.620521875212822,6.629004391778896,7.082269668579102,3533
2001-08-21,7.365560531616211,7.365560531616211,6.6006750219455705,6.7423205033763765,11300
2001-08-22,7.223914623260498,7.592192492992946,7.167256524092318,7.195585348537135,1433
2001-08-23,6.968953609466553,7.280573409435786,6.657333809497319,7.167257200406717,1267
2001-08-24,6.883965492248535,7.025610963544383,6.374042155806313,6.968952865081752,2500
2001-08-27,6.798978805541992,6.940624291132155,6.544017111591132,6.883966186951807,1100
2001-08-28,6.7706499099731445,6.883966117185424,6.657333702760864,6.827308013579284,1267
2001-08-29,7.025611400604248,7.082269502591552,6.71399161453479,6.71399161453479,6433
2001-08-30,7.252243995666504,7.252243995666504,7.053940408455282,7.110598962182985,2767
2001-08-31,7.19558572769165,7.252243829845297,6.997282145014603,7.082269523384357,8233
2001-09-04,6.883965492248535,7.252243357394908,6.713991196860642,7.223914533302863,7833
2001-09-05,6.459029674530029,7.110598496985125,6.090751350786791,6.798978272984257,4600
2001-09-06,6.232397079467773,6.912295204662698,6.090751599195617,6.912295204662698,4333
2001-09-07,5.8924479484558105,6.090751528478704,5.722473644269857,6.034093427083387,7267
2001-09-10,5.949106216430664,6.090751238024955,5.779131470071848,5.779131470071848,4500
2001-09-17,5.410854339599609,5.524170552403707,4.957589038104614,5.524170552403707,7300
2001-09-18,5.240879535675049,5.665815519528242,4.957588579587211,5.09923405763113,3467
2001-09-19,5.155892372131348,5.410854063048674,4.957588784720251,5.184221198745172,13233
2001-09-20,4.872601509094238,5.155892482995406,4.589310985471661,5.155892482995406,13733
2001-09-21,4.844272613525391,5.155892410253004,4.5893109207229275,4.90093071745054,8467
2001-09-24,4.67429780960083,5.127563087220435,4.67429780960083,4.815943293284191,8700
2001-09-25,4.815943241119385,5.212550411025435,4.674297758970284,4.702627035511535,7033
2001-09-26,4.9575886726379395,5.070904877088521,4.532652680808972,4.8159431919354265,230100
2001-09-27,4.9575886726379395,5.4391832169707675,4.9292593963860085,5.0425760511151605,7500
2001-09-28,4.929259300231934,5.099234053870713,4.532652592391425,4.872601199111861,2900
2001-10-01,4.815943241119385,4.985917999809735,4.702627035511535,4.929259446727235,10567
2001-10-02,4.702627182006836,4.844272668568449,4.702627182006836,4.815943391144691,11300
2001-10-03,4.900930404663086,4.929259229678365,4.702626828441914,4.702626828441914,5533
2001-10-04,5.070904731750488,5.099234007190469,4.900930429946277,5.070904731750488,2400
2001-10-05,5.297537803649902,5.297537803649902,4.391007255957558,4.957588735695629,8033
2001-10-08,4.900930404663086,4.900930404663086,4.730956103735748,4.815943029060139,1133
2001-10-09,4.702627182006836,4.872601495713617,4.674297904583078,4.872601495713617,7967
2001-10-10,4.702627182006836,4.815943391144691,4.645969077437909,4.702627182006836,7667
2001-10-11,5.070904731750488,5.580828087441679,4.759284953303489,4.759284953303489,2867
2001-10-12,4.872601509094238,5.099234378270891,4.844272681871276,4.844272681871276,4000
2001-10-15,5.014246463775635,5.49584097822998,4.6742974212360116,4.8159428931507335,8967
2001-10-16,4.9575886726379395,5.2125503577910335,4.8442724681873575,4.8442724681873575,3733
2001-10-17,5.042576313018799,5.29753801141421,4.957588930127463,5.042576313018799,6167
2001-10-18,5.099234580993652,5.382525115878595,4.985918367039675,5.070905302365854,7633
2001-10-19,5.155892372131348,5.43918333994108,5.014246888226482,5.099234268625117,8833
2001-10-22,5.184220790863037,5.240879340190088,5.014246493717518,5.042575768381044,4033
2001-10-23,5.240879535675049,5.297537636836903,5.042575956469276,5.042575956469276,4533
2001-10-24,5.127562999725342,5.155892276090044,5.127562999725342,5.155892276090044,767
2001-10-25,4.872601509094238,5.127563205493853,4.872601509094238,5.099234378270891,1300
2001-10-26,5.099234580993652,5.18422151631983,4.985918367039675,4.985918367039675,4200
2001-10-29,4.900930404663086,5.18422090620865,4.6742975531480795,5.099233980884258,2200
2001-10-30,5.042576313018799,5.042576313018799,4.844272719791412,4.844272719791412,900
2001-10-31,4.985918045043945,5.184221181517479,4.8159432848115165,4.900930664927731,2333
2001-11-01,4.985918045043945,5.042576148361895,4.957588768245681,4.985918045043945,3900
2001-11-02,5.070904731750488,5.212550208393276,4.815943053904893,4.985917805987661,7500
2001-11-05,5.32586669921875,5.354195976199287,5.07090500750824,5.07090500750824,7533
2001-11-06,5.184220790863037,5.297537439238595,5.09923386742955,5.155891966478057,17033
2001-11-07,5.155892372131348,5.297537856036214,4.957588784720251,5.099234268625117,21967
2001-11-08,5.099234580993652,5.240880073575427,4.985918367039675,5.099234580993652,15767
2001-11-09,5.042576313018799,5.070905140463514,4.985918207850773,4.985918207850773,24600
2001-11-12,5.184220790863037,5.184220790863037,5.042575768381044,5.042575768381044,300
2001-11-13,5.099234580993652,5.240880073575427,5.070905302365854,5.070905302365854,3033
2001-11-14,5.184220790863037,5.240879340190088,5.042575768381044,5.09923386742955,5767
2001-11-15,5.212550163269043,5.240879438463781,5.042575862936273,5.240879438463781,7533
2001-11-16,5.184220790863037,5.240879340190088,5.127562691814531,5.184220790863037,2667
2001-11-19,5.240879535675049,5.32586646227855,5.070904781910921,5.155892158792986,3567
2001-11-20,5.070904731750488,5.382524510197487,5.070904731750488,5.2692083089946795,3000
2001-11-21,5.099234580993652,5.18422151631983,5.070905302365854,5.070905302365854,1267
2001-11-23,5.127562999725342,5.184221102176174,5.127562999725342,5.155892276090044,2800
2001-11-26,5.127562999725342,5.240879654905578,5.127562999725342,5.127562999725342,4833
2001-11-27,5.042576313018799,5.212550628522875,5.042576313018799,5.12756324563154,8533
2001-11-28,5.099234580993652,5.155892687970641,5.042576474016664,5.042576474016664,7333
2001-11-29,5.099234580993652,5.099234580993652,5.014247195388865,5.042576474016664,9300
2001-11-30,5.099234580993652,5.127563409342843,5.014247195388865,5.014247195388865,7767
2001-12-03,5.127562999725342,5.325866583442541,5.070904897274509,5.325866583442541,4167
2001-12-04,5.240879535675049,5.240879535675049,5.070904781910921,5.127562883072777,2333
2001-12-05,5.099234580993652,5.212550794947629,5.042576474016664,5.212550794947629,8333
2001-12-06,5.099234580993652,5.155892687970641,5.070905302365854,5.127563409342843,10867
2001-12-07,5.212550163269043,5.32586636349089,5.099233963047197,5.099233963047197,10233
2001-12-10,5.212550163269043,5.32586636349089,5.070904687852458,5.184220888074305,4467
2001-12-11,5.184220790863037,5.269208164575069,5.184220790863037,5.212550065526563,2933
2001-12-12,5.212550163269043,5.32586636349089,5.127562787963381,5.184220888074305,4933
2001-12-13,5.184220790863037,5.269208164575069,5.184220790863037,5.184220790863037,2700
2001-12-14,5.099234580993652,5.240880073575427,5.099234580993652,5.18422151631983,2400
2001-12-17,5.184220790863037,5.325866263623575,5.09923386742955,5.155891966478057,6833
2001-12-18,5.32586669921875,5.382524802901243,5.155892388171271,5.155892388171271,4267
2001-12-19,5.637486457824707,5.637486457824707,5.184221181043933,5.325866664465158,11267
2001-12-20,5.7791314125061035,5.949106157171808,5.467511647657029,5.524169745786085,14867
2001-12-21,6.430700778961182,6.487358882046648,5.694144988571547,5.807461194742478,13733
2001-12-24,5.97743558883667,6.600675181901018,5.97743558883667,6.232397281479229,2533
2001-12-26,5.665815353393555,6.175738699176691,5.609157253893045,6.062422500175671,42667
2001-12-27,5.524169921875,5.949106346806032,5.410853722004813,5.665815396852011,29000
2001-12-28,5.552499294281006,5.722473597064831,5.4391830924251225,5.467511917749813,21067
2001-12-31,5.382524490356445,5.722473542990306,5.240879464514346,5.5524992418126535,33700
2002-01-02,5.609157562255859,5.609157562255859,5.3825247015161555,5.410853977963083,2867
2002-01-03,5.864119529724121,5.864119529724121,5.609157830617794,5.609157830617794,2300
2002-01-04,5.835789680480957,6.175738729427761,5.779131580702915,5.949106330315592,7600
2002-01-07,5.665815353393555,5.949106301174652,5.552499154392535,5.835789651895084,11133
2002-01-08,5.722473621368408,6.090751504103401,5.665815520199837,5.665815520199837,15267
2002-01-09,5.722473621368408,6.232396982164109,5.467511940970558,5.665815520199837,17033
2002-01-10,5.552499294281006,5.750802872668082,5.552499294281006,5.665815496136889,1367
2002-01-11,5.637486457824707,5.7224738379331574,5.552499527994835,5.6658157346203835,3433
2002-01-14,5.6941447257995605,5.8074609267412045,5.6091573499540495,5.6091573499540495,1600
2002-01-15,5.6941447257995605,6.062422603999182,5.6941447257995605,6.034093328624492,933
2002-01-16,5.807461261749268,6.119081057454104,5.750803158010077,5.779131984740381,4633
2002-01-17,5.864119529724121,6.1757393341564555,5.864119529724121,6.062423123504442,2200
2002-01-18,6.175739288330078,6.317384775733328,5.9491068687077515,6.1190811834244965,9167
2002-01-22,6.034093856811523,6.232397450956941,5.835790262666106,6.175739345526622,10667
2002-01-23,6.034093856811523,6.175739345526622,5.864119540520564,5.977435751381203,2700
2002-01-24,5.97743558883667,5.97743558883667,5.892448207862956,5.920777484947055,1100
2002-01-25,6.5440168380737305,6.912295175271105,5.949106543905986,5.949106543905986,21067
2002-01-28,6.515687942504883,6.5723460437101435,6.402371740094361,6.544016767968232,1300
2002-01-29,5.97743558883667,6.3740427663425585,5.949106762031154,6.3740427663425585,4067
2002-01-30,6.232397079467773,6.289055181520922,5.949106569202029,6.289055181520922,7067
2002-01-31,6.232397079467773,6.657333520284244,6.090751599195617,6.204068253580484,6367
2002-02-01,6.374042987823486,6.459030371750285,6.090752008253225,6.147410564390157,1433
2002-02-04,6.034093856811523,6.487359150532679,5.892448368096426,6.260726728811399,7500
2002-02-05,5.8924479484558105,6.940623949965598,5.835789847060493,6.034093427083387,23067
2002-02-06,5.609157562255859,5.977435454394483,5.5808282858089315,5.977435454394483,15767
2002-02-07,5.439183235168457,5.637486368481146,5.439183235168457,5.637486368481146,23267
2002-02-08,5.467512130737305,5.609157613714253,5.240879718197049,5.524170233872368,22933
2002-02-11,5.665815353393555,5.665815353393555,5.410853680501987,5.524169879503006,1333
2002-02-12,5.97743558883667,6.119081073699999,5.580828411330782,5.580828411330782,5600
2002-02-13,5.949106216430664,6.090751238024955,5.9207769419446805,6.090751238024955,2767
2002-02-14,5.920777320861816,6.062422801799659,5.750803013903549,5.807461116222971,10400
2002-02-15,5.835789680480957,6.062422529871677,5.66581538114683,6.062422529871677,7100
2002-02-19,5.495841026306152,5.864118896283192,5.099233881586934,5.750802697871571,22167
2002-02-20,5.609157562255859,5.977435454394483,5.439183254410011,5.6658156648711415,6633
2002-02-21,5.864119529724121,6.14741050663275,5.807461424398115,5.892448357247827,15733
2002-02-22,5.949106216430664,6.00576431512409,5.835789568765272,5.892447667458697,3767
2002-02-25,6.232397079467773,6.289055181520922,5.949106569202029,5.949106569202029,9067
2002-02-26,6.119080543518066,6.402371488699249,6.119080543518066,6.345712939440177,6400
2002-02-27,6.232397079467773,6.515688040012087,6.119080875361476,6.119080875361476,6967
2002-02-28,6.345713138580322,6.487358615616009,6.2607262125817575,6.2607262125817575,4933
2002-03-01,6.459029674530029,6.657333248767604,6.402371574787658,6.430700399519568,3633
2002-03-04,6.515687942504883,6.798978448531188,6.459029841299622,6.600674869173493,8000
2002-03-05,6.572346210479736,6.713991692226344,6.515688107836808,6.713991692226344,2767
2002-03-06,6.600674629211426,6.600674629211426,6.147409836047405,6.544016530065924,5167
2002-03-07,6.515687942504883,6.6573334206573165,6.515687942504883,6.600674869173493,3633
2002-03-08,6.798978805541992,6.798978805541992,6.402372076279554,6.402372076279554,3633
2002-03-11,6.6573333740234375,6.912295052800415,6.515687896863215,6.600674822936501,3400
2002-03-12,6.7706499099731445,6.7706499099731445,5.807461248111603,5.835790074775383,4933
2002-03-13,6.798978805541992,6.940624291132155,6.2323973134599235,6.6006752157714805,11167
2002-03-14,8.130444526672363,8.413735468138235,6.827307366653551,6.827307366653551,45667
2002-03-15,8.782013893127441,9.34859488266519,7.96047078287989,7.96047078287989,51167
2002-03-18,10.340112686157227,10.765048651234933,9.206949812430985,9.348594833937858,123867
2002-03-19,11.218315124511719,11.954870908788966,10.340113408278404,10.736720576863956,104200
2002-03-20,10.821708679199219,11.416619471838636,10.340114099363898,11.359960915157984,34067
2002-03-21,11.33163070678711,11.699909028958245,10.340112839831818,10.736719986613934,12467
2002-03-22,11.218315124511719,11.728238498327835,10.651733197801745,11.728238498327835,17133
2002-03-25,10.623404502868652,11.246644089614469,10.39677208960784,11.246644089614469,12267
2002-03-26,13.399654388427734,13.569629155904213,10.595076128409007,10.70839233987426,38333
2002-03-27,14.47615909576416,15.580993233453626,13.314667305174142,13.682944750699194,86767
2002-03-28,14.164539337158203,15.35436085761321,14.164539337158203,14.98608251064652,55867
2002-04-01,13.626286506652832,13.881247734758706,12.323148839230823,13.456311754210839,23667
2002-04-02,12.323148727416992,13.739602583429127,11.67157944933943,13.739602583429127,26267
2002-04-03,11.558262825012207,12.379805923301316,11.020010667646911,11.926541138268874,25800
2002-04-04,12.606440544128418,13.144692758184293,10.680063203733678,10.708392030642626,24100
2002-04-05,14.164539337158203,14.447830304012799,12.606440370293663,12.606440370293663,26800
2002-04-08,12.946389198303223,14.022894529433072,11.898213594704254,13.796261211971881,17633
2002-04-09,12.379806518554688,13.42798296031615,12.15317411514139,12.889729876513169,13633
2002-04-10,12.578109741210938,12.889729512236825,12.15317377168083,12.521452092237373,9233
2002-04-11,12.039857864379883,12.634768596333743,11.898212837962966,12.1815028907968,7300
2002-04-12,11.784895896911621,11.926541825817761,11.444947288539714,11.898213000259384,17100
2002-04-15,11.501605987548828,11.898213152675142,11.47327626107042,11.529934813470097,10233
2002-04-16,12.408137321472168,12.97471837918678,11.558264384064454,11.558264384064454,11333
2002-04-17,12.748085975646973,13.003048127427368,11.813226553566588,12.719757147857106,5233
2002-04-18,13.541299819946289,13.541299819946289,12.521453054478608,12.776414295566946,13033
2002-04-19,13.45631217956543,13.76793196852132,12.776414048862966,12.776414048862966,13967
2002-04-22,12.464794158935547,13.824590409325396,12.039858168397647,13.25800848823677,5367
2002-04-23,12.464794158935547,12.74808511947986,12.294820303054669,12.521452711267266,1400
2002-04-24,11.869884490966797,12.493124120484305,11.473277290263432,12.408137635096915,9767
2002-04-25,11.614922523498535,11.75656755770722,11.473276588732686,11.614922523498535,2667
2002-04-26,10.73672103881836,11.728239002942944,10.05682287762476,11.614922792836875,32867
2002-04-29,9.461912155151367,10.623403880483483,9.036975279486343,10.481758855633213,25000
2002-04-30,10.056822776794434,10.48175968612823,9.235279586344388,9.263609314004759,6600
2002-05-01,10.22679615020752,10.22679615020752,9.49024044175808,9.915176392765177,5133
2002-05-02,10.311784744262695,10.34011357087652,9.716873982029405,9.716873982029405,3067
2002-05-03,9.943506240844727,10.453429614719914,9.91517741467309,10.453429614719914,2000
2002-05-06,10.056822776794434,10.45342995846786,10.056822776794434,10.198468713424758,6567
2002-05-07,10.425100326538086,10.481758876927563,10.056822000399254,10.453429151454271,4400
2002-05-08,11.161656379699707,11.189986105938095,10.396771782405848,10.396771782405848,10400
2002-05-09,10.906694412231445,11.3316303710338,10.396771081557208,10.481758453429093,3167
2002-05-10,10.93502426147461,11.388289987112275,10.906695435046366,10.906695435046366,9700
2002-05-13,10.793378829956055,11.586593145094481,10.481759049088406,11.246643638288228,5133
2002-05-14,10.198469161987305,11.133328602525527,10.198469161987305,11.133328602525527,4600
2002-05-15,10.056822776794434,11.104999285741563,9.376925522974712,10.340113749497906,9733
2002-05-16,10.566744804382324,10.96335193489548,9.631885525554342,9.773531443913075,11333
2002-05-17,11.189986228942871,11.189986228942871,10.765049336267284,10.963352919330179,2633
2002-05-20,11.473276138305664,11.473276138305664,11.048340151804922,11.303302284039644,5900
2002-05-21,11.699909210205078,12.039857812474382,11.189985856522565,11.614921834498473,12200
2002-05-22,11.33163070678711,11.756566678180207,10.906694735394012,11.728237853569226,4067
2002-05-23,11.529934883117676,11.614922261951993,10.765049374165958,11.558263709210067,4367
2002-05-24,11.444947242736816,11.756567024303237,11.331631040399675,11.558263445073958,5200
2002-05-28,10.93502426147461,11.473276466397005,10.93502426147461,11.444947639968762,3800
2002-05-29,11.189986228942871,11.189986228942871,10.765049336267284,10.90669526734486,5333
2002-05-30,11.04833984375,11.558263193444397,10.793378619181354,10.850036268837895,3833
2002-05-31,11.13332748413086,11.416618440836512,11.13332748413086,11.161656309634287,1500
2002-06-03,11.161656379699707,11.614922093385475,10.765049217933583,11.416618512502414,2433
2002-06-04,10.425100326538086,11.331630828869969,10.425100326538086,11.218314628648121,6433
2002-06-05,11.04833984375,11.614921743658043,9.94350576931929,10.481758844399062,7000
2002-06-06,10.22679615020752,10.283454697268423,10.170138503703669,10.255124973459445,1267
2002-06-07,10.056822776794434,10.283456095291518,9.94350656782448,10.02849394969124,2800
2002-06-10,10.368441581726074,10.368441581726074,9.20694987581388,10.1984677348591,4233
2002-06-11,9.97183609008789,10.396772090111803,9.348595602754706,10.396772090111803,2833
2002-06-12,9.178621292114258,9.631886096387992,8.810342963224013,9.348595143438352,3600
2002-06-13,9.206951141357422,9.745203381443087,8.697027729550685,9.036976370569437,4600
2002-06-14,9.065305709838867,9.206950745703747,8.86700211929373,9.206950745703747,3833
2002-06-17,8.782013893127441,9.065304838174859,8.385406750172473,8.810342717465057,13567
2002-06-18,8.782013893127441,8.782013893127441,8.30041937660254,8.640367970325187,4333
2002-06-19,8.498723030090332,8.498723030090332,8.300419456699274,8.470394205479352,2033
2002-06-20,8.300419807434082,8.498723389204471,8.300419807434082,8.35707835960725,2033
2002-06-21,8.498723030090332,8.498723030090332,8.102115883308215,8.243760906920215,2333
2002-06-24,7.932141304016113,8.498723211684599,7.7904962773775495,8.385407010262325,7533
2002-06-25,7.932141304016113,8.725355614529148,7.932141304016113,7.960471029789519,4700
2002-06-26,7.932141304016113,9.150291595001955,7.76216745216126,8.498723211684599,3900
2002-06-27,8.215433120727539,8.328749334051556,7.93214213713889,8.215433120727539,9600
2002-06-28,8.158774375915527,8.215432024740466,7.847154605707092,8.130444650945968,5000
2002-07-01,7.939548015594482,8.413551374160841,7.554420816498803,8.413551374160841,11333
2002-07-02,7.554420471191406,7.850671968154497,7.554420471191406,7.850671968154497,7933
2002-07-03,7.672921180725098,7.702546566288771,7.435919979733827,7.435919979733827,2967
2002-07-05,7.7025465965271,7.7025465965271,7.258168636604653,7.672921210847123,4433
2002-07-08,7.28779411315918,7.702546692573374,6.991542136183459,7.554420704085514,6467
2002-07-09,6.843416213989258,7.228543881964417,6.813791298532425,7.228543881964417,10133
2002-07-10,6.961917400360107,7.110042921784304,6.90266662673497,7.021167703105696,3400
2002-07-11,6.813791275024414,7.050792481379574,6.695290671846833,6.991542179790784,10333
2002-07-12,6.9322919845581055,6.991542287055921,6.695290774566842,6.813791379562473,10567
2002-07-15,6.813791275024414,6.813791275024414,6.665665285612669,6.784165888790249,9633
2002-07-16,6.9322919845581055,7.110042892051553,6.695290774566842,6.695290774566842,6733
2002-07-17,6.784165859222412,6.991542149319127,6.784165859222412,6.932291847988571,5533
2002-07-18,6.724915504455566,6.84341610617507,6.695290589465457,6.784165805315318,2700
2002-07-19,6.784165859222412,6.784165859222412,6.6656652565613,6.7249155578918565,2800
2002-07-22,6.665665149688721,6.843416050830456,6.665665149688721,6.695290535318775,5267
2002-07-23,6.665665149688721,6.784165750449878,6.487914248546986,6.695290535318775,5600
2002-07-24,6.695290565490723,6.8137911667858955,6.6656651797271635,6.6656651797271635,6733
2002-07-25,6.724915504455566,6.784165805315318,6.665665203595814,6.695290589465457,8467
2002-07-26,6.87304162979126,6.87304162979126,6.665665337186214,6.695290723649596,7967
2002-07-29,7.791421890258789,8.058048480545073,6.873041517245928,6.873041517245928,7367
2002-07-30,8.295049667358398,8.295049667358398,7.9395478616461475,7.9395478616461475,5400
2002-07-31,8.295049667358398,8.857928703601631,7.998798633477724,8.295049667358398,8867
2002-08-01,7.939548015594482,8.295049828199936,7.939548015594482,8.028423704185618,3800
2002-08-02,8.295049667358398,8.383925354226228,7.850672174778318,7.850672174778318,6600
2002-08-05,7.435920238494873,8.265424941709613,7.435920238494873,8.265424941709613,2400
2002-08-06,7.080418109893799,7.554421009703245,6.991542419029666,7.050792722645903,10200
2002-08-07,7.110043048858643,7.554421033712031,6.813791529835941,7.110043048858643,2767
2002-08-08,7.258169174194336,7.524795781544183,7.110043176582296,7.13966856445653,3933
2002-08-09,7.554420471191406,7.554420471191406,7.050792220034869,7.258168503348793,15367
2002-08-12,6.961917400360107,7.5544208986955415,6.961917400360107,7.5544208986955415,1367
2002-08-13,7.110043048858643,7.376669651418853,7.080418132396151,7.080418132396151,1367
2002-08-14,7.110043048858643,7.110043048858643,6.96191752478707,7.080418132396151,967
2002-08-15,7.169293403625488,7.169293403625488,6.84341604546835,7.110042632411805,6400
2002-08-16,7.169293403625488,7.406294604962101,7.110042632411805,7.110042632411805,4200
2002-08-19,7.110043048858643,7.317419347614312,7.110043048858643,7.139668436200691,2000
2002-08-20,7.050792217254639,7.228543586241925,7.050792217254639,7.110042516623894,1900
2002-08-21,7.1396684646606445,7.1396684646606445,6.961917552538478,7.1396684646606445,2533
2002-08-22,7.050792217254639,7.110042516623894,6.961917003640518,6.961917003640518,5200
2002-08-23,6.87304162979126,7.050792535932923,6.87304162979126,7.050792535932923,2100
2002-08-26,6.9322919845581055,7.110042892051553,6.8434162953716084,7.110042892051553,633
2002-08-27,6.9026665687561035,7.110042862063583,6.665665359764438,6.8434162665081875,5267
2002-08-28,6.636040210723877,6.665665598347986,6.57678990635522,6.665665598347986,667
2002-08-29,6.5175395011901855,6.606415191808454,6.250912900214937,6.576789804642512,4100
2002-08-30,6.428663730621338,6.428663730621338,6.250912364615154,6.3990383459938025,5733
2002-09-03,6.339788436889648,6.369413352456679,6.013911540375057,6.339788436889648,8833
2002-09-04,6.221287727355957,6.517539232399862,6.073161739394237,6.25091264242058,2900
2002-09-05,6.013911724090576,6.280538326736586,5.954661420266969,6.162037248209815,2467
2002-09-06,6.487914562225342,6.6064151687157775,5.954661362138826,5.954661362138826,6767
2002-09-09,6.606415271759033,6.606415271759033,5.954661455016382,6.1324123675244975,8300
2002-09-10,6.369413375854492,6.369413375854492,5.925035873680288,6.013911562466947,6667
2002-09-11,6.5175395011901855,6.5175395011901855,6.102786906144342,6.3694135071195905,6133
2002-09-12,6.221287727355957,6.576789533408643,6.1620369554676415,6.280538028364738,3167
2002-09-13,6.724915504455566,6.724915504455566,6.162036939968621,6.162036939968621,2667
2002-09-16,6.547164440155029,6.9322916216701715,6.547164440155029,6.873041322273959,1500
2002-09-17,6.636040210723877,7.080418199808146,6.36941360562514,6.695290985972096,1333
2002-09-18,6.45828914642334,6.636040055367996,6.043536554672924,6.636040055367996,3433
2002-09-19,6.45828914642334,6.991542344136859,6.45828914642334,6.961917428085859,7367
2002-09-20,6.665665149688721,6.754540835699354,6.250912576145143,6.3990385625363535,3067
2002-09-23,6.5175395011901855,6.873041792783702,6.22128798392855,6.843416405617762,3567
2002-09-24,6.5175395011901855,6.547164888356126,6.250912900214937,6.547164888356126,2333
2002-09-25,6.369413375854492,6.7249156601215825,6.280538157947379,6.280538157947379,1800
2002-09-26,6.369413375854492,6.606415055659067,6.369413375854492,6.369413375854492,2667
2002-09-27,6.399038791656494,6.606415085853474,6.369413404965691,6.606415085853474,300
2002-09-30,6.221287727355957,6.54716461834402,6.073161739394237,6.25091264242058,2433
2002-10-01,6.073161602020264,6.45828878530559,6.0139113023517154,6.073161602020264,1767
2002-10-02,5.984286308288574,6.102786915372414,5.984286308288574,6.102786915372414,3233
2002-10-03,6.04353666305542,6.369413570737885,5.984286359011295,6.369413570737885,1233
2002-10-04,6.04353666305542,6.221288046067353,6.04353666305542,6.073162050517261,1300
2002-10-07,6.073161602020264,6.221287586631396,5.92503561740913,6.043536216746227,5867
2002-10-08,5.806535243988037,5.925035847935661,5.4806583476923025,5.77690985756136,12633
2002-10-09,5.9250359535217285,6.45828915166832,5.658409354448433,5.8361602635374465,3933
2002-10-10,5.658409595489502,5.8657859003670945,5.658409595489502,5.717659901043161,1333
2002-10-11,5.865785598754883,5.925035901261957,5.480658397019129,5.6287839178470405,2833
2002-10-14,5.599158763885498,5.747284749292747,5.480658163911509,5.747284749292747,1800
2002-10-15,5.9250359535217285,5.9250359535217285,5.599159051418762,5.599159051418762,11233
2002-10-16,5.9250359535217285,6.102786862610742,5.8361602635374465,5.8361602635374465,3000
2002-10-17,6.843416213989258,6.843416213989258,6.22128780972081,6.22128780972081,6767
2002-10-18,6.5175395011901855,6.813791489331376,6.5175395011901855,6.695290882426721,3400
2002-10-21,7.406294822692871,7.406294822692871,6.073161848784063,6.073161848784063,7867
2002-10-22,6.636040210723877,7.22854419616957,6.636040210723877,6.961917591070833,1767
2002-10-23,6.636040210723877,6.665665598347986,5.628784094697586,6.636040210723877,4300
2002-10-24,6.339788436889648,6.813791323878021,6.310163050443075,6.813791323878021,900
2002-10-25,6.576789379119873,6.873041348093364,6.576789379119873,6.873041348093364,3733
2002-10-28,6.695290565490723,7.25816865708256,6.221287689430499,6.576789493316017,5133
2002-10-29,6.280538082122803,6.636039891218394,6.250912695925067,6.310162997440999,1100
2002-10-30,6.784165859222412,7.050792450649682,6.073161772376204,6.6656652565613,3567
2002-10-31,6.754540920257568,6.813791221379884,6.6360398471334,6.6360398471334,1000
2002-11-01,6.754540920257568,7.258168715237026,6.073161751031626,6.665665233134326,3733
2002-11-04,7.110043048858643,7.22854412734728,6.724915838689351,6.813791529835941,3000
2002-11-05,6.9026665687561035,7.4062948441827094,6.9026665687561035,7.110042862063583,2600
2002-11-06,6.724915504455566,6.932291792904465,6.665665203595814,6.932291792904465,2533
2002-11-07,6.813791275024414,6.813791275024414,6.813791275024414,6.813791275024414,1200
2002-11-08,6.813791275024414,6.813791275024414,6.5175392962009235,6.813791275024414,2400
2002-11-11,6.636040210723877,6.813791594709409,5.628784094697586,6.665665598347986,3367
2002-11-12,6.250912666320801,6.517539257319523,6.250912666320801,6.517539257319523,1500
2002-11-13,6.754540920257568,6.784165835378959,6.517539244888767,6.517539244888767,733
2002-11-14,6.5175395011901855,6.754541185879048,6.3694135071195905,6.754541185879048,1800
2002-11-15,6.665665149688721,6.8137911360799315,6.51753916329751,6.665665149688721,1500
2002-11-18,6.665665149688721,6.8137911360799315,6.369413176906299,6.8137911360799315,4567
2002-11-19,6.784165859222412,6.784165859222412,6.073161772376204,6.6656652565613,8733
2002-11-20,6.3101630210876465,6.784165905870916,6.280538105658434,6.6656653023949834,2600
2002-11-21,6.87304162979126,7.198918526490748,6.458289044581169,6.517539346628389,8067
2002-11-22,6.9322919845581055,6.961917371246787,6.576789698691663,6.961917371246787,8900
2002-11-25,7.317419052124023,7.317419052124023,6.961917243652572,7.02116754506448,9500
2002-11-26,6.9322919845581055,7.258168883735865,6.813791379562473,7.139668278740234,5800
2002-11-27,7.021167755126953,7.258168967865298,6.902666677878229,7.110042974464056,7933
2002-11-29,7.376669406890869,7.376669406890869,7.11004281316902,7.198918501369484,2000
2002-12-02,7.110043048858643,7.376669651418853,7.0507927450541015,7.317419347614312,7300
2002-12-03,7.080418109893799,7.258169020742508,6.813791508180957,6.813791508180957,17433
2002-12-04,6.843416213989258,7.110042807498462,6.754540996739217,7.080417892041629,6467
2002-12-05,6.813791275024414,6.873041576613204,6.695290671846833,6.873041576613204,4533
2002-12-06,7.110043048858643,7.110043048858643,6.7545412260314,6.784166142493891,1800
2002-12-09,6.843416213989258,7.050792505705254,6.665665308609635,7.050792505705254,3200
2002-12-10,6.754540920257568,6.843416136501275,6.695290619135252,6.724915534256643,8733
2002-12-11,6.784165859222412,6.961917234093618,6.754540943996903,6.784165859222412,3200
2002-12-12,6.695290565490723,6.754540866138309,6.6656651797271635,6.72491548037475,5267
2002-12-13,6.695290565490723,6.754540866138309,6.695290565490723,6.72491548037475,1767
2002-12-16,7.050792217254639,7.050792217254639,6.606414736545466,6.695290421039109,7700
2002-12-17,6.843416213989258,7.021167590248421,6.724915610402843,6.724915610402843,2367
2002-12-18,6.754540920257568,6.784165835378959,6.695290619135252,6.695290619135252,5367
2002-12-19,6.961917400360107,6.961917400360107,6.636040028940047,6.665665415752616,6733
2002-12-20,6.961917400360107,7.021167703105696,6.695290802565185,7.021167703105696,2267
2002-12-23,6.843416213989258,7.110042807498462,6.665665308609635,6.932291902118839,9500
2002-12-24,6.961917400360107,7.139668308596873,6.8434163239893815,6.87304171080195,700
2002-12-26,7.1396684646606445,7.258169072742089,6.991542469119059,7.228544156161508,4100
2002-12-27,7.198918342590332,7.2581686431239705,6.873041454215552,6.961917140455776,4600
2002-12-30,7.110043048858643,7.2581690438097715,6.96191752478707,7.198918740005231,3333
2002-12-31,7.28779411315918,7.376669329548267,6.961917221013609,6.961917221013609,5733
2003-01-02,7.317419052124023,7.376669353535932,7.198918449300206,7.347044438269747,4000
2003-01-03,7.406294822692871,7.406294822692871,6.991542237281343,7.3766694362151,5033
2003-01-06,7.228543758392334,7.465544961513624,7.228543758392334,7.465544961513624,5667
2003-01-07,7.376669406890869,7.702546773332723,7.258168803209945,7.435920179610873,9833
2003-01-08,7.524795055389404,7.702546423722387,7.376669072071758,7.376669072071758,1733
2003-01-09,7.465545177459717,7.613671169134937,7.406294874965538,7.584045782448074,3067
2003-01-10,7.61367130279541,7.61367130279541,7.406295004985453,7.435920392192399,3133
2003-01-13,7.672921180725098,7.850672081468551,7.406294594170154,7.406294594170154,15300
2003-01-14,9.480057716369629,10.04293581954939,7.732171692324351,7.821047380565172,30233
2003-01-15,10.250311851501465,10.36881245223015,8.976429216469267,8.976429216469267,21133
2003-01-16,10.279936790466309,10.931690566889328,10.279936790466309,10.635439535249091,12067
2003-01-17,9.657807350158691,10.60581304317641,9.27268065539959,10.22068634841731,8667
2003-01-21,9.272682189941406,10.16143726220657,9.154181576423328,9.361556943760593,5767
2003-01-22,9.035679817199707,9.183806287073278,8.709802901940645,9.183806287073278,7200
2003-01-23,8.798678398132324,8.887554089710893,8.502426406790137,8.887554089710893,5267
2003-01-24,8.887554168701172,9.243055996415933,8.7986784763327,8.7986784763327,3367
2003-01-27,9.183805465698242,9.272681151321754,8.443176007847724,9.243055294941211,4267
2003-01-28,10.13181209564209,10.220687789039516,9.124555492816778,9.124555492816778,24700
2003-01-29,10.161436080932617,10.19106099542843,9.391181711728134,10.042935481190316,11900
2003-01-30,11.55381965637207,11.55381965637207,9.687433976488638,9.687433976488638,24167
2003-01-31,10.279936790466309,11.405693912680016,9.924434987442588,11.405693912680016,8267
2003-02-03,11.701946258544922,11.701946258544922,10.487313411474515,10.665064789523623,13100
2003-02-04,10.665064811706543,11.820446887910698,10.457688517470949,11.701946282884515,5300
2003-02-05,10.90206527709961,11.287192923448105,10.724313910821992,10.842814507754062,2633
2003-02-06,9.835559844970703,10.961317029417877,9.805934928520784,10.961317029417877,9300
2003-02-07,9.805933952331543,10.161435739617401,9.776308097071789,10.161435739617401,2567
2003-02-10,10.072561264038086,10.842815699645934,9.746684351213261,9.746684351213261,2767
2003-02-11,10.368813514709473,10.516939045358802,10.220687984060142,10.516939045358802,833
2003-02-12,10.102185249328613,10.250311704433498,10.102185249328613,10.22068679011614,2767
2003-02-13,10.072561264038086,10.072561264038086,9.65780865830483,9.954060654079889,4800
2003-02-14,9.361556053161621,9.805934488778023,9.124554848672254,9.805934488778023,7167
2003-02-18,9.509682655334473,9.59855834379465,9.183805758819881,9.183805758819881,7867
2003-02-19,9.480057716369629,9.50968263186354,9.331931255381898,9.50968263186354,1500
2003-02-20,9.450431823730469,9.450431823730469,9.331931220439447,9.331931220439447,1433
2003-02-21,9.746684074401855,9.894810538962075,9.48005794500803,9.657808384017544,2433
2003-02-24,9.035679817199707,9.71705950674803,8.917179206356334,9.480058285061283,4667
2003-02-25,9.035679817199707,9.035679817199707,8.946805065386531,8.946805065386531,1467
2003-02-26,9.391181945800781,9.539307463730884,9.006054280719813,9.006054280719813,2900
2003-02-27,9.480057716369629,9.480057716369629,9.331931255381898,9.331931255381898,1200
2003-02-28,9.628183364868164,9.628183364868164,9.420807070108332,9.420807070108332,533
2003-03-03,9.420806884765625,9.568932403068848,9.391181969456795,9.391181969456795,3300
2003-03-04,9.06530475616455,9.509682237165764,9.035678900141171,9.509682237165764,12333
2003-03-05,9.006053924560547,9.331930804526692,8.828302556666635,9.035678838623186,7300
2003-03-06,8.680177688598633,9.006054592742407,8.29505001017458,8.91717890220154,9500
2003-03-07,8.354300498962402,8.472801101714321,7.850672230947442,8.472801101714321,12867
2003-03-10,8.235799789428711,8.443176076995588,7.850672129159066,8.324675475780095,2867
2003-03-11,7.969173431396484,8.028424208095858,7.7617975964669705,7.969173431396484,4267
2003-03-12,7.850672245025635,7.850672245025635,7.613671039096796,7.70254672675988,600
2003-03-13,7.672921180725098,7.761796866536589,7.584045494913607,7.761796866536589,6300
2003-03-14,7.524795055389404,7.732171337858205,7.524795055389404,7.613670739555896,1700
2003-03-17,7.554420471191406,7.939547652683185,7.4062944872701,7.524795086055336,4900
2003-03-18,8.295049667358398,8.383925354226228,7.672921271922193,7.702546657837981,5900
2003-03-19,7.998798847198486,8.413551435824132,7.821047468713469,8.235800057339114,3500
2003-03-20,7.761796951293945,8.087673370775688,7.5840455777299525,7.998798625752759,3533
2003-03-21,8.354300498962402,8.4135512712179,7.880297617075191,7.998798690706647,2333
2003-03-24,8.354300498962402,8.443176186466111,7.998798690706647,8.443176186466111,3200
2003-03-25,8.472801208496094,8.561676897119892,8.117299395759987,8.443176292874524,1800
2003-03-26,8.028424263000488,8.472801795127774,7.998799345327776,8.472801795127774,6033
2003-03-27,8.295049667358398,8.295049667358398,8.117299235381807,8.117299235381807,900
2003-03-28,8.324675559997559,8.443176162411875,8.087673413409854,8.443176162411875,2333
2003-03-31,8.324675559997559,8.38392539032518,8.14692418549655,8.38392539032518,900
2003-04-01,8.324675559997559,8.324675559997559,8.028423583082233,8.117299270332738,1233
2003-04-02,8.561676025390625,8.620925850601092,8.058047802306708,8.058047802306708,5500
2003-04-03,8.295049667358398,8.91717853367414,8.295049667358398,8.91717853367414,3500
2003-04-04,8.532052040100098,8.591301871750192,8.295049888222442,8.591301871750192,4433
2003-04-07,8.739428520202637,8.769053436657538,8.324675922797548,8.472801446831173,3100
2003-04-08,8.502426147460938,9.183805800941384,8.472801231758032,8.857928902932159,1567
2003-04-09,8.591301918029785,8.887553903153384,8.295049932906185,8.650552691758145,4100
2003-04-10,8.295049667358398,8.709802244902225,8.295049667358398,8.709802244902225,4300
2003-04-11,8.680177688598633,8.857929069680367,8.29505001017458,8.591301998057766,4733
2003-04-14,8.650552749633789,8.739428439941392,8.23580015603771,8.739428439941392,2567
2003-04-15,8.295049667358398,8.857928703601631,8.176549065454315,8.857928703601631,3767
2003-04-16,9.391181945800781,9.628183151192575,8.591301700404637,8.709802303100533,12700
2003-04-17,9.865184783935547,9.865184783935547,9.243055886512703,9.331931577824411,7633
2003-04-21,9.539307594299316,9.954060180291382,9.420806989981454,9.954060180291382,7767
2003-04-22,9.539307594299316,9.776308802935043,9.183805781345727,9.776308802935043,9967
2003-04-23,10.487313270568848,10.665064646229718,9.65780810649689,9.776308709684445,16833
2003-04-24,10.961316108703613,11.079816706308746,10.398437092880442,10.398437092880442,16767
2003-04-25,10.368813514709473,11.109443051474434,10.368813514709473,10.902066743509879,10067
2003-04-28,10.368813514709473,10.813191048416618,10.042936593873621,10.250312901838177,4467
2003-04-29,10.368813514709473,10.813191048416618,10.072561511651656,10.19106212452295,6600
2003-04-30,11.55381965637207,12.146323614856415,10.457688369111022,10.63543974500814,18233
2003-05-01,13.390581130981445,13.597957418687765,11.731570829330895,12.027822803448359,20800
2003-05-02,12.442575454711914,13.953459307634667,12.442575454711914,13.005453549735101,26833
2003-05-05,12.738826751708984,13.509082093353967,12.62032614724647,13.33133071578065,15600
2003-05-06,12.05744743347168,13.035078077379346,11.346442900739266,12.886952564699655,17267
2003-05-07,12.472200393676758,12.5907009959214,11.850071525573082,12.531450223919542,13200
2003-05-08,13.479455947875977,13.479455947875977,12.35369975865887,12.35369975865887,11567
2003-05-09,14.90146541595459,15.138466625562994,13.331330754220499,13.479456274785978,41900
2003-05-12,16.234600067138672,16.293849903037312,14.368213284666554,14.368213284666554,41667
2003-05-13,14.812589645385742,16.293848609924318,14.51633766412621,16.293848609924318,35600
2003-05-14,14.5459623336792,15.256966888323603,13.834958720793866,14.812589394830502,32833
2003-05-15,15.22734260559082,15.967972106089364,14.93109061703958,15.256967521918211,18833
2003-05-16,14.397836685180664,15.108841233343393,13.775707823258157,14.664463743901335,30900
2003-05-19,12.59070110321045,14.427461866292587,11.73157102329659,13.627582558885479,41400
2003-05-20,13.272080421447754,13.479456722177835,12.590701685768419,12.590701685768419,17067
2003-05-21,14.07196044921875,14.13121122337894,13.064703880809247,13.331330951891447,11933
2003-05-22,15.434718132019043,15.701344249158595,14.279336093643174,14.279336093643174,39633
2003-05-23,14.486712455749512,16.26422242386481,14.101584793719695,16.116096907108222,14867
2003-05-27,15.73097038269043,15.938345732027877,14.22008557251899,14.782964615071892,22567
2003-05-28,17.03447723388672,17.626981166551612,15.553218343983527,15.553218343983527,36433
2003-05-29,15.938346862792969,17.62698316849492,15.84947116862348,17.241854532587713,15300
2003-05-30,16.441974639892578,17.478857077356434,15.997598066852268,15.997598066852268,16067
2003-06-02,17.567731857299805,18.071358237248347,16.76785067699019,17.478856170598736,29733
2003-06-03,17.745481491088867,17.77510734806885,17.241853223538072,17.745481491088867,15867
2003-06-04,18.27873420715332,18.51573539417662,17.626980471959744,17.804731833106718,30467
2003-06-05,19.99699592590332,20.559874028380655,18.3676114493852,18.515736968429,43133
2003-06-06,20.64875030517578,21.83375825834532,19.996996495988,20.293247542521275,41900
2003-06-09,21.419004440307617,22.130008041508233,20.55987344077852,20.55987344077852,36900
2003-06-10,22.66326141357422,23.552016356877157,21.478253566824932,21.922631980235426,57867
2003-06-11,21.15237808227539,23.166889293982575,21.00425256257192,22.900264111923597,35867
2003-06-12,22.070758819580078,22.57438709060749,21.359753315297535,21.685630210254313,32667
2003-06-13,20.50062370300293,22.51513485714965,19.463741327669045,22.36700934167856,57800
2003-06-16,19.64149284362793,21.03387608959599,18.574986487492435,20.056245420098296,27400
2003-06-17,19.937746047973633,21.33012931403462,19.25636640175714,19.7007448413588,22300
2003-06-18,20.619123458862305,20.737625001906892,19.908119851149166,20.737625001906892,10167
2003-06-19,20.915376663208008,21.626380280728274,20.707999430899083,20.707999430899083,21433
2003-06-20,21.15237808227539,21.893007564310917,20.974626705223955,21.24125377080111,24633
2003-06-23,20.026620864868164,21.478253898566862,19.99699500901053,21.182002874062828,18867
2003-06-24,20.441375732421875,21.50788217772538,20.145122791020835,21.4486304593342,13567
2003-06-25,19.256366729736328,21.389379509117973,18.871239997867423,21.389379509117973,17167
2003-06-26,20.737627029418945,20.915378419605467,19.25636795588902,19.789622126448585,8700
2003-06-27,20.530250549316406,21.033876949495518,20.17474778823166,21.033876949495518,4100
2003-06-30,20.589500427246094,20.737625950186644,19.285992811740133,20.737625950186644,12033
2003-07-01,19.49336814880371,20.559874549897227,19.434118316386908,20.559874549897227,6033
2003-07-02,20.26362419128418,20.678376799299407,19.61187036204857,19.61187036204857,4900
2003-07-03,19.34524154663086,20.559873402754853,19.34524154663086,20.145120831942013,3733
2003-07-07,19.34524154663086,20.322872202792958,19.256365861205385,19.434117232056334,9133
2003-07-08,19.8488712310791,19.8488712310791,14.901465881652882,15.8494707497134,38067
2003-07-09,19.256366729736328,19.96737036169081,18.367611718913675,19.96737036169081,5167
2003-07-10,18.012107849121094,19.256365540860397,17.775106653101904,19.078614172966486,10467
2003-07-11,18.308361053466797,19.256365852905773,17.86398262653096,19.256365852905773,7733
2003-07-14,17.775108337402344,18.900864596045317,17.18260434945195,17.893609888399727,25667
2003-07-15,17.715856552124023,18.189858936862006,16.97522711965166,18.189858936862006,19800
2003-07-16,17.626981735229492,18.012108456303412,16.945602096506438,16.945602096506438,13100
2003-07-17,17.064104080200195,17.775107710555883,17.034478222616055,17.449230811203087,6233
2003-07-18,17.478857040405273,17.50848101510106,16.915977035448332,16.915977035448332,4467
2003-07-21,18.18985939025879,18.21948524636263,17.508479768015228,17.745480966291666,10467
2003-07-22,17.98248291015625,18.426861352548155,17.775107559385475,18.426861352548155,12600
2003-07-23,18.397235870361328,18.48611156065201,17.03447842510124,18.071358967134902,8900
2003-07-24,17.478857040405273,18.367612068125254,17.478857040405273,18.367612068125254,5367
2003-07-25,17.360355377197266,18.337986089628586,17.330729519177574,18.337986089628586,3633
2003-07-28,17.508480072021484,17.775107131031305,16.915976124283482,17.360354555966516,8900
2003-07-29,17.18260383605957,17.65660625885005,16.73822727101282,17.03447831437732,8167
2003-07-30,16.619726181030273,17.41960552694644,16.293849270951963,17.41960552694644,6333
2003-07-31,16.441974639892578,17.03447862079789,16.293849115545807,16.293849115545807,10667
2003-08-01,16.293848037719727,17.123353179412362,16.293848037719727,17.123353179412362,3967
2003-08-04,15.938346862792969,16.590100697690342,15.938346862792969,16.441975168580626,8433
2003-08-05,14.960715293884277,16.382724439463864,14.694089167687538,15.73097064013951,15767
2003-08-06,14.753338813781738,15.108841566583594,14.723713898301279,15.108841566583594,6533
2003-08-07,14.634838104248047,14.901465166920943,13.242454843869348,14.901465166920943,30467
2003-08-08,13.716458320617676,15.316217885804335,13.36095556718125,15.316217885804335,10300
2003-08-11,14.634838104248047,14.782964564097126,13.360955446693165,13.360955446693165,11033
2003-08-12,15.4050931930542,15.4050931930542,14.48671235840886,14.48671235840886,7533
2003-08-13,15.849470138549805,15.997597541550856,14.842214534196229,14.842214534196229,6133
2003-08-14,16.353099822998047,16.353099822998047,14.842215815187819,16.204974290730853,7933
2003-08-15,16.353099822998047,16.353099822998047,15.997598922260444,16.353099822998047,3467
2003-08-18,17.33072853088379,17.77510695824721,15.879095474026785,16.353097874202366,9833
2003-08-19,16.234600067138672,17.330730507095993,15.879097284710175,17.330730507095993,10133
2003-08-20,16.590099334716797,16.64935104830744,16.29384830083612,16.501223647848967,2667
2003-08-21,17.03447723388672,17.745480822973743,16.73822620931331,17.745480822973743,10467
2003-08-22,16.915977478027344,17.775108553529304,16.29384950740186,17.775108553529304,12700
2003-08-25,16.353099822998047,18.071360141037847,16.323475846655608,17.6566075205787,4167
2003-08-26,16.678974151611328,17.686230627896265,16.323473306201027,16.323473306201027,2267
2003-08-27,17.715856552124023,17.775106379336762,16.945601264286267,17.775106379336762,17367
2003-08-28,17.775108337402344,18.33798646672383,16.91597727234653,18.33798646672383,5833
2003-08-29,17.775108337402344,18.219486799244706,16.88635329723588,16.88635329723588,4000
2003-09-02,20.35249900817871,20.737625740636133,17.775107777688113,18.30836191510749,43933
2003-09-03,19.34524154663086,20.767250629920326,19.256365861205385,20.6191232318658,22733
2003-09-04,19.937746047973633,20.382122604057134,19.137864856690648,19.9969958787478,7500
2003-09-05,19.522993087768555,19.96736963525383,18.782363625108303,19.84886997599834,10867
2003-09-08,19.8488712310791,20.411749356929814,18.811988787679887,19.78962139770488,13833
2003-09-09,21.922632217407227,22.21888324054054,19.848869404919828,20.115496455850653,72367
2003-09-10,19.70074462890625,22.189258213284965,19.28599205092344,22.189258213284965,32767
2003-09-11,20.885751724243164,21.92263416433019,19.700745642952867,20.441375150078642,52700
2003-09-12,22.781763076782227,24.2037722415548,20.915377342936996,21.8930080551187,79933
2003-09-15,22.485511779785156,24.440773182326947,21.38937953130649,23.640893860108612,151700
2003-09-16,22.36701011657715,23.9667706362353,21.952257528778233,22.811388561903907,55400
2003-09-17,23.81864356994629,24.26302010291751,20.76725013276804,22.21888315410293,108700
2003-09-18,24.085269927978516,24.292647160439852,22.544761147126668,24.114895785049608,82333
2003-09-19,23.581642150878906,24.44077318868367,23.285391108059716,24.44077318868367,61600
2003-09-22,23.10763931274414,23.522391895331367,22.45588552346681,23.255764831485685,35533
2003-09-23,23.700143814086914,24.144522264008327,22.51513586997529,23.46314260196823,29600
2003-09-24,25.47765350341797,28.114294542546425,23.700143494721154,24.20377177000616,176267
2003-09-25,25.329526901245117,26.070156353816717,24.440771934862816,25.181401387434416,47767
2003-09-26,22.544761657714844,26.18865928518645,22.515135799972793,24.76665013337735,69233
2003-09-29,23.285390853881836,25.507279301326736,22.3670099942417,22.515135514034395,36467
2003-09-30,22.574386596679688,23.61126708971389,21.507880247109206,23.61126708971389,24167
2003-10-01,22.81138801574707,23.492767654428253,22.21888406400335,22.21888406400335,37300
2003-10-02,23.403892517089844,24.14452200328233,22.455885795334005,23.078015618505876,8700
2003-10-03,23.492769241333008,24.144523067220746,23.107640610749698,24.144523067220746,17900
2003-10-06,23.285390853881836,24.144521882308528,22.841012410985584,23.966770505150027,19467
2003-10-07,23.374265670776367,24.085269269377093,22.959513100713085,23.285389985511515,10433
2003-10-08,23.315017700195312,23.70014444469578,23.018764764525663,23.403893392544383,9233
2003-10-09,23.048389434814453,24.055645973826064,22.98913960414264,24.055645973826064,15500
2003-10-10,23.552017211914062,24.0852694438479,23.13726463884636,23.670516870780197,10833
2003-10-13,23.374265670776367,25.0332759510295,23.107638614981806,24.085269269377093,18600
2003-10-14,23.81864356994629,24.085268736321797,22.959512592573027,24.085268736321797,15567
2003-10-15,21.122753143310547,24.618525354597477,20.79687623238704,23.848269981724528,105267
2003-10-16,21.359752655029297,21.77450522520065,18.960114802807308,19.49336703101727,45133
2003-10-17,21.211627960205078,21.330129506339944,20.29324709909394,20.796875374010312,18167
2003-10-20,21.063501358032227,22.48551042100365,20.707998621409853,21.567129607074566,21967
2003-10-21,21.211627960205078,21.59675657250476,20.500624333950412,21.330129506339944,12433
2003-10-22,21.093128204345703,22.159634580772273,20.382122697715875,20.885750970405947,7433
2003-10-23,21.922632217407227,22.15963341261749,20.885749869404492,21.71525499439945,19633
2003-10-24,20.737627029418945,22.21888610294887,20.470999944139162,21.211629480904126,8700
2003-10-27,20.441375732421875,21.330130789588416,19.99699726207946,21.270880954715523,10900
2003-10-28,20.4117488861084,20.945001141212778,20.204371648804663,20.885751309205226,8200
2003-10-29,19.908119201660156,21.093127059373433,19.908119201660156,21.093127059373433,13833
2003-10-30,18.930490493774414,19.25636740529248,18.69348927480839,19.048992045016554,41933
2003-10-31,20.056245803833008,20.4413744144715,18.811988050615614,18.930489596239344,11167
2003-11-03,19.315614700317383,20.17474565422385,18.308360122984503,18.36760994905867,20933
2003-11-04,19.285993576049805,19.84887171564184,18.989740634909904,19.84887171564184,11867
2003-11-05,19.256366729736328,19.552617772171146,18.960115687301506,18.960115687301506,15600
2003-11-06,19.582244873046875,20.085873183974652,19.137866397664038,19.493369177970308,10867
2003-11-07,19.64149284362793,20.322872480011704,19.404491640433168,19.671118700346575,12933
2003-11-10,19.8488712310791,20.619124715498714,18.989740171320793,18.989740171320793,11567
2003-11-11,20.056245803833008,20.73762545325357,19.552617531088956,20.73762545325357,7400
2003-11-12,20.470996856689453,20.678374075136393,19.522992096697816,20.678374075136393,16533
2003-11-13,20.70800018310547,20.70800018310547,19.9969965397584,20.441374994049205,15867
2003-11-14,20.559873580932617,21.30050304355133,20.322872378916802,21.30050304355133,8400
2003-11-17,21.656005859375,22.130008264961557,20.737625021352216,22.130008264961557,23667
2003-11-18,23.10763931274414,23.640893440435498,21.774505877033906,22.15963448598372,16733
2003-11-19,23.285390853881836,24.588898441686602,22.515135514034395,23.374266542461086,31000
2003-11-20,23.315017700195312,23.907519804498104,23.107640456874734,23.315017700195312,7400
2003-11-21,23.137264251708984,23.937143527985054,22.574386172717748,23.078014423267298,11800
2003-11-24,21.685630798339844,23.58164238864701,21.507881300967043,23.25576548485288,20000
2003-11-25,23.25576400756836,23.25576400756836,21.300502709008384,22.01150818740699,6967
2003-11-26,23.403892517089844,23.700143558159564,22.396635963823698,23.61126786913501,19633
2003-11-28,23.344640731811523,23.640893655507927,22.90026417154418,23.640893655507927,5200
2003-12-01,23.99639320373535,24.381521794950917,22.8410111971248,23.463140984117135,36967
2003-12-02,27.84766960144043,29.328928582718788,23.28539111035508,23.99639474330214,245100
2003-12-03,27.13666343688965,31.37306492625954,26.6626610262452,30.039931498243654,285233
2003-12-04,28.558673858642578,29.032676290968357,26.75153793732209,27.432917610989296,84000
2003-12-05,30.425058364868164,31.75819179916809,27.40329062836831,28.825299750522777,158600
2003-12-08,29.625179290771484,30.750935501094986,29.121551016806187,30.632435838702076,90067
2003-12-09,28.23279571533203,30.75093517493138,27.81804313431963,30.336182593918977,55967
2003-12-10,26.662660598754883,28.647547780462144,25.388777021614565,27.69954109085477,51900
2003-12-11,27.99579429626465,28.114293956497924,25.98128123711758,26.07015692405161,37900
2003-12-12,28.5290470123291,29.062301142867447,27.403290803661264,28.143920284841297,26267
2003-12-15,28.351295471191406,29.477053556853814,27.55141616353724,28.85492374149756,41500
2003-12-16,26.958911895751953,28.795673580068826,26.36640982785967,28.795673580068826,34800
2003-12-17,25.1814022064209,27.403290636399213,24.885151169164388,27.403290636399213,36300
2003-12-18,24.6185245513916,25.922032152557286,24.203771961609956,25.566529394596394,68267
2003-12-19,25.62578010559082,25.77390562109635,24.085269470482576,24.588897730015873,37900
2003-12-22,29.59555435180664,29.625180210083286,24.796276438565545,25.833156992511167,112300
2003-12-23,30.06955909729004,30.573185510578213,28.588300065571676,29.654806493068165,71967
2003-12-24,28.677173614501953,30.958311825445204,27.403290038359774,30.15843253549437,118700
2003-12-26,29.625179290771484,30.03993187618301,28.67717445755552,29.180800848002644,62600
2003-12-29,35.4020881652832,36.40934472515295,30.247307585655186,30.83981155519728,504400
2003-12-30,34.80958557128906,36.261220558011466,34.3355831559797,35.52059107777127,221833
2003-12-31,34.15782928466797,36.14271448925111,33.53569951193281,35.52058848355201,86733
2004-01-02,37.475852966308594,37.772104009050736,33.98008086765673,34.42445931528814,243900
2004-01-05,43.66751480102539,45.859775472868435,40.58649349042841,42.95650930365127,698367
2004-01-06,42.571380615234375,44.4377661925977,40.64574332681459,44.40814222058753,234533
2004-01-07,46.51152801513672,47.10403383614762,41.77150028223046,41.83075199444241,524500
2004-01-08,49.770301818847656,49.859177505800595,45.91902707360201,47.40028601146014,344767
2004-01-09,55.043582916259766,57.02846820404756,47.07440649116369,48.91116814773414,797833
2004-01-12,52.73282241821289,61.32412168790141,51.39968704506239,56.90997238667815,1453233
2004-01-13,53.443824768066406,53.88820323064363,47.992791083537576,50.244307371583375,671033
2004-01-14,54.569580078125,57.85797687688552,53.32532417161665,56.11009079921594,498200
2004-01-15,52.67356872558594,55.33983560483202,52.43656563468206,54.48070269646224,185533
2004-01-16,54.65845489501953,55.221333006466836,51.31081020050565,54.154828498948504,240500
2004-01-20,51.01456069946289,53.85857908385788,49.05929923739024,53.85857908385788,384967
2004-01-21,47.40028762817383,51.10343509912491,46.80778553963622,49.94805489636565,303167
2004-01-22,48.20016860961914,50.27392967670995,47.1040363606862,48.49641965248406,256933
2004-01-23,45.80052947998047,49.23704991883156,45.030272235953596,48.85192318033635,198033
2004-01-26,47.66691589355469,47.84466727798104,44.023020046887474,44.61552215028431,212433
2004-01-27,53.236446380615234,53.977075853782964,46.95590784542704,47.54841368418301,385733
2004-01-28,49.770301818847656,58.27272495784285,48.88154494931827,53.799324170962905,691600
2004-01-29,49.2370491027832,51.81444033096329,46.92628494307378,51.72556464147307,313767
2004-01-30,49.11854934692383,50.659056272480285,48.2890441689179,49.207425036247194,138467
2004-02-02,49.47404861450195,51.5181857133611,48.31866841385826,48.88154652704925,157267
2004-02-03,48.34829330444336,49.59255298552689,47.1040373903963,49.59255298552689,106867
2004-02-04,44.70439529418945,48.88154505602346,44.4377682327486,47.04478336634405,180533
2004-02-05,43.90451431274414,45.94865135953337,41.475250542217275,45.919027386026265,270067
2004-02-06,45.267276763916016,47.22253825982548,42.95651249292546,45.00064968260519,142733
2004-02-09,48.25941848754883,48.763048670888814,45.03027332702514,45.800530589715144,164800
2004-02-10,48.85192108154297,49.59255055207195,47.54841351477487,47.6372892019198,126867
2004-02-11,50.59980773925781,51.251561531081485,47.84466516912468,48.1409162077652,157333
2004-02-12,53.1475715637207,54.77695793819389,49.325924474346074,50.36280500035794,326933
2004-02-13,53.325321197509766,54.68808046066072,52.02181364737798,53.35494517050123,166400
2004-02-17,50.629432678222656,52.58469409096926,49.77030351967561,52.58469409096926,162200
2004-02-18,49.88880157470703,50.62943104505535,48.91116901635129,50.39242795704792,77233
2004-02-19,46.95590591430664,51.57743393817008,46.244904210891136,49.05929458636868,139200
2004-02-20,48.14091491699219,49.2962950668226,45.17839707594651,46.21527756690525,135500
2004-02-23,45.77090072631836,49.08892142620333,44.67477225138883,49.08892142620333,98500
2004-02-24,45.474647521972656,47.10403382041312,44.73401807123357,44.73401807123357,85367
2004-02-25,46.51152801513672,47.93353897193393,44.7340180861764,45.178396510175524,63833
2004-02-26,48.14091491699219,49.474046438648244,45.85977482325397,47.104034426033444,75567
2004-02-27,48.85192108154297,49.7703019263618,47.992788183463226,49.02967245583283,57100
2004-03-01,49.207427978515625,49.59255473293269,48.05204394822782,49.59255473293269,40167
2004-03-02,49.770301818847656,49.948053192753534,47.40028601146014,48.466794254895404,52200
2004-03-03,52.466190338134766,54.12520057731155,48.94079452164311,49.47404485299299,212000
2004-03-04,52.969818115234375,54.480701000731315,52.28844037152788,53.71044757158169,105800
2004-03-05,50.3628044128418,54.806581272798425,50.066553375585286,52.70319250431545,114400
2004-03-08,51.31081008911133,53.08832010914054,49.77030316303632,50.95530733169821,98667
2004-03-09,49.74067687988281,51.60706264397243,47.578040064944084,50.42205844057594,111433
2004-03-10,47.696537017822266,49.918425423314325,46.68928048862151,49.77030178983662,99533
2004-03-11,48.14091491699219,49.05929574907924,46.92628305420781,46.95590702716667,105467
2004-03-12,48.11129379272461,49.20742606153979,46.80778616684614,48.2001694838998,111133
2004-03-15,46.51152801513672,47.40028486313498,45.919025961162006,46.45228006996096,69767
2004-03-16,47.31140899658203,47.54841207748315,45.652398731382725,46.3634042070499,62967
2004-03-17,51.01456069946289,51.37006346839183,47.637291928710994,48.40754541669936,126200
2004-03-18,48.22978973388672,51.66630991553514,48.20016576146163,50.98493218050494,73800
2004-03-19,48.22978973388672,50.155427049276966,47.72616336747938,50.155427049276966,44800
2004-03-22,45.17839813232422,47.84466500501619,44.437768654745135,47.666913629034305,132500
2004-03-23,46.718910217285156,47.40028800116884,45.47465054771407,46.09678038249961,104033
2004-03-24,47.015159606933594,47.192910982036416,45.35614928399814,47.192910982036416,44600
2004-03-25,48.58529281616211,49.62217329580147,48.17053836408465,48.88154384362532,111767
2004-03-26,48.555667877197266,49.41480080354272,48.05204147816408,48.88154666312894,38667
2004-03-29,50.629432678222656,51.2219347667993,48.88154661977424,48.88154661977424,166500
2004-03-30,49.94805145263672,51.87368499113702,49.237045981783595,51.044179864153755,82367
2004-03-31,49.770301818847656,50.39242786048195,48.88154494931827,50.244304226917905,89867
2004-04-01,56.93959426879883,61.7684978754254,49.207424456854206,49.207424456854206,1072600
2004-04-02,58.06535339355469,60.850120076790965,55.873092584284834,60.37611763783974,468600
2004-04-05,66.62702941894531,66.65665339277936,58.80598012866697,59.279982545193484,640000
2004-04-06,63.04238510131836,66.2122823203367,61.47225036305055,66.2122823203367,291133
2004-04-07,67.36766052246094,69.91542781052532,61.56112418794851,62.894255781074754,400533
2004-04-08,66.74552917480469,69.73767878434363,64.04964192295996,69.47104793627003,213700
2004-04-12,64.73101806640625,68.13791058187078,63.723757777854516,66.77515508249947,99567
2004-04-13,59.39848709106445,65.11614770475929,59.19110796921914,60.731618677163226,180133
2004-04-14,59.813236236572266,62.80537811697079,57.65059952075424,59.10223073349288,183333
2004-04-15,56.85071563720703,61.472243654263984,56.28783756294052,60.583486817508366,174267
2004-04-16,55.48796081542969,58.657857940180484,53.9178261238551,56.90997186714188,166933
2004-04-19,58.1838493347168,60.4353654843157,55.517586257276335,55.843461265103734,104367
2004-04-20,55.33983612060547,60.28723943160963,54.83620596037946,59.27998287819397,132700
2004-04-21,56.02121353149414,57.32472111763821,53.91782474915588,56.228588882236075,63033
2004-04-22,55.60646438598633,58.21347963122378,54.806583167409926,56.139714764667474,109933
2004-04-23,61.679622650146484,64.22738988851809,56.43596830355714,57.17659778907869,373600
2004-04-26,58.92448043823242,63.664512189632056,57.917227646448204,63.664512189632056,135767
2004-04-27,57.44321823120117,60.31686410842218,57.324718574183,58.954104868086596,119900
2004-04-28,55.399085998535156,58.21348040475076,54.24370576783105,58.06535299551544,113667
2004-04-29,53.20682144165039,55.39908208086149,52.28844061022442,54.0955745331026,147967
2004-04-30,51.2219352722168,54.510332067262745,50.65905715240403,54.15482930379438,92067
2004-05-03,51.2219352722168,53.14757272964616,48.881547102098644,50.688684894050695,136800
2004-05-04,52.584693908691406,53.32532340036312,51.25156233049689,51.54781337375829,144000
2004-05-05,52.91057205200195,54.09557621068697,51.84406378874182,53.20682309167321,57067
2004-05-06,50.51093292236328,53.17719608316195,49.77030342946667,52.1699432878146,95933
2004-05-07,47.42991256713867,52.14031669803493,47.42991256713867,49.859180220437686,251300
2004-05-10,42.571380615234375,45.77089767156119,42.03812651683454,45.50427438939738,339633
2004-05-11,43.93414306640625,45.504277738107426,43.72676394596542,45.08952326426216,85267
2004-05-12,44.141517639160156,45.03027075247701,41.17899972736466,44.58589607933674,231633
2004-05-13,46.27452850341797,47.222533292557294,44.28963947368157,44.28963947368157,126933
2004-05-14,44.763648986816406,47.07440942071543,44.497021913588874,47.07440942071543,112833
2004-05-17,41.94925308227539,44.14151753740192,41.59375033095365,44.14151753740192,103833
2004-05-18,42.601009368896484,43.489766299319356,41.890003824558185,41.890003824558185,77933
2004-05-19,44.319271087646484,46.48190790825129,43.51938985792533,44.4377707548893,101067
2004-05-20,44.408145904541016,45.237651092963965,43.54901297461395,45.237651092963965,26400
2004-05-21,44.319271087646484,45.17840026747079,43.25276278135162,44.91177319089707,36833
2004-05-24,45.652400970458984,46.067155440619025,44.4377690679786,45.20802252637193,45000
2004-05-25,45.80052947998047,46.80778605521834,43.252762183725295,45.59315035637528,150533
2004-05-26,45.17839813232422,48.11129206898902,44.58589605707548,45.9190276099033,90500
2004-05-27,43.72676467895508,46.03752888043852,43.28238999050694,45.770901807147766,91267
2004-05-28,44.46739196777344,45.148773487926604,43.045384748080515,43.69713852798597,90100
2004-06-01,43.40088653564453,44.85251769646923,42.334378319166454,44.85251769646923,103700
2004-06-02,41.56412887573242,43.40089069082688,40.61612399279223,43.40089069082688,134333
2004-06-03,37.94985580444336,41.090125179441344,37.50547735193677,40.49761932042042,235400
2004-06-04,37.831356048583984,39.57924211288724,37.74248035829614,39.49036642259941,120633
2004-06-07,40.88275146484375,41.29750219247229,38.24610838550314,38.334984079571626,153433
2004-06-08,39.668113708496094,41.20862440508254,38.83861229537615,40.586494578206185,87867
2004-06-09,38.09798049926758,40.97162259822513,37.62397433897448,39.46073596724272,121967
2004-06-10,38.068355560302734,39.2829874886958,37.74248053904432,38.690485395296996,42467
2004-06-14,35.342838287353516,38.66085882882671,34.86883589100537,38.512731431889584,148900
2004-06-15,35.87609100341797,37.179598484541124,35.253961234279544,35.253961234279544,105767
2004-06-16,34.513336181640625,36.7352247285226,31.906320889358287,36.527849368235714,260200
2004-06-17,34.5429573059082,36.40934292852633,33.32832545257,35.25396278768128,101633
2004-06-18,34.33558654785156,35.34284319252534,34.0097077361762,34.27633482744603,50733
2004-06-21,35.55021667480469,36.64634895833701,33.92083023706154,34.75033544348844,132267
2004-06-22,35.43171310424805,36.409341845571355,35.25396173909179,35.63908844125165,79467
2004-06-23,38.21648406982422,38.36460771392949,35.75759240049666,36.49822192213265,173433
2004-06-24,38.98673629760742,40.675370647872896,38.74973696794021,39.63849010474689,195333
2004-06-25,40.260616302490234,40.58649129311999,36.3500938127166,40.201364591904785,388633
2004-06-28,36.58709716796875,40.82349888400631,36.37972180853554,40.73462319181544,156700
2004-06-29,36.616722106933594,37.62397485193987,36.49821868172656,36.97222108144605,78533
2004-06-30,36.2612190246582,37.8017258675122,36.231591285116735,37.149972103142545,134667
2004-07-01,40.497615814208984,41.17899730473843,37.17959911251277,37.65360149846937,734767
2004-07-02,39.016361236572266,40.2606209327117,38.394235155539064,39.99399385496754,165100
2004-07-06,38.21648406982422,39.401492057849104,37.20922746835489,38.690486511626865,136533
2004-07-07,36.616722106933594,38.60160739119871,36.23159162556506,38.36460430782086,143867
2004-07-08,35.28358840942383,36.88334705114338,34.24670787806924,36.88334705114338,226667
2004-07-09,34.987335205078125,36.70559340410306,34.246705761731064,36.08346738395756,125067
2004-07-12,33.743080139160156,36.142720157585735,33.50608079516363,35.66871770255603,188400
2004-07-13,32.676570892333984,34.246705448552675,32.61731918127505,33.74307532214201,139000
2004-07-14,32.202571868896484,33.180200717758645,31.195315277891844,32.94320138283785,139067
2004-07-15,32.58769607543945,33.0616984754015,32.172945388111245,32.854323131737395,55700
2004-07-16,31.787817001342773,33.15057634543627,31.58044164401276,32.94320098810626,53933
2004-07-19,30.15843391418457,32.20257101723876,29.921430818495264,31.136064620709696,175233
2004-07-20,30.780561447143555,31.047188513573122,29.80293075375333,30.069557820182894,158933
2004-07-21,28.884550094604492,31.965567716592115,28.499423362735588,31.254564084637632,129667
2004-07-22,27.669918060302734,29.328928410983064,25.833156331546917,28.854924108275696,229400
2004-07-23,27.403291702270508,28.14392120773728,26.484910814128796,28.114295349452043,118533
2004-07-26,27.37366485595703,27.995794672864104,26.544159689093046,27.403290713172947,79467
2004-07-27,29.032676696777344,29.062302555531144,26.988539530721706,26.988539530721706,98833
2004-07-28,29.269676208496094,29.447427583611358,27.78841726055976,29.299302065521356,126667
2004-07-29,30.899063110351562,31.224940009381775,29.180801042536054,29.83255484059648,105033
2004-07-30,30.24730682373047,31.550816277295166,29.92142993121883,31.4026888760023,73367
2004-08-02,28.884550094604492,30.217683552597567,28.58829905216967,30.217683552597567,77667
2004-08-03,27.78841781616211,29.891806619057075,27.462540916441252,28.736424541225272,142100
2004-08-04,25.27027702331543,27.75879243116429,24.233396545137452,27.581041061529646,259600
2004-08-05,24.292646408081055,25.71465548364431,21.981882366610044,25.448028428816556,495167
2004-08-06,23.581642150878906,24.825899921052258,23.07801575478992,24.114896288175284,126800
2004-08-09,22.36701011657715,24.32227150897852,21.922633554768574,24.263021677441014,132667
2004-08-10,22.781763076782227,23.2261415293731,21.507881318552087,22.722513244276183,130800
2004-08-11,23.10763931274414,23.55201775248694,22.130008628828143,22.36700983551825,62833
2004-08-12,21.359752655029297,23.8186441033068,21.182003167971377,23.8186441033068,166400
2004-08-13,21.478256225585938,22.01151038768926,20.945002063482615,21.093129475301282,55500
2004-08-16,24.41114616394043,24.82589873416962,21.38937851428095,21.38937851428095,212600
2004-08-17,24.559274673461914,26.247909003569436,24.20377191616846,25.477653657273017,187400
2004-08-18,25.1814022064209,25.981281513828005,23.729769110234937,25.033276687792643,220333
2004-08-19,25.862781524658203,26.45528547518252,25.062900343867213,25.18140188737933,144433
2004-08-20,26.721912384033203,27.195916705288333,25.507280431013115,25.833157342396998,114267
2004-08-23,26.33678436279297,28.321671593606265,26.07015729816473,26.721911089354986,112200
2004-08-24,26.010906219482422,27.107038399139455,25.833154851590137,27.018162715193313,72733
2004-08-25,27.19591522216797,27.373664713987093,25.95165747832517,25.95165747832517,71533
2004-08-26,27.581043243408203,27.84767031895248,26.84041373368626,27.521793410015555,39400
2004-08-27,27.877294540405273,28.173547477024727,27.25516657548546,27.344042268119473,40200
2004-08-30,26.514535903930664,28.67717452459796,26.36641038383415,28.20317022336366,61033
2004-08-31,26.514535903930664,27.344041076692964,25.685030731168364,26.692287281453755,88900
2004-09-01,27.018163681030273,28.52904659508911,26.04053300619275,26.662660932537303,57467
2004-09-02,27.669918060302734,28.055044790454176,26.66266150688708,27.995794958935072,51667
2004-09-03,26.63303565979004,27.669918071130073,26.60341168577799,27.669918071130073,35467
2004-09-07,28.084671020507812,28.143920852812847,26.87003721538626,27.225539976252882,62033
2004-09-08,28.084671020507812,29.38817863232781,27.87729378216288,28.17354671072447,80333
2004-09-09,28.410547256469727,29.003051216164504,27.936544842121172,28.143920192079353,36400
2004-09-10,29.59555435180664,29.625180210083286,28.351296556960953,28.76604915524285,52767
2004-09-13,29.714054107666016,30.869436141453797,29.269675677932977,30.188056510369176,110300
2004-09-14,29.9510555267334,30.158432756622293,29.358551577288445,29.358551577288445,44633
2004-09-15,29.684429168701172,29.980682092186193,29.091925205249307,29.654805194815395,51900
2004-09-16,30.780561447143555,30.780561447143555,29.44742799851391,29.44742799851391,54967
2004-09-17,30.899063110351562,32.0248193281799,30.395434833028833,30.839811395241934,74833
2004-09-20,29.773305892944336,31.047189552848877,29.62518036780894,31.047189552848877,62800
2004-09-21,30.484310150146484,30.66205964275157,29.80293050284676,29.80293050284676,32133
2004-09-22,30.128807067871094,30.810186707707036,29.299301910727728,30.810186707707036,112000
2004-09-23,30.276933670043945,30.662060405546523,29.743681411926392,29.743681411926392,57233
2004-09-24,30.39543342590332,30.721310309847397,30.09918051462446,30.454683254751853,60967
2004-09-27,30.188058853149414,30.69168715142549,30.069559185036375,30.63243731736897,56333
2004-09-28,30.513933181762695,30.69168455239821,30.099180611452525,30.217682153048905,34433
2004-09-29,30.484310150146484,30.750935330813192,29.92143016458348,30.010305852645104,27333
2004-09-30,30.632436752319336,30.780562276487426,30.217684154537746,30.662060727042014,44600
2004-10-01,33.624576568603516,34.06895499586993,30.48430925548724,30.780560284652775,226000
2004-10-04,35.99459457397461,36.20196993058049,33.83195401582732,34.809586616598025,179767
2004-10-05,36.23159408569336,36.43897321036862,34.957714198029024,35.846467345210904,83667
2004-10-06,34.92808532714844,36.409344291606395,34.720709976213044,36.409344291606395,126367
2004-10-07,35.04658889770508,35.57983926410974,34.51333476426406,35.22433650848239,54333
2004-10-08,34.06895446777344,34.92808356914717,33.20982536639971,34.75033220099589,102100
2004-10-11,34.2467041015625,34.2467041015625,32.08406758795966,33.83194967453529,61933
2004-10-12,33.41720199584961,33.683829058360736,32.587696834827106,33.032075272345644,53667
2004-10-13,33.032073974609375,34.51333286345252,32.5876955545492,33.950454787055016,42933
2004-10-14,32.17294692993164,33.091324034031985,31.93594383507464,32.5876976371359,57000
2004-10-15,32.11369705200195,33.20982936524297,31.254565963660937,32.291448441556525,69700
2004-10-18,33.23945236206055,33.44682772142027,31.40269056879103,32.55807456686297,65067
2004-10-19,32.35069274902344,34.217082129094564,32.14331740691649,33.44682493878331,68900
2004-10-20,32.35069274902344,32.587695830742945,31.758190695278948,31.995193776998455,30433
2004-10-21,35.253963470458984,35.40208710400634,32.321069568378704,32.58769662920748,109000
2004-10-22,34.394832611083984,35.55021271618259,33.65420317949685,35.55021271618259,66733
2004-10-25,34.12820816040039,34.86883764834022,33.18019955288977,33.920829040829595,37933
2004-10-26,34.6318359375,34.86883904059992,33.772706751956264,34.00970608801966,33533
2004-10-27,35.1947135925293,35.2539653092605,34.18745701031769,35.10583790095073,44133
2004-10-28,36.43897247314453,36.9425988696547,34.66145868067005,35.55021557690729,72300
2004-10-29,35.22433853149414,37.00185241171744,34.95771521649723,37.00185241171744,58433
2004-11-01,34.6318359375,35.66871650860955,33.62457934163925,35.25396578698034,50333
2004-11-02,36.2612190246582,37.5943505259028,35.313210467090926,35.6983409448406,170933
2004-11-03,36.40934371948242,38.95711090649281,35.84646562319618,37.47585196531085,95200
2004-11-04,36.58709716796875,36.73522457729904,34.661459681857444,36.409345783587,47200
2004-11-05,36.40934371948242,37.772103000139985,36.142716658025314,36.73522249471987,42400
2004-11-08,37.38697814941406,37.47585384101475,35.84646741734766,36.14271846700446,48467
2004-11-09,36.67597198486328,37.564728885561266,35.994594205685765,37.564728885561266,38333
2004-11-10,36.17234420776367,37.327724367617996,35.55021440097643,37.327724367617996,44733
2004-11-11,38.2461051940918,38.2461051940918,35.69834178845204,35.9945928216144,49367
2004-11-12,39.1052360534668,39.34223915072211,37.03147496238766,38.03873153340898,126767
2004-11-15,39.22373580932617,40.556867276208386,38.74973342627836,39.43111114559032,100867
2004-11-16,39.07561111450195,39.31261420590766,37.83135524397192,38.305357659746996,47400
2004-11-17,39.22373580932617,39.608862510112765,38.57198206175592,39.342235463329104,65400
2004-11-18,39.25336456298828,39.401491973814174,38.54235901828246,39.25336456298828,42800
2004-11-19,39.1052360534668,39.549614506422735,38.63123362599261,38.80898500717498,61733
2004-11-22,41.0308723449707,41.44562681168323,38.69048424828105,38.69048424828105,109500
2004-11-23,42.364009857177734,42.364009857177734,40.734623413810695,41.23824982761265,109333
2004-11-24,43.519386291503906,43.84526505851146,41.86037601791464,42.51212978489355,77367
2004-11-26,43.84526443481445,44.4970181925222,43.51938567244251,43.84526443481445,39167
2004-11-29,43.81563949584961,45.6227772564191,42.838010680325446,44.28964191656381,103200
2004-11-30,43.72676467895508,43.993391752245834,43.07501086658983,43.371261914567405,29367
2004-12-01,43.57863998413086,44.49702084756731,43.2527612023144,44.49702084756731,51533
2004-12-02,41.35675048828125,43.87488992244451,40.8827480814888,43.5490111488168,116467
2004-12-03,41.35675048828125,42.749133735432906,40.02361518758098,41.6233775484213,77767
2004-12-06,40.290245056152344,41.978879454376006,39.401491894104566,41.030874574710424,85600
2004-12-07,39.28298568725586,41.09012339321242,39.07561034077975,40.31986995370898,52967
2004-12-08,40.79387283325195,41.77150163057068,38.69048406978503,39.9939916442342,104067
2004-12-09,39.34223937988281,40.79387441231555,38.601609876321035,40.43837164788007,140267
2004-12-10,38.86823654174805,40.082868462798125,38.571985496839616,39.40149068280508,80500
2004-12-13,43.66751480102539,43.99338980929767,39.40148935085327,39.40148935085327,494000
2004-12-14,44.28963851928711,45.504274102553225,42.68988000120806,43.43050943308267,376933
2004-12-15,46.89665985107422,47.34103452089665,44.734019380707174,45.03027041626756,305367
2004-12-16,44.6451416015625,47.04478128113225,43.93413990293762,47.04478128113225,183767
2004-12-17,42.86763381958008,46.215278440516705,42.45288312217101,45.178397929957725,160467
2004-12-20,43.57863998413086,44.34889344364413,42.86763447255777,43.726763621017675,112800
2004-12-21,42.30475616455078,44.11189014185857,41.86037772192219,44.11189014185857,125433
2004-12-22,44.58589553833008,45.29689726694898,41.97887664327318,42.008504383616334,152733
2004-12-23,44.793270111083984,46.21527731077184,44.23039202576778,44.52664305482322,107500
2004-12-27,45.53390121459961,46.51153002255556,44.971023108919184,45.44502552596394,69067
2004-12-28,46.83740997314453,46.83740997314453,44.97102423221303,44.97102423221303,61867
2004-12-29,48.970420837402344,49.02967255129309,46.80778413538016,46.926283796125354,223767
2004-12-30,48.14091491699219,49.474046438648244,47.04478271307949,49.05929574907924,85500
2004-12-31,48.52604293823242,49.23704844465047,47.726165510548455,49.00004535349901,60033
2005-01-03,47.015159606933594,49.770302153991004,46.65965685672795,49.59255077888818,141867
2005-01-04,43.01576232910156,46.955909124109944,42.51213216409254,46.68928205446453,186867
2005-01-05,41.53450012207031,44.230390816745164,41.09012170711597,42.571380578939696,139033
2005-01-06,42.689884185791016,43.400889715536955,41.77150329888133,42.21588175497254,92667
2005-01-07,41.77150344848633,43.28239020460771,41.1790013496003,42.66026036385185,72900
2005-01-10,41.68262481689453,42.8972566708632,41.030871047276314,41.56412515888291,89233
2005-01-11,39.84586715698242,41.89000435584403,39.697743511390996,41.83075640442209,102267
2005-01-12,40.43837356567383,40.6753729085129,39.045990183625236,39.84586767450289,76833
2005-01-13,38.57198715209961,40.85312368611895,38.21648437613904,40.29024554652691,154033
2005-01-14,38.69048309326172,39.57923994751645,38.36460432435624,38.39423206418888,96700
2005-01-18,40.941993713378906,41.23824472999679,38.27572702974587,38.69048146663975,91400
2005-01-19,38.57198715209961,41.416001825710985,38.00910901250757,41.26787818041847,104700
2005-01-20,36.35009765625,39.01636087490322,35.520592455525126,38.18685567417835,203967
2005-01-21,35.372467041015625,36.82410216587821,34.66146146687286,36.58709905215172,139467
2005-01-24,34.95771408081055,37.00185120962197,34.542959599887226,35.55021617694505,141233
2005-01-25,34.15782928466797,36.290841881295314,33.891202239210045,35.60946416537132,123700
2005-01-26,34.394832611083984,34.92808293887929,33.53569975817692,34.54295623717976,195333
2005-01-27,35.01696014404297,36.14271632628248,34.21708273404976,34.72070911193303,92333
2005-01-28,35.846466064453125,36.20196881743871,34.9577129490255,35.727966402470045,82300
2005-01-31,37.831356048583984,38.068355377993946,36.64634810042491,37.594352952137605,94000
2005-02-01,37.446224212646484,38.42385677100257,36.79447042942119,38.394232797640235,68133
2005-02-02,37.06109619140625,38.068352687809636,36.58709379904633,37.23884755942074,48833
2005-02-03,37.298099517822266,37.68322622872246,36.11309164556585,36.70559369817597,71400
2005-02-04,39.84586715698242,40.55687271033831,37.327727511562415,37.357355254309965,153700
2005-02-07,39.016361236572266,40.23099695753008,38.06835636039513,40.11249352273055,125300
2005-02-08,37.35735321044922,39.51998996087111,37.031474427311416,38.80898444641509,103567
2005-02-09,36.201969146728516,37.92023121277589,35.63909103839356,37.860979497727236,75300
2005-02-10,38.21648406982422,38.808986180318385,35.72796842508291,35.994595504916255,106567
2005-02-11,41.741878509521484,42.80838301629008,40.02361643518113,41.38637575158649,388200
2005-02-14,39.905113220214844,42.275128884172325,39.40148686931781,41.41599603994201,122967
2005-02-15,40.58649444580078,41.26787598583556,39.51998994167126,39.90511667280238,75100
2005-02-16,41.88999938964844,42.36400554704845,39.37186004276204,40.61611961362383,195733
2005-02-17,42.334381103515625,44.14151888905871,42.186257463953424,43.57864077124218,199867
2005-02-18,41.97887420654297,43.25275772330182,41.47524785437852,42.77875534272468,89067
2005-02-22,40.290245056152344,43.66751761963619,39.69774294812049,43.57864192672776,168133
2005-02-23,39.63848876953125,40.823496679059794,38.8089836095649,40.20136686732596,89833
2005-02-24,39.22373580932617,39.63848648185448,37.742476949663235,39.253359781067886,102867
2005-02-25,40.1717414855957,40.82349524793278,39.10523327429712,39.69773909180839,80533
2005-02-28,39.49036407470703,40.201365787700865,38.512731539665744,39.223737019695776,65400
2005-03-01,40.1717414855957,40.79387127551988,39.25336067043398,39.96436614463303,73267
2005-03-02,40.58649444580078,41.47525133843902,39.282986847955605,40.7049978761768,78933
2005-03-03,39.99399185180664,41.4456268355831,39.282986346767345,40.971624421235674,72867
2005-03-04,41.17900085449219,41.77150294625438,40.17174428486732,41.653003281309225,53567
2005-03-07,40.79387283325195,41.56412628168929,40.76424509267154,41.41599887989612,61100
2005-03-08,40.08286666870117,41.119747162988446,39.519988578458474,40.64574475894387,62000
2005-03-09,39.31261444091797,40.586494292850325,39.01635963313074,40.171743589206386,43867
2005-03-10,39.22373580932617,40.023613182641064,38.512730351236414,39.63848648185448,57500
2005-03-11,38.72011184692383,39.66811676382386,38.512736477671325,39.04599065606635,44833
2005-03-14,36.113094329833984,39.105236321880994,35.84646725623032,38.957112681236595,154733
2005-03-15,35.87609100341797,37.38697381857525,35.550212249619165,36.320465642909376,106133
2005-03-16,35.43171310424805,36.587093210727616,34.4244566240413,35.75758809567712,117800
2005-03-17,35.579837799072266,35.96496451279844,34.54295731587806,35.55021382633524,100000
2005-03-18,35.490962982177734,36.2019684815521,35.07621228556688,35.84646573186492,115500
2005-03-21,34.66145706176758,35.846464945724634,33.476452944846734,35.40208651836121,136667
2005-03-22,34.868839263916016,36.11309520380895,34.36520907924189,34.98733893270664,105567
2005-03-23,34.06895446777344,35.372461989525355,33.68382775912439,35.372461989525355,60767
2005-03-24,33.891204833984375,34.80958569408484,33.71345345673678,34.098580185094455,43033
2005-03-28,34.66145706176758,35.66871357477926,33.95045534502231,34.39483377238574,70633
2005-03-29,34.75033187866211,36.735220882261395,34.36520517358539,35.19471029491838,112100
2005-03-30,36.0538444519043,36.35009928237339,34.48370967197203,34.48370967197203,100033
2005-03-31,35.66871643066406,36.91297612690571,34.8392112221818,36.14271886879157,53867
2005-04-01,34.72071075439453,36.43897284917248,34.12820866214638,35.43171627872147,68067
2005-04-04,34.6318359375,35.13546611894864,32.91357756641253,34.12820952308789,115567
2005-04-05,34.394832611083984,35.25396169695496,34.06895385300832,35.105834303823094,35933
2005-04-06,34.513336181640625,35.520592774938166,33.831954616360115,34.06895771885693,55567
2005-04-07,35.520591735839844,35.7575910643671,34.068956722223874,34.691086551921636,47833
2005-04-08,34.80958557128906,35.579839025287235,34.06895609104887,35.25396401284044,40100
2005-04-11,33.654205322265625,34.77996152722938,33.32832654344121,34.42445877470686,43233
2005-04-12,33.624576568603516,33.89120362496337,31.876690599379756,33.68382828125111,128900
2005-04-13,32.73582458496094,34.09858011848186,32.2618184018691,33.4172023517214,75567
2005-04-14,31.284189224243164,33.09132317854309,30.513933894666323,33.03207523163784,90800
2005-04-15,30.217681884765625,31.847066295261428,29.65480380509599,31.580439241675364,75600
2005-04-18,30.276933670043945,31.313814211866983,29.654805721653766,29.654805721653766,71000
2005-04-19,31.75819206237793,31.75819206237793,30.09918172003431,30.513934305620214,48733
2005-04-20,30.039932250976562,31.995195540036157,29.951056561313937,31.698940729803137,43267
2005-04-21,31.017562866210938,31.017562866210938,29.802930955607177,30.691685966207046,73333
2005-04-22,30.869436264038086,31.461940211528965,30.24730645994132,31.254562982324,55833
2005-04-25,32.14331817626953,32.49882092383969,30.92868630009568,31.01756198698822,47733
2005-04-26,31.40268898010254,32.91357567037497,31.40268898010254,32.29144585673338,69667
2005-04-27,30.98793601989746,31.698939628989148,30.573183443714445,31.61006394241292,28433
2005-04-28,30.010305404663086,31.254563135433862,29.921429717928163,30.18805677813293,51700
2005-04-29,31.04718780517578,31.402688668785633,29.921429733776534,30.36580816768652,55767
2005-05-02,31.639692306518555,31.84706765694014,30.83981111156,31.195313864874915,24667
2005-05-03,30.573183059692383,31.84706662893862,30.36580771596473,31.84706662893862,47767
2005-05-04,31.46194076538086,31.728567828973144,30.513934056003244,31.580440426854214,59200
2005-05-05,32.14331817626953,33.62457711312099,31.669315768521415,32.676572297624766,91767
2005-05-06,32.17294692993164,32.67657332682773,32.024819524766464,32.38032228353377,29500
2005-05-09,32.58769607543945,32.58769607543945,31.758190933746818,32.498820390006806,61033
2005-05-10,31.580440521240234,32.64694877879689,30.958312587850347,32.261818285543875,52267
2005-05-11,31.787817001342773,32.29144717432876,31.106439212814255,31.491565952723263,24067
2005-05-12,31.34343910217285,32.646948558090465,31.10643789660187,31.9655670313569,42633
2005-05-13,32.32107162475586,33.09132511590986,31.2545651971041,31.63969382619936,67567
2005-05-16,34.72071075439453,34.8095864449354,32.735825355030414,33.328327447278575,77733
2005-05-17,34.5429573059082,35.57983778880314,34.246706277514825,35.076211417238014,86900
2005-05-18,35.698341369628906,36.23159171625039,34.631833142313496,34.957711911894165,81967
2005-05-19,36.58709716796875,36.58709716796875,35.57984057881766,35.72796798814795,71933
2005-05-20,36.9129753112793,37.17960238315399,36.02421840503032,36.58709652330919,82500
2005-05-23,38.95711135864258,38.95711135864258,37.80172741225199,38.6904842940909,186733
2005-05-24,38.512733459472656,39.19411123377638,38.42385777003857,38.92748416547413,77500
2005-05-25,38.542354583740234,38.77935766038565,37.26847481875897,38.246103563210546,67733
2005-05-26,38.03873062133789,39.25336251893608,37.53510046438477,39.25336251893608,66667
2005-05-27,38.33498001098633,39.638487540955246,38.33498001098633,39.34223651451435,78100
2005-05-31,38.03873062133789,39.10523511582367,37.92023095906977,39.075611142015724,46433
2005-06-01,37.74247741699219,38.80898185029624,37.090723661351895,37.74247741699219,77500
2005-06-02,37.209224700927734,37.92023019426911,36.79447024079984,37.83135450760144,60367
2005-06-03,36.40934371948242,37.47585196531085,35.90571733697652,37.1499731900734,92600
2005-06-06,35.342838287353516,37.061096503236016,34.80958417882328,36.35009479223189,85767
2005-06-07,35.66871643066406,36.73522474172833,35.31321366030931,35.43171709511857,48400
2005-06-08,35.372467041015625,35.9649691747768,34.95771630079014,35.66871810789621,33800
2005-06-09,36.23159408569336,36.23159408569336,34.987338172824145,35.1354655808727,39200
2005-06-10,36.201969146728516,36.88334691812442,35.6687150123997,36.29084483578332,29100
2005-06-13,36.40934371948242,36.94259784239664,36.17234439843363,36.61672283419548,24833
2005-06-14,36.76484680175781,37.47585230542962,36.49821973788088,37.00184989199386,30833
2005-06-15,36.55746841430664,37.268473858894545,36.29084137258617,37.268473858894545,31567
2005-06-16,36.49822235107422,36.883349104125244,36.29084698666776,36.5574740696346,22400
2005-06-17,34.95771408081055,36.587096728698654,34.69108700743908,36.26122170593561,103333
2005-06-20,34.06895446777344,34.75033220099589,33.77270344320003,34.454081176422484,67200
2005-06-21,35.1058349609375,35.66871303811684,33.62457607003688,33.95045483421237,57133
2005-06-22,35.72796630859375,36.498219760014436,35.31321184218824,35.7575902822526,73367
2005-06-23,35.16508865356445,36.14271746708868,34.95771330124554,35.99459382987647,29067
2005-06-24,35.698341369628906,35.698341369628906,34.39483382537866,35.2243352016868,84800
2005-06-27,34.75033187866211,35.727964394425896,34.51333256801618,35.698340422354185,26667
2005-06-28,35.935340881347656,36.05384054045739,34.51333367092215,34.77996072919623,49700
2005-06-29,35.90571975708008,36.14271909410301,35.4020895735924,36.14271909410301,43867
2005-06-30,35.28358840942383,35.84646651978879,35.28358840942383,35.55021547754982,36533
2005-07-01,35.04658889770508,35.60946700510292,34.77996183098457,35.16508856056874,27300
2005-07-05,36.58709716796875,36.61672491005671,35.07621416776036,35.57984057881766,67967
2005-07-06,37.209224700927734,37.59435142080889,36.58709489425402,36.85372195425704,71700
2005-07-07,37.94985580444336,38.03873149494468,37.03147492494188,37.62397701692638,58300
2005-07-08,39.22373580932617,39.37185943507082,37.03147149157348,38.0387279681886,124200
2005-07-11,40.467994689941406,41.03087279831329,38.80898433883384,39.54961382532699,110000
2005-07-12,39.07561111450195,40.4679943880401,38.80898404930916,40.4679943880401,74700
2005-07-13,38.66086196899414,39.63849081366974,38.5127345600256,38.66086196899414,37333
2005-07-14,38.89786148071289,39.28298822534783,38.542358711192485,38.77936181321826,45400
2005-07-15,38.77935791015625,39.105232904726975,38.54235483198434,38.72010619885424,24733
2005-07-18,39.19411087036133,39.34223827372347,38.51273310237546,38.69048447959549,30267
2005-07-19,39.04598617553711,39.72736392505149,38.5719837714789,39.40148892033983,62400
2005-07-20,40.52724838256836,40.882751156158065,38.60161087031516,38.63123484576879,54300
2005-07-21,40.260616302490234,40.823494368425706,39.845861862464254,40.23099233071555,50167
2005-07-22,39.875492095947266,40.438370197097264,39.37186194205328,40.34949450917693,63733
2005-07-25,39.28298568725586,39.99399118035828,38.66085964782751,39.90511549372048,62100
2005-07-26,40.05324172973633,40.29024104252509,38.66085852423482,40.26061707018554,46000
2005-07-27,39.81623840332031,40.40874044865888,39.134860674477345,40.2902407929984,36033
2005-07-28,40.58649444580078,40.7049978761768,39.697741320198915,39.697741320198915,48433
2005-07-29,39.99399185180664,40.7346213305438,39.84586444924468,40.586493927981834,36600
2005-08-01,38.98673629760742,40.46799529265498,38.51273387123658,40.23099596298777,56700
2005-08-02,38.77935791015625,39.105232904726975,38.45347914854939,38.66085825458836,37533
2005-08-03,36.616722106933594,38.51273170581155,36.35009505077209,38.48310773302789,113433
2005-08-04,35.87609100341797,36.91297144062465,35.40208485843133,36.23158996160389,81300
2005-08-05,34.987335205078125,36.527845803373026,34.246705761731064,35.60946499225978,87467
2005-08-08,35.31321334838867,35.78721954936581,34.77996296460324,35.16508970674024,32200
2005-08-09,35.1947135925293,36.40934553274541,34.7799628765203,34.7799628765203,66700
2005-08-10,35.342838287353516,36.7944694489709,34.89845986357832,35.22433486298934,52033
2005-08-11,35.1947135925293,35.72796774200071,34.868838568098866,35.076213926103364,22200
2005-08-12,34.45408248901367,35.60946642601343,34.365206801552155,35.60946642601343,37167
2005-08-15,35.757591247558594,35.78721898905359,34.18745656163496,34.36520794245925,42467
2005-08-16,35.99459457397461,36.29084562155964,35.13546540586708,35.165089380514644,51500
2005-08-17,34.868839263916016,36.14271917924747,34.36520907924189,36.14271917924747,60633
2005-08-18,33.50607681274414,33.772703868327326,33.209825784441556,33.29870146963595,473233
2005-08-19,33.86157989501953,34.068955240219125,33.4468254375841,33.506077150656665,83633
2005-08-22,33.891204833984375,34.18745587371825,33.180199324993985,33.86158086012189,79233
2005-08-23,33.387577056884766,33.95045513911928,33.357949317216075,33.62457637201709,40400
2005-08-24,33.654205322265625,33.98008033405371,33.32832654344121,33.772704984094354,80300
2005-08-25,33.44682693481445,33.89120538516042,33.18019986460688,33.71345400502203,72433
2005-08-26,33.41720199584961,33.83195269284271,33.26907459433133,33.47645370986418,51100
2005-08-29,33.32832717895508,33.535702532868726,33.18019977356738,33.18019977356738,60700
2005-08-30,33.624576568603516,33.77270396670439,33.1801981413371,33.1801981413371,93733
2005-08-31,34.06895446777344,34.128206179502584,33.56532810270226,33.56532810270226,64533
2005-09-01,33.95045471191406,34.217081763360056,33.65420368820834,33.831951288802856,56033
2005-09-02,33.95045471191406,34.15783005180445,33.68382766046807,34.039330395729394,35433
2005-09-06,34.00970458984375,34.217083708559535,33.77270526422051,33.83195321210814,34233
2005-09-07,34.09857940673828,34.09857940673828,33.3579499407915,34.039331460365744,41533
2005-09-08,34.80958557128906,35.3724636749087,33.683829364049785,33.71345333780776,142733
2005-09-09,35.01696014404297,35.28358720305279,34.394834106722975,35.28358720305279,39833
2005-09-12,35.372467041015625,35.52059445797427,34.63183749029581,35.19471564747993,45867
2005-09-13,35.04658889770508,35.55021529015291,34.89846149384823,35.52059131619609,27467
2005-09-14,34.27633285522461,35.283589441941984,34.24670888024473,35.105838057989715,25867
2005-09-15,33.41720199584961,34.661457853865215,33.18019890682762,34.572582166361514,73133
2005-09-16,33.565330505371094,33.772705860713174,33.29870343405852,33.29870343405852,97067
2005-09-19,33.47645568847656,34.009706077980056,33.35795225344332,33.980082102740006,46367
2005-09-20,33.68383026123047,34.21708440529554,33.417203189197934,33.417203189197934,48900
2005-09-21,32.73582458496094,33.68382941707193,32.587697181865195,33.38757837791679,62367
2005-09-22,32.054443359375,32.972824226511825,31.69894060215605,32.73582489972345,67200
2005-09-23,33.47645568847656,33.50607966371661,32.0248206291298,32.0248206291298,85267
2005-09-26,33.20982360839844,34.36520367318416,32.824696920136525,34.09857663507147,51767
2005-09-27,33.47645568847656,33.6542070739899,32.735826171183156,32.735826171183156,47533
2005-09-28,32.676570892333984,33.713451350130605,32.587695209263636,33.32832464583781,33900
2005-09-29,33.565330505371094,33.68383017027565,32.58769791055832,33.59495447983813,39833
2005-09-30,32.883949279785156,33.86158188421395,32.824701330268326,33.446827402413824,43767
2005-10-03,33.120948791503906,33.83195047794977,32.88394571799791,33.35794809797384,53967
2005-10-04,33.624576568603516,34.7207087668486,33.120950195725726,33.417201224891265,39933
2005-10-05,32.676570892333984,34.33558113162302,32.61731918127505,34.09857805442339,44567
2005-10-06,32.40994644165039,33.00244853160024,32.143319371062034,32.64694953785218,51600
2005-10-07,32.706199645996094,32.97282673418805,32.350696861740154,32.55807599724723,20433
2005-10-10,32.883949279785156,33.1802003284787,32.32107115715649,32.587698231091615,23800
2005-10-11,32.02482223510742,33.0024511374203,31.906322561168196,32.913579207243416,43733
2005-10-12,31.40268898010254,32.05444276728638,30.958312425305277,31.906319132538787,82367
2005-10-13,31.34343910217285,31.58044030774383,30.06955738678907,31.402688932686058,57567
2005-10-14,31.90631866455078,32.232193669844754,31.46194023275331,31.6100638653283,27467
2005-10-17,32.49882125854492,32.8543240097764,31.373065057669457,31.698940068274098,30733
2005-10-18,31.96556854248047,32.735825793155655,31.847068875852166,32.735825793155655,22233
2005-10-19,32.14331817626953,32.23219386316207,31.254563190862278,31.698939741806836,34367
2005-10-20,31.284189224243164,32.439569393331205,31.165687679878207,32.23219404509022,17200
2005-10-21,31.90631866455078,32.232193669844754,31.25456300340845,31.25456300340845,23400
2005-10-24,32.558074951171875,32.824702030797226,31.906321123322087,31.965569074103357,26900
2005-10-25,32.084068298339844,32.883945665186346,31.72856557216982,32.58769464905668,23800
2005-10-26,32.646949768066406,33.180200145966985,32.20257131395222,32.232195288547686,42167
2005-10-27,31.136064529418945,33.03207610474688,30.987937124167885,33.03207610474688,32267
2005-10-28,31.728567123413086,31.93594246813905,31.165687151618076,31.402688352812657,32600
2005-10-31,32.82469940185547,32.94319906096388,31.847066854861453,31.876690827879493,33000
2005-11-01,31.10643768310547,32.765447994233995,30.750934935429886,32.61732059369041,56467
2005-11-02,32.795074462890625,32.85432618102375,31.19531574366187,31.402691106572963,34800
2005-11-03,33.41720199584961,33.59495337085703,32.943199584841935,33.59495337085703,45500
2005-11-04,33.032073974609375,33.41720068298281,32.08406918983844,33.35794897129607,17500
2005-11-07,32.883949279785156,33.38757945289699,32.883949279785156,33.20982807027357,16400
2005-11-08,32.676570892333984,32.88394623048608,31.995193166818744,32.55807123725223,21067
2005-11-09,33.68383026123047,34.157832689165055,32.172947286749206,32.85432507058584,60800
2005-11-10,33.624576568603516,33.86157965215768,32.380320739293765,33.68382828125111,40200
2005-11-11,33.743080139160156,33.95045927395293,33.26907768413045,33.62458046716189,33200
2005-11-14,37.26847839355469,38.690485688717914,35.28358920824644,36.2908457882924,376733
2005-11-15,38.09798049926758,39.69773904738927,36.764845236636035,37.268475369308895,169267
2005-11-16,38.068355560302734,39.223739539577785,36.91297534806412,38.394234348597585,118733
2005-11-17,39.28298568725586,39.28298568725586,37.77210278144948,38.4831082745519,106467
2005-11-18,39.46073913574219,39.964369308854025,38.95711272966682,39.75699018443573,112267
2005-11-21,41.29750061035156,41.356752326472794,38.8386127803853,38.8386127803853,106900
2005-11-22,40.88275146484375,41.534505299000436,40.14212193661859,41.47525358060925,101300
2005-11-23,40.31986999511719,41.17899912214075,40.08286690816089,40.94199603518445,57000
2005-11-25,40.61612319946289,40.70499889094236,39.01636075283237,40.31987215021014,43367
2005-11-28,39.54961395263672,40.912373266941,39.2533629104931,40.67537017300428,61500
2005-11-29,39.99399185180664,40.586493927981834,39.63848909928699,39.75698876111476,69900
2005-11-30,39.431114196777344,40.55687041450663,39.431114196777344,39.99399230564199,91700
2005-12-01,37.920230865478516,39.96436792798109,36.883346580323476,39.25336242205451,165633
2005-12-02,37.26847839355469,38.1868555151767,36.88334788618462,37.47585375111332,66400
2005-12-05,39.519989013671875,39.96436744955621,37.03147353975592,37.32772457466671,96900
2005-12-06,40.023616790771484,40.37911955186495,39.25336331975993,39.25336331975993,62800
2005-12-07,39.84586715698242,40.37912132199934,38.72011087552665,40.23099767640792,51633
2005-12-08,42.66025924682617,43.045385977721494,39.1052354454861,39.1052354454861,183333
2005-12-09,42.80838394165039,43.51938947288971,41.59375200380752,42.689884275455995,101067
2005-12-12,42.364009857177734,43.549014070132095,41.682628290988795,42.86763627097969,63333
2005-12-13,43.37126159667969,44.289642475604474,42.33438105283971,42.33438105283971,77433
2005-12-14,42.097381591796875,44.02301903408997,41.8307545212914,43.78601593796185,71200
2005-12-15,42.5417594909668,43.04538588403306,41.97887761584139,42.06775330485736,67733
2005-12-16,41.327125549316406,42.66026094038126,41.17900190611133,42.452885579672234,96100
2005-12-19,40.67536926269531,42.156628207299406,39.253362032008454,42.156628207299406,68900
2005-12-20,41.44562530517578,42.33437838662078,39.727363320457556,40.467992771846475,91333
2005-12-21,41.26787567138672,41.86037775060661,40.94199689089034,41.86037775060661,48633
2005-12-22,41.327125549316406,41.80113175527492,41.17900190611133,41.475252959558006,43667
2005-12-23,41.44562530517578,41.74187633232411,40.73461982639083,41.47524927777976,28533
2005-12-27,40.67536926269531,41.890001145226314,40.55686960189715,41.44562647547412,57100
2005-12-28,40.112491607666016,40.26061901057522,39.31261417965806,39.668113165974745,59533
2005-12-29,41.50487518310547,41.9196296540556,39.8754925743975,39.8754925743975,75567
2005-12-30,41.17900085449219,41.91963035271314,40.319871691326085,41.53450361636408,67400
2006-01-03,42.63063049316406,42.63063049316406,39.54961295214582,41.17899929327151,68433
2006-01-04,42.482505798339844,42.95650819534761,42.03812737394625,42.66025716809728,77467
2006-01-05,42.77875900268555,43.04538607089088,42.18625691803128,42.689883313283765,62533
2006-01-06,42.51213455200195,43.10464044017388,41.77150501706451,42.80838561256961,71833
2006-01-09,43.48976516723633,43.66751654869385,42.067754115576136,42.5713842853846,75033
2006-01-10,43.104637145996094,44.08226594785987,42.45288335574147,43.81563888361438,59800
2006-01-11,43.81563949584961,43.99339087449698,42.92688636964913,43.13426172239227,61233
2006-01-12,45.385772705078125,46.659656288797486,43.99338946174466,44.082265148214304,177167
2006-01-13,45.56352615356445,45.80052925062506,44.734020964406966,45.47465046304628,93967
2006-01-17,46.007904052734375,46.215279405770154,44.43776938382445,45.80052869969859,124233
2006-01-18,46.007904052734375,46.65965785301567,44.88214783106998,45.44502594190217,78333
2006-01-19,45.83015060424805,46.33377697702606,45.5338995751412,45.91902628968372,93567
2006-01-20,44.763648986816406,46.12640456059741,44.497021913588874,46.12640456059741,83633
2006-01-23,44.437767028808594,45.56352319081262,43.104635524758805,44.67477011045816,101667
2006-01-24,43.46013641357422,44.4081450149501,43.252761062381765,43.845266909121236,77867
2006-01-25,43.81563949584961,44.55626898453487,42.39363223370701,43.75639154765807,64167
2006-01-26,44.6451416015625,44.88214467912821,43.371258064598585,44.43776626309008,50367
2006-01-27,45.62277603149414,46.511529133832504,44.4673921013071,44.4673921013071,65800
2006-01-30,45.652400970458984,47.28178734309941,45.50427733378754,45.682024944386,79500
2006-01-31,45.68202590942383,45.68202590942383,44.85252071861672,45.622777960318174,50467
2006-02-01,47.42991256713867,47.69653964251429,45.00064868087614,45.77090216504804,102033
2006-02-02,45.62277603149414,47.54841340378169,44.763646902456166,47.22253462933222,96833
2006-02-03,46.21527862548828,46.689281038868494,45.030270708519595,45.20802208441671,83067
2006-02-06,45.94865417480469,46.60040800114814,45.059901011810815,46.60040800114814,57833
2006-02-07,45.20802307128906,46.57078239390334,44.46739357789554,45.94865256468259,44967
2006-02-08,46.4522819519043,46.65965730249332,44.437768859517455,45.23765005512185,95600
2006-02-09,44.55626678466797,46.689279456087284,44.43776712709917,46.689279456087284,67000
2006-02-10,43.84526443481445,45.11914421099131,42.54175691939896,44.43776648108108,94267
2006-02-13,41.17900085449219,43.28238968420989,40.29024394981248,43.28238968420989,140167
2006-02-14,42.86763381958008,42.89725779309892,40.616121423276425,41.178999522352335,76700
2006-02-15,42.689884185791016,43.16388661660949,42.33438142091804,43.16388661660949,31400
2006-02-16,42.067752838134766,43.16388506815856,41.5048747362906,42.68988265434433,53100
2006-02-17,41.80112838745117,42.393630446607965,41.68262496199084,42.393630446607965,35000
2006-02-21,41.09012222290039,41.80112769575224,40.76424345883124,41.59374858814635,56133
2006-02-22,40.941993713378906,41.62337519533969,40.645742696761026,41.001245423516906,58667
2006-02-23,40.67536926269531,41.14937167292427,40.49761788797992,40.73462097661254,33600
2006-02-24,41.71225357055664,42.51213099037261,40.26061859824425,40.46799394656422,49033
2006-02-27,41.80112838745117,42.15662736272351,41.23824653410513,41.68262496199084,29800
2006-02-28,39.16448974609375,41.741881136277584,38.83861470883742,41.475254051047884,111367
2006-03-01,41.119747161865234,41.74187696523511,39.105234119453634,39.16448583259618,128500
2006-03-02,41.35675048828125,42.186255641927104,40.82349636800114,41.17899911485455,76700
2006-03-03,40.734622955322266,41.89000318005935,40.734622955322266,40.941998313551515,46533
2006-03-06,39.46073913574219,41.14937350362818,39.43111516098377,40.73462278886452,57000
2006-03-07,38.33498001098633,39.84586288276026,37.83135364274041,39.51998788378612,69933
2006-03-08,39.22373580932617,39.37185943507082,38.12760365044982,38.39423069723348,54867
2006-03-09,38.03873062133789,40.230995091998025,37.77210355595736,39.51998958431661,55067
2006-03-10,38.12760925292969,39.10523813442004,37.77210647164715,37.92023388619375,57167
2006-03-13,38.98673629760742,39.04598801354244,38.246106800083645,38.57198558717159,30633
2006-03-14,39.1052360534668,40.40874367077993,38.98673638835736,38.98673638835736,76700
2006-03-15,38.89786148071289,39.46073961010803,37.80172919703714,39.46073961010803,62567
2006-03-16,40.142120361328125,40.91237383500366,39.13486379042511,39.40149086216736,77367
2006-03-17,39.9643669128418,40.527245001723834,39.69773985489196,40.527245001723834,89933
2006-03-20,41.35675048828125,41.4752501482203,40.082866901068634,40.142118614556296,63867
2006-03-21,40.64574432373047,41.771500492161856,40.260617610007756,40.64574432373047,58467
2006-03-22,41.88999938964844,42.06775075691441,40.31986859052593,41.53450042215263,41567
2006-03-23,41.0308723449707,42.956509741984156,40.91237268321127,42.956509741984156,52233
2006-03-24,41.41600036621094,41.593751747927264,40.497619483022085,41.03087362817105,45867
2006-03-27,41.23824691772461,41.62337740349905,40.171742447913964,41.41599829053243,22867
2006-03-28,40.941993713378906,41.445623831961754,40.734618378449994,41.17899678689484,38967
2006-03-29,42.097381591796875,42.1566295405516,40.467995194386624,40.941997619606454,53733
2006-03-30,41.47525405883789,42.30475929069611,40.941999888278325,42.30475929069611,40767
2006-03-31,41.327125549316406,42.215882476692975,40.64574774968539,41.89000368097606,31967
2006-04-03,40.61612319946289,41.94925480461852,40.58649545761209,41.327124964262204,32667
2006-04-04,41.00124740600586,41.32712240993139,39.84586348818423,40.823496034033305,56933
2006-04-05,40.55686950683594,41.445626378329756,40.082867097717994,41.030871915953874,37233
2006-04-06,40.349491119384766,40.94199314438621,40.14211578733786,40.82349349279312,30133
2006-04-07,40.1717414855957,40.912370932207665,40.053241828907915,40.43836853842035,39300
2006-04-10,39.72736358642578,41.208622499120416,39.253361186407844,40.319869411725364,46967
2006-04-11,38.74973678588867,39.96436870407679,38.601609380265266,39.69774163417651,41800
2006-04-12,39.4014892578125,39.69774029200673,38.51273238819352,38.720107735425856,35633
2006-04-13,39.4014892578125,39.964367352892424,38.808983422387755,39.25336185719724,33267
2006-04-17,39.37186050415039,40.88274714361682,38.927482080777914,39.1052334501269,52900
2006-04-18,40.67536926269531,40.793872690529774,38.660859960981334,39.49036512064107,51600
2006-04-19,40.230995178222656,41.149372271564324,39.87549242362002,40.586494165788935,45367
2006-04-20,41.208621978759766,41.327121635508846,39.99399013773223,40.023614110160466,46067
2006-04-21,40.023616790771484,42.24550528056922,39.638490055265706,41.564127499831024,70300
2006-04-24,38.66086196899414,39.99399358156504,38.66086196899414,39.87549391461211,56933
2006-04-25,37.890602111816406,39.105233973947236,37.56472710833557,38.66085931165848,66067
2006-04-26,38.48310852050781,38.89785921611083,37.77210302286117,38.12760577168449,54033
2006-04-27,38.36460494995117,38.54235632370063,37.09072512746173,38.21648131651747,82267
2006-04-28,38.30535888671875,38.69048562643235,37.8017287139883,38.24610717021032,43900
2006-05-01,37.26847839355469,39.46073916938511,37.09072701077973,38.542358280726624,47967
2006-05-02,36.37971878051758,37.890601654969615,35.31321056299648,37.26847562845183,97100
2006-05-03,36.32046890258789,37.00185044276108,35.96496614546038,36.23159321330601,60900
2006-05-04,35.90571975708008,36.261222529651015,35.69834439542588,36.23159478724574,72033
2006-05-05,36.73522186279297,37.53509926636834,35.994592404942445,36.11309206342839,91067
2006-05-08,36.02421569824219,37.12034787790926,35.87609206968803,36.70559343047808,57867
2006-05-09,35.698341369628906,36.43897082736365,35.579837944125266,35.90571671370594,56133
2006-05-10,34.5429573059082,35.727965186517935,34.30595799000798,35.55021381607466,82933
2006-05-11,33.92082977294922,35.016962041484014,33.506079058928734,34.957714092073346,86433
2006-05-12,33.23945236206055,34.6022117194922,32.883949593423026,33.71345479789841,72300
2006-05-15,32.40994644165039,33.239451627802026,31.906320041896663,33.180199911992474,84167
2006-05-16,32.883949279785156,33.29870376158529,32.46919856502149,32.49882253977991,58733
2006-05-17,32.261817932128906,33.150574803690155,31.935942923913974,32.94319945600462,71867
2006-05-18,31.84706687927246,32.79507168693885,31.461940161597756,32.29144531006491,71867
2006-05-19,31.876693725585938,32.43957186631382,31.461942997486055,31.876693725585938,46767
2006-05-22,31.52119255065918,31.995196876498763,31.165689777159066,31.87669344064102,66600
2006-05-23,31.55081558227539,33.03207449442883,31.402688184245562,31.55081558227539,40900
2006-05-24,31.81744384765625,32.261818524560745,30.484310399351862,31.580440755209008,66033
2006-05-25,32.469200134277344,32.795075173479034,31.402691786991856,31.402691786991856,57867
2006-05-26,32.85432434082031,33.92082883822465,32.617321248599154,32.73582467822791,69300
2006-05-30,31.55081558227539,34.00970326690981,31.55081558227539,32.58769606737555,77867
2006-05-31,32.5284423828125,32.58769409183971,31.40268628054743,31.758189000638712,63733
2006-06-01,33.32832717895508,33.50607855860575,31.9063199087861,32.76544906574008,41767
2006-06-02,33.71345138549805,33.83195104070412,32.97282194814691,33.68382741345556,55633
2006-06-05,31.787817001342773,33.80233015921378,31.698941310053275,33.56533082713276,67067
2006-06-06,31.787817001342773,32.32107114907977,31.55081766926175,32.29144717432876,62400
2006-06-07,30.869436264038086,31.995194329326193,30.810186434344438,31.669315557215803,59933
2006-06-08,31.284189224243164,31.728567661214065,30.06955734121357,30.810186813819637,61900
2006-06-09,31.313814163208008,31.817444329649106,30.60281052565004,31.75819261388062,37800
2006-06-12,29.24005126953125,31.284188248826485,28.943798359614867,31.165686708156315,83933
2006-06-13,29.15117645263672,30.810186770293495,29.032674908439173,29.506677318193066,159367
2006-06-14,29.743680953979492,30.069557852122376,29.210426820553945,29.654805265075233,52600
2006-06-15,30.928688049316406,31.106439433154492,29.921431463246073,30.1880585390032,57867
2006-06-16,29.891807556152344,31.07681364523299,29.684430313364324,30.92868811953769,118933
2006-06-19,28.854923248291016,30.365808033384475,28.706797732148864,30.128806830853406,54400
2006-06-20,29.714054107666016,30.188056510369176,28.351294845496774,29.00305050361127,61533
2006-06-21,29.80293083190918,30.039932041517584,29.565929622300775,29.62517945382333,37333
2006-06-22,29.44742774963379,30.21768308496986,29.18080068545767,29.862180332735033,33867
2006-06-23,29.9510555267334,30.128806899918697,29.180800204103146,29.5955527803628,33067
2006-06-26,30.928688049316406,31.047189599714546,30.128808705563255,30.128808705563255,38333
2006-06-27,29.980682373046875,31.10643859568884,29.714055304468033,31.10643859568884,45600
2006-06-28,30.869436264038086,30.928686093731738,29.921429571349055,30.09918094394813,72000
2006-06-29,33.00244903564453,33.03207677752002,30.810188255718714,31.491566046271316,66633
2006-06-30,32.706199645996094,33.061702430252026,31.728570756328935,33.061702430252026,97467
2006-07-03,32.706199645996094,32.97282673418805,32.02482182086333,32.97282673418805,23600
2006-07-05,32.35069274902344,32.587695830742945,31.758190695278948,32.587695830742945,42067
2006-07-06,32.49882125854492,32.558072972762275,31.93594315810719,32.439569544327576,33133
2006-07-07,31.81744384765625,32.49882161700799,31.402689377632665,32.49882161700799,26500
2006-07-10,31.935941696166992,32.58769545457709,31.758190328688226,31.84706601242761,25500
2006-07-11,31.610065460205078,32.02481993982112,30.217684031863097,32.02481993982112,55067
2006-07-12,30.484310150146484,31.728567899491054,30.247307059636714,31.343439290051297,31633
2006-07-13,29.625179290771484,30.365808773040772,29.447427913663947,30.365808773040772,38733
2006-07-14,28.795673370361328,29.80292989207178,28.321670966092217,29.447427147110886,75767
2006-07-17,28.469797134399414,28.85492386125385,27.936544888256204,28.85492386125385,46200
2006-07-18,29.180801391601562,29.773305365158176,28.499423611353755,28.706798966163554,32067
2006-07-19,30.8101863861084,30.95831190186968,29.0919243760195,29.121550232579008,49267
2006-07-20,29.269676208496094,31.106437906662954,29.00305102934135,31.07681204963769,34000
2006-07-21,28.76604652404785,29.38817630632436,28.351293963702865,29.269674767575196,41200
2006-07-24,29.417804718017578,30.069558528974017,28.85492471444772,29.091925929021134,39733
2006-07-25,29.3881778717041,29.980681829973904,29.003051146411906,29.358552014559255,28833
2006-07-26,28.914175033569336,29.565928813032414,28.766047633540165,29.210426066591413,32667
2006-07-27,28.736425399780273,30.27693425507556,28.736425399780273,29.240053693217206,46833
2006-07-28,29.625179290771484,30.099181707379465,28.884549808502197,29.03267532825242,56533
2006-07-31,30.45468521118164,30.75093625797377,29.06230190092583,29.477054496545747,60200
2006-08-01,29.180801391601562,30.484310886833395,29.03267586909196,30.454685028924192,59000
2006-08-02,29.358551025390625,30.217682018463123,29.21042551169346,29.477052566459214,46900
2006-08-03,29.417804718017578,29.62518007444998,28.91417643072974,29.18080161992594,42633
2006-08-04,29.3881778717041,30.128807348661812,28.58829856397486,29.625179078308392,39100
2006-08-07,28.795673370361328,29.565928689937227,28.44017062540043,29.447427147110886,39300
2006-08-08,28.173547744750977,29.26967815845626,28.143921885752025,29.032676937019488,36467
2006-08-09,28.173547744750977,29.003052961538813,27.966170498794877,28.529048635146996,56200
2006-08-10,28.973424911499023,29.328927658529338,27.906918553926218,28.084669927441375,43200
2006-08-11,28.795673370361328,29.26967577463044,28.173545450197885,28.88454905660155,32933
2006-08-14,28.884550094604492,29.56592975242641,28.825300262821166,29.151177162906745,32767
2006-08-15,29.477054595947266,29.625180119842835,28.91417647503317,29.299303213865294,29300
2006-08-16,29.625179290771484,29.862180499075475,29.24005256271727,29.625179290771484,32500
2006-08-17,29.3881778717041,30.21768303657819,29.358552014559255,29.447427702475633,38633
2006-08-18,29.625179290771484,29.98068204498656,29.26967653655641,29.59555343341417,29100
2006-08-21,29.358551025390625,30.158432189687876,29.21042551169346,29.9214291075507,43267
2006-08-22,29.29930305480957,29.743681507602126,28.884550460042586,29.71405564957655,35600
2006-08-23,28.64754867553711,29.417804017189372,28.380921609174614,29.299302470966648,35933
2006-08-24,28.44017219543457,28.795674960020925,28.143921147291426,28.706799268874335,39067
2006-08-25,28.114294052124023,28.35129525691483,27.966168534569537,28.2327955962785,61233
2006-08-28,28.321672439575195,28.58829951216759,27.7884182943904,28.469797963176006,41867
2006-08-29,29.417804718017578,29.477054550781375,28.084671237963683,28.529047808969498,58633
2006-08-30,33.32832717895508,33.74307788678238,30.89906334644442,30.89906334644442,366533
2006-08-31,34.779964447021484,34.868840142613266,33.23945364577617,33.68383212373507,195333
2006-09-01,34.66145706176758,35.55021391649442,34.54295740348274,34.987335830846156,111600
2006-09-05,36.14271926879883,36.26122270491962,35.37246576919647,35.52059318082918,165533
2006-09-06,34.394832611083984,36.08346681101399,34.33558090042402,36.08346681101399,146633
2006-09-07,35.1947135925293,36.379721557898044,34.06895734389175,34.157833035470325,160900
2006-09-08,34.83920669555664,35.7279635059682,34.72070704318044,35.55021214388589,123633
2006-09-11,35.72796630859375,36.05384131995007,34.898461142819045,35.16508820685766,59033
2006-09-12,36.52784729003906,37.1796010760291,35.994593165037315,35.994593165037315,103033
2006-09-13,36.97222137451172,37.17960048674974,36.409343284943326,37.14997274669503,70167
2006-09-14,36.49822235107422,37.35735531853515,36.201971292345476,37.32772757573666,47767
2006-09-15,36.58709716796875,37.32772668054721,36.29084611634466,36.88334821959283,78167
2006-09-18,38.03873062133789,38.48310906363877,36.79447098289541,37.061098048275944,87733
2006-09-19,37.14997100830078,37.8906004353955,36.29084192764101,37.801724753462686,68200
2006-09-20,37.5943489074707,38.364602295738386,37.38697357478879,37.5943489074707,60667
2006-09-21,36.9129753112793,38.06835552236654,36.88334756971337,37.74248050143287,50200
2006-09-22,36.14271926879883,37.090727922582374,35.994595624202674,37.090727922582374,56067
2006-09-25,36.67597198486328,36.94259905507268,36.11309387010002,36.14271784444449,42967
2006-09-26,37.564727783203125,38.2164815689101,36.35009589925088,37.03147365843298,91733
2006-09-27,37.6832275390625,38.21648166517589,37.0907254658496,37.62397582492668,46967
2006-09-28,37.1203498840332,38.06835471934372,37.001850221378476,37.97947903059359,52200
2006-09-29,36.37971878051758,37.7424780250047,36.26121912313841,37.0314725466573,89900
2006-10-02,35.846466064453125,37.327725023868844,35.55021502597725,36.43897190844122,80100
2006-10-03,35.342838287353516,36.02421602578469,34.957711575760406,35.55021362943654,85633
2006-10-04,36.853721618652344,37.00184901742831,35.105835641462576,35.40208667197828,61133
2006-10-05,36.97222137451172,37.59435117715329,36.43897102499804,37.0314730875849,42000
2006-10-06,37.179603576660156,37.50547860805477,36.43897405335646,37.23885152762106,36000
2006-10-09,36.35009765625,37.505477882061534,35.81684350570476,37.179602856974874,60000
2006-10-10,36.58709716796875,36.853724244541375,36.024219039772035,36.55747319291729,34200
2006-10-11,35.99459457397461,36.58709666914468,35.90571888299546,36.32046959620721,46200
2006-10-12,37.209224700927734,37.298100387595404,36.083468514494726,36.113092487705195,41133
2006-10-13,37.475852966308594,37.742480034887436,37.090726234040176,37.32772556141933,45933
2006-10-16,38.69048309326172,39.22373720581456,37.475851237137725,37.77210226621056,90467
2006-10-17,39.99399185180664,40.67536961611175,38.48310892063446,38.51273289433232,158500
2006-10-18,40.142120361328125,41.47525195300293,39.756989857453924,40.764246428356934,100433
2006-10-19,40.142120361328125,40.467995382099915,39.727365882939154,40.260620026423645,49167
2006-10-20,40.05324172973633,40.85311911919361,39.66811125414131,40.349492754240366,82000
2006-10-23,40.497615814208984,41.445624353158294,40.112489111059,40.20136479386562,60833
2006-10-24,40.58649444580078,41.001248918044084,39.9939923620662,40.91237322878026,48533
2006-10-25,41.23824691772461,41.26787465788342,39.99399107510615,40.5864931397747,39633
2006-10-26,44.7340202331543,44.911771611285,41.80113002807042,42.21588073235115,231133
2006-10-27,41.741878509521484,44.91177182271455,41.475251441070235,44.91177182271455,173233
2006-10-30,41.65300369262695,41.89000302485759,39.993993298866606,41.32712490201424,125267
2006-10-31,41.386375427246094,42.86763439567586,41.238248023588575,41.89000181901621,56333
2006-11-01,39.905113220214844,41.83075047630079,39.727361857066235,41.47524775000357,88667
2006-11-02,38.512733459472656,39.57924173268167,37.8609796593015,39.57924173268167,137333
2006-11-03,39.13486099243164,39.519987701734316,38.27572812256364,38.27572812256364,58133
2006-11-06,40.88275146484375,40.91237544052105,39.01636188940561,39.69774346627617,71533
2006-11-07,42.008506774902344,42.956511645049154,41.06050190475553,41.14937382973508,144433
2006-11-08,42.097381591796875,42.334380920888584,41.47525176061742,41.8307545212914,50767
2006-11-09,41.17900085449219,42.66025985093409,40.43837135627124,42.215881398594234,48933
2006-11-10,40.97162628173828,41.53450440977565,40.46799610378706,41.17900164111279,31233
2006-11-13,41.35675048828125,42.364007015353806,40.79387239477545,40.82349636800114,57400
2006-11-14,42.77875900268555,42.77875900268555,41.741878471022396,42.1566291768731,64033
2006-11-15,42.601009368896484,43.37126286390528,42.09738295301455,42.77876075498106,45233
2006-11-16,41.88999938964844,42.95650759324426,41.593748366550535,42.66025657014636,39500
2006-11-17,43.045387268066406,43.10463898499429,41.17900150575766,41.56412824819768,58167
2006-11-20,43.69713592529297,43.69713592529297,42.21587708036778,42.630627748769534,46833
2006-11-21,43.19351577758789,43.78601789381978,43.01576438931101,43.48976683570384,36733
2006-11-22,43.90451431274414,44.17114137541704,43.19351257931939,43.19351257931939,74067
2006-11-24,43.69713592529297,44.141514332177735,42.808379111523436,44.141514332177735,20533
2006-11-27,41.59375,43.400887715827686,41.53450205327535,43.34163600206675,76400
2006-11-28,41.0308723449707,41.9492531994381,41.001248371289925,41.356751123604575,76167
2006-11-29,42.838008880615234,42.95650853905628,40.912371537526155,41.20862256714688,90167
2006-11-30,44.11188888549805,44.23039231151478,41.56412549871815,42.541758044656866,122900
2006-12-01,42.27513122558594,44.14151687498034,42.0677521124028,44.14151687498034,58667
2006-12-04,42.689884185791016,43.63788904742796,41.77150329888133,42.008506397808794,56533
2006-12-05,42.66025924682617,43.549012371883904,42.21588080077912,42.63063150573212,43900
2006-12-06,41.50487518310547,42.63063139891296,41.32712380513204,42.27513241000246,53467
2006-12-07,41.17900085449219,42.12700570812626,41.030873448033425,41.35675223542813,52200
2006-12-08,41.56412887573242,42.60100945188804,40.97162676565394,41.03087471643986,55067
2006-12-11,41.62337875366211,41.771502391115895,41.17900030722799,41.20862428131147,26967
2006-12-12,41.327125549316406,41.741880037770976,41.23824985657875,41.35675329158664,27600
2006-12-13,40.260616302490234,41.652999481441576,39.371859478888915,41.47524811672131,76667
2006-12-14,40.8234977722168,41.17900053129852,40.05324430556401,40.230995685104865,46833
2006-12-15,39.57924270629883,41.119749671669666,39.51999098953977,41.119749671669666,57367
2006-12-18,39.16448974609375,40.20137034396262,39.01636233195393,39.51999252640002,53667
2006-12-19,38.512733459472656,39.07561157020973,38.27573036530297,38.89786019134156,63633
2006-12-20,38.8386116027832,39.6977407417915,38.42385713658299,38.42385713658299,42600
2006-12-21,37.564727783203125,38.92748330156732,37.416600381754876,38.74973569368024,67833
2006-12-22,36.97222137451172,37.564727204134826,36.67597034321829,37.564727204134826,78667
2006-12-26,36.17234420776367,37.890602460937224,35.87609317449612,37.03147333435045,120967
2006-12-27,36.73522186279297,37.475851320643486,35.72796534807191,36.08346809056596,83067
2006-12-28,36.70559310913086,37.090723580886724,36.17234277715374,36.79446879229973,86000
2006-12-29,35.81684494018555,37.06110090758763,35.490966135010815,36.55747447881543,114700
2007-01-03,35.07621383666992,36.14271836585701,34.30596035631056,35.96496698315308,133633
2007-01-04,34.27633285522461,34.92808667403744,34.068957496292455,34.809587007081426,99133
2007-01-05,33.387577056884766,34.54295719398629,32.94319863221641,34.068954796685446,105767
2007-01-08,33.59495544433594,34.27633324589476,32.824701949788,33.7430790879601,90433
2007-01-09,33.387577056884766,34.03933082405295,33.061698289782576,33.74307602958325,81067
2007-01-10,33.68383026123047,33.98008130781003,32.97282473581037,33.32832749852042,55467
2007-01-11,34.424461364746094,35.19471487513992,34.06895858547614,34.48370931660001,86067
2007-01-12,34.66145706176758,35.07621151631884,34.365206032537365,34.57258137629489,53233
2007-01-16,34.15782928466797,35.52058848355201,34.15782928466797,34.987334392636164,73533
2007-01-17,33.387577056884766,34.33558185148645,33.387577056884766,34.246706166552784,51700
2007-01-18,32.765445709228516,33.53569909745195,32.64694605727938,33.41719944550281,68833
2007-01-19,33.565330505371094,33.74307811920972,32.76544929143336,32.85432498187089,56300
2007-01-22,33.180198669433594,33.50607744362773,32.58769660167224,33.50607744362773,50967
2007-01-23,33.743080139160156,33.83195583491802,33.120954035891785,33.23945370789005,51400
2007-01-24,34.394832611083984,34.483704526519794,33.12094908466545,33.772702833780684,54433
2007-01-25,33.50607681274414,34.3355819522131,33.32832544235535,34.06895489662991,48533
2007-01-26,33.032073974609375,33.65420376269362,32.854322606585306,33.53570033932014,37800
2007-01-29,33.032073974609375,33.59495205100688,32.64694726623594,33.061697946934665,45800
2007-01-30,32.883949279785156,33.446827402413824,32.79507358847345,33.12095237896187,26000
2007-01-31,32.765445709228516,33.20982411283281,32.5876943477868,32.85432138994938,61067
2007-02-01,33.891204833984375,34.12820792599329,32.91357602615894,32.91357602615894,64267
2007-02-02,34.00970458984375,34.305959397427344,33.47645422367328,34.217083708559535,45567
2007-02-05,34.06895446777344,34.365205492346846,33.56532810270226,33.92082707196866,34667
2007-02-06,34.69108581542969,34.98733685331755,34.15783168700974,34.187455660687625,42867
2007-02-07,35.579837799072266,36.20196759580327,34.80958437161992,34.95771176937747,113167
2007-02-08,35.461341857910156,35.9353443065654,34.80958802012962,35.402090139189525,61967
2007-02-09,35.342838287353516,36.05383999835764,34.6318328093132,35.55021362943654,67400
2007-02-12,35.490962982177734,35.84646573186492,34.98733659814509,34.98733659814509,53433
2007-02-13,35.55021667480469,35.96496739449989,35.07621423785167,35.49096495754687,39267
2007-02-14,35.31321334838867,35.87609524116946,35.0465900400142,35.78721954936581,37067
2007-02-15,35.579837799072266,35.787216909340074,35.105835400098805,35.49096211382498,43867
2007-02-16,35.66871643066406,35.7279681480687,34.89846293958644,35.579840738075376,33567
2007-02-20,35.935340881347656,36.05384054045739,35.28358710568977,35.816841222237926,38967
2007-02-21,37.890602111816406,38.5127319128714,36.024216475687666,36.024216475687666,88733
2007-02-22,38.80898666381836,39.04598977119065,38.097984875774685,38.097984875774685,65767
2007-02-23,39.84586715698242,40.23099767640792,38.80898656969613,39.045989676493626,100933
2007-02-26,38.92748260498047,39.81623946369355,38.74973500027409,39.72736377782224,113133
2007-02-27,35.490962982177734,38.21648155175529,34.69108556241787,37.890602775529935,162233
2007-02-28,35.55021667480469,36.55747326596853,34.957714570372545,35.84646772702076,125333
2007-03-01,36.02421569824219,36.49821809028057,34.36520544258978,34.809583862324565,77133
2007-03-02,34.69108581542969,36.40934409540109,34.36520703682761,35.57983892909328,72000
2007-03-05,33.357948303222656,34.779959218936014,33.328324331490656,33.92082636834717,93400
2007-03-06,35.461341857910156,35.72796894159809,33.506080344568545,33.71345570953585,129200
2007-03-07,35.609466552734375,36.17234465298164,34.95771276470931,35.579838812117565,49767
2007-03-08,35.461341857910156,36.231595366095355,35.046591127975546,36.231595366095355,77867
2007-03-09,35.72796630859375,35.876093710960646,35.25396389487054,35.876093710960646,38567
2007-03-12,35.63909149169922,36.231593581576554,35.25396475657531,35.72796718188446,40100
2007-03-13,33.71345138549805,35.72796435918181,33.53570001917088,35.402085598569975,74933
2007-03-14,34.95771408081055,35.07621374663015,33.56533076456166,33.56533076456166,49100
2007-03-15,34.72071075439453,35.520591969262334,34.45408368277193,34.957713851515656,42700
2007-03-16,35.461341857910156,36.20197139025334,34.750336301408986,36.20197139025334,88100
2007-03-19,34.987335205078125,35.727964648425186,34.779959865029625,35.10583486124353,30533
2007-03-20,35.04658889770508,35.372463912339235,34.77996183098457,34.77996183098457,29733
2007-03-21,36.853721618652344,37.29810004794402,34.839208583887576,35.105835641462576,72667
2007-03-22,36.616722106933594,37.357351562814586,36.17234367999775,36.70559402528455,46267
2007-03-23,37.920230865478516,38.009106553719334,36.646347256372174,36.85372260658865,58667
2007-03-26,38.542354583740234,38.77935766038565,37.74247720501369,38.06835219748552,65467
2007-03-27,38.186851501464844,38.80898127578691,37.77210082994085,38.57198196835493,61267
2007-03-28,38.157230377197266,38.394233469351164,36.14271727851633,37.77210364860398,75567
2007-03-29,38.89786148071289,38.89786148071289,37.09072742503283,38.57198645334352,82933
2007-03-30,38.27573013305664,39.40149011473638,37.77210374067695,38.30535787404582,54267
2007-04-02,38.80898666381836,38.80898666381836,37.62397866103011,38.57198732348267,59500
2007-04-03,39.54961395263672,39.69774135722672,38.83861220489932,38.957111868349486,70367
2007-04-04,40.379119873046875,40.497619538675124,39.431115013948,39.72736606153684,62600
2007-04-05,39.905113220214844,41.03086934213203,39.727361857066235,40.290239918024824,61067
2007-04-09,39.519989013671875,39.93473970913973,39.016358863990874,39.90511573575953,53367
2007-04-10,39.1052360534668,39.49036655738623,38.80898500717498,39.431114841313295,34167
2007-04-11,39.34223937988281,39.549614736791355,38.69048556742991,39.312615405192005,38200
2007-04-12,39.25336456298828,39.54961561760352,38.80898609754714,39.07561317681183,38133
2007-04-13,40.05324172973633,40.082865702075885,39.282984545582444,39.51998762540737,41000
2007-04-16,42.423255920410156,42.423255920410156,39.99399211806808,40.58649419818788,158500
2007-04-17,41.71225357055664,42.364007356016764,41.17899944598846,42.364007356016764,75933
2007-04-18,42.12700271606445,42.36400579615809,41.47524895460215,41.5345006663846,48867
2007-04-19,40.497615814208984,42.18625378753475,40.349492187555356,41.949250711038395,57133
2007-04-20,41.77150344848633,41.89000311485624,40.941998249824,41.62337980728306,58900
2007-04-23,41.09012222290039,41.94925132457227,41.03087051115068,41.26787359111336,55100
2007-04-24,40.290245056152344,41.14937424290949,39.54961553759426,41.14937424290949,60667
2007-04-25,41.86037826538086,42.27513273956427,40.408743256293526,40.49761894597309,63233
2007-04-26,41.00124740600586,41.919628238852,40.52724500309112,41.77150083986279,46033
2007-04-27,40.734622955322266,41.090125722021824,40.20136880527293,40.882750363792574,47167
2007-04-30,39.63848876953125,41.06049976778002,39.40148944784732,40.4679939294976,68900
2007-05-01,40.734622955322266,40.882750363792574,39.43111532211487,39.78661808881443,62433
2007-05-02,40.43837356567383,41.11975138513194,40.31987389425429,40.61612495632145,36533
2007-05-03,39.99399185180664,42.36400769058008,39.90511616367673,40.497618239851924,62133
2007-05-04,42.03812789916992,42.06775187215422,40.02361486144047,40.02361486144047,58933
2007-05-07,41.386375427246094,42.36400800390573,40.31987092883557,41.741878182395055,101500
2007-05-08,40.40874099731445,41.38637352913679,40.112489970622775,41.35674955657848,49167
2007-05-09,41.0308723449707,41.44562681168323,40.11249149050331,40.14211923122041,35567
2007-05-10,39.72736358642578,41.32712215736584,39.72736358642578,40.58649270101853,50967
2007-05-11,40.467994689941406,40.67537004207076,39.253362784137,39.519989851318904,47767
2007-05-14,35.698341369628906,40.70499620255284,34.86883622628455,39.66811194809523,344967
2007-05-15,35.253963470458984,36.91297378203609,34.86883674938507,35.69834190517361,164667
2007-05-16,34.95771408081055,35.43171651112544,33.624578713953234,35.28358910357358,157067
2007-05-17,35.253963470458984,35.579838477892196,34.3059586544253,34.89846072268728,75533
2007-05-18,35.13546371459961,35.461338721146014,34.15783116088785,35.461338721146014,74233
2007-05-21,34.33558654785156,34.95771642748116,33.802332365311905,34.898464707075625,92367
2007-05-22,34.75033187866211,35.076210639595416,33.92082675732912,34.12820586293946,73133
2007-05-23,34.868839263916016,35.846468123752636,34.63183615929822,35.01696290814516,69333
2007-05-24,34.09857940673828,35.10583593247026,33.71345268717175,34.69108523971747,73700
2007-05-25,34.12820816040039,34.246707823700575,33.44682662059247,33.89120506676364,48867
2007-05-29,33.772705078125,34.21708352001539,32.73582455840497,34.21708352001539,87200
2007-05-30,34.57258224487305,34.69108567317131,32.73582431068579,33.18019898217717,62833
2007-05-31,34.75033187866211,35.10583461166713,34.06895415175992,34.8688353010212,40733
2007-06-01,34.27633285522461,34.92808667403744,34.03933352131258,34.77996303210154,48233
2007-06-04,33.772705078125,34.86883731244253,33.53570198677134,34.365207155954636,45900
2007-06-05,33.80232620239258,34.27632857810548,33.35794779796298,33.4171995075656,69733
2007-06-06,34.21708297729492,34.246706950605635,33.180198706984676,33.4172017945792,52633
2007-06-07,32.765445709228516,34.80958259877226,32.70619399973594,33.95045352982797,89867
2007-06-08,34.12820816040039,34.187456108532295,32.617321443418405,32.70619713265264,57233
2007-06-11,33.357948303222656,34.12820547157942,33.26907262099057,34.12820547157942,33100
2007-06-12,32.82469940185547,33.743076468740924,32.64694802967474,33.32832577834338,56200
2007-06-13,33.00244903564453,33.654206618394596,32.73582572802047,32.97282506080552,37133
2007-06-14,32.85432434082031,33.32832675822628,32.73582467822791,32.88394831470932,39633
2007-06-15,35.4020881652832,35.46133988070015,33.47645450218734,33.98008089860401,103067
2007-06-18,33.44682693481445,34.83921023454086,33.35795124474526,34.661458854402476,86533
2007-06-19,33.980079650878906,34.33558239625399,33.50607724605755,33.62457690550382,89500
2007-06-20,33.387577056884766,34.66145685155245,33.18019794734874,34.5133332213538,51700
2007-06-21,33.891204833984375,33.95045654874569,32.79507259663631,33.09132363637019,43833
2007-06-22,34.03933334350586,34.80958682525124,33.09132471170023,33.68383057745831,730167
2007-06-25,33.41720199584961,34.60220990688695,33.18019890682762,33.772704745864445,96400
2007-06-26,32.91357421875,33.74307557763926,32.73582285126341,33.62457592166024,54600
2007-06-27,33.032073974609375,33.180197603272,32.73582295024798,32.972822262922634,51700
2007-06-28,32.82469940185547,33.772704208795204,32.79507166180119,33.18019837918069,68133
2007-06-29,33.180198669433594,33.56532915721837,32.67657228854007,32.82469968899855,43167
2007-07-02,33.180198669433594,33.29870209661488,32.67657228854007,33.29870209661488,55033
2007-07-03,33.269073486328125,33.47645259495436,32.883946775650536,33.15057382928183,29233
2007-07-05,32.883949279785156,33.59495481027882,32.79507358847345,33.59495481027882,36733
2007-07-06,33.71345138549805,33.77270309661914,33.09132160335298,33.18019728651656,52667
2007-07-09,32.943199157714844,33.74307656784105,32.883947444468504,33.71345259473601,51467
2007-07-10,32.202571868896484,33.002449333049796,32.143320151648034,32.765449998129,90567
2007-07-11,32.23219299316406,32.46919607415917,31.99519367920513,32.14331730867042,50367
2007-07-12,32.43956756591797,32.58769495890926,32.29144393996276,32.32106791174658,46333
2007-07-13,32.58769607543945,33.09132244820031,32.43956867737297,32.61732004823826,37667
2007-07-16,32.97282409667969,33.061699785634474,32.143318922113814,33.061699785634474,56267
2007-07-17,32.61732482910156,33.00245160008067,32.29144977944107,33.00245160008067,60500
2007-07-18,32.291446685791016,32.58769772992854,31.40268978634204,32.291446685791016,56467
2007-07-19,31.90631866455078,32.55807244217499,31.6396916054723,32.55807244217499,40067
2007-07-20,30.69168472290039,31.876690727856747,30.6028090370889,31.610063670422274,81400
2007-07-23,32.58769607543945,32.79507141910356,30.780560277505806,30.839810106621535,136633
2007-07-24,31.995195388793945,32.70619713569764,31.72856832106642,32.409946093901404,65967
2007-07-25,31.55081558227539,32.380320723762765,30.839810098990153,32.26181729852441,54733
2007-07-26,30.899063110351562,31.402689504156104,30.691685874504234,30.92868708438819,70500
2007-07-27,30.513933181762695,31.40268815142217,30.513933181762695,30.66205869611959,46400
2007-07-30,29.83255386352539,31.106437443887582,29.654804374572688,30.543559353408707,89567
2007-07-31,29.59555435180664,30.30655988230031,29.59555435180664,30.247308165747015,76267
2007-08-01,29.654804229736328,30.217682317466064,29.269675630091157,29.684428202658033,60400
2007-08-02,29.921430587768555,30.36580903436161,29.388178335375077,30.010306277087164,27833
2007-08-03,29.121551513671875,30.0695582465807,29.06230168146451,30.0695582465807,48967
2007-08-06,28.64754867553711,29.50667782245869,28.469797297962113,29.477053848541644,66367
2007-08-07,31.432313919067383,31.521189604134527,28.173545078332406,28.529045935082888,76700
2007-08-08,33.47645568847656,33.86158243474329,31.313815087076442,31.432316638591423,142233
2007-08-09,33.772705078125,34.92808526000369,32.55807318164881,32.64694887002689,115100
2007-08-10,33.624576568603516,33.920827597769055,31.906318339221663,33.29870156663229,56467
2007-08-13,33.09132385253906,33.920829029434465,31.965567633974523,33.920829029434465,30467
2007-08-14,31.55081558227539,32.82469915081604,31.106437155222117,32.82469915081604,38567
2007-08-15,31.876693725585938,32.46919960906138,31.047190385867882,31.13606608003737,38300
2007-08-16,31.96556854248047,32.321071309401866,29.773305874674424,31.106439367111417,59567
2007-08-17,32.558074951171875,33.29870447223011,31.876693380894906,32.646950644380325,35133
2007-08-20,31.81744384765625,32.73582470945523,31.2249398835745,32.67657299458433,32633
2007-08-21,31.995195388793945,32.2618186894851,31.432315395751992,31.995195388793945,24900
2007-08-22,32.14331817626953,32.58769661073222,31.698939741806836,32.26181783644749,25833
2007-08-23,32.23219299316406,32.7358231276401,31.1064368342687,32.558071758652815,49400
2007-08-24,32.084068298339844,32.32106760442916,31.343436990979622,32.17294397988235,31633
2007-08-27,32.646949768066406,33.15057617137152,32.08407164853392,32.261819263143146,37600
2007-08-28,31.10643768310547,32.97282334136599,30.60280941840444,32.73582402093979,39300
2007-08-29,30.721311569213867,31.698940377604178,30.425058645790635,31.10643829779407,49900
2007-08-30,30.513933181762695,30.958311608351487,29.98068095337425,30.454683352723556,39300
2007-08-31,30.513933181762695,31.313812466104412,30.513933181762695,31.165686951747517,31300
2007-09-04,31.04718780517578,31.04718780517578,30.484309711235227,30.513933684483803,45300
2007-09-05,30.573183059692383,30.780560286938144,30.099180659585084,30.69168460147826,33733
2007-09-06,30.39543342590332,30.63243462481555,29.95105500074408,30.63243462481555,25633
2007-09-07,30.15843391418457,30.51393479068212,29.714055464164876,30.36580926851496,25433
2007-09-10,29.684429168701172,30.276933132153037,29.62517933741144,30.276933132153037,31267
2007-09-11,29.980682373046875,30.217683583944225,29.62517961494175,29.62517961494175,44567
2007-09-12,29.773305892944336,30.27693418521928,29.62518036780894,29.62518036780894,25400
2007-09-13,29.59555435180664,29.951057117053473,29.59555435180664,29.951057117053473,34400
2007-09-14,29.921430587768555,30.15843368163031,28.617922989119844,29.5659297140123,59400
2007-09-17,29.684429168701172,30.09918175476566,29.62517933741144,29.773304857394862,25267
2007-09-18,29.714054107666016,29.773303937124382,29.21042584847461,29.773303937124382,65500
2007-09-19,30.336183547973633,30.454685096354616,29.18080145621145,29.77330543107994,48933
2007-09-20,30.899063110351562,31.07681260512589,30.128807765590064,30.21768345473632,31133
2007-09-21,30.721311569213867,31.076812440396296,30.513934334465787,30.928686920443766,47867
2007-09-24,30.513933181762695,31.254562637065277,30.425057496444936,30.66205869611959,46633
2007-09-25,31.491565704345703,31.491565704345703,30.217683945107183,30.365809468248656,52500
2007-09-26,31.22494125366211,31.81744524374174,30.72131295627034,31.521192306942794,39700
2007-09-27,31.639692306518555,31.817443683176013,31.224939722157213,31.610064565718087,36067
2007-09-28,31.52119255065918,31.698942053890963,30.543561807052136,31.550818409623616,60200
2007-10-01,30.839811325073242,31.46194114768153,30.66205994718516,31.46194114768153,29800
2007-10-02,30.780561447143555,31.521190931546897,30.51393438071399,30.780561447143555,35733
2007-10-03,30.336183547973633,31.13606476162929,30.217683883110862,30.632436477166983,39933
2007-10-04,31.10643768310547,31.40268871715636,30.48430975819134,30.513933731485544,35800
2007-10-05,30.839811325073242,31.491565121650755,30.42505873784044,31.491565121650755,29700
2007-10-08,31.017562866210938,31.19531424503455,30.63243613443857,31.04718872385427,26367
2007-10-09,32.469200134277344,32.587699806074625,30.869439496867436,31.017565028373202,98833
2007-10-10,31.84706687927246,32.883947373097335,31.61006379383774,32.79507168693885,51400
2007-10-11,31.69894027709961,32.73582456403429,30.958312679685207,31.90631939470835,60033
2007-10-12,31.40268898010254,31.935943106081044,31.313813292439455,31.66931604309179,29633
2007-10-15,31.40268898010254,31.610064328970967,30.83981088058178,31.580440355428706,61167
2007-10-16,30.128807067871094,31.254563259629318,29.684428632430667,30.89906239479512,80733
2007-10-17,30.099180221557617,30.6916841548282,30.03993039328598,30.36580727405709,39433
2007-10-18,30.24730682373047,30.95831232267815,30.09918130595575,30.09918130595575,40267
2007-10-19,29.654804229736328,30.573183177153304,29.62517837329651,30.09918077522491,52000
2007-10-22,30.721311569213867,30.987936751721143,29.477053811279923,29.62517933123245,52733
2007-10-23,30.780561447143555,30.928686967320587,30.128807651550073,30.810187304586233,32533
2007-10-24,31.04718780517578,31.13606349195778,29.891805760527962,30.721310914814506,46267
2007-10-25,30.188058853149414,31.076813898070263,29.980683492192462,31.047189922801138,25800
2007-10-26,31.610065460205078,31.69894115104877,30.336183697309206,30.36580955542984,65233
2007-10-29,31.639692306518555,32.14331869569045,31.136064033828486,31.84706765694014,56633
2007-10-30,31.639692306518555,31.93594334526887,30.750935423231272,31.37306524153237,67233
2007-10-31,31.432313919067383,31.817442515531045,30.95831152105468,31.580439433006593,38533
2007-11-01,30.69168472290039,31.491564011685696,30.247306293842936,31.254562810694424,48567
2007-11-02,30.24730682373047,31.047188010046607,29.951055788181034,31.047188010046607,37367
2007-11-05,30.24730682373047,30.928686465715945,29.891805957774775,29.951055788181034,47767
2007-11-06,30.662059783935547,30.7509354724064,29.92143030235722,30.18805736776978,24667
2007-11-07,29.773305892944336,30.39543573543854,29.62518036780894,30.01030710986462,47967
2007-11-08,29.80293083190918,30.662059981299873,29.032675488043225,30.010306183997212,83000
2007-11-09,30.099180221557617,30.513932786495218,29.32892680347213,29.62517782834838,53533
2007-11-12,29.654804229736328,30.276932146827587,29.180799944289816,30.039930945863386,45067
2007-11-13,30.010305404663086,30.09918109139801,29.1808002508159,29.77330420120934,61933
2007-11-14,30.128807067871094,30.78056085083829,29.862180006606838,30.128807067871094,37300
2007-11-15,29.654804229736328,30.365807832628924,29.328927342970793,29.92142940362223,27833
2007-11-16,29.328929901123047,29.862182178924737,28.73642590527362,29.862182178924737,47500
2007-11-19,28.617921829223633,29.269675602132136,28.617921829223633,29.032674401394328,38467
2007-11-20,29.0919246673584,29.59555293280481,28.529046571717743,28.617922258768175,58000
2007-11-21,28.38092041015625,29.299301233149137,28.38092041015625,28.88454866416906,24333
2007-11-23,28.914175033569336,29.032674693370915,28.380920913907833,28.499422457227546,13467
2007-11-26,27.43291664123535,29.091925095729607,27.25516526451714,28.73642422581135,44067
2007-11-27,27.43291664123535,28.410547329667352,27.225539407224716,27.6995418227945,42133
2007-11-28,28.38092041015625,28.469796095188986,27.34403992946511,27.34403992946511,37467
2007-11-29,27.906917572021484,28.736422696893992,27.8772917163053,28.203168595111066,27767
2007-11-30,28.469797134399414,28.85492386125385,28.173546095821873,28.203170069568724,32733
2007-12-03,27.047786712646484,28.410545945409076,26.988536884466658,28.410545945409076,46267
2007-12-04,26.87003517150879,27.225537905333987,26.840411199368734,27.018162566281333,27133
2007-12-05,26.484909057617188,27.16628868484179,25.77390545759028,27.07741299939866,87167
2007-12-06,26.544160842895508,27.077414994852106,25.95165874096806,26.33678548392455,57100
2007-12-07,26.12940788269043,26.633036169228767,26.040534075436106,26.514536503877522,66267
2007-12-10,26.010906219482422,26.92928703124717,25.92203053553628,25.951656391357684,67767
2007-12-11,25.83315658569336,26.544160221471984,25.566529515957047,26.07015779761957,57633
2007-12-12,25.1814022064209,26.366410122483263,25.1814022064209,26.18865874672209,43700
2007-12-13,25.151775360107422,25.744279294836335,24.885150190469783,25.092525531689954,49700
2007-12-14,24.885150909423828,25.655404351658447,24.67777367869426,25.1814019435882,36267
2007-12-17,23.7593936920166,25.359154231297897,23.70014385975232,24.618524735680637,62533
2007-12-18,24.52964973449707,25.122153724336368,23.70014452542571,23.70014452542571,63667
2007-12-19,24.67777442932129,24.855525808633853,24.05564648524551,24.233397864558075,43767
2007-12-20,24.588897705078125,25.47765268072806,24.588897705078125,24.974026305223653,55667
2007-12-21,26.33678436279297,26.366410220035498,24.76664971578422,24.944401092203044,71100
2007-12-24,27.107040405273438,27.373665593326145,26.307159190560665,26.45528659711221,45200
2007-12-26,27.49216651916504,28.055044624053412,26.929288414276666,26.929288414276666,55667
2007-12-27,26.277536392211914,28.143922209708855,26.218284673531983,27.8476711503824,42300
2007-12-28,27.107040405273438,27.107040405273438,25.68503124041339,26.603412120145542,70067
2007-12-31,26.0405330657959,27.107039430197748,25.65540445954096,26.662660993564415,78800
2008-01-02,25.359153747558594,26.18865891750813,25.2406522017723,26.159033060182015,33600
2008-01-03,25.655405044555664,26.603411769817917,25.18140262368363,25.18140262368363,49033
2008-01-04,24.2333984375,26.159034030704127,24.14452274574246,25.299904855072235,45367
2008-01-07,24.47039794921875,25.270277235781755,23.996393665035015,24.292646578089613,41967
2008-01-08,23.433515548706055,24.707399117816575,23.403891575901323,24.114895175986522,49833
2008-01-09,24.737024307250977,24.766650165030892,23.107639799719642,23.31501703714265,78133
2008-01-10,25.240652084350586,25.596154836537465,24.11489588044969,24.618524151541713,42033
2008-01-11,23.99639320373535,25.596153629626144,23.93714337567068,25.596153629626144,43933
2008-01-14,24.47039794921875,24.67777329319067,23.877894006627663,24.085269350599585,40267
2008-01-15,23.670516967773438,24.70739934645052,23.670516967773438,24.70739934645052,32300
2008-01-16,23.670516967773438,24.174145228813483,23.137264733654526,23.137264733654526,37267
2008-01-17,23.22614097595215,23.966770456944108,23.10763943024544,23.700143391742643,32733
2008-01-18,22.189258575439453,23.61126770652052,21.685630302274948,23.078015459563975,75133
2008-01-22,20.767250061035156,21.952256028383303,20.67837437804429,21.596755179937887,73600
2008-01-23,19.789621353149414,20.737626219075544,18.160234929121746,20.619124669075656,192600
2008-01-24,20.70800018310547,20.915377422947255,19.789621183434836,19.789621183434836,68533
2008-01-25,20.50062370300293,21.478254365333886,20.293246474528907,21.300502993361327,39867
2008-01-28,21.004253387451172,21.063503220955784,20.14512232580216,20.382123543338864,30033
2008-01-29,20.767250061035156,21.300502275462307,20.411747329071684,21.004251254504787,26600
2008-01-30,20.382122039794922,20.885750296228217,20.29324635433504,20.73762478163445,33267
2008-01-31,20.94499969482422,21.537503624538097,20.14512042564542,20.14512042564542,60533
2008-02-01,21.419004440307617,21.744881326297662,21.033875841578933,21.122751527168777,53600
2008-02-04,20.885751724243164,21.685631064553892,20.737626199521657,21.300504323574327,29533
2008-02-05,20.4117488861084,21.21162821052407,20.32287319633797,20.796875619434797,43800
2008-02-06,20.322872161865234,20.767250588097678,20.29324630561037,20.5894992176047,33500
2008-02-07,20.382122039794922,20.559873410714687,19.996995325147505,20.352498066987035,27900
2008-02-08,20.26362419128418,20.648750940327506,19.9969971110919,20.23399833231228,32700
2008-02-11,20.619123458862305,21.033876034241167,19.848870021385938,20.441373969572616,47200
2008-02-12,20.85612678527832,21.09312799058035,20.61912369645814,20.73762524086823,31433
2008-02-13,21.2708797454834,21.2708797454834,20.530250259362415,20.945000963412706,41133
2008-02-14,20.737627029418945,22.07076057229954,20.589501498769614,21.41900673062784,47600
2008-02-15,20.322872161865234,20.737624731842814,20.145120791372257,20.530249388613075,26700
2008-02-19,20.50062370300293,20.7376249044603,20.32287233103037,20.441373873518117,24767
2008-02-20,19.967370986938477,20.382123589445484,19.84887131966119,20.382123589445484,39600
2008-02-21,19.285993576049805,20.263624326423074,19.285993576049805,19.99699724445265,38200
2008-02-22,19.285993576049805,20.145122773263456,19.25636771688033,19.25636771688033,51533
2008-02-25,20.174745559692383,20.70799775889728,19.34524046446876,19.34524046446876,50533
2008-02-26,20.974626541137695,21.182003773914765,19.73036879502976,19.73036879502976,42867
2008-02-27,20.767250061035156,21.300502275462307,20.767250061035156,20.944999543498835,33767
2008-02-28,20.678375244140625,21.330129024359778,20.4413740407444,20.73762507411015,30533
2008-02-29,19.8488712310791,20.708000407319165,19.8488712310791,20.44137521537605,24300
2008-03-03,19.522993087768555,20.945000299943185,19.37486757194013,19.75999428979766,41967
2008-03-04,19.13786506652832,19.967370240534446,18.782364194467252,19.463741964636572,41633
2008-03-05,18.960115432739258,19.75999474338849,18.871239744498435,19.315616302184377,24833
2008-03-06,19.019365310668945,19.285992376049474,18.811988076422473,18.960115479534885,25000
2008-03-07,18.45648765563965,19.019365773918526,18.426861797591943,18.811988534621026,35700
2008-03-10,17.18260383605957,18.782364367375187,17.06410417212105,18.367611776553968,115267
2008-03-11,17.478857040405273,17.863983779596346,17.12335427590999,17.71585825556272,78767
2008-03-12,18.219486236572266,18.72311263308244,17.715857956543896,17.715857956543896,40233
2008-03-13,18.160234451293945,18.634238755303357,17.68623203080272,17.7751077200846,37400
2008-03-14,17.923233032226562,18.515736992696485,17.775107512988626,18.515736992696485,26367
2008-03-17,17.360355377197266,17.775107971881905,17.18260399611553,17.775107971881905,48867
2008-03-18,18.426860809326172,18.45648666578499,17.449230148402602,17.449230148402602,46533
2008-03-19,18.367610931396484,18.456486617019994,18.07135801814541,18.456486617019994,42333
2008-03-20,18.515737533569336,18.782364606097108,18.219486486439518,18.367612010004425,28067
2008-03-24,20.026620864868164,20.085870693065356,18.66386163170621,18.98973851206788,58333
2008-03-25,20.737627029418945,20.856128584049397,19.87849593802353,20.411750108583092,43133
2008-03-26,20.678375244140625,20.974626277506374,20.29324664054339,20.945000420762543,28333
2008-03-27,21.50788116455078,21.656006686514388,20.707999955614543,20.737625813414546,38700
2008-03-28,20.85612678527832,21.86338143693241,20.73762524086823,21.62638023163038,77033
2008-03-31,21.122753143310547,21.4782559128701,20.856127949659136,20.856127949659136,20633
2008-04-01,21.744882583618164,22.159635179179645,21.419005678785442,21.537505344078312,43200
2008-04-02,23.581642150878906,24.055646456315085,22.57438747518274,23.344640939919916,124633
2008-04-03,24.17414665222168,24.23339836890448,23.048390404503753,23.55201869519815,38500
2008-04-04,24.2333984375,25.003651921374356,23.9963953371344,24.440773795922098,66033
2008-04-07,23.7593936920166,24.707400425836163,23.70014385975232,24.29264783294977,35000
2008-04-08,23.433515548706055,23.759392434184868,23.10763866322724,23.552017090479307,27600
2008-04-09,22.692886352539062,23.581641333717293,22.692886352539062,23.581641333717293,26800
2008-04-10,22.81138801574707,23.34464025385372,22.27813389412228,22.426259411178677,43467
2008-04-11,21.774505615234375,23.137264891715436,21.774505615234375,22.66326248403426,29067
2008-04-14,22.396635055541992,22.396635055541992,21.685629572179955,21.77450525760021,22000
2008-04-15,22.60401153564453,22.870638605310567,21.77450635236233,22.426260155867173,32267
2008-04-16,23.048389434814453,23.344640471691676,22.485511334636836,22.54476116530865,19100
2008-04-17,23.61126708984375,24.026019663763336,22.98913917072343,23.196514515924164,39400
2008-04-18,23.848268508911133,24.322270916705087,23.403891957923605,24.174145399709243,38933
2008-04-21,23.522390365600586,23.996392748155017,23.255763319094456,23.937142921215223,62233
2008-04-22,23.581642150878906,23.848269219527094,23.07801575478992,23.7593935299777,32400
2008-04-23,23.670516967773438,23.937144026591955,23.492767478745883,23.700142824370424,25267
2008-04-24,23.433515548706055,24.233396717759774,23.31501589045091,23.81864414683055,22467
2008-04-25,23.048389434814453,23.640893392087058,22.98913960414264,23.37426632878666,17967
2008-04-28,23.700143814086914,23.700143814086914,22.959514319896698,22.98914017773086,21300
2008-04-29,23.729768753051758,23.937144099306245,23.463141693423303,23.700142896364774,14533
2008-04-30,23.46314239501953,23.84826912587574,23.433516537446675,23.84826912587574,17533
2008-05-01,23.048389434814453,23.93714442896428,23.01876357771947,23.403892185881645,21067
2008-05-02,22.900264739990234,23.255765620324958,22.633637667100523,23.255765620324958,34300
2008-05-05,23.07801628112793,23.107640255974562,22.663263681610925,22.900264897975177,17767
2008-05-06,23.670516967773438,23.937144026591955,22.75213801548431,23.0187631907847,26167
2008-05-07,23.700143814086914,23.87789519405548,23.49276845980239,23.49276845980239,15367
2008-05-08,23.46314239501953,23.789019294248213,23.166889469845522,23.552018084219917,27367
2008-05-09,23.581642150878906,23.729769555806698,23.166889560821122,23.166889560821122,21500
2008-05-12,25.5665283203125,25.68502986249286,23.700142686478145,23.700142686478145,65300
2008-05-13,25.329526901245117,25.862781011185355,24.944400188633676,25.566528100045858,37400
2008-05-14,25.03327751159668,25.773907012629017,24.588899057569986,25.181403035099503,26600
2008-05-15,23.640893936157227,24.974027399821704,23.55201824634505,24.974027399821704,41967
2008-05-16,23.81864356994629,23.87789339763884,23.2261396424666,23.81864356994629,26700
2008-05-19,24.500022888183594,24.825899786931448,23.34464081380154,23.700143570078538,31000
2008-05-20,23.848268508911133,24.52964814731378,23.611267305014156,24.52964814731378,27367
2008-05-21,23.640893936157227,24.292647739101067,23.58164222060364,23.937144979852356,23600
2008-05-22,23.670516967773438,24.14452125573462,23.403891792473043,24.14452125573462,23233
2008-05-23,23.700143814086914,23.7890195040712,23.49276845980239,23.670517956252752,25667
2008-05-27,23.789020538330078,24.174147289327056,23.52239345678527,23.96677192602662,21500
2008-05-28,23.640893936157227,23.78901945800479,23.403892724497485,23.78901945800479,24000
2008-05-29,23.700143814086914,23.81864536190536,23.40389276981811,23.49276845980239,38967
2008-05-30,23.700143814086914,24.026020716189883,23.433516744134067,24.026020716189883,25633
2008-06-02,23.048389434814453,23.729769079853856,22.959513747047655,23.61126753499207,24400
2008-06-03,22.60401153564453,23.255765339149377,22.011509447744274,23.048389985087926,37500
2008-06-04,22.781763076782227,23.04839014833675,22.070759436155047,22.45588617272166,24000
2008-06-05,23.137264251708984,23.285389764572244,22.722511685581008,23.107638395729097,25467
2008-06-06,22.544761657714844,23.611268050692118,22.21888475662507,23.107639770186434,33733
2008-06-09,21.478256225585938,22.51513680720691,21.182005168985167,22.51513680720691,45933
2008-06-10,21.774505615234375,22.070758532673715,21.03387614691323,21.24125337747258,29767
2008-06-11,22.633638381958008,24.26302296188256,21.03387777761136,22.100384219336362,224500
2008-06-12,22.781763076782227,23.285391361879142,22.426260314709527,22.69288738626405,59600
2008-06-13,22.81138801574707,23.16688887997879,22.63363664187214,23.04838921974093,32233
2008-06-16,22.455886840820312,23.16689050260099,21.833758872202,22.515136675089135,59733
2008-06-17,19.937746047973633,21.300503456888457,19.40449192045164,21.300503456888457,326567
2008-06-18,19.256366729736328,20.233997429993064,19.137865182651485,20.02662207699233,106333
2008-06-19,18.663862228393555,19.582243070642193,18.426861024509734,19.463741526941213,81267
2008-06-20,18.367610931396484,18.75273764675296,18.16023370376892,18.723111790372418,119000
2008-06-23,18.219486236572266,18.42686159001549,18.130610546948542,18.337985900391764,40367
2008-06-24,18.219486236572266,18.752738490796414,18.160234521144318,18.752738490796414,41467
2008-06-25,18.18985939025879,18.456486444639065,18.100983705465364,18.278735075052214,23500
2008-06-26,18.012107849121094,18.397234557212517,18.012107849121094,18.189859217015005,31533
2008-06-27,18.071359634399414,18.51573810226099,18.041735658887493,18.13061135245981,838533
2008-06-30,17.775108337402344,18.486111992831866,17.775108337402344,18.219486799244706,67267
2008-07-01,17.804733276367188,18.012108625503274,17.508480355935152,17.923232937725476,38833
2008-07-02,16.97522735595703,18.041733678222926,16.915975644401428,17.923232138629793,95700
2008-07-03,16.827102661132812,17.1233536992228,16.590099570439023,16.94560232296154,44533
2008-07-07,16.53084945678711,17.004851863031195,16.53084945678711,16.856726346519686,46967
2008-07-08,16.915977478027344,16.9752291960056,16.50122486977093,16.590100563220037,47967
2008-07-09,16.915977478027344,17.18260455837467,16.767851950118256,17.034479030465583,41167
2008-07-10,16.767850875854492,16.915976394273642,16.323474320597043,16.856726563609612,36100
2008-07-11,16.767850875854492,16.767850875854492,16.29384846350595,16.649351214526433,32667
2008-07-14,15.73097038269043,17.093727790742943,15.405093488361471,16.7974767535414,59633
2008-07-15,15.464344024658203,15.938346459214273,14.723714514345,15.523594799857273,52133
2008-07-16,16.79747772216797,16.886353415157078,15.286592824871349,15.553219903838682,52700
2008-07-17,16.678974151611328,17.41960358120001,16.56047449764724,16.945601198307582,62633
2008-07-18,16.79747772216797,17.301106021266843,16.353099257222414,16.79747772216797,21567
2008-07-21,16.945602416992188,17.123353794239783,16.79747689712525,16.886352585749048,12667
2008-07-22,17.863983154296875,17.893609011473888,16.293848510760334,16.797476781660563,21267
2008-07-23,18.871238708496094,18.871238708496094,17.775106536047392,18.160233241602636,47200
2008-07-24,18.012107849121094,19.285991396682075,17.775106653101904,19.285991396682075,34500
2008-07-25,17.923233032226562,18.841613888427215,17.893609058489876,17.982482863218106,31867
2008-07-28,17.686233520507812,18.367613234555183,17.53810798706752,18.21948770111489,21133
2008-07-29,19.019365310668945,19.108240999129123,17.8343573868787,18.04173462112517,34767
2008-07-30,19.434118270874023,19.641493625606287,18.752738607362772,19.16749120034551,30100
2008-07-31,20.056245803833008,20.352498726133245,19.10824097291585,19.671119076712685,26933
2008-08-01,19.8488712310791,20.056246589647998,19.34524293860261,20.056246589647998,12333
2008-08-04,20.559873580932617,20.58949943750389,18.98973896949949,19.96736963413402,52467
2008-08-05,19.937746047973633,21.33012931403462,19.582243296292305,20.707999498592297,60367
2008-08-06,19.5526180267334,19.671119575361054,18.66386300433974,19.37486852906924,23767
2008-08-07,18.426860809326172,19.048990610334517,18.27873529406832,19.048990610334517,36900
2008-08-08,19.40449333190918,19.700746274365393,18.278737047723144,18.51573827157714,33967
2008-08-11,20.767250061035156,20.974625399001813,19.315615161196348,19.582242210168953,47967
2008-08-12,20.94499969482422,21.596755335972134,20.500623160177362,20.737624355359298,34000
2008-08-13,21.15237808227539,21.744882044607447,19.434117909975146,21.063502393749673,31833
2008-08-14,21.330129623413086,21.478255144256043,20.26362323641834,21.122752387418398,20833
2008-08-15,20.70800018310547,22.248510902301458,20.322873445065582,21.71525675715249,61333
2008-08-18,22.218883514404297,23.048388649623504,21.03387564022883,21.03387564022883,67000
2008-08-19,22.337387084960938,22.544762445850274,21.626381542441464,22.011510172478932,39833
2008-08-20,22.189258575439453,23.315016667491125,21.89300753641006,22.396635809574565,44133
2008-08-21,21.685630798339844,22.367010463916007,21.65600682387015,21.98188372766428,52867
2008-08-22,22.781763076782227,23.374267052397315,21.833758222612655,21.98188374563687,37400
2008-08-25,22.870637893676758,23.107639098166064,22.604010832306983,23.107639098166064,45100
2008-08-26,22.900264739990234,23.10764009655897,22.218885070444824,22.870638881829745,21633
2008-08-27,22.72251319885254,22.98914026987406,22.485511985783926,22.929888553968247,33700
2008-08-28,22.781763076782227,23.07801600634888,22.515136005227703,22.722513244276183,29733
2008-08-29,21.685630798339844,22.781763058155644,21.65600682387015,22.574387702794933,67967
2008-09-02,22.841012954711914,22.929888645406834,21.626381026572293,21.65600688464334,47433
2008-09-03,23.7593936920166,23.84826938217213,22.72251315155972,23.137265744446115,40833
2008-09-04,22.81138801574707,23.522391627728645,22.21888406400335,23.522391627728645,36700
2008-09-05,22.544761657714844,22.752138894872807,21.478255264737566,22.604011489680747,28633
2008-09-08,22.929889678955078,23.463143847160648,22.218886004865958,22.367011534861405,56900
2008-09-09,22.633638381958008,23.403893766794287,22.426261135321273,22.75213993482447,66700
2008-09-10,21.893007278442383,23.01876347371098,21.804131591077162,22.69288658121122,55267
2008-09-11,22.10038185119629,22.13000770711795,21.033875523751497,21.50787980090769,36000
2008-09-12,22.60401153564453,22.900264463112862,21.715256520275943,22.307760491694403,17467
2008-09-15,20.974626541137695,21.804131705209652,20.47099827127128,21.685630160263017,51767
2008-09-16,20.85612678527832,20.97462644617026,19.996995767980078,20.293246803728078,49300
2008-09-17,19.967370986938477,20.678376524675205,19.52299440937127,20.145122371372658,48333
2008-09-18,23.700143814086914,23.848269336221318,19.908120653151553,20.23399755525452,111700
2008-09-19,24.885150909423828,25.1814019435882,23.433515944871253,24.648147821870566,151067
2008-09-22,22.278133392333984,24.263020550033254,21.833756851173852,23.996393495226314,73000
2008-09-23,22.81138801574707,23.255764566916252,22.100382520247354,22.100382520247354,19900
2008-09-24,22.841012954711914,23.552018480271276,22.39663638475553,23.22614157556264,22467
2008-09-25,22.60401153564453,23.255765339149377,22.48551187147176,23.255765339149377,24167
2008-09-26,22.455886840820312,22.574388392876227,20.856128130934216,21.863382847577277,30500
2008-09-29,16.145723342895508,22.45588602787403,15.997597820826748,21.74488239183305,111900
2008-09-30,18.900863647460938,19.197116568327115,17.21222934424457,17.478856407968678,63567
2008-10-01,18.1306095123291,19.49336686959708,17.834356602649567,19.345241356516354,35167
2008-10-02,17.152978897094727,18.634237797642808,17.064103212380395,17.982482148565005,39000
2008-10-03,17.064104080200195,18.634238745314086,17.064104080200195,17.656606163737507,38633
2008-10-06,15.671719551086426,17.508480306900125,14.81258947457232,16.708601002658302,93933
2008-10-07,14.634838104248047,16.11609705218438,14.30896121104278,15.730970328446741,62700
2008-10-08,14.101584434509277,14.782964054454514,13.983083835770767,14.516337000973584,58133
2008-10-09,12.294448852539062,14.694088605256566,12.294448852539062,14.486712318703708,69667
2008-10-10,13.005453109741211,13.005453109741211,11.405693623987771,11.850071101959442,193767
2008-10-13,15.879096031188965,15.99759757714987,13.71645835642739,14.516337670229431,67267
2008-10-14,14.753338813781738,16.8271026743547,14.249711483577583,16.412350090591925,34133
2008-10-15,12.738826751708984,14.75333891108992,12.679576920357272,14.249711577564003,37133
2008-10-16,14.931090354919434,14.931090354919434,12.294449304090975,12.886953270791855,69000
2008-10-17,14.042335510253906,15.493968644595592,12.857328504803082,13.77570843960394,59033
2008-10-20,15.19771671295166,15.227341627375926,13.56833135147223,14.30896080439223,31967
2008-10-21,14.634838104248047,15.405093435241474,14.397836898600412,14.871840251654758,21100
2008-10-22,13.627582550048828,14.575588317228549,13.627582550048828,14.220085565936728,26333
2008-10-23,13.331330299377441,14.012708989193857,12.67957652431155,13.74608287292102,24000
2008-10-24,12.59070110321045,13.005453685480461,12.116698690192766,12.175948520940437,29633
2008-10-27,11.672320365905762,12.827702436229936,11.672320365905762,12.561076311717713,35633
2008-10-28,12.442575454711914,13.39058121261148,11.40569400985941,12.087072706900159,100867
2008-10-29,12.472200393676758,13.242454779146469,11.850071525573082,12.442575478555366,56667
2008-10-30,15.879096031188965,15.879096031188965,12.886953185255578,13.301705770841485,70933
2008-10-31,14.812589645385742,15.730970504762565,14.368212144375986,15.61246990061057,61000
2008-11-03,15.049590110778809,15.316217163278283,14.634837545841208,14.871839684204865,46800
2008-11-04,15.879096031188965,15.99759757714987,14.871840424593971,15.28659206842079,42267
2008-11-05,14.782964706420898,16.175347038445757,14.753338849110412,15.493968330209027,26667
2008-11-06,13.568331718444824,15.168091267008448,13.509081887993807,14.723713771589509,62500
2008-11-07,14.960715293884277,14.960715293884277,13.627582779382395,14.131211057681796,26400
2008-11-10,13.479455947875977,15.197717030262577,13.064703370240494,15.019965656487637,38100
2008-11-11,12.442575454711914,13.360955355787787,12.442575454711914,13.272079668834849,34700
2008-11-12,11.464944839477539,12.798078376473157,11.435319921830281,12.442576539428597,50367
2008-11-13,13.983084678649902,14.190460974382384,11.25756791809703,11.61307067750077,46867
2008-11-14,12.264824867248535,13.686833124400062,12.264824867248535,13.686833124400062,34300
2008-11-17,11.55381965637207,12.738826631581679,11.316818449681964,11.850071635614242,49200
2008-11-18,12.205573081970215,12.264823852756836,11.553819312112642,11.642694997413049,28167
2008-11-19,10.516938209533691,12.116698710554404,10.516938209533691,12.027823022524466,52300
2008-11-20,9.183805465698242,10.694689296020764,9.183805465698242,10.516937924773742,93967
2008-11-21,11.257567405700684,11.553819377799977,9.213430399205958,9.568932200669675,85833
2008-11-24,11.761195182800293,12.057447142776322,10.813189475932413,11.820445951499106,67200
2008-11-25,10.161436080932617,11.850071275338752,10.042935481190316,11.850071275338752,37100
2008-11-26,11.731571197509766,11.790821029137293,9.776308860378592,9.894810407151834,45100
2008-11-28,11.938947677612305,11.938947677612305,11.139067404113899,11.64269568958478,21500
2008-12-01,10.250311851501465,11.73157077324863,10.191061080257592,11.583444316018477,33100
2008-12-02,11.346443176269531,11.405693947835644,10.250311907248504,10.4576881950913,27933
2008-12-03,12.027823448181152,12.146324055828366,10.783565655246734,10.961317037597112,33700
2008-12-04,11.820446968078613,12.590701376852326,11.58344481465977,11.761196194284128,27900
2008-12-05,12.738826751708984,12.738826751708984,11.109442263150541,11.553819765324745,37367
2008-12-08,13.657207489013672,13.983084383755154,12.20557344950038,12.620326032218463,81767
2008-12-09,12.857327461242676,13.627581811004426,12.679576095236492,13.627581811004426,40067
2008-12-10,12.442575454711914,13.123954151752663,12.29444899587066,13.035078464799724,22767
2008-12-11,11.376069068908691,12.827702146639956,11.376069068908691,12.175948366146887,29200
2008-12-12,11.761195182800293,11.761195182800293,10.783564562462516,11.020565753739731,41867
2008-12-15,11.494569778442383,12.116698649772006,11.494569778442383,11.9093223593288,21267
2008-12-16,12.827702522277832,12.827702522277832,11.524194923120648,11.761196133556664,41667
2008-12-17,13.331330299377441,13.331330299377441,12.294448865518495,12.67957652431155,30933
2008-12-18,13.183205604553223,13.923835111735782,12.50182593056016,13.331331129286086,37133
2008-12-19,12.264824867248535,13.805333734016093,12.02782364801647,13.627583290471609,79600
2008-12-22,11.968572616577148,12.768452891591956,11.13906742523116,12.59070151008664,48067
2008-12-23,11.583444595336914,12.294449158612961,11.435319076293982,11.850071659725089,29533
2008-12-24,11.435318946838379,11.701946008208152,11.257567572591862,11.583444464204428,13800
2008-12-26,11.287193298339844,11.464943728762217,10.872440724422537,11.34644312789428,17433
2008-12-29,10.75394058227539,11.701946371416135,10.665064892393588,11.19831808992531,32733
2008-12-30,10.576189041137695,11.257567750236381,10.279937059971667,10.931690853481477,132933
2008-12-31,11.701946258544922,11.731571174300075,10.279937117670256,10.487313411474515,67867
2009-01-02,12.531450271606445,12.738826561763481,11.257567615430098,11.820446655432955,25400
2009-01-05,12.798077583312988,13.153579398325343,11.879696717332203,12.768452667501732,39300
2009-01-06,12.353699684143066,13.272079579002893,12.027822795360699,13.03507837657191,37800
2009-01-07,11.8796968460083,12.472200819205751,11.642695633432963,12.087073142451498,31467
2009-01-08,11.8796968460083,11.99819745229597,11.613070717300822,11.85007192987616,24067
2009-01-09,11.583444595336914,12.05744795144064,11.524194764423374,11.850071659725089,23567
2009-01-12,10.694689750671387,11.58344476117097,10.694689750671387,11.553819845290077,106033
2009-01-13,10.694689750671387,11.020566650638507,10.51693837186783,10.813190355954058,23367
2009-01-14,10.250311851501465,10.753940110917675,10.220686936759058,10.516937967701244,174067
2009-01-15,10.072561264038086,10.368813259813145,9.65780865830483,10.161436956946517,80600
2009-01-16,10.487313270568848,11.079817228265696,9.924435169988197,10.605813873756402,48167
2009-01-20,9.657807350158691,10.813189317954006,9.657807350158691,10.635438897972499,59500
2009-01-21,10.665064811706543,10.724314643340087,9.62818334052857,9.865184550580937,40333
2009-01-22,10.42806339263916,10.931690718466205,10.3984375356571,10.546563995290175,31300
2009-01-23,10.457688331604004,10.753940309783653,10.398437559264442,10.516938162184488,44233
2009-01-26,10.487313270568848,10.783565249417272,10.368812667381293,10.45768835521173,35567
2009-01-27,10.368813514709473,10.724315353323359,10.339188596931438,10.516939045358802,32867
2009-01-28,11.109441757202148,11.16869252761454,10.428063077134397,10.576188590526806,28200
2009-01-29,10.605813980102539,10.96131673498896,10.398437687005156,10.872441046267355,31900
2009-01-30,10.3984375,10.842814993857269,10.3688125848786,10.576188874246537,24567
2009-02-02,10.93169116973877,10.961317027943819,10.368813048470434,10.368813048470434,20967
2009-02-03,10.990942001342773,10.990942001342773,10.54656448531461,10.902066309785317,15967
2009-02-04,9.894810676574707,11.109442617361898,9.628183601713644,10.842815542500835,48633
2009-02-05,10.339187622070312,10.6058137404513,9.80593444354927,9.80593444354927,20433
2009-02-06,11.020566940307617,11.079817715385872,10.13181190644763,10.279937431504587,40433
2009-02-09,10.872441291809082,11.464944327068977,10.66506499402834,10.990941898861061,16733
2009-02-10,10.072561264038086,11.198318471279658,10.04293634698832,10.813190782596168,22800
2009-02-11,9.954059600830078,10.457687846182317,9.954059600830078,10.220686651343275,17367
2009-02-12,10.102185249328613,10.368812303461977,9.805934222636937,9.865184051271653,23900
2009-02-13,10.191061019897461,10.368812390817226,9.894809990709927,10.191061019897461,17600
2009-02-17,9.56893253326416,10.161436498056847,9.56893253326416,9.628183306447065,21100
2009-02-18,9.509682655334473,9.746683863388887,9.509682655334473,9.717058947821856,26333
2009-02-19,9.450431823730469,9.717058887454579,9.331931220439447,9.657808114929527,24667
2009-02-20,9.56893253326416,9.68743407962997,9.213430719444004,9.331931324050721,28300
2009-02-23,9.183805465698242,9.746683552301738,9.183805465698242,9.657807866678226,27500
2009-02-24,9.954059600830078,9.9836845147452,9.361555671973441,9.361555671973441,36333
2009-02-25,9.59855842590332,10.072560846066894,9.33193135824199,9.954060241026001,22367
2009-02-26,9.361556053161621,10.279936897756755,9.361556053161621,9.776308631897548,19667
2009-02-27,9.302306175231934,9.717058751841693,9.183805573594725,9.183805573594725,26167
2009-03-02,8.857928276062012,9.717058304718872,8.857928276062012,9.331930660799994,47700
2009-03-03,8.324675559997559,9.213430548984462,8.295049703074675,8.887553656905327,53933
2009-03-04,8.917179107666016,9.12455540978658,8.265425284361136,8.472801586481701,31933
2009-03-05,7.850672245025635,8.709802322836984,7.850672245025635,8.591301719872565,49633
2009-03-06,9.183805465698242,9.183805465698242,7.998798521489223,7.998798521489223,63667
2009-03-09,9.006053924560547,10.191060846415533,8.798677642603996,9.420806488473648,24800
2009-03-10,9.835559844970703,9.835559844970703,9.154181116067882,9.391182331185462,28467
2009-03-11,9.272682189941406,10.22068803984519,9.243056330242515,9.954060953110144,20467
2009-03-12,10.309561729431152,10.309561729431152,9.183805546339151,9.213430461220765,31133
2009-03-13,10.013310432434082,10.457687910949174,9.687433552072411,10.368812226894349,28233
2009-03-16,10.279936790466309,10.665064450061303,10.072560503262705,10.072560503262705,35267
2009-03-17,10.516938209533691,10.546564066716392,10.072560711143087,10.072560711143087,22267
2009-03-18,11.109441757202148,11.109441757202148,10.368812306722004,10.45768799146107,18667
2009-03-19,11.079817771911621,11.405694682106745,10.694690086335962,11.198318380913564,20067
2009-03-20,10.93169116973877,11.4056945416693,10.872441336846899,11.198318243029528,32867
2009-03-23,11.790821075439453,11.85007184905875,10.75394054205409,10.75394054205409,43200
2009-03-24,11.287193298339844,11.850071387902304,11.020566240067692,11.553819414852933,23867
2009-03-25,11.613070487976074,11.731571091923698,10.872441006984117,11.405694195627962,23600
2009-03-26,11.998196601867676,11.998196601867676,11.376068698393413,11.87969600397929,58933
2009-03-27,11.109441757202148,11.731570608616554,11.109441757202148,11.731570608616554,27467
2009-03-30,10.072561264038086,10.842815699645934,10.072561264038086,10.813190782596168,59967
2009-03-31,10.961316108703613,11.346442815480534,10.339187264957394,10.339187264957394,30867
2009-04-01,11.701946258544922,11.879696694834935,10.57618910049907,10.694689705278776,44933
2009-04-02,12.798077583312988,12.798077583312988,11.642695507323968,12.146323784910791,84167
2009-04-03,13.301705360412598,13.301705360412598,12.679576501229748,12.73882633062294,32100
2009-04-06,12.738826751708984,13.035078733744816,12.442575711432243,13.035078733744816,46167
2009-04-07,12.235198974609375,12.798077060839567,12.205573118248482,12.709201375274999,33933
2009-04-08,12.975829124450684,12.975829124450684,12.294449459931794,12.41295006642223,28333
2009-04-09,13.242454528808594,13.301705299690362,12.946202557917855,13.153578843365466,45000
2009-04-13,13.597957611083984,13.597957611083984,12.946202882100321,13.331330548078066,26733
2009-04-14,13.272080421447754,13.627583189418818,13.183205671214111,13.538707497426053,34100
2009-04-15,13.864583969116211,13.864583969116211,12.679576977400801,13.153579397383327,37500
2009-04-16,14.160836219787598,14.368212517884203,13.509082409129443,14.042335612555124,46467
2009-04-17,14.842214584350586,15.138466566076518,14.012709412221612,14.220085705253856,107700
2009-04-20,13.864583969116211,14.694089145844725,13.686832590743217,14.545962683280866,32967
2009-04-21,14.220086097717285,14.605213778766132,13.5090824520628,13.746083667280962,38533
2009-04-22,14.042335510253906,14.516337935730595,13.77570843960394,13.805333355756458,39200
2009-04-23,13.953458786010742,14.427461176361298,13.42020562598685,14.101584297555533,34467
2009-04-24,14.07196044921875,14.220085971980568,13.123954654969438,13.331330951891447,47100
2009-04-27,12.353699684143066,14.071959814406291,12.353699684143066,13.834958611975308,63900
2009-04-28,13.834959030151367,13.864583945910919,12.235199452749233,12.442575746584275,44533
2009-04-29,14.427461624145508,14.575588082046725,13.7164580165523,13.983084133959986,24533
2009-04-30,14.338586807250977,15.168091011929121,14.338586807250977,14.575588008587589,49567
2009-05-01,14.605213165283203,14.842214370546277,13.923834464712101,14.308961187824826,36567
2009-05-04,14.516338348388672,15.108842338836835,14.427462655645535,14.812590343612753,53033
2009-05-05,14.012709617614746,14.457088067596723,13.775708405463758,14.427462209758524,51267
2009-05-06,14.07196044921875,14.427462268902577,13.62758293917419,14.190461055780025,38767
2009-05-07,13.035079002380371,14.516338001327211,13.005454086093986,14.516338001327211,46633
2009-05-08,13.568331718444824,14.279336276170572,13.3313305131226,13.3313305131226,39600
2009-05-11,13.479455947875977,13.834958695425858,12.768452336294352,13.775707923581189,31433
2009-05-12,13.983084678649902,14.27933666423332,13.74608346688681,13.775708382917422,24133
2009-05-13,13.212830543518066,13.894209276905624,13.18320562687316,13.657208060228136,29400
2009-05-14,13.094328880310059,13.479455590945678,13.064703024292669,13.301705163636564,17967
2009-05-15,12.501825332641602,13.212829889224553,11.64269525841011,13.212829889224553,61300
2009-05-18,13.242454528808594,13.360955128813078,12.709201357908887,12.709201357908887,20500
2009-05-19,13.064703941345215,13.538707311545743,12.67957720367634,13.035079025007404,20033
2009-05-20,12.975829124450684,13.923834918133277,12.886953434143079,13.27208016979722,22467
2009-05-21,12.768452644348145,12.916578164894917,12.442575745737972,12.768452644348145,25300
2009-05-22,12.11669921875,12.738827177534535,12.11669921875,12.442576127354897,38400
2009-05-26,12.798077583312988,12.798077583312988,11.998197322336322,11.998197322336322,33900
2009-05-27,12.05744743347168,13.18320453181808,11.998196663344377,12.412949228958365,41067
2009-05-28,12.59070110321045,12.88695308222604,12.057447917686016,12.294449124194857,29200
2009-05-29,13.094328880310059,13.094328880310059,12.17594806246996,12.620325543381314,25633
2009-06-01,13.923834800720215,14.338587390818883,13.242455141947074,13.272080057880094,51600
2009-06-02,14.190460205078125,14.220085119502688,13.686831951065313,13.864583321130787,32700
2009-06-03,14.160836219787598,14.160836219787598,13.212830420168705,14.042335612555124,34367
2009-06-04,15.079216957092285,15.079216957092285,14.190460998811997,14.368212378819875,29500
2009-06-05,14.90146541595459,15.108841709801716,14.842214642672943,15.108841709801716,22500
2009-06-08,15.168091773986816,15.523594535611553,14.575588740877432,14.812589954121187,31367
2009-06-09,15.76059627532959,16.145723966035003,15.168092280668821,15.34584366741888,36200
2009-06-10,15.879096031188965,17.745481724566453,15.701344654006695,15.99759757714987,56000
2009-06-11,15.879096031188965,16.59009965639987,15.612469907174647,16.086473265741006,45033
2009-06-12,16.17534637451172,16.20497223060618,15.553218464672769,15.849469491545014,19267
2009-06-15,15.879096031188965,16.204972928183736,15.671719738396012,15.849470173819196,33267
2009-06-16,15.671719551086426,16.175346877484987,15.671719551086426,15.849469984385122,25300
2009-06-17,15.168091773986816,15.938346187908568,14.51633796668694,15.671720058449122,34367
2009-06-18,14.90146541595459,15.197717398844642,14.664464206346185,15.049590936520069,15467
2009-06-19,15.819846153259277,16.23459873762062,14.694089004027193,15.256967107763693,53267
2009-06-22,14.605213165283203,15.908721677748252,14.605213165283203,15.70134444594422,23633
2009-06-23,14.782964706420898,15.434718499106227,14.782964706420898,14.871840394834186,16667
2009-06-24,15.019966125488281,15.37546794237969,14.782964914227342,14.99034120952044,14300
2009-06-25,15.019966125488281,15.701344843303257,14.279336633978522,14.901465519857812,35733
2009-06-26,17.03447723388672,17.064103089751292,14.842213813137462,15.079215951258844,166067
2009-06-29,16.97522735595703,17.449229747293412,16.323473596989988,17.18260269584742,91467
2009-06-30,17.2714786529541,17.74548105179075,17.123353138757412,17.182602967732468,37433
2009-07-01,17.923233032226562,18.041734577727816,17.449230617257893,17.53810630550429,36300
2009-07-02,16.945602416992188,17.626982068601915,16.886352585749048,17.538106379978117,24133
2009-07-06,16.708600997924805,17.12335357843606,16.32347427442084,16.915976346421356,18200
2009-07-07,16.412349700927734,17.03447762004217,16.382723844391574,16.767850561771077,34000
2009-07-08,15.52359390258789,16.975227922589347,15.108841325444619,16.560475345446076,42400
2009-07-09,15.108840942382812,15.87909530536637,15.049590172110673,15.642094107795899,18700
2009-07-10,15.316218376159668,15.405094067364168,14.842215003655372,15.049591302546167,11567
2009-07-13,15.879096031188965,16.1160972395926,15.316217925790559,15.405093614381695,26600
2009-07-14,16.17534637451172,16.590098942243717,15.819845518968645,15.819845518968645,30333
2009-07-15,16.73822784423828,16.73822784423828,15.997598326944875,16.293849380454933,35633
2009-07-16,16.915977478027344,16.945603337016472,16.44197503531095,16.649352281198297,22533
2009-07-17,16.590099334716797,16.88635225211561,16.145722783895785,16.88635225211561,22167
2009-07-20,16.619726181030273,16.738227731748864,16.116097886633206,16.738227731748864,19233
2009-07-21,16.441974639892578,16.79747740513941,16.293849115545807,16.79747740513941,23533
2009-07-22,17.212230682373047,17.656607272942185,16.32347561771646,16.32347561771646,36067
2009-07-23,17.478857040405273,17.775108088472525,16.471600463347453,17.064104443000186,43967
2009-07-24,18.04173469543457,18.07135866936453,17.3307291848247,17.3307291848247,31767
2009-07-27,18.18985939025879,18.18985939025879,17.271478569738793,17.775106822395504,28467
2009-07-28,17.775108337402344,17.982483697249943,17.24185418319151,17.982483697249943,31833
2009-07-29,17.98248291015625,18.189860144445195,17.47885652013632,17.59735618242871,24367
2009-07-30,18.723112106323242,18.871239507207473,18.130610036858897,18.278735554224983,48233
2009-07-31,19.19711685180664,19.404492204308884,17.952859086238618,18.63423874242262,79867
2009-08-03,19.10824203491211,19.99699708417164,18.663863568523208,19.345243255813433,56133
2009-08-04,20.115497589111328,20.20437139424381,18.66386259682935,18.78236414286962,32100
2009-08-05,19.878494262695312,20.145121325504185,19.700744771007553,20.145121325504185,31067
2009-08-06,19.522993087768555,20.11549703460038,19.522993087768555,19.908119805626086,38367
2009-08-07,19.8488712310791,20.530250907196503,19.256367246782155,19.996996756273777,46567
2009-08-10,19.64149284362793,19.789620243703023,19.463741470352325,19.70074455706522,24133
2009-08-11,19.04899024963379,19.671118155343763,18.634237684654448,19.374867130437696,32567
2009-08-12,18.900863647460938,19.99699587598128,18.574986752970858,18.8119879595529,71433
2009-08-13,19.34524154663086,19.730368261129172,18.811987434078016,19.019364661243493,23833
2009-08-14,18.33798599243164,19.789621007892876,17.74548201980572,19.404492389751013,51267
2009-08-17,17.745481491088867,18.07135838379607,17.62698183020524,17.92323286593246,56600
2009-08-18,17.775108337402344,17.92323386351038,17.419605567928457,17.775108337402344,49133
2009-08-19,17.59735679626465,17.775108179421785,17.47885712983872,17.59735679626465,28033
2009-08-20,17.804733276367188,17.893608964144985,17.33072898037956,17.449230525256006,20767
2009-08-21,18.33798599243164,18.90086410719489,17.923233399945318,18.21948632801738,48233
2009-08-24,18.515737533569336,18.841614438819427,18.367612010004425,18.456487700847017,31467
2009-08-25,18.723112106323242,18.900863480569804,18.397235214710594,18.60461244583763,22733
2009-08-26,18.811988830566406,18.930490381103244,18.249110703432475,18.75273899705711,18600
2009-08-27,18.426860809326172,18.900863211558548,17.775107035377125,18.84161338215903,24933
2009-08-28,18.04173469543457,18.93048970017873,17.863983317782104,18.574986944873793,18400
2009-08-31,17.449230194091797,18.012108283656353,17.449230194091797,17.834356911474256,36967
2009-09-01,16.619726181030273,17.804734154143173,16.560476347430104,17.36035569334627,44467
2009-09-02,16.915977478027344,17.12335472391469,16.560476587749186,16.560476587749186,13200
2009-09-03,17.18260383605957,17.38998107322928,16.79747710298208,17.12335400409031,14000
2009-09-04,17.449230194091797,17.47885605062819,16.886352104527244,17.034477620172947,19067
2009-09-08,17.18260383605957,17.53810659491153,17.03447831437732,17.53810659491153,21900
2009-09-09,17.2714786529541,17.449230023397373,17.064103309782354,17.212228823979046,19867
2009-09-10,18.04173469543457,18.04173469543457,17.064104001864177,17.15297969069041,25100
2009-09-11,17.89360809326172,18.2194849714138,17.775106554152753,18.130609287961587,21400
2009-09-14,18.071359634399414,18.071359634399414,17.538107356483803,17.77510857817055,25200
2009-09-15,19.22673988342285,19.700744163870148,17.775106836507888,17.952858206235863,69100
2009-09-16,19.167490005493164,19.878493599062185,18.63423778119592,19.374867230816267,42100
2009-09-17,18.84161376953125,19.25636635089117,18.693488251228025,19.25636635089117,25433
2009-09-18,18.9897403717041,18.9897403717041,18.663863459429802,18.960116396463516,39367
2009-09-21,19.522993087768555,19.522993087768555,18.693487938907623,18.811987598163114,34400
2009-09-22,19.967370986938477,19.996996845516925,19.582244243009917,19.7599956274441,28467
2009-09-23,19.434118270874023,19.996996386310975,19.25636689052168,19.996996386310975,28267
2009-09-24,18.782363891601562,19.730368713168737,18.36761131128639,19.46374165078366,30900
2009-09-25,19.19711685180664,19.37486823024753,18.63423874242262,18.752738405704424,17767
2009-09-28,19.04899024963379,19.641492299445922,18.81198716948724,19.22673973446658,30333
2009-09-29,18.367610931396484,19.81924399071698,18.219485416530002,19.226740047732942,118733
2009-09-30,18.515737533569336,18.811988580699158,18.219486486439518,18.397235984606475,47233
2009-10-01,17.626981735229492,18.693488095026467,17.56773190510692,18.456486891018045,50867
2009-10-02,17.212230682373047,17.77510882720494,17.064105152183334,17.538107602197737,51100
2009-10-05,16.441974639892578,17.33072966949143,16.293849115545807,17.212230003421308,85833
2009-10-06,14.723713874816895,14.960715081800725,14.220085603656944,14.812589562875601,661167
2009-10-07,15.138466835021973,15.553219428454831,14.664464409246769,14.75333915776029,211600
2009-10-08,15.22734260559082,15.701345033865516,15.019966307780862,15.019966307780862,105200
2009-10-09,15.019966125488281,15.464343632042317,14.812589830195185,15.286592252717064,57333
2009-10-12,14.723713874816895,15.197717230543637,14.694088959383686,14.960715081800725,49867
2009-10-13,14.57558822631836,14.782964516025457,14.486712539049735,14.723713743926684,69067
2009-10-14,15.138466835021973,15.138466835021973,14.57558871897414,14.960715454476718,72300
2009-10-15,15.138466835021973,15.256967441465774,14.990341312406997,14.990341312406997,31100
2009-10-16,14.960715293884277,15.168091588374672,14.753338999393883,15.019966067349717,33033
2009-10-19,15.049590110778809,15.197716564975973,14.931089512476499,15.049590110778809,44200
2009-10-20,14.723713874816895,15.168091373351347,14.723713874816895,14.990340938993015,38800
2009-10-21,14.368212699890137,14.931090826814284,14.279337007900192,14.72371452609079,60467
2009-10-22,14.279336929321289,14.368212620822153,13.983084938238118,14.368212620822153,52200
2009-10-23,14.279336929321289,14.694089528485904,14.220086154401008,14.33858770424157,40433
2009-10-26,14.07196044921875,14.72371425618532,13.953459842657473,14.220085971980568,41700
2009-10-27,14.249711036682129,14.753338351091665,13.98308398044262,14.101584580407161,72067
2009-10-28,13.894208908081055,14.516337791664263,13.805333218746439,14.27933658127802,62667
2009-10-29,13.597957611083984,14.27933631361176,13.47945606635308,14.012709250605841,64800
2009-10-30,12.70920181274414,13.627582672844607,12.67957689712257,13.627582672844607,101600
2009-11-02,12.561076164245605,13.1832050364822,12.442575561213742,12.886953058023002,48800
2009-11-03,12.975829124450684,13.123954647123952,12.294449459931794,12.472200840547,48900
2009-11-04,12.91657829284668,13.834959166259614,12.91657829284668,13.094329672670886,67500
2009-11-05,13.775708198547363,13.805333114181483,13.183205177069517,13.183205177069517,44700
2009-11-06,13.864583969116211,14.160835952484836,13.568331985747584,13.805333195738848,22300
2009-11-09,13.657207489013672,14.042335156325915,13.331330594272188,13.983084383755154,31400
2009-11-10,13.360956192016602,13.894209405350148,13.331331275097828,13.50908266012872,19900
2009-11-11,13.301705360412598,13.894208363139795,13.272079503956945,13.597957332655726,26367
2009-11-12,12.946203231811523,13.89420902295336,12.85732848350122,13.360955824296022,61700
2009-11-13,13.479455947875977,13.686832236693718,12.975828625112094,12.975828625112094,41700
2009-11-16,13.657207489013672,14.042335156325915,13.56833180103707,13.686832404419512,55667
2009-11-17,13.834959030151367,13.923834719189113,13.509082131519031,13.627582736316327,33267
2009-11-18,14.160836219787598,14.220086052524278,13.83495931445852,13.86458423082686,41533
2009-11-19,13.331330299377441,14.131210531714075,13.272079528117333,13.95345915969281,52433
2009-11-20,13.153578758239746,13.301705213606015,13.03507815900216,13.153578758239746,32267
2009-11-23,13.035079002380371,13.686832811235524,13.035079002380371,13.331330990521561,65000
2009-11-24,12.798077583312988,13.183205255895691,12.620326204927263,13.06470370913248,52300
2009-11-25,12.768452644348145,13.094329542958317,12.62032618204228,12.916578164894917,34867
2009-11-27,12.472200393676758,12.946202802655327,12.32407393455165,12.561076080800007,27100
2009-11-30,11.998196601867676,12.590700533068638,11.96857168783534,12.472199935180253,89500
2009-12-01,12.146323204040527,12.353699488320208,12.057447519097941,12.17594811843504,63700
2009-12-02,12.649951934814453,12.738826681351158,12.116698746798802,12.146323662311037,25767
2009-12-03,12.294448852539062,12.73882634036403,12.264823937819815,12.649951596206284,23933
2009-12-04,12.798077583312988,12.827702499124245,12.442575768300633,12.5314505157344,38933
2009-12-07,12.768452644348145,12.886953249137381,12.531450493010581,12.738826786831517,27933
2009-12-08,12.738826751708984,12.975828902393104,12.70920183603313,12.738826751708984,21667
2009-12-09,12.679576873779297,12.91657808183371,12.383324892831736,12.798077477806503,43500
2009-12-10,12.353699684143066,12.91657777535642,12.264823997791682,12.709201487789542,41400
2009-12-11,12.70920181274414,12.73882672836571,12.412949831251176,12.412949831251176,24800
2009-12-14,12.70920181274414,12.82770241698951,12.472200604253404,12.82770241698951,29733
2009-12-15,12.501825332641602,12.709201622405,12.472200417463709,12.620325935112248,36233
2009-12-16,12.70920181274414,12.798077501367938,12.531450435496543,12.590701208498771,44633
2009-12-17,12.264824867248535,12.679577471784215,12.23519995028431,12.531451003444827,35933
2009-12-18,12.294448852539062,12.649951596206284,12.294448852539062,12.412949453175116,162067
2009-12-21,12.738826751708984,13.33133071578065,12.324074165210638,12.324074165210638,86167
2009-12-22,13.035079002380371,13.301706074235174,12.738827014239181,12.738827014239181,73467
2009-12-23,13.183205604553223,13.390581904234704,13.035079138061239,13.183205604553223,65800
2009-12-24,12.857327461242676,13.301704934499108,12.709201008984513,13.272079078992059,34233
2009-12-28,13.568331718444824,13.568331718444824,12.886953017703663,12.886953017703663,55667
2009-12-29,13.983084678649902,14.160836058351773,13.538707171154329,13.56833208718494,70100
2009-12-30,13.834959030151367,14.042335323986409,13.627582736316327,13.983084550708215,125100
2009-12-31,13.53870677947998,13.894208586839964,13.272079717640688,13.894208586839964,55767
2010-01-04,13.568331718444824,13.657207405880428,13.36095542834811,13.657207405880428,45533
2010-01-05,13.272080421447754,13.77570871490068,13.272080421447754,13.627583189418818,54867
2010-01-06,12.886953353881836,13.568332072397924,12.738826890372007,13.301705944894794,63667
2010-01-07,13.53870677947998,13.568331694653544,12.88695299510714,12.946202825454268,46667
2010-01-08,13.568331718444824,13.775708008541539,13.301705597897092,13.449831115783713,29333
2010-01-11,13.716458320617676,14.160835820654123,13.420206340007017,13.716458320617676,37067
2010-01-12,13.864583969116211,14.19046086829397,13.657207674934082,13.775708279929713,68767
2010-01-13,13.568331718444824,14.012709213863763,13.420206200558203,13.923834468187236,46433
2010-01-14,13.597957611083984,13.953459419999465,13.47945606635308,13.509081923415346,35967
2010-01-15,13.686832427978516,13.95345949236726,13.62758259706485,13.716458285194431,45400
2010-01-19,13.775708198547363,13.805333114181483,13.568331905590346,13.686832509885914,71367
2010-01-20,13.568331718444824,13.89420861120265,13.390581285332694,13.775708008541539,30800
2010-01-21,12.798077583312988,13.627582760100909,12.738826809931382,13.627582760100909,55133
2010-01-22,12.353699684143066,12.91657777535642,12.324073827519896,12.76845225927682,46867
2010-01-25,12.324074745178223,12.738827351194715,12.294449828108226,12.531451048186469,37233
2010-01-26,12.353699684143066,12.91657777535642,12.353699684143066,12.383324599007175,33167
2010-01-27,12.41295051574707,12.561076985541336,12.29444990496714,12.353700681236674,50233
2010-01-28,12.501825332641602,12.561076104756461,11.99819706582205,12.41294964534885,67367
2010-01-29,11.968572616577148,12.738827033501662,11.968572616577148,12.442575986671619,92067
2010-02-01,12.05744743347168,12.442575084901536,11.820446236480556,11.968571749160247,77067
2010-02-02,12.08707332611084,12.294449625705056,11.96857271802259,12.057448409528558,27100
2010-02-03,12.235198974609375,12.38332448937762,12.087072518082076,12.087072518082076,34533
2010-02-04,11.8796968460083,12.294449438894695,11.8796968460083,12.235199606630413,62033
2010-02-05,11.998196601867676,12.02782245765905,11.64269480820252,11.909321859770666,42533
2010-02-08,12.027823448181152,12.32407449641963,11.701946541711536,12.057448364653178,39267
2010-02-09,12.235198974609375,12.353699574775781,12.057447603480238,12.235198974609375,19533
2010-02-10,12.38332462310791,12.38332462310791,11.938947132245191,12.235199106740025,25333
2010-02-11,12.561076164245605,12.738826597913862,12.23519927046821,12.353699873500073,31333
2010-02-12,12.738826751708984,12.798077524819787,12.353700022645583,12.738826751708984,40467
2010-02-16,13.479455947875977,13.479455947875977,12.886952938224622,12.946202768310224,57200
2010-02-17,13.420207023620605,13.568332550591778,13.360956247776658,13.479456857705422,25833
2010-02-18,13.627582550048828,13.657207465403452,13.390581343693666,13.449831174402918,32633
2010-02-19,13.597957611083984,14.071960022971293,13.47945606635308,13.65720744169036,48233
2010-02-22,14.220086097717285,14.279336872401382,13.775708583743453,13.92383504957414,64567
2010-02-23,13.686832427978516,14.57558836751525,13.597957681608017,14.249711472212839,58600
2010-02-24,14.308960914611816,14.308960914611816,13.686832056355772,13.686832056355772,37933
2010-02-25,14.249711036682129,14.308960865784872,13.923834151339877,14.249711036682129,42433
2010-02-26,13.449831008911133,14.279336162706729,13.390581178930914,14.220085390967443,78667
2010-03-01,13.983084678649902,14.101585284531449,13.538707171154329,13.56833208718494,43300
2010-03-02,14.07196044921875,14.190461055780025,13.686832771575274,13.983084758858016,39100
2010-03-03,14.397836685180664,14.457087456593834,13.923834280911551,14.160835483046109,46367
2010-03-04,14.605213165283203,14.63483808050132,14.368211960020131,14.486712562651666,24567
2010-03-05,15.286591529846191,15.34584230073913,14.605212844252186,14.782964215171951,77767
2010-03-08,15.256966590881348,15.790219761028844,15.16809090556359,15.316217361679538,53300
2010-03-09,15.316218376159668,15.612470366254962,15.019966386064374,15.108842077268873,38000
2010-03-10,15.52359390258789,15.582843732603177,15.256966842241901,15.256966842241901,34100
2010-03-11,15.70134449005127,15.70134449005127,15.108841475229173,15.493968199423767,23300
2010-03-12,15.168091773986816,15.701344974664813,15.168091773986816,15.701344974664813,41733
2010-03-15,15.316218376159668,15.405094067364168,15.019966386064374,15.168091910232462,27267
2010-03-16,15.049590110778809,15.405092847444774,14.990340282507175,15.3458420774141,29467
2010-03-17,15.138466835021973,15.345843131738402,15.049591144749346,15.168091751193147,20400
2010-03-18,14.07196044921875,15.168091766229878,14.042335533018207,14.990341327267519,61200
2010-03-19,14.131211280822754,14.368212494908722,13.77570851793469,14.071960506421707,57500
2010-03-22,14.516338348388672,14.54596326538334,14.012710050683646,14.012710050683646,51467
2010-03-23,14.664464950561523,14.753339702355712,14.36821295263681,14.605214174272925,47033
2010-03-24,14.457087516784668,14.782964406516207,14.338586915224022,14.664463804955563,35000
2010-03-25,14.338586807250977,14.812589209924202,14.22008526482361,14.516337237373905,39367
2010-03-26,14.012709617614746,14.545962815834017,13.923834869377453,14.427462209758524,39367
2010-03-29,13.74608325958252,13.983084467771404,13.44983127846687,13.983084467771404,56900
2010-03-30,13.953458786010742,14.16083506722887,13.686831735119279,13.716457590835464,76300
2010-03-31,13.657207489013672,14.101584987137596,13.50908197022539,13.953459468349314,36667
2010-04-01,13.923834800720215,13.923834800720215,13.509082210621546,13.686832647978763,23333
2010-04-05,14.516338348388672,14.723714650869615,13.834959606956502,14.012710050683646,38533
2010-04-06,14.397836685180664,14.605212972488165,14.220085312700215,14.605212972488165,26233
2010-04-07,14.516338348388672,14.634838958126478,14.338587904661528,14.427462655645535,26467
2010-04-08,14.190460205078125,14.427461403992725,14.160835290653562,14.427461403992725,28300
2010-04-09,14.338586807250977,14.516337237373905,13.894208377546002,14.160835435368986,56533
2010-04-12,14.012709617614746,14.249711771524835,13.923834869377453,14.249711771524835,42467
2010-04-13,14.012709617614746,14.042335475452946,13.716458573305564,13.923834869377453,32667
2010-04-14,14.457087516784668,14.545962261635852,14.101584770343667,14.131210627053127,50967
2010-04-15,14.960715293884277,14.960715293884277,14.427462099731706,14.486712873197144,48333
2010-04-16,14.753338813781738,15.345842773945442,14.457087775458971,15.108841566583594,70933
2010-04-19,15.019966125488281,15.108841815150909,14.723714140532557,14.723714140532557,30700
2010-04-20,15.553218841552734,15.553218841552734,15.019965661798432,15.079216433664051,70000
2010-04-21,15.790220260620117,16.293848532182484,15.493968280774073,15.553219053446915,96300
2010-04-22,15.582843780517578,15.908721613639937,15.405093348166101,15.849469899924326,40200
2010-04-23,15.642094612121582,15.760595214727465,15.405093406909819,15.701344442544986,46300
2010-04-26,15.375468254089355,15.671720245051048,15.375468254089355,15.671720245051048,30567
2010-04-27,14.960715293884277,15.286592193546454,14.960715293884277,15.286592193546454,32600
2010-04-28,14.69408893585205,14.960715057842105,14.54596247540506,14.960715057842105,37667
2010-04-29,15.049590110778809,15.108840880809483,14.60521263170539,14.782964000038374,37933
2010-04-30,14.368212699890137,15.019966518804228,14.279337007900192,14.99034160206062,41100
2010-05-03,14.249711036682129,14.634837751127124,13.89420829502945,14.397836551198042,73167
2010-05-04,14.012709617614746,14.071960391532043,13.805333321542857,13.983084701535647,56700
2010-05-05,13.597957611083984,13.983084335302653,13.56833175402172,13.864583732330827,44100
2010-05-06,12.91657829284668,13.627582870384407,12.41295001118416,13.568332096523303,98400
2010-05-07,12.91657829284668,13.331330884597095,12.798077686883575,12.88695337679568,84700
2010-05-10,13.805333137512207,13.805333137512207,12.975828906041379,13.30170580384469,57767
2010-05-11,13.686832427978516,14.19046069954009,13.420206305348852,13.894208719694513,40767
2010-05-12,14.338586807250977,14.3978366367056,13.6868320909367,13.6868320909367,37900
2010-05-13,14.397836685180664,14.664463743901335,14.04233488197883,14.249711169286332,31800
2010-05-14,14.160836219787598,14.66446450684494,13.983084838059332,14.220086052524278,42833
2010-05-17,14.457087516784668,14.694088719905958,13.923834338882232,14.190460456953916,51933
2010-05-18,13.597957611083984,14.812589497864519,13.538706838718532,14.694088894892692,65533
2010-05-19,13.923834800720215,14.071960322144411,13.420206521063388,13.509082210621546,45567
2010-05-20,13.183205604553223,13.923835111735782,13.064704054655989,13.479456654018952,72100
2010-05-21,12.975829124450684,13.509082324537198,12.798077743835476,12.946203266508745,59633
2010-05-24,12.501825332641602,13.39058126381006,12.501825332641602,12.9165779121684,51300
2010-05-25,12.857327461242676,12.916577288738718,12.442574901734265,12.442574901734265,37367
2010-05-26,12.472200393676758,13.27207969426786,12.442575478555366,12.916577887533935,32333
2010-05-27,12.70920181274414,12.82770241698951,12.324074142627378,12.82770241698951,50467
2010-05-28,12.501825332641602,12.76845239451986,12.353699814993062,12.709201622405,31867
2010-06-01,12.146323204040527,12.827701885668596,12.146323204040527,12.38332440271472,39867
2010-06-02,12.827702522277832,13.035078816849119,12.294449327917247,13.035078816849119,36767
2010-06-03,12.975829124450684,13.212830337431555,12.709202053527873,12.946203266508745,44367
2010-06-04,12.442575454711914,12.886952947717539,12.442575454711914,12.738826488876285,52800
2010-06-07,12.146323204040527,12.501825002051817,12.087072433492454,12.472200087657304,44067
2010-06-08,12.205573081970215,12.442575223357647,12.027822653128455,12.146323252942645,48567
2010-06-09,12.41295051574707,12.41295051574707,12.205574211442409,12.383325598491872,30200
2010-06-10,12.620326042175293,12.709201730222013,12.235199316318283,12.6795768147928,31267
2010-06-11,13.094328880310059,13.094328880310059,12.35369943153812,12.35369943153812,17333
2010-06-14,12.472200393676758,13.27207969426786,12.383324706553507,13.183204948903683,37800
2010-06-15,13.183205604553223,13.27208035433747,12.383325322422044,12.53145084715491,51867
2010-06-16,13.123954772949219,13.272080297042635,12.94620339062983,13.005454165322664,20067
2010-06-17,12.975829124450684,13.183205421248722,12.886953434143079,13.183205421248722,24733
2010-06-18,13.094328880310059,13.331330077894908,12.886952596983553,13.064703024292669,54433
2010-06-21,12.827702522277832,13.272080027285135,12.798077606413104,13.242455111420407,23467
2010-06-22,12.620326042175293,13.153579228696529,12.59070112674608,12.916578021744664,17833
2010-06-23,12.649951934814453,12.916578057942736,12.531450389247345,12.590701162030898,25700
2010-06-24,12.59070110321045,12.88695308222604,12.531450330703699,12.561076187836614,22967
2010-06-25,12.946203231811523,13.035078921880931,12.561076497189564,12.620326329396434,112133
2010-06-28,12.975829124450684,13.27208016979722,12.590701447037437,12.886953434143079,38633
2010-06-29,12.353699684143066,13.094329148059188,12.29444891265579,12.709201487789542,68100
2010-06-30,12.11669921875,12.472201044021038,12.11669921875,12.383325352263498,46867
2010-07-01,12.146323204040527,12.294448717772136,11.968571834155357,12.205573032829552,42467
2010-07-02,11.998196601867676,12.26482365343582,11.96857168783534,12.20557288361211,25233
2010-07-06,11.850071907043457,12.353700189114988,11.850071907043457,12.175948809146425,41933
2010-07-07,12.205573081970215,12.205573081970215,11.850071282527644,11.850071282527644,32267
2010-07-08,12.11669921875,12.412950268929638,12.02782352699246,12.264824743839819,27567
2010-07-09,12.472200393676758,12.50182530879815,11.998197042939116,12.116698586942832,14367
2010-07-12,11.938947677612305,12.561076569942374,11.701946463893927,12.412950105049058,37933
2010-07-13,12.38332462310791,12.442575394710502,11.998196962088718,12.087072648613075,39633
2010-07-14,12.472200393676758,12.531450223919542,12.294449019430258,12.294449019430258,24067
2010-07-15,12.38332462310791,12.590700911078386,12.027822818769549,12.442575394710502,24067
2010-07-16,11.731571197509766,12.235199475139215,11.701946281696003,12.235199475139215,65400
2010-07-19,11.583444595336914,12.05744795144064,11.376069245380444,11.731571056138927,52567
2010-07-20,11.850071907043457,11.90932268095268,11.435319314956208,11.49457008886543,49567
2010-07-21,11.613070487976074,12.057447988219431,11.583444630669854,11.968572299818943,22833
2010-07-22,12.175949096679688,12.294449705537405,11.820447270106538,11.820447270106538,65833
2010-07-23,12.59070110321045,12.59070110321045,11.938947314431596,12.087072833059851,47633
2010-07-26,12.679576873779297,12.709201789346327,12.235199373237498,12.561076269752089,33700
2010-07-27,12.561076164245605,12.82770228562753,12.531450307168331,12.738826597913862,22333
2010-07-28,12.38332462310791,12.709201512524507,12.235199106740025,12.590700911078386,19967
2010-07-29,11.998196601867676,12.472199935180253,11.909321859770666,12.472199935180253,41267
2010-07-30,12.05744743347168,12.294448630462803,11.850071150664686,11.850071150664686,16167
2010-08-02,12.649951934814453,12.649951934814453,12.057447974015247,12.146323662311037,58367
2010-08-03,12.59070110321045,12.738826621838705,12.442575584582194,12.620326018584285,21700
2010-08-04,12.561076164245605,12.679576767277469,12.175948498072739,12.620325994881998,18233
2010-08-05,12.38332462310791,12.472200309632266,12.26482402166179,12.412949538029673,10833
2010-08-06,12.442575454711914,12.50182528484116,12.146323478788474,12.175948393853098,22867
2010-08-09,13.005453109741211,13.035078023803578,12.44257503376103,12.501824861885765,29767
2010-08-10,12.59070110321045,12.94620291297371,12.531450330703699,12.857328166852206,15167
2010-08-11,11.8796968460083,12.412950045182365,11.85007192987616,12.353700212918081,85200
2010-08-12,11.850071907043457,12.205573725221484,11.257567934987645,11.346443624971926,53867
2010-08-13,11.494569778442383,12.027822962187907,11.464943921408297,11.761195899435606,34967
2010-08-16,11.701946258544922,11.850071779079782,11.405694275716108,11.405694275716108,39833
2010-08-17,11.731571197509766,11.938947491724297,11.613070592495617,11.938947491724297,36133
2010-08-18,11.850071907043457,11.879696823118518,11.58344483709061,11.731571300984115,23267
2010-08-19,11.494569778442383,11.879696502294713,11.494569778442383,11.761195899435606,69767
2010-08-20,11.464944839477539,11.672321146526654,11.316819309482094,11.405695004183022,49200
2010-08-23,11.050190925598145,11.553819175157917,11.020566011435523,11.050190925598145,77000
2010-08-24,11.198317527770996,11.494569498585493,10.990941242376753,10.990941242376753,60633
2010-08-25,11.168693542480469,11.405694762147538,11.0205670738692,11.405694762147538,50567
2010-08-26,10.961316108703613,11.376068671201093,10.961316108703613,11.168692389952353,60833
2010-08-27,11.494569778442383,11.642695296576498,10.961316594696859,11.079817197555967,45833
2010-08-30,11.020566940307617,11.553820148975433,11.020566940307617,11.494570315656299,40600
2010-08-31,11.198317527770996,11.316818127744984,11.050191071484221,11.10944184235074,21533
2010-09-01,11.820446968078613,11.820446968078613,11.25756791318785,11.405694376794516,49967
2010-09-02,11.790821075439453,11.85007184905875,11.672320469959958,11.790821075439453,31533
2010-09-03,12.05744743347168,12.087072347655809,11.820446236480556,11.909321920791987,34167
2010-09-07,11.850071907043457,12.027823287012023,11.761196217059176,12.027823287012023,20867
2010-09-08,12.11669921875,12.383325352263498,11.85007214347738,11.909322918568781,40800
2010-09-09,12.264824867248535,12.44257625255215,12.205574091560955,12.353700559900343,24767
2010-09-10,12.38332462310791,12.561075996156623,12.324073851505316,12.38332462310791,28333
2010-09-13,12.59070110321045,12.738826621838705,12.442575584582194,12.561076187836614,41333
2010-09-14,12.59070110321045,12.679576791091034,12.205573436314273,12.6499518757172,42267
2010-09-15,12.768452644348145,12.827702475863216,12.353700056706273,12.531450493010581,25033
2010-09-16,12.561076164245605,12.798077370309333,12.442575561213742,12.798077370309333,27867
2010-09-17,12.679576873779297,12.85732825069965,12.442575665724881,12.738826704913357,71300
2010-09-20,12.827702522277832,12.886953295766384,12.501825622488536,12.649952085330368,48833
2010-09-21,12.620326042175293,12.85732819088624,12.501825438699361,12.798077418268733,37167
2010-09-22,12.264824867248535,12.679577471784215,12.264824867248535,12.620326696096635,83200
2010-09-23,11.731571197509766,12.383324995967126,11.701946281696003,12.116698870125067,78700
2010-09-24,12.294448852539062,12.442575309653424,11.909322135911653,11.938947050630901,75767
2010-09-27,12.41295051574707,12.442576374761407,12.057448683407282,12.264824987711943,28633
2010-09-28,12.679576873779297,12.798077477806503,12.205573515911382,12.501825496858944,42067
2010-09-29,12.827702522277832,12.886953295766384,12.590701311841816,12.590701311841816,37967
2010-09-30,12.649951934814453,12.946202973454971,12.590701162030898,12.916578057942736,18933
2010-10-01,12.946203231811523,12.975829089674061,12.561076497189564,12.70920201946584,22633
2010-10-04,12.768452644348145,12.97582893816908,12.738826786831517,12.946203080652452,25633
2010-10-05,13.301705360412598,13.331330275109194,12.649951586533154,12.916577702320627,39067
2010-10-06,13.242454528808594,13.33133021425172,13.06470315792234,13.301705299690362,33700
2010-10-07,12.827702522277832,13.331330800773687,12.827702522277832,13.331330800773687,29933
2010-10-08,12.886953353881836,13.005453959634238,12.738826890372007,12.886953353881836,41600
2010-10-11,12.975829124450684,13.03507895681635,12.768452827652643,12.827702660018309,14933
2010-10-12,12.857327461242676,12.886952374990697,12.738825922732534,12.886952374990697,10533
2010-10-13,12.91657829284668,13.064703814860785,12.709201996971471,12.88695337679568,38267
2010-10-14,12.857327461242676,12.94620220248674,12.738825922732534,12.94620220248674,20800
2010-10-15,12.561076164245605,13.035078576373062,12.531450307168331,13.035078576373062,63400
2010-10-18,12.738826751708984,12.85732829793059,12.442575711432243,12.561076315894757,32600
2010-10-19,12.472200393676758,12.916577887533935,12.32407393455165,12.5907009959214,35467
2010-10-20,12.620326042175293,12.827702333697944,12.501825438699361,12.501825438699361,24633
2010-10-21,12.649951934814453,12.798077454134711,12.44257564271064,12.709201765838923,29233
2010-10-22,12.38332462310791,12.798077199048864,12.324073851505316,12.561075996156623,24433
2010-10-25,12.531450271606445,12.67957673129523,12.472200441138192,12.472200441138192,16900
2010-10-26,12.649951934814453,12.738826681351158,12.294449181631295,12.50182547373511,31900
2010-10-27,12.620326042175293,12.6795768147928,12.442575607840935,12.531450354128573,22767
2010-10-28,12.294448852539062,12.70920142564478,12.294448852539062,12.70920142564478,22133
2010-10-29,12.353699684143066,12.44257537049445,12.29444891265579,12.29444891265579,21733
2010-11-01,12.294448852539062,12.590700825008726,12.205573166622258,12.353699623736619,25733
2010-11-02,12.768452644348145,12.768452644348145,12.412949888221345,12.412949888221345,34233
2010-11-03,12.738826751708984,12.85732829793059,12.561076315894757,12.738826751708984,15467
2010-11-04,13.331330299377441,13.331330299377441,12.827702039823231,12.88695281108334,67700
2010-11-05,13.657207489013672,13.686832404419512,13.123954302913148,13.360955509678028,32100
2010-11-08,13.805333137512207,14.012709430819687,13.597957785963818,13.627582701648002,37267
2010-11-09,13.272080421447754,13.894209323637995,13.15357981271044,13.894209323637995,44100
2010-11-10,13.864583969116211,13.923834742493574,13.035078792387695,13.360955691565456,42567
2010-11-11,13.509081840515137,13.775707960125793,13.449831068513285,13.59795752763838,29700
2010-11-12,13.035079002380371,13.568332204330869,12.857328562902945,13.449831597426215,30333
2010-11-15,13.153578758239746,13.272079357477333,13.005453244632525,13.064703073371794,28333
2010-11-16,12.679576873779297,13.005453770293888,12.531450412425974,13.005453770293888,33167
2010-11-17,12.768452644348145,12.97582893816908,12.62032618204228,12.738826786831517,18033
2010-11-18,13.094328880310059,13.331330077894908,12.946202425500244,12.975828281517634,23633
2010-11-19,13.035079002380371,13.153579609285025,12.946203311762103,13.035079002380371,23067
2010-11-22,13.153578758239746,13.183204614368428,12.82770187489662,13.094328929500477,23867
2010-11-23,12.946203231811523,13.18320538591631,12.916578315708088,13.035078921880931,23100
2010-11-24,13.301705360412598,13.301705360412598,13.005453388169471,13.123953988714911,15667
2010-11-26,12.975829124450684,13.30170602773916,12.975829124450684,13.123954647123952,9967
2010-11-29,13.123954772949219,13.153579689416079,12.73882709184358,12.94620339062983,16867
2010-11-30,12.975829124450684,13.153579563306785,12.916578350325912,12.975829124450684,15033
2010-12-01,13.301705360412598,13.36095518980579,13.035078302866067,13.272079503956945,21833
2010-12-02,13.183205604553223,13.301706212691338,12.975829304871741,13.27208035433747,25967
2010-12-03,12.946203231811523,13.123954611950339,12.886953399604655,13.064703837984366,35300
2010-12-06,13.183205604553223,13.24245543774272,12.886953613328375,12.886953613328375,35767
2010-12-07,13.627582550048828,13.686832380758078,13.272079798757009,13.272079798757009,52900
2010-12-08,13.53870677947998,13.59795755158618,13.272079717640688,13.568331694653544,30100
2010-12-09,13.597957611083984,13.65720744169036,13.509081923415346,13.65720744169036,32433
2010-12-10,13.923834800720215,13.953459716653235,13.568332042487587,13.657207732045743,20400
2010-12-13,13.953458786010742,13.983083699967894,13.627581907204977,13.894208016337405,27433
2010-12-14,13.894208908081055,14.012709513274176,13.864583992222547,14.012709513274176,25867
2010-12-15,13.449831008911133,13.923834357548216,13.331330407191627,13.834958670818821,40567
2010-12-16,13.716458320617676,13.775708151684357,13.153579274929697,13.420206340007017,26867
2010-12-17,13.805333137512207,13.834958994955482,13.479456239708895,13.686832533016375,48000
2010-12-20,13.568331718444824,13.923834468187236,13.47945603100922,13.805332923767049,25867
2010-12-21,13.657207489013672,13.834958864966874,13.212829990889748,13.627582573607832,25567
2010-12-22,13.775708198547363,13.775708198547363,13.538706989956225,13.686832509885914,17800
2010-12-23,13.716458320617676,13.805333067217697,13.62758263225857,13.805333067217697,13567
2010-12-27,13.627582550048828,13.686832380758078,13.331330571225338,13.627582550048828,30633
2010-12-28,13.627582550048828,13.716458237871782,13.360955486579963,13.568331777580498,21367
2010-12-29,13.331330299377441,13.657207186910387,13.331330299377441,13.627582272159863,18733
2010-12-30,12.738826751708984,13.449831320243165,12.738826751708984,13.360955631456505,177333
2010-12-31,12.975829124450684,13.123954647123952,12.738826969710706,12.738826969710706,59567
2011-01-03,13.094328880310059,13.242454393360829,12.82770182670782,13.242454393360829,37100
2011-01-04,12.738826751708984,13.153579338207333,12.738826751708984,13.153579338207333,29900
2011-01-05,12.886953353881836,13.005453959634238,12.738826890372007,12.738826890372007,22100
2011-01-06,13.035079002380371,13.12395469299864,12.82770270485745,12.82770270485745,22833
2011-01-07,12.91657829284668,13.035078898809784,12.768452770832575,13.035078898809784,13300
2011-01-10,12.798077583312988,12.886953272505849,12.649952062497613,12.768452667501732,37367
2011-01-11,14.042335510253906,14.10158534255894,12.916578337108115,12.916578337108115,92567
2011-01-12,14.960715293884277,14.990341151496544,14.042335368363183,14.220085805241311,88600
2011-01-13,14.486712455749512,15.07921640629399,14.36821185399243,15.07921640629399,94867
2011-01-14,14.782964706420898,15.079216687212162,14.220085660389772,14.427461952767748,46600
2011-01-18,14.842214584350586,15.256967170415074,14.842214584350586,14.871840441754541,41433
2011-01-19,13.953458786010742,14.931089422428041,13.775707418749766,14.931089422428041,59433
2011-01-20,14.131211280822754,14.516338018272675,13.953459899378721,13.953459899378721,39300
2011-01-21,13.894208908081055,14.782964859668109,13.894208908081055,14.249711665419515,45200
2011-01-24,14.249711036682129,14.545962065713955,13.953459065891249,13.953459065891249,58167
2011-01-25,15.256966590881348,15.819845617307465,14.901464791369367,15.108841076524453,138867
2011-01-26,15.642094612121582,15.849469960362569,15.138466344727279,15.405093406909819,83400
2011-01-27,15.76059627532959,15.849471026945482,15.553219971374235,15.701345499159858,28167
2011-01-28,15.079216957092285,16.17534732794386,15.079216957092285,15.84947042576882,71133
2011-01-31,15.079216957092285,15.316218169263388,14.516337900987038,14.664464364913304,65467
2011-02-01,15.642094612121582,15.642094612121582,15.079216514303877,15.168091259938981,31700
2011-02-02,15.49396800994873,15.671719383101186,15.286591721857222,15.612469553223079,35967
2011-02-03,15.908721923828125,16.678975381968037,15.197717355281846,15.345842875422736,104533
2011-02-04,15.73097038269043,16.116097107756065,15.553219006962243,15.849470044163782,41200
2011-02-07,16.441974639892578,16.59010016423935,15.790220825952204,15.790220825952204,51267
2011-02-08,16.73822784423828,16.73822784423828,16.26422352169662,16.471600765968272,42500
2011-02-09,18.24911117553711,18.308362894097495,16.649352444772614,16.649352444772614,181133
2011-02-10,18.160234451293945,18.66386272938519,17.656606173202697,17.952859098648354,116000
2011-02-11,18.100984573364258,18.18986026241906,17.65660612809025,18.041734741833785,62200
2011-02-14,17.89360809326172,18.16023326010028,17.80473240980951,18.16023326010028,46467
2011-02-15,17.2714786529541,17.863982593258967,17.123353138757412,17.863982593258967,79800
2011-02-16,17.449230194091797,18.07135811321101,16.9456019340819,17.449230194091797,76067
2011-02-17,17.626981735229492,17.71585742217242,17.093727613571936,17.38998053122107,38500
2011-02-18,17.626981735229492,18.012108456303412,17.508480191466212,17.77510725229499,54433
2011-02-22,16.97522735595703,17.77510662677693,16.97522735595703,17.77510662677693,57500
2011-02-23,16.17534637451172,17.21222873560076,15.879095347639474,16.975227537399345,62300
2011-02-24,16.8863525390625,17.03447805851991,16.204972889336617,16.293848577714694,45567
2011-02-25,17.449230194091797,17.449230194091797,16.797476418436194,16.886352104527244,33867
2011-02-28,17.33072853088379,17.77510695824721,17.21222887259895,17.626981443632108,41500
2011-03-01,16.915977478027344,17.775108553529304,16.886353502556492,17.330730086283758,35700
2011-03-02,17.03447723388672,17.241852574384488,16.649350525237676,16.886351721600015,27633
2011-03-03,17.004852294921875,17.241853504063297,16.827102800704445,17.241853504063297,35933
2011-03-04,16.945602416992188,17.182603625482926,16.85672672836839,17.123353794239783,21300
2011-03-07,15.908721923828125,17.03447813712072,15.908721923828125,17.00485227968527,73300
2011-03-08,16.11609649658203,16.61972474753998,15.938345127594745,15.997596839602565,44133
2011-03-09,15.819846153259277,16.412350114278077,15.790220295976978,16.027221503680863,38733
2011-03-10,15.168091773986816,15.819846523045797,15.108841941555431,15.760595748855305,83300
2011-03-11,14.960715293884277,15.405093740477334,14.87184054632476,14.87184054632476,78367
2011-03-14,15.108840942382812,15.642094107795899,14.8125889745402,15.582843337523757,63333
2011-03-15,14.723713874816895,15.049590769859432,14.516337583266273,14.812589562875601,70200
2011-03-16,14.368212699890137,15.197717902784117,14.368212699890137,14.753339442834395,100000
2011-03-17,14.397836685180664,14.753338488382497,14.368211770353609,14.723713573555443,64100
2011-03-18,14.723713874816895,14.960715081800725,14.516337583266273,14.575588355891771,85933
2011-03-21,15.256966590881348,15.256966590881348,14.81258910605161,15.13846599104402,68800
2011-03-22,15.4050931930542,15.464343022655088,15.197716905932962,15.256966735533853,42367
2011-03-23,16.08647346496582,16.204973128876123,15.316218115476058,15.316218115476058,62900
2011-03-24,15.76059627532959,16.175347941481164,15.730971358124293,16.175347941481164,36900
2011-03-25,15.819846153259277,15.967971672634436,15.553219088273092,15.819846153259277,30367
2011-03-28,15.582843780517578,15.99759730069521,15.553218865418843,15.849469899924326,40533
2011-03-29,15.70134449005127,15.879095865377439,15.138466390530509,15.52359405648418,33333
2011-03-30,15.52359390258789,15.790220021174814,15.52359390258789,15.701344334392816,43733
2011-03-31,15.938346862792969,15.997598581251488,15.40509458129434,15.434719498764455,25333
2011-04-01,15.849470138549805,16.116097203729893,15.849470138549805,16.02722151533653,33667
2011-04-04,15.790220260620117,15.99759749409552,15.730970429706357,15.96797163687956,28600
2011-04-05,16.0272216796875,16.05684753729514,15.61247003253055,15.760595553532383,22867
2011-04-06,16.11609649658203,16.530849063046336,15.997596839602565,16.056846668092298,24967
2011-04-07,15.76059627532959,16.35309932823122,15.76059627532959,16.145723966035003,28867
2011-04-08,15.316218376159668,15.938346331072937,15.286592517918757,15.938346331072937,42400
2011-04-11,14.990341186523438,15.434718692395744,14.960715328841946,15.286592229265578,38700
2011-04-12,14.605213165283203,15.108841432786539,14.516337477869783,14.901465142741582,58967
2011-04-13,14.634838104248047,14.960714997453314,14.51633750142423,14.782964564097126,27367
2011-04-14,14.931090354919434,15.019966044100475,14.575588539954362,14.575588539954362,14900
2011-04-15,15.345842361450195,15.553218647757323,14.901464874151799,14.901464874151799,43433
2011-04-18,14.871840476989746,15.227342290847686,14.605213410276972,15.108841686228372,50333
2011-04-19,14.812589645385742,15.138466542243501,14.694089041233747,15.138466542243501,26267
2011-04-20,15.079216957092285,15.168091705337122,14.753339113158141,15.13846678925551,29500
2011-04-21,14.90146541595459,15.227342314605918,14.753338953630017,15.168091541324271,21433
2011-04-25,15.108840942382812,15.168090770895908,14.723713290011512,14.842213888796747,25400
2011-04-26,15.108840942382812,15.405092910225425,14.8125889745402,15.168090770895908,40100
2011-04-27,15.019966125488281,15.13846673111875,14.87184060388997,15.079216899183065,13667
2011-04-28,15.316218376159668,15.316218376159668,14.842215003655372,15.019966386064374,26000
2011-04-29,15.464344024658203,15.553219716577246,15.04959142354208,15.316218499299211,27333
2011-05-02,14.812589645385742,15.553219127655028,14.812589645385742,15.553219127655028,22667
2011-05-03,15.049590110778809,15.316217163278283,14.871839684204865,14.871839684204865,39333
2011-05-04,14.753338813781738,15.256967085744979,14.723713898301279,15.079216651103135,29633
2011-05-05,14.516338348388672,14.960715870345227,14.368212821656197,14.694089733874947,36233
2011-05-06,14.57558822631836,14.90146511846393,14.516337454219586,14.753338659096533,27000
2011-05-09,15.108840942382812,15.227341541168048,14.39783640791235,14.605212691226274,40000
2011-05-10,15.790220260620117,15.790220260620117,15.10884155455739,15.25696707360087,57267
2011-05-11,15.019966125488281,15.612470095399727,15.019966125488281,15.434718716074475,52767
2011-05-12,15.52359390258789,15.52359390258789,14.960714866888267,14.960714866888267,27967
2011-05-13,15.108840942382812,15.701343936308994,15.049590172110673,15.553218423267209,30333
2011-05-16,14.723713874816895,15.405093522094258,14.723713874816895,14.960715081800725,32133
2011-05-17,14.664464950561523,14.901466172197638,14.545963397984327,14.664464950561523,32500
2011-05-18,14.842214584350586,14.901465357399408,14.545962602624654,14.575588460028609,38433
2011-05-19,16.17534637451172,16.945601681304883,15.019965297840065,15.019965297840065,279067
2011-05-20,15.997597694396973,16.41235028302262,15.938345979223175,16.027221668465685,84400
2011-05-23,16.590099334716797,16.88635225211561,15.849469866496973,15.849469866496973,114533
2011-05-24,16.767850875854492,16.886352420700707,16.23459863284192,16.708601045190463,96467
2011-05-25,16.501224517822266,16.827103309197298,16.14572363512646,16.619726067733026,78033
2011-05-26,17.41960334777832,17.538104883672535,16.353097058802465,16.471598594696676,137467
2011-05-27,16.73822784423828,17.538107195530046,16.44197490720996,17.538107195530046,185667
2011-05-31,16.97522735595703,17.09372701203209,16.501223081102577,17.064103039772363,101533
2011-06-01,15.849470138549805,17.24185341202159,15.849470138549805,17.004852204145347,106467
2011-06-02,16.471599578857422,16.76785061101662,15.938345460749115,15.938345460749115,99400
2011-06-03,16.501224517822266,16.708601759286537,16.20497346832272,16.29384915987623,84667
2011-06-06,16.0272216796875,17.064104093736702,16.0272216796875,16.56047581551592,68400
2011-06-07,15.76059627532959,16.264223634856194,15.76059627532959,16.056848272659977,62767
2011-06-08,15.108840942382812,16.145722358952437,15.108840942382812,15.612469193539349,103533
2011-06-09,15.22734260559082,15.612470284883344,15.108841998522147,15.22734260559082,47633
2011-06-10,15.316218376159668,15.642095282736758,15.079217160787078,15.108842077268873,76867
2011-06-13,14.960715293884277,15.286592193546454,14.87184054632476,15.286592193546454,37267
2011-06-14,15.286591529846191,15.464342900765956,15.07921618611854,15.197716786145364,27833
2011-06-15,14.812589645385742,15.61246990061057,14.694089041233747,15.079216711047048,34967
2011-06-16,14.782964706420898,15.37546772624434,14.66446410245621,14.782964706420898,35800
2011-06-17,14.753338813781738,15.168091397544515,14.664464067340358,14.960715105663127,58900
2011-06-20,14.753338813781738,15.04959079386359,14.664464067340358,14.723713898301279,41900
2011-06-21,15.49396800994873,15.642094468162131,14.782964400857047,14.93108991731138,66367
2011-06-22,14.931090354919434,15.434718632439273,14.901465439112117,15.286592169884505,34867
2011-06-23,15.19771671295166,15.227341627375926,14.694088458943888,14.782964143975736,49900
2011-06-24,15.019966125488281,15.25696733674922,14.931090435825654,15.168091647086593,89667
2011-06-27,15.286591529846191,15.375467215306074,15.0199654152256,15.108841100685481,25300
2011-06-28,15.079216957092285,15.434718775348939,14.812589887080469,15.345843085345,42100
2011-06-29,15.079216957092285,15.13846678925551,14.960715409247632,15.079216957092285,52033
2011-06-30,15.19771671295166,15.34584222683204,14.871839829007584,14.90146474343185,55667
2011-07-01,15.286591529846191,15.523593671658896,14.960714644332661,15.25696661527925,49367
2011-07-05,15.375468254089355,15.375468254089355,15.108842121455213,15.227342729488067,48067
2011-07-06,15.819846153259277,15.997597529916733,15.286592023286907,15.286592023286907,53067
2011-07-07,16.382722854614258,16.47159853533512,15.908720479781682,15.967970305756252,70567
2011-07-08,16.145723342895508,16.264223007143237,15.790220583115918,16.086473510771643,24267
2011-07-11,15.819846153259277,15.997597529916733,15.612469861078607,15.849470127023407,30300
2011-07-12,16.204973220825195,16.382724601217433,15.70134493755326,15.70134493755326,41833
2011-07-13,16.293848037719727,16.53084923770075,16.027220981421785,16.264222181402808,36833
2011-07-14,15.938346862792969,16.441975168580626,15.819847192912514,16.23459980453069,39900
2011-07-15,15.849470138549805,16.056847372640373,15.37546772279732,15.37546772279732,31667
2011-07-18,15.464344024658203,15.879096625774325,15.434719107938228,15.730971100415333,32800
2011-07-19,15.967970848083496,15.967970848083496,15.464342601399682,15.582843199132514,31933
2011-07-20,15.908721923828125,16.086473301404467,15.493968395563629,15.908721923828125,16267
2011-07-21,16.26422119140625,16.26422119140625,15.493966867473466,15.938344325828572,36167
2011-07-22,16.056848526000977,16.26422389146911,15.701345746891823,16.26422389146911,18200
2011-07-25,15.938346862792969,16.1457241103612,15.730971498743028,15.760596416213142,25467
2011-07-26,16.056848526000977,16.293849750900975,15.967972831223689,16.02722266656911,21767
2011-07-27,15.19771671295166,15.967971080295927,15.168090856768345,15.879095395264079,79100
2011-07-28,15.049590110778809,15.375466991549917,14.901464598340683,15.168090709081117,64900
2011-07-29,15.108840942382812,15.1977166269115,14.87183974481234,14.87183974481234,31600
2011-08-01,15.079216957092285,15.405093859267328,14.901465577084407,15.405093859267328,42933
2011-08-02,14.516338348388672,15.108842338836835,14.516338348388672,14.960715870345227,81567
2011-08-03,14.516338348388672,15.019966646093698,14.071960826432116,14.60521404113181,59367
2011-08-04,13.390581130981445,14.664463772103385,13.390581130981445,14.220085340047655,97167
2011-08-05,12.975829124450684,14.042335524623715,12.827702660018309,13.657207847210467,114867
2011-08-08,11.731571197509766,13.06470371023825,11.672320424123145,12.59070129018166,150867
2011-08-09,12.886953353881836,12.886953353881836,11.405694369338155,12.11669894561167,133733
2011-08-10,11.850071907043457,12.531450627324451,11.820446990968398,12.294449415205767,78367
2011-08-11,12.561076164245605,12.679576767277469,11.998197122645404,11.998197122645404,106500
2011-08-12,12.235198974609375,12.798077060839567,12.116698374442969,12.709201375274999,97800
2011-08-15,12.59070110321045,12.620326018584285,12.146323605566602,12.324074039568693,53467
2011-08-16,12.738826751708984,12.85732829793059,12.146323729396409,12.442575711432243,90933
2011-08-17,12.738826751708984,13.005453818068961,12.472200627108098,12.85732829793059,29133
2011-08-18,12.264824867248535,12.44257625255215,11.909323038400437,12.29444978421276,83300
2011-08-19,11.850071907043457,12.41295002126511,11.850071907043457,12.027823287012023,54733
2011-08-22,11.8796968460083,12.175948832607025,11.85007192987616,12.175948832607025,49933
2011-08-23,12.146323204040527,12.235198888983112,11.879696149212773,11.909322005366333,51200
2011-08-24,12.41295051574707,12.501826209271801,11.96857298988255,12.146324376932013,35500
2011-08-25,11.909321784973145,12.59070045399166,11.909321784973145,12.472199856847528,39567
2011-08-26,12.205573081970215,12.324073681784403,11.731570682713453,11.82044636801386,26600
2011-08-29,12.679576873779297,12.709201789346327,12.087072911884174,12.264824288804528,37133
2011-08-30,12.531450271606445,12.590701043833773,12.264824150981156,12.590701043833773,32233
2011-08-31,12.294448852539062,12.70920142564478,12.235199023100565,12.590700825008726,35100
2011-09-01,11.968572616577148,12.561076593755459,11.850072009493308,12.35370029591896,34333
2011-09-02,11.672320365905762,12.057448036600183,11.672320365905762,11.701946223330856,57467
2011-09-06,11.613070487976074,11.672320319070343,11.109442214879364,11.405694195627962,65433
2011-09-07,11.8796968460083,11.938947620031687,11.583444859409576,11.820447013744019,40733
2011-09-08,11.494569778442383,11.938947274603805,11.435319006133291,11.761195899435606,48667
2011-09-09,11.109441757202148,11.435318640072687,10.961316243809739,11.405693725746014,65467
2011-09-12,11.109441757202148,11.287193126680277,10.842814702984954,10.931690387724018,32567
2011-09-13,11.435318946838379,11.761195838450943,10.961316537859766,11.198317742349072,56433
2011-09-14,11.820446968078613,11.938947573908486,11.287193770964643,11.553819898642079,60567
2011-09-15,11.850071907043457,11.90932268095268,11.613070694924772,11.90932268095268,24133
2011-09-16,11.820446968078613,11.938947573908486,11.701946362248743,11.938947573908486,46300
2011-09-19,11.55381965637207,11.613070428924138,11.257567677129899,11.583444571768563,37167
2011-09-20,11.287193298339844,11.731570787034368,11.257567441803564,11.583444329630153,46900
2011-09-21,10.783565521240234,11.37606949387242,10.724314747273375,11.2575679459387,44533
2011-09-22,10.457688331604004,10.813190140364137,10.30956187163464,10.516938162184488,93100
2011-09-23,10.546564102172852,11.050191433103839,10.368812725515395,10.516938244890552,30600
2011-09-26,10.72431468963623,10.813190379229312,10.2206873515406,10.665064857746907,37967
2011-09-27,10.990942001342773,11.376069684172045,10.753940785028968,10.990942001342773,37100
2011-09-28,10.368813514709473,11.22794366434573,10.368813514709473,10.99094243860314,47900
2011-09-29,11.020566940307617,11.020566940307617,10.398438039901977,10.694690031775014,65600
2011-09-30,10.516938209533691,11.22794277201411,10.457688378686454,10.783565273623504,42367
2011-10-03,9.805933952331543,10.605813209164479,9.805933952331543,10.42806278640106,74433
2011-10-04,10.42806339263916,10.48731322308513,9.391181942243934,9.628183147545965,77933
2011-10-05,10.457688331604004,10.546564019233806,10.102185581084793,10.398437559264442,38000
2011-10-06,10.605813980102539,10.605813980102539,10.30956199828355,10.368812771350983,49667
2011-10-07,9.92443561553955,10.576189433210718,9.835559923719098,10.576189433210718,40667
2011-10-10,10.42806339263916,10.457688307862146,9.924435125053039,10.072560642927039,42867
2011-10-11,10.75394058227539,10.813190414357193,10.250312300784568,10.368812906707273,38933
2011-10-12,11.316819190979004,11.405694884749279,10.63544044167214,10.872441663886777,52733
2011-10-13,11.079817771911621,11.316818989915507,10.665065169525258,11.16869346410286,20733
2011-10-14,11.494569778442383,11.494569778442383,10.842815050078674,11.25756763096509,25433
2011-10-17,10.75394058227539,11.346443611888917,10.72431472447539,11.346443611888917,37767
2011-10-18,11.405694007873535,11.464943837992465,10.576188852135958,10.842814971189283,37533
2011-10-19,10.990942001342773,11.642695817085295,10.931691226384762,11.40569460077149,35133
2011-10-20,10.990942001342773,11.050191834541666,10.54656448531461,10.990942001342773,15467
2011-10-21,11.079817771911621,11.227943297724268,10.813190695337905,11.139067605533029,26833
2011-10-24,11.672320365905762,11.761196054662866,11.139067175122227,11.139067175122227,46067
2011-10-25,10.694689750671387,11.435319240007406,10.605814061269609,11.435319240007406,30400
2011-10-26,11.020566940307617,11.079817715385872,10.576189423377624,10.931691248569793,29300
2011-10-27,12.235198974609375,12.264823889211213,11.109441860389936,11.464943660889153,84967
2011-10-28,12.027823448181152,12.294449579947605,11.879696982302798,12.175948972300391,33233
2011-10-31,11.642695426940918,12.027823096864639,11.553819738361668,11.850071719706138,24300
2011-11-01,10.75394058227539,11.287193779807115,10.694689808434488,11.050191626202604,47167
2011-11-02,11.227943420410156,11.346444030706936,10.961317282682186,11.020567116951007,45067
2011-11-03,11.761195182800293,11.79082009627019,11.050190667209629,11.435318309354367,33967
2011-11-04,11.316819190979004,11.61307118962687,11.139067803438456,11.61307118962687,25033
2011-11-07,10.93169116973877,11.257568075921398,10.842815478641851,11.139067468378544,25467
2011-11-08,11.494569778442383,11.553819608992399,11.050191340521883,11.079817197555967,46233
2011-11-09,10.813189506530762,11.257566976872761,10.813189506530762,11.109441467345102,50367
2011-11-10,10.783565521240234,11.050191649693346,10.694689831169496,11.050191649693346,26433
2011-11-11,11.257567405700684,11.316818176824166,10.902065604236967,10.902065604236967,27600
2011-11-14,11.050190925598145,11.405693662585769,10.931690327188617,11.050190925598145,40667
2011-11-15,11.405694007873535,11.464943837992465,10.961316514945281,10.990941430004746,24133
2011-11-16,11.139066696166992,11.524194350301777,11.109441781774793,11.227942381102638,33200
2011-11-17,10.694689750671387,11.168693113561169,10.694689750671387,11.168693113561169,40300
2011-11-18,10.961316108703613,11.079816706308746,10.724313971734315,10.724313971734315,27800
2011-11-21,10.457688331604004,10.990941515623742,10.398437559264442,10.694689537444093,31967
2011-11-22,10.457688331604004,10.783565225073895,10.30956187163464,10.457688331604004,29967
2011-11-23,10.457688331604004,10.63543970686361,10.398437559264442,10.398437559264442,38600
2011-11-25,10.250311851501465,10.54656382420271,10.220686936759058,10.428063223474023,14833
2011-11-28,10.487313270568848,10.842815080131508,10.27993697955086,10.694689561586836,39067
2011-11-29,10.13181209564209,10.487313927472655,9.98368562606,10.487313927472655,39200
2011-11-30,10.605813980102539,10.605813980102539,10.131811562599427,10.605813980102539,71367
2011-12-01,10.220687866210938,10.546564783289279,10.072561395510418,10.546564783289279,44933
2011-12-02,10.457688331604004,10.665064622153851,10.250312041054157,10.428063416313762,56667
2011-12-05,10.72431468963623,10.813190379229312,10.516938394505406,10.635439941802247,53267
2011-12-06,10.783565521240234,11.020566733589467,10.546564308891002,10.724314747273375,56333
2011-12-07,11.020566940307617,11.10944263204544,10.60581434003719,10.72431494843458,26500
2011-12-08,10.42806339263916,10.931690718466205,10.3984375356571,10.872440888020236,32967
2011-12-09,10.93169116973877,11.050191777281624,10.428063823121418,10.546564430664272,38867
2011-12-12,10.813189506530762,10.872440275397238,10.605813228136626,10.665063997003102,27667
2011-12-13,10.487313270568848,11.020566455792379,10.45768835521173,10.902065852604826,26333
2011-12-14,10.605813980102539,10.694689668824145,10.279937082629377,10.339187855696812,37933
2011-12-15,10.842815399169922,10.87244125715783,10.428063746689393,10.813190482941122,35633
2011-12-16,10.694689750671387,11.25756786120385,10.694689750671387,10.96131681887672,99167
2011-12-19,10.3984375,10.872440850737739,10.3984375,10.635439646248406,37533
2011-12-20,10.872441291809082,10.902066208132299,10.54656438697636,10.66506499402834,42767
2011-12-21,10.72431468963623,10.842815295173972,10.546564252209166,10.842815295173972,28933
2011-12-22,11.079817771911621,11.079817771911621,10.724315003146666,10.753940861716496,26900
2011-12-23,10.990942001342773,11.316818909214033,10.961317084743328,11.109442609499675,30400
2011-12-27,10.842815399169922,11.020566780060939,10.635440043809211,11.020566780060939,30967
2011-12-28,10.487313270568848,10.902065852604826,10.487313270568848,10.842815080131508,40767
2011-12-29,10.191061019897461,10.783564961790638,10.131811190763576,10.48731299084405,156300
2011-12-30,10.250311851501465,10.309561680986278,10.102185394271313,10.161436165515186,92867
2012-01-03,10.783565521240234,10.783565521240234,10.428063702716384,10.605814141098758,39633
2012-01-04,10.72431468963623,10.783565463284651,10.457688562616084,10.665064857746907,31833
2012-01-05,10.546564102172852,10.69468962154801,10.368812725515395,10.576189017696066,20900
2012-01-06,10.576189041137695,10.665064729663412,10.398437664086261,10.546564125548818,27800
2012-01-09,10.368813514709473,10.605814740452063,10.19106212452295,10.487314127580767,36533
2012-01-10,10.605813980102539,10.665064753169972,10.457688460072589,10.546564148794195,30367
2012-01-11,10.72431468963623,10.783565463284651,10.457688562616084,10.487313478560745,18067
2012-01-12,11.168693542480469,11.168693542480469,10.57618955155366,10.75394093718353,45167
2012-01-13,11.168693542480469,11.287194152314003,10.961317239831999,10.9909421568506,45167
2012-01-17,11.287193298339844,11.553819414852933,11.257567441803564,11.287193298339844,28200
2012-01-18,11.55381965637207,11.55381965637207,11.287193534285471,11.376069222234031,37133
2012-01-19,11.435318946838379,11.820446610452805,11.435318946838379,11.701946008208152,37067
2012-01-20,11.850071907043457,11.850071907043457,11.464944231031268,11.464944231031268,18500
2012-01-23,12.472200393676758,12.531450223919542,11.790820753571225,11.968572127817724,47667
2012-01-24,13.035079002380371,13.035079002380371,12.412950109811606,12.501825800429874,50633
2012-01-25,13.568331718444824,13.953459383412744,12.886953017703663,13.035078535590284,70767
2012-01-26,12.768452644348145,13.627582735389424,12.62032618204228,13.627582735389424,60200
2012-01-27,13.035079002380371,13.035079002380371,12.620326407334527,12.620326407334527,32067
2012-01-30,12.59070110321045,12.916577997599875,12.59070110321045,12.857328166852206,24033
2012-01-31,13.064703941345215,13.153579632117758,12.442575989455632,12.64995228733853,44900
2012-02-01,13.064703941345215,13.183205490214679,12.857328585221428,13.183205490214679,36800
2012-02-02,13.242454528808594,13.39058098513349,13.035078243360982,13.12395392880411,29200
2012-02-03,13.627582550048828,13.716458237871782,13.331330571225338,13.479456089757543,34333
2012-02-06,13.53870677947998,13.627582466759744,13.360955404920452,13.627582466759744,14900
2012-02-07,13.509081840515137,13.59795752763838,13.420206153391895,13.568331670757917,14233
2012-02-08,13.005453109741211,13.331329989704372,12.738826057902784,13.331329989704372,36233
2012-02-09,12.886953353881836,13.005453959634238,12.679577058375356,13.005453959634238,13767
2012-02-10,12.41295051574707,12.916578817881124,12.41295051574707,12.73882743083166,28000
2012-02-13,12.442575454711914,12.709201573811661,12.264824080806036,12.620325886858723,24567
2012-02-14,12.324074745178223,12.412950438147346,12.2055741351391,12.353700604007352,15467
2012-02-15,12.175949096679688,12.412950314395122,12.175949096679688,12.412950314395122,20167
2012-02-16,12.738826751708984,12.76845260914393,12.205573560748123,12.235199418183068,15333
2012-02-17,12.679576873779297,12.798077477806503,12.62032610088615,12.798077477806503,14133
2012-02-21,12.472200393676758,12.7684523701679,12.472200393676758,12.709201598166041,20967
2012-02-22,12.531450271606445,12.6203259590679,12.442575525904065,12.442575525904065,18167
2012-02-23,12.738826751708984,12.738826751708984,12.472200627108098,12.590701231570613,29033
2012-02-24,12.649951934814453,12.827702369646946,12.561076246518663,12.738826681351158,25533
2012-02-27,12.798077583312988,12.916578188317105,12.442575768300633,12.442575768300633,23300
2012-02-28,12.857327461242676,12.94620220248674,12.738825922732534,12.738825922732534,20833
2012-02-29,12.738826751708984,13.33133071578065,12.62032614724647,12.85732829793059,41967
2012-03-01,12.679576873779297,13.035078685860919,12.62032610088615,12.827702393373535,36567
2012-03-02,12.05744743347168,12.73882611026092,12.02782251928755,12.620325511765358,46367
2012-03-05,11.938947677612305,12.26482458191485,11.909322761337284,12.027823368196474,26667
2012-03-06,11.55381965637207,11.968572238959295,11.55381965637207,11.850071635614242,38067
2012-03-07,11.8796968460083,11.909322703899546,11.701946407456349,11.701946407456349,18400
2012-03-08,12.146323204040527,12.235198888983112,11.67231986493309,11.909322005366333,41800
2012-03-09,12.264824867248535,12.44257625255215,12.087073481944921,12.116699340668276,44033
2012-03-12,12.294448852539062,12.383324538455868,12.087072565986205,12.235199023100565,21067
2012-03-13,12.442575454711914,12.442575454711914,12.205573308917721,12.442575454711914,33900
2012-03-14,12.442575454711914,12.5907009717941,12.353699767758975,12.442575454711914,11667
2012-03-15,12.442575454711914,12.561076056729476,12.116698563723851,12.412949597888222,20800
2012-03-16,12.324074745178223,12.590701824085595,12.264824911038229,12.412950438147346,40867
2012-03-19,12.501825332641602,12.620325935112248,12.324073958056095,12.41294964534885,29867
2012-03-20,12.649951934814453,12.768452538622476,12.32407409714353,12.383324869927085,36267
2012-03-21,12.768452644348145,12.97582893816908,12.472200661495508,12.768452644348145,44367
2012-03-22,12.738826751708984,12.85732829793059,12.62032614724647,12.649952004681415,22033
2012-03-23,13.242454528808594,13.242454528808594,12.561075843343044,12.738826272470245,50933
2012-03-26,13.449831008911133,13.538706695640528,13.123954118742729,13.360955322181738,39233
2012-03-27,13.212830543518066,13.509082535244486,13.123954851824228,13.390581926905742,29267
2012-03-28,12.768452644348145,13.242455063505089,12.738826786831517,13.183205231990016,22267
2012-03-29,12.70920181274414,12.886953189991738,12.531450435496543,12.70920181274414,40500
2012-03-30,12.294448852539062,12.857327882759142,12.294448852539062,12.857327882759142,56333
2012-04-02,12.649951934814453,12.679576850326688,12.235199350606825,12.235199350606825,28800
2012-04-03,12.768452644348145,13.242455063505089,12.62032618204228,12.649952039558908,35467
2012-04-04,12.353699684143066,12.76845225927682,12.324073827519896,12.649951658061328,32667
2012-04-05,12.235198974609375,12.472200174942188,12.205573118248482,12.324073718414889,15700
2012-04-09,12.027823448181152,12.264824663475581,11.998197589950014,12.264824663475581,24867
2012-04-10,11.820446968078613,12.20557370158592,11.820446968078613,12.057448179738357,42467
2012-04-11,11.790821075439453,12.027823228157542,11.701946327649154,11.998197370468345,28433
2012-04-12,11.850071907043457,11.99819742917786,11.761196217059176,11.790821133134235,26600
2012-04-13,11.613070487976074,11.909322468724675,11.613070487976074,11.850071695871321,32533
2012-04-16,11.850071907043457,11.93894759702774,11.672320527074893,11.672320527074893,13000
2012-04-17,12.08707332611084,12.324074542287338,11.909322884858025,11.909322884858025,28367
2012-04-18,11.820446968078613,12.146323869550534,11.731571278266436,11.968572489926178,18500
2012-04-19,11.642695426940918,12.05744801247136,11.583444653968389,11.87969663531286,25733
2012-04-20,11.701946258544922,11.938947468104335,11.642695485275523,11.850071779079782,27333
2012-04-23,11.464944839477539,11.731571923580324,11.435319921830281,11.583445451825726,24200
2012-04-24,11.850071907043457,11.90932268095268,11.435319314956208,11.49457008886543,21700
2012-04-25,12.235198974609375,12.353699574775781,11.909322088711995,12.057447603480238,19467
2012-04-26,12.264824867248535,12.29444978421276,12.116699340668276,12.17594917459673,13267
2012-04-27,12.235198974609375,12.29444880381305,11.998196832517507,12.29444880381305,14067
2012-04-30,11.938947677612305,12.146323975055662,11.938947677612305,12.146323975055662,20000
2012-05-01,11.701946258544922,12.175948677663749,11.701946258544922,11.938947468104335,22667
2012-05-02,11.672320365905762,11.79082097032887,11.553819761482652,11.613070534573751,21233
2012-05-03,11.139066696166992,11.613070035237422,11.139066696166992,11.613070035237422,46100
2012-05-04,10.961316108703613,11.435318499124142,10.961316108703613,11.139066534231794,35067
2012-05-07,11.316819190979004,11.435319802086322,10.813190887453546,10.813190887453546,36000
2012-05-08,11.405694007873535,11.464943837992465,11.13906694706114,11.227942633998605,25267
2012-05-09,11.316819190979004,11.524195495856596,11.139067803438456,11.22794349720873,35333
2012-05-10,11.139066696166992,11.583444179086174,11.020566096839147,11.494569435909577,43667
2012-05-11,10.990942001342773,11.287193992614588,10.961317084743328,10.961317084743328,40767
2012-05-14,10.546564102172852,10.931690829251895,10.546564102172852,10.872440998205466,47600
2012-05-15,10.368813514709473,10.724315353323359,10.368813514709473,10.605814740452063,47000
2012-05-16,10.042935371398926,10.605813449461124,10.013310457226979,10.516937765186242,50500
2012-05-17,9.865184783935547,10.220687549182381,9.835559867418016,9.924435558729725,83433
2012-05-18,9.628183364868164,10.013311038496164,9.628183364868164,9.805934743736334,65967
2012-05-21,9.746684074401855,9.894810538962075,9.628183467809144,9.805934848577765,73500
2012-05-22,9.035679817199707,10.013311504736032,9.006054899928648,9.71705950674803,128200
2012-05-23,9.154180526733398,9.243055270361513,8.828302699727432,9.006054070501769,134333
2012-05-24,9.302306175231934,9.450431691838675,9.15418065862519,9.15418065862519,53600
2012-05-25,9.272682189941406,9.450432639338942,9.272682189941406,9.331932025820866,29567
2012-05-29,9.7763090133667,10.072561001417622,9.243055811578682,9.420807192761057,92200
2012-05-30,10.13181209564209,10.279937623465042,9.746684404839623,9.776309322052384,70467
2012-05-31,10.457688331604004,10.576188934524048,9.80593454466422,10.131811438134113,105300
2012-06-01,9.687434196472168,10.25031231058285,9.687434196472168,10.131811704546868,54433
2012-06-04,9.56893253326416,9.77630882676569,9.331931324050721,9.77630882676569,39433
2012-06-05,9.539307594299316,9.628183282977485,9.509682678659622,9.539307594299316,28567
2012-06-06,10.665064811706543,10.724314643340087,9.53930765131916,9.746683945554754,195133
2012-06-07,10.516938209533691,10.753940358199886,10.161436399173024,10.724314501017185,63000
2012-06-08,10.842815399169922,10.90206617338663,10.220687449569576,10.428063746689393,57867
2012-06-11,10.013310432434082,11.02056598761769,9.983684576576447,11.02056598761769,48533
2012-06-12,10.42806339263916,10.516938138308115,9.894810209830053,10.042935727704055,37200
2012-06-13,10.191061019897461,10.48731299084405,10.102185334437578,10.309561619924287,25900
2012-06-14,10.279936790466309,10.428063248045488,9.98368481706701,10.250311875654097,26267
2012-06-15,10.813189506530762,10.872440275397238,10.220686526661103,10.279936353768557,54400
2012-06-18,10.576189041137695,10.872441022303724,10.487313352611977,10.813190249366883,50500
2012-06-19,11.346443176269531,11.435318862739168,10.605813711367984,10.605813711367984,73367
2012-06-20,11.139066696166992,11.553819264693976,11.079816867382593,11.405693750973931,26367
2012-06-21,10.72431468963623,11.22794296949096,10.69468977369157,11.198318053546299,39900
2012-06-22,11.346443176269531,11.346443176269531,10.724314312741143,10.872440770776892,81600
2012-06-25,10.6354398727417,11.07981737606247,10.57618909947802,11.07981737606247,21867
2012-06-26,10.665064811706543,10.783565416732726,10.54656420668036,10.635439895889771,17967
2012-06-27,11.050190925598145,11.050190925598145,10.605813446122655,10.724314044532182,31000
2012-06-28,10.813189506530762,10.961315957817442,10.576188314582899,10.961315957817442,17667
2012-06-29,11.257567405700684,11.316818176824166,10.635439488578943,11.109441890530567,33600
2012-07-02,11.701946258544922,11.701946258544922,11.109442292887296,11.257567813422156,40533
2012-07-03,11.8796968460083,12.027823310187216,11.583444859409576,11.761196239720633,30100
2012-07-05,11.968572616577148,12.027823390998623,11.583444937235337,11.820447093162127,20900
2012-07-06,11.850071907043457,11.879696823118518,11.316818708896866,11.790821133134235,20167
2012-07-09,11.464944839477539,11.820447618281252,11.376070086535764,11.790821758874841,21633
2012-07-10,11.346443176269531,11.642695150581963,11.198317659992847,11.58344437901585,16667
2012-07-11,11.790821075439453,11.82044693312865,11.31681865352147,11.405694343070866,16167
2012-07-12,12.146323204040527,12.205573032829552,11.553819265595994,11.64269495053858,37067
2012-07-13,12.264824867248535,12.353700559900343,12.02782364801647,12.116699340668276,52167
2012-07-16,12.501825332641602,12.590701019934356,11.90932232028837,12.175948440407556,31100
2012-07-17,12.38332462310791,12.561075996156623,12.205573250059196,12.561075996156623,25767
2012-07-18,12.294448852539062,12.590700825008726,12.175948251903009,12.383324538455868,27767
2012-07-19,11.613070487976074,12.353699968968032,11.613070487976074,12.353699968968032,31700
2012-07-20,11.257567405700684,11.464943691994284,11.227942491018473,11.464943691994284,21067
2012-07-23,10.842815399169922,11.10944247050645,10.813190482941122,10.961316947603338,22400
2012-07-24,10.72431468963623,10.872441152877732,10.457688562616084,10.783565463284651,40267
2012-07-25,10.90206527709961,10.990940960238419,10.783564680167542,10.842814507754062,23833
2012-07-26,11.109441757202148,11.16869252761454,10.902065473397347,11.109441757202148,13267
2012-07-27,11.376069068908691,11.464943813900328,10.931690635155174,11.139066923653793,20200
2012-07-30,11.139066696166992,11.376068836581732,11.139066696166992,11.346442980430483,9433
2012-07-31,11.020566940307617,11.316818932180652,10.961317106988481,11.050191856967183,17800
2012-08-01,10.605813980102539,11.25756777504886,10.605813980102539,11.10944225501891,37167
2012-08-02,10.605813980102539,10.842815188854095,10.546564148794195,10.546564148794195,19300
2012-08-03,11.198317527770996,11.28719321319125,10.783564956982511,10.931690471510231,23267
2012-08-06,11.257567405700684,11.464943691994284,11.079816975848354,11.346443091506378,27467
2012-08-07,11.346443176269531,11.405693947835644,11.227942574896371,11.405693947835644,13500
2012-08-08,11.079817771911621,11.376069765296041,10.990942079720382,11.257568214534972,10367
2012-08-09,10.990942001342773,11.227943217656577,10.961317084743328,11.109442609499675,10233
2012-08-10,10.694689750671387,10.990941734757612,10.694689750671387,10.931690961236729,7900
2012-08-13,10.872441291809082,10.902066208132299,10.66506499402834,10.694689910351558,15233
2012-08-14,10.813189506530762,11.346442659292965,10.813189506530762,11.020565784924898,30467
2012-08-15,10.872441291809082,11.227943112965018,10.753940684757103,10.753940684757103,24033
2012-08-16,11.287193298339844,11.287193298339844,10.872440724422537,10.872440724422537,21333
2012-08-17,11.405694007873535,11.405694007873535,10.902065743067283,11.19831771893914,22967
2012-08-20,11.227943420410156,11.376069889600481,10.961317282682186,11.287194196438113,22100
2012-08-21,11.198317527770996,11.435318727718972,11.079816927797008,11.316818127744984,22333
2012-08-22,11.109441757202148,11.257567270594558,10.961316243809739,11.109441757202148,15533
2012-08-23,11.316819190979004,11.405694884749279,10.96131735765705,11.050192109668181,12733
2012-08-24,11.139066696166992,11.316818066038284,10.961316268054748,11.257567295494837,14867
2012-08-27,10.961316108703613,11.168692389952353,10.813189655377922,11.168692389952353,12000
2012-08-28,10.990942001342773,11.109442609499675,10.902066309785317,11.07981769290023,14100
2012-08-29,10.75394058227539,11.079817484002605,10.694689808434488,10.872441188198096,22233
2012-08-30,10.457688331604004,10.724314452734335,10.457688331604004,10.694689537444093,17033
2012-08-31,10.842815399169922,10.961316947603338,10.457688662918194,10.546564353363703,24767
2012-09-04,10.75394058227539,10.931691020279898,10.487313512629978,10.902066104238997,12667
2012-09-05,10.990942001342773,11.050191834541666,10.576189401914055,10.81319061822786,28333
2012-09-06,11.346443176269531,11.642695150581963,10.990941372150052,11.10944197352321,39800
2012-09-07,11.020566940307617,11.435319540578043,10.961317106988481,11.435319540578043,19133
2012-09-10,10.90206527709961,11.050190787824938,10.753939766374282,10.961316046445159,18867
2012-09-11,11.257567405700684,11.287193262141955,10.813189918431274,10.872440689554756,13633
2012-09-12,11.346443176269531,11.494569634305279,11.168692745089324,11.316818261366008,17133
2012-09-13,11.731571197509766,11.790821029137293,10.990941709852022,11.346443524894465,42733
2012-09-14,11.613070487976074,11.790820923017966,11.376069280080829,11.761196007470831,34367
2012-09-17,11.820446968078613,11.879696800113999,11.25756791318785,11.524194982624387,20433
2012-09-18,11.998196601867676,12.02782245765905,11.761195406090906,11.790820320123242,30867
2012-09-19,11.820446968078613,12.057448179738357,11.316818686982337,12.057448179738357,20367
2012-09-20,11.55381965637207,11.701946116872696,11.376069222234031,11.672320259717123,18133
2012-09-21,11.8796968460083,11.938947620031687,11.613070717300822,11.790821155852774,27800
2012-09-24,11.820446968078613,11.968572489926178,11.701946362248743,11.79082111030182,26933
2012-09-25,11.464944839477539,11.909323312982181,11.405695004183022,11.909323312982181,35833
2012-09-26,11.139066696166992,11.524194350301777,11.020566096839147,11.494569435909577,17400
2012-09-27,11.405694007873535,11.701945983745393,11.13906694706114,11.168692803879676,42167
2012-09-28,11.227943420410156,11.435319723869304,11.139067727247788,11.257568337544567,21733
2012-10-01,11.227943420410156,11.346444030706936,11.079817892978966,11.316819113572524,16467
2012-10-02,11.198317527770996,11.346443042298718,11.050191071484221,11.346443042298718,22500
2012-10-03,11.139066696166992,11.316818066038284,11.050191011231346,11.198317466710439,12500
2012-10-04,11.613070487976074,11.701946176376563,11.168692987732717,11.168692987732717,30167
2012-10-05,11.435318946838379,11.761195838450943,11.198317742349072,11.64269523620629,16167
2012-10-08,11.257567405700684,11.553819377799977,11.139066805212778,11.464943691994284,9667
2012-10-09,11.109441757202148,11.405693725746014,11.079816842875475,11.257567270594558,13867
2012-10-10,11.227943420410156,11.287194196438113,11.020567116951007,11.168693586141334,16933
2012-10-11,11.168693542480469,11.346443986351204,11.109442766684134,11.346443986351204,6867
2012-10-12,10.961316108703613,11.10944162027027,10.813189655377922,11.050190850588185,17400
2012-10-15,10.990942001342773,11.050191834541666,10.783565701628415,11.050191834541666,8467
2012-10-16,11.079817771911621,11.079817771911621,10.783565778527201,11.050191913341791,14933
2012-10-17,11.020566940307617,11.079817715385872,10.902066331910227,11.079817715385872,6367
2012-10-18,10.813189506530762,11.050190698478625,10.753939679423306,11.050190698478625,12467
2012-10-19,10.516938209533691,10.813190189047123,10.487313294110074,10.753940358199886,22700
2012-10-22,10.279936790466309,10.576188763865607,10.250311875654097,10.516937992482122,24300
2012-10-23,10.102185249328613,10.428063073855741,9.835559136954295,10.22068679011614,22100
2012-10-24,10.013310432434082,10.1614359446861,9.954059662477851,10.1614359446861,11600
2012-10-25,10.072561264038086,10.161436956946517,9.954060654079889,10.13181203989675,18567
2012-10-26,10.102185249328613,10.161436019722377,9.924434821665416,10.013310506376538,9567
2012-10-31,10.161436080932617,10.161436080932617,9.924434881448015,10.013310566694503,15333
2012-11-01,10.339187622070312,10.457688223768425,9.924435045247384,10.131811333658849,21167
2012-11-02,9.954059600830078,10.368812162677917,9.894809772999835,10.368812162677917,25500
2012-11-05,10.042935371398926,10.309561482464531,9.983684601295991,9.983684601295991,15767
2012-11-06,10.013310432434082,10.309561456938118,9.983684576576447,10.131811030587503,17633
2012-11-07,9.56893253326416,9.954060204555315,9.56893253326416,9.954060204555315,29167
2012-11-08,9.361556053161621,9.894810175901304,9.361556053161621,9.598558199410059,26667
2012-11-09,9.628183364868164,9.954060264953743,9.243055691240162,9.302306464782584,28067
2012-11-12,9.539307594299316,9.717058971655655,9.331931301303284,9.657808198617179,39533
2012-11-13,9.361556053161621,9.568932342529585,9.331931138040218,9.420806825163499,45633
2012-11-14,9.06530475616455,10.04293540271903,9.06530475616455,9.420806552613714,37567
2012-11-15,9.124555587768555,9.717059588744341,9.09493067024751,9.09493067024751,24900
2012-11-16,9.124555587768555,9.331931893934165,9.035679893446272,9.065305752726465,37667
2012-11-19,9.657807350158691,9.746683031028947,9.243054800603502,9.302305568436674,37833
2012-11-20,9.7763090133667,9.894810561994355,9.657808406498152,9.74668409708934,27133
2012-11-21,9.983685493469238,10.25031257012051,9.805935050794183,9.894810743011274,27667
2012-11-23,9.983685493469238,10.013311352047685,9.776309192215734,10.013311352047685,9800
2012-11-26,9.835559844970703,9.983685368979412,9.628183546303042,9.983685368979412,30133
2012-11-27,9.657807350158691,9.92443439276946,9.628182437121609,9.835558711899203,21867
2012-11-28,9.480057716369629,9.80593461207992,9.391182028128807,9.628183235598277,23567
2012-11-29,9.56893253326416,9.80593468423669,9.15418088802019,9.628183306447065,25533
2012-11-30,9.59855842590332,9.628183341723771,9.391182131641983,9.628183341723771,29333
2012-12-03,9.628183364868164,9.628183364868164,9.391182154216668,9.628183364868164,17233
2012-12-04,9.539307594299316,9.74668388729535,9.213430696985421,9.628183282977485,18633
2012-12-05,9.450431823730469,9.56893242702149,9.361556135822433,9.50968259625552,20033
2012-12-06,9.509682655334473,9.539307570901503,9.36155619398115,9.450431882441325,15733
2012-12-07,9.420806884765625,9.53930748776002,9.243055509394493,9.53930748776002,14333
2012-12-10,9.302306175231934,9.480057548567277,9.272681260262399,9.42080677686914,20233
2012-12-11,9.717059135437012,9.776308967715057,9.361556374732324,9.450432064908496,28967
2012-12-12,9.687434196472168,9.776308944679826,9.539307732607867,9.717059112541387,23400
2012-12-13,9.450431823730469,9.717058887454579,9.391181992964498,9.717058887454579,23333
2012-12-14,9.509682655334473,10.013310928769418,9.420806966874295,9.62818325936168,78833
2012-12-17,9.480057716369629,9.717058923839097,9.272681424394072,9.539307547357454,58100
2012-12-18,9.865184783935547,9.865184783935547,9.361556494341944,9.39118235261859,47367
2012-12-19,9.92443561553955,9.92443561553955,9.717059315211532,9.865184840406208,21300
2012-12-20,10.220687866210938,10.220687866210938,9.628183866927147,9.924435866569043,88867
2012-12-21,10.368813514709473,10.368813514709473,10.013311676095586,10.072561511651656,73000
2012-12-24,10.161436080932617,10.368812365921407,10.042935481190316,10.279936680674918,10300
2012-12-26,10.042935371398926,10.191060884017702,9.865184002849162,10.131811055673808,47700
2012-12-27,9.983685493469238,10.220687653301189,9.657808583179323,10.042936268867008,38333
2012-12-28,9.894810676574707,9.983685426435942,9.53930791009329,9.894810676574707,62900
2012-12-31,9.7763090133667,9.894810561994355,9.539307799629604,9.805934871403167,44033
2013-01-02,10.13181209564209,10.309562540677804,9.954060708847237,10.072561319457426,76600
2013-01-03,10.279936790466309,10.428063248045488,9.924434987442588,10.131811274646191,37700
2013-01-04,10.368813514709473,10.428064292024699,10.131812288966882,10.368813514709473,27867
2013-01-07,10.694689750671387,10.75394052419227,10.368812850704266,10.368812850704266,53300
2013-01-08,10.872441291809082,10.902066208132299,10.635440077705123,10.724314826674775,31733
2013-01-09,10.872441291809082,11.050191731507496,10.753940684757103,10.961316982537843,28967
2013-01-10,10.93169116973877,10.990941944389753,10.665065038207127,10.902066253292835,22433
2013-01-11,10.783565521240234,11.020566733589467,10.694689831169496,10.96131690138171,40300
2013-01-14,10.72431468963623,10.842815295173972,10.576189168153826,10.813190379229312,20933
2013-01-15,10.487313270568848,10.665064646229718,10.368812667381293,10.665064646229718,11600
2013-01-16,10.368813514709473,10.546564904895993,10.220687984060142,10.398438432487508,15033
2013-01-17,10.665064811706543,10.783565416732726,10.368812828261538,10.368812828261538,33500
2013-01-18,10.783565521240234,10.813190437344113,10.665064915065617,10.665064915065617,18800
2013-01-22,11.109441757202148,11.16869252761454,10.783564874331608,10.813189788658281,43167
2013-01-23,10.72431468963623,11.079817448008557,10.665064857746907,11.079817448008557,18100
2013-01-24,11.020566940307617,11.079817715385872,10.665065115115446,10.72431494843458,15333
2013-01-25,10.90206527709961,11.139066470963746,10.576188400096665,11.079816643377226,28867
2013-01-28,11.020566940307617,11.079817715385872,10.753940806853269,10.931691248569793,21433
2013-01-29,11.079817771911621,11.109442688722325,10.783565778527201,11.020566996531086,19267
2013-01-30,11.079817771911621,11.227943297724268,10.931691304339848,11.020566996531086,21667
2013-01-31,11.227943420410156,11.227943420410156,10.961317282682186,11.079817892978966,19067
2013-02-01,11.464944839477539,11.494570698883951,11.227943614781166,11.257568532428424,26867
2013-02-04,11.494569778442383,11.672320211851506,11.376069175583275,11.376069175583275,24133
2013-02-05,11.613070487976074,11.672320319070343,11.435319111175097,11.613070487976074,13900
2013-02-06,11.524194717407227,11.642695320509931,11.405694114304522,11.553819632743133,13433
2013-02-07,11.464944839477539,11.524195616531209,11.198318697133907,11.494570698883951,37633
2013-02-08,11.55381965637207,11.672320259717123,11.257567677129899,11.46494396842351,17333
2013-02-11,11.583444595336914,11.613070452552765,11.494569848966604,11.524194764423374,16767
2013-02-12,11.405694007873535,11.55381952492993,11.25756754905807,11.55381952492993,17167
2013-02-13,11.346443176269531,11.464943777642691,11.287193346462484,11.405693947835644,6633
2013-02-14,11.435318946838379,11.494569718840241,11.316818344593726,11.316818344593726,9767
2013-02-15,11.139066696166992,11.553819264693976,11.109441781774793,11.553819264693976,43600
2013-02-19,11.376069068908691,11.494569670656608,11.10944200865658,11.10944200865658,10700
2013-02-20,10.783565521240234,11.346443636009438,10.783565521240234,11.346443636009438,23300
2013-02-21,10.546564102172852,10.931690829251895,10.457688413844123,10.753940394353522,14867
2013-02-22,10.783565521240234,10.813190437344113,10.457688618820264,10.665064915065617,20633
2013-02-25,10.368813514709473,10.902066743509879,10.368813514709473,10.902066743509879,22000
2013-02-26,10.368813514709473,10.546564904895993,10.279937819616212,10.398438432487508,10667
2013-02-27,10.42806339263916,10.66506459794119,10.30956184822907,10.368812620434115,14567
2013-02-28,10.546564102172852,10.605813933219281,10.368812725515395,10.39843764103861,10933
2013-03-01,10.90206527709961,11.079816643377226,10.398437033819047,10.398437033819047,12267
2013-03-04,10.961316108703613,11.079816706308746,10.90206533902153,10.961316108703613,10267
2013-03-05,10.842815399169922,11.079817554277648,10.724314792495614,11.020566780060939,14567
2013-03-06,10.605813980102539,10.9316908775757,10.48731337572676,10.9316908775757,9767
2013-03-07,10.783565521240234,10.84281535344799,10.428063702716384,10.576189224994879,21333
2013-03-08,10.93169116973877,11.02056686083569,10.753940729304047,10.902066253292835,17567
2013-03-11,11.079817771911621,11.198318380913564,10.783565778527201,10.842815612148609,17633
2013-03-12,10.75394058227539,11.020566710161702,10.51693842867088,10.990941794120802,12100
2013-03-13,10.90206527709961,11.050190787824938,10.428062889371336,10.813189593960802,15533
2013-03-14,10.961316108703613,10.990941022665137,10.753939827454873,10.842814569339446,19100
2013-03-15,11.079817771911621,11.109442688722325,10.813190695337905,10.961317162909678,42333
2013-03-18,10.842815399169922,11.10944247050645,10.783565566712321,10.783565566712321,14867
2013-03-19,10.6354398727417,11.020566602798791,10.57618909947802,10.813190309014553,24267
2013-03-20,10.665064811706543,10.813190332549498,10.516938349104493,10.694689727523315,25433
2013-03-21,10.487313270568848,10.842815080131508,10.42806343985461,10.576188958399284,18400
2013-03-22,10.694689750671387,10.694689750671387,10.368812850704266,10.576189145388714,14467
2013-03-25,10.90206527709961,10.90206527709961,10.516937630751116,10.783564680167542,21000
2013-03-26,10.72431468963623,10.931690984767055,10.576189168153826,10.931690984767055,17300
2013-03-27,10.72431468963623,10.813190379229312,10.665064857746907,10.665064857746907,10767
2013-03-28,10.665064811706543,10.902066021758909,10.665064811706543,10.753940500915954,17733
2013-04-01,10.368813514709473,10.783566130638583,10.368813514709473,10.665065517767289,27400
2013-04-02,9.983685493469238,10.605814397229748,9.983685493469238,10.428063954554693,25033
2013-04-03,9.746684074401855,10.04293606176319,9.746684074401855,9.98368528758728,47033
2013-04-04,9.56893253326416,9.77630882676569,9.36155623976263,9.717058995341878,33967
2013-04-05,9.331931114196777,9.450431716138686,9.272681284105357,9.361556029242488,31667
2013-04-08,9.59855842590332,9.59855842590332,9.30230644242154,9.33193135824199,27500
2013-04-09,9.509682655334473,9.805934636282034,9.509682655334473,9.59855834379465,18100
2013-04-10,9.657807350158691,9.68743320495478,9.539306756251353,9.568931669288435,15967
2013-04-11,9.56893253326416,9.746683911053784,9.509682701840346,9.68743407962997,14600
2013-04-12,9.509682655334473,9.89481032474221,9.509682655334473,9.568932486468533,83733
2013-04-15,9.183805465698242,9.628182952056742,9.183805465698242,9.509682351811746,45900
2013-04-16,9.302306175231934,9.509682463536812,9.243055403533797,9.272681260262399,30267
2013-04-17,9.24305534362793,9.509682401902891,9.2134304288504,9.24305534362793,47767
2013-04-18,9.094929695129395,9.391181663854463,9.065304780784603,9.243055208612406,88300
2013-04-19,9.272682189941406,9.272682189941406,9.124555716724439,9.124555716724439,20667
2013-04-22,9.420806884765625,9.50968257245119,9.124554906400098,9.30230628177123,23133
2013-04-23,9.450431823730469,9.598558284163557,9.272681389673476,9.480057680872536,29567
2013-04-24,9.539307594299316,9.628183282977485,9.420806989981454,9.450431905621146,27267
2013-04-25,10.013310432434082,10.072560260631272,9.539307098061354,9.539307098061354,74100
2013-04-26,9.717059135437012,10.072560954382597,9.657808361399862,9.983685264206423,25200
2013-04-29,9.687434196472168,9.805934802508148,9.657808338643846,9.746684028610607,15933
2013-04-30,9.7763090133667,9.805934871403167,9.657808406498152,9.7763090133667,13200
2013-05-01,9.302306175231934,9.687433836872158,9.272681260262399,9.687433836872158,65767
2013-05-02,9.331931114196777,9.480057572943466,9.213430512254867,9.213430512254867,83500
2013-05-03,9.539307594299316,9.74668388729535,9.331931301303284,9.331931301303284,134833
2013-05-06,9.983685493469238,10.013311352047685,9.480058140504266,9.509683057323588,50333
2013-05-07,9.687434196472168,10.042936014580109,9.657808338643846,9.983685240682567,34667
2013-05-08,9.56893253326416,9.717058995341878,9.539307617552254,9.68743407962997,32633
2013-05-09,9.480057716369629,9.598558320104363,9.480057716369629,9.568932462851366,27933
2013-05-10,9.420806884765625,9.77630869374881,9.391181969456795,9.48005765714236,25267
2013-05-13,9.391181945800781,9.628183151192575,9.391181945800781,9.450431776269193,35533
2013-05-14,9.56893253326416,9.68743407962997,9.45043192865744,9.45043192865744,26167
2013-05-15,9.539307594299316,9.805934660333824,9.480057763019929,9.598558367337791,28933
2013-05-16,9.539307594299316,9.657808198617179,9.480057763019929,9.480057763019929,30533
2013-05-17,9.657807350158691,9.77630794406603,9.480056930177186,9.568931669288435,64033
2013-05-20,9.865184783935547,9.894810642212194,9.56893279348289,9.717059259588776,56267
2013-05-21,9.805933952331543,10.042935143855448,9.805933952331543,9.835558865832276,49767
2013-05-22,9.657807350158691,10.013310073639715,9.598557524084525,9.77630794406603,41133
2013-05-23,9.657807350158691,9.77630794406603,9.568931669288435,9.568931669288435,20300
2013-05-24,9.56893253326416,9.746683911053784,9.509682701840346,9.56893253326416,22367
2013-05-28,9.805933952331543,9.924434548093496,9.657807501309836,9.746683183571056,34067
2013-05-29,9.687434196472168,9.805934802508148,9.509682816538646,9.717059112541387,25067
2013-05-30,9.657807350158691,9.865183624936286,9.628182437121609,9.80593379886212,29067
2013-05-31,10.42806339263916,10.42806339263916,9.59855823232298,9.657808062768948,75667
2013-06-03,10.93169116973877,10.961317027943819,10.398437964916369,10.428063823121418,91767
2013-06-04,10.783565521240234,10.96131690138171,10.576189224994879,10.931691043518729,52500
2013-06-05,10.546564102172852,10.872440998205466,10.428063498320908,10.813190225399952,32000
2013-06-06,10.665064811706543,10.724314643340087,10.48731343328772,10.576189122497132,19900
2013-06-07,10.279936790466309,10.783565051069209,10.102185418074917,10.783565051069209,25667
2013-06-10,10.013310432434082,10.309561456938118,9.89480983428066,10.22068671464233,33600
2013-06-11,9.7763090133667,9.894810561994355,9.657808406498152,9.894810561994355,41100
2013-06-12,9.59855842590332,10.191061451107789,9.59855842590332,9.835559635985108,30767
2013-06-13,9.687434196472168,9.687434196472168,9.509682816538646,9.568932648677086,27833
2013-06-14,9.628183364868164,9.92443534906208,9.598558448976501,9.687434138410586,23500
2013-06-17,10.072561264038086,10.072561264038086,9.568932965396398,9.65780865830483,35800
2013-06-18,9.983685493469238,10.131811961084098,9.835559967613504,10.131811961084098,36300
2013-06-19,9.717059135437012,10.072560954382597,9.717059135437012,10.042936038243573,18800
2013-06-20,9.56893253326416,9.80593468423669,9.56893253326416,9.598558390735159,32200
2013-06-21,9.59855842590332,9.717059030944213,9.509682736682876,9.628183341723771,69033
2013-06-24,9.183805465698242,9.657807866678226,9.183805465698242,9.48005743719026,106200
2013-06-25,9.183805465698242,9.450431580809719,9.154180551076756,9.361555895186209,79633
2013-06-26,9.183805465698242,9.361555895186209,9.183805465698242,9.302306065943238,51367
2013-06-27,9.213430404663086,9.391181776379756,9.183805489963326,9.272681175821662,65900
2013-06-28,9.006053924560547,9.391181574411009,8.917178240613591,9.213430206517097,1535200
2013-07-01,9.361556053161621,9.450431740284902,9.065305018429449,9.15418070555273,86367
2013-07-02,9.272682189941406,9.56893325285702,9.183806494363058,9.331932025820866,46633
2013-07-03,9.420806884765625,9.48005765714236,9.30230628177123,9.33193119708006,11000
2013-07-05,9.420806884765625,9.53930748776002,9.2726813664624,9.450431800074453,19067
2013-07-08,9.272682189941406,9.56893325285702,9.272682189941406,9.391182803459484,28067
2013-07-09,9.213430404663086,9.420806691079514,9.213430404663086,9.420806691079514,60833
2013-07-10,9.24305534362793,9.331931029719584,9.065304913203684,9.183805514072867,52767
2013-07-11,9.391181945800781,9.420806861034986,9.243055486111604,9.30230625833909,34133
2013-07-12,9.183805465698242,9.39118175156675,9.09492978007473,9.39118175156675,47333
2013-07-15,9.183805465698242,9.243055294941211,9.065304865453246,9.154180551076756,34900
2013-07-16,9.154180526733398,9.243055270361513,9.12455467043164,9.213430355818808,25767
2013-07-17,9.272682189941406,9.272682189941406,9.183806494363058,9.183806494363058,13867
2013-07-18,9.24305534362793,9.302306114942052,9.154180599295337,9.24305534362793,31200
2013-07-19,9.183805465698242,9.213430380319727,9.035679009072705,9.154180551076756,26733
2013-07-22,9.154180526733398,9.243055270361513,9.094929755888936,9.154180526733398,45200
2013-07-23,9.094929695129395,9.243055208612406,9.065304780784603,9.154180465578028,25033
2013-07-24,9.094929695129395,9.213430294267612,9.094929695129395,9.124554609474188,24100
2013-07-25,9.183805465698242,9.272681151321754,9.09492978007473,9.124554694696215,38100
2013-07-26,9.302306175231934,9.361556005171003,9.094929886927053,9.094929886927053,23867
2013-07-29,9.124555587768555,9.391182670735402,9.124555587768555,9.183806364569792,21567
2013-07-30,9.24305534362793,9.272681200164522,9.094929827981215,9.154180599295337,18867
2013-07-31,9.24305534362793,9.331931029719584,9.124554742758745,9.2134304288504,25200
2013-08-01,9.183805465698242,9.302306065943238,9.154180551076756,9.272681151321754,23500
2013-08-02,9.302306175231934,9.302306175231934,9.15418065862519,9.15418065862519,19133
2013-08-05,9.272682189941406,9.420807721399214,9.243056330242515,9.331932025820866,16300
2013-08-06,9.480057716369629,9.480057716369629,9.18380573615325,9.243055567141075,24267
2013-08-07,9.361556053161621,9.50968251228678,9.213430535795535,9.480057597165375,29267
2013-08-08,9.391181945800781,9.539307463730884,9.361556088807502,9.391181945800781,14300
2013-08-09,9.391181945800781,9.450431776269193,9.331931173573295,9.391181945800781,13800
2013-08-12,9.331931114196777,9.480057572943466,9.331931114196777,9.361556029242488,17067
2013-08-13,9.154180526733398,9.391181726593143,9.065304841346231,9.391181726593143,30733
2013-08-14,9.24305534362793,9.272681200164522,9.065304913203684,9.2134304288504,29500
2013-08-15,9.213430404663086,9.361555919920939,9.065304889405233,9.065304889405233,21533
2013-08-16,9.124555587768555,9.243056199611882,9.065305752726465,9.183806364569792,106767
2013-08-19,9.154180526733398,9.302306041205975,9.035678985044472,9.183805441276103,50233
2013-08-20,9.154180526733398,9.302306041205975,9.035678985044472,9.12455467043164,22000
2013-08-21,9.094929695129395,9.154180465578028,9.035678924680763,9.124554609474188,6467
2013-08-22,9.213430404663086,9.243055319362846,9.035679032946415,9.094929804104993,17167
2013-08-23,9.154180526733398,9.154180526733398,9.035678985044472,9.154180526733398,16700
2013-08-26,9.035679817199707,9.15418136980222,9.035679817199707,9.124555510772021,15567
2013-08-27,8.97642993927002,9.183806242683355,8.97642993927002,9.035679773525752,50767
2013-08-28,8.97642993927002,9.154181325555488,8.97642993927002,8.97642993927002,13333
2013-08-29,9.06530475616455,9.183805354980938,9.006053985876836,9.006053985876836,20267
2013-08-30,9.035679817199707,9.183806287073278,9.006054899928648,9.094930593500964,16800
2013-09-03,9.006053924560547,9.183805292454458,8.976429010497908,9.183805292454458,28333
2013-09-04,9.006053924560547,9.094929608507503,8.976429010497908,8.976429010497908,10067
2013-09-05,9.035679817199707,9.094930593500964,8.97642998265759,9.006054899928648,21933
2013-09-06,9.035679817199707,9.243056121615394,8.946805065386531,9.035679817199707,12600
2013-09-09,9.006053924560547,9.213430206517097,8.976429010497908,9.094929608507503,19167
2013-09-10,9.06530475616455,9.124554584693222,8.917178301324784,9.035678900141171,43933
2013-09-11,9.035679817199707,9.15418136980222,8.97642998265759,9.035679817199707,37167
2013-09-12,8.94680404663086,9.065304643980793,8.917178190974102,9.035678788324036,46700
2013-09-13,8.97642993927002,9.006054856397885,8.91717916325515,8.946805022142152,53100
2013-09-16,8.94680404663086,9.035678788324036,8.76905267972644,9.035678788324036,51533
2013-09-17,8.828303337097168,8.946804887341452,8.828303337097168,8.91717902890082,42267
2013-09-18,8.857928276062012,8.946803958640139,8.828302420696621,8.887553189668381,28867
2013-09-19,8.828303337097168,8.976429804022962,8.828303337097168,8.88755411221931,31233
2013-09-20,8.857928276062012,9.035678699459243,8.828302420696621,8.857928276062012,19967
2013-09-23,8.94680404663086,8.976428960528585,8.739427765828717,8.887553277076377,34567
2013-09-24,9.094929695129395,9.094929695129395,8.85792849685296,8.946804181646385,21533
2013-09-25,9.124555587768555,9.124555587768555,8.8875543640819,9.065305752726465,46267
2013-09-26,9.006053924560547,9.124554522570142,8.976429010497908,9.094929608507503,9567
2013-09-27,8.798678398132324,9.065305472868028,8.769053481525841,8.976429781289461,75100
2013-09-30,8.887554168701172,8.946804944199863,8.7986784763327,8.7986784763327,19333
2013-10-01,8.828303337097168,8.946804887341452,8.798678420415657,8.91717902890082,23700
2013-10-02,8.887554168701172,8.946804944199863,8.7986784763327,8.828303393202482,39033
2013-10-03,8.887554168701172,8.946804944199863,8.7986784763327,8.887554168701172,31967
2013-10-04,9.094929695129395,9.124554609474188,8.917178325542544,9.00605401033597,9167
2013-10-07,9.124555587768555,9.183806364569792,9.065305752726465,9.09493067024751,20300
2013-10-08,8.97642993927002,9.183806242683355,8.946805022142152,9.183806242683355,20200
2013-10-09,8.94680404663086,9.035678788324036,8.917178190974102,8.94680404663086,24600
2013-10-10,9.006053924560547,9.094929608507503,8.946804096435269,8.946804096435269,45233
2013-10-11,8.97642993927002,9.065305632412754,8.946805022142152,9.006054856397885,40967
2013-10-14,8.94680404663086,9.124554471776245,8.887553277076377,8.887553277076377,29533
2013-10-15,8.94680404663086,9.00605387442631,8.887553277076377,8.94680404663086,191200
2013-10-16,9.035679817199707,9.065305676229904,8.887554289085275,9.006054899928648,25567
2013-10-17,9.006053924560547,9.065304694444864,8.917178240613591,9.035678838623186,19900
2013-10-18,9.094929695129395,9.18380537992282,9.035678924680763,9.154180465578028,26233
2013-10-21,9.006053924560547,9.183805292454458,8.976429010497908,9.124554522570142,25400
2013-10-22,9.06530475616455,9.094929670428886,9.006053985876836,9.006053985876836,15667
2013-10-23,9.035679817199707,9.094930593500964,8.97642998265759,9.094930593500964,6800
2013-10-24,9.124555587768555,9.124555587768555,9.035679893446272,9.035679893446272,6967
2013-10-25,9.124555587768555,9.183806364569792,9.065305752726465,9.124555587768555,30867
2013-10-28,9.302306175231934,9.331931090201468,9.065304971957518,9.183805573594725,58733
2013-10-29,9.272682189941406,9.361556943760593,9.183806494363058,9.361556943760593,26767
2013-10-30,9.124555587768555,9.183806364569792,9.09493067024751,9.183806364569792,13400
2013-10-31,9.272682189941406,9.331932025820866,9.09493079878471,9.09493079878471,31267
2013-11-01,9.213430404663086,9.302306090521421,9.154180575263569,9.243055319362846,28633
2013-11-04,9.094929695129395,9.331930893405831,9.065304780784603,9.18380537992282,51333
2013-11-05,9.124555587768555,9.213431282090838,9.065305752726465,9.065305752726465,12600
2013-11-06,9.035679817199707,9.272681980645594,8.917179206356334,9.094930593500964,45400
2013-11-07,9.035679817199707,9.124555510772021,8.97642998265759,9.094930593500964,20500
2013-11-08,9.094929695129395,9.243055208612406,9.00605401033597,9.00605401033597,10267
2013-11-11,9.094929695129395,9.18380537992282,9.065304780784603,9.124554609474188,19300
2013-11-12,9.006053924560547,9.213430206517097,8.976429010497908,8.976429010497908,22533
2013-11-13,9.154180526733398,9.183805441276103,9.006054070501769,9.094929755888936,18267
2013-11-14,9.035679817199707,9.094930593500964,8.97642998265759,9.094930593500964,34567
2013-11-15,9.094929695129395,9.124554609474188,8.976429095991177,9.065304780784603,17900
2013-11-18,9.124555587768555,9.154181447048748,8.976430058404182,9.124555587768555,22233
2013-11-19,9.24305534362793,9.302306114942052,9.065304913203684,9.154180599295337,37633
2013-11-20,9.24305534362793,9.331931029719584,9.094929827981215,9.302306114942052,29833
2013-11-21,9.391181945800781,9.391181945800781,9.2134305708774,9.243055486111604,22700
2013-11-22,9.391181945800781,9.420806861034986,9.2134305708774,9.391181945800781,21067
2013-11-25,9.331931114196777,9.391181886047267,9.272681284105357,9.302306199151067,15367
2013-11-26,9.391181945800781,9.420806861034986,9.243055486111604,9.331931173573295,10233
2013-11-27,9.391181945800781,9.420806861034986,9.30230625833909,9.361556088807502,10800
2013-11-29,9.56893253326416,9.598558390735159,9.391182097233626,9.420807012945534,22433
2013-12-02,9.56893253326416,9.657808222158973,9.48005778612844,9.48005778612844,24767
2013-12-03,9.213430404663086,9.628182977495943,9.183805489963326,9.450431605779274,73667
2013-12-04,9.094929695129395,9.272681064716245,9.035678924680763,9.154180465578028,65967
2013-12-05,9.094929695129395,9.302305979061037,9.094929695129395,9.302305979061037,52000
2013-12-06,9.124555587768555,9.243056199611882,9.035679893446272,9.243056199611882,31033
2013-12-09,9.154180526733398,9.450431555678552,9.035678985044472,9.361555870291385,44433
2013-12-10,9.094929695129395,9.213430294267612,9.035678924680763,9.065304780784603,17700
2013-12-11,9.124555587768555,9.154181447048748,9.035679893446272,9.035679893446272,19000
2013-12-12,8.94680404663086,9.124554471776245,8.917178190974102,9.035678788324036,27700
2013-12-13,8.887554168701172,9.035679694809208,8.85792925183139,8.976429861069644,53967
2013-12-16,8.94680404663086,8.976428960528585,8.739427765828717,8.887553277076377,66667
2013-12-17,8.887554168701172,8.976429861069644,8.828303393202482,8.917179085570954,19133
2013-12-18,9.094929695129395,9.124554609474188,8.82830264074912,8.887553411197752,39900
2013-12-19,8.917179107666016,9.094930492843394,8.857929273779643,8.917179107666016,38067
2013-12-20,8.94680404663086,9.094929557878519,8.94680404663086,8.976428960528585,21100
2013-12-23,9.06530475616455,9.094929670428886,8.887553387060448,8.887553387060448,46967
2013-12-24,9.06530475616455,9.154180440716603,9.035678900141171,9.035678900141171,15733
2013-12-26,9.035679817199707,9.094930593500964,8.946805065386531,9.065305676229904,39300
2013-12-27,8.828303337097168,9.094930412508125,8.798678420415657,8.976429804022962,88200
2013-12-30,8.857928276062012,8.917178103274749,8.798677507090252,8.798677507090252,51933
2013-12-31,8.828303337097168,8.91717902890082,8.828303337097168,8.8579291955378,66100
2014-01-02,8.887554168701172,9.065305553438117,8.828303393202482,8.828303393202482,19867
2014-01-03,8.887554168701172,8.976429861069644,8.887554168701172,8.887554168701172,25233
2014-01-06,9.213430404663086,9.213430404663086,8.887553517688563,8.887553517688563,49467
2014-01-07,9.094929695129395,9.302305979061037,9.065304780784603,9.272681064716245,24867
2014-01-08,9.035679817199707,9.124555510772021,8.97642998265759,9.006054899928648,15867
2014-01-09,9.06530475616455,9.213430269245274,9.006053985876836,9.035678900141171,15300
2014-01-10,9.302306175231934,9.302306175231934,9.035679115228916,9.15418065862519,41433
2014-01-13,9.272682189941406,9.361556943760593,9.213431412302787,9.272682189941406,15233
2014-01-14,9.213430404663086,9.272681175821662,9.094929804104993,9.213430404663086,18933
2014-01-15,9.094929695129395,9.243055208612406,9.065304780784603,9.18380537992282,6900
2014-01-16,9.154180526733398,9.243055270361513,9.065304841346231,9.154180526733398,13800
2014-01-17,9.154180526733398,9.243055270361513,9.035678985044472,9.094929755888936,23267
2014-01-21,9.124555587768555,9.213431282090838,9.09493067024751,9.09493067024751,29900
2014-01-22,9.24305534362793,9.24305534362793,9.154180599295337,9.183805514072867,14200
2014-01-23,9.154180526733398,9.243055270361513,9.094929755888936,9.183805441276103,14300
2014-01-24,9.094929695129395,9.18380537992282,9.094929695129395,9.18380537992282,16500
2014-01-27,8.97642993927002,9.124555466668486,8.887554246127284,9.065305632412754,29367
2014-01-28,8.97642993927002,9.09493054954062,8.946805022142152,9.09493054954062,25433
2014-01-29,8.887554168701172,9.006054777939426,8.7986784763327,8.917179085570954,36867
2014-01-30,8.917179107666016,9.006054800254706,8.79867849813414,8.88755419072283,19833
2014-01-31,8.917179107666016,9.094930492843394,8.79867849813414,8.88755419072283,20333
2014-02-03,8.94680404663086,9.035678788324036,8.828302507521892,8.94680404663086,42667
2014-02-04,8.887554168701172,9.035679694809208,8.828303393202482,8.917179085570954,16767
2014-02-05,8.828303337097168,9.035679637385982,8.828303337097168,8.91717902890082,20400
2014-02-06,8.828303337097168,9.006054720704473,8.828303337097168,8.88755411221931,15533
2014-02-07,8.828303337097168,8.976429804022962,8.798678420415657,8.798678420415657,14300
2014-02-10,9.006053924560547,9.065304694444864,8.828302556666635,8.828302556666635,11633
2014-02-11,8.97642993927002,9.09493054954062,8.828303470112417,8.91717916325515,24767
2014-02-12,8.917179107666016,9.035679717197892,8.88755419072283,8.946804966368331,4967
2014-02-13,8.857928276062012,8.946803958640139,8.828302420696621,8.946803958640139,14000
2014-02-14,8.97642993927002,9.183806242683355,8.91717916325515,8.91717916325515,47067
2014-02-18,8.383925437927246,9.035679225786032,8.383925437927246,8.946804479789987,172933
2014-02-19,8.94680404663086,9.00605387442631,8.532051485026573,8.532051485026573,66167
2014-02-20,9.06530475616455,9.124554584693222,8.946804157348163,8.976429071612499,33867
2014-02-21,9.035679817199707,9.124555510772021,8.946805065386531,9.094930593500964,36533
2014-02-24,9.06530475616455,9.124554584693222,8.946804157348163,9.035678900141171,14667
2014-02-25,8.857928276062012,9.065304554824635,8.739427679877517,9.065304554824635,40767
2014-02-26,9.006053924560547,9.006053924560547,8.857928412488313,8.887553326550952,16933
2014-02-27,8.94680404663086,8.976428960528585,8.828302507521892,8.94680404663086,17333
2014-02-28,9.06530475616455,9.06530475616455,8.857928472796113,8.946804157348163,17433
2014-03-03,8.97642993927002,9.09493054954062,8.91717916325515,8.97642993927002,17100
2014-03-04,8.97642993927002,8.97642993927002,8.97642993927002,8.97642993927002,0
2014-03-05,9.06530475616455,9.124554584693222,8.887553387060448,9.006053985876836,52433
2014-03-06,9.035679817199707,9.124555510772021,8.97642998265759,9.094930593500964,34733
2014-03-07,9.213430404663086,9.243055319362846,9.006054118246658,9.065304889405233,47000
2014-03-10,9.687434196472168,9.746684028610607,9.272681604466687,9.272681604466687,99867
2014-03-11,10.42806339263916,10.48731322308513,9.509682544894948,9.687433919751008,158533
2014-03-12,10.309561729431152,10.753940161450695,9.717058723003538,10.339187586071832,136367
2014-03-13,11.139066696166992,11.672319864021821,10.368812329656473,10.428063100199921,228800
2014-03-14,11.109441757202148,11.46494355439936,10.961316243809739,11.257567270594558,90700
2014-03-17,10.605813980102539,11.25756777504886,10.220687251321033,11.10944225501891,153567
2014-03-18,10.487313270568848,10.605813873756402,10.131811461006187,10.398437582738412,72333
2014-03-19,10.368813514709473,10.487314127580767,10.220687984060142,10.368813514709473,42633
2014-03-20,10.042935371398926,10.576188535289177,9.89480985878015,10.368812252567466,67767
2014-03-21,10.102185249328613,10.516937816807816,10.102185249328613,10.102185249328613,169067
2014-03-24,10.279936790466309,10.487313077669912,10.102185418074917,10.191061104270613,48233
2014-03-25,10.368813514709473,10.516939045358802,10.279937819616212,10.368813514709473,60800
2014-03-26,10.516938209533691,10.783565273623504,10.3391877752329,10.3391877752329,32033
2014-03-27,10.42806339263916,10.72431442838716,10.279936933006084,10.546563995290175,52100
2014-03-28,10.576189041137695,10.69468964525229,10.368812748497383,10.368812748497383,25300
2014-03-31,10.279936790466309,10.576188763865607,10.161436189458401,10.4576881628577,58400
2014-04-01,10.516938209533691,10.516938209533691,10.161436399173024,10.457688378686454,36433
2014-04-02,11.346443176269531,11.553819464112326,10.368812508621664,10.4576881950913,121700
2014-04-03,11.050190925598145,11.583444089320539,10.813189728779088,11.524194260995296,68533
2014-04-04,10.576189041137695,11.139067146121787,10.487313352611977,10.990941626418318,39300
2014-04-07,10.961316108703613,11.10944162027027,10.398437092880442,10.63543922984974,58233
2014-04-08,10.605813980102539,11.10944225501891,10.576189064448366,10.902065961921528,27067
2014-04-09,10.72431468963623,10.902066068822393,10.635439941802247,10.75394054733999,16900
2014-04-10,10.605813980102539,10.96131673498896,10.516938291380933,10.665064753169972,32733
2014-04-11,10.368813514709473,10.487314127580767,10.279937819616212,10.457689209802734,25667
2014-04-14,10.161436080932617,10.368812365921407,10.161436080932617,10.368812365921407,13100
2014-04-15,10.13181209564209,10.309562540677804,10.13181209564209,10.13181209564209,12733
2014-04-16,10.042935371398926,10.250311654120637,9.954059687124044,10.250311654120637,24700
2014-04-17,10.013310432434082,10.191060858784695,9.89480983428066,9.954059662477851,19233
2014-04-21,9.954059600830078,9.9836845147452,9.86518391732568,9.924434686914957,30967
2014-04-22,10.042935371398926,10.191060884017702,9.865184002849162,10.013310457226979,18467
2014-04-23,10.279936790466309,10.4576881628577,9.9540599022548,9.9540599022548,17900
2014-04-24,10.842815399169922,11.10944247050645,10.220687449569576,10.220687449569576,96667
2014-04-25,10.93169116973877,11.109442551932608,10.546564430664272,10.961317027943819,102800
2014-04-28,10.90206527709961,11.198317240309295,10.635439169442213,11.050190787824938,67133
2014-04-29,10.576189041137695,11.020566542007193,10.576189041137695,10.9020659378926,20033
2014-04-30,10.6354398727417,10.753940477509966,10.36881280569378,10.57618909947802,33067
2014-05-01,10.665064811706543,10.813190332549498,10.605814038313904,10.753940500915954,30900
2014-05-02,10.368813514709473,10.724315353323359,10.250312901838177,10.605814740452063,29933
2014-05-05,10.279936790466309,10.368812476662004,10.220686960841887,10.339187561849792,28333
2014-05-06,10.161436080932617,10.250311766179106,10.072560395686128,10.072560395686128,18333
2014-05-07,10.042935371398926,10.339187338395519,10.013310457226979,10.013310457226979,27633
2014-05-08,10.3984375,10.665064561369805,10.191061210632066,10.191061210632066,54267
2014-05-09,10.368813514709473,10.605814740452063,10.220687984060142,10.487314127580767,40033
2014-05-12,10.368813514709473,10.487314127580767,10.250312901838177,10.487314127580767,28433
2014-05-13,10.161436080932617,10.428063136672085,10.131811166436805,10.368812365921407,17900
2014-05-14,10.102185249328613,10.22068679011614,9.954059735982774,10.102185249328613,28900
2014-05-15,10.042935371398926,10.191060884017702,9.954059687124044,9.954059687124044,18700
2014-05-16,10.013310432434082,10.072560260631272,9.924434748379255,10.042935346532678,20633
2014-05-19,10.042935371398926,10.191060884017702,9.954059687124044,10.072560285570873,9300
2014-05-20,9.92443561553955,10.13181191586757,9.92443561553955,10.072561140734226,11367
2014-05-21,10.102185249328613,10.279936618750856,9.835559136954295,9.924434821665416,20967
2014-05-22,10.013310432434082,10.309561456938118,9.89480983428066,10.309561456938118,22133
2014-05-23,9.92443561553955,10.102186057421337,9.687434398524422,9.92443561553955,27833
2014-05-27,9.7763090133667,10.102185917694982,9.71705918081198,10.042936085140262,21200
2014-05-28,9.56893253326416,9.77630882676569,9.509682701840346,9.77630882676569,44667
2014-05-29,9.59855842590332,9.65780825754422,9.480057820862427,9.480057820862427,26567
2014-05-30,9.805933952331543,9.805933952331543,9.568931819048617,9.68743335656959,27667
2014-06-02,9.805933952331543,9.924434548093496,9.59855767430837,9.924434548093496,16500
2014-06-03,9.687434196472168,9.717059112541387,9.391182210502667,9.391182210502667,16367
2014-06-04,9.59855842590332,9.687434115123764,9.539307652503327,9.65780825754422,9067
2014-06-05,9.539307594299316,9.628183282977485,9.509682678659622,9.56893250993901,11467
2014-06-06,9.628183364868164,9.657808280759827,9.568932591325742,9.598558448976501,16300
2014-06-09,9.746684074401855,9.746684074401855,9.628183467809144,9.628183467809144,20867
2014-06-10,9.835559844970703,9.894810619629654,9.65780846275296,9.65780846275296,21867
2014-06-11,9.835559844970703,9.894810619629654,9.805934928520784,9.865184761420622,13767
2014-06-12,9.687434196472168,9.865184634646587,9.657808338643846,9.776308944679826,16333
2014-06-13,9.805933952331543,9.865183779333009,9.657807501309836,9.68743335656959,15767
2014-06-16,9.7763090133667,9.865184703957887,9.68743426453462,9.805934871403167,11100
2014-06-17,9.865184783935547,9.865184783935547,9.657808484794598,9.687434343071246,13567
2014-06-18,9.7763090133667,9.865184703957887,9.68743426453462,9.865184703957887,9300
2014-06-19,9.835559844970703,9.865184761420622,9.65780846275296,9.865184761420622,17533
2014-06-20,9.717059135437012,9.9540603480674,9.717059135437012,9.894810515789356,37367
2014-06-23,9.717059135437012,9.776308967715057,9.56893267122369,9.598558529121817,15000
2014-06-24,9.687434196472168,9.805934802508148,9.628183422574626,9.776308944679826,10967
2014-06-25,9.59855842590332,9.776308862585113,9.450431963282883,9.687434115123764,32367
2014-06-26,9.746684074401855,9.805934848577765,9.450432087040522,9.657808384017544,14367
2014-06-27,9.272682189941406,9.746684644013717,9.243056330242515,9.657808948435369,105267
2014-06-30,9.420806884765625,9.568932403068848,9.33193119708006,9.361556112388888,33467
2014-07-01,9.539307594299316,9.539307594299316,9.243055612625115,9.420806989981454,26800
2014-07-02,9.59855842590332,9.65780825754422,9.361556274062439,9.509682736682876,14933
2014-07-03,9.59855842590332,9.65780825754422,9.480057820862427,9.65780825754422,7833
2014-07-07,9.56893253326416,9.56893253326416,9.391182097233626,9.509682701840346,12000
2014-07-08,9.420806884765625,9.568932403068848,9.391181969456795,9.568932403068848,9900
2014-07-09,9.420806884765625,9.53930748776002,9.420806884765625,9.420806884765625,12467
2014-07-10,9.56893253326416,9.598558390735159,9.331931324050721,9.36155623976263,11900
2014-07-11,9.509682655334473,9.62818325936168,9.391182051307265,9.62818325936168,22000
2014-07-14,9.56893253326416,9.628183306447065,9.539307617552254,9.598558390735159,10400
2014-07-15,9.539307594299316,9.56893250993901,9.480057763019929,9.56893250993901,12800
2014-07-16,9.420806884765625,9.598558260136755,9.361556112388888,9.50968257245119,12733
2014-07-17,9.391181945800781,9.480057633262472,9.331931173573295,9.331931173573295,17333
2014-07-18,9.391181945800781,9.450431776269193,9.361556088807502,9.450431776269193,7700
2014-07-21,9.361556053161621,9.420806825163499,9.331931138040218,9.361556053161621,22367
2014-07-22,9.450431823730469,9.480057680872536,9.331931220439447,9.331931220439447,19200
2014-07-23,9.420806884765625,9.53930748776002,9.33193119708006,9.53930748776002,8000
2014-07-24,9.391181945800781,9.480057633262472,9.331931173573295,9.480057633262472,7933
2014-07-25,9.331931114196777,9.420806801092978,9.331931114196777,9.420806801092978,7767
2014-07-28,9.331931114196777,9.539307403034886,9.302306199151067,9.420806801092978,18833
2014-07-29,9.331931114196777,9.450431716138686,9.331931114196777,9.361556029242488,9500
2014-07-30,9.391181945800781,9.539307463730884,9.30230625833909,9.331931173573295,14600
2014-07-31,9.24305534362793,9.450431630588767,9.24305534362793,9.361555944497114,19167
2014-08-01,9.302306175231934,9.42080677686914,9.243055403533797,9.243055403533797,14000
2014-08-04,9.213430404663086,9.302306090521421,9.213430404663086,9.302306090521421,16733
2014-08-05,9.154180526733398,9.27268112666327,9.154180526733398,9.27268112666327,16600
2014-08-06,9.213430404663086,9.243055319362846,9.183805489963326,9.183805489963326,8133
2014-08-07,9.213430404663086,9.302306090521421,9.183805489963326,9.183805489963326,2867
2014-08-08,9.24305534362793,9.272681200164522,9.124554742758745,9.2134304288504,11700
2014-08-11,9.213430404663086,9.331931005221179,9.213430404663086,9.302306090521421,14733
2014-08-12,9.154180526733398,9.243055270361513,9.12455467043164,9.243055270361513,9300
2014-08-13,9.154180526733398,9.213430355818808,9.065304841346231,9.065304841346231,11367
2014-08-14,9.391181945800781,9.450431776269193,9.094929968181503,9.124554883415708,31867
2014-08-15,9.213430404663086,9.50968237693785,9.12455471880475,9.50968237693785,43700
2014-08-18,9.302306175231934,9.302306175231934,9.15418065862519,9.243055403533797,8700
2014-08-19,9.361556053161621,9.450431740284902,9.302306222918816,9.331931138040218,15833
2014-08-20,9.450431823730469,9.480057680872536,9.361556135822433,9.391181992964498,16400
2014-08-21,9.450431823730469,9.480057680872536,9.331931220439447,9.450431823730469,7400
2014-08-22,9.420806884765625,9.450431800074453,9.33193119708006,9.33193119708006,12467
2014-08-25,9.302306175231934,9.450431691838675,9.272681260262399,9.450431691838675,10100
2014-08-26,9.272682189941406,9.420807721399214,9.243056330242515,9.302307107881136,16167
2014-08-27,9.420806884765625,9.48005765714236,9.243055509394493,9.243055509394493,16667
2014-08-28,9.56893253326416,9.598558390735159,9.36155623976263,9.48005778612844,18133
2014-08-29,9.835559844970703,9.865184761420622,9.480058022294333,9.598558629853123,52167
2014-09-02,9.865184783935547,9.894810642212194,9.687434343071246,9.865184783935547,23433
2014-09-03,9.954059600830078,10.161435881753999,9.77630823382128,9.86518391732568,50600
2014-09-04,10.042935371398926,10.131811055673808,9.924434772952097,10.042935371398926,25400
2014-09-05,10.13181209564209,10.13181209564209,9.924435791634474,10.0133114850319,10400
2014-09-08,10.13181209564209,10.13181209564209,9.98368562606,10.072561319457426,19833
2014-09-09,9.92443561553955,10.13181191586757,9.805935007031986,10.13181191586757,20567
2014-09-10,9.92443561553955,10.042936224047116,9.805935007031986,9.805935007031986,13100
2014-09-11,9.835559844970703,9.983685368979412,9.717059237411913,9.77630907031175,17100
2014-09-12,9.657807350158691,9.746683031028947,9.539306756251353,9.746683031028947,16433
2014-09-15,9.391181945800781,9.68743392342006,9.331931173573295,9.65780806642678,11433
2014-09-16,9.361556053161621,9.568932342529585,9.331931138040218,9.331931138040218,18867
2014-09-17,9.361556053161621,9.568932342529585,9.302306222918816,9.331931138040218,12867
2014-09-18,9.213430404663086,9.48005746223809,9.183805489963326,9.302306090521421,19867
2014-09-19,9.183805465698242,9.302306065943238,9.065304865453246,9.183805465698242,35000
2014-09-22,9.06530475616455,9.183805354980938,9.006053985876836,9.124554584693222,19067
2014-09-23,9.124555587768555,9.243056199611882,9.006054975925228,9.006054975925228,13033
2014-09-24,9.035679817199707,9.568933036874457,9.035679817199707,9.568933036874457,26333
2014-09-25,9.06530475616455,9.302305953797326,8.976429071612499,9.06530475616455,30867
2014-09-26,9.006053924560547,9.243055120579736,9.006053924560547,9.124554522570142,38067
2014-09-29,8.97642993927002,9.21343115981122,8.97642993927002,9.065305632412754,51900
2014-09-30,8.828303337097168,9.124555329189636,8.591302120126842,9.065305495826616,115433
2014-10-01,8.828303337097168,8.946804887341452,8.561677203445331,8.8579291955378,53533
2014-10-02,8.70980167388916,8.887553035971472,8.502425398712798,8.828302268024366,61500
2014-10-03,8.620926856994629,8.73942840476723,8.53205210880383,8.620926856994629,25867
2014-10-06,8.620926856994629,8.680177630880928,8.591301940931029,8.65055271481733,17700
2014-10-07,8.620926856994629,8.709802546944529,8.591301940931029,8.709802546944529,26100
2014-10-08,8.532052040100098,8.709802476809474,8.47280126669091,8.47280126669091,24033
2014-10-09,8.44317626953125,8.709802392906402,8.383925496692836,8.383925496692836,29433
2014-10-10,8.146924018859863,8.44317598971567,8.058048333427216,8.383925218840886,38867
2014-10-13,7.998798847198486,8.265424973166919,7.8802977712486255,8.058048678854096,19000
2014-10-14,7.791421890258789,8.087673395643808,7.732171589181785,7.9691727934898,75500
2014-10-15,7.524795055389404,7.969172534462822,7.435919842102432,7.791421637009359,81933
2014-10-16,8.146924018859863,8.295049533408239,7.524795162590387,7.524795162590387,163500
2014-10-17,8.295049667358398,8.502425956130311,7.969172776682401,7.969172776682401,107800
2014-10-20,8.206174850463867,8.4135511374217,8.146924079150605,8.23579976524097,21400
2014-10-21,8.295049667358398,8.443176126057805,8.206174922249637,8.295049667358398,73033
2014-10-22,8.295049667358398,8.443176126057805,8.176549065454315,8.383925354226228,35867
2014-10-23,8.561676025390625,8.709801530175781,8.146923481881398,8.32467484103078,192700
2014-10-24,8.591301918029785,8.680177607742774,8.472801312332164,8.472801312332164,19067
2014-10-27,8.472801208496094,8.591301812741463,8.472801208496094,8.591301812741463,12233
2014-10-28,8.502426147460938,8.591301836328743,8.443176316055128,8.532052004922933,12400
2014-10-29,8.502426147460938,8.591301836328743,8.383925542890228,8.383925542890228,10933
2014-10-30,8.561676025390625,8.620925850601092,8.472800345815935,8.472800345815935,18500
2014-10-31,8.561676025390625,8.680176617570549,8.502425258421168,8.620925850601092,15667
2014-11-03,8.532052040100098,8.591301871750192,8.502426182515958,8.502426182515958,10367
2014-11-04,8.650552749633789,8.650552749633789,8.413551536652916,8.532052143143353,16567
2014-11-05,8.383925437927246,8.620926644101518,8.354300522595231,8.620926644101518,16433
2014-11-06,8.324675559997559,8.413551247248064,8.295049703074675,8.324675559997559,12900
2014-11-07,8.265424728393555,8.472801016565109,8.265424728393555,8.295049643344043,12433
2014-11-10,8.265424728393555,8.44317610161462,8.265424728393555,8.265424728393555,12667
2014-11-11,8.354300498962402,8.4135512712179,8.265424811458695,8.265424811458695,9633
2014-11-12,8.324675559997559,8.443176162411875,8.206174957583244,8.413551247248064,24433
2014-11-13,8.413551330566406,8.532051934154218,8.235799954305147,8.354300557892959,26500
2014-11-14,8.44317626953125,8.50242610061058,8.295049808314756,8.50242610061058,10867
2014-11-17,8.472801208496094,8.561676897119892,8.443176292874524,8.472801208496094,15367
2014-11-18,8.383925437927246,8.443176210350353,8.295049750172124,8.443176210350353,19267
2014-11-19,8.383925437927246,8.443176210350353,8.324675607263217,8.354300522595231,6000
2014-11-20,8.413551330566406,8.443176246023588,8.295049785219511,8.354300557892959,11167
2014-11-21,8.295049667358398,8.41355121102155,8.14692415041806,8.41355121102155,15167
2014-11-24,8.591301918029785,8.709802523727404,8.235800100936926,8.235800100936926,39200
2014-11-25,8.650552749633789,8.82830318848989,8.532052143143353,8.591301975509017,65633
2014-11-26,8.620926856994629,8.65055271481733,8.591301940931029,8.591301940931029,9267
2014-11-28,8.620926856994629,8.680177630880928,8.591301940931029,8.680177630880928,11100
2014-12-01,8.591301918029785,8.680177607742774,8.591301918029785,8.591301918029785,15533
2014-12-02,8.798678398132324,9.065305472868028,8.591302098368706,8.591302098368706,58833
2014-12-03,8.739428520202637,8.887554044236262,8.70980266198862,8.70980266198862,21767
2014-12-04,8.828303337097168,8.828303337097168,8.709802728612004,8.709802728612004,9767
2014-12-05,8.798678398132324,8.85792917310441,8.709802706553758,8.828303314738807,7733
2014-12-08,8.76905345916748,8.828303292229378,8.709802684346467,8.739428542636531,19667
2014-12-09,8.76905345916748,8.828303292229378,8.620926992994505,8.739428542636531,33167
2014-12-10,8.828303337097168,8.8579291955378,8.739428587052636,8.739428587052636,68367
2014-12-11,9.06530475616455,9.154180440716603,8.798677702508396,8.798677702508396,36767
2014-12-12,8.887554168701172,9.094930470307897,8.887554168701172,8.976429861069644,15567
2014-12-15,8.887554168701172,9.035679694809208,8.7986784763327,9.006054777939426,21567
2014-12-16,8.798678398132324,8.917179006317376,8.73942856491936,8.798678398132324,19800
2014-12-17,8.798678398132324,8.887554089710893,8.798678398132324,8.798678398132324,35467
2014-12-18,8.76905345916748,8.91717898358134,8.532052243401658,8.887554067050392,202500
2014-12-19,8.828303337097168,8.828303337097168,8.650552895248984,8.709802728612004,35667
2014-12-22,8.70980167388916,8.917177949065522,8.235799297348338,8.769052441836267,91267
2014-12-23,8.76905345916748,8.76905345916748,8.413551635518747,8.413551635518747,45067
2014-12-24,8.739428520202637,8.828303269567343,8.680177745533717,8.680177745533717,33400
2014-12-26,8.739428520202637,8.828303269567343,8.680177745533717,8.680177745533717,34233
2014-12-29,8.798678398132324,8.798678398132324,8.591302098368706,8.650552873340791,88900
2014-12-30,9.035679817199707,9.035679817199707,8.650553067398528,8.680177984669585,57100
2014-12-31,8.739428520202637,8.976429735360082,8.680177745533717,8.976429735360082,60967
2015-01-02,8.739428520202637,8.917178960691164,8.739428520202637,8.828303269567343,23800
2015-01-05,8.887554168701172,9.006054777939426,8.739428642593136,8.739428642593136,28500
2015-01-06,8.798678398132324,8.887554089710893,8.769053481525841,8.887554089710893,9967
2015-01-07,8.857928276062012,8.857928276062012,8.769052593483885,8.798677507090252,16133
2015-01-08,8.857928276062012,8.887553189668381,8.739427679877517,8.887553189668381,9300
2015-01-09,9.035679817199707,9.124555510772021,8.798678595512959,8.946805065386531,68267
2015-01-12,9.331931114196777,9.539307403034886,9.065304995267248,9.094929910312958,111100
2015-01-13,9.124555587768555,9.480058365057685,9.09493067024751,9.420807588256448,33367
2015-01-14,8.94680404663086,9.154180327433004,8.857928363178651,8.887553277076377,51600
2015-01-15,8.828303337097168,9.154181187630268,8.828303337097168,8.8579291955378,38200
2015-01-16,8.97642993927002,9.065305632412754,8.857929328999418,8.857929328999418,12900
2015-01-20,9.06530475616455,9.124554584693222,8.887553387060448,9.124554584693222,18633
2015-01-21,9.035679817199707,9.094930593500964,8.917179206356334,9.094930593500964,7867
2015-01-22,8.97642993927002,9.035679773525752,8.946805022142152,9.035679773525752,7633
2015-01-23,9.06530475616455,9.124554584693222,8.887553387060448,8.976429071612499,19000
2015-01-26,8.94680404663086,9.065304643980793,8.917178190974102,9.065304643980793,14067
2015-01-27,8.887554168701172,8.946804944199863,8.769053559462918,8.946804944199863,32667
2015-01-28,9.094929695129395,9.094929695129395,8.887553411197752,8.887553411197752,49467
2015-01-29,9.094929695129395,9.124554609474188,9.035678924680763,9.065304780784603,8567
2015-01-30,9.06530475616455,9.124554584693222,9.035678900141171,9.035678900141171,18633
2015-02-02,9.094929695129395,9.124554609474188,9.035678924680763,9.065304780784603,16267
2015-02-03,9.183805465698242,9.183805465698242,9.09492978007473,9.09492978007473,18367
2015-02-04,9.183805465698242,9.302306065943238,9.124554694696215,9.124554694696215,37700
2015-02-05,9.302306175231934,9.302306175231934,9.183805573594725,9.243055403533797,11267
2015-02-06,9.302306175231934,9.302306175231934,9.21343048856426,9.272681260262399,19767
2015-02-09,9.302306175231934,9.302306175231934,9.183805573594725,9.302306175231934,14933
2015-02-10,9.331931114196777,9.331931114196777,9.243055427300577,9.243055427300577,20533
2015-02-11,9.302306175231934,9.302306175231934,9.183805573594725,9.272681260262399,43533
2015-02-12,9.420806884765625,9.48005765714236,9.243055509394493,9.243055509394493,34867
2015-02-13,9.59855842590332,9.628183341723771,9.361556274062439,9.420807047462432,25200
2015-02-17,9.420806884765625,9.53930748776002,9.391181969456795,9.450431800074453,19167
2015-02-18,9.480057716369629,9.539307547357454,9.243055567141075,9.391182028128807,44400
2015-02-19,9.480057716369629,9.539307547357454,9.331931255381898,9.539307547357454,7300
2015-02-20,9.450431823730469,9.598558284163557,9.420806908347483,9.539307511638505,34700
2015-02-23,9.56893253326416,9.598558390735159,9.48005778612844,9.48005778612844,15633
2015-02-24,9.7763090133667,10.013311168862902,9.509682883352244,9.539307799629604,37133
2015-02-25,9.835559844970703,9.835559844970703,9.687434320961994,9.835559844970703,30700
2015-02-26,10.072561264038086,10.072561264038086,9.746684351213261,9.865184961171458,20400
2015-02-27,10.90206527709961,10.90206527709961,10.102185070609362,10.13181092616165,84733
2015-03-02,10.368813514709473,11.40569505453225,10.220687984060142,10.902066743509879,68700
2015-03-03,10.516938209533691,10.63543975474633,10.368812690656517,10.368812690656517,33733
2015-03-04,10.3984375,10.665064561369805,10.131811380389268,10.665064561369805,27567
2015-03-05,10.220687866210938,10.457689089220796,10.1614370895789,10.309562618520276,27967
2015-03-06,9.983685493469238,10.309562403759154,9.865184884432825,10.16143687790342,17600
2015-03-09,9.746684074401855,9.98368528758728,9.717059158193454,9.924435455170476,11700
2015-03-10,9.539307594299316,9.74668388729535,9.450431905621146,9.657808198617179,17800
2015-03-11,9.420806884765625,9.50968257245119,9.2726813664624,9.48005765714236,22167
2015-03-12,9.331931114196777,9.539307403034886,9.272681284105357,9.509682487989176,18433
2015-03-13,9.420806884765625,9.420806884765625,9.154180763468005,9.33193119708006,30700
2015-03-16,9.272682189941406,9.805935421652338,9.213431412302787,9.391182803459484,36500
2015-03-17,8.739428520202637,9.272681725186448,8.472801446831173,9.094930342938806,74567
2015-03-18,8.887554168701172,9.065305553438117,8.620927091595755,8.650552950224665,29667
2015-03-19,8.94680404663086,9.094929557878519,8.828302507521892,8.976428960528585,21467
2015-03-20,8.94680404663086,9.00605387442631,8.887553277076377,8.94680404663086,33700
2015-03-23,9.006053924560547,9.035678838623186,8.887553326550952,8.887553326550952,16167
2015-03-24,9.006053924560547,9.006053924560547,8.887553326550952,8.946804096435269,18633
2015-03-25,9.006053924560547,9.006053924560547,8.887553326550952,8.917178240613591,24433
2015-03-26,9.06530475616455,9.094929670428886,8.946804157348163,8.946804157348163,10667
2015-03-27,8.97642993927002,9.065305632412754,8.946805022142152,9.065305632412754,4500
2015-03-30,9.094929695129395,9.094929695129395,8.946804181646385,8.976429095991177,33933
2015-03-31,9.124555587768555,9.30230697641312,9.006054975925228,9.065305752726465,22967
2015-04-01,9.154180526733398,9.183805441276103,9.065304841346231,9.183805441276103,5900
2015-04-02,9.183805465698242,9.183805465698242,9.035679009072705,9.154180551076756,4900
2015-04-06,9.183805465698242,9.183805465698242,8.976429179829735,9.065304865453246,8100
2015-04-07,9.213430404663086,9.272681175821662,9.065304889405233,9.094929804104993,5333
2015-04-08,9.183805465698242,9.243055294941211,9.124554694696215,9.124554694696215,9833
2015-04-09,9.331931114196777,9.331931114196777,9.065304995267248,9.094929910312958,15067
2015-04-10,9.24305534362793,9.24305534362793,9.035679056667092,9.183805514072867,6467
2015-04-13,9.272682189941406,9.302307107881136,9.183806494363058,9.183806494363058,9433
2015-04-14,9.183805465698242,9.183805465698242,9.065304865453246,9.183805465698242,15267
2015-04-15,9.24305534362793,9.24305534362793,9.124554742758745,9.2134304288504,7467
2015-04-16,9.331931114196777,9.331931114196777,9.124554825358668,9.183805597209158,14567
2015-04-17,9.302306175231934,9.331931090201468,9.183805573594725,9.272681260262399,18467
2015-04-20,9.124555587768555,9.272682058892075,9.035679893446272,9.243056199611882,12500
2015-04-21,9.24305534362793,9.331931029719584,9.065304913203684,9.094929827981215,23967
2015-04-22,9.302306175231934,9.302306175231934,9.183805573594725,9.21343048856426,30467
2015-04-23,9.24305534362793,9.24305534362793,9.183805514072867,9.2134304288504,8633
2015-04-24,9.24305534362793,9.24305534362793,9.183805514072867,9.2134304288504,12800
2015-04-27,9.24305534362793,9.331931029719584,9.183805514072867,9.331931029719584,9367
2015-04-28,9.183805465698242,9.302306065943238,9.124554694696215,9.302306065943238,11733
2015-04-29,9.124555587768555,9.243056199611882,9.035679893446272,9.124555587768555,10967
2015-04-30,9.183805465698242,9.183805465698242,9.006054094451219,9.065304865453246,8233
2015-05-01,9.154180526733398,9.154180526733398,9.006054070501769,9.094929755888936,2667
2015-05-04,9.094929695129395,9.124554609474188,8.82830264074912,9.00605401033597,10167
2015-05-05,8.94680404663086,9.154180327433004,8.709801910171958,9.154180327433004,25467
2015-05-06,8.650552749633789,8.917178878797493,8.650552749633789,8.88755396261466,19567
2015-05-07,8.70980167388916,8.798677354930316,8.561676166659906,8.591301079753954,11400
2015-05-08,8.650552749633789,8.739428439941392,8.591301975509017,8.680177665816622,7600
2015-05-11,8.620926856994629,8.709802546944529,8.53205210880383,8.620926856994629,11233
2015-05-12,8.413551330566406,8.73942822587266,8.324675642435777,8.591301765068582,17533
2015-05-13,8.235799789428711,8.502425906723802,8.146924103077327,8.354300390644203,19833
2015-05-14,8.324675559997559,8.413551247248064,8.17654910066036,8.206174957583244,22367
2015-05-15,8.265424728393555,8.383925329954575,8.265424728393555,8.295049643344043,13400
2015-05-18,8.235799789428711,8.354300390644203,8.235799789428711,8.354300390644203,10867
2015-05-19,8.295049667358398,8.383925354226228,8.176549065454315,8.176549065454315,18633
2015-05-20,7.969173431396484,8.295050348845171,7.909923596456257,8.295050348845171,38733
2015-05-21,8.028424263000488,8.146924875450487,7.8802982619982,7.939548568223199,32500
2015-05-22,8.028424263000488,8.028424263000488,7.939548568223199,8.028424263000488,9600
2015-05-26,7.850672245025635,8.117299308014887,7.791421943543425,8.087673450954474,28400
2015-05-27,7.880298137664795,7.880298137664795,7.761797527084469,7.791422444289767,11067
2015-05-28,7.939548015594482,8.0580486197963,7.73217172280153,7.73217172280153,29300
2015-05-29,7.761796951293945,7.9395478539784055,7.761796951293945,7.850672167196408,18733
2015-06-01,7.732172012329102,7.850672620968119,7.643296320410057,7.850672620968119,20767
2015-06-02,7.821047306060791,7.850672221272493,7.5840456299694905,7.643295931272432,39433
2015-06-03,7.909923076629639,7.998798764958367,7.732171699972183,7.821047388300911,23667
2015-06-04,7.909923076629639,7.969172907676068,7.761797086374939,7.939547992152853,10500
2015-06-05,8.058048248291016,8.058048248291016,7.90992273530764,7.90992273530764,17900
2015-06-08,7.969173431396484,8.028424208095858,7.909923596456257,8.028424208095858,16467
2015-06-09,7.969173431396484,8.028424208095858,7.909923596456257,7.939548513926371,15033
2015-06-10,8.058048248291016,8.058048248291016,7.702546452075486,7.939547649552506,112433
2015-06-11,7.939548015594482,8.0580486197963,7.821047411392665,8.0580486197963,15267
2015-06-12,7.909923076629639,7.969172907676068,7.909923076629639,7.909923076629639,44333
2015-06-15,7.939548015594482,7.969172931205165,7.9099230999838,7.939548015594482,16567
2015-06-16,7.998798847198486,8.383925578237234,7.850672384541274,8.058048678854096,16100
2015-06-17,7.998798847198486,8.028423763026291,7.8802977712486255,7.998798847198486,8933
2015-06-18,7.969173431396484,8.05804912556597,7.732172208117284,7.909923596456257,16567
2015-06-19,7.761796951293945,7.909922938970762,7.761796951293945,7.880297553083586,20667
2015-06-22,7.791421890258789,7.880297577314062,7.732171589181785,7.880297577314062,12833
2015-06-23,8.265424728393555,8.324675500053598,7.732171550489424,7.732171550489424,34167
2015-06-24,8.206174850463867,8.295049594795172,7.9987985635060355,8.295049594795172,18600
2015-06-25,8.265424728393555,8.295049643344043,8.117299211882044,8.146924126832532,35367
2015-06-26,8.265424728393555,8.383925329954575,8.206174898492577,8.206174898492577,15400
2015-06-29,8.146924018859863,8.23579970429251,8.146924018859863,8.146924018859863,10900
2015-06-30,8.146924018859863,8.383925218840886,8.146924018859863,8.176548933417727,44033
2015-07-01,8.206174850463867,8.23579976524097,8.146924079150605,8.146924079150605,30933
2015-07-02,8.146924018859863,8.265424618850375,8.146924018859863,8.146924018859863,6233
2015-07-06,8.235799789428711,8.235799789428711,8.146924103077327,8.146924103077327,21967
2015-07-07,8.206174850463867,8.295049594795172,8.146924079150605,8.295049594795172,29100
2015-07-08,8.146924018859863,8.206174789734646,8.146924018859863,8.146924018859863,10233
2015-07-09,8.146924018859863,8.206174789734646,8.146924018859863,8.206174789734646,39467
2015-07-10,8.265424728393555,8.265424728393555,8.146924126832532,8.265424728393555,29400
2015-07-13,8.146924018859863,8.23579970429251,8.117299104301999,8.206174789734646,56233
2015-07-14,8.146924018859863,8.23579970429251,8.146924018859863,8.176548933417727,7433
2015-07-15,8.206174850463867,8.23579976524097,8.146924079150605,8.23579976524097,47300
2015-07-16,8.176549911499023,8.206175771359796,8.146924993397418,8.176549911499023,6100
2015-07-17,8.206174850463867,8.206174850463867,8.146924079150605,8.206174850463867,16967
2015-07-20,8.176549911499023,8.206175771359796,8.146924993397418,8.146924993397418,5633
2015-07-21,8.146924018859863,8.206174789734646,8.146924018859863,8.146924018859863,8567
2015-07-22,8.532052040100098,8.532052040100098,8.146924367338114,8.146924367338114,62967
2015-07-23,8.117300033569336,8.502426792187991,8.058049255911532,8.47280187423867,11667
2015-07-24,7.998798847198486,8.146924368096606,7.939548073783783,8.146924368096606,8100
2015-07-27,7.584045886993408,7.939548177738591,7.406294977060593,7.939548177738591,16633
2015-07-28,7.554420471191406,7.732171369369261,7.554420471191406,7.554420471191406,3967
2015-07-29,7.495170593261719,7.58404581190845,7.4062949037354375,7.554420895986056,16500
2015-07-30,7.28779411315918,7.495170402866277,7.198918425890556,7.46554501681689,15367
2015-07-31,7.169293403625488,7.554420591237249,7.110042632411805,7.2877940042937945,30733
2015-08-03,7.376669406890869,7.406294793250871,7.11004281316902,7.139668199529021,11900
2015-08-04,7.021167755126953,7.406294961266538,6.961917451942367,7.406294961266538,53300
2015-08-05,6.991542339324951,7.13966833211666,6.96191742329434,6.96191742329434,27767
2015-08-06,6.9026665687561035,7.021167644131481,6.9026665687561035,7.021167644131481,8000
2015-08-07,7.110043048858643,7.2581690438097715,6.873041833640481,7.2581690438097715,12867
2015-08-10,6.991542339324951,7.13966833211666,6.843416346533243,7.110042945206498,10333
2015-08-11,7.643295764923096,7.939547735869684,7.19891827938274,7.19891827938274,43767
2015-08-12,7.495170593261719,7.761797190961013,7.4062949037354375,7.761797190961013,6600
2015-08-13,7.672921180725098,7.672921180725098,7.495170279981645,7.584045494913607,30000
2015-08-14,7.7025465965271,7.791421811807964,7.524795224206309,7.524795224206309,25367
2015-08-17,7.672921180725098,7.732171480972916,7.61367088047728,7.702546566288771,10500
2015-08-18,7.347044467926025,7.613671060795619,7.317419081660719,7.554420759144548,12833
2015-08-19,7.28779411315918,7.46554501681689,7.28779411315918,7.406294715597653,8400
2015-08-20,7.169293403625488,7.37666921935526,7.169293403625488,7.347044304627947,18633
2015-08-21,7.258169174194336,7.465545476675279,7.13966856445653,7.13966856445653,13967
2015-08-24,7.1396684646606445,7.1989187687013665,7.1396684646606445,7.1989187687013665,18800
2015-08-25,7.258169174194336,7.821047776768264,7.258169174194336,7.821047776768264,14833
2015-08-26,7.347044467926025,7.406294769577098,7.347044467926025,7.406294769577098,7833
2015-08-27,7.258169174194336,7.613671474287321,7.228544257199667,7.228544257199667,9400
2015-08-28,7.347044467926025,7.406294769577098,7.228543864623882,7.228543864623882,10333
2015-08-31,7.406294822692871,7.435920209170642,7.287794218540875,7.406294822692871,9633
2015-09-01,7.258169174194336,7.347044866937473,7.169293952330764,7.169293952330764,9067
2015-09-02,7.198918342590332,7.406294629897833,7.169293427763278,7.376669244191248,13967
2015-09-03,7.258169174194336,7.406295171806376,7.13966856445653,7.13966856445653,14433
2015-09-04,7.258169174194336,7.347044866937473,7.169293952330764,7.169293952330764,10933
2015-09-08,7.347044467926025,7.376669383311792,7.2581687800096475,7.2581687800096475,15533
2015-09-09,7.435920238494873,7.465545154209928,7.228543944971301,7.287794247280958,6367
2015-09-10,7.495170593261719,7.495170593261719,7.376669516933495,7.376669516933495,15533
2015-09-11,7.406294822692871,7.49517051124664,7.287794218540875,7.49517051124664,21300
2015-09-14,7.050792217254639,7.347044184980435,6.961917003640518,7.317418799856046,32367
2015-09-15,7.021167755126953,7.22854405171278,6.991542368094884,6.991542368094884,17267
2015-09-16,7.050792217254639,7.16929328687267,6.961917003640518,6.961917003640518,11367
2015-09-17,7.050792217254639,7.198918201117537,7.021167303009772,7.1396679017482825,8933
2015-09-18,7.050792217254639,7.1396679017482825,6.932291618516129,6.9915419178853835,41800
2015-09-21,7.110043048858643,7.1692938235427395,7.021167828591611,7.110043048858643,12733
2015-09-22,7.021167755126953,7.05079267127947,6.961917451942367,7.05079267127947,19500
2015-09-23,6.9026665687561035,7.110042862063583,6.873041653071918,7.110042862063583,20767
2015-09-24,6.991542339324951,7.110042945206498,6.932292036384179,6.932292036384179,12233
2015-09-25,7.021167755126953,7.139668361496125,6.932292064910298,6.961917451942367,6867
2015-09-28,6.606415271759033,7.021167871824196,6.547164967589661,6.932292180130359,46900
2015-09-29,6.3101630210876465,7.1100428008695,6.073161814135782,6.5767896143482645,71367
2015-09-30,6.339788436889648,6.576789644944063,6.250912748429472,6.369413352456679,25467
2015-10-01,6.399038791656494,6.487914480849356,6.339788489154435,6.399038791656494,11100
2015-10-02,6.221287727355957,6.339788329373519,6.1027866544588605,6.339788329373519,29800
2015-10-05,6.339788436889648,6.517539342930459,6.339788436889648,6.339788436889648,17433
2015-10-06,6.339788436889648,6.487914427363429,6.250912748429472,6.3990387389032515,34167
2015-10-07,6.339788436889648,6.487914427363429,6.2805381348760445,6.339788436889648,18367
2015-10-08,6.399038791656494,6.428664178347296,6.250912799961573,6.339788489154435,55000
2015-10-09,6.399038791656494,6.517539396660612,6.3101631024636315,6.458289094158553,17800
2015-10-12,6.5175395011901855,6.547164888356126,6.280538287380877,6.428664281451472,11033
2015-10-13,6.428663730621338,6.576789241120473,6.369412961366267,6.458288644369359,6600
2015-10-14,6.3101630210876465,6.42866409544312,6.280538105658434,6.42866409544312,13000
2015-10-15,6.3101630210876465,6.487914397181085,6.280538105658434,6.3101630210876465,24767
2015-10-16,6.191662311553955,6.487914286048789,6.162036925752658,6.280537998078311,32667
2015-10-19,6.250912666320801,6.3694132687914475,6.191662365085477,6.191662365085477,3967
2015-10-20,6.250912666320801,6.3694132687914475,6.221287751142908,6.250912666320801,11067
2015-10-21,6.250912666320801,6.339788353613554,6.221287751142908,6.221287751142908,7000
2015-10-22,6.191662311553955,6.339788298801372,6.162036925752658,6.310162913000076,17300
2015-10-23,6.221287727355957,6.280538028364738,6.1620369554676415,6.221287727355957,12500
2015-10-26,6.250912666320801,6.339788353613554,6.162036979028048,6.339788353613554,14100
2015-10-27,6.191662311553955,6.339788298801372,6.162036925752658,6.221287697355251,25767
2015-10-28,6.250912666320801,6.280538052378231,6.162036979028048,6.280538052378231,6867
2015-10-29,6.3101630210876465,6.3101630210876465,6.132412115873748,6.221287803920467,15267
2015-10-30,6.191662311553955,6.250912612277015,5.984286023583477,6.250912612277015,40967
2015-11-02,6.280538082122803,6.3397883836387345,6.162037008211399,6.221287780606871,13700
2015-11-03,6.221287727355957,6.339788329373519,6.1620369554676415,6.25091264242058,15867
2015-11-04,6.221287727355957,6.369413244438142,6.221287727355957,6.310162943429361,13400
2015-11-05,6.280538082122803,6.369413298956931,6.250912695925067,6.280538082122803,15067
2015-11-06,6.339788436889648,6.339788436889648,6.221287832862441,6.2805381348760445,11200
2015-11-09,6.250912666320801,6.339788353613554,6.221287751142908,6.280538052378231,9433
2015-11-10,6.073161602020264,6.399038485637042,5.954661002683166,6.221287586631396,28200
2015-11-11,5.954660892486572,6.102786403476979,5.925035507760781,6.043536104904913,21967
2015-11-12,6.250912666320801,6.280538052378231,5.925035774086755,5.925035774086755,17900
2015-11-13,6.221287727355957,6.280538028364738,6.1027866544588605,6.280538028364738,16000
2015-11-16,6.3101630210876465,6.547164698919051,6.280538105658434,6.280538105658434,40067
2015-11-17,6.369413375854492,6.399038762409893,6.310163073623235,6.369413375854492,24467
2015-11-18,6.45828914642334,6.517539449404892,6.339788540460235,6.339788540460235,35467
2015-11-19,6.487914562225342,6.487914562225342,6.369413484855353,6.487914562225342,12700
2015-11-20,6.399038791656494,6.517539396660612,6.369413404965691,6.517539396660612,6833
2015-11-23,6.399038791656494,6.428664178347296,6.280538186652375,6.280538186652375,14500
2015-11-24,6.5175395011901855,6.547164888356126,6.399038894285531,6.428664281451472,25767
2015-11-25,6.576789379119873,6.636039678738666,6.399038480263493,6.428663865512652,22767
2015-11-27,6.487914562225342,6.517539478408175,6.369413484855353,6.487914562225342,3667
2015-11-30,6.576789379119873,6.606414764369032,6.458288779882286,6.458288779882286,25533
2015-12-01,6.5175395011901855,6.606415191808454,6.458289197737859,6.5175395011901855,12833
2015-12-02,6.45828914642334,6.517539449404892,6.3990388434417875,6.517539449404892,57200
2015-12-03,6.428663730621338,6.576789241120473,6.428663730621338,6.487914028996895,27667
2015-12-04,6.45828914642334,6.517539449404892,6.3990388434417875,6.4286642303723385,34967
2015-12-07,6.45828914642334,6.576789752386444,6.4286642303723385,6.45828914642334,20400
2015-12-08,6.250912666320801,6.4879143421416305,6.250912666320801,6.4582889560842,33967
2015-12-09,6.3101630210876465,6.517539312610298,6.280538105658434,6.280538105658434,27900
2015-12-10,6.369413375854492,6.428664148965295,6.280538157947379,6.369413375854492,21400
2015-12-11,6.339788436889648,6.428664125349825,6.310163050443075,6.369413352456679,15600
2015-12-14,6.3101630210876465,7.050792499131534,6.3101630210876465,6.547164698919051,105367
2015-12-15,6.576789379119873,6.695290449236984,6.399038480263493,6.695290449236984,51067
2015-12-16,6.369413375854492,6.5767896691036665,6.310163073623235,6.517539366872408,14500
2015-12-17,6.5175395011901855,6.606415191808454,6.310163203667264,6.310163203667264,36133
2015-12-18,6.428663730621338,6.547164327372451,6.339788047618246,6.487914028996895,36267
2015-12-21,6.576789379119873,6.576789379119873,6.458288779882286,6.51753907950108,16133
2015-12-22,6.547164440155029,6.606414739551242,6.487914140758817,6.606414739551242,25467
2015-12-23,6.547164440155029,6.576789354413375,6.399038456224737,6.517539055017162,28700
2015-12-24,6.5175395011901855,6.606415191808454,6.3694135071195905,6.606415191808454,17500
2015-12-28,6.547164440155029,6.606414739551242,6.428663841362605,6.576789354413375,59600
2015-12-29,6.487914562225342,6.54716486547056,6.458289175162956,6.458289175162956,37533
2015-12-30,6.428663730621338,6.458288644369359,6.369412961366267,6.3990383459938025,15367
2015-12-31,6.5175395011901855,6.63604010809484,6.399038894285531,6.399038894285531,22333
2016-01-04,6.576789379119873,6.636039678738666,6.369413095014335,6.458288779882286,19133
2016-01-05,6.428663730621338,6.606414625748008,6.3990383459938025,6.458288644369359,8767
2016-01-06,6.487914562225342,6.54716486547056,6.369413484855353,6.458289175162956,11667
2016-01-07,6.399038791656494,6.487914480849356,6.3101631024636315,6.428664178347296,6233
2016-01-08,6.339788436889648,6.458289040916855,6.339788436889648,6.428664125349825,6767
2016-01-11,6.250912666320801,6.428664040906307,6.221287751142908,6.399038654848877,24267
2016-01-12,6.04353666305542,6.310163266693761,6.04353666305542,6.221288046067353,31533
2016-01-13,6.073161602020264,6.19166220135736,6.0139113023517154,6.043536216746227,13067
2016-01-14,5.954660892486572,6.102786403476979,5.954660892486572,6.043536104904913,11900
2016-01-15,5.421407699584961,5.95466137137846,5.3917827833561605,5.925035984270106,28033
2016-01-19,5.0955305099487305,5.599158766382026,5.0955305099487305,5.599158766382026,16100
2016-01-20,4.88815450668335,5.095530804143085,4.740028983537442,5.095530804143085,46800
2016-01-21,5.006655216217041,5.391782395655422,4.769653549030677,4.769653549030677,11067
2016-01-22,4.917779922485352,5.065905917373617,4.917779922485352,5.006655613594222,16367
2016-01-25,4.977029800415039,5.184406081338959,4.858529202995519,4.9177795017052786,40400
2016-01-26,5.036280632019043,5.125156324927474,4.9770303270399445,4.9770303270399445,7600
2016-01-27,4.977029800415039,5.184406081338959,4.947404886499918,5.065905483919439,9800
2016-01-28,5.036280632019043,5.065906019948375,4.917780022060846,5.036280632019043,3933
2016-01-29,5.184406757354736,5.4806587604125525,5.154781368697123,5.243657063790383,49200
2016-02-01,5.21403169631958,5.273281997645087,5.095530622789028,5.095530622789028,3600
2016-02-02,5.036280632019043,5.273282322815004,5.036280632019043,5.273282322815004,5200
2016-02-03,5.421407699584961,5.451033086693315,5.184406486236343,5.184406486236343,15000
2016-02-04,5.480658054351807,5.539908353154373,5.273281773103067,5.273281773103067,2667
2016-02-05,5.451032638549805,5.510282937015839,5.332532041617736,5.510282937015839,3700
2016-02-08,5.3029069900512695,5.451032980960764,5.095530696953886,5.4214075944270474,8400
2016-02-09,5.065906047821045,5.243656963736328,5.065906047821045,5.184406658431233,9167
2016-02-10,5.273282051086426,5.3029069666096404,5.036280372502998,5.065905758905755,6233
2016-02-11,5.21403169631958,5.21403169631958,5.095530622789028,5.095530622789028,2633
2016-02-12,5.21403169631958,5.391782600296103,5.154780924114535,5.391782600296103,4967
2016-02-16,5.154780864715576,5.243656551119485,5.095530564072814,5.184406250476723,4167
2016-02-17,5.21403169631958,5.332532298970595,5.154780924114535,5.1844063102170574,2833
2016-02-18,5.243656635284424,5.273282021521082,5.12515603209687,5.154780947453989,6200
2016-02-19,5.21403169631958,5.302906912868073,5.154780924114535,5.243656611542565,9033
2016-02-22,5.273282051086426,5.3917826549383685,5.184406362757698,5.184406362757698,14267
2016-02-23,5.273282051086426,5.332532353012398,5.214031749160454,5.243656664683669,7833
2016-02-24,5.21403169631958,5.21403169631958,5.12515600889155,5.21403169631958,8167
2016-02-25,5.3029069900512695,5.362157292239158,5.214031772209208,5.3029069900512695,4333
2016-02-26,5.3029069900512695,5.391782678772875,5.273282074397097,5.3029069900512695,3133
2016-02-29,5.5399088859558105,5.5399088859558105,5.214031975760686,5.214031975760686,11233
2016-03-01,5.480658054351807,5.539908353154373,5.273281773103067,5.539908353154373,6500
2016-03-02,5.480658054351807,5.480658054351807,5.273281773103067,5.391782370708199,6600
2016-03-03,5.421407699584961,5.5102833900304695,5.214031873344696,5.5102833900304695,20533
2016-03-04,5.628783702850342,5.628783702850342,5.451032802118483,5.480658187680224,34933
2016-03-07,5.628783702850342,5.658409088412083,5.539908487924177,5.569533402606389,55433
2016-03-08,5.688034534454346,5.688034534454346,5.539908546829685,5.539908546829685,5200
2016-03-09,5.806535243988037,5.806535243988037,5.62878386718706,5.747284942014225,15267
2016-03-10,5.806535243988037,5.865785545961849,5.658409253613737,5.865785545961849,11933
2016-03-11,5.688034534454346,5.836160051199474,5.5991588477036425,5.806535136202261,5200
2016-03-14,5.628783702850342,5.8065350744617295,5.628783702850342,5.717659388656036,4133
2016-03-15,5.599158763885498,5.717659363859486,5.569533378452237,5.628783678439231,11133
2016-03-16,5.658409595489502,5.806535594813435,5.539908984382184,5.658409595489502,38367
2016-03-17,5.658409595489502,5.717659901043161,5.628784207272887,5.628784207272887,14933
2016-03-18,5.658409595489502,5.658409595489502,5.599159289935843,5.628784207272887,13967
2016-03-21,5.688034534454346,5.806535136202261,5.5991588477036425,5.688034534454346,10867
2016-03-22,5.747284889221191,5.747284889221191,5.628783815482545,5.7176595030666455,4100
2016-03-23,5.747284889221191,5.836160105925753,5.658409201637091,5.7176595030666455,5367
2016-03-24,5.688034534454346,5.806535136202261,5.628783762700855,5.6584091485776,7367
2016-03-28,5.480658054351807,5.747284634403113,5.480658054351807,5.6880343356005465,58000
2016-03-29,5.21403169631958,5.510283202947118,5.095530622789028,5.45103290162161,43567
2016-03-30,5.065906047821045,5.27328235182866,5.036280659728713,5.184406658431233,58633
2016-03-31,4.88815450668335,5.30290710160282,4.88815450668335,4.977030197274537,199100
2016-04-01,4.9474053382873535,5.184406554768886,4.799279342546616,4.799279342546616,5900
2016-04-04,4.7400288581848145,5.154780971256386,4.7400288581848145,5.006655452027738,16000
2016-04-05,4.858529567718506,4.947405257894678,4.769653877542334,4.769653877542334,15033
2016-04-06,5.125155925750732,5.125155925750732,4.858529338671424,4.8881542534138305,25467
2016-04-07,5.0955305099487305,5.154780809962143,5.065905595381788,5.065905595381788,8133
2016-04-08,5.065906047821045,5.184406658431233,5.065906047821045,5.095530965033808,5867
2016-04-11,5.065906047821045,5.243656963736328,5.036280659728713,5.095530965033808,16767
2016-04-12,5.065906047821045,5.184406658431233,5.065906047821045,5.065906047821045,4867
2016-04-13,5.0955305099487305,5.0955305099487305,5.065905595381788,5.065905595381788,5800
2016-04-14,5.154780864715576,5.154780864715576,5.036280263430053,5.095530564072814,10867
2016-04-15,5.125155925750732,5.154780840493139,5.06590562538639,5.095530540128796,9167
2016-04-18,5.065906047821045,5.184406658431233,5.036280659728713,5.036280659728713,33700
2016-04-19,5.0955305099487305,5.184406195408613,5.065905595381788,5.0955305099487305,6533
2016-04-20,5.154780864715576,5.184406250476723,5.095530564072814,5.095530564072814,2200
2016-04-21,5.154780864715576,5.243656551119485,5.125155949833961,5.184406250476723,5600
2016-04-22,5.154780864715576,5.243656551119485,5.125155949833961,5.243656551119485,8433
2016-04-25,5.154780864715576,5.243656551119485,5.095530564072814,5.21403163623787,1767
2016-04-26,5.154780864715576,5.21403163623787,5.095530564072814,5.21403163623787,7300
2016-04-27,5.125155925750732,5.214031611737012,5.06590562538639,5.095530540128796,12400
2016-04-28,5.243656635284424,5.243656635284424,5.036280344266435,5.184406333690647,108100
2016-04-29,5.184406757354736,5.273282452447996,5.095531062261475,5.184406757354736,91367
2016-05-02,5.3325324058532715,5.3325324058532715,5.095530724921358,5.184406414130769,26033
2016-05-03,5.243656635284424,5.302906936878201,5.12515603209687,5.273282021521082,7367
2016-05-04,5.184406757354736,5.243657063790383,5.065906144483441,5.243657063790383,9033
2016-05-05,5.036280632019043,5.273282322815004,4.9474054099901785,5.243656934885672,9000
2016-05-06,5.125155925750732,5.125155925750732,4.799279038307081,5.036280239764453,15400
2016-05-09,5.0955305099487305,5.184406195408613,4.858529309895081,5.184406195408613,18667
2016-05-10,5.006655216217041,5.095530429392348,4.680777864975851,5.095530429392348,52900
2016-05-11,5.036280632019043,5.095530936998141,4.888154634131514,4.9770303270399445,14200
2016-05-12,4.977029800415039,5.09553039783456,4.947404886499918,4.947404886499918,8200
2016-05-13,5.036280632019043,5.095530936998141,4.9770303270399445,4.9770303270399445,12900
2016-05-16,4.9474053382873535,5.036280559028149,4.9474053382873535,4.977030254907765,37033
2016-05-17,4.9474053382873535,5.06590594652812,4.9474053382873535,4.977030254907765,13400
2016-05-18,4.977029800415039,5.006655185209678,4.947404886499918,5.006655185209678,12367
2016-05-19,4.9474053382873535,5.036280559028149,4.858529646667,5.006655642407737,12700
2016-05-20,4.9474053382873535,5.036280559028149,4.8881545632874115,4.8881545632874115,7100
2016-05-23,5.036280632019043,5.065906019948375,4.9770303270399445,4.9770303270399445,3133
2016-05-24,5.065906047821045,5.095530965033808,4.9770303544236185,5.065906047821045,21700
2016-05-25,5.154780864715576,5.302906851762246,5.0659056491912,5.125155949833961,48133
2016-05-26,5.0955305099487305,5.214031580855083,5.0955305099487305,5.0955305099487305,12600
2016-05-27,5.0955305099487305,5.214031580855083,5.0362802099353186,5.1251558953952,10967
2016-05-31,5.125155925750732,5.243656526479419,5.095530540128796,5.095530540128796,6667
2016-06-01,5.0955305099487305,5.154780809962143,5.0955305099487305,5.154780809962143,20700
2016-06-02,5.0955305099487305,5.154780809962143,5.0955305099487305,5.0955305099487305,11133
2016-06-03,5.184406757354736,5.214032146012349,5.095531062261475,5.125156450919088,13067
2016-06-06,5.184406757354736,5.214032146012349,5.065906144483441,5.214032146012349,17167
2016-06-07,5.154780864715576,5.184406250476723,5.095530564072814,5.095530564072814,17633
2016-06-08,5.184406757354736,5.184406757354736,5.095531062261475,5.125156450919088,21800
2016-06-09,5.184406757354736,5.184406757354736,5.095531062261475,5.125156450919088,10167
2016-06-10,5.154780864715576,5.21403163623787,5.095530564072814,5.154780864715576,19467
2016-06-13,5.184406757354736,5.184406757354736,5.095531062261475,5.154781368697123,15167
2016-06-14,5.184406757354736,5.214032146012349,5.095531062261475,5.154781368697123,15800
2016-06-15,5.184406757354736,5.214032146012349,5.184406757354736,5.214032146012349,3700
2016-06-16,5.184406757354736,5.214032146012349,5.095531062261475,5.214032146012349,5033
2016-06-17,5.21403169631958,5.21403169631958,5.1844063102170574,5.1844063102170574,14300
2016-06-20,5.3325324058532715,5.362157321670043,5.184406414130769,5.27328210334018,21500
2016-06-21,5.21403169631958,5.302906912868073,5.1844063102170574,5.21403169631958,3267
2016-06-22,5.21403169631958,5.273281997645087,5.1844063102170574,5.273281997645087,3800
2016-06-23,5.243656635284424,5.273282021521082,5.12515603209687,5.243656635284424,11133
2016-06-24,5.273282051086426,5.273282051086426,5.095530674428969,5.095530674428969,14200
2016-06-27,4.828903675079346,5.273281608551121,4.828903675079346,5.273281608551121,59800
2016-06-28,4.828903675079346,5.006655036819858,4.7696533781256765,4.858529058995932,13333
2016-06-29,4.917779922485352,4.977030226264747,4.799279314926562,4.858529618705957,20067
2016-06-30,4.769653797149658,5.0659057788238595,4.769653797149658,4.947405174505997,30933
2016-07-01,4.6807780265808105,4.858529400827371,4.621527725458469,4.828904014826432,28100
2016-07-05,4.621527671813965,4.799279043997272,4.621527671813965,4.621527671813965,10633
2016-07-06,4.503026962280273,4.710403244236824,4.325276065265881,4.325276065265881,21300
2016-07-07,4.443777084350586,4.6215279982079664,4.354901391982114,4.473402472099932,11033
2016-07-08,4.532652378082275,4.6807778911629985,4.503026992938418,4.562277292346611,6400
2016-07-11,4.503026962280273,4.740028629178982,4.503026962280273,4.591902646227229,14600
2016-07-12,4.562277793884277,4.562277793884277,4.44377718204095,4.532652876363232,18433
2016-07-13,4.562277793884277,4.65115348820656,4.503027487962614,4.591903182284896,4467
2016-07-14,4.6807780265808105,4.769653713704091,4.532652509214724,4.591902810337066,18867
2016-07-15,4.7104034423828125,4.76965374388001,4.591902839388418,4.680778056194444,14433
2016-07-18,4.562277793884277,4.6807784057276045,4.503027487962614,4.65115348820656,22200
2016-07-19,4.3252763748168945,4.828904187841024,4.266026071571677,4.799279271658191,72400
2016-07-20,4.443777084350586,4.56227769358884,4.295651087362987,4.325276475112332,16500
2016-07-21,4.47340202331543,4.621527534563089,4.325276041188253,4.414151253760946,27200
2016-07-22,4.562277793884277,4.65115348820656,4.503027487962614,4.591903182284896,25300
2016-07-25,4.651153087615967,4.680778002585502,4.5919027867973625,4.5919027867973625,9533
2016-07-26,4.7104034423828125,4.76965374388001,4.591902839388418,4.651153140885615,9700
2016-07-27,4.621527671813965,4.710403357905618,4.50302707094478,4.680777972248557,15200
2016-07-28,4.621527671813965,4.680777972248557,4.591902757036434,4.680777972248557,8033
2016-07-29,4.562277793884277,4.6807784057276045,4.532652876363232,4.65115348820656,9800
2016-08-01,4.591902732849121,4.680777947593104,4.5622773473481075,4.5622773473481075,12133
2016-08-02,4.651153087615967,4.680778002585502,4.5919027867973625,4.5919027867973625,35800
2016-08-03,4.621527671813965,4.621527671813965,4.591902757036434,4.621527671813965,3500
2016-08-04,4.591902732849121,4.680777947593104,4.591902732849121,4.6215276474706055,11267
2016-08-05,4.591902732849121,4.710403333094117,4.591902732849121,4.6215276474706055,4267
2016-08-08,4.6807780265808105,4.7104034125817495,4.591902810337066,4.651153111459408,12167
2016-08-09,4.562277793884277,4.710403794128224,4.473402570441569,4.710403794128224,39667
2016-08-10,4.651153087615967,4.680778002585502,4.562277400948294,4.5919027867973625,10367
2016-08-11,4.651153087615967,4.740028774283639,4.651153087615967,4.651153087615967,36267
2016-08-12,4.6807780265808105,4.740028798582688,4.651153111459408,4.651153111459408,20933
2016-08-15,4.591902732849121,4.680777947593104,4.532652432726623,4.680777947593104,44000
2016-08-16,4.651153087615967,4.740028774283639,4.5919027867973625,4.5919027867973625,58133
2016-08-17,4.651153087615967,4.740028774283639,4.651153087615967,4.680778002585502,15867
2016-08-18,4.7104034423828125,4.7104034423828125,4.651153140885615,4.7104034423828125,13433
2016-08-19,4.6807780265808105,4.740028798582688,4.651153111459408,4.6807780265808105,12833
2016-08-22,4.7400288581848145,4.7400288581848145,4.651153169943992,4.7400288581848145,5400
2016-08-23,4.7400288581848145,4.769653773678727,4.680778085437905,4.7400288581848145,40700
2016-08-24,4.7400288581848145,4.769653773678727,4.7400288581848145,4.7400288581848145,11633
2016-08-25,4.769653797149658,4.7992791836688955,4.680778108471489,4.740028881509964,23567
2016-08-26,4.79927921295166,4.82890412877211,4.680778137031219,4.740028910431214,41700
2016-08-29,4.6807780265808105,4.858529400827371,4.651153111459408,4.858529400827371,34367
2016-08-30,4.828903675079346,4.828903675079346,4.621527400301751,4.621527400301751,34767
2016-08-31,4.6807780265808105,4.858529400827371,4.651153111459408,4.858529400827371,12467
2016-09-01,4.562277793884277,4.7400291825288425,4.562277793884277,4.7400291825288425,18900
2016-09-02,4.591902732849121,4.710403333094117,4.532652432726623,4.591902732849121,17433
2016-09-06,4.621527671813965,4.680777972248557,4.532652456601842,4.591902757036434,17133
2016-09-07,4.591902732849121,4.651153032971619,4.5622773473481075,4.5622773473481075,5100
2016-09-08,4.532652378082275,4.710403276306857,4.503026992938418,4.6807778911629985,13867
2016-09-09,4.532652378082275,4.621527591754805,4.443776693530224,4.562277292346611,18433
2016-09-12,4.503026962280273,4.562277261285071,4.443776663275476,4.532652347222432,11700
2016-09-13,4.532652378082275,4.532652378082275,4.443776693530224,4.503026992938418,5233
2016-09-14,4.47340202331543,4.562277235888122,4.414151253760946,4.532652321990397,13467
2016-09-15,4.295650959014893,4.503027254425502,4.266026043030262,4.414151564712513,23167
2016-09-16,4.295650959014893,4.384526648727882,4.2067757401814525,4.266026043030262,19467
2016-09-19,4.1178998947143555,4.295650796537593,4.088274508970717,4.266025881673486,28633
2016-09-20,4.147524833679199,4.354901122451112,4.088274532727158,4.177150219594988,21267
2016-09-21,4.206775665283203,4.5030271742527335,4.177150278946479,4.325276268871015,18833
2016-09-22,4.1178998947143555,4.325276182281232,4.088274508970717,4.325276182281232,15300
2016-09-23,4.1178998947143555,4.177150195322102,4.05864959410661,4.05864959410661,7967
2016-09-26,4.088274955749512,4.147525262832307,3.999399730565111,4.088274955749512,31700
2016-09-27,4.058650016784668,4.177150630341113,4.029024627955766,4.147525241512211,26867
2016-09-28,4.147524833679199,4.147524833679199,4.058649617690904,4.117899918642945,14633
2016-09-29,4.058650016784668,4.147525241512211,4.058650016784668,4.11790032356289,11433
2016-09-30,4.1178998947143555,4.177150195322102,4.05864959410661,4.088274508970717,12933
2016-10-03,4.206775665283203,4.325276268871015,4.029024289021944,4.029024289021944,38867
2016-10-04,4.266026020050049,4.38452662510933,4.147524944111221,4.147524944111221,18733
2016-10-05,4.177150249481201,4.29565085223312,4.1475248633534525,4.266025936984909,23867
2016-10-06,4.295650959014893,4.295650959014893,4.147524966453092,4.266026043030262,21400
2016-10-07,4.295650959014893,4.325276345879073,4.2067757401814525,4.2067757401814525,10500
2016-10-10,4.35490083694458,4.384526220918134,4.295650539876977,4.325275923850531,3167
2016-10-11,4.443777084350586,4.443777084350586,4.325276475112332,4.414151696601241,10000
2016-10-12,4.35490083694458,4.443776517985736,4.35490083694458,4.443776517985736,12233
2016-10-13,4.38452672958374,4.443777033525196,4.325276425642285,4.443777033525196,14467
2016-10-14,4.236400604248047,4.4141515106161,4.236400604248047,4.384526594994529,10767
2016-10-17,4.3252763748168945,4.354901290999727,4.236400684509291,4.266026071571677,6133
2016-10-18,4.1178998947143555,4.414151397753085,4.05864959410661,4.295650796537593,9267
2016-10-19,4.029024124145508,4.177150108008406,3.9401486750916255,4.088274423514763,16767
2016-10-20,3.9401490688323975,4.0290245267676426,3.9401490688323975,3.969774221477479,10767
2016-10-21,4.147524833679199,4.147524833679199,3.999399316738862,3.999399316738862,15467
2016-10-24,4.058650016784668,4.740029251053596,3.9993997100064456,4.147525241512211,246700
2016-10-25,3.821647882461548,4.14752476797508,3.792022732454842,4.088274467961667,38133
2016-10-26,3.821647882461548,3.880898417914724,3.7623975824481355,3.880898417914724,250167
2016-10-27,3.999399423599243,4.532652617295203,3.8512734318215776,4.532652617295203,33433
2016-10-28,4.058650016784668,4.236400937119335,3.969774321177544,3.969774321177544,6300
2016-10-31,4.088274955749512,4.147525262832307,4.058650037647906,4.058650037647906,8500
2016-11-01,4.088274955749512,4.147525262832307,3.999399730565111,4.1179003447307005,15367
2016-11-02,3.9105236530303955,4.147524858242159,3.8512733517274547,4.058649641727516,10467
2016-11-03,3.792022943496704,3.9697740888692956,3.792022943496704,3.9401489372138263,20600
2016-11-04,3.762397527694702,3.8216478268458562,3.7327723781191247,3.762397527694702,184700
2016-11-07,3.7031474113464355,4.088274610280193,3.7031474113464355,3.7327725623844343,21900
2016-11-08,3.7031474113464355,3.8512734019762016,3.6142719582324387,3.7327725623844343,20000
2016-11-09,3.6735222339630127,3.7920228372651565,3.555021395221099,3.555021395221099,16900
2016-11-10,3.584646701812744,3.7920227529822803,3.495771015871749,3.584646701812744,22667
2016-11-11,3.614271879196167,3.732772480756812,3.5550213429760777,3.5846467288060055,27567
2016-11-14,3.7031474113464355,3.910523704052199,3.6142719582324387,3.6438971092704375,41367
2016-11-15,3.6735222339630127,3.9105236760070707,3.555021395221099,3.821647988090693,16900
2016-11-16,3.614271879196167,3.7031473303666504,3.614271879196167,3.6735221799764894,11633
2016-11-17,3.64389705657959,3.732772508408445,3.584646755360353,3.6142719059699715,36000
2016-11-18,3.64389705657959,3.7623976590180637,3.6142719059699715,3.673522207189208,15200
2016-11-21,3.821647882461548,3.821647882461548,3.643896982421311,3.703147282434723,22733
2016-11-22,3.7327725887298584,3.851273429157989,3.6438971349885905,3.8216480424711263,27667
2016-11-23,3.762397527694702,3.8216478268458562,3.6735220789679706,3.7327723781191247,8567
2016-11-25,3.7031474113464355,3.762397713422433,3.6735222603084368,3.7031474113464355,8633
2016-11-28,3.762397527694702,3.8512732118611934,3.6438969293923935,3.7327723781191247,35067
2016-11-29,3.7031474113464355,3.821648015498431,3.6735222603084368,3.762397713422433,16500
2016-11-30,3.7031474113464355,3.762397713422433,3.6438971092704375,3.6735222603084368,30000
2016-12-01,3.7327725887298584,3.792022891224037,3.67352228623568,3.703147437482769,26300
2016-12-02,3.7327725887298584,3.792022891224037,3.67352228623568,3.703147437482769,26567
2016-12-05,3.7031474113464355,3.762397713422433,3.7031474113464355,3.762397713422433,25200
2016-12-06,3.762397527694702,3.792022677270279,3.614271779816816,3.7327723781191247,31600
2016-12-07,3.7327725887298584,3.7623977399769477,3.6438971349885905,3.703147437482769,26733
2016-12-08,3.762397527694702,3.792022677270279,3.6735220789679706,3.792022677270279,25367
2016-12-09,3.7327725887298584,3.7623977399769477,3.67352228623568,3.7623977399769477,14400
2016-12-12,3.7327725887298584,3.792022891224037,3.703147437482769,3.703147437482769,21200
2016-12-13,3.7031474113464355,3.762397713422433,3.6735222603084368,3.7031474113464355,25433
2016-12-14,3.7327725887298584,3.7623977399769477,3.67352228623568,3.7327725887298584,16433
2016-12-15,3.6735222339630127,3.732772535614085,3.643897083137477,3.703147384788549,45500
2016-12-16,3.762397527694702,3.762397527694702,3.584646630241239,3.6438969293923935,177567
2016-12-19,3.9105236530303955,3.9993993404245756,3.7327725136818044,3.7920228149847452,96033
2016-12-20,3.821647882461548,3.969773867934842,3.821647882461548,3.969773867934842,39467
2016-12-21,3.6735222339630127,4.236400570527737,3.643897083137477,4.20677565514197,160567
2016-12-22,3.584646701812744,3.7920227529822803,3.5550213162059023,3.6735221523139736,58433
2016-12-23,3.792022943496704,3.880898633902888,3.58464688190842,3.58464688190842,49900
2016-12-27,3.9105236530303955,3.9697739543333364,3.7327725136818044,3.7920228149847452,64900
2016-12-28,3.9401490688323975,4.0290245267676426,3.821648222812287,3.969774221477479,65333
2016-12-29,3.9105236530303955,4.029024255636277,3.7920228149847452,3.940148803681866,88233
2016-12-30,4.088274955749512,4.26602634787748,3.762398031354348,3.999399730565111,228633
2017-01-03,3.969774007797241,4.236400602691103,3.9105237056963325,4.177150300590194,116633
2017-01-04,4.029024124145508,4.147524722884017,3.969773824776253,3.969773824776253,125000
2017-01-05,3.999399423599243,4.117900028669557,3.9697740368918915,4.088274641962205,156000
2017-01-06,3.9105236530303955,4.117899943030458,3.8808985023789253,3.9697739543333364,45133
2017-01-09,3.9401490688323975,4.0290245267676426,3.8808987635422345,3.9993996095623454,79667
2017-01-10,3.9105236530303955,3.940148803681866,3.821647965636216,3.8512733517274547,90200
2017-01-11,3.821647882461548,3.999399253381312,3.7623975824481355,3.8512732679080175,91633
2017-01-12,4.029024124145508,4.029024124145508,3.7623975415440998,3.851273226037743,164800
2017-01-13,4.029024124145508,4.029024124145508,3.9401486750916255,4.029024124145508,22900
2017-01-17,4.088274955749512,4.088274955749512,4.0290246486667165,4.0290246486667165,15500
2017-01-18,4.058650016784668,4.088274934733989,4.029024627955766,4.088274934733989,14667
2017-01-19,4.1178998947143555,4.236400495929847,4.029024208362971,4.05864959410661,25733
2017-01-20,4.177150249481201,4.266025936984909,4.0586496467292825,4.1475248633534525,20667
2017-01-23,4.1178998947143555,4.236400495929847,4.1178998947143555,4.20677558106574,17867
2017-01-24,4.443777084350586,4.56227769358884,4.147525090375388,4.206775865874079,173733
2017-01-25,4.47340202331543,4.503026937213155,4.325276041188253,4.443776638538188,66633
2017-01-26,4.503026962280273,4.503026962280273,4.384526364270679,4.503026962280273,31667
2017-01-27,4.503026962280273,4.503026962280273,4.384526364270679,4.473402048217634,54767
2017-01-30,4.503026962280273,4.503026962280273,4.35490097932852,4.503026962280273,36667
2017-01-31,4.38452672958374,4.503027337466651,4.2067758177593735,4.473402420935703,30333
2017-02-01,4.295650959014893,4.384526648727882,4.295650959014893,4.384526648727882,17200
2017-02-02,4.206775665283203,4.384526570664922,4.177150278946479,4.295650882534291,35233
2017-02-03,4.206775665283203,4.266025967077109,4.1178999771525735,4.206775665283203,37467
2017-02-06,4.147524833679199,4.236400520547029,4.147524833679199,4.206775605510775,46000
2017-02-07,4.088274955749512,4.177150651813496,4.058650037647906,4.177150651813496,16533
2017-02-08,4.088274955749512,4.147525262832307,3.999399730565111,4.088274955749512,30300
2017-02-09,4.029024124145508,4.117899808639151,3.969773824776253,4.058649509269896,58700
2017-02-10,4.029024124145508,4.088274423514763,3.969773824776253,4.058649509269896,32800
2017-02-13,4.029024124145508,4.088274423514763,3.9993992099006412,4.088274423514763,43733
2017-02-14,3.999399423599243,4.029024339427048,3.999399423599243,4.029024339427048,15500
2017-02-15,3.999399423599243,4.029024339427048,3.9697740368918915,3.999399423599243,12767
2017-02-16,3.999399423599243,4.029024339427048,3.9697740368918915,4.029024339427048,15733
2017-02-17,3.999399423599243,4.029024339427048,3.9401488856243128,3.9697740368918915,12833
2017-02-21,4.029024124145508,4.029024124145508,3.969773824776253,4.029024124145508,65467
2017-02-22,3.821647882461548,4.029024167948255,3.821647882461548,4.029024167948255,161400
2017-02-23,3.792022943496704,3.880898633902888,3.7327726401857655,3.880898633902888,171667
2017-02-24,3.7327725887298584,3.8216480424711263,3.703147437482769,3.8216480424711263,19933
2017-02-27,3.7031474113464355,3.8512734019762016,3.7031474113464355,3.762397713422433,71600
2017-02-28,3.762397527694702,3.762397527694702,3.7031472285435476,3.762397527694702,29333
2017-03-01,3.7031474113464355,3.762397713422433,3.7031474113464355,3.7327725623844343,19467
2017-03-02,3.8808984756469727,3.9697739269892027,3.703147337522746,3.703147337522746,75133
2017-03-03,3.821647882461548,4.088274467961667,3.7327724324414295,3.91052356792143,33267
2017-03-06,3.8808984756469727,3.8808984756469727,3.7920227888649762,3.7920227888649762,26800
2017-03-07,3.85127329826355,3.9697738992243896,3.7623976121031544,3.85127329826355,13000
2017-03-08,3.85127329826355,3.9401487489841798,3.792022762343364,3.9105235987439695,21200
2017-03-09,3.9401490688323975,3.969774221477479,3.851273610897153,3.8808987635422345,12133
2017-03-10,4.088274955749512,4.147525262832307,3.851273727418332,3.9697743415839217,31367
2017-03-13,3.9401490688323975,4.058649914852508,3.9401490688323975,4.058649914852508,13200
2017-03-14,3.969774007797241,4.02902430989815,3.8512734035954237,3.969774007797241,13267
2017-03-15,3.9105236530303955,4.058649641727516,3.9105236530303955,4.029024255636277,21600
2017-03-16,4.029024124145508,4.058649509269896,3.969773824776253,3.9993992099006412,14633
2017-03-17,3.9401490688323975,4.0290245267676426,3.9401490688323975,3.969774221477479,9400
2017-03-20,3.85127329826355,3.9697738992243896,3.85127329826355,3.9401487489841798,17500
2017-03-21,3.9105236530303955,3.9993993404245756,3.8512733517274547,3.9105236530303955,18500
2017-03-22,3.8808984756469727,3.940148776541793,3.851273325199563,3.851273325199563,19867
2017-03-23,3.85127329826355,3.9993992849043654,3.85127329826355,3.9105235987439695,10300
2017-03-24,3.8808984756469727,3.9697739269892027,3.851273325199563,3.940148776541793,17833
2017-03-27,3.999399423599243,4.117900028669557,3.7031474400439115,3.7031474400439115,13600
2017-03-28,3.9401490688323975,4.0290245267676426,3.4957713082766055,3.7031476122319607,24067
2017-03-29,3.9401490688323975,4.0290245267676426,3.8808987635422345,3.8808987635422345,12033
2017-03-30,4.029024124145508,4.029024124145508,3.8808983757223707,3.9993992099006412,14833
2017-03-31,4.295650959014893,4.503027254425502,3.940148906482258,4.029024360755473,80500
2017-04-03,4.295650959014893,4.384526648727882,4.236400656166082,4.236400656166082,33967
2017-04-04,4.295650959014893,4.354901261863702,4.295650959014893,4.295650959014893,35167
2017-04-05,4.266026020050049,4.295650935875096,4.206775717520408,4.295650935875096,12000
2017-04-06,4.236400604248047,4.325276292871846,4.206775688626477,4.325276292871846,21000
2017-04-07,4.206775665283203,4.325276268871015,4.206775665283203,4.325276268871015,12167
2017-04-10,4.266026020050049,4.354901238404737,4.206775717520408,4.295650935875096,29133
2017-04-11,4.266026020050049,4.295650935875096,4.206775717520408,4.206775717520408,8367
2017-04-12,4.266026020050049,4.295650935875096,4.206775717520408,4.266026020050049,5800
2017-04-13,4.266026020050049,4.266026020050049,4.147524944111221,4.266026020050049,19200
2017-04-17,4.236400604248047,4.266025990749161,4.236400604248047,4.266025990749161,2933
2017-04-18,4.236400604248047,4.266025990749161,4.117900000002678,4.206775688626477,21300
2017-04-19,4.266026020050049,4.266026020050049,4.177150330815815,4.177150330815815,12933
2017-04-20,4.266026020050049,4.266026020050049,4.206775717520408,4.266026020050049,7300
2017-04-21,4.266026020050049,4.295650935875096,4.147524944111221,4.147524944111221,21567
2017-04-24,4.236400604248047,4.2956509063707315,4.206775688626477,4.206775688626477,18400
2017-04-25,4.206775665283203,4.295650882534291,4.206775665283203,4.295650882534291,24967
2017-04-26,4.295650959014893,4.295650959014893,4.2067757401814525,4.2067757401814525,246000
2017-04-27,4.295650959014893,4.325276345879073,4.2067757401814525,4.325276345879073,4267
2017-04-28,4.266026020050049,4.295650935875096,4.206775717520408,4.266026020050049,66567
2017-05-01,4.236400604248047,4.325276292871846,4.206775688626477,4.2956509063707315,48633
2017-05-02,4.651153087615967,4.651153087615967,4.206775596036671,4.266025896855275,230633
2017-05-03,4.7400288581848145,4.799279160052182,4.56227748170317,4.56227748170317,61700
2017-05-04,4.651153087615967,4.799279075102243,4.5919027867973625,4.651153087615967,57233
2017-05-05,4.7400288581848145,4.7400288581848145,4.503027179835803,4.621527783570538,48533
2017-05-08,4.828903675079346,4.888153972033015,4.6807776972554205,4.710403081172006,101733
2017-05-09,4.977029800415039,4.977029800415039,4.769653519491119,4.858529202995519,47533
2017-05-10,4.977029800415039,5.065905483919439,4.88815411691064,4.977029800415039,43433
2017-05-11,4.917779922485352,5.0955308338235366,4.917779922485352,4.977030226264747,35833
2017-05-12,4.858529567718506,4.9770301740337,4.858529567718506,4.9770301740337,38567
2017-05-15,4.88815450668335,4.977030197274537,4.799279286971716,4.799279286971716,18833
2017-05-16,4.769653797149658,4.858529485827828,4.740028881509964,4.7992791836688955,21933
2017-05-17,4.7104034423828125,4.858529431565575,4.7104034423828125,4.828904045377207,11000
2017-05-18,4.7400288581848145,4.828904075546094,4.680778085437905,4.7400288581848145,15033
2017-05-19,4.769653797149658,4.858529485827828,4.6215278063125576,4.710403494990727,15900
2017-05-22,4.769653797149658,4.828904099308589,4.680778108471489,4.769653797149658,5933
2017-05-23,4.651153087615967,4.7696536892531745,4.651153087615967,4.71040338843457,8000
2017-05-24,4.651153087615967,4.71040338843457,4.621527701766898,4.621527701766898,5900
2017-05-25,4.651153087615967,4.740028774283639,4.5919027867973625,4.621527701766898,8433
2017-05-26,4.591902732849121,4.680777947593104,4.591902732849121,4.680777947593104,5100
2017-05-30,4.591902732849121,4.710403333094117,4.5030270472256095,4.5030270472256095,10667
2017-05-31,4.591902732849121,4.74002871859513,4.532652432726623,4.74002871859513,8267
2017-06-01,4.651153087615967,4.680778002585502,4.503027100129691,4.532652485978759,7600
2017-06-02,4.621527671813965,4.74002874356268,4.591902757036434,4.74002874356268,13300
2017-06-05,4.6807780265808105,4.828904014826432,4.621527725458469,4.740028798582688,8367
2017-06-06,4.621527671813965,4.74002874356268,4.591902757036434,4.74002874356268,5867
2017-06-07,4.651153087615967,4.71040338843457,4.532652485978759,4.5919027867973625,14667
2017-06-08,4.621527671813965,4.74002874356268,4.532652456601842,4.680777972248557,17167
2017-06-09,4.562277793884277,4.621528099805941,4.532652876363232,4.532652876363232,10800
2017-06-12,4.591902732849121,4.651153032971619,4.532652432726623,4.591902732849121,18433
2017-06-13,4.591902732849121,4.6215276474706055,4.5622773473481075,4.591902732849121,22500
2017-06-14,4.562277793884277,4.591903182284896,4.532652876363232,4.562277793884277,7600
2017-06-15,4.35490083694458,4.5919024960944945,4.325275923850531,4.5919024960944945,19233
2017-06-16,4.38452672958374,4.532652724877159,4.295651038231778,4.325276425642285,15167
2017-06-19,4.443777084350586,4.443777084350586,4.354901391982114,4.443777084350586,6867
2017-06-20,4.414151668548584,4.473402443670726,4.414151668548584,4.443777056109655,5067
2017-06-21,4.414151668548584,4.473402443670726,4.414151668548584,4.443777056109655,15533
2017-06-22,4.443777084350586,4.651153385957312,4.414151696601241,4.473402472099932,25967
2017-06-23,4.591902732849121,4.591902732849121,4.384526446980614,4.591902732849121,19300
2017-06-26,4.651153087615967,4.680778002585502,4.414151413462018,4.680778002585502,15967
2017-06-27,4.651153087615967,4.651153087615967,4.532652485978759,4.651153087615967,31133
2017-06-28,4.591902732849121,4.651153032971619,4.532652432726623,4.651153032971619,37867
2017-06-29,4.651153087615967,4.651153087615967,4.532652485978759,4.5919027867973625,11100
2017-06-30,4.79927921295166,4.79927921295166,4.562277531990326,4.591902918690323,66900
2017-07-03,4.828903675079346,4.858529058995932,4.6807776972554205,4.858529058995932,11800
2017-07-05,4.79927921295166,4.858529515472107,4.710403523731216,4.82890412877211,26567
2017-07-06,4.7400288581848145,4.828904075546094,4.710403471811359,4.828904075546094,23700
2017-07-07,4.7400288581848145,4.769653773678727,4.621527783570538,4.710403471811359,33133
2017-07-10,4.7400288581848145,4.828904075546094,4.4437768779684355,4.710403471811359,45067
2017-07-11,4.7400288581848145,4.769653773678727,4.56227748170317,4.56227748170317,36600
2017-07-12,4.651153087615967,4.740028774283639,4.621527701766898,4.740028774283639,20467
2017-07-13,4.79927921295166,4.82890412877211,4.65115322121077,4.680778137031219,61167
2017-07-14,4.769653797149658,4.828904099308589,4.740028881509964,4.7992791836688955,25300
2017-07-17,4.7400288581848145,4.799279160052182,4.710403471811359,4.769653773678727,10833
2017-07-18,4.79927921295166,4.79927921295166,4.710403523731216,4.7696538262516635,28533
2017-07-19,4.769653797149658,4.828904099308589,4.710403494990727,4.740028881509964,20467
2017-07-20,4.769653797149658,4.7992791836688955,4.651153192831795,4.710403494990727,35467
2017-07-21,4.651153087615967,4.799279075102243,4.651153087615967,4.680778002585502,18967
2017-07-24,4.6807780265808105,4.769653713704091,4.621527725458469,4.769653713704091,9733
2017-07-25,4.651153087615967,4.740028774283639,4.621527701766898,4.651153087615967,6733
2017-07-26,4.651153087615967,4.7696536892531745,4.621527701766898,4.621527701766898,13933
2017-07-27,4.7400288581848145,4.769653773678727,4.680778085437905,4.7400288581848145,4133
2017-07-28,4.6807780265808105,4.740028798582688,4.651153111459408,4.651153111459408,8267
2017-07-31,4.7400288581848145,4.7400288581848145,4.651153169943992,4.651153169943992,6900
2017-08-01,4.7400288581848145,4.799279160052182,4.651153169943992,4.7400288581848145,14833
2017-08-02,4.88815450668335,4.977030197274537,4.621527905789341,4.740028983537442,85333
2017-08-03,4.9474053382873535,5.095530863148531,4.8881545632874115,4.977030254907765,41200
2017-08-04,5.006655216217041,5.095530429392348,4.94740491714033,5.0659055152937515,23800
2017-08-07,4.858529567718506,4.9770301740337,4.799279264560909,4.9770301740337,11467
2017-08-08,4.828903675079346,4.858529058995932,4.6807776972554205,4.828903675079346,22800
2017-08-09,4.79927921295166,4.82890412877211,4.621527834510773,4.7696538262516635,14067
2017-08-10,4.651153087615967,4.740028774283639,4.621527701766898,4.680778002585502,8200
2017-08-11,4.47340202331543,4.621527534563089,4.325276041188253,4.591902620665365,44967
2017-08-14,4.6807780265808105,4.828904014826432,4.503027123213785,4.503027123213785,16167
2017-08-15,4.621527671813965,4.769653658340211,4.591902757036434,4.680777972248557,16900
2017-08-16,4.769653797149658,4.7992791836688955,4.591902890672864,4.591902890672864,32000
2017-08-17,4.7400288581848145,4.799279160052182,4.621527783570538,4.769653773678727,11033
2017-08-18,4.7400288581848145,4.769653773678727,4.47340226434189,4.503027179835803,19367
2017-08-21,4.6807780265808105,4.740028798582688,4.621527725458469,4.6807780265808105,12633
2017-08-22,4.6807780265808105,4.7104034125817495,4.532652509214724,4.651153111459408,8533
2017-08-23,4.7104034423828125,4.76965374388001,4.680778056194444,4.680778056194444,18633
2017-08-24,4.7400288581848145,4.8881543774134615,4.651153169943992,4.710403471811359,17833
2017-08-25,4.79927921295166,4.858529515472107,4.740028910431214,4.79927921295166,31567
2017-08-28,4.79927921295166,4.8881544312925564,4.740028910431214,4.740028910431214,11500
2017-08-29,4.769653797149658,4.858529485827828,4.740028881509964,4.7992791836688955,4300
2017-08-30,4.828903675079346,4.828903675079346,4.710403081172006,4.7696533781256765,10767
2017-08-31,4.88815450668335,4.88815450668335,4.740028983537442,4.828904203249076,15933
2017-09-01,4.858529567718506,4.858529567718506,4.769653877542334,4.799279264560909,12300
2017-09-05,4.858529567718506,4.888154483857528,4.740028961403311,4.858529567718506,19967
2017-09-06,4.828903675079346,4.888153972033015,4.7696533781256765,4.828903675079346,23733
2017-09-07,4.828903675079346,4.947404739866188,4.799278762042262,4.799278762042262,38933
2017-09-08,4.79927921295166,4.858529515472107,4.740028910431214,4.79927921295166,10333
2017-09-11,4.88815450668335,4.947405280997177,4.799279286971716,4.799279286971716,29367
2017-09-12,4.9474053382873535,4.977030254907765,4.8881545632874115,4.977030254907765,64767
2017-09-13,4.917779922485352,4.977030226264747,4.858529618705957,4.947405309814827,4233
2017-09-14,4.9474053382873535,4.9474053382873535,4.8881545632874115,4.8881545632874115,3633
2017-09-15,4.917779922485352,4.977030226264747,4.888154535155875,4.947405309814827,6733
2017-09-18,4.858529567718506,4.917779870876103,4.799279264560909,4.917779870876103,10400
2017-09-19,4.858529567718506,4.858529567718506,4.799279264560909,4.799279264560909,5333
2017-09-20,5.006655216217041,5.006655216217041,4.858529233085504,4.858529233085504,6933
2017-09-21,4.977029800415039,5.0362800991248,4.947404886499918,5.006655185209678,9133
2017-09-22,4.977029800415039,5.006655185209678,4.9177795017052786,5.006655185209678,10233
2017-09-25,5.036280632019043,5.065906019948375,4.9770303270399445,4.9770303270399445,18800
2017-09-26,4.977029800415039,5.09553039783456,4.977029800415039,5.065905483919439,16000
2017-09-27,5.154780864715576,5.154780864715576,4.888154276383383,5.036280263430053,15733
2017-09-28,5.125155925750732,5.184406226115075,4.947405024657703,5.154780840493139,40067
2017-09-29,5.154780864715576,5.184406250476723,5.036280263430053,5.095530564072814,24233
2017-10-02,5.125155925750732,5.184406226115075,4.917779639035767,5.06590562538639,15000
2017-10-03,5.125155925750732,5.154780840493139,4.9770299394001105,5.154780840493139,9433
2017-10-04,5.154780864715576,5.154780864715576,5.0659056491912,5.154780864715576,7067
2017-10-05,5.273282051086426,5.332532353012398,5.125156060831726,5.154780976354941,86100
2017-10-06,5.184406757354736,5.332532758883644,5.184406757354736,5.302907370226031,27433
2017-10-09,5.421407699584961,5.421407699584961,5.214031873344696,5.273282176681851,39533
2017-10-10,5.5399088859558105,5.5399088859558105,5.391782889263601,5.391782889263601,65500
2017-10-11,6.606415271759033,6.606415271759033,5.59915915912059,5.776910071628706,187300
2017-10-12,6.102786540985107,7.258168566372277,5.954661026657132,6.7841656962359895,294233
2017-10-13,5.9250359535217285,6.250912855624696,5.776909960507775,6.132412249565354,71400
2017-10-16,5.9250359535217285,6.162037165640413,5.362157368420526,5.776909960507775,54467
2017-10-17,5.688034534454346,6.162036941446008,5.628783762700855,5.984286038824134,24633
2017-10-18,5.569533348083496,5.8361599320109105,5.539908433691297,5.776909632346988,18833
2017-10-19,5.836160182952881,5.9250358717099845,5.480658369683554,5.480658369683554,34333
2017-10-20,6.162037372589111,6.162037372589111,5.7769101545221835,5.895410764561305,59400
2017-10-23,5.895410537719727,6.339788514587159,5.776909932240231,6.221287909107663,29200
2017-10-24,5.776909828186035,5.9842861194796475,5.717659526513509,5.925035817807121,9033
2017-10-25,5.599158763885498,5.895410263820468,5.599158763885498,5.628783678439231,14400
2017-10-26,5.569533348083496,5.925035616946556,5.5102830484195735,5.688034418290866,12933
2017-10-27,5.451032638549805,5.569533235481873,5.421407253877031,5.539908321688613,196533
2017-10-30,5.421407699584961,5.451033086693315,5.3917827833561605,5.451033086693315,32800
2017-10-31,5.599158763885498,5.77690966384648,5.391782478491256,5.421407393044989,37033
2017-11-01,5.569533348083496,5.688034418290866,5.569533348083496,5.688034418290866,30700
2017-11-02,6.013911724090576,6.1324123317377905,5.5695337390941875,5.688034817620959,65733
2017-11-03,6.073161602020264,6.132411901688812,6.0139113023517154,6.102786516414776,19500
2017-11-06,6.102786540985107,6.102786540985107,5.984285941170917,6.073161626471323,35400
2017-11-07,5.9250359535217285,6.102786862610742,5.895410566567118,6.0731619465356825,64167
2017-11-08,5.836160182952881,6.043536476133093,5.717659578529772,6.013911560467089,26967
2017-11-09,5.9250359535217285,5.9250359535217285,5.717659657478104,5.9250359535217285,28633
2017-11-10,6.04353666305542,6.162037271143669,5.77691005941708,6.013911746473137,23400
2017-11-13,6.073161602020264,6.162036816083324,6.0139113023517154,6.073161602020264,69100
2017-11-14,6.102786540985107,6.310162826099703,6.043536241078012,6.132411926378418,77667
2017-11-15,6.013911724090576,6.191662635561397,5.925036032915387,6.191662635561397,41900
2017-11-16,6.073161602020264,6.073161602020264,5.9842859170776785,6.0139113023517154,16200
2017-11-17,6.013911724090576,6.102786944386208,5.984286336738994,5.984286336738994,16400
2017-11-20,6.102786540985107,6.310162826099703,5.984285941170917,5.984285941170917,54467
2017-11-21,6.221287727355957,6.339788329373519,6.0435363534500794,6.073161739394237,56600
2017-11-22,6.132412433624268,6.280538431084092,6.102787045780477,6.280538431084092,8700
2017-11-24,6.102786540985107,6.221287611678823,6.073161626471323,6.073161626471323,13033
2017-11-27,6.013911724090576,6.191662635561397,6.013911724090576,6.102786944386208,23867
2017-11-28,6.013911724090576,6.013911724090576,5.895410645563805,5.984286336738994,35933
2017-11-29,6.04353666305542,6.073162050517261,5.984286359011295,6.013911746473137,35167
2017-11-30,6.04353666305542,6.132412354561387,5.954661442429012,6.073162050517261,93933
2017-12-01,5.984286308288574,6.073161999041232,5.688034790578975,6.043536611830494,66633
2017-12-04,6.04353666305542,6.073162050517261,5.925036054967171,6.073162050517261,21533
2017-12-05,5.9250359535217285,6.013911643506011,5.865785650492057,5.9842862565514,36467
2017-12-06,5.9250359535217285,6.0731619465356825,5.895410566567118,5.9250359535217285,17067
2017-12-07,5.9250359535217285,5.9842862565514,5.806535347462386,5.9842862565514,96900
2017-12-08,5.865785598754883,5.954661287955267,5.865785598754883,5.925035901261957,28467
2017-12-11,5.9250359535217285,5.9842862565514,5.865785650492057,5.865785650492057,47500
2017-12-12,5.806535243988037,5.925035847935661,5.806535243988037,5.895410461508983,16433
2017-12-13,5.865785598754883,5.925035901261957,5.806535296247809,5.925035901261957,15333
2017-12-14,5.895410537719727,5.954661311339024,5.806535319049879,5.954661311339024,11600
2017-12-15,5.865785598754883,5.925035901261957,5.836160212061572,5.895410514568646,18433
2017-12-18,6.013911724090576,6.013911724090576,5.895410645563805,5.925036032915387,33600
2017-12-19,6.013911724090576,6.073162027914183,5.984286336738994,6.043536640562601,28867
2017-12-20,5.984286308288574,6.073161999041232,5.984286308288574,6.073161999041232,15633
2017-12-21,5.984286308288574,6.043536611830494,5.984286308288574,5.984286308288574,16167
2017-12-22,6.04353666305542,6.04353666305542,5.984286359011295,5.984286359011295,12800
2017-12-26,6.013911724090576,6.043536640562601,5.984286336738994,6.043536640562601,22633
2017-12-27,6.013911724090576,6.013911724090576,5.984286336738994,5.984286336738994,22333
2017-12-28,5.984286308288574,6.043536611830494,5.984286308288574,5.984286308288574,29433
2017-12-29,5.836160182952881,6.043536476133093,5.836160182952881,6.013911560467089,52967
2018-01-02,6.04353666305542,6.073162050517261,5.925036054967171,5.925036054967171,26600
2018-01-03,6.073161602020264,6.073161602020264,5.9842859170776785,6.073161602020264,35700
2018-01-04,6.04353666305542,6.073162050517261,5.984286359011295,5.984286359011295,20900
2018-01-05,6.013911724090576,6.073162027914183,5.984286336738994,6.073162027914183,27867
2018-01-08,6.04353666305542,6.073162050517261,6.013911746473137,6.073162050517261,21767
2018-01-09,6.487914562225342,6.63604008489861,6.013911665384044,6.043536581566877,329267
2018-01-10,6.073161602020264,6.487914170579627,5.92503561740913,6.487914170579627,95700
2018-01-11,6.250912666320801,6.280538052378231,6.043536376557402,6.0731617626148315,28133
2018-01-12,6.221287727355957,6.339788329373519,6.221287727355957,6.280538028364738,20733
2018-01-16,6.339788436889648,6.339788436889648,6.2805381348760445,6.310163050443075,19867
2018-01-17,6.280538082122803,6.3397883836387345,6.280538082122803,6.3397883836387345,22000
2018-01-18,6.339788436889648,6.369413352456679,6.2805381348760445,6.339788436889648,71733
2018-01-19,6.280538082122803,6.3397883836387345,6.1027867066954675,6.3397883836387345,38033
2018-01-22,6.162037372589111,6.3397887585273605,6.073162150499554,6.280538453507799,45733
2018-01-23,6.073161602020264,6.162036816083324,6.043536216746227,6.162036816083324,27667
2018-01-24,6.04353666305542,6.1027869670995445,6.013911746473137,6.04353666305542,62600
2018-01-25,6.04353666305542,6.04353666305542,6.013911746473137,6.04353666305542,8567
2018-01-26,6.013911724090576,6.043536640562601,5.954661420266969,6.043536640562601,18633
2018-01-29,5.954660892486572,6.013911191058638,5.925035507760781,5.9842858063328475,104767
2018-01-30,5.836160182952881,5.954661258255534,5.7472849650753215,5.86578556949843,78300
2018-01-31,5.895410537719727,5.925035924529375,5.806535319049879,5.806535319049879,41767
2018-02-01,5.569533348083496,5.895410231674833,5.421407363483928,5.895410231674833,50000
2018-02-02,5.5399088859558105,5.658409494957754,5.510283498265543,5.569533802766514,31867
2018-02-05,5.3029069900512695,5.569533585336542,5.3029069900512695,5.451032980960764,33167
2018-02-06,5.391782760620117,5.451033063707426,5.184406464374763,5.273282154445501,80567
2018-02-07,5.391782760620117,5.5102833667947335,5.332532457532809,5.391782760620117,28600
2018-02-08,5.184406757354736,5.332532758883644,5.184406757354736,5.332532758883644,47833
2018-02-09,5.125155925750732,5.332532212465698,5.125155925750732,5.184406226115075,68700
2018-02-12,5.065906047821045,5.214032046523565,5.036280659728713,5.184406658431233,27233
2018-02-13,5.3325324058532715,5.421407624183136,4.977030119895174,5.065905809104585,68600
2018-02-14,5.391782760620117,5.421407676723995,5.302907070549379,5.362157373636688,5867
2018-02-15,5.3325324058532715,5.391782708366363,5.24365671664386,5.391782708366363,7433
2018-02-16,5.273282051086426,5.332532353012398,5.214031749160454,5.332532353012398,7500
2018-02-20,5.5399088859558105,5.569533802766514,5.391782889263601,5.391782889263601,19333
2018-02-21,5.569533348083496,5.599158733355219,5.5102830484195735,5.5102830484195735,4300
2018-02-22,5.628783702850342,5.628783702850342,5.59915878816813,5.59915878816813,6633
2018-02-23,5.688034534454346,5.747284835328304,5.539908546829685,5.5991588477036425,26967
2018-02-26,5.628783702850342,5.717659388656036,5.539908487924177,5.717659388656036,22200
2018-02-27,5.658409595489502,5.925036205920753,5.510283596165569,5.717659901043161,45900
2018-02-28,5.510283470153809,5.747285157828149,5.391782861756418,5.747285157828149,31133
2018-03-01,5.451032638549805,5.6287835339479075,5.391782340083771,5.510282937015839,10800
2018-03-02,5.599158763885498,5.628783678439231,5.4510327784782495,5.4510327784782495,16867
2018-03-05,5.688034534454346,5.776909750325515,5.421407474202235,5.5991588477036425,17267
2018-03-06,5.688034534454346,5.776909750325515,5.451032860078981,5.747284835328304,19033
2018-03-07,5.806535243988037,5.806535243988037,5.6880346400404145,5.717659555587549,16333
2018-03-08,6.04353666305542,6.073162050517261,5.77691005941708,5.806535446878922,27300
2018-03-09,5.776909828186035,6.073161807428208,5.776909828186035,6.043536421152174,20100
2018-03-12,5.806535243988037,5.895410461508983,5.6880346400404145,5.806535243988037,27867
2018-03-13,5.7176594734191895,5.895410376786169,5.628783786295931,5.806535160542447,19600
2018-03-14,5.747284889221191,5.836160105925753,5.599158900207537,5.7176595030666455,24700
2018-03-15,5.7176594734191895,5.895410376786169,5.569533485173604,5.688034558297794,16133
2018-03-16,5.776909828186035,5.806535214462069,5.688034611117016,5.688034611117016,8500
2018-03-19,5.688034534454346,5.747284835328304,5.6584091485776,5.717659449451558,8633
2018-03-20,5.776909828186035,5.776909828186035,5.628783838564949,5.688034611117016,7467
2018-03-21,5.747284889221191,5.776909804496199,5.539908598777983,5.776909804496199,6600
2018-03-22,5.688034534454346,5.776909750325515,5.6584091485776,5.747284835328304,6867
2018-03-23,5.628783702850342,5.7769096888999885,5.539908487924177,5.747284774217777,13267
2018-03-26,5.7176594734191895,5.776909774541516,5.658409172296863,5.776909774541516,5700
2018-03-27,5.421407699584961,5.747285074258642,5.421407699584961,5.747285074258642,27967
2018-03-28,5.5399088859558105,5.599159190456782,5.451033193764571,5.451033193764571,7667
2018-03-29,5.510283470153809,5.599159161891631,5.510283470153809,5.599159161891631,2500
2018-04-02,5.5399088859558105,5.569533802766514,5.480658581454839,5.510283498265543,11533
2018-04-03,5.5399088859558105,5.5399088859558105,5.4214078060743045,5.5399088859558105,21900
2018-04-04,5.451032638549805,5.539908321688613,5.421407253877031,5.421407253877031,9200
2018-04-05,5.510283470153809,5.510283470153809,5.4510331659551134,5.480658553494241,8000
2018-04-06,5.480658054351807,5.539908353154373,5.391782370708199,5.510282968313331,4033
2018-04-09,5.391782760620117,5.480658450690855,5.302907070549379,5.421407676723995,26400
2018-04-10,5.3325324058532715,5.391782708366363,5.184406414130769,5.362157321670043,224167
2018-04-11,5.3029069900512695,5.4214075944270474,5.214031772209208,5.24365668786338,22100
2018-04-12,5.569533348083496,5.599158733355219,5.3029067641560825,5.3029067641560825,36200
2018-04-13,5.688034534454346,5.747284835328304,5.539908546829685,5.539908546829685,16400
2018-04-16,5.7176594734191895,5.776909774541516,5.7176594734191895,5.7472848594201205,4733
2018-04-17,5.747284889221191,5.776909804496199,5.688034587791638,5.7176595030666455,5800
2018-04-18,5.776909828186035,5.776909828186035,5.747284912789542,5.776909828186035,7167
2018-04-19,5.628783702850342,5.7769096888999885,5.59915878816813,5.7769096888999885,2567
2018-04-20,5.658409595489502,5.747285289259776,5.569533901719228,5.599159289935843,3500
2018-04-23,5.510283470153809,5.628784078551199,5.480658553494241,5.599159161891631,20467
2018-04-24,5.451032638549805,5.6287835339479075,5.421407253877031,5.4806580232225794,8867
2018-04-25,5.421407699584961,5.5102833900304695,5.332532480019006,5.421407699584961,13733
2018-04-26,5.421407699584961,5.5102833900304695,5.421407699584961,5.480658473801669,3867
2018-04-27,5.628783702850342,5.628783702850342,5.510283102362436,5.510283102362436,5967
2018-04-30,5.480658054351807,5.628783565918463,5.421407284669723,5.539908353154373,8633
2018-05-01,5.628783702850342,5.628783702850342,5.510283102362436,5.539908487924177,6900
2018-05-02,5.836160182952881,5.836160182952881,5.5102832853495585,5.599158974106663,21033
2018-05-03,5.628783702850342,6.013911360755329,5.628783702850342,5.836159989143941,38133
2018-05-04,6.04353666305542,6.250912962649636,5.806535446878922,5.806535446878922,38600
2018-05-07,6.399038791656494,6.5767896991626715,5.806535295756356,6.013911589953336,57433
2018-05-08,6.487914562225342,6.5767897816533925,5.984286278321659,6.458289175162956,31133
2018-05-09,6.3101630210876465,6.487914397181085,6.162037031302961,6.487914397181085,10500
2018-05-10,6.487914562225342,7.25816897529273,6.369413484855353,6.399038871917738,162733
2018-05-11,6.547164440155029,7.080417605600464,6.487914140758817,7.080417605600464,34567
2018-05-14,6.339788436889648,6.547164729377032,6.339788436889648,6.517539342930459,51033
2018-05-15,6.399038791656494,6.5767896991626715,6.3101631024636315,6.3101631024636315,18967
2018-05-16,6.487914562225342,6.5767897816533925,6.428664258980124,6.428664258980124,28933
2018-05-17,6.45828914642334,6.517539449404892,6.3990388434417875,6.487914533353891,13600
2018-05-18,6.784165859222412,6.813791245327459,6.4286640512390765,6.4286640512390765,16933
2018-05-21,6.606415271759033,6.813791571791615,6.487914663420289,6.813791571791615,45367
2018-05-22,6.606415271759033,6.754541267622243,6.576789884234567,6.636040188403939,45133
2018-05-23,6.5175395011901855,6.576789804642512,6.487914584903799,6.576789804642512,10500
2018-05-24,6.487914562225342,6.6064151687157775,6.458289175162956,6.458289175162956,8000
2018-05-25,6.428663730621338,6.487914028996895,6.3990383459938025,6.487914028996895,20600
2018-05-29,6.487914562225342,6.54716486547056,6.310163181610134,6.310163181610134,19900
2018-05-30,6.45828914642334,6.547164836335443,6.45828914642334,6.45828914642334,49133
2018-05-31,6.428663730621338,6.517538942744916,6.369412961366267,6.487914028996895,21867
2018-06-01,6.5175395011901855,6.547164888356126,6.458289197737859,6.547164888356126,10067
2018-06-04,6.5175395011901855,6.606415191808454,6.487914584903799,6.5175395011901855,22000
2018-06-05,6.487914562225342,6.665665471960996,6.458289175162956,6.517539478408175,27700
2018-06-06,6.399038791656494,6.5767896991626715,6.399038791656494,6.517539396660612,39033
2018-06-07,6.665665149688721,6.665665149688721,6.428663948166408,6.458288862916931,17167
2018-06-08,6.813791275024414,6.902666491967829,6.399038693023344,6.606414984023878,51700
2018-06-11,6.724915504455566,6.873041492044713,6.695290589465457,6.813791191184961,35567
2018-06-12,6.724915504455566,6.932291792904465,6.695290589465457,6.754540890325209,81933
2018-06-13,6.784165859222412,6.843416160552968,6.695290642666347,6.695290642666347,12833
2018-06-14,6.87304162979126,6.932291931838481,6.813791327744038,6.932291931838481,23300
2018-06-15,6.754540920257568,6.843416136501275,6.695290619135252,6.843416136501275,37700
2018-06-18,6.665665149688721,6.754540835699354,6.665665149688721,6.754540835699354,27100
2018-06-19,6.606415271759033,6.695290963452871,6.547164967589661,6.695290963452871,11567
2018-06-20,6.695290565490723,6.72491548037475,6.576789493316017,6.6656651797271635,9800
2018-06-21,6.665665149688721,6.784165750449878,6.636039764058666,6.665665149688721,6000
2018-06-22,6.813791275024414,6.813791275024414,6.665665285612669,6.665665285612669,6533
2018-06-25,6.9322919845581055,6.961917371246787,6.724915690375976,6.784165992873792,31067
2018-06-26,6.991542339324951,6.991542339324951,6.873041733443405,6.96191742329434,13167
2018-06-27,6.813791275024414,6.991542179790784,6.813791275024414,6.991542179790784,25800
2018-06-28,6.87304162979126,6.87304162979126,6.724915639233435,6.813791327744038,8800
2018-06-29,6.843416213989258,6.8730416003256325,6.754540996739217,6.8730416003256325,14300
2018-07-02,6.784165859222412,6.873041546658015,6.5767895691256975,6.813791245327459,22333
2018-07-03,6.695290565490723,6.873041467433482,6.6656651797271635,6.8137911667858955,24933
2018-07-05,6.784165859222412,6.961917234093618,6.695290642666347,6.695290642666347,38800
2018-07-06,6.576789379119873,6.784165663225412,6.547164464750239,6.665665063987825,47200
2018-07-09,6.399038791656494,6.724915690857593,6.339788489154435,6.606415085853474,49233
2018-07-10,6.576789379119873,6.754540748855777,6.428663865512652,6.428663865512652,12533
2018-07-11,6.428663730621338,6.606414625748008,6.428663730621338,6.517538942744916,10533
2018-07-12,6.369413375854492,6.5471647534278095,6.369413375854492,6.458289064641151,10733
2018-07-13,6.399038791656494,6.458289094158553,6.339788489154435,6.339788489154435,5467
2018-07-16,6.428663730621338,6.428663730621338,6.369412961366267,6.3990383459938025,10700
2018-07-17,6.45828914642334,6.517539449404892,6.339788540460235,6.487914533353891,39600
2018-07-18,6.547164440155029,6.576789354413375,6.399038456224737,6.428663841362605,3300
2018-07-19,6.428663730621338,6.636039539496029,6.3990383459938025,6.636039539496029,9133
2018-07-20,6.547164440155029,6.547164440155029,6.339788156828525,6.517539055017162,12867
2018-07-23,6.576789379119873,6.665665063987825,6.458288779882286,6.576789379119873,15367
2018-07-24,6.547164440155029,6.6952904240853215,6.458288755620949,6.636039653809587,17467
2018-07-25,6.665665149688721,6.665665149688721,6.458288862916931,6.547164548927564,6700
2018-07-26,6.487914562225342,6.695290859023381,6.458289175162956,6.695290859023381,15600
2018-07-27,6.5175395011901855,6.576789804642512,6.487914584903799,6.487914584903799,5933
2018-07-30,6.5175395011901855,6.606415191808454,6.5175395011901855,6.576789804642512,11200
2018-07-31,6.606415271759033,6.636040188403939,6.517539580065195,6.517539580065195,5467
2018-08-01,6.576789379119873,6.665665063987825,6.576789379119873,6.606414764369032,5700
2018-08-02,6.813791275024414,7.021167566024949,6.695290671846833,6.813791275024414,38800
2018-08-03,6.784165859222412,6.961917234093618,6.606414955230744,6.873041546658015,15533
2018-08-06,6.991542339324951,7.0804180291758865,6.60641513477015,6.724915740651697,65900
2018-08-07,7.258169174194336,7.406295171806376,6.96191764984982,6.96191764984982,64500
2018-08-08,7.28779411315918,7.406294715597653,7.139668124671319,7.258168727109793,40733
2018-08-09,7.110043048858643,7.287794431151821,6.902666750102973,7.287794431151821,22467
2018-08-10,7.021167755126953,7.110042974464056,6.961917451942367,7.110042974464056,17100
2018-08-13,7.050792217254639,7.080417602379027,6.902666233391741,7.080417602379027,8733
2018-08-14,7.080418109893799,7.258169020742508,6.991542419029666,7.080418109893799,8567
2018-08-15,6.87304162979126,7.110042837980144,6.724915639233435,7.021167620349084,21267
2018-08-16,7.169293403625488,7.258168618686953,6.991542031743498,7.080417717684493,12467
2018-08-17,6.843416213989258,7.16929358017121,6.843416213989258,7.139668193834836,11500
2018-08-20,6.961917400360107,6.961917400360107,6.8434163239893815,6.8434163239893815,12933
2018-08-21,6.87304162979126,7.110042837980144,6.87304162979126,6.961917318301863,5933
2018-08-22,6.87304162979126,6.961917318301863,6.843416243327877,6.843416243327877,7133
2018-08-23,6.843416213989258,6.8730416003256325,6.813791298532425,6.8730416003256325,4733
2018-08-24,7.050792217254639,7.050792217254639,6.843415934022485,6.873041319146874,5567
2018-08-27,6.843416213989258,7.050792505705254,6.69529069494601,6.932291902118839,19433
2018-08-28,6.813791275024414,6.873041576613204,6.784165888790249,6.873041576613204,2500
2018-08-29,6.754540920257568,6.813791221379884,6.724915534256643,6.784165835378959,9800
2018-08-30,6.724915504455566,6.784165805315318,6.695290589465457,6.754540890325209,9200
2018-08-31,6.606415271759033,6.724915880097777,6.428664359250917,6.517539580065195,19700
2018-09-04,6.724915504455566,6.724915504455566,6.6360398177261715,6.6360398177261715,3867
2018-09-05,6.665665149688721,6.724915450069299,6.576789463678089,6.724915450069299,8700
2018-09-06,6.428663730621338,6.665664924123565,6.3990383459938025,6.665664924123565,15700
2018-09-07,6.428663730621338,6.458288644369359,6.3990383459938025,6.458288644369359,10233
2018-09-10,6.280538082122803,6.458288986670599,6.280538082122803,6.458288986670599,17133
2018-09-11,6.428663730621338,6.487914028996895,6.339788047618246,6.339788047618246,10067
2018-09-12,6.45828914642334,6.517539449404892,6.369413456511236,6.4286642303723385,23033
2018-09-13,6.636040210723877,6.636040210723877,6.517539601986563,6.517539601986563,16967
2018-09-14,6.695290565490723,6.72491548037475,6.6656651797271635,6.72491548037475,1933
2018-09-17,6.665665149688721,6.754540835699354,6.3101628765257205,6.724915450069299,31233
2018-09-18,6.5175395011901855,6.665665495260781,6.339788590833204,6.665665495260781,7967
2018-09-19,6.487914562225342,6.54716486547056,6.33978856867252,6.517539478408175,21933
2018-09-20,6.369413375854492,6.517539366872408,6.369413375854492,6.487914451196552,5600
2018-09-21,6.369413375854492,6.487914451196552,6.369413375854492,6.399038762409893,2967
2018-09-24,6.547164440155029,6.754540723481534,6.458288755620949,6.665665038947454,27900
2018-09-25,6.487914562225342,6.54716486547056,6.399038871917738,6.54716486547056,4000
2018-09-26,6.5175395011901855,6.5175395011901855,6.487914584903799,6.5175395011901855,2867
2018-09-27,6.606415271759033,6.606415271759033,6.399038971726451,6.487914663420289,1000
2018-09-28,6.428663730621338,6.606414625748008,6.3990383459938025,6.606414625748008,6867
2018-10-01,6.428663730621338,6.517538942744916,6.3990383459938025,6.3990383459938025,5200
2018-10-02,6.724915504455566,6.724915504455566,6.487914301016557,6.487914301016557,49567
2018-10-03,6.576789379119873,6.665665063987825,6.547164464750239,6.665665063987825,2600
2018-10-04,6.695290565490723,6.754540866138309,6.54716457843199,6.6656651797271635,407600
2018-10-05,6.784165859222412,7.050792450649682,6.5767895691256975,6.813791245327459,26333
2018-10-08,6.339788436889648,6.813791323878021,6.2805381348760445,6.813791323878021,22667
2018-10-09,6.636040210723877,6.636040210723877,6.250912996887826,6.339788688880592,5300
2018-10-10,6.5175395011901855,6.902666709070089,6.310163203667264,6.784166102165434,13233
2018-10-11,6.369413375854492,6.517539366872408,6.250912771391977,6.517539366872408,13000
2018-10-12,6.369413375854492,6.517539366872408,6.339788460178636,6.369413375854492,8433
2018-10-15,6.3101630210876465,6.517539312610298,6.280538105658434,6.3397884073964,16500
2018-10-16,6.487914562225342,6.517539478408175,6.33978856867252,6.33978856867252,4367
2018-10-17,6.487914562225342,6.517539478408175,6.33978856867252,6.33978856867252,2533
2018-10-18,6.3101630210876465,6.42866409544312,6.280538105658434,6.42866409544312,6567
2018-10-19,6.250912666320801,6.3694132687914475,6.221287751142908,6.310162967556124,12567
2018-10-22,5.895410537719727,6.250912825037763,5.806535319049879,6.191662522298015,49100
2018-10-23,6.073161602020264,6.162036816083324,5.895410232135094,5.954661002683166,6067
2018-10-24,5.984286308288574,6.043536611830494,5.836160313993997,6.013911695499312,25567
2018-10-25,5.9250359535217285,6.0731619465356825,5.688034741403044,5.9250359535217285,30900
2018-10-26,5.9250359535217285,6.102786862610742,5.9250359535217285,5.9250359535217285,19133
2018-10-29,6.013911724090576,6.043536640562601,5.984286336738994,6.013911724090576,5400
2018-10-30,6.04353666305542,6.1027869670995445,5.984286359011295,5.984286359011295,15000
2018-10-31,5.954660892486572,6.102786403476979,5.954660892486572,6.043536104904913,3700
2018-11-01,6.102786540985107,6.102786540985107,5.954661026657132,5.954661026657132,7367
2018-11-02,6.04353666305542,6.132412354561387,6.04353666305542,6.073162050517261,21033
2018-11-05,6.073161602020264,6.102786516414776,6.0139113023517154,6.0139113023517154,13800
2018-11-06,6.102786540985107,6.162036840892202,6.0139113265642274,6.073161626471323,22100
2018-11-07,6.102786540985107,6.191662226285513,6.102786540985107,6.102786540985107,11933
2018-11-08,6.04353666305542,6.162037271143669,6.013911746473137,6.04353666305542,16300
2018-11-09,6.102786540985107,6.132411926378418,5.954661026657132,5.984285941170917,9567
2018-11-12,5.954660892486572,6.073161489630704,5.954660892486572,6.013911191058638,2933
2018-11-13,6.013911724090576,6.013911724090576,5.984286336738994,6.013911724090576,3500
2018-11-14,5.984286308288574,6.043536611830494,5.954661391957392,6.013911695499312,15233
2018-11-15,6.013911724090576,6.073162027914183,5.717659734092984,5.954661420266969,22567
2018-11-16,5.895410537719727,6.013911614078771,5.865785621789627,5.865785621789627,22333
2018-11-19,5.984286308288574,6.013911695499312,5.865785701204734,5.954661391957392,17667
2018-11-20,6.013911724090576,6.013911724090576,5.8361603417401975,5.984286336738994,17533
2018-11-21,5.984286308288574,6.013911695499312,5.865785701204734,5.984286308288574,6833
2018-11-23,5.984286308288574,5.984286308288574,5.836160313993997,5.865785701204734,1133
2018-11-26,5.954660892486572,5.9842858063328475,5.954660892486572,5.9842858063328475,1700
2018-11-27,5.865785598754883,5.984286203769031,5.6880346912336615,5.776909909554498,5633
2018-11-28,5.9250359535217285,5.9250359535217285,5.865785650492057,5.9250359535217285,2267
2018-11-29,5.806535243988037,5.954661234362337,5.77690985756136,5.865785545961849,7067
2018-11-30,5.776909828186035,5.895410431531088,5.776909828186035,5.865785516134594,5200
2018-12-03,5.865785598754883,5.865785598754883,5.776909909554498,5.865785598754883,2833
2018-12-04,5.806535243988037,5.836160159535171,5.717659555587549,5.806535243988037,4967
2018-12-06,5.747284889221191,5.865785492080299,5.7176595030666455,5.7176595030666455,17700
2018-12-07,5.836160182952881,5.86578556949843,5.599158974106663,5.7472849650753215,45900
2018-12-10,5.658409595489502,5.8657859003670945,5.599159289935843,5.836160512150479,7833
2018-12-11,5.688034534454346,5.776909750325515,5.5991588477036425,5.688034534454346,29400
2018-12-12,5.688034534454346,5.717659449451558,5.569533461826897,5.717659449451558,22800
2018-12-13,5.628783702850342,5.7769096888999885,5.539908487924177,5.59915878816813,63300
2018-12-14,5.658409595489502,5.747285289259776,5.599159289935843,5.628784207272887,17667
2018-12-17,5.391782760620117,5.569533669882042,5.391782760620117,5.5102833667947335,32667
2018-12-18,5.3029069900512695,5.53990866968237,5.3029069900512695,5.391782678772875,39067
2018-12-19,5.3325324058532715,5.421407624183136,5.24365671664386,5.27328210334018,41233
2018-12-20,5.362157344818115,5.421407647586986,5.214031823335712,5.332532428873454,28400
2018-12-21,5.421407699584961,5.599159080475979,5.243656789573497,5.273282176681851,28633
2018-12-24,5.3029069900512695,5.391782678772875,5.214031772209208,5.3029069900512695,14300
2018-12-26,5.21403169631958,5.273281997645087,5.154780924114535,5.273281997645087,9633
2018-12-27,5.184406757354736,5.302907370226031,5.154781368697123,5.154781368697123,14767
2018-12-28,5.184406757354736,5.273282452447996,5.184406757354736,5.184406757354736,31400
2018-12-31,5.184406757354736,5.273282452447996,5.095531062261475,5.154781368697123,31933
2019-01-02,5.3325324058532715,5.3325324058532715,5.1251561116176765,5.154781027434449,9167
2019-01-03,5.3029069900512695,5.4214075944270474,5.24365668786338,5.332532376584986,13267
2019-01-04,5.391782760620117,5.480658450690855,5.302907070549379,5.421407676723995,6033
2019-01-07,5.510283470153809,5.539908857692936,5.332532557557723,5.421407778415985,21833
2019-01-08,5.599158763885498,5.717659363859486,5.480658163911509,5.480658163911509,24867
2019-01-09,5.688034534454346,5.688034534454346,5.569533461826897,5.628783762700855,19800
2019-01-10,5.688034534454346,5.747284835328304,5.628783762700855,5.688034534454346,18800
2019-01-11,5.747284889221191,5.747284889221191,5.658409201637091,5.688034587791638,10433
2019-01-14,5.806535243988037,5.806535243988037,5.6880346400404145,5.717659555587549,12700
2019-01-15,5.865785598754883,5.865785598754883,5.776909909554498,5.776909909554498,12000
2019-01-16,5.865785598754883,5.865785598754883,5.836160212061572,5.836160212061572,6233
2019-01-17,6.013911724090576,6.013911724090576,5.8361603417401975,5.86578572909178,15067
2019-01-18,5.954660892486572,5.9842858063328475,5.776909525890859,5.9842858063328475,13033
2019-01-22,6.221287727355957,6.221287727355957,5.954661137376675,5.954661137376675,28500
2019-01-23,6.102786540985107,6.280537911585919,6.102786540985107,6.221287611678823,6833
2019-01-24,5.954660892486572,6.162036702049045,5.89541012303499,6.073161489630704,3067
2019-01-25,5.9250359535217285,6.162037165640413,5.747285044432715,5.9250359535217285,11333
2019-01-28,5.806535243988037,5.836160159535171,5.747284942014225,5.836160159535171,5033
2019-01-29,5.836160182952881,5.86578556949843,5.688034662863767,5.776909880741326,2667
2019-01-30,5.747284889221191,5.836160105925753,5.747284889221191,5.836160105925753,8000
2019-01-31,5.747284889221191,5.776909804496199,5.7176595030666455,5.776909804496199,3367
2019-02-01,5.747284889221191,5.776909804496199,5.688034587791638,5.7176595030666455,1433
2019-02-04,5.688034534454346,5.747284835328304,5.5991588477036425,5.747284835328304,2667
2019-02-05,5.747284889221191,5.776909804496199,5.658409201637091,5.7176595030666455,8000
2019-02-06,5.776909828186035,6.013911505755681,5.658409224840982,5.688034611117016,21900
2019-02-07,5.7176594734191895,5.776909774541516,5.658409172296863,5.7472848594201205,9633
2019-02-08,5.776909828186035,5.776909828186035,5.5991589231684555,5.717659526513509,26833
2019-02-11,5.628783702850342,5.7769096888999885,5.59915878816813,5.7769096888999885,8167
2019-02-12,5.599158763885498,5.628783678439231,5.539908463898504,5.628783678439231,16800
2019-02-13,5.599158763885498,5.77690966384648,5.569533378452237,5.628783678439231,26467
2019-02-14,5.628783702850342,5.628783702850342,5.569533402606389,5.569533402606389,8233
2019-02-15,5.747284889221191,5.747284889221191,5.628783815482545,5.688034587791638,9233
2019-02-19,5.747284889221191,5.776909804496199,5.7176595030666455,5.7176595030666455,3433
2019-02-20,5.658409595489502,5.747285289259776,5.628784207272887,5.717659901043161,10333
2019-02-21,5.7176594734191895,5.7176594734191895,5.628783786295931,5.658409172296863,2500
2019-02-22,5.688034534454346,5.776909750325515,5.5991588477036425,5.688034534454346,19067
2019-02-25,5.7176594734191895,5.776909774541516,5.7176594734191895,5.7472848594201205,11367
2019-02-26,5.688034534454346,5.776909750325515,5.688034534454346,5.747284835328304,11067
2019-02-27,5.7176594734191895,5.7176594734191895,5.658409172296863,5.688034558297794,12900
2019-02-28,5.7176594734191895,5.7472848594201205,5.688034558297794,5.688034558297794,6200
2019-03-01,5.658409595489502,5.717659901043161,5.599159289935843,5.658409595489502,14000
2019-03-04,5.569533348083496,5.688034418290866,5.539908433691297,5.569533348083496,24167
2019-03-05,5.5399088859558105,5.628784107267486,5.480658581454839,5.569533802766514,30733
2019-03-06,5.5399088859558105,5.628784107267486,5.480658581454839,5.5399088859558105,42767
2019-03-07,5.569533348083496,5.628783647747419,5.539908433691297,5.569533348083496,12633
2019-03-08,5.599158763885498,5.717659363859486,5.5102830784652435,5.569533378452237,126233
2019-03-11,5.628783702850342,5.688034473973824,5.569533402606389,5.628783702850342,69867
2019-03-12,5.5399088859558105,5.658409494957754,5.5399088859558105,5.599159190456782,36767
2019-03-13,5.569533348083496,5.628783647747419,5.539908433691297,5.569533348083496,6133
2019-03-14,5.747284889221191,5.776909804496199,5.539908598777983,5.539908598777983,23667
2019-03-15,5.599158763885498,5.747284749292747,5.599158763885498,5.688034449305753,10733
2019-03-18,5.5399088859558105,5.658409494957754,5.5399088859558105,5.569533802766514,15533
2019-03-19,5.658409595489502,5.658409595489502,5.539908984382184,5.539908984382184,16400
2019-03-20,5.658409595489502,5.658409595489502,5.599159289935843,5.599159289935843,3367
2019-03-21,5.688034534454346,5.717659449451558,5.569533461826897,5.5991588477036425,10500
2019-03-22,5.599158763885498,5.658409063872492,5.599158763885498,5.628783678439231,4533
2019-03-25,5.510283470153809,5.628784078551199,5.510283470153809,5.539908857692936,8800
2019-03-26,5.569533348083496,5.599158733355219,5.480658134027374,5.539908433691297,4967
2019-03-27,5.5399088859558105,5.569533802766514,5.510283498265543,5.5399088859558105,6033
2019-03-28,5.599158763885498,5.599158763885498,5.539908463898504,5.539908463898504,7433
2019-03-29,5.510283470153809,5.569533774352504,5.421407778415985,5.421407778415985,16367
2019-04-01,5.510283470153809,5.569533774352504,5.480658553494241,5.510283470153809,6167
2019-04-02,5.836160182952881,5.86578556949843,5.480658369683554,5.5102832853495585,81167
2019-04-03,5.7176594734191895,5.776909774541516,5.688034558297794,5.688034558297794,9000
2019-04-04,5.806535243988037,5.865785545961849,5.6880346400404145,5.717659555587549,7633
2019-04-05,5.747284889221191,5.836160105925753,5.569533514052991,5.806535190650745,12433
2019-04-08,5.658409595489502,5.717659901043161,5.569533901719228,5.628784207272887,18467
2019-04-09,5.628783702850342,5.7769096888999885,5.569533402606389,5.628783702850342,8333
2019-04-10,5.658409595489502,5.6880349837061175,5.599159289935843,5.628784207272887,3200
2019-04-11,5.599158763885498,5.688034449305753,5.599158763885498,5.628783678439231,9100
2019-04-12,5.628783702850342,5.658409088412083,5.59915878816813,5.59915878816813,18933
2019-04-15,5.569533348083496,5.628783647747419,5.569533348083496,5.569533348083496,6333
2019-04-16,5.628783702850342,5.658409088412083,5.569533402606389,5.569533402606389,9767
2019-04-17,5.599158763885498,5.628783678439231,5.569533378452237,5.628783678439231,29667
2019-04-18,5.599158763885498,5.628783678439231,5.569533378452237,5.628783678439231,7067
2019-04-22,5.688034534454346,5.776909750325515,5.5991588477036425,5.5991588477036425,106767
2019-04-23,5.7176594734191895,5.7176594734191895,5.628783786295931,5.688034558297794,110533
2019-04-24,5.7176594734191895,5.776909774541516,5.688034558297794,5.7176594734191895,25433
2019-04-25,5.776909828186035,5.806535214462069,5.688034611117016,5.747284912789542,18000
2019-04-26,5.747284889221191,5.806535190650745,5.688034587791638,5.747284889221191,11500
2019-04-29,5.747284889221191,5.776909804496199,5.688034587791638,5.776909804496199,11600
2019-04-30,5.747284889221191,5.806535190650745,5.7176595030666455,5.747284889221191,15033
2019-05-01,5.658409595489502,5.747285289259776,5.658409595489502,5.6880349837061175,7067
2019-05-02,5.806535243988037,5.865785545961849,5.658409253613737,5.658409253613737,24033
2019-05-03,5.806535243988037,5.836160159535171,5.747284942014225,5.806535243988037,26133
2019-05-06,5.836160182952881,5.836160182952881,5.776909880741326,5.8065352672868755,5867
2019-05-07,5.836160182952881,5.836160182952881,5.776909880741326,5.776909880741326,6000
2019-05-08,5.836160182952881,5.836160182952881,5.717659578529772,5.776909880741326,37167
2019-05-09,5.806535243988037,5.836160159535171,5.747284942014225,5.747284942014225,8900
2019-05-10,5.836160182952881,5.836160182952881,5.7472849650753215,5.8065352672868755,17700
2019-05-13,5.688034534454346,5.806535136202261,5.628783762700855,5.776909750325515,57300
2019-05-14,5.628783702850342,5.8065350744617295,5.59915878816813,5.688034473973824,38000
2019-05-15,5.747284889221191,5.776909804496199,5.628783815482545,5.628783815482545,16067
2019-05-16,5.836160182952881,5.836160182952881,5.717659578529772,5.7472849650753215,12700
2019-05-17,5.865785598754883,5.895410514568646,5.717659607047425,5.717659607047425,19067
2019-05-20,5.836160182952881,5.86578556949843,5.8065352672868755,5.86578556949843,6200
2019-05-21,5.806535243988037,5.836160159535171,5.658409253613737,5.806535243988037,13200
2019-05-22,5.806535243988037,5.836160159535171,5.77690985756136,5.806535243988037,6400
2019-05-23,5.7176594734191895,5.806535160542447,5.7176594734191895,5.806535160542447,19067
2019-05-24,5.806535243988037,5.806535243988037,5.658409253613737,5.77690985756136,8367
2019-05-28,5.688034534454346,5.806535136202261,5.6584091485776,5.747284835328304,8267
2019-05-29,5.7176594734191895,5.776909774541516,5.628783786295931,5.7472848594201205,8633
2019-05-30,5.776909828186035,5.836160129858562,5.688034611117016,5.688034611117016,2600
2019-05-31,5.658409595489502,5.717659901043161,5.599159289935843,5.628784207272887,10900
2019-06-03,5.747284889221191,5.747284889221191,5.628783815482545,5.658409201637091,11667
2019-06-04,5.688034534454346,5.747284835328304,5.6584091485776,5.717659449451558,12233
2019-06-05,5.688034534454346,5.717659449451558,5.628783762700855,5.688034534454346,29800
2019-06-06,5.747284889221191,5.747284889221191,5.599158900207537,5.599158900207537,12133
2019-06-07,5.658409595489502,5.747285289259776,5.628784207272887,5.6880349837061175,7633
2019-06-10,5.747284889221191,5.747284889221191,5.658409201637091,5.7176595030666455,2167
2019-06-11,5.688034534454346,5.747284835328304,5.688034534454346,5.717659449451558,9600
2019-06-12,5.9250359535217285,5.9250359535217285,5.747285044432715,5.776909960507775,28967
2019-06-13,5.9250359535217285,5.9250359535217285,5.806535347462386,5.9250359535217285,2300
2019-06-14,5.895410537719727,5.925035924529375,5.806535319049879,5.865785621789627,5000
2019-06-17,5.895410537719727,5.895410537719727,5.747285016310131,5.836160234979979,4667
2019-06-18,5.865785598754883,5.895410514568646,5.776909909554498,5.836160212061572,13000
2019-06-19,5.9250359535217285,5.9250359535217285,5.776909960507775,5.895410566567118,12733
2019-06-20,5.895410537719727,5.925035924529375,5.776909932240231,5.895410537719727,11833
2019-06-21,5.895410537719727,5.895410537719727,5.806535319049879,5.806535319049879,900
2019-06-24,5.865785598754883,5.895410514568646,5.776909909554498,5.776909909554498,5533
2019-06-25,5.806535243988037,5.895410461508983,5.717659555587549,5.865785545961849,9233
2019-06-26,5.836160182952881,5.86578556949843,5.7472849650753215,5.776909880741326,4767
2019-06-27,5.806535243988037,5.865785545961849,5.77690985756136,5.77690985756136,2667
2019-06-28,5.836160182952881,5.86578556949843,5.717659578529772,5.8065352672868755,4033
2019-07-01,5.836160182952881,5.86578556949843,5.8065352672868755,5.8065352672868755,5433
2019-07-02,5.688034534454346,5.806535136202261,5.688034534454346,5.776909750325515,12133
2019-07-03,5.865785598754883,5.895410514568646,5.717659607047425,5.717659607047425,2033
2019-07-05,5.747284889221191,5.776909804496199,5.688034587791638,5.7176595030666455,5767
2019-07-08,5.776909828186035,5.776909828186035,5.688034611117016,5.717659526513509,4500
2019-07-09,5.7176594734191895,5.7472848594201205,5.688034558297794,5.688034558297794,458900
2019-07-10,5.776909828186035,5.776909828186035,5.688034611117016,5.688034611117016,4700
2019-07-11,5.806535243988037,5.806535243988037,5.717659555587549,5.717659555587549,2267
2019-07-12,5.865785598754883,5.895410514568646,5.747284993740735,5.776909909554498,13400
2019-07-15,5.776909828186035,5.925035817807121,5.776909828186035,5.865785516134594,2300
2019-07-16,5.776909828186035,5.865785516134594,5.717659526513509,5.806535214462069,1900
2019-07-17,5.836160182952881,5.895410485164435,5.8065352672868755,5.895410485164435,1067
2019-07-18,5.806535243988037,5.806535243988037,5.77690985756136,5.806535243988037,1633
2019-07-19,5.865785598754883,5.895410514568646,5.747284993740735,5.776909909554498,3267
2019-07-22,5.806535243988037,5.836160159535171,5.747284942014225,5.77690985756136,11833
2019-07-23,5.747284889221191,5.776909804496199,5.7176595030666455,5.747284889221191,8100
2019-07-24,5.776909828186035,5.776909828186035,5.688034611117016,5.776909828186035,15133
2019-07-25,5.776909828186035,5.776909828186035,5.658409224840982,5.747284912789542,4800
2019-07-26,5.747284889221191,5.776909804496199,5.688034587791638,5.776909804496199,933
2019-07-29,5.806535243988037,5.806535243988037,5.6880346400404145,5.77690985756136,4067
2019-07-30,5.806535243988037,5.836160159535171,5.717659555587549,5.836160159535171,9600
2019-07-31,5.806535243988037,5.806535243988037,5.747284942014225,5.806535243988037,2833
2019-08-01,5.747284889221191,5.806535190650745,5.7176595030666455,5.806535190650745,9433
2019-08-02,5.747284889221191,5.806535190650745,5.747284889221191,5.776909804496199,2033
2019-08-05,5.747284889221191,5.806535190650745,5.658409201637091,5.747284889221191,3267
2019-08-06,5.776909828186035,5.776909828186035,5.658409224840982,5.776909828186035,16433
2019-08-07,5.747284889221191,5.776909804496199,5.658409201637091,5.658409201637091,6133
2019-08-08,5.747284889221191,5.776909804496199,5.658409201637091,5.658409201637091,5367
2019-08-09,5.776909828186035,5.776909828186035,5.628783838564949,5.658409224840982,11533
2019-08-12,5.747284889221191,5.747284889221191,5.688034587791638,5.7176595030666455,9700
2019-08-13,5.658409595489502,5.6880349837061175,5.658409595489502,5.6880349837061175,2433
2019-08-14,5.658409595489502,5.658409595489502,5.628784207272887,5.658409595489502,3000
2019-08-15,6.073161602020264,6.102786516414776,5.776909632797997,5.806535018072034,99967
2019-08-16,6.339788436889648,6.428664125349825,6.132412144402264,6.162037059969294,54167
2019-08-19,6.428663730621338,6.428663730621338,6.280537749242689,6.3990383459938025,15100
2019-08-20,6.547164440155029,6.606414739551242,6.310162771690657,6.428663841362605,49067
2019-08-21,6.636040210723877,6.636040210723877,6.458289297617906,6.606415293979329,16967
2019-08-22,6.487914562225342,6.63604008489861,6.33978856867252,6.63604008489861,15933
2019-08-23,6.191662311553955,6.517539200970552,6.132412010830895,6.487914286048789,21833
2019-08-26,6.339788436889648,6.3990387389032515,6.191662446415868,6.191662446415868,1933
2019-08-27,6.221287727355957,6.339788329373519,6.1620369554676415,6.280538028364738,24333
2019-08-28,6.3101630210876465,6.3397884073964,6.162037031302961,6.191662417611714,6567
2019-08-29,6.250912666320801,6.399038654848877,6.221287751142908,6.310162967556124,8267
2019-08-30,6.3101630210876465,6.369413322825612,6.191662417611714,6.250912719349681,6267
2019-09-03,6.369413375854492,6.369413375854492,6.280538157947379,6.310163073623235,11233
2019-09-04,6.280538082122803,6.369413298956931,6.280538082122803,6.3397883836387345,18800
2019-09-05,6.369413375854492,6.487914451196552,6.280538157947379,6.280538157947379,16233
2019-09-06,6.428663730621338,6.517538942744916,6.221287450867132,6.3990383459938025,200200
2019-09-09,6.280538082122803,6.458288986670599,6.221287780606871,6.369413298956931,18667
2019-09-10,6.428663730621338,6.428663730621338,6.250912364615154,6.339788047618246,8267
2019-09-11,6.45828914642334,6.576789752386444,6.2212879344971315,6.369413456511236,28367
2019-09-12,6.5175395011901855,6.576789804642512,6.428664281451472,6.458289197737859,7933
2019-09-13,6.5175395011901855,6.576789804642512,6.487914584903799,6.547164888356126,9367
2019-09-16,6.5175395011901855,6.547164888356126,6.280538287380877,6.487914584903799,11833
2019-09-17,6.369413375854492,6.636039971334924,6.339788460178636,6.517539366872408,20167
2019-09-18,6.399038791656494,6.487914480849356,6.339788489154435,6.339788489154435,2033
2019-09-19,6.45828914642334,6.547164836335443,6.280538237478683,6.45828914642334,4400
2019-09-20,6.399038791656494,6.487914480849356,6.399038791656494,6.487914480849356,1467
2019-09-23,6.339788436889648,6.458289040916855,6.339788436889648,6.3990387389032515,8667
2019-09-24,6.45828914642334,6.45828914642334,6.310163153529684,6.339788540460235,12967
2019-09-25,6.339788436889648,6.428664125349825,6.339788436889648,6.428664125349825,6100
2019-09-26,6.250912666320801,6.310162967556124,5.984286075322078,6.132412063850155,16567
2019-09-27,6.250912666320801,6.310162967556124,6.162036979028048,6.162036979028048,2800
2019-09-30,6.339788436889648,6.339788436889648,6.221287832862441,6.221287832862441,7500
2019-10-01,6.250912666320801,6.280538052378231,6.221287751142908,6.280538052378231,4167
2019-10-02,6.162037372589111,6.250913065558236,6.10278706756955,6.191662760538675,44133
2019-10-03,6.132412433624268,6.250913043240301,6.132412433624268,6.132412433624268,2267
2019-10-04,6.102786540985107,6.221287611678823,6.102786540985107,6.132411926378418,8967
2019-10-07,6.132412433624268,6.191662738432284,6.073162128816252,6.073162128816252,7467
2019-10-08,6.162037372589111,6.162037372589111,6.132412455519114,6.162037372589111,2333
2019-10-09,6.102786540985107,6.221287611678823,6.102786540985107,6.132411926378418,7100
2019-10-10,6.102786540985107,6.191662226285513,6.102786540985107,6.102786540985107,7700
2019-10-11,6.3101630210876465,6.399038709134366,6.132412115873748,6.132412115873748,14400
2019-10-14,6.221287727355957,6.280538028364738,6.132412040403018,6.191662341411799,8067
2019-10-15,6.280538082122803,6.3397883836387345,6.162037008211399,6.221287780606871,16167
2019-10-16,6.339788436889648,6.3990387389032515,6.221287832862441,6.221287832862441,4200
2019-10-17,6.250912666320801,6.399038654848877,6.221287751142908,6.310162967556124,6467
2019-10-18,6.3101630210876465,6.3101630210876465,6.280538105658434,6.280538105658434,1533
2019-10-21,6.250912666320801,6.310162967556124,6.250912666320801,6.280538052378231,6200
2019-10-22,6.132412433624268,6.280538431084092,6.102787045780477,6.280538431084092,23200
2019-10-23,6.102786540985107,6.221287611678823,6.073161626471323,6.162036840892202,13667
2019-10-24,6.3101630210876465,6.3101630210876465,6.132412115873748,6.191662417611714,11467
2019-10-25,6.280538082122803,6.310162997440999,6.221287780606871,6.310162997440999,9067
2019-10-28,6.221287727355957,6.280538028364738,6.221287727355957,6.221287727355957,3733
2019-10-29,6.221287727355957,6.310162943429361,6.191662341411799,6.25091264242058,7900
2019-10-30,6.221287727355957,6.280538028364738,6.1620369554676415,6.191662341411799,4933
2019-10-31,6.250912666320801,6.250912666320801,6.191662365085477,6.250912666320801,24467
2019-11-01,6.399038791656494,6.399038791656494,6.250912799961573,6.280538186652375,10100
2019-11-04,6.45828914642334,6.487914533353891,6.369413456511236,6.369413456511236,17533
2019-11-05,6.45828914642334,6.517539449404892,6.3990388434417875,6.45828914642334,9867
2019-11-06,6.606415271759033,6.636040188403939,6.399038971726451,6.487914663420289,31933
2019-11-07,6.665665149688721,6.665665149688721,6.51753916329751,6.606414849308143,15100
2019-11-08,6.754540920257568,6.754540920257568,6.45828894376645,6.695290619135252,55800
2019-11-11,6.695290565490723,6.8137911667858955,6.6360397939636036,6.8137911667858955,25033
2019-11-12,6.547164440155029,6.665665038947454,6.428663841362605,6.665665038947454,3300
2019-11-13,6.487914562225342,6.5767897816533925,6.487914562225342,6.5767897816533925,9767
2019-11-14,6.369413375854492,6.517539366872408,6.19166246916072,6.428664148965295,89700
2019-11-15,6.428663730621338,6.487914028996895,6.369412961366267,6.487914028996895,14500
2019-11-18,6.339788436889648,6.487914427363429,6.310163050443075,6.428664125349825,17867
2019-11-19,6.399038791656494,6.428664178347296,6.3101631024636315,6.339788489154435,6067
2019-11-20,6.369413375854492,6.399038762409893,6.339788460178636,6.339788460178636,4733
2019-11-21,6.3101630210876465,6.399038709134366,6.3101630210876465,6.399038709134366,4000
2019-11-22,6.339788436889648,6.369413352456679,6.310163050443075,6.339788436889648,5467
2019-11-25,6.399038791656494,6.428664178347296,6.339788489154435,6.369413404965691,9100
2019-11-26,6.369413375854492,6.369413375854492,6.250912771391977,6.369413375854492,35767
2019-11-27,6.369413375854492,6.369413375854492,6.339788460178636,6.369413375854492,5767
2019-11-29,6.428663730621338,6.458288644369359,6.369412961366267,6.428663730621338,9200
2019-12-02,6.369413375854492,6.517539366872408,6.339788460178636,6.517539366872408,15333
2019-12-03,6.369413375854492,6.399038762409893,6.339788460178636,6.339788460178636,3667
2019-12-04,6.3101630210876465,6.3397884073964,6.221287803920467,6.3101630210876465,16900
2019-12-05,6.280538082122803,6.3397883836387345,6.280538082122803,6.3397883836387345,4600
2019-12-06,6.369413375854492,6.369413375854492,6.339788460178636,6.369413375854492,10633
2019-12-09,6.339788436889648,6.339788436889648,6.2805381348760445,6.2805381348760445,9033
2019-12-10,6.369413375854492,6.369413375854492,6.250912771391977,6.310163073623235,11167
2019-12-11,6.250912666320801,6.310162967556124,6.221287751142908,6.250912666320801,10067
2019-12-12,6.280538082122803,6.280538082122803,6.221287780606871,6.250912695925067,7133
2019-12-13,6.221287727355957,6.280538028364738,6.221287727355957,6.280538028364738,6733
2019-12-16,6.221287727355957,6.280538028364738,6.1620369554676415,6.280538028364738,97700
2019-12-17,6.369413375854492,6.369413375854492,6.162037082605319,6.162037082605319,31600
2019-12-18,6.369413375854492,6.369413375854492,6.250912771391977,6.339788460178636,22833
2019-12-19,6.369413375854492,6.369413375854492,6.339788460178636,6.339788460178636,6233
2019-12-20,6.369413375854492,6.399038762409893,6.339788460178636,6.339788460178636,8933
2019-12-23,6.3101630210876465,6.399038709134366,6.280538105658434,6.369413322825612,7600
2019-12-24,6.339788436889648,6.339788436889648,6.310163050443075,6.310163050443075,9400
2019-12-26,6.280538082122803,6.3397883836387345,6.250912695925067,6.310162997440999,10733
2019-12-27,6.339788436889648,6.3990387389032515,6.2805381348760445,6.2805381348760445,56000
2019-12-30,6.369413375854492,6.399038762409893,6.310163073623235,6.369413375854492,13133
2019-12-31,6.369413375854492,6.399038762409893,6.280538157947379,6.280538157947379,14733
2020-01-02,6.428663730621338,6.487914028996895,6.339788047618246,6.339788047618246,10567
2020-01-03,6.428663730621338,6.487914028996895,6.3990383459938025,6.428663730621338,8533
2020-01-06,6.399038791656494,6.487914480849356,6.3101631024636315,6.3101631024636315,23100
2020-01-07,6.3101630210876465,6.369413322825612,6.280538105658434,6.280538105658434,8067
2020-01-08,6.339788436889648,6.369413352456679,6.310163050443075,6.310163050443075,5467
2020-01-09,6.369413375854492,6.428664148965295,6.310163073623235,6.339788460178636,4533
2020-01-10,6.399038791656494,6.428664178347296,6.369413404965691,6.399038791656494,4933
2020-01-13,6.399038791656494,6.458289094158553,6.339788489154435,6.369413404965691,9100
2020-01-14,6.45828914642334,6.45828914642334,6.339788540460235,6.369413456511236,11233
2020-01-15,6.369413375854492,6.458289064641151,6.369413375854492,6.458289064641151,7833
2020-01-16,6.428663730621338,6.428663730621338,6.3990383459938025,6.428663730621338,4867
2020-01-17,6.399038791656494,6.428664178347296,6.339788489154435,6.399038791656494,9800
2020-01-21,6.428663730621338,6.428663730621338,6.369412961366267,6.369412961366267,13133
2020-01-22,6.813791275024414,6.813791275024414,6.369413306789179,6.4286640792575085,41133
2020-01-23,6.487914562225342,6.784166078451432,6.399038871917738,6.695290859023381,7233
2020-01-24,6.547164440155029,6.6952904240853215,6.458288755620949,6.547164440155029,6033
2020-01-27,6.547164440155029,6.606414739551242,6.458288755620949,6.458288755620949,3033
2020-01-28,6.487914562225342,6.54716486547056,6.458289175162956,6.487914562225342,3167
2020-01-29,6.5175395011901855,6.547164888356126,6.458289197737859,6.487914584903799,3833
2020-01-30,6.45828914642334,6.517539449404892,6.45828914642334,6.487914533353891,7467
2020-01-31,6.5175395011901855,6.5175395011901855,6.399038894285531,6.428664281451472,5000
2020-02-03,6.369413375854492,6.517539366872408,6.369413375854492,6.517539366872408,6733
2020-02-04,6.339788436889648,6.517539342930459,6.339788436889648,6.517539342930459,5167
2020-02-05,6.399038791656494,6.428664178347296,6.280538186652375,6.339788489154435,31267
2020-02-06,6.428663730621338,6.487914028996895,6.339788047618246,6.339788047618246,11767
2020-02-07,6.428663730621338,6.458288644369359,6.369412961366267,6.369412961366267,12567
2020-02-10,6.399038791656494,6.458289094158553,6.3101631024636315,6.339788489154435,23033
2020-02-11,6.339788436889648,6.3990387389032515,6.339788436889648,6.369413352456679,9167
2020-02-12,6.5175395011901855,6.5175395011901855,6.310163203667264,6.3694135071195905,64133
2020-02-13,6.5175395011901855,6.5175395011901855,6.3694135071195905,6.5175395011901855,2700
2020-02-14,6.339788436889648,6.517539342930459,6.339788436889648,6.369413352456679,11967
2020-02-18,6.369413375854492,6.428664148965295,6.280538157947379,6.369413375854492,9133
2020-02-19,6.280538082122803,6.369413298956931,6.280538082122803,6.369413298956931,7033
2020-02-20,6.399038791656494,6.517539396660612,6.280538186652375,6.369413404965691,20100
2020-02-21,6.369413375854492,6.458289064641151,6.280538157947379,6.458289064641151,31300
2020-02-24,6.3101630210876465,6.369413322825612,6.102786729564995,6.280538105658434,13400
2020-02-25,6.132412433624268,6.458289345508141,6.073162128816252,6.280538431084092,26133
2020-02-26,6.04353666305542,6.310163266693761,6.013911746473137,6.073162050517261,43767
2020-02-27,6.162037372589111,6.221288148488239,5.954661540460433,5.954661540460433,9967
2020-02-28,5.954660892486572,6.13241178820277,5.80653491061665,6.043536104904913,82267
2020-03-02,5.954660892486572,6.013911191058638,5.776909525890859,5.925035507760781,13067
2020-03-03,5.895410537719727,6.013911614078771,5.836160234979979,5.984286227269123,5867
2020-03-04,6.013911724090576,6.013911724090576,5.86578572909178,5.895410645563805,7600
2020-03-05,5.895410537719727,6.013911614078771,5.806535319049879,5.954661311339024,5733
2020-03-06,5.806535243988037,5.954661234362337,5.77690985756136,5.954661234362337,11567
2020-03-09,5.658409595489502,5.6880349837061175,5.510283596165569,5.658409595489502,13000
2020-03-10,5.510283470153809,5.717659770289021,5.4510331659551134,5.717659770289021,12100
2020-03-11,5.3029069900512695,5.510283283148652,5.273282074397097,5.510283283148652,11233
2020-03-12,4.621527671813965,5.243656532696479,4.621527671813965,5.125155931827294,44433
2020-03-13,4.9474053382873535,5.214031942268857,4.651153346805879,5.214031942268857,9467
2020-03-16,4.591902732849121,4.74002871859513,4.206775546613119,4.74002871859513,26233
2020-03-17,4.443777084350586,4.591903081338185,4.236400782743861,4.591903081338185,16900
2020-03-18,3.5253961086273193,4.621527588717579,3.0810183924783856,4.503026989979069,37333
2020-03-19,3.792022943496704,3.9697740888692956,3.555021494813174,3.762397791841235,11833
2020-03-20,3.821647882461548,3.9401487179281363,3.7327724324414295,3.9401487179281363,15200
2020-03-23,3.2883946895599365,3.7327724075804105,3.1106437907035565,3.703147257771014,68267
2020-03-24,3.6735222339630127,3.7920228372651565,3.347645339442347,3.347645339442347,14033
2020-03-25,3.9105236530303955,3.9105236530303955,3.7623976643332746,3.7920228149847452,13500
2020-03-26,4.029024124145508,4.058649509269896,3.851273226037743,3.851273226037743,18467
2020-03-27,3.999399423599243,3.999399423599243,3.8512734318215776,3.9697740368918915,7633
2020-03-30,3.999399423599243,3.999399423599243,3.8216480451142254,3.9105237343567345,26633
2020-03-31,4.029024124145508,4.029024124145508,3.8808983757223707,3.969773824776253,9067
2020-04-01,3.969774007797241,3.969774007797241,3.9105237056963325,3.969774007797241,13467
2020-04-02,3.762397527694702,3.910523511012348,3.7327723781191247,3.910523511012348,15367
2020-04-03,3.4957711696624756,3.732772616865344,3.3772705637809293,3.732772616865344,30100
2020-04-06,3.821647882461548,3.821647882461548,3.318019861468016,3.555021296961429,26233
2020-04-07,3.85127329826355,3.9697738992243896,3.792022762343364,3.821647912583574,27233
2020-04-08,3.969774007797241,3.969774007797241,3.8216480171051974,3.8512734035954237,14067
2020-04-09,4.058650016784668,4.2067760191700145,3.9105240143993214,3.969774321177544,40233
2020-04-13,4.1178998947143555,4.177150195322102,4.05864959410661,4.147524809578463,13300
2020-04-14,4.058650016784668,4.2067760191700145,4.029024627955766,4.088274934733989,13533
2020-04-15,3.9401490688323975,4.177150525432834,3.851273610897153,4.177150525432834,8300
2020-04-16,3.8808984756469727,3.910523626094383,3.7920227888649762,3.8808984756469727,2633
2020-04-17,4.1178998947143555,4.20677558106574,3.8808984568436062,3.9105236071474794,28833
2020-04-20,4.058650016784668,4.088274934733989,3.9105240143993214,3.969774321177544,5100
2020-04-21,3.999399423599243,4.029024339427048,3.8512734318215776,3.999399423599243,9200
2020-04-22,3.999399423599243,4.117900028669557,3.9401488856243128,3.999399423599243,7667
2020-04-23,3.9105236530303955,4.029024255636277,3.8808985023789253,3.9993993404245756,24700
2020-04-24,3.969774007797241,4.1178999984892855,3.880898554645878,3.880898554645878,9400
2020-04-27,3.999399423599243,4.029024339427048,3.880898583089156,4.029024339427048,18800
2020-04-28,3.9401490688323975,4.058649914852508,3.910523916187316,3.969774221477479,13700
2020-04-29,3.999399423599243,4.058649726134401,3.9401488856243128,3.9401488856243128,35333
2020-04-30,3.9105236530303955,3.9993993404245756,3.8512733517274547,3.9993993404245756,26567
2020-05-01,4.029024124145508,4.029024124145508,3.851273226037743,3.8808983757223707,27700
2020-05-04,3.969774007797241,4.1178999984892855,3.8512734035954237,4.02902430989815,19667
2020-05-05,4.236400604248047,4.443776897117214,3.969774009256196,3.99939939575731,70500
2020-05-06,4.7400288581848145,4.917779763786917,4.532652566209257,4.651153169943992,90400
2020-05-07,4.977029800415039,4.977029800415039,4.651152922071599,4.9177795017052786,63700
2020-05-08,4.88815450668335,5.036280500708811,4.740028983537442,5.006655584431451,50867
2020-05-11,4.858529567718506,4.9770301740337,4.680778187366162,4.917779870876103,29367
2020-05-12,4.79927921295166,4.858529515472107,4.591902918690323,4.858529515472107,31300
2020-05-13,4.6807780265808105,4.740028798582688,4.621527725458469,4.651153111459408,17800
2020-05-14,4.651153087615967,4.740028774283639,4.5919027867973625,4.621527701766898,22400
2020-05-15,4.651153087615967,4.651153087615967,4.443776799311086,4.621527701766898,46933
2020-05-18,4.7400288581848145,4.7400288581848145,4.591902868076625,4.651153169943992,26067
2020-05-19,4.7104034423828125,4.799279130068378,4.7104034423828125,4.7104034423828125,11800
2020-05-20,4.7400288581848145,4.7400288581848145,4.651153169943992,4.7400288581848145,7000
2020-05-21,4.562277793884277,4.710403794128224,4.562277793884277,4.710403794128224,35700
2020-05-22,4.621527671813965,4.680777972248557,4.5622773713793725,4.591902757036434,31833
2020-05-26,4.621527671813965,4.828903958774803,4.5622773713793725,4.710403357905618,63200
2020-05-27,4.651153087615967,4.740028774283639,4.562277400948294,4.71040338843457,149500
2020-05-28,4.828903675079346,5.006655036819858,4.562277103348081,4.621527400301751,217567
2020-05-29,4.88815450668335,4.977030197274537,4.85852959040599,4.85852959040599,21067
2020-06-01,4.917779922485352,5.184406524932407,4.858529618705957,5.036280530044142,38933
2020-06-02,4.917779922485352,5.036280530044142,4.82890423137648,4.888154535155875,26333
2020-06-03,5.006655216217041,5.125155814370463,4.917779532162214,4.917779532162214,33933
2020-06-04,5.125155925750732,5.184406226115075,5.06590562538639,5.06590562538639,26500
2020-06-05,5.0955305099487305,5.184406195408613,5.0362802099353186,5.184406195408613,40167
2020-06-08,5.243656635284424,5.332532323114859,5.12515603209687,5.12515603209687,89933
2020-06-09,5.3029069900512695,5.332532376584986,5.214031772209208,5.214031772209208,37000
2020-06-10,5.510283470153809,5.510283470153809,5.302907170018595,5.391782861756418,35000
2020-06-11,5.154780864715576,5.451032838808916,5.0659056491912,5.362157152405008,31967
2020-06-12,5.362157344818115,5.451033034411196,5.214031823335712,5.214031823335712,18767
2020-06-15,5.421407699584961,5.451033086693315,5.302907092910652,5.302907092910652,5267
2020-06-16,5.391782760620117,5.599159056865472,5.391782760620117,5.5102833667947335,21833
2020-06-17,5.362157344818115,5.480658421235407,5.362157344818115,5.3917827316423255,12000
2020-06-18,5.421407699584961,5.5102833900304695,5.362157396247807,5.362157396247807,9633
2020-06-19,5.510283470153809,5.569533774352504,5.391782861756418,5.480658553494241,13900
2020-06-22,5.5399088859558105,5.569533802766514,5.451033193764571,5.451033193764571,7600
2020-06-23,5.421407699584961,5.5695336933676245,5.332532480019006,5.5695336933676245,10100
2020-06-24,5.3029069900512695,5.510283283148652,5.214031772209208,5.451032980960764,11433
2020-06-25,5.451032638549805,5.569533235481873,5.243656358478928,5.243656358478928,13267
2020-06-26,5.273282051086426,5.421407570461583,4.888154382248298,5.3917826549383685,31500
2020-06-29,5.184406757354736,5.273282452447996,5.154781368697123,5.154781368697123,5633
2020-06-30,5.154780864715576,5.302906851762246,5.154780864715576,5.184406250476723,6667
2020-07-01,5.243656635284424,5.362157238471978,5.154780947453989,5.273282021521082,7667
2020-07-02,5.273282051086426,5.362157268535612,5.154780976354941,5.154780976354941,5467
2020-07-06,5.243656635284424,5.391782624708636,5.243656635284424,5.332532323114859,7800
2020-07-07,5.0955305099487305,5.332532180881907,5.0955305099487305,5.243656495422025,17967
2020-07-08,5.154780864715576,5.21403163623787,5.125155949833961,5.125155949833961,4233
2020-07-09,4.977029800415039,5.125155782629198,4.977029800415039,5.125155782629198,9533
2020-07-10,4.9474053382873535,5.06590594652812,4.8881545632874115,5.06590594652812,8667
2020-07-13,4.9474053382873535,5.125156250648502,4.9474053382873535,5.095530863148531,9400
2020-07-14,4.9474053382873535,5.154781167268914,4.9177799507873825,5.036280559028149,10833
2020-07-15,4.917779922485352,5.1547811376029316,4.917779922485352,4.977030226264747,21667
2020-07-16,4.917779922485352,5.036280530044142,4.917779922485352,5.036280530044142,9700
2020-07-17,4.977029800415039,4.977029800415039,4.88815411691064,4.9177795017052786,11167
2020-07-20,5.125155925750732,5.154780840493139,4.799279038307081,4.917779639035767,24467
2020-07-21,5.21403169631958,5.243656611542565,4.888154332709982,5.243656611542565,23967
2020-07-22,5.184406757354736,5.214032146012349,5.065906144483441,5.095531062261475,14400
2020-07-23,5.184406757354736,5.184406757354736,5.065906144483441,5.154781368697123,4500
2020-07-24,5.184406757354736,5.273282452447996,5.125156450919088,5.243657063790383,15167
2020-07-27,5.21403169631958,5.21403169631958,5.065905707566042,5.1844063102170574,13033
2020-07-28,5.21403169631958,5.21403169631958,5.095530622789028,5.21403169631958,6833
2020-07-29,5.21403169631958,5.21403169631958,5.12515600889155,5.154780924114535,12033
2020-07-30,5.154780864715576,5.21403163623787,5.006655348548438,5.21403163623787,6833
2020-07-31,5.125155925750732,5.154780840493139,5.006655325022047,5.006655325022047,7733
2020-08-03,5.125155925750732,5.184406226115075,5.006655325022047,5.095530540128796,8733
2020-08-04,5.184406757354736,5.214032146012349,5.036280755825828,5.036280755825828,13267
2020-08-05,5.273282051086426,5.3029069666096404,5.154780976354941,5.184406362757698,28200
2020-08-06,5.362157344818115,5.451033034411196,5.184406436511502,5.214031823335712,31300
2020-08-07,5.510283470153809,5.569533774352504,5.391782861756418,5.421407778415985,23000
2020-08-10,5.628783702850342,5.628783702850342,5.480658187680224,5.510283102362436,52633
2020-08-11,5.865785598754883,6.0139115904623415,5.717659607047425,5.865785598754883,61400
2020-08-12,5.776909828186035,6.073161807428208,5.776909828186035,5.9842861194796475,37700
2020-08-13,5.9250359535217285,5.95466134047634,5.776909960507775,5.806535347462386,35167
2020-08-14,5.865785598754883,6.162037111290252,5.6287839178470405,5.836160212061572,55500
2020-08-17,5.895410537719727,6.013911614078771,5.836160234979979,6.013911614078771,23700
2020-08-18,5.895410537719727,5.954661311339024,5.776909932240231,5.954661311339024,21800
2020-08-19,5.806535243988037,5.954661234362337,5.747284942014225,5.925035847935661,24067
2020-08-20,5.747284889221191,5.806535190650745,5.688034587791638,5.806535190650745,6767
2020-08-21,5.7176594734191895,5.806535160542447,5.628783786295931,5.628783786295931,13933
2020-08-24,5.7176594734191895,5.865785461664774,5.658409172296863,5.836160075663843,25567
2020-08-25,5.7176594734191895,5.7176594734191895,5.569533485173604,5.569533485173604,28667
2020-08-26,5.747284889221191,5.895410407355307,5.7176595030666455,5.7176595030666455,101933
2020-08-27,5.836160182952881,5.836160182952881,5.717659578529772,5.7472849650753215,17000
2020-08-28,5.865785598754883,5.895410514568646,5.776909909554498,5.865785598754883,17500
2020-08-31,5.836160182952881,5.86578556949843,5.7472849650753215,5.86578556949843,12533
2020-09-01,5.688034534454346,5.925035737950177,5.688034534454346,5.895410352073431,18367
2020-09-02,5.806535243988037,5.925035847935661,5.6880346400404145,5.717659555587549,11800
2020-09-03,5.599158763885498,5.8065350492797405,5.569533378452237,5.747284749292747,16100
2020-09-04,5.569533348083496,5.747284717954789,5.480658134027374,5.628783647747419,19367
2020-09-08,5.510283470153809,5.628784078551199,5.421407778415985,5.510283470153809,10800
2020-09-09,5.836160182952881,6.013911560467089,5.451032983138004,5.5102832853495585,31433
2020-09-10,5.984286308288574,6.013911695499312,5.717659706910157,5.717659706910157,22533
2020-09-11,5.954660892486572,6.162036702049045,5.89541012303499,6.013911191058638,11400
2020-09-14,5.9250359535217285,5.9842862565514,5.806535347462386,5.9250359535217285,4967
2020-09-15,5.9250359535217285,5.95466134047634,5.8361602635374465,5.9250359535217285,10667
2020-09-16,5.865785598754883,6.132412195476489,5.836160212061572,5.865785598754883,25100
2020-09-17,5.895410537719727,5.984286227269123,5.865785621789627,5.865785621789627,11000
2020-09-18,5.836160182952881,6.013911560467089,5.836160182952881,5.836160182952881,4767
2020-09-21,5.806535243988037,5.895410461508983,5.62878386718706,5.806535243988037,10167
2020-09-22,5.747284889221191,5.776909804496199,5.628783815482545,5.776909804496199,2400
2020-09-23,5.658409595489502,5.77691020659682,5.628784207272887,5.77691020659682,14433
2020-09-24,5.569533348083496,5.658409033019142,5.451032748755651,5.569533348083496,11667
2020-09-25,5.628783702850342,5.747284774217777,5.480658187680224,5.480658187680224,19267
2020-09-28,5.688034534454346,5.717659449451558,5.5991588477036425,5.628783762700855,3300
2020-09-29,5.599158763885498,5.747284749292747,5.539908463898504,5.688034449305753,8500
2020-09-30,5.599158763885498,5.658409063872492,5.569533378452237,5.658409063872492,3100
2020-10-01,5.599158763885498,5.658409063872492,5.5102830784652435,5.628783678439231,7233
2020-10-02,5.480658054351807,5.569533267115897,5.451032669510765,5.480658054351807,17867
2020-10-05,5.480658054351807,5.599158651956938,5.391782370708199,5.539908353154373,13900
2020-10-06,5.510283470153809,5.628784078551199,5.391782861756418,5.480658553494241,13867
2020-10-07,5.569533348083496,5.599158733355219,5.451032748755651,5.480658134027374,4167
2020-10-08,5.9250359535217285,5.9842862565514,5.569533664464151,5.569533664464151,55367
2020-10-09,5.9250359535217285,5.9842862565514,5.895410566567118,5.95466134047634,15000
2020-10-12,5.806535243988037,5.954661234362337,5.6880346400404145,5.954661234362337,9400
2020-10-13,5.776909828186035,5.865785516134594,5.776909828186035,5.806535214462069,9833
2020-10-14,5.658409595489502,5.77691020659682,5.628784207272887,5.717659901043161,10400
2020-10-15,5.628783702850342,5.688034473973824,5.59915878816813,5.658409088412083,3333
2020-10-16,5.569533348083496,5.717659332683065,5.569533348083496,5.717659332683065,13967
2020-10-19,5.5399088859558105,5.628784107267486,5.480658581454839,5.569533802766514,14067
2020-10-20,5.510283470153809,5.539908857692936,5.480658553494241,5.510283470153809,8133
2020-10-21,5.510283470153809,5.628784078551199,5.480658553494241,5.480658553494241,8167
2020-10-22,5.510283470153809,5.539908857692936,5.480658553494241,5.510283470153809,3467
2020-10-23,5.480658054351807,5.510282968313331,5.480658054351807,5.480658054351807,8967
2020-10-26,5.391782760620117,5.5102833667947335,5.391782760620117,5.451033063707426,6167
2020-10-27,5.273282051086426,5.421407570461583,5.214031749160454,5.332532353012398,19500
2020-10-28,5.065906047821045,5.27328235182866,5.065906047821045,5.27328235182866,15167
2020-10-29,5.065906047821045,5.154781270338902,5.065906047821045,5.065906047821045,5533
2020-10-30,5.036280632019043,5.095530936998141,5.036280632019043,5.095530936998141,3033
2020-11-02,5.065906047821045,5.154781270338902,5.036280659728713,5.1251563531261395,3267
2020-11-03,5.065906047821045,5.154781270338902,5.036280659728713,5.1251563531261395,20900
2020-11-04,5.036280632019043,5.095530936998141,4.917780022060846,4.9770303270399445,10500
2020-11-05,5.125155925750732,5.125155925750732,4.947405024657703,4.9770299394001105,16133
2020-11-06,5.0955305099487305,5.154780809962143,4.917779609908494,5.1251558953952,25933
2020-11-09,5.421407699584961,5.451033086693315,5.095530795790834,5.125156182899188,39667
2020-11-10,5.5399088859558105,5.569533802766514,5.362157501573333,5.391782889263601,10400
2020-11-11,5.451032638549805,5.569533235481873,5.362156955410996,5.451032638549805,13233
2020-11-12,5.362157344818115,5.539908724004278,5.332532428873454,5.539908724004278,4067
2020-11-13,5.510283470153809,5.539908857692936,5.391782861756418,5.391782861756418,5100
2020-11-16,5.5399088859558105,5.599159190456782,5.4214078060743045,5.510283498265543,10600
2020-11-17,5.510283470153809,5.599159161891631,5.480658553494241,5.510283470153809,12100
2020-11-18,5.836160182952881,5.836160182952881,5.539908671895108,5.569533587561113,30867
2020-11-19,5.776909828186035,5.865785516134594,5.5991589231684555,5.688034611117016,22667
2020-11-20,5.806535243988037,5.865785545961849,5.62878386718706,5.658409253613737,12133
2020-11-23,5.895410537719727,5.925035924529375,5.688034713570383,5.776909932240231,43833
2020-11-24,6.013911724090576,6.162037248209815,5.895410645563805,5.895410645563805,41033
2020-11-25,6.102786540985107,6.162036840892202,5.776909656056321,5.865785341356727,11433
2020-11-27,6.013911724090576,6.162037248209815,5.925036032915387,6.162037248209815,9333
2020-11-30,5.954660892486572,6.073161489630704,5.865785209188715,5.865785209188715,13900
2020-12-01,6.013911724090576,6.013911724090576,5.806535425268173,5.984286336738994,7033
2020-12-02,5.895410537719727,6.073161916818519,5.836160234979979,5.895410537719727,9933
2020-12-03,6.073161602020264,6.073161602020264,5.954661002683166,5.954661002683166,21533
2020-12-04,6.04353666305542,6.132412354561387,5.954661442429012,6.04353666305542,62833
2020-12-07,6.132412433624268,6.221288126276075,5.9250361313564275,5.954661519200219,26533
2020-12-08,6.04353666305542,6.132412354561387,5.925036054967171,6.073162050517261,17367
2020-12-09,5.954660892486572,6.073161489630704,5.954660892486572,6.073161489630704,35400
2020-12-10,5.865785598754883,6.0139115904623415,5.776909909554498,5.984286203769031,27200
2020-12-11,5.658409595489502,5.925036205920753,5.658409595489502,5.806535594813435,31067
2020-12-14,5.688034534454346,5.895410352073431,5.6584091485776,5.776909750325515,16733
2020-12-15,5.5399088859558105,5.747285187148992,5.451033193764571,5.6880348826480205,65133
2020-12-16,5.599158763885498,5.628783678439231,5.480658163911509,5.5102830784652435,10100
2020-12-17,5.5399088859558105,5.628784107267486,5.510283498265543,5.569533802766514,29633
2020-12-18,5.658409595489502,5.77691020659682,5.510283596165569,5.510283596165569,28133
2020-12-21,5.776909828186035,6.073161807428208,5.628783838564949,5.658409224840982,53200
2020-12-22,5.7176594734191895,5.895410376786169,5.599158871174536,5.895410376786169,89633
2020-12-23,6.369413375854492,7.9691729487370795,5.776909882662372,5.776909882662372,593700
2020-12-24,6.280538082122803,6.576789589702463,6.013911489861339,6.487914372868334,67233
2020-12-28,6.280538082122803,6.487914372868334,6.132412092893203,6.487914372868334,50767
2020-12-29,6.162037372589111,6.487914756516045,6.10278706756955,6.399039063546921,30200
2020-12-30,6.339788436889648,6.428664125349825,6.132412144402264,6.132412144402264,33867
2020-12-31,6.576789379119873,6.754540748855777,6.399038480263493,6.428663865512652,63900
2021-01-04,6.408913612365723,6.576789705044809,6.2706629064039365,6.576789705044809,40500
2021-01-05,6.270662784576416,6.665665264815463,6.2212877688462465,6.339788371654099,55800
2021-01-06,6.152162075042725,6.399038562049448,6.053411574415941,6.260787861171951,32000
2021-01-07,6.270662784576416,6.37928857259005,6.073161779896663,6.142286896094807,29400
2021-01-08,6.2311625480651855,6.379288536169081,6.122536760671724,6.369413250551705,25000
2021-01-11,6.221287727355957,6.270662742756841,6.1027866544588605,6.171912241075539,31300
2021-01-12,6.408913612365723,6.418788898231338,6.171912402145518,6.2212878897145005,18900
2021-01-13,6.329913139343262,6.408913541881159,6.290412938074313,6.399038727003693,15700
2021-01-14,6.448414325714111,6.458289140762606,6.310163147998783,6.320038433926829,25800
2021-01-15,6.300288200378418,6.49778920598796,6.29041291465817,6.428664089464391,12300
2021-01-19,6.320038318634033,6.557039526029033,6.2410379161690335,6.320038318634033,39900
2021-01-20,6.438539028167725,6.537289532872228,6.320038422522321,6.320038422522321,92100
2021-01-21,6.58666467666626,6.754540761336121,6.3792883921775525,6.3792883921775525,37400
2021-01-22,6.527414798736572,6.645915405850568,6.4582892091469635,6.596539917446625,17600
2021-01-25,6.557039737701416,6.566915023768103,6.369413540350378,6.478039332686149,38100
2021-01-26,6.606415271759033,6.715041064842661,6.438539174506032,6.557039782844776,23000
2021-01-27,6.320038318634033,6.665665314858178,6.2410379161690335,6.566914811776929,31800
2021-01-28,6.280538082122803,6.418788785659977,6.162037008211399,6.250912695925067,37800
2021-01-29,6.2410383224487305,6.310163443665749,6.1324125265482525,6.2212882205467865,27400
2021-02-01,6.191662311553955,6.310162913000076,6.142286825511638,6.221287697355251,26600
2021-02-02,6.300288200378418,6.359538502061281,6.201537697573647,6.211412512414354,8800
2021-02-03,6.320038318634033,6.399038721099033,6.1817876143202835,6.339788419250283,41000
2021-02-04,6.527414798736572,6.596539917446625,6.221287994918973,6.3792888044043,60300
2021-02-05,6.813791275024414,6.813791275024414,6.468164280316702,6.468164280316702,60100
2021-02-08,6.863166332244873,7.070542624494418,6.665665325759376,6.81379131606327,89000
2021-02-09,6.91254186630249,7.011292370216617,6.813791362388364,6.863166378905655,150600
2021-02-10,6.961917400360107,6.981667501275304,6.734791004395577,6.90266662673497,30600
2021-02-11,6.892791748046875,7.060667839715108,6.892791748046875,6.892791748046875,33100
2021-02-12,6.961917400360107,6.971792215377931,6.833541508971558,6.912541912632342,18400
2021-02-16,7.040917873382568,7.080418075602086,6.971792284058635,6.971792284058635,36600
2021-02-17,6.991542339324951,7.090292844226241,6.96191742329434,7.040917827215371,20400
2021-02-18,6.91254186630249,6.961917353699326,6.813791362388364,6.961917353699326,25200
2021-02-19,7.001417636871338,7.25816895004068,6.863166458900602,6.892791845859917,204300
2021-02-22,7.258169174194336,7.258169174194336,6.942167548226853,7.080418259587627,139800
2021-02-23,7.2680439949035645,7.396419411790205,6.83354131615003,6.922417003200388,127400
2021-02-24,7.307544231414795,7.35691924711166,7.2384186443837395,7.35691924711166,48400
2021-02-25,7.179168701171875,7.3569196141313355,7.139668498291995,7.297669309811515,91900
2021-02-26,7.28779411315918,7.347044414378416,7.021167522232846,7.307544213565592,50500
2021-03-01,7.32729434967041,7.366794550675679,7.297668963476689,7.347044450173044,48600
2021-03-02,7.28779411315918,7.327294313972004,7.208793711533531,7.327294313972004,30400
2021-03-03,7.228543758392334,7.317418974123051,7.218668472822514,7.287794059172656,45600
2021-03-04,7.110043048858643,7.2581690438097715,7.06066803112797,7.22854412734728,45700
2021-03-05,7.070542812347412,7.228544092613194,6.952042205307742,7.228544092613194,34300
2021-03-08,7.1297926902771,7.189043461139705,7.070542390294022,7.11004259028274,22900
2021-03-09,7.2384185791015625,7.317418980207684,6.991542090205169,7.119917977442381,42900
2021-03-10,7.159418106079102,7.3174189067042255,7.090292520365845,7.3174189067042255,23100
2021-03-11,7.2384185791015625,7.277918779654623,7.189043563850004,7.277918779654623,60800
2021-03-12,7.208793640136719,7.258168655223964,7.189043539925914,7.258168655223964,39900
2021-03-15,7.307544231414795,7.35691924711166,7.2087937291415285,7.248293930050835,89800
2021-03-16,7.386544704437256,7.406294805082294,7.25816881480474,7.307544301857105,153100
2021-03-17,7.465545177459717,7.554420866640758,7.34704457247136,7.426044975796931,154600
2021-03-18,7.416170120239258,7.505045338054422,7.317419145743118,7.4359202209625765,45900
2021-03-19,7.376669406890869,7.455670280224361,7.327294390796922,7.396419507504357,43500
2021-03-22,7.307544231414795,7.396419448020966,7.258168744838393,7.396419448020966,44700
2021-03-23,7.297669410705566,7.3865451038538295,7.228544290149866,7.3766698175575485,40000
2021-03-24,7.277918815612793,7.455670189859318,7.268044000865506,7.307544201613726,59900
2021-03-25,7.258169174194336,7.327294765314506,7.169293952330764,7.258169174194336,55900
2021-03-26,7.277918815612793,7.416169989111099,7.258168715238683,7.327294301987836,24700
2021-03-29,7.208793640136719,7.347044341612352,7.189043539925914,7.2877940409799375,24100
2021-03-30,7.347044467926025,7.356919282761434,7.2581687800096475,7.2581687800096475,14400
2021-03-31,7.307544231414795,7.347044432324101,7.2680440305054885,7.327294331869449,16800
2021-04-01,7.080418109893799,7.406295015222876,7.060668008688387,7.287794407990404,118500
2021-04-05,7.406294822692871,7.406294822692871,7.189043715080879,7.189043715080879,98300
2021-04-06,7.406294822692871,7.406294822692871,7.3766694362151,7.406294822692871,19600
2021-04-07,7.337169170379639,7.406294757634192,7.307544255041644,7.396419471935167,22200
2021-04-08,7.406294822692871,7.406294822692871,7.179168429295108,7.386544722000871,17800
2021-04-09,7.317419052124023,7.406294739681655,7.268044036387202,7.406294739681655,55000
2021-04-12,7.189043998718262,7.317419422841424,7.16929389724704,7.307544607545594,47300
2021-04-13,7.189043998718262,7.248294303131928,7.129793223425033,7.248294303131928,56200
2021-04-14,7.189043998718262,7.238419016956536,7.129793223425033,7.129793223425033,22200
2021-04-15,7.208793640136719,7.258168655223964,7.169293439715109,7.19891835459155,19500
2021-04-16,7.208793640136719,7.356919156277988,7.169293439715109,7.337169056067183,33700
2021-04-19,7.1297926902771,7.307544061105861,7.070542390294022,7.228543661128423,17800
2021-04-20,7.198918342590332,7.208793628119037,7.100167841700934,7.149542856705867,13700
2021-04-21,7.179168701171875,7.208794088771565,7.070542907812423,7.208794088771565,18700
2021-04-22,7.031042575836182,7.208793956411526,6.971792272604251,7.149543182300043,55800
2021-04-23,7.080418109893799,7.110043026262139,7.011292520235078,7.011292520235078,8500
2021-04-26,7.080418109893799,7.080418109893799,7.011292520235078,7.080418109893799,19800
2021-04-27,7.040917873382568,7.07054278960743,7.021167772272809,7.050792688497671,15900
2021-04-28,7.050792217254639,7.060667502589276,7.021167303009772,7.031042117464887,28700
2021-04-29,7.2680439949035645,7.287794095261473,7.060667705705751,7.080417806063661,29300
2021-04-30,7.2384185791015625,7.2384185791015625,7.14954289241741,7.208793664126534,8100
2021-05-03,7.189043998718262,7.238419016956536,7.110043121953812,7.238419016956536,10600
2021-05-04,7.208793640136719,7.23841855501316,7.139668053959136,7.208793640136719,12000
2021-05-05,7.189043998718262,7.238419016956536,7.149543324896256,7.1989188140140925,10200
2021-05-06,7.149543285369873,7.189043958973499,7.139668470128636,7.169293857611466,12300
2021-05-07,7.198918342590332,7.287794028830556,7.110042656350108,7.110042656350108,32800
2021-05-10,7.307544231414795,7.386544633233409,7.228543829596182,7.386544633233409,46700
2021-05-11,7.682796478271484,7.801297078953217,7.228543704778645,7.31741891985018,70000
2021-05-12,7.61367130279541,7.76179729707103,7.554420999261073,7.663046791180468,109600
2021-05-13,8.018548965454102,8.532052560454394,7.6531718421311945,7.742047536785795,263100
2021-05-14,8.048172950744629,8.107423720903503,7.9987984076644505,8.107423720903503,13500
2021-05-17,8.018548965454102,8.097549373645046,7.979048761358629,8.008673678990446,24300
2021-05-18,8.038299560546875,8.058049191769495,7.9790487833607076,7.9790487833607076,15700
2021-05-19,7.979047775268555,8.137048572123927,7.949422861297931,7.9691724900253345,13800
2021-05-20,8.028424263000488,8.04817389419591,7.909923650550488,8.028424263000488,10100
2021-05-21,7.979047775268555,8.04817288845302,7.949422861297931,7.988923060511774,12100
2021-05-24,7.919798374176025,8.02842369242885,7.919798374176025,7.998798776861549,11800
2021-05-25,7.87042236328125,8.018548352760826,7.830922162203968,7.919798320947161,24200
2021-05-26,7.8605475425720215,7.939547944667492,7.801297241000418,7.929672658965789,31000
2021-05-27,7.949423313140869,8.048173345908882,7.860547624418295,7.909923111681846,33500
2021-05-28,7.998798847198486,8.0975488805442,7.949423359646082,7.959298645508382,70000
2021-06-01,7.979047775268555,8.097548372910083,7.909922662084088,8.018547974482397,27000
2021-06-02,7.8605475425720215,8.048173262108996,7.8605475425720215,7.939547944667492,10700
2021-06-03,7.959298610687256,8.018548442083654,7.751921846402139,7.791422047919434,28900
2021-06-04,8.028424263000488,8.04817389419591,7.909923650550488,7.939548568223199,16600
2021-06-07,7.949423313140869,8.077799203322467,7.919798397486375,8.048173345908882,25600
2021-06-08,8.028424263000488,8.077799753627776,7.969173485895912,7.9790487723732,25300
2021-06-09,7.959298610687256,8.077799215239143,7.900047837531768,7.9987988122045515,46700
2021-06-10,8.028424263000488,8.0975493848232,7.939548568223199,7.998799345327776,21600
2021-06-11,7.979047775268555,8.05804817369624,7.909922662084088,8.04817288845302,26300
2021-06-14,7.988923072814941,8.018547986831187,7.949422873540267,7.979047787556514,41500
2021-06-15,7.939548015594482,8.03829898997554,7.900047814193877,8.008673132605772,29100
2021-06-16,7.979047775268555,8.07779874418268,7.890172091597649,7.9000473768408686,21700
2021-06-17,8.067923545837402,8.09754846012711,7.979047861209236,7.979047861209236,52400
2021-06-18,7.959298610687256,8.097548845118244,7.959298610687256,8.008673156264557,30100
2021-06-21,7.929672718048096,8.028423692282747,7.870422416035031,8.028423692282747,28300
2021-06-22,7.988923072814941,8.028423272089615,7.949422873540267,7.969172502298086,12100
2021-06-23,7.919798374176025,8.038298978204311,7.900047802625101,8.02842369242885,15700
2021-06-24,7.998798847198486,8.018548477163991,7.949423359646082,7.998798847198486,9100
2021-06-25,8.018548965454102,8.038299538381413,7.900048353167684,7.959299130190469,4200
2021-06-28,7.959298610687256,8.038299013721847,7.929672753229967,8.02842372790275,17700
2021-06-29,7.939548015594482,8.028423704185618,7.929672729804559,7.929672729804559,15000
2021-06-30,7.959298610687256,8.02842372790275,7.909923123350865,7.9790482405663585,35300
2021-07-01,7.929672718048096,8.018548406507465,7.9000478024813345,8.018548406507465,14700
2021-07-02,7.939548015594482,7.949423301384406,7.929672729804559,7.929672729804559,22400
2021-07-06,7.979047775268555,8.028423259725617,7.929672290811492,7.939547576054712,22200
2021-07-07,7.929672718048096,7.998798776715986,7.880297701810313,7.969172919390139,39300
2021-07-08,7.919798374176025,8.02842369242885,7.890172516849639,8.02842369242885,9300
2021-07-09,7.909923076629639,8.028423680481582,7.900047790868872,7.929672706392087,8900
2021-07-12,7.979047775268555,7.998798345754993,7.9000473768408686,7.9000473768408686,10100
2021-07-13,7.929672718048096,7.988923490940703,7.9000478024813345,7.988923490940703,13900
2021-07-14,7.909923076629639,7.94942327791362,7.850672303824125,7.909923076629639,15500
2021-07-15,7.880298137664795,7.949423729276437,7.860548035901408,7.92967315663348,15300
2021-07-16,7.761796951293945,7.949423139567309,7.702546650399126,7.890172367792955,70100
2021-07-19,7.544545650482178,7.8210475355555635,7.455670431359649,7.692671643525793,54900
2021-07-20,7.57417106628418,7.643296184656082,7.5247955781217755,7.5445456792108265,19500
2021-07-21,7.732172012329102,7.732172012329102,7.52479571177104,7.52479571177104,8500
2021-07-22,7.61367130279541,8.245675482254114,7.584045915588464,7.9987989820879335,24700
2021-07-23,7.692671775817871,7.7420472646413785,7.6235461856408735,7.6235461856408735,19100
2021-07-26,7.603795528411865,7.692671213445096,7.524795128773226,7.6531710136257765,27900
2021-07-27,7.544545650482178,7.702546929472491,7.544545650482178,7.554420936428876,6100
2021-07-28,7.564295291900635,7.653170976502759,7.50504499245906,7.633420876688901,6000
2021-07-29,7.584045886993408,7.6334213751923,7.5544209707777155,7.6334213751923,6600
2021-07-30,7.386544704437256,7.584045710887634,7.327294402502143,7.584045710887634,42400
2021-08-02,7.337169170379639,7.544545461263759,7.327294355560153,7.396419471935167,34100
2021-08-03,7.356919288635254,7.485295177754843,7.337169188069128,7.485295177754843,8700
2021-08-04,7.376669406890869,7.485295195704821,7.3569193062773826,7.485295195704821,9400
2021-08-05,7.396419525146484,7.47542039866841,7.337169223164697,7.47542039866841,6000
2021-08-06,7.376669406890869,7.475420380837848,7.376669406890869,7.416170078997386,9600
2021-08-09,7.435920238494873,7.465545154209928,7.396419566075556,7.396419566075556,5400
2021-08-10,7.495170593261719,7.495170593261719,7.416170189629268,7.495170593261719,16000
2021-08-11,7.4754204750061035,7.564295693446591,7.416170172419262,7.505045390859751,23000
2021-08-12,7.505045413970947,7.505045413970947,7.435920296179875,7.435920296179875,17800
2021-08-13,7.524795055389404,7.524795055389404,7.475420041536536,7.475420041536536,10800
2021-08-16,7.524795055389404,7.5544204404047415,7.426044556804147,7.524795055389404,14800
2021-08-17,7.376669406890869,7.53467068267831,7.327294390796922,7.435920179610873,74100
2021-08-18,7.505045413970947,7.524795514894047,7.416170195256775,7.416170195256775,57300
2021-08-19,7.396419525146484,7.4556702980078144,7.356919323825292,7.376669424485889,32800
2021-08-20,7.277918815612793,7.406294703484275,7.2285438001172855,7.376669317483342,46500
2021-08-23,7.228543758392334,7.307544159432764,7.228543758392334,7.307544159432764,28000
2021-08-24,7.2186689376831055,7.307544630016683,7.189044020824955,7.268044426952774,24200
2021-08-25,7.2186689376831055,7.297669343810925,7.189044020824955,7.189044020824955,40900
2021-08-26,7.258169174194336,7.307544663691538,7.248294358822635,7.248294358822635,10000
2021-08-27,7.228543758392334,7.297668873862944,7.228543758392334,7.258168673342729,21300
2021-08-30,7.248293876647949,7.347044378193657,7.238418591053612,7.238418591053612,36900
2021-08-31,7.307544231414795,7.347044432324101,7.2384186443837395,7.248293930050835,19800
2021-09-01,7.228543758392334,7.337169074383159,7.228543758392334,7.287794059172656,18400
2021-09-02,7.208793640136719,7.327294241401547,7.179168254380746,7.268043940769133,15800
2021-09-03,7.258169174194336,7.277919275817304,7.208794155576699,7.268044460445602,18200
2021-09-07,7.28779411315918,7.31741902832903,7.238418626703381,7.238418626703381,10000
2021-09-08,7.307544231414795,7.347044432324101,7.307544231414795,7.307544231414795,29100
2021-09-09,7.347044467926025,7.396419483862148,7.2581687800096475,7.317419081660719,52600
2021-09-10,7.356919288635254,7.386544674924213,7.307544272659709,7.366794574358087,7800
2021-09-13,7.356919288635254,7.37666938920138,7.307544272659709,7.356919288635254,7800
2021-09-14,7.258169174194336,7.347044866937473,7.110043176582296,7.347044866937473,65200
2021-09-15,7.060667991638184,7.277919104373096,7.021167789322745,7.238418902057657,42400
2021-09-16,7.070542812347412,7.110043014693969,7.0211677948539934,7.0211677948539934,16600
2021-09-17,7.110043048858643,7.24829422861546,7.100168233664331,7.24829422861546,5700
2021-09-20,7.119917869567871,7.20879355490546,7.021167369681398,7.021167369681398,17800
2021-09-21,7.100168228149414,7.129793144588895,7.090292942083216,7.119918329402253,6900
2021-09-22,7.070542812347412,7.129793115867247,7.070542812347412,7.090292913520691,5800
2021-09-23,7.179168701171875,7.198918802611815,7.070542907812423,7.070542907812423,18400
2021-09-24,7.208793640136719,7.208793640136719,7.100167853537527,7.100167853537527,21300
2021-09-27,7.159418106079102,7.218668406313523,7.159418106079102,7.218668406313523,9100
2021-09-28,7.110043048858643,7.1791686387370515,7.110043048858643,7.1791686387370515,8500
2021-09-29,7.169293403625488,7.1890435037368725,7.110042632411805,7.110042632411805,6400
2021-09-30,7.159418106079102,7.179168206157242,7.070542420287705,7.110042620443986,14700
2021-10-01,7.090292453765869,7.15941803882982,7.090292453765869,7.149542753443745,3800
2021-10-04,6.971791744232178,7.1594179256867525,6.971791744232178,7.0902923417152195,26800
2021-10-05,7.110043048858643,7.129793150126822,6.98166762605525,6.98166762605525,4000
2021-10-06,7.050792217254639,7.110042516623894,7.050792217254639,7.07054231704439,6400
2021-10-07,7.011291980743408,7.13966786414034,7.011291980743408,7.060667465397465,8100
2021-10-08,7.031042575836182,7.149543182300043,7.021167760737303,7.149543182300043,4100
2021-10-11,7.080418109893799,7.149543228672963,7.021167806277562,7.021167806277562,4400
2021-10-12,7.080418109893799,7.1297931274675515,7.011292520235078,7.021167806277562,14800
2021-10-13,7.119917869567871,7.119917869567871,7.011292084252987,7.090292484162165,9300
2021-10-14,7.090292453765869,7.110042553658494,7.001417239688817,7.031042154087992,12500
2021-10-15,7.060667991638184,7.1100430090927045,7.0310426044618275,7.100168193953622,5300
2021-10-18,7.050792217254639,7.110042516623894,6.9915419178853835,6.9915419178853835,5700
2021-10-19,7.080418109893799,7.100168211099211,7.060668008688387,7.090292925056727,7200
2021-10-20,7.070542812347412,7.100168199547107,7.0112925088275775,7.100168199547107,25600
2021-10-21,7.040917873382568,7.090292890717189,7.0014176711630505,7.0014176711630505,10100
2021-10-22,7.021167755126953,7.0310425702179415,7.0112924691564125,7.0310425702179415,6300
2021-10-25,7.050792217254639,7.080417602379027,7.040917402799524,7.060667502589276,12000
2021-10-26,7.040917873382568,7.080418075602086,7.031042587387912,7.031042587387912,6700
2021-10-27,7.021167755126953,7.0804180583115395,7.0112924691564125,7.0310425702179415,14700
2021-10-28,7.060667991638184,7.070542806777266,6.981667587007307,7.011292503304109,17200
2021-10-29,7.060667991638184,7.070542806777266,6.981667587007307,7.050792705619547,3200
2021-11-01,7.060667991638184,7.090292907934986,6.981667587007307,7.0310426044618275,30000
2021-11-02,7.031042575836182,7.070542777990802,6.981667558582682,7.060667962891923,4300
2021-11-03,7.050792217254639,7.060667502589276,6.981667103430269,6.981667103430269,19000
2021-11-04,7.040917873382568,7.080418075602086,7.031042587387912,7.040917873382568,7500
2021-11-05,7.080418109893799,7.090292925056727,6.991542419029666,7.03104262144049,12300
2021-11-08,7.100168228149414,7.100168228149414,7.011292537071857,7.060668025643735,14200
2021-11-09,7.110043048858643,7.119918334932511,7.06066803112797,7.090292947590462,45800
2021-11-10,7.366794586181641,7.386544686779465,7.080417892073416,7.080417892073416,57100
2021-11-11,7.366794586181641,7.455670274311622,7.356919300442958,7.366794586181641,29200
2021-11-12,7.445794582366943,7.445794582366943,7.317418700044872,7.406294383326231,45700
2021-11-15,7.426044940948486,7.505045343903331,7.416170126018903,7.455670327496326,21900
2021-11-16,7.465545177459717,7.495170564146579,7.406294874965538,7.48529527829111,16700
2021-11-17,7.485294818878174,7.702546385569141,7.465544719258951,7.5247950181166186,29300
2021-11-18,7.445794582366943,7.465544681887299,7.406294383326231,7.465544681887299,7400
2021-11-19,7.505045413970947,7.603795918586444,7.44579511120165,7.505045413970947,9800
2021-11-22,7.514920711517334,7.603795930369226,7.406294920832187,7.524795526554411,10600
2021-11-23,7.505045413970947,7.514920699872272,7.455670397102974,7.485295313047849,10600
2021-11-24,7.465545177459717,7.514920664977972,7.455670362483794,7.505045379122502,2200
2021-11-26,7.386544704437256,7.455670292134659,7.268044100567029,7.455670292134659,17000
2021-11-29,7.396419525146484,7.426044911577149,7.307544307613575,7.356919323825292,39300
2021-11-30,7.050792217254639,7.3766690992253015,7.021167303009772,7.3766690992253015,69500
2021-12-01,7.208793640136719,7.248293840558328,7.110042668203163,7.23841855501316,12800
2021-12-02,7.228543758392334,7.228543758392334,7.1100426859521555,7.179168272302299,44800
2021-12-03,7.1297926902771,7.248293761122783,7.1199178757196835,7.228543661128423,14300
2021-12-06,7.159418106079102,7.208793591714217,7.090292520365845,7.198918306235383,20400
2021-12-07,7.208793640136719,7.218668454802355,7.139668053959136,7.19891835459155,18200
2021-12-08,7.2186689376831055,7.228544223888865,7.159418633087242,7.1692939192930005,14400
2021-12-09,7.159418106079102,7.198918306235383,7.139668006000961,7.198918306235383,11000
2021-12-10,7.198918342590332,7.208793628119037,7.139668042056693,7.159418142234572,20900
2021-12-13,7.080418109893799,7.218668818331683,7.03104262144049,7.218668818331683,19100
2021-12-14,7.110043048858643,7.18904392481092,7.031042643785922,7.031042643785922,27400
2021-12-15,7.100168228149414,7.110043043336055,7.0310426383246964,7.0310426383246964,3700
2021-12-16,7.060667991638184,7.1100430090927045,6.991542402146389,7.0310426044618275,19000
2021-12-17,7.060667991638184,7.1100430090927045,7.011292503304109,7.011292503304109,15500
2021-12-20,7.031042575836182,7.090292879068112,7.011292474758871,7.080418063969233,6400
2021-12-21,7.060667991638184,7.1100430090927045,7.060667991638184,7.080418092795903,12700
2021-12-22,7.110043048858643,7.1692938235427395,7.06066803112797,7.090292947590462,19600
2021-12-23,7.198918342590332,7.208793628119037,7.110042656350108,7.159418142234572,19200
2021-12-27,7.198918342590332,7.198918342590332,7.070542455994349,7.070542455994349,15900
2021-12-28,7.189043998718262,7.1989188140140925,7.110043121953812,7.159418611071648,8200
2021-12-29,7.198918342590332,7.228543728296917,7.119917941878813,7.198918342590332,22600
2021-12-30,7.198918342590332,7.2186684427682115,7.169293427763278,7.208793628119037,35500
2021-12-31,7.258169174194336,7.258169174194336,7.179168767702465,7.189044053953732,19100
2022-01-03,7.406294822692871,7.584045728920864,7.258168832063105,7.258168832063105,23200
2022-01-04,7.524795055389404,7.801296922307644,7.4457946565211985,7.584045354540558,18700
2022-01-05,7.366794586181641,7.653171280289866,7.238418696856011,7.524795390964236,13000
2022-01-06,7.426044940948486,7.426044940948486,7.356919352923226,7.356919352923226,6600
2022-01-07,7.406294822692871,7.485295225460868,7.406294822692871,7.465545124768869,5700
2022-01-10,7.149543285369873,7.406295073955865,7.139668470128636,7.366794871231798,20100
2022-01-11,7.297669410705566,7.307544697001847,7.110043208992325,7.12979331070532,34800
2022-01-12,7.297669410705566,7.307544697001847,7.159418698714598,7.287794595288852,13900
2022-01-13,7.258169174194336,7.297669377440271,7.208794155576699,7.28779456206857,8200
2022-01-14,7.307544231414795,7.307544231414795,7.198918443474433,7.307544231414795,14800
2022-01-18,7.159418106079102,7.248293791870498,7.11991790592282,7.208793591714217,9400
2022-01-19,7.198918342590332,7.27791874330185,7.169293427763278,7.228543728296917,8700
2022-01-20,7.169293403625488,7.258168618686953,7.110042632411805,7.2384185185755685,7500
2022-01-21,7.100168228149414,7.189043919226971,7.060668025643735,7.110043043336055,17200
2022-01-24,6.981667518615723,7.100168124401221,6.932292030765324,7.100168124401221,31800
2022-01-25,6.922417163848877,6.981667466297625,6.8829164913368315,6.9619173654813755,16900
2022-01-26,6.991542339324951,7.011292440305209,6.882916548493759,6.912541935403921,16500
2022-01-27,7.100168228149414,7.139668430655093,7.040917924390895,7.040917924390895,45900
2022-01-28,7.189043998718262,7.189043998718262,7.070542919011368,7.08041820518676,9400
2022-01-31,7.189043998718262,7.208794100189484,7.021167900773094,7.021167900773094,7700
2022-02-01,7.208793640136719,7.208793640136719,7.110042668203163,7.169293439715109,7200
2022-02-02,7.208793640136719,7.258168655223964,7.19891835459155,7.19891835459155,5400
2022-02-03,7.2384185791015625,7.2384185791015625,7.159418177995442,7.159418177995442,9400
2022-02-04,7.119917869567871,7.228543654882754,7.119917869567871,7.228543654882754,2600
2022-02-07,7.110043048858643,7.218668841273411,7.100168233664331,7.218668841273411,10100
2022-02-08,7.61367130279541,7.801297499427255,7.110043016434212,7.179168605997384,80600
2022-02-09,7.435920238494873,7.633421246193729,7.426044952670157,7.633421246193729,11600
2022-02-10,7.386544704437256,7.416170090844584,7.297669016094815,7.307544301857105,18300
2022-02-11,7.277918815612793,7.465545004606605,7.268044000865506,7.297668915986903,16600
2022-02-14,7.258169174194336,7.426045273429344,7.110043176582296,7.110043176582296,20700
2022-02-15,7.208793640136719,7.258168655223964,7.169293439715109,7.248293840558328,7200
2022-02-16,7.1297926902771,7.426044661072017,7.11004259028274,7.159418075708402,77200
2022-02-17,7.070542812347412,7.258169008933334,7.031042610000855,7.258169008933334,23700
2022-02-18,7.070542812347412,7.1495432170405255,6.952042205307742,7.031042610000855,46700
2022-02-22,6.833541393280029,7.090292700830792,6.784165906388189,7.031042399088308,83400
2022-02-23,6.892791748046875,7.060667839715108,6.882916462240723,7.060667839715108,7900
2022-02-24,6.744665622711182,6.892791610694963,6.62616502067597,6.784165823389586,46300
2022-02-25,6.863166332244873,7.011292322548768,6.823666130947774,6.83354141671182,39300
2022-02-28,6.87304162979126,6.882916444692691,6.853291529108852,6.87304162979126,39700
2022-03-01,6.823666572570801,6.942167655010951,6.8137917570472055,6.902666980277852,25000
2022-03-02,6.91254186630249,6.981667454482152,6.813791362388364,6.813791362388364,29500
2022-03-03,6.784165859222412,6.873041546658015,6.774291044440422,6.873041546658015,20400
2022-03-04,6.774291038513184,6.774291038513184,6.665665250729106,6.774291038513184,25300
2022-03-07,6.6162896156311035,6.774290886372057,6.58666470109685,6.764415600940954,17700
2022-03-08,6.606415271759033,6.685415677318195,6.576789884234567,6.616290087014148,14300
2022-03-09,6.5965399742126465,6.665665564397109,6.5965399742126465,6.645915463041486,30400
2022-03-10,6.764415740966797,6.813791227385346,6.596539652199172,6.596539652199172,10700
2022-03-11,6.685415267944336,6.764415668665998,6.655789882233947,6.754540854015556,5100
2022-03-14,6.6459150314331055,6.754540817274288,6.6360397459568485,6.724915431725046,5300
2022-03-15,6.6459150314331055,6.685415231579076,6.5767894457378935,6.616289645883864,4200
2022-03-16,6.636040210723877,6.685415699804206,6.626165395435549,6.675540884515876,14800
2022-03-17,6.62616491317749,6.685415213233859,6.616289627728332,6.6360397277471215,10000
2022-03-18,6.695290565490723,6.7446655805906115,6.655789894179466,6.67554046527486,11800
2022-03-21,6.715041160583496,6.715041160583496,6.695291058912115,6.695291058912115,2500
2022-03-22,6.744665622711182,6.764415723050384,6.606414920336768,6.606414920336768,4600
2022-03-23,6.6459150314331055,6.764415631871016,6.6459150314331055,6.764415631871016,8000
2022-03-24,6.655789852142334,6.715040623295232,6.645915037536537,6.715040623295232,6200
2022-03-25,6.665665149688721,6.715040635445635,6.645915049561862,6.665665149688721,7200
2022-03-28,6.695290565490723,6.695290565490723,6.695290565490723,6.695290565490723,1300
2022-03-29,6.724915504455566,6.724915504455566,6.665665203595814,6.675540489178873,6200
2022-03-30,6.724915504455566,6.754540890325209,6.715040689752041,6.715040689752041,7300
2022-03-31,6.754540920257568,6.754540920257568,6.665665233134326,6.734790819883463,3900
2022-04-01,6.636040210723877,6.724915902716643,6.626165395435549,6.724915902716643,11900
2022-04-04,6.6162896156311035,6.724915400975598,6.6162896156311035,6.636039715613782,10300
2022-04-05,6.6162896156311035,6.695290486441344,6.6162896156311035,6.636039715613782,18000
2022-04-06,6.6162896156311035,6.734790686406701,6.576789415665747,6.715040586424022,19200
2022-04-07,6.58666467666626,6.64591497639453,6.537289191452939,6.64591497639453,25300
2022-04-08,6.5965399742126465,6.5965399742126465,6.527414854907742,6.547164956263367,9500
2022-04-11,6.5965399742126465,6.655790278279518,6.5965399742126465,6.606415260330238,7900
2022-04-12,6.5175395011901855,6.63604010809484,6.5175395011901855,6.576789804642512,10700
2022-04-13,6.527414798736572,6.645915405850568,6.517539512703961,6.547164899922238,6000
2022-04-14,6.58666467666626,6.685415176213376,6.52741437693799,6.52741437693799,9600
2022-04-18,6.468163967132568,6.576789279346016,6.468163967132568,6.507664166279189,10300
2022-04-19,6.468163967132568,6.547164365425809,6.418788482759535,6.448413867559259,6800
2022-04-20,6.45828914642334,6.507664634347742,6.379288742447937,6.46816443236004,15500
2022-04-21,6.379288673400879,6.448414261570942,6.379288673400879,6.428664160790859,10700
2022-04-22,6.379288673400879,6.458289076521211,6.379288673400879,6.458289076521211,8300
2022-04-25,6.359538555145264,6.497789260225941,6.359538555145264,6.448414243851186,23300
2022-04-26,6.2607879638671875,6.369413280898658,6.2607879638671875,6.320038265215136,16600
2022-04-27,6.2607879638671875,6.359538466113769,6.241037863417872,6.241037863417872,5300
2022-04-28,6.5175395011901855,6.596539905793288,6.32991330481804,6.32991330481804,37500
2022-04-29,6.5175395011901855,6.586665090657678,6.5175395011901855,6.5175395011901855,13500
2022-05-02,6.438539028167725,6.547164818782452,6.320038422522321,6.547164818782452,7400
2022-05-03,6.339788436889648,6.438538940245654,6.339788436889648,6.418788839574453,1900
2022-05-04,6.428663730621338,6.5076641284554135,6.339788047618246,6.339788047618246,8900
2022-05-05,6.339788436889648,6.50766452803463,6.320038336218447,6.50766452803463,17700
2022-05-06,6.359538555145264,6.408913571520019,6.310163067890963,6.310163067890963,5600
2022-05-09,6.329913139343262,6.428664113395175,6.280538123196847,6.36941334061221,13800
2022-05-10,6.280538082122803,6.487914372868334,6.280538082122803,6.418788785659977,9700
2022-05-11,6.290412902832031,6.478039093248125,6.280538088009889,6.389163405451149,12900
2022-05-12,6.04353666305542,6.349663469389843,5.934911341080971,6.250912962649636,35600
2022-05-13,6.132412433624268,6.320038634289436,6.05341202721358,6.162037350588493,12600
2022-05-16,6.102786540985107,6.280537911585919,6.033661426533259,6.171912126316482,23900
2022-05-17,6.132412433624268,6.181787923070731,6.033661925610907,6.033661925610907,17800
2022-05-18,6.2607879638671875,6.2607879638671875,6.092911874608232,6.112661975057549,4700
2022-05-19,6.221287727355957,6.270662742756841,6.1620369554676415,6.270662742756841,9000
2022-05-20,6.08303689956665,6.2212880806510285,6.073162084277516,6.201537979193198,18600
2022-05-23,6.112661838531494,6.1422867531040275,6.0336614384987,6.1422867531040275,4500
2022-05-24,6.04353666305542,6.142287169795628,6.04353666305542,6.04353666305542,9300
2022-05-25,6.053411960601807,6.142287181396066,6.033661859216465,6.102786978625382,3900
2022-05-26,6.112661838531494,6.122536653095829,6.043536253063036,6.043536253063036,6900
2022-05-27,6.142286777496338,6.162036877582968,6.073161662632897,6.112661862806157,9100
2022-05-31,6.17191219329834,6.211412393665087,6.17191219329834,6.17191219329834,8600
2022-06-01,6.221287727355957,6.221287727355957,6.132412040403018,6.171912241075539,9800
2022-06-02,6.270662784576416,6.270662784576416,6.142286896094807,6.142286896094807,7600
2022-06-03,6.280538082122803,6.379288584649356,6.260787981617492,6.260787981617492,10100
2022-06-06,6.290412902832031,6.290412902832031,6.241037886962243,6.290412902832031,5700
2022-06-07,6.379288673400879,6.389163488351148,6.290412984450733,6.290412984450733,4700
2022-06-08,6.320038318634033,6.339788419250283,6.320038318634033,6.339788419250283,2000
2022-06-09,6.389163494110107,6.418788880746708,6.260788074363628,6.260788074363628,13500
2022-06-10,6.339788436889648,6.408913553799081,6.211412547087069,6.320038336218447,17700
2022-06-13,6.2410383224487305,6.369413749371581,6.181788016742899,6.2410383224487305,19400
2022-06-14,6.181787490844727,6.270662706402879,6.17191220529408,6.270662706402879,7300
2022-06-15,6.21141242980957,6.270662730704471,6.083036542430853,6.270662730704471,13300
2022-06-16,6.132412433624268,6.201538024673403,6.083036944177805,6.171912636829612,6300
2022-06-17,6.17191219329834,6.17191219329834,6.053411592198099,6.092911792564847,3900
2022-06-21,6.092912197113037,6.142287215410034,6.073162095618326,6.112662298607749,11800
2022-06-22,6.073161602020264,6.0830364165252595,6.063286316635743,6.0830364165252595,5600
2022-06-23,6.092912197113037,6.112662298607749,5.984286403452342,6.0830369109259,8600
2022-06-24,6.073161602020264,6.122536616304291,5.964535817188162,6.023786116856711,3100
2022-06-27,6.073161602020264,6.0830364165252595,6.0139113023517154,6.053411502130747,10600
2022-06-28,6.023786544799805,6.0632867473850185,5.974411527008066,5.974411527008066,27600
2022-06-29,6.0040364265441895,6.033661813839179,6.0040364265441895,6.033661813839179,4300
2022-06-30,6.053411960601807,6.053411960601807,5.974411555060439,6.023786573084014,1900
2022-07-01,5.994161128997803,6.0336613282927205,5.964535744086855,6.004035943381773,12100
2022-07-05,5.915160655975342,5.974411429768353,5.895410555004188,5.925035941900694,3200
2022-07-06,5.954660892486572,6.0040359058568695,5.905285408236759,5.925035507760781,8600
2022-07-07,5.954660892486572,5.974410992010594,5.93491079296255,5.954660892486572,4000
2022-07-08,5.954660892486572,5.974410992010594,5.925035507760781,5.944785607284803,2800
2022-07-11,5.915160655975342,5.944786042871848,5.885535739958387,5.925035941900694,3900
2022-07-12,5.826285362243652,5.925035865831603,5.826285362243652,5.915160580033036,3000
2022-07-13,5.865785598754883,5.865785598754883,5.757159808718807,5.826285397083501,4200
2022-07-14,5.865785598754883,5.875660413732955,5.855910312897264,5.855910312897264,4000
2022-07-15,5.875660419464111,5.9250359070412735,5.875660419464111,5.9250359070412735,2000
2022-07-18,5.944786071777344,5.974411458817897,5.905285869642974,5.905285869642974,4100
2022-07-19,5.934911251068115,5.964536167201087,5.934911251068115,5.954661352116613,8600
2022-07-20,5.964536190032959,5.964536190032959,5.944786088908859,5.964536190032959,11500
2022-07-21,5.984286308288574,5.984286308288574,5.944786105927294,5.944786105927294,4800
2022-07-22,5.974411487579346,5.99416158874161,5.944786100396172,5.944786100396172,1700
2022-07-25,5.974411487579346,5.984286302720701,5.974411487579346,5.984286302720701,1400
2022-07-26,5.964536190032959,5.994161577158887,5.944786088908859,5.944786088908859,5100
2022-07-27,5.974411487579346,5.974411487579346,5.954661386417082,5.9645362015584364,6900
2022-07-28,5.954660892486572,5.994161091534616,5.954660892486572,5.994161091534616,5800
2022-07-29,5.895410537719727,5.954661311339024,5.885535722702876,5.944786025442625,12500
2022-08-01,5.974411487579346,5.984286302720701,5.915160713212999,5.915160713212999,5400
2022-08-02,5.934911251068115,5.934911251068115,5.934911251068115,5.934911251068115,600
2022-08-03,5.865785598754883,5.954661287955267,5.865785598754883,5.954661287955267,11100
2022-08-04,5.9250359535217285,5.964536155541509,5.865785650492057,5.865785650492057,5200
2022-08-05,5.895410537719727,5.925035924529375,5.855910335893228,5.905285823616126,9500
2022-08-08,5.994161128997803,6.083036341971609,5.8855353454970185,5.994161128997803,28200
2022-08-09,6.023786544799805,6.142287152555446,5.934911324422853,6.073162033471101,36900
2022-08-10,6.142286777496338,6.162036877582968,6.004036076889927,6.004036076889927,10500
2022-08-11,6.181787490844727,6.2015375910664865,6.132412004850561,6.162036919743435,24700
2022-08-12,6.2410383224487305,6.260788424350674,6.201538118644843,6.201538118644843,16700
2022-08-15,6.221287727355957,6.241037827692217,6.181787526683436,6.241037827692217,6500
2022-08-16,6.221287727355957,6.221287727355957,6.181787526683436,6.191662341411799,5900
2022-08-17,6.122537136077881,6.2212881147884636,6.122537136077881,6.2212881147884636,5800
2022-08-18,6.132412433624268,6.171912636829612,6.132412433624268,6.142287248985822,5000
2022-08-19,6.152162075042725,6.152162075042725,6.1225366894149245,6.1225366894149245,1300
2022-08-22,6.132412433624268,6.15216253522694,6.112662332021595,6.132412433624268,6400
2022-08-23,6.132412433624268,6.181787923070731,6.132412433624268,6.132412433624268,9200
2022-08-24,6.132412433624268,6.171912636829612,6.132412433624268,6.15216253522694,6100
2022-08-25,6.142286777496338,6.142286777496338,6.142286777496338,6.142286777496338,500
2022-08-26,6.152162075042725,6.171912175168081,6.1225366894149245,6.1225366894149245,7700
2022-08-29,6.112661838531494,6.162036853112227,6.0731616385150975,6.122536653095829,18900
2022-08-30,6.053411960601807,6.092912163372491,6.053411960601807,6.08303687724004,7500
2022-08-31,5.954660892486572,6.023786005380891,5.875660023510968,6.023786005380891,5200
2022-09-01,5.954660892486572,5.974410992010594,5.925035507760781,5.974410992010594,8300
2022-09-02,5.954660892486572,5.974410992010594,5.93491079296255,5.93491079296255,7300
2022-09-06,5.895410537719727,5.915160638632976,5.895410537719727,5.915160638632976,5600
2022-09-07,5.974411487579346,6.004036403882965,5.974411487579346,5.974411487579346,1800
2022-09-08,5.974411487579346,5.984286302720701,5.885535796909379,5.885535796909379,5300
2022-09-09,5.964536190032959,6.00403639228116,5.895410600658831,5.984286291157059,7600
2022-09-12,5.974411487579346,5.974411487579346,5.944786100396172,5.954661386417082,2200
2022-09-13,5.875660419464111,5.954661293763481,5.875660419464111,5.954661293763481,15600
2022-09-14,5.885535717010498,5.915160632911945,5.87566043112365,5.915160632911945,7700
2022-09-15,5.905285835266113,6.013911625943057,5.905285835266113,5.925035936218326,14300
2022-09-16,5.865785598754883,5.954661287955267,5.767035094576427,5.954661287955267,9300
2022-09-19,5.816410064697266,5.826285350475887,5.776909863341867,5.826285350475887,19800
2022-09-20,5.846035480499268,5.885535682052947,5.776909892340553,5.776909892340553,6500
2022-09-21,5.836160182952881,5.87566038442725,5.8065352672868755,5.855910283690066,1400
2022-09-22,5.727534770965576,5.796659886979046,5.648533898425196,5.796659886979046,7300
2022-09-23,5.520158290863037,5.638658889269088,5.490532905821764,5.618908789534746,5500
2022-09-26,5.530033111572266,5.737409394458184,5.530033111572266,5.737409394458184,5100
2022-09-27,5.2535319328308105,5.6090337431947415,5.046155641345414,5.6090337431947415,38100
2022-09-28,5.421407699584961,5.500408574914054,5.233781974457082,5.233781974457082,12200
2022-09-29,5.451032638549805,5.500408122711257,5.421407253877031,5.421407253877031,3000
2022-09-30,5.421407699584961,5.520158676026439,5.3917827833561605,5.520158676026439,3100
2022-10-03,5.411532402038574,5.470782700093654,5.381907017571279,5.470782700093654,9700
2022-10-04,5.431282997131348,5.431282997131348,5.372032693668189,5.431282997131348,11300
2022-10-05,5.3819074630737305,5.520158640859223,5.3819074630737305,5.401657564060294,8300
2022-10-06,5.411532402038574,5.411532402038574,5.411532402038574,5.411532402038574,300
2022-10-07,5.470783233642578,5.470783233642578,5.401657643730287,5.470783233642578,4500
2022-10-10,5.391782760620117,5.421407676723995,5.391782760620117,5.421407676723995,1100
2022-10-11,5.401657581329346,5.411532867293974,5.401657581329346,5.411532867293974,1000
2022-10-12,5.510283470153809,5.510283470153809,5.401657677016421,5.401657677016421,7000
2022-10-13,5.569533348083496,5.658409033019142,5.411532548979703,5.421407363483928,15100
2022-10-14,5.678159236907959,5.7077846227223,5.57940873565938,5.618908936158811,11600
2022-10-17,5.707784652709961,5.707784652709961,5.707784652709961,5.707784652709961,1500
2022-10-18,5.737409591674805,5.806535178639394,5.717659491239141,5.717659491239141,14300
2022-10-19,5.490532875061035,5.757159455420634,5.490532875061035,5.757159455420634,11100
2022-10-20,5.510283470153809,5.796660175887282,5.460908452094676,5.460908452094676,4200
2022-10-21,5.490532875061035,5.579408558807407,5.490532875061035,5.530033074308419,2400
2022-10-24,5.609033584594727,5.62878368461205,5.50040826993921,5.50040826993921,3400
2022-10-25,5.678159236907959,5.678159236907959,5.599158835909095,5.599158835909095,5200
2022-10-26,5.628783702850342,5.747284774217777,5.539908487924177,5.539908487924177,4800
2022-10-27,5.569533348083496,5.668283847523368,5.530033148307548,5.599158733355219,2700
2022-10-28,5.569533348083496,5.569533348083496,5.569533348083496,5.569533348083496,300
2022-10-31,5.5399088859558105,5.628784107267486,5.530033599765867,5.569533802766514,5200
2022-11-01,5.490532875061035,5.589283373179494,5.490532875061035,5.589283373179494,4200
2022-11-02,5.480658054351807,5.539908353154373,5.480658054351807,5.539908353154373,7900
2022-11-03,5.530033111572266,5.530033111572266,5.500408197376861,5.500408197376861,1000
2022-11-04,5.431282997131348,5.530033502903279,5.332532491359416,5.530033502903279,24800
2022-11-07,5.431282997131348,5.490533300594507,5.391782794822575,5.490533300594507,2800
2022-11-08,5.431282997131348,5.500408586611477,5.411532895976961,5.47078319944012,5000
2022-11-09,5.3325324058532715,5.44115819590038,5.3325324058532715,5.431282910041758,9000
2022-11-10,5.520158290863037,5.520158290863037,5.451032706353081,5.451032706353081,13300
2022-11-11,5.480658054351807,5.510282968313331,5.480658054351807,5.480658054351807,12800
2022-11-14,5.50040864944458,5.520158750824579,5.451033160554804,5.451033160554804,8300
2022-11-15,5.5399088859558105,5.569533802766514,5.460908479954515,5.520158784455487,14200
2022-11-16,5.470783233642578,5.490533334920439,5.431283031086856,5.480658519721287,13200
2022-11-17,5.569533348083496,5.609033547859444,5.500408233915349,5.500408233915349,95900
2022-11-18,5.50040864944458,5.599159156344574,5.480658548064581,5.569533768834796,10300
2022-11-21,5.490532875061035,5.549783173932111,5.460907961065256,5.460907961065256,4600
2022-11-22,5.490532875061035,5.539908359560024,5.451032675813652,5.539908359560024,11100
2022-11-23,5.480658054351807,5.539908353154373,5.47078276911162,5.539908353154373,12400
2022-11-25,5.490532875061035,5.530033074308419,5.490532875061035,5.530033074308419,1300
2022-11-28,5.480658054351807,5.530033067914187,5.381907085468012,5.43128256990991,13100
2022-11-29,5.441158294677734,5.47078321103231,5.381907520209473,5.381907520209473,24300
2022-11-30,5.441158294677734,5.480658497070205,5.352282603854897,5.431283008639839,17300
2022-12-01,5.431282997131348,5.559658890074636,5.401657609959991,5.530033502903279,21000
2022-12-02,5.391782760620117,5.5201586527490605,5.372032659591015,5.5201586527490605,15600
2022-12-05,5.352282524108887,5.431282927716767,5.352282524108887,5.381907440022068,22000
2022-12-06,5.3325324058532715,5.460908296738077,5.3325324058532715,5.460908296738077,12600
2022-12-07,5.372032165527344,5.411532363952731,5.283156483630467,5.342406781268549,9800
2022-12-08,5.3325324058532715,5.41153280920406,5.3325324058532715,5.41153280920406,4700
2022-12-09,5.273282051086426,5.381907369177602,5.273282051086426,5.332532353012398,26600
2022-12-12,5.21403169631958,5.322657013309908,5.194281595877744,5.253531897203252,22900
2022-12-13,5.293032169342041,5.3917826728806055,5.2634067828407,5.3917826728806055,10500
2022-12-14,5.3424072265625,5.411532815008356,5.332532411572833,5.381907428280261,11200
2022-12-15,5.3819074630737305,5.3819074630737305,5.3325324460470975,5.3325324460470975,4700
2022-12-16,5.312782287597656,5.401657505636144,5.29303218682471,5.401657505636144,22000
2022-12-19,5.2535319328308105,5.322657049406249,5.233781832255037,5.312782234558132,7700
2022-12-20,5.273282051086426,5.2831568659676496,5.233781849802445,5.233781849802445,15700
2022-12-21,5.233781814575195,5.2535319150842525,5.19428161355708,5.243656629389954,15100
2022-12-22,5.174530982971191,5.204156368835629,5.154780882688077,5.204156368835629,14600
2022-12-23,5.263406753540039,5.263406753540039,5.09553066301925,5.174531065410317,18300
2022-12-27,5.204156398773193,5.253531885204784,5.154780912341603,5.204156398773193,6500
2022-12-28,5.115280628204346,5.204156313981333,5.105405813606641,5.184406213906395,51500
2022-12-29,5.21403169631958,5.2337817967614155,5.046155607124207,5.105405908449714,139600
2022-12-30,5.21403169631958,5.2337817967614155,5.135030823672699,5.135030823672699,34000
2023-01-03,5.184406757354736,5.223906961645168,5.184406757354736,5.184406757354736,1700
2023-01-04,5.263406753540039,5.263406753540039,5.184406351148971,5.184406351148971,8200
2023-01-05,5.233781814575195,5.263406729899012,5.233781814575195,5.263406729899012,3300
2023-01-06,5.243656635284424,5.283156836346942,5.233781820458564,5.273282021521082,9200
2023-01-09,5.50040864944458,5.539908852204578,5.233782045374817,5.243656860625037,33000
2023-01-10,5.599158763885498,5.618908863881162,5.441157963920181,5.441157963920181,13800
2023-01-11,5.589283466339111,5.589283466339111,5.322656881535503,5.579408651802436,17700
2023-01-12,5.490532875061035,5.569533273555803,5.43128257618996,5.4707827754373435,8500
2023-01-13,5.50040864944458,5.510283464694799,5.431283059174805,5.431283059174805,4700
2023-01-17,5.510283470153809,5.510283470153809,5.401657677016421,5.510283470153809,6700
2023-01-18,5.549783706665039,5.5596589928645885,5.470783300586891,5.470783300586891,6800
2023-01-19,5.233781814575195,5.530033322211059,5.233781814575195,5.5201585073962995,101900
2023-01-20,5.362157344818115,5.421407647586986,5.214031823335712,5.283156941126287,6300
2023-01-23,5.3325324058532715,5.401657523345438,5.3325324058532715,5.401657523345438,34800
2023-01-24,5.293032169342041,5.381907387086978,5.2634067828407,5.381907387086978,11400
2023-01-25,5.263406753540039,5.322657055333339,5.253531938680926,5.322657055333339,2900
2023-01-26,5.3819074630737305,5.3819074630737305,5.164656352221536,5.253532042100845,9400
2023-01-27,5.391782760620117,5.41153286164922,5.332532457532809,5.362157373636688,11300
2023-01-30,5.362157344818115,5.3819074457410725,5.352282529796411,5.362157344818115,2200
2023-01-31,5.470783233642578,5.530033537476161,5.3522826259754135,5.362157441174565,15200
2023-02-01,5.441158294677734,5.51028341342478,5.441158294677734,5.50040859826644,7200
2023-02-02,5.480658054351807,5.510282968313331,5.43128256990991,5.47078276911162,7300
2023-02-03,5.451032638549805,5.470782738038483,5.451032638549805,5.470782738038483,9700
2023-02-06,5.441158294677734,5.50040859826644,5.431283008639839,5.50040859826644,2600
2023-02-07,5.470783233642578,5.470783233642578,5.470783233642578,5.470783233642578,500
2023-02-08,5.3819074630737305,5.431282950979914,5.312782345060535,5.431282950979914,9700
2023-02-09,5.243656635284424,5.3127822225836,5.243656635284424,5.3127822225836,35600
2023-02-10,5.283156871795654,5.302906972459431,5.273282056903537,5.302906972459431,1700
2023-02-13,5.431282997131348,5.431282997131348,5.233781985587484,5.233781985587484,10400
2023-02-14,5.530033111572266,5.549783211329043,5.362157028199902,5.362157028199902,17200
2023-02-15,5.50040864944458,5.520158750824579,5.283157063385034,5.283157063385034,2600
2023-02-16,5.50040864944458,5.50040864944458,5.401657671665027,5.431283059174805,1300
2023-02-17,5.3819074630737305,5.490533253939603,5.3819074630737305,5.391782749006787,1800
2023-02-21,5.21403169631958,5.441158086840461,5.21403169631958,5.441158086840461,17000
2023-02-22,5.223906993865967,5.233782280439274,5.125156482530799,5.223906993865967,14800
2023-02-23,5.21403169631958,5.21403169631958,5.12515600889155,5.12515600889155,2000
2023-02-24,5.223906993865967,5.283157300667067,5.125156482530799,5.125156482530799,4600
2023-02-27,5.2535319328308105,5.283156848254701,5.1646562448000575,5.1646562448000575,7100
2023-02-28,5.0955305099487305,5.233781680859553,4.9375297099129645,5.233781680859553,107300
2023-03-01,5.194281578063965,5.233781778812171,5.125155991314837,5.125155991314837,8600
2023-03-02,5.21403169631958,5.2337817967614155,5.194281595877744,5.2337817967614155,5200
2023-03-03,5.21403169631958,5.21403169631958,5.21403169631958,5.21403169631958,0
2023-03-06,5.204156398773193,5.3226570011535665,5.144906097583007,5.144906097583007,6400
2023-03-07,5.184406757354736,5.243657063790383,5.184406757354736,5.243657063790383,3300
2023-03-08,5.184406757354736,5.312782656738428,5.184406757354736,5.302907370226031,3500
2023-03-09,5.194281578063965,5.28315679430766,5.194281578063965,5.233781778812171,46300
2023-03-10,5.0461554527282715,5.263406550941289,5.036280167369736,5.194281436949636,8600
2023-03-13,4.967155456542969,5.026405760864729,4.967155456542969,4.977030271823481,6100
2023-03-14,5.115280628204346,5.12515591368158,5.006655313231948,5.006655313231948,5600
2023-03-15,4.937529563903809,5.036280061005982,4.8190289673812,5.036280061005982,17800
2023-03-16,4.92765474319458,5.046155821765652,4.868404439348823,4.888154540630742,7900
2023-03-17,4.858529567718506,4.996780275086233,4.838779466665973,4.888154483857528,9300
2023-03-20,4.937529563903809,5.036280061005982,4.8782792656425045,5.036280061005982,2800
2023-03-21,4.937529563903809,5.026405246735521,4.937529563903809,5.026405246735521,800
2023-03-22,4.898029327392578,5.046155307346369,4.898029327392578,4.957279625198193,7000
2023-03-23,4.907904624938965,4.9177799109855505,4.907904624938965,4.9177799109855505,2400
2023-03-24,4.937529563903809,4.957279663324243,4.898029365062939,4.917779464483374,4100
2023-03-27,4.937529563903809,4.967154948474217,4.898029365062939,4.9474048490537825,3400
2023-03-28,4.88815450668335,4.9177798938402635,4.88815450668335,4.9177798938402635,5800
2023-03-29,5.0264058113098145,5.05603072832823,4.848654425681056,4.848654425681056,7800
2023-03-30,4.937529563903809,5.016529961585547,4.937529563903809,5.016529961585547,4000
2023-03-31,4.967155456542969,4.9869055579835555,4.937530068942308,4.937530068942308,2300
2023-04-03,4.838779449462891,5.036280459286049,4.838779449462891,4.967155341287719,9200
2023-04-04,4.828903675079346,4.907904071017572,4.828903675079346,4.858529058995932,3000
2023-04-05,4.79927921295166,4.917779817992554,4.789403927091812,4.868404330452408,10300
2023-04-06,4.789403438568115,4.9177793163743955,4.789403438568115,4.907904031521836,2500
2023-04-10,4.79927921295166,4.917779817992554,4.79927921295166,4.809154027931961,2000
2023-04-11,4.79927921295166,4.858529515472107,4.79927921295166,4.858529515472107,3600
2023-04-12,4.848654270172119,4.868404371177482,4.848654270172119,4.868404371177482,2300
2023-04-13,4.898029327392578,4.927654240855631,4.848653843781478,4.848653843781478,13200
2023-04-14,4.937529563903809,4.937529563903809,4.898029365062939,4.898029365062939,12000
2023-04-17,4.937529563903809,5.006655147315087,4.85852916622207,4.937529563903809,6400
2023-04-18,4.917779922485352,4.927654737675472,4.917779922485352,4.927654737675472,1500
2023-04-19,4.868404388427734,4.927654691653763,4.868404388427734,4.917779876555867,3500
2023-04-20,4.88815450668335,4.907904607828107,4.838779489261232,4.838779489261232,3600
2023-04-21,4.809154033660889,4.937529924714559,4.759779016941472,4.898029722987206,12300
2023-04-24,4.809154033660889,4.848654235388241,4.769653831933536,4.769653831933536,3000
2023-04-25,4.749903678894043,4.848654182127689,4.749903678894043,4.769653779540772,4900
2023-04-26,4.789403438568115,4.858529019897535,4.789403438568115,4.838778921071915,1000
2023-04-27,4.700528621673584,4.858529425467809,4.700528621673584,4.769653737893789,25900
2023-04-28,4.7400288581848145,4.799279160052182,4.661027984815449,4.7400288581848145,16800
2023-05-01,4.6807780265808105,4.7104034125817495,4.591902810337066,4.7104034125817495,33700
2023-05-02,4.690653324127197,4.690653324127197,4.4931523198841825,4.4931523198841825,28700
2023-05-03,4.661027908325195,4.68077800862354,4.591902792720755,4.64127780802685,6400
2023-05-04,4.483277320861816,4.680778337731671,4.483277320861816,4.670903522327962,23600
2023-05-05,4.483277320861816,4.641278134357701,4.483277320861816,4.522777524235788,10200
2023-05-08,4.35490083694458,4.503026815053339,4.345026022873065,4.503026815053339,45700
2023-05-09,4.433901309967041,4.512902178307421,4.3549009125061735,4.512902178307421,395500
2023-05-10,4.591902732849121,4.73015343313495,4.591902732849121,4.73015343313495,26800
2023-05-11,4.601778030395508,4.641278234622798,4.601778030395508,4.631403419005764,9800
2023-05-12,4.522777557373047,4.601777964699805,4.443777150046288,4.601777964699805,49000
2023-05-15,4.582027435302734,4.591902720736867,4.48327693535905,4.48327693535905,8900
2023-05-16,4.631402969360352,4.680777984411042,4.4734021677908915,4.4734021677908915,19600
2023-05-17,4.591902732849121,4.680777947593104,4.552402532767456,4.552402532767456,6000
2023-05-18,4.641278266906738,4.680778471408785,4.562277857902644,4.562277857902644,78100
2023-05-19,4.552402496337891,4.64127771037067,4.552402496337891,4.601777510605096,13000
2023-05-22,4.591902732849121,4.690653233053284,4.591902732849121,4.6215276474706055,6700
2023-05-23,4.670903205871582,4.690653306220487,4.542527318163933,4.542527318163933,8900
2023-05-24,4.611652851104736,4.700528537079283,4.591902750985896,4.700528537079283,6300
2023-05-25,4.641278266906738,4.661028369157761,4.641278266906738,4.661028369157761,1400
2023-05-26,4.582027435302734,4.601777535291472,4.54252723532526,4.572152620748129,2300
2023-05-30,4.601778030395508,4.601778030395508,4.522777621940928,4.572153112664829,5000
2023-05-31,4.493152618408203,4.601777942519134,4.47340251667171,4.601777942519134,7100
2023-06-01,4.47340202331543,4.591902620665365,4.46352673809651,4.47340202331543,2500
2023-06-02,4.572152614593506,4.641277729021272,4.503027029286214,4.503027029286214,500
2023-06-05,4.572152614593506,4.572152614593506,4.572152614593506,4.572152614593506,0
2023-06-06,4.503026962280273,4.631402845563761,4.503026962280273,4.631402845563761,5100
2023-06-07,4.552402496337891,4.64127771037067,4.49315219668953,4.591902696103465,12400
2023-06-08,4.414151668548584,4.661028171665787,4.39440156713439,4.591903052155889,17300
2023-06-09,4.47340202331543,4.582027335446445,4.404276439421543,4.522777036771478,4500
2023-06-12,4.453652381896973,4.582027806792078,4.433901809427425,4.433901809427425,7100
2023-06-13,4.562277793884277,4.621528099805941,4.522777589936502,4.522777589936502,26900
2023-06-14,4.51290225982666,4.55240245927061,4.463526775081963,4.503026974525913,9900
2023-06-15,4.47340202331543,4.532652321990397,4.433901353319269,4.46352673809651,12200
2023-06-16,4.414151668548584,4.483277258938043,4.39440156713439,4.453652342256532,13500
2023-06-20,4.4042768478393555,4.4832772533985175,4.4042768478393555,4.453652336753612,2400
2023-06-21,4.493152618408203,4.493152618408203,4.394401638846166,4.394401638846166,4300
2023-06-22,4.47340202331543,4.503026937213155,4.46352673809651,4.47340202331543,4100
2023-06-23,4.453652381896973,4.4734024834869555,4.404276892482233,4.4734024834869555,11800
2023-06-26,4.4240264892578125,4.443776588594162,4.414151204149882,4.443776588594162,2800
2023-06-27,4.443777084350586,4.473402472099932,4.414151696601241,4.443777084350586,23200
2023-06-28,4.414151668548584,4.473402443670726,4.414151668548584,4.443777056109655,19400
2023-06-29,4.414151668548584,4.463527157523849,4.414151668548584,4.433901769962778,26100
2023-06-30,4.3944010734558105,4.4635266560795195,4.3944010734558105,4.453651841921565,40400
2023-07-03,4.3944010734558105,4.453651841921565,4.3944010734558105,4.3944010734558105,27600
2023-07-05,4.443777084350586,4.473402472099932,4.305526373572623,4.374651493521823,47600
2023-07-06,4.4240264892578125,4.463526687930511,4.394401104813533,4.433901303486231,3400
2023-07-07,4.522777557373047,4.522777557373047,4.443777150046288,4.443777150046288,3500
2023-07-10,4.3746514320373535,4.512902611751799,4.3746514320373535,4.493152510489672,17800
2023-07-11,4.433901309967041,4.463526694454623,4.3647761976285375,4.3647761976285375,20900
2023-07-12,4.3944010734558105,4.453651841921565,4.374650974260395,4.414151172651226,8500
2023-07-13,4.35490083694458,4.46352661700827,4.345026022873065,4.46352661700827,16900
2023-07-14,4.433901309967041,4.433901309967041,4.335150813140957,4.394401111236608,23900
2023-07-17,4.38452672958374,4.39440154480087,4.38452672958374,4.39440154480087,11600
2023-07-18,4.364776611328125,4.4141516289812435,4.325276408853807,4.364776611328125,25100
2023-07-19,4.3944010734558105,4.414151172651226,4.364776160102441,4.414151172651226,2000
2023-07-20,4.433901309967041,4.5326522776726375,4.414151210601824,4.414151210601824,27000
2023-07-21,4.503026962280273,4.503026962280273,4.473402048217634,4.473402048217634,3400
2023-07-24,4.47340202331543,4.6017774350047675,4.47340202331543,4.503026937213155,3000
2023-07-25,4.453652381896973,4.591903093026851,4.443777095662199,4.512902686666921,3300
2023-07-26,4.572152614593506,4.572152614593506,4.483276929324062,4.483276929324062,1500
2023-07-27,4.572152614593506,4.572152614593506,4.47340211478275,4.483276929324062,16600
2023-07-28,4.503026962280273,4.562277261285071,4.4931521478859,4.562277261285071,5500
2023-07-31,4.51290225982666,4.582027373413811,4.51290225982666,4.562277273691837,1400
2023-08-01,4.503026962280273,4.552402446890698,4.503026962280273,4.552402446890698,900
2023-08-02,4.503026962280273,4.532652347222432,4.503026962280273,4.503026962280273,8000
2023-08-03,4.453652381896973,4.512902686666921,4.453652381896973,4.463527197252182,2200
2023-08-04,4.47340202331543,4.582027335446445,4.433901353319269,4.433901353319269,2800
2023-08-07,4.443777084350586,4.522777490509422,4.443777084350586,4.443777084350586,2300
2023-08-08,4.483277320861816,4.512902708832078,4.443777117487845,4.443777117487845,3600
2023-08-09,4.463526725769043,4.542527123784147,4.433901341073621,4.4931521104644645,13000
2023-08-10,4.443777084350586,4.443777084350586,4.414151696601241,4.433901798140949,23400
2023-08-11,4.4240264892578125,4.49315207237479,4.414151204149882,4.414151204149882,22600
2023-08-14,4.4042768478393555,4.4437770506189365,4.3845267464495645,4.3845267464495645,13300
2023-08-15,4.35490083694458,4.641277508211078,4.35490083694458,4.5919024960944945,35600
2023-08-16,3.999399423599243,4.453652213914993,3.9302738352017865,4.364776524672485,28000
2023-08-17,4.34502649307251,4.9079046115666545,4.236400701253819,4.236400701253819,28800
2023-08-18,4.275900840759277,4.591902925553513,4.196900437280605,4.493152421205173,22300
2023-08-21,4.147524833679199,4.433901523720501,4.088274532727158,4.275900721181723,43500
2023-08-22,4.127775192260742,4.285776483244598,4.098150273930985,4.108025089747708,9300
2023-08-23,4.157400131225586,4.206775617600622,4.117899930477372,4.147524845598764,3500
2023-08-24,4.157400131225586,4.157400131225586,4.127774745224658,4.127774745224658,700
2023-08-25,4.196900367736816,4.216650468279219,4.1574001666520095,4.167274981483441,2000
2023-08-28,4.266026020050049,4.275900835031882,4.157400229972601,4.196900431659028,6600
2023-08-29,4.157400131225586,4.275900733470228,4.157400131225586,4.266025918722942,5400
2023-08-30,4.236400604248047,4.246275890041599,4.147524915624248,4.147524915624248,11800
2023-08-31,4.246275901794434,4.285776103318885,4.157400212924645,4.157400212924645,2400
2023-09-01,4.285776138305664,4.285776138305664,4.226525835535299,4.226525835535299,5300
2023-09-05,4.236400604248047,4.256150704955608,4.147524915624248,4.196900402832924,7200
2023-09-06,4.246275901794434,4.285776103318885,4.177150313686871,4.226525801032208,12300
2023-09-07,4.196900367736816,4.285776055617402,4.196900367736816,4.246275854532595,8400
2023-09-08,4.266026020050049,4.285776120893263,4.187025145797648,4.226525818363622,4200
2023-09-11,4.236400604248047,4.27590080566317,4.206775688626477,4.27590080566317,2800
2023-09-12,4.226525783538818,4.26602598489978,4.187025111298313,4.196900397078325,2400
2023-09-13,4.266026020050049,4.266026020050049,4.187025145797648,4.206775717520408,3400
2023-09-14,4.18702507019043,4.196900355873487,4.18702507019043,4.196900355873487,7900
2023-09-15,4.216650485992432,4.275900787868539,4.147524898363868,4.266025972995625,65500
2023-09-18,4.275900840759277,4.285776126633885,4.187025151405997,4.285776126633885,1500
2023-09-19,4.196900367736816,4.206775653447788,4.196900367736816,4.206775653447788,3100
2023-09-20,4.206775665283203,4.295650882534291,4.196900379544448,4.246275866479141,12800
2023-09-21,4.246275901794434,4.256150716735774,4.14752492710376,4.206775700269982,28400
2023-09-22,4.216650485992432,4.275900787868539,4.147524898363868,4.2364005866178,4100
2023-09-25,4.157400131225586,4.157400131225586,4.157400131225586,4.157400131225586,500
2023-09-26,4.147524833679199,4.24627580614547,4.147524833679199,4.206775605510775,2900
2023-09-27,4.157400131225586,4.256150633096121,4.147524845598764,4.1969003319738,23900
2023-09-28,4.137650012969971,4.266025900286637,4.137650012969971,4.256150614702494,14900
2023-09-29,4.18702507019043,4.18702507019043,4.127774768730702,4.127774768730702,8100
2023-10-02,4.078399658203125,4.196900258369531,4.078399658203125,4.147524772860431,12400
2023-10-03,4.196900367736816,4.256150669364026,4.038899563397589,4.038899563397589,19700
2023-10-04,4.009274482727051,4.127775095013468,3.9993996671429706,4.117900279429388,4100
2023-10-05,4.0191497802734375,4.117900290784421,4.0191497802734375,4.038899882375635,2200
2023-10-06,4.1178998947143555,4.147524809578463,3.999399293498864,4.098149794511774,14900
2023-10-09,4.167275428771973,4.2265262076383205,4.088275018122963,4.196900818205147,16000
2023-10-10,4.058650016784668,4.1574005280817055,4.038899914525261,4.108025036993396,7800
2023-10-11,4.078399658203125,4.09814975823086,4.019149358119922,4.029024172694025,1800
2023-10-12,4.048774719238281,4.088274923650005,4.009274514826558,4.009274514826558,8900
2023-10-13,3.979649305343628,4.078399809136866,3.979649305343628,4.058649708378218,11400
2023-10-16,3.999399423599243,4.0487744402721,3.9697740368918915,3.9697740368918915,20300
2023-10-17,3.9895238876342773,4.098149670912104,3.9500236884204343,3.9895238876342773,8000
2023-10-18,3.9401490688323975,3.9401490688323975,3.9401490688323975,3.9401490688323975,400
2023-10-19,3.8611483573913574,3.9796491940696432,3.8413982571849377,3.9697739085266672,14600
2023-10-20,3.8315234184265137,3.9302739249056384,3.792022980395085,3.9105238236098137,30000
2023-10-23,3.792022943496704,3.9302738866620035,3.792022943496704,3.851273482247419,4000
2023-10-24,3.841398239135742,3.8907734894197974,3.792022753411922,3.792022753411922,2700
2023-10-25,3.821647882461548,3.930273667925901,3.7525225324459,3.930273667925901,18300
2023-10-26,3.8018977642059326,3.8018977642059326,3.762397564386613,3.762397564386613,1000
2023-10-27,3.772272825241089,3.861148515243168,3.762397774734166,3.821648077775702,19100
2023-10-30,3.772272825241089,3.8315233637224004,3.762397774734166,3.772272825241089,10300
2023-10-31,3.7525227069854736,3.8315233461176454,3.7525227069854736,3.8315233461176454,9700
2023-11-01,3.762397527694702,3.8512732118611934,3.7130222784020734,3.7130222784020734,6200
2023-11-02,3.8018977642059326,3.8117728141607623,3.782147664296273,3.782147664296273,4600
2023-11-03,3.8018977642059326,3.861148299374674,3.722897364567294,3.762397564386613,39100
2023-11-06,3.8018977642059326,3.8413981994650146,3.762397564386613,3.792022714251103,38700
2023-11-07,3.792022943496704,3.792022943496704,3.762397791841235,3.792022943496704,5300
2023-11-08,3.841398239135742,3.851273289192553,3.792022753411922,3.792022753411922,10600
2023-11-09,3.821647882461548,3.831523167903547,3.722897382439194,3.792022732454842,5900
2023-11-10,3.871023416519165,3.871023416519165,3.6833972286809926,3.752522579564616,60200
2023-11-13,3.762397527694702,3.841398162002668,3.7031472285435476,3.762397527694702,7700
2023-11-14,3.9203989505767822,3.930274001416934,3.7623979016945706,3.7920230542150257,42700
2023-11-15,3.8808984756469727,3.9203986762435195,3.8413982750504263,3.9203986762435195,8600
2023-11-16,3.8907735347747803,3.9105236351186305,3.752522596928061,3.9105236351186305,9400
2023-11-17,3.8117730617523193,3.8907737019621624,3.801898011156061,3.801898011156061,14700
2023-11-20,3.85127329826355,3.8710233984236897,3.752522562023084,3.752522562023084,16900
2023-11-21,3.821647882461548,3.8710233679124886,3.801897782457077,3.8512732679080175,7400
2023-11-22,3.8018977642059326,3.871023349329504,3.7525225144317833,3.8018977642059326,12500
2023-11-24,3.7525227069854736,3.8710235479638437,3.7525227069854736,3.7525227069854736,3600
2023-11-27,3.7327725887298584,3.7623977399769477,3.67352228623568,3.7623977399769477,21700
2023-11-28,3.7821476459503174,3.801897745764176,3.722897346508742,3.722897346508742,6200
2023-11-29,3.772272825241089,3.8117730272687793,3.762397774734166,3.8018979767618566,8700
2023-11-30,3.762397527694702,3.8117727769873304,3.762397527694702,3.7722725775532275,33500
2023-12-01,3.8117730617523193,3.8413984489808715,3.7722728593672867,3.8216481123485773,3800
2023-12-04,3.8018977642059326,3.8216478641155924,3.792022714251103,3.8018977642059326,3900
2023-12-05,3.8315234184265137,3.900648772961901,3.792022980395085,3.792022980395085,8000
2023-12-06,3.85127329826355,3.85127329826355,3.801897812423434,3.8413982481834794,4100
2023-12-07,3.8315234184265137,3.8413984690744263,3.7821479297471723,3.8413984690744263,14500
2023-12-08,3.8315234184265137,3.8710236210181637,3.8117730816909097,3.8512735197223384,7600
2023-12-11,3.742647409439087,3.861148242594182,3.7130222600102525,3.8216478079159777,37900
2023-12-12,3.7525227069854736,3.8512734470407444,3.7525227069854736,3.841398396579195,14600
2023-12-13,3.7821476459503174,3.841398180831654,3.75252249622953,3.75252249622953,8400
2023-12-14,3.8117730617523193,3.8216481123485773,3.801898011156061,3.8117730617523193,13700
2023-12-15,3.8018977642059326,3.8216478641155924,3.7525225144317833,3.7525225144317833,19500
2023-12-18,3.8018977642059326,3.8315231495101845,3.782147664296273,3.8315231495101845,28600
2023-12-19,3.8315234184265137,3.8315234184265137,3.8117730816909097,3.8216481323388223,14500
2023-12-20,3.85127329826355,3.8710233984236897,3.811772862503504,3.821647912583574,19900
2023-12-21,3.871023416519165,3.890773516771629,3.8216479304482394,3.8216479304482394,12900
2023-12-22,3.8808984756469727,3.8907735257961096,3.821647939312386,3.821647939312386,20400
2023-12-26,3.8808984756469727,3.910523626094383,3.83152322490129,3.900648575945246,16800
2023-12-27,3.8808984756469727,3.9500238266909293,3.83152322490129,3.8413982750504263,59000
2023-12-28,3.900648832321167,3.9401490355139233,3.861148629128411,3.861148629128411,22300
2023-12-29,4.048774719238281,4.2265261099706155,3.8808988504884567,3.930274106003111,38600
2024-01-02,3.9895238876342773,4.127774584882728,3.9598989736636536,4.127774584882728,12300
2024-01-03,4.137650012969971,4.187025028252088,3.959899110371186,3.959899110371186,19500
2024-01-04,4.147524833679199,4.187025034313893,4.078399718008251,4.127774733361852,13100
2024-01-05,4.167275428771973,4.177150715542894,4.108025120785216,4.1475253261097205,45200
2024-01-08,4.18702507019043,4.18702507019043,4.117899953927183,4.127774768730702,7000
2024-01-09,4.108024597167969,4.157400082969894,4.088274497023105,4.13764998282503,11400
2024-01-10,4.088274955749512,4.147525262832307,4.058650037647906,4.058650037647906,11800
2024-01-11,4.078399658203125,4.147524772860431,4.078399658203125,4.088274472777228,6600
2024-01-12,3.9895238876342773,4.078399571305183,3.9895238876342773,4.03889937209134,2600
2024-01-16,4.048774719238281,4.088274923650005,3.9500242082089727,4.078400107986863,3000
2024-01-17,4.048774719238281,4.048774719238281,3.989524412620696,3.989524412620696,5100
2024-01-18,4.048774719238281,4.187025434679313,4.048774719238281,4.117900312398587,12700
2024-01-19,3.9895238876342773,4.0487741864550415,3.9598989736636536,4.0487741864550415,24900
2024-01-22,3.999399423599243,4.0487744402721,3.9598992219091387,4.0487744402721,24100
2024-01-23,3.9895238876342773,4.009273987241198,3.9500236884204343,3.9500236884204343,6400
2024-01-24,3.950023889541626,4.068524493216785,3.950023889541626,3.999399376512713,13200
2024-01-25,3.9598991870880127,3.9993993884307746,3.9500239013125507,3.9500239013125507,3100
2024-01-26,3.9598991870880127,4.019149489102156,3.9500239013125507,3.979649287759394,5400
2024-01-29,3.9598991870880127,4.009274203326694,3.9598991870880127,3.9993993884307746,6300
2024-01-30,3.979649305343628,4.0191495068609235,3.969774019524532,3.969774019524532,7700
2024-01-31,3.950023889541626,3.999399376512713,3.950023889541626,3.9796492759001865,7900
2024-02-01,3.9895238876342773,3.9993991728774967,3.9598989736636536,3.9598989736636536,6100
2024-02-02,3.950023889541626,3.999399376512713,3.950023889541626,3.999399376512713,18000
2024-02-05,3.871023416519165,3.9796492033474826,3.851273316266701,3.969773917781484,23300
2024-02-06,3.8808984756469727,3.9500238266909293,3.8808984756469727,3.940148776541793,14400
2024-02-07,3.8907735347747803,3.920398685290556,3.87102343443093,3.8808984846028554,14700
2024-02-08,3.8808984756469727,3.910523626094383,3.851273325199563,3.851273325199563,9800
2024-02-09,3.9105236530303955,3.9203987032475522,3.8512733517274547,3.8512733517274547,16600
2024-02-12,3.9895238876342773,4.0487741864550415,3.9006484394031307,3.979649073270575,9800
2024-02-13,3.9105236530303955,3.9993993404245756,3.9105236530303955,3.9993993404245756,17600
2024-02-14,3.900648832321167,3.950024086312112,3.8808987307247893,3.9401490355139233,37400
2024-02-15,4.009274482727051,4.009274482727051,3.8710237683928974,3.91052397248837,43800
2024-02-16,4.088274955749512,4.147525262832307,3.930274136862059,3.930274136862059,36100
2024-02-20,4.246275901794434,4.246275901794434,4.078399809875743,4.078399809875743,21700
2024-02-21,4.177150249481201,4.394401354526385,4.019149445811976,4.246275836526256,26200
2024-02-22,4.137650012969971,4.23640051441374,4.048774326230811,4.196900313836232,20700
2024-02-23,4.127775192260742,4.157400581470086,4.108025089747708,4.157400581470086,10300
2024-02-26,4.256150722503662,4.285776109126921,4.127774831935449,4.127774831935449,43700
2024-02-27,4.246275901794434,4.325276304843336,4.226525801032208,4.226525801032208,21200
2024-02-28,4.206775665283203,4.384526570664922,4.206775665283203,4.31540098313226,18900
2024-02-29,4.266026020050049,4.345026423422903,4.206775717520408,4.206775717520408,8100
2024-03-01,4.3252763748168945,4.414151594244945,4.216650583427551,4.216650583427551,5600
2024-03-04,4.3252763748168945,4.374651392081466,4.216650583427551,4.374651392081466,8600
2024-03-05,4.295650959014893,4.374651362813306,4.226525841131056,4.236400656166082,21700
2024-03-06,4.285776138305664,4.345026441076029,4.216650549633798,4.216650549633798,9300
2024-03-07,4.266026020050049,4.266026020050049,4.246275919206836,4.246275919206836,2000
2024-03-08,4.305526256561279,4.404276761576081,4.246275953552399,4.335151172625944,16000
2024-03-11,4.226525783538818,4.275900799800249,4.206775682858337,4.256150699119768,7500
2024-03-12,4.246275901794434,4.315401019022451,4.246275901794434,4.256150716735774,10800
2024-03-13,4.18702507019043,4.345026344962577,4.18702507019043,4.305526143989424,16100
2024-03-14,4.147524833679199,4.295650821499071,4.108024633044504,4.15740011927764,6000
2024-03-15,4.275900840759277,4.275900840759277,4.137650134671601,4.206775723155213,1600
2024-03-18,4.246275901794434,4.315401019022451,4.196900414449097,4.196900414449097,42900
2024-03-19,4.256150722503662,4.295650924081643,4.226525806759949,4.226525806759949,6700
2024-03-20,4.3252763748168945,4.345026475898634,4.305526273735155,4.305526273735155,4900
2024-03-21,4.31540060043335,4.345025984142831,4.295650501586862,4.295650501586862,2700
2024-03-22,4.246275901794434,4.325276304843336,4.246275901794434,4.325276304843336,17100
2024-03-25,4.157400131225586,4.295650833844335,4.157400131225586,4.246275818348836,5900
2024-03-26,4.157400131225586,4.1969003319738,4.157400131225586,4.157400131225586,14600
2024-03-27,4.1178998947143555,4.216650395727266,4.1178998947143555,4.216650395727266,10900
2024-03-28,4.236400604248047,4.305526192164284,4.147524915624248,4.206775688626477,21500
2024-04-01,4.196900367736816,4.295650870448833,4.196900367736816,4.206775653447788,8000
2024-04-02,4.196900367736816,4.226525753990192,4.196900367736816,4.196900367736816,7300
2024-04-03,4.1178998947143555,4.246275781470904,4.1178998947143555,4.20677558106574,16200
2024-04-04,4.108024597167969,4.196900283259622,4.108024597167969,4.127774697312833,2700
2024-04-05,4.1178998947143555,4.236400495929847,4.068524408768135,4.1178998947143555,24800
2024-04-08,4.09814977645874,4.1969002770366375,4.07839967634316,4.09814977645874,18500
2024-04-09,3.979649305343628,4.048774422559122,3.979649305343628,4.048774422559122,6000
2024-04-10,4.009274482727051,4.0290245847747865,3.9796495650952344,3.9796495650952344,2400
2024-04-11,3.979649305343628,4.078399809136866,3.950023918765884,4.029024321800475,8900
2024-04-12,3.9598991870880127,4.078399791116299,3.900648649634098,3.979649287759394,16300
2024-04-15,3.9302737712860107,4.068524474953085,3.9105236707621427,3.9105236707621427,4800
2024-04-16,3.871023416519165,3.9401487674027886,3.8611483663929334,3.9302737172765565,33400
2024-04-17,3.9302737712860107,3.9500238718098784,3.9105236707621427,3.9105236707621427,6800
2024-04-18,3.9302737712860107,3.9500238718098784,3.9105236707621427,3.9105236707621427,9000
2024-04-19,3.9302737712860107,3.9500238718098784,3.9302737712860107,3.9500238718098784,4800
2024-04-22,3.950023889541626,4.038899577737766,3.9203987386228363,3.9203987386228363,3800
2024-04-23,3.8907735347747803,3.9697739361501814,3.8907735347747803,3.920398685290556,11600
2024-04-24,3.8611483573913574,3.9500238083202475,3.8611483573913574,3.8907735077009877,10400
2024-04-25,3.85127329826355,3.9006485486638995,3.85127329826355,3.85127329826355,10500
2024-04-26,3.871023416519165,3.871023416519165,3.851273316266701,3.851273316266701,7400
2024-04-29,3.85127329826355,3.93027369890411,3.85127329826355,3.8808984485037596,8300
2024-04-30,3.8018977642059326,3.9203985991036534,3.8018977642059326,3.9203985991036534,1700
2024-05-01,3.8117730617523193,3.8907737019621624,3.8117730617523193,3.831523398384613,4600
2024-05-02,3.871023416519165,3.880898466645397,3.8018978301957755,3.8018978301957755,6400
2024-05-03,3.85127329826355,3.8611483483436198,3.821647912583574,3.821647912583574,6800
2024-05-06,3.85127329826355,3.8907734985838296,3.811772862503504,3.85127329826355,20500
2024-05-07,3.841398239135742,3.851273289192553,3.821647903582355,3.841398239135742,11700
2024-05-08,3.85127329826355,3.85127329826355,3.821647912583574,3.821647912583574,20500
2024-05-09,3.841398239135742,3.851273289192553,3.821647903582355,3.821647903582355,6300
2024-05-10,3.8117730617523193,3.831523398384613,3.8117730617523193,3.831523398384613,7200
2024-05-13,3.8018977642059326,3.8216478641155924,3.8018977642059326,3.8117728141607623,14300
2024-05-14,3.792022943496704,3.821648095152173,3.792022943496704,3.801897994048527,8200
2024-05-15,3.7821476459503174,3.8216478455780343,3.772272596043388,3.8216478455780343,48700
2024-05-16,3.8018977642059326,3.8018977642059326,3.772272614341443,3.772272614341443,6500
2024-05-17,3.821647882461548,3.821647882461548,3.7821476824526066,3.7821476824526066,16200
2024-05-20,3.8117730617523193,3.930273904347195,3.801898011156061,3.801898011156061,14800
2024-05-21,3.7821476459503174,3.8216478455780343,3.772272596043388,3.8216478455780343,8900
2024-05-22,3.7821476459503174,3.811772795671105,3.772272596043388,3.772272596043388,11100
2024-05-23,3.772272825241089,3.7821478757480116,3.772272825241089,3.7821478757480116,16900
2024-05-24,3.772272825241089,3.7821478757480116,3.772272825241089,3.772272825241089,8400
2024-05-28,3.792022943496704,3.792022943496704,3.7228975896339427,3.7426476907375887,30300
2024-05-29,3.7821476459503174,3.7920226958572467,3.7031472466948836,3.7920226958572467,3400
2024-05-30,3.7525227069854736,3.7920229088316724,3.7525227069854736,3.7623977574470233,1000
2024-05-31,3.772272825241089,3.7920229262549343,3.732772623213398,3.7525227242272434,6200
2024-06-03,3.772272825241089,3.7920229262549343,3.7426476737203207,3.7525227242272434,22400
2024-06-04,3.742647409439087,3.7623975090583093,3.7130222600102525,3.742647409439087,9100
2024-06-05,3.7228972911834717,3.742647390703828,3.7228972911834717,3.7327723409436495,5400
2024-06-06,3.7525227069854736,3.7821478583701227,3.7130225051392753,3.7426476565239244,9100
2024-06-07,3.7525227069854736,3.7525227069854736,3.7327726060623747,3.7327726060623747,900
2024-06-10,3.742647409439087,3.742647409439087,3.6833971105814185,3.7130222600102525,10800
2024-06-11,3.7228972911834717,3.742647390703828,3.7130222414232934,3.7327723409436495,4000
2024-06-12,3.7327725887298584,3.752522689561251,3.7130224878984657,3.722897538314162,5200
2024-06-13,3.693272352218628,3.7327725535087035,3.67352225157359,3.703147402541147,24900
2024-06-14,3.64389705657959,3.7031473577988265,3.6043968557667654,3.6932723075956204,22900
2024-06-17,3.663647174835205,3.6833972753378394,3.6537721245838877,3.6833972753378394,1900
2024-06-18,3.663647174835205,3.713022426091791,3.6537721245838877,3.713022426091791,9800
2024-06-20,3.663647174835205,3.6932723255891564,3.6537721245838877,3.6537721245838877,2900
2024-06-21,3.6340219974517822,3.6833972483465547,3.6043968469149186,3.6735221981676003,17500
2024-06-24,3.6241469383239746,3.653772088787687,3.614271888169404,3.614271888169404,1800
2024-06-25,3.6241469383239746,3.6735221890968286,3.6241469383239746,3.6340219884785454,4100
2024-06-26,3.6340219974517822,3.6438970476307366,3.614271897093873,3.624146947272828,12200
2024-06-27,3.614271879196167,3.653772079716382,3.5846467288060055,3.6241469293262205,19700
2024-06-28,3.742647409439087,3.752522459248698,3.5945216622949165,3.6043967121045277,16900
2024-07-01,3.713022470474243,3.74264762158231,3.6735222689968214,3.74264762158231,3900
2024-07-02,3.6735222339630127,3.703147384788549,3.6537721334126556,3.663647183687834,2000
2024-07-03,3.6537721157073975,3.6537721157073975,3.6043968645707642,3.6340220152527443,10000
2024-07-05,3.64389705657959,3.7031473577988265,3.64389705657959,3.6833972573924143,10400
2024-07-08,3.584646701812744,3.634021952091205,3.574771416317287,3.634021952091205,13100
2024-07-09,3.5550215244293213,3.59452196240546,3.5550215244293213,3.5846469117713697,24700
2024-07-10,3.5253961086273193,3.604396743226087,3.5056460088375676,3.555021258311947,5100
2024-07-11,3.5747716426849365,3.5945219794867493,3.5451464906418866,3.5550215413229034,30400
2024-07-12,3.594521999359131,3.594521999359131,3.545146510241295,3.555021560976906,15900
2024-07-15,3.6043968200683594,3.624146920279164,3.5648963842069836,3.574771434312386,12700
2024-07-16,3.614271879196167,3.643897029586328,3.5747714432361852,3.5747714432361852,28800
2024-07-17,3.535271406173706,3.584646894546679,3.525396355587067,3.5550215073469844,18100
2024-07-18,3.5550215244293213,3.5846469117713697,3.4858961699906907,3.4858961699906907,3100
2024-07-19,3.5253961086273193,3.5747713581016987,3.5056460088375676,3.555021258311947,2800
2024-07-22,3.535271406173706,3.5945219451333186,3.535271406173706,3.5550215073469844,22000
2024-07-23,3.535271406173706,3.5747716085202628,3.535271406173706,3.535271406173706,9000
2024-07-24,3.4957711696624756,3.59452191000354,3.4957711696624756,3.59452191000354,19700
2024-07-25,3.4957711696624756,3.5253963211328623,3.4957711696624756,3.5155212706427337,16400
2024-07-26,3.4463958740234375,3.5056461762217177,3.3970206221915373,3.4858960754889576,28600
2024-07-29,3.4266457557678223,3.4266457557678223,3.377270504188413,3.4266457557678223,16000
2024-07-30,3.406895637512207,3.456270888836199,3.406895637512207,3.416770687777005,13500
2024-07-31,3.43652081489563,3.5056461672840546,3.426645764554426,3.4661459659192406,8300
2024-08-01,3.4463958740234375,3.5056461762217177,3.3970206221915373,3.3970206221915373,27400
2024-08-02,3.4266457557678223,3.4266457557678223,3.4068956551360587,3.4068956551360587,15700
2024-08-05,3.3476452827453613,3.3673953829612233,3.2686446464421466,3.2686446464421466,10800
2024-08-06,3.357520580291748,3.377270681963129,3.3476455294560576,3.3476455294560576,3900
2024-08-07,3.327894926071167,3.3476452616020547,3.3180198760256054,3.337770211556493,5600
2024-08-08,3.3673954010009766,3.37727045116181,3.3180199147570413,3.3377702505184756,12000
2024-08-09,3.3081448078155518,3.4858959430994205,3.3081448078155518,3.426645643151385,33400
2024-08-12,3.3081448078155518,3.3673953432033503,3.3081448078155518,3.3673953432033503,11100
2024-08-13,3.3081448078155518,3.337770193229333,3.2982697578242126,3.337770193229333,12500
2024-08-14,3.2982699871063232,3.3180200884619473,3.278519885750699,3.308145037784135,23900
2024-08-15,3.327894926071167,3.327894926071167,3.298269775934483,3.308144825980044,5300
2024-08-16,3.327894926071167,3.3476452616020547,3.298269775934483,3.337770211556493,6500
2024-08-19,3.3180201053619385,3.337770442257938,3.2982700039057193,3.308145054633829,20700
2024-08-20,3.3476452827453613,3.3673953829612233,3.29826979676594,3.29826979676594,28300
2024-08-21,3.357520580291748,3.4266459361415817,3.308145090673512,3.39702078363451,17000
2024-08-22,3.3673954010009766,3.3673954010009766,3.3377702505184756,3.3377702505184756,3100
2024-08-23,3.3476452827453613,3.3673953829612233,3.3180198969818018,3.3575203328532925,18900
2024-08-26,3.337770462036133,3.3476455128227576,3.2982700234498514,3.327895175809726,58400
2024-08-27,3.337770462036133,3.3772706651826323,3.327895175809726,3.337770462036133,15300
2024-08-28,3.327894926071167,3.337770211556493,3.2883947258889212,3.308144825980044,24600
2024-08-29,3.327894926071167,3.337770211556493,3.2883947258889212,3.2883947258889212,31300
2024-08-30,3.2982699871063232,3.3476454759351624,3.278519885750699,3.3180200884619473,8100
2024-09-03,3.3081448078155518,3.3673953432033503,3.2785196578415343,3.3081448078155518,6100
2024-09-04,3.327894926071167,3.3476452616020547,3.298269775934483,3.337770211556493,14300
2024-09-05,3.337770462036133,3.357520563609383,3.268644871089977,3.357520563609383,17800
2024-09-06,3.3180201053619385,3.3180201053619385,3.3180201053619385,3.3180201053619385,600
2024-09-09,3.327894926071167,3.357520311647616,3.2785196758433597,3.327894926071167,11600
2024-09-10,3.3081448078155518,3.337770193229333,3.3081448078155518,3.337770193229333,4100
2024-09-11,3.327894926071167,3.357520311647616,3.2785196758433597,3.2785196758433597,12900
2024-09-12,3.3180201053619385,3.3180201053619385,3.2982700039057193,3.308145054633829,1400
2024-09-13,3.327894926071167,3.327894926071167,3.2785196758433597,3.327894926071167,7600
2024-09-16,3.327894926071167,3.337770211556493,3.3180198760256054,3.327894926071167,3000
2024-09-17,3.327894926071167,3.3476452616020547,3.3180198760256054,3.3476452616020547,23400
2024-09-18,3.3081448078155518,3.318019857806891,3.3081448078155518,3.318019857806891,600
2024-09-19,3.3180201053619385,3.347645492986048,3.2785199024495006,3.327895156090048,22300
2024-09-20,3.327894926071167,3.337770211556493,3.3180198760256054,3.3180198760256054,5400
2024-09-23,3.327894926071167,3.337770211556493,3.3180198760256054,3.337770211556493,13000
2024-09-24,3.3081448078155518,3.337770193229333,3.3081448078155518,3.337770193229333,7600
2024-09-25,3.2883946895599365,3.318019839369333,3.278519639623471,3.2982697394964022,23500
2024-09-26,3.2883946895599365,3.2982697394964022,3.2686445896870056,3.278519639623471,8000
2024-09-27,3.2982699871063232,3.2982699871063232,3.278519885750699,3.2883949364285114,2200
2024-09-30,3.327894926071167,3.337770211556493,3.268644625797798,3.268644625797798,4700
2024-10-01,3.3180201053619385,3.347645492986048,3.28839495317761,3.327895156090048,4200
2024-10-02,3.3081448078155518,3.3081448078155518,3.2883947078328735,3.2883947078328735,1900
2024-10-03,3.3081448078155518,3.318019857806891,3.2982697578242126,3.318019857806891,1800
2024-10-04,3.3081448078155518,3.32789490779823,3.2982697578242126,3.32789490779823,5700
2024-10-07,3.3180201053619385,3.3180201053619385,3.2785199024495006,3.2982700039057193,10600
2024-10-08,3.278519868850708,3.298269970104525,3.2686448182237995,3.298269970104525,6000
2024-10-09,3.2686445713043213,3.327894870589894,3.2686445713043213,3.288394671066179,18500
2024-10-10,3.2192695140838623,3.2587697159656632,3.169894261731611,3.2587697159656632,13400
2024-10-11,3.2093944549560547,3.239019606287491,3.1797693036246177,3.1797693036246177,12100
2024-10-14,3.1896443367004395,3.219269487870564,3.1600191855303152,3.2093944374805226,11500
2024-10-15,3.2192695140838623,3.239019615024763,3.1205190093793593,3.1600192112611607,8500
2024-10-16,3.199519395828247,3.209394446245257,3.179769294994227,3.189644345411237,6800
2024-10-17,3.1896443367004395,3.1896443367004395,3.1896443367004395,3.1896443367004395,800
2024-10-18,3.199519395828247,3.2488946479132963,3.1698942445772174,3.179769294994227,10200
2024-10-21,3.2192695140838623,3.248894665495213,3.179769312202061,3.179769312202061,5100
2024-10-22,3.169894218444824,3.2093944197872264,3.169894218444824,3.1995193694516257,12900
2024-10-23,3.1106438636779785,3.1600191145186294,3.0810184777338208,3.1600191145186294,20100
2024-10-24,3.179769277572632,3.1896443279355373,3.0908938243064816,3.100768874669387,17200
2024-10-25,3.3180201053619385,3.327895156090048,3.189644445896515,3.189644445896515,23100
2024-10-28,3.1896443367004395,3.2390195886506468,3.1303940343601906,3.2390195886506468,39800
2024-10-29,3.3081448078155518,3.3081448078155518,3.1698941079368033,3.1797691579281424,19100
2024-10-30,3.278519868850708,3.308145020731433,3.2192695650892578,3.2883949194776165,59500
2024-10-31,3.1896443367004395,3.278519790210813,3.169894235920357,3.219269487870564,29600
2024-11-01,3.2192695140838623,3.2291445645543124,3.169894261731611,3.169894261731611,4400
2024-11-04,3.1896443367004395,3.2093944374805226,3.1600191855303152,3.2093944374805226,8100
2024-11-05,3.2192695140838623,3.248894665495213,3.1995194131429616,3.1995194131429616,3300
2024-11-06,3.2686445713043213,3.3180198207089653,3.229144371780606,3.239019421661535,6100
2024-11-07,3.2686445713043213,3.2686445713043213,3.1995192221378197,3.2587695214233925,4800
2024-11-08,3.2192695140838623,3.2192695140838623,3.1995194131429616,3.209394463613412,22200
2024-11-11,3.278519868850708,3.3180200713583416,3.1896444132085326,3.2390196663430744,36100
2024-11-12,3.2390196323394775,3.3081449860021506,3.2093944807697605,3.2982699354789116,11000
2024-11-13,3.327894926071167,3.327894926071167,3.268644625797798,3.268644625797798,37000
2024-11-14,3.22914457321167,3.3278950781809233,3.2192695227147445,3.288394876193222,25400
2024-11-15,3.2883946895599365,3.327894889305799,3.209394290068212,3.25876953975054,45400
2024-11-18,3.2390196323394775,3.2982699354789116,3.1995194302465215,3.2982699354789116,29600
2024-11-19,3.248894691467285,3.248894691467285,3.199519438720322,3.2291445903684997,14700
2024-11-20,3.248894691467285,3.2785198431154634,3.1698942870721436,3.258769742016678,26200
2024-11-21,3.278519868850708,3.308145020731433,3.2291446157161663,3.298269970104525,43400
2024-11-22,3.278519868850708,3.2883949194776165,3.1995194638354407,3.2390196663430744,8500
2024-11-25,3.4760210514068604,3.4858961018479118,3.2390196053818574,3.2390196053818574,123600
2024-11-26,3.3970205783843994,3.6537721200390476,3.3476453271892304,3.505646131013771,184500
2024-11-27,3.5253961086273193,3.6142717931209627,3.4760208591529405,3.6142717931209627,6100
2024-11-29,3.5253961086273193,3.564896308206823,3.4562707593631887,3.4760208591529405,8400
2024-12-02,3.693272352218628,3.703147402541147,3.5550214122635926,3.5550214122635926,45700
2024-12-03,3.6735222339630127,3.6932723345133702,3.5945218317615835,3.6833972842381915,10700
2024-12-04,3.6537721157073975,3.6537721157073975,3.614271914798091,3.614271914798091,7600
2024-12-05,3.663647174835205,3.6932723255891564,3.6142719235786194,3.6142719235786194,6100
2024-12-06,3.6735222339630127,3.703147384788549,3.643897083137477,3.643897083137477,5000
2024-12-09,3.6833972930908203,3.7327725445853814,3.663647192492996,3.6833972930908203,7500
2024-12-10,3.7228972911834717,3.7327723409436495,3.6833970921427595,3.6932721419029377,10800
2024-12-11,3.584646701812744,3.732772452648127,3.5550213162059023,3.7031473024810504,42900
2024-12-12,3.6241469383239746,3.722897439869682,3.564896401956783,3.564896401956783,43000
2024-12-13,3.762397527694702,3.801897727128805,3.6833971288264964,3.6833971288264964,74800
2024-12-16,3.6043968200683594,3.801897822176407,3.5648963842069836,3.801897822176407,64600
2024-12-17,3.614271879196167,3.6735221799764894,3.5747714432361852,3.5747714432361852,13700
2024-12-18,3.6043968200683594,3.752522571649395,3.6043968200683594,3.683397220911578,14500
2024-12-19,3.5550215244293213,3.7130225700145405,3.5550215244293213,3.60439701303955,40300
2024-12-20,3.5451462268829346,3.6142718119468857,3.426645627527182,3.5846466621079474,38100
2024-12-23,3.535271406173706,3.614272046306597,3.4957712038271493,3.4957712038271493,8600
2024-12-24,3.584646701812744,3.6932722524253583,3.535271216094518,3.535271216094518,26900
2024-12-26,3.6241469383239746,3.6735221890968286,3.574771452111354,3.6735221890968286,6600
2024-12-27,3.505645990371704,3.624146823925776,3.4661457910002667,3.4661457910002667,56100
2024-12-30,3.505645990371704,3.604396724240057,3.387145392257392,3.525396090057423,123400
2024-12-31,3.6241469383239746,3.6735221890968286,3.5253962013385,3.5253962013385,29300
2025-01-02,3.6537721157073975,3.6932723166167043,3.5945218143434374,3.6241469650254174,5300
2025-01-03,3.614271879196167,3.653772079716382,3.5352712427159703,3.643897029586328,13300
2025-01-06,3.6537721157073975,3.6636471659347243,3.525396227312382,3.545146327767035,18600
2025-01-07,3.6043968200683594,3.6438970204899688,3.574771434312386,3.6438970204899688,7200
2025-01-08,3.5451462268829346,3.5846466621079474,3.4858959272050583,3.5846466621079474,18700
2025-01-10,3.584646701812744,3.6241469020355126,3.485895965816057,3.485895965816057,2500
2025-01-13,3.614271879196167,3.614271879196167,3.5648963931061317,3.614271879196167,31000
2025-01-14,3.6241469383239746,3.6735221890968286,3.5056461010293587,3.5550213518022122,54700
2025-01-15,3.6833972930908203,3.7031473936886448,3.584646790101698,3.584646790101698,35600
2025-01-16,3.7031474113464355,3.7525226630764337,3.6438971092704375,3.6537721596164374,61800
2025-01-17,3.9203989505767822,3.9895243064578443,3.8611486455358714,3.959899389377173,194600
2025-01-21,3.8611483573913574,3.8907735077009877,3.762397620919492,3.782147721125912,68000
2025-01-22,3.762397527694702,3.880898361436771,3.762397527694702,3.792022677270279,45400
2025-01-23,3.7031474113464355,3.821648015498431,3.58464680719444,3.801897914806432,75100
2025-01-24,3.7327725887298584,3.7722727903926443,3.6537721854042866,3.703147437482769,59000
2025-01-27,3.9598991870880127,4.0388995897735365,3.7525226591589687,3.8216480115088025,47800
2025-01-28,3.979649305343628,3.9993994061022757,3.8808985661106172,3.9993994061022757,16500
2025-01-29,3.9302737712860107,3.9500238718098784,3.8512733691905394,3.9401488215479445,35000
2025-01-30,3.9401490688323975,3.9401490688323975,3.871023712660541,3.871023712660541,2500
2025-01-31,3.9598991870880127,3.9598991870880127,3.861148448291336,3.9500239013125507,37300
2025-02-03,3.979649305343628,3.9895241202831793,3.732772574980988,3.7525226757396353,33100
2025-02-04,3.900648832321167,3.950024086312112,3.8117731396976837,3.8117731396976837,12600
2025-02-05,3.900648832321167,3.950024086312112,3.831523476733844,3.900648832321167,13600
2025-02-06,3.950023889541626,3.950023889541626,3.8413983361727304,3.861148436785257,45900
2025-02-07,3.900648832321167,3.9993995757428396,3.8512735783302223,3.930273984715734,28400
2025-02-10,3.950023889541626,3.989524090766679,3.8018978995079067,3.8018978995079067,21100
2025-02-11,3.950023889541626,3.950023889541626,3.8512733864789936,3.9203987386228363,21400
2025-02-12,3.969774007797241,3.969774007797241,3.8710235042957266,3.9401488567467866,52000
2025-02-13,4.068524360656738,4.068524360656738,3.9105235609044846,3.950023760842548,88100
2025-02-14,4.068524360656738,4.078399646081017,3.9203986108890003,3.99939924620489,70500
2025-02-18,4.147524833679199,4.147524833679199,3.9796492164215147,3.989524031140421,110500
2025-02-19,4.0388994216918945,4.098149721240294,3.979649122143494,3.979649122143494,51400
2025-02-20,4.048774719238281,4.078400107986863,3.979649596957555,4.009274514826558,53600
2025-02-21,3.999399423599243,4.029024339427048,3.9697740368918915,4.0092742385819955,18900
2025-02-24,3.950023889541626,3.950023889541626,3.8512733864789936,3.9203987386228363,9900
2025-02-25,3.950023889541626,3.999399376512713,3.910523688316573,3.9302737889290995,51900
2025-02-26,3.9401490688323975,3.9500241197140915,3.900648865305622,3.9401490688323975,21600
2025-02-27,3.9203989505767822,3.9993995927377797,3.9105238997366305,3.930274001416934,18400
2025-02-28,3.9105236530303955,3.9895240547676503,3.9006486028132388,3.9105236530303955,6300
2025-03-03,3.9302737712860107,3.9796492580354497,3.9105236707621427,3.9203987210240765,21400
2025-03-04,3.8907735347747803,3.950023835806331,3.8808984846028554,3.920398685290556,37500
2025-03-05,3.8611483573913574,3.9203986580106176,3.8512733072881478,3.8611483573913574,37600
2025-03-06,3.8117730617523193,3.8907737019621624,3.801898011156061,3.8117730617523193,42200
2025-03-07,3.742647409439087,3.8512731927845705,3.7327723596294753,3.8512731927845705,29600
2025-03-10,3.6833972930908203,3.9302737860033967,3.624146991297347,3.673522242791908,11900
2025-03-11,3.7031474113464355,3.792022864460432,3.634022058924438,3.742647612730434,19200
2025-03-12,3.8018977642059326,3.8512732494198443,3.7327724145221235,3.7525225144317833,60300
2025-03-13,3.6735222339630127,3.7426475858892636,3.5253962443955627,3.7426475858892636,146100
2025-03-14,3.6340219974517822,3.653772097809691,3.3575203570012877,3.5846467465570098,97000
2025-03-17,3.6340219974517822,3.7525225995992364,3.5846467465570098,3.6438970476307366,83400
2025-03-18,3.7525227069854736,3.8117730097547717,3.7130225051392753,3.7525227069854736,49900
2025-03-19,3.8315234184265137,3.8907737223139884,3.683397423268047,3.683397423268047,37300
2025-03-20,3.821647882461548,3.9401487179281363,3.8117728324593125,3.821647882461548,83200
2025-03-21,3.871023416519165,3.9500238175290203,3.8216479304482394,3.8216479304482394,96500
2025-03-24,3.8611483573913574,3.9500238083202475,3.762397620919492,3.762397620919492,33100
2025-03-25,3.9401490688323975,3.9796495077989578,3.821648222812287,3.851273610897153,50500
2025-03-26,3.979649305343628,3.9993994061022757,3.86114846535197,3.86114846535197,86700
2025-03-27,3.8117730617523193,3.9500240055397113,3.792022960559803,3.9203988537509367,9800
2025-03-28,3.85127329826355,3.92039864882404,3.811772862503504,3.811772862503504,37900
2025-03-31,3.9203989505767822,3.930274001416934,3.8611486455358714,3.8611486455358714,25800
2025-04-01,3.871023416519165,3.9500238175290203,3.8216479304482394,3.8216479304482394,14300
2025-04-02,3.8611483573913574,3.9401487582170374,3.8512733072881478,3.8710234074945675,17100
2025-04-03,3.7525227069854736,3.841398396579195,3.722897555600825,3.8117730097547717,3200
2025-04-04,3.535271406173706,3.831523394652436,3.1106439955084446,3.7920229568661017,77900
2025-04-07,3.485895872116089,3.5451461708576097,3.4365206231648218,3.466145772535582,22200
2025-04-08,3.456270933151245,3.555021437065372,3.2883948410574573,3.406895681194182,38300
2025-04-09,3.6537721157073975,3.782147768662644,3.3081448868714265,3.406895624584462,115200
2025-04-10,3.594521999359131,3.604397050094742,3.357520546264685,3.4957712565632395,45200
2025-04-11,3.485895872116089,3.485895872116089,3.327894840032275,3.327894840032275,3200
2025-04-14,3.4957711696624756,3.890773660147181,3.3575204628006716,3.5056462201526046,268700
2025-04-15,3.56489634513855,3.6735221305472896,3.4858959451611122,3.6142718305642116,24100
2025-04-16,3.713022470474243,3.9203987636704807,3.367395472107029,3.367395472107029,17200
2025-04-17,3.7821476459503174,3.920398580087088,3.5550212626511835,3.920398580087088,9100
2025-04-21,3.7327725887298584,3.8808985804050784,3.614271983741501,3.8808985804050784,11300
2025-04-22,3.7821476459503174,3.8808983804593713,3.5451462127442546,3.574771362465042,14300
2025-04-23,3.7525227069854736,3.989524153502439,3.6537722023699777,3.7623977574470233,33100
2025-04-24,3.821647882461548,3.9401487179281363,3.703147282434723,3.722897382439194,9100
2025-04-25,3.9302737712860107,4.019149459083185,3.703147379821761,3.8512733691905394,50000
2025-04-28,3.9401490688323975,4.157400423669447,3.7327727648770423,3.851273610897153,127100
2025-04-29,3.9401490688323975,4.04877462853103,3.831523509133765,3.9500241197140915,31600
2025-04-30,3.85127329826355,3.9006485486638995,3.742647511943014,3.85127329826355,11100
2025-05-01,3.8808984756469727,3.959899112279833,3.564896399995066,3.564896399995066,5300
2025-05-02,3.9401490688323975,4.177150525432834,3.8018981210488993,3.8018981210488993,127300
2025-05-05,3.9105236530303955,4.177150244333398,3.8512733517274547,3.9993993404245756,16200
2025-05-06,3.821647882461548,4.14752476797508,3.693272232432488,3.801897782457077,23100
2025-05-07,3.9302737712860107,4.167274977572425,3.900648620500209,3.9993993585593177,22900
2025-05-08,3.950023889541626,3.999399376512713,3.6340220443014317,3.722897497057801,24800
2025-05-09,3.969774007797241,4.088274611999059,3.9500239070969383,4.058649696388376,30600
2025-05-12,4.0191497802734375,4.137650392886618,3.880898830118272,3.880898830118272,19100
2025-05-13,4.009274482727051,4.078400075333915,3.811773226809901,3.930274074536106,26700
2025-05-14,4.058650016784668,4.19690073260052,3.7920231654030863,3.8808988610102104,25200
2025-05-15,3.9598991870880127,4.0981498917876795,3.8907735992984076,3.9500239013125507,24000
2025-05-16,3.9598991870880127,4.196900395144585,3.861148448291336,3.861148448291336,9300
2025-05-19,4.068524360656738,4.196900245895208,3.7722726256814996,3.959899046266827,8900
2025-05-20,3.9895238876342773,4.196900168946711,3.9598989736636536,3.969773788027356,11200
2025-05-21,4.029024124145508,4.068524323725011,3.989523924566005,4.068524323725011,1400
2025-05-22,3.969774007797241,4.02902430989815,3.9500239070969383,3.989524108497544,10600
2025-05-23,3.9598991870880127,4.196900395144585,3.920398750305479,3.920398750305479,22300
2025-05-27,3.9401490688323975,4.1475251373479685,3.871023712660541,3.871023712660541,32500
2025-05-28,3.969774007797241,4.088274611999059,3.880898554645878,3.880898554645878,14900
2025-05-29,3.969774007797241,4.127774813399665,3.861148453945575,4.127774813399665,24900
2025-05-30,3.969774007797241,3.989524108497544,3.880898554645878,3.9302738063966354,64100
2025-06-02,3.900648832321167,3.950024086312112,3.8512735783302223,3.8512735783302223,2400
2025-06-03,3.9203989505767822,3.9993995927377797,3.890773798056327,3.9993995927377797,23800
2025-06-04,3.9105236530303955,3.9697739543333364,3.9006486028132388,3.940148803681866,43200
2025-06-05,3.900648832321167,3.950024086312112,3.8808987307247893,3.8808987307247893,9100
2025-06-06,3.8808984756469727,3.910523626094383,3.7920227888649762,3.7920227888649762,4800
2025-06-09,3.9203989505767822,3.959899389377173,3.782148003374874,3.782148003374874,6400
2025-06-10,3.900648832321167,3.950024086312112,3.801898088899495,3.801898088899495,13600
2025-06-11,3.8907735347747803,3.920398685290556,3.87102343443093,3.87102343443093,2300
2025-06-12,3.900648832321167,3.900648832321167,3.8512735783302223,3.8512735783302223,29300
2025-06-13,3.8907735347747803,3.920398685290556,3.8512733340870797,3.8512733340870797,5600
2025-06-16,3.871023416519165,3.9500238175290203,3.871023416519165,3.9500238175290203,7000
2025-06-17,3.900648832321167,3.900648832321167,3.831523476733844,3.831523476733844,4700
2025-06-18,3.900648832321167,3.950024086312112,3.861148629128411,3.861148629128411,16000
2025-06-20,3.900648832321167,3.9401490355139233,3.8808987307247893,3.8808987307247893,1400
2025-06-23,3.8907735347747803,3.950023835806331,3.8907735347747803,3.8907735347747803,28400
2025-06-24,3.9401490688323975,3.9500241197140915,3.8907738144239286,3.910523916187316,53700
2025-06-25,3.9302737712860107,3.9401488215479445,3.880898519976341,3.9203987210240765,7000
2025-06-26,3.950023889541626,3.95989917528766,3.9203987386228363,3.9203987386228363,15800
2025-06-27,3.9203989505767822,3.9500241030972374,3.8808987472161753,3.8808987472161753,65600
2025-06-30,3.9203989505767822,3.9500241030972374,3.8808987472161753,3.8808987472161753,7200
2025-07-01,3.950023889541626,3.9697739901541524,3.9302737889290995,3.9401488392353627,27200
2025-07-02,3.9401490688323975,3.9796495077989578,3.910523916187316,3.9796495077989578,37300
2025-07-03,3.9598991870880127,3.9598991870880127,3.9302738006411695,3.9401488509768603,1300
2025-07-07,3.9105236530303955,3.9697739543333364,3.8808985023789253,3.8808985023789253,5600
2025-07-08,3.9302737712860107,3.959899157511582,3.900648620500209,3.9500238718098784,17700
2025-07-09,3.9203989505767822,3.959899389377173,3.9203989505767822,3.9500241030972374,46100
2025-07-10,4.048774719238281,4.098150210192725,3.8907739015913876,3.8907739015913876,53200
2025-07-11,4.088274955749512,4.108025058110443,4.048774751027649,4.078400140008838,65600
2025-07-14,4.068524360656738,4.068524360656738,3.99939924620489,4.048774260687706,90900
2025-07-15,4.048774719238281,4.137650414604448,3.9500242082089727,4.068524821444143,15600
2025-07-16,4.09814977645874,4.09814977645874,4.0092740904988675,4.07839967634316,7900
2025-07-17,4.068524360656738,4.08827446062577,3.99939924620489,4.009274060749643,12300
2025-07-18,4.0388994216918945,4.117899821089761,4.009274036477932,4.019149321842428,103500
2025-07-21,4.09814977645874,4.147524791307924,3.999399275880843,4.058649576227581,53700
2025-07-22,4.108024597167969,4.108024597167969,4.029024196588512,4.0586495822455735,82500
2025-07-23,4.09814977645874,4.137649976689899,4.048774290730027,4.048774290730027,59500
2025-07-24,4.1178998947143555,4.147524809578463,4.048774308565553,4.048774308565553,43000
2025-07-25,4.147524833679199,4.15740011927764,4.108024633044504,4.117899918642945,26700
2025-07-28,4.177150249481201,4.177150249481201,4.06852446151884,4.167274963812106,43400
2025-07-29,4.196900367736816,4.256150669364026,4.147524880941038,4.167274981483441,24700
2025-07-30,4.196900367736816,4.236400568821623,4.187025082025845,4.196900367736816,3800
2025-07-31,4.226525783538818,4.256150699119768,4.147524909937351,4.147524909937351,7200
2025-08-01,4.216650485992432,4.25615068724317,4.196900385367062,4.206775671119518,7100
2025-08-04,4.256150722503662,4.26602600833793,4.206775705970958,4.26602600833793,7800
2025-08-05,4.335151195526123,4.335151195526123,4.266026077090388,4.266026077090388,9600
2025-08-06,4.246275901794434,4.4141515228335795,4.246275901794434,4.315401019022451,24100
2025-08-07,4.216650485992432,4.414151492246123,4.196900385367062,4.196900385367062,21200
2025-08-08,4.3252763748168945,4.345026475898634,4.27590088667277,4.305526273735155,24000
2025-08-11,4.31540060043335,4.374650896972813,4.256150303893886,4.26602558875688,9800
2025-08-12,4.256150722503662,4.256150722503662,4.256150722503662,4.256150722503662,1600
2025-08-13,4.35490083694458,4.384526220918134,4.246275527760393,4.246275527760393,20900
2025-08-14,4.364776611328125,4.384526712565283,4.315401122795449,4.315401122795449,10900
2025-08-15,4.364776611328125,4.384526712565283,4.295651021558291,4.315401122795449,7100
2025-08-18,4.572152614593506,4.661027828983423,4.41415134401677,4.493152214744901,159400
2025-08-19,4.522777557373047,4.582027862868116,4.493152640065298,4.582027862868116,16200
2025-08-20,4.443777084350586,4.56227769358884,4.443777084350586,4.54252759204913,8300
2025-08-21,4.483277320861816,4.552402912206049,4.463527219174831,4.532652810519064,5800
2025-08-22,4.631402969360352,4.680777984411042,4.453652067594709,4.4734021677908915,11300
2025-08-25,4.631402969360352,4.661027884214859,4.552402568575622,4.611652869164169,7100
2025-08-26,4.651153087615967,4.680778002585502,4.631402987343098,4.651153087615967,4200
2025-08-27,4.670903205871582,4.690653306220487,4.631403005173772,4.631403005173772,10100
2025-08-28,4.769653797149658,4.917779787986759,4.690653394271083,4.690653394271083,24500
2025-08-29,4.917779922485352,4.917779922485352,4.789404028856884,4.858529618705957,55900
2025-09-02,4.858529567718506,4.937529971928636,4.779529163508376,4.937529971928636,2100
2025-09-03,4.690653324127197,4.838779312749227,4.680778038475278,4.789403826248705,30100
2025-09-04,4.572152614593506,4.680777928945575,4.542527229210516,4.680777928945575,30000
2025-09-05,4.591902732849121,4.838779218799294,4.572152632808288,4.74002871859513,18500
2025-09-08,4.601778030395508,4.710403827460345,4.601778030395508,4.6709036232330545,15600
2025-09-09,4.503026962280273,4.700528429842451,4.453651948549369,4.700528429842451,161300
2025-09-10,4.542527198791504,4.690653182955476,4.542527198791504,4.690653182955476,14600
2025-09-11,4.611652851104736,4.759778837435803,4.601777565605551,4.6610278659620725,12800
2025-09-12,4.898029327392578,4.947404811003679,4.54252706967938,4.611652652559019,67700
2025-09-15,7.909923076629639,8.630801985502062,7.900047790868872,8.443176264842924,42100
2025-09-16,7.900047779083252,8.04817329823743,7.633421185374374,7.949423266054339,52200
2025-09-17,7.7025465965271,7.900047598128499,7.682796496366959,7.781546997167659,64100
2025-09-18,7.801297664642334,7.900048172624224,7.554421159247827,7.663046953467688,52800
2025-09-19,7.900047779083252,7.900047779083252,7.633421185374374,7.80129727602062,16300
2025-09-22,7.791421890258789,7.801297175878057,7.524795299972504,7.801297175878057,35400
2025-09-23,7.74204683303833,7.900047635058041,7.603795660391551,7.6235457606440145,18700
2025-09-24,7.751921653747559,7.900047641195888,7.702546638517805,7.761796939321229,14800
2025-09-25,7.811172008514404,7.830922108918656,7.505045216808733,7.505045216808733,32300
2025-09-26,7.801297664642334,7.801297664642334,7.554421159247827,7.702547156660445,26300
2025-09-29,7.850672245025635,7.850672245025635,7.603795753409992,7.70254672675988,18600
2025-09-30,7.7025465965271,7.900047598128499,7.7025465965271,7.86054739780822,42400
2025-10-01,7.692671775817871,7.900048075469305,7.65317157311089,7.811172383938817,30400
2025-10-02,7.672921180725098,7.9000475671148305,7.653171080642492,7.702546566288771,120400
2025-10-03,7.791421890258789,7.860547476955061,7.65317118774578,7.860547476955061,51300
2025-10-06,7.771672248840332,7.80129763656807,7.524795744334251,7.672921741213813,37100
2025-10-07,7.682796478271484,7.761796878725972,7.554420592093176,7.702546578385106,42300
2025-10-08,7.603795528411865,7.801296998387987,7.603795528411865,7.6531710136257765,14500
2025-10-09,7.692671775817871,7.791422282585326,7.534670964989944,7.613671370403908,13700
2025-10-10,7.593920707702637,7.742046692344025,7.514920308128437,7.692671207170387,13800
2025-10-13,7.653171539306641,7.850672551969183,7.5247956456362095,7.5247956456362095,59000
2025-10-14,7.623546123504639,7.8309224214658375,7.603796022312122,7.603796022312122,21700
2025-10-15,7.416170120239258,7.653171328919087,7.159418339956565,7.623545942394336,52300
2025-10-16,7.366794586181641,7.653171280289866,7.366794586181641,7.505045290366412,18700
2025-10-17,7.337169170379639,7.5544207469627835,7.287794154523134,7.5544207469627835,199200
2025-10-20,7.495170593261719,7.801297392777237,7.4062949037354375,7.416170189629268,71000
2025-10-21,7.317419052124023,7.702546717620737,7.248293935916566,7.53467062818056,47200
2025-10-22,7.337169170379639,7.5544207469627835,7.3174190698611286,7.376669371416658,51400
2025-10-23,7.376669406890869,7.702546773332723,7.228543887729486,7.376669406890869,23100
2025-10-24,7.57417106628418,7.613671268462282,7.356919483425064,7.554420965195129,35600
2025-10-27,7.74204683303833,7.751921647724796,7.524795259381696,7.524795259381696,45100
2025-10-28,7.584045886993408,7.751921981814177,7.356919488861701,7.653171476295946,36500
2025-10-29,7.2384185791015625,7.623545769933669,7.198918378548503,7.505045168274488,48500
2025-10-30,7.2680439949035645,7.435920083385559,7.159418207495297,7.238418608926933,51100
2025-10-31,7.465545177459717,7.48529527829111,7.198918580796139,7.356919387447283,11000
2025-11-03,7.495170593261719,7.495170593261719,7.25816891148482,7.25816891148482,9600
2025-11-04,7.801297664642334,7.850672683193497,7.356919672404483,7.356919672404483,59600
2025-11-05,7.692671775817871,7.791422282585326,7.505045577519929,7.564295881580401,17400
2025-11-06,7.791421890258789,7.8901723920537945,7.485295099254501,7.613670987027778,39700
2025-11-07,7.692671775817871,7.830922485292308,7.495170762282963,7.574171167696926,12800
2025-11-10,7.347044467926025,7.840797452564499,7.347044467926025,7.593920960245262,44200
2025-11-11,7.692671775817871,7.692671775817871,7.406295070752474,7.524795678873419,41300
2025-11-12,7.8309221267700195,7.8309221267700195,7.416170017335263,7.475420318683085,95800
2025-11-13,7.771672248840332,7.821047738093374,7.643296353486075,7.643296353486075,65300
2025-11-14,7.603795528411865,7.8210470982976465,7.584045428502206,7.584045428502206,26100
2025-11-17,7.593920707702637,7.60379552220965,7.426044623167699,7.60379552220965,23900
2025-11-18,7.534670829772949,7.653171435767286,7.277919045905669,7.505045442834589,16400
2025-11-19,7.524795055389404,7.67292103870705,7.366794257652993,7.406294457087095,5300
2025-11-20,7.564295291900635,7.692671176130476,7.475420078178033,7.692671176130476,18100
2025-11-21,7.356919288635254,7.643295982283851,7.356919288635254,7.366794574358087,23300
2025-11-24,7.534670829772949,7.623546048828927,7.356919449901893,7.406294937839309,20800
2025-11-25,7.713123321533203,7.713123321533203,7.385959604707564,7.4652723217411605,18900
2025-11-26,7.772607326507568,7.881661423543607,7.504928271780305,7.5544981869589805,37000
2025-11-28,7.703208923339844,7.931231858171814,7.683380862603944,7.723036984075743,26800
2025-12-01,7.296733379364014,7.83209148738443,7.296733379364014,7.732951184554399,78500
2025-12-02,7.415701866149902,7.584240620134397,7.296733500774352,7.296733500774352,74400
2025-12-03,7.336389541625977,7.6338104517834955,7.3264752749182644,7.3958737236574805,55300
2025-12-04,7.901489734649658,7.921317795897353,7.336389752721214,7.395873936464299,65700
2025-12-05,7.1579365730285645,7.881661501931776,6.910085576455386,7.881661501931776,157300
2025-12-08,7.128194808959961,7.306647358579699,6.939827992436659,7.0885386868222415,84900
2025-12-09,7.36613130569458,7.415701693147083,7.108366520061015,7.266991003527824,39600
2025-12-10,7.633810520172119,7.683380908678251,7.32647534055358,7.32647534055358,20900
2025-12-11,8.268309593200684,8.417019816483528,8.1493412254791,8.228653470626822,190800
2025-12-12,8.149341583251953,8.27822422364435,7.802349786389607,8.27822422364435,140400
2025-12-15,8.288137435913086,8.288137435913086,7.941146589120125,8.169169064543222,215300
2025-12-16,8.426934242248535,8.426934242248535,8.030373009039227,8.179083235123578,332500
2025-12-17,8.32779312133789,8.417019631537654,8.08985639112287,8.347621654927403,264300
2025-12-18,8.565731048583984,8.605387171451092,8.188997408608197,8.307965777209517,225100
2025-12-19,8.377363204956055,8.436847858083233,8.05019997644779,8.30796523087142,239800
2025-12-22,8.139427185058594,8.377363927125641,8.079942526803547,8.278224090669323,151400
2025-12-23,8.119598388671875,8.208824900439128,8.03037282238116,8.139426922609726,17800
2025-12-24,8.169168472290039,8.188997005485762,8.040285842947354,8.109684763655878,52700
2025-12-26,8.188997268676758,8.19891153559326,8.11959834573778,8.129512612654281,9000
2025-12-29,8.149341583251953,8.466590577770727,8.060115067174403,8.466590577770727,65400
2025-12-30,8.149341583251953,8.208825296985932,7.960974283648994,8.09977119148925,63800
2025-12-31,8.179082870483398,8.179082870483398,7.951060407922892,8.109684894134812,45700
