Date,close,high,low,open,volume
2009-07-30,3.2870049476623535,3.3334705404798965,3.262911494954626,3.269795432369463,6670500
2009-07-31,3.23537540435791,3.3024924604844133,3.23537540435791,3.3024924604844133,1445600
2009-08-03,3.2697947025299072,3.2990507735244137,3.218166496419192,3.237096663596252,680300
2009-08-04,3.2870049476623535,3.293888556832988,3.252585917076573,3.269795432369463,284300
2009-08-05,3.285282611846924,3.295608185477361,3.2525845790657923,3.2525845790657923,148400
2009-08-06,3.273236036300659,3.295608167082412,3.254305544547131,3.295608167082412,196200
2009-08-07,3.281841993331909,3.2956095399120557,3.2439813222975555,3.293888555559012,234600
2009-08-10,3.293889045715332,3.2990519995427507,3.245702789636429,3.2525863998287363,279300
2009-08-11,3.293889045715332,3.3042149533701695,3.2594703382652948,3.2594703382652948,209800
2009-08-12,3.285282611846924,3.2938872018316103,3.2697940872792333,3.281840644555422,93600
2009-08-13,3.362726926803589,3.3644475830711036,3.2697957326346363,3.2818422959726337,406400
2009-08-14,3.3300280570983887,3.3730516745589774,3.2973300159199788,3.3558421619259113,306000
2009-08-17,3.278400182723999,3.3042146210203316,3.2697955887880337,3.2697955887880337,65600
2009-08-18,3.29044771194458,3.3042152618588134,3.273238192490718,3.3042152618588134,48200
2009-08-19,3.278400182723999,3.302493636584295,3.273237557660107,3.2990516677122215,69400
2009-08-20,3.34551739692688,3.3558429757129966,3.2801212987116006,3.2956098310128916,163600
2009-08-21,3.3816561698913574,3.4195171622484652,3.3472374738552455,3.3558420658032375,291800
2009-08-24,3.3799352645874023,3.3988657612069364,3.361005096212019,3.39714477712842,182800
2009-08-25,3.362726926803589,3.397145632305835,3.350680035221359,3.397145632305835,44400
2009-08-26,3.340353012084961,3.3782136702404157,3.2783989094268615,3.3782136702404157,36200
2009-08-27,3.3799352645874023,3.3816562486659194,3.3403536155139686,3.3696096883604523,88200
2009-08-28,3.391981840133667,3.3937028242199165,3.3489582227098866,3.381656263860322,69100
2009-08-31,3.3988654613494873,3.3988654613494877,3.340353320818625,3.355841847914684,76800
2009-09-01,3.3472373485565186,3.4074701464260273,3.342074396634505,3.3988655548001345,49400
2009-09-02,3.3197031021118164,3.354121805575393,3.3128191644725735,3.3386332741313094,38700
2009-09-03,3.338632583618164,3.338632583618164,3.323144055377497,3.335190615510428,55500
2009-09-04,3.3283066749572754,3.335190282240756,3.309376180500506,3.3283066749572754,44500
2009-09-08,3.3747737407684326,3.3747737407684326,3.33175010951231,3.3678898022102097,105700
2009-09-09,3.3747737407684326,3.3885412896406217,3.345517658384499,3.3885412896406217,52500
2009-09-10,3.361006259918213,3.38509938887109,3.307656719745037,3.3627272445925986,79300
2009-09-11,3.362726926803589,3.3730525056298397,3.3420754409068554,3.3455174099303497,24800
2009-09-14,3.3799352645874023,3.3799352645874023,3.343795583671002,3.361005096212019,73900
2009-09-15,3.3868210315704346,3.3971466133786428,3.3231458992237743,3.364448554700935,102100
2009-09-16,3.4177985191345215,3.4384496852517925,3.3696119177869432,3.3696119177869432,266400
2009-09-17,3.4160759449005127,3.428122507572754,3.3042145837728527,3.385098881889484,159400
2009-09-18,3.433284044265747,3.433284044265747,3.3489574838643725,3.3850974852141156,174100
2009-09-21,3.4109115600585938,3.421237133980457,3.2973292621858676,3.421237133980457,98400
2009-09-22,3.4195170402526855,3.4332845838247836,3.383377033223347,3.4143540883216,131200
2009-09-23,3.3971450328826904,3.4315640605559627,3.3747728946659854,3.4315640605559627,136100
2009-09-24,3.371330738067627,3.4109123879115852,3.2973300624716106,3.393702875035556,208500
2009-09-25,3.3024938106536865,3.350680064425666,3.2904472472106914,3.350680064425666,124100
2009-09-28,3.3334708213806152,3.3592849323731206,3.300772772393186,3.3334708213806152,32700
2009-09-29,3.4143543243408203,3.4298428529606007,3.3128185603863307,3.330028073102103,295800
2009-09-30,3.426401138305664,3.44188966807152,3.3644470192422395,3.4315640909756753,1198600
2009-10-01,3.385098934173584,3.4246805916349348,3.3610058084569743,3.3919825437022357,95600
2009-10-02,3.3145406246185303,3.3730527899734986,3.3059357013344113,3.352401302335873,121500
2009-10-05,3.3300280570983887,3.3558421619259113,3.312818544465323,3.3403536333805675,82300
2009-10-06,3.309375762939453,3.347236747075875,3.2973292055302537,3.3369108450873575,110500
2009-10-07,3.3110978603363037,3.3197027815544486,3.2801208004393443,3.295609330387824,26400
2009-10-08,3.316260814666748,3.3283073761337802,3.2973303162218794,3.2973303162218794,102700
2009-10-09,3.312819004058838,3.314539988385315,3.299051457691218,3.3007724420176956,29100
2009-10-12,3.295609712600708,3.3300287449767203,3.28356314974237,3.300772665930376,62100
2009-10-13,3.3110978603363037,3.3110978603363033,3.2870047374138602,3.297330314631453,82500
2009-10-14,3.3024938106536865,3.3214239839594346,3.287005278157197,3.3197033276769226,58700
2009-10-15,3.3076565265655518,3.312819480287174,3.278400445298181,3.2938889782188037,153500
2009-10-16,3.285282611846924,3.305933759107799,3.2732360545707353,3.299050152768863,55000
2009-10-19,3.305934429168701,3.31281836514697,3.280120325738461,3.2870042617167297,57400
2009-10-20,3.276679277420044,3.3024933855096203,3.2525858253914715,3.300772401204423,167200
2009-10-21,3.262910842895508,3.295608882593213,3.25774821911028,3.2732367469542383,160700
2009-10-22,3.276679277420044,3.276679277420044,3.2560277940018665,3.2560277940018665,45800
2009-10-23,3.249143600463867,3.2818416431947632,3.2267714627495705,3.28012065902533,93400
2009-10-26,3.2130041122436523,3.3042143092830307,3.1871900046269794,3.237097235586656,111400
2009-10-27,3.183748245239258,3.2147253077120106,3.1562131515399683,3.2130043233252787,78800
2009-10-28,3.2044007778167725,3.226772925673946,3.163097795513148,3.1717027202615347,235200
2009-10-29,3.2405388355255127,3.2439808036813313,3.175143081785705,3.2009571864660464,86600
2009-10-30,3.168259382247925,3.235376125081484,3.144166259844939,3.2181669395045938,233900
2009-11-02,3.1562132835388184,3.1837483783896774,3.123515235311839,3.1803064094722644,126400
2009-11-03,3.151050090789795,3.1665386214973283,3.0495143131489417,3.121794013702698,289800
2009-11-04,3.168259382247925,3.183747911862465,3.149328884220336,3.1596547894594798,138900
2009-11-05,3.1975157260894775,3.2026786791431046,3.1424455398275937,3.2026786791431046,95400
2009-11-06,3.06500244140625,3.175143126224928,3.015095215424977,3.101142451059862,452900
2009-11-09,3.0254218578338623,3.0770500861089127,2.994444789571124,3.0650035213943525,173400
2009-11-10,2.941094398498535,3.0271416299859255,2.9376524304604463,3.011653102058664,107200
2009-11-11,2.930769681930542,2.9892818427572734,2.873978505627448,2.9634674031469475,147000
2009-11-12,2.9083964824676514,2.9565830523203163,2.8963499220655233,2.918722058777454,92200
2009-11-13,2.932490348815918,2.956583473048679,2.889466725117874,2.910117880676183,88800
2009-11-16,3.0546774864196777,3.0650030648879256,2.965188264376939,2.965188264376939,105100
2009-11-17,3.044351100921631,3.0598396286402454,3.0271415892071554,3.0598396286402454,34000
2009-11-18,3.0529544353485107,3.058117385209819,3.027140342529967,3.058117385209819,34200
2009-11-19,3.027141571044922,3.037467146714002,3.0047691074770935,3.02025763510278,37200
2009-11-20,3.028862476348877,3.0443510035722143,2.9514198402321923,3.015094933066369,84500
2009-11-23,3.028862476348877,3.0598395307955513,2.985838862560524,3.0443510035722143,47000
2009-11-24,3.0150959491729736,3.0271425125744216,2.942816240520052,3.0219795590119864,30000
2009-11-25,3.0116541385650635,3.051235799893298,3.0116541385650635,3.0495148152819507,16500
2009-11-27,2.9755136966705322,3.008211411313998,2.963466807426753,2.9737927124928496,28000
2009-11-30,3.0495152473449707,3.0495152473449707,2.973793883182802,2.973793883182802,40700
2009-12-01,3.0546774864196777,3.0925381596327344,3.0305843605790255,3.0839335656165647,62600
2009-12-02,3.0546774864196777,3.0701660182441604,3.046072892403508,3.0701660182441604,94300
2009-12-03,3.0116541385650635,3.0667243331511727,3.0082121693423685,3.0460731743035074,43200
2009-12-04,3.0374677181243896,3.0959798716634097,3.0237001718942786,3.0718867478217637,73100
2009-12-07,3.0236990451812744,3.037466586281223,3.0202570778452693,3.034024618945218,16000
2009-12-08,3.0150959491729736,3.040910060496681,2.994444463167467,2.996165447688279,32100
2009-12-09,3.0340254306793213,3.042630351321525,3.0099323093694688,3.0271418224097175,23600
2009-12-10,3.00304913520813,3.034025869265453,2.9978861820764724,3.034025869265453,70300
2009-12-11,3.0150959491729736,3.0219795590119864,2.9978864322090906,3.0202585744911747,21300
2009-12-14,3.0391883850097656,3.0391883850097656,3.0099323112958665,3.0202578878289605,55900
2009-12-15,3.0254218578338623,3.0409103919652316,3.0099333237024934,3.03230579666748,34700
2009-12-16,3.028862476348877,3.0391880517497274,2.997885421902203,3.0391880517497274,44200
2009-12-17,3.0219786167144775,3.0305835366353953,2.980675985826468,3.011653041053508,55800
2009-12-18,3.0357470512390137,3.0374680357282515,3.003049330676181,3.0374680357282515,116700
2009-12-21,3.028862476348877,3.0391880517497274,3.00304837372469,3.0374670678088984,60000
2009-12-22,3.0082123279571533,3.028863816137967,2.996165763286791,3.028863816137967,56200
2009-12-23,3.001328229904175,3.028863324176709,2.9772347762325455,3.028863324176709,35600
2009-12-24,3.0082123279571533,3.0099333126592436,2.9617467257335255,3.0099333126592436,15300
2009-12-28,2.977234125137329,3.008211181480571,2.9669085491042964,3.008211181480571,146000
2009-12-29,2.973792552947998,2.99100173731321,2.9686296006919437,2.99100173731321,67300
2009-12-30,2.96863055229187,2.982398101143743,2.944537423862156,2.961746613743805,72000
2009-12-31,2.956583261489868,2.989281305069044,2.956583261489868,2.9755137596005765,108900
2010-01-04,2.9806764125823975,3.0064905195528007,2.9531413213814104,2.9583042740731624,72900
2010-01-05,2.9600260257720947,2.9703516055886117,2.9565840564185013,2.9703516055886117,48800
2010-01-06,2.9651873111724854,2.980675838017946,2.9514197682258665,2.9514197682258665,59000
2010-01-07,2.984118700027466,2.9858396844420123,2.96002557471224,2.975514106198946,166600
2010-01-08,2.9669089317321777,2.9892813989738523,2.9600253229037916,2.9789554933649933,380900
2010-01-11,2.9806764125823975,2.996164942413475,2.968629851212488,2.9841183810435656,167700
2010-01-12,2.9755136966705322,2.9892812418478254,2.9600251673155564,2.9669087757821186,23300
2010-01-13,2.9823970794677734,2.992722655508395,2.9634665831898475,2.972071503427152,32700
2010-01-14,2.9669089317321777,2.984118446169423,2.9669089317321777,2.968629916000321,37600
2010-01-15,2.937652349472046,2.9823969480012176,2.930768741829781,2.980675964029619,60800
2010-01-19,2.9479784965515137,2.9634670270543713,2.939373903269568,2.9479784965515137,45000
2010-01-20,2.925607204437256,2.9393747546224835,2.887746523488953,2.9376537698187937,51800
2010-01-21,2.92732834815979,2.9324913028511452,2.8997932462945095,2.9238863783655535,48900
2010-01-22,2.818908452987671,2.9273281982435173,2.7999782765774466,2.9273281982435173,287000
2010-01-25,2.86021089553833,2.889466975316044,2.8343964564888786,2.848164004134613,44100
2010-01-26,2.8481638431549072,2.867094343189416,2.8430012182321933,2.8430012182321933,62800
2010-01-27,2.8223488330841064,2.848162934191989,2.8068603067705555,2.839558343237396,103600
2010-01-28,2.7844884395599365,2.8223491029216516,2.765557943757011,2.8223491029216516,171000
2010-01-29,2.770721435546875,2.7879309506981875,2.7552329047351143,2.782767997679534,588900
2010-02-01,2.7965354919433594,2.7965354919433594,2.755232853297807,2.7776049928059083,131700
2010-02-02,2.7965354919433594,2.806861069543699,2.781046961420753,2.7862099143430195,93800
2010-02-03,2.787931203842163,2.8016987515644654,2.7690007026324115,2.7999777670686488,43300
2010-02-04,2.7431862354278564,2.8016985553325915,2.734581641795672,2.7793260866981817,121700
2010-02-05,2.7672786712646484,2.770720638954172,2.7208132563104486,2.748348341338427,155700
2010-02-08,2.7741637229919434,2.781047332896911,2.7449074782241767,2.7672797848427377,61200
2010-02-09,2.7913718223571777,2.8051393650376477,2.7603950975092015,2.796534773953895,60200
2010-02-10,2.7793262004852295,2.8034196544813157,2.7672796376092963,2.7896517789154265,31300
2010-02-11,2.824070692062378,2.8292336451815205,2.7655585363555866,2.769000505101682,126600
2010-02-12,2.841280698776245,2.8464436527880084,2.789652143391403,2.8034200207561044,39800
2010-02-16,2.841280698776245,2.860211201908447,2.8137456005353676,2.8447226681174205,45600
2010-02-17,2.787931203842163,2.8705364901759767,2.774163656119861,2.8550479579578583,83800
2010-02-18,2.7827682495117188,2.815466298433867,2.767279717298292,2.7741636552794726,73200
2010-02-19,2.841280698776245,2.843001683446833,2.7810475482827273,2.7827685329533147,87000
2010-02-22,2.8343961238861084,2.8688151530836508,2.818907593571633,2.8447220295918845,66300
2010-02-23,2.829233169555664,2.8584892424907853,2.7793256158599244,2.8257912013882027,57700
2010-02-24,2.8481638431549072,2.901513374480484,2.8137451401080478,2.8430012182321933,98700
2010-02-25,2.843000650405884,2.868814754596286,2.796535065916674,2.8103026100344977,52700
2010-02-26,2.8378376960754395,2.867093768333708,2.8103026078610864,2.851605240182616,34600
2010-03-01,2.8705365657806396,2.873978534862928,2.829233921525897,2.8498850795311492,75200
2010-03-02,2.882581949234009,2.884302933070605,2.8498839128268862,2.882581949234009,85700
2010-03-03,2.8894665241241455,2.915280630898481,2.8464429034188603,2.894629148532507,42000
2010-03-04,2.8929076194763184,2.8980705711564867,2.8584889263408755,2.8929076194763184,99000
2010-03-05,2.898070812225342,2.923884916285235,2.8808613001040326,2.898070812225342,77700
2010-03-08,2.9083964824676514,2.9083964824676514,2.8722568012612673,2.8946289379731973,37800
2010-03-09,2.906674861907959,2.9118378130544182,2.8860237138102853,2.9083958456234456,59400
2010-03-10,2.8911874294281006,2.899792351257736,2.8756988983789618,2.899792351257736,77700
2010-03-11,2.918721914291382,2.939373394132825,2.84300058744241,2.8860242028882905,87000
2010-03-12,2.8963499069213867,2.9479781164446024,2.8911869546714044,2.9324899161829583,38300
2010-03-15,2.910118341445923,2.9256068746891115,2.8860252133984083,2.8929088235930194,47200
2010-03-16,2.906674861907959,2.9066748619079594,2.8843027300947988,2.9066748619079594,34600
2010-03-17,2.9083964824676514,2.9170014029292806,2.8825823775710693,2.9170014029292806,30100
2010-03-18,2.958303451538086,2.9823965675789865,2.8997913169438227,2.9101168912121964,47800
2010-03-19,2.8911874294281006,2.9651881159419404,2.8653733204276044,2.8911874294281006,65700
2010-03-22,2.906674861907959,2.94281486344501,2.8378371545089114,2.8756978115173673,67000
2010-03-23,2.8877458572387695,2.8997924198409684,2.85160584118796,2.8997924198409684,81300
2010-03-24,2.829233169555664,2.894628923516679,2.8206282491370103,2.884303347258445,160200
2010-03-25,2.832674741744995,2.861930813980555,2.820628181691084,2.832674741744995,147300
2010-03-26,2.9135591983795166,2.937652317229197,2.8309539381142192,2.8361165617282214,130800
2010-03-29,2.8705365657806396,2.953141854290125,2.841280485069667,2.9204438044968644,209500
2010-03-30,2.85676908493042,2.9342114216390955,2.8516061311854766,2.882583197166645,58200
2010-03-31,2.858489513397217,2.9049547750849767,2.8447219676667355,2.8447219676667355,166900
2010-04-01,2.9204440116882324,2.96002600245422,2.868815784768091,2.882583333829746,51900
2010-04-05,2.930769681930542,2.9462582143990437,2.9170021339856778,2.922164759312355,116200
2010-04-06,2.9823970794677734,2.9823970794677734,2.92560591887814,2.927326902925601,84200
2010-04-07,2.978955030441284,3.0099320859657146,2.960024862921793,2.9720714226825966,83700
2010-04-08,3.0305843353271484,3.044351882584837,2.99444431862308,2.99444431862308,90800
2010-04-09,3.0529544353485107,3.0529544353485107,3.006488871328733,3.020256409381556,59500
2010-04-12,3.059840679168701,3.080491837720882,3.0219796747492915,3.058119694581978,126300
2010-04-13,3.080490827560425,3.0890957476722973,3.0632813155808187,3.0632813155808187,21700
2010-04-14,3.046072483062744,3.0873751196295793,3.0374675619587093,3.0873751196295793,59400
2010-04-15,3.001328229904175,3.046072840158097,2.997886261059054,3.0357469336227347,88800
2010-04-16,3.00304913520813,3.028863244378003,2.991002244567596,3.006490775718361,49100
2010-04-19,2.9892821311950684,3.0185382144313726,2.9858401618156756,2.991002787640498,39200
2010-04-20,3.0064902305603027,3.0150951508860935,2.9772341579409094,2.994443670348343,25400
2010-04-21,3.013374090194702,3.0236996660789375,2.985839002340649,3.0150950742160982,25800
2010-04-22,3.0150959491729736,3.0150959491729736,2.984118884286831,2.9910024941258433,28900
2010-04-23,3.0202579498291016,3.0254209023237135,3.0030487646687263,3.021978933993972,33000
2010-04-26,3.013374090194702,3.020257698036146,2.992722610182093,3.020257698036146,44800
2010-04-27,2.9996066093444824,3.0116531695034325,2.997885625286897,3.0099321854458476,46600
2010-04-28,3.00304913520813,3.0116537288500185,2.991002244567596,3.004769791341142,29400
2010-04-29,3.0185368061065674,3.0374669723726586,2.9858387687464263,3.0116528705595424,52700
2010-04-30,2.997885227203369,3.0512344129277884,2.978954733327823,3.0202573604929315,55000
2010-05-03,3.0391883850097656,3.0391883850097656,2.9858391899705943,2.9978857506332304,53400
2010-05-04,3.0254218578338623,3.03230579666748,2.977235270731351,3.0047703695772805,78200
2010-05-05,2.9600260257720947,3.008212283745349,2.927327973401484,3.008212283745349,106200
2010-05-06,2.8464434146881104,2.960025767491835,2.799977817201795,2.942816250469766,123600
2010-05-07,2.7844884395599365,2.8705356703090366,2.7621159757484546,2.839558614720299,111000
2010-05-10,2.925607204437256,2.932491143652014,2.839559933718513,2.839559933718513,56900
2010-05-11,2.9152815341949463,2.956584183480295,2.8808624956683504,2.906676610441158,108300
2010-05-12,2.925607204437256,2.9514213200040214,2.9083976846446498,2.9238862196335664,128900
2010-05-13,2.8997926712036133,2.9256067830522854,2.880862169333941,2.910118250294234,78500
2010-05-14,2.8653724193573,2.8929075040647976,2.808581266117573,2.886023897009974,100300
2010-05-17,2.8756980895996094,2.9066751429857063,2.825790870000763,2.8756980895996094,61600
2010-05-18,2.7776055335998535,2.906676427588609,2.7535124050934483,2.9015138019053834,187400
2010-05-19,2.7982559204101562,2.806860511993873,2.7431855823663978,2.7500693541066097,104400
2010-05-20,2.722533702850342,2.8154648482646003,2.7208128833635086,2.748347964617201,93500
2010-05-21,2.829233169555664,2.837837761730167,2.7018831374348693,2.7018831374348693,103900
2010-05-24,2.7862093448638916,2.8395585345130545,2.768999833551351,2.8292329590231806,72300
2010-05-25,2.7999777793884277,2.818907952437242,2.748349393141574,2.753512182529625,72900
2010-05-26,2.9032347202301025,2.9083973457953993,2.794814987939365,2.8068615519173914,725300
2010-05-27,2.932490348815918,2.9342110049089443,2.880861803431745,2.892908365548126,121600
2010-05-28,2.9049551486968994,2.934211228167376,2.8825830070991114,2.92560663407074,192700
2010-06-01,2.8636527061462402,2.9256068383494465,2.858490080625471,2.891187803071166,100100
2010-06-02,2.9083964824676514,2.923885011054431,2.8430007281800336,2.8602102408591388,80800
2010-06-03,2.9032347202301025,2.922164894376608,2.8825832332361645,2.904955376589035,109400
2010-06-04,2.8137457370758057,2.886025455526636,2.8016991720413804,2.8808625012643345,93100
2010-06-07,2.760396718978882,2.813745937172765,2.7535127794729344,2.8120249522962784,59300
2010-06-08,2.760396718978882,2.770722299993501,2.7104891422936697,2.760396718978882,147200
2010-06-09,2.7517905235290527,2.7862095486718457,2.7397439632023204,2.7793256123456267,143300
2010-06-10,2.772441864013672,2.779325471747518,2.744906612467952,2.777604487753023,121900
2010-06-11,2.7965354919433594,2.7982564762507818,2.731139565360186,2.770721383820413,116400
2010-06-14,2.8223488330841064,2.8412793270771357,2.781046205662673,2.8068603067705555,89900
2010-06-15,2.843000650405884,2.8602101626142,2.82062818606183,2.832674746134408,109600
2010-06-16,2.824070692062378,2.8567687386618688,2.8085821609491566,2.8326752856834094,61000
2010-06-17,2.8223488330841064,2.839558343237396,2.7999766996557023,2.8309537522828037,29600
2010-06-18,2.8103034496307373,2.8464434688896785,2.7879313068470055,2.817187387868342,82700
2010-06-21,2.7827682495117188,2.8206289236755233,2.7724426707841774,2.8206289236755233,41000
2010-06-22,2.7466278076171875,2.8189073355999352,2.7397440352320652,2.791372246059445,46800
2010-06-23,2.736302375793457,2.813745029018748,2.7259767981114837,2.7380233601144854,59400
2010-06-24,2.7517905235290527,2.7707210201820036,2.710487890304192,2.7294182228350676,60800
2010-06-25,2.8343961238861084,2.8395590767389964,2.741465270243447,2.75351183198933,375900
2010-06-28,2.7586758136749268,2.834397180958677,2.748350068240316,2.834397180958677,196300
2010-06-29,2.7586758136749268,2.784489931078219,2.7294195622972226,2.7363033378795776,165600
2010-06-30,2.736302375793457,2.8051401074136066,2.7345815555945268,2.7603958280436567,170200
2010-07-01,2.7449071407318115,2.7569538668896305,2.677790393250398,2.743186156406109,82100
2010-07-02,2.7242562770843506,2.7621169538530657,2.7104887284189765,2.7621169538530657,50000
2010-07-06,2.698441505432129,2.830954334130568,2.6881157643934888,2.758674639226344,201300
2010-07-07,2.7535128593444824,2.7672804105114324,2.7001634754809345,2.70360544533375,57800
2010-07-08,2.7965354919433594,2.7965354919433594,2.755232853297807,2.7724423681278356,41500
2010-07-09,2.827512502670288,2.834396111533283,2.7724423187895777,2.805140035316132,35600
2010-07-12,2.808582305908203,2.82923379120645,2.779326226544817,2.825791822282705,32500
2010-07-13,2.824070692062378,2.8464431606677896,2.810303145322204,2.837838238802552,43700
2010-07-14,2.7999777793884277,2.8223499214440193,2.748349393141574,2.812024342667918,59200
2010-07-15,2.7930941581726074,2.8051407228184404,2.7655590594837696,2.7982571122683653,42700
2010-07-16,2.770721435546875,2.7793260290004316,2.7414653582629045,2.7793260290004316,99600
2010-07-19,2.794814348220825,2.808581893650714,2.7276976052806394,2.7827677870001946,91500
2010-07-20,2.825792074203491,2.825792074203491,2.753512361582189,2.775884505092573,68100
2010-07-21,2.7810466289520264,2.830954183168339,2.7724420366877713,2.830954183168339,46200
2010-07-22,2.8206286430358887,2.8223496273599538,2.779326003990917,2.8051401123634996,46800
2010-07-23,2.8378376960754395,2.8430006482071843,2.7879304717784783,2.8085816238171715,40200
2010-07-26,2.853325843811035,2.85676781143997,2.8189068240098876,2.85676781143997,41200
2010-07-27,2.85676908493042,2.8877461509115885,2.848164162022181,2.85676908493042,43500
2010-07-28,2.843000650405884,2.887745250849848,2.8361167142249,2.848163274297478,36900
2010-07-29,2.841280698776245,2.860211201908447,2.806861661853017,2.848164309214333,22700
2010-07-30,2.8481638431549072,2.8533267963218303,2.7862100463728767,2.8154661244970223,29800
2010-08-02,2.827512502670288,2.8756987494438153,2.8120239724233147,2.8756987494438153,40100
2010-08-03,2.8670942783355713,2.8756988718415974,2.803419498604894,2.817187045161057,37700
2010-08-04,3.0340254306793213,3.0391883830646433,2.8877453904476074,2.894628998717211,201400
2010-08-05,3.0185368061065674,3.1011420632061846,3.00821090278603,3.0374669723726586,117900
2010-08-06,2.9961652755737305,3.0460728390776306,2.925606555494862,2.9978862599956804,60700
2010-08-09,3.101142406463623,3.1665381601782787,3.021978780130987,3.021978780130987,97600
2010-08-10,3.0701656341552734,3.097700725455342,2.9961649531947714,3.097700725455342,109600
2010-08-11,2.977234125137329,3.04779282981065,2.9686295331504926,3.0391882378238133,112700
2010-08-12,3.031684160232544,3.0703265950363847,2.9666942605395175,3.012362775319657,112700
2010-08-13,2.9877748489379883,3.043982199143678,2.986018327366281,3.012365480897419,63000
2010-08-16,3.033442258834839,3.045737570169927,2.964939283504605,2.964939283504605,48800
2010-08-17,3.056274890899658,3.073839756512691,3.0404665453501227,3.0650574912171478,55600
2010-08-18,3.059788227081299,3.075596574160396,3.033441093623464,3.0562751866143936,58800
2010-08-19,2.9842586517333984,3.065056883525151,2.9807456123029135,3.0404659425336367,44800
2010-08-20,3.0070948600769043,3.021146691127737,2.9649390319023277,2.9649390319023277,46700
2010-08-23,2.9912869930267334,3.058033117579363,2.9860174298954205,3.0141210965514893,44900
2010-08-24,2.9947988986968994,3.0299286401274848,2.9596694922883575,2.970208280708716,49800
2010-08-25,3.024658441543579,3.024658441543579,2.977233736126544,2.986016002124002,35600
2010-08-26,3.0193891525268555,3.056275070967699,2.9877724595650093,3.024658378005853,40300
2010-08-27,3.0738413333892822,3.0738413333892822,2.994799565093282,3.0387115841417,58600
2010-08-30,3.0106072425842285,3.079110204729358,3.003581495325933,3.0545192517702158,61900
2010-08-31,3.068570852279663,3.073840413596612,2.9983117098304297,3.0158765791982427,66000
2010-09-01,3.1089706420898438,3.1124833484991505,3.056276025685398,3.1089706420898438,71300
2010-09-02,3.1265344619750977,3.1353170635388103,3.105456888266174,3.1212652360588633,46600
2010-09-03,3.1493682861328125,3.152881326083563,3.117751596619919,3.142342206231312,46700
2010-09-07,3.1124837398529053,3.158152279136813,3.0738412843151894,3.1493700094761863,41400
2010-09-08,3.1107261180877686,3.1511254152875794,3.0457365415446715,3.110726118087769,31200
2010-09-09,3.1001884937286377,3.1493700759233008,3.0843801399882858,3.1493700759233008,23400
2010-09-10,3.1458566188812256,3.1493696603648966,3.098431563917892,3.1142399155723366,49700
2010-09-13,3.161665678024292,3.1704479486766104,3.1353185310451863,3.1528834073719736,84800
2010-09-14,3.15463924407959,3.1686914116023344,3.1511265372210175,3.161665327840962,32600
2010-09-15,3.1458566188812256,3.1599084497938343,3.133561308710452,3.1546388875683276,36300
2010-09-16,3.1142399311065674,3.1458566345731644,3.0949188728941515,3.1458566345731644,27100
2010-09-17,3.1054580211639404,3.1265356025621465,3.086136625697155,3.1265356025621465,57400
2010-09-20,3.161665678024292,3.1757175120812917,3.1212666969881866,3.1212666969881866,54900
2010-09-21,3.1107261180877686,3.161664202155272,3.1089699327948153,3.145855854342736,60100
2010-09-22,3.0791101455688477,3.103700763033475,3.047493445958878,3.094918495373833,42000
2010-09-23,3.0808660984039307,3.159907497842115,3.0562751504485615,3.061544711086564,39100
2010-09-24,3.10370135307312,3.1282919752126306,3.0773542100633446,3.1195097058834054,62900
2010-09-27,3.10370135307312,3.149369890633711,3.10018831133259,3.1124836224023453,30300
2010-09-28,3.1089706420898438,3.151126134200158,3.0755974185359016,3.123022472793282,38300
2010-09-29,3.0861353874206543,3.1019437346374485,3.058031733484572,3.091404948166913,56400
2010-09-30,3.142343044281006,3.156394872809641,3.103700599582763,3.1124828667799034,38300
2010-10-01,3.147613286972046,3.1616651185424622,3.11248354053496,3.147613286972046,31800
2010-10-04,3.1001884937286377,3.159908866742829,3.0878931819355016,3.1388312851037727,47700
2010-10-05,3.1458566188812256,3.1616649705356696,3.1177529570560076,3.1318047879686164,111600
2010-10-06,3.128291368484497,3.163421109032229,3.1089703127030757,3.159908067973049,52800
2010-10-07,3.117753505706787,3.1546394427101583,3.086136796834106,3.1546394427101583,17200
2010-10-08,3.140585422515869,3.152881061310932,3.093160727251089,3.103699511196384,36800
2010-10-11,3.133561372756958,3.1581519936011095,3.112483458446198,3.1511262455122444,22900
2010-10-12,3.0984323024749756,3.156396160683788,3.0896500316944895,3.114240657897575,22900
2010-10-13,3.1388297080993652,3.15815075905757,3.0843785903410974,3.101943456230153,34600
2010-10-14,3.119509696960449,3.152882923355825,3.1107270926342454,3.126535445399313,30300
2010-10-15,3.1142399311065674,3.1528827175755536,3.098431579373269,3.1528827175755536,73400
2010-10-18,3.1599080562591553,3.1950377966766603,3.124778650863684,3.124778650863684,57500
2010-10-19,3.084378480911255,3.1546376069528215,3.0738396957605048,3.1440988218020713,64700
2010-10-20,3.142343044281006,3.1528821669439964,3.0914052914979595,3.108970160914258,48800
2010-10-21,3.1019444465637207,3.1651778499435754,3.0703277448737936,3.1651778499435754,53000
2010-10-22,3.0387113094329834,3.115996549777573,3.0246594780087026,3.1107269873601844,162600
2010-10-25,3.0193891525268555,3.0914048042635214,2.9860159393980212,3.0474928051547265,119800
2010-10-26,3.0070948600769043,3.036955042937684,2.9983122562813347,3.0035818185586765,99900
2010-10-27,3.0088510513305664,3.0229028824071627,2.9403484167099196,2.980747389177374,160900
2010-10-28,3.043980598449707,3.059788949259928,3.0141204174772955,3.038711036505614,99100
2010-10-29,3.031684160232544,3.0685700750423104,3.031684160232544,3.042222945175058,74300
2010-11-01,3.049250841140747,3.093162862078732,3.026416402640601,3.0527635481989654,119800
2010-11-02,3.091404676437378,3.100186941887214,3.054518424499774,3.080865890893185,118600
2010-11-03,3.142343044281006,3.1546383523658097,3.0984310382512676,3.1019440791389314,129100
2010-11-04,3.17571759223938,3.196795511367981,3.1370751313627965,3.196795511367981,113600
2010-11-05,3.1563949584960938,3.1616645199706417,3.128291300675895,3.1581514789876097,67300
2010-11-08,3.1669344902038574,3.168691010922089,3.123022477314286,3.1265351837286777,95900
2010-11-09,3.20206356048584,3.2143588691896303,3.1669341549067282,3.1757164225459973,215600
2010-11-10,3.2055773735046387,3.217872685169337,3.1880124989741625,3.217872685169337,114200
2010-11-11,3.200307846069336,3.2055774089934523,3.1827433063665196,3.1844994923191052,56200
2010-11-12,3.1722042560577393,3.2248988814873605,3.1634219859972,3.19152565221748,43300
2010-11-15,3.1827430725097656,3.2108467359958572,3.1739604682815528,3.198551090076359,34000
2010-11-16,3.135317802429199,3.184499042688403,3.1142398887309173,3.173960253350298,65500
2010-11-17,3.135317325592041,3.185683648512496,3.106536471610397,3.1515065988435707,54900
2010-11-18,3.1802875995635986,3.210867301216897,3.142512512535473,3.1515067442540072,44500
2010-11-19,3.1640987396240234,3.182086862320187,3.11732975785196,3.1425129237696465,51300
2010-11-22,3.1676955223083496,3.2018725682033393,3.1353169793806286,3.155103942968637,38300
2010-11-23,3.1623010635375977,3.174892651157086,3.138916735543553,3.1533071704079725,41900
2010-11-24,3.189281463623047,3.201873044837154,3.160500608535129,3.1622994548649808,55800
2010-11-26,3.2414474487304688,3.254039031773527,3.189281926872193,3.189281926872193,18000
2010-11-29,3.2090682983398438,3.2306537672217024,3.185683640107181,3.2306537672217024,42300
2010-11-30,3.2018723487854004,3.2162627732010396,3.1874819243697607,3.1946773081249713,53500
2010-12-01,3.1964774131774902,3.252240286866612,3.187483179940589,3.2342521634877257,54100
2010-12-02,3.2036728858947754,3.2198621647952934,3.1946789945478042,3.2036728858947754,52400
2010-12-03,3.236050844192505,3.2522401200938353,3.1910807095987876,3.1910807095987876,41000
2010-12-06,3.2288553714752197,3.252239687390969,3.2126660977278347,3.2288553714752197,68700
2010-12-07,3.2378504276275635,3.2702289867990357,3.223459995006351,3.2540397072132996,58900
2010-12-08,3.2198617458343506,3.268429576216371,3.2108678556576433,3.261234189599071,60000
2010-12-09,3.2306551933288574,3.252241014834181,3.21626476002364,3.2288566893738246,31900
2010-12-10,3.2378504276275635,3.2504420132842524,3.228856535899922,3.2396492745920873,37900
2010-12-13,3.225257396697998,3.270227521374557,3.2198608582226744,3.2360501305538216,69300
2010-12-14,3.225257396697998,3.2486417105680863,3.2216597043811155,3.232452438236939,62300
2010-12-15,3.2378504276275635,3.2702289867990357,3.21806345411278,3.225258841970875,75500
2010-12-16,3.255838632583618,3.270229065551375,3.2234600726324185,3.2450458936315467,73500
2010-12-17,3.2342522144317627,3.248642644742558,3.2306545210803335,3.2342522144317627,93700
2010-12-20,3.2378504276275635,3.261234751976417,3.228856535899922,3.252240860248776,34900
2010-12-21,3.2378504276275635,3.2594362481068706,3.2324538867339925,3.2558385541778234,42100
2010-12-22,3.2666304111480713,3.2882162258009813,3.239648400153097,3.243246093111063,59000
2010-12-23,3.2306551933288574,3.286418422594696,3.2036731737684483,3.270229142239452,62900
2010-12-27,3.257636547088623,3.2792220188138956,3.2360507322684637,3.2360507322684637,47100
2010-12-28,3.2432456016540527,3.2720264547667757,3.237849063034855,3.2720264547667757,88200
2010-12-29,3.255838632583618,3.268430218543532,3.248643244552247,3.2576374795914607,34400
2010-12-30,3.261232852935791,3.2738247743550857,3.2486412746112743,3.2486412746112743,29800
2010-12-31,3.264832019805908,3.2774236038192446,3.2540392825223243,3.2612343263464028,34000
2011-01-03,3.2630341053009033,3.290016470860924,3.2540402121775833,3.290016470860924,100900
2011-01-04,3.2414474487304688,3.281021044450781,3.236050908957056,3.2756245046773675,101300
2011-01-05,3.25223970413208,3.2774228664932656,3.225257695445831,3.2414469692765517,85600
2011-01-06,3.309802770614624,3.324193204017927,3.264832623342428,3.264832623342428,106200
2011-01-07,3.3115997314453125,3.325990156652071,3.2774223429187113,3.324191310614376,106200
2011-01-10,3.306077241897583,3.3281670004622783,3.2637389183454517,3.3281670004622783,104700
2011-01-11,3.3079185485839844,3.3502572291824797,3.293192157842506,3.3060777058531934,90700
2011-01-12,3.3115997314453125,3.352097212061879,3.296873342938852,3.3281669624031798,91400
2011-01-13,3.3392133712768555,3.3392133712768555,3.3097605792229787,3.3226461318584275,48200
2011-01-14,3.387073040008545,3.3907547254804804,3.313441086094091,3.313441086094091,86600
2011-01-18,3.387073040008545,3.3907547254804804,3.3520977302348602,3.387073040008545,65300
2011-01-19,3.3189640045166016,3.377869574573764,3.315282318611806,3.377869574573764,70000
2011-01-20,3.322645664215088,3.3668251971828638,3.3208051721876135,3.3208051721876135,48400
2011-01-21,3.348417043685913,3.3833920091213523,3.3189642564219017,3.3300089638696764,64900
2011-01-24,3.387073040008545,3.392595568216448,3.359461101178731,3.359461101178731,69500
2011-01-25,3.376028060913086,3.42388891485234,3.3741872183264046,3.390754450501716,121400
2011-01-26,3.405482053756714,3.4091637402421786,3.3594620260032446,3.392596502162534,69900
2011-01-27,3.4294118881225586,3.440456946208295,3.3999591021037374,3.434934417165427,49800
2011-01-28,3.374187469482422,3.4441377374589237,3.370505784035014,3.4404564031163654,84400
2011-01-31,3.411003828048706,3.4238893767891185,3.3613021248172252,3.3962774364732526,87400
2011-02-01,3.4588654041290283,3.480954820510358,3.4220492420202215,3.4275717716680254,88900
2011-02-02,3.394437313079834,3.4883182109354713,3.385233096953824,3.4662284433379913,187900
2011-02-03,3.3833911418914795,3.4515009144222026,3.3484161854208114,3.405480902229906,91800
2011-02-04,3.372347116470337,3.3999590591258344,3.3613024096291175,3.3944368812576746,82400
2011-02-07,3.4625461101531982,3.4883175593874913,3.374187758476741,3.374187758476741,116000
2011-02-08,3.4662275314331055,3.480953922255517,3.43861559252919,3.460705003210381,119400
2011-02-09,3.46990966796875,3.471750510948949,3.445979060331057,3.451501589271655,63100
2011-02-10,3.3465747833251953,3.449659495093039,3.328166711304745,3.4238884049272706,251900
2011-02-11,3.3079185485839844,3.322644939325463,3.2858291380241917,3.293192157842506,4302000
2011-02-14,3.309760093688965,3.335531546284228,3.304237915429564,3.313441779931849,692600
2011-02-15,3.3005549907684326,3.31528137910948,3.296873305906973,3.30791800938656,312700
2011-02-16,3.306077241897583,3.315281454259873,3.2950325381676357,3.304236750529926,215700
2011-02-17,3.304236888885498,3.3115999079788345,3.2950326761378075,3.3097590654292968,198500
2011-02-18,3.3447351455688477,3.3594615382677433,3.304237653423109,3.3116006742201085,444500
2011-02-22,3.364983558654785,3.3870729688123773,3.3355307777081005,3.364983558654785,465100
2011-02-23,3.359462261199951,3.381552030554303,3.337372491845599,3.376029500439472,371300
2011-02-24,3.4238884449005127,3.4312514631317925,3.359460367629136,3.377868439864497,377200
2011-02-25,3.4901578426361084,3.49568037095026,3.420207572847813,3.4588645688371575,1143800
2011-02-28,3.46990966796875,3.55458633842853,3.4607054530677535,3.4901582385411465,1239000
2011-03-01,3.4754326343536377,3.497522404023132,3.4570249025848665,3.4570249025848665,289100
2011-03-02,3.4643874168395996,3.4717507893508706,3.4091635274247736,3.457024395433255,342900
2011-03-03,3.484636068344116,3.49752161812886,3.4478199108692213,3.4827952253598817,245500
2011-03-04,3.460705518722534,3.4846361268142267,3.434934418720623,3.4846361268142267,212000
2011-03-07,3.4643874168395996,3.490158518419195,3.449661022921984,3.4827954970128507,615300
2011-03-08,3.4680685997009277,3.4919988546792005,3.4680685997009277,3.4735911282827794,324800
2011-03-09,3.504885196685791,3.5067256886736278,3.473591566318778,3.4754320583066147,234800
2011-03-10,3.4404571056365967,3.4993626804038818,3.4367754194374114,3.488317972911246,287700
2011-03-11,3.44229793548584,3.4588651722134816,3.3907553822104064,3.453342642935961,238000
2011-03-14,3.4238884449005127,3.4496595353671533,3.4036395303311378,3.4441370083651126,120700
2011-03-15,3.4091615676879883,3.4202062690009853,3.3981165152702664,3.401798199409507,303900
2011-03-16,3.3668248653411865,3.438615984904309,3.3576206505863677,3.4165262205976368,291300
2011-03-17,3.3686656951904297,3.414685720267375,3.36314351688835,3.372347381461768,175800
2011-03-18,3.4349348545074463,3.4386165410047838,3.3723475884725023,3.3778701182185085,225600
2011-03-21,3.460705518722534,3.4846361268142267,3.4367752617357463,3.4515016547518247,174800
2011-03-22,3.4625461101531982,3.466227795915937,3.4312524833796765,3.451501403969861,295200
2011-03-23,3.425729274749756,3.462545067981532,3.4220475900951466,3.4533412074497813,229300
2011-03-24,3.4183666706085205,3.4551828231860053,3.416525827869161,3.429411375939825,155300
2011-03-25,3.3797106742858887,3.4367754057259132,3.376028988101392,3.425730698277342,150600
2011-03-28,3.385233163833618,3.4220493268551224,3.3797109851538587,3.4018004020828,89000
2011-03-29,3.4183666706085205,3.433093061418544,3.3631427928471447,3.4054811225378563,231700
2011-03-30,3.4091615676879883,3.438614338592464,3.4054798835487476,3.418365426931365,135100
2011-03-31,3.385233163833618,3.4349348785811635,3.3520986873352547,3.4312531920580227,325700
2011-04-01,3.4220504760742188,3.4367768760073623,3.385234300688826,3.385234300688826,162200
2011-04-04,3.399959087371826,3.4496607952275706,3.396277752464103,3.4496607952275706,232200
2011-04-05,3.399959087371826,3.433093559275656,3.396277752464103,3.4036407733844523,213500
2011-04-06,3.4275717735290527,3.4386164817257145,3.399959476379984,3.429412265641044,403400
2011-04-07,3.394437313079834,3.4330939674942433,3.3925964698546323,3.4330939674942433,135100
2011-04-08,3.3705074787139893,3.4238908912278414,3.3705074787139893,3.407323649489406,141800
2011-04-11,3.3631436824798584,3.422049261301901,3.357621152800937,3.368665861053834,171000
2011-04-12,3.3263275623321533,3.3778701200073287,3.3263275623321533,3.359462038615841,371900
2011-04-13,3.3502583503723145,3.379711141711876,3.3226460512746288,3.339213290291253,150700
2011-04-14,3.3686656951904297,3.3925963048492007,3.3502579660435936,3.372347381461768,175400
2011-04-15,3.372347116470337,3.3999590591258344,3.3520981946740185,3.3631432526201377,246000
2011-04-18,3.3263275623321533,3.3686659037591102,3.3244867190825094,3.3576211953661974,144500
2011-04-19,3.330007553100586,3.353937800950119,3.3226441838516396,3.333689237725059,152600
2011-04-20,3.364983558654785,3.3723465783390347,3.352097659773872,3.364983558654785,157800
2011-04-21,3.3244853019714355,3.3778686801407996,3.3134405982864914,3.3778686801407996,178700
2011-04-25,3.3668248653411865,3.3686653571872576,3.346575943985478,3.3649840223902228,84700
2011-04-26,3.372347116470337,3.381551331425436,3.357620723647078,3.357620723647078,167100
2011-04-27,3.3576207160949707,3.3741879518719857,3.3502576952523526,3.3686654229113477,116000
2011-04-28,3.3613028526306152,3.3613028526306152,3.33185006310238,3.3392130849319654,125000
2011-04-29,3.372347116470337,3.3852326663025756,3.344735173814839,3.3705062734793168,189000
2011-05-02,3.3502583503723145,3.4128456197451245,3.3502583503723145,3.3907558506879694,120000
2011-05-03,3.3705074787139893,3.3889155641016977,3.3410546825356655,3.3410546825356655,118000
2011-05-04,3.372347116470337,3.44781992357765,3.3631432526201377,3.44781992357765,202000
2011-05-05,3.3318493366241455,3.374187668451393,3.313441259406469,3.3705059827868835,217400
2011-05-06,3.33553147315979,3.3447353374603,3.3263272577543628,3.3336906300787046,124200
2011-05-09,3.33553147315979,3.3520983586797244,3.318964236534938,3.3281681008354482,120000
2011-05-10,3.376028060913086,3.379709746086449,3.3300080495605138,3.335530577320559,213600
2011-05-11,3.3392133712768555,3.4054823289505674,3.3318503488158746,3.38707424614065,309300
2011-05-12,3.344866991043091,3.361826908765912,3.320369531791738,3.3354449742757013,248800
2011-05-13,3.282680034637451,3.348635215999918,3.278911084976322,3.348635215999918,165300
2011-05-16,3.269489049911499,3.309061942826711,3.2619511506361327,3.2789110645788866,170100
2011-05-17,3.244990110397339,3.269487915112573,3.2148392426145085,3.252528007056394,188300
2011-05-18,3.3015236854553223,3.3128301724843032,3.2506439546847945,3.260065967304488,157300
2011-05-19,3.3034095764160156,3.3128315930760106,3.2619518404874843,3.3128315930760106,112600
2011-05-20,3.331674814224243,3.333559288778938,3.2694885916264123,3.2921015674292033,145900
2011-05-23,3.2713730335235596,3.3147148695685438,3.2694885589876774,3.2939860091006095,123300
2011-05-24,3.2544121742248535,3.2921005756848087,3.2525277002378563,3.2789096172024914,118900
2011-05-25,3.222378730773926,3.260067154403048,3.2148408303919775,3.258183038734434,154500
2011-05-26,3.2073028087615967,3.2318002624777735,3.194111844496977,3.2129558737739656,338600
2011-05-27,3.2035326957702637,3.224261551759435,3.195994799255405,3.2110705922851217,232900
2011-05-31,3.2167253494262695,3.2449917573909337,3.201649907883323,3.2223787747899535,727500
2011-06-01,3.188457489013672,3.226146255415996,3.1846885404880965,3.224261781153208,185100
2011-06-02,3.180920124053955,3.2280309102240046,3.1601916225493403,3.2035334595633596,142700
2011-06-03,3.2129554748535156,3.235568810375778,3.1488847768716766,3.1752670615521117,245700
2011-06-06,3.201648235321045,3.2317991026559243,3.1865728016536052,3.2148391948517183,97900
2011-06-07,3.2035326957702637,3.22991461471889,3.19034173629595,3.2110705922851217,185500
2011-06-08,3.173382043838501,3.1978794903202585,3.169613095325396,3.1922264269773137,165800
2011-06-09,3.130040168762207,3.1696130492949783,3.130040168762207,3.167728575065793,131300
2011-06-10,3.1451170444488525,3.182805468023518,3.1055437863545503,3.1338101938922676,240200
2011-06-13,3.1677284240722656,3.1809193836210934,3.154537464523438,3.154537464523438,131300
2011-06-14,3.175267457962036,3.199764911694946,3.1564230692453568,3.1846894726069666,124500
2011-06-15,3.154538869857788,3.177152210177567,3.1281569390070887,3.1583078198155596,649900
2011-06-16,3.1526529788970947,3.1941106909585733,3.1375775452638357,3.1601908754270687,106100
2011-06-17,3.1338095664978027,3.1696138672384895,3.113081063481027,3.1658449178075116,217400
2011-06-20,3.135693073272705,3.139462021540266,3.099889143010946,3.1338085991389244,157700
2011-06-21,3.1281564235687256,3.1601917740774947,3.1168499349852756,3.1413473868205495,210800
2011-06-22,3.1225032806396484,3.1564231088701264,3.1093123162004233,3.124387755477655,178600
2011-06-23,3.0716235637664795,3.107427867131885,3.049010584376517,3.107427867131885,178100
2011-06-24,3.0622010231018066,3.0923518967289754,3.033934624004681,3.0810454089754784,343400
2011-06-27,3.0414719581604004,3.081045201776504,3.0358188943772006,3.0546629195568546,203400
2011-06-28,3.075392484664917,3.0791614343368807,3.0490105558148186,3.052779505486782,169600
2011-06-29,3.0716235637664795,3.1149657665464234,3.0471261095228823,3.0885834780223647,176700
2011-06-30,3.1225032806396484,3.1526541591941126,3.071623538293931,3.075392487969945,158500
2011-07-01,3.1639604568481445,3.1865734321098844,3.1319251090383786,3.1319251090383786,173700
2011-07-05,3.1338095664978027,3.1828048308201105,3.113081063481027,3.171498341953978,191100
2011-07-06,3.1828055381774902,3.186574488446092,3.1319261472588877,3.133810262966308,145500
2011-07-07,3.2035326957702637,3.2186081293732913,3.1884572621672356,3.19034173629595,123600
2011-07-08,3.211071252822876,3.2129553679124765,3.1865734435369206,3.1865734435369206,93800
2011-07-11,3.124386787414551,3.201648434699893,3.114964775570665,3.195995011937534,192700
2011-07-12,3.1564226150512695,3.194111387061395,3.11119630429518,3.1130807788383628,165000
2011-07-13,3.137578248977661,3.184689034576205,3.11873386285289,3.169613597561742,134500
2011-07-14,3.0810463428497314,3.14511705858418,3.054664050859334,3.14511705858418,130700
2011-07-15,3.0810463428497314,3.0998907344351943,3.079161867748498,3.0810463428497314,124500
2011-07-18,3.0075523853302,3.073507373514054,2.8907176653890487,3.0697387840491333,360100
2011-07-19,3.082930564880371,3.088583630293151,3.024512919818118,3.024512919818118,116300
2011-07-20,3.090468168258667,3.09989054318351,3.0622017623378417,3.090468168258667,146300
2011-07-21,3.154538869857788,3.154538869857788,3.0923526332619606,3.0923526332619606,163400
2011-07-22,3.175267457962036,3.175267457962036,3.141347630157377,3.152654119616657,100100
2011-07-25,3.109312057495117,3.150769422201406,3.0735077574056713,3.150769422201406,133900
2011-07-26,3.1451170444488525,3.1451170444488525,3.109312736540079,3.114966161818371,103200
2011-07-27,3.0226283073425293,3.1413473340410736,3.003783740688806,3.1413473340410736,152600
2011-07-28,3.0339343547821045,3.0584318026453094,3.007552252842712,3.030165406056463,77300
2011-07-29,3.0169734954833984,3.030164452445136,2.971747203288888,3.015089021713633,97900
2011-08-01,3.064084529876709,3.1394616901376398,3.032049191837482,3.0622000559418545,175100
2011-08-02,3.001899480819702,3.067854656167646,2.9962460568435505,3.067854656167646,176100
2011-08-03,3.0508944988250732,3.0508944988250732,2.9679794176295795,3.01132125302143,118800
2011-08-04,3.109312057495117,3.228031086997141,3.054663370020342,3.054663370020342,602700
2011-08-05,3.19411039352417,3.252527648484918,3.120617346907326,3.146999622878838,503200
2011-08-08,2.981168746948242,3.1846872097401437,2.973631032760145,3.1262699697107124,497800
2011-08-09,3.2129554748535156,3.218608898590775,2.94159742543363,3.0245123300661714,523900
2011-08-10,3.0659704208374023,3.1677295443638824,3.0546635720024904,3.0603169964199464,366100
2011-08-11,3.1187338829040527,3.1639605536649866,3.064085558160314,3.0848144189735107,491600
2011-08-12,3.145937919616699,3.1945163293733705,3.089586786399511,3.0973593245481013,58400
2011-08-15,3.2353219985961914,3.243094722015691,3.1653693409399577,3.1653693409399577,226400
2011-08-16,3.2586400508880615,3.2975025591271896,3.215890810013976,3.2294930770527452,275700
2011-08-17,3.299445390701294,3.3227631896743777,3.278071143151795,3.278071143151795,180400
2011-08-18,3.1809146404266357,3.245038130642988,3.140108580857751,3.2333790446953765,238500
2011-08-19,3.157597064971924,3.2236637409043256,3.140108805423705,3.157597064971924,181200
2011-08-22,3.157597064971924,3.2217205597740897,3.1362224431632337,3.1906304029381247,223300
2011-08-23,3.2566962242126465,3.2722412985511204,3.157596236320948,3.1673117687985664,155400
2011-08-24,3.1867451667785645,3.283902033879277,3.171200082867412,3.25475504787387,119600
2011-08-25,3.1673128604888916,3.2139484702022014,3.1342795198059257,3.1964602092156937,273200
2011-08-26,3.1673128604888916,3.1886874840554973,3.128450346559713,3.1575973246625804,76200
2011-08-29,3.270299196243286,3.274185558765303,3.1984029720816958,3.1984029720816958,111600
2011-08-30,3.2741849422454834,3.280014114306962,3.210061455202198,3.2547535039182147,146500
2011-08-31,3.3111050128936768,3.3285929016819806,3.2839008479058562,3.2955595639726925,304400
2011-09-01,3.270299196243286,3.3247071596797313,3.254754116779149,3.3188776158967066,227800
2011-09-02,3.2178335189819336,3.2586395728644684,3.2061748052828487,3.229492603304844,218600
2011-09-06,3.202288866043091,3.212004770926496,3.1323362040019487,3.1789714355706686,239800
2011-09-07,3.2975032329559326,3.303332777163787,3.1867444873743915,3.2294937369840784,150700
2011-09-08,3.2158918380737305,3.2839017125135253,3.186744854920675,3.2839017125135253,136200
2011-09-09,3.1750848293304443,3.2392083141318415,3.1575965725097137,3.1984022580088545,142200
2011-09-12,3.1809146404266357,3.1886869937678326,3.14205176184902,3.1595400201465593,117200
2011-09-13,3.2508668899536133,3.2605827936755007,3.1867434078844776,3.1886865886288556,103500
2011-09-14,3.2042315006256104,3.2702981600714014,3.1925727873774745,3.2702981600714014,99300
2011-09-15,3.3344225883483887,3.3344225883483887,3.210061956626427,3.2217206731943815,243900
2011-09-16,3.3538544178009033,3.390774123599479,3.334422974189865,3.3480248735304037,290200
2011-09-19,3.303332567214966,3.3324795451538405,3.2566973283879794,3.324707190661309,108900
2011-09-20,3.2605834007263184,3.318877351415406,3.2605834007263184,3.318877351415406,93800
2011-09-21,3.1809146404266357,3.2644691993079187,3.17508509745283,3.2625263889405276,162700
2011-09-22,3.155654191970825,3.182857989202593,3.0993032308753454,3.1498246480109007,233400
2011-09-23,3.0934739112854004,3.206175834899328,3.0701562910872053,3.15565423181392,147400
2011-09-26,3.1070759296417236,3.1245641917913587,3.0429524253010487,3.1129054738995885,109300
2011-09-27,3.163425922393799,3.206174786117455,3.134278582384581,3.145937666637798,164300
2011-09-28,3.0934739112854004,3.16925613060154,3.0934739112854004,3.1673129492570307,137400
2011-09-29,3.1828582286834717,3.1828582286834717,3.1284506301262645,3.1381661668332033,203400
2011-09-30,3.089585781097412,3.1809133989226654,3.0876427861764295,3.1575956067522064,130500
2011-10-03,2.998260259628296,3.1284504451739323,2.998260259628296,3.0818150193025597,240000
2011-10-04,3.066269636154175,3.1206774114310623,2.739822799180895,2.984657880582866,605300
2011-10-05,2.959397792816162,3.0682135548385974,2.906933186087345,3.0565546503921937,182000
2011-10-06,3.0604398250579834,3.0662691823612302,2.9166477761650422,2.9516241052964514,161000
2011-10-07,2.941908359527588,3.0876435787885836,2.9341358219128115,3.064325965944254,126900
2011-10-10,3.0468382835388184,3.0584969994997353,2.969112707447593,2.969112707447593,117000
2011-10-11,3.0643270015716553,3.0798720820548615,3.0118622159568518,3.0215779375868497,85300
2011-10-12,3.1439950466156006,3.157596943379567,3.0701558343175988,3.0895870889358443,195700
2011-10-13,3.1284494400024414,3.1537100482052303,3.105131641902782,3.126506259275484,93100
2011-10-14,3.190629720687866,3.1964592628320467,3.1517668476409804,3.1537100283557074,112600
2011-10-17,3.140108346939087,3.20617501322515,3.134278804399546,3.1828572136908364,109300
2011-10-18,3.2256064414978027,3.239208336759199,3.1459378801463287,3.1459378801463287,157000
2011-10-19,3.2139475345611572,3.2839001875187095,3.2120043538368046,3.225606248283445,86000
2011-10-20,3.2314367294311523,3.2644700738848527,3.1828583035065323,3.221721192495819,115000
2011-10-21,3.303332567214966,3.3421954515494208,3.2586405096670954,3.2761287705552067,277300
2011-10-24,3.3810572624206543,3.3985455196733843,3.303331880532887,3.314990595160088,155400
2011-10-25,3.3227627277374268,3.367454768046835,3.3033312930652263,3.367454768046835,99300
2011-10-26,3.3752286434173584,3.3810578163740845,3.322763863063326,3.3635695562560737,113200
2011-10-27,3.4004886150360107,3.4510102046485502,3.3130473309712607,3.4490670238222396,537800
2011-10-28,3.3752286434173584,3.4393521403087597,3.3732854622238113,3.4179775178036538,283100
2011-10-31,3.3227627277374268,3.3888293832486345,3.3227627277374268,3.3538528749634318,240600
2011-11-01,3.307218551635742,3.363569319791398,3.2644693096308752,3.2644693096308752,183300
2011-11-02,3.3285927772521973,3.3616261137266297,3.3052753459901787,3.344137854968172,229000
2011-11-03,3.346080780029297,3.3674553992375222,3.3111046358120086,3.3519103227107747,241900
2011-11-04,3.3111050128936768,3.351910704439555,3.287787210136102,3.349967523324432,135300
2011-11-07,3.3324782848358154,3.3441369974773423,3.3072176790085424,3.3072176790085424,258100
2011-11-08,3.348024845123291,3.361626744348421,3.3130483210449815,3.3519112079373157,341300
2011-11-09,3.303332567214966,3.338309088991189,3.303332567214966,3.3285931825956085,235600
2011-11-10,3.3363659381866455,3.351911017937631,3.3149913145450647,3.33442275688978,213800
2011-11-11,3.3596835136413574,3.363569505345718,3.3324793479673662,3.3577403324772215,330900
2011-11-14,3.3536815643310547,3.3656874772220298,3.337673553256058,3.363686428130019,68400
2011-11-15,3.3576817512512207,3.3816935633651366,3.3316685095234604,3.3536796553452772,204000
2011-11-16,3.325666904449463,3.3576829195148363,3.325666904449463,3.3436755789703563,176900
2011-11-17,3.30165433883667,3.323665489893756,3.291649478353065,3.323665489893756,187500
2011-11-18,3.2836451530456543,3.315661163303307,3.2676371479168282,3.3076573515693672,118800
2011-11-21,3.2196121215820312,3.2616329787279246,3.205605169200067,3.2516281217867578,179400
2011-11-22,3.2196121215820312,3.229616978523198,3.1615830735033614,3.2156100261412335,146500
2011-11-23,3.131568193435669,3.2156102964530615,3.131568193435669,3.2156102964530615,125600
2011-11-25,3.1215646266937256,3.1615846468655917,3.091549468441944,3.133570537330031,66900
2011-11-28,3.1735899448394775,3.195601094807627,3.1515789857018,3.1936000464777097,199600
2011-11-29,3.1375718116760254,3.1835947750927343,3.133569715293463,3.1835947750927343,90600
2011-11-30,3.225615978240967,3.2576319855275497,3.1435747210310283,3.22761664474308,431700
2011-12-01,3.231618881225586,3.2516289820627735,3.189597822131864,3.22561611813708,195000
2011-12-02,3.321664571762085,3.3416746751751836,3.245626255124506,3.253630449154137,221800
2011-12-05,3.3416736125946045,3.381693425034381,3.3256656112865226,3.355680566031569,213200
2011-12-06,3.335670232772827,3.3516782329473362,3.335670232772827,3.347676137488502,129000
2011-12-07,3.343674421310425,3.359682804961632,3.3116584173297565,3.3316685152328924,124400
2011-12-08,3.273639440536499,3.3416735400337747,3.273639440536499,3.329667253067774,87300
2011-12-09,3.3576817512512207,3.3636845134492637,3.275640693483741,3.275640693483741,166000
2011-12-12,3.3196635246276855,3.3356715310325895,3.271639505412973,3.331669434016119,132900
2011-12-13,3.327667474746704,3.3696887318371367,3.3256668078166305,3.3416748148841777,165700
2011-12-14,3.327667474746704,3.3356716691109747,3.2816445021351304,3.30365565497588,170600
2011-12-15,3.329667568206787,3.3536797627505925,3.2816435607800605,3.3536797627505925,129000
2011-12-16,3.351679801940918,3.369688858275272,3.3376728429388667,3.3576829479393724,570600
2011-12-19,3.337671995162964,3.3696880023672344,3.337671995162964,3.3696880023672344,278200
2011-12-20,3.3616840839385986,3.3716893255441014,3.3536802723151387,3.3716893255441014,301900
2011-12-21,3.3556807041168213,3.371688706083628,3.3416737501034746,3.357681752070281,438700
2011-12-22,3.343674421310425,3.3716887110391647,3.341673755014897,3.3716887110391647,349800
2011-12-23,3.3596835136413574,3.3676873254943835,3.3436751266133977,3.355681416884367,136200
2011-12-27,3.3576817512512207,3.3816935633651366,3.3396727013353473,3.3816935633651366,152800
2011-12-28,3.335670232772827,3.377691090108103,3.33366918504341,3.377691090108103,166000
2011-12-29,3.351679801940918,3.3656867609429697,3.335671794272715,3.3376728429388667,139200
2011-12-30,3.325666904449463,3.359683968164048,3.3236658558002516,3.355681870865625,126700
2012-01-03,3.3596835136413574,3.381694282482895,3.3396734115173614,3.3696883738728785,254600
2012-01-04,3.351679801940918,3.3636857122768182,3.3416749402711696,3.359683996605524,131000
2012-01-05,3.3656859397888184,3.379692895373477,3.3456758396703417,3.351678984204159,277400
2012-01-06,3.3536815643310547,3.377693390113005,3.3456773679630114,3.377693390113005,173000
2012-01-09,3.3896985054016113,3.391699553797465,3.355681445994015,3.361684209520619,192500
2012-01-10,3.4597325325012207,3.4597325325012207,3.3977011976542806,3.4017032931271474,316000
2012-01-11,3.475741386413574,3.477742052980563,3.435721185177152,3.4577323340232766,168500
2012-01-12,3.4857466220855713,3.4877476705294446,3.449728513417782,3.4817445251978243,199100
2012-01-13,3.483745574951172,3.487747671840423,3.4537306116037207,3.4637354721658826,123300
2012-01-17,3.4877467155456543,3.501753669156543,3.4857456676496903,3.4937494775726856,162000
2012-01-18,3.481743574142456,3.4997526235570904,3.4677366205223765,3.4997526235570904,202800
2012-01-19,3.4917495250701904,3.5077575298491666,3.483745331850233,3.5037554332391876,221800
2012-01-20,3.5377724170684814,3.5737905224826743,3.4937501186018314,3.4937501186018314,350900
2012-01-23,3.5517799854278564,3.5537810340358678,3.5117597765896225,3.539774075440785,312500
2012-01-24,3.5477776527404785,3.5557818466412736,3.51776268893444,3.5457766042652796,202800
2012-01-25,3.5617825984954834,3.5617825984954834,3.5397718410232484,3.553778790776695,183900
2012-01-26,3.549778461456299,3.5917997132753277,3.5397736014170254,3.577792374895021,245500
2012-01-27,3.5517799854278564,3.571790089846973,3.545776839603822,3.571790089846973,233700
2012-01-30,3.549778461456299,3.5537805581363866,3.517762451337489,3.5417746497570692,214000
2012-01-31,3.543775796890259,3.563785901342659,3.515761879653497,3.563785901342659,405600
2012-02-01,3.5517799854278564,3.581794951226033,3.545776839603822,3.5637858954149277,624200
2012-02-02,3.549778461456299,3.5617843698356157,3.543775316436167,3.5517795097963427,389800
2012-02-03,3.5517799854278564,3.5958019098211156,3.5477778882118334,3.5797939026180217,512700
2012-02-06,3.5537805557250977,3.563785415757583,3.5477774107090396,3.5477774107090396,497600
2012-02-07,3.563786506652832,3.577793467650299,3.5477784967041464,3.553781643557802,210000
2012-02-08,3.7778918743133545,3.847927025581199,3.5617836583497224,3.6038049017747764,1522900
2012-02-09,3.7498767375946045,3.809907011149118,3.739871882832558,3.7718878760640004,687600
2012-02-10,3.7498767375946045,3.767885781494884,3.731867693694325,3.731867693694325,472700
2012-02-13,3.7818949222564697,3.79990397659215,3.749878910473252,3.7678879648089327,660000
2012-02-14,3.747877359390259,3.791899655933946,3.743875263038848,3.7818944150554197,1267800
2012-02-15,3.7025232315063477,3.7705543845243876,3.7025232315063477,3.731385040025081,1241200
2012-02-16,3.7004621028900146,3.723138761081016,3.6880925876505954,3.7087080531756604,858200
2012-02-17,3.7004621028900146,3.7210771752077796,3.6984005170167777,3.710769639048897,617800
2012-02-21,3.690155267715454,3.7210782785685823,3.690155267715454,3.716955498806937,524300
2012-02-22,3.6633553504943848,3.7107706589894724,3.659232177614619,3.7087090725495893,339100
2012-02-23,3.671600580215454,3.6798469243515215,3.6592314572186826,3.673662166249471,605800
2012-02-24,3.7087082862854004,3.7561235847282144,3.6901544054673736,3.6901544054673736,792200
2012-02-27,3.747877359390259,3.7499389452420635,3.70252325706515,3.710769600472368,391500
2012-02-28,3.7891085147857666,3.797354859537915,3.7334472605382025,3.760247094567966,881500
2012-02-29,3.71077036857605,3.801478198794863,3.71077036857605,3.7994166125163247,830700
2012-03-01,3.7664310932159424,3.774677043097026,3.725200164188682,3.727261749960773,570100
2012-03-02,3.772616147994995,3.809723912271561,3.7664317827538025,3.776739320294025,447700
2012-03-05,3.8365237712860107,3.838585357237928,3.7788005442542842,3.7788005442542842,994900
2012-03-06,3.8406457901000977,3.8736307655972833,3.8138459644422285,3.8220923066183343,494400
2012-03-07,3.9004311561584473,3.9128002780068005,3.8159081026479926,3.857138639878269,530000
2012-03-08,3.877753973007202,3.91692331626792,3.8550773159255494,3.9128001447231537,506400
2012-03-09,3.877753973007202,3.8921846802066034,3.8653848515801843,3.890123487641501,475900
2012-03-12,3.824153184890747,3.8963071001769736,3.8159072365990894,3.8963071001769736,365300
2012-03-13,3.8612630367279053,3.8715709692116134,3.828278439194876,3.8447707379613907,346200
2012-03-14,3.8076610565185547,3.867445855298152,3.8076610565185547,3.867445855298152,314700
2012-03-15,3.8200318813323975,3.834462591316384,3.7623086481890944,3.8056007781410544,484700
2012-03-16,3.822092294692993,3.84683053472965,3.8035384180618825,3.826215072560945,465000
2012-03-19,3.813847064971924,3.834462533153783,3.799416355206828,3.80353952748467,422900
2012-03-20,3.780862808227539,3.8097242303154575,3.778801221905918,3.803539864557981,222100
2012-03-21,3.7870469093322754,3.8056003965891048,3.7705546148316254,3.803539203832926,273800
2012-03-22,3.7643699645996094,3.793231382499336,3.756123620509786,3.774677501504561,213400
2012-03-23,3.822092294692993,3.8365230002489157,3.756122737111691,3.7664306647996617,420500
2012-03-26,3.85713791847229,3.8674458457574232,3.846830384394377,3.846830384394377,378800
2012-03-27,3.85713791847229,3.890122892577496,3.8509535553084304,3.853015140765457,372000
2012-03-28,3.8530168533325195,3.8901246216380088,3.838586141926472,3.8633243919918683,266700
2012-03-29,3.8592002391815186,3.8653849967309144,3.8365235812483247,3.8385851670981235,288700
2012-03-30,3.8488922119140625,3.87569203812645,3.8488922119140625,3.8695076745736463,378000
2012-04-02,3.8942461013793945,3.8942461013793945,3.838584860706828,3.8571383454595076,443800
2012-04-03,3.8282787799835205,3.8880636140887446,3.8241556066229974,3.8880636140887446,296900
2012-04-04,3.782923698425293,3.8303389954751714,3.778800526540787,3.811785115202208,336200
2012-04-05,3.7623095512390137,3.7870481980118638,3.749940424456314,3.7808634380167883,337200
2012-04-09,3.813847064971924,3.832400947014862,3.743754709078014,3.747877881355856,299000
2012-04-10,3.7561235427856445,3.84064660192069,3.7458160060939836,3.822093114517164,360600
2012-04-11,3.8117854595184326,3.8200318040323316,3.7499394484935844,3.76024698592861,250600
2012-04-12,3.873633623123169,3.875694816980473,3.8220951261249847,3.8220951261249847,308000
2012-04-13,3.908677577972412,3.914862336246536,3.8406468097864157,3.8653854496755695,316400
2012-04-16,3.960214614868164,3.9602146148681645,3.906614968754217,3.9292916211232876,404600
2012-04-17,3.984952926635742,3.984952926635742,3.9313528916073928,3.968460638412186,380400
2012-04-18,4.003507614135742,4.019999905712941,3.960215102991065,3.9787689801663197,357300
2012-04-19,4.0385541915893555,4.061231242255636,3.987015726044016,4.009692776710297,372800
2012-04-20,4.071537971496582,4.077722727691426,4.038553391538503,4.0488609253227,462400
2012-04-23,4.052985668182373,4.0797858955480315,4.024124247826153,4.046800909588599,240500
2012-04-24,4.1024627685546875,4.1024627685546875,4.052985876878916,4.052985876878916,268700
2012-04-25,4.1045241355896,4.125139604321711,4.1045241355896,4.125139604321711,469300
2012-04-26,4.1230788230896,4.137509536057223,4.090094223961478,4.104524936929102,350400
2012-04-27,4.149877548217773,4.158123892389442,4.116892957945764,4.123077716074516,344200
2012-04-30,4.182862758636475,4.2323396467288354,4.139570235801063,4.139570235801063,808000
2012-05-01,4.141631603240967,4.215847128063947,4.135446845103274,4.201416025742664,659400
2012-05-02,4.085968971252441,4.135445844763827,4.050922803364306,4.135445844763827,634000
2012-05-03,4.028246879577637,4.261200583774563,4.020000535892708,4.125139058631701,697000
2012-05-04,4.1168928146362305,4.13544669516929,4.020000633235948,4.024123805178254,341300
2012-05-07,4.178740978240967,4.184925345557892,4.059171693888098,4.112771772143865,506000
2012-05-08,3.995262622833252,4.007632140604623,3.974647546295728,3.976709132590956,4360300
2012-05-09,3.98701548576355,3.9993846066509566,3.968461607828808,3.968461607828808,1298500
2012-05-10,3.9890782833099365,4.001447407955027,3.9787703517662085,3.9952626490287906,861900
2012-05-11,3.9828927516937256,3.9973234598479728,3.974646801265859,3.9808311657849322,773700
2012-05-14,4.0189642906188965,4.0210862843697335,3.893769492422001,3.9595496797822416,877100
2012-05-15,4.012600898742676,4.021088879223411,3.9680402154063703,3.997747337630574,743000
2012-05-16,3.961672782897949,4.008355444301865,3.9553067998628086,4.001989865995763,471600
2012-05-17,3.827990770339966,3.9637951845453303,3.8258687757768723,3.9574292008560494,876700
2012-05-18,3.7112836837768555,3.821624978214244,3.7049176997684716,3.821624978214244,1362600
2012-05-21,3.825869560241699,3.825869560241699,3.7176502437088645,3.7261378189724716,734900
2012-05-22,3.7919182777404785,3.8725520603687023,3.7770643134268576,3.8152594122035954,511400
2012-05-23,3.847088098526001,3.847088098526001,3.764332330197247,3.76857631952926,415000
2012-05-24,3.857699394226074,3.8598213896194737,3.8195042866033626,3.849211412652477,284600
2012-05-25,3.8619420528411865,3.883161189997191,3.842844505617504,3.8640636427735084,258200
2012-05-29,3.919233560562134,3.942575092765681,3.8640629238176727,3.872550900884062,465800
2012-05-30,3.9149909019470215,3.9489420087778444,3.9086249176428227,3.9086249176428227,425500
2012-05-31,3.919233560562134,3.948941075565473,3.8449657848763428,3.9255995433619257,1357200
2012-06-01,3.8874051570892334,3.9595513562485434,3.851332057509578,3.9595513562485434,643100
2012-06-04,3.8661861419677734,3.9107472262145695,3.8492105871902207,3.8725521267827876,758200
2012-06-05,3.9149909019470215,3.9192344867540356,3.85133227309239,3.859820252164655,303900
2012-06-06,4.0189642906188965,4.025329867142482,3.9043790564472602,3.9213546017250294,932500
2012-06-07,3.987137794494629,4.04230804908645,3.9807718090897932,4.031698478140912,508800
2012-06-08,4.063528060913086,4.0656500562909645,3.9828942601998816,3.9828942601998816,552000
2012-06-11,4.023209095001221,4.09323369585437,4.023209095001221,4.09323369585437,387100
2012-06-12,4.023209095001221,4.046550628618937,3.976526432494835,4.031697072581862,620600
2012-06-13,4.046551704406738,4.074137234148471,4.008356604597666,4.027454154502202,402600
2012-06-14,4.067772388458252,4.0953575211961,4.0338212690596995,4.05716281541968,284600
2012-06-15,4.038065433502197,4.080504132207449,4.035943437857542,4.067772563068802,630100
2012-06-18,4.04442834854126,4.082623435498101,4.033818782043923,4.033818782043923,323400
2012-06-19,4.074138164520264,4.101723295832192,4.031699065101184,4.046552628479088,429300
2012-06-20,4.110210418701172,4.116575998973351,4.078380898423621,4.080502893424068,365700
2012-06-21,4.135674476623535,4.135674476623535,4.110211340366687,4.1144549265899935,389200
2012-06-22,4.195087909698486,4.19933189941068,4.127185693219928,4.14203925248347,703100
2012-06-25,4.131428241729736,4.184476885636159,4.125062663487547,4.173867318746488,442700
2012-06-26,4.129306316375732,4.1547698439568945,4.086867643379183,4.1399162881716505,284500
2012-06-27,4.142038822174072,4.152648390623211,4.088990170470191,4.088990170470191,342600
2012-06-28,4.144161701202393,4.144161701202393,4.09960061380236,4.129307735582929,234500
2012-06-29,4.186601161956787,4.188723157437167,4.148406052768452,4.17811358476452,535800
2012-07-02,4.311795711517334,4.313917706825133,4.18447882615395,4.197210798000744,602300
2012-07-03,4.341502666473389,4.349990647372427,4.2948199857162965,4.318161528459445,272700
2012-07-05,4.316038608551025,4.349989715414959,4.301185049889194,4.3372581515232635,399400
2012-07-06,4.322403430938721,4.341500569278126,4.282086350602177,4.313915454139865,285100
2012-07-09,4.318160533905029,4.349989645487162,4.301184980745951,4.301184980745951,322300
2012-07-10,4.292696475982666,4.347867118174008,4.252379795124005,4.3202819994428685,287500
2012-07-11,4.296939849853516,4.299061844025862,4.214184100777025,4.28845187316413,360400
2012-07-12,4.301184177398682,4.301184177398682,4.248135533093505,4.290574205700224,263000
2012-07-13,4.324527263641357,4.347868807216996,4.2990641294944965,4.2990641294944965,344800
2012-07-16,4.362720966339111,4.3860625024070385,4.333013851146542,4.333013851146542,387400
2012-07-17,4.4051594734191895,4.41364704605229,4.3775739517212795,4.3775739517212795,272800
2012-07-18,4.430622577667236,4.432744571998968,4.3860619108879835,4.398793472149336,545700
2012-07-19,4.443355560302734,4.451843134842592,4.430623591399256,4.443355560302734,447000
2012-07-20,4.436988830566406,4.453964381523852,4.413647296226521,4.432744841644779,283500
2012-07-23,4.371208667755127,4.4433548612749645,4.364842684304883,4.409403758998461,431700
2012-07-24,4.392428398132324,4.400915971704585,4.360598884231373,4.3712088571080505,301900
2012-07-25,4.422134876251221,4.4263788647910545,4.388183777390595,4.41576889344147,221900
2012-07-26,4.3903069496154785,4.490038278686162,4.377574980579886,4.462453155233976,401400
2012-07-27,4.420013427734375,4.449720541723198,4.40091588167611,4.409403859803816,360500
2012-07-30,4.462454319000244,4.48579545886105,4.4327467882322145,4.4327467882322145,456900
2012-07-31,4.470940589904785,4.530355229356922,4.4518430416783525,4.4518430416783525,430100
2012-08-01,4.490036487579346,4.526109575998788,4.470938946373231,4.483670505600984,518500
2012-08-02,4.6534295082092285,4.6852586300229735,4.458210381761219,4.490039503574964,799600
2012-08-03,4.6852569580078125,4.829549357114738,4.649183858231082,4.7658907314756895,819300
2012-08-06,4.681012153625488,4.808328978006006,4.678890159334093,4.776499873093134,615600
2012-08-07,4.678891181945801,4.734061831393011,4.570672282535672,4.681013176700976,764000
2012-08-08,4.68950080871582,4.7170859290336695,4.65979328907073,4.676769245855973,316500
2012-08-09,4.68950080871582,4.708598355370134,4.674647251257817,4.68950080871582,341500
2012-08-10,4.70011043548584,4.721329977002456,4.678890893969224,4.695866446236698,474500
2012-08-13,4.759526252746582,4.770135823775079,4.712843168871135,4.714965164022673,787000
2012-08-14,4.803033351898193,4.861766196470098,4.772579468743742,4.792157083601044,508800
2012-08-15,4.720371246337891,4.805207275843008,4.711669902335869,4.805207275843008,492400
2012-08-16,4.742120742797852,4.770399677810248,4.713842222688108,4.729069150047405,581500
2012-08-17,4.5768022537231445,4.585503182564071,4.552873973330514,4.574626917787187,10230900
2012-08-20,4.676865100860596,4.681215772624138,4.578977060695379,4.585503068340691,2089400
2012-08-21,4.639884948730469,4.696442433632968,4.568100528450926,4.696442433632968,1288400
2012-08-22,4.646411895751953,4.668164427888498,4.600730665478707,4.648587231946198,765300
2012-08-23,4.59202766418457,4.6420591293746325,4.574625397383558,4.635533123735716,511700
2012-08-24,4.602903366088867,4.626831635621485,4.58550110140225,4.58550110140225,507600
2012-08-27,4.611606121063232,4.642059989884619,4.585502508571441,4.620307048625267,747100
2012-08-28,4.646411895751953,4.648587231946198,4.607256674061444,4.613782267741225,890900
2012-08-29,4.676865100860596,4.6942673730118685,4.637709884794509,4.644235892439822,924500
2012-08-30,4.674688816070557,4.679039486950963,4.637708943392731,4.668162809749948,533000
2012-08-31,4.68556547164917,4.698617069327346,4.642059592851502,4.674688794498348,2568200
2012-09-04,4.716019630432129,4.726895893354869,4.659462150447645,4.702968031944274,1084400
2012-09-05,4.779102802276611,4.7943301515512555,4.7138443935680865,4.724720656718559,1085500
2012-09-06,4.794329643249512,4.811731911386961,4.783452966349357,4.785628301729387,916200
2012-09-07,4.837835311889648,4.84218598283474,4.785628505257002,4.796504767716913,1000700
2012-09-10,4.840010643005371,4.8574129118672555,4.831309301123021,4.831309301123021,729500
2012-09-11,4.848714828491211,4.850889750334498,4.82478653918445,4.831312134520432,510500
2012-09-12,4.890041351318359,4.916144957990668,4.811731361106937,4.842185223139004,693400
2012-09-13,4.903095245361328,4.931373783123791,4.8443624189667,4.876991628662745,814800
2012-09-14,5.057540416717529,5.072767353738233,4.907445552693741,4.907445552693741,1456600
2012-09-17,5.103221416473389,5.116273432890524,5.029262064624277,5.029262064624277,1690500
2012-09-18,5.042313575744629,5.07494278639666,5.031436895592003,5.072767450366134,1113800
2012-09-19,5.031435489654541,5.06406510609178,4.998806288120111,5.03796149592255,991600
2012-09-20,5.022735118865967,5.064065666666224,4.992281249383068,5.024910454529438,575600
2012-09-21,5.083642959594727,5.109746156142789,5.031435736692947,5.040137078810853,925600
2012-09-24,5.077117919921875,5.111922465216221,5.0640663191622215,5.0988708644565675,608300
2012-09-25,5.085817813873291,5.1162720959858365,5.074941551270625,5.10322008297925,1185200
2012-09-26,5.0618896484375,5.109745781872208,5.048837636216653,5.094518849184019,656800
2012-09-27,5.057540416717529,5.08581895476985,4.981405316711091,5.068416681760056,921700
2012-09-28,5.083642959594727,5.105395485083835,5.003157204615408,5.068415610888391,692800
2012-10-01,5.10104513168335,5.172829543176292,5.077116856218096,5.10104513168335,1101900
2012-10-02,5.140199661254883,5.146725667383088,5.09669419844191,5.135849405405545,656000
2012-10-03,5.1815314292907715,5.198933701513044,5.129324612623953,5.140200877174287,1176000
2012-10-04,5.318575382232666,5.3490292588820445,5.214161320329314,5.216336656504691,1567300
2012-10-05,5.320748805999756,5.372956029709375,5.298996280174055,5.346852417854565,748800
2012-10-08,5.298994541168213,5.318572139908702,5.259839343687234,5.314221470210216,453600
2012-10-09,5.279419422149658,5.368606118345762,5.272893414536689,5.3120486304087144,627300
2012-10-10,5.235911846160889,5.285943310351797,5.118446651325593,5.279417719745967,1278900
2012-10-11,5.268542289733887,5.27941896815351,5.229387492131817,5.246789762700356,457200
2012-10-12,5.281595706939697,5.290296637084016,5.238089811509197,5.27289436189241,586800
2012-10-15,5.246789932250977,5.344677551773689,5.135850298202939,5.333801287905455,1205900
2012-10-16,5.362081050872803,5.381658662241381,5.270719002787093,5.318575570533825,704400
2012-10-17,5.533929347991943,5.549156288141557,5.3751331073815445,5.403412066147685,1167200
2012-10-18,5.488245487213135,5.544802962786859,5.44909027990034,5.544802962786859,623400
2012-10-19,5.431689739227295,5.5295777886432775,5.364255980131249,5.455618021285187,1045800
2012-10-22,5.427336692810059,5.449089212698899,5.294644163993978,5.394707083171355,3403400
2012-10-23,5.351203441619873,5.412111181790131,5.177180319226471,5.409936260986504,971300
2012-10-24,5.377305030822754,5.425161572235964,5.3033452985502825,5.355552510074282,613100
2012-10-25,5.4969482421875,5.4969482421875,5.399060198736235,5.405586206600622,707700
2012-10-26,5.477367877960205,5.514347740782202,5.451264274537683,5.503471066480026,428700
2012-10-31,5.533929347991943,5.579610168440783,5.48172251823484,5.48172251823484,704000
2012-11-01,5.551328659057617,5.607886131473892,5.518699459752823,5.533926391768208,1068000
2012-11-02,5.5099992752075195,5.55785541657272,5.477370069053843,5.546979152822451,713200
2012-11-05,5.392532825469971,5.509998023928314,5.305521075616061,5.503472018218439,1234300
2012-11-06,5.455615043640137,5.486068902435587,5.386005986448988,5.414284510344377,639000
2012-11-07,5.294646263122559,5.418637501218798,5.122798466531007,5.418637501218798,1125300
2012-11-08,5.362081050872803,5.533928880685219,5.25984273642809,5.333802509397615,1549300
2012-11-09,5.325100421905518,5.36643097513232,5.285945204627801,5.364255639183234,829700
2012-11-12,5.318575382232666,5.355555267408176,5.305523365180402,5.325100975855846,843000
2012-11-13,5.114097595214844,5.322924858571428,4.955301811841246,5.3207495227152695,2487100
2012-11-14,4.927023410797119,5.18805793404453,4.916147145204701,5.1315004401774935,2282300
2012-11-15,5.0921502113342285,5.132316232556787,4.839997470656925,4.844460030870956,1407000
2012-11-16,5.284053325653076,5.32198784663811,5.078760698960012,5.083223683926174,1018700
2012-11-19,5.268434047698975,5.355460138757388,5.230499521358227,5.328682650793558,979600
2012-11-20,5.241654872894287,5.270663844320737,5.2037203587614185,5.255043399760713,599500
2012-11-21,5.30859899520874,5.397856561047157,5.241655501619692,5.27735852795506,946500
2012-11-23,5.355459213256836,5.40008821027944,5.304136164610403,5.344302176808014,439600
2012-11-26,5.3844685554504395,5.413477535466468,5.292979481148299,5.355460001048133,535000
2012-11-27,5.339839935302734,5.417940478157262,5.31529394096207,5.395625976539723,657400
2012-11-28,5.371078014373779,5.397855491626989,5.263968956588067,5.266200448493631,1069600
2012-11-29,5.491578578948975,5.493810071892903,5.362154967497438,5.397858003372775,959900
2012-11-30,5.500504016876221,5.511661481376316,5.420172400544297,5.504967002676259,861100
2012-12-03,5.455875396728516,5.54959596979081,5.438023879269686,5.533975519602304,735900
2012-12-04,5.400087833404541,5.467030898652797,5.384467387607227,5.458104929625761,1050700
2012-12-05,5.319756507873535,5.440254126146081,5.308599470749411,5.429097089021956,865100
2012-12-06,5.366616725921631,5.386699733802537,5.288516612622214,5.335376680601864,616700
2012-12-07,5.420170783996582,5.43355931178986,5.362153262740875,5.3956247950308835,427900
2012-12-10,5.444716453552246,5.4714939352747445,5.3777733876664495,5.420170889721391,441800
2012-12-11,5.522817611694336,5.618769662541154,5.509429082110544,5.5406691263439525,931000
2012-12-12,5.489346027374268,5.569677629794794,5.467031527852135,5.538437585832016,635100
2012-12-13,5.491578578948975,5.527281614824312,5.464801089235592,5.489347086005046,432600
2012-12-14,5.504965782165527,5.518354310983507,5.4201711988334464,5.480419791321183,899200
2012-12-17,5.489346027374268,5.556289100326985,5.467031527852135,5.502734556842076,655300
2012-12-18,5.496039390563965,5.522816871757633,5.435790802702054,5.489345339475766,679300
2012-12-19,5.585299491882324,5.643317035087499,5.513892990204873,5.52728194867715,797800
2012-12-20,5.634387969970703,5.656702462895278,5.525047422815194,5.55851894939528,747300
2012-12-21,5.6076130867004395,5.621002044015328,5.560753012939576,5.591993062113485,1149600
2012-12-24,5.616537570953369,5.6343890836989585,5.571908576282576,5.598686058207779,316300
2012-12-26,5.580837249755859,5.634391813943442,5.540671220211711,5.634391813943442,398000
2012-12-27,5.560751438140869,5.600917447483068,5.498270931873712,5.576371458304251,697900
2012-12-28,5.545132637023926,5.603150171537987,5.533975173301767,5.551826689643499,465400
2012-12-31,5.643314361572266,5.643314361572266,5.531742314176501,5.533973380584463,630800
2013-01-02,5.801748275756836,5.857534316869883,5.725879225793995,5.75935076533908,1454800
2013-01-03,5.846374988555908,5.920012516952834,5.781663001921326,5.812903036509855,1105000
2013-01-04,5.761579990386963,5.879846504219658,5.703562479390559,5.879846504219658,1359700
2013-01-07,5.895468711853027,5.89770020452199,5.763813623680206,5.766045116349169,953800
2013-01-08,6.087371349334717,6.290432451226375,5.891004298213233,5.891004298213233,965600
2013-01-09,6.069520950317383,6.178861530943566,6.0605949801697685,6.10745547221738,963500
2013-01-10,6.167703151702881,6.178860612729336,6.073982607148753,6.098528595793335,748100
2013-01-11,6.172163963317871,6.183320994803082,6.129766477569826,6.178858437577079,636100
2013-01-14,6.167703151702881,6.190017648142172,6.1230745844379175,6.183323171526299,524800
2013-01-15,6.190018177032471,6.201175639012247,6.123075107608437,6.158778134716409,618800
2013-01-16,6.190018177032471,6.212332675378367,6.143158113558378,6.192249669428426,422300
2013-01-17,6.261424541473389,6.274813496512482,6.154315454842706,6.210101490664563,482100
2013-01-18,6.308285236358643,6.308285236358643,6.210101690973403,6.270350713751643,481400
2013-01-22,6.410930633544922,6.4265506542562925,6.310516032280268,6.310516032280268,657500
2013-01-23,6.357375144958496,6.413161168089702,6.3328291585844205,6.413161168089702,589100
2013-01-24,6.107455253601074,6.460022975151722,6.062826255687861,6.444402527952531,2246700
2013-01-25,6.040511608123779,6.172166680553771,5.80621043887781,6.172166680553771,2804400
2013-01-28,6.00257682800293,6.031585802357955,5.91555075616513,6.029354310052674,922100
2013-01-29,6.00927209854126,6.024892121127473,5.953486060382672,6.002577620741299,606800
2013-01-30,5.873154163360596,6.011503728423348,5.857534140417675,6.009272235772402,1243700
2013-01-31,5.935634136199951,5.937865628646176,5.837450596634366,5.861996587929179,886800
2013-02-01,5.960180282592773,6.0248922929973245,5.935634714520105,5.969106253247349,850400
2013-02-04,5.861996173858643,5.93117073235072,5.806210143484534,5.91108772736695,1215200
2013-02-05,5.897700309753418,5.957949336049287,5.848608321387725,5.868691330153014,764900
2013-02-06,5.935634136199951,5.980262708283461,5.8731536245466405,5.908856652458914,764400
2013-02-07,5.683480262756348,6.024890900329237,5.636620204492764,6.024890900329237,3177400
2013-02-08,5.774970054626465,5.830756088647876,5.580834894575605,5.687943977749436,1930000
2013-02-11,5.768275260925293,5.797283807614854,5.725877761351065,5.759349292335515,1009400
2013-02-12,5.832988262176514,5.83745124756663,5.757119212999384,5.770508169169733,1133000
2013-02-13,5.812905311584473,5.926708886486651,5.772739719513454,5.8195997897365,1378000
2013-02-14,5.712491989135742,5.826295589859659,5.699103455407579,5.821832603412333,952700
2013-02-15,5.658935546875,5.757118662384993,5.6343895551906655,5.714721582074907,1431900
2013-02-19,5.652087211608887,5.720569515147173,5.585887274175324,5.6657835852365706,1416600
2013-02-20,5.5607757568359375,5.716002732078938,5.5607757568359375,5.649802813354823,1661500
2013-02-21,5.5174055099487305,5.567625841759053,5.387288859267509,5.5653430400313235,2104600
2013-02-22,5.620126724243164,5.631540292026149,5.535664842290085,5.547078410073071,981800
2013-02-25,5.617846965789795,5.706874061826305,5.60643295642618,5.6292605397534725,1194100
2013-02-26,5.656652450561523,5.69089360012694,5.560776970538452,5.61784569828076,1266700
2013-02-27,5.79133415222168,5.852968041632154,5.656651932258399,5.656651932258399,1744400
2013-02-28,5.802748680114746,5.848403839819138,5.745679948184192,5.814162252340909,1365900
2013-03-01,5.82557487487793,5.841554046355297,5.745678582091327,5.786768128975853,766600
2013-03-04,5.77992057800293,5.83927210609583,5.722851851228968,5.827858534900971,872700
2013-03-05,5.841555595397949,5.921451909371169,5.777638457139397,5.79818323602965,979800
2013-03-06,5.763940334320068,5.862098595816014,5.729699191691187,5.848402225844411,712500
2013-03-07,5.658935070037842,5.784486092875704,5.626976287457432,5.784486092875704,1249700
2013-03-08,5.645238876342773,5.727417989916667,5.620128930283984,5.688611234662314,1052900
2013-03-11,5.610997200012207,5.661217522838414,5.601866430134638,5.652086752960845,959400
2013-03-12,5.613280296325684,5.633825073879691,5.590452717332359,5.60643189200773,1619400
2013-03-13,5.823291301727295,5.823291301727295,5.615561229266987,5.615561229266987,1390600
2013-03-14,5.848404884338379,5.873514834800522,5.821011696543374,5.823294498476287,984700
2013-03-15,5.800466060638428,5.852969191166391,5.793617655847869,5.843838420178864,1288200
2013-03-18,5.7776384353637695,5.802748817334969,5.736548877738128,5.757093656550949,634600
2013-03-19,5.738831043243408,5.878078876340986,5.73198307466473,5.821010149386219,1431600
2013-03-20,5.722851753234863,5.7867688828711685,5.709155380955592,5.775354876471923,551000
2013-03-21,5.709157943725586,5.793619451994606,5.709157943725586,5.725137124457562,598700
2013-03-22,5.775355815887451,5.782204220840955,5.7319838907149405,5.736549058617381,549800
2013-03-25,5.832422256469727,5.839270658729044,5.775353543841256,5.814160285844605,638100
2013-03-26,5.873514652252197,5.894059433609934,5.843839098846542,5.873514652252197,525800
2013-03-27,5.850684642791748,5.878077818375605,5.834705471784397,5.852967443707049,380200
2013-03-28,5.910037994384766,5.9282999719744485,5.814162503188958,5.834707282402337,1372600
2013-04-01,5.800466060638428,5.9328655054567045,5.7685077090822565,5.889493145916268,690500
2013-04-02,5.793616771697998,5.839271925867964,5.761658425018912,5.798182374194958,941400
2013-04-03,5.633821964263916,5.791331693439746,5.599580832373418,5.78904889326043,753400
2013-04-04,5.766223907470703,5.768506708671659,5.63610728681492,5.66578283162772,859900
2013-04-05,5.850684642791748,5.8666642491988545,5.684044094572576,5.716002871987033,874900
2013-04-08,5.951125621795654,5.955691223561605,5.836988190045374,5.836988190045374,780200
2013-04-09,5.928299427032471,5.985368156179336,5.923734259604608,5.967106180268334,812300
2013-04-10,5.939713001251221,5.964822944174082,5.914602622928541,5.9305817962612215,662200
2013-04-11,5.891773700714111,5.953408014125543,5.878077331755922,5.953408014125543,559200
2013-04-12,5.786768913269043,5.882644390527222,5.779920509393521,5.868947582776177,549900
2013-04-15,5.505990982055664,5.757093032969947,5.496859776727956,5.757093032969947,1687500
2013-04-16,5.556210041046143,5.597299584872736,5.533382468320287,5.544796472383083,1151800
2013-04-17,5.435225486755371,5.572190519874835,5.353046815203563,5.565342115828918,1265100
2013-04-18,5.371307849884033,5.4443557386478165,5.350763076744249,5.421528164559193,1203600
2013-04-19,5.432941913604736,5.432941913604736,5.357611221400461,5.391852801365857,1234900
2013-04-22,5.508274555206299,5.531102138128731,5.39870267965854,5.448923449167877,779800
2013-04-23,5.528818130493164,5.563059715108885,5.419246278842394,5.421529080176764,964800
2013-04-24,5.4489216804504395,5.528817541644898,5.3827217550038435,5.521969573770966,1677000
2013-04-25,5.428378105163574,5.480881235660727,5.414681295590494,5.414681295590494,1260900
2013-04-26,5.585888385772705,5.670350316651144,5.508274860770881,5.531102444959645,1891600
2013-04-29,5.763940334320068,5.763940334320068,5.624692527509564,5.654368503747746,1414400
2013-04-30,5.763940334320068,5.775353903396445,5.718285187215058,5.763940334320068,857400
2013-05-01,5.684043884277344,5.798181313421065,5.624692368874641,5.750243802172577,1563000
2013-05-02,5.716004848480225,5.750246003250213,5.656653310358955,5.697742434842998,968800
2013-05-03,5.617846965789795,5.750246426608167,5.595019382462502,5.709156863699028,1231600
2013-05-06,5.620126724243164,5.677195433957494,5.583602349458267,5.617843923606626,1160800
2013-05-07,5.77992057800293,5.782203379321868,5.633824776789533,5.638390379427409,1150200
2013-05-08,5.789052486419678,5.8301420443516605,5.7707905090498945,5.7867696848234695,1019200
2013-05-09,5.855251312255859,5.855251312255859,5.747962262072399,5.786769013908941,816800
2013-05-10,5.823291301727295,5.8826428132016275,5.789050162330486,5.871228809802885,894200
2013-05-13,5.716004848480225,5.82557671790415,5.69546006853825,5.82557671790415,1369200
2013-05-14,5.603879451751709,5.755714363826761,5.557161257174293,5.704324216129012,1729200
2013-05-15,5.519786357879639,5.596871806109291,5.4660602308951525,5.596871806109291,1092300
2013-05-16,5.496427536010742,5.561833101487423,5.468396261133594,5.5197864119427,667800
2013-05-17,5.519786357879639,5.536138194630651,5.454380793043566,5.519786357879639,700000
2013-05-20,5.409998416900635,5.529130560641905,5.374959655927794,5.505771238146005,1363400
2013-05-21,5.30254602432251,5.445037041447534,5.279186702411881,5.409998281352594,1360900
2013-05-22,5.3445916175842285,5.431020964454873,5.295537448539612,5.302545377921109,1378300
2013-05-23,5.402989864349365,5.409997793953796,5.241811493325159,5.31889693680603,1425700
2013-05-24,5.407661437988281,5.421676850671779,5.328240023545234,5.405325461617376,1001800
2013-05-28,5.1600542068481445,5.540809479305093,5.139030863128352,5.433357229663468,1632000
2013-05-29,5.12034273147583,5.160053436401576,4.844703773231465,5.125014683947543,2186600
2013-05-30,5.18808650970459,5.227797231848922,5.101657579211817,5.146040255853624,877700
2013-05-31,5.0572733879089355,5.265170845359942,5.008219217003555,5.185749424858114,1351000
2013-06-03,5.04559326171875,5.108663283306438,4.905437806704525,5.106327307076311,1748300
2013-06-04,5.239474296569824,5.272177069357089,4.966171343234049,5.029241358359658,2085900
2013-06-05,5.22312593460083,5.314226823283642,5.153047950924564,5.239477330462655,1493300
2013-06-06,5.241811752319336,5.337584567268789,5.150710445128352,5.234803822368648,1021400
2013-06-07,5.155381202697754,5.253489971542242,5.07128784496194,5.246482043216962,1075100
2013-06-10,4.9661712646484375,5.171732247624198,4.956827360833157,5.155380861489313,1634300
2013-06-11,4.863391399383545,4.928797400882756,4.8330245977665145,4.9077740591702215,1228800
2013-06-12,4.826016902923584,4.933469593063329,4.819008973498615,4.912446250330378,906900
2013-06-13,5.132023334503174,5.1460391951065265,4.8470408520318475,4.858720290325963,1138300
2013-06-14,5.106329441070557,5.23947702303832,5.103993463864199,5.127352790385688,1060800
2013-06-17,5.075961589813232,5.160054977247597,5.010556017846098,5.139031630389006,779400
2013-06-18,5.071286678314209,5.099317939624861,4.949819067412808,5.033911960261197,1178600
2013-06-19,4.949820041656494,5.099318943293527,4.942812113564057,5.096982967262715,745800
2013-06-20,4.711556434631348,4.891422602094055,4.69053309321145,4.882078696777688,1198600
2013-06-21,4.692868709564209,4.797985408600498,4.639142594742059,4.73725136532863,989800
2013-06-24,4.477965354919434,4.664839056185045,4.426575198456902,4.662503079226469,1477300
2013-06-25,4.643813610076904,4.660165441395842,4.49665069254124,4.529353464095421,1319800
2013-06-26,4.823680400848389,4.8423677650701284,4.688196898855298,4.688196898855298,1800900
2013-06-27,4.931134223937988,4.9428136622094945,4.816674035817591,4.863392234445624,987800
2013-06-28,4.917118549346924,4.970845125837234,4.884415764516149,4.970845125837234,829800
2013-07-01,5.005884647369385,5.068954695295396,4.945150576649015,4.959165994340763,1104800
2013-07-02,4.982523441314697,5.052600948880435,4.9498206638562765,4.99186734661249,753600
2013-07-03,4.9755167961120605,4.982524726893574,4.889087877516933,4.9661733339454175,586800
2013-07-05,4.884415149688721,4.984859913930615,4.76294704197564,4.975516007702545,1200800
2013-07-08,4.907773494720459,5.015225721744577,4.837695548557793,4.858718887852405,1245500
2013-07-09,5.008218765258789,5.0666168370930595,4.858719398394544,4.905438034078732,1112300
2013-07-10,4.968509197235107,5.057274090727216,4.96383724348762,4.998876005509715,659700
2013-07-11,5.1343584060668945,5.160053700434202,5.071288381097286,5.073624357452672,1021800
2013-07-12,5.129685878753662,5.148373687503428,5.092311152337896,5.139029783128545,710700
2013-07-15,5.155381202697754,5.171732589914854,5.10866301715488,5.1390298154806535,505600
2013-07-16,5.108664035797119,5.1834135040039,5.059609418822685,5.15304625408116,773600
2013-07-17,5.129685878753662,5.181076461731752,5.1039910328064995,5.146037711409707,942500
2013-07-18,5.232466220855713,5.295536234200503,5.13669343564704,5.13669343564704,935900
2013-07-19,5.211444854736328,5.262835453441597,5.181078047308503,5.234804177280358,400200
2013-07-22,5.244148254394531,5.260499647042435,5.183414192029433,5.220788931093796,634100
2013-07-23,5.325903415679932,5.360942611546969,5.239474527914011,5.2441464801018665,703600
2013-07-24,5.234803199768066,5.325904050581994,5.211443881586001,5.325904050581994,752000
2013-07-25,5.146037578582764,5.232466464110158,5.108662853131696,5.216115077418049,828000
2013-07-26,5.18808650970459,5.190422486953327,5.115672997162139,5.129688415112461,371900
2013-07-29,5.1600542068481445,5.1950929645338055,5.125015449162483,5.188085034779883,492800
2013-07-30,5.155381202697754,5.204435809890941,5.143701767697507,5.185748446565414,520600
2013-07-31,5.157718181610107,5.192756938965244,5.0946481510456785,5.153046228484897,476300
2013-08-01,5.127350807189941,5.171733020317975,5.099319537097884,5.162389560648572,561000
2013-08-02,5.139030933380127,5.171733714928202,5.0969842453657535,5.132023003530404,413100
2013-08-05,5.199762344360352,5.199762344360352,5.096981653211807,5.122676937384382,361900
2013-08-06,5.218451499938965,5.232466911796798,5.171732866356976,5.185748723756719,472400
2013-08-07,5.202099323272705,5.223122660643527,5.162388624410248,5.220786684764342,388600
2013-08-08,5.3235673904418945,5.424011679895838,5.272176812234651,5.288528197830831,1108000
2013-08-09,5.407661437988281,5.442700192467993,5.325904047174329,5.342255881770668,922600
2013-08-12,5.49409294128418,5.498764895862546,5.391312168270662,5.4123355183312025,812800
2013-08-13,5.407661437988281,5.4940907815440445,5.351599341712355,5.4940907815440445,695400
2013-08-14,5.162388801574707,5.19041962200321,5.153044897737301,5.164724777534058,9006200
2013-08-15,5.116832733154297,5.167185600149558,5.097650623250734,5.155196952961423,1869900
2013-08-16,5.138412952423096,5.179174995423662,5.10004873046228,5.107241736243933,1118100
2013-08-19,4.970569133758545,5.133617305610482,4.970569133758545,5.11443519464776,1946400
2013-08-20,5.097649097442627,5.1240246621669865,4.980158652282882,4.980158652282882,2001800
2013-08-21,5.0880608558654785,5.131220730344474,5.056890089484933,5.068878740245672,800900
2013-08-22,5.186367034912109,5.188764855505113,5.0880586772865515,5.0880586772865515,870700
2013-08-23,5.2271294593811035,5.275084960135537,5.195958704027006,5.203152166341436,1367800
2013-08-26,5.205548286437988,5.260697236334608,5.18396881932402,5.229526031088157,1066100
2013-08-27,5.183969974517822,5.2319250171670015,5.159992224524461,5.159992224524461,1003800
2013-08-28,5.068876266479492,5.1959580062770225,5.068876266479492,5.1959580062770225,1246600
2013-08-29,5.131220817565918,5.1647898634744775,5.0496967104615464,5.080867934709657,1234700
2013-08-30,5.04729700088501,5.19835650762618,5.04729700088501,5.133616719022821,2404100
2013-09-03,5.0377068519592285,5.1504016989610495,5.001740450349082,5.1504016989610495,1605800
2013-09-04,5.05449104309082,5.116833018083283,5.032911111080445,5.035308932119109,1017700
2013-09-05,4.889044761657715,5.040104276817448,4.881851756303729,5.037706455920262,1600800
2013-09-06,4.968171119689941,4.9945466927405,4.917818251870783,4.963375935138771,1055200
2013-09-09,5.025717735290527,5.028115556370856,4.965773580295148,4.984956148937774,780800
2013-09-10,4.960977077484131,5.023319036997385,4.881850832205287,5.016125575667494,2560100
2013-09-11,5.092854976654053,5.100048439362719,4.9657732128264,4.975364496437955,849800
2013-09-12,5.11203670501709,5.140810096366758,5.088058955115289,5.095252417287091,602000
2013-09-13,5.169583320617676,5.205549718820888,5.104843986786921,5.112036992025024,648300
2013-09-16,5.224730491638184,5.270287700294767,5.2031505686587876,5.260696877491373,922100
2013-09-17,5.260698318481445,5.275084785295925,5.215140640008471,5.217538460700474,803300
2013-09-18,5.375789642333984,5.385380465399954,5.20315071110975,5.227127997443382,1865000
2013-09-19,5.347017288208008,5.430939178549952,5.301460069530603,5.380586318747291,1013900
2013-09-20,5.3206400871276855,5.3685951075344205,5.289468889392845,5.366197287913484,1219600
2013-09-23,5.359007358551025,5.382985111168805,5.313449674311002,5.325438321951096,719500
2013-09-24,5.335029125213623,5.373393343010178,5.299062728196547,5.337426945993101,857700
2013-09-25,5.4045634269714355,5.416552071027247,5.332630190624204,5.332630190624204,712000
2013-09-26,5.42854118347168,5.42854118347168,5.363801859711987,5.394972611349061,845600
2013-09-27,5.433338165283203,5.474100208921718,5.397371763799245,5.397371763799245,627600
2013-09-30,5.438132286071777,5.445325289953698,5.366199045890219,5.430938824852378,744400
2013-10-01,5.54363489151001,5.54363489151001,5.4213487772850595,5.423746598035064,1144000
2013-10-02,5.514862060546875,5.550828460778575,5.466906555346213,5.507668597565498,689300
2013-10-03,5.493282318115234,5.4956801391916015,5.447724632339472,5.478895848994639,814200
2013-10-04,5.47889518737793,5.486088192400816,5.447723974486916,5.47889518737793,843200
2013-10-07,5.452520847320557,5.486089431241115,5.402167971439719,5.4213500847282745,621700
2013-10-08,5.361406326293945,5.457316899941718,5.339826390055985,5.450123435416502,612800
2013-10-09,5.311053276062012,5.394975204036793,5.299064625210349,5.380588731547256,488600
2013-10-10,5.37099552154541,5.406961918557897,5.3446204076496135,5.361404695766271,566200
2013-10-11,5.438132286071777,5.442927926884711,5.337426115687578,5.378188147922551,565000
2013-10-14,5.378188133239746,5.442927912025161,5.359006027377862,5.4261431692257185,538300
2013-10-15,5.35660982131958,5.390178402360198,5.320643419156402,5.363803284687262,450900
2013-10-16,5.394973278045654,5.4045645611730935,5.342222592857393,5.370995527564608,492800
2013-10-17,5.457314968109131,5.464508430087937,5.378188715692375,5.402166464950867,662000
2013-10-18,5.591590881347656,5.593988702503695,5.474100388727501,5.519658076016989,971300
2013-10-21,5.486088275909424,5.598783567917299,5.469303987483798,5.596385747093986,673600
2013-10-22,5.584399223327637,5.591592231194569,5.469306066741657,5.5316480598355575,870300
2013-10-23,5.622760772705078,5.663522808067274,5.570009634390757,5.584396557933307,543000
2013-10-24,5.6970906257629395,5.716272730603725,5.620362206399794,5.639544311240581,527500
2013-10-25,5.687498092651367,5.742647032098639,5.658725170392868,5.721067111736088,458200
2013-10-28,5.6635236740112305,5.706683079225343,5.656330211140086,5.6827057843300315,617500
2013-10-29,5.6059746742248535,5.658725799795032,5.570008288732625,5.644339337065622,775300
2013-10-30,5.553228378295898,5.661128077064221,5.5292506166431865,5.589194792106085,568100
2013-10-31,5.53164529800415,5.586793798358926,5.486087622462703,5.536440939079567,637800
2013-11-01,5.574805736541748,5.598783487091159,5.471701729315569,5.522055051203087,815100
2013-11-04,5.617964267730713,5.6587262968255185,5.546031033090644,5.59398652285069,595000
2013-11-05,5.546031475067139,5.610771254201235,5.498076438822886,5.5796005035093446,605900
2013-11-06,5.490883827209473,5.584397008429751,5.483690822195449,5.574805725294317,650600
2013-11-07,5.296665668487549,5.406962696166682,5.10724191572867,5.394974047884207,2017200
2013-11-08,5.296665668487549,5.318245601266095,5.210345937373364,5.284677020205075,817800
2013-11-11,5.303859233856201,5.318245703539354,5.260699367469117,5.287074485665293,590900
2013-11-12,5.311053276062012,5.344622321654553,5.267893401255683,5.301462446848225,903500
2013-11-13,5.402112007141113,5.404572692832613,5.3012069947654155,5.323356451910287,902400
2013-11-14,5.441488265991211,5.498093411885073,5.40457141748743,5.414416035599699,690600
2013-11-15,5.490711688995361,5.505478620845256,5.426723059231284,5.441489991081178,634100
2013-11-18,5.475945472717285,5.51778417600463,5.471023161879386,5.493173091232533,437000
2013-11-19,5.4808669090271,5.56454430225021,5.426722437284309,5.463639293260693,793800
2013-11-20,5.488250255584717,5.56454465802436,5.47348379390045,5.503017186686337,590300
2013-11-21,5.490711688995361,5.539933856326923,5.480867537179476,5.512861617352826,522400
2013-11-22,5.5005574226379395,5.510401576444665,5.461179868576093,5.505479734250038,465800
2013-11-25,5.554699897766113,5.576849824444825,5.5030170484606815,5.512861199530475,473400
2013-11-26,5.510400295257568,5.57438892308486,5.507939140023746,5.569466612617215,546000
2013-11-27,5.539933204650879,5.628532907658535,5.517783278898965,5.517783278898965,806400
2013-11-29,5.557161331176758,5.599000031507575,5.539933713878898,5.599000031507575,523800
2013-12-02,5.441488265991211,5.601459554977756,5.411954881071632,5.569465015530111,869700
2013-12-03,5.350430488586426,5.47594662485707,5.330741710509707,5.416880290626914,831300
2013-12-04,5.4144182205200195,5.424262842604962,5.261829864125337,5.293824416483982,698300
2013-12-05,5.384885311126709,5.436568642916237,5.347968913801308,5.414418710637505,600800
2013-12-06,5.416880130767822,5.431646596535209,5.328280397328531,5.360274954144934,508100
2013-12-09,5.471023082733154,5.500556477915907,5.40703445101835,5.414417917168386,482800
2013-12-10,5.45871639251709,5.535010312405646,5.451332928237318,5.461177547277014,477200
2013-12-11,5.439028739929199,5.4833285958635,5.392267728729951,5.47594513006866,439800
2013-12-12,5.475945472717285,5.500556557489382,5.387345755304697,5.43656792484889,563700
2013-12-13,5.471023082733154,5.522706406948624,5.436567846201103,5.475945393499845,436400
2013-12-16,5.473483562469482,5.51778341506654,5.451333636170953,5.475944717549023,773100
2013-12-17,5.542395114898682,5.569466884959789,5.463640021234756,5.480867639296567,794400
2013-12-18,5.5817718505859375,5.62853285668509,5.493172148380663,5.547316619469361,965800
2013-12-19,5.5005574226379395,5.579312530761633,5.4759463339949175,5.544857288311885,629200
2013-12-20,5.5817718505859375,5.5891548461581655,5.510399763938952,5.510399763938952,750800
2013-12-23,5.586695194244385,5.611305809928424,5.557161798239172,5.608845123893944,609100
2013-12-24,5.608844757080078,5.63591652644553,5.5473172830590185,5.552239124223499,409200
2013-12-26,5.630993843078613,5.675293696547801,5.608844385761362,5.633454998206606,710800
2013-12-27,5.579310894012451,5.640838362861544,5.527627576082199,5.623610746690572,343200
2013-12-30,5.633452892303467,5.643297509135314,5.562081297941245,5.562081297941245,880800
2013-12-31,5.650683403015137,5.6654503358432375,5.635916939604444,5.645761561489844,888800
2014-01-02,5.76389217376709,5.822958475985172,5.640837260125108,5.6506814091195015,953400
2014-01-03,5.766354560852051,5.830343185952673,5.702365935751429,5.790965642724189,906300
2014-01-06,5.904175758361816,5.943553300231136,5.7835819777098605,5.808193058732517,1706300
2014-01-07,5.862339496612549,5.946016925198049,5.827884250518821,5.906639366971639,1165100
2014-01-08,5.839626312255859,5.86990980736233,5.801772304377641,5.844673641663576,717800
2014-01-09,5.768965244293213,5.832055413696805,5.761394250682456,5.832055413696805,842700
2014-01-10,5.864860534667969,5.882525700401902,5.801770381995543,5.8042940458632,845800
2014-01-13,5.814388275146484,5.880001605537527,5.804293620415782,5.864860104781104,646300
2014-01-14,5.776534080505371,5.86486038831052,5.766439906626308,5.827006393919643,494600
2014-01-15,5.85476541519165,5.880001087114186,5.771486446364354,5.771486446364354,527600
2014-01-16,5.8749566078186035,5.90776328333536,5.816913287535449,5.877480272295244,595700
2014-01-17,5.852243900299072,5.887574239033321,5.83205506654525,5.887574239033321,507600
2014-01-21,5.895144462585449,5.930474796707341,5.859813647123855,5.867384639295561,524000
2014-01-22,5.910285949707031,5.945616283733984,5.88252612649174,5.8900971186431015,419300
2014-01-23,5.915335178375244,5.940571345648335,5.892622675963448,5.912811513513949,602500
2014-01-24,5.880002975463867,5.935522626738468,5.84971996689567,5.907762801101168,787000
2014-01-27,5.832055568695068,5.922905087739685,5.768965397614732,5.867385910471319,547300
2014-01-28,5.90776252746582,5.94309286293887,5.837101375179999,5.852243360102495,736400
2014-01-29,5.877480983734131,5.938047494485408,5.852244817252806,5.902716668875617,514800
2014-01-30,5.92542839050293,5.9557118825617215,5.872432881074764,5.882527057534511,717800
2014-01-31,5.943093299865723,5.975900454936675,5.864861630706906,5.864861630706906,592200
2014-02-03,5.8749566078186035,5.968329786755372,5.854767773345267,5.950664616758674,594300
2014-02-04,5.902714729309082,5.950663381734222,5.854766558223624,5.882525899025815,641700
2014-02-05,5.9001922607421875,5.943093593953451,5.87243291431592,5.905239589670519,664400
2014-02-06,5.887572765350342,6.061701713729245,5.864860272894848,5.9304740865063135,1239400
2014-02-07,5.935523986816406,5.960760153965733,5.905240489969245,5.905240489969245,1276800
2014-02-10,5.970852375030518,5.993564869886737,5.887573387670942,5.940569369448687,634700
2014-02-11,5.945616245269775,6.026371569003062,5.935522070472962,6.013753730172122,757800
2014-02-12,5.975900650024414,6.006183660404936,5.920380995427171,5.963282327916053,839500
2014-02-13,5.985992908477783,6.038988881673609,5.945615253347448,5.958233571412938,858200
2014-02-14,6.003658294677734,6.021323457867453,5.9733748139670775,5.993563640660984,1088200
2014-02-18,6.008705139160156,6.059177446554753,5.9986109664849945,6.013752466167535,907700
2014-02-19,5.968327045440674,6.033940847676865,5.958232873510254,6.0137520224764645,621700
2014-02-20,6.018802165985107,6.0213258304837085,5.960759326536637,5.960759326536637,888600
2014-02-21,6.033942222595215,6.049083724610828,6.003659218563987,6.018800720579601,665300
2014-02-24,6.076845169067383,6.107128662526268,6.036467498682068,6.036467498682068,565100
2014-02-25,6.076845169067383,6.129841162285482,6.0692741753677115,6.089463010560369,488400
2014-02-26,6.089462757110596,6.11974624930905,6.061703410713439,6.0818922450658155,445200
2014-02-27,6.107127666473389,6.119745505908446,6.069273185488776,6.076844177953642,512400
2014-02-28,6.13740873336792,6.1525502321710865,6.091983755618853,6.119743571207631,842300
2014-03-03,6.094509601593018,6.157599764096755,6.081891761628167,6.091985937332099,673600
2014-03-04,6.142458438873291,6.160123607874773,6.081891938865455,6.109651283865033,1190000
2014-03-05,6.167694568634033,6.175265080258089,6.094509747336489,6.144982071082365,971000
2014-03-06,6.099555969238281,6.177787623643782,6.0945086415115615,6.165169785666647,633400
2014-03-07,5.975900650024414,6.124793481524667,5.958235480412481,6.094509989804373,647800
2014-03-10,5.973376274108887,6.023848593850985,5.940569603214323,5.955711106601067,680700
2014-03-11,5.890099048614502,6.028897247490685,5.8875753837371345,5.973378064208183,818300
2014-03-12,5.9557108879089355,5.960758215965751,5.882526075104191,5.8875734031610065,847600
2014-03-13,6.021325588226318,6.061703255899841,5.955711757921901,5.973376927361596,914900
2014-03-14,5.978424072265625,6.0768445740250545,5.965805750668421,6.061703069448162,624000
2014-03-17,5.985992908477783,6.003658553769469,5.95570990779984,6.001134890156371,391700
2014-03-18,6.049084186553955,6.05917884289503,5.973376189354716,5.973376189354716,406100
2014-03-19,5.930473804473877,6.06927193502146,5.887572485358141,6.044036261350715,1473400
2014-03-20,5.980947494506836,5.996088998470877,5.8522435074631485,5.902715347789865,471100
2014-03-21,6.066749572753906,6.0768437473186845,6.0162772559109525,6.021324583863185,758600
2014-03-24,5.991040229797363,6.081890194420857,5.97337506586271,6.054130376043763,442400
2014-03-25,5.973376274108887,6.016277601487756,5.955711106601067,5.998612433979936,365000
2014-03-26,5.9658050537109375,6.018801035548414,5.955710878952183,5.998612204691208,420800
2014-03-27,5.968327045440674,5.978421698710655,5.907760569839474,5.958232873510254,430600
2014-03-28,5.980947494506836,6.018801495086806,5.95066400523902,5.968329173420357,292100
2014-03-31,6.0314178466796875,6.049083010502434,5.98094601880607,6.02132367364081,634000
2014-04-01,6.059177875518799,6.071795712590939,5.983469409067065,6.018800219280393,470300
2014-04-02,6.094509601593018,6.134887267088231,6.056655600358724,6.076844433106331,454400
2014-04-03,6.021325588226318,6.099557259176299,5.980947920552795,6.097033594779233,490200
2014-04-04,6.044037818908691,6.104604317737879,6.016277993109576,6.056655658995701,628000
2014-04-07,6.0566558837890625,6.104604544310859,6.033943385717672,6.038990714475706,567200
2014-04-08,6.0137529373168945,6.081890413235975,6.011229273615489,6.059177921262948,598500
2014-04-09,6.049084186553955,6.054131514724493,5.9834703643560845,6.021324844295411,452000
2014-04-10,6.001137733459473,6.104605583920856,5.945618070345665,6.056656915233434,1096600
2014-04-11,5.970852375030518,6.0591786904336296,5.9582345362613705,5.991041205864969,942200
2014-04-14,5.955323219299316,6.01226224607105,5.916501133152697,5.97602836482082,765300
2014-04-15,5.991557598114014,6.030379687484585,5.9397949768364695,5.955323713854768,589500
2014-04-16,5.999322891235352,6.022616246219244,5.957912592075032,6.020028040815511,444100
2014-04-17,6.004497528076172,6.014849852982912,5.934617483769828,5.978615975334982,513100
2014-04-21,5.996734619140625,6.01226335774062,5.955324320440838,6.004499235265473,320800
2014-04-22,5.999322891235352,6.014851630008045,5.957912592075032,6.007087013796846,506400
2014-04-23,5.996734619140625,6.01226335774062,5.963088936565686,5.999322824515574,279000
2014-04-24,6.025204658508301,6.038145192321596,5.960501002142381,6.0122636310452835,437200
2014-04-25,6.025204658508301,6.069203164583115,6.007087220060077,6.0200282475230935,334400
2014-04-28,5.955323219299316,6.056260742010448,5.9527350144029265,6.032967391592554,473600
2014-04-29,5.983794212341309,6.020028101056748,5.94755982997616,5.970853185193145,388500
2014-04-30,6.066615581512451,6.082144322411565,5.976030354576366,6.001911918508072,376500
2014-05-01,6.025204658508301,6.069203164583115,5.9812061524334865,6.0510857261348905,539500
2014-05-02,6.038143634796143,6.058848779746403,5.978616404770344,6.007085670545955,506600
2014-05-05,6.0174407958984375,6.0510864842179855,5.99155923137967,6.040734154600349,325800
2014-05-06,5.981205940246582,6.040733183515529,5.942383352884508,6.032968567313174,569900
2014-05-07,6.038143634796143,6.043320044446106,5.950146645345138,5.983792814420307,517900
2014-05-08,5.582629680633545,5.805210348256995,4.894183027469855,5.800033938858875,3127800
2014-05-09,5.416988372802734,5.525690498779194,5.336756004044972,5.520514089530421,1655700
2014-05-12,5.473928928375244,5.530868458777391,5.414401686272723,5.419578096972862,1003100
2014-05-13,5.49204683303833,5.507576067855671,5.437695992126985,5.484282709279442,813100
2014-05-14,5.429931163787842,5.536045129335335,5.424754752383144,5.4920466196949285,546400
2014-05-15,5.424754619598389,5.435107442154372,5.3781683990457125,5.409225879414163,724200
2014-05-16,5.435105323791504,5.435105323791503,5.370401688984462,5.401459650897647,786200
2014-05-19,5.442872524261475,5.453224854052499,5.383344776776366,5.429931494960455,403800
2014-05-20,5.378168106079102,5.448047679926419,5.3678152840870705,5.445459968078135,700500
2014-05-21,5.404049396514893,5.43251916451678,5.378168327767442,5.406637602119586,432900
2014-05-22,5.429931163787842,5.437695780894889,5.391109065552134,5.409226011818814,395900
2014-05-23,5.471341133117676,5.471341133117676,5.427342626168066,5.437695448344319,448900
2014-05-27,5.4765167236328125,5.499810076389493,5.460987986344911,5.473928518476552,371900
2014-05-28,5.502397537231445,5.525690886837214,5.453222633213757,5.476515982819526,852000
2014-05-29,5.455812931060791,5.520516595088386,5.450636519462637,5.520516595088386,368100
2014-05-30,5.466163635253906,5.481692370378748,5.419576936229789,5.422165141025528,452100
2014-06-02,5.424754619598389,5.47392953943981,5.404049468136171,5.466165416172573,702100
2014-06-03,5.448047637939453,5.458400459851697,5.416990159502159,5.422166570458281,358900
2014-06-04,5.429931163787842,5.458400932863918,5.401461888361529,5.450636315756871,317500
2014-06-05,5.471341133117676,5.479105749749865,5.414402092097482,5.432519037256192,359000
2014-06-06,5.561926364898682,5.572279187097899,5.455812405605363,5.494634501552964,392800
2014-06-09,5.626630783081055,5.652512348427018,5.564515322440624,5.569691734239776,1145000
2014-06-10,5.706862926483154,5.722392161159818,5.587808422527392,5.6214541103606095,946000
2014-06-11,5.634393692016602,5.709449665742615,5.60333572429055,5.706861460627973,605100
2014-06-12,5.590396404266357,5.63180670777835,5.554162018456045,5.608513350346635,674600
2014-06-13,5.595571994781494,5.624041265738623,5.559337614286546,5.587807378893359,411200
2014-06-16,5.616278171539307,5.642159241937825,5.587808401721206,5.600748936920465,568600
2014-06-17,5.631804466247559,5.6447449958259,5.608511118086896,5.616275732023637,315300
2014-06-18,5.6525115966796875,5.680981364138933,5.582631527634123,5.639571062552613,714300
2014-06-19,5.649925231933594,5.737922274887383,5.644748819136336,5.668042183074098,489400
2014-06-20,5.7612128257751465,5.771565152664994,5.613688588634823,5.66545121038337,1709700
2014-06-23,5.655097007751465,5.77932785112137,5.655097007751465,5.774151442568584,701500
2014-06-24,5.699097633361816,5.712038165953913,5.621452956860214,5.6576873366874985,811500
2014-06-25,5.678393363952637,5.712039050089726,5.652511801112701,5.701686721143603,354900
2014-06-26,5.712038040161133,5.714626245352489,5.668039539207414,5.688744687088596,244300
2014-06-27,5.670627593994141,5.7146260937808675,5.6499224466621305,5.673215799116848,611300
2014-06-30,5.678393363952637,5.693922104196697,5.652511801112701,5.683569281600822,585900
2014-07-01,5.766388416290283,5.7689766210572175,5.662862200211255,5.701684778065682,567300
2014-07-02,5.763801097869873,5.766389303034816,5.706861571540436,5.748271866880212,552800
2014-07-03,5.7456841468811035,5.771565211193003,5.704273851602473,5.766389294520419,248600
2014-07-07,5.753448009490967,5.78709418141995,5.72239053625613,5.748271599401948,503200
2014-07-08,5.784507751464844,5.8000364928475605,5.735332827828155,5.766390804243376,562800
2014-07-09,5.771565914154053,5.787095147012201,5.724979696528762,5.784506941535843,583200
2014-07-10,5.784507751464844,5.805212904525062,5.732744621989404,5.756037980888373,871800
2014-07-11,5.811091423034668,5.827041211332448,5.728683084921112,5.765899933662102,832500
2014-07-14,5.792481899261475,5.842989634913384,5.776531607654494,5.842989634913384,482600
2014-07-15,5.80842924118042,5.80842924118042,5.710071179105182,5.7951373370976595,873200
2014-07-16,5.805771827697754,5.83501351451766,5.755263597836385,5.808430208957234,844500
2014-07-17,5.733997344970703,5.8270386656234665,5.715389182247032,5.800455358717762,754500
2014-07-18,5.741973400115967,5.773872967836149,5.702098686948496,5.715390088992824,980900
2014-07-21,5.712731838226318,5.784506627794962,5.707415074472826,5.741973531836025,376200
2014-07-22,5.765898704528809,5.7871652534039395,5.715390460812429,5.739315391676266,581200
2014-07-23,5.8243818283081055,5.82704021040687,5.7419740113845785,5.78184872879696,2387000
2014-07-24,5.74729061126709,5.832356807857339,5.7446322292443295,5.821723279766295,506900
2014-07-25,5.768557071685791,5.779190092578757,5.715390446117403,5.733998612955983,497700
2014-07-28,5.744632244110107,5.789823724544937,5.733998715991546,5.768557175342343,325600
2014-07-29,5.7499470710754395,5.768555740654792,5.715389127354017,5.755263833812398,370400
2014-07-30,5.726021766662598,5.7738711027867975,5.667538399675815,5.7738711027867975,548800
2014-07-31,5.691465377807617,5.715390308031907,5.648932281194327,5.688806995889974,565500
2014-08-01,5.710072040557861,5.715388802993081,5.662222192709629,5.696780641504184,441800
2014-08-04,5.643616199493408,5.723366145558449,5.640957817254449,5.718049381080533,770400
2014-08-05,5.6090569496154785,5.654248423176262,5.582473640397173,5.648931659925711,982200
2014-08-06,5.625006675720215,5.638298076678371,5.601081748367975,5.622348294121694,753000
2014-08-07,5.835014820098877,5.874889533844268,5.795139599318992,5.795139599318992,941400
2014-08-08,5.837673187255859,5.874890029320244,5.82172340181943,5.874890029320244,950500
2014-08-11,5.888180732727051,5.90678889802995,5.837672493308845,5.864255803899189,466800
2014-08-12,5.821722984313965,5.885522628518821,5.803114818133529,5.864256080450536,675600
2014-08-13,5.805771827697754,5.850963295040161,5.792480428434732,5.8217216082202565,283700
2014-08-14,5.803116321563721,5.8270412577181565,5.7977995564105935,5.813749851869972,273500
2014-08-15,5.840329170227051,5.858937837132389,5.795137707525599,5.827037772328994,692200
2014-08-18,5.80842924118042,5.864253717225122,5.805770860363868,5.864253717225122,340800
2014-08-19,5.811091423034668,5.821724446221645,5.784508104515283,5.808433040479267,490300
2014-08-20,5.771212577819824,5.832354324237993,5.757921180400484,5.816404038893613,596700
2014-08-21,5.84298849105835,5.845646872472427,5.773872095395562,5.795138639673772,434100
2014-08-22,5.800457000732422,5.848306865301325,5.781848832741082,5.8350154616030965,352500
2014-08-25,5.856283187866211,5.872232976914213,5.792483524639552,5.832358250776883,339800
2014-08-26,5.8536224365234375,5.874888982326838,5.853622436523438,5.866913837512645,215600
2014-08-27,5.86957311630249,5.885522901334411,5.829698400205429,5.848306567248423,238900
2014-08-28,5.882864952087402,5.896156863120572,5.8536237618835525,5.858940526296821,262900
2014-08-29,5.917421340942383,5.92007972221782,5.869571492053284,5.880205017155032,317800
2014-09-02,5.837673187255859,5.914764746428585,5.816406637662441,5.914764746428585,416600
2014-09-03,5.821722984313965,5.856281441821492,5.821722984313966,5.848306296157947,393600
2014-09-04,5.8536224365234375,5.882863620106584,5.827039127510576,5.8429889101045145,269900
2014-09-05,5.874889373779297,5.890839157435993,5.842989299431425,5.858939590122601,189300
2014-09-08,5.861598014831543,5.8934980921724245,5.8536233757722185,5.885522946078572,168400
2014-09-09,5.829698085784912,5.86957279973136,5.819064558314128,5.86957279973136,235300
2014-09-10,5.805771827697754,5.845646532521201,5.8004550651787925,5.840329770002239,276300
2014-09-11,5.80842924118042,5.832354161495091,5.7871627016823,5.800454098730763,218100
2014-09-12,5.787164688110352,5.816405873060785,5.768556523041584,5.795139326262983,732500
2014-09-15,5.773870468139648,5.808428909748606,5.760579071849598,5.7977953870891525,435900
2014-09-16,5.7845048904418945,5.811088194190665,5.744630188335911,5.763238348849747,328600
2014-09-17,5.781847953796387,5.811089645928687,5.765898170376256,5.797797737216518,369500
2014-09-18,5.781847953796387,5.813748027671122,5.752606261664087,5.781847953796388,437300
2014-09-19,5.776530742645264,5.8323557408411375,5.755264197388368,5.795138906365744,958000
2014-09-22,5.73665714263916,5.8031151727934756,5.72868199648821,5.776531859324843,597000
2014-09-23,5.678174018859863,5.741973664269754,5.670198873045686,5.741973664269754,1317900
2014-09-24,5.74729061126709,5.752606868278086,5.680832581801643,5.6888072208353995,545300
2014-09-25,5.7313385009765625,5.752605043377734,5.718047102113718,5.741972025694332,302000
2014-09-26,5.741973400115967,5.763239947607584,5.69678192331697,5.736656636484441,470000
2014-09-29,5.741973400115967,5.755264802160295,5.718048470808587,5.723365234440113,335300
2014-09-30,5.696783542633057,5.739316649706367,5.696783542633057,5.736658267134955,481100
2014-10-01,5.672855854034424,5.723364084315187,5.662222328908206,5.702097541097137,594500
2014-10-02,5.640956878662109,5.723365193254285,5.630323858510061,5.683489973339272,957000
2014-10-03,5.672855854034424,5.696780778534028,5.64893092953482,5.688805634689365,490100
2014-10-06,5.662223815917969,5.702099038578905,5.651590795033698,5.672857343836756,544900
2014-10-07,5.667538642883301,5.720705250237459,5.638296958135078,5.662221880741016,467500
2014-10-08,5.710072040557861,5.710072040557861,5.625005869731836,5.667538955144849,555200
2014-10-09,5.662223815917969,5.715390441442872,5.651590795033698,5.702099038578905,904800
2014-10-10,5.582859039306641,5.738850608333968,5.569175769806559,5.664960222256947,1658100
2014-10-13,5.612963676452637,5.692327590687129,5.604753400366304,5.607490159061748,743300
2014-10-14,5.599278926849365,5.684116865971272,5.582858899463912,5.643066536516008,674400
2014-10-15,5.591069221496582,5.6731698811023845,5.541808616939795,5.569175677469484,925000
2014-10-16,5.659485816955566,5.68411611577464,5.569174895280028,5.569174895280028,799100
2014-10-17,5.760745048522949,5.807268902834291,5.66496110316138,5.68959140967817,949400
2014-10-20,5.810005187988281,5.829161975499143,5.749798066956529,5.749798066956529,1157800
2014-10-21,5.859266757965088,5.8729500307217615,5.782639073370885,5.810006140867629,490000
2014-10-22,5.774427890777588,5.867475584070349,5.774427890777587,5.859265309256305,336200
2014-10-23,5.820954322814941,5.848321395700306,5.766220177044213,5.788113730955804,426400
2014-10-24,5.826426029205322,5.834635783128452,5.760744865920259,5.831899024492964,388800
2014-10-27,5.8182148933410645,5.834634920743709,5.747060745285255,5.804531102186143,360800
2014-10-28,5.8401103019714355,5.859267093721889,5.793586441156008,5.837373542866596,431300
2014-10-29,5.812741756439209,5.872948875502483,5.777164941079842,5.851055330208266,489500
2014-10-30,5.89484167098999,5.90305142246454,5.804530228904495,5.815477260181469,367200
2014-10-31,5.908526420593262,5.949576754215367,5.859265811453411,5.944103237203537,727800
2014-11-03,5.916736602783203,5.935893390039127,5.878422506288049,5.92494635618814,494000
2014-11-04,5.908526420593262,5.935893483669103,5.853792294441581,5.916736696111008,437000
2014-11-05,5.900315761566162,5.913999553206318,5.8592654306122505,5.908526036550255,348500
2014-11-06,5.897578239440918,5.94957559697276,5.881158213582572,5.913998787282475,569100
2014-11-07,5.911262512207031,5.930419297603911,5.87021218321611,5.900315479418384,790900
2014-11-10,5.952311992645264,5.957785508259291,5.878421097805428,5.916735185120442,840100
2014-11-11,5.9386305809021,5.985154434189659,5.935893822240086,5.946840334904801,593900
2014-11-12,5.900315761566162,5.95778664248826,5.89757900323813,5.93862985617532,526800
2014-11-13,5.9358930587768555,5.9933634173374015,5.905789239349936,5.905789239349936,529300
2014-11-14,5.922208786010742,5.968732629534143,5.911262275643418,5.949575844903901,538200
2014-11-17,5.908526420593262,5.9632605467449435,5.903052903581432,5.916736696111008,469800
2014-11-18,5.908526420593262,5.949576754215367,5.892106391541082,5.938630242175019,522000
2014-11-19,5.8565287590026855,5.919472635529587,5.848319005880307,5.908526124038654,428500
2014-11-20,5.911262512207031,5.922209023012425,5.859265150427462,5.859265150427462,612900
2014-11-21,5.8838958740234375,5.9577867846941395,5.8838958740234375,5.9577867846941395,395200
2014-11-24,5.9386305809021,5.955050610890844,5.8893699689525265,5.900316481617241,446100
2014-11-25,5.916736602783203,5.9577869357578,5.916736602783203,5.9577869357578,317800
2014-11-26,5.933155536651611,5.949575562414581,5.889368453294885,5.930418778693914,897800
2014-11-28,5.930418014526367,5.968731577030784,5.924944499316268,5.9331547721314175,321700
2014-12-01,5.941365718841553,6.00157335430496,5.900315390469476,5.946839235153361,1690200
2014-12-02,6.086411476135254,6.100095268504134,5.93041989701316,5.946839925872511,817600
2014-12-03,6.078202247619629,6.102832556142616,6.045362184244577,6.097359560235705,531100
2014-12-04,6.056306838989258,6.086410656161842,6.042623570447121,6.064517113304482,292500
2014-12-05,6.069990634918213,6.086410661580041,6.02073003294949,6.045360333933851,551300
2014-12-08,5.963259220123291,6.083673435695637,5.963259220123291,6.045359869102908,406100
2014-12-09,6.10830545425415,6.119252488924025,5.9495771054243685,5.9495771054243685,436700
2014-12-10,6.017993450164795,6.09188435527055,6.0015734230246,6.09188435527055,375500
2014-12-11,6.100094795227051,6.160301911029025,6.017993613333524,6.056307185027211,734100
2014-12-12,5.998836994171143,6.067254386658504,5.957786663075383,6.05904411164604,445500
2014-12-15,5.9194722175598145,6.001573396869493,5.892105679773171,6.001573396869493,521200
2014-12-16,5.878424167633057,5.946841582587772,5.875687408396854,5.9222112714453985,654700
2014-12-17,5.971468925476074,5.971468925476074,5.856527704606956,5.864737978234461,788500
2014-12-18,5.9933648109436035,5.996101569889985,5.8866338219516825,5.996101569889985,655400
2014-12-19,5.990626335144043,6.0398869380945355,5.955049523003824,5.965996033668796,2152500
2014-12-22,6.034415245056152,6.034415245056153,5.97147135426027,5.993364904188551,375800
2014-12-23,6.045358657836914,6.048095415185649,6.012518091635183,6.048095415185649,356800
2014-12-24,5.9933648109436035,6.0426254280116884,5.982418297141471,6.0426254280116884,294100
2014-12-26,6.044034481048584,6.0693704867746066,5.979287149499435,6.063740680899191,508600
2014-12-29,6.046852111816406,6.108784834086491,6.013071115068416,6.029961613442411,520200
2014-12-30,6.0158843994140625,6.086262080312061,6.001808541071007,6.055295728896431,324300
2014-12-31,5.937062740325928,6.063742813509247,5.9342475679286055,6.024330936885974,436800
2015-01-02,6.03277587890625,6.052481546869509,5.94269251853753,5.956767842242949,243600
2015-01-05,6.013070583343506,6.058112266317379,5.968028900369632,6.010255411040236,338300
2015-01-06,6.021514892578125,6.0947077534925285,5.987733902580189,6.0271452365575,380100
2015-01-07,6.105968952178955,6.105968952178954,6.015885588730651,6.038406429592727,409700
2015-01-08,6.148195743560791,6.151010915915021,6.066557356105804,6.114414212249259,628600
2015-01-09,6.108784198760986,6.165086033131889,6.086263357624784,6.165086033131889,390600
2015-01-12,6.153824329376221,6.156639500925816,6.08344665145358,6.100337143812074,330900
2015-01-13,6.181975364685059,6.201681566787181,6.120043197467131,6.165084871250916,630000
2015-01-14,6.204494953155518,6.227015783566979,6.111595923651921,6.148192608657389,482800
2015-01-15,6.229832172393799,6.291764876175011,6.184790498883336,6.221387194197526,555400
2015-01-16,6.317100524902344,6.31991569645382,6.210126153702534,6.235462160726748,430300
2015-01-20,6.303025245666504,6.348066920746119,6.274874601446085,6.348066920746119,571100
2015-01-21,6.317100524902344,6.33399101727213,6.2551678246480105,6.288949346326653,547800
2015-01-22,6.381850719451904,6.3902962378907375,6.317103355572121,6.348069182635885,429100
2015-01-23,6.336808204650879,6.398740387667634,6.300211499778837,6.367774564628878,333800
2015-01-26,6.395924091339111,6.404369607196144,6.283319897941074,6.319916596382404,351600
2015-01-27,6.373403072357178,6.387478931720696,6.342437255635701,6.373403072357178,264200
2015-01-28,6.328361988067627,6.398739680649177,6.31428666432699,6.376218840500648,297100
2015-01-29,6.3621439933776855,6.367774338071409,6.246724611852477,6.333992806848293,248600
2015-01-30,6.336808204650879,6.373404372583679,6.286136174482969,6.356513874840791,362100
2015-02-02,6.390294075012207,6.390294075012207,6.277689348364223,6.342437227268554,404400
2015-02-03,6.471932411193848,6.497268422953088,6.350882696552853,6.390294568700099,535000
2015-02-04,6.376217365264893,6.45504055601738,6.300209345997036,6.446595041563487,521200
2015-02-05,6.044034481048584,6.291764195494348,5.953951143773414,6.165084166864236,2248600
2015-02-06,6.010254383087158,6.058111230179191,5.98210320180847,6.049665714713847,834300
2015-02-09,6.029958724975586,6.120042055737585,5.996177207470334,5.996177207470334,697300
2015-02-10,6.004622936248779,6.038404454964545,5.970841417533013,6.029958941050848,427000
2015-02-11,6.044034481048584,6.083446343810754,5.982102320906665,6.007438326632688,462400
2015-02-12,6.077816486358643,6.108782837372035,6.021514127595944,6.044034963713206,430800
2015-02-13,6.091890811920166,6.120041986700483,6.055294660563054,6.080630664171439,329300
2015-02-17,6.060927391052246,6.117229225858103,6.046851529646374,6.094708384547918,346500
2015-02-18,6.069372653961182,6.072187826373623,5.990549974169771,6.066557481548741,361200
2015-02-19,6.03277587890625,6.094708054924949,6.01588538307191,6.052481546869509,268800
2015-02-20,6.044034481048584,6.075000829589066,6.024328818137021,6.027143989544251,238900
2015-02-23,6.021514892578125,6.066556570534811,5.9792883866111275,6.05248124752553,499400
2015-02-24,6.010254383087158,6.024329705256941,5.970842514521346,6.024329705256941,540100
2015-02-25,6.007440090179443,6.077817785203158,6.001809745712138,6.0187002421748526,244700
2015-02-26,6.027144908905029,6.0299600807416756,5.982103233396935,5.996178555641042,306400
2015-02-27,6.035590648651123,6.0834474977738555,5.996178778412954,6.035590648651123,426300
2015-03-02,5.925800323486328,6.063741046052019,5.906094659388108,6.0102538599717965,986500
2015-03-03,5.925800323486328,5.970841994836281,5.908909830964864,5.920170517271891,604400
2015-03-04,5.911723613739014,5.934244444123318,5.872312294801218,5.925798931377098,544900
2015-03-05,5.914543151855469,5.934248825874712,5.875131803816984,5.925803306892459,451200
2015-03-06,5.807565689086914,5.903279373080121,5.7991207114598495,5.872313560215777,675700
2015-03-09,5.799118995666504,5.855420798632079,5.770967825714262,5.82445499492963,574100
2015-03-10,5.804751873016357,5.8216423675912345,5.74000399275757,5.779415862684472,501000
2015-03-11,5.790675163269043,5.849792691010542,5.773784671173927,5.816011169881247,570900
2015-03-12,5.832901954650879,5.844162641238686,5.799120968765636,5.807565946767402,336000
2015-03-13,5.82445764541626,5.863868979120635,5.77660079580131,5.852608828179021,263500
2015-03-16,5.869499683380127,5.914541363789922,5.84979401531824,5.863869339094107,462200
2015-03-17,5.88075590133667,5.892016582376367,5.849790102355153,5.863865416715949,261800
2015-03-18,5.990548610687256,6.024329598069336,5.877943887576018,5.877943887576018,384000
2015-03-19,5.998992919921875,6.013068777210283,5.939875930127721,5.968027107765484,337000
2015-03-20,6.021514892578125,6.046850903546155,5.9792883866111275,6.010254741558532,1180600
2015-03-23,6.038405418395996,6.063741427240441,5.9989935507829095,6.0215143878736255,360000
2015-03-24,6.004622936248779,6.049664603243785,6.001807764944213,6.049664603243785,270100
2015-03-25,6.007440090179443,6.0440362553385265,5.9849192492494225,6.013070434646749,461300
2015-03-26,6.010254383087158,6.032775220722284,5.979288029986689,5.984918373630251,728500
2015-03-27,6.035590648651123,6.04122045559445,5.976473111763442,6.004624294236664,521300
2015-03-30,6.029958724975586,6.046849215258709,5.996177207470334,6.044034044055022,426100
2015-03-31,5.993366241455078,6.0271472426970405,5.9680302220539385,6.018701723916883,394200
2015-04-01,6.024331092834473,6.024331092834473,5.948323046956903,6.001810250012146,442500
2015-04-02,6.007440090179443,6.041221083104873,6.001809745712138,6.038406447810422,397100
2015-04-06,6.12004280090332,6.12004280090332,6.0102537952867925,6.0102537952867925,505600
2015-04-07,6.075000286102295,6.162268444162979,6.069369943791543,6.136932440703588,496100
2015-04-08,6.111598014831543,6.134119389887998,6.055296188007808,6.069371510478958,421900
2015-04-09,6.086263179779053,6.111598655495151,6.066556974538902,6.09752333154852,563500
2015-04-10,6.125673770904541,6.148194608641947,6.097522589498004,6.114413083566276,771000
2015-04-13,6.11408805847168,6.1604288035278385,6.041680575268273,6.125672968523091,522500
2015-04-14,6.1720147132873535,6.180703811552265,6.119881228548572,6.131466692901788,426800
2015-04-15,6.16332483291626,6.206769209983211,6.157532101993939,6.20097647906089,352800
2015-04-16,6.177806377410889,6.1893918397611465,6.140154729623051,6.160428736310752,228600
2015-04-17,6.16332483291626,6.19228738267741,6.128568999807563,6.140154461652204,480000
2015-04-20,6.192288398742676,6.212562960297561,6.163325844229189,6.177807121485932,339400
2015-04-21,6.160429954528809,6.198081609762218,6.125674113030358,6.198081609762218,257100
2015-04-22,6.16332483291626,6.174909742335674,6.143050274688139,6.157532101993939,231200
2015-04-23,6.16332483291626,6.19228738267741,6.131465365268724,6.16332483291626,284400
2015-04-24,6.1720147132873535,6.206770553921656,6.163326167447787,6.166222533536091,356700
2015-04-27,6.203874111175537,6.212563209333083,6.163326091291001,6.183600101233269,283700
2015-04-28,6.180703639984131,6.227044391259946,6.160429630354129,6.200977649614134,387200
2015-04-29,6.137259483337402,6.215459158762552,6.137259483337402,6.174911137992078,274400
2015-04-30,6.067749500274658,6.166223757116118,6.041682752732774,6.140157009574234,662100
2015-05-01,6.056161880493164,6.1082953570420715,6.0416806047519165,6.0648509773930686,599400
2015-05-04,6.009821891784668,6.079333018458849,6.0040291597888205,6.067748106892483,607100
2015-05-05,5.902659893035889,6.024304530302842,5.893971345504611,6.004030516162592,797900
2015-05-06,5.879489421844482,5.920038001926989,5.847630494010552,5.899763988098458,585600
2015-05-07,5.300228595733643,5.647784804684366,5.123554677492765,5.647784804684366,3601700
2015-05-08,5.277056694030762,5.337879261616227,5.271264515747789,5.300227064438271,1298400
2015-05-11,5.291539192199707,5.311813199825524,5.250990624522799,5.262576087409137,1112400
2015-05-12,5.259678840637207,5.28864194057616,5.242301201643909,5.271264301582862,1043400
2015-05-13,5.233614444732666,5.303125584194186,5.230718078201924,5.27995520437368,495600
2015-05-14,5.230717658996582,5.288643880118184,5.213340013630256,5.245199490489675,507300
2015-05-15,5.262577056884766,5.271266155650231,5.222029034163347,5.239406679268901,481400
2015-05-18,5.294437408447266,5.300229589489658,5.242303912087454,5.245200278821384,525900
2015-05-19,5.268369197845459,5.300228118224188,5.242302456901298,5.291539572859678,362900
2015-05-20,5.297332763671875,5.297332763671875,5.224925266426007,5.277058200405727,1097200
2015-05-21,5.300228595733643,5.323398972835333,5.28864368339548,5.303124961924525,389800
2015-05-22,5.288642406463623,5.311812777970875,5.265472034956371,5.285746040972063,442400
2015-05-26,5.248095512390137,5.282850800842026,5.219132403729994,5.27126588883318,514300
2015-05-27,5.285747051239014,5.291539783329301,5.230717201231951,5.239406299367383,351600
2015-05-28,5.274162292480469,5.288644124643142,5.250991913445603,5.271266478473345,303200
2015-05-29,5.320503234863281,5.332088147366478,5.262577015071182,5.268369747535467,774700
2015-06-01,5.395806789398193,5.410288621208948,5.320503473683859,5.320503473683859,981200
2015-06-02,5.358155250549316,5.410288741375159,5.352362517696354,5.381325629535756,938400
2015-06-03,5.358155250549316,5.369740716255241,5.329192138709914,5.36684434982876,904800
2015-06-04,5.306021690368652,5.375532826419395,5.300228957591407,5.349466081347192,379900
2015-06-05,5.274162292480469,5.317607236543076,5.256784646310672,5.288644124643142,738400
2015-06-08,5.288642406463623,5.297331502938305,5.25678293848169,5.277056944497382,404200
2015-06-09,5.253888130187988,5.308917985987451,5.242303217213331,5.282851241262726,427200
2015-06-10,5.259678840637207,5.2915383058125744,5.2278193754618405,5.250989744927966,384600
2015-06-11,5.285747051239014,5.3147101592651165,5.259680309258054,5.262576675303198,662100
2015-06-12,5.285747051239014,5.3349841691557875,5.265473041348343,5.2828506851938695,677300
2015-06-15,5.352361679077148,5.358154411022494,5.277057821063631,5.294436016899668,951900
2015-06-16,5.358155250549316,5.3958069092427525,5.308918126149955,5.346569784843391,664000
2015-06-17,5.361052513122559,5.372637428339593,5.314711747403415,5.349467045480021,619900
2015-06-18,5.453732490539551,5.474006500711482,5.363947351595846,5.378428629597128,815900
2015-06-19,5.488488674163818,5.500073586803821,5.436355186220356,5.436355186220356,2423900
2015-06-22,5.395806789398193,5.50586650145834,5.39291097546144,5.48559248934868,553900
2015-06-23,5.372635364532471,5.413183933279801,5.363946819563629,5.404494835885668,421600
2015-06-24,5.337879657745361,5.375531305292276,5.329190561038268,5.366842761010429,354800
2015-06-25,5.213339328765869,5.349465212366087,5.2075465969296095,5.334983935200752,925300
2015-06-26,5.210441589355469,5.311812160067087,5.187271220543542,5.245197418785943,1294800
2015-06-29,5.103281021118164,5.2133401818909055,5.094591921941867,5.172792157252328,884600
2015-06-30,5.048250675201416,5.1583098253063255,5.042457942978697,5.111969072375274,992000
2015-07-01,5.22782039642334,5.22782039642334,5.0569386810790595,5.068524144287284,829300
2015-07-02,5.204649448394775,5.308916396067701,5.190168173406972,5.2278198198304,626700
2015-07-06,5.242302417755127,5.262576426688011,5.17858347262285,5.181479838531163,974500
2015-07-07,5.300228595733643,5.401599202713051,5.297332781968127,5.401599202713051,1074400
2015-07-08,5.213339328765869,5.320502658035416,5.2075465969296095,5.297332283115692,721900
2015-07-09,5.1206583976745605,5.256784296389925,5.117762031434824,5.233613918897408,1296100
2015-07-10,5.213339328765869,5.259680078605318,5.129346374416046,5.143828204006695,1013800
2015-07-13,5.201754093170166,5.268369407357348,5.187272815369883,5.222028655486035,1202300
2015-07-14,5.1297993659973145,5.20175439988414,5.120804772318545,5.183765784374378,1082200
2015-07-15,5.180768013000488,5.183766211140245,5.1148087976214835,5.132797986460025,1372400
2015-07-16,5.2047529220581055,5.240730155319183,5.186763733579753,5.20175472397838,544300
2015-07-17,5.153784275054932,5.219742911847459,5.147787879388038,5.198756098861098,644000
2015-07-20,5.174770355224609,5.189760770421234,5.099817135546121,5.165775762998025,1009700
2015-07-21,5.216746807098389,5.231737802280369,5.174773164284832,5.180769562357624,482200
2015-07-22,5.222740650177002,5.2347328686079315,5.195757443897769,5.231735242885986,479100
2015-07-23,5.216746807098389,5.246728225614355,5.2107504090255965,5.231737802280369,798800
2015-07-24,5.186760902404785,5.2377290982436815,5.1657740991500924,5.210745902102648,654600
2015-07-27,5.2197418212890625,5.243726827097693,5.207749604308571,5.228736412910166,590900
2015-07-28,5.2047529220581055,5.267713366188898,5.20175472397838,5.216745142529194,661400
2015-07-29,5.297693729400635,5.327675132431899,5.1957573022029555,5.21674411277053,664400
2015-07-30,5.264713287353516,5.306687473627083,5.246724677149191,5.294694685592462,515500
2015-07-31,5.324676990509033,5.360654217043828,5.26471418382077,5.2857009946073505,634300
2015-08-03,5.366650581359863,5.369648778861883,5.282703338694112,5.324676960026987,675000
2015-08-04,5.312684059143066,5.387637279586184,5.306688236111861,5.3606540744788465,451600
2015-08-05,5.291698932647705,5.3426671616402,5.26771391734817,5.309687551160388,586300
2015-08-06,4.946913719177246,5.108812988110003,4.695070793180397,5.096820195515951,3726700
2015-08-07,4.79101037979126,4.856969588937014,4.731047852282236,4.74304035778404,1661200
2015-08-10,4.770023345947266,4.791010158123447,4.7250515238772,4.788012246329615,1526100
2015-08-11,4.764028549194336,4.788013565697446,4.73704533414735,4.76103035065046,653200
2015-08-12,4.808999538421631,4.814995362251162,4.737044219913474,4.755032835097601,602800
2015-08-13,4.770023345947266,4.814995168017331,4.743040138335678,4.800004751276557,661100
2015-08-14,4.788012504577637,4.797006812291996,4.746038592037483,4.758031097631257,479300
2015-08-17,4.803003787994385,4.8299870003194645,4.758031672144611,4.785014884469691,387300
2015-08-18,4.7760210037231445,4.820992837679625,4.752035987489829,4.80000601995646,437400
2015-08-19,4.88395357131958,4.907938586121946,4.817994351727179,4.8569703581859365,881900
2015-08-20,4.82698917388916,4.877957404223841,4.8239909754167805,4.865964610334322,473800
2015-08-21,4.755031585693359,4.847973692803369,4.752033674566308,4.785012984354346,990800
2015-08-24,4.560153007507324,4.701065113085582,4.443225904675521,4.656093018493141,1167900
2015-08-25,4.503189563751221,4.67408281267566,4.500191366350199,4.67408281267566,831000
2015-08-26,4.572146892547607,4.596131902552636,4.482202962066815,4.56914869481601,803600
2015-08-27,4.611123561859131,4.6920729159379855,4.575146039388091,4.587138546878438,750300
2015-08-28,4.554158687591553,4.626114014519505,4.542166180757547,4.6141215076855,713400
2015-08-31,4.518180847167969,4.5421658591376595,4.503190429129835,4.539167947084371,667500
2015-09-01,4.473207950592041,4.512183657195351,4.458217250217872,4.494194759561582,654200
2015-09-02,4.455220699310303,4.518181435408836,4.440230279320503,4.491198221948903,463600
2015-09-03,4.482203483581543,4.521179200855597,4.467212779103229,4.467212779103229,544300
2015-09-04,4.4042510986328125,4.455219311306222,4.401253187123199,4.434232501119705,1202700
2015-09-08,4.566150665283203,4.587137764253589,4.467212423887002,4.4971938304596195,1539700
2015-09-09,4.533171653747559,4.599130581119271,4.521179147491238,4.584139876817895,1204100
2015-09-10,4.509186744689941,4.551160660512028,4.509186744689941,4.527175647449095,909300
2015-09-11,4.53617000579834,4.545164314314967,4.482203582850755,4.485201780997602,1022600
2015-09-14,4.680080890655518,4.698069796706474,4.572148312121666,4.587139019510135,1546800
2015-09-15,4.758031368255615,4.7670256764815475,4.665089516098545,4.692072440776341,1169200
2015-09-16,4.728050231933594,4.788012763140571,4.707063131568225,4.755033156533807,820500
2015-09-17,4.82698917388916,4.880955602696221,4.689075189323071,4.731048824240613,994800
2015-09-18,4.797007083892822,4.838980712885586,4.767025675248931,4.788012775669216,2311400
2015-09-21,4.889948844909668,4.940917067100232,4.7970069945084495,4.7970069945084495,976000
2015-09-22,4.794008731842041,4.856969745156449,4.76402761008516,4.797006929794898,1640000
2015-09-23,4.797007083892822,4.826988492536714,4.779018181521707,4.803003479991162,770100
2015-09-24,4.794008731842041,4.806001523653467,4.767025522114122,4.791010533889185,894000
2015-09-25,4.8149943351745605,4.8629643466650245,4.779016826556712,4.8149943351745605,1082900
2015-09-28,4.758031368255615,4.8060016792830265,4.707063145102163,4.8060016792830265,949100
2015-09-29,4.605126857757568,4.758031532495973,4.593134351067727,4.731048320962853,1110300
2015-09-30,4.638106822967529,4.647101132196951,4.557157182130933,4.6171197202003,1341500
2015-10-01,4.611123561859131,4.665089988527655,4.5571571351906055,4.632110378486254,797700
2015-10-02,4.605126857757568,4.605126857757568,4.524177509082121,4.596132549221166,708600
2015-10-05,4.710062503814697,4.716058615468257,4.593135324368552,4.617120342830739,908200
2015-10-06,4.7310471534729,4.758030358347321,4.692071444868053,4.713058540839182,590400
2015-10-07,4.8149943351745605,4.829985321170108,4.740041406663577,4.755031820811481,829900
2015-10-08,4.797007083892822,4.838980712885586,4.770023873298101,4.826988492536714,637200
2015-10-09,4.788012504577637,4.826988219238376,4.749036789916898,4.800005010171412,689100
2015-10-12,4.80600118637085,4.826987998720213,4.773021583051708,4.794008395401072,906800
2015-10-13,4.6670098304748535,4.818355843149032,4.651566618285587,4.809089562363003,1072700
2015-10-14,4.648478984832764,4.731873470199435,4.636124235350277,4.6670109617762625,701100
2015-10-15,4.670098781585693,4.676276302362164,4.565083284868913,4.654655274204919,701000
2015-10-16,4.6670098304748535,4.679364576962501,4.660832604511225,4.6670098304748535,403700
2015-10-19,4.673187732696533,4.700985988204351,4.645389477188715,4.667010211667945,469400
2015-10-20,4.670098781585693,4.694808275570771,4.645389287600616,4.663921555369626,389000
2015-10-21,4.654655456542969,4.691719698972512,4.6515669905941515,4.679364951495998,414800
2015-10-22,4.639211654663086,4.676275892391266,4.62376814863625,4.663921146481873,532900
2015-10-23,4.673187732696533,4.691719706661469,4.608325234698429,4.660832985199772,592800
2015-10-26,4.639211654663086,4.691719103857725,4.59596989670002,4.673187132273823,646200
2015-10-27,4.453890800476074,4.642300775843189,4.426092544613951,4.629946028188959,907400
2015-10-28,4.602147102355957,4.602147102355957,4.450801391984121,4.4569789121921355,932300
2015-10-29,4.531108379364014,4.592882122166979,4.51875363080342,4.5867048951669025,459100
2015-10-30,4.515663146972656,4.568170881959807,4.500219643524613,4.5434613942670685,433400
2015-11-02,4.602147102355957,4.602147102355957,4.5033091355107375,4.5156638813663905,583900
2015-11-03,4.620677947998047,4.654653415016753,4.571258979767097,4.599057223037078,670300
2015-11-04,4.5650835037231445,4.642300749768477,4.528019260968636,4.620680015135118,993500
2015-11-05,4.784379959106445,4.802912225690939,4.5712605134668785,4.605235991884669,1290900
2015-11-06,4.747316837310791,4.824534092884279,4.713341350900219,4.734962088201451,1811200
2015-11-09,4.700985908508301,4.772025631770238,4.688631161220989,4.731872629446374,797500
2015-11-10,4.787467956542969,4.79982270077744,4.6948072275042625,4.713339491136139,643800
2015-11-11,4.815268039703369,4.843066298464319,4.781292259190896,4.812179278827608,515000
2015-11-12,4.7720255851745605,4.818356107969898,4.765848358871426,4.793646613636548,591600
2015-11-13,4.744227886199951,4.784380892835708,4.719518388971861,4.7658489171948615,423600
2015-11-16,4.839975357055664,4.839975357055664,4.71951638821488,4.744225874967813,507500
2015-11-17,4.852332592010498,4.895574363312097,4.802913593128938,4.846155069870069,727200
2015-11-18,4.944991588592529,4.94808034855491,4.846153331718879,4.870863116857564,605000
2015-11-19,4.982056140899658,4.985144901240845,4.920282701438314,4.954258476070572,545300
2015-11-20,4.96352481842041,5.031476376589665,4.96352481842041,5.009855051367982,480700
2015-11-23,4.9913225173950195,5.019120771876617,4.948081050032895,4.982056236194218,305500
2015-11-24,4.966610908508301,4.9913203920682205,4.901748440523442,4.97587718576348,376000
2015-11-25,4.96352481842041,4.982056793775264,4.9264605731502655,4.96352481842041,390900
2015-11-27,5.083982944488525,5.111781198814666,4.966612995538783,4.966612995538783,338500
2015-11-30,5.139580726623535,5.14266948777186,5.062363465278248,5.096339248788879,600300
2015-12-01,5.1488447189331055,5.20135245684782,5.136489679837554,5.139578439611443,442200
2015-12-02,5.028386116027832,5.158111083060512,5.02220859637849,5.142667283937158,344400
2015-12-03,4.982056140899658,5.0685396630904975,4.9727904489968955,5.03456388845824,697100
2015-12-04,4.889395236968994,5.006765173523577,4.8646857456353585,4.978967511253887,768500
2015-12-07,4.8276214599609375,4.901749933214452,4.809089194367374,4.880129202155602,505600
2015-12-08,4.768935203552246,4.812176951215863,4.744225717618839,4.784378705900703,653700
2015-12-09,4.753493309020996,4.7998235343058,4.734961042170841,4.759670534930788,608500
2015-12-10,4.988232135772705,5.016030381219612,4.781289969179405,4.781289969179405,1007500
2015-12-11,4.8276214599609375,4.954257969969485,4.802911968876432,4.852330951045442,822400
2015-12-14,4.759670734405518,4.870863751045697,4.688631013383537,4.833799215792037,800700
2015-12-15,4.768935203552246,4.799822208249159,4.719516231685431,4.768935203552246,817200
2015-12-16,4.9017510414123535,4.904839802136323,4.762760048998554,4.787469545669433,1014800
2015-12-17,4.914104461669922,4.941902711552059,4.861596721794853,4.907927236451867,577800
2015-12-18,4.861597537994385,4.963524274967502,4.861597537994385,4.898661779206391,2203600
2015-12-21,4.957345485687256,4.960434245304685,4.867773813264435,4.892483301083212,721600
2015-12-22,5.043830394744873,5.062362368498856,4.932637668539745,4.960435629170718,824000
2015-12-23,5.069272041320801,5.113795243633476,5.043830298081988,5.066092050883077,632500
2015-12-24,5.069272041320801,5.097894381576344,5.012028270678223,5.0279294360248565,404300
2015-12-28,5.0056681632995605,5.072452821528899,4.99294729046014,5.066092536753955,527700
2015-12-29,4.967504024505615,5.0342886622959035,4.9357020037846535,5.015207510521215,560000
2015-12-30,4.907081127166748,4.9675051930532375,4.907081127166748,4.9579646149215835,459400
2015-12-31,4.8530168533325195,4.935702664191536,4.8530168533325195,4.9007200424414625,683800
2016-01-04,4.954783916473389,4.964324493825894,4.7735114303283455,4.811674043027855,602200
2016-01-05,5.059731960296631,5.091534294112902,4.93252323161061,4.95478468330828,454600
2016-01-06,5.085172653198242,5.126515860573406,5.021568302023895,5.043829749112549,578700
2016-01-07,4.951604843139648,5.0629127184097,4.951604843139648,5.027930390636898,515700
2016-01-08,4.900720596313477,4.989766700915784,4.878459145985278,4.989766700915784,842600
2016-01-11,4.913440227508545,4.942062258296018,4.868917338096419,4.900719358635161,606300
2016-01-12,4.744889259338379,4.938882610837537,4.662203449208452,4.938882610837537,877700
2016-01-13,4.5890583992004395,4.776691462159686,4.519093461439989,4.744889135007808,794500
2016-01-14,4.420507431030273,4.604960239886587,4.407786558119132,4.589059376214811,1724700
2016-01-15,4.277396202087402,4.35690170882988,4.127925764490501,4.312378819159334,1495000
2016-01-19,4.191529750823975,4.2932966863363795,4.051599911205026,4.290116393779269,2011600
2016-01-20,4.127926826477051,4.172450030891466,3.8417070498845054,4.121566542011859,1461500
2016-01-21,4.134286403656006,4.283756843170767,4.108844665435124,4.150187565866418,1030100
2016-01-22,4.261495590209961,4.309199082387295,4.181990073203884,4.181990073203884,678700
2016-01-25,4.0738630294799805,4.261495804276466,4.070682735850508,4.229693777850219,808500
2016-01-26,4.162908554077148,4.194710576118381,4.073862467756466,4.073862467756466,992300
2016-01-27,4.11520528793335,4.216972552504178,4.092943840975419,4.156548191776269,663000
2016-01-28,4.166089057922363,4.242414278627973,4.124746154217791,4.14064731768716,770600
2016-01-29,4.309199333190918,4.318739910865873,4.175630032583562,4.204252068897923,995000
2016-02-01,4.2742180824279785,4.356903924274595,4.251956626272964,4.2964798418725865,448000
2016-02-02,4.286937713623047,4.299658888636171,4.178810455617041,4.242414814235135,602800
2016-02-03,4.35372257232666,4.360083160134664,4.255135887618758,4.302839083020708,502200
2016-02-04,3.6731553077697754,3.80036402618079,3.4696210550226434,3.7844628605570363,2759800
2016-02-05,3.66361403465271,3.8639676523167155,3.565027069120901,3.7526601206466514,3966700
2016-02-08,3.6254525184631348,3.6508942671106985,3.514144943952433,3.6222725273493643,4102000
2016-02-09,3.5872886180877686,3.631811814011445,3.5268645623887056,3.56502717177066,1358700
2016-02-10,3.5713887214660645,3.641353681787848,3.5682087303570125,3.62545251308432,897800
2016-02-11,3.565027952194214,3.5936499913187214,3.485522422754815,3.498243295333538,1225200
2016-02-12,3.6190927028656006,3.6699762067676764,3.565028904147244,3.5841103697553254,982400
2016-02-16,3.7653815746307373,3.7844627300898237,3.5523067511707906,3.641352850988687,1138900
2016-02-17,3.803544282913208,3.87032893525082,3.7526607960444567,3.768561961513318,1192800
2016-02-18,3.803544282913208,3.8480674855681176,3.768561961513318,3.822625742133742,689100
2016-02-19,3.800363540649414,3.832165867833882,3.755840646538522,3.797183247273073,799900
2016-02-22,3.835348129272461,3.8830513412380165,3.803545785769007,3.809906072495923,863600
2016-02-23,3.8830506801605225,3.9084924293160554,3.7908242636493212,3.8417077619603877,966400
2016-02-24,3.9371132850646973,3.943473568789821,3.7749219556660396,3.8576077671190196,603100
2016-02-25,4.048421382904053,4.0579622647331925,3.956194981582368,3.959375275525414,934800
2016-02-26,4.162908554077148,4.248774347206872,4.045240435616741,4.0675018813745485,959800
2016-02-29,4.1851701736450195,4.242414240301815,4.137466986957333,4.16608902028573,1149700
2016-03-01,4.1851701736450195,4.22015279361949,4.127926106988223,4.1947107503246635,779300
2016-03-02,4.210613250732422,4.216973839398302,4.172450628605822,4.181991208315082,534900
2016-03-03,4.29965877532959,4.302838765709565,4.2106123723213456,4.216972959660291,773500
2016-03-04,4.29011869430542,4.379165113918271,4.277397820544949,4.302839568065891,781200
2016-03-07,4.360082626342773,4.37916408414118,4.280577108213467,4.28693739195328,422700
2016-03-08,4.258316516876221,4.360083503502539,4.239235055239014,4.318740589363211,651200
2016-03-09,4.236054420471191,4.293298497490376,4.172450058944053,4.248775292776619,436400
2016-03-10,4.1851701736450195,4.261495393661104,4.162908726962694,4.255135110304495,650100
2016-03-11,4.347362041473389,4.3505423351971855,4.197891572639467,4.20425216008706,546500
2016-03-14,4.296477794647217,4.337820695871078,4.255134893423356,4.32509982651677,483500
2016-03-15,4.271037578582764,4.306019905956104,4.2137934944358815,4.28375845247212,269200
2016-03-16,4.293296813964844,4.356901150550888,4.245593637347661,4.271035371982079,375900
2016-03-17,4.375984191894531,4.385524770023842,4.2773972069266115,4.299658960281018,837000
2016-03-18,4.334640026092529,4.420505810951244,4.331459733207911,4.395064074453149,1543300
2016-03-21,4.36962366104126,4.44276890308813,4.325100760333135,4.328280750891206,591800
2016-03-22,4.309199333190918,4.379164277149414,4.267856425546785,4.353722231200373,874000
2016-03-23,4.255134582519531,4.334640085997199,4.255134582519531,4.312378642076069,519500
2016-03-24,4.251954555511475,4.283756880207255,4.178809633316405,4.239233686291052,505100
2016-03-28,4.210613250732422,4.27421762094342,4.201072671023162,4.255136461524901,320800
2016-03-29,4.283757209777832,4.296478079976934,4.1883505316398315,4.213792272038035,1072200
2016-03-30,4.341000556945801,4.372802881032723,4.277396212061395,4.290117081038276,1256500
2016-03-31,4.337821960449219,4.404606619851009,4.325101087386475,4.350542833511963,1035300
2016-04-01,4.341000556945801,4.369622587966143,4.283756798194555,4.3314599810355,712900
2016-04-04,4.328281879425049,4.375985389708239,4.3092007179434475,4.344183049519446,542900
2016-04-05,4.337821960449219,4.353722824310496,4.312380214323731,4.325101087386475,500400
2016-04-06,4.334640026092529,4.366442045070436,4.321919157843482,4.334640026092529,636400
2016-04-07,4.325100898742676,4.391885555231584,4.321920604793317,4.334641477301227,1185200
2016-04-08,4.3053364753723145,4.384394156986037,4.2921602474610365,4.351453430134814,876500
2016-04-11,4.321805477142334,4.390980730418261,4.315217522335365,4.3185113426658726,905300
2016-04-12,4.325100898742676,4.364629581785852,4.30863053560484,4.321806763285899,576500
2016-04-13,4.328394889831543,4.358041165515577,4.3152186625899605,4.338276981726222,848700
2016-04-14,4.381099224090576,4.387687179774149,4.318511917293656,4.331688142806798,436300
2016-04-15,4.3778076171875,4.4107483570653345,4.3415730546388245,4.361337247248583,320600
2016-04-18,4.3942766189575195,4.433805306015859,4.341571702879733,4.351453796107799,381100
2016-04-19,4.410745620727539,4.4239218456751725,4.384393170832272,4.394275261006502,252300
2016-04-20,4.3942766189575195,4.430511170224478,4.390982483166138,4.404158712185585,400900
2016-04-21,4.334982872009277,4.417334371292572,4.305336282003925,4.407452279339467,401900
2016-04-22,4.354747295379639,4.381099749566678,4.315218614099081,4.344864889449974,320900
2016-04-25,4.390981197357178,4.390981197357178,4.334982161886181,4.354746656700763,276500
2016-04-26,4.4140400886535645,4.420628359166512,4.354747224767181,4.41074626754312,366200
2016-04-27,4.446981906890869,4.460158137012109,4.384394892351507,4.410747352593986,377000
2016-04-28,4.420628547668457,4.450275137948836,4.400864049432856,4.440392731758015,414900
2016-04-29,4.476625919342041,4.476625919342041,4.3876861817491095,4.437097251793824,1089900
2016-05-02,4.410745620727539,4.483214700866531,4.390981126233098,4.473332610692302,641700
2016-05-03,4.338275909423828,4.414039118799841,4.288865148017381,4.4041570293477434,508400
2016-05-04,4.338275909423828,4.377804581378177,4.295453102936793,4.30533519238889,533900
2016-05-05,4.38439416885376,4.433804945118285,4.341571349489679,4.344865170866875,595100
2016-05-06,4.539214611053467,4.542508746462316,4.278983882529226,4.318512564997283,1249500
2016-05-09,4.71050500869751,4.717092964147008,4.558978263607235,4.585330713697197,854000
2016-05-10,4.796152114868164,4.8027400723592395,4.694036103514795,4.710506468461607,947200
2016-05-11,4.8883843421936035,4.8883843421936035,4.773092134178361,4.7763862690693095,1032100
2016-05-12,4.914737224578857,4.914737224578857,4.838973686164424,4.901560998004089,683000
2016-05-13,4.891678810119629,4.914737127634135,4.792856955685148,4.904855036434491,607900
2016-05-16,4.914737224578857,4.921325180793231,4.862032318279784,4.891678906609518,375700
2016-05-17,4.921324729919434,4.960853720168258,4.862031872838182,4.881796053816601,800900
2016-05-18,4.934502601623535,4.954267103342132,4.862033494996242,4.911444278073588,560700
2016-05-19,4.934502601623535,4.947679145533331,4.865327630973691,4.89497391233244,626700
2016-05-20,4.974030017852783,4.974030017852783,4.901560620204304,4.934501027029251,578900
2016-05-23,4.95426607131958,5.0102651146866695,4.934501573718124,4.993794752376461,326900
2016-05-24,4.9905009269714355,5.010265425800173,4.947678422110266,4.957560514451609,344700
2016-05-25,4.993794918060303,5.016853237572003,4.960854506493023,4.990500782659762,393000
2016-05-26,5.033323764801025,5.039912035817259,4.993795081141783,4.993795081141783,335500
2016-05-27,5.0530877113342285,5.072851893930337,5.026735258442073,5.026735258442073,248000
2016-05-31,5.069558143615723,5.086028191293457,5.033323284774254,5.046499511404055,347300
2016-06-01,5.142026901245117,5.148615171207957,5.0596754115856415,5.062969546567061,285900
2016-06-02,5.174969673156738,5.174969673156738,5.1288527075827375,5.1387351164425334,284800
2016-06-03,5.184849262237549,5.234260340219726,5.174967172299503,5.174967172299503,499200
2016-06-06,5.178263187408447,5.221086011551791,5.171674915626661,5.184851145044145,479600
2016-06-07,5.112381935119629,5.191439309997706,5.109087799296521,5.171674809205145,825100
2016-06-08,5.221083641052246,5.227671595696851,5.118967673820326,5.118967673820326,463900
2016-06-09,5.310024261474609,5.310024261474609,5.224378323787988,5.250730775008796,737100
2016-06-10,5.28367280960083,5.30014285911946,5.260614174811845,5.293554587995161,489400
2016-06-13,5.2770843505859375,5.323200990229809,5.270496079696215,5.303436805852734,628900
2016-06-14,5.290259838104248,5.303436378822725,5.214496613849134,5.270495655318575,818500
2016-06-15,5.28367280960083,5.323201179762387,5.250731768125398,5.273790402914384,422200
2016-06-16,5.293552875518799,5.319905323198799,5.2540242039987985,5.286964606525821,590000
2016-06-17,5.286965847015381,5.349553160549814,5.267201663691056,5.306730658631766,1207300
2016-06-20,5.306731224060059,5.352847866161198,5.296848817198903,5.333083680731013,451600
2016-06-21,5.2704949378967285,5.333082241206,5.263906668434288,5.313317432818678,963800
2016-06-22,5.224377632141113,5.296847020477227,5.224377632141113,5.277082841751168,463000
2016-06-23,5.2704949378967285,5.300141522185754,5.250730443655385,5.267200803165508,425600
2016-06-24,5.250730514526367,5.290259189396608,5.135438624691328,5.165085209380504,701100
2016-06-27,5.118969917297363,5.244144251864135,5.118969917297363,5.227673886815281,649300
2016-06-28,5.2309675216674805,5.273790341034786,5.142027747409371,5.158498110880805,606200
2016-06-29,5.290259838104248,5.313318156069539,5.240849066994045,5.244143202173664,461600
2016-06-30,5.346259117126465,5.349553252452454,5.260613797672997,5.293554208494782,489500
2016-07-01,5.379199504852295,5.389081910210697,5.319906329285942,5.352847052188586,501900
2016-07-05,5.349552631378174,5.395669264003814,5.310024268639625,5.379199217578085,699300
2016-07-06,5.392375946044922,5.395669452811718,5.283672002272093,5.336376906629099,416900
2016-07-07,5.3857879638671875,5.418728687924428,5.3594355102798055,5.40884628221964,938500
2016-07-08,5.451668739318848,5.464845280151322,5.385787920032618,5.418728643821757,1297000
2016-07-11,5.5603718757629395,5.576842549397507,5.4351978976000055,5.451667942942617,1680300
2016-07-12,5.411281585693359,5.50276833085275,5.370620774162141,5.404504622199787,2191800
2016-07-13,5.414672374725342,5.45533352915301,5.387565153869271,5.42144934151114,839900
2016-07-14,5.3435163497924805,5.438391302973487,5.340127866280709,5.42483801521355,726400
2016-07-15,5.350290298461914,5.407893196570252,5.336736694386035,5.357067262071559,577200
2016-07-18,5.4248366355896,5.4248366355896,5.353680115656529,5.363845240463112,477500
2016-07-19,5.499381065368652,5.506158030361043,5.431613354305612,5.441778155507244,477600
2016-07-20,5.506157398223877,5.519711326652591,5.462108423404312,5.506157398223877,246000
2016-07-21,5.479050636291504,5.519711778620203,5.46549670675296,5.512934813850931,309000
2016-07-22,5.516325950622559,5.553597982214526,5.475664788728218,5.475664788728218,273000
2016-07-25,5.516325950622559,5.54004469244124,5.472276304713086,5.519714434637691,472600
2016-07-26,5.499381065368652,5.529876761547454,5.48243929917463,5.529876761547454,314600
2016-07-27,5.50277042388916,5.526489158851523,5.43839053878628,5.523100675815892,464800
2016-07-28,5.4959940910339355,5.509548024738065,5.465498386486775,5.506159541312032,333700
2016-07-29,5.499381065368652,5.529876761547454,5.465496886693655,5.506158030361043,609200
2016-08-01,5.577316761016846,5.584093729092048,5.482441793112997,5.4858302771505985,666400
2016-08-02,5.512935638427734,5.607810574240377,5.502770189753367,5.577314874504305,304200
2016-08-03,5.5569844245910645,5.580703157695472,5.489216708048042,5.5095469583822485,588200
2016-08-04,5.014840602874756,5.24525197543493,4.91318836517349,5.160541831207801,1939200
2016-08-05,5.197813987731934,5.262193548798164,5.011451624223442,5.038558841845383,982900
2016-08-08,5.167316436767578,5.248638060513109,5.167316436767578,5.221530852597932,619500
2016-08-09,5.268969535827637,5.282523142120417,5.160540362341936,5.160540362341936,604900
2016-08-10,5.218144416809082,5.299466395583621,5.211367773744932,5.265582210832268,310400
2016-08-11,5.211366176605225,5.22830826378862,5.150374792002379,5.214754658670591,466600
2016-08-12,5.177483081817627,5.245251121538374,5.1707064394173035,5.184260047361453,291000
2016-08-15,5.15715217590332,5.207978118447084,5.150375211220973,5.1876478706869635,485200
2016-08-16,5.11310338973999,5.16392933740145,5.109714907057628,5.150375729815495,272300
2016-08-17,5.130045413970947,5.143599021382431,5.082607626459007,5.136822056104944,253800
2016-08-18,5.13682222366333,5.201202103325511,5.12326861580974,5.146987348767648,237200
2016-08-19,5.109714984893799,5.130045558154174,5.085996252042944,5.130045558154174,324200
2016-08-22,5.116491317749023,5.136821565352229,5.1029377116324,5.116491317749023,237400
2016-08-23,5.15715217590332,5.1876478706869635,5.099549268677209,5.116491357239617,225700
2016-08-24,5.123269081115723,5.1707068744834395,5.102938829060651,5.167318391426417,236100
2016-08-25,5.146986961364746,5.177482657525853,5.113103105852887,5.130045195180554,181400
2016-08-26,5.11310338973999,5.187648393034493,5.0758307265209925,5.160540854719088,284200
2016-08-29,5.1334333419799805,5.170706003038413,5.09277252157908,5.096161004065024,207200
2016-08-30,5.167316436767578,5.1740934003180765,5.082606331246798,5.136820747077152,265800
2016-08-31,5.163929462432861,5.174094910726079,5.089384780476943,5.146987371754333,355900
2016-09-01,5.0927734375,5.174095416070805,5.0826083113574745,5.174095416070805,419600
2016-09-02,5.211366176605225,5.22830826378862,5.085995248477602,5.085995248477602,444200
2016-09-06,5.204588890075684,5.231696098632582,5.140209350538904,5.211365853786615,365700
2016-09-07,5.214756011962891,5.231697780399443,5.1605412542779545,5.1876487946921825,333200
2016-09-08,5.204588890075684,5.231696098632582,5.174093522806735,5.201200731363633,270600
2016-09-09,5.075831413269043,5.180872128629581,4.9945097567506815,5.180872128629581,811300
2016-09-12,5.099549770355225,5.123268502789895,4.970790337014811,5.041946857462316,498100
2016-09-13,5.072442531585693,5.099549746568445,5.018228101620189,5.099549746568445,505100
2016-09-14,5.13682222366333,5.170706404869057,5.082607792248968,5.0893847577475135,503500
2016-09-15,5.163929462432861,5.184260035875795,5.116491996305187,5.123268638690496,328200
2016-09-16,5.11310338973999,5.16392933740145,5.082607691885717,5.16392933740145,716400
2016-09-19,5.187647819519043,5.218143190858435,5.116491306773543,5.123267948245589,339400
2016-09-20,5.167316436767578,5.218142370822683,5.167316436767578,5.2079772486403435,214200
2016-09-21,5.201202392578125,5.214756001185467,5.130045866603696,5.167318209488009,328900
2016-09-22,5.22830867767334,5.235085319197091,5.20458962448156,5.218143230672522,318100
2016-09-23,5.174095153808594,5.26219344781755,5.170706670884994,5.221532622164912,439900
2016-09-26,5.177483081817627,5.2554165698541135,5.177483081817627,5.194425172533689,434700
2016-09-27,5.204588890075684,5.221530976209599,5.174093522806735,5.1944237676527,277700
2016-09-28,5.221531391143799,5.252027083979534,5.170705451846535,5.238473478624035,515800
2016-09-29,5.238474369049072,5.2655815843677,5.1978135460711306,5.231697403647667,455300
2016-09-30,5.279134750366211,5.30285348099979,5.248639054898199,5.272358108675247,579200
2016-10-03,5.191037178039551,5.296077891844645,5.184260535001806,5.27913579953498,426200
2016-10-04,5.106326103210449,5.235085528750388,5.075830407274217,5.221531922016893,785700
2016-10-05,5.074849605560303,5.176276633045315,5.060859682236373,5.116819375532093,1320300
2016-10-06,5.018889427185059,5.06785398731331,4.994406813574883,5.036376579490263,1044500
2016-10-07,5.032878398895264,5.088838076216647,5.001400997015488,5.02938083567618,637800
2016-10-10,5.134306907653809,5.165784318792484,5.0363771099899095,5.0363771099899095,827900
2016-10-11,5.1832709312438965,5.193763622890937,5.141301165293887,5.141301165293887,546400
2016-10-12,5.214747428894043,5.2567171875185155,5.15529018745621,5.193762716354803,708300
2016-10-13,5.218246936798096,5.249724350883323,5.200759447467846,5.214749372222823,391200
2016-10-14,5.2007575035095215,5.256717181612614,5.1972599402415804,5.246224825354782,279600
2016-10-17,5.172778606414795,5.214748372634759,5.144798762268152,5.197260886656594,326100
2016-10-18,5.2007575035095215,5.242727262086841,5.183270020715807,5.207752630045404,584500
2016-10-19,5.214747428894043,5.239229704705154,5.204255072624423,5.232234911707405,495400
2016-10-20,5.221744537353516,5.2357344622048885,5.204257047902769,5.207754612502142,285000
2016-10-21,5.225241661071777,5.24622671469083,5.172779527343314,5.172779527343314,366200
2016-10-24,5.274205207824707,5.281200335081319,5.2147479603276015,5.242727802262,350800
2016-10-25,5.347651958465576,5.3651394416947475,5.267210002575785,5.277702359094889,372400
2016-10-26,5.340658664703369,5.379130871771906,5.323171176564546,5.351151024168226,272600
2016-10-27,5.2462263107299805,5.358145698624139,5.242728746471767,5.358145698624139,341400
2016-10-28,5.253221035003662,5.305683160655493,5.221743626194139,5.2637133934248155,238600
2016-10-31,5.323169231414795,5.333661587045619,5.232234593158394,5.2846967048584865,736600
2016-11-01,5.193765640258789,5.333664914431975,5.190268075017914,5.333664914431975,397600
2016-11-02,5.165783405303955,5.225240319273318,5.158788278045191,5.211250398301816,217900
2016-11-03,5.1832709312438965,5.232235824958599,5.162286215041917,5.165783778924263,613300
2016-11-04,5.473562717437744,5.578487311639413,5.333663480866245,5.361643328180545,997400
2016-11-07,5.550506114959717,5.581983518922457,5.508536354191398,5.508536354191398,547800
2016-11-08,5.616960048675537,5.662427721787043,5.540015628069,5.574990273741212,515900
2016-11-09,5.613461017608643,5.6484359876902674,5.487551725697653,5.522526695779278,674400
2016-11-10,5.540016174316406,5.630950862413364,5.512036321601366,5.627453297437445,659500
2016-11-11,5.620457172393799,5.651934584511738,5.526025269586076,5.547009988633972,753000
2016-11-14,5.686908721923828,5.714888565556862,5.606466754865369,5.637944162339043,445100
2016-11-15,5.732376575469971,5.732376575469971,5.62045718419004,5.693904701650115,393300
2016-11-16,5.704396724700928,5.76735154903639,5.683412005619838,5.7533619586797276,417200
2016-11-17,5.567994117736816,5.714888460893007,5.5575017599531,5.70439576956325,756600
2016-11-18,5.620457172393799,5.6239547367504805,5.560999912514601,5.57498983639523,490300
2016-11-21,5.679914951324463,5.714889930995226,5.658930230358906,5.669422257295559,439600
2016-11-22,5.721883773803711,5.725381337693599,5.679913674217166,5.7008983904643875,476900
2016-11-23,5.711390018463135,5.7428674205177686,5.669419926692964,5.714887581701647,574700
2016-11-25,5.69740104675293,5.73587291233969,5.669420537828669,5.707893070507478,235700
2016-11-28,5.739370822906494,5.753361078214351,5.697401391167104,5.700898287901978,411500
2016-11-29,5.760354518890381,5.784837461344361,5.7183850945817865,5.746364933151507,422200
2016-11-30,5.69390344619751,5.763852716778208,5.6484357865826125,5.756857589592525,413900
2016-12-01,5.599471569061279,5.693903790502091,5.5120344752291395,5.662426383355154,511400
2016-12-02,5.581984519958496,5.644939005627808,5.571492161271289,5.595974442723462,264900
2016-12-05,5.704396724700928,5.704396724700928,5.574989845213884,5.599472462203284,379900
2016-12-06,5.767351150512695,5.781341406994824,5.665924459385845,5.686909177016893,431900
2016-12-07,5.8303046226501465,5.858284462053889,5.739369977814987,5.753360231062854,432500
2016-12-08,5.910748481750488,5.914246046189226,5.805824216957153,5.8338040653748555,589400
2016-12-09,6.019168376922607,6.02266594023752,5.8932594330457055,5.8932594330457055,539200
2016-12-12,5.963209629058838,6.078626568102167,5.931732221402284,6.022666880510982,648300
2016-12-13,5.879269599914551,5.98419450558382,5.826807480625936,5.94572197346255,510400
2016-12-14,5.819812774658203,5.92823525173852,5.781340906844883,5.896757844469019,514200
2016-12-15,5.679914951324463,5.809322175978609,5.6624277950352075,5.802327046626007,713400
2016-12-16,5.81281852722168,5.879270240922772,5.707893610112601,5.707893610112601,1922800
2016-12-19,5.865281105041504,5.882768259030337,5.81281897598284,5.830306129971674,473700
2016-12-20,5.910748481750488,5.910748481750487,5.837301629813594,5.865281478231298,438300
2016-12-21,5.879269599914551,5.938726846332858,5.858284885617513,5.8932598541739365,397800
2016-12-22,5.875772476196289,5.935229727065426,5.816315225327151,5.889762731502952,523400
2016-12-23,5.840798377990723,5.893260503055718,5.798828277683458,5.875772683305978,898500
2016-12-27,5.8163161277771,5.882768516610211,5.809321666130609,5.8757733878715275,304300
2016-12-28,5.7947211265563965,5.866704826327802,5.7587289334237015,5.8307133196890915,794500
2016-12-29,5.974681854248047,5.978281142480915,5.798320849801722,5.798320849801722,520000
2016-12-30,5.891900539398193,6.003475733470364,5.877503385843556,5.9530870690172675,465800
2017-01-03,5.96748161315918,5.985477362809588,5.8811007791483,5.895497241569857,426900
2017-01-04,5.999876022338867,6.017871776520141,5.960284539347242,5.967483115617359,345800
2017-01-05,5.985478401184082,6.021470593222751,5.949486895639376,5.9998755525971355,246300
2017-01-06,6.025069236755371,6.039466386628794,5.963882722781106,5.996275623502417,316500
2017-01-09,6.03587007522583,6.089858040882863,5.967484952596667,6.028671496739765,504400
2017-01-10,6.097054481506348,6.115050234917277,5.974681436128864,6.007074341463727,457000
2017-01-11,6.154642581939697,6.215829113235072,6.089856762157056,6.125848960535644,511800
2017-01-12,6.064660549163818,6.143842811854529,6.017870499828588,6.13664423711159,602000
2017-01-13,6.100654125213623,6.104252726910451,6.028669734384554,6.046665488844807,321700
2017-01-17,6.147441864013672,6.172636188156105,6.064660317118864,6.064660317118864,634000
2017-01-18,6.179832935333252,6.194229393517591,6.133043588117097,6.154638618640426,356000
2017-01-19,6.172636985778809,6.187034136574212,6.1258476186816155,6.169037698079957,339500
2017-01-20,6.118649005889893,6.172636948054841,6.1042518551824765,6.140244045457086,299400
2017-01-23,6.158241271972656,6.197832068497016,6.125848365229259,6.13304694150424,242200
2017-01-24,6.140244960784912,6.187035021065089,6.136645672571512,6.154642113638515,447700
2017-01-25,6.129446029663086,6.187033251619917,6.104251019374865,6.143842491905375,269400
2017-01-26,6.176234722137451,6.20142904320719,6.1186475064084025,6.12944536679276,191000
2017-01-27,6.161839962005615,6.219427193627672,6.1510420986412475,6.219427193627672,397100
2017-01-30,6.122250080108643,6.183436615482222,6.097055745512603,6.183436615482222,424000
2017-01-31,6.100654125213623,6.136645634134129,5.9494874536678015,6.089856260641054,518300
2017-02-01,6.147441864013672,6.2194262357010635,6.1114496781699765,6.1114496781699765,337500
2017-02-02,6.147441864013672,6.172636188156105,6.122247539871239,6.172636188156105,360500
2017-02-03,5.985478401184082,6.248220922520591,5.902696840040917,6.223026594041712,1662300
2017-02-06,6.064660549163818,6.075457724784354,5.938688237137876,5.938688237137876,622800
2017-02-07,6.0106730461120605,6.064660987599335,5.992676607953689,6.0538631247043115,301800
2017-02-08,5.9782795906066895,6.025068952500067,5.953085266010727,6.0142710906044305,297600
2017-02-09,6.03226900100708,6.075459086154873,5.9422888560394815,5.9962768057212354,384900
2017-02-10,6.0754594802856445,6.0970552107545375,6.046665859487858,6.046665859487858,235200
2017-02-13,6.151042461395264,6.161840325396429,6.097054514377423,6.097054514377423,363400
2017-02-14,6.0754594802856445,6.154642452350112,6.028670103924517,6.154642452350112,343300
2017-02-15,6.071859836578369,6.0754584378783445,5.985478302511998,6.061061973196584,324700
2017-02-16,6.147441864013672,6.2050290867660465,6.0718588915863725,6.1114496781699765,308500
2017-02-17,6.097054481506348,6.176236757606019,6.071860152133452,6.165438893663069,352700
2017-02-21,6.129446029663086,6.133045316847117,6.0646602333381905,6.075457408396449,275900
2017-02-22,6.143843650817871,6.172637267227623,6.100653569450225,6.115050034408118,299900
2017-02-23,6.133045673370361,6.165437886921981,6.097053485931602,6.151041423842803,378800
2017-02-24,6.071859836578369,6.129447068293314,6.046664822020872,6.129447068293314,428600
2017-02-27,6.053863048553467,6.093454525509948,6.050263760967067,6.0754580875779505,421100
2017-02-28,6.068261623382568,6.097055244338959,5.992677939313245,6.043067290857485,865200
2017-03-01,6.082658767700195,6.125849547189567,6.003476472879522,6.053865143538665,666600
2017-03-02,6.100654125213623,6.104252726910451,6.061062641608232,6.082657684259342,364000
2017-03-03,6.089855194091797,6.097053769212784,5.9890772018797005,6.086255906531303,445100
2017-03-06,6.043066501617432,6.06826083085207,5.978280691303227,6.06826083085207,402900
2017-03-07,6.03587007522583,6.050266545703733,6.01067573701883,6.01067573701883,269900
2017-03-08,5.909894943237305,6.046664438256444,5.906295655671813,6.035867262053878,601700
2017-03-09,5.927891731262207,5.963883926717661,5.881102357715936,5.902697400391597,473200
2017-03-10,5.989078044891357,6.071860297447172,5.967483002982625,5.97468157911687,666400
2017-03-13,5.974681854248047,6.035868381218735,5.971082566015179,5.989078320685484,388300
2017-03-14,5.942286491394043,6.003472993083504,5.938687204648339,5.967480812120217,271300
2017-03-15,6.057462692260742,6.075458444756804,5.938688940902451,5.938688940902451,493600
2017-03-16,6.093453407287598,6.1042505815714705,6.039465476386869,6.086254833435824,291900
2017-03-17,6.169037818908691,6.179835682216734,6.086256259695538,6.086256259695538,800900
2017-03-20,6.161839962005615,6.215827905839549,6.129447058406464,6.172637138876031,337100
2017-03-21,6.104251384735107,6.201430085038926,6.068259883728251,6.169037184937653,433200
2017-03-22,6.133045673370361,6.161839286022594,6.071859160672633,6.125847098583835,310100
2017-03-23,6.097054481506348,6.161840292176073,6.075458753620447,6.115050234917277,367000
2017-03-24,6.093453407287598,6.147441338188325,6.07905625958405,6.082655546509937,303800
2017-03-27,6.154642581939697,6.158241870426965,6.082658185182521,6.082658185182521,336300
2017-03-28,6.287810325622559,6.287810325622559,6.169036598702751,6.176235172817603,439500
2017-03-29,6.363393783569336,6.3777902448589225,6.2770129563504415,6.298607991531718,426600
2017-03-30,6.363393783569336,6.395786679588145,6.334600174496371,6.363393783569336,486100
2017-03-31,6.388589859008789,6.420982763917648,6.370594105834525,6.370594105834525,425500
2017-04-03,6.384990692138672,6.417383597661721,6.338201321102042,6.3921892681424595,376800
2017-04-04,6.413782596588135,6.446175493459291,6.3885882737980815,6.3885882737980815,471500
2017-04-05,6.402987957000732,6.464173801433094,6.402987957000732,6.4389794686682205,765300
2017-04-06,6.43537712097168,6.43537712097168,6.341798411328492,6.413782086938156,443500
2017-04-07,6.43537712097168,6.456972841498958,6.41018280018361,6.442575694480772,473200
2017-04-10,6.514562606811523,6.536157649298764,6.410185309550819,6.442578216528691,1120000
2017-04-11,6.599549770355225,6.606939547751006,6.440657927225571,6.518255875845073,735200
2017-04-12,6.533036708831787,6.577378191495352,6.514560503726003,6.562597932205884,310900
2017-04-13,6.503476142883301,6.562598595608085,6.481305399310315,6.533037369245693,472200
2017-04-17,6.544122219085693,6.544122219085693,6.455438542296186,6.470219507492043,471100
2017-04-18,6.525648593902588,6.56629555508443,6.510868329251728,6.56629555508443,361800
2017-04-19,6.510867118835449,6.569989576038437,6.488695668787865,6.555208609340048,325800
2017-04-20,6.496084690093994,6.5552071339905735,6.455437745616924,6.540426875413991,342900
2017-04-21,6.518256187438965,6.551512654092853,6.488694962057197,6.533037152527452,485800
2017-04-24,6.547816753387451,6.599549421191932,6.507170513078025,6.547816753387451,519600
2017-04-25,6.5773797035217285,6.610636175562073,6.547818473352014,6.547818473352014,449400
2017-04-26,6.632807731628418,6.669758741328143,6.566294786496382,6.57368527035446,491900
2017-04-27,6.691929340362549,6.7067096014003935,6.640196664741986,6.658672872033346,480600
2017-04-28,6.60693883895874,6.703012982748796,6.573683082257469,6.703012982748796,577100
2017-05-01,6.684540271759033,6.74366273801001,6.618027321027836,6.632808289988276,451200
2017-05-02,6.614330291748047,6.728879951061211,6.58476906660932,6.728879951061211,422300
2017-05-03,6.533036708831787,6.599549637622295,6.484999280351905,6.599549637622295,492700
2017-05-04,6.496084690093994,6.544121411461792,6.440657487040341,6.533036393728137,355000
2017-05-05,6.466522693634033,6.4849981908406855,6.207861503970656,6.255898924380017,705200
2017-05-08,6.477610111236572,6.555208065580452,6.448048885087204,6.4849998891774945,413400
2017-05-09,6.3556718826293945,6.510868542931602,6.32611064756209,6.485001845551702,660600
2017-05-10,6.42218017578125,6.429570656193145,6.326106749606626,6.326106749606626,454700
2017-05-11,6.466522693634033,6.488693431241025,6.377839038411029,6.422180513625011,492400
2017-05-12,6.466522693634033,6.488693431241025,6.436961475226365,6.470217934034372,297000
2017-05-15,6.5699896812438965,6.618026414192307,6.488695772691563,6.518257001766422,725500
2017-05-16,6.581073760986328,6.614330227041455,6.533037034904031,6.595854725808693,324600
2017-05-17,6.544122219085693,6.588464409878054,6.514560993489191,6.58476916857909,368900
2017-05-18,6.566293239593506,6.592159222207877,6.507170792247754,6.566293239593506,323100
2017-05-19,6.544122219085693,6.569988908178445,6.492390250490617,6.5552079429825865,385700
2017-05-22,6.5773797035217285,6.595855912874876,6.540428694406077,6.544123231481385,358600
2017-05-23,6.595854759216309,6.62541598421557,6.551512569319818,6.6180255017669545,405400
2017-05-24,6.5773797035217285,6.614331417432703,6.551513715222644,6.592160671004247,619900
2017-05-25,6.55890417098999,6.595855884743364,6.544123203570514,6.588465401033626,354000
2017-05-26,6.551512241363525,6.566293205520848,6.492389794324561,6.566293205520848,221800
2017-05-30,6.488696575164795,6.5589047671986425,6.477611553387871,6.555209525007874,491300
2017-05-31,6.473915100097656,6.518256588500992,6.422182423900096,6.496085844299324,391900
2017-06-01,6.533036708831787,6.540427190874102,6.459133297998966,6.521950985768316,544300
2017-06-02,6.562597751617432,6.640195696540924,6.529341288137324,6.547816787939544,493300
2017-06-05,6.481306552886963,6.573685489810925,6.481306552886963,6.551514037496518,260900
2017-06-06,6.470220565795898,6.514562059045778,6.4369640934608245,6.470220565795898,447000
2017-06-07,6.485000133514404,6.518256602284858,6.45174366474395,6.485000133514404,208700
2017-06-08,6.536733150482178,6.547818170786521,6.455439242675449,6.4850004714791805,283900
2017-06-09,6.555208206176758,6.577378950065495,6.52195173794603,6.551512964729428,710100
2017-06-12,6.573685169219971,6.5921606737855925,6.555208959859028,6.562599443603405,716900
2017-06-13,6.573685169219971,6.595855915657781,6.55151371798684,6.584770190041215,490100
2017-06-14,6.5773797035217285,6.651283131343676,6.569989924575792,6.603246396616136,527800
2017-06-15,6.640194416046143,6.6475848964599065,6.577376742119156,6.595852943153567,613100
2017-06-16,6.6180267333984375,6.640197480075115,6.577379777161753,6.5847702609857555,1021900
2017-06-19,6.691929340362549,6.703014359942122,6.618025920787598,6.658672872033346,338000
2017-06-20,6.673451900482178,6.7177940849961795,6.62541517998753,6.703013121893141,236200
2017-06-21,6.654978275299072,6.7436619645034055,6.6365020662177665,6.688234746850111,338100
2017-06-22,6.6623687744140625,6.710405508546466,6.647587807114669,6.666064016238911,470700
2017-06-23,6.773221492767334,6.806477955964165,6.68453782584083,6.68453782584083,670800
2017-06-26,6.773221492767334,6.802782715076169,6.743660270458499,6.754745993122488,351900
2017-06-27,6.703015327453613,6.806479988833558,6.691930306274031,6.780613999687407,369100
2017-06-28,6.7621378898620605,6.7990896055303125,6.673454195135467,6.706710668757359,408300
2017-06-29,6.710405349731445,6.75844278752226,6.66606385847332,6.747357062310082,338300
2017-06-30,6.758442401885986,6.773222663196902,6.695624705525269,6.725185932942356,365200
2017-07-03,6.769527435302734,6.799088662779352,6.736270966292132,6.784308401438672,275100
2017-07-05,6.817565441131592,6.8212599781795795,6.743662013856138,6.769528001963952,412400
2017-07-06,6.780612468719482,6.802783210868145,6.706709055163692,6.799087969710837,515200
2017-07-07,6.743661880493164,6.780613593400132,6.684539421760135,6.780613593400132,535300
2017-07-10,6.765831470489502,6.817564141639712,6.725185227551343,6.765831470489502,672500
2017-07-11,6.743078231811523,6.792380508373157,6.689982637787424,6.765833073042788,731400
2017-07-12,6.784795761108398,6.860646201293165,6.754455729707173,6.788588355453977,637700
2017-07-13,6.7203216552734375,6.7885868920512396,6.69377422394057,6.77720983483044,403400
2017-07-14,6.724113464355469,6.777209044190238,6.708943815376369,6.720320871269902,351400
2017-07-17,6.731700420379639,6.765833043760492,6.720322638131569,6.727907826296949,397600
2017-07-18,6.667226314544678,6.705151523742228,6.625508512091052,6.705151523742228,413800
2017-07-19,6.731700420379639,6.758247855595112,6.6444729265678415,6.674812955866003,364400
2017-07-20,6.743078231811523,6.769625667141892,6.697567825985633,6.731700449514211,357300
2017-07-21,6.769625186920166,6.792380026537255,6.72411478432268,6.788587432707189,442700
2017-07-24,6.712738513946533,6.773418575621879,6.7089459196714,6.7696259813467465,283700
2017-07-25,6.655846118927002,6.7279039179114575,6.6444690666514665,6.71273427375643,460900
2017-07-26,6.705151557922363,6.71273674447318,6.667226348531486,6.67860412835771,260500
2017-07-27,6.708943843841553,6.731698679088333,6.674811229289798,6.708943843841553,300200
2017-07-28,6.671019077301025,6.727906530861174,6.663433890596148,6.716528750803857,307500
2017-07-31,6.67480993270874,6.7127351329951885,6.644469917152189,6.67480993270874,358900
2017-08-01,6.705151557922363,6.7241138009362,6.67860412835771,6.697566371371547,324900
2017-08-02,6.705151557922363,6.716528614385384,6.655848568705261,6.67860412835771,309100
2017-08-03,6.705151557922363,6.720321207660792,6.6861885915453225,6.708944151197771,258300
2017-08-04,6.500357151031494,6.705152888359914,6.49277268633897,6.682398047555649,622100
2017-08-07,6.545865535736084,6.576205555232301,6.473807718171398,6.496562551952779,374700
2017-08-08,6.625508785247803,6.652056939134855,6.55724427391364,6.55724427391364,314800
2017-08-09,6.636885166168213,6.671017776320411,6.58758290892786,6.61792292646725,274300
2017-08-10,6.545865535736084,6.652055965654404,6.542072942878667,6.614130760443352,432700
2017-08-11,6.5269036293029785,6.545866596663506,6.420713905536983,6.458639116894799,435100
2017-08-14,6.587584018707275,6.636886284253349,6.545866216301459,6.545866216301459,273800
2017-08-15,6.59896183013916,6.6179247985675085,6.54586696526635,6.583792178759764,265500
2017-08-16,6.606545448303223,6.633092874434,6.572412836602763,6.610338041088064,326300
2017-08-17,6.564828395843506,6.6368862202045635,6.5610358026283775,6.614131384276985,324400
2017-08-18,6.5799994468688965,6.591376504323661,6.507941615081228,6.530696453354025,244600
2017-08-21,6.507940292358398,6.561035145324615,6.470015087369763,6.545865497347033,516300
2017-08-22,6.576207637786865,6.59137729065734,6.507942391461347,6.507942391461347,329200
2017-08-23,6.5837907791137695,6.633093039819759,6.549658166562267,6.549658166562267,323400
2017-08-24,6.591376781463623,6.617924937821937,6.576207129765026,6.595169375229097,218400
2017-08-25,6.576207637786865,6.6103402609496245,6.54966020274102,6.602755072832711,203600
2017-08-28,6.557246208190918,6.606548490369472,6.545868424597354,6.576208457483413,273200
2017-08-29,6.5231122970581055,6.572414569534222,6.511734515703632,6.542074542618927,325900
2017-08-30,6.538280010223389,6.5458651955440175,6.50035480698333,6.526902232242445,301200
2017-08-31,6.557246208190918,6.602755895838285,6.545868424597354,6.545868424597354,445200
2017-09-01,6.587584018707275,6.591375888595805,6.515526193650829,6.557243996056645,303200
2017-09-05,6.454848289489746,6.598963264043873,6.447263100470203,6.587586203877997,525300
2017-09-06,6.428299903869629,6.53069704708822,6.416922122017194,6.462432526063604,868000
2017-09-07,6.272808074951172,6.424508238083484,6.265222885953697,6.416923049086009,810400
2017-09-08,6.29556131362915,6.367619144008315,6.276598345969764,6.287976126565396,579800
2017-09-11,6.375205993652344,6.390376373457422,6.329696300964156,6.329696300964156,848200
2017-09-12,6.390374183654785,6.405543834898124,6.360034157804831,6.390374183654785,588200
2017-09-13,6.3448638916015625,6.394166886552137,6.3448638916015625,6.378996511686333,402100
2017-09-14,6.382788181304932,6.394165960807014,6.33348591685561,6.344862972994509,794500
2017-09-15,6.432092189788818,6.451055160767351,6.37520472357998,6.394167694558512,1863600
2017-09-18,6.420713424682617,6.4472608536359495,6.394165995729285,6.420713424682617,478500
2017-09-19,6.435884475708008,6.470017098471047,6.416922229001139,6.416922229001139,320400
2017-09-20,6.44346809387207,6.481393301409187,6.432090314601985,6.432090314601985,351000
2017-09-21,6.477601051330566,6.492771424494004,6.420713598694088,6.443468435076038,286600
2017-09-22,6.5231122970581055,6.530696761264454,6.477601895003513,6.477601895003513,377900
2017-09-25,6.534488677978516,6.56482870175013,6.523111621166176,6.523111621166176,423400
2017-09-26,6.542074680328369,6.591376953842289,6.507942058909765,6.523112434368396,430500
2017-09-27,6.591376781463623,6.62930199575506,6.54965969677001,6.54965969677001,686300
2017-09-28,6.614130973815918,6.6217154364123045,6.542073153926639,6.587583546320696,331400
2017-09-29,6.5951690673828125,6.655849118071397,6.587584603569187,6.614132035325034,502300
2017-10-02,6.667226314544678,6.6823966875689775,6.576206246488478,6.617924048942102,410200
2017-10-03,6.655846118927002,6.68239426208344,6.6368838828924845,6.655846118927003,400600
2017-10-04,6.689981460571289,6.712737021161686,6.648264379548695,6.648264379548695,369600
2017-10-05,6.727907180786133,6.746870149380176,6.686189373242526,6.697567154398953,493400
2017-10-06,6.655846118927002,6.7279039179114575,6.6482616585309575,6.7165261422729845,467900
2017-10-09,6.67480993270874,6.7127351329951885,6.655846970884002,6.655846970884002,354600
2017-10-10,6.5837907791137695,6.648263411337372,6.549658166562267,6.617923391665273,792200
2017-10-11,6.587584018707275,6.621715911246435,6.572413645700361,6.591375888595805,607200
2017-10-12,6.610971450805664,6.626563722317014,6.564196123232465,6.5875837870190646,467900
2017-10-13,6.607075214385986,6.630462882023799,6.579788734747896,6.614870607944891,359300
2017-10-16,6.591482162475586,6.657747832530132,6.583686026356118,6.626564031532725,435900
2017-10-17,6.579789638519287,6.6148715165349765,6.560300036724193,6.591483845684734,365600
2017-10-18,6.599277496337891,6.618767090786796,6.564195631545562,6.571991766717273,449100
2017-10-19,6.599277496337891,6.607073631509601,6.575889834303129,6.5914813611661796,344700
2017-10-20,6.579789638519287,6.626565723700423,6.57589231294479,6.626565723700423,393900
2017-10-23,6.482337474822998,6.59927726790978,6.474542083401489,6.5797869306551435,507100
2017-10-24,6.431663990020752,6.540807646595236,6.427765922627342,6.4628477856877,470800
2017-10-25,6.314726829528809,6.45115551167324,6.2523592195540525,6.419971706685862,789400
2017-10-26,6.244563579559326,6.373196878307675,6.236767441821701,6.349809208575415,759400
2017-10-27,6.283542156219482,6.291337548778665,6.18609231442516,6.264051816120391,567900
2017-10-30,6.252358913421631,6.318623845229811,6.228970503215839,6.27184851177927,475000
2017-10-31,6.260153293609619,6.291337092023748,6.232867562932305,6.264051361346435,599600
2017-11-01,6.326420307159424,6.330318375727426,6.275746902736506,6.275746902736506,421800
2017-11-02,6.29913330078125,6.3225209639938384,6.256255298657831,6.3225209639938384,480800
2017-11-03,5.932722568511963,6.127621466817637,5.917130671517115,6.022375883297302,1457700
2017-11-06,5.835273742675781,5.921028999437641,5.823579539875374,5.917131303577692,1167800
2017-11-07,5.843070030212402,5.9132337663472185,5.7962943300359315,5.811886230094755,761700
2017-11-08,5.995090484619141,6.014580449864477,5.827477303945484,5.827477303945484,936300
2017-11-09,5.948315143585205,6.006784671046084,5.936620940700878,5.960008974729343,543400
2017-11-10,5.909336090087891,5.956111793364811,5.885948424319554,5.9210299229720595,500300
2017-11-13,5.998989582061768,6.018479178913362,5.882050142251045,5.882050142251045,640600
2017-11-14,6.022376537322998,6.041866503618191,5.963907010177607,5.998988875160917,582500
2017-11-15,5.944416522979736,6.03406983964514,5.944416522979736,6.002886045001508,485600
2017-11-16,5.948315143585205,5.998988907530055,5.9405190083289865,5.9405190083289865,504900
2017-11-17,5.971703052520752,5.979499188098972,5.924927354272049,5.932723489850269,603000
2017-11-20,6.080846786499023,6.084744482590441,5.995091152904288,5.995091152904288,510900
2017-11-21,6.151009559631348,6.174397592640821,6.084743899801376,6.104233865352574,727500
2017-11-22,6.205581188201904,6.232866916047338,6.147111665178786,6.147111665178786,576800
2017-11-24,6.197784423828125,6.248458550518456,6.1899886616958515,6.228968215837464,333800
2017-11-27,6.147112846374512,6.23286811372133,6.147112846374512,6.186092411966638,482100
2017-11-28,6.0652546882629395,6.127622284565457,6.0184786192958555,6.119826149157544,1200700
2017-11-29,6.147112846374512,6.178296647544306,6.076949107872357,6.076949107872357,1066400
2017-11-30,6.104236125946045,6.197787549148669,6.0886442220789405,6.178297948120022,821600
2017-12-01,6.135418891906738,6.154908861366365,6.0379694163488535,6.092541256487758,749300
2017-12-04,6.189990043640137,6.2328676742905795,6.151010109055948,6.166602008541582,804000
2017-12-05,6.240664482116699,6.26015407976791,6.178296877456235,6.182194573942329,632300
2017-12-06,6.221174240112305,6.264051873502407,6.217276172056778,6.217276172056778,648600
2017-12-07,6.248459339141846,6.295234661319285,6.193887510367883,6.205581340912243,631400
2017-12-08,6.240664482116699,6.275746352673272,6.193888778621352,6.256256011541569,589200
2017-12-11,6.205581188201904,6.264050711225023,6.205581188201904,6.205581188201904,626700
2017-12-12,6.244563579559326,6.279645455898023,6.170501758013121,6.178297895750746,610000
2017-12-13,6.318622589111328,6.3653986567434835,6.20947967043692,6.232867332512812,736800
2017-12-14,6.29913330078125,6.34201130290467,6.287439097434752,6.314725571909915,642400
2017-12-15,6.451155662536621,6.494033674202198,6.291338565303839,6.295236633953489,1812800
2017-12-18,6.342012882232666,6.509626121203873,6.326420607221115,6.466748108402701,726700
2017-12-19,6.182194709777832,6.361501762986533,6.178297013206097,6.353705626362555,676300
2017-12-20,6.338115215301514,6.353706747820938,6.193890007963795,6.193890007963795,591100
2017-12-21,6.439462184906006,6.486237521630522,6.349808836616872,6.353706161776771,696100
2017-12-22,6.416072845458984,6.478441191209052,6.408277452785633,6.439461253920435,582600
2017-12-26,6.478442668914795,6.5135238026479,6.416074308938764,6.416074308938764,533700
2017-12-27,6.455053329467773,6.497931338464915,6.431665662505936,6.482339064836672,626200
2017-12-28,6.523255348205566,6.5312792160553155,6.434995097452794,6.455054001879011,486400
2017-12-29,6.4470295906066895,6.547325634680093,6.4470295906066895,6.523254798357941,443100
2018-01-02,6.382838249206543,6.439003772002508,6.3507435554377265,6.406909460832621,667000
2018-01-03,6.322662353515625,6.475111995219532,6.302603069312788,6.402899107727951,671400
2018-01-04,6.362780570983887,6.41092262375084,6.334697802519587,6.334697802519587,652800
2018-01-05,6.434992790222168,6.443015889997124,6.370803018236293,6.37882650061019,566100
2018-01-08,6.414934158325195,6.447028858174556,6.390863324737675,6.422958024587036,480600
2018-01-09,6.370804309844971,6.430982161544807,6.362780443245385,6.4229582949452215,325000
2018-01-10,6.386851787567139,6.422958422785893,6.33469780142883,6.3708044366475844,425000
2018-01-11,6.451040267944336,6.463076066360656,6.382838940647744,6.394874356465093,504700
2018-01-12,6.406911849975586,6.487148614317986,6.390864497107105,6.46708971018169,331900
2018-01-16,6.338711738586426,6.4590670998290385,6.326676317241908,6.426972387844228,440700
2018-01-17,6.382838249206543,6.406909460832621,6.334696208553319,6.342720073294987,324300
2018-01-18,6.322662353515625,6.386851756885485,6.322662353515625,6.3748163394033925,405100
2018-01-19,6.370804309844971,6.3868516604451235,6.306614907444359,6.306614907444359,301600
2018-01-22,6.382838249206543,6.4269687400878635,6.362778969951301,6.390862113948212,275300
2018-01-23,6.406911849975586,6.41493533511029,6.342722438501665,6.36679327650485,230700
2018-01-24,6.390865325927734,6.422960035827004,6.378829522766168,6.414936167052626,235100
2018-01-25,6.358768939971924,6.402899058801737,6.334697722592649,6.378827841422462,350400
2018-01-26,6.298592567443848,6.374817788218655,6.2865571472264445,6.374817788218655,377000
2018-01-29,6.246437072753906,6.310626475329308,6.194283087511637,6.302602991306893,597500
2018-01-30,6.543313980102539,6.607503389830729,6.41493516064616,6.4390059979947,3746400
2018-01-31,6.579420566558838,6.6235510723463715,6.491160320181888,6.543313928223241,2141000
2018-02-01,6.551336765289307,6.623550030602891,6.503194333347586,6.551336765289307,11433500
2018-02-02,6.390865325927734,6.53127996868638,6.342723261078831,6.515232231137623,1677800
2018-02-05,6.318648815155029,6.402897481327719,6.24242401366494,6.346731576346284,1758200
2018-02-06,6.439005374908447,6.463076975125763,6.222366329338951,6.222366329338951,1599500
2018-02-07,6.43098258972168,6.495171996396042,6.398887503785455,6.43098258972168,1081100
2018-02-08,6.422957420349121,6.495170679516241,6.4069100719340915,6.4510401844256835,951600
2018-02-09,6.71181058883667,6.800071590813651,6.499183480869649,6.499183480869649,1464100
2018-02-12,6.723847389221191,6.7398943595697,6.587444697867205,6.735883190881183,992900
2018-02-13,6.784024715423584,6.80809555300716,6.655645894713675,6.715823371271679,693000
2018-02-14,6.860250473022461,6.876297444288952,6.763966349828941,6.763966349828941,585400
2018-02-15,6.968569278717041,6.984616247404788,6.836178534951339,6.880308272741194,858400
2018-02-16,7.068864345550537,7.080899379107945,6.956532519427638,6.988627217577329,738100
2018-02-20,6.920427322387695,7.092936647638335,6.884320683837649,7.068865810337678,830900
2018-02-21,6.824143409729004,6.98060500460593,6.824143409729004,6.908391725370996,632800
2018-02-22,6.840188980102539,6.908390311511098,6.820130080063898,6.832165879205875,616600
2018-02-23,6.992640972137451,7.024735678648082,6.868274080058526,6.88432105071476,1384300
2018-02-26,6.984614849090576,7.00868567990227,6.920425456794117,7.00868567990227,630600
2018-02-27,6.852226257324219,7.012699787842718,6.852226257324219,6.972581213913555,590600
2018-02-28,6.687741279602051,6.896357267057476,6.679717411192641,6.852226756003926,687200
2018-03-01,6.683727741241455,6.73989327623067,6.611514473285023,6.675703874757846,715500
2018-03-02,6.755941390991211,6.7599533244597385,6.615526780385007,6.6516334164036905,500600
2018-03-05,6.920427322387695,6.964557828437335,6.747917997137057,6.747917997137057,522100
2018-03-06,6.972578525543213,6.992638187372601,6.8642594124559455,6.924436867548396,744100
2018-03-07,6.948508262634277,6.99665068974907,6.92443743167584,6.932461297061293,513800
2018-03-08,6.976592063903809,7.0046748317316805,6.93246232811631,6.968568962523012,478600
2018-03-09,7.0006608963012695,7.00467206280705,6.916411860922996,7.00467206280705,437000
2018-03-12,7.072876930236816,7.092936598847813,7.000664418831576,7.020723322244457,466600
2018-03-13,7.052816867828369,7.104970467250282,7.0367699007747,7.104970467250282,805000
2018-03-14,7.117005825042725,7.125029690670915,7.0447925647849,7.05281643041309,520200
2018-03-15,7.060840606689453,7.133053870124367,7.020722041981394,7.133053870124367,541100
2018-03-16,7.112994194030762,7.145088892707347,7.012698165016686,7.072875629385536,1718600
2018-03-19,7.100961685180664,7.12102059203668,7.036772265003517,7.117008657625827,410000
2018-03-20,7.108982563018799,7.14107726305869,7.076887862978908,7.096947528752595,462900
2018-03-21,7.104971885681152,7.149102392985404,7.0768891138323164,7.141078525257696,469100
2018-03-22,7.080901145935059,7.153114426090017,7.072877278096029,7.072877278096029,445800
2018-03-23,7.036769866943359,7.1450889983293235,7.036769866943359,7.108982366134673,474700
2018-03-26,7.1370673179626465,7.149102354290926,7.060842105358273,7.09694874473939,407100
2018-03-27,7.149101257324219,7.197243690844721,7.100959589001738,7.141077390871132,454000
2018-03-28,7.161138534545898,7.18922130772794,7.125031893255223,7.161138534545898,450400
2018-03-29,7.233351230621338,7.265445935255344,7.165149887624312,7.173172989884225,803800
2018-04-02,7.185208320617676,7.305563263815392,7.137066649417816,7.241373858750201,713600
2018-04-03,7.269457817077637,7.2734689855798935,7.157125969061651,7.225327311571694,452800
2018-04-04,7.281492233276367,7.2935280333531445,7.21329089657072,7.229338630006423,422000
2018-04-05,7.289516925811768,7.30556389586736,7.253410286689018,7.30556389586736,433100
2018-04-06,7.277482032775879,7.313588676405604,7.2453873234603705,7.273470098461662,378800
2018-04-09,7.25742244720459,7.321611859828328,7.25742244720459,7.273469417761446,321600
2018-04-10,7.269457817077637,7.317599491085836,7.2534100822761625,7.301552521482474,440400
2018-04-11,7.24538516998291,7.285503736002789,7.229338202693759,7.269456768713638,443500
2018-04-12,7.224792003631592,7.290696539425656,7.220672871938958,7.278339144347755,655300
2018-04-13,7.088860034942627,7.191835927040994,6.990003272805439,6.998241532727799,1178000
2018-04-16,7.200077056884766,7.216553583296961,7.080625382972437,7.134172522524028,502300
2018-04-17,7.220672130584717,7.24126700128935,7.18771986607093,7.212433868045281,979300
2018-04-18,7.274218559265137,7.323647344056825,7.241266297951972,7.241266297951972,507900
2018-04-19,7.294813632965088,7.352480681116572,7.261861370725913,7.270099632696683,353800
2018-04-20,7.200077056884766,7.2989338584258725,7.195957925281717,7.257744113683428,379200
2018-04-23,7.1465277671813965,7.224789672804884,7.134170376090177,7.220670542441145,275500
2018-04-24,7.19183874130249,7.2453866661081285,7.121815861492682,7.158886474362104,410400
2018-04-25,7.19183874130249,7.220672662313842,7.142410733713919,7.1712438690812546,264100
2018-04-26,7.241267681121826,7.253625076091131,7.150649141612354,7.187720540876236,266700
2018-04-27,7.274218559265137,7.290695082743659,7.228908905343079,7.241266297951972,319700
2018-04-30,7.24538516998291,7.298932298087396,7.245385169982909,7.290694822286296,414900
2018-05-01,7.200077056884766,7.245386718874281,7.121815913358903,7.245386718874281,328100
2018-05-02,7.216554164886475,7.249506434722501,7.146530493279409,7.2000776371464195,390000
2018-05-03,7.220672130584717,7.2536243950985035,7.1506484702874245,7.212433868045281,330000
2018-05-04,7.517241477966309,7.537836345840184,7.24950426738669,7.24950426738669,676500
2018-05-07,7.504885196685791,7.5378374615477055,7.443099798275196,7.5378374615477055,512700
2018-05-08,7.422504425048828,7.529599475013584,7.4142661629798665,7.455456687680759,801600
2018-05-09,7.426623821258545,7.438980429159279,7.3360045065521415,7.43486129797772,470600
2018-05-10,7.5666704177856445,7.574907893719826,7.4348605894684905,7.459575374202632,611100
2018-05-11,7.5666704177856445,7.591384416875919,7.554313025418574,7.579027024508849,347900
2018-05-14,7.5584330558776855,7.607861059941585,7.541956530760413,7.579027926630317,429400
2018-05-15,7.6119818687438965,7.64081500840939,7.529601581934505,7.5460773250387305,510900
2018-05-16,7.624338150024414,7.657290417056771,7.591385882992056,7.632576413193507,557900
2018-05-17,7.620220184326172,7.649053324185425,7.579029647822608,7.624339316540942,355300
2018-05-18,7.620220184326172,7.6572915886149655,7.574910515607838,7.6572915886149655,1218600
2018-05-21,7.702600002288818,7.702600002288818,7.599624070630647,7.653171209409532,547000
2018-05-22,7.690240383148193,7.7355500313774215,7.68200212244401,7.719073509969054,469400
2018-05-23,7.698477745056152,7.719072608768381,7.649048972245636,7.673762965829049,410900
2018-05-24,7.661407470703125,7.694359728798123,7.624336082140776,7.694359728798123,304000
2018-05-25,7.669646739959717,7.686122478351365,7.636694477532513,7.6408128228974945,323700
2018-05-29,7.690240383148193,7.706716118912778,7.640811604566874,7.661407256327333,454900
2018-05-30,7.780858993530273,7.784978123935075,7.686121351151202,7.694359611960807,514900
2018-05-31,7.710836887359619,7.784979678160646,7.682003754413431,7.784979678160646,364600
2018-06-01,7.698477745056152,7.72731086851075,7.657287231988003,7.719072608768381,309500
2018-06-04,7.702600002288818,7.743789746436879,7.649052077865924,7.714956611275633,389100
2018-06-05,7.756145000457764,7.77673986684784,7.669645618846894,7.698478746050517,339300
2018-06-06,7.752027988433838,7.760266251498641,7.694361718268233,7.760266251498641,340400
2018-06-07,7.735551834106445,7.7808607072508815,7.731432702794412,7.764384967646714,277400
2018-06-08,7.760265827178955,7.793218091992379,7.719075299751184,7.735551824979878,435100
2018-06-11,7.752027988433838,7.768504514563444,7.661409451653029,7.7437897253690355,572300
2018-06-12,7.702600002288818,7.747908877980487,7.653171209409532,7.747908877980487,438400
2018-06-13,7.661407470703125,7.714954595491069,7.620216951673426,7.702597989732823,462300
2018-06-14,7.7190752029418945,7.719075202941895,7.66140893665262,7.66140893665262,373000
2018-06-15,7.710836887359619,7.739670805949757,7.657289752694405,7.6902420168677565,1476000
2018-06-18,7.859122276306152,7.87971714629316,7.694360959478295,7.70259922173067,604300
2018-06-19,7.892074108123779,7.908550631727574,7.855002715659127,7.855002715659127,514100
2018-06-20,7.92502498626709,7.949738981714733,7.855001344462309,7.9044301210013455,512300
2018-06-21,7.89619255065918,7.929144809350207,7.867359422510009,7.929144809350207,490400
2018-06-22,7.867359161376953,7.929144546166374,7.8426451645899435,7.929144546166374,596500
2018-06-25,7.846765041351318,7.879717305382186,7.8302893021578575,7.867360697398077,283300
2018-06-26,7.855000972747803,7.883834097012903,7.801453854204575,7.850881842760829,329200
2018-06-27,7.768503189086914,7.8673599720653975,7.764384058257326,7.8550025795766345,528700
2018-06-28,7.850883483886719,7.867360007278816,7.768503223857861,7.768503223857861,460600
2018-06-29,7.82205057144165,7.8838359645950105,7.8096931785534185,7.871479357350678,487000
2018-07-02,7.908550262451172,7.9209068689331605,7.797336090250175,7.822050088858002,669500
2018-07-03,7.978575229644775,8.028003235015863,7.91266991307669,7.91266991307669,369700
2018-07-05,8.03624153137207,8.044479794183003,7.953860474550717,7.982693608744996,640800
2018-07-06,8.052716255187988,8.102145040172243,8.028002255517805,8.044478779060517,394100
2018-07-09,8.056835174560547,8.081549959225788,8.003288045740252,8.077430828448248,548600
2018-07-10,8.032122611999512,8.073313141497541,8.023884348971105,8.073313141497541,548300
2018-07-11,8.052716255187988,8.073311909616379,8.028002255517805,8.032121386403482,579100
2018-07-12,7.976747989654541,8.035835560390549,7.926102420448602,8.035835560390549,533900
2018-07-13,7.964086055755615,8.006290423425215,7.938762469157801,7.97674704405781,319000
2018-07-16,7.909219741821289,7.976747701655664,7.904999143707044,7.972527103541418,326000
2018-07-17,7.8670148849487305,7.951425240665778,7.841692100232341,7.930323054234923,417000
2018-07-18,7.833250522613525,7.892338090739874,7.824810131449852,7.8627939041783135,395700
2018-07-19,7.87967586517334,7.913439842970144,7.820589105278116,7.837470691678154,661500
2018-07-20,7.926103591918945,7.947205781374168,7.8627954135594225,7.892339605792432,732500
2018-07-23,7.892338275909424,7.938763245887551,7.888117677730178,7.93032285452585,432300
2018-07-24,7.8670148849487305,7.879676679805331,7.833250903661274,7.871235483234265,418800
2018-07-25,7.913437843322754,7.934540022239672,7.867012083709706,7.892335664405837,474500
2018-07-26,8.044276237487793,8.052717434320703,7.926102701814397,7.926102701814397,457200
2018-07-27,8.023174285888672,8.044276473593476,7.9683073098612045,8.040055875053143,344000
2018-07-30,8.111804008483887,8.132907000062318,8.006291465582187,8.006291465582187,330800
2018-07-31,8.141348838806152,8.17089222434924,8.061159074477143,8.128687042860452,486600
2018-08-01,8.065381050109863,8.12446783128379,8.0358376595229,8.12446783128379,286200
2018-08-02,8.107582092285156,8.120243885174046,8.01895195705298,8.065377725982227,219400
2018-08-03,8.37769603729248,8.381916635593,8.187773138753105,8.213095923559417,746000
2018-08-06,8.381916046142578,8.4114594271718,8.339710871102222,8.390356437153242,376500
2018-08-07,8.28906536102295,8.39035730864274,8.267963173809308,8.381916916755388,339000
2018-08-08,8.242639541625977,8.310167499770646,8.221536551582792,8.289064509727462,331400
2018-08-09,8.242639541625977,8.289064509727462,8.225757149591429,8.246860139634613,222000
2018-08-10,8.234199523925781,8.301727491733729,8.213096530862751,8.221537728087963,331900
2018-08-13,8.251079559326172,8.2637413527792,8.20887519114286,8.251079559326172,239500
2018-08-14,8.276403427124023,8.293285013970944,8.25952103528035,8.272182829163105,223300
2018-08-15,8.305947303771973,8.343931882691408,8.2848443127074,8.289064910920313,346600
2018-08-16,8.343931198120117,8.36503338245658,8.305946622317096,8.305946622317096,198000
2018-08-17,8.352373123168945,8.381916505818367,8.339711328463421,8.34815252493377,305100
2018-08-20,8.35659408569336,8.398799268953814,8.33549189656159,8.343933094213064,261500
2018-08-21,8.42834186553955,8.445224259259694,8.356593302222626,8.356593302222626,332400
2018-08-22,8.424120903015137,8.470546678742146,8.394577520278606,8.424120903015137,168300
2018-08-23,8.398798942565918,8.470547509821376,8.39035774524248,8.411460738551074,211800
2018-08-24,8.360812187194824,8.428340138242593,8.356591589629755,8.428340138242593,158700
2018-08-27,8.343931198120117,8.394576762526324,8.343931198120117,8.377695176056498,259400
2018-08-28,8.381916046142578,8.390356437153242,8.339710871102222,8.360813056124021,221100
2018-08-29,8.436782836914062,8.449444631865765,8.377696070466426,8.377696070466426,299600
2018-08-30,8.5127534866333,8.521194684745247,8.407240925224855,8.441004912675679,377500
2018-08-31,8.432561874389648,8.525413423364846,8.394577296171938,8.512751628960014,307200
2018-09-04,8.449442863464355,8.483206837938875,8.386135511949211,8.436781071162667,532500
2018-09-05,8.516974449157715,8.516974449157715,8.432564074429896,8.462107464085534,380400
2018-09-06,8.559175491333008,8.614041644836645,8.504308532832768,8.516970324408963,378500
2018-09-07,8.53807544708252,8.559178440313673,8.491650471967745,8.54651664437498,421100
2018-09-10,8.550734519958496,8.588719090681144,8.512749949235848,8.559175714562778,283200
2018-09-11,8.529633522033691,8.567618101612007,8.525413728744379,8.546515915178192,337700
2018-09-12,8.495868682861328,8.521192270021,8.415679738512557,8.508530476441164,317000
2018-09-13,8.525412559509277,8.542294145341707,8.46632499660402,8.508530168680146,281000
2018-09-14,8.521194458007812,8.542296647729216,8.445225287015655,8.512753260120475,299900
2018-09-17,8.58872127532959,8.605602863835573,8.478988132551796,8.58872127532959,484700
2018-09-18,8.546517372131348,8.597163755201896,8.5127533850833,8.554958570142597,418800
2018-09-19,8.483206748962402,8.559175891982429,8.457883969621273,8.550734697203174,420000
2018-09-20,8.563400268554688,8.567620062809945,8.4494465037348,8.508533283272373,381000
2018-09-21,8.554957389831543,8.571838978527973,8.508531612171897,8.567618380104655,1363800
2018-09-24,8.466326713562012,8.597162854031039,8.45788632143245,8.571839262651757,218200
2018-09-25,8.5127534866333,8.542296875028152,8.462107102958585,8.542296875028152,296200
2018-09-26,8.445222854614258,8.521192003725707,8.44100225688621,8.51275080826961,294600
2018-09-27,8.457887649536133,8.504312631027656,8.441005252632312,8.462107443765095,292700
2018-09-28,8.542293548583984,8.571836925474384,8.445222223087912,8.462103807741007,442200
2018-10-01,8.483206748962402,8.571836879154674,8.449442774842018,8.567616281765044,385100
2018-10-02,8.436782836914062,8.525413791582338,8.432562238596828,8.483208613406816,412700
2018-10-03,8.449442863464355,8.487427435372771,8.411458291555938,8.441001668596563,547400
2018-10-04,8.411458015441895,8.449442586103432,8.352371263300224,8.449442586103432,408700
2018-10-05,8.37769603729248,8.445224000107189,8.343932055885126,8.424121008604583,365700
2018-10-08,8.445222854614258,8.449443452342305,8.356591912318665,8.381915498686952,263800
2018-10-09,8.516974449157715,8.538076640341172,8.432564074429896,8.436784673665986,439400
2018-10-10,8.403016090393066,8.605599912979958,8.403016090393066,8.529630778260735,575600
2018-10-11,8.246861457824707,8.424121772540438,8.23842026045818,8.39035778807122,594400
2018-10-12,8.095501899719238,8.324701778083035,8.078204247017583,8.281456409073684,670300
2018-10-15,8.207940101623535,8.251185473648782,8.099827083978852,8.108476323351274,339900
2018-10-16,8.333349227905273,8.350646876893586,8.186315499739768,8.225236241009263,410200
2018-10-17,8.316051483154297,8.389568353682323,8.298753832649487,8.346322990165243,319600
2018-10-18,8.255509376525879,8.372271623404757,8.242535518593739,8.311727777891564,255600
2018-10-19,8.229564666748047,8.30308156484227,8.220915425834136,8.2425377032819,317200
2018-10-22,8.251185417175293,8.32037768200737,8.242536177862068,8.242536177862068,317400
2018-10-23,8.134422302246094,8.259833784538193,8.11280003108245,8.216588417374131,514400
2018-10-24,8.19063949584961,8.311725504077263,8.143069521282134,8.143069521282134,487900
2018-10-25,8.298750877380371,8.320373139020655,8.173339450324784,8.203610946555743,387500
2018-10-26,8.23388671875,8.316052007290718,8.121449096453656,8.251184370345031,479300
2018-10-29,8.272808074951172,8.372272682000359,8.225238906192237,8.246861180642943,351600
2018-10-30,8.337676048278809,8.372272180228645,8.264159164780803,8.281456818337295,368200
2018-10-31,8.350648880004883,8.445788859190513,8.324701987880088,8.324701987880088,612800
2018-11-01,8.320378303527832,8.385245953548818,8.285782168527511,8.359299058507808,272000
2018-11-02,8.834994316101074,8.85229196684164,8.519304560346132,8.64471520893456,1084000
2018-11-05,8.93878173828125,9.042570106125677,8.839317988868252,8.878238729914491,972300
2018-11-06,8.869590759277344,8.982028380036262,8.865266140228531,8.969054522889822,559600
2018-11-07,8.98202896118164,8.986353580510261,8.765802943771414,8.899862843611452,618600
2018-11-08,8.98635482788086,8.999327862830674,8.904188698905422,8.999327862830674,399700
2018-11-09,8.995003700256348,9.007977560702734,8.899864531493705,8.990679904944505,361300
2018-11-12,8.925808906555176,9.046895762010971,8.891212779973053,9.00797501650149,288500
2018-11-13,8.95608139038086,9.007975998328675,8.899862987871137,8.951757595818952,314700
2018-11-14,8.97337818145752,9.007974305308228,8.908510552342024,8.97770280004344,343100
2018-11-15,8.908510208129883,8.943106330643845,8.830668726264312,8.930132475387376,313900
2018-11-16,8.891213417053223,8.899862655527675,8.80472350681903,8.882565003415548,432200
2018-11-19,8.865264892578125,8.934457137947902,8.839318006773615,8.899861015263014,262500
2018-11-20,8.783101081848145,8.882565682232002,8.77012804798183,8.843644930959371,268100
2018-11-21,8.869590759277344,8.904186886831107,8.722557010964662,8.783100027974562,232800
2018-11-23,8.969053268432617,8.990676360652369,8.847966426511892,8.847966426511892,166200
2018-11-26,8.964730262756348,9.01230024936108,8.925809514595525,9.01230024936108,270600
2018-11-27,8.947432518005371,8.999326298457637,8.917161008602086,8.973379408231503,403500
2018-11-28,9.029596328735352,9.051219421079054,8.895536455550927,8.930132578464217,320900
2018-11-29,9.042570114135742,9.077166236781197,8.977702487280093,8.999324754619767,239900
2018-11-30,9.103114128112793,9.116087984851704,8.990677335722438,9.025273462189482,443100
2018-12-03,9.133389472961426,9.163660990499928,9.06419637236872,9.146362509142504,432800
2018-12-04,9.029596328735352,9.159332408287668,9.012298679697022,9.124736285374377,448000
2018-12-06,9.185279846191406,9.185279846191406,8.943106971246609,8.995000746316439,485200
2018-12-07,9.206903457641602,9.2328503466358,9.155008854816476,9.20257883866978,564300
2018-12-10,8.990678787231445,9.211228613542788,8.98202954800912,9.206904818768477,436800
2018-12-11,8.943107604980469,9.068518257650078,8.943107604980469,9.051220606346604,404300
2018-12-12,8.895538330078125,9.01230057882914,8.882565296774773,8.990678306765682,374600
2018-12-13,8.878238677978516,8.925807830772715,8.86094020435399,8.895536326766418,298900
2018-12-14,8.925808906555176,8.99067736562879,8.852292034463574,8.886888161045697,287400
2018-12-17,8.437137603759766,8.895536437647442,8.40686609937614,8.895536437647442,1003100
2018-12-18,8.484708786010742,8.601470201654298,8.437138801036527,8.484708786010742,556500
2018-12-19,8.324701309204102,8.514980427225916,8.320376690063064,8.51065580808488,533300
2018-12-20,8.039281845092773,8.346322334763718,7.965764980337716,8.32037544862565,784900
2018-12-21,7.961440086364746,8.199288321546529,7.913870109393746,8.043606185268308,2162600
2018-12-24,7.861977577209473,7.9873882296540115,7.732241480900901,7.9571167212997,387100
2018-12-26,8.272808074951172,8.277132694808692,7.870628326244493,7.8922506006952,569000
2018-12-27,8.281457901000977,8.290107141328393,8.060907221673604,8.21659024821927,589100
2018-12-28,8.387856483459473,8.43662336131366,8.285890143937259,8.294756157155131,464400
2018-12-31,8.25485610961914,8.423322181183156,8.201655807994126,8.410021894379376,456300
2019-01-02,8.352389335632324,8.383422493796445,8.152889253734203,8.201656128329331,320800
2019-01-03,8.361255645751953,8.463221971775736,8.334655072849161,8.35238878811769,305700
2019-01-04,8.498689651489258,8.551889958557805,8.352389864038496,8.410022754905077,304900
2019-01-07,8.489825248718262,8.578492170952728,8.445491787601028,8.50755897140133,554400
2019-01-08,8.516423225402832,8.543023803924708,8.441057456361643,8.494256922224865,352000
2019-01-09,8.582923889160156,8.596223332928517,8.498690414402704,8.569623599801526,727000
2019-01-10,8.582923889160156,8.613957052073356,8.538590436888326,8.582923889160156,331900
2019-01-11,8.605088233947754,8.622821949056329,8.556321362989252,8.578488506874969,274000
2019-01-14,8.5784912109375,8.65385783272542,8.56519092041363,8.596224086045652,238000
2019-01-15,8.534156799316406,8.600656553309912,8.507557066837053,8.600656553309912,214900
2019-01-16,8.627256393432617,8.627256393432617,8.556323208875801,8.556323208875801,278700
2019-01-17,8.613954544067383,8.636120840954309,8.578487961694286,8.63168741245892,226000
2019-01-18,8.605088233947754,8.671587974424753,8.565188220543538,8.636121389797681,210100
2019-01-22,8.596221923828125,8.613955640066038,8.538589037235168,8.600655352887603,285000
2019-01-23,8.65385627746582,8.680456008142752,8.587356527978397,8.605089399899619,219400
2019-01-24,8.738088607788086,8.746955466248417,8.636122272264762,8.658289418415592,297800
2019-01-25,8.848923683166504,8.853357113339275,8.755824186309365,8.764691046654905,290700
2019-01-28,8.826754570007324,8.85778772575439,8.795721414260258,8.835621427532221,260000
2019-01-29,8.8223237991333,8.844490949623808,8.76912432913674,8.8223237991333,292600
2019-01-30,8.871088981628418,8.906555570014337,8.769122645717673,8.817888676254457,308500
2019-01-31,8.97305679321289,8.97305679321289,8.826756986362312,8.840057276290658,584000
2019-02-01,8.964190483093262,9.004090509735324,8.915424441545465,8.9774907738374,271600
2019-02-04,9.075021743774414,9.075021743774414,8.942022247401004,8.977488836139926,326300
2019-02-05,9.066156387329102,9.083889260187641,9.008522647960813,9.061722957716906,303800
2019-02-06,9.04842472076416,9.06615844323436,8.98192495268177,9.05285815138171,259700
2019-02-07,8.964190483093262,9.039557106129338,8.942024177443386,9.035123675881291,309100
2019-02-08,9.451852798461914,9.45628622682472,9.230186453861625,9.30998647321213,793600
2019-02-11,9.451852798461914,9.491752808137166,9.411952788786662,9.451852798461914,441000
2019-02-12,9.10162353515625,9.212456745467303,9.079456385739865,9.163689862341547,7943400
2019-02-13,9.0883207321167,9.132654173098693,9.079453874802288,9.114920458469873,1176200
2019-02-14,8.866655349731445,9.083888304329047,8.844489049593175,9.066155433336462,2045800
2019-02-15,8.857789993286133,8.928723180463557,8.844490549184297,8.884390572670386,1029600
2019-02-19,8.910988807678223,8.95532225360501,8.813455057521262,8.844489061583117,881300
2019-02-20,8.782422065734863,8.888821830624469,8.773556052853353,8.879955817742959,810500
2019-02-21,8.844491004943848,8.844491004943848,8.751390663482056,8.769124383985382,804800
2019-02-22,8.93758773803711,8.97305432249003,8.85335428286514,8.879954855397388,759200
2019-02-25,9.021822929382324,9.066156379877592,8.995223197321259,9.052856091051941,705500
2019-02-26,9.030689239501953,9.070588412372425,8.986355791702314,9.048422111267698,499400
2019-02-27,9.052852630615234,9.057286058529115,8.96418576351745,9.021819480807984,413900
2019-02-28,9.035120964050293,9.119354422300354,9.02182152288825,9.066154966471972,800900
2019-03-01,9.052852630615234,9.097186064164125,8.955319753279603,9.066152914356875,819700
2019-03-04,9.04842472076416,9.07059102826148,8.99965782956154,9.06615844323436,376900
2019-03-05,9.057290077209473,9.06615693697142,9.008523194109046,9.048423217447525,352500
2019-03-06,9.00408935546875,9.079455968843309,8.973056193301034,9.043989376995885,404300
2019-03-07,9.012956619262695,9.048423212701598,8.990790315459739,9.048423212701598,322000
2019-03-08,9.061724662780762,9.075024108529545,8.977491175480083,9.00852434301444,367200
2019-03-11,9.1991548538208,9.1991548538208,9.075021375477274,9.097188521033337,467000
2019-03-12,9.13265323638916,9.199152968246441,9.106053512764241,9.199152968246441,611800
2019-03-13,9.23462200164795,9.25678830295933,9.132655662671283,9.137089092051598,357200
2019-03-14,9.172557830810547,9.2257573046596,9.172557830810547,9.203590998154226,279500
2019-03-15,9.190288543701172,9.20358883182803,9.141522511749743,9.185855114325552,712100
2019-03-18,9.203588485717773,9.230188215380988,9.13265530955576,9.145954751592289,447300
2019-03-19,9.119357109069824,9.225756897664485,9.10162423376589,9.225756897664485,308700
2019-03-20,9.145955085754395,9.199155392614742,9.083888765742481,9.123788784490195,578100
2019-03-21,9.216889381408691,9.287822562250366,9.159255643480947,9.159255643480947,588800
2019-03-22,9.052852630615234,9.234618947134768,9.043985774787473,9.199152369413637,602300
2019-03-25,9.057290077209473,9.119356404362534,9.021823483751968,9.057290077209473,292000
2019-03-26,9.083888053894043,9.123788069515037,9.066155183390336,9.092754911940958,360500
2019-03-27,9.168120384216309,9.17698724117041,9.083886934332382,9.17255381269336,506900
2019-03-28,9.212456703186035,9.225756147184537,9.163689820284098,9.18585612400846,1351700
2019-03-29,9.18142032623291,9.239054053996815,9.092754288612387,9.239054053996815,535700
2019-04-01,9.243489265441895,9.265655567724565,9.185855526562584,9.194722385711744,382500
2019-04-02,9.270088195800781,9.278955054183307,9.190288161538367,9.261221337418256,389400
2019-04-03,9.30998706817627,9.336586794462987,9.261220198658911,9.30555363953014,517300
2019-04-04,9.394222259521484,9.394222259521484,9.301121931906184,9.332155092581214,425900
2019-04-05,9.407520294189453,9.429687438203732,9.367620280553831,9.398654282173823,559600
2019-04-08,9.451852798461914,9.46515308355033,9.376486207474215,9.407519360423857,549200
2019-04-09,9.451852798461914,9.482885951411554,9.420819645512273,9.442985941736303,645900
2019-04-10,9.465155601501465,9.496188762706646,9.442988453790461,9.451855312874862,858900
2019-04-11,9.474021911621094,9.474021911621094,9.429688464358177,9.465155053050475,504300
2019-04-12,9.483086585998535,9.532950128478088,9.374294109811482,9.514817616810708,679900
2019-04-15,9.451356887817383,9.51481895838981,9.433224373593337,9.483087923103596,240800
2019-04-16,9.451356887817383,9.474021665991573,9.44229063070536,9.460423144929406,205300
2019-04-17,9.42416000366211,9.492155210168415,9.406027487470583,9.460424171439204,438600
2019-04-18,9.428693771362305,9.464957944921155,9.40602898711531,9.40602898711531,384700
2019-04-22,9.437758445739746,9.446824703758217,9.374296368822357,9.428692187721277,385800
2019-04-23,9.474021911621094,9.523885462424147,9.446824004185741,9.446824004185741,548400
2019-04-24,9.514819145202637,9.52841853113768,9.474021852003391,9.474021852003391,330600
2019-04-25,9.47855281829834,9.5148169745796,9.437755534406211,9.483085945909208,365300
2019-04-26,9.551081657409668,9.582812687829383,9.4740202129879,9.4740202129879,292800
2019-04-29,9.551081657409668,9.59187894355094,9.542015401688111,9.555614785270446,282800
2019-04-30,9.519350051879883,9.560147335556394,9.492152150964102,9.537482562227524,435400
2019-05-01,9.519350051879883,9.551081080382573,9.487619023377192,9.537482562227524,776700
2019-05-02,9.464953422546387,9.537482599615592,9.442288649128669,9.51935008919687,315700
2019-05-03,9.736939430236816,9.836666553431227,9.542019178108914,9.610015258325495,1145100
2019-05-06,9.895591735839844,9.931855894642418,9.68253991095044,9.709737813900935,732000
2019-05-07,9.433222770690918,9.514817341622763,9.360694455330549,9.383360094259238,9739300
2019-05-08,9.469486236572266,9.569213311361443,9.4241566912379,9.442288336450517,1564100
2019-05-09,9.433222770690918,9.45135528183387,9.328963425436102,9.42415737972516,1624400
2019-05-10,9.528417587280273,9.546549235458379,9.406025719806317,9.4286904961804,936200
2019-05-13,9.410557746887207,9.505750834046909,9.3878921085594,9.44228877594044,988200
2019-05-14,9.496686935424805,9.505752327574571,9.415092353836089,9.446823387874849,696600
2019-05-15,9.464953422546387,9.510283833987508,9.446821776733348,9.469486550151068,588400
2019-05-16,9.619077682495117,9.62814393900499,9.492153549780115,9.492153549780115,851800
2019-05-17,9.573749542236328,9.619079102264692,9.569216413312304,9.605480580098558,840000
2019-05-20,9.551081657409668,9.614543718249099,9.537483138433066,9.57374729671356,540700
2019-05-21,9.587347030639648,9.600946415945357,9.532951218628504,9.582813902204412,391600
2019-05-22,9.619077682495117,9.66440810043868,9.610012290591051,9.64627645202474,731900
2019-05-23,9.582815170288086,9.605480815463586,9.532952480113902,9.569216647788744,482900
2019-05-24,9.709738731384277,9.714271859738657,9.659875184091925,9.673474569155065,1008900
2019-05-28,9.673476219177246,9.759603943389772,9.664409960922038,9.709740387592102,593800
2019-05-29,9.664407730102539,9.709738146309057,9.63267669813971,9.673473986264998,905200
2019-05-30,9.483086585998535,9.682539891311006,9.451355555186362,9.668940507560471,785100
2019-05-31,9.428693771362305,9.455892549986016,9.270038552421141,9.392429597803453,1025600
2019-06-03,9.59188175201416,9.60548113957834,9.42869255966795,9.45589133479631,681000
2019-06-04,9.60547924041748,9.655341922415497,9.537484045252322,9.64627653043774,569300
2019-06-05,9.546550750732422,9.632678470914971,9.505753455098896,9.610013690943427,526300
2019-06-06,9.59188175201416,9.628145920912653,9.505754026652994,9.542018195551487,627400
2019-06-07,9.705208778381348,9.759605471825598,9.614547910842969,9.646279819705677,1985100
2019-06-10,9.827597618103027,9.841196138758656,9.68254096707072,9.759602421007363,1470400
2019-06-11,9.80040168762207,9.859330639754878,9.768669782282544,9.859330639754878,988800
2019-06-12,9.79133129119873,9.836661700778553,9.777731908943089,9.823062318522911,808600
2019-06-13,9.863862991333008,9.891060900587775,9.782268398962763,9.823065695147886,688900
2019-06-14,9.913725852966309,9.936390631661082,9.841196659010084,9.87746168829114,630200
2019-06-17,9.850262641906738,9.945456611905676,9.836664120911077,9.922790969236472,680100
2019-06-18,9.859330177307129,9.927325384919087,9.827599138061947,9.89106121655231,654000
2019-06-19,9.968121528625488,9.968121528625488,9.841196521729998,9.913725714674474,629700
2019-06-20,9.904661178588867,9.968123260761322,9.900128049204259,9.968123260761322,659400
2019-06-21,9.746002197265625,9.891058835818237,9.746002197265625,9.881992579757258,1134800
2019-06-24,9.79133129119873,9.827595445941459,9.746000881618908,9.746000881618908,616900
2019-06-25,9.727869987487793,9.823063949875195,9.718804595750825,9.791332917281325,657400
2019-06-26,9.777732849121094,9.84119490987165,9.750534946600245,9.759601202309105,628900
2019-06-27,9.8547945022583,9.8547945022583,9.791332440162982,9.800398696063956,991700
2019-06-28,9.895591735839844,10.0361152431241,9.86839383288935,9.86839383288935,3093400
2019-07-01,9.891057014465332,9.963585320386175,9.859325988700663,9.963585320386175,748700
2019-07-02,9.8547945022583,9.931855948205083,9.804930959408692,9.900124917157424,740500
2019-07-03,9.904661178588867,9.927325960905879,9.832132837647197,9.832132837647197,337600
2019-07-05,10.045184135437012,10.045184135437012,9.863863293834642,9.904660591270922,699700
2019-07-08,10.076912879943848,10.104111648445025,10.008917687902457,10.063314360299035,823000
2019-07-09,10.108646392822266,10.113179522018331,10.004387015130712,10.058783700877516,874100
2019-07-10,10.140375137329102,10.253700738099136,10.108643242844689,10.153973656073846,862100
2019-07-11,10.190239906311035,10.212905549882883,10.135844090950393,10.158508869916345,902900
2019-07-12,10.218015670776367,10.250424279229188,10.143938599150392,10.167087352882877,884800
2019-07-15,10.236538887023926,10.26431757763293,10.208759313346269,10.245797861847826,417800
2019-07-16,10.231908798217773,10.282836249693833,10.199500179168833,10.222648940469893,515700
2019-07-17,10.292094230651855,10.31987379882982,10.213387220284583,10.227277004373564,714800
2019-07-18,10.236538887023926,10.292096268241936,10.213389242292545,10.255057719740378,517500
2019-07-19,10.13468074798584,10.245796377391589,10.12542177450342,10.2319074756337,705900
2019-07-22,10.16709041595459,10.194869988484834,10.102273179521253,10.125422823296455,413200
2019-07-23,10.19949722290039,10.208756194895969,10.116160293461503,10.171717657708506,464600
2019-07-24,10.208758354187012,10.222648139720832,10.120792361678525,10.185609594699214,642900
2019-07-25,10.1856107711792,10.255057940732595,10.143942292833426,10.231909178571021,670100
2019-07-26,10.259687423706055,10.259687423706055,10.190240257172094,10.20413004370634,535300
2019-07-29,10.255057334899902,10.310615597101636,10.222648716560816,10.255057334899902,736600
2019-07-30,10.2828369140625,10.33839518107073,10.241169317642198,10.268948009611965,753000
2019-07-31,10.19949722290039,10.305982906930797,10.148568903116985,10.259684514679373,919300
2019-08-01,10.093010902404785,10.227276154907589,10.079122002537877,10.19023761681516,713200
2019-08-02,10.157830238342285,10.227277395304812,9.764295171463285,9.991156355177411,1206400
2019-08-05,10.046713829040527,10.13930973676456,9.93559732686218,10.088382296590297,1110700
2019-08-06,10.079123497009277,10.120791968925158,10.046714881756602,10.088383353672482,982500
2019-08-07,10.213388442993164,10.241168014496793,10.037455572146428,10.069864189165413,1223900
2019-08-08,10.407840728759766,10.458769058649382,10.21801807762209,10.236537791425063,956700
2019-08-09,10.176349639892578,10.236537826892219,9.981897059630429,9.986526988097213,10031300
2019-08-12,10.287464141845703,10.287464141845703,10.134680051528585,10.134680051528585,1887500
2019-08-13,10.157830238342285,10.338393023058558,10.157830238342285,10.245796225062847,1397000
2019-08-14,10.037455558776855,10.139311338282077,9.986527227489953,10.097642864150718,1643600
2019-08-15,9.99578857421875,10.116164085973427,9.99578857421875,10.051345959294007,999000
2019-08-16,10.10227108001709,10.13467969149844,10.000415317780215,10.028194001468737,1396100
2019-08-19,10.208758354187012,10.236537925254652,9.995786941079851,10.204129308744308,970100
2019-08-20,10.268945693969727,10.273575622098758,10.17634889752611,10.208757511360826,1470800
2019-08-21,10.273575782775879,10.296724540714578,10.231907312031412,10.268945854574438,739800
2019-08-22,10.273575782775879,10.315244253520346,10.268945854574438,10.30135446891602,604700
2019-08-23,10.222647666931152,10.296724753548379,10.222647666931152,10.241167380119723,769900
2019-08-26,10.278206825256348,10.315245371814788,10.241168278697906,10.259687110442824,603000
2019-08-27,10.143942832946777,10.315246684496975,10.120794069552648,10.301356896619266,865600
2019-08-28,10.157830238342285,10.17634906810032,10.09764205472452,10.130050669102465,488200
2019-08-29,10.097640991210938,10.213386534980653,10.065232380246364,10.199497634892076,926500
2019-08-30,10.074494361877441,10.134681668789948,10.060604575789045,10.106902979681761,792300
2019-09-03,10.046713829040527,10.060602729511489,9.977265794411949,10.05597280166502,701800
2019-09-04,10.088383674621582,10.111532433947504,10.065234032227096,10.097642648510812,682900
2019-09-05,10.157830238342285,10.180978996306957,10.09764205472452,10.13931052551574,754800
2019-09-06,10.162460327148438,10.204128798598152,10.153200470588828,10.180979157199129,700800
2019-09-09,10.194870948791504,10.23653942844322,10.180981161218032,10.180981161218032,764100
2019-09-10,10.241168022155762,10.287465541892601,10.199499547937739,10.208758522043956,1208500
2019-09-11,10.338393211364746,10.34765306794668,10.255056268264388,10.255056268264388,762000
2019-09-12,10.29672622680664,10.375433252982432,10.282836439927857,10.347654562293522,672400
2019-09-13,10.190238952636719,10.329133267923648,10.190238952636719,10.305984509732,634300
2019-09-16,10.125422477722168,10.18560978334631,10.088383932014562,10.162461023429776,671400
2019-09-17,10.162460327148438,10.190239013758738,10.074493455969206,10.102272142579507,589200
2019-09-18,10.204127311706543,10.222646139058769,10.143939135907916,10.157828918723382,833100
2019-09-19,10.255057334899902,10.329134429123133,10.218018787788285,10.218018787788285,611700
2019-09-20,10.25042724609375,10.301355578727842,10.20412972522851,10.23653834306162,3779600
2019-09-23,10.292094230651855,10.352282411968966,10.25042576145339,10.25042576145339,775100
2019-09-24,10.2828369140625,10.347655039416884,10.2828369140625,10.296726701581731,858100
2019-09-25,10.356912612915039,10.41246998459801,10.278205600473747,10.278205600473747,756600
2019-09-26,10.347652435302734,10.393950832313248,10.347652435302734,10.370801192273754,454600
2019-09-27,10.301352500915527,10.380059499166604,10.26894389276538,10.35691074565031,471700
2019-09-30,10.292094230651855,10.343022555909645,10.241166788462545,10.301354086711177,924800
2019-10-01,10.264315605163574,10.352282472101132,10.222647135723072,10.301354146547522,703800
2019-10-02,10.278206825256348,10.287465799594502,10.162461256877643,10.204129732139466,777500
2019-10-03,10.319875717163086,10.34302447854597,10.213389118823349,10.26894738243837,1176400
2019-10-04,10.454142570495605,10.454142570495605,10.31061827356517,10.319878133513933,1070200
2019-10-07,10.509695053100586,10.528213879719791,10.444876952262458,10.454136807106241,788600
2019-10-08,10.398579597473145,10.518955073234322,10.356912012660093,10.509696100536116,760100
2019-10-09,10.384693145751953,10.45877024321675,10.366173429851425,10.426361623459483,989500
2019-10-10,10.498186111450195,10.531288354637327,10.370505257469699,10.408336521393348,757800
2019-10-11,10.578577041625977,10.65896858551022,10.564389980245783,10.616408303338066,719100
2019-10-14,10.54074764251709,10.606952136719807,10.512373514742851,10.583307030241276,395100
2019-10-15,10.61168098449707,10.682614498835614,10.550204610626713,10.583306857186795,556000
2019-10-16,10.61168098449707,10.649512252275532,10.602222942060312,10.602222942060312,439700
2019-10-17,10.68261432647705,10.68261432647705,10.625866974740664,10.654241101593135,495200
2019-10-18,10.640050888061523,10.677882144029233,10.635321868319524,10.640050888061523,436700
2019-10-21,10.77246379852295,10.791378980901964,10.687343222896017,10.687343222896017,475700
2019-10-22,10.800836563110352,10.824480765569342,10.753547256223861,10.753547256223861,347500
2019-10-23,10.89068603515625,10.900143174853808,10.800836443265728,10.800836443265728,621100
2019-10-24,10.71098518371582,10.890684339518392,10.696799025393966,10.890684339518392,776400
2019-10-25,10.68734359741211,10.758277112264091,10.6826145761595,10.68734359741211,405400
2019-10-28,10.677887916564941,10.76300851400111,10.677887916564941,10.706261148387405,543300
2019-10-29,10.763004302978516,10.772462343875139,10.668425697949122,10.668425697949122,446800
2019-10-30,10.763004302978516,10.777191364323452,10.673154718397434,10.758275282530203,475100
2019-10-31,10.824481010437012,10.824481010437012,10.701529170538167,10.758276520479376,709600
2019-11-01,10.871772766113281,11.042013952297248,10.79611021713568,10.900145996487698,937300
2019-11-04,10.720444679260254,10.989992547588148,10.696800477535115,10.985263526849424,1174200
2019-11-05,10.66369915008545,10.781921982800228,10.640054944329947,10.729904549744395,1378500
2019-11-06,10.68734359741211,10.696801639917329,10.630596244349377,10.658970371865033,891200
2019-11-07,10.692070960998535,10.748817403294893,10.67315487892079,10.734631243705023,625700
2019-11-08,10.73462963104248,10.781918025195834,10.692069354729819,10.692069354729819,817800
2019-11-11,10.720444679260254,10.781920144926703,10.696800477535115,10.758275943201564,505400
2019-11-12,10.706254959106445,10.777189350608632,10.69679782194531,10.758273272349847,672300
2019-11-13,10.739359855651855,10.744088876388556,10.663697327801607,10.668426348538308,543900
2019-11-14,10.696800231933594,10.791377938631099,10.663697087522586,10.720444433115857,629700
2019-11-15,10.715716361999512,10.767734691571954,10.68261411662379,10.729903425147052,481800
2019-11-18,10.715716361999512,10.781920852750956,10.66842705347625,10.696801179771331,823800
2019-11-19,10.71098518371582,10.753545462618094,10.687340985200493,10.72517224400603,601000
2019-11-20,10.71098518371582,10.729901264102768,10.625864625911271,10.682611965103757,769700
2019-11-21,10.763004302978516,10.763004302978516,10.649510518124298,10.725173041360444,470100
2019-11-22,10.720444679260254,10.772463005417734,10.701528596305359,10.767733984679012,375200
2019-11-25,10.77246379852295,10.800837023075745,10.706258405275031,10.710987426361921,580400
2019-11-26,10.810293197631836,10.815022217901726,10.758274876631425,10.767732917171207,492900
2019-11-27,10.871772766113281,10.876501788170472,10.810297283307255,10.824483447510097,303600
2019-11-29,10.919058799743652,10.919058799743652,10.848125294163419,10.871769495367344,356200
2019-12-02,10.77246379852295,10.914330823255472,10.748818693088497,10.909601802168583,692400
2019-12-03,10.744091033935547,10.76773614236728,10.677886534264013,10.763007120680934,607700
2019-12-04,10.767733573913574,10.786648754178417,10.734631331973764,10.753546512238607,497900
2019-12-05,10.753545761108398,10.800835061420038,10.640051981541495,10.772461842020407,802600
2019-12-06,10.815023422241211,10.867040847065788,10.753547053855133,10.786649297462178,689900
2019-12-09,10.791377067565918,10.838666368081771,10.772461888540608,10.772461888540608,1100500
2019-12-10,10.758275985717773,10.824480472384584,10.729902763141782,10.800836270566004,772100
2019-12-11,10.502915382385254,10.602223024809154,10.469813135566813,10.484000199332678,11399400
2019-12-12,10.46508502960205,10.602223952094038,10.460356909901813,10.512374344322344,1528800
2019-12-13,10.526559829711914,10.545475011580423,10.460355340219353,10.474541501128604,1336000
2019-12-16,10.54074764251709,10.597494094128395,10.54074764251709,10.54074764251709,1295100
2019-12-17,10.68261432647705,10.70152950907681,10.554933461546595,10.583306686430511,1258500
2019-12-18,10.597491264343262,10.729901119360665,10.536015807851676,10.729901119360665,1297200
2019-12-19,10.66369915008545,10.710988463565087,10.597494652395136,10.597494652395136,1133400
2019-12-20,10.677887916564941,10.73936340250841,10.654243707041019,10.715719192984485,3393600
2019-12-23,10.715716361999512,10.753547628424414,10.67788509557461,10.710987340950332,1522000
2019-12-24,10.843395233154297,10.852853273515795,10.73935859311457,10.758274673837565,668100
2019-12-26,10.947432518005371,10.95689055970321,10.829209702687887,10.843396765234646,969100
2019-12-27,10.985262870788574,11.008907973070063,10.933245449706153,10.94743160910662,2894100
2019-12-30,10.748760223388672,11.038354300703183,10.714974416477581,11.028700949987387,1755600
2019-12-31,10.758416175842285,10.787375314398748,10.695670301609796,10.710150331185236,1124200
2020-01-02,10.724627494812012,10.787373357662945,10.628096743602171,10.772893330714057,1112200
2020-01-03,10.816330909729004,10.825984259617043,10.690840122966863,10.690840122966863,980800
2020-01-06,10.83081340789795,10.835640083944194,10.75841510839294,10.772894215937347,953300
2020-01-07,10.80185317993164,10.854945695002126,10.75841493739452,10.854945695002126,1115800
2020-01-08,10.83081340789795,10.845292515442356,10.777720891983591,10.801853351620487,1125900
2020-01-09,10.92734146118164,10.961127264544889,10.845289829901994,10.86459652930619,941400
2020-01-10,10.96595573425293,10.970782409893987,10.898384116466621,10.932169925359776,553100
2020-01-13,11.004570007324219,11.004570007324219,10.936998378555712,10.980437545791009,553500
2020-01-14,11.091448783874512,11.091448783874512,10.965957953592367,10.990091336681877,744200
2020-01-15,11.076969146728516,11.125234069418541,11.043182412013351,11.096274931685647,600900
2020-01-16,11.144540786743164,11.159020815922103,11.086621590621803,11.130060757564227,491500
2020-01-17,11.183154106140137,11.183154106140137,11.115582472819087,11.139714935978187,679500
2020-01-21,11.183154106140137,11.212113246049949,11.105929119317663,11.197634136392272,1264100
2020-01-22,11.202457427978516,11.241070833489163,11.173498294439788,11.207284103667346,1066000
2020-01-23,11.226592063903809,11.236245416362735,11.163846193515154,11.216938711444884,935200
2020-01-24,11.192806243896484,11.270031222330902,11.139713725999936,11.250724517425118,698600
2020-01-27,11.207284927368164,11.231418307586047,11.062488328438166,11.101100816192453,719800
2020-01-28,11.294164657592773,11.308644687521786,11.212112995850578,11.221766349136587,982400
2020-01-29,11.318297386169434,11.332776494666552,11.255551514033971,11.318297386169434,620700
2020-01-30,11.318297386169434,11.34242984739422,11.284510651622593,11.34242984739422,518000
2020-01-31,11.22176456451416,11.366561158399206,11.197632105731417,11.303816213207497,946800
2020-02-03,11.245899200439453,11.323124188207705,11.2217667369848,11.226593413794625,1000600
2020-02-04,11.255548477172852,11.323120086846258,11.2169359972746,11.294160957071103,506800
2020-02-05,11.37138843536377,11.38104178762486,11.284510106202655,11.284510106202655,475000
2020-02-06,11.347257614135742,11.443788388905084,11.347257614135742,11.381043431334735,689000
2020-02-07,11.376214981079102,11.482400013545103,11.352082521297373,11.405174116936042,844300
2020-02-10,11.327948570251465,11.42930692153611,11.270030301455341,11.39552111130599,826500
2020-02-11,11.236248016357422,11.34243215619284,11.1783288087961,11.327952124153867,761900
2020-02-12,11.303817749023438,11.395522761927277,11.2121127361196,11.270031933899501,907800
2020-02-13,11.30864429473877,11.424481768364176,11.298990941788052,11.298990941788052,625800
2020-02-14,11.35208511352539,11.37139090164035,11.284512553636683,11.289339230814058,470200
2020-02-18,11.327948570251465,11.385867759641874,11.30381611168546,11.352081949411755,489300
2020-02-19,11.32312297821045,11.376215496850543,11.313470546216736,11.34725635968066,430700
2020-02-20,11.332773208618164,11.356906583439628,11.289334054533647,11.318294104319405,558700
2020-02-21,11.265202522277832,11.34242748683856,11.20245666320087,11.3279474607606,680900
2020-02-24,11.086621284484863,11.173499615970723,11.048008795001634,11.130060450227793,834700
2020-02-25,10.797026634216309,11.110753184516353,10.676362505593657,11.105926508900138,1459400
2020-02-26,10.748760223388672,10.941822634733615,10.72945352195708,10.782546030299763,1503000
2020-02-27,10.352986335754395,10.657059644424036,10.198535422147012,10.623273823526807,2475100
2020-02-28,9.990989685058594,10.140612938800166,9.662783125423513,10.140612938800166,3551800
2020-03-02,10.719802856445312,10.768068701520212,10.048910463746939,10.077869602554108,2403300
2020-03-03,10.425379753112793,10.753586294246555,10.266103157632484,10.724626243727123,1855200
2020-03-04,10.695670127868652,10.729455942401442,10.52191345816356,10.570179302036575,1179400
2020-03-05,10.401248931884766,10.565352242750025,10.309544844502813,10.521913076897787,963900
2020-03-06,10.352986335754395,10.454343798446084,10.09235128209935,10.155097167132412,1401300
2020-03-09,9.590386390686035,10.02960379297801,9.561426333840117,9.754488776507852,1569700
2020-03-10,9.546947479248047,9.904113237805905,9.20426082890287,9.831714934959404,1779000
2020-03-11,9.122209548950195,9.460069536931256,9.035331213721099,9.358711172299175,1612500
2020-03-12,7.341207027435303,8.509235595535614,6.906816264274695,8.42235817937903,2575300
2020-03-13,7.23984956741333,7.944527816756212,6.757192929585775,7.838343687848162,2422900
2020-03-16,5.251303195953369,6.848896081181052,5.251303195953369,6.675139892967217,3075100
2020-03-17,4.199111461639404,5.4154060636534,3.6730160326770047,5.309221504676676,7088300
2020-03-18,2.7414889335632324,3.9143441869584503,1.6892978094117082,3.832292772397531,6029200
2020-03-19,3.397902727127075,3.95778435586946,2.3070988404239516,2.8669804691663363,6067600
2020-03-20,3.5523529052734375,4.310123906619598,3.5089137343874466,3.9336513991391713,5227000
2020-03-23,3.0455636978149414,3.5620064409240912,2.9200730776170354,3.5620064409240912,3069200
2020-03-24,2.7607955932617188,3.180707001433145,2.6690910437015485,3.1324411583190384,4542000
2020-03-25,4.985843181610107,5.154773194039934,3.0359103246616,3.0359103246616,6360800
2020-03-26,6.202136993408203,7.109530923090974,5.42023295947131,5.434712987716295,7874400
2020-03-27,5.396101951599121,6.153872809022885,5.371969024994476,6.038035313677333,3148900
2020-03-30,4.768646240234375,5.468498068038127,4.633502550109504,5.1885573369166265,2524400
2020-03-31,5.125812530517578,5.241649992605655,4.483879352741369,4.734860980896028,3939300
2020-04-01,4.247377872467041,4.845871903780429,4.1894591397880525,4.75899357461336,2346500
2020-04-02,3.861252784729004,4.459746855890671,3.69232302142683,4.223245233297348,2403700
2020-04-03,3.378596067428589,3.8467728497925986,2.8959394863673618,3.75024162563979,4503500
2020-04-06,3.788853406906128,4.276336342956933,3.634403477138847,3.798506527516583,3368000
2020-04-07,4.155672073364258,4.643155222332878,4.083273786419133,4.1701520989909495,3451400
2020-04-08,4.758993148803711,4.9086168733931,4.377694514227418,4.464572835621071,2804400
2020-04-09,5.101680755615234,5.791879927618192,4.773474539385674,5.18373242474694,3667600
2020-04-13,5.058241844177246,5.260957688954309,4.585238513228956,5.188559370232766,1782500
2020-04-14,5.048350811004639,5.483468271810081,4.919793282950483,5.196686384025142,1493400
2020-04-15,4.904961109161377,4.964295259085195,4.534122318478083,4.766514759339135,1391400
2020-04-16,4.628068447113037,4.9544070149139845,4.5143447651345845,4.919795069991272,1365500
2020-04-17,5.132408618927002,5.16702008646815,4.652790345711955,4.895071561591746,2325400
2020-04-20,4.914849758148193,5.082963413908781,4.712124633806035,4.870349500634415,1451000
2020-04-21,5.221411228179932,5.256022703369401,4.66268063623545,4.712125533428122,1848600
2020-04-22,5.132408618927002,5.38952325353216,4.998906435761068,5.345022997356062,1452100
2020-04-23,5.0730743408203125,5.345022858638951,5.038462402631555,5.117575067387381,1022400
2020-04-24,5.068130016326904,5.132408795070704,4.7467365941538,4.949461719359533,1540300
2020-04-27,5.10274076461792,5.260965609781102,4.9099049271582285,5.018683948247244,1326700
2020-04-28,5.260966777801514,5.369745823041251,4.850571863957771,5.053297005549748,1999700
2020-04-29,5.513136863708496,5.661472484089259,5.315356350898105,5.389523925315517,1382300
2020-04-30,5.142298698425293,5.6120283009208904,5.033519638404795,5.493359506691077,1868600
2020-05-01,4.875293731689453,5.018684709928969,4.702235914667085,4.835737632281718,1348300
2020-05-04,4.712123870849609,4.8209033607663985,4.49456536256185,4.677512407872102,1607600
2020-05-05,4.95440673828125,5.176909930436398,4.885183323846921,4.91485016464311,2253200
2020-05-06,4.806070327758789,5.102741044567447,4.786292279971545,5.003850805631227,1367200
2020-05-07,5.028573989868164,5.171964968658433,4.8851830110778955,4.900016430526295,1532900
2020-05-08,4.984072208404541,5.246131430582822,4.7764024937588685,5.1472412025481695,2727600
2020-05-11,4.850571155548096,4.969239444776304,4.6280675238128755,4.964294814838662,1738500
2020-05-12,4.524232864379883,4.870349431463452,4.5093994454192945,4.870349431463452,1880700
2020-05-13,4.108893394470215,4.484676287853795,3.9556131764043774,4.484676287853795,2119800
2020-05-14,4.608291149139404,4.623125044339355,3.9111141073069278,4.103950500991968,1856900
2020-05-15,4.420398235321045,4.603345789413043,4.361064084620631,4.539067008267784,2928500
2020-05-18,4.628068447113037,4.751681390939682,4.51928939605868,4.687402603564312,1301300
2020-05-19,4.6033453941345215,4.771458570910583,4.445120534307239,4.588511504073734,805800
2020-05-20,5.3499674797058105,5.364801370874873,4.717069407748957,4.717069407748957,2026900
2020-05-21,5.325244903564453,5.424135146808155,5.201631981623357,5.320300273515799,1094900
2020-05-22,5.404357433319092,5.419190852839096,5.043407433662357,5.29557792323195,903200
2020-05-26,5.715862274169922,5.8740866787545265,5.542803977996068,5.562582028569144,1365900
2020-05-27,5.874086380004883,5.9581432085518955,5.562581745662287,5.829585650592241,1698300
2020-05-28,5.834529876708984,6.007587680547561,5.626860134866,5.78013989050743,2506600
2020-05-29,5.443913459777832,5.725750784593035,5.345023211732665,5.671361266054667,3232200
2020-06-01,5.656527042388916,5.82464068994775,5.251076813485285,5.414245831046301,1388800
2020-06-02,5.750473499298096,5.879031058307914,5.720806188932022,5.7751961793455076,1071900
2020-06-03,6.259758472442627,6.3141484614569485,5.903753114937363,5.933420424540255,1402100
2020-06-04,6.947045803070068,7.021213362232098,6.141089553937929,6.254813207525819,2779400
2020-06-05,7.199216842651367,7.931005591979767,7.040991980567836,7.416775379640639,2656700
2020-06-08,7.921118259429932,7.990341211362861,7.303053494051666,7.461277923093784,2769200
2020-06-09,7.634334564208984,7.7777255481832785,7.27338502479111,7.461276740265343,3085900
2020-06-10,7.856838703155518,8.405679991679207,7.406887201619976,7.639279662834561,2756100
2020-06-11,7.431610584259033,7.757948703938265,6.833323874331777,7.134939780707909,2580300
2020-06-12,8.183175086975098,8.183175086975098,7.510720958766172,7.955727762406123,2380300
2020-06-15,8.356233596801758,8.499625043436808,7.57499994334414,7.871671153930074,2930100
2020-06-16,8.484790802001953,8.870463454126313,8.222731070586356,8.845740304129516,2017600
2020-06-17,8.346345901489258,8.524348849838038,8.27217832070792,8.524348849838038,944300
2020-06-18,8.138673782348633,8.36612203388116,7.881559167150469,7.9606718279880555,1302800
2020-06-19,8.252399444580078,8.356233852765273,7.822226034589874,8.237565553514274,2827200
2020-06-22,8.237564086914062,8.380955512412264,8.029894364424983,8.326565531279616,2196800
2020-06-23,8.65785026550293,8.692461737147536,8.282066821905163,8.405679759545539,1804100
2020-06-24,8.316678047180176,8.524347813987765,7.876616304006032,8.460069503279344,1814600
2020-06-25,8.84079647064209,8.860574992421475,8.029895939523863,8.138674980034997,1944300
2020-06-26,8.64301586151123,8.796296574131988,8.351289270512774,8.702350483024397,1952600
2020-06-29,8.633125305175781,8.81112819991068,8.39084411128199,8.70234917706806,1473500
2020-06-30,8.667738914489746,8.751795743870352,8.455124525874579,8.524347464273264,2050200
2020-07-01,8.64795970916748,8.929797013889324,8.47490143376706,8.65290433910369,1454300
2020-07-02,8.405678749084473,8.949575797937703,8.376011911682808,8.875408232887661,706600
2020-07-06,8.850686073303223,8.949576799835182,8.618294091972542,8.69246166532558,1209700
2020-07-07,8.534235954284668,8.850684721922475,8.51940206464225,8.732016434058297,1167100
2020-07-08,8.702350616455078,8.811129657289978,8.435346230189646,8.529292322737687,1012600
2020-07-09,8.445235252380371,8.697405740138803,8.425457674193018,8.638071119393135,865500
2020-07-10,8.712239265441895,8.756739050268719,8.267231986256034,8.405678800124054,1232800
2020-07-13,8.59851360321045,8.880350883359482,8.593568973705352,8.761682604512082,1579100
2020-07-14,8.967961311340332,8.983144438178705,8.593452870316465,8.64406232781593,1067700
2020-07-15,9.13497543334961,9.246316476639164,8.952782666204373,9.054000655663838,1051300
2020-07-16,9.256437301635742,9.312106850385927,8.978085696703376,9.018573080019584,740100
2020-07-17,9.30704402923584,9.44368928381561,9.119790279148164,9.246313448508282,734300
2020-07-20,9.428507804870605,9.484178318019334,9.23113193504562,9.266558274214685,724700
2020-07-21,9.398140907287598,9.549969290369955,9.3374103262908,9.484176701445712,838400
2020-07-22,9.605639457702637,9.737223678871949,9.332349894731943,9.347532058327666,583300
2020-07-23,9.50442123413086,9.691674992183806,9.479116020005314,9.484177062830422,761800
2020-07-24,9.291862487792969,9.549969886375578,9.276679358948613,9.463934086848042,621400
2020-07-27,9.565153121948242,9.590458339524941,9.28174144215665,9.28174144215665,2144200
2020-07-28,9.50442123413086,9.65118761487815,9.50442123413086,9.59551710909717,1372300
2020-07-29,9.610700607299805,9.666371115222452,9.549970021652602,9.605639564279995,1122300
2020-07-30,9.539848327636719,9.615762045462892,9.463934609810543,9.463934609810543,636400
2020-07-31,9.539848327636719,9.630945175146245,9.367776719073232,9.463934609810543,937300
2020-08-03,9.676491737365723,9.71697911010386,9.382958043690456,9.474053908379933,909400
2020-08-04,9.661311149597168,9.727102785601025,9.529726912294091,9.676494280349763,1318600
2020-08-05,9.858683586120605,9.863744627940502,9.60563728689598,9.742282520148084,1683500
2020-08-06,10.086426734924316,10.091487777292835,9.818197281163535,9.823258323532055,1122800
2020-08-07,9.053997993469238,9.985208628342336,9.018571659310242,9.985208628342336,2605600
2020-08-10,9.362715721130371,9.51454315751707,9.059059883061678,9.059059883061678,2462900
2020-08-11,9.342472076416016,9.848564846717087,9.276680441006832,9.600579505105005,1415300
2020-08-12,9.1602783203125,9.494299434469392,9.140034148402265,9.479116305536717,980200
2020-08-13,9.018571853637695,9.26655716338934,8.947719183793005,9.099546609258836,1086100
2020-08-14,9.094486236572266,9.226070465477287,8.866745081590551,8.942658799917789,602800
2020-08-17,9.043877601623535,9.190643992859643,8.998329178237606,9.038816558436734,734300
2020-08-18,8.988205909729004,9.180520699057668,8.957840619897144,9.028693284603206,582300
2020-08-19,8.856621742248535,9.05399757503848,8.821195409726768,8.97302282490439,641400
2020-08-20,8.81613540649414,8.937597546014146,8.704795353257953,8.82119644963605,702100
2020-08-21,8.76046371459961,8.831317343726106,8.639001591476521,8.7655247570583,749200
2020-08-24,8.952780723571777,9.033755483687116,8.699734356887518,8.871805963456437,847100
2020-08-25,8.821195602416992,9.033754567485904,8.725037722546604,8.993267191534452,887300
2020-08-26,8.795890808105469,8.912292864143662,8.765525516019313,8.846500271779218,814100
2020-08-27,8.94771957397461,9.008450160691117,8.785770055670227,8.826257435246323,578400
2020-08-28,8.892047882080078,9.079302591016834,8.856621550325997,9.033754174391545,950000
2020-08-31,8.674427032470703,8.897108051306446,8.669365990531816,8.897108051306446,807800
2020-09-01,8.86168384552002,8.892049139131178,8.527662719911442,8.603576436586977,701000
2020-09-02,8.826257705688477,8.871806129769126,8.67949034691854,8.800952489368504,528200
2020-09-03,8.689611434936523,8.912292486487836,8.527661930279274,8.846499896911334,721600
2020-09-04,8.623821258544922,8.851562425719905,8.456809717869772,8.78577079039256,466800
2020-09-08,8.558026313781738,8.74528101199898,8.451747324603504,8.578270482365262,552300
2020-09-09,8.689611434936523,8.735159853783273,8.578271391808462,8.603575639925461,382700
2020-09-10,8.52766227722168,8.800951836125597,8.52766227722168,8.735160209167596,545300
2020-09-11,8.51754093170166,8.598515694362181,8.37077453636521,8.55802831303192,604600
2020-09-14,8.89710807800293,8.907230161911073,8.552964947486437,8.568148073348652,868500
2020-09-15,8.755403518676758,9.013510917254694,8.714916140387782,8.942658246572796,610400
2020-09-16,8.8515625,8.993268824203524,8.77564877697129,8.800953029549072,933000
2020-09-17,8.735160827636719,8.9122934800892,8.664308152773845,8.765526121821479,860700
2020-09-18,8.841440200805664,8.917354887309067,8.669368584576539,8.826258035741255,2670700
2020-09-21,8.471990585327148,8.74022002910675,8.416320086640134,8.694671614780118,926300
2020-09-22,8.65418529510498,8.73009900644985,8.487174744028183,8.517540035507087,644500
2020-09-23,8.122787475585938,8.679489640475165,8.117727398029094,8.659246434362128,1030600
2020-09-24,8.02156925201416,8.30498088539175,7.935533456934064,8.137970337918057,916900
2020-09-25,8.299921989440918,8.30498303343643,8.011449238764712,8.011449238764712,1303400
2020-09-28,8.532723426818848,8.674428768283677,8.421382412473347,8.421382412473347,1492200
2020-09-29,8.173396110534668,8.547904555978468,8.137969779455476,8.522600309577653,566200
2020-09-30,8.132909774780273,8.416321424868942,8.107605525150932,8.193641325304041,843200
2020-10-01,8.239189147949219,8.254371310505102,8.082300205354715,8.148092311433212,654600
2020-10-02,8.482112884521484,8.507417130768252,8.056994983568979,8.097482356740878,842400
2020-10-05,8.65418529510498,8.674428500992512,8.522601078302774,8.558027412577365,491400
2020-10-06,8.659245491027832,8.881925560488678,8.649123406426398,8.745281279549786,775800
2020-10-07,8.532723426818848,8.800951946188844,8.45174867018316,8.674428768283677,968200
2020-10-08,8.806011199951172,8.831316409567883,8.563086979401012,8.628878593814372,575600
2020-10-09,8.770586013793945,8.892048139884512,8.6896112630669,8.80601234657513,758100
2020-10-12,8.71491527557373,8.836377398387512,8.684549986194071,8.79589002411625,680800
2020-10-13,8.699734687805176,8.740222069402892,8.593454707801596,8.639003132760942,677200
2020-10-14,8.642738342285156,8.793001262030613,8.585741551196056,8.673827051837275,543500
2020-10-15,8.6220121383667,8.66864569825435,8.497656308097058,8.549471484449148,366000
2020-10-16,8.570195198059082,8.658279684790049,8.445838419433313,8.575375824567518,857700
2020-10-19,8.419933319091797,8.663463342381874,8.404388471025204,8.632374634540891,584400
2020-10-20,8.435478210449219,8.6271930627934,8.40957013020527,8.51838209064544,548400
2020-10-21,8.36811637878418,8.518380246797053,8.326664447658558,8.43547638454581,826600
2020-10-22,8.419933319091797,8.580559462611117,8.378481379206418,8.388844611250814,580300
2020-10-23,8.539106369018555,8.68937024848373,8.45102088512671,8.476928961737293,480900
2020-10-26,8.259305953979492,8.502836449966471,8.228217248876678,8.487291603269005,990700
2020-10-27,8.129768371582031,8.41475079826041,8.129768371582031,8.280031761045752,768600
2020-10-28,7.881058216094971,8.052047604886003,7.777428358364973,8.00541404537097,709600
2020-10-29,7.953597068786621,7.984685770062757,7.663433056715358,7.875874327304284,694100
2020-10-30,7.756701946258545,8.031321177181919,7.678979186765892,7.989869236444282,729700
2020-11-02,8.119406700134277,8.155677024856416,7.849968590352353,7.865513438787081,787900
2020-11-03,8.207490921020508,8.264487207308193,8.046864304542797,8.186764953811709,519600
2020-11-04,8.155677795410156,8.259307657368794,7.90696612670943,8.181585384436357,561000
2020-11-05,8.352575302124023,8.430297575314896,8.16085943918037,8.16085943918037,626900
2020-11-06,8.181583404541016,8.575376784688137,8.088316304275255,8.528743234555257,734300
2020-11-09,8.414752006530762,8.875904977922687,8.414752006530762,8.627193329641125,1416700
2020-11-10,8.782638549804688,8.829272105794548,8.394026242083989,8.508018829896866,1140200
2020-11-11,8.476929664611816,8.767093228665116,8.378480941912748,8.767093228665116,773100
2020-11-12,8.186767578125,8.445842004209684,8.14013401342005,8.39402781079742,861000
2020-11-13,8.549469947814941,8.606466730387183,8.305939947510828,8.321483805818087,876300
2020-11-16,8.870722770690918,8.958808253978045,8.730822122830412,8.75672921097107,1194500
2020-11-17,8.782638549804688,8.932901461544745,8.746367237585304,8.798182409606504,1167000
2020-11-18,8.741185188293457,9.103889356871964,8.730821957916117,8.860359372756736,1025600
2020-11-19,8.793000221252441,8.839633774206996,8.637555703598686,8.715277962425564,697000
2020-11-20,8.782638549804688,8.901812753648906,8.679008205762285,8.767093701710666,780300
2020-11-23,9.031349182128906,9.088345963823585,8.881085298858245,8.891448529764933,726600
2020-11-24,9.181611061096191,9.337056542619035,9.119433659120643,9.150522360108416,1119100
2020-11-25,9.01062297821045,9.18161233989631,8.912175246655526,9.155705250180198,825500
2020-11-27,9.12979793548584,9.150523409089583,8.989897282565197,9.031349218064785,279600
2020-11-30,8.860360145568848,9.129798229128166,8.813726593095423,9.11943499784693,1020300
2020-12-01,8.958809852600098,9.103891153343588,8.881086597724954,8.963990480519017,493200
2020-12-02,9.036532402038574,9.093528205560887,8.891450108461573,8.963990761103938,695500
2020-12-03,9.171250343322754,9.300787771966904,9.052075157868101,9.083164852313045,536400
2020-12-04,9.435507774353027,9.466597475210948,9.202340947672756,9.238611277047974,538100
2020-12-07,9.124616622924805,9.409598565408588,9.041712749173444,9.409598565408588,827500
2020-12-08,9.24897289276123,9.300788063501475,9.026168350382704,9.067620289316464,1073600
2020-12-09,9.062439918518066,9.321514819521873,9.031351207119458,9.300789341353573,560800
2020-12-10,9.036532402038574,9.067621111986405,8.953628516649507,9.031350785665223,1446700
2020-12-11,8.93808364868164,9.072802709227856,8.91217655516179,8.969172358563917,476100
2020-12-14,9.088347434997559,9.19197679596311,9.03135064407654,9.06243935353698,846700
2020-12-15,9.20751953125,9.223063388265993,9.072800503456556,9.166067598720634,679300
2020-12-16,9.150524139404297,9.290424803490584,9.129798664146428,9.202339309987238,975100
2020-12-17,9.212702751159668,9.212702751159668,9.052075619872406,9.155705963393723,866300
2020-12-18,9.103888511657715,9.487319105392816,9.083163041119253,9.269696229133222,4325700
2020-12-21,9.404417037963867,9.451050590922888,9.166068645766341,9.217883814419933,1361200
2020-12-22,9.300789833068848,9.48214148272538,9.197159471871657,9.456234386572268,822300
2020-12-23,9.41478157043457,9.476959979070093,9.274880892223853,9.311151218806126,944900
2020-12-24,9.331875801086426,9.508046770324531,9.285242251094452,9.476958066427242,378700
2020-12-28,9.357783317565918,9.508047205143448,9.357783317565918,9.399235254088664,1358100
2020-12-29,9.243790626525879,9.394053523979682,9.202338690508403,9.362964819039604,1028700
2020-12-30,9.297008514404297,9.419408372398689,9.179931492663586,9.243792332270816,709700
2020-12-31,9.360868453979492,9.424728272413097,9.222504160661998,9.281043173420729,688100
2021-01-04,9.078817367553711,9.419406762180222,8.972384006447594,9.392797660628615,1461900
2021-01-05,9.04688835144043,9.20121811053404,8.972384889827534,9.078818261412593,797700
2021-01-06,9.19589614868164,9.323616801645251,9.13735713543575,9.153322597693771,1255400
2021-01-07,9.249112129211426,9.312972961850281,9.158643208409254,9.201217773524158,554600
2021-01-08,9.2650785446167,9.30765209907943,9.084140684391691,9.233148632528053,719100
2021-01-11,9.243790626525879,9.265076892444622,9.132034431593857,9.179929798702805,568000
2021-01-12,9.334261894226074,9.35022634393236,9.190575756667439,9.259757407139924,585600
2021-01-13,9.19589614868164,9.3342604431506,9.190574327928967,9.312973160139903,496100
2021-01-14,9.249112129211426,9.34490287065296,9.211860399769385,9.254433949850789,509100
2021-01-15,9.16396427154541,9.254433184869322,9.16396427154541,9.179929732143776,775700
2021-01-19,9.137356758117676,9.23314749764318,9.094783208887838,9.195895768946258,924600
2021-01-20,9.281044006347656,9.307652097244015,9.126714237054687,9.137357879426672,533800
2021-01-21,9.398120880126953,9.483267987701886,9.233148486079722,9.270400218764557,790600
2021-01-22,9.568415641784668,9.568415641784668,9.275722569657637,9.30233066165695,767800
2021-01-25,9.579059600830078,9.621633158454642,9.39812172716726,9.488590663998668,543200
2021-01-26,9.451336860656738,9.722743611785916,9.430049578983803,9.658882781800568,1113300
2021-01-27,9.185253143310547,9.355547359055931,9.068176123743994,9.32361744736207,1142600
2021-01-28,9.328939437866211,9.344903886486208,9.137357934157366,9.222505043576051,661200
2021-01-29,9.179931640625,9.376834968806826,9.04688915307971,9.360869504889285,927800
2021-02-01,9.259754180908203,9.297005903955402,9.08946000981625,9.227824277586793,713600
2021-02-02,9.552452087402344,9.552452087402344,9.265079794729324,9.307653354936393,831000
2021-02-03,9.706778526306152,9.712100346930407,9.488588955879163,9.515197043966943,894300
2021-02-04,9.962221145629883,9.972864788288215,9.680171720419557,9.712101633360916,963900
2021-02-05,9.893037796020508,10.015436620427977,9.568413856038264,9.983506712981127,1549800
2021-02-08,9.866430282592773,9.951577384090214,9.765317718926994,9.909003833341494,731800
2021-02-09,9.73870849609375,9.855786520494622,9.680170498926817,9.834499237864097,800500
2021-02-10,9.850464820861816,9.930290101640024,9.786603987219143,9.786603987219143,520200
2021-02-11,9.871750831604004,9.967541572056325,9.696134812452582,9.839820923131061,469500
2021-02-12,9.940934181213379,10.047367555263993,9.802569881417377,9.845143434044335,1124500
2021-02-16,10.568893432617188,10.62210960502049,9.967540940138987,10.058009854271397,2285200
2021-02-17,10.132515907287598,10.558251443293974,10.132515907287598,10.473104336092698,895000
2021-02-18,9.887715339660645,10.137834792802074,9.861107254338526,10.05268770173123,777300
2021-02-19,10.084622383117676,10.148482217720005,9.940936232711781,9.940936232711781,496600
2021-02-22,10.175088882446289,10.254914164030312,10.031402766574931,10.063332676201837,608600
2021-02-23,10.095263481140137,10.191054233549702,9.919647440067141,10.164446142339763,488300
2021-02-24,10.356027603149414,10.446496542793012,10.19637701085305,10.19637701085305,673100
2021-02-25,9.99947452545166,10.50503540319694,9.930291858843827,10.361349263350238,694000
2021-02-26,10.095263481140137,10.286844985959265,10.004794549979284,10.11122894488627,621100
2021-03-01,10.281522750854492,10.425208873685126,10.222983734508626,10.35602621527027,458100
2021-03-02,10.036724090576172,10.16444473779568,9.834498971203507,10.11654936820918,2357400
2021-03-03,10.004793167114258,10.222982732985107,10.004793167114256,10.10590572679673,947000
2021-03-04,9.930291175842285,10.175089880414362,9.749353311820983,10.004794643956835,1256100
2021-03-05,9.935611724853516,9.999472557226705,9.387476381681429,9.972863454140587,1317000
2021-03-08,10.042047500610352,10.233627994247488,9.956899373952734,10.036725679254648,1260200
2021-03-09,10.137836456298828,10.254914487007376,9.967542246213913,10.116550187554994,542400
2021-03-10,10.196375846862793,10.3507056148273,10.180410383442245,10.21234131028334,829900
2021-03-11,10.430529594421387,10.441173235367597,10.217661850664514,10.281521666274841,2193400
2021-03-12,10.44649600982666,10.574217695188016,10.419887917479347,10.48906956660256,634400
2021-03-15,10.510354995727539,10.510354995727539,10.350704439780513,10.430529717754027,515000
2021-03-16,10.547606468200684,10.568893749827652,10.419885823539236,10.483746653386687,1093600
2021-03-17,10.563573837280273,10.590181929086146,10.398601435009853,10.547608373176566,593400
2021-03-18,10.228304862976074,10.563572460212972,10.16444504495329,10.547606998190522,671900
2021-03-19,10.393278121948242,10.441173492351549,10.084619632145538,10.21766210214728,1948600
2021-03-22,10.40392017364502,10.414563814265483,10.233625983851358,10.382633907437532,643800
2021-03-23,10.20702075958252,10.430532200122054,10.137838091182768,10.345385081348299,564000
2021-03-24,10.148478507995605,10.53164143568141,10.148478507995604,10.324094511507132,744600
2021-03-25,10.361348152160645,10.451817080691487,9.96222070541285,10.116550472038119,1126400
2021-03-26,10.505032539367676,10.515676179795525,10.350703813297526,10.47842445333147,737000
2021-03-29,10.361348152160645,10.531643382067916,10.345383703912228,10.483748007255494,534900
2021-03-30,10.563573837280273,10.606147393189854,10.36667050680244,10.403922241344118,681500
2021-03-31,10.430529594421387,10.654040979124469,10.430529594421387,10.563572061148614,1084400
2021-04-01,10.638075828552246,10.648719469809468,10.435851719832549,10.494389716680265,553700
2021-04-05,10.723224639892578,10.797729125550003,10.64339934779088,10.654042990746747,726900
2021-04-06,10.696616172790527,10.787085104678601,10.68065070891606,10.74451154938031,812200
2021-04-07,10.643396377563477,10.691291742465182,10.59550101266177,10.664683657534624,642800
2021-04-08,10.834980964660645,10.861589057271564,10.616791357143375,10.648721271283211,721800
2021-04-09,10.797728538513184,10.866910183897836,10.755153969004345,10.834980271799813,634600
2021-04-12,10.89351749420166,10.90416113581617,10.760475019120886,10.803048570545393,880900
2021-04-13,10.904160499572754,10.957377689506616,10.744509944804639,10.850943309638891,1084400
2021-04-14,10.713528633117676,10.947734050701897,10.70808187470142,10.88782074698604,1184300
2021-04-15,10.800677299499512,10.849697098226057,10.637278662986482,10.789783780035124,744200
2021-04-16,10.7244234085083,10.8878220247197,10.686297133983178,10.871481747553334,835600
2021-04-19,10.61548900604248,10.718975337705743,10.528342949545925,10.718975337705743,828900
2021-04-20,10.39217758178711,10.620936250270532,10.348604551545646,10.620936250270532,915800
2021-04-21,10.506558418273926,10.53379117514865,10.272352969244196,10.370392556174137,621000
2021-04-22,10.566468238830566,10.686294834540554,10.495662464071536,10.539235488276212,503000
2021-04-23,10.773443222045898,10.84969577124408,10.490217983791123,10.577364051121352,815500
2021-04-26,10.773443222045898,10.88237528677715,10.746209426715785,10.81156949664499,466800
2021-04-27,10.82246208190918,10.898714624534591,10.784334771733494,10.806121806119599,490300
2021-04-28,10.936841011047363,10.936841011047363,10.833354674349275,10.866035226272665,454500
2021-04-29,10.94228744506836,11.034880261711631,10.876927382023654,11.029433503219327,465600
2021-04-30,10.920500755310059,11.007646816207844,10.855141729068215,10.947734548629986,627500
2021-05-03,10.964072227478027,11.029432283293493,10.931392719001717,11.002199532707042,823300
2021-05-04,10.87692928314209,11.007648393216213,10.686297896906789,10.920502319833464,739100
2021-05-05,10.969518661499023,11.067558222896237,10.773440577567413,10.915053161934184,955900
2021-05-06,10.718976974487305,10.953182426658438,10.626384145462977,10.953182426658438,873200
2021-05-07,10.795228004455566,10.871480545071607,10.697188430027543,10.724422222292523,546000
2021-05-10,10.544684410095215,10.83880212411865,10.539237651094014,10.789782331970903,801200
2021-05-11,10.397624015808105,10.555575855928481,10.36494450386302,10.462983039698276,993500
2021-05-12,10.114398956298828,10.397624167591951,9.99457338484234,10.381283891949396,1945500
2021-05-13,10.239670753479004,10.452090170327033,10.125291946521763,10.168864973771605,1168000
2021-05-14,10.413963317871094,10.452089584720714,10.277797485486529,10.364943535103622,759900
2021-05-17,10.424858093261719,10.47387788683643,10.277799751400673,10.386731818006519,837000
2021-05-18,10.403071403503418,10.495664225334076,10.392177885908513,10.457537952614926,767200
2021-05-19,10.321372985839844,10.359499261833916,10.206993118994518,10.294139189513286,1490400
2021-05-20,10.566468238830566,10.588255270364325,10.3159236093694,10.326816086273436,690900
2021-05-21,10.484772682189941,10.653618081255198,10.473879162543613,10.626385321002587,604700
2021-05-24,10.522897720336914,10.604597030317052,10.452091928717618,10.539237997878177,446400
2021-05-25,10.413963317871094,10.604594652119196,10.408516559912167,10.539235634337807,698000
2021-05-26,10.512002944946289,10.522896462004478,10.375837098307798,10.40851764948237,394500
2021-05-27,10.544684410095215,10.62093695838591,10.539237651094014,10.566470407236961,738500
2021-05-28,10.675402641296387,10.697188636666262,10.533790035371801,10.582809823532733,568600
2021-06-01,10.817015647888184,10.866035437864833,10.691742274135079,10.75165558163165,898000
2021-06-02,10.757102012634277,10.898714619489475,10.757102012634277,10.817015318305355,699100
2021-06-03,10.680849075317383,10.784334368190091,10.664508800139247,10.724422103596138,476000
2021-06-04,10.860589027404785,10.88782178321494,10.664509861209918,10.675403379079198,624500
2021-06-07,11.083900451660156,11.149259478214642,10.876927776890623,10.876927776890623,1178800
2021-06-08,11.241851806640625,11.301765110748205,11.089346725440167,11.116579478836549,1119800
2021-06-09,11.296316146850586,11.361676196649407,11.220063621137582,11.269083398771011,994800
2021-06-10,11.241851806640625,11.41614392164855,11.22006581169611,11.367125173307652,636000
2021-06-11,11.258191108703613,11.263637866684597,11.067558734820631,11.230958357661557,584500
2021-06-14,11.149258613586426,11.49784387067512,11.116579102843488,11.427037052058687,1419400
2021-06-15,11.013093948364258,11.192832834919388,10.95862843760327,11.165600079538894,1458800
2021-06-16,11.290872573852539,11.32899884746188,10.985861346114769,11.007647342950232,1162400
2021-06-17,11.345341682434082,11.394361484945879,11.111136190180666,11.345341682434082,1389300
2021-06-18,11.356231689453125,11.356231689453125,11.127473028123747,11.214619085881324,1930600
2021-06-21,11.45971965789795,11.497845933749579,11.33444627299003,11.405253104311432,937700
2021-06-22,11.399805068969727,11.47061085350201,11.323552525802192,11.443378099188743,1026200
2021-06-23,11.323552131652832,11.448824459314164,11.301765097870192,11.383464396829194,801900
2021-06-24,11.601330757141113,11.617671034191936,11.339892557506301,11.394359108812653,846900
2021-06-25,11.57409954071045,11.726605696884679,11.568652780968884,11.628566099262903,2330400
2021-06-28,11.45971965789795,11.584992003942764,11.307213515628325,11.584992003942764,660400
2021-06-29,11.345341682434082,11.486954329816687,11.323555680686214,11.465167289205544,532600
2021-06-30,11.470609664916992,11.503290213342135,11.30721107824279,11.339890587805055,474800
2021-07-01,11.476055145263672,11.525074923580732,11.416141852017764,11.481501902728096,539200
2021-07-02,11.437932014465332,11.486951806207799,11.356232707848903,11.476058288295462,405400
2021-07-06,11.372568130493164,11.497841466731225,11.29086885128587,11.465160923958148,759100
2021-07-07,11.220065116882324,11.405250737326176,11.176492090828646,11.405250737326176,648000
2021-07-08,11.105688095092773,11.274534522943492,10.915056706976078,11.111134854590844,934400
2021-07-09,11.443379402160645,11.448826161416076,11.18738795033396,11.247300224417504,879500
2021-07-12,11.421590805053711,11.481504109816749,11.328997988084907,11.38346453433649,761100
2021-07-13,11.171046257019043,11.394358163879081,11.154705981323318,11.34533837565488,1318600
2021-07-14,10.87003231048584,11.243515514452156,10.8588833042235,11.215644062024063,1443400
2021-07-15,10.93692398071289,11.031688396187551,10.730671642364175,10.847733004477067,843100
2021-07-16,10.920199394226074,11.109728206446965,10.881178944044278,11.037260744771464,692500
2021-07-19,10.803135871887207,10.881177827470035,10.60245913965509,10.769689927053092,1277300
2021-07-20,10.903474807739258,11.04840865349706,10.764115463344538,10.814284912384831,834000
2021-07-21,11.07628345489502,11.16547336872619,10.975944536028045,10.975944536028045,727700
2021-07-22,10.892329216003418,11.087431489626976,10.780841291166256,11.07628354772538,628000
2021-07-23,10.831009864807129,10.992666173043583,10.797563915383648,10.925774274196623,625500
2021-07-26,10.975943565368652,11.053984467262454,10.864455651325324,10.89232816144993,501200
2021-07-27,10.931346893310547,10.93692139445881,10.74739260832737,10.909048888717493,478600
2021-07-28,10.953645706176758,11.065133621735692,10.85888129691993,10.981518216680271,420400
2021-07-29,11.104155540466309,11.198919962244881,10.99266761017586,11.059560580995669,671100
2021-07-30,10.992664337158203,11.198916627816509,10.936921451837879,11.05955728806093,568700
2021-08-02,10.964794158935547,11.159897469737746,10.959219657115197,10.998240106630135,652700
2021-08-03,11.009389877319336,11.009389877319334,10.764117096272802,10.948071416250807,672600
2021-08-04,10.87003231048584,11.003817195950642,10.814288342401898,10.948073227866702,538500
2021-08-05,10.925774574279785,11.031687990795271,10.86445611262962,10.903476565233328,875200
2021-08-06,10.730669975280762,10.853305820807797,10.619182069727119,10.797562931258442,1304900
2021-08-09,10.608036041259766,10.702800459088117,10.596887036049923,10.641481993661637,781200
2021-08-10,10.479822158813477,10.608033562310137,10.468674219436409,10.591310058403423,1061900
2021-08-11,10.507698059082031,10.529995008265002,10.424082638997318,10.479825543568625,1098800
2021-08-12,10.518844604492188,10.563439555653272,10.385058687781433,10.496546597297893,961300
2021-08-13,10.541141510009766,10.63590591378485,10.507695562567825,10.513270064346065,746900
2021-08-16,10.49654769897461,10.569014103506847,10.429654733598406,10.50212220135826,711700
2021-08-17,10.48539924621582,10.518846262278561,10.396209329837184,10.451953293380749,899000
2021-08-18,10.36833667755127,10.546716489626789,10.36833667755127,10.479823528484696,795000
2021-08-19,10.251273155212402,10.45195095375732,10.212252708434765,10.396207002691796,1582000
2021-08-20,10.46310043334961,10.513269885271727,10.156509220133618,10.212253173739024,1447900
2021-08-23,10.541141510009766,10.574587457451708,10.457526109791162,10.513270064346065,739700
2021-08-24,10.686076164245605,10.713947611989827,10.563440305652414,10.563440305652414,695200
2021-08-25,10.730669975280762,10.814285372832263,10.663777019303083,10.697224028905655,732000
2021-08-26,10.652628898620605,10.786413745078999,10.641479895608878,10.730669793247806,506700
2021-08-27,10.836583137512207,10.8923270890456,10.663776781435947,10.68607478734028,751300
2021-08-30,10.702798843383789,10.842158197786038,10.691649839857009,10.83100919425926,758700
2021-08-31,10.81986141204834,10.892328879924834,10.725096997828967,10.725096997828967,627600
2021-09-01,10.87003231048584,10.959222234129042,10.797565896236147,10.88675581987935,553800
2021-09-02,10.858880043029785,10.914623994372421,10.791988152000574,10.864454544486794,389500
2021-09-03,10.88675308227539,10.892327584004786,10.79198867933066,10.847731570169628,403300
2021-09-07,10.78641414642334,10.931348001286207,10.758541637856931,10.903475492719798,836100
2021-09-08,10.769691467285156,10.791989475848471,10.719522011245267,10.769691467285156,494200
2021-09-09,10.959220886230469,11.031688354794987,10.84215952455681,10.909051427448151,980600
2021-09-10,10.864453315734863,11.02053614919604,10.84215637565602,11.02053614919604,451600
2021-09-13,11.042835235595703,11.070707745145794,10.886753435025284,10.931348387077907,580500
2021-09-14,11.053984642028809,11.104154097818743,11.003815186238873,11.093005093592632,548300
2021-09-15,11.06513500213623,11.109729961277614,11.003816534606443,11.098580955685346,446600
2021-09-16,10.987093925476074,11.120879877077865,10.981520485451464,11.05398690127697,576200
2021-09-17,11.020536422729492,11.053982365291555,10.920197531815955,11.003812919834788,1817800
2021-09-20,10.858880043029785,10.953644441344034,10.769690146172545,10.881178048857814,1029300
2021-09-21,10.953645706176758,11.009389663956226,10.88117930532274,10.89790174839729,485300
2021-09-22,11.109728813171387,11.182195215576897,10.975943949572887,11.031687908545825,719700
2021-09-23,11.009389877319336,11.210067703923551,10.975943927294493,11.187769695088603,668800
2021-09-24,10.948070526123047,11.065132936533661,10.942496024367541,11.014963483961612,582800
2021-09-27,11.09300422668457,11.193343130423049,10.97036837946392,11.014963329655746,908600
2021-09-28,10.992664337158203,11.120875737786148,10.93134695066037,11.093003231898601,666400
2021-09-29,11.009389877319336,11.065133836179127,10.931348972852176,10.992666370693124,465200
2021-09-30,10.975943565368652,11.070707973337218,10.953645557268969,10.998240510240791,630500
2021-10-01,11.104155540466309,11.143175997099656,10.95364715354251,11.026114627199615,641400
2021-10-04,11.104155540466309,11.22121691036635,11.081857529117137,11.13202699142507,611200
2021-10-05,11.187769889831543,11.2546628542732,11.065134028787373,11.120877988617487,609700
2021-10-06,11.187769889831543,11.187769889831543,11.042836019564287,11.148749436918743,589500
2021-10-07,11.288106918334961,11.343850868848767,11.204491524177964,11.232362967821157,804100
2021-10-08,11.2992582321167,11.394022648404075,11.260237777744422,11.288109227088151,581200
2021-10-11,11.360575675964355,11.394022691175554,11.310407279602845,11.315980718910401,564700
2021-10-12,11.472063064575195,11.550103969968925,11.36057514553193,11.421893607328485,1037500
2021-10-13,11.483210563659668,11.522231011240896,11.38287166232082,11.460912557483278,1146900
2021-10-14,11.420463562011719,11.551667424715465,11.363418073168114,11.49462193587186,1415800
2021-10-15,11.38053035736084,11.53455173991386,11.369121043674825,11.50032488690786,659600
2021-10-18,11.448984146118164,11.50032497002424,11.352007155190247,11.391938665327851,612900
2021-10-19,11.506031036376953,11.51173569396,11.420463348735618,11.500326378793908,565500
2021-10-20,11.534550666809082,11.648641616950805,11.443278341916479,11.454687654541038,585900
2021-10-21,11.660051345825195,11.665756002341126,11.534551078578705,11.545960391610564,422500
2021-10-22,11.597305297851562,11.694282316682733,11.557373776224438,11.67716834110581,446200
2021-10-25,11.648640632629395,11.694276791219396,11.580185850718468,11.59729981820916,316900
2021-10-26,11.500322341918945,11.660049434019857,11.494617686338362,11.631526156116946,507000
2021-10-27,11.466099739074707,11.534553455266753,11.426168223287313,11.494621939479359,471200
2021-10-28,11.511734008789062,11.528846890980914,11.374825510994146,11.506029352041105,534100
2021-10-29,11.494622230529785,11.563077036507348,11.437576740223854,11.48891757269397,577400
2021-11-01,11.608712196350098,11.688575222965728,11.528848081682336,11.545962053693742,601900
2021-11-02,11.483210563659668,11.614415490914642,11.409052203082515,11.614415490914642,540400
2021-11-03,11.47180461883545,11.620122457525598,11.414759128869665,11.47180461883545,903800
2021-11-04,11.466099739074707,11.568781401414977,11.420463565595941,11.466099739074705,643100
2021-11-05,10.986916542053223,11.209392694420737,10.867120937511693,11.021143391328552,2348300
2021-11-08,11.009736061096191,11.061076888278627,10.87853220854202,11.009736061096191,1349400
2021-11-09,10.718806266784668,10.86712300453962,10.661760781773925,10.838600806060313,1880700
2021-11-10,10.77014446258545,10.86712144678686,10.724508298729017,10.724508298729017,950500
2021-11-11,10.844304084777832,10.85571339793999,10.735917785841307,10.758736412165625,458600
2021-11-12,10.707395553588867,10.918462406091628,10.707395553588867,10.872826241654383,549400
2021-11-15,10.667463302612305,10.781553161731871,10.633235365629716,10.724507688146133,671000
2021-11-16,10.673168182373047,10.70169146669716,10.604714476099264,10.638941329236156,814400
2021-11-17,10.507739067077637,10.673169788849181,10.456398235618694,10.638942930560622,1014200
2021-11-18,10.444987297058105,10.599009767500394,10.325192767637684,10.51914674788678,1377600
2021-11-19,10.422170639038086,10.507738322724093,10.382239125854758,10.416465981718734,986100
2021-11-22,10.427874565124512,10.564783067032126,10.422169908205188,10.44498744783043,1070500
2021-11-23,10.536259651184082,10.604714445311167,10.444987317715995,10.467805945109037,925200
2021-11-24,10.587599754333496,10.678872081590962,10.479214545747737,10.52485070937647,605100
2021-11-26,10.484916687011719,10.496325998378927,10.325190680078089,10.427872306279319,595100
2021-11-29,10.370828628540039,10.610418768369586,10.342305345196042,10.581895485025589,1016200
2021-11-30,9.908761024475098,10.387940153485523,9.880237744857185,10.336600426277009,3899400
2021-12-01,10.028556823730469,10.405055458665073,10.017147510416812,10.079897645589915,1748400
2021-12-02,10.285262107849121,10.342306504829217,10.07419413964553,10.097012768879269,931400
2021-12-03,10.188282012939453,10.359417327966712,10.136941200820917,10.336599793720582,949000
2021-12-06,10.399351119995117,10.519146737347553,10.222511110434134,10.245328649707146,945100
2021-12-07,10.444987297058105,10.51914674788678,10.365124277444492,10.450691953895083,916400
2021-12-08,10.484916687011719,10.587598313212949,10.444985185278313,10.444985185278313,555000
2021-12-09,10.410759925842285,10.519146224245336,10.342305135258258,10.410759925842285,643500
2021-12-10,10.348011016845703,10.502033497854509,10.302374847071107,10.410761158305315,779600
2021-12-13,10.20539665222168,10.353714458590241,10.20539665222168,10.308078294173145,1169100
2021-12-14,10.062783241271973,10.342304877079311,10.05707858486138,10.228215013023313,1335400
2021-12-15,10.159761428833008,10.188284714268098,9.942989899786745,10.097012376979979,1675900
2021-12-16,9.988627433776855,10.256739825202493,9.942991258894784,10.256739825202493,1419500
2021-12-17,9.942989349365234,10.09130716126091,9.828898390044863,9.98862551548298,3229900
2021-12-20,9.703400611877441,9.897354618007201,9.560787436079217,9.89164996040901,2045700
2021-12-21,10.005738258361816,10.08560126725782,9.754738831479086,9.81748787216085,1112400
2021-12-22,10.062783241271973,10.097011179735535,9.925874751573602,9.977215571216986,939100
2021-12-23,10.171170234680176,10.228215714647297,10.07419324515168,10.10842009791114,682600
2021-12-27,10.239624977111816,10.25103320260664,10.085602508385428,10.171170183882746,609400
2021-12-28,10.228217124938965,10.336603443015862,10.211103152173502,10.222512467350477,706700
2021-12-29,10.154056549072266,10.251033541320743,10.142648323200492,10.222511344563216,775000
2021-12-30,10.259523391723633,10.329833604891014,10.1599163251026,10.20679017306775,1484700
2021-12-31,10.154056549072266,10.294678087354251,10.148197178615435,10.224367876993579,1024700
2022-01-03,10.394285202026367,10.458737159813458,10.18335233476727,10.195071075739586,795200
2022-01-04,10.400144577026367,10.55834422753935,10.376707095071561,10.45873716435273,754200
2022-01-05,10.18335247039795,10.423582193287427,10.171634846830218,10.370848975770304,891000
2022-01-06,10.282959938049316,10.370849382397658,10.195071611261685,10.253664201640342,532900
2022-01-07,10.570064544677734,10.616938398016316,10.406005499212293,10.49389383452703,1105000
2022-01-10,10.587638854980469,10.693105277624255,10.470454810145563,10.517328651591633,898700
2022-01-11,10.681386947631836,10.71654316823545,10.564202898301518,10.587639261143352,608600
2022-01-12,10.716543197631836,10.757557670887982,10.65209124390899,10.734120190421283,723200
2022-01-13,10.687250137329102,10.822012345124904,10.675531392939646,10.780997857322788,564600
2022-01-14,10.72826099395752,10.734120364169037,10.552484357854377,10.657950786540502,628700
2022-01-18,10.605217933654785,10.792713316571364,10.575921081598674,10.72826135960855,657100
2022-01-19,10.441160202026367,10.628655608057697,10.423583206186414,10.605219241084168,534700
2022-01-20,10.236085891723633,10.493892613878176,10.23022652104277,10.458737507353684,825300
2022-01-21,10.077886581420898,10.353270276957595,10.066167840957055,10.212648744073286,1175200
2022-01-24,10.118900299072266,10.136477290893506,9.708753353982024,10.007574508108824,1565200
2022-01-25,10.259523391723633,10.318115981070243,9.937264709097613,10.048590517100106,1058000
2022-01-26,10.23022747039795,10.50561233015053,10.159917250824245,10.388427140779969,909700
2022-01-27,10.066167831420898,10.364989007602192,9.948982662014688,10.277100689327835,1173300
2022-01-28,10.16577434539795,10.171633715310335,9.849375075492327,10.042729812358916,948800
2022-01-31,10.441160202026367,10.939195572772567,10.113043241471543,10.13062135487227,947700
2022-02-01,10.323975563049316,10.529047953618392,10.183352898715219,10.441159626580115,824600
2022-02-02,10.189212799072266,10.376708204514488,10.066169358336095,10.364990579844926,855200
2022-02-03,9.907968521118164,10.200930336923102,9.90210915069479,10.171634602366863,1041100
2022-02-04,9.562273979187012,9.837658815397576,9.292749072480499,9.720473636044908,1918400
2022-02-07,9.532977104187012,9.907967845216826,9.503680254068707,9.562272836744755,1461600
2022-02-08,9.784926414489746,9.855236633930906,9.515400926469866,9.515400926469866,1543500
2022-02-09,9.620866775512695,9.861095392540982,9.597429292114464,9.732192586532861,1168600
2022-02-10,9.386497497558594,9.638444855433098,9.374778755899149,9.544697157278964,1168700
2022-02-11,9.404073715209961,9.497821405615545,9.286889660983292,9.409933085555387,1033000
2022-02-14,9.263452529907227,9.462666088145623,9.24001560783328,9.374777770063398,1110200
2022-02-15,9.427511215209961,9.427511215209961,9.292748490900557,9.304467231614554,767500
2022-02-16,9.433371543884277,9.509541131141923,9.363060210018132,9.456807910132499,595600
2022-02-17,9.292747497558594,9.415791468001299,9.240014846323366,9.374776997447148,724500
2022-02-18,9.269309997558594,9.339620753587406,9.204858610893902,9.228295529570174,937700
2022-02-22,9.052520751953125,9.222438596946613,8.976350606434615,9.204861042990148,1298000
2022-02-23,8.929474830627441,9.181422137707193,8.929474830627441,9.134548298080297,1581800
2022-02-24,9.157987594604492,9.193142704058111,8.63065592377671,8.753699924425153,1296700
2022-02-25,9.175565719604492,9.234158317375982,9.093536753260919,9.181425091137728,919100
2022-02-28,9.140409469604492,9.157987023234632,8.982209810592169,9.09939443276036,1078600
2022-03-01,9.16384506225586,9.24001519529046,8.976349135255198,9.187281983283409,1154700
2022-03-02,9.316184043884277,9.380635990774921,9.163844348461463,9.163844348461463,1362800
2022-03-03,9.286890029907227,9.404074088789061,9.19900114757535,9.363059612302385,830100
2022-03-04,9.245875358581543,9.263453471008038,9.122831365497856,9.193142138862768,795300
2022-03-07,9.275172233581543,9.345483011341166,9.14041004923736,9.228298381741793,1120100
2022-03-08,9.462666511535645,9.544696580635193,9.2693117560792,9.2693117560792,968900
2022-03-09,9.527119636535645,9.673600563694754,9.486105155740821,9.562274746136811,735600
2022-03-10,9.527119636535645,9.532979007729304,9.322046115000738,9.462667670966187,726700
2022-03-11,9.544695854187012,9.620865429452907,9.462665791330783,9.53297711412747,740600
2022-03-14,9.421652793884277,9.609148193951906,9.415793422937071,9.609148193951906,767200
2022-03-15,9.538836479187012,9.550554101679884,9.42165131377378,9.474384526453678,961900
2022-03-16,9.527119636535645,9.65016307892012,9.386498080570195,9.65016307892012,878700
2022-03-17,9.597428321838379,9.60914706235276,9.445089165393854,9.45094741809044,655000
2022-03-18,9.72047233581543,9.726331705755372,9.556413330178687,9.573991439998514,2314700
2022-03-21,9.515399932861328,9.808361757583269,9.50368119165789,9.749769169126745,773300
2022-03-22,9.761487007141113,9.80836085005716,9.56227289535778,9.568132265417356,815000
2022-03-23,9.755629539489746,9.790784649142102,9.661881835376272,9.761488910691936,625100
2022-03-24,9.866952896118164,9.884531005340268,9.67945753465776,9.76148647590656,484800
2022-03-25,9.943123817443848,9.94898318797998,9.8435167534509,9.866954235595431,637800
2022-03-28,9.907968521118164,9.943123626097778,9.831798940735561,9.943123626097778,840400
2022-03-29,10.077886581420898,10.08960420432414,9.94898267143983,9.960701411903674,653800
2022-03-30,9.89039134979248,10.101324234837683,9.89039134979248,10.101324234837683,659900
2022-03-31,9.89625072479248,10.048591017658035,9.872814358422795,9.937265204109986,918100
2022-04-01,9.931407928466797,9.954844297143866,9.796644617720444,9.86109658731388,773100
2022-04-04,9.91382884979248,9.960702700149577,9.714614706384628,9.890391365833558,2054300
2022-04-05,9.831799507141113,10.001716788965306,9.80836202409739,9.925547204194606,1005800
2022-04-06,9.603287696838379,9.872813140999217,9.585710703618734,9.814220555958983,1574300
2022-04-07,9.374778747558594,9.67945932506882,9.368919376734084,9.615007363559926,1314100
2022-04-08,9.480245590209961,9.544697554458207,9.345482849420302,9.357201591567394,1068200
2022-04-11,9.415793418884277,9.620866931705255,9.398216423610963,9.515400489822424,1211800
2022-04-12,9.345481872558594,9.503680963545488,9.333763690416758,9.439230123594902,1510200
2022-04-13,9.35755729675293,9.411891592530846,9.236814737105306,9.315297544812747,1137000
2022-04-14,9.321331977844238,9.472260284696123,9.297183471777767,9.357555024816842,751800
2022-04-18,9.146258354187012,9.321335228153922,9.128147112258297,9.279075471738254,874200
2022-04-19,8.898733139038086,9.236812811310722,8.82025034769362,9.188515797521177,2140900
2022-04-20,9.091923713684082,9.188517761913797,8.947032065593566,8.95306933754441,1213200
2022-04-21,9.224739074707031,9.369630704461052,9.182479327891121,9.182479327891121,2052200
2022-04-22,9.091923713684082,9.3032230502501,9.031552145667538,9.273037266241827,1646500
2022-04-25,9.194552421569824,9.20058969218344,8.928918847774657,9.067773193158764,1583700
2022-04-26,8.98929214477539,9.218703290846273,8.959106361602341,9.176442964105632,1184500
2022-04-27,9.122108459472656,9.164368785240095,8.977217394473788,9.025514416140078,1253200
2022-04-28,9.436040878295898,9.508486420025624,9.176443921954897,9.212666980692752,1499100
2022-04-29,9.26096248626709,9.484336347153768,9.254925214845477,9.387742307391518,1296900
2022-05-02,9.200590133666992,9.387741501448723,9.061736357365904,9.266998962111723,1174200
2022-05-03,9.617154121398926,9.641302633051223,9.297185622323568,9.297185622323568,1523600
2022-05-04,9.756007194519043,9.762044465919987,9.502447553138325,9.617153406772687,1049900
2022-05-05,9.502447128295898,9.743932216078235,9.45415011073943,9.683561807751447,1365100
2022-05-06,9.460187911987305,9.689598470362982,9.381705110123669,9.442076673325202,1514100
2022-05-09,9.339445114135742,9.43603915210485,9.188516785872542,9.381704861810757,2020900
2022-05-10,9.375667572021484,9.568856223324799,9.218702548504007,9.411890624061442,1765800
2022-05-11,9.345480918884277,9.496409232760929,9.279072668047048,9.399815203999204,1469100
2022-05-12,9.0979585647583,9.309258434217144,8.89873323675234,9.309258434217144,1792300
2022-05-13,9.27303695678711,9.29114877203522,9.055700355523088,9.110034649775574,1084300
2022-05-16,9.2307767868042,9.381705119208288,9.170405223544204,9.236814058279377,1696100
2022-05-17,9.580931663513184,9.611117448897419,9.339446531931225,9.454151825496163,1458400
2022-05-18,9.393780708312988,9.562820298222096,9.35755765117377,9.562820298222096,1180700
2022-05-19,9.35755729675293,9.430002832541504,9.254925977115965,9.285111760964355,1090500
2022-05-20,9.399818420410156,9.454152724117087,9.200593023982098,9.454152724117087,996900
2022-05-23,9.502447128295898,9.586967196892648,9.423964330830172,9.448112839608406,1143200
2022-05-24,9.59300422668457,9.61715273485528,9.363593111189902,9.50244688923502,638700
2022-05-25,9.586967468261719,9.6413017584872,9.514521939876373,9.574892925657888,720500
2022-05-26,9.695634841918945,9.774118212243938,9.599040810358712,9.599040810358712,686500
2022-05-27,9.762045860290527,9.798268342378277,9.683563623851745,9.725823378202778,622000
2022-05-31,9.768082618713379,9.780157162604773,9.69563650685689,9.743933530930589,816600
2022-06-01,9.828453063964844,9.858638268753364,9.64733838075847,9.749969689127889,811300
2022-06-02,9.822415351867676,9.876749639241828,9.749969251538237,9.852600555301448,767000
2022-06-03,9.822415351867676,9.906934842675602,9.725821319089558,9.810340809897486,820700
2022-06-06,9.870713233947754,10.02164156733689,9.798267127264578,9.89486116851428,2323600
2022-06-07,9.979381561279297,9.991454952505794,9.810341417698831,9.87071297979841,1065900
2022-06-08,9.737895011901855,9.949194896973628,9.683561874332513,9.949194896973628,763300
2022-06-09,9.749970436096191,9.87071356748419,9.695636142120774,9.78015679468911,872500
2022-06-10,9.526596069335938,9.689598367048651,9.436039301245085,9.68356224713547,969700
2022-06-13,8.367466926574707,9.38170555127925,8.349355687060962,9.267000266697629,2314600
2022-06-14,8.204463005065918,8.512356894944894,8.125980214954856,8.451985340783828,2138700
2022-06-15,7.854310035705566,8.264834681117527,7.709418984383698,8.228612206159989,2463400
2022-06-16,7.20229959487915,7.7335673489111185,7.147965307708881,7.7275300779486775,2659700
2022-06-17,7.486044883728027,7.504156697734483,7.027223201402959,7.147965749383241,6527900
2022-06-21,7.7396063804626465,7.86034953317649,7.618863803494825,7.655086864458182,2156700
2022-06-22,7.787902355194092,7.872422435483481,7.643011282480235,7.643011282480235,2178300
2022-06-23,7.962979316711426,8.029388157721387,7.781865761310318,7.842236754528703,1453300
2022-06-24,8.48820972442627,8.494246420195871,8.00523894235828,8.023350181158884,2847200
2022-06-27,8.47613525390625,8.72365763070028,8.427838232860873,8.518395003384477,1073200
2022-06-28,8.518394470214844,8.645174286460236,8.45802348555972,8.566691488237291,1035800
2022-06-29,8.403690338134766,8.494247115294092,8.319170257239032,8.4519873627192,851500
2022-06-30,8.349355697631836,8.476135525880416,8.27087289197834,8.27087289197834,1097900
2022-07-01,8.657249450683594,8.693471928929332,8.325206996119464,8.325206996119464,992200
2022-07-05,8.802141189575195,8.826289702171241,8.451987469059548,8.560656063614733,1448000
2022-07-06,8.74780559539795,9.049662245969962,8.681397339540618,8.850436902652103,1525700
2022-07-07,9.043624877929688,9.128144946453224,8.790065823850806,8.790065823850806,1836500
2022-07-08,9.031551361083984,9.097959619536448,8.880623029899924,9.025514089657607,1153700
2022-07-11,8.856473922729492,9.110033548080322,8.808176906067034,9.043624718360052,1061600
2022-07-12,8.802141189575195,8.971180777747518,8.729695651787056,8.850438214767287,1086100
2022-07-13,8.820854187011719,8.852044849590534,8.540133464412346,8.614992720388015,1233000
2022-07-14,8.496468544006348,8.72728296510424,8.415371488768074,8.70856844310277,959100
2022-07-15,8.72104263305664,8.78342515227523,8.359225449405935,8.646183966948612,873300
2022-07-18,8.627470970153809,8.77095055168213,8.465276867530106,8.739759286573895,913800
2022-07-19,8.92066764831543,8.989287953599222,8.689853245171166,8.689853245171166,1002600
2022-07-20,8.976812362670898,9.014241406088201,8.8458095208625,8.901953680912374,840400
2022-07-21,9.126529693603516,9.1327680657921,8.839571117091738,8.914429798582995,717300
2022-07-22,9.039192199707031,9.220100787319447,8.908189388337778,9.1452421229547,904300
2022-07-25,9.057907104492188,9.101574508973677,8.96433332998701,9.014239105086933,543600
2022-07-26,9.045430183410645,9.101574328012719,8.964333151754733,9.045430183410645,530600
2022-07-27,9.301197052001953,9.33238830830122,9.070382707265356,9.070382707265356,894300
2022-07-28,9.606871604919434,9.631824495000116,9.344865961610374,9.357342704112629,900400
2022-07-29,9.581918716430664,9.756589541948275,9.563204197598001,9.625586720271981,686100
2022-08-01,9.675492286682129,9.744112584168425,9.532012725671386,9.581918504738475,847600
2022-08-02,9.301197052001953,9.61310842514715,9.294958681757354,9.600632279581681,1073000
2022-08-03,9.444677352905273,9.54448890515454,9.238815877660219,9.263768765722537,977700
2022-08-04,9.482107162475586,9.563204204036829,9.382295602069078,9.500821681320849,578700
2022-08-05,9.656777381896973,9.687968643218495,9.444678113743029,9.494583893887937,793100
2022-08-08,9.538249969482422,9.794017205703685,9.538249969482422,9.65677603202749,907600
2022-08-09,9.513298034667969,9.6006334439129,9.376056847261307,9.507059663666801,960300
2022-08-10,9.687968254089355,9.787779810370116,9.606871215880286,9.68173047801466,878100
2022-08-11,9.638063430786133,9.81273367158194,9.594396019318145,9.68173143717798,1013300
2022-08-12,9.656777381896973,9.73163664703816,9.606871601752065,9.644301234322658,844100
2022-08-15,9.800256729125977,9.812732876424192,9.538251091701506,9.606871389151223,916300
2022-08-16,9.78154182434082,9.812732488816218,9.687968046143256,9.769065082611629,706500
2022-08-17,9.712919235229492,9.781540112886018,9.513296161880369,9.687966351060853,873300
2022-08-18,9.61934757232666,9.731635866103819,9.6131092015782,9.700444607285299,490200
2022-08-19,9.500821113586426,9.575680374341818,9.463392078132523,9.538250743964122,751400
2022-08-22,9.263769149780273,9.40100974235085,9.251292407769965,9.40100974235085,734000
2022-08-23,9.344865798950195,9.382295430881616,9.28872224343879,9.307436761942592,470700
2022-08-24,9.388533592224121,9.413486481312855,9.31367492495792,9.394771963227257,363200
2022-08-25,9.64430046081543,9.64430046081543,9.382294838606535,9.388533209355266,623000
2022-08-26,9.513298034667969,9.638062480072296,9.44467773842654,9.638062480072296,585800
2022-08-29,9.482107162475586,9.544489685191566,9.394772344581806,9.419725234683433,516500
2022-08-30,9.226339340209961,9.532012374464315,9.201386451595805,9.532012374464315,576200
2022-08-31,9.263769149780273,9.40100974235085,9.232577889678305,9.313674927973903,637900
2022-09-01,8.870759963989258,9.251291639860339,8.783424561937839,9.226338752834756,1138800
2022-09-02,8.939380645751953,9.064145086339366,8.870760352159822,8.95809516310912,512900
2022-09-06,8.365463256835938,8.926904107214602,8.284366225283783,8.88323610873344,3129800
2022-09-07,8.577563285827637,8.602516173407638,8.32179603940167,8.384177960889792,1332100
2022-09-08,8.602517127990723,8.627470018339636,8.440323043260866,8.552611347292896,820100
2022-09-09,9.27000617980957,9.30119743740126,8.752233326528291,8.802139100705492,2041300
2022-09-12,9.319913864135742,9.401010912525757,9.238817410669606,9.338628979480738,816300
2022-09-13,9.11405086517334,9.23881590072011,9.03295383003745,9.10157471857293,1032100
2022-09-14,9.238815307617188,9.245053083055057,9.039191620511836,9.107812504642071,835500
2022-09-15,9.070384979248047,9.382296430521945,9.03919371513588,9.20138781258004,783100
2022-09-16,9.27000617980957,9.27000617980957,8.914427390066074,8.983047680828786,2427800
2022-09-19,9.2762451171875,9.307436376685299,9.151480674120094,9.151480674120094,730200
2022-09-20,9.195148468017578,9.245054247347957,9.126528170169262,9.195148468017578,594400
2022-09-21,9.170195579528809,9.382295439172035,9.170195579528809,9.288722251646526,664300
2022-09-22,8.864521980285645,9.163956637657808,8.833330721411766,9.076621826719483,830600
2022-09-23,8.571324348449707,8.752232920173654,8.452798289012803,8.733518404457033,1028600
2022-09-26,8.084742546081543,8.696088531493386,8.072265806008463,8.558847960231775,1499700
2022-09-27,7.984931468963623,8.290604479423303,7.860167035604952,8.197031303135235,1161800
2022-09-28,8.20327091217041,8.290606332504192,7.9724565101352844,8.003647774177626,1029700
2022-09-29,7.5357794761657715,8.103458136492973,7.423491180303674,8.078505247959596,2152800
2022-09-30,7.3486328125,7.766594158564424,7.342395036306718,7.579447189518235,1609500
2022-10-03,7.223868370056152,7.442206599923565,6.905718581937518,7.4047769681174485,2152000
2022-10-04,7.910073280334473,7.94126394434008,7.4110149222355926,7.4110149222355926,2268100
2022-10-05,7.69797420501709,7.791547396259417,7.348633140859644,7.791547396259417,1483800
2022-10-06,7.3985371589660645,7.8102606491127196,7.386061014071516,7.691734000534172,2002200
2022-10-07,7.261297225952148,7.585684755606006,7.173961824352695,7.3361558866414995,1841000
2022-10-10,7.018007278442383,7.442207019870532,7.005530535495039,7.267536188150795,1831200
2022-10-11,7.423491477966309,7.485873999263027,6.887004055525032,6.9868156136607285,2550500
2022-10-12,7.267535209655762,7.423490905956734,7.055435962422406,7.417253130246759,1983800
2022-10-13,7.495051860809326,7.566557524157089,7.007515952240971,7.157027286567596,1955500
2022-10-14,7.397546768188477,7.696568891329105,7.371544871390776,7.527556252176985,1360700
2022-10-17,7.436548233032227,7.612061476104658,7.339041289059119,7.4690507543346065,1166300
2022-10-18,7.631563186645508,7.787574554088173,7.514554971030542,7.586060026124914,1070300
2022-10-19,7.456048965454102,7.592559037879466,7.404045187381004,7.547055267115055,825900
2022-10-20,7.501552104949951,7.625060922703455,7.410545183492571,7.456048954188228,769800
2022-10-21,7.826577663421631,7.826577663421632,7.482052407206154,7.579559356344891,1270200
2022-10-24,7.937085151672363,7.950085787745459,7.696567494947019,7.885081367511964,1039800
2022-10-25,8.223106384277344,8.31411332117021,7.833077983166575,7.9110836633887285,1395400
2022-10-26,8.190604209899902,8.437621879082728,8.164602317357815,8.275109895711175,1717000
2022-10-27,8.216607093811035,8.483126679507677,8.145101415742312,8.25560962736298,1145500
2022-10-28,9.055168151855469,9.094170681735381,8.50262714577309,8.561131560526993,2272300
2022-10-31,9.016162872314453,9.165674188028488,8.821148409177571,8.964159098135802,1325700
2022-11-01,8.905654907226562,9.256680701177762,8.84715050491238,9.133171889574188,1071300
2022-11-02,8.77564811706543,9.185178436920575,8.723644325966436,8.860154432584817,1000500
2022-11-03,8.77564811706543,8.827651908164425,8.522129170507268,8.639138010447049,839900
2022-11-04,9.00316333770752,9.113671526309801,8.814649478315502,8.899155156720575,810700
2022-11-07,9.191678047180176,9.191678047180176,8.93815912871669,9.003164170353694,663300
2022-11-08,9.107172966003418,9.24368307585546,9.003165381341692,9.211180550665144,681200
2022-11-09,9.107172966003418,9.295686868186323,8.931659701936177,9.029167277507122,662300
2022-11-10,9.893729209899902,9.913230473315071,9.315186355822,9.471197703011326,1921000
2022-11-11,10.030241012573242,10.153749861947214,9.796223331751264,9.926233429956405,1212200
2022-11-14,9.906729698181152,10.01723788911341,9.822223398060368,9.945732844365352,1008700
2022-11-15,9.991236686706543,10.257756240871064,9.880728488160178,10.075742992649882,1190300
2022-11-16,9.913230895996094,9.978235936730329,9.731217649847853,9.945733416363211,583500
2022-11-17,9.763718605041504,9.835223642439335,9.627208537330075,9.78321986616202,729500
2022-11-18,9.776721954345703,10.043241536768527,9.672714372905975,9.997738374872167,1047000
2022-11-21,9.880729675292969,9.893730933123544,9.711717043100052,9.809224617027086,516100
2022-11-22,9.978238105773926,9.997739374259726,9.867729884464142,9.91323305090906,416200
2022-11-23,9.965235710144043,10.01073887139865,9.893730653896224,9.95873508141222,358900
2022-11-25,9.919730186462402,10.017237114481736,9.919730186462402,9.958732709696564,256700
2022-11-28,9.711716651916504,9.91973242928827,9.711716651916504,9.8612280112754,766600
2022-11-29,9.802722930908203,9.848226088539606,9.653212201585577,9.71171599571137,654700
2022-11-30,9.92623233795166,9.932732346199565,9.542703954294229,9.685714054692507,1076500
2022-12-01,9.919730186462402,10.12774529686841,9.809222004075728,9.939231448079484,879400
2022-12-02,9.86772632598877,9.939231364606833,9.65321059020066,9.757218144530178,531000
2022-12-05,9.679213523864746,9.802722352983032,9.659711640371865,9.763719825865254,617200
2022-12-06,9.575206756591797,9.705216852731326,9.484200433215026,9.679214957490236,604600
2022-12-07,9.705215454101562,9.770219872869383,9.341188353252596,9.458197174942262,832300
2022-12-08,9.672711372375488,9.841723949753419,9.659710118761543,9.679211999182462,815800
2022-12-09,9.562207221984863,9.731219870515407,9.549205962897519,9.685716083643857,478900
2022-12-12,9.39319133758545,9.588205817175812,9.302185035061502,9.588205817175812,1114600
2022-12-13,9.47769832611084,9.81572353145466,9.412693288180417,9.718215974559026,972700
2022-12-14,9.34118938446045,9.490700742006126,9.191678646848835,9.484200113431518,933000
2022-12-15,9.230679512023926,9.282683291364481,9.113671318474651,9.250180774293145,667100
2022-12-16,8.710641860961914,9.126672752027613,8.684639969016184,9.055167704160354,5733800
2022-12-19,8.808149337768555,8.951160052090442,8.665138623446667,8.736643670640612,878500
2022-12-20,8.606634140014648,8.788648000329635,8.567631612757147,8.736643597429644,868000
2022-12-21,8.788649559020996,8.899157152472077,8.717143879810523,8.717143879810523,689500
2022-12-22,8.678140640258789,8.736644436765545,8.496126762457592,8.684640648803503,730800
2022-12-23,8.580635070800781,8.704144560919207,8.535131900722517,8.652140760848564,2009200
2022-12-27,8.54813003540039,8.580632555901923,8.463624350004027,8.580632555901923,737700
2022-12-28,8.164603233337402,8.554631665225662,8.138601337878184,8.548131036377336,1083900
2022-12-29,8.339173316955566,8.379458819559813,8.21160106461357,8.27202995884646,792800
2022-12-30,8.31903076171875,8.386173481083775,8.225030186215873,8.2384591142848,1065600
2023-01-03,8.554031372070312,8.627889196936785,8.426459755078335,8.439888043028075,766000
2023-01-04,8.930033683776855,8.936748148399381,8.66146086181514,8.715175298142166,1246700
2023-01-05,9.08446216583252,9.14489106437207,8.815889994908483,8.88303271747621,640500
2023-01-06,9.024033546447754,9.165034100626308,8.983748039726214,9.091176911419097,620100
2023-01-09,9.071033477783203,9.185176805478447,9.057604549665392,9.097890693692287,550700
2023-01-10,9.118034362792969,9.26574938531595,9.030748242226053,9.057605460836905,777700
2023-01-11,9.259034156799316,9.29932030155567,9.151605291217773,9.171748043432675,739600
2023-01-12,9.346321105957031,9.420178297567356,9.245606695549624,9.359749395192269,723400
2023-01-13,9.682037353515625,9.688751818776746,9.259035646964751,9.265750112225872,542700
2023-01-17,9.769322395324707,9.876751266258124,9.688750742124643,9.735750713076369,721200
2023-01-18,9.802892684936523,9.930464290965,9.715606579621676,9.789463757814321,465600
2023-01-19,9.769322395324707,9.782750684028095,9.58803569537963,9.62832184214295,431800
2023-01-20,9.957322120666504,9.957322120666504,9.695463788528041,9.843178794374856,667600
2023-01-23,9.977466583251953,10.051324419004114,9.923752142883092,9.977466583251953,501100
2023-01-24,9.917037963867188,10.03789513021705,9.749180183628352,10.03789513021705,350200
2023-01-25,9.896893501281738,9.970751326426251,9.782750171809807,9.863321820791192,397300
2023-01-26,10.145322799682617,10.152037263771442,9.930465071452492,9.977465039421197,517400
2023-01-27,10.152037620544434,10.239323735787051,10.064751505301814,10.192323766166627,1254800
2023-01-30,10.064752578735352,10.111753193695082,9.950609234346423,10.037895358898346,833700
2023-01-31,10.239323616027832,10.239323616027832,10.058036923338134,10.071465851830654,1304200
2023-02-01,10.34003734588623,10.454180669342408,10.138608554212048,10.199036807518395,850200
2023-02-02,10.39375114440918,10.440751747894721,10.326608431371433,10.407180071212613,734500
2023-02-03,10.024465560913086,10.225894359221355,9.49403506869314,10.225894359221355,2345400
2023-02-06,9.554464340209961,9.870037139624836,9.534321586302042,9.73575104636104,1062900
2023-02-07,9.64846420288086,9.64846420288086,9.326177603190589,9.386605860387599,1399200
2023-02-08,9.682037353515625,9.742466260212415,9.480607877968545,9.655180132797792,726400
2023-02-09,9.749178886413574,10.09832268988383,9.70217827877845,9.990893827277597,954700
2023-02-10,9.702178001403809,9.809606860938768,9.655178035438892,9.72903521628755,433900
2023-02-13,9.769322395324707,9.80960790176145,9.695464566313047,9.715607959857998,392200
2023-02-14,9.547749519348145,9.776036174234939,9.4873206236044,9.702178350403015,453700
2023-02-15,9.574607849121094,9.581322313946353,9.420178359773148,9.487321727372535,285500
2023-02-16,9.567892074584961,9.628320969087214,9.440320462000832,9.440320462000832,401300
2023-02-17,9.460464477539062,9.48732169642589,9.29260669941474,9.339606672385036,715900
2023-02-21,9.037464141845703,9.332893593470628,9.017321384771133,9.319465302196482,721300
2023-02-22,9.08446216583252,9.218748251294539,9.057604948740115,9.057604948740115,578500
2023-02-23,9.01732063293457,9.178463956748892,8.970320016577073,9.104606760082325,533000
2023-02-24,8.829318046569824,8.95017584040862,8.809175294372206,8.876318655466328,664700
2023-02-27,8.836031913757324,8.950175235709557,8.789031948362819,8.876318055757261,615800
2023-02-28,8.748746871948242,8.883032961093052,8.742033047735939,8.809175772145052,575300
2023-03-01,8.72188949584961,8.809175612291464,8.668175061166401,8.728603960266652,537300
2023-03-02,8.73531723022461,8.73531723022461,8.567459484710653,8.627888375547915,741300
2023-03-03,8.815890312194824,8.849461994850223,8.728604193421418,8.795747558732218,633900
2023-03-06,8.815890312194824,8.93003364902723,8.72188972882502,8.862890283716432,617700
2023-03-07,8.614460945129395,8.889747593145243,8.607746480463984,8.829318691809744,704800
2023-03-08,8.69503402709961,8.715176784074925,8.580890670361656,8.69503402709961,690000
2023-03-09,8.392888069152832,8.721889127785252,8.379459140885446,8.695031911577026,647600
2023-03-10,8.110886573791504,8.40631657765645,8.050457680258834,8.345887684123777,1111500
2023-03-13,8.003458023071289,8.204887462508538,7.842314727652104,7.949743591264894,1428800
2023-03-14,8.218317031860352,8.47346094289111,8.157888126573246,8.225031496964839,1041300
2023-03-15,8.023601531982422,8.164602088859922,7.869172686049566,8.010173242927069,1013700
2023-03-16,8.050458908081055,8.124316740475033,7.8221722267298635,7.96317278636874,854500
2023-03-17,7.627458095550537,7.990030912901977,7.620744270292065,7.990030912901977,2746400
2023-03-20,7.748314380645752,7.896029392638828,7.66102826630105,7.66102826630105,987400
2023-03-21,7.835601806640625,8.023602354985497,7.835601806640625,7.922887935596695,760300
2023-03-22,7.6140289306640625,7.869172830670847,7.6140289306640625,7.855743901042096,803000
2023-03-23,7.466314315795898,7.795315425821748,7.4394570953922905,7.681172079024756,843000
2023-03-24,7.768457412719727,7.795314630382807,7.3790274364417865,7.392456365436615,688700
2023-03-27,7.842316150665283,7.902745057494129,7.795315534061374,7.8221727548379,740700
2023-03-28,7.842316150665283,7.902745057494129,7.7818872438364375,7.835601685389489,519500
2023-03-29,8.043744087219238,8.05717301626978,7.936315216121228,7.996744116195504,680700
2023-03-30,8.063888549804688,8.144460213809381,7.969887954969213,8.117602992474483,679400
2023-03-31,8.278746604919434,8.285461070565516,8.084031583469873,8.124317737019677,741200
2023-04-03,8.191458702087402,8.339173712742246,8.110887052728366,8.258602063383208,750600
2023-04-04,8.178031921386719,8.23174636419331,8.104174082282656,8.225031898760818,561000
2023-04-05,8.218317031860352,8.29888869213428,8.097459861612776,8.097459861612776,917800
2023-04-06,8.238459587097168,8.406317355633036,8.211601729417922,8.25188787561022,862600
2023-04-10,8.285459518432617,8.30560227127079,8.023601170230098,8.238459548368024,1642600
2023-04-11,8.406315803527832,8.426458552741629,8.231743602804396,8.285458027592153,1123800
2023-04-12,8.32574462890625,8.4801741008727,8.28545912514216,8.460031348990656,1031000
2023-04-13,8.297993659973145,8.353498581176641,8.207797997599746,8.284117098836843,1036300
2023-04-14,8.221674919128418,8.402065590111679,8.13841687200275,8.367375509092014,751200
2023-04-17,8.374311447143555,8.471445374843197,8.200858430182532,8.228610886429465,867600
2023-04-18,8.235550880432129,8.402065652579711,8.20086013748366,8.381251471478985,565100
2023-04-19,8.360435485839844,8.395126221300572,8.18004419078065,8.186982470206946,756200
2023-04-20,8.311870574951172,8.325747137782859,8.256365646966294,8.263303928382138,550400
2023-04-21,8.291054725646973,8.325745464081471,8.193921452035335,8.284116445625912,586800
2023-04-24,8.311870574951172,8.332685419198702,8.075974961850909,8.249428027221386,610900
2023-04-25,8.096787452697754,8.291054660054947,8.089849172731583,8.291054660054947,598600
2023-04-26,8.034344673156738,8.242488451244542,7.999653933196966,8.110663771731573,971000
2023-04-27,8.159231185913086,8.221674386375666,8.055158964585173,8.110663884625056,686100
2023-04-28,8.62408447265625,8.755908478349358,8.464507348216415,8.485321525605691,1949900
2023-05-01,8.540826797485352,8.707341534015328,8.450631149780595,8.582455150782472,1650500
2023-05-02,8.173107147216797,8.568580532595776,7.999654105355917,8.506137331658524,1030200
2023-05-03,8.13841724395752,8.270241939872285,8.124541343249652,8.186984550612339,1152200
2023-05-04,8.096787452697754,8.173106547313237,7.9788393399560436,8.055158434571528,1317900
2023-05-05,8.152291297912598,8.304930128758334,8.069033934270571,8.131477122419769,741400
2023-05-08,8.069034576416016,8.20779686019563,8.020467942510841,8.173106123833035,763600
2023-05-09,7.909459114074707,8.03434552652639,7.909459114074707,8.020469626071149,783800
2023-05-10,8.027406692504883,8.10372645559967,7.923335130411259,8.027406692504883,850600
2023-05-11,8.145354270935059,8.145354270935059,7.951087059241549,7.951087059241549,877500
2023-05-12,8.11760139465332,8.193921148718227,8.089848937267202,8.124539674417544,700500
2023-05-15,8.055157661437988,8.180044042159281,8.041281764508252,8.152291586629076,471800
2023-05-16,7.958024978637695,8.062096529052685,7.930272521082312,8.00659161394192,422700
2023-05-17,8.180044174194336,8.214734909584724,7.985776982347205,8.020467717737592,568400
2023-05-18,8.27023983001709,8.291054006604357,8.103725093977461,8.131477549984066,596900
2023-05-19,8.20779800415039,8.34656030726988,8.16616964404997,8.318807846645983,1022200
2023-05-22,8.145354270935059,8.24248820761722,8.1176018121217,8.24248820761722,677200
2023-05-23,8.145354270935059,8.374312221562969,8.138415990814016,8.145354270935059,745900
2023-05-24,8.027406692504883,8.145354815768778,7.971901771165503,8.145354815768778,550700
2023-05-25,7.7013139724731445,7.978838526104128,7.611118327125394,7.958024349999486,1004400
2023-05-26,7.937209606170654,7.971900341202817,7.652746769914251,7.67356160793599,628000
2023-05-30,8.124540328979492,8.152292788601516,7.937210730277714,7.978839750546165,585400
2023-05-31,8.075974464416504,8.152293570277152,8.013531258861931,8.110664546017139,601200
2023-06-01,8.291054725646973,8.304931285689092,8.082910956710775,8.110663415124215,677800
2023-06-02,8.631023406982422,8.679590710525385,8.346560513152959,8.395127816695922,761400
2023-06-05,8.485321998596191,8.589394214685324,8.422879462947678,8.561641756062384,760700
2023-06-06,8.6657133102417,8.762847246254717,8.464507819813225,8.4922602784354,608600
2023-06-07,8.790599822998047,8.859981301321183,8.707342446012772,8.714280726179249,580100
2023-06-08,8.894673347473145,8.936302376014956,8.735096838349948,8.783663486922928,621500
2023-06-09,8.804474830627441,8.901608758115495,8.755908197718789,8.901608758115495,484800
2023-06-12,8.936299324035645,8.977927676689328,8.776722207741235,8.804474663400601,511300
2023-06-13,9.054247856140137,9.08893859278006,8.936299748566856,8.957113925882505,572300
2023-06-14,9.109753608703613,9.15138196716705,8.991805490272496,9.068124588569349,758800
2023-06-15,9.255453109741211,9.26932900705754,9.040371077136747,9.054247636123826,712200
2023-06-16,9.220762252807617,9.31789617942883,9.081999973113557,9.297081341221665,2106500
2023-06-20,9.137506484985352,9.206887967816579,9.095877462952444,9.186073125964695,533600
2023-06-21,9.241578102111816,9.255454663428313,9.068125055680763,9.123629977605031,525600
2023-06-22,9.1791353225708,9.213826065789986,9.061187854298998,9.213826065789986,565200
2023-06-23,8.86691951751709,9.075063304846212,8.832228776017093,9.068125024212042,1447500
2023-06-26,8.97792911529541,9.08200133694742,8.846105095207875,8.887734116202846,410600
2023-06-27,9.255453109741211,9.276267286551079,8.970990267213606,8.991804444023474,439400
2023-06-28,9.394217491149902,9.401155772194357,9.16525951005008,9.20688853464591,577100
2023-06-29,9.359525680541992,9.421968879481293,9.29708248160269,9.387278139884923,498600
2023-06-30,9.352588653564453,9.421970142054528,9.331774471685796,9.421970142054528,460200
2023-07-03,9.359525680541992,9.421968879481293,9.29708248160269,9.359525680541992,268300
2023-07-05,9.262393951416016,9.394217989904929,9.248517388590376,9.331774780531417,619300
2023-07-06,9.095877647399902,9.186073312241154,8.93630115999137,9.186073312241154,685800
2023-07-07,9.220762252807617,9.331772076562865,9.075061693711168,9.088938252515947,636200
2023-07-10,9.484411239624023,9.50522541687272,9.241576745596419,9.283205761764577,848900
2023-07-11,9.616236686706543,9.657865709118381,9.498288561822342,9.532979303553729,744400
2023-07-12,9.66480541229248,9.803567737970605,9.657867130590834,9.77581527283498,936600
2023-07-13,9.736235618591309,9.814811008641314,9.564798032355435,9.571940754190955,1020300
2023-07-14,9.66480541229248,9.786240570450836,9.62194634543223,9.786240570450836,580300
2023-07-17,9.779094696044922,9.786238099128566,9.650516846701393,9.671946374719912,625000
2023-07-18,9.836241722106934,9.879100780246896,9.750522243362115,9.750522243362115,633900
2023-07-19,10.064824104309082,10.0862536310842,9.87195631963591,9.8933865276434,766400
2023-07-20,10.03625202178955,10.079111078956513,9.979106158078647,10.057681550373031,483400
2023-07-21,9.993391990661621,10.171972979835271,9.971962462705859,10.07196806188677,781100
2023-07-24,10.100541114807129,10.15054357438485,9.92910284539473,10.000535514419266,416100
2023-07-25,10.121971130371094,10.200546525095369,10.079111390646291,10.100541601124919,472800
2023-07-26,10.279122352600098,10.33626821669695,10.143400414445741,10.150543817765957,435700
2023-07-27,10.136256217956543,10.421986197314684,10.10054056661511,10.314837199593237,707300
2023-07-28,9.236207962036133,10.15768573755667,9.057626992507096,10.15768573755667,2177000
2023-07-31,9.129060745239258,9.329071960458686,9.000482885435304,9.243352478946091,1544800
2023-08-01,9.093344688415527,9.193350299107534,9.036198819800806,9.086201965763054,694400
2023-08-02,9.02191162109375,9.114773816864993,8.964765759270279,9.10048701079292,621400
2023-08-03,8.800470352172852,9.000481537436682,8.757611299068007,8.964765205694402,600600
2023-08-04,9.000481605529785,9.036197256309908,8.786184294687196,8.814757224050716,652500
2023-08-07,9.286211967468262,9.286211967468262,9.021912170142059,9.036198295851136,751600
2023-08-08,9.414791107177734,9.436220637728198,9.136204485091737,9.221923288526083,777100
2023-08-09,9.40050220489502,9.464791463455287,9.350499751006964,9.393358802558915,537000
2023-08-10,9.293353080749512,9.50050696172494,9.250493351719435,9.421930905375177,423100
2023-08-11,9.207636833190918,9.286212229892474,9.18620662217302,9.286212229892474,307300
2023-08-14,9.107630729675293,9.207636331950697,9.086201201056433,9.207636331950697,489700
2023-08-15,9.007625579833984,9.10763118713246,8.986196050138762,9.086201657437238,438500
2023-08-16,8.979052543640137,9.079058149793038,8.943336888301385,8.979052543640137,437600
2023-08-17,8.964765548706055,9.071913866800264,8.957622145837803,8.971908951574306,675900
2023-08-18,9.014768600463867,9.057628339265783,8.857617133166757,8.900476871968673,460500
2023-08-21,9.007625579833984,9.036198513171767,8.900477250125412,9.014768983476547,389800
2023-08-22,9.02191162109375,9.129059941704655,8.993338690182014,9.086200885953257,452200
2023-08-23,9.207636833190918,9.214779555631083,9.043341954882706,9.050485358555338,404800
2023-08-24,9.221921920776367,9.343357044605826,9.143346532923584,9.143346532923584,421000
2023-08-25,9.236207962036133,9.329070147939113,9.171918704008506,9.271923610956073,380300
2023-08-28,9.457648277282715,9.486221206047857,9.236208249660953,9.264781178426094,671800
2023-08-29,9.571940422058105,9.5933706305183,9.400502841770875,9.443362577458878,530800
2023-08-30,9.55765438079834,9.593370713976995,9.464792187026793,9.536224853384104,306800
2023-08-31,9.579085350036621,9.63623121923099,9.557655819396857,9.564799223354276,520600
2023-09-01,9.614801406860352,9.70052020814019,9.586228473100405,9.664803870632138,377500
2023-09-05,9.31478500366211,9.521938937989828,9.293355474244057,9.514795534439658,550500
2023-09-06,9.229065895080566,9.3576444297394,9.19334955976062,9.307641287798502,471800
2023-09-07,9.19334888458252,9.307640604226586,9.179062760243204,9.236208620065236,399800
2023-09-08,9.200492858886719,9.257638722258552,9.179063330430388,9.22192238734305,328700
2023-09-11,9.179062843322754,9.257638230981138,9.164776037621744,9.236208703662014,493700
2023-09-12,9.11477279663086,9.32192669286191,9.107629394394397,9.136202322107911,527200
2023-09-13,9.129060745239258,9.186206612092674,9.079058282050635,9.136204148904051,383200
2023-09-14,9.271924018859863,9.307640350583421,9.186205231462742,9.186205231462742,658800
2023-09-15,9.236207962036133,9.300497220063761,9.164775301731584,9.20763503416078,2069400
2023-09-18,9.321927070617676,9.40050245470589,9.214778076425716,9.221921478951653,735600
2023-09-19,9.379073143005371,9.46479193158124,9.329070686644208,9.336213408101248,496700
2023-09-20,9.221921920776367,9.457648765567107,9.221921920776367,9.457648765567107,412500
2023-09-21,8.793328285217285,9.179063198029443,8.786184882090737,9.143346863629121,598800
2023-09-22,8.879047393798828,8.929049854992405,8.764755664652116,8.807614722465912,358200
2023-09-25,8.793328285217285,8.907620010312382,8.779041478964189,8.843330744638285,348200
2023-09-26,8.629033088684082,8.829043599933312,8.614746964211047,8.793327948134529,573900
2023-09-27,8.636178016662598,8.736182949331619,8.564745337985428,8.629034612548377,476700
2023-09-28,8.757612228393555,8.77904175722,8.543314896431788,8.59331735743764,627400
2023-09-29,8.857616424560547,8.979051546680033,8.829043494722573,8.857616424560547,557400
2023-10-02,8.664749145507812,8.836186721113641,8.579030357704898,8.814757194471005,594100
2023-10-03,8.371877670288086,8.600461137741968,8.300444996092514,8.593317734075917,691700
2023-10-04,8.307587623596191,8.443308874408634,8.179009094549999,8.429022749643726,647400
2023-10-05,8.479023933410645,8.529026384418927,8.22186759521223,8.286156850069908,759800
2023-10-06,8.514741897583008,8.579031164791406,8.386163363166213,8.386163363166213,632700
2023-10-09,8.636178016662598,8.657607547772743,8.464740405316407,8.464740405316407,594500
2023-10-10,8.700465202331543,8.75046765666097,8.629032540804637,8.686178397533222,584600
2023-10-11,8.8290433883667,8.836186791048238,8.721895073073116,8.743324599885357,684600
2023-10-12,8.637109756469727,8.792134834068609,8.53376017408129,8.76998859555912,907700
2023-10-13,8.46731948852539,8.733076422952674,8.430408627184237,8.666637013341823,714200
2023-10-16,8.66663646697998,8.703547325994201,8.459936642122859,8.459936642122859,613500
2023-10-17,8.637109756469727,8.688785251680173,8.437792201851867,8.482084678870844,637600
2023-10-18,8.378734588623047,8.563288207720328,8.341823724000353,8.563288207720328,545200
2023-10-19,8.157269477844238,8.393497866844427,8.157269477844238,8.32705845643409,623800
2023-10-20,8.135122299194336,8.282765025201773,8.135122299194336,8.179414764988541,589400
2023-10-23,7.987480163574219,8.149887540509194,7.965333927088229,8.068684204049788,706600
2023-10-24,7.913658618927002,8.112976142193721,7.906276305912945,7.95056947998117,620100
2023-10-25,7.7881622314453125,7.950569600128242,7.76601599608459,7.854601641543607,607100
2023-10-26,7.913658618927002,8.068683672141614,7.8398368968186665,7.8398368968186665,747500
2023-10-27,9.065271377563477,9.094799921307358,8.733075084440818,8.939774890647982,2002500
2023-10-30,9.153858184814453,9.419615816667948,9.116948028404673,9.198151358128737,1400500
2023-10-31,9.338412284851074,9.4565271853656,9.212915775067508,9.212915775067508,881200
2023-11-01,9.604167938232422,9.6189318577233,9.301500196501413,9.404849744985563,1016000
2023-11-02,9.899456024169922,9.928984575089999,9.685373853995324,9.744430955835476,916800
2023-11-03,10.128301620483398,10.209504949877942,10.069244525648076,10.143065542184178,838000
2023-11-06,10.076626777648926,10.143066189583305,10.002805756401067,10.11353764028093,801300
2023-11-07,10.069245338439941,10.106155497679339,9.928984198872058,10.047098398076912,482600
2023-11-08,10.047098159790039,10.098773648728695,9.958512512487385,10.06924509962781,540200
2023-11-09,9.906837463378906,10.128301927737816,9.877308915065461,10.076626440177192,449000
2023-11-10,10.00280475616455,10.024950989922768,9.914219117115605,10.024950989922768,493400
2023-11-13,9.958511352539062,10.010186835458658,9.847779482312616,9.906836573635529,295800
2023-11-14,10.290709495544434,10.320238046452111,10.187359919375652,10.231652393729076,682200
2023-11-15,10.312854766845703,10.342383312972022,10.224269128466748,10.275943908183788,739000
2023-11-16,10.209506034851074,10.342384864359753,10.150448933739701,10.335002550716787,562100
2023-11-17,10.239031791687012,10.327617419183484,10.15044616419054,10.290706565055958,448200
2023-11-20,10.298090934753418,10.327619483153509,10.179976741153055,10.239033837953237,349500
2023-11-21,10.253796577453613,10.298089039895833,10.216885722741099,10.24641426570791,228000
2023-11-22,10.202122688293457,10.342383817244354,10.17259414072739,10.312855269678288,339800
2023-11-24,10.165212631225586,10.224269726935075,10.120919457435411,10.20212278803193,219600
2023-11-27,10.120919227600098,10.165212400384421,10.098772993215984,10.165212400384421,390000
2023-11-28,10.1356840133667,10.17997718992752,10.069245304549703,10.120920090523864,406200
2023-11-29,10.268563270568848,10.34976731367359,10.216888482423057,10.216888482423057,468300
2023-11-30,10.364531517028809,10.379296144907,10.253799624007199,10.312856727487553,410200
2023-12-01,10.63028621673584,10.65243315383228,10.246415125939606,10.357146995357583,683900
2023-12-04,10.777931213378906,10.777931213378906,10.615523837830414,10.615523837830414,622300
2023-12-05,10.814841270446777,10.836988210550802,10.681963149903385,10.792695034358903,586400
2023-12-06,10.512173652648926,10.888663193032928,10.504791339147397,10.851752329541448,758000
2023-12-07,10.615523338317871,10.630287260482387,10.423587422066285,10.504790754011438,631000
2023-12-08,10.60814094543457,10.652434119627202,10.475262126872796,10.475262126872796,479200
2023-12-11,10.659815788269043,10.689344336557252,10.556466221268375,10.5786124564805,640000
2023-12-12,10.763164520263672,10.859132464481949,10.622904111954512,10.667196576045395,680800
2023-12-13,11.087980270385742,11.110126504551099,10.792694097444581,10.81484033160994,966500
2023-12-14,11.41279411315918,11.486615831279186,11.257769068320032,11.272533693550464,1027800
2023-12-15,11.198712348937988,11.434940728375139,11.183947723215114,11.420176806668369,3319400
2023-12-18,11.213476181030273,11.338972682607357,11.183947633836613,11.265151666631255,563900
2023-12-19,11.464469909667969,11.516145398539027,11.257770066232162,11.27253469277136,781800
2023-12-20,11.324210166931152,11.604731752106032,11.324210166931152,11.4423243703698,753200
2023-12-21,11.5973482131958,11.5973482131958,11.353737518335574,11.442323161556011,653100
2023-12-22,11.5973482131958,11.641641386814074,11.508762569975366,11.5973482131958,461800
2023-12-26,11.656405448913574,11.708080232076497,11.56043749159949,11.634259213846054,516500
2023-12-27,11.671170234680176,11.73022733167913,11.626877059922897,11.649023295293473,543200
2023-12-28,11.572710037231445,11.671169046100754,11.542415013140145,11.640874022009454,594000
2023-12-29,11.322775840759277,11.542414944691277,11.31520190420878,11.51969385733013,568500
2024-01-02,11.36064624786377,11.451531331171827,11.209171109017007,11.239466136786358,590700
2024-01-03,11.125858306884766,11.284907369893837,11.118285092296048,11.284907369893837,540200
2024-01-04,11.125858306884766,11.231891256320939,11.103137218537864,11.110711155416956,484300
2024-01-05,11.231891632080078,11.307629558824043,11.050121474643046,11.050121474643046,421400
2024-01-08,11.368219375610352,11.383366527270866,11.178875284966438,11.19402243662695,471900
2024-01-09,11.322775840759277,11.35307086467092,11.209169681663202,11.22431683247385,325500
2024-01-10,11.231891632080078,11.390940700410082,11.201596605840573,11.29248168455909,501800
2024-01-11,11.004677772521973,11.163726829266324,10.898645549552635,11.110710717781656,694600
2024-01-12,11.072842597961426,11.254612755960068,11.012252545295212,11.095563687138656,386300
2024-01-16,10.959236145019531,11.01982619611137,10.838056042835854,10.928941119473611,479100
2024-01-17,10.785039901733398,10.981957941622541,10.754744874234333,10.792613839180772,412800
2024-01-18,10.928940773010254,10.936513987438865,10.762317776644698,10.853202850401267,395800
2024-01-19,11.125858306884766,11.141006180642952,10.815334117745717,10.913793130302796,429400
2024-01-22,11.201597213745117,11.284908359852409,11.095564255007298,11.194023276201609,463000
2024-01-23,11.247039794921875,11.315203063991898,11.201596893251443,11.284908036975082,290900
2024-01-24,11.178874969482422,11.383366206015811,11.148579944725979,11.360645118021072,406100
2024-01-25,11.33034896850586,11.368217926264768,11.224316031238974,11.322775032496018,336500
2024-01-26,11.33034896850586,11.451529055502132,11.322775032496018,11.383365075994154,361500
2024-01-29,11.466678619384766,11.496973645603745,11.315202765999471,11.36064566647314,546900
2024-01-30,11.148580551147461,11.481825841595029,11.14100661397378,11.46667868953807,720600
2024-01-31,10.860777854919434,11.194023158123867,10.860777854919434,11.194023158123867,795600
2024-02-01,10.936514854431152,11.00467884572487,10.709302513172648,10.883498737776224,959900
2024-02-02,10.572973251342773,10.93651353120334,10.368481302203458,10.800186287400793,969300
2024-02-05,10.572973251342773,10.61841614747051,10.323039128366052,10.451793158055919,1051400
2024-02-06,10.413925170898438,10.557826364543077,10.383630144747439,10.535105275502428,1155500
2024-02-07,10.262449264526367,10.474514431555855,10.239728177202936,10.474514431555855,812600
2024-02-08,10.262449264526367,10.353334336110432,10.201859216803655,10.217006367589162,640600
2024-02-09,10.444220542907715,10.451794480268873,10.224581415467076,10.277597532414342,700500
2024-02-12,10.519956588745117,10.58811984592227,10.436644737267,10.444218673272337,674000
2024-02-13,10.042810440063477,10.2700234864834,9.997367541863348,10.232154525031685,811500
2024-02-14,10.118547439575195,10.163990336872168,10.01251521636617,10.141269249368856,504200
2024-02-15,10.474515914916992,10.519958818289648,10.163991695790253,10.163991695790253,968300
2024-02-16,10.254875183105469,10.482088220000692,10.232154096103045,10.300318079400647,1466100
2024-02-20,10.4366455078125,10.4366455078125,10.103400244167155,10.22458034003819,1095500
2024-02-21,10.4366455078125,10.489662341473837,10.383629396441508,10.413924420409266,491300
2024-02-22,10.550253868103027,10.580548896316852,10.413925879995597,10.466941998797177,505700
2024-02-23,10.565400123596191,10.633564111859778,10.474515046674872,10.527531160973044,377700
2024-02-26,10.459367752075195,10.63356396655478,10.41392485309031,10.565399979222638,609900
2024-02-27,10.459367752075195,10.535104953996171,10.383629827863842,10.535104953996171,546200
2024-02-28,10.459367752075195,10.512383865648916,10.368481954105421,10.383629827863842,340300
2024-02-29,10.701727867126465,10.724448955289517,10.48208875544264,10.572973830385218,596400
2024-03-01,10.81533432006836,10.822908257089138,10.663859191104732,10.68658027987668,493400
2024-03-04,10.61084270477295,10.838055751402827,10.61084270477295,10.807760726671534,333200
2024-03-05,10.656285285949707,10.754744300643086,10.572974145343183,10.572974145343183,406700
2024-03-06,10.769891738891602,10.822907851469342,10.671432728182685,10.732022777497347,549200
2024-03-07,10.792613983154297,10.891073004412313,10.724449989799483,10.822909011057499,428800
2024-03-08,10.81533432006836,11.00467841184549,10.785039294275634,10.92894120850887,464800
2024-03-11,10.81533432006836,10.883498308674588,10.769892142524466,10.769892142524466,420600
2024-03-12,10.875923156738281,10.92136605149628,10.769890939453466,10.845628134329719,395200
2024-03-13,10.921366691589355,10.974382803338997,10.868350579839714,10.875923794167983,388100
2024-03-14,10.671432495117188,10.91379268708266,10.633563534549994,10.868350512234308,490400
2024-03-15,10.716875076293945,10.830481962302906,10.60326891257536,10.60326891257536,1999200
2024-03-18,10.701727867126465,10.838055840685518,10.663858905327798,10.71687501847171,470400
2024-03-19,10.754743576049805,10.785038599892017,10.648711353747236,10.663858504523171,458600
2024-03-20,11.01982593536377,11.03497308663313,10.71687496478252,10.71687496478252,495000
2024-03-21,11.163727760314941,11.186449571952227,10.997105475383966,11.04254765407772,637800
2024-03-22,10.974383354187012,11.269760396526204,10.974383354187012,11.186449256410713,410600
2024-03-25,10.94408893585205,11.118285885039704,10.94408893585205,11.004678990624166,383800
2024-03-26,10.860777854919434,11.057695895230905,10.822908889891776,11.04254802030367,578500
2024-03-27,10.997105598449707,11.012252750753664,10.898646580457534,10.921367670058677,485600
2024-03-28,11.118285179138184,11.163727356186927,10.997105077287694,11.012252228873814,532200
2024-04-01,11.057695388793945,11.133432593090102,11.012252488383933,11.133432593090102,560400
2024-04-02,10.868350982666016,11.034973260709275,10.800186995152691,10.974383210095294,1013600
2024-04-03,10.921366691589355,10.928940628207975,10.807760531471452,10.822907682418341,591700
2024-04-04,10.800187110900879,11.080416278566421,10.792613173920365,11.012252290322568,853700
2024-04-05,10.906218528747559,10.921366401582562,10.739596261304513,10.807760244481365,594400
2024-04-08,11.012251853942871,11.034972941693665,10.891071756218164,10.951661805080517,532900
2024-04-09,11.087989807128906,11.118284831644681,10.974382923476982,11.07284193372584,538000
2024-04-10,10.572973251342773,10.891071357365934,10.436645285249895,10.891071357365934,1621500
2024-04-11,10.674337387084961,10.697729458736829,10.533988675158314,10.658743416247294,1088000
2024-04-12,10.565176963806152,10.72112038431315,10.510596208931041,10.61975697508438,600700
2024-04-15,10.417030334472656,10.658743198082831,10.37804503637799,10.588568471757396,684000
2024-04-16,10.346856117248535,10.440422169029619,10.307870076440532,10.401436128221613,552000
2024-04-17,10.315667152404785,10.47161132263124,10.300073181540288,10.45601660816983,485300
2024-04-18,10.346856117248535,10.440422169029619,10.339058760367559,10.354652730532633,640900
2024-04-19,10.57297420501709,10.580770818259449,10.346856061857425,10.346856061857425,770100
2024-04-22,10.650944709777832,10.697728103558177,10.533987340722197,10.580769990905724,416300
2024-04-23,10.845874786376953,10.861469499745363,10.565176638117338,10.596365321257295,463300
2024-04-24,10.697729110717773,10.830281204711852,10.658743069496536,10.830281204711852,575600
2024-04-25,11.025211334228516,11.056400020372992,10.650946356897846,10.650946356897846,1116800
2024-04-26,10.99402141571045,11.118776146303993,10.89265801120398,11.025210098358835,730500
2024-04-29,10.923848152160645,11.071994228618422,10.923848152160645,11.009616854994416,587100
2024-04-30,10.799092292785645,10.97062968078769,10.799092292785645,10.900454956788275,610100
2024-05-01,11.173357963562012,11.243532696778594,10.892659774292657,10.91605110416586,1075100
2024-05-02,11.305909156799316,11.337097841970747,11.087588360599291,11.259125757243712,586100
2024-05-03,11.46185302734375,11.500839071219815,11.344895639312494,11.383881683188559,794500
2024-05-06,11.563216209411621,11.641188295582012,11.508636195250503,11.53202752366285,443900
2024-05-07,11.407272338867188,11.648984458159491,11.376083654326345,11.563215761571398,489600
2024-05-08,11.383881568908691,11.391678182728086,11.305909481939304,11.344895525423997,321800
2024-05-09,11.48524284362793,11.500837556563312,11.399474153273845,11.461851517821696,399600
2024-05-10,11.539825439453125,11.555419411283697,11.43066466225128,11.49304203676749,305600
2024-05-13,11.438461303710938,11.617796058316207,11.391677903954786,11.617796058316207,402800
2024-05-14,11.48524284362793,11.578809634046545,11.438460192015462,11.571012277578854,389300
2024-05-15,11.680171966552734,11.680171966552734,11.57101195345022,11.64118667250002,494300
2024-05-16,11.828320503234863,11.836117860632699,11.57101365788171,11.648985001069283,514000
2024-05-17,11.726956367492676,11.867305817644649,11.719159010573815,11.859508460725786,369900
2024-05-20,11.656781196594238,11.75034724525142,11.62559251370851,11.711361949341903,319100
2024-05-21,10.705525398254395,11.547621334773952,10.666540101816588,11.516432651465587,4680300
2024-05-22,10.760106086730957,10.892658175889864,10.721120046931834,10.744511373372564,3114100
2024-05-23,10.463813781738281,10.806889314301564,10.44821906755059,10.760106658932294,1673600
2024-05-24,10.580770492553711,10.619756531952907,10.495001800752963,10.502799157352172,819300
2024-05-28,10.596364974975586,10.721119703458518,10.55737893642546,10.62755365709632,797000
2024-05-29,10.518394470214844,10.557380514592788,10.409234438272938,10.495003141026856,611500
2024-05-30,10.68993091583252,10.728916953997867,10.5729735449333,10.604162226746213,625800
2024-05-31,10.666540145874023,10.900454899854491,10.627554105678323,10.728917512748398,1005600
2024-06-03,10.799092292785645,10.8380775895881,10.658742844786817,10.760106252386318,814000
2024-06-04,10.713323593139648,10.838078336133316,10.689932264727567,10.8068896503849,487600
2024-06-05,10.78349781036377,10.84587517890119,10.666540430255328,10.799092524296569,516700
2024-06-06,10.728918075561523,10.84587545868706,10.689932033320709,10.736715432729067,756200
2024-06-07,10.635353088378906,10.76010784120027,10.596367042222985,10.666541776584248,708300
2024-06-10,10.658742904663086,10.674336874752294,10.549582139651127,10.56517685333721,830200
2024-06-11,10.549582481384277,10.6275545651467,10.518393796598689,10.588568523265488,587600
2024-06-12,10.697729110717773,10.861469888969465,10.689931753754149,10.806889133820977,577700
2024-06-13,10.627554893493652,10.736715665414273,10.596366207744465,10.682134907655502,916300
2024-06-14,10.752307891845703,10.791293928605635,10.565175807714192,10.572973163785539,695800
2024-06-17,10.814685821533203,10.830280534495397,10.658742409895472,10.682133735741923,488500
2024-06-18,10.822484016418457,10.900455356479242,10.760106646931067,10.838077986991854,703600
2024-06-20,10.736714363098145,10.853671734571956,10.689930968350518,10.853671734571956,1165500
2024-06-21,10.666540145874023,10.744511482668557,10.61975674891981,10.721120155989883,1497600
2024-06-24,10.752307891845703,10.775699216462941,10.6509444937086,10.705524499014423,530800
2024-06-25,10.666540145874023,10.775700166105743,10.65874278911551,10.752308839427071,411300
2024-06-26,10.68993091583252,10.721119597645432,10.619756195854256,10.643147521314734,431200
2024-06-27,10.674337387084961,10.74451211484674,10.596366045702803,10.736715501226362,427900
2024-06-28,10.721121788024902,10.806890494634187,10.635353081415616,10.775701806449268,1764100
2024-07-01,10.604162216186523,10.75230826875113,10.510595427244128,10.75230826875113,744100
2024-07-02,10.705525398254395,10.721120111707009,10.541785368583133,10.658742745090281,603900
2024-07-03,10.721121788024902,10.767905192100773,10.650947053709585,10.767905192100773,313700
2024-07-05,10.736714363098145,10.760105688673539,10.682133611959776,10.7289170067074,561300
2024-07-08,10.78349781036377,10.830281208565278,10.74451176912866,10.79129516733017,1101900
2024-07-09,10.775699615478516,10.83807697916547,10.705524895431484,10.791294328198669,725600
2024-07-10,11.196748733520508,11.204546090953977,10.994022645428828,11.087588703839664,1270200
2024-07-11,11.399474143981934,11.46185150847894,11.157762042455248,11.391676787520598,2071100
2024-07-12,11.495673179626465,11.607903808051889,11.463607176574369,11.479639795843507,1356000
2024-07-15,11.59988784790039,11.64798647008573,11.407491065617592,11.495673147147071,1004400
2024-07-16,11.800301551818848,11.81633417239358,11.615921445869208,11.623938138413514,1379000
2024-07-17,11.9365816116333,12.008729547029102,11.728152204008532,11.736168896112678,1032800
2024-07-18,11.672037124633789,12.000713862420195,11.647987047834402,11.864433151945756,713500
2024-07-19,11.623937606811523,11.744184931421279,11.575838218259316,11.672036995363733,510900
2024-07-22,11.623937606811523,11.71211892722442,11.583854910436992,11.656003611008382,721000
2024-07-23,11.59988784790039,11.64798647008573,11.495673147147071,11.567821844938894,1408500
2024-07-24,10.67798900604248,11.150963126705928,10.653939694766965,11.118897123500634,2824000
2024-07-25,10.862369537353516,11.070798948877961,10.645923433574934,10.686006130331766,1070000
2024-07-26,11.030716896057129,11.070799595153854,10.910468798766955,11.022700203335004,974900
2024-07-29,10.934517860412598,11.118897188797366,10.894435165042136,11.062781873987015,654700
2024-07-30,11.006665229797363,11.038731996059116,10.9184839161189,10.982615919614833,505500
2024-07-31,11.038732528686523,11.183029161257906,11.006665760877523,11.134930538572053,757400
2024-08-01,10.886419296264648,11.134931414742216,10.734105959755993,11.102865408923872,895400
2024-08-02,10.902451515197754,10.97459944718596,10.677988733966211,10.71005473635446,828100
2024-08-05,10.549724578857422,10.734104663431289,10.269147252959856,10.421460571074102,1373300
2024-08-06,10.64592456817627,10.742122591936768,10.509643843387082,10.605841867147578,787300
2024-08-07,10.686005592346191,10.83831967945115,10.605840202868443,10.822286295750075,819000
2024-08-08,10.750137329101562,10.79022002283737,10.613856629108092,10.758154020751482,618700
2024-08-09,10.78220272064209,10.78220272064209,10.637906101683331,10.78220272064209,656000
2024-08-12,10.653939247131348,10.806252564828446,10.621873245273338,10.806252564828446,575700
2024-08-13,10.774187088012695,10.80625309143333,10.669973150281006,10.726088465138657,549300
2024-08-14,10.814270973205566,10.838321051802406,10.718072952359936,10.77418827339141,472000
2024-08-15,10.958566665649414,11.022698669474343,10.814269274786428,10.958566665649414,538700
2024-08-16,10.998649597167969,11.046748218820575,10.950550211001556,10.950550211001556,525400
2024-08-19,11.070798873901367,11.094848185987052,11.006666100816462,11.02269948521615,483900
2024-08-20,10.974599838256836,11.054765229340987,10.950550526737123,11.014682533798911,570700
2024-08-21,11.038732528686523,11.06278184002945,10.974599757582347,11.038732528686523,357100
2024-08-22,10.990632057189941,11.086830057584917,10.974598674867238,11.086830057584917,884100
2024-08-23,11.239145278930664,11.263194590356017,10.990633179155932,11.046748493986364,663500
2024-08-26,11.255178451538086,11.383442471462233,11.2391458313045,11.343359774107471,707000
2024-08-27,11.223113059997559,11.25517906673128,11.183030360451928,11.223113059997559,578300
2024-08-28,11.239145278930664,11.311293213206723,11.175012507606679,11.175012507606679,464100
2024-08-29,11.335343360900879,11.38344198405606,11.223111966015743,11.295260665262342,1664800
2024-08-30,11.391457557678223,11.39947424892162,11.239144246622434,11.343358174731588,689500
2024-09-03,11.183028221130371,11.431540299161606,11.150962220530898,11.287242914207098,990100
2024-09-04,11.110880851745605,11.183029552814384,11.046748842909768,11.183029552814384,680200
2024-09-05,11.150962829589844,11.199062215373091,11.078814133171871,11.158979521306017,550100
2024-09-06,11.054764747619629,11.1349301352105,11.006665362162346,11.10286413307691,685100
2024-09-09,11.038732528686523,11.094847843324626,10.95856713819167,11.0547651480772,568500
2024-09-10,11.0948486328125,11.110881253344026,11.00666654409053,11.03873331418134,431100
2024-09-11,11.062782287597656,11.102864984466713,10.966584273820233,11.078814907636966,448400
2024-09-12,11.158980369567871,11.175012989705156,11.070799047528151,11.110880980128295,314300
2024-09-13,11.375425338745117,11.391458722871914,11.207078627982918,11.271211399976272,528800
2024-09-16,11.383441925048828,11.423524620479593,11.31129322617622,11.423524620479593,650800
2024-09-17,11.415508270263672,11.511706283469316,11.391458958090723,11.511706283469316,1131200
2024-09-18,11.423524856567383,11.567822257294768,11.35137615620369,11.455590860671931,653900
2024-09-19,11.527739524841309,11.615920844723485,11.455590824704144,11.615920844723485,875900
2024-09-20,11.431541442871094,11.519722762213622,11.415508058710362,11.439558134951461,1654700
2024-09-23,11.351375579833984,11.455590279010691,11.279226883133665,11.447573587263143,588000
2024-09-24,11.423524856567383,11.463607552826527,11.35137615620369,11.37542546815364,383300
2024-09-25,11.287243843078613,11.447573859270163,11.271211223716369,11.447573859270163,571500
2024-09-26,11.335343360900879,11.375425292025586,11.295260665262342,11.343359288417522,467300
2024-09-27,11.447574615478516,11.487657313302657,11.367409984344105,11.439558687524785,560900
2024-09-30,11.431541442871094,11.519722762213622,11.423524750790728,11.455590754598358,704100
2024-10-01,11.423524856567383,11.591871569244718,11.359392848358288,11.591871569244718,892900
2024-10-02,11.383441925048828,11.399475309026665,11.31129322617622,11.343359229618065,649100
2024-10-03,11.359392166137695,11.383441476643295,11.279226778433964,11.375424784970162,508300
2024-10-04,11.45559024810791,11.471623631559753,11.351375549212335,11.439557629169869,770000
2024-10-07,11.367409706115723,11.463607719830799,11.31129362472987,11.463607719830799,719200
2024-10-08,11.495673179626465,11.511705798895603,11.311293088691555,11.399475170470179,784400
2024-10-09,11.511706352233887,11.591871745974379,11.439558415284068,11.503690424470921,612300
2024-10-10,11.431541442871094,11.511706070133254,11.38344205490273,11.48765675840599,1037000
2024-10-11,11.48102855682373,11.522268040625978,11.184105689287467,11.423293751447224,1066400
2024-10-14,11.571755409240723,11.596499572788726,11.423294360841558,11.522268655300257,632100
2024-10-15,11.547011375427246,11.654233718302685,11.530515267333612,11.580002805036786,541100
2024-10-16,11.6542329788208,11.720215833853151,11.596498177311913,11.596498177311913,616300
2024-10-17,11.621241569519043,11.703719745149915,11.588250141951159,11.662481050623319,419900
2024-10-18,11.596498489379883,11.645985238697023,11.555259007230468,11.645985238697023,419500
2024-10-21,11.390301704406738,11.612993646345384,11.37380559714878,11.612993646345384,658100
2024-10-22,11.274831771850586,11.365558005725891,11.241840342570683,11.357310738339203,653600
2024-10-23,11.151113510131836,11.365557395651543,10.961412212021788,11.233591685615513,1134600
2024-10-24,11.373805046081543,11.406796472421322,11.208847914382646,11.225343234263713,1043800
2024-10-25,11.217096328735352,11.439788267053796,11.208848275240456,11.390301519239774,672200
2024-10-28,11.274831771850586,11.324318522481581,11.20884891329078,11.241840342570683,502000
2024-10-29,11.316070556640625,11.340813930428904,11.10162588626842,11.233591595242801,606700
2024-10-30,11.390301704406738,11.489275988221435,11.365557543519799,11.37380559714878,576000
2024-10-31,11.118122100830078,11.390302380703243,11.109874833289105,11.365558218347124,605700
2024-11-01,11.043891906738281,11.217097109295473,11.019147744531734,11.184105679597804,670900
2024-11-04,11.068634986877441,11.15111395220861,11.060386933028783,11.118121736813976,784000
2024-11-05,11.02739429473877,11.101625198079711,10.98615481659629,11.043890400626811,782300
2024-11-06,11.08513069152832,11.332566809505083,10.829447305995261,11.283080057856372,1418900
2024-11-07,11.076883316040039,11.159361496843479,11.043891886403118,11.10987474567696,1066700
2024-11-08,11.08513069152832,11.134618229754766,11.043891994013638,11.10162679979638,1367300
2024-11-11,11.126370429992676,11.17585796935051,11.043892246499954,11.093378999280036,885000
2024-11-12,10.887182235717773,11.085130817721538,10.86243885961174,11.076883550071356,846800
2024-11-13,10.812950134277344,10.986155321168635,10.812950134277344,10.887181041027562,903000
2024-11-14,10.771712303161621,10.903678020581067,10.746968141212184,10.812950999921906,784500
2024-11-15,10.771712303161621,10.796455678533336,10.713976711857322,10.75521619519533,901000
2024-11-18,10.812950134277344,10.870685720959546,10.71397585413627,10.7552153341728,431500
2024-11-19,10.887182235717773,10.911925611823808,10.75521651438193,10.763464568609857,432700
2024-11-20,10.845942497253418,10.878933926815053,10.779959638130148,10.862438605323097,387300
2024-11-21,11.002653121948242,11.019148444556127,10.854191285588387,10.895430771974766,518500
2024-11-22,11.076883316040039,11.151114229367543,11.035643832349455,11.052139153879052,508500
2024-11-25,11.200601577758789,11.291327817453483,11.142866769460143,11.142866769460143,545000
2024-11-26,11.093378067016602,11.184105083785173,10.99440378319627,11.175857030155722,549300
2024-11-27,11.184104919433594,11.283079201799488,11.10162595750651,11.10162595750651,437500
2024-11-29,11.20884895324707,11.274831812042086,11.18410557784337,11.18410557784337,296100
2024-12-02,11.233592987060547,11.266584418391709,11.142866747544293,11.208849610206617,494000
2024-12-03,11.109874725341797,11.250088497686502,11.076883295765262,11.23359238960937,379700
2024-12-04,11.142866134643555,11.19235288562945,11.076883275610543,11.142866134643555,621900
2024-12-05,11.076883316040039,11.184105659004464,11.043891886403118,11.159361496843479,448800
2024-12-06,11.184104919433594,11.20884829338065,11.10162595750651,11.134617384961809,399600
2024-12-09,11.20884895324707,11.266583758048279,11.192352845259455,11.266583758048279,393700
2024-12-10,11.167610168457031,11.233593031379673,11.10162730553439,11.2170977089379,537400
2024-12-11,11.109874725341797,11.217097068109966,11.060387187688132,11.2088490140714,416000
2024-12-12,11.076883316040039,11.13461812126022,11.068635261986376,11.085130583515973,646300
2024-12-13,11.175857543945312,11.192352865384866,11.010900396661157,11.076883255574819,434400
2024-12-16,11.20884895324707,11.406797529632119,11.175857523849562,11.200600899253262,971100
2024-12-17,11.076883316040039,11.307823323498488,11.060387207932715,11.159361496843479,841500
2024-12-18,10.746967315673828,11.18410470426878,10.697480568731766,11.085129637229336,921500
2024-12-19,10.680985450744629,10.911925459866326,10.672737396631563,10.84594260011727,1031900
2024-12-20,10.705728530883789,10.862438408393796,10.557267493836804,10.590258922800324,3411000
2024-12-23,10.639745712280273,10.689233249197311,10.582010908025158,10.680985195281519,908800
2024-12-24,10.771712303161621,10.779959570567046,10.623250477775882,10.647993853147598,566300
2024-12-26,10.722225189208984,10.821199481181583,10.66449038220274,10.804704159141693,906800
2024-12-27,10.679675102233887,10.798810398905848,10.603087662060002,10.620106642349565,1069600
2024-12-30,10.58607006072998,10.67967731211132,10.492463620897151,10.637128635260575,927000
2024-12-31,10.713715553283691,10.781793108206905,10.620108306602921,10.62861820385544,1025400
2025-01-02,10.68818473815918,10.798810136221187,10.61159729984831,10.764771364921726,650600
2025-01-03,10.807320594787598,10.849869264014977,10.66265560634353,10.679675398653826,944200
2025-01-06,10.645637512207031,10.824341288606732,10.645637512207031,10.790302512699572,889200
2025-01-07,10.620108604431152,10.722225751228194,10.577560740072292,10.679677075320843,599200
2025-01-08,10.560540199279785,10.594578975292071,10.44991397435275,10.53501132015768,571700
2025-01-10,10.305249214172363,10.424385338772925,10.228662575016774,10.424385338772925,922200
2025-01-13,10.211642265319824,10.313758590587213,10.015919511444432,10.296739608816853,1064800
2025-01-14,10.432894706726074,10.44991368849244,10.186113384500672,10.211642262924427,655500
2025-01-15,10.654147148132324,10.69669500831288,10.52650113294542,10.637127354821372,605400
2025-01-16,10.696695327758789,10.764772879938839,10.62861777557874,10.679676345487994,848800
2025-01-17,10.815831184387207,10.858379856342545,10.764772615731118,10.790302305833372,563100
2025-01-21,10.807320594787598,10.892417933242356,10.781791717870517,10.858379160170125,483200
2025-01-22,10.722225189208984,10.84136050164675,10.69669549807365,10.781792845427868,477500
2025-01-23,10.68818473815918,10.781791156345617,10.645636071147772,10.72222350945864,755800
2025-01-24,10.730733871459961,10.824341112341664,10.60308866677381,10.654147235577321,760000
2025-01-27,10.977514266967773,11.003043954983951,10.7222238791928,10.7222238791928,690400
2025-01-28,10.89241886138916,11.07112263813287,10.866889982296755,10.926457637361846,529400
2025-01-29,10.798810958862305,10.977514724685008,10.756263100157971,10.934966865980677,442300
2025-01-30,10.969006538391113,11.020064297638024,10.875399293857692,10.892419087972295,641600
2025-01-31,11.573193550109863,11.649780176519139,11.258333902606791,11.402998882849289,2025400
2025-02-03,11.360452651977539,11.598724084044374,11.326413875967992,11.411510410217643,1132700
2025-02-04,11.496607780456543,11.51362676272328,11.147710122729842,11.147710122729842,819800
2025-02-05,11.530646324157715,11.607233771685634,11.445548979893712,11.513626530685546,947300
2025-02-06,11.598724365234375,11.607234262330177,11.454059360799548,11.556175691303816,988800
2025-02-07,11.488097190856934,11.581703616550941,11.420019642797948,11.564684635310389,626900
2025-02-10,11.590214729309082,11.590214729309082,11.454059618901978,11.564685848994868,550000
2025-02-11,11.615742683410645,11.649781458298246,11.530646151965843,11.530646151965843,613500
2025-02-12,11.590214729309082,11.615743609623296,11.437039824326854,11.47107860192863,629700
2025-02-13,11.675312042236328,11.692331025209262,11.556175915231911,11.615743572959884,368000
2025-02-14,11.71786117553711,11.71786117553711,11.641273720290696,11.700841380349683,439600
2025-02-18,11.7093505859375,11.79444712220004,11.658292014941212,11.658292014941212,391600
2025-02-19,11.734878540039062,11.785937107007959,11.607233339939409,11.615742424810566,379400
2025-02-20,11.913582801818848,11.939111680589185,11.700840251786367,11.700840251786367,563200
2025-02-21,11.973150253295898,12.049737699857875,11.905072703362677,12.007189028262509,766300
2025-02-24,12.00718879699707,12.126324912859781,11.956131041304761,11.973150022686067,604900
2025-02-25,12.364596366882324,12.373106263370468,12.075266378672612,12.075266378672612,1498900
2025-02-26,12.270991325378418,12.577340329598467,12.236952547131745,12.31354000107388,1194100
2025-02-27,12.245460510253906,12.364595809524074,12.219930821940276,12.22844071804482,623100
2025-02-28,12.466712951660156,12.475222848326846,12.28800917940172,12.28800917940172,657400
2025-03-03,12.415655136108398,12.509261564354581,12.313538811235723,12.449693911065957,646400
2025-03-04,12.219932556152344,12.390127256203238,12.168874795375856,12.305029906177792,805300
2025-03-05,12.339068412780762,12.381617086858663,12.211423202095517,12.25397106462496,430900
2025-03-06,12.194403648376465,12.347578553458861,12.194403648376465,12.202913545669592,727900
2025-03-07,12.560320854187012,12.568830751302418,12.168874513911314,12.219932273506844,693100
2025-03-10,12.449694633483887,12.704985866253551,12.407145959430865,12.517772187349337,754900
2025-03-11,12.194403648376465,12.526282338872166,12.134835990421522,12.500752646992783,781100
2025-03-12,12.194403648376465,12.2284424260005,12.032719657549414,12.202913545669592,835800
2025-03-13,12.134835243225098,12.407145447450016,12.126325346455962,12.236951569809442,511100
2025-03-14,12.347578048706055,12.364597031048122,12.17738416754318,12.228441926117823,401300
2025-03-17,12.415655136108398,12.415655136108398,12.25397034639869,12.25397034639869,533500
2025-03-18,12.47522258758545,12.543300136399276,12.381616160853538,12.466712691096623,891800
2025-03-19,12.45820426940918,12.551810701124536,12.390126716971023,12.534790907240776,600000
2025-03-20,12.560320854187012,12.628398408013354,12.466713609014448,12.475223506129856,583100
2025-03-21,12.449694633483887,12.543301067161766,12.415655856551162,12.492243307536906,1754100
2025-03-24,12.534790992736816,12.662437013090324,12.415655680931676,12.492243130834092,678400
2025-03-25,12.466712951660156,12.585849070348583,12.42416509142353,12.534790501896854,592200
2025-03-26,12.466712951660156,12.500751726778505,12.32204795452007,12.483732744993537,613100
2025-03-27,12.568830490112305,12.611378351708249,12.4156555914119,12.424165488350464,957600
2025-03-28,12.449694633483887,12.61988851814751,12.313539525752986,12.61988851814751,647300
2025-03-31,12.466712951660156,12.653926620585281,12.33906774785345,12.36459662630511,786800
2025-04-01,12.4326753616333,12.49224383242983,12.381617599863121,12.449695156589021,433100
2025-04-02,12.407145500183105,12.449694172661196,12.29651927635944,12.381616621315622,914300
2025-04-03,12.279500961303711,12.432675054377256,12.092287279159965,12.202913508992703,1521300
2025-04-04,11.632762908935547,12.066757913542281,11.505117701250477,11.96464158508454,1272400
2025-04-07,11.088141441345215,11.802956536780542,10.917947564229284,11.292374905432752,1924800
2025-04-08,10.798810958862305,11.590213466298335,10.739243307437532,11.488097144620845,1377800
2025-04-09,11.411510467529297,11.45405914064203,10.32226881820487,10.645637597693836,2492900
2025-04-10,10.739242553710938,11.317902480818905,10.51799013316397,11.317902480818905,1925000
2025-04-11,10.712879180908203,10.783185970345814,10.378926331173068,10.739244541239701,1342900
2025-04-14,11.038043975830078,11.108349919017096,10.748030912542442,10.871066732176198,998000
2025-04-15,11.205020904541016,11.301691371408536,11.002891517969022,11.081985079162633,626700
2025-04-16,11.152291297912598,11.310480100387943,11.117138323819521,11.22259808421176,807200
2025-04-17,11.415939331054688,11.486245281140066,11.16986850575586,11.16986850575586,720000
2025-04-21,11.336843490600586,11.415937883948741,11.205020060428946,11.301690520013954,528900
2025-04-22,11.609281539916992,11.609281539916992,11.38957522828958,11.468669634573539,902100
2025-04-23,10.800762176513672,11.451092653595037,10.7392446778504,11.169868844719433,3309200
2025-04-24,10.607420921325684,10.827127242566815,10.572267943451626,10.774398194812282,2247800
2025-04-25,10.721667289733887,10.74803181110492,10.528325510749253,10.607419912975377,1131000
2025-04-28,11.081985473632812,11.1347153544185,10.756820250107978,10.774397156407547,1182800
2025-04-29,11.2841157913208,11.39836316879771,11.038044968046783,11.196232935380708,1155100
2025-04-30,11.2841157913208,11.38078626236448,11.002891993293352,11.196232935380708,1000900
2025-05-01,11.25775146484375,11.407150981549663,11.187444676005674,11.328057415568782,894300
2025-05-02,11.354422569274902,11.44230543162715,11.292905068496184,11.354422569274902,750300
2025-05-05,11.275327682495117,11.371998156491475,11.240174706667982,11.310480658322254,531600
2025-05-06,11.090773582458496,11.2929038080631,11.090773582458496,11.240173928914466,557000
2025-05-07,11.117137908935547,11.19623230722147,11.064408868820252,11.134714814382633,536100
2025-05-08,11.152291297912598,11.328057006490987,11.134715229922566,11.178656657067163,562000
2025-05-09,11.196233749389648,11.222599110956356,11.073198747864039,11.1786576797916,486500
2025-05-12,11.310481071472168,11.398363933306724,11.222599047750696,11.336845594777301,672000
2025-05-13,11.354422569274902,11.424728523911465,11.319269591956623,11.398364000451027,440400
2025-05-14,11.275327682495117,11.424728039288706,11.26653922901007,11.33684518066434,505500
2025-05-15,11.503822326660156,11.512610780055233,11.292904473856568,11.292904473856568,475800
2025-05-16,11.538975715637207,11.618070122801235,11.521398808217167,11.538975715637207,612200
2025-05-19,11.389575004577637,11.468669409308038,11.319269053286847,11.424727980223032,431200
2025-05-20,11.345633506774902,11.415939457639865,11.328057438115183,11.33684505338852,375800
2025-05-21,10.897432327270508,11.257751369320252,10.888644712089226,11.213809940961694,631400
2025-05-22,10.818338394165039,10.923797315772424,10.660149592697458,10.871067435912227,891600
2025-05-23,10.73924446105957,10.835914933880828,10.677726125525094,10.695303032281528,536900
2025-05-27,10.906220436096191,10.941373410050137,10.748031634246928,10.82712603517156,479100
2025-05-28,10.791973114013672,10.932585010517354,10.739244071881298,10.871067515325246,710700
2025-05-29,10.84470272064209,10.93258473468308,10.809549747403096,10.906220214282083,547200
2025-05-30,10.791973114013672,10.844702994259059,10.704091097755379,10.791973114013672,621100
2025-06-02,10.651361465454102,10.73924432187116,10.607420037245573,10.712878962078223,858300
2025-06-03,10.756820678710938,10.81833901509759,10.572267345777085,10.581055799277044,717400
2025-06-04,10.809550285339355,10.862279328765407,10.67772600054816,10.7392443353626,701800
2025-06-05,10.862279891967773,10.994104183593976,10.783186322727746,10.809550845807754,770100
2025-06-06,10.923797607421875,10.985315103807025,10.818338682998892,10.96773819734668,507600
2025-06-09,10.99410343170166,11.099562354922385,10.976526525441695,10.976526525441695,638500
2025-06-10,11.187444686889648,11.222598500399407,10.967738381131912,11.055621238680224,457100
2025-06-11,11.231386184692383,11.319269042780826,11.213810115942524,11.248963091555291,494800
2025-06-12,11.319269180297852,11.336845249261241,11.169868822600272,11.187444891563661,414800
2025-06-13,11.055622100830078,11.248963899645899,11.020469122692031,11.134716511168964,574700
2025-06-16,10.941373825073242,11.178657036847653,10.90622084978589,11.143504061560302,615500
2025-06-17,10.774396896362305,10.906220337975364,10.73924392272462,10.879855817275352,858200
2025-06-18,10.862279891967773,10.967738822400888,10.739244892185678,10.756820961534657,618900
2025-06-20,10.932585716247559,10.985315599896813,10.871068217084318,10.906221193479464,2586900
2025-06-23,10.99410343170166,11.046832474255513,10.765608679000245,10.915009029757861,600500
2025-06-24,11.108351707458496,11.187445277693216,11.020468845269132,11.05562182252226,567500
2025-06-25,11.125926971435547,11.248962801969405,11.029256500517318,11.029256500517318,614200
2025-06-26,11.328057289123535,11.371997879251428,11.125927054460487,11.21380991094234,623900
2025-06-27,11.205020904541016,11.35442125031727,11.125926505234412,11.328056729919398,746400
2025-06-30,11.301692008972168,11.336844984190082,11.205021536651167,11.266539033754254,690600
2025-07-01,11.424728393554688,11.54776423182137,11.284116485885953,11.31048100904557,692600
2025-07-02,11.62685775756836,11.688376095526852,11.407151443134069,11.4335168043076,1019000
2025-07-03,11.62685775756836,11.749893595372269,11.512611211602035,11.609281688232416,479000
2025-07-07,11.468668937683105,11.679586782881922,11.4598804846049,11.600492381404113,893000
2025-07-08,11.538975715637207,11.705952145562206,11.45109285476316,11.4686697621832,982000
2025-07-09,11.591704368591309,11.662011157774257,11.503822348810456,11.582916753292356,1149700
2025-07-10,11.547764778137207,11.644435259704597,11.521399415617184,11.591705372777671,1593300
2025-07-11,11.411800384521484,11.529634803741866,11.375543706640396,11.475249354706541,927800
2025-07-14,11.438992500305176,11.47524917762677,11.293965791018799,11.339286853777635,965600
2025-07-15,11.357415199279785,11.574956136046422,11.348351677919538,11.438992942513849,868300
2025-07-16,11.565892219543457,11.565892219543457,11.37554443241644,11.37554443241644,797600
2025-07-17,11.448057174682617,11.683726015434768,11.393671725113892,11.466185081587263,900700
2025-07-18,11.339287757873535,11.547763452987892,11.284902305341236,11.529635545095422,1062700
2025-07-21,11.312094688415527,11.466185796637665,11.312094688415527,11.429929116139954,951100
2025-07-22,11.502442359924316,11.556827812330416,11.330223345421976,11.330223345421976,931700
2025-07-23,11.68372631072998,11.701854218092791,11.07642628659602,11.148939644902098,1615600
2025-07-24,11.574956893920898,11.792496980503646,11.574956893920898,11.656533778068832,766400
2025-07-25,11.230517387390137,11.42992869048772,11.139875257307658,11.303030745685152,1287100
2025-07-28,11.067361831665039,11.330222969991752,11.058297445826467,11.230517319049692,977400
2025-07-29,11.112683296203613,11.221453336897191,11.085490137709638,11.185196656666,723500
2025-07-30,10.904207229614258,11.194261549006763,10.858886161169103,11.11268379869098,963000
2025-07-31,10.686665534973145,10.904205593557403,10.668537628971466,10.87701330234121,1336800
2025-08-01,10.695731163024902,10.822629113064174,10.605089029201892,10.822629113064174,959500
2025-08-04,10.985784530639648,10.994848916843466,10.713858995517255,10.713858995517255,1015000
2025-08-05,10.949527740478516,11.03110548664013,10.931399832680068,10.976720034389908,585300
2025-08-06,10.849822044372559,10.967656470100783,10.80450097841133,10.967656470100783,711200
2025-08-07,10.858884811401367,10.90420587421308,10.795435842121394,10.804500227569212,615100
2025-08-08,10.849822044372559,10.940463311867584,10.849822044372559,10.904206631984087,770100
2025-08-11,10.75917911529541,10.91327020949042,10.741051208910488,10.886077917699351,559200
2025-08-12,10.922334671020508,10.994848025920327,10.804500253201459,10.822628159712725,543600
2025-08-13,11.112683296203613,11.121747682368273,10.922335508882991,10.940463416784866,690900
2025-08-14,11.040169715881348,11.085489916947225,10.940463198910594,10.994848650388043,583700
2025-08-15,11.022040367126465,11.112682493369743,10.976719304004826,11.040169138146073,603500
2025-08-18,10.87701416015625,10.976719812097144,10.813565187505446,10.949527518736431,874300
2025-08-19,11.022040367126465,11.040169138146073,10.904205948781156,10.904205948781156,507200
2025-08-20,11.031105041503906,11.112682784373629,10.97671959144829,11.049232948570843,387700
2025-08-21,10.777308464050293,10.985784153007133,10.76824407815806,10.922335180616342,455500
2025-08-22,11.203323364257812,11.23051651983835,10.831692215597323,10.831692215597323,848800
2025-08-25,11.103618621826172,11.194260752265109,11.058297556606703,11.121747393684927,676200
2025-08-26,11.139875411987305,11.203324385269593,11.040169759054077,11.058297666665831,551900
2025-08-27,10.994848251342773,11.19426041361942,10.967655958804674,11.103618285922563,676500
2025-08-28,11.040169715881348,11.076426395390506,10.922335291369729,11.076426395390506,545000
2025-08-29,11.158004760742188,11.1942614422671,11.003913648154441,11.031105943191257,534200
2025-09-02,10.994848251342773,11.130810578460663,10.913270509301082,11.058297222074136,650700
2025-09-03,11.230517387390137,11.230517387390137,10.931399568316342,10.931399568316342,729400
2025-09-04,11.393672943115234,11.411801716385268,11.21238953255233,11.284902896777492,715200
2025-09-05,11.420865058898926,11.574956159896908,11.33928731549677,11.484314030688422,516700
2025-09-08,11.312094688415527,11.457122274833825,11.203324646922391,11.420865594336112,1038700
2025-09-09,11.230517387390137,11.330223038938929,11.230517387390137,11.257709680643913,502700
2025-09-10,11.221453666687012,11.293967029280509,11.176132598959208,11.25771034798376,680700
2025-09-11,11.203323364257812,11.303029872531745,11.176131073104628,11.23051651983835,677800
2025-09-12,11.103618621826172,11.203324273767066,11.076426328465459,11.167067594476976,493700
2025-09-15,11.103618621826172,11.176131980406353,11.049233170677326,11.176131980406353,427900
2025-09-16,11.01297664642334,11.121747550252262,10.985784352679824,11.058297712280819,579000
2025-09-17,11.09455394744873,11.303030496267121,11.022040590753829,11.022040590753829,517000
2025-09-18,11.049233436584473,11.11268327518966,10.967656554539133,11.103618889042142,914000
2025-09-19,10.967656135559082,11.076426171891807,10.940462978155344,11.076426171891807,2080900
2025-09-22,10.82262897491455,11.012976761971142,10.768244386856919,10.985784467942326,936300
2025-09-23,10.895142555236816,10.958591525693414,10.831692720352828,10.84075710596874,647100
2025-09-24,10.93139934539795,10.97671954508758,10.849821602872774,10.886078281280918,485700
2025-09-25,10.949527740478516,11.003913192728739,10.858885608203959,10.985784420502851,692100
2025-09-26,11.049233436584473,11.049233436584473,10.958592168391615,10.967656554539133,468600
2025-09-29,11.022040367126465,11.049232659228498,10.922334719800764,11.031104752636269,457400
2025-09-30,11.112683296203613,11.121747682368273,10.97672009701606,11.02204116341191,765900
2025-10-01,11.339287757873535,11.366480051925963,11.09455451811935,11.130811198331736,769900
2025-10-02,11.411800384521484,11.448057062402572,11.275837194146865,11.339287028759308,677000
2025-10-03,11.420865058898926,11.565891774090579,11.366479608488353,11.384608380101014,1056500
2025-10-06,11.275836944580078,11.448056809024061,11.230516746552325,11.420864517321936,810600
2025-10-07,11.248644828796387,11.384608018288086,11.221452536668998,11.221452536668998,1381900
2025-10-08,11.375543594360352,11.393671500908274,11.257709176303031,11.357414823385051,907400
2025-10-09,11.103618621826172,11.393672056146897,11.058297556606703,11.34835185535485,1407300
2025-10-10,11.028658866882324,11.216061550318228,10.972437615048312,11.141100476943867,1256200
2025-10-13,11.103618621826172,11.169209329838955,10.981806668655022,11.066138089589385,980500
2025-10-14,11.225430488586426,11.234800845721018,11.00054727899486,11.04739817106138,1077500
2025-10-15,11.291021347045898,11.347241698916738,11.225429745054743,11.234800101568677,756000
2025-10-16,10.916214942932129,11.319131330101712,10.888104767475712,11.262910979188876,895600
2025-10-17,10.981807708740234,10.981807708740234,10.869366101380548,10.90684663716711,761000
2025-10-20,11.084878921508789,11.112989099852651,10.925586421549474,11.009917850187518,568100
2025-10-21,10.963066101074219,11.084878055860269,10.944326281510573,11.075507699275253,698600
2025-10-22,11.881341934204102,11.881341934204102,11.459684772811608,11.64708835281116,2029500
2025-10-23,11.768898963928223,11.928190558771012,11.609606475479039,11.90008038245833,1535600
2025-10-24,11.815749168395996,11.946931482847136,11.768899171583683,11.871970415619744,1426000
2025-10-27,11.806380271911621,11.871970985482385,11.656457236654024,11.806380271911621,942700
2025-10-28,11.806380271911621,11.843860807324408,11.675197951163643,11.750159021989216,833000
2025-10-29,11.544015884399414,11.956302676617378,11.515905705622977,11.90008142545803,980000
2025-10-30,11.281651496887207,11.553385592742877,11.075508112360223,11.478424524479687,1289300
2025-10-31,11.281651496887207,11.337872744887811,11.112988646491818,11.24417096275561,794200
2025-11-03,11.281651496887207,11.365982922084902,11.131729360360826,11.26291167662462,995800
2025-11-04,11.412834167480469,11.431573988324864,11.21606113377886,11.253541669074098,711800
2025-11-05,11.422203063964844,11.506534487593521,11.394092887290753,11.394092887290753,747600
2025-11-06,11.309762001037598,11.440944321093735,11.262912002223535,11.431573963888342,692300
2025-11-07,11.394092559814453,11.422202735680633,11.244170430386323,11.291021319234208,578800
2025-11-10,11.422203063964844,11.440943777485174,11.31913182042224,11.384722530530588,586000
2025-11-11,11.647088050842285,11.73141948093436,11.478425190658134,11.497165905614805,838900
2025-11-12,11.609606742858887,11.731418701161138,11.544015138476805,11.656456739923556,723400
2025-11-13,11.62834644317627,11.675197333364727,11.572126089835244,11.58149555298781,692600
2025-11-14,11.67519760131836,11.67519760131836,11.506534750211548,11.628346710054643,558300
2025-11-17,11.553385734558105,11.665827338333086,11.515905199966445,11.665827338333086,519000
2025-11-18,11.58149528503418,11.628346174138679,11.487794400431566,11.553385109014034,754500
2025-11-19,11.572126388549805,11.665827277739044,11.534645854152824,11.609606922946787,525200
2025-11-20,11.590866088867188,11.731418761604603,11.590866088867188,11.665827156884575,540600
2025-11-21,11.871970176696777,11.94693124241558,11.581495376831626,11.618975909691027,915700
2025-11-24,11.909451484680176,11.928191305526358,11.78763952155742,11.91882184190649,915500
2025-11-25,12.01252269744873,12.087483767822322,11.937561627075137,11.946931984273448,1089100
2025-11-26,12.106224060058594,12.228036018569545,11.881340856779797,11.956301924539396,1256600
2025-11-28,12.03126335144043,12.162444777132375,11.965672638594457,12.162444777132375,507700
2025-12-01,12.087483406066895,12.096853762984768,11.909451092659394,11.97504180387167,765000
2025-12-02,12.003152847290039,12.153074983208915,12.003152847290039,12.115594449229196,724500
2025-12-03,12.07811450958252,12.106224688048934,12.00315343793444,12.068744152224895,792300
2025-12-04,11.862600326538086,12.096853890312081,11.825119792078503,12.087483533295577,876600
2025-12-05,11.900080680847168,12.050002816415885,11.82511961306281,11.862600146954989,1254700
2025-12-08,11.871970176696777,11.94693124241558,11.768898934735022,11.86259982008033,929900
2025-12-09,11.759529113769531,11.937561429559526,11.722048579202877,11.871970717469491,847300
2025-12-10,11.759529113769531,11.853230003382949,11.731418936246149,11.75015875672626,724900
2025-12-11,11.815749168395996,11.90945094923344,11.787638991587327,11.815749168395996,833900
2025-12-12,11.67519760131836,11.909451164030521,11.656456887370302,11.834490095451143,841100
2025-12-15,11.853230476379395,11.900081369858878,11.712678689547412,11.768899940444085,1097500
2025-12-16,11.712677955627441,11.890710267366158,11.703307598797402,11.890710267366158,1018900
2025-12-17,11.937561988830566,12.031263776440316,11.750159307217542,11.750159307217542,1668100
2025-12-18,12.359217643737793,12.406068535260157,12.10622425928731,12.274887111325253,1546600
2025-12-19,12.349847793579102,12.471659750280098,12.28425619005924,12.31236726025621,4230600
2025-12-22,12.490399360656738,12.527879893351027,12.312367053760457,12.340477229879578,1015800
2025-12-23,12.153075218200684,12.47166020999166,12.11559468349624,12.452919495836221,1139300
2025-12-24,12.218666076660156,12.246776254623061,12.05937357885962,12.237406791039724,667600
2025-12-26,12.112332344055176,12.266998853883907,12.083332603933568,12.150998971512358,1092400
2025-12-29,12.112332344055176,12.199332486305115,12.073665716597993,12.170332746183508,935800
2025-12-30,12.150999069213867,12.218666359221862,12.112332441445782,12.131666216272386,611900
2025-12-31,12.13166618347168,12.266998919351517,12.102666443195302,12.15099903636089,662700
