Date,close,high,low,open,volume
2017-11-28,16.279298782348633,16.311727169066867,16.188497072822994,16.253355083323118,849700
2017-11-29,16.25336265563965,16.28579229453026,16.201476470478905,16.246876727861526,726300
2017-11-30,16.2274227142334,16.279308907492112,16.2274227142334,16.266337049911325,711700
2017-12-01,16.25985336303711,16.311739563449915,16.182024680950203,16.24688150366776,377800
2017-12-04,16.23390769958496,16.292279818241752,16.23390769958496,16.27930796141483,353300
2017-12-05,16.2274227142334,16.266337049911325,16.214450856652615,16.259851121120935,415800
2017-12-06,16.23390769958496,16.246878319347527,16.220935842758042,16.240393627998422,286300
2017-12-07,16.25985336303711,16.28579708177581,16.22742495167833,16.24688150366776,311500
2017-12-08,16.24688148498535,16.298767685338493,16.24688148498535,16.29228299272587,380300
2017-12-11,16.25985336303711,16.279311152091136,16.24688150366776,16.25985336303711,216400
2017-12-12,16.2728214263916,16.279307354563283,16.253363641876557,16.26633549821992,238000
2017-12-13,16.285795211791992,16.285795211791992,16.246879638152343,16.285795211791992,493200
2017-12-14,16.344165802001953,16.344165802001953,16.25984997075652,16.272821827419563,143300
2017-12-15,16.35713005065918,16.370101902269813,16.314323929995176,16.344159436112403,164200
2017-12-18,16.2728214263916,16.357136018494842,16.2728214263916,16.357136018494842,507600
2017-12-19,16.279298782348633,16.295512975707748,16.24038447087402,16.279298782348633,484600
2017-12-20,16.240394592285156,16.29228078560927,16.220936805889455,16.25985114161643,1099300
2017-12-21,16.24688148498535,16.272825203694218,16.227424933018295,16.24039679237273,184800
2017-12-22,16.24688148498535,16.259853344339785,16.227424933018295,16.24688148498535,123300
2017-12-26,16.331193923950195,16.357136400177964,16.253364021138218,16.253364021138218,186400
2017-12-27,16.37659454345703,16.37659454345703,16.31173649587205,16.31173649587205,117200
2017-12-28,16.40902328491211,16.40902328491211,16.350651164596112,16.370108950389575,120300
2017-12-29,16.50630760192871,16.720338253638445,16.399291657541777,16.409019929917267,471200
2018-01-02,16.344165802001953,16.499824370765435,16.305250232012828,16.499824370765435,158100
2018-01-03,16.331193923950195,16.409022589697837,16.292279591076376,16.409022589697837,133200
2018-01-04,16.305252075195312,16.376596057842587,16.292281454130382,16.344167649583543,170800
2018-01-05,16.344165802001953,16.370108278263697,16.32470801700739,16.32470801700739,116100
2018-01-08,16.240394592285156,16.357137599466093,16.22742273468802,16.337681050134815,124100
2018-01-09,16.279298782348633,16.305241244310487,16.24038447087402,16.253355083323118,189500
2018-01-10,16.143102645874023,16.24039031516613,16.10418832039564,16.22093253389489,226800
2018-01-11,16.071767807006836,16.20148270126247,15.987451950529199,16.182026147509713,263100
2018-01-12,15.974470138549805,16.143100509390617,15.95501359691767,16.143100509390617,562100
2018-01-16,15.993931770324707,16.05230388341134,15.974473986941083,16.019875481502872,175900
2018-01-17,16.01338768005371,16.065273859274836,15.955015573796935,16.039330151132226,124400
2018-01-18,15.890158653259277,16.00690287394819,15.79611456025275,15.955016691093581,251800
2018-01-19,15.779901504516602,15.922588208449248,15.766929648596104,15.916103517553267,171400
2018-01-22,15.6826171875,15.870704175615046,15.64370285152179,15.870704175615046,146600
2018-01-23,15.708556175231934,15.728013957429582,15.67612777530001,15.715042102631148,216300
2018-01-24,15.6826171875,15.779903645977743,15.604787278479144,15.702073736956887,158400
2018-01-25,15.6826171875,15.76044585945642,15.64370285152179,15.76044585945642,118700
2018-01-26,15.585331916809082,15.760447060589092,15.585331916809082,15.760447060589092,146400
2018-01-29,15.468585968017578,15.630730472426432,15.468585968017576,15.630730472426432,178900
2018-01-30,15.215636253356934,15.501010862852745,15.189693781801376,15.501010862852745,104400
2018-01-31,15.423185348510742,15.475071539240675,15.215639348526649,15.345355443883662,116700
2018-02-01,15.475066184997559,15.624238777100603,15.449122480076715,15.501008652854466,116000
2018-02-02,15.306442260742188,15.468586773595254,15.24158420818807,15.468586773595254,83200
2018-02-05,15.196176528930664,15.403721206199771,15.189690603133023,15.403721206199771,85300
2018-02-06,15.215636253356934,15.338866395172143,15.079435494296002,15.338866395172143,122500
2018-02-07,15.29346752166748,15.52047004430944,15.280495666187544,15.306439377147415,101400
2018-02-08,15.338869094848633,15.358326879738003,15.26558045552091,15.312926618727142,65700
2018-02-09,15.442645072937012,15.44913100274525,15.189699995738769,15.30644425815784,92300
2018-02-12,15.468585968017578,15.513986231321754,15.429671633337483,15.488042516825427,64300
2018-02-13,15.543173789978027,15.57625165803027,15.468587459207473,15.559387994569102,91000
2018-02-14,15.481554985046387,15.559383640128265,15.384267310597787,15.559383640128265,71000
2018-02-15,15.50101375579834,15.572357730753208,15.442641637574239,15.520471540894489,63600
2018-02-16,15.42967414855957,15.501016900925402,15.410216359515472,15.501016900925402,35300
2018-02-20,15.42967414855957,15.501016900925402,15.384272640790009,15.384272640790009,73400
2018-02-21,15.481554985046387,15.56586956756245,15.44263942044128,15.56586956756245,75000
2018-02-22,15.520471572875977,15.598300239292255,15.501013787739732,15.565871834462865,85700
2018-02-23,15.572354316711426,15.598296787421054,15.533439992114948,15.565868389768001,103700
2018-02-26,15.676126480102539,15.715040804218487,15.591811905007308,15.598296594806584,69000
2018-02-27,15.709704399108887,15.801881640147112,15.709704399108887,15.782128836001469,177500
2018-02-28,15.775548934936523,15.775548934936522,15.70312447799542,15.73604457153037,74100
2018-03-01,15.847970962524414,15.861139499204704,15.749209449063793,15.788713803283885,110100
2018-03-02,16.0125789642334,16.05866760135964,15.847975971170438,15.887480337875619,107200
2018-03-05,15.999412536621094,16.124511179502115,15.926988064065842,16.02574962178398,189900
2018-03-06,16.10475730895996,16.131094392394807,16.038917112015355,16.05208439791152,100200
2018-03-07,16.091588973999023,16.196934789228052,16.091588973999023,16.131093340754617,79600
2018-03-08,16.1245059967041,16.1245059967041,16.03891300907902,16.104753189180958,66500
2018-03-09,16.019161224365234,16.111338487050133,16.005992685175674,16.111338487050133,71600
2018-03-12,16.038915634155273,16.091588540350315,15.999410012643132,16.065251459342225,58200
2018-03-13,16.032331466674805,16.038915736969038,16.012578655792115,16.012578655792115,55300
2018-03-14,16.058664321899414,16.111337218689986,16.032328501414586,16.038912770491024,97300
2018-03-15,16.065250396728516,16.1245075692561,16.045498843100027,16.1245075692561,42800
2018-03-16,16.1245059967041,16.1245059967041,16.03232873990464,16.11133745835534,70700
2018-03-19,16.065250396728516,16.098171745811094,16.032330303466996,16.098171745811094,82500
2018-03-20,16.032331466674805,16.15743009062288,16.025747196380575,16.15743009062288,47000
2018-03-21,16.025745391845703,16.104754114837604,15.9882164367977,16.104754114837604,44100
2018-03-22,15.966486930847168,16.05866418549246,15.933566841565536,16.05866418549246,42400
2018-03-23,15.946734428405762,16.025744402340223,15.926982876787847,15.933567145934129,42000
2018-03-26,15.913812637329102,16.05405391327261,15.894059832001801,16.025742689208865,66300
2018-03-27,15.999412536621094,16.038918164365423,15.92040379277512,15.97307670727955,59900
2018-03-28,15.999412536621094,16.0323338930747,15.953323893407386,16.0323338930747,156800
2018-03-29,15.999412536621094,16.065253993706968,15.940155350825943,16.065253993706968,55600
2018-04-02,15.966486930847168,16.065248454512968,15.933566841565536,16.065248454512968,43000
2018-04-03,15.900647163391113,15.99940869741048,15.834805722104525,15.99940869741048,37000
2018-04-04,15.834809303283691,15.989536536926925,15.801889203105752,15.986245029237661,55900
2018-04-05,15.93356704711914,15.93356704711914,15.842047841448968,15.93356704711914,80200
2018-04-06,15.9599027633667,15.973071301491494,15.887477059501235,15.966487032429097,29100
2018-04-09,15.979656219482422,16.02574484896994,15.933567589994908,16.02574484896994,48700
2018-04-10,15.999412536621094,16.019165350493257,15.969783943723519,16.019165350493257,46500
2018-04-11,15.9599027633667,15.999407121920171,15.940149956179503,15.99282410867869,41900
2018-04-12,15.900647163391113,15.99940869741048,15.900647163391115,15.99940869741048,70500
2018-04-13,15.867725372314453,15.97965543377532,15.867725372314455,15.913813999535828,77000
2018-04-16,15.9599027633667,15.966487032429097,15.808468342394287,15.913814135750826,53600
2018-04-17,15.986245155334473,15.999412442016716,15.959908070327318,15.966492341579107,42000
2018-04-18,15.93356704711914,15.999407226531785,15.907229970697344,15.999407226531785,50400
2018-04-19,15.93356704711914,15.953318598614564,15.86838366204984,15.953318598614564,34800
2018-04-20,15.834809303283691,15.933572115460162,15.834809303283691,15.933572115460162,52100
2018-04-23,15.907230377197266,15.907230377197266,15.828879707735785,15.834804671007452,39900
2018-04-24,15.874310493469238,15.926983392524187,15.808469055695312,15.920399123164696,45200
2018-04-25,15.82164192199707,15.86114629313839,15.795304837355312,15.86114629313839,77300
2018-04-26,15.736044883728027,15.854559232118842,15.703124789539954,15.847974962117009,50300
2018-04-27,15.828224182128906,15.828224182128906,15.742629923739544,15.742629923739544,19900
2018-04-30,15.78212833404541,15.82821820891934,15.768961054187825,15.82821820891934,44200
2018-05-01,15.788715362548828,15.8282209764912,15.762379542408146,15.8282209764912,52300
2018-05-02,15.854559898376465,15.86114416865499,15.787402350849346,15.788718451412363,43000
2018-05-03,15.854559898376465,15.867728438933515,15.815713582807971,15.86114416865499,25500
2018-05-04,15.920401573181152,15.920401573181152,15.84139158452927,15.854560125274777,42300
2018-05-07,15.867725372314453,15.933566806553948,15.854556834302375,15.926982537547907,68300
2018-05-08,15.834809303283691,15.926987844260308,15.815057745505456,15.926987844260308,68800
2018-05-09,15.920401573181152,15.926985843553906,15.847975854902023,15.90064876206289,44000
2018-05-10,15.953319549560547,15.953319549560545,15.868384607933017,15.926983727389846,40600
2018-05-11,16.045495986938477,16.05207899976213,15.926981662979324,15.933565931623814,49100
2018-05-14,16.025745391845703,16.117922653943257,16.019161122292875,16.052081214236,56900
2018-05-15,15.966486930847168,16.057348085180905,15.940149854765137,16.038912634251844,32300
2018-05-16,15.940154075622559,16.025748339733102,15.9006497068599,16.025748339733102,56600
2018-05-17,15.966486930847168,15.999407020128798,15.940149854765137,15.999407020128798,32300
2018-05-18,16.0125789642334,16.019163234654457,15.900648878717739,15.992827408791396,76200
2018-05-21,15.979656219482422,16.0580068896112,15.97307195015264,16.045497656959288,25900
2018-05-22,15.979656219482422,16.012576310310372,15.940150603503724,15.979656219482424,54200
2018-05-23,16.0125789642334,16.02574750507552,15.964514920398722,15.99941042339128,28900
2018-05-24,16.10475730895996,16.10475730895996,15.992828471825629,16.038917112015355,55700
2018-05-25,16.137676239013672,16.183764872279855,16.078419066008273,16.183764872279855,38000
2018-05-29,16.09817123413086,16.13767559595325,16.00599271545059,16.13767559595325,139500
2018-05-30,16.190265655517578,16.210287052139844,16.057460494745065,16.196939454391668,137700
2018-05-31,16.25033187866211,16.25033187866211,16.17692134900854,16.196942749704217,102500
2018-06-01,16.41716957092285,16.430517168545233,16.257002218145185,16.28369614049298,136000
2018-06-04,16.41716957092285,16.430517168545233,16.330411459274345,16.41716957092285,104700
2018-06-05,16.397151947021484,16.450541076897405,16.350436617492214,16.44386727655076,57700
2018-06-06,16.41716957092285,16.423843369734044,16.40382197330047,16.40382197330047,67900
2018-06-07,16.43718719482422,16.477229981601976,16.419169340960682,16.477229981601976,24300
2018-06-08,16.39047622680664,16.477234348253546,16.350434702314203,16.437191550864,54300
2018-06-11,16.403823852539062,16.443865377096433,16.31706700384857,16.39047625338757,117600
2018-06-12,16.330411911010742,16.450537747141187,16.323738112014937,16.450537747141187,61500
2018-06-13,16.297048568725586,16.35043770214322,16.28370096714684,16.35043770214322,33600
2018-06-14,16.403823852539062,16.403823852539062,16.303719404697077,16.31706700384857,39100
2018-06-15,16.350431442260742,16.403820555237964,16.3170637239863,16.363779038729263,39100
2018-06-18,16.403823852539062,16.41049765211481,16.330413330102953,16.377129927133186,67700
2018-06-19,16.39047622680664,16.443865350428922,16.323739504054505,16.443865350428922,106600
2018-06-20,16.35710906982422,16.437192121589703,16.323740070840973,16.437192121589703,58200
2018-06-21,16.35710906982422,16.39715059570696,16.34376147023092,16.35710906982422,66400
2018-06-22,16.41716957092285,16.437189694459455,16.363780453330296,16.41716957092285,57700
2018-06-25,16.377124786376953,16.430513893327056,16.357103393934395,16.430513893327056,34600
2018-06-26,16.410497665405273,16.457212989576227,16.350434742072014,16.457212989576227,67000
2018-06-27,16.363779067993164,16.437188302907586,16.350431471500773,16.437188302907586,64600
2018-06-28,16.377124786376953,16.417166298365352,16.354434129521398,16.38379731096109,65500
2018-06-29,16.41716957092285,16.48390628613779,16.377128050952678,16.430517168545233,71600
2018-07-02,16.410497665405273,16.450539189995073,16.383802467080663,16.383802467080663,46800
2018-07-03,16.38380241394043,16.450539136638383,16.38380241394043,16.450539136638383,36900
2018-07-05,16.41716957092285,16.4772324873266,16.39047437567809,16.450537292081837,128700
2018-07-06,16.530624389648438,16.543971989519342,16.477235263062013,16.510602989842084,39500
2018-07-09,16.497249603271484,16.54396618643298,16.48390328097922,16.54396618643298,40600
2018-07-10,16.536630630493164,16.58401423020566,16.5172775008752,16.54397270176628,176000
2018-07-11,16.530624389648438,16.543971989519342,16.483909062997466,16.530624389648438,65500
2018-07-12,16.503923416137695,16.52394480893972,16.463881903430384,16.52394480893972,43300
2018-07-13,16.483905792236328,16.53062110961798,16.477231993625104,16.53062110961798,46800
2018-07-16,16.472562789916992,16.523949646299197,16.430518998331554,16.523949646299197,59800
2018-07-17,16.29037094116211,16.497253625444426,16.28369714194048,16.497253625444426,89900
2018-07-18,16.33708953857422,16.392480937612955,16.31773640797892,16.35043713969381,72500
2018-07-19,16.370454788208008,16.39714871142992,16.330411994029625,16.39047491240019,173900
2018-07-20,16.450536727905273,16.489911248513057,16.383800014979094,16.443862929322965,33500
2018-07-23,16.430517196655273,16.510600236732632,16.430517196655273,16.510600236732632,74900
2018-07-24,16.403823852539062,16.477234374975172,16.377129927133186,16.477234374975172,44300
2018-07-25,16.403823852539062,16.47656610398962,16.37179012373432,16.463886775823678,45800
2018-07-26,16.39047622680664,16.477234348253546,16.383802427241715,16.430519024196187,38500
2018-07-27,16.397151947021484,16.43986401466058,16.38380434632819,16.38380434632819,20900
2018-07-30,16.423843383789062,16.4431965093302,16.361778200399147,16.41049578615526,39000
2018-07-31,16.35710906982422,16.450539721183002,16.35710906982422,16.42384579489356,36400
2018-08-01,16.343765258789062,16.417175800671945,16.32174285996267,16.417175800671945,18800
2018-08-02,16.343765258789062,16.42384960201561,16.343765258789062,16.343765258789062,55100
2018-08-03,16.39047622680664,16.39047622680664,16.34376090274928,16.34376090274928,28900
2018-08-06,16.283700942993164,16.41050061200847,16.283700942993164,16.41050061200847,64800
2018-08-07,16.297048568725586,16.35043770214322,16.28370096714684,16.35043770214322,39500
2018-08-08,16.26367950439453,16.340426297834664,16.25033190391001,16.337088761264912,49400
2018-08-09,16.183589935302734,16.33708347249284,16.183589935302734,16.33708347249284,46100
2018-08-10,16.19694709777832,16.243662439045064,16.183599493731368,16.243662439045064,23000
2018-08-13,16.07014274597168,16.210290002037134,16.07014274597168,16.210290002037134,27200
2018-08-14,16.083492279052734,16.1302076123897,16.070144677271497,16.070144677271497,57900
2018-08-15,16.156902313232422,16.156902313232422,16.090166846939777,16.10351317645985,30800
2018-08-16,16.170242309570312,16.317063321307007,16.163568511500753,16.176916107639876,52200
2018-08-17,16.25033187866211,16.283699606924326,16.183595149240432,16.183595149240432,59100
2018-08-20,16.330411911010742,16.330411911010742,16.283696590937126,16.283696590937126,66600
2018-08-21,16.397151947021484,16.397151947021484,16.337089016798917,16.337089016798917,513300
2018-08-22,16.377124786376953,16.417166298365352,16.350429596453544,16.410492500884498,41200
2018-08-23,16.370454788208008,16.410496309489382,16.343759592089086,16.39714871142992,161300
2018-08-24,16.397151947021484,16.403825747368135,16.377131818878805,16.403825747368135,45100
2018-08-27,16.350431442260742,16.443862071746665,16.31038992575204,16.443862071746665,54500
2018-08-28,16.410497665405273,16.410497665405273,16.30772395222918,16.410497665405273,64000
2018-08-29,16.483905792236328,16.49725211656185,16.397147683187324,16.410495280409773,69500
2018-08-30,16.611061096191406,16.611061096191406,16.516373047923956,16.570480688366484,78600
2018-08-31,16.543426513671875,16.60429777149225,16.529900570844624,16.60429777149225,50500
2018-09-04,16.536666870117188,16.57048366771351,16.51637601754251,16.57048366771351,34200
2018-09-05,16.536666870117188,16.604300465309834,16.46294434211556,16.536666870117188,71000
2018-09-06,16.455501556396484,16.502845579854736,16.455501556396484,16.455501556396484,47700
2018-09-07,16.340518951416016,16.455497820868324,16.279647709351405,16.43520697683759,54400
2018-09-10,16.381105422973633,16.40748391700206,16.293856954339795,16.340525009894,54900
2018-09-11,16.44873809814453,16.462265330699047,16.34728643404146,16.34728643404146,41600
2018-09-12,16.482553482055664,16.51569429337099,16.420328996505066,16.42168223555021,43800
2018-09-13,16.455501556396484,16.543425987100683,16.455501556396484,16.489318347430125,60300
2018-09-14,16.455501556396484,16.502845579854736,16.38110306808901,16.502845579854736,24000
2018-09-17,16.299942016601562,16.475792165481046,16.299942016601562,16.36081327159938,45400
2018-09-18,16.164674758911133,16.266126436158135,16.13762158032503,16.23907325757203,76000
2018-09-19,16.076745986938477,16.20728002177117,16.069982371606194,16.164670406202728,33300
2018-09-20,15.955007553100586,16.184965372833794,15.887372672585869,16.15791090461669,57100
2018-09-21,15.982061386108398,16.02940670742817,15.975299058805103,15.975299058805103,37700
2018-09-24,16.06322479248047,16.06322479248047,15.982062668021841,16.02264437526526,38800
2018-09-25,15.880606651306152,16.076747646101495,15.880606651306152,16.076747646101495,40800
2018-09-26,15.880606651306152,15.995585543765664,15.880606651306152,15.988821927735357,38800
2018-09-27,15.833261489868164,15.96853122068551,15.833261489868164,15.961767605141866,35700
2018-09-28,15.806206703186035,15.941475130158537,15.806206703186035,15.89413111621678,29500
2018-10-01,15.779157638549805,15.894136550302049,15.59654384517364,15.840028903008525,62400
2018-10-02,15.792681694030762,15.867078887816682,15.74398443426026,15.758863615011881,50700
2018-10-03,15.63035774230957,15.82920261556123,15.549195648105417,15.792680640690154,67300
2018-10-04,15.217785835266113,15.603302870021759,15.214404672692682,15.603302870021759,62000
2018-10-05,15.190732955932617,15.278658672327227,15.183970630081793,15.217787419447212,44900
2018-10-08,15.183976173400879,15.265137013518967,15.129868516646058,15.265137013518967,34700
2018-10-09,15.231314659118652,15.28542229614813,15.163679790324846,15.28542229614813,55000
2018-10-10,14.994593620300293,15.221168952621168,14.97430277217078,15.211024173570339,39300
2018-10-11,15.035175323486328,15.16435743399025,14.994594913754636,15.068993406619377,77000
2018-10-12,15.102810859680176,15.197498916534414,15.041939597408732,15.096047242758013,32900
2018-10-15,15.1569185256958,15.1569185256958,15.02841238405553,15.102810880272743,30800
2018-10-16,15.244840621948242,15.258366562558885,15.156914912826618,15.156914912826618,24000
2018-10-17,15.332770347595215,15.346297582915247,15.18397462915936,15.204264192111243,40300
2018-10-18,15.29218578338623,15.339529804135271,15.204260067685603,15.332766188310005,27000
2018-10-19,15.353059768676758,15.38011294676555,15.292188505441919,15.32735853997698,15400
2018-10-22,15.48832893371582,15.574225454807763,15.204263455890985,15.42745766775135,24600
2018-10-23,15.332770347595215,15.461276503079187,15.319243112275183,15.461276503079187,28500
2018-10-24,15.353059768676758,15.47480100511839,15.326005300559922,15.38687656379476,21100
2018-10-25,15.420689582824707,15.440980428943682,15.359818334495504,15.440980428943682,27800
2018-10-26,15.413934707641602,15.488331932648173,15.319245336680336,15.420697036255367,43400
2018-10-29,15.413934707641602,15.474804695363941,15.346299811248798,15.420697036255367,28900
2018-10-30,15.461274147033691,15.508618173411183,15.359821187621392,15.420692447257585,37200
2018-10-31,15.569489479064941,15.596542655634337,15.380112082967281,15.508618219248834,42700
2018-11-01,15.555961608886719,15.57422324408949,15.484945572018066,15.562725225259149,17400
2018-11-02,15.468035697937012,15.697992182484876,15.468035697937013,15.637122221005715,23800
2018-11-05,15.461947441101074,15.555959502902947,15.434892979274013,15.542432271989417,13600
2018-11-06,15.64388656616211,15.704757825526892,15.434895586350477,15.440983228298139,31400
2018-11-07,15.461274147033691,15.73789871401474,15.457891693705033,15.630360692683569,58000
2018-11-08,15.48832893371582,15.549200199680293,15.488328933715822,15.522147020378362,23700
2018-11-09,15.549199104309082,15.57625357173325,15.447747431524478,15.544464701512656,10800
2018-11-12,15.515379905700684,15.54919669471243,15.38011016959808,15.447745037649382,17500
2018-11-13,15.657415390014648,15.6777062418736,15.459246434635116,15.50185606251363,17800
2018-11-14,15.772395133972168,15.792685986899086,15.623599415925923,15.7385783357888,31900
2018-11-15,15.657415390014648,15.76563068653954,15.604660981220704,15.76563068653954,22300
2018-11-16,15.549199104309082,15.67973445857747,15.488327842632717,15.610070365985449,17900
2018-11-19,15.454508781433105,15.73857419757862,15.434217933841348,15.73857419757862,25600
2018-11-20,15.244840621948242,15.454507536731954,15.143387682188258,15.447743921412775,39200
2018-11-21,15.163680076599121,15.285422584720779,15.163680076599121,15.278658968710925,42600
2018-11-23,15.170448303222656,15.26513637608257,15.116340648727244,15.116340648727244,8900
2018-11-26,14.987831115722656,15.246195333603387,14.960777939571622,15.170444892346952,60900
2018-11-27,14.923580169677734,15.06223109748909,14.920197716056828,15.014887067021029,35500
2018-11-28,15.089285850524902,15.102813086363618,14.90667332681511,14.994597779710327,56000
2018-11-29,14.799603462219238,15.123602294027853,14.792738924851488,15.115365634752532,126300
2018-11-30,14.710372924804688,14.861388878913841,14.71037292480469,14.7927447873089,83400
2018-12-03,14.799603462219238,14.9924926416401,14.744688472553877,14.806467999586985,97700
2018-12-04,14.730958938598633,14.875111600274312,14.61426573481456,14.861382525966802,117900
2018-12-06,14.730958938598633,14.8291206415484,14.607401197660806,14.724095710721466,95500
2018-12-07,14.75154972076416,14.875108747280386,14.696634743343209,14.758414256601322,70100
2018-12-10,14.75154972076416,14.785872399949966,14.652703285116983,14.785872399949966,81500
2018-12-11,14.820196151733398,14.84078976255465,14.696637105358997,14.84078976255465,150500
2018-12-12,14.90943431854248,14.942383576135141,14.833927021609066,14.861383863418478,88700
2018-12-13,14.97053050994873,14.984945649106692,14.840794257527085,14.964352032048057,106500
2018-12-14,14.971214294433594,15.012401522287627,14.895706995254692,14.957486527758995,122000
2018-12-17,14.957487106323242,14.97121487352884,14.865503865023365,14.964350335287643,80100
2018-12-18,14.93826675415039,14.95748824825929,14.813335552742357,14.95748824825929,80300
2018-12-19,15.03299617767334,15.03299617767334,14.895709324522352,14.930030710490861,96400
2018-12-20,14.87511157989502,15.023381916238547,14.671926255673274,14.909432956340185,90500
2018-12-21,14.861382484436035,14.930026546505168,14.7927384223669,14.875111558705179,75500
2018-12-24,14.806467056274414,14.964347477844264,14.689772547010492,14.89570472709323,32200
2018-12-26,14.79273796081543,14.861382020742786,14.73027237689939,14.744687511649245,63400
2018-12-27,14.765969276428223,14.875113203163691,14.728214972652594,14.806469133505887,67200
2018-12-28,14.936894416809082,14.964351262197782,14.77214941664625,14.8888439554212,64900
2018-12-31,14.984942436218262,15.142822871986162,14.971213361122793,14.971213361122793,78000
2019-01-02,15.307564735412598,15.396802396126933,14.971210319567454,14.978074855720587,53800
2019-01-03,15.362483978271484,15.472315277922124,15.190874454652704,15.321298059200469,41200
2019-01-04,15.582147598266602,15.719434452123826,15.428384803185239,15.451723974216824,56000
2019-01-07,15.630195617675781,15.74002560729253,15.575280622867409,15.589008389611937,84900
2019-01-08,15.788069725036621,15.788069725036621,15.582138904507502,15.685104314772062,37500
2019-01-09,15.774345397949219,15.826514834149792,15.685109031359792,15.801803547223887,42800
2019-01-10,15.774345397949219,15.822395849903268,15.657650882085123,15.767480860630553,74700
2019-01-11,15.822393417358398,15.884172934451756,15.726292528224915,15.774342972791656,55600
2019-01-14,15.822393417358398,15.884172934451756,15.788072045318273,15.822393417358398,63000
2019-01-15,15.92536449432373,15.987144028262216,15.822397731575071,15.822397731575071,55600
2019-01-16,15.884176254272461,15.959684859673867,15.830634693215359,15.932226708881831,68500
2019-01-17,16.00086784362793,16.0557828258694,15.89103787914499,15.90476695202447,39800
2019-01-18,15.92536449432373,16.048922252923926,15.884177265513557,16.048922252923926,78100
2019-01-22,15.822393417358398,15.98027513286166,15.74688613701484,15.98027513286166,80700
2019-01-23,15.92536449432373,15.92536449432373,15.781211812041672,15.815534502716819,55500
2019-01-24,15.877312660217285,15.952821270106428,15.808669897710907,15.925364426959229,31400
2019-01-25,15.994007110595703,15.994007110595703,15.910261840958398,15.973414805656041,21800
2019-01-28,16.302902221679688,16.302902221679688,15.932225079555066,15.994004603242502,56100
2019-01-29,16.227397918701172,16.388711307608546,16.199941072727075,16.30290653636452,25800
2019-01-30,16.323497772216797,16.337225538563363,16.22739555213055,16.289175083158597,29300
2019-01-31,16.65298843383789,16.65298843383789,16.32967562844084,16.33722622756907,214400
2019-02-01,16.707910537719727,16.71477507874138,16.440199984261962,16.604945040949612,70000
2019-02-04,16.488248825073242,16.71202786490696,16.457359048181416,16.707908878847466,86000
2019-02-05,16.488248825073242,16.607002885330196,16.46765520405296,16.563756150259884,54400
2019-02-06,16.47451400756836,16.570614920310618,16.44019262709662,16.556887153687967,47200
2019-02-07,16.453922271728516,16.543159965983186,16.433329964805814,16.481380426661303,38800
2019-02-08,16.59807586669922,16.61180494491015,16.412737238682507,16.412737238682507,64300
2019-02-11,16.699665069580078,16.708589099830643,16.515699904310633,16.515699904310633,54200
2019-02-12,16.62552833557129,16.70790147386726,16.62552833557129,16.680443324676396,48600
2019-02-13,16.59807586669922,16.70790587383276,16.565126602703764,16.625532713844123,58100
2019-02-14,16.6735897064209,16.707911103413878,16.556895123656453,16.57748743814129,38900
2019-02-15,16.804004669189453,16.83146282212502,16.628277465653643,16.666717832342,37400
2019-02-19,16.728498458862305,16.810870304490955,16.694175765452968,16.804005765809087,41500
2019-02-20,16.83832550048828,16.845190037963956,16.716825936649855,16.72849551943083,39000
2019-02-21,16.783414840698242,16.80126159531879,16.74222760521639,16.755956683710338,57000
2019-02-22,16.845190048217773,16.858917813900824,16.783410520175767,16.783410520175767,56800
2019-02-25,16.886381149291992,16.913837998366194,16.804007983515277,16.817737062690906,64900
2019-02-26,16.845190048217773,16.920697341942827,16.824596435778222,16.872646888860523,46800
2019-02-27,16.948162078857422,16.948162078857422,16.795099014300742,16.941204546194513,53400
2019-02-28,17.170795440673828,17.170795440673828,16.941202202613525,16.948159734313954,247400
2019-03-01,17.233413696289062,17.2542849665536,17.094265701795234,17.142967101763986,103700
2019-03-04,17.198625564575195,17.228543085891737,17.122095364005396,17.212540629047375,55400
2019-03-05,17.21253776550293,17.21253776550293,17.122092515507774,17.14296378173023,36700
2019-03-06,17.08034896850586,17.19862435416819,17.04208453442073,17.129051690730872,108500
2019-03-07,17.038602828979492,17.080346686868328,16.985726656380756,17.031645298162466,33400
2019-03-08,17.101221084594727,17.101221084594727,16.913371713744844,17.017732032990292,32100
2019-03-11,17.11513900756836,17.11513900756836,16.934247138043666,17.101223942140226,50700
2019-03-12,17.04556655883789,17.105400284013665,17.01078021911517,17.080352898560612,33700
2019-03-13,17.11513900756836,17.11513900756836,17.017734876585106,17.045565007441372,28600
2019-03-14,17.122093200683594,17.142964467741255,17.05599731629855,17.108178137969542,51200
2019-03-15,17.149921417236328,17.17079401059924,17.123483329781983,17.17079401059924,44500
2019-03-18,17.226457595825195,17.22993569882053,17.149926059790484,17.184713724812504,44100
2019-03-19,17.136005401611328,17.19305635742117,17.06643274829912,17.149920463079088,61500
2019-03-20,17.149921417236328,17.1568789483573,16.996859713615073,17.129050150886787,67900
2019-03-21,17.170795440673828,17.219496835563366,17.13600778217167,17.142965313872104,50200
2019-03-22,17.142967224121094,17.170797354023946,17.06643702091552,17.170797354023946,52900
2019-03-25,16.982948303222656,17.142967572373884,16.948161967151055,17.142967572373884,75900
2019-03-26,17.08730697631836,17.08730697631836,16.955117850493767,17.003819247062147,93000
2019-03-27,17.289072036743164,17.289072036743164,17.059478782598664,17.059478782598664,96400
2019-03-28,17.296030044555664,17.344731444196228,17.212540983019256,17.309943782300387,105800
2019-03-29,17.337772369384766,17.386473764692674,17.261240847036053,17.296028505837057,228500
2019-04-01,17.393434524536133,17.393434524536133,17.22715306754326,17.337775587138168,49800
2019-04-02,17.337772369384766,17.393431296452874,17.30994224234396,17.393431296452874,65100
2019-04-03,17.330812454223633,17.37255631203056,17.323854923420257,17.365598781227188,23600
2019-04-04,17.289072036743164,17.358646031608014,17.27515697236748,17.358646031608014,61800
2019-04-05,17.337772369384766,17.358644964665366,17.289070974076857,17.323857305864365,27900
2019-04-08,17.358644485473633,17.358644485473633,17.323856827632955,17.337771890769226,79200
2019-04-09,17.337772369384766,17.351687432905166,17.289070974076857,17.323857305864365,52200
2019-04-10,17.296030044555664,17.358646508954564,17.205583450640088,17.33777391181706,67500
2019-04-11,17.25428581237793,17.33777487856968,17.21949947555602,17.33777487856968,28700
2019-04-12,17.247331619262695,17.386478309801433,17.23341655210467,17.30994676744613,92400
2019-04-15,17.22715187072754,17.323859317501,17.22715187072754,17.302988046810334,66800
2019-04-16,17.25428581237793,17.30298854174777,17.24037207385738,17.27515841067929,54700
2019-04-17,17.240367889404297,17.316898077240403,17.184708967790144,17.28906927994001,56600
2019-04-18,17.276548385620117,17.309942681096626,17.212539888011953,17.29602894423705,65200
2019-04-22,17.30994415283203,17.30994415283203,17.212541351465926,17.302987947317575,68100
2019-04-23,17.275163650512695,17.330822602518214,17.24733483801698,17.30994999788586,251100
2019-04-24,17.365602493286133,17.365602493286133,17.27515722753538,17.289072292116604,63800
2019-04-25,17.3516845703125,17.36559830452399,17.296025652426717,17.36559830452399,44000
2019-04-26,17.393434524536133,17.393434524536133,17.316902987983777,17.351690653241093,48400
2019-04-29,17.393434524536133,17.400392057587595,17.330818054086702,17.379519458433204,49000
2019-04-30,17.511709213256836,17.518666746022586,17.386476277500726,17.400391343032226,194600
2019-05-01,17.46300506591797,17.504748928937097,17.428217407557458,17.504748928937097,40200
2019-05-02,17.42822265625,17.497101311637905,17.400393848194135,17.476925392622054,29800
2019-05-03,17.414306640625,17.485271352559412,17.414306640625,17.463008043620547,34400
2019-05-06,17.445606231689453,17.476914450534274,17.414298012844633,17.456041862300044,16000
2019-05-07,17.42822265625,17.463010325087183,17.400393848194135,17.463010325087183,28100
2019-05-08,17.44213104248047,17.463003635787416,17.39551704380966,17.428215980275837,29100
2019-05-09,17.456050872802734,17.458833620601094,17.428220740791676,17.428220740791676,27200
2019-05-10,17.49083137512207,17.497788905803507,17.456045048728168,17.456045048728168,20500
2019-05-13,17.483877182006836,17.52562237406437,17.435175784953255,17.490834714016426,46400
2019-05-14,17.54649543762207,17.567368035785552,17.45605016627434,17.483878970145305,29600
2019-05-15,17.69955825805664,17.706515790681333,17.567367792214764,17.567367792214764,46100
2019-05-16,17.734338760375977,17.748253821047943,17.685637375037313,17.699552435709283,24000
2019-05-17,17.706512451171875,17.734341249408384,17.678682325921955,17.734341249408384,27900
2019-05-20,17.678688049316406,17.727389457257217,17.6299866413756,17.720431923692267,90800
2019-05-21,17.692598342895508,17.72738467432089,17.65085447978235,17.65085447978235,30500
2019-05-22,17.66476821899414,17.72738467718072,17.643896950940935,17.720427145491826,41400
2019-05-23,17.629981994628906,17.671725858002308,17.567365536062063,17.671725858002308,69200
2019-05-24,17.706512451171875,17.706512451171875,17.62302340243552,17.657809731984514,25200
2019-05-28,17.623022079467773,17.70651112193657,17.623022079467773,17.70651112193657,42000
2019-05-29,17.63694190979004,17.68564331147602,17.602154246433145,17.609111779104524,39800
2019-05-30,17.70601463317871,17.71306202256803,17.642577373406784,17.684868431785233,38700
2019-05-31,17.755355834960938,17.769451959267183,17.67077236708041,17.706016038867553,264600
2019-06-03,17.762409210205078,17.790602810592482,17.621437175041162,17.691923192623122,145000
2019-06-04,17.832887649536133,17.8399363832712,17.76451641115533,17.79059659153423,48700
2019-06-05,17.82583999633789,17.852623301962787,17.769450127292085,17.81174252907644,54600
2019-06-06,17.812450408935547,17.8328907992916,17.6989688678967,17.8328907992916,37000
2019-06-07,17.832887649536133,17.832887649536133,17.769450390329027,17.769450390329027,55500
2019-06-10,17.79060173034668,17.85403900787763,17.776504258804493,17.832892800564352,48400
2019-06-11,17.72011375427246,17.832890825300403,17.713065019282123,17.78355102477677,41700
2019-06-12,17.663726806640625,17.776503887806673,17.663726806640625,17.76240776096756,51000
2019-06-13,17.683456420898438,17.748303958862532,17.677817972174036,17.720109026423785,38000
2019-06-14,17.677818298339844,17.755353019568584,17.635527243309802,17.706013231298805,47500
2019-06-17,17.766633987426758,17.8187943564687,17.691919817904182,17.72011341291368,49900
2019-06-18,17.832887649536133,17.882228785681598,17.720110598592058,17.82584026020956,71800
2019-06-19,17.882226943969727,17.903371798588697,17.804692225277883,17.89632306557959,48300
2019-06-20,17.96681022644043,17.973858959910586,17.8899813171101,17.89632423614733,88500
2019-06-21,17.93157196044922,17.93862069551412,17.854037219144015,17.854037219144015,39800
2019-06-24,17.91747283935547,17.938619042601715,17.86108430844077,17.9315703081863,43400
2019-06-25,17.95271873474121,17.98091367800601,17.86813659376459,17.903378928436698,71700
2019-06-26,18.051393508911133,18.065489631306527,17.966810052496605,17.973858785898518,42900
2019-06-27,18.065494537353516,18.107786949250343,18.00840152902423,18.051398411130034,117500
2019-06-28,18.107786178588867,18.107786178588867,17.995009107148,18.107786178588867,206000
2019-07-01,17.959760665893555,18.107781373133317,17.956941441517014,18.107781373133317,25800
2019-07-02,18.03729820251465,18.072540529336916,17.952714735969185,18.009103265529966,32800
2019-07-03,18.072538375854492,18.072538375854492,17.995004997202493,18.0584422534504,10100
2019-07-05,18.009105682373047,18.0408243185332,17.917474813693033,18.009105682373047,20500
2019-07-08,18.016151428222656,18.037297630290315,17.938618042791663,18.030248896267764,13000
2019-07-09,17.995010375976562,18.030252709133492,17.967519904152617,18.030252709133492,43100
2019-07-10,18.009105682373047,18.023203152757286,17.966814615629097,17.995009556397576,45000
2019-07-11,18.009105682373047,18.051398093525766,17.966814615629097,18.016154417565165,19900
2019-07-12,18.058441162109375,18.058441162109375,18.015444294252184,18.03024623018826,23700
2019-07-15,18.0231990814209,18.058442749420156,17.966810557030552,18.058442749420156,39900
2019-07-16,18.0231990814209,18.04434528222045,17.97808879967201,18.009101614221194,35200
2019-07-17,18.192367553710938,18.2064650231572,18.058445627197486,18.072541752235068,54400
2019-07-18,18.220561981201172,18.220561981201172,18.135978511306305,18.192367043100003,42400
2019-07-19,18.262853622436523,18.2804747871036,18.202941393686732,18.21351382360524,32700
2019-07-22,18.31924057006836,18.36153163048982,18.20646351267208,18.26285204137022,82200
2019-07-23,18.31924057006836,18.326289304206696,18.26990077550856,18.31924057006836,35700
2019-07-24,18.396774291992188,18.474307674443534,18.29104597453417,18.32628829888401,53700
2019-07-25,18.389726638793945,18.455278656568545,18.37562917046226,18.396775372959784,31200
2019-07-26,18.439067840576172,18.439067840576172,18.372811347651727,18.38972804205889,30900
2019-07-29,18.565940856933594,18.58708705931405,18.375629068735186,18.42496886321435,78300
2019-07-30,18.59412956237793,18.650518076164655,18.49544999935321,18.49544999935321,81400
2019-07-31,18.650524139404297,18.67871907766787,18.516602215878265,18.643476749247053,223000
2019-08-01,18.59412956237793,18.65756680843902,18.509547463901946,18.643470688298503,40800
2019-08-02,18.643478393554688,18.643478393554688,18.488408908245585,18.58708985646286,36500
2019-08-05,18.396774291992188,18.60823092690822,18.312190831380676,18.60823092690822,51200
2019-08-06,18.396774291992188,18.475717958957265,18.32628829888401,18.396774291992188,37800
2019-08-07,18.333337783813477,18.4179199034821,18.241705585695822,18.4179199034821,31100
2019-08-08,18.375625610351562,18.410869274352624,18.312188359557965,18.312188359557965,11400
2019-08-09,18.41158103942871,18.467265109527958,18.375632891226584,18.375632891226584,22000
2019-08-12,18.44611167907715,18.494746994537255,18.368576962325292,18.410869359321755,52100
2019-08-13,18.502504348754883,18.50955308316916,18.424969614606482,18.424969614606482,25600
2019-08-14,18.580041885375977,18.580041885375977,18.439069864644576,18.439069864644576,34200
2019-08-15,18.657575607299805,18.67167307849687,18.580042204533655,18.587090940132185,37100
2019-08-16,18.629375457763672,18.65756904583387,18.594131792165452,18.65756904583387,35800
2019-08-19,18.565940856933594,18.622329385539576,18.52364979658125,18.622329385539576,87400
2019-08-20,18.59412956237793,18.608227026926663,18.5377410485912,18.56593597768867,47500
2019-08-21,18.67167091369629,18.678719648477585,18.58708878513809,18.58708878513809,35400
2019-08-22,18.78444480895996,18.78444480895996,18.664619026732097,18.664619026732097,26500
2019-08-23,18.770349502563477,18.798544440172673,18.704798826998477,18.7421559093629,25300
2019-08-26,18.735107421875,18.777398484437537,18.67871889032207,18.777398484437537,20800
2019-08-27,18.749210357666016,18.749210357666016,18.678724336570735,18.749210357666016,49100
2019-08-28,18.805593490600586,18.81264222512134,18.747794674175605,18.749204958843215,32500
2019-08-29,18.89693832397461,18.89693832397461,18.797030473622844,18.854120868272766,31500
2019-08-30,18.939760208129883,18.975441200136263,18.839850980455353,18.896941384351116,158100
2019-09-03,18.839845657348633,18.954026432878937,18.789891738196904,18.904072513727204,34700
2019-09-04,18.946889877319336,18.946889877319336,18.78703733676735,18.904072426977514,16900
2019-09-05,18.91834831237793,18.954029299699613,18.875530855363426,18.93262125176357,11700
2019-09-06,18.964733123779297,18.975437146866245,18.882664409638334,18.882664409638334,22300
2019-09-09,18.961162567138672,18.97543550411383,18.907641095195114,18.97543550411383,23200
2019-09-10,18.72566795349121,18.91834855423337,18.718531483707157,18.911212084449314,43900
2019-09-11,18.67571258544922,18.75421238587569,18.654303177748638,18.718530039708053,26000
2019-09-12,18.697124481201172,18.76848646074802,18.661442130285238,18.732805470974597,30700
2019-09-13,18.411670684814453,18.697124040848923,18.304626356872767,18.697124040848923,35700
2019-09-16,18.418807983398438,18.53298878649165,18.405249642559543,18.411671513062295,53900
2019-09-17,18.46875762939453,18.525848017694738,18.440213115815542,18.440213115815542,24300
2019-09-18,18.661436080932617,18.661436080932617,18.490164935483484,18.511574339092903,59600
2019-09-19,18.79703140258789,18.875531209539446,18.732804535289787,18.732804535289787,46300
2019-09-20,18.911209106445312,18.961163025924865,18.77205137042592,18.854118718305504,48000
2019-09-23,18.968299865722656,18.98257280332243,18.911209476465807,18.911209476465807,49800
2019-09-24,18.939760208129883,18.996850612025646,18.911214325610704,18.968304729506468,25500
2019-09-25,18.961162567138672,18.98685412592239,18.889799243405072,18.98257197260141,21900
2019-09-26,18.946889877319336,18.968299283061352,18.88979948981617,18.96116281448068,97500
2019-09-27,19.18952178955078,19.196658257173848,18.96829673780383,18.96829673780383,47300
2019-09-30,19.18952178955078,19.2130722688211,19.089613965111905,19.18952178955078,209400
2019-10-01,19.160982131958008,19.18239017910592,19.06820939050916,19.168118601388098,26300
2019-10-02,19.096757888793945,19.155274768322936,18.954031202891056,19.111030829612744,32600
2019-10-03,19.11102867126465,19.118165140868076,19.02896131253885,19.08961926245437,25300
2019-10-04,19.08247947692871,19.139569862693243,19.02538909116418,19.118161818745396,8400
2019-10-07,19.04680061340332,19.125299051841203,18.94689140635335,19.125299051841203,19000
2019-10-08,19.06106948852539,19.089615361105167,19.0111155726529,19.046797913377624,17500
2019-10-09,18.911209106445312,19.08604918576597,18.90407263778506,19.01825341406467,32900
2019-10-10,18.854124069213867,18.956886252573128,18.82557818647137,18.911214473556257,23600
2019-10-11,18.904071807861328,18.932617681249127,18.839844953880945,18.89693533951438,16100
2019-10-14,19.075345993041992,19.075345993041992,18.8683938226947,18.93262068687133,25300
2019-10-15,19.125301361083984,19.1681201811936,19.075347432098575,19.075347432098575,31600
2019-10-16,19.125301361083984,19.125301361083984,19.046802913167976,19.125301361083984,38200
2019-10-17,19.125301361083984,19.125301361083984,19.068210962080308,19.125301361083984,31400
2019-10-18,19.125301361083984,19.125301361083984,19.068210962080308,19.118166252208194,18100
2019-10-21,19.096757888793945,19.16098476133599,19.082484947975143,19.118167300022144,25900
2019-10-22,19.17525291442871,19.17525291442871,19.096753120667895,19.11816252655054,48300
2019-10-23,19.160982131958008,19.217359287656084,19.139572723667726,19.175255070818192,34200
2019-10-24,19.18952178955078,19.210931192419977,19.125294942085212,19.210931192419977,15100
2019-10-25,19.168115615844727,19.210933064613855,19.160979147526177,19.189523659658214,23500
2019-10-28,19.146709442138672,19.21093630670254,19.05393806062552,19.21093630670254,16300
2019-10-29,18.975440979003906,19.146712188695265,18.968304508457276,19.146712188695265,18000
2019-10-30,18.946889877319336,18.97543575164202,18.85768606177425,18.946889877319336,27600
2019-10-31,18.968299865722656,19.08961711303624,18.946890459322997,18.996845740922204,154200
2019-11-01,18.82556915283203,18.9682957757705,18.811297579451747,18.9682957757705,46600
2019-11-04,18.697124481201172,18.882667261393987,18.640034080878188,18.861259211986937,46200
2019-11-05,18.72566795349121,18.754213832627425,18.697123435497428,18.697123435497428,26700
2019-11-06,18.72566795349121,18.7684854110531,18.72566795349121,18.74707736284337,42300
2019-11-07,18.490171432495117,18.71853304000153,18.490171432495117,18.66857910850232,35700
2019-11-08,18.554397583007812,18.625760922863265,18.425943843496498,18.44735325379588,32600
2019-11-11,18.51871109008789,18.6257553874874,18.511574622108977,18.61148245152957,10800
2019-11-12,18.63289451599121,18.640030984989117,18.53441314941934,18.568667656152364,14500
2019-11-13,18.640029907226562,18.734942353240523,18.640029907226562,18.654301483254905,45400
2019-11-14,18.761350631713867,18.768485740480724,18.66144141412592,18.66144141412592,11700
2019-11-15,18.747079849243164,18.761352790704272,18.704261024859836,18.761352790704272,15200
2019-11-18,18.82556915283203,18.846978554615387,18.697116825557753,18.697116825557753,31500
2019-11-19,18.761350631713867,18.846985548340726,18.723527205080256,18.804168090027297,44100
2019-11-20,18.704256057739258,18.797028791457034,18.682848012375352,18.797028791457034,23100
2019-11-21,18.718530654907227,18.754213002247592,18.66857672977309,18.754213002247592,26900
2019-11-22,18.67571258544922,18.761348855109215,18.668576116215693,18.75421238587569,24100
2019-11-25,18.640029907226562,18.761347150891815,18.640029907226562,18.761347150891815,27800
2019-11-26,18.640029907226562,18.682847357596003,18.561530113930747,18.682847357596003,27800
2019-11-27,18.609678268432617,18.716639267652127,18.530180172588974,18.667494689468302,37100
2019-11-29,18.51572608947754,18.566315282813065,18.47958996677207,18.54463360918978,85800
2019-12-02,18.486818313598633,18.57354363490449,18.392867145765155,18.50849998853815,29900
2019-12-03,18.43622589111328,18.494042302382727,18.428998667398105,18.472360631237194,39300
2019-12-04,18.51572608947754,18.51572608947754,18.42177354889545,18.486817191313165,46800
2019-12-05,18.46513557434082,18.551860890647887,18.450682503666425,18.51572614628369,25100
2019-12-06,18.49404525756836,18.587996423974285,18.443456061930384,18.465136358088262,25000
2019-12-09,18.49404525756836,18.587996423974285,18.47959080782831,18.50849970730841,17800
2019-12-10,18.559085845947266,18.559085845947266,18.462242702783296,18.49404221128304,43500
2019-12-11,18.638587951660156,18.65304102368746,18.51355957407115,18.559089852474767,32800
2019-12-12,18.64581298828125,18.64581298828125,18.544634596225,18.64581298828125,32700
2019-12-13,18.75421905517578,18.75421905517578,18.626300075072823,18.645812065108895,29400
2019-12-16,18.790355682373047,18.86985378213397,18.75422093436478,18.840944880965534,23400
2019-12-17,18.82649040222168,18.898761276582395,18.76217044058699,18.83371762750298,23500
2019-12-18,18.88430404663086,18.971029358789956,18.83371485555975,18.88430404663086,18200
2019-12-19,18.95657730102539,19.006444189499224,18.884306428187195,18.884306428187195,15800
2019-12-20,18.942123413085938,19.007167062725983,18.94067879508859,19.007167062725983,16300
2019-12-23,19.028844833374023,19.028844833374023,18.903816479649397,19.00716316179308,10300
2019-12-24,19.11557388305664,19.11557388305664,19.06064807372831,19.08666498195656,8600
2019-12-26,19.061368942260742,19.115572438501122,18.986207459223188,19.115572438501122,12200
2019-12-27,19.028844833374023,19.108342917385475,19.021617609513708,19.108342917385475,17900
2019-12-30,18.891529083251953,19.07076091480875,18.783123489445263,19.02884357058145,17100
2019-12-31,19.014389038085938,19.072205446418945,18.9421181830567,18.9421181830567,41600
2020-01-02,19.274566650390625,19.325155843474118,19.050528204541386,19.07220849960453,32700
2020-01-03,19.33961296081543,19.433564135439987,19.289023760752027,19.29625098625427,23400
2020-01-06,19.169050216674805,19.23843046396033,19.101115965562737,19.137250706926935,56800
2020-01-07,19.13002586364746,19.202296733821807,19.00716579788673,19.202296733821807,54000
2020-01-08,19.195072174072266,19.195072174072266,19.10979283868553,19.144482971461894,32100
2020-01-09,19.195072174072266,19.22614938314177,19.137255745595784,19.2239810775367,20500
2020-01-10,19.256498336791992,19.289020156248647,19.187840396576796,19.195067620728505,26300
2020-01-13,19.325159072875977,19.332386298588798,19.24277035389265,19.27456987133859,27000
2020-01-14,19.296247482299805,19.346112985841415,19.26372566267141,19.3323822247971,31700
2020-01-15,19.187841415405273,19.296248404984983,19.173388344786495,19.289021180449524,38000
2020-01-16,19.228313446044922,19.252884354425287,19.166160420072284,19.209522387248786,25800
2020-01-17,19.090999603271484,19.245657796992155,19.036073799667165,19.245657796992155,105800
2020-01-21,19.093889236450195,19.137251202901435,19.067872332269864,19.108343684751297,12900
2020-01-22,19.11557388305664,19.11557388305664,19.036075783483696,19.11557388305664,19700
2020-01-23,19.187841415405273,19.2167503135471,19.086663028813156,19.137252222109215,33200
2020-01-24,19.209524154663086,19.209524154663086,19.093891312585306,19.158934958560582,17900
2020-01-27,19.204463958740234,19.216750102470343,19.04474546870091,19.166160909729957,18200
2020-01-28,19.11557388305664,19.193625986193673,19.09389220723158,19.151708630979467,11500
2020-01-29,19.216751098632812,19.216751098632812,19.15170745360853,19.187842199309937,17200
2020-01-30,19.26734161376953,19.26734161376953,19.19868504085315,19.216752414941432,20500
2020-01-31,19.166162490844727,19.325157306638257,19.166162490844727,19.317930081585974,35500
2020-02-03,19.289018630981445,19.296245854561665,19.166158587021616,19.289018630981445,18800
2020-02-04,19.216751098632812,19.28902196848781,19.213860484390963,19.28902196848781,21900
2020-02-05,19.195072174072266,19.310705031025222,19.187844948206155,19.21675385167059,21400
2020-02-06,19.24277114868164,19.274570667441004,19.17339226018723,19.20229978578013,11900
2020-02-07,19.31503677368164,19.33238183569782,19.22253023574602,19.26011097370574,12400
2020-02-10,19.375743865966797,19.375743865966797,19.317205142999978,19.33238190000812,11200
2020-02-11,19.36129379272461,19.433563287689818,19.25288679337228,19.375746864646295,22800
2020-02-12,19.317930221557617,19.397428319256516,19.317930221557617,19.397428319256516,15300
2020-02-13,19.44078826904297,19.44078826904297,19.278902854586644,19.39019907702537,12600
2020-02-14,19.491374969482422,19.491374969482422,19.354784168495264,19.4263313370737,10800
2020-02-18,19.41187858581543,19.48414806438191,19.380801386717973,19.48414806438191,15100
2020-02-19,19.325159072875977,19.469700830227676,19.325159072875977,19.41188440297747,26000
2020-02-20,19.33599853515625,19.368520360482172,19.252887510090517,19.32515838619838,35700
2020-02-21,19.33599853515625,19.433564011134017,19.303476709830328,19.368520360482172,10900
2020-02-24,19.180618286132812,19.310704210840456,19.158936609455374,19.158936609455374,8500
2020-02-25,18.86262321472168,19.248548430537124,18.86262321472168,19.22397614458818,38200
2020-02-26,18.83371925354004,18.963084253875344,18.754222525486835,18.963084253875344,33800
2020-02-27,18.429000854492188,18.544633690754004,18.212189631114313,18.537406466181125,51700
2020-02-28,18.154373168945312,18.46513555411253,18.125464270723914,18.429000809787915,149400
2020-03-02,18.566316604614258,18.566316604614258,18.219416694205396,18.219416694205396,46100
2020-03-03,18.7325382232666,18.927669160013135,18.620518305107918,18.63858705656579,37500
2020-03-04,19.05052947998047,19.05052947998047,18.768673219220155,18.768673219220155,19400
2020-03-05,18.978254318237305,19.043297949981625,18.653036159515704,18.653036159515704,18900
2020-03-06,18.689176559448242,18.877080274389552,18.595224012751476,18.877080274389552,19600
2020-03-09,18.385643005371094,18.501275867543985,18.168830354957592,18.429004984072815,81500
2020-03-10,18.59522819519043,18.97103570959968,18.39287136316432,18.457915024444866,41300
2020-03-11,18.43622589111328,18.537404266221817,18.24976820599842,18.34227336126795,30900
2020-03-12,17.460575103759766,18.21941577649884,15.993481574218437,18.13991906179565,79100
2020-03-13,17.879741668701172,17.988147265085047,17.460572351818758,17.561750724650118,54400
2020-03-16,16.701738357543945,17.60656559779944,16.694511131153256,17.272675457883526,87400
2020-03-17,16.67283058166504,17.217028497529462,16.67283058166504,17.200405737859338,100100
2020-03-18,15.003378868103027,16.535515034979845,14.45412206424733,16.535515034979845,85700
2020-03-19,15.090105056762695,15.971807515083722,14.454124198545866,15.169603180959562,148500
2020-03-20,15.545408248901367,17.12090775453056,15.31414251935075,15.31414251935075,129900
2020-03-23,15.133463859558105,15.76944452604581,13.969906771247919,15.53817882914119,96700
2020-03-24,16.716188430786133,16.969135795238223,15.617676407216416,16.166933108227393,79600
2020-03-25,17.886972427368164,18.40732021992153,16.58610225675864,16.58610225675864,91000
2020-03-26,17.988149642944336,18.10378247816627,17.48948355796929,17.61234361769911,67900
2020-03-27,17.554527282714844,18.0091090923192,17.322537923811755,17.814700473962734,46000
2020-03-30,17.771339416503906,17.879022724331815,17.554528182936913,17.554528182936913,50300
2020-03-31,17.778566360473633,18.009832040211148,17.75688468607867,17.771339135675312,56900
2020-04-01,17.670162200927734,17.74170938895587,17.41721482595951,17.561755198475424,49000
2020-04-02,17.612342834472656,17.655704801139528,17.164264584074743,17.424439140980116,47800
2020-04-03,17.294347763061523,17.69906257240658,17.135351625551447,17.69906257240658,39400
2020-04-06,17.843612670898438,17.901429099470125,17.265447006729175,17.58343805309965,35700
2020-04-07,18.139921188354492,18.139921188354492,17.84650244804849,17.923108557546076,21700
2020-04-08,18.291688919067383,18.431171753897136,17.9014283863676,17.9014283863676,32500
2020-04-09,18.60245132446289,18.71808416828074,18.262056330633403,18.270007243099624,38800
2020-04-13,18.284460067749023,18.479591005975383,17.966470440771488,18.479591005975383,42400
2020-04-14,18.30613899230957,18.595221054518067,18.19050616742617,18.46513378191124,23700
2020-04-15,18.371185302734375,18.3856397525618,18.082103198446905,18.313368881876883,23400
2020-04-16,18.270004272460938,18.457907957725524,18.174607122899843,18.371182649737253,28800
2020-04-17,18.551862716674805,18.566317167224064,18.31336979642111,18.335051472245,21200
2020-04-20,18.51572608947754,18.54463360918978,18.363957131018836,18.429000773436545,21800
2020-04-21,18.35672950744629,18.41743653812929,18.139918289734965,18.414545924066115,29200
2020-04-22,18.392864227294922,18.573540687765593,18.392864227294922,18.46513370872159,18800
2020-04-23,18.51572608947754,18.566315282813065,18.378411580101023,18.39286602918321,29300
2020-04-24,18.609678268432617,18.638587168176564,18.494045426361254,18.51572710116921,31100
2020-04-27,18.667495727539062,18.73976660246559,18.609679303288296,18.609679303288296,24300
2020-04-28,18.64581298828125,18.812036404669357,18.5807693424016,18.812036404669357,13100
2020-04-29,18.86262321472168,18.86262321472168,18.64581062973056,18.64581062973056,15900
2020-04-30,18.869850158691406,19.00716327751739,18.790352074195933,18.86262293478709,69500
2020-05-01,18.689176559448242,18.833716924320786,18.638587362820243,18.64581320937948,16800
2020-05-04,18.804811477661133,18.826491776635507,18.62413496779533,18.68195139581429,16100
2020-05-05,18.7325382232666,18.891533035549593,18.69640347725526,18.69640347725526,23500
2020-05-06,18.80191993713379,18.81203777707755,18.732539675546693,18.746994126452723,9500
2020-05-07,18.797578811645508,18.884302739348993,18.768669916776364,18.840940775497252,17800
2020-05-08,18.92766761779785,18.92766761779785,18.797580337232933,18.797580337232933,12000
2020-05-11,19.00716209411621,19.00716209411621,18.884302052296214,18.884302052296214,28100
2020-05-12,18.89875602722168,19.04329773579488,18.89875602722168,18.942117988412885,28700
2020-05-13,18.82649040222168,18.956577700380514,18.768673978423564,18.913215727144994,27600
2020-05-14,18.638587951660156,18.84817196980491,18.291688032411713,18.76144664537973,41800
2020-05-15,18.53740119934082,18.624126491122894,18.508493687714626,18.508493687714626,13600
2020-05-18,18.689176559448242,18.746992981087708,18.587996787740014,18.62413291279732,18100
2020-05-19,18.78312873840332,18.797583189204026,18.647982518166522,18.76867428760261,24300
2020-05-20,18.79469108581543,18.79469108581543,18.667494410059877,18.725310830230185,28300
2020-05-21,18.82649040222168,18.949350475099212,18.718084779906746,18.718084779906746,22500
2020-05-22,18.978254318237305,19.072205464950265,18.768668976294073,18.942118201461625,27300
2020-05-26,19.072206497192383,19.216748215214306,18.996322715534266,19.079433720938678,32800
2020-05-27,19.195072174072266,19.26734305428096,18.978260911898563,19.187844948206155,32800
2020-05-28,19.2038516998291,19.32094824588469,19.174578261265673,19.269718681472987,34600
2020-05-29,19.16725730895996,19.320945984204513,19.16725730895996,19.16725730895996,37400
2020-06-01,19.38681411743164,19.38681411743164,19.16725845512449,19.16725845512449,23500
2020-06-02,19.38681411743164,19.38681411743164,19.225806724799785,19.225806724799785,23000
2020-06-03,19.240447998046875,19.468053866225333,19.17458100697116,19.386818003625358,85200
2020-06-04,19.269716262817383,19.291672385909816,19.20384928944085,19.218486704835804,23100
2020-06-05,19.228731155395508,19.320944352755813,19.189210416012145,19.320944352755813,54400
2020-06-08,19.313627243041992,19.313627243041992,19.123345029329663,19.181893295402627,34400
2020-06-09,19.233131408691406,19.24776743373197,19.203856566807694,19.24776743373197,24700
2020-06-10,19.284353256225586,19.284353256225586,19.10870846303193,19.206776073050502,19100
2020-06-11,18.823286056518555,19.07138509834053,18.73546435038924,18.955020011613378,19200
2020-06-12,18.66959571838379,19.181892681141786,18.66959571838379,19.076506363945537,27200
2020-06-15,18.823286056518555,18.828409012641114,18.647641248359072,18.66227866468091,12900
2020-06-16,18.83792495727539,18.998932361800478,18.83792495727539,18.841585009594688,19100
2020-06-17,18.87451934814453,18.991615901400635,18.742785376756157,18.742785376756157,19000
2020-06-18,18.830610275268555,18.911114692696614,18.764743278445827,18.830610275268555,14600
2020-06-19,18.859882354736328,18.911111923451934,18.786696658327866,18.794015367558817,16700
2020-06-22,18.750102996826172,18.9184291078679,18.679844510592677,18.808651270053772,19000
2020-06-23,18.821826934814453,18.821826934814453,18.684238543901813,18.801335106206235,25000
2020-06-24,18.684236526489258,18.852562642139375,18.662280399964946,18.742784801319775,17800
2020-06-25,18.71717071533203,18.757421521607363,18.662281094927714,18.662281094927714,28300
2020-06-26,18.630809783935547,18.72448589978207,18.61104941116444,18.698871118745775,19500
2020-06-29,18.603731155395508,18.67691684409402,18.523226758237055,18.67691684409402,27800
2020-06-30,18.450044631958008,18.69887518403775,18.450044631958008,18.55250517427984,131100
2020-07-01,18.611051559448242,18.651303761694717,18.530547154955293,18.545184573208743,33600
2020-07-02,18.735464096069336,18.742782804130908,18.669597119416018,18.742782804130908,15300
2020-07-06,18.801332473754883,18.808651182361828,18.70619065776553,18.808651182361828,22200
2020-07-07,18.903793334960938,18.925749462794027,18.772790811921976,18.80133419687531,30000
2020-07-08,18.984296798706055,18.984296798706055,18.867200247877882,18.903792396548813,10900
2020-07-09,19.05016326904297,19.05748197775989,18.95502145162397,19.05016326904297,13700
2020-07-10,19.2038516998291,19.247762555624714,18.998932046281347,18.998932046281347,18000
2020-07-13,19.174579620361328,19.28435746558189,19.1489648363399,19.20385306099966,13800
2020-07-14,19.181896209716797,19.18921491857545,19.057482346822663,19.13798535246587,18300
2020-07-15,19.255077362060547,19.255077362060547,19.123343425469603,19.145299546868312,19400
2020-07-16,19.277034759521484,19.3794938743632,19.20531337913229,19.20531337913229,17900
2020-07-17,19.445362091064453,19.445362091064453,19.284354700883828,19.284354700883828,18500
2020-07-20,19.445362091064453,19.51122906793399,19.39413253036611,19.496591651762795,20800
2020-07-21,19.478300094604492,19.49659617110913,19.34290745338878,19.44536659853568,21600
2020-07-22,19.540504455566406,19.540504455566406,19.306309977874616,19.3794956649095,20000
2020-07-23,19.574172973632812,19.584418887935797,19.445366196751596,19.48195974490593,16800
2020-07-24,19.606372833251953,19.65760239906141,19.481957575185703,19.62100885498253,23600
2020-07-27,19.63564682006836,19.679557678286304,19.584417252830587,19.606373379890066,33900
2020-07-28,19.63564682006836,19.686876387306132,19.577829995942437,19.622473702193076,21600
2020-07-29,19.807634353637695,19.825930429494225,19.591737308368003,19.591737308368003,26200
2020-07-30,19.701515197753906,19.796655629933692,19.66492304596963,19.68687777867975,33600
2020-07-31,19.723468780517578,19.775429796852407,19.650283090494508,19.701512654740377,22500
2020-08-03,19.745424270629883,19.782017815000806,19.672238577789024,19.672238577789024,11400
2020-08-04,19.686874389648438,19.723467931034367,19.628326119331824,19.723467931034367,8000
2020-08-05,19.76298713684082,19.78201605740321,19.686874246392986,19.686874246392986,20700
2020-08-06,19.613689422607422,19.77469821881285,19.558801202365416,19.73883752406915,15900
2020-08-07,19.503910064697266,19.60637058044426,19.430724380849647,19.540503604571484,33700
2020-08-10,19.503910064697266,19.599051872469417,19.496591356722423,19.599051872469417,30100
2020-08-11,19.474639892578125,19.547824192790355,19.445365055772392,19.487813010780282,17900
2020-08-12,19.55514144897461,19.57709757494749,19.46731973688498,19.501716132084788,21900
2020-08-13,19.540504455566406,19.59173401772056,19.460000060237952,19.59173401772056,22000
2020-08-14,19.650283813476562,19.66492123119991,19.51854984576841,19.584416829622484,21900
2020-08-17,19.694194793701172,19.694194793701172,19.54782340735584,19.65028393615797,13300
2020-08-18,19.85520362854004,19.85520362854004,19.68687749927951,19.694196208712718,34100
2020-08-19,19.847883224487305,19.87715666176087,19.723467975297673,19.723467975297673,16800
2020-08-20,19.95034408569336,19.972300212485713,19.778357915572407,19.778357915572407,16900
2020-08-21,19.935705184936523,19.979616039353974,19.847150628132354,19.869838205359898,6500
2020-08-24,19.95034408569336,19.972300212485713,19.89179581014808,19.972300212485713,17000
2020-08-25,20.045486450195312,20.045486450195312,19.929122735865676,19.950346016688457,16200
2020-08-26,20.01620864868164,20.023527356727033,19.957660380219316,19.957660380219316,23300
2020-08-27,20.038169860839844,20.045488571253415,19.943029417265965,20.016215125500405,33400
2020-08-28,19.943340301513672,20.121141085099474,19.943340301513672,20.121141085099474,11800
2020-08-31,19.950742721557617,20.079648214772387,19.928517100541953,19.928517100541953,23000
2020-09-01,20.00260353088379,20.069278989029517,19.86184407335006,19.86184407335006,23000
2020-09-02,20.121139526367188,20.121139526367188,20.002605679825827,20.061872603096507,10700
2020-09-03,20.080394744873047,20.101138098908535,20.00260716723996,20.010756140177474,17200
2020-09-04,19.96556282043457,20.054462491867046,19.876661735967293,20.054462491867046,22000
2020-09-08,19.7951717376709,19.928522674996966,19.7951717376709,19.928522674996966,11600
2020-09-09,19.832210540771484,19.891477455342045,19.817393458870168,19.886291617980053,21000
2020-09-10,19.950742721557617,19.995192550554364,19.83220890220991,19.83220890220991,9100
2020-09-11,19.802579879760742,19.98186292858903,19.802579879760742,19.839622591066355,11600
2020-09-14,19.847028732299805,19.861844401994745,19.809986025475496,19.83221164957008,19000
2020-09-15,19.7729434967041,19.89888586597106,19.691450959815278,19.817393329082236,135400
2020-09-16,19.706275939941406,19.886299458216595,19.676641764455407,19.861851122137118,22100
2020-09-17,19.695898056030273,19.72849394315338,19.62477718769837,19.62477718769837,12900
2020-09-18,19.632183074951172,19.79516672763566,19.58773324477079,19.66181723709451,12800
2020-09-21,19.558103561401367,19.558103561401367,19.409936955858637,19.550695019168987,18400
2020-09-22,19.647003173828125,19.647003173828125,19.461793871087743,19.565510628451207,33800
2020-09-23,19.350669860839844,19.654413024521123,19.283994394369813,19.602553229350594,18700
2020-09-24,19.335851669311523,19.498835348552884,19.243247017076346,19.498835348552884,14900
2020-09-25,19.409936904907227,19.47661237178866,19.35807710941671,19.365485651629637,35900
2020-09-28,19.432157516479492,19.558099884684193,19.38770768447627,19.484015889322365,43800
2020-09-29,19.402523040771484,19.476607029545338,19.335847592178474,19.476607029545338,45600
2020-09-30,19.291404724121094,19.45438842779752,19.291404724121094,19.402530040856615,110400
2020-10-01,19.4840145111084,19.498831591739606,19.343256484215686,19.380297772759118,22500
2020-10-02,19.53588104248047,19.55069671519554,19.409938639674397,19.409938639674397,51200
2020-10-05,19.706275939941406,19.706275939941406,19.55810788858193,19.55810788858193,33300
2020-10-06,19.743310928344727,19.81739493031736,19.676635467872835,19.706269633875813,29500
2020-10-07,19.884071350097656,19.884071350097656,19.751460852995706,19.78035459015303,42200
2020-10-08,19.85814094543457,19.928519969229946,19.84332386262456,19.89888721664471,22200
2020-10-09,19.86184310913086,19.906294354426574,19.809984735987218,19.906294354426574,16800
2020-10-12,19.884071350097656,19.891479891955825,19.802578802692665,19.82480442826717,13500
2020-10-13,19.884071350097656,19.884071350097656,19.77294604829486,19.869254266381315,26700
2020-10-14,19.824806213378906,19.854438970444974,19.802580585803106,19.809989128328372,8100
2020-10-15,19.85443687438965,19.85443687438965,19.713678820374568,19.713678820374568,21700
2020-10-16,19.787761688232422,19.884071319204118,19.787761688232422,19.884071319204118,12500
2020-10-19,19.832210540771484,19.83961908172214,19.727011520127668,19.795167836018194,31200
2020-10-20,19.869251251220703,19.90629395489032,19.721084675646228,19.78035158848295,28600
2020-10-21,19.787761688232422,19.98037953714094,19.68404492844894,19.98037953714094,39400
2020-10-22,19.958154678344727,19.980378890130158,19.69145283264091,19.69145283264091,52700
2020-10-23,19.969270706176758,19.995199900375443,19.913707339730948,19.913707339730948,17700
2020-10-26,19.89888572692871,19.99741663547275,19.8766601043776,19.969264745455213,9700
2020-10-27,19.87666130065918,19.995195135329737,19.83962000721267,19.83962000721267,27100
2020-10-28,19.609960556030273,19.839621109874148,19.546990071064428,19.809986943042095,21300
2020-10-29,19.506240844726562,19.780351194280325,19.506240844726562,19.706267201452178,25900
2020-10-30,19.7729434967041,19.7729434967041,19.50624167636591,19.50624167636591,58900
2020-11-02,19.758127212524414,19.802577046696964,19.6625594331878,19.802577046696964,18000
2020-11-03,19.758127212524414,19.802577046696964,19.687006347420535,19.7507186713232,11300
2020-11-04,19.847028732299805,19.92851986124372,19.7284934834968,19.7284934834968,18400
2020-11-05,19.802579879760742,20.038907149661224,19.795171337499617,19.847031133327476,18000
2020-11-06,19.661821365356445,19.824805052261535,19.661821365356445,19.750721044382885,23500
2020-11-09,19.92852020263672,19.975192742303587,19.677377287329083,19.765536528922052,24900
2020-11-10,19.972965240478516,19.98037378019055,19.824798685341218,19.824798685341218,34500
2020-11-11,19.935930252075195,19.95074733617951,19.860365383999067,19.95074733617951,19900
2020-11-12,19.92852020263672,19.92852020263672,19.88332993648213,19.891478908212644,19100
2020-11-13,19.935930252075195,19.935930252075195,19.86184624458855,19.92852171002304,16100
2020-11-16,20.076688766479492,20.09891297854,19.78035416371565,19.898888004821185,41900
2020-11-17,20.017423629760742,20.106323311994686,19.839622852257886,19.943339619209144,19400
2020-11-18,20.03223991394043,20.091506837406264,19.943338822224224,19.943338822224224,24200
2020-11-19,20.121139526367188,20.17299790759967,20.02853487044207,20.061872603096507,21500
2020-11-20,20.017423629760742,20.07669055559503,20.002606545043427,20.061873470877714,20300
2020-11-23,20.143362045288086,20.195220418521206,19.972968430763228,20.002602594344836,21100
2020-11-24,20.158178329467773,20.254487951013612,20.149288927942717,20.187812493954105,18600
2020-11-25,20.158178329467773,20.180403952832524,20.113728495773014,20.150771201380927,14800
2020-11-27,20.17917823791504,20.194176112472512,20.111689232682465,20.194176112472512,7600
2020-11-30,20.059200286865234,20.20167725012778,20.059200286865234,20.164933454653056,39000
2020-12-01,20.021705627441406,20.17917902561373,20.021705627441406,20.12668789288962,21800
2020-12-02,20.164180755615234,20.17917863046446,19.961715166254947,19.976711610828104,19500
2020-12-03,20.20917320251465,20.239167520189177,20.09669057797621,20.179177454564137,15800
2020-12-04,20.26166343688965,20.299156689897014,20.15968047285577,20.299156689897014,26300
2020-12-07,20.29166030883789,20.29166030883789,20.186678042974723,20.209174855778016,12600
2020-12-08,20.299161911010742,20.299161911010742,20.216675016847116,20.216675016847116,14700
2020-12-09,20.269163131713867,20.284159575312202,20.239167383965246,20.254165257839556,16400
2020-12-10,20.096691131591797,20.26916382650648,20.006706745813375,20.254165952118072,24800
2020-12-11,20.201675415039062,20.209174352453392,20.044200589890238,20.089194214376224,32700
2020-12-14,20.17917823791504,20.261665117705085,20.119188169961202,20.22417043131141,17500
2020-12-15,20.269163131713867,20.27666206865102,20.13418512739703,20.224169510090938,27400
2020-12-16,20.299161911010742,20.299161911010742,20.171682815610723,20.20167856995251,19200
2020-12-17,20.34415054321289,20.34415054321289,20.191176799790533,20.191176799790533,17000
2020-12-18,20.321653366088867,20.40413880821725,20.261663303506445,20.261663303506445,17300
2020-12-21,20.39664077758789,20.419136156555606,20.216669164190908,20.269161719092622,14500
2020-12-22,20.347902297973633,20.50912588603358,20.314157792791875,20.449135813518915,19000
2020-12-23,20.479122161865234,20.479122161865234,20.29165307945639,20.396636738192743,30000
2020-12-24,20.516620635986328,20.524119572304482,20.381642642811283,20.486624890713717,11200
2020-12-28,20.389141082763672,20.56161232305488,20.389141082763672,20.56161232305488,42900
2020-12-29,20.479122161865234,20.51661683651236,20.419132112705427,20.45662678735255,21500
2020-12-30,20.569114685058594,20.576613622443165,20.437885426242666,20.524122491027217,13000
2020-12-31,20.479122161865234,20.609600483030924,20.38913780326332,20.494120031724083,108400
2021-01-04,20.278907775878906,20.539114988993724,20.242163990947944,20.539114988993724,6400
2021-01-05,20.194177627563477,20.407892350075475,20.171680814039423,20.314157772472804,22400
2021-01-06,20.036701202392578,20.216671405465668,19.744249801183308,20.216671405465668,21900
2021-01-07,19.871726989746094,20.014203923357375,19.669259994131522,20.014203923357375,15700
2021-01-08,20.014205932617188,20.014205932617188,19.871728984702408,19.954215864591394,14600
2021-01-11,19.691753387451172,19.995453828184615,19.691753387451172,19.916715723366252,19000
2021-01-12,19.63176918029785,19.684260312286444,19.448048788061705,19.684260312286444,48900
2021-01-13,20.014205932617188,20.014955397263147,19.631019247953265,19.661763031474102,40000
2021-01-14,20.156681060791016,20.179177872219526,19.909221856181478,19.94671654189566,19900
2021-01-15,20.186676025390625,20.24666608992752,20.07419483316844,20.14918277140855,24300
2021-01-19,20.231664657592773,20.23916359312536,20.186672474672953,20.186672474672953,16500
2021-01-20,20.321653366088867,20.321653366088867,20.18667536770944,20.18667536770944,17900
2021-01-21,20.276660919189453,20.3591463602702,20.194174047832814,20.24666517314126,16300
2021-01-22,20.26466178894043,20.34414793933079,20.21666888261106,20.276660373091737,12100
2021-01-25,20.269163131713867,20.38164432521924,20.224169510090938,20.224169510090938,8200
2021-01-26,20.321653366088867,20.321653366088867,20.22416862046999,20.22416862046999,11300
2021-01-27,20.07419204711914,20.276659023184735,20.04419630387575,20.194172159541175,24000
2021-01-28,20.186676025390625,20.261663963630735,20.066695896316837,20.066695896316837,21000
2021-01-29,20.051700592041016,20.15668286086403,19.97371335512216,20.13418747770261,47400
2021-02-01,20.066696166992188,20.20242363620236,20.03670041918115,20.05169829308667,11700
2021-02-02,20.096691131591797,20.26916382650648,20.051698938702586,20.051698938702586,16200
2021-02-03,19.969209671020508,20.14993074614721,19.954213228702073,20.096688727520245,17600
2021-02-04,19.969209671020508,20.074193348904664,19.916718547216355,20.074193348904664,13300
2021-02-05,19.999208450317383,20.021705262621836,19.946717318549727,20.0067073877522,10300
2021-02-08,19.97671127319336,20.03670134130028,19.909222267788568,19.969963230818507,23800
2021-02-09,19.999208450317383,19.999208450317383,19.89422618678207,19.999208450317383,7400
2021-02-10,19.87922477722168,19.99920489429317,19.856727968917344,19.99920489429317,11400
2021-02-11,19.804235458374023,19.93996290266246,19.804235458374023,19.85672657712914,21200
2021-02-12,19.7502498626709,19.81923923235045,19.646017058591557,19.796742418922655,30600
2021-02-16,19.64676856994629,19.759249780061868,19.631770693857227,19.759249780061868,71300
2021-02-17,19.691753387451172,19.73674556857906,19.669256581749405,19.714250193152942,102000
2021-02-18,19.75924301147461,19.766741946950358,19.64676183988979,19.744245140523116,31600
2021-02-19,19.71425437927246,19.80798894418659,19.71425437927246,19.76674550678022,9000
2021-02-22,19.736751556396484,19.826737376228177,19.6842604241097,19.74425049390547,29400
2021-02-23,19.684255599975586,19.811734645834076,19.684255599975586,19.78173890314938,25700
2021-02-24,19.65426254272461,19.684258289507735,19.579276036318657,19.684258289507735,44400
2021-02-25,19.632247924804688,19.73853186378492,19.4447320690281,19.72334803021344,39200
2021-02-26,19.79926300048828,19.83722113113558,19.5942856197692,19.639837114157793,46600
2021-03-01,19.91313934326172,19.91313934326172,19.744602574593888,19.882773127579085,26600
2021-03-02,20.08016014099121,20.110526359007913,19.85240698982089,19.958692372904377,43500
2021-03-03,20.087745666503906,20.102929495780987,19.814443979564782,19.958687461677712,20200
2021-03-04,19.890365600585938,20.156835630508585,19.890365600585938,20.01942527887408,26500
2021-03-05,19.94350814819336,20.072567830252094,19.761306499641613,19.859998516270064,19100
2021-03-08,19.85240364074707,19.989055218794324,19.784077851723442,19.989055218794324,15100
2021-03-09,19.88277244567871,19.890364361341472,19.791670905735423,19.890364361341472,14400
2021-03-10,19.867589950561523,19.890365699081606,19.799264153011222,19.814447985357948,17500
2021-03-11,20.019428253173828,20.019428253173828,19.897959024964745,19.897959024964745,25700
2021-03-12,19.94350814819336,20.01183394740151,19.74612266692647,19.981466281971226,23400
2021-03-15,20.02701759338379,20.02701759338379,19.837224016521507,19.928325570539837,25100
2021-03-16,20.034608840942383,20.034608840942383,19.92073298823117,19.92073298823117,21600
2021-03-17,19.928321838378906,20.102931548869016,19.920729922965013,20.034605758153788,22300
2021-03-18,19.685392379760742,20.03461190793666,19.67780046201645,20.004245684969746,19500
2021-03-19,19.79926300048828,19.882012420344125,19.639837114157793,19.708161459720955,15700
2021-03-22,19.844812393188477,19.890363886076628,19.768896134394527,19.890363886076628,16900
2021-03-23,19.83722686767578,19.882778375236988,19.806860643978595,19.806860643978595,7200
2021-03-24,19.897958755493164,19.996652230574565,19.853927663174208,19.875184452020637,27400
2021-03-25,19.897958755493164,20.012594822209387,19.8486134659626,19.852408700537975,13100
2021-03-26,19.88277244567871,19.951098238633712,19.81444665272371,19.90554674465714,12800
2021-03-29,19.860000610351562,19.89795874813182,19.80989511551635,19.89795874813182,8800
2021-03-30,19.958688735961914,19.958688735961914,19.799261414393094,19.799261414393094,15600
2021-03-31,20.08016014099121,20.102934442501233,19.928324706877664,19.928324706877664,28600
2021-04-01,20.004240036010742,20.18264498458629,19.913138496815478,20.118115873997436,59700
2021-04-05,20.095338821411133,20.10976389451756,19.996646821038244,20.064972608992456,21000
2021-04-06,20.042198181152344,20.209217428468264,20.019423882343695,20.148483551628797,42500
2021-04-07,20.049793243408203,20.1029352129817,19.996651273834704,20.1029352129817,19400
2021-04-08,20.076364517211914,20.110527419288122,19.996651561704127,20.110527419288122,18100
2021-04-09,20.049793243408203,20.080160910598813,20.038406092216757,20.049793243408203,11200
2021-04-12,20.07256507873535,20.09533937667621,19.98981421538818,20.06497316341847,41000
2021-04-13,20.178852081298828,20.186443997776063,20.038405246494996,20.05738431368308,20200
2021-04-14,20.269954681396484,20.307912817739627,20.102935406262453,20.102935406262453,19700
2021-04-15,20.391420364379883,20.399012280472057,20.186442973920993,20.231993022464103,17800
2021-04-16,20.429384231567383,20.429384231567383,20.349671262238214,20.376242252014602,20900
2021-04-19,20.391420364379883,20.41039943060535,20.26995260292497,20.31550265146808,24400
2021-04-20,20.391420364379883,20.406602748554295,20.307910735375906,20.376236532195534,18100
2021-04-21,20.425582885742188,20.458226821127003,20.407362577059295,20.414194287809188,8200
2021-04-22,20.376237869262695,20.459747503746485,20.345870202901306,20.376237869262695,18600
2021-04-23,20.543258666992188,20.550850584682625,20.376999579199286,20.406607044584817,17300
2021-04-26,20.5660343170166,20.573626234668996,20.50909565862874,20.512892341460056,17600
2021-04-27,20.51820182800293,20.566029595022485,20.514405146043337,20.550845763203924,16600
2021-04-28,20.490116119384766,20.52048378929909,20.430140984911116,20.497708036863347,21500
2021-04-29,20.406604766845703,20.468098858871333,20.383830464326653,20.467338653579976,7600
2021-04-30,20.277542114257812,20.43317421478933,20.277542114257812,20.38382748652348,54800
2021-05-03,20.46734046936035,20.47493238687692,20.292730710509908,20.307914545543046,16600
2021-05-04,20.505298614501953,20.520482448466986,20.35346317087184,20.35346317087184,14500
2021-05-05,20.406604766845703,20.52124082876256,20.406604766845703,20.42178860053179,9100
2021-05-06,20.30791473388672,20.474932576769582,20.277547063538805,20.315506651473697,11700
2021-05-07,20.41419219970703,20.41874763841427,20.25476632505128,20.25476632505128,14300
2021-05-10,20.36864471435547,20.429378595375884,20.345868965969082,20.376236630484264,18000
2021-05-11,20.254770278930664,20.35346229945776,20.209220226995857,20.30791224752295,9000
2021-05-12,19.935916900634766,20.216810575238224,19.913141150797983,20.216810575238224,34900
2021-05-13,20.01183319091797,20.138615148475843,19.981465526635635,19.981465526635635,15900
2021-05-14,20.140893936157227,20.38838491074478,20.0194261686064,20.072568135908636,31900
2021-05-17,20.19023895263672,20.254769517795303,20.140893668232493,20.23958568505093,12800
2021-05-18,20.23958969116211,20.23958969116211,20.110529983309572,20.194039631923058,7400
2021-05-19,20.254770278930664,20.290450694409753,20.148486341746096,20.148486341746096,9300
2021-05-20,20.269954681396484,20.353462870953418,20.20542411200104,20.216811263301967,13400
2021-05-21,20.330686569213867,20.406602834435226,20.20921880724776,20.20921880724776,21200
2021-05-24,20.323095321655273,20.421787338495662,20.24717760592652,20.41419542212179,18900
2021-05-25,20.269954681396484,20.288933749568056,20.209220794441404,20.285137067127692,8600
2021-05-26,20.292724609375,20.350422006745667,20.28513269414099,20.292724609375,12000
2021-05-27,20.171266555786133,20.34807227661789,20.171266555786133,20.34807227661789,14200
2021-05-28,20.255826950073242,20.34038538121189,20.1712670527136,20.1712670527136,35300
2021-06-01,20.33270263671875,20.33270263671875,20.232767930321824,20.294265647250228,24900
2021-06-02,20.363449096679688,20.3941986857397,20.309638782045777,20.332700973840787,22100
2021-06-03,20.35576629638672,20.371141094388836,20.24814564281477,20.271207839817947,12700
2021-06-04,20.30963897705078,20.345768131699973,20.26351605923902,20.294264182373155,12000
2021-06-07,20.34038543701172,20.355760230432196,20.278887729550814,20.30963731639177,19100
2021-06-08,20.29426383972168,20.394198537217825,20.25582831989768,20.348074153963715,18100
2021-06-09,20.286579132080078,20.386513842825433,20.27120580184496,20.27120580184496,20300
2021-06-10,20.386512756347656,20.386512756347656,20.263517323693893,20.348075767255096,25100
2021-06-11,20.432636260986328,20.44801105706275,20.368063876930854,20.37113854290189,15100
2021-06-14,20.50182342529297,20.50182342529297,20.309642853802114,20.43263830225855,16300
2021-06-15,20.4864444732666,20.4864444732666,20.386511241494077,20.47106967877203,13100
2021-06-16,20.517192840576172,20.52488023736572,20.40649608627191,20.49413065020753,10500
2021-06-17,20.571002960205078,20.571002960205078,20.394197234355985,20.501817855964823,19200
2021-06-18,20.647876739501953,20.655564136695805,20.486444330873187,20.532567247815223,10000
2021-06-21,20.663251876831055,20.663251876831055,20.617128955850745,20.64787854731843,15200
2021-06-22,20.763185501098633,20.763185501098633,20.599448187105608,20.6171278816793,18500
2021-06-23,20.778560638427734,20.793933967392718,20.737048984669354,20.737048984669354,7500
2021-06-24,20.780099868774414,20.79393659970508,20.70937814791929,20.79393659970508,9600
2021-06-25,20.747812271118164,20.747812271118164,20.686314552969492,20.747812271118164,10400
2021-06-28,20.747812271118164,20.786249261349372,20.609442038728332,20.682471587056998,27100
2021-06-29,20.686315536499023,20.778562851218556,20.632505213838183,20.640192612249923,9300
2021-06-30,20.732437133789062,20.83237184052411,20.601754301596394,20.732437133789062,50000
2021-07-01,20.763185501098633,20.829295946332767,20.73243591123303,20.75549810363223,7900
2021-07-02,20.824684143066406,20.855432268081756,20.778561222432778,20.83237154087555,16900
2021-07-06,20.863121032714844,20.863121032714844,20.75550038877866,20.809310710746754,13900
2021-07-07,20.797775268554688,20.83236781940564,20.74012052839612,20.83236781940564,52100
2021-07-08,20.70168685913086,20.793932692148214,20.65556394262218,20.71706165337411,29900
2021-07-09,20.609439849853516,20.678624958700464,20.609439849853516,20.678624958700464,37400
2021-07-12,20.59406852722168,20.64019144887108,20.55563153732948,20.55563153732948,15000
2021-07-13,20.471067428588867,20.63480618613779,20.471067428588867,20.571002115597658,30100
2021-07-14,20.59406852722168,20.59406852722168,20.514889647642867,20.524883411636964,11000
2021-07-15,20.50950813293457,20.58638064468833,20.50950813293457,20.547943655700845,6800
2021-07-16,20.4941349029541,20.54794522542612,20.42494978371256,20.478760106184577,17300
2021-07-19,20.401885986328125,20.5018192178574,20.3788237946424,20.417259314564177,9700
2021-07-20,20.401885986328125,20.5018192178574,20.3788237946424,20.3788237946424,16100
2021-07-21,20.45569610595703,20.45569610595703,20.332700683913018,20.40188579209041,225600
2021-07-22,20.413415908813477,20.462613490550016,20.35576116395313,20.417258874234335,14200
2021-07-23,20.4941349029541,20.51719709810839,20.39420165639483,20.45569937725161,12300
2021-07-26,20.547945022583008,20.563319819200757,20.440324378701373,20.440324378701373,10000
2021-07-27,20.555631637573242,20.609441957463495,20.465690693630247,20.517196113714846,15000
2021-07-28,20.524885177612305,20.532571110030805,20.386514934537402,20.517197778972438,15400
2021-07-29,20.547945022583008,20.6094427428327,20.448011777010247,20.448011777010247,15600
2021-07-30,20.70168685913086,20.70168685913086,20.59406623187025,20.6325017512573,17600
2021-08-02,20.747812271118164,20.786249261349372,20.54794432057966,20.6401916309133,25300
2021-08-03,20.563318252563477,20.694001081415532,20.517195332445453,20.64787816129751,30800
2021-08-04,20.724748611450195,20.7478108039581,20.5248821412663,20.5248821412663,38700
2021-08-05,20.809310913085938,20.81699831147346,20.732438395432062,20.74089556001326,17700
2021-08-06,20.740121841430664,20.81699434443515,20.72474704758556,20.763184032198325,16100
2021-08-09,20.678627014160156,20.7401247318902,20.655566286399665,20.655566286399665,9700
2021-08-10,20.617122650146484,20.67862034805169,20.524876836399056,20.617122650146484,15400
2021-08-11,20.64019012451172,20.64019012451172,20.465689280662435,20.617127932056164,7700
2021-08-12,20.724748611450195,20.740123406455464,20.57869245756359,20.57869245756359,10400
2021-08-13,20.617122650146484,20.816990534893606,20.617122650146484,20.770867628019893,17600
2021-08-16,20.609439849853516,20.701687150389812,20.571004329925703,20.640189438772648,12700
2021-08-17,20.62481689453125,20.677090614908526,20.563319176204534,20.617129496462752,9900
2021-08-18,20.62481689453125,20.67093981672097,20.53256958393055,20.60175470032576,13600
2021-08-19,20.64019012451172,20.663250850746127,20.53256802594028,20.53256802594028,10100
2021-08-20,20.70168685913086,20.732434981396285,20.617126957014047,20.617126957014047,12900
2021-08-23,20.686315536499023,20.75550065598334,20.563320094353866,20.724751062336388,8000
2021-08-24,20.663251876831055,20.68631407043182,20.624816353717666,20.6786266725649,11000
2021-08-25,20.647876739501953,20.69399965644399,20.571004233784496,20.601752356338825,15200
2021-08-26,20.540254592895508,20.640189289940977,20.540254592895508,20.609439701243573,12500
2021-08-27,20.70168685913086,20.70168685913086,20.563316643383743,20.571004040505372,13300
2021-08-30,20.781078338623047,20.875253499490082,20.781078338623047,20.819993620740522,13100
2021-08-31,20.65654945373535,20.866694073806638,20.62541603771117,20.866694073806638,58000
2021-09-01,20.84334373474121,20.85112708808945,20.67989628347395,20.73437827238875,21200
2021-09-02,20.866687774658203,20.866687774658203,20.72659041388736,20.85112255586786,15800
2021-09-03,20.81999397277832,20.866692609013473,20.765511983083496,20.866692609013473,15300
2021-09-07,20.77329444885254,20.83555978934629,20.711029108358783,20.77329444885254,16700
2021-09-08,20.695463180541992,20.812210512793758,20.664329766862657,20.726595109698458,14100
2021-09-09,20.67211151123047,20.718811628114484,20.64175747442179,20.64876293731122,13400
2021-09-10,20.679895401000977,20.787303594291217,20.65265440770603,20.65265440770603,11300
2021-09-13,20.695463180541992,20.765511876797625,20.648764544545863,20.71102988738166,8600
2021-09-14,20.633197784423828,20.703246480498567,20.633197784423828,20.695463127098833,4600
2021-09-15,20.726591110229492,20.773291221737093,20.605952866807986,20.625410504341527,17700
2021-09-16,20.757726669311523,20.757726669311523,20.64876270021218,20.65654605293681,18500
2021-09-17,20.74216079711914,20.765510856231053,20.700132472145057,20.74605321589919,8200
2021-09-20,20.703248977661133,20.76395706316947,20.5756052324598,20.687682268984055,11400
2021-09-21,20.61762809753418,20.732819632868345,20.578712820683222,20.708691686173506,8600
2021-09-22,20.750720977783203,20.757726440514976,20.578713783389823,20.59427900414478,32600
2021-09-23,20.679895401000977,20.975656877521523,20.634752547316726,20.695462107033173,14200
2021-09-24,20.65654945373535,20.687681385236548,20.62541603771117,20.672114677224457,5000
2021-09-27,20.49309730529785,20.63241678647784,20.388024277013407,20.570929343048103,27600
2021-09-28,20.259605407714844,20.39191944437039,20.228471994608668,20.376352737817303,25600
2021-09-29,20.430828094482422,20.438611445232528,20.275164048525042,20.275164048525042,17700
2021-09-30,20.391916275024414,20.602060842738684,20.30630088681177,20.45418160703653,77800
2021-10-01,20.423044204711914,20.509437465878857,20.39191228705551,20.39969415307787,6500
2021-10-04,20.29851531982422,20.407479267824915,20.29851531982422,20.36078064504211,27100
2021-10-05,20.24403953552246,20.32187158697291,20.181774191266687,20.298521526180902,13800
2021-10-06,20.29851531982422,20.321865373476847,20.18176802060598,20.18176802060598,37100
2021-10-07,20.29851531982422,20.36078064504211,20.251816697041413,20.36078064504211,18100
2021-10-08,20.306304931640625,20.306304931640625,20.18177424281102,20.25960629446025,15900
2021-10-11,20.318758010864258,20.368569691156555,20.228472299115523,20.228472299115523,13200
2021-10-12,20.446401596069336,20.46196830274674,20.34521948718907,20.353002840527772,15000
2021-10-13,20.423044204711914,20.5779288723408,20.423044204711914,20.430827555256595,15800
2021-10-14,20.415264129638672,20.602060119114025,20.399697426051752,20.446397536812512,55600
2021-10-15,20.38413429260254,20.48531490722475,20.337434177063628,20.4152662184391,16500
2021-10-18,20.368566513061523,20.395807503427676,20.282951123612108,20.282951123612108,6300
2021-10-19,20.430828094482422,20.43549840183696,20.321864153025672,20.384129474504153,27600
2021-10-20,20.609848022460938,20.6176313759733,20.38413670869394,20.38413670869394,33300
2021-10-21,20.55536460876465,20.602063242081666,20.477532563554423,20.539797902818044,14300
2021-10-22,20.539798736572266,20.609847431652614,20.500883454648893,20.609847431652614,8700
2021-10-25,20.5086669921875,20.58649904125633,20.46897233541259,20.485316932109992,16200
2021-10-26,20.594280242919922,20.63319700845502,20.512557262080435,20.63319700845502,9700
2021-10-27,20.65654945373535,20.664331323218413,20.539800628167654,20.547583982173702,17700
2021-10-28,20.703248977661133,20.781081036523474,20.532018151259376,20.703248977661133,15500
2021-10-29,20.5086669921875,20.70324637259815,20.461968356555342,20.70324637259815,77500
2021-11-01,20.62541389465332,20.633197247850646,20.43161240825155,20.524233272133745,16900
2021-11-02,20.695463180541992,20.695463180541992,20.547582434610895,20.55225274356737,12600
2021-11-03,20.648765563964844,20.703247556070554,20.615296994154942,20.615296994154942,15000
2021-11-04,20.74216079711914,20.74605321589919,20.58649818994146,20.60206341149327,17000
2021-11-05,20.85112953186035,20.85112953186035,20.69468752562822,20.695465415697356,18100
2021-11-08,20.765512466430664,20.78886104283027,20.61918898083785,20.781079173712346,13900
2021-11-09,20.68767738342285,20.75539091720169,20.633195400442485,20.68767738342285,17600
2021-11-10,20.423044204711914,20.687672185141786,20.329646967220388,20.687672185141786,19200
2021-11-11,20.29851531982422,20.51644470034806,20.267383399476497,20.39191404991228,27000
2021-11-12,20.32965660095215,20.391921950293316,20.306306538253075,20.337438470662146,14100
2021-11-15,20.34521484375,20.362338810996043,20.321866273585655,20.322644163385128,16500
2021-11-16,20.34521484375,20.415263523288075,20.29851621889879,20.29851621889879,17800
2021-11-17,20.352996826171875,20.368563528249283,20.306298204462067,20.321864906539474,14700
2021-11-18,20.306304931640625,20.415268913235803,20.25960629446025,20.376353629672643,28600
2021-11-19,20.28295135498047,20.337433336334254,20.252597320300882,20.306301411784656,15100
2021-11-22,20.275171279907227,20.321871401064016,20.25960605737786,20.28295463343336,23400
2021-11-23,20.275171279907227,20.306304694011754,20.25960605737786,20.29852134048562,21900
2021-11-24,20.290733337402344,20.32186674437275,20.23625135972669,20.24403471146929,21300
2021-11-26,20.23625373840332,20.252598333627247,20.15842169635107,20.23625373840332,20700
2021-11-29,20.321388244628906,20.40809601385275,20.289857053282088,20.32927104246561,34600
2021-11-30,20.518451690673828,20.518451690673828,20.203145821736495,20.281972288970827,82000
2021-12-01,20.408096313476562,20.573632063497787,20.392332221061665,20.549983669640476,44500
2021-12-02,20.43962860107422,20.534219174594597,20.40809740757405,20.423863004324133,17900
2021-12-03,20.415977478027344,20.534216430874114,20.337151008299546,20.439625869992643,24300
2021-12-06,20.408096313476562,20.47036936485783,20.35291823129948,20.415979111429,20700
2021-12-07,20.471158981323242,20.577574507739293,20.43962929025003,20.471158981323242,16500
2021-12-08,20.408096313476562,20.494805587463393,20.37656662515679,20.471157193606082,11200
2021-12-09,20.384445190429688,20.48691853555358,20.384445190429688,20.40020927957129,17100
2021-12-10,20.352916717529297,20.48692126577404,20.352916717529297,20.392330704360024,13200
2021-12-13,20.384445190429688,20.43962326114945,20.337148412535893,20.352914005167158,6800
2021-12-14,20.368684768676758,20.409674417830047,20.352919172043173,20.352919172043173,10500
2021-12-15,20.352916717529297,20.447508782433175,20.34503392016315,20.34503392016315,15100
2021-12-16,20.431745529174805,20.494806411840866,20.36080184823923,20.36080184823923,21000
2021-12-17,20.431745529174805,20.51214766593977,20.36947247528868,20.384450243047766,19700
2021-12-20,20.384445190429688,20.48691853555358,20.36079680148279,20.368679597798423,25900
2021-12-21,20.455392837524414,20.486134696699676,20.415978848270267,20.447510039673585,14000
2021-12-22,20.565752029418945,20.565752029418945,20.447513051221968,20.45066587012866,15300
2021-12-23,20.431745529174805,20.565750092776444,20.42386273090529,20.565750092776444,15800
2021-12-27,20.449081420898438,20.517660094020727,20.423857375144536,20.49007105905714,19700
2021-12-28,20.581512451171875,20.605159338769948,20.45302571622505,20.467214149481855,22100
2021-12-29,20.628808975219727,20.66033866175054,20.502687222116695,20.517663484933603,27200
2021-12-30,20.691865921020508,20.707631513035935,20.616981614181643,20.616981614181643,24000
2021-12-31,20.668222427368164,20.762814498371135,20.62092714361166,20.65639898230153,35500
2022-01-03,20.668222427368164,20.668222427368164,20.589397455603976,20.668222427368164,14400
2022-01-04,20.42386245727539,20.668223186396293,20.42386245727539,20.668223186396293,25500
2022-01-05,20.376564025878906,20.657973712574783,20.368681228932015,20.44750769491114,22800
2022-01-06,20.447509765625,20.49480504860614,20.337152100682424,20.443567615007442,14800
2022-01-07,20.455392837524414,20.526336514691916,20.40179041353476,20.4948053232886,9900
2022-01-10,20.42386245727539,20.494806137260493,20.36868437361809,20.36868437361809,18100
2022-01-11,20.48297882080078,20.63668959722293,20.415975800815133,20.486919467393005,19700
2022-01-12,20.415977478027344,20.63669129256721,20.415977478027344,20.455391464636172,11100
2022-01-13,20.51057243347168,20.54210212371316,20.417557516849705,20.459334995402948,8600
2022-01-14,20.518451690673828,20.55786417254609,20.415976832222253,20.55786417254609,16500
2022-01-18,20.376564025878906,20.494802973102697,20.337150041144454,20.415976507123574,24700
2022-01-19,20.36079978942871,20.447509058135584,20.35291699195628,20.40809507077342,18700
2022-01-20,20.3923282623291,20.452234808856094,20.37656266948478,20.4159751481059,9800
2022-01-21,20.447509765625,20.48692225086096,20.352917696172785,20.352917696172785,13300
2022-01-24,20.337148666381836,20.43174071986045,20.281970594973348,20.423857923446427,37200
2022-01-25,20.400211334228516,20.423859725557218,20.297737978783765,20.345033257951357,24100
2022-01-26,20.240196228027344,20.45539224297933,20.23467842004114,20.368682972630413,32100
2022-01-27,20.061260223388672,20.33715060675388,20.061260223388672,20.33715060675388,46600
2022-01-28,20.179500579833984,20.21103026720537,19.809016604663167,20.073085065911936,25900
2022-01-31,20.329269409179688,20.376564688910182,20.110131255301095,20.110131255301095,55400
2022-02-01,20.3923282623291,20.40809235168374,20.30955965164125,20.37656266948478,32200
2022-02-02,20.3923282623291,20.439623537372384,20.37656266948478,20.394691748115033,34600
2022-02-03,20.293798446655273,20.352917172989535,20.140086149810443,20.281973498596503,30100
2022-02-04,20.250444412231445,20.352917776342544,20.18738353351155,20.218913221126524,25800
2022-02-07,20.28197479248047,20.305623186616756,20.21891391160703,20.28197479248047,23800
2022-02-08,20.258325576782227,20.352916135491206,20.140085123161263,20.329269247558873,24100
2022-02-09,20.368684768676758,20.37656756699355,20.218914607637796,20.218914607637796,38400
2022-02-10,20.155855178833008,20.234681664198195,20.100677090124424,20.234681664198195,33100
2022-02-11,19.887842178344727,20.140085679860796,19.801134414379742,20.077024804481777,55500
2022-02-14,19.682891845703125,19.840544768980937,19.588301294528197,19.840544768980937,45200
2022-02-15,19.958784103393555,20.183438546227578,19.66712814411312,19.761718697153903,19100
2022-02-16,19.99032211303711,20.100678297080673,19.856317530916964,19.856317530916964,19900
2022-02-17,19.832666397094727,20.100675524365467,19.832666397094727,19.919375674591155,18300
2022-02-18,19.824785232543945,20.014757228515144,19.76960714358639,19.848433629307255,31300
2022-02-22,19.730192184448242,19.809017156818836,19.70654379064308,19.809017156818836,29900
2022-02-23,19.722309112548828,19.785369991663302,19.70654351689772,19.785369991663302,30500
2022-02-24,19.840545654296875,19.840545654296875,19.564653777994828,19.70654111457815,29500
2022-02-25,19.977081298828125,20.03297216888455,19.83336104844761,19.913205801204786,21200
2022-02-28,19.82537841796875,20.091260603373662,19.82537841796875,20.017004930142065,45600
2022-03-01,19.88126564025879,20.10483062483459,19.849328655554743,19.945141132578755,27700
2022-03-02,19.993051528930664,20.00103463397489,19.881268260454668,19.977082273018084,41800
2022-03-03,19.977081298828125,20.0569260515853,19.949933869683008,20.0569260515853,13300
2022-03-04,19.993051528930664,20.04095777375634,19.873283632498378,19.993051528930664,32200
2022-03-07,20.001033782958984,20.04095692104176,19.933166732586265,19.99305067825443,69500
2022-03-08,20.001033782958984,20.05692617627487,19.88925204215121,20.00901841057554,29300
2022-03-09,20.096843719482422,20.184673082556802,19.977077375324797,20.04893748640171,25000
2022-03-10,20.048940658569336,20.056925285831408,20.001032894996907,20.056925285831408,24100
2022-03-11,20.20064353942871,20.21661279358258,20.00103243124103,20.13676804572513,31500
2022-03-14,19.897233963012695,20.16072054686716,19.897233963012695,20.144751293806454,43200
2022-03-15,19.857315063476562,19.95552308967131,19.777470310187304,19.889252051045066,30200
2022-03-16,19.985065460205078,20.112816452471726,19.913205336691096,19.913205336691096,35000
2022-03-17,20.104829788208008,20.258130658814203,19.993048062027636,19.993048062027636,21500
2022-03-18,20.160724639892578,20.272506388187832,20.160724639892578,20.272506388187832,9900
2022-03-21,19.993051528930664,20.136770263407687,19.977082273018084,20.10483327449459,14200
2022-03-22,19.985065460205078,20.089660576194227,19.96909620544376,19.96909620544376,14500
2022-03-23,20.03696632385254,20.06491176251064,19.961114636482293,19.998642238630136,30600
2022-03-24,20.05692481994629,20.096846432417408,20.03297093871648,20.080877178264203,8500
2022-03-25,19.913204193115234,20.144752282209204,19.906815577830418,20.120799924354714,26400
2022-03-28,19.96909523010254,20.01620346330918,19.929172095149184,19.96909523010254,14800
2022-03-29,20.232582092285156,20.272503704845835,20.017001729468934,20.017001729468934,28900
2022-03-30,20.160724639892578,20.216615514040203,20.12080302204773,20.216615514040203,47400
2022-03-31,20.208627700805664,20.280487819930194,20.160721462359934,20.160721462359934,36400
2022-04-01,20.143156051635742,20.246953154671377,20.112815078826216,20.246953154671377,13300
2022-04-04,20.072893142700195,20.25653652504992,20.048940783676446,20.16072252021911,33100
2022-04-05,19.96111297607422,20.152739477895086,19.889252847527388,20.072894721408375,34300
2022-04-06,19.92119026184082,20.032972001016986,19.881267124340773,19.881267124340773,33100
2022-04-07,19.993051528930664,20.0968486465383,19.897237516367248,19.897237516367248,19800
2022-04-08,19.889251708984375,20.013011150599876,19.889251708984375,19.993050343348852,23900
2022-04-11,19.745532989501953,19.916400680462118,19.721580628110292,19.88126862139903,121400
2022-04-12,19.5618896484375,19.881267134033678,19.498014151318266,19.841345519426145,54500
2022-04-13,19.466073989868164,19.681654345448482,19.426152378647448,19.561887988874478,65600
2022-04-14,19.3463077545166,19.537934230818095,19.291214895106744,19.48204336559414,30600
2022-04-18,19.122743606567383,19.477251585095463,19.10517681890539,19.330337806251535,39100
2022-04-19,19.034915924072266,19.202588528580836,18.979025055902742,19.09080679224179,34300
2022-04-20,19.2105712890625,19.258479048191106,19.06765058619067,19.114758816628875,22900
2022-04-21,19.0748348236084,19.314369039711316,18.97902235549661,19.314369039711316,37400
2022-04-22,19.0748348236084,19.17863344079318,18.94548783936631,19.08281944976967,38100
2022-04-25,18.883214950561523,19.17864012992001,18.85127795768918,19.13073235624312,68500
2022-04-26,18.523910522460938,18.91514809219062,18.49995664242825,18.883209585480365,137400
2022-04-27,18.324302673339844,18.56383542449102,18.18856704157762,18.49995992265657,142300
2022-04-28,18.324302673339844,18.456045229599365,18.180582413484302,18.19655166967094,143300
2022-04-29,17.933061599731445,18.340268451611415,17.669574992386984,18.2604252250134,200500
2022-05-02,17.493913650512695,18.004917490625136,17.469959774415585,17.949026635976786,66800
2022-05-03,17.430042266845703,17.8348535782636,17.414073012361257,17.565777884139624,61700
2022-05-04,17.637638092041016,17.723869934598984,17.374151483416135,17.438026978752106,291200
2022-05-05,17.469966888427734,17.66159492941506,17.278340370352602,17.517874660130662,79700
2022-05-06,17.469966888427734,17.525859288747817,17.326248142055526,17.422060639637,80200
2022-05-09,17.318262100219727,17.49391934672643,17.246401971441514,17.41407458998263,64000
2022-05-10,17.509883880615234,17.597713241638914,17.374148287629392,17.414069893779253,84600
2022-05-11,17.645618438720703,17.76538477305788,17.446007373854883,17.509882853695483,59400
2022-05-12,17.741432189941406,17.74941681586731,17.57775116573956,17.64561972465391,36200
2022-05-13,17.869190216064453,17.965004242103742,17.765393083858147,17.81329933542165,47700
2022-05-16,18.14065933227539,18.169404298087652,17.816490740605797,17.86918806786416,42200
2022-05-17,18.124692916870117,18.348256428821173,18.124692916870117,18.16461453745789,66400
2022-05-18,18.164613723754883,18.19655223712415,17.869188566737748,18.108722848270812,41600
2022-05-19,18.092754364013672,18.178188215720496,17.901127844353464,18.124692878746476,44400
2022-05-20,18.06879997253418,18.28837344789967,17.988956733759995,18.22050486744702,34900
2022-05-23,18.14065933227539,18.2444579749155,18.068799202112885,18.132674704155992,73300
2022-05-24,18.428096771240234,18.428096771240234,18.015300856261863,18.14065629865817,49300
2022-05-25,19.034915924072266,19.034915924072266,18.526305977905718,18.539879692020023,69200
2022-05-26,19.314374923706055,19.418172049600212,19.026934385980415,19.034919014574147,68900
2022-05-27,19.790307998657227,19.88743747707872,19.44225735598223,19.44225735598223,50700
2022-05-31,19.73365020751953,19.782216497644804,19.442260185995135,19.676991079552163,68200
2022-06-01,19.596046447753906,19.782214116467628,19.58795361088594,19.74174221290149,66000
2022-06-02,19.596046447753906,19.660801493459733,19.44225784573836,19.628423970606818,30000
2022-06-03,19.507009506225586,19.604138977925214,19.40987849068084,19.507009506225586,46400
2022-06-06,19.507009506225586,19.606567446294473,19.42606725057915,19.59604459797606,37400
2022-06-07,19.73365020751953,19.766027734269713,19.458448949370226,19.498919313962507,26900
2022-06-08,19.571767807006836,19.78707249990203,19.571767807006836,19.68508606642536,29300
2022-06-09,19.490821838378906,19.58795285936581,19.426068339002704,19.58795285936581,40100
2022-06-10,19.094205856323242,19.34512546546978,19.0294523590001,19.34512546546978,38300
2022-06-13,18.333354949951172,18.754253542749343,18.30907334826563,18.72997039721832,48900
2022-06-14,18.292884826660156,18.576182019555887,18.1390946572861,18.390014322378665,49200
2022-06-15,18.7056884765625,18.762347604656586,18.29288427264716,18.317165873918654,19000
2022-06-16,18.155284881591797,18.657124252144687,18.155284881591797,18.495241231643533,91700
2022-06-17,17.896268844604492,18.30907304880727,17.863891317759354,18.220036393828597,87200
2022-06-21,18.308263778686523,18.398109414810744,17.969117961770852,17.969117961770852,114100
2022-06-22,18.47905158996582,18.551899486082085,18.27669666605299,18.349544562169253,36600
2022-06-23,18.713781356811523,18.713781356811523,18.499284118435167,18.535708061265467,33100
2022-06-24,18.64093589782715,18.87242935955844,18.55189923846333,18.794724526379433,38900
2022-06-27,18.9161376953125,18.932324914814966,18.733207448402876,18.88376016861667,19000
2022-06-28,18.883764266967773,19.01327131416716,18.762351603199072,19.005176930736475,27700
2022-06-29,19.14277458190918,19.15086896374175,18.883760538648893,18.93232528579883,27500
2022-06-30,19.03754997253418,19.158962607655475,18.867571048288035,19.010838359130968,14500
2022-07-01,19.248001098632812,19.248001098632812,18.980892658320194,19.177581670907013,7500
2022-07-05,19.32084846496582,19.32084846496582,19.078021634355945,19.1225399638267,12000
2022-07-06,19.296566009521484,19.34513075984375,19.12496911746027,19.32084915660541,22000
2022-07-07,19.296566009521484,19.36051054948391,19.223718112115296,19.28037724479887,26400
2022-07-08,19.42607307434082,19.47059140548481,19.23181252885888,19.28847166164375,20700
2022-07-11,19.409883499145508,19.45844979137233,19.30546859539521,19.426072263221116,26800
2022-07-12,19.385602951049805,19.555580351550365,19.353225421137928,19.353225421137928,19900
2022-07-13,19.358081817626953,19.396123715978586,19.223717851175127,19.231812233426563,15000
2022-07-14,19.393692016601562,19.401786397504754,19.10230202331315,19.368601442800557,20900
2022-07-15,19.579862594604492,19.579862594604492,19.425263447260978,19.46654278899268,7000
2022-07-18,19.47463035583496,19.571761363247013,19.442254382594268,19.458443141137106,17000
2022-07-19,19.507009506225586,19.57014350844583,19.474631986428964,19.474631986428964,18600
2022-07-20,19.620330810546875,19.620330810546875,19.489204304987133,19.54748292344095,12900
2022-07-21,19.71746253967285,19.798403267017058,19.636520268483235,19.636520268483235,10100
2022-07-22,19.80649757385254,19.83887509974449,19.668896176502553,19.749838447387027,12200
2022-07-25,19.814594268798828,19.863160563307165,19.71098833523153,19.843734354272947,10600
2022-07-26,19.89553451538086,19.903628896971494,19.814592243319932,19.814592243319932,12700
2022-07-27,20.008853912353516,20.020185738458302,19.89553565130563,20.016948294406294,31300
2022-07-28,20.30024528503418,20.30024528503418,19.91172421351331,19.944100197550632,23300
2022-07-29,20.6240177154541,20.6563952509836,20.154554257197468,20.154554257197468,112000
2022-08-01,20.510696411132812,20.583544311510483,20.4783188803669,20.53497955920725,35500
2022-08-02,20.65639305114746,20.80208885782235,20.381190203838383,20.454038107175826,63800
2022-08-03,20.826370239257812,20.842559005124563,20.640204063327236,20.64829844626061,46900
2022-08-04,20.79399299621582,20.82717950108577,20.63210843501126,20.737333862947903,43500
2022-08-05,20.42974853515625,20.656386556935654,20.373089415672705,20.599727437452106,39500
2022-08-08,20.275962829589844,20.533358935948826,20.23549246220366,20.429753004579347,41300
2022-08-09,20.13027000427246,20.42975444933862,20.076848312745113,20.24358827604391,17100
2022-08-10,20.292150497436523,20.39413692930687,20.20311384138405,20.24358575042857,17900
2022-08-11,20.275962829589844,20.389282637193162,20.23549246220366,20.30024597632889,15400
2022-08-12,20.39737319946289,20.421654797808976,20.212825024037276,20.328571735176702,10900
2022-08-15,20.43784523010254,20.502598737394592,20.381186104202666,20.381186104202666,13300
2022-08-16,20.308340072631836,20.427324247902177,20.25168094155072,20.397376732242464,10300
2022-08-17,20.097890853881836,20.240349201093334,20.097890853881836,20.227397880857545,16200
2022-08-18,20.138362884521484,20.20878231695888,20.08170374851963,20.08170374851963,15200
2022-08-19,19.952190399169922,20.02827572113868,19.838872163013303,19.984567920269058,20500
2022-08-22,19.82268714904785,19.887440659639676,19.71746327327819,19.830781530852512,25800
2022-08-23,19.19133949279785,19.872871627998315,19.02136210440011,19.774122638951223,62200
2022-08-24,19.32084846496582,19.53939060551553,19.069927252284398,19.069927252284398,26300
2022-08-25,19.498920440673828,19.706132301081116,19.38560217819119,19.38560217819119,16900
2022-08-26,19.604141235351562,19.711795111611117,19.458447011025356,19.63651875887647,24800
2022-08-29,19.563671112060547,19.628424616050406,19.442258485060226,19.51510637002948,18600
2022-08-30,19.488182067871094,19.63588222448322,19.463564853407565,19.63588222448322,24300
2022-08-31,19.266632080078125,19.603059523305618,19.266632080078125,19.52920944405231,50000
2022-09-01,19.17637062072754,19.266630604503078,19.02867047353285,19.118930457308387,28300
2022-09-02,19.233810424804688,19.414331968756848,19.21165508831971,19.299454764885883,9300
2022-09-06,18.954818725585938,19.233807520068588,18.954818725585938,19.233807520068588,15600
2022-09-07,19.01226043701172,19.241194743437305,18.913793143068997,18.987643222254903,19300
2022-09-08,19.069698333740234,19.14354841019224,18.89738253207521,19.012259733185225,30200
2022-09-09,19.328174591064453,19.371663595842413,19.143549390480295,19.143549390480295,23100
2022-09-12,19.463565826416016,19.537415908413937,19.24283724983794,19.33227713954962,15900
2022-09-13,19.356889724731445,19.42253405246135,19.192778122864564,19.242012542475166,52000
2022-09-14,19.406126022338867,19.513619156284204,19.32407020684689,19.356893159077483,30600
2022-09-15,19.39792251586914,19.51280129680767,19.31586825602193,19.443053297835917,39500
2022-09-16,19.348684310913086,19.397917166260783,19.118928377483407,19.258422771872095,26800
2022-09-19,19.200986862182617,19.38971413828439,19.1845753864126,19.258425462293204,26900
2022-09-20,19.045080184936523,19.1615991539499,18.995847324746947,19.07790313511918,31100
2022-09-21,19.094314575195312,19.270734019392552,19.086108837664696,19.086108837664696,36600
2022-09-22,18.831737518310547,19.053286174637872,18.831737518310547,19.02867052675952,35400
2022-09-23,18.643009185791016,18.81942863740986,18.585570585744783,18.692243613045903,38600
2022-09-26,18.339405059814453,18.675832493721206,18.281966458672006,18.64300954159152,33600
2022-09-27,18.339405059814453,18.44607652406692,18.257349244574744,18.4378707860345,60700
2022-09-28,18.528133392333984,18.807122240954335,18.355817579113257,18.42146192201895,53700
2022-09-29,18.42146110534668,18.536338309067688,18.134266530959643,18.536338309067688,48500
2022-09-30,18.413253784179688,18.478898118531593,18.33119797496871,18.33119797496871,163200
2022-10-03,18.331199645996094,18.60280284980957,18.240938091127557,18.380432509976874,139400
2022-10-04,18.413253784179688,18.634802434439624,18.40504804675015,18.478898118531593,38500
2022-10-05,18.380434036254883,18.536339944405448,18.240939605822202,18.41325699169065,102200
2022-10-06,18.1014461517334,18.38043502764668,18.1014461517334,18.38043502764668,39100
2022-10-07,17.89630699157715,18.101445774587244,17.87169133927015,18.019389948366264,33700
2022-10-10,17.609111785888672,17.912717863097114,17.576290395562832,17.847073517360784,30700
2022-10-11,17.518848419189453,17.68295846942383,17.45320408607883,17.584492752300076,32200
2022-10-12,17.33832550048828,17.623058169874056,17.330121328217274,17.518848592137907,30300
2022-10-13,17.06754493713379,17.19062945047431,16.903434861154093,17.141395019104262,93900
2022-10-14,17.010107040405273,17.269402442427,16.94446269426375,17.141395732688327,39900
2022-10-17,17.010107040405273,17.272684424971377,17.010107040405273,17.083957125450073,52700
2022-10-18,17.092161178588867,17.19883264364131,17.01010536273379,17.083955440494908,37200
2022-10-19,17.001901626586914,17.092163191164108,16.947745000857534,17.092163191164108,39400
2022-10-20,16.911640167236328,17.026517373992835,16.821378610450754,17.01749153133119,32200
2022-10-21,16.837787628173828,16.903431960317253,16.68188175242657,16.770501522565976,32800
2022-10-24,16.9444580078125,16.9444580078125,16.837786561742163,16.90343088972796,27700
2022-10-25,17.157806396484375,17.23986221653951,16.977284844430752,16.977284844430752,40600
2022-10-26,17.23986053466797,17.559876480070105,17.231654796954526,17.248066272381415,26000
2022-10-27,17.273502349853516,17.46140950427519,17.273502349853516,17.345710645430408,17400
2022-10-28,17.502437591552734,17.559876189511986,17.354737445323565,17.362943182901233,29300
2022-10-31,17.53526496887207,17.592703581332458,17.445003397814432,17.543469143436575,40500
2022-11-01,17.527057647705078,17.682961991719907,17.476183005520788,17.641934862260143,45800
2022-11-02,17.584495544433594,17.699372754346737,17.45320685736583,17.576289805856284,33800
2022-11-03,17.37114906311035,17.51064347290722,17.36294332546531,17.46141061212139,41500
2022-11-04,17.23165512084961,17.45648733015384,17.116777920870973,17.436793872288295,25300
2022-11-07,17.23986053466797,17.34325001270538,17.100366123708294,17.34325001270538,18600
2022-11-08,17.453208923339844,17.453208923339844,17.17422003902518,17.17422003902518,29800
2022-11-09,17.428592681884766,17.428592681884766,17.231659616930035,17.39577128693475,35200
2022-11-10,18.290170669555664,18.372224912859703,17.691164363879338,17.691164363879338,26700
2022-11-11,18.577363967895508,18.651214040195235,18.347609578593588,18.347609578593588,23300
2022-11-14,18.3229923248291,18.577363926019,18.290170940038983,18.577363926019,30900
2022-11-15,18.815326690673828,18.831738166547275,18.39356146425004,18.470693522753862,21700
2022-11-16,18.872766494750977,18.995849441482434,18.77429919831506,18.83173936753535,48200
2022-11-17,18.79645347595215,18.921998293652177,18.593776599177733,18.675832414067468,55300
2022-11-18,18.8481502532959,18.913794599283637,18.7398370041619,18.80219936761295,28300
2022-11-21,18.93840789794922,19.004052230356425,18.872763565542012,18.897380777101343,30400
2022-11-22,19.00405502319336,19.036877976762796,18.9302049427467,18.961386122603834,20400
2022-11-23,19.159961700439453,19.159961700439453,18.954822927554844,18.954822927554844,25000
2022-11-25,19.159961700439453,19.209194567708064,19.094317355719763,19.176373177890532,9200
2022-11-28,19.143550872802734,19.250222349686382,19.073804438895095,19.209195219750676,30200
2022-11-29,18.883886337280273,19.13356246599692,18.867240838725266,19.13356246599692,45700
2022-11-30,19.150205612182617,19.150205612182617,18.742400472091525,18.87556126937017,58300
2022-12-01,19.374916076660156,19.43317373012273,19.1502066241028,19.166852121492678,37600
2022-12-02,19.433176040649414,19.503917031864216,19.13522858651464,19.258401472079697,59200
2022-12-05,19.1751766204834,19.474787663839475,19.1751766204834,19.416530005059187,39300
2022-12-06,19.11691665649414,19.270885134520395,19.066981749043453,19.241756306223987,19500
2022-12-07,19.21678352355957,19.24175176509335,19.108589397648228,19.2251062707375,26900
2022-12-08,19.033693313598633,19.265892153155086,19.033693313598633,19.191820793182274,43500
2022-12-09,18.975433349609375,19.183497318738436,18.89220903187944,18.992078848116208,31900
2022-12-12,18.900531768798828,19.100274592722066,18.85059685651914,18.97543493091948,38200
2022-12-13,19.26255989074707,19.2916887152711,19.05699293450526,19.07530202780554,28800
2022-12-14,19.183494567871094,19.30833420136851,19.083624765955417,19.241753804290767,34400
2022-12-15,19.017045974731445,19.20097348396157,18.933820074505963,19.116915785080415,41400
2022-12-16,19.017045974731445,19.017045974731445,18.808982017868743,18.892207918094226,47300
2022-12-19,18.900531768798828,19.030363810647813,18.858919606466127,18.967113768374734,33200
2022-12-20,18.81730079650879,19.006222232617834,18.800655302495198,18.875558438154673,21900
2022-12-21,18.684144973754883,19.033692503722836,18.667499475327336,18.85891794503781,44600
2022-12-22,18.559301376342773,18.808979037456076,18.49355437011854,18.751553191274034,67000
2022-12-23,18.567628860473633,18.675823017444085,18.4760817900396,18.52601670004018,49700
2022-12-27,18.301305770874023,18.52601522913873,18.218079869212797,18.52601522913873,43800
2022-12-28,18.02665901184082,18.351238239058976,17.99336960803985,18.351238239058976,34000
2022-12-29,18.051633834838867,18.16648398658559,18.018342831501908,18.13485975577885,28800
2022-12-30,17.627178192138672,18.26801554253813,17.627178192138672,18.04330609436139,71100
2023-01-03,17.960081100463867,18.176467810999824,17.810274794138817,17.851888538896915,38700
2023-01-04,18.40117645263672,18.451111356725,18.059951697796496,18.109886601884778,27200
2023-01-05,18.71743392944336,18.96461465415353,18.37288037483706,18.401177403997465,32400
2023-01-06,19.275041580200195,19.33329922429465,18.592592170976456,18.592592170976456,21200
2023-01-09,19.308338165283203,19.50807939752241,18.967113361782612,19.225112254999647,36800
2023-01-10,19.349945068359375,19.408202713505634,19.20513275402388,19.30833291822684,18000
2023-01-11,19.541366577148438,19.558012074784315,19.389896675907224,19.466463425189016,20600
2023-01-12,19.58298110961914,19.68285092465096,19.433174799669324,19.57465836046614,24600
2023-01-13,19.682849884033203,19.807687939923927,19.511405705271386,19.524720833290555,25700
2023-01-17,19.840980529785156,19.890915438675293,19.674528716948522,19.674528716948522,17800
2023-01-18,20.007429122924805,20.223814222427652,19.909222918383502,19.95749263466857,55300
2023-01-19,20.040719985961914,20.132268633691364,19.902565215723502,19.96581683552909,21700
2023-01-20,20.148910522460938,20.190524261528253,20.05070432062464,20.123943866422383,24200
2023-01-23,20.24045753479004,20.292889413140575,20.148908903599242,20.148908903599242,34300
2023-01-24,20.282072067260742,20.34865245963272,20.09897479768648,20.215491674888767,26400
2023-01-25,20.315364837646484,20.332010335349427,20.182204030827005,20.19052677967848,53800
2023-01-26,20.448524475097656,20.456847223473183,20.315363675893103,20.315363675893103,44600
2023-01-27,20.290395736694336,20.49845968701377,20.290395736694336,20.448524783409656,27900
2023-01-30,20.282072067260742,20.381941862117824,20.194684012508585,20.282072067260742,54000
2023-01-31,20.4818172454834,20.556720399959364,20.348656434726585,20.38194584371475,119600
2023-02-01,20.423555374145508,20.57336006477835,20.365296142486248,20.44852202888344,37300
2023-02-02,20.473491668701172,20.60582066249231,20.431877928960827,20.506781073091588,33900
2023-02-03,20.09897804260254,20.38111335405709,20.057365885927567,20.29871925196605,32600
2023-02-06,19.949174880981445,19.999111381739482,19.817679238750735,19.999111381739482,22300
2023-02-07,19.940847396850586,20.065687031706183,19.847635157408025,19.949170145001084,35500
2023-02-08,20.082332611083984,20.09897810876958,19.907559647591306,19.999108297460058,26100
2023-02-09,20.049041748046875,20.21549353801847,20.016584141097006,20.173879796824615,13600
2023-02-10,20.015750885009766,20.065687374766522,19.911718912452745,19.999106975826106,25000
2023-02-13,20.082332611083984,20.140591852983572,19.974140050931663,19.99078554861726,35700
2023-02-14,20.15723419189453,20.240460086432545,19.999106738414397,20.007429486608387,30500
2023-02-15,20.265432357788086,20.265432357788086,20.107303285485546,20.15723819716974,23800
2023-02-16,20.108131408691406,20.164725462350315,20.000770653863825,20.14059060338504,20300
2023-02-17,20.03239631652832,20.082331218720956,19.926700747097208,20.0157508199968,13500
2023-02-21,19.62459373474121,19.92420636176695,19.57465882603763,19.92420636176695,29400
2023-02-22,19.840980529785156,19.882592689293247,19.624593808058385,19.72446521324079,49200
2023-02-23,20.07567596435547,20.08233352877312,19.87010897949098,19.949172716007443,28200
2023-02-24,19.965818405151367,19.999109402361807,19.890915248829995,19.915883496737827,27300
2023-02-27,20.040071487426758,20.119387865015522,19.947253799211776,19.98100627107411,17500
2023-02-28,20.20882797241211,20.22570259671945,19.921938436906338,20.04006885408887,68300
2023-03-01,20.107574462890625,20.20883026726411,20.00631865851714,20.183515913819136,49200
2023-03-02,19.930377960205078,20.00631779846259,19.812245925280006,19.997881290416686,15700
2023-03-03,20.0906982421875,20.15820157535117,20.00631867338131,20.03163302684509,20100
2023-03-06,20.183515548706055,20.2088299016931,20.110105695390644,20.15820119571901,23400
2023-03-07,20.073822021484375,20.200390559937098,20.023193318578258,20.17507620848404,17200
2023-03-08,20.107574462890625,20.14132693415059,20.01475677633213,20.056947365407087,17100
2023-03-09,19.727869033813477,20.158203425761585,19.71099440602837,20.14976530716575,35900
2023-03-10,19.50004768371582,19.753184822324926,19.381915624212454,19.70255771648444,9500
2023-03-13,19.51692008972168,19.651928372263146,18.985331515428538,19.348162553006212,35100
2023-03-14,19.71099281311035,19.955691794988233,19.68230353408432,19.694116577282518,16700
2023-03-15,19.761615753173828,19.96412571227872,19.53379144565354,19.542229561792006,28800
2023-03-16,20.4366512298584,20.563221376647935,19.70255274739169,19.7363036063043,24800
2023-03-17,20.141324996948242,20.3522730938147,20.04006920231359,20.335396859807883,20300
2023-03-20,19.955692291259766,20.149764179886883,19.921941428171188,20.13288955304583,21700
2023-03-21,20.175077438354492,20.310084102188227,19.9970368572491,20.26789512326758,18800
2023-03-22,20.217266082763672,20.449310291207023,20.082259421163734,20.082259421163734,48700
2023-03-23,20.200389862060547,20.335396513000124,20.158199277763035,20.259455070670835,17200
2023-03-24,20.28476905822754,20.495717147721223,20.09069559274464,20.191951383840337,19000
2023-03-27,20.4366512298584,20.588534118480826,20.31008269247513,20.487279932336723,13800
2023-03-28,20.529468536376953,20.56322100408431,20.386023767433173,20.504154185596434,27100
2023-03-29,20.578411102294922,20.765733133017275,20.47040544761293,20.537908780613375,31600
2023-03-30,20.62228775024414,20.723541942100688,20.54634630164855,20.54634630164855,42300
2023-03-31,20.605411529541016,20.71510383903004,20.580097176855997,20.698229213313056,36900
2023-04-03,20.681352615356445,20.71510347560465,20.521031603310053,20.571658698385527,28400
2023-04-04,20.816362380981445,20.816362380981445,20.59781945275861,20.706670057050673,20700
2023-04-05,20.791046142578125,20.900740065983975,20.649289624288457,20.765733398258643,20700
2023-04-06,20.900739669799805,20.951366766885535,20.74041865138753,20.757294886884907,23700
2023-04-10,20.87542724609375,20.883865364622384,20.723544331391448,20.782609551685333,29000
2023-04-11,20.858549118041992,20.968243039563042,20.78260766757554,20.82479825639379,38900
2023-04-12,20.900739669799805,21.035746334966014,20.845892709136532,20.858549081056363,22200
2023-04-13,21.010433197021484,21.061060297035624,20.90074087875643,20.98512045171766,16900
2023-04-14,21.001995086669922,21.06949842318295,20.875426531883804,20.968244223116653,16600
2023-04-17,20.85011100769043,21.052622615277222,20.85011100769043,20.934490575950527,28700
2023-04-18,20.92014503479004,21.027307355459527,20.87458113210214,20.97668026044864,15300
2023-04-19,20.83323860168457,20.91761817893669,20.816362364352834,20.91761817893669,21100
2023-04-20,20.799482345581055,20.976679586535894,20.76573148646021,20.791044228449273,19200
2023-04-21,20.824798583984375,20.892301917749055,20.775858143947893,20.841674819777154,15700
2023-04-24,20.91761589050293,20.95136675206741,20.81636008699669,20.85011094856117,18300
2023-04-25,20.841672897338867,20.959803318179087,20.841672897338867,20.951365201061034,14000
2023-04-26,20.816362380981445,20.976683416947875,20.807924262308838,20.841676736999275,16100
2023-04-27,20.926050186157227,20.95136453670869,20.791043535361855,20.791043535361855,51000
2023-04-28,21.061058044433594,21.086372396436392,20.93027124926826,20.9429276205665,79200
2023-05-01,20.83323860168457,21.010434265448097,20.824800483018702,21.010434265448097,97800
2023-05-02,20.799482345581055,20.92605088374521,20.6729138074169,20.85432930223449,25800
2023-05-03,20.52103042602539,20.871205036273327,20.52103042602539,20.866985173105434,25900
2023-05-04,20.563220977783203,20.62228618678929,20.394461858274752,20.588533719125103,17700
2023-05-05,20.58853530883789,20.81635965494354,20.58853530883789,20.596973426405476,28500
2023-05-08,20.647600173950195,20.74885597364601,20.5800968439551,20.59697307880546,23100
2023-05-09,20.715103149414062,20.824797064657684,20.639161703293496,20.67291417241655,46200
2023-05-10,20.85011100769043,20.974992897467885,20.70919782074082,20.841674499330182,23300
2023-05-11,20.85011100769043,20.910864489966468,20.765733048836733,20.782607674963632,12000
2023-05-12,20.866987228393555,20.976681149875642,20.802015491983568,20.85011099287225,18000
2023-05-15,20.841672897338867,20.968241435297145,20.824796663102756,20.850109405050645,18600
2023-05-16,20.757295608520508,20.91761663250641,20.740419372436424,20.824798943450393,28700
2023-05-17,20.83323860168457,20.926054688195983,20.681355684512077,20.816362364352834,38800
2023-05-18,20.91761589050293,20.968242987552852,20.782607616025807,20.782607616025807,15400
2023-05-19,20.87542724609375,20.917617838736916,20.74885868697735,20.86698912756512,37200
2023-05-22,20.824798583984375,20.900740035645445,20.74041901442692,20.81636046608799,23200
2023-05-23,20.766576766967773,20.84167488991385,20.715104730448516,20.765733437997223,30200
2023-05-24,20.765731811523438,20.82479702296422,20.596972685058653,20.681352248291045,13900
2023-05-25,20.69822883605957,20.959804038078413,20.67291448383594,20.731979696284743,16900
2023-05-26,20.765731811523438,20.80792078843648,20.681352248291045,20.681352248291045,8000
2023-05-30,20.832433700561523,21.012022858806297,20.738362257016632,20.823881602862365,17100
2023-05-31,21.114648818969727,21.148855582539277,20.72981253414955,20.72981253414955,107200
2023-06-01,21.140304565429688,21.1916171601283,21.00775110699025,21.097545700993635,24900
2023-06-02,21.27713394165039,21.328446534064344,21.13175152543629,21.20871878291117,27900
2023-06-05,21.200170516967773,21.26858568281194,21.16596211847258,21.26003358318814,33500
2023-06-06,21.200170516967773,21.25148148356434,21.14030581960119,21.148857919224987,19700
2023-06-07,21.012027740478516,21.31989680459127,21.012027740478516,21.183066471906987,18100
2023-06-08,21.020578384399414,21.12320194237862,21.01288100587118,21.12320194237862,17900
2023-06-09,21.123201370239258,21.15740813454173,21.037682012763966,21.037682012763966,17300
2023-06-12,21.012027740478516,21.080442906820657,20.95216467382242,21.07189080713461,17600
2023-06-13,20.9436092376709,21.106095843528053,20.89229827887505,21.106095843528053,24000
2023-06-14,20.849538803100586,20.917953961877075,20.738364781768563,20.90085139554249,26100
2023-06-15,20.85980224609375,20.943610531237386,20.764021348786738,20.841843327848686,35900
2023-06-16,20.832433700561523,20.90084885100894,20.823881602862365,20.878613070761958,10700
2023-06-20,20.764022827148438,20.94361202238552,20.746918628226947,20.83243799168821,21700
2023-06-21,20.815332412719727,20.883747572723607,20.746917252715846,20.746917252715846,11200
2023-06-22,20.79822540283203,20.909401042272723,20.76401864302818,20.875192651323015,13100
2023-06-23,20.7896785736084,20.829018559399263,20.764023905040577,20.829018559399263,11000
2023-06-26,20.79822540283203,20.909401042272723,20.781121207357177,20.79822540283203,13800
2023-06-27,20.815332412719727,20.866643374936118,20.76402145050334,20.789676116038493,16100
2023-06-28,20.88374900817871,20.900853207141864,20.798229644509124,20.823885942953858,17300
2023-06-29,20.85809326171875,20.986373126191,20.789678095201793,20.832438593741287,16300
2023-06-30,21.251482009887695,21.251482009887695,20.84954147334566,20.96926923989784,80000
2023-07-03,21.18306541442871,21.251480577355505,21.140304918133122,21.18306541442871,20400
2023-07-05,21.029130935668945,21.2087201270615,21.012026737113608,21.148857063263982,19000
2023-07-06,20.75546646118164,20.89229676213427,20.5502210097527,20.89229676213427,32900
2023-07-07,20.86664390563965,20.917954869161036,20.610087456886596,20.687054717741734,9500
2023-07-10,20.969266891479492,20.969266891479492,20.69560625197341,20.76402141184993,5600
2023-07-11,21.0804386138916,21.097542809780506,20.943608309072143,21.05478395120414,10100
2023-07-12,21.123201370239258,21.191616529990274,21.020577815039694,21.05478621048824,25900
2023-07-13,21.114648818969727,21.165959779897072,21.07188832557524,21.088992522933037,35800
2023-07-14,21.029130935668945,21.080441900188795,20.883748510240906,21.057351395253708,12900
2023-07-17,20.93505859375,21.01202585286384,20.883747631389472,20.980384881128785,15400
2023-07-18,21.029130935668945,21.029130935668945,20.926507375483087,20.96071577259376,7300
2023-07-19,21.05478858947754,21.074456951051324,20.977821322167824,21.074456951051324,12600
2023-07-20,20.986371994018555,21.06846921072218,20.92650729929284,21.037682958351592,26500
2023-07-21,21.003475189208984,21.14030551895136,20.94361212383997,21.033406721893492,7700
2023-07-24,20.952167510986328,21.03768688828087,20.92651120845403,20.969271712674526,12700
2023-07-25,20.892301559448242,20.969268825300638,20.892301559448242,20.952164625967608,19400
2023-07-26,20.986371994018555,21.029985579685867,20.92650729929284,20.92650729929284,25000
2023-07-27,20.87519645690918,21.12320244306893,20.832437591572884,21.029130981953692,26800
2023-07-28,20.712709426879883,20.885459219451583,20.62719169788228,20.875196048038354,15200
2023-07-31,20.952167510986328,20.994926384060374,20.721265681635003,20.721265681635003,27800
2023-08-01,20.74692153930664,20.941905519619723,20.74692153930664,20.79823251212456,14100
2023-08-02,20.61008644104004,20.738364659093886,20.524567085288794,20.618638539729766,20500
2023-08-03,20.421939849853516,20.610082724811193,20.353524703817744,20.48180452988734,11400
2023-08-04,20.56732749938965,20.71185520520236,20.490360236520978,20.591272725069132,16400
2023-08-07,20.75546646118164,20.832433709360725,20.524564716644388,20.62547718593289,10400
2023-08-08,20.85809326171875,20.892301660550345,20.65284776216788,20.65284776216788,20200
2023-08-09,20.832433700561523,20.89144203288362,20.772570647813264,20.772570647813264,9100
2023-08-10,20.832433700561523,20.935055610659724,20.738362257016632,20.832433700561523,11700
2023-08-11,20.764022827148438,20.858092658924257,20.702448689718786,20.746918628226947,7000
2023-08-14,20.70415496826172,20.8409869075857,20.64429191232707,20.72981126272483,8800
2023-08-15,20.75546646118164,20.793950085271184,20.627188257931785,20.627188257931785,18400
2023-08-16,20.69560432434082,20.764019477845007,20.610084974674102,20.687052226259556,14100
2023-08-17,20.69560432434082,20.712706889357424,20.48180676574699,20.62889861176533,59200
2023-08-18,20.74692153930664,20.755473639967363,20.601539090367183,20.601539090367183,13200
2023-08-21,20.601537704467773,20.76402434379793,20.524570434845398,20.652848673833923,35500
2023-08-22,20.66139793395996,20.83243664986584,20.544237604301074,20.60153487273673,33300
2023-08-23,20.840988159179688,20.849538626701612,20.66994944811253,20.66994944811253,23700
2023-08-24,20.82388687133789,20.909406238820157,20.695608635687623,20.909406238820157,11100
2023-08-25,20.781126022338867,20.87519748810104,20.592984721960754,20.70244931475854,19800
2023-08-28,20.721263885498047,20.862371090474713,20.575026725376752,20.7982311552769,13000
2023-08-29,20.79822540283203,20.866640553585587,20.729810252078472,20.729810252078472,16600
2023-08-30,20.900522232055664,20.99587811257866,20.822502732162164,20.89185321501795,7700
2023-08-31,21.143247604370117,21.19526170538861,20.82250224865222,20.883183713061232,96600
2023-09-01,21.12590980529785,21.164919551718825,21.00454523118494,21.065226691518504,23100
2023-09-05,21.065229415893555,21.125912537521074,20.987209912961312,21.082567450644273,29500
2023-09-06,21.09123420715332,21.11464038621318,20.891851789230753,21.108572240045497,15500
2023-09-07,21.047893524169922,21.13458039304789,20.900523532252922,20.900523532252922,6800
2023-09-08,21.030555725097656,21.158854871853112,20.967273384176572,21.082568177697517,18700
2023-09-11,20.96120262145996,21.099903580048867,20.96120262145996,21.099903580048867,14200
2023-09-12,20.935197830200195,21.03055536955956,20.865847343424118,20.961204882783484,21100
2023-09-13,20.935197830200195,21.065229786224588,20.82510477983426,20.891854396007407,20100
2023-09-14,20.987207412719727,21.039221510775363,20.917856935424684,21.039221510775363,19700
2023-09-15,20.857175827026367,20.9785404044285,20.744481919559206,20.9785404044285,128700
2023-09-18,20.770490646362305,20.86584818958867,20.761823281929086,20.761823281929086,50600
2023-09-19,20.692468643188477,20.83897055166859,20.657792578624292,20.770486481566362,14900
2023-09-20,20.58844566345215,20.761822709364903,20.58844566345215,20.675134186408524,23300
2023-09-21,20.285036087036133,20.56243802990666,20.120328063414508,20.43240607586685,19700
2023-09-22,20.293704986572266,20.319712038607587,20.111660582662992,20.17234205063275,7400
2023-09-25,20.22435188293457,20.25035893160292,20.120325341706955,20.16367042282087,17500
2023-09-26,20.02496910095215,20.207013477936943,19.990293036700333,20.13766300287906,11800
2023-09-27,19.98162269592285,20.293700639716494,19.90360320997444,20.07698021284772,32500
2023-09-28,19.834257125854492,20.00936863192953,19.73890124128734,19.955621716083787,33600
2023-09-29,19.539518356323242,20.057045290725924,19.539518356323242,19.95562126162936,148400
2023-10-02,18.776660919189453,19.57419229499248,18.776660919189453,19.57419229499248,21300
2023-10-03,18.204517364501953,19.019386699973047,18.114361580093306,18.776659206539208,46500
2023-10-04,18.22185707092285,18.351889019068793,18.204519036917812,18.308545587502124,41800
2023-10-05,18.36922836303711,18.46458424997308,18.20452033513528,18.20452033513528,41100
2023-10-06,18.02247428894043,18.253063853618688,17.645379497187157,18.16984261477324,98000
2023-10-09,18.21319007873535,18.334553023371058,18.031144008335684,18.117832534552377,29500
2023-10-10,18.351886749267578,18.48191868133089,18.08315386921064,18.256529227479813,33400
2023-10-11,18.38656234741211,18.5946154362896,18.299875489399955,18.46458184237971,16800
2023-10-12,18.239194869995117,18.45591533192883,18.239194869995117,18.385696791146657,19300
2023-10-13,18.403900146484375,18.403900146484375,18.221855762837592,18.33454966888858,21600
2023-10-16,18.464584350585938,18.464584350585938,18.256532886892824,18.429909933360115,16700
2023-10-17,18.161176681518555,18.369228141569643,18.161176681518555,18.33455207150478,26200
2023-10-18,17.970462799072266,18.169845254876975,17.970462799072266,18.152508872136753,33300
2023-10-19,17.9877986907959,18.14383769097825,17.9877986907959,18.065818190887075,18700
2023-10-20,18.109159469604492,18.16984092836143,17.71039465294704,17.987796552090614,18000
2023-10-23,18.074487686157227,18.200185956679363,17.983465484791257,18.161176205601663,13100
2023-10-24,18.49925994873047,18.54260338251714,18.094425266551863,18.195850951885728,23400
2023-10-25,18.351886749267578,18.487986827137536,18.29120529120108,18.412568207334076,17400
2023-10-26,18.42990493774414,18.551267845306942,18.395228876471563,18.403897891789708,23000
2023-10-27,18.36922836303711,18.492325767737842,18.29120885789656,18.492325767737842,14700
2023-10-30,18.299875259399414,18.4039001490849,18.18717969988669,18.30854427578084,21600
2023-10-31,18.551273345947266,18.551273345947266,18.299878440962388,18.30854745885098,43100
2023-11-01,19.01072120666504,19.01072120666504,18.464584658595168,18.464584658595168,29600
2023-11-02,19.678220748901367,19.808252709539392,19.123415181561786,19.123415181561786,29800
2023-11-03,19.87759780883789,20.1497979505854,19.77357127646728,19.77357127646728,17200
2023-11-06,19.825590133666992,19.868933568060662,19.7562396465695,19.7562396465695,10700
2023-11-07,19.79958152770996,19.877601026254858,19.712893012277195,19.749301891138693,21200
2023-11-08,19.756240844726562,19.938285264355663,19.70509479538608,19.79958428174888,14000
2023-11-09,19.57419204711914,19.883669170858624,19.504841565468645,19.84292495683408,13500
2023-11-10,19.634870529174805,19.712890015860513,19.513507618083995,19.712890015860513,16800
2023-11-13,19.790912628173828,19.851594093302808,19.513510699900834,19.56552314809054,15500
2023-11-14,20.2503604888916,20.337047350894245,19.938282494655176,19.938282494655176,28900
2023-11-15,20.137666702270508,20.267698660210854,20.09345686170734,20.224355225379423,22600
2023-11-16,20.173208236694336,20.258162290927046,20.11166036369398,20.137665762000168,18500
2023-11-17,20.215686798095703,20.36045592493358,20.152404455463948,20.155005326181158,5100
2023-11-20,20.15587043762207,20.2763669679564,20.016303061180984,20.259030586698437,11300
2023-11-21,20.189678192138672,20.233021621353906,20.05097558106908,20.14199942793441,10100
2023-11-22,20.094322204589844,20.241692190046344,19.847261001537177,20.13766563712871,18500
2023-11-24,20.11166000366211,20.11166000366211,20.06224677156217,20.06224677156217,1200
2023-11-27,20.241689682006836,20.249490639105353,20.11165774705583,20.152400304042818,11900
2023-11-28,20.397729873657227,20.423735270120492,20.155002368176312,20.155002368176312,16400
2023-11-29,20.582351684570312,20.668506716811464,20.47509722121413,20.545428099324106,26100
2023-11-30,20.97620391845703,20.97620391845703,20.457513088783074,20.571800131352784,82700
2023-12-01,20.932247161865234,21.028952748403718,20.809168543958368,20.879499422308065,34200
2023-12-04,20.668502807617188,21.09840091044287,20.50146637489124,20.89707853744741,32500
2023-12-05,20.48388671875,20.79773886411086,20.47509682637361,20.501469857143523,15000
2023-12-06,20.35201644897461,20.659714662287648,20.35201644897461,20.580592216669427,35000
2023-12-07,20.395973205566406,20.59817425498354,20.290476058102527,20.290476058102527,21800
2023-12-08,20.167396545410156,20.424982956883426,20.149813408818208,20.35201444916502,14600
2023-12-11,20.061901092529297,20.23245384283273,19.991570217057603,20.22014598154569,11500
2023-12-12,20.17618751525879,20.193768974509055,19.868489341307146,20.06189880762125,22400
2023-12-13,20.5102596282959,20.65092136947214,20.035526671031135,20.2465192827955,29200
2023-12-14,21.011369705200195,21.011369705200195,20.582351848361405,20.703671482212783,23200
2023-12-15,21.14323616027832,21.178402431814774,20.85312112738305,21.011365995656856,27500
2023-12-18,21.090490341186523,21.178404351175026,20.86191458594453,21.13444818459091,31300
2023-12-19,21.116863250732422,21.20565590698898,20.909386942611324,21.020157680290176,18600
2023-12-20,21.15203094482422,21.283901129499633,21.028952329369883,21.116866344760282,35200
2023-12-21,21.116863250732422,21.116863250732422,20.941035245713817,21.08169697900065,16900
2023-12-22,21.222360610961914,21.257526885839862,21.01136799215505,21.01136799215505,13800
2023-12-26,21.23994255065918,21.380604288598366,21.06411453982511,21.06411453982511,21600
2023-12-27,21.424562454223633,21.464123673419504,21.089610910153276,21.18719513904841,22300
2023-12-28,21.41840934753418,21.494894150677464,21.363022297074316,21.428958223875888,8800
2023-12-29,21.064117431640625,21.48610438021141,21.055327539030355,21.32698083020297,53200
2024-01-02,20.90587043762207,21.140600100895682,20.835539571695826,21.081696764027622,15200
2024-01-03,20.879499435424805,21.00257805340899,20.677298369644955,20.817960126432713,19100
2024-01-04,20.73883628845215,20.99378507673234,20.73883628845215,20.870706466998474,18200
2024-01-05,20.879499435424805,20.930489867227,20.730046109235264,20.774002279423783,12600
2024-01-08,21.011369705200195,21.026315205559793,20.804773692319557,20.888291086733396,23800
2024-01-09,21.064117431640625,21.1344499870861,20.97005116005517,20.984996660405294,11900
2024-01-10,21.099281311035156,21.178403750097154,21.011367303541796,21.064115037309723,15100
2024-01-11,21.081697463989258,21.204777741061818,21.011366595727864,21.011366595727864,8900
2024-01-12,21.13444709777832,21.195986398559608,21.08169768840563,21.1810409002527,6000
2024-01-16,20.835542678833008,21.13708528440753,20.835542678833008,21.046535308076386,19700
2024-01-17,20.844329833984375,20.958618541162725,20.730042803626166,20.835539942804633,14400
2024-01-18,20.782794952392578,20.983238721027885,20.747630349738603,20.8882921139955,10600
2024-01-19,20.963014602661133,20.975322463152118,20.79158320958807,20.79158320958807,19600
2024-01-22,21.13444709777832,21.13444709777832,20.993783682938,21.011366819395562,19800
2024-01-23,21.149391174316406,21.160820380833673,21.028950209452024,21.028950209452024,10200
2024-01-24,21.099281311035156,21.187195318528513,20.984994275067947,21.023675163981654,6700
2024-01-25,21.292688369750977,21.336646206919394,21.055322756321665,21.195984481620528,28400
2024-01-26,21.160823822021484,21.329617601766547,21.160823822021484,21.195990101079463,17200
2024-01-29,21.292688369750977,21.31203048883309,21.221478853404186,21.257523776836276,13300
2024-01-30,21.27686309814453,21.35422821675701,21.143233963104738,21.35422821675701,13200
2024-01-31,21.327857971191406,21.363022569599302,21.20565801536795,21.270713612355745,13800
2024-02-01,21.489620208740234,21.494895485648854,21.29533038520304,21.371815193096523,14400
2024-02-02,21.336647033691406,21.398186331291736,21.310272330368367,21.36302006019435,10100
2024-02-05,21.275110244750977,21.3014832743637,21.126535582439463,21.275110244750977,51700
2024-02-06,21.363021850585938,21.363021850585938,21.239943245070307,21.239943245070307,17000
2024-02-07,21.398189544677734,21.406981113772318,21.266319361899658,21.35423337602516,16000
2024-02-08,21.49489402770996,21.49489402770996,21.287417702794137,21.32785757710309,16100
2024-02-09,21.661928176879883,21.688302882053176,21.363021558863437,21.363021558863437,21800
2024-02-12,21.771818161010742,21.811379376534653,21.64434462371819,21.697092352143386,20000
2024-02-13,21.433351516723633,21.591596387386243,21.424561625526948,21.591596387386243,14000
2024-02-14,21.512474060058594,21.574015036485356,21.41401118068802,21.41401118068802,30700
2024-02-15,21.56522560119629,21.609181769028172,21.468520019781767,21.468520019781767,15900
2024-02-16,21.517749786376953,21.60390480762843,21.46851834566182,21.46851834566182,9000
2024-02-20,21.63555335998535,21.688301089151235,21.552034305584286,21.565222495490815,5400
2024-02-21,21.538850784301758,21.81138271247099,21.51775135434062,21.538850784301758,18500
2024-02-22,21.57401466369629,21.67951012496466,21.477309093516844,21.653135421237504,8500
2024-02-23,21.846548080444336,21.899295814745727,21.582806055296896,21.582806055296896,28800
2024-02-26,21.81138038635254,21.89050282106355,21.653135516930515,21.75863265548524,17600
2024-02-27,21.78500747680664,21.916877643096072,21.714676609664266,21.81138050397244,14600
2024-02-28,21.854501724243164,21.925776017827882,21.68522463973701,21.836682726018687,18000
2024-02-29,22.139598846435547,22.228692138034898,21.722643465256084,21.85450167276818,145200
2024-03-01,22.041597366333008,22.1128716639878,21.979232568299224,22.1128716639878,37900
2024-03-04,22.014867782592773,22.112870574281093,21.997050483542072,22.014867782592773,20500
2024-03-05,22.077232360839844,22.121778153570403,22.00595807288311,22.023775370387494,16000
2024-03-06,22.15741729736328,22.237599388577806,22.112869803007264,22.139598299620875,39700
2024-03-07,22.210872650146484,22.246508946412597,22.05050506866608,22.210872650146484,28100
2024-03-08,22.210872650146484,22.237599447517777,22.18414415346203,22.201963151251665,14700
2024-03-11,22.16632652282715,22.219783519493127,22.13959972380742,22.193055021160138,18000
2024-03-12,22.16632652282715,22.16632652282715,22.09505222658577,22.112871225474432,8200
2024-03-13,22.14850616455078,22.21087095273527,22.13959666633685,22.14850616455078,14900
2024-03-14,21.943592071533203,22.059413854106722,21.90795577641965,22.059413854106722,13900
2024-03-15,21.9346866607666,22.041597257062136,21.860739343660764,22.01486875833161,11600
2024-03-18,21.912410736083984,22.023776925084984,21.838463423453256,21.94359313305921,13900
2024-03-19,22.121780395507812,22.157418392754455,21.94359380790108,21.94359380790108,24300
2024-03-20,22.05941390991211,22.148507196891025,21.96141112430399,22.121778701003418,17700
2024-03-21,22.16632652282715,22.256311957420902,22.059415928121716,22.059415928121716,21600
2024-03-22,22.184144973754883,22.215327371383182,22.08525174147278,22.16632597530636,8500
2024-03-25,22.03268814086914,22.192165297237047,21.98814234152309,22.192165297237047,9400
2024-03-26,22.095048904418945,22.139596394942526,21.943590835264793,22.112867900628377,18200
2024-03-27,22.068323135375977,22.139597424214244,21.979229849499873,22.068323135375977,22600
2024-03-28,21.729772567749023,22.157420070524193,21.649588767185765,22.130691570565315,73100
2024-04-01,21.801939010620117,21.823321470727265,21.50258626843339,21.783229570440533,23700
2024-04-02,21.52485466003418,21.801042304539184,21.52485466003418,21.694131725710864,13500
2024-04-03,21.515945434570312,21.532873991009012,21.38230635968489,21.47139964271285,16000
2024-04-04,21.69413185119629,21.72976814457419,21.649584360332636,21.69413185119629,10700
2024-04-05,21.729772567749023,21.80104686832599,21.59613346658138,21.59613346658138,9300
2024-04-08,21.72085952758789,21.78322601732713,21.649585238627566,21.78322601732713,6100
2024-04-09,21.774314880371094,21.787678277510278,21.64958360959119,21.703040596773846,13100
2024-04-10,21.319942474365234,21.582766735807468,21.13284640215076,21.515946345878064,19600
2024-04-11,21.00811767578125,21.355579639213246,20.981389178858336,21.355579639213246,14200
2024-04-12,20.892297744750977,21.070482627636633,20.883388245709718,21.025936831743515,6200
2024-04-15,20.33991813659668,20.84774762277075,20.268643852560196,20.84774762277075,23400
2024-04-16,20.313194274902344,20.52790931528468,20.143918873786067,20.259738974513695,15300
2024-04-17,20.43792152404785,20.554632041844197,20.35773773970082,20.49137681384153,16400
2024-04-18,20.38446617126465,20.464649962048277,20.313191879380664,20.44683266356215,37500
2024-04-19,20.42010498046875,20.5091982737018,20.348830685744957,20.348830685744957,10300
2024-04-22,20.40228271484375,20.571559774948067,20.40228271484375,20.482466495981956,16800
2024-04-23,20.892297744750977,20.892297744750977,20.473559786377656,20.473559786377656,31200
2024-04-24,20.901206970214844,20.92793546916186,20.73193157482365,20.847751671634114,17400
2024-04-25,20.651742935180664,20.714107718788025,20.509194372845865,20.696288723667948,12600
2024-04-26,20.455739974975586,20.821022623890904,20.455739974975586,20.731929336333828,18600
2024-04-29,20.482467651367188,20.571560935358917,20.455739156375753,20.500286648028144,30700
2024-04-30,20.0904598236084,20.52701678005205,20.06373302579855,20.509197781970027,138200
2024-05-01,20.28646469116211,20.384465778543806,20.143916110140434,20.170642907011295,77900
2024-05-02,20.429012298583984,20.52701508060822,20.27755422605246,20.304282720962625,22400
2024-05-03,20.731931686401367,20.75865848617892,20.535926091694968,20.633928889048168,31500
2024-05-06,20.856660842895508,20.91011614063458,20.704312309716837,20.82102454417388,25300
2024-05-07,20.892297744750977,20.999208334619734,20.767566457486513,20.972481536809138,16700
2024-05-08,20.607202529907227,20.92704731478288,20.55374722548775,20.715005278327833,27400
2024-05-09,20.527015686035156,20.61788985250911,20.446831898252746,20.60719777450447,18100
2024-05-10,20.482467651367188,20.62679880542005,20.411193364036414,20.52701514301958,12400
2024-05-13,20.518108367919922,20.625018963449083,20.464651370842063,20.464651370842063,14400
2024-05-14,20.44683265686035,20.5893812405816,20.44683265686035,20.55374324499471,30000
2024-05-15,20.6873836517334,20.731931149063577,20.58938255623354,20.598292055699577,40700
2024-05-16,20.61610984802246,20.785386943296157,20.55374504958302,20.723022144856717,28200
2024-05-17,20.598291397094727,20.62501819532501,20.509198104596283,20.62501819532501,20400
2024-05-20,20.589384078979492,20.65174888054084,20.51810977729318,20.544836578354676,14600
2024-05-21,20.598291397094727,20.73193048618578,20.5537439011889,20.58938189791356,22000
2024-05-22,20.544832229614258,20.616106516213886,20.50919593597096,20.544832229614258,17100
2024-05-23,20.43792152404785,20.63392538616669,20.313190248778568,20.63392538616669,55500
2024-05-24,20.562652587890625,20.57067164663079,20.42010400525084,20.473559298912473,12800
2024-05-28,20.527015686035156,20.624126331574118,20.500287190336653,20.500287190336653,16000
2024-05-29,20.366649627685547,20.607199309639448,20.3399211299959,20.437923922211375,58500
2024-05-30,20.6873836517334,20.6873836517334,20.420105465005395,20.437924463937467,10700
2024-05-31,21.155498504638672,21.17357281720037,20.739799657687495,20.766909402868727,86700
2024-06-03,21.07416534423828,21.146460869185567,21.038018443595277,21.146460869185567,31000
2024-06-04,21.03801727294922,21.11031279387367,20.794019243456255,21.11031279387367,38900
2024-06-05,21.001867294311523,21.07416281056698,20.938608933045636,21.056088500587848,11100
2024-06-06,21.110313415527344,21.110313415527344,20.938610901902557,20.938610901902557,14000
2024-06-07,21.083200454711914,21.083200454711914,20.90517211697525,21.038016402376833,10800
2024-06-10,20.938608169555664,21.072355645398865,20.86631265593634,21.072355645398865,11700
2024-06-11,20.83016586303711,21.015423240653043,20.83016586303711,20.866314484845663,7900
2024-06-12,21.001867294311523,21.181702024718987,20.938608933045636,20.938608933045636,20200
2024-06-13,21.047054290771484,21.192548530127105,20.965721614806146,21.11934981122277,8800
2024-06-14,21.056089401245117,21.146459231345197,21.04705396953014,21.137422075969077,14900
2024-06-17,21.07416534423828,21.119351124618632,20.94764860649585,21.05609103208614,11400
2024-06-18,21.160015106201172,21.200679718518263,21.03711117619703,21.07416299487998,7400
2024-06-20,21.083200454711914,21.16453312784395,21.04705355757607,21.06512614431344,17800
2024-06-21,21.137422561645508,21.137422561645508,21.028980141962634,21.028980141962634,10700
2024-06-24,21.083200454711914,21.218754335378268,21.06512614431344,21.083200454711914,12200
2024-06-25,21.209716796875,21.227791106946835,21.12838412521282,21.12838412521282,21000
2024-06-26,21.119348526000977,21.191644042052705,21.101274216072778,21.164532577160408,17300
2024-06-27,21.18260955810547,21.227793614962373,21.05609109631583,21.13742377758728,18800
2024-06-28,21.119348526000977,21.12838395730401,20.99283008016466,21.11031137103688,31000
2024-07-01,21.01090431213379,22.140522823538834,20.775943454922214,22.140522823538834,37000
2024-07-02,21.024459838867188,21.10127479634386,20.94764660505163,21.015422683654574,9200
2024-07-03,21.146459579467773,21.15549673499267,20.983794227341985,21.01994284944157,29600
2024-07-05,21.17357063293457,21.218754686016315,21.14645916688884,21.14645916688884,16400
2024-07-08,21.17357063293457,21.251288790003414,21.147362365325357,21.17357063293457,21500
2024-07-09,21.083200454711914,21.191644593441662,21.04705355757607,21.110311920309627,14100
2024-07-10,21.155498504638672,21.155498504638672,21.065128665491493,21.065128665491493,22400
2024-07-11,21.408533096313477,21.408533096313477,21.240445096894593,21.263942047284043,20800
2024-07-12,21.46275520324707,21.589271945505107,21.33623846098903,21.408533988516673,16100
2024-07-15,21.471792221069336,21.55312490447069,21.413954765223696,21.436548517905106,17600
2024-07-16,21.516977310180664,21.62542146779944,21.46275609320198,21.471793249975327,16700
2024-07-17,21.476308822631836,21.516975162221634,21.404918221473434,21.471791106526855,9600
2024-07-18,21.46275520324707,21.571199356369203,21.345275617387653,21.553125043571956,17300
2024-07-19,21.399494171142578,21.46275253440557,21.354308394768207,21.397686050623154,7900
2024-07-22,21.48082733154297,21.57119716267766,21.390457500408278,21.57119716267766,8400
2024-07-23,21.254901885986328,21.47359482561666,21.254901885986328,21.431122094345973,8600
2024-07-24,20.965721130371094,21.416663631573183,20.965721130371094,21.254903205494372,23500
2024-07-25,21.146459579467773,21.282013465018874,21.05970598901888,21.101275525504466,20100
2024-07-26,21.282014846801758,21.282014846801758,21.12025440628862,21.191646733007786,15300
2024-07-29,21.155498504638672,21.29105240152878,21.09224013433404,21.241348903814767,23300
2024-07-30,21.056089401245117,21.191645008225812,20.884388620082223,21.110312333501852,34600
2024-07-31,20.866313934326172,21.146458851306704,20.685574277374215,21.083200488471853,138900
2024-08-01,21.028982162475586,21.07416622107464,20.86631679366083,20.920538008711965,39700
2024-08-02,21.200679779052734,21.209716934147142,20.97566099474802,21.019941848147855,26200
2024-08-05,21.01090431213379,21.04705293185606,20.649426733216387,20.96572026114201,24100
2024-08-06,21.12838363647461,21.22959873633895,20.965720020574032,21.08319958600129,37400
2024-08-07,21.23682975769043,21.31816243508086,21.04705465955355,21.04705465955355,23300
2024-08-08,21.33623695373535,21.354309541594557,21.209718496753606,21.32719979797514,19600
2024-08-09,21.345273971557617,21.43564208125332,21.26394129390252,21.43564208125332,18600
2024-08-12,21.33623695373535,21.381421008875193,21.263941431314876,21.345274109495563,14600
2024-08-13,21.46275520324707,21.49890382884156,21.318164148191787,21.318164148191787,24200
2024-08-14,21.616384506225586,21.66156856683894,21.480830600724097,21.480830600724097,19300
2024-08-15,21.580232620239258,21.580232620239258,21.490767711108617,21.51697425546786,12600
2024-08-16,21.81519317626953,21.83326748698867,21.584751747414504,21.625418084701998,27900
2024-08-19,21.896526336669922,21.92363780335016,21.779046761711246,21.833267971410546,17300
2024-08-20,21.93267250061035,21.950746809704672,21.82422836970542,21.833265524252578,22600
2024-08-21,22.095340728759766,22.095340728759766,21.887489594276715,21.887489594276715,18600
2024-08-22,22.05919075012207,22.08630221564787,21.96882092203051,21.96882092203051,20300
2024-08-23,22.140525817871094,22.140525817871094,21.977860454443785,22.045638263758928,29900
2024-08-26,22.12244987487793,22.23089401705628,22.032080043672835,22.09534013207922,18400
2024-08-27,22.140525817871094,22.140525817871094,22.078170646979874,22.11341434941278,14300
2024-08-28,22.18570899963379,22.22185762281863,22.014008210489475,22.156791135282653,17000
2024-08-29,22.20378303527832,22.31222717982387,22.059191991658388,22.059191991658388,25800
2024-08-30,22.12867546081543,22.366815391320443,22.08288005944171,22.311860560275466,22300
2024-09-03,22.13783836364746,22.229430927747252,22.04716121856364,22.146997794755727,34400
2024-09-04,22.357656478881836,22.385134768531312,22.11951654286758,22.201949664833386,17800
2024-09-05,22.53168296813965,22.559159511800907,22.348497857812077,22.394295008885315,35200
2024-09-06,22.513364791870117,22.577479058338334,22.34849853696171,22.55000251384209,15600
2024-09-09,22.62327766418457,22.62327766418457,22.504206807108954,22.513366238190375,14700
2024-09-10,22.67914581298828,22.68738982428952,22.577478408519777,22.577478408519777,18200
2024-09-11,22.72402572631836,22.778982307520675,22.59579719747832,22.687389752499495,9800
2024-09-12,22.742345809936523,22.81561950849802,22.69655040345413,22.760664671322594,16000
2024-09-13,22.733186721801758,22.824779283129498,22.705710176291397,22.724027290970703,32200
2024-09-16,22.80645751953125,22.80645751953125,22.714864969857917,22.714864969857917,18200
2024-09-17,22.82019805908203,22.898050592545026,22.806458040778324,22.82477690052819,27100
2024-09-18,22.81561851501465,22.870573349797123,22.72402595905539,22.870573349797123,18800
2024-09-19,22.861413955688477,22.958502519374466,22.78814026020163,22.87057338599717,24100
2024-09-20,22.82477569580078,22.85225398397523,22.778980295825892,22.85225398397523,28100
2024-09-23,22.78813934326172,22.84309592290256,22.69654853782558,22.838515334441176,17700
2024-09-24,22.87057113647461,22.875151724669767,22.714864330507364,22.714864330507364,25300
2024-09-25,22.797298431396484,22.87973155263917,22.778981318773468,22.87057212283636,18800
2024-09-26,22.843097686767578,22.85225711741498,22.778983419218548,22.79730053353058,19100
2024-09-27,22.833938598632812,22.861415144004397,22.760664899337264,22.858668887053472,14700
2024-09-30,22.888893127441406,22.888893127441406,22.586638903553762,22.852257151779483,163200
2024-10-01,22.751506805419922,22.87057591865308,22.678233101818847,22.87057591865308,36400
2024-10-02,22.696548461914062,22.733184434569456,22.669070172185545,22.67822960209505,29800
2024-10-03,22.760663986206055,22.815618821727295,22.678230859432837,22.69654972026749,13900
2024-10-04,22.632434844970703,22.68739143023707,22.577480006687146,22.669072568481614,8600
2024-10-07,22.366817474365234,22.586638565999895,22.366817474365234,22.55000259088549,16200
2024-10-08,22.403453826904297,22.45841041097586,22.311863014083908,22.366817851172698,49700
2024-10-09,22.357656478881836,22.476727320380274,22.311861076448665,22.4492490307308,19800
2024-10-10,22.321020126342773,22.40345149992266,22.302701266888313,22.40345149992266,16300
2024-10-11,22.43092918395996,22.44008861344009,22.211108117384576,22.30270066520329,25100
2024-10-14,22.559158325195312,22.559158325195312,22.385134401218686,22.504203493780725,15600
2024-10-15,22.612285614013672,22.746925582043644,22.55916161261464,22.664494196400796,22300
2024-10-16,22.78813934326172,22.78813934326172,22.595796555466674,22.595796555466674,18100
2024-10-17,22.736846923828125,22.778980649078857,22.527100704363267,22.716697227043902,11400
2024-10-18,22.728607177734375,22.82477857801527,22.650752891566928,22.73318601951705,10100
2024-10-21,22.366817474365234,22.763412255851424,22.349414032274268,22.714867099374427,16300
2024-10-22,22.50420379638672,22.531682085954802,22.348496982799492,22.495044366530692,10300
2024-10-23,22.25690460205078,22.440089706612095,22.220268629328096,22.41261141683311,18300
2024-10-24,22.156152725219727,22.302700099217653,22.156152725219727,22.220266982971005,11100
2024-10-25,22.20195198059082,22.31277882265934,22.120434269015902,22.31277882265934,14700
2024-10-28,22.20195198059082,22.293544541993278,22.119518850026893,22.17996969597492,10600
2024-10-29,22.12867546081543,22.13783489048669,21.9537343721543,22.13783489048669,23300
2024-10-30,22.165313720703125,22.29079424159978,22.119516571228612,22.137835431018416,21000
2024-10-31,21.954652786254883,22.16531620346908,21.918016809554253,22.16531620346908,38100
2024-11-01,21.863059997558594,22.064562218680653,21.78062687369442,22.05540278858656,19700
2024-11-04,21.972970962524414,22.082882383162627,21.853901858233883,21.890537833791445,25000
2024-11-05,22.25690460205078,22.25690460205078,21.99128812211777,22.075552082267784,18800
2024-11-06,22.018766403198242,22.119516638382795,21.97296925358469,22.119516638382795,16700
2024-11-07,22.21111297607422,22.26606781799382,22.055406134816234,22.055406134816234,32200
2024-11-08,22.53168296813965,22.595797232659493,22.42177155254657,22.430930982761218,13400
2024-11-11,22.33017921447754,22.522523756889736,22.256905519030678,22.395210645538963,51500
2024-11-12,22.22027015686035,22.348498690678763,22.22027015686035,22.22027015686035,30300
2024-11-13,22.11035919189453,22.238589475332887,21.972971224694597,22.238589475332887,34100
2024-11-14,22.12867546081543,22.248661718431578,21.937248097539065,22.14699432015795,14000
2024-11-15,22.12867546081543,22.183630291860407,22.073720629770452,22.183630291860407,24000
2024-11-18,22.119518280029297,22.19279197786651,21.982130314957367,22.064563443397077,16100
2024-11-19,21.98213005065918,22.15615573604873,21.927175214687697,22.15615573604873,45800
2024-11-20,21.84473991394043,21.963809004529768,21.826421054778205,21.963809004529768,25000
2024-11-21,21.89053726196289,22.092041236705434,21.84474185696652,21.84474185696652,15200
2024-11-22,22.00044822692871,22.101198465243677,21.899696241631062,21.899696241631062,19700
2024-11-25,22.064563751220703,22.256906555608236,22.003197487008887,22.10119972715904,22400
2024-11-26,21.734830856323242,22.092041660684647,21.698194881019592,22.092041660684647,33700
2024-11-27,21.624919891357422,21.935416358363817,21.579122741235764,21.753148417732767,36200
2024-11-29,21.530179977416992,21.753097932493947,21.511603038261974,21.753097932493947,244800
2024-12-02,21.372282028198242,21.66671928457752,21.31655297583377,21.623065421230315,118000
2024-12-03,21.34441375732422,21.493025724787316,21.288684712424157,21.418719741055767,75700
2024-12-04,21.43729591369629,21.446584382780053,21.279395482460973,21.344412994452988,40800
2024-12-05,21.455873489379883,21.520891003303753,21.372279036736508,21.400144444815762,33600
2024-12-06,21.428007125854492,21.539466981607273,21.381566552720844,21.539466981607273,26100
2024-12-09,21.297975540161133,21.456804310090313,21.27011012882837,21.409433642302997,40000
2024-12-10,21.400144577026367,21.465162091351917,21.195801793038182,21.297973185032273,42400
2024-12-11,21.39085578918457,21.539467754457704,21.39085578918457,21.42800789470567,43000
2024-12-12,21.17722511291504,21.39085636893018,21.130784536856417,21.39085636893018,47500
2024-12-13,21.037900924682617,21.20416151212913,20.917154367924965,21.15864925303463,40500
2024-12-16,21.010038375854492,21.10291952973876,20.945019087903276,21.10291952973876,24600
2024-12-17,21.158649444580078,21.158649444580078,21.010037478797138,21.010037478797138,55400
2024-12-18,20.842849731445312,21.27010871389117,20.801052503023914,21.112208270031946,56200
2024-12-19,20.573490142822266,20.83170358963007,20.44345510388151,20.657084602596903,78900
2024-12-20,20.684947967529297,20.88000050665178,20.545624472214044,20.6663710290621,44300
2024-12-23,20.601354598999023,20.72210116219452,20.527048612818458,20.684949054901463,55900
2024-12-24,20.545623779296875,20.578132534720904,20.38772335083974,20.536335310376536,17800
2024-12-26,20.387725830078125,20.536337807686802,20.24840055092479,20.536337807686802,58800
2024-12-27,20.20195770263672,20.39701023698656,20.146228660193096,20.35056966354926,42900
2024-12-30,20.434167861938477,20.46203327406974,20.109078473452346,20.164807526120224,67200
2024-12-31,20.40629768371582,20.647792550999313,20.266974198789175,20.322703238440987,185400
2025-01-02,20.759252548217773,20.84841865797031,20.545623085051542,20.545623085051542,18900
2025-01-03,20.91715431213379,21.03790086856938,20.805694453305712,20.824271391709452,28900
2025-01-06,20.86142349243164,21.042545984437567,20.796405979626908,20.945017943636113,32600
2025-01-07,20.573490142822266,20.91715645207295,20.4806072128955,20.91715645207295,23200
2025-01-08,20.387725830078125,20.572561600765084,20.16480609207059,20.51776086758709,48800
2025-01-10,20.30413055419922,20.489894632937784,20.090499294837922,20.248399736142648,100500
2025-01-13,20.220537185668945,20.313420115828396,20.15551966603569,20.2484008246006,32800
2025-01-14,20.387725830078125,20.452743348832605,20.211248442319874,20.257689020974645,48000
2025-01-15,20.893932342529297,20.917152627867075,20.684946231300863,20.740675270430373,23700
2025-01-16,20.99053382873535,21.09363177129573,20.77876096409436,20.814984757058223,33000
2025-01-17,20.945018768310547,21.047190161937582,20.805695268015583,21.047190161937582,33800
2025-01-21,21.23295783996582,21.24224631033191,20.972885984499055,21.04719197583319,25700
2025-01-22,21.16329574584961,21.232958389601276,21.075057932479506,21.195804507175154,16800
2025-01-23,21.047189712524414,21.130784165235312,20.95430679044626,21.028612773789906,20100
2025-01-24,21.13078498840332,21.195802504912525,21.028613592977738,21.069482505466862,20500
2025-01-27,21.418720245361328,21.42800871499577,20.963595862840354,21.10291936416809,40600
2025-01-28,21.260818481445312,21.428007381270174,21.18651250058919,21.344412931357745,25800
2025-01-29,21.019325256347656,21.362991552122494,20.991461618578388,21.362991552122494,22900
2025-01-30,21.10291862487793,21.23109702111058,21.08434345785422,21.130784032805053,17500
2025-01-31,20.675661087036133,21.2515320510149,20.675661087036133,21.170724311227037,73100
2025-02-03,20.53633689880371,20.898578356743716,20.508471489887388,20.610642884319468,28400
2025-02-04,20.638505935668945,20.684948282544216,20.527047846357068,20.527047846357068,26300
2025-02-05,20.833560943603516,20.89857845980112,20.731389548667597,20.749966488036755,27700
2025-02-06,20.796409606933594,20.90786948517849,20.684951500283358,20.870715601898635,18700
2025-02-07,20.712810516357422,20.759252860087514,20.61992937208577,20.759252860087514,11300
2025-02-10,20.703523635864258,20.84284712263221,20.675658229872965,20.76854114491635,12700
2025-02-11,20.657081604003906,20.79640509287252,20.638504666396283,20.67565854161153,20700
2025-02-12,20.424875259399414,20.51775817611932,20.25768636362244,20.51775817611932,48000
2025-02-13,20.666372299194336,20.68494923880325,20.462959593781786,20.517760325511954,33100
2025-02-14,20.740678787231445,20.81498477586823,20.71745849795642,20.74996725726036,27500
2025-02-18,20.694236755371094,20.787117905948353,20.64779440848808,20.675659816617888,13500
2025-02-19,20.638505935668945,20.77225776875646,20.601353829763116,20.601353829763116,22600
2025-02-20,20.619932174682617,20.718386767902373,20.554912884623267,20.598568516503665,16400
2025-02-21,20.666372299194336,20.711884561120048,20.564200902939774,20.666372299194336,9000
2025-02-24,20.73139190673828,20.80569790107232,20.64129568930386,20.666374383145328,19800
2025-02-25,20.842849731445312,20.889290308982652,20.796407382313497,20.88000183915629,40900
2025-02-26,20.833560943603516,20.88928999011654,20.759254957721335,20.88000152043196,16800
2025-02-27,20.74996566772461,20.861423756344365,20.723030346820284,20.79640624271711,37300
2025-02-28,20.795211791992188,20.861198125377726,20.691519752954658,20.785784916081006,38300
2025-03-03,20.814067840576172,20.946040521909982,20.766935253812076,20.880054181243075,35900
2025-03-04,20.72922706604004,20.898907249613572,20.70094643611349,20.861199743044843,31600
2025-03-05,20.73865509033203,20.83292206397759,20.70094758167662,20.73865509033203,33400
2025-03-06,20.644386291503906,20.78578584047454,20.644386291503906,20.71979950415443,35900
2025-03-07,20.625534057617188,20.766935414992812,20.568974593462706,20.729227906894526,22800
2025-03-10,20.550119400024414,20.634959489310166,20.52184056892438,20.616107534574418,37000
2025-03-11,20.540695190429688,20.597254653014787,20.50298768337769,20.53126831366669,36900
2025-03-12,20.568973541259766,20.634959879063295,20.474706573829213,20.59725417088679,25400
2025-03-13,20.587825775146484,20.597252650993205,20.493558814671992,20.57368636037276,24700
2025-03-14,20.672666549682617,20.757506637141752,20.613278848059778,20.625532168875996,21800
2025-03-17,20.86119842529297,20.898905929479806,20.71979888057785,20.75750638476469,20900
2025-03-18,20.795211791992188,20.842346171548098,20.682092877043477,20.842346171548098,20800
2025-03-19,20.86119842529297,20.908332805526513,20.738652632671272,20.76127677558482,29700
2025-03-20,20.86119842529297,20.927186557619933,20.80935330402521,20.84234647119231,11400
2025-03-21,20.7763614654541,20.823494050708895,20.738653958855963,20.78578654411076,28800
2025-03-24,20.719799041748047,20.870625463683083,20.700945289507974,20.870625463683083,33000
2025-03-25,20.75750732421875,20.785786155645976,20.710372941851972,20.77636107716546,15600
2025-03-26,20.587825775146484,20.71979844101514,20.512412566365434,20.71979844101514,28500
2025-03-27,20.484132766723633,20.616107235918967,20.380440724204266,20.512413395406803,37100
2025-03-28,20.389867782592773,20.568974852327838,20.380442703442533,20.48413475603191,35600
2025-03-31,20.29560089111328,20.399292934935293,20.220187678336902,20.314452845812763,185000
2025-04-01,20.30502700805664,20.44548260578066,20.267319504082295,20.36158646602541,38500
2025-04-02,20.371015548706055,20.38232672232799,20.248467945507226,20.257894822521976,28500
2025-04-03,20.314451217651367,20.314451217651367,20.031652141903912,20.163624804187034,53700
2025-04-04,20.512413024902344,20.540693653074698,20.08821259228086,20.163625802747706,105100
2025-04-07,20.35215950012207,20.814065633810763,20.182479328972605,20.35215950012207,34900
2025-04-08,20.380441665649414,20.606681311587206,20.17305397504511,20.5501200516081,55500
2025-04-09,20.597253799438477,20.684922131507676,20.03165380304797,20.267320318377944,48300
2025-04-10,20.286174774169922,20.809354744012893,20.267321020771842,20.55954700647054,42700
2025-04-11,20.031654357910156,20.286174633034832,19.899681681027527,20.286174633034832,27600
2025-04-14,20.06936264038086,20.27674854035637,20.03165513238916,20.14477585837131,35600
2025-04-15,20.116493225097656,20.28994378901072,20.0976394729784,20.16362580740303,25900
2025-04-16,20.050508499145508,20.154200548134167,19.890255189261683,19.890255189261683,11100
2025-04-17,20.088214874267578,20.163628093301234,20.041082286618906,20.163628093301234,23800
2025-04-21,20.006202697753906,20.06936259369378,19.984522498902763,20.06936259369378,16200
2025-04-22,20.144773483276367,20.163625437056606,20.050506522404262,20.050506522404262,14500
2025-04-23,20.408720016479492,20.48413323001411,20.323879926503942,20.323879926503942,21300
2025-04-24,20.465280532836914,20.54069554825466,20.375727899017733,20.460567993369768,29200
2025-04-25,20.446428298950195,20.48413400815343,20.323880698555655,20.399293914955024,20700
2025-04-28,20.493560791015625,20.493560791015625,20.36158811241988,20.4464282052294,24500
2025-04-29,20.474706649780273,20.531267909244132,20.418147188309277,20.493560402934893,10700
2025-04-30,20.33330726623535,20.44642798811113,20.2767478042939,20.44642798811113,20100
2025-05-01,20.33330726623535,20.427574234799685,20.239040297671018,20.361587896202515,25700
2025-05-02,20.323881149291992,20.44548480610848,20.257894808228233,20.323881149291992,8300
2025-05-05,20.19190788269043,20.311627239435676,20.1824810059552,20.26732109857938,18700
2025-05-06,20.239038467407227,20.239038467407227,20.097638926344256,20.173052134777354,16100
2025-05-07,20.25789451599121,20.342734609847284,20.19567856702962,20.23904076224699,7000
2025-05-08,20.24846649169922,20.371014086099326,20.24846649169922,20.267320244375053,17600
2025-05-09,20.276748657226562,20.279576900141535,20.220189192905963,20.279576900141535,15100
2025-05-12,20.286174774169922,20.512414420968227,20.267321020771842,20.333307359672236,29200
2025-05-13,20.303142547607422,20.33330747441885,20.248467381641596,20.30502864215503,7500
2025-05-14,20.220190048217773,20.27203517720881,20.191909415864732,20.22961512767576,15900
2025-05-15,20.27109146118164,20.34273428587438,20.20510512212067,20.23904043992549,14500
2025-05-16,20.30502700805664,20.352159590031825,20.23903887610153,20.352159590031825,25100
2025-05-19,20.353103637695312,20.353103637695312,20.201335055418024,20.25789451866523,16100
2025-05-20,20.404006958007812,20.47470583252638,20.27674682628305,20.27674682628305,41100
2025-05-21,19.993947982788086,20.323881491657716,19.993947982788086,20.323881491657716,35000
2025-05-22,20.041080474853516,20.076901885505627,19.946813510085178,19.965667262637407,21500
2025-05-23,20.031654357910156,20.031654357910156,19.94681426620193,20.012800604643246,15200
2025-05-27,20.21076011657715,20.21076011657715,19.97509360989409,20.097639402252465,45000
2025-05-28,20.06936264038086,20.220189076361766,20.066534397482187,20.116495227377538,41900
2025-05-29,20.24846649169922,20.24846649169922,20.097640066278178,20.097640066278178,41500
2025-05-30,20.294418334960938,20.36142791227028,20.179543469663464,20.246553046972807,98700
2025-06-02,20.294418334960938,20.324094265751366,20.152739638739728,20.256126104570434,43300
2025-06-03,20.380573272705078,20.41886367580352,20.294417583391116,20.294417583391116,29400
2025-06-04,20.50501823425293,20.524164347683218,20.351852978558373,20.409289492975365,18300
2025-06-05,20.605533599853516,20.65244030194269,20.549053840580477,20.549053840580477,29800
2025-06-06,20.495445251464844,20.619893163336727,20.495445251464844,20.5959596085256,26600
2025-06-09,20.581600189208984,20.610319358415477,20.485871451061158,20.495444507463322,32800
2025-06-10,20.5720272064209,20.591173319293738,20.500232021958478,20.533736806549037,35300
2025-06-11,20.514591217041016,20.638080544235777,20.514591217041016,20.58160078793167,32100
2025-06-12,20.48587417602539,20.5720298692312,20.44758377119728,20.54331069620458,19400
2025-06-13,20.447582244873047,20.49544570380389,20.342280444176478,20.48587264684294,22500
2025-06-16,20.37099838256836,20.457154064130407,20.342279213423073,20.409288782221598,15100
2025-06-17,20.342281341552734,20.428437032128056,20.332708284169478,20.4188639747448,17400
2025-06-18,20.39014434814453,20.466726979629737,20.29441742819349,20.29441742819349,21300
2025-06-20,20.409290313720703,20.495446001747816,20.390144199520467,20.399717256620587,14600
2025-06-23,20.466726303100586,20.529907017634287,20.438008958414112,20.438008958414112,10400
2025-06-24,20.5720272064209,20.63903677560202,20.480127325330322,20.54330803711164,26000
2025-06-25,20.588302612304688,20.61989388326899,20.56245554076552,20.610320826185077,14300
2025-06-26,20.667757034301758,20.696476205124796,20.562455233824537,20.591174404647575,57300
2025-06-27,20.514591217041016,20.715619929712986,20.43800858946971,20.61031995797361,49600
2025-06-30,20.399717330932617,20.61989399328949,20.342280813996627,20.52416524781354,109000
2025-07-01,20.60074806213379,20.63903846514015,20.438009741140323,20.438009741140323,31500
2025-07-02,20.90707778930664,20.916650846160245,20.544267516162424,20.544267516162424,25400
2025-07-03,20.811349868774414,20.93579778691353,20.799863295620668,20.8687863862911,29300
2025-07-07,20.849641799926758,20.90707831662313,20.792203457356436,20.868786088242917,29500
2025-07-08,21.0028076171875,21.0028076171875,20.803692406441606,20.803692406441606,22100
2025-07-09,21.039182662963867,21.06790000662065,20.934837625114298,20.958769353452897,10600
2025-07-10,21.261272430419922,21.28041854472768,21.060243707810322,21.10810716770576,21600
2025-07-11,21.165544509887695,21.280417538554953,21.03152354194407,21.242127137623825,16300
2025-07-14,21.079389572143555,21.17511831667317,20.977916628214935,21.060243458062843,23900
2025-07-15,20.964513778686523,21.19426165978836,20.911862880249338,21.19426165978836,33600
2025-07-16,20.868785858154297,21.079389460175577,20.859214627038718,21.06981640318607,22000
2025-07-17,21.041095733642578,21.13682447084578,20.90707659708237,20.945366996439372,15900
2025-07-18,21.050670623779297,21.11768019789694,20.96451493537834,21.11768019789694,16500
2025-07-21,21.012380599975586,21.17511892257029,20.94536919877566,21.06981711798725,13800
2025-07-22,21.031522750854492,21.222980225930176,21.0028054077048,21.10140441885857,10800
2025-07-23,20.97408676147461,21.069815501398555,20.93675311892516,21.069815501398555,12000
2025-07-24,21.06981658935547,21.108106991777895,20.878359099621516,20.916651327917883,18000
2025-07-25,21.15597152709961,21.213408041633905,21.06024278562653,21.06024278562653,20800
2025-07-28,21.165544509887695,21.203834910818824,21.060242712047817,21.203834910818824,30900
2025-07-29,21.280418395996094,21.30913756725701,21.07938967479151,21.07938967479151,11800
2025-07-30,21.261272430419922,21.28041854472768,21.1368263391674,21.19713495595028,11400
2025-07-31,21.548458099365234,21.548458099365234,21.24212758201224,21.303392955133276,71700
2025-08-01,21.605894088745117,21.634613258750296,21.50059229126666,21.548457574608623,8300
2025-08-04,21.931371688842773,21.9983812626324,21.615468108210287,21.66333156781032,30800
2025-08-05,22.0031681060791,22.016570020472766,21.845215407118978,21.921798035921913,16400
2025-08-06,21.921798706054688,22.14197354235947,21.835643017783433,22.007954394325942,34300
2025-08-07,21.711198806762695,21.907441930178244,21.672906574938143,21.907441930178244,16800
2025-08-08,21.739913940429688,21.739913940429688,21.66333131045505,21.711196595360402,9800
2025-08-11,21.739913940429688,21.754274438838255,21.66333131045505,21.66333131045505,11400
2025-08-12,21.87393569946289,21.87393569946289,21.778206952081142,21.797353066732292,11500
2025-08-13,22.036672592163086,22.05581870557173,21.92179773758508,21.931370794289403,12800
2025-08-14,22.007953643798828,22.036672814201165,21.94094407206726,22.025184415690674,8000
2025-08-15,22.017528533935547,22.046247706729247,21.893082436910923,21.940945899026385,12400
2025-08-18,22.027101516723633,22.027101516723633,21.988809286462082,21.99838234402747,5800
2025-08-19,22.228130340576172,22.23770339818144,21.99838243567185,22.027101608487655,29500
2025-08-20,22.34300422668457,22.34300422668457,22.161119791904436,22.170692849090123,14400
2025-08-21,22.32386016845703,22.39086974905481,22.21855835558959,22.2855697620615,29300
2025-08-22,22.42820167541504,22.48659494675281,22.304710523992046,22.400439263648966,17300
2025-08-25,22.467449188232422,22.51531447175322,22.41001267388133,22.478937586626962,11900
2025-08-26,22.47702407836914,22.5344624232793,22.448306731788083,22.496170193339196,16400
2025-08-27,22.496170043945312,22.524889216209672,22.448306582712053,22.467450871680953,22000
2025-08-28,22.51531410217285,22.534460215266897,22.45787576289072,22.49616798907881,14400
2025-08-29,22.13475227355957,22.523082755166943,22.115337230836776,22.523082755166943,106900
2025-09-02,22.144460678100586,22.255134754043617,22.086211846650503,22.086211846650503,24000
2025-09-03,22.29979133605957,22.309499782905196,22.14931503919461,22.251250953528338,11500
2025-09-04,22.358041763305664,22.39687369855042,22.244454973367958,22.34833331657026,24500
2025-09-05,22.591039657592773,22.629871594088424,22.464831697663797,22.464831697663797,64100
2025-09-08,22.74637222290039,22.74637222290039,22.561915423330067,22.61045766095227,23700
2025-09-09,22.71724510192871,22.746370442221984,22.600747444149388,22.746370442221984,11100
2025-09-10,22.80462074279785,22.833746084970716,22.66870618271849,22.66870618271849,7800
2025-09-11,22.95024299621582,22.98907678450372,22.784232810188026,22.847336790307388,14600
2025-09-12,23.095867156982422,23.095867156982422,22.886168039579964,22.97936764731439,21600
2025-09-15,23.25217056274414,23.29974065919994,23.07159677270223,23.07159677270223,28600
2025-09-16,23.192947387695312,23.319155341239558,23.105573220379096,23.299738448125545,39200
2025-09-17,23.29003143310547,23.338573668874186,23.1346999820395,23.17838706838286,19300
2025-09-18,23.202655792236328,23.290029959394328,23.17353230431489,23.290029959394328,11200
2025-09-19,23.16382598876953,23.2094536548359,23.076451813573403,23.19294947937023,17800
2025-09-22,23.07645034790039,23.239547810335818,23.07645034790039,23.115282283467298,9100
2025-09-23,22.959951400756836,23.192948574961793,22.921119464237815,23.076450913707784,25700
2025-09-24,22.814329147338867,22.95995215453567,22.736663420054104,22.95995215453567,18900
2025-09-25,22.542497634887695,22.872577430849013,22.533761328649852,22.872577430849013,26800
2025-09-26,22.338626861572266,22.668706673218907,22.32891841397124,22.554149583902685,26700
2025-09-29,22.24154281616211,22.358042328233754,22.173585538994033,22.338625434272327,21100
2025-09-30,22.057085037231445,22.328915985403746,21.95029582862902,22.328915985403746,70500
2025-10-01,22.455123901367188,22.455123901367188,22.13475254628169,22.13475254628169,19800
2025-10-02,22.396875381469727,22.552206837514223,22.338626548377295,22.532789942584408,23300
2025-10-03,22.34833335876465,22.49395635667695,22.328916465257173,22.425999081097668,16900
2025-10-06,22.26095962524414,22.35512952373139,22.23183428441305,22.24154273135675,13000
2025-10-07,22.26095962524414,22.285229816754924,22.23183428441305,22.280376519131536,13400
2025-10-08,22.280378341674805,22.3677525196184,22.25125299846125,22.29105707867732,14300
2025-10-09,22.105627059936523,22.251250053335824,22.086210167030796,22.251250053335824,21800
2025-10-10,21.853214263916016,22.19008978324533,21.853214263916016,22.1347518204515,18500
2025-10-13,22.027963638305664,22.161935769260825,21.92117256787891,21.96971295351088,13500
2025-10-14,22.03767204284668,22.125046218171654,21.960006314968595,21.960006314968595,18400
2025-10-15,22.11533546447754,22.193001184256435,22.02796129826418,22.02796129826418,22300
2025-10-16,22.125045776367188,22.222126545503475,22.115337329114162,22.17358616093533,26300
2025-10-17,22.18329429626465,22.26096002149979,22.144460507798602,22.174556138350702,14700
2025-10-20,22.3192081451416,22.377456974297647,22.212417081941442,22.260959315985556,27500
2025-10-21,22.396875381469727,22.416292276399542,22.309501205982567,22.319209653447476,15900
2025-10-22,22.26095962524414,22.3289169021531,22.183293901391487,22.3289169021531,23400
2025-10-23,22.270668029785156,22.319208412714303,22.183293859155164,22.202710753005586,12900
2025-10-24,22.36775016784668,22.3774567628669,22.28037599908971,22.29008259410993,16200
2025-10-27,22.377456665039062,22.445415791761622,22.29979094333872,22.367750070061277,14600
2025-10-28,22.338626861572266,22.445417933486485,22.32891841397124,22.32891841397124,15200
2025-10-29,22.26095962524414,22.435707966836848,22.26095962524414,22.435707966836848,7600
2025-10-30,22.07650375366211,22.280377444553864,22.07650375366211,22.280377444553864,25000
2025-10-31,21.979421615600586,22.16387841585788,21.911464334373434,22.037672300964175,46500
2025-11-03,21.96971321105957,22.086212730317836,21.901755929699352,22.06679583515862,19200
2025-11-04,21.940587997436523,21.972624205406696,21.77554810493473,21.892045763349586,25500
2025-11-05,22.008544921875,22.086210643476495,21.921170753611214,21.921170753611214,25400
2025-11-06,21.979421615600586,22.066795791948934,21.923115212124966,21.989130063161184,21400
2025-11-07,21.90175437927246,22.06679427304854,21.882339337184675,21.989128549606676,16900
2025-11-10,22.057085037231445,22.066793483776546,21.96971087002238,21.96971087002238,10900
2025-11-11,22.18329429626465,22.18329429626465,22.0211671179825,22.06679478256346,26000
2025-11-12,21.96971321105957,22.2027122495761,21.960006615177,22.173586906837272,23800
2025-11-13,21.65904998779297,21.955151153827458,21.649341540351198,21.955151153827458,22400
2025-11-14,21.65904998779297,21.79496640028076,21.629926497164668,21.629926497164668,20300
2025-11-17,21.31926155090332,21.668758249015504,21.26101271845029,21.5910925218458,26600
2025-11-18,21.35712432861328,21.572647038265213,21.270720446234954,21.455177236409337,18000
2025-11-19,21.31926155090332,21.35809534033667,21.24159582373361,21.270721165808627,16200
2025-11-20,21.193056106567383,21.455178638412676,21.134807272278557,21.358096013466596,26600
2025-11-21,21.31926155090332,21.396929129770026,21.125098158827548,21.19305543863892,15600
2025-11-24,21.371686935424805,21.435761207049353,21.30955509396337,21.435761207049353,17800
2025-11-25,21.416343688964844,21.52313475579701,21.367803304966746,21.377511752105757,22100
2025-11-26,21.455177307128906,21.57167496847793,21.42605196594318,21.474594201252724,29700
2025-11-28,21.36451530456543,21.571458505257624,21.26597011774353,21.463060491387328,53100
2025-12-01,21.28567886352539,21.384224047256993,21.28567886352539,21.31524110292974,53300
2025-12-02,21.334951400756836,21.381268334481753,21.226553385788506,21.334951400756836,42700
2025-12-03,21.38718032836914,21.442367063777105,21.30538983106736,21.39407843534599,34200
2025-12-04,21.256114959716797,21.43940911608876,21.256114959716797,21.364514850878265,28200
2025-12-05,21.256114959716797,21.374369557310494,21.22655272001317,21.256114959716797,30300
2025-12-08,21.246261596679688,21.318199266549808,21.18713523394083,21.236406889624348,29500
2025-12-09,21.354660034179688,21.423641099256045,21.26596955634064,21.334950621416997,54200
2025-12-10,21.403932571411133,21.53204188007207,21.344806210271617,21.354660917060393,20100
2025-12-11,21.54189682006836,21.64044012983665,21.344806441345476,21.43349692381146,41600
2025-12-12,21.354660034179688,21.630586174078175,21.33692231453049,21.433495805637392,31500
2025-12-15,21.423641204833984,21.5024769766802,21.354660139417682,21.354660139417682,44100
2025-12-16,21.512332916259766,21.551751744239006,21.434482046715985,21.463061260878884,43900
2025-12-17,21.45320701599121,21.60102386491103,21.416744787284326,21.5123333796405,30000
2025-12-18,21.51725959777832,21.670004738709284,21.46306152802204,21.571459547127798,33900
2025-12-19,21.46306037902832,21.541896152154514,21.4433509658485,21.4433509658485,33400
2025-12-22,21.384225845336914,21.571459642618052,21.384225845336914,21.49262386492252,33000
2025-12-23,21.325096130371094,21.502477087840337,21.285679184040745,21.344805543332804,27200
2025-12-24,21.334951400756836,21.38915134803756,21.285679746643332,21.285679746643332,14800
2025-12-26,21.374370574951172,21.384225281852586,21.315242333542677,21.315242333542677,20000
2025-12-29,21.315242767333984,21.384225717047784,21.285680525621263,21.305389939825204,41500
2025-12-30,21.305389404296875,21.354661058975058,21.25611587002555,21.315242231557995,56300
2025-12-31,21.295534133911133,21.354660493878953,21.236405894350217,21.285679427317646,77600
